row_id,date,entry_row_index,exit_row_index,entry_timestamp,exit_timestamp,executable_forward_log_return,executable_direction_binary,return_lag_1,momentum_20,probability_up,baseline_probability_up,outer_fold,selected_calibration,selected_margin
846,2014-04-17,847,852,2014-04-21,2014-04-28,0.007488999746499303,1.0,-0.006006301553289184,-0.02503276805938981,0.5171723115347981,0.5275,outer_01,sigmoid,0.0
847,2014-04-21,848,853,2014-04-22,2014-04-29,0.004670918159676241,1.0,-0.0038227351991526604,-0.033357391655945534,0.513716618905278,0.5275,outer_01,sigmoid,0.0
848,2014-04-22,849,854,2014-04-23,2014-04-30,0.008925203573473262,1.0,-0.004538115459599368,-0.018993527693072387,0.51893641806628,0.5275,outer_01,sigmoid,0.0
849,2014-04-23,850,855,2014-04-24,2014-05-01,0.0057782978152802755,1.0,-0.00034274853499027813,-0.02107710676878405,0.5177199047758991,0.5275,outer_01,sigmoid,0.0
850,2014-04-24,851,856,2014-04-25,2014-05-02,-0.007190118428200165,0.0,0.007343328166441232,-0.00869386552022089,0.5236786186595246,0.5275,outer_01,sigmoid,0.0
851,2014-04-25,852,857,2014-04-28,2014-05-05,-0.0022953837571400015,0.0,0.007374249858534299,0.00880607769563202,0.5191158379865214,0.5275,outer_01,sigmoid,0.0
852,2014-04-28,853,858,2014-04-29,2014-05-06,0.010254846892506997,1.0,-0.004663268731349923,0.0012812004901521235,0.5189614045749253,0.5275,outer_01,sigmoid,0.0
853,2014-04-29,854,859,2014-04-30,2014-05-07,0.009725819923140477,1.0,-0.0005632172971719029,0.009257387071226475,0.5152187872154188,0.5275,outer_01,sigmoid,0.0
854,2014-04-30,855,860,2014-05-01,2014-05-08,-0.0009297281215152609,0.0,-0.0036183181843236767,0.00926764730667795,0.516842836142556,0.5275,outer_01,sigmoid,0.0
855,2014-05-01,856,861,2014-05-02,2014-05-09,0.0044659748095687846,1.0,-0.0055222369028467,-0.004507067394736275,0.5148804105007929,0.5275,outer_01,sigmoid,0.0
856,2014-05-02,857,862,2014-05-05,2014-05-12,-0.00963027324775112,0.0,0.012445884757492642,0.010485145584469002,0.521929851465772,0.5275,outer_01,sigmoid,0.0
857,2014-05-05,858,863,2014-05-06,2014-05-13,-0.010764184764298967,0.0,0.007670212424593537,0.004713164243630885,0.5191502785906725,0.5275,outer_01,sigmoid,0.0
858,2014-05-06,859,864,2014-05-07,2014-05-14,-0.01060626483636451,0.0,-0.001520169268315108,0.008375509093013989,0.5212812105325492,0.5275,outer_01,sigmoid,0.0
859,2014-05-07,860,865,2014-05-08,2014-05-15,0.011490968831592951,1.0,-0.013933806133398008,-0.014193697286331464,0.5221200826138905,0.5275,outer_01,sigmoid,0.0
860,2014-05-08,861,866,2014-05-09,2014-05-16,0.004176049499820422,1.0,-0.0007134493249560947,-0.01724313252781151,0.5209387329982117,0.5275,outer_01,sigmoid,0.0
861,2014-05-09,862,867,2014-05-12,2014-05-19,0.0017832226775293947,1.0,-0.0003336346421294323,-0.023218595422863864,0.5185397572856237,0.5275,outer_01,sigmoid,0.0
862,2014-05-12,863,868,2014-05-13,2014-05-20,-0.002210133507607459,0.0,0.0055563867115981935,-0.017108559733319595,0.520777668503185,0.5275,outer_01,sigmoid,0.0
863,2014-05-13,864,869,2014-05-14,2014-05-21,-0.0001468162134097284,0.0,-0.0019157093981387874,-0.025753413462490826,0.5233309640601749,0.5275,outer_01,sigmoid,0.0
864,2014-05-14,865,870,2014-05-15,2014-05-22,-0.009872250208696087,0.0,0.009679902608644042,0.0027374903512509263,0.522302703826236,0.5275,outer_01,sigmoid,0.0
865,2014-05-15,866,871,2014-05-16,2014-05-23,-0.0017610941870582764,0.0,-0.007663874118540193,-0.005087620220897371,0.5254710173307233,0.5275,outer_01,sigmoid,0.0
866,2014-05-16,867,872,2014-05-19,2014-05-26,0.0007356215365508234,1.0,-0.0020469571222871963,-0.0011282757898953832,0.5223733909461968,0.5275,outer_01,sigmoid,0.0
867,2014-05-19,868,873,2014-05-20,2014-05-27,-0.0002940220692480011,0.0,-0.0002938697250272071,0.00240058968423007,0.5220227591317936,0.5275,outer_01,sigmoid,0.0
868,2014-05-20,869,874,2014-05-21,2014-05-28,-0.023036964057382647,0.0,0.0008658946314374916,0.007804599775266929,0.5177784735508357,0.5275,outer_01,sigmoid,0.0
869,2014-05-21,870,875,2014-05-22,2014-05-29,-0.02574273853260145,0.0,-0.0016938341540351232,0.006453514156222084,0.5207563904022321,0.5275,outer_01,sigmoid,0.0
870,2014-05-22,871,876,2014-05-23,2014-05-30,-0.02964237679239279,0.0,0.0013537506757224094,0.00046393666550326174,0.5225025120373921,0.5275,outer_01,sigmoid,0.0
871,2014-05-23,872,877,2014-05-26,2014-06-02,-0.03332251363645078,0.0,-0.0011215489378102461,-0.008031862130841283,0.5210801401315626,0.5275,outer_01,sigmoid,0.0
872,2014-05-26,873,878,2014-05-27,2014-06-03,-0.038149960301896435,0.0,-0.0006115805677042729,-0.003980173967195633,0.512476074768839,0.5275,outer_01,sigmoid,0.0
873,2014-05-27,874,879,2014-05-28,2014-06-04,-0.015693003715528064,0.0,-0.02079015145924501,-0.02420710812926874,0.5263876440350036,0.5275,outer_01,sigmoid,0.0
874,2014-05-28,875,880,2014-05-29,2014-06-05,-0.012078850152033915,0.0,-0.005184316011122014,-0.025773105956067077,0.521378404680252,0.5275,outer_01,sigmoid,0.0
875,2014-05-29,876,881,2014-05-30,2014-06-06,-0.0018492397085374535,0.0,-0.0021003898215150585,-0.022351258874735436,0.5272280514803621,0.5275,outer_01,sigmoid,0.0
876,2014-05-30,877,882,2014-06-02,2014-06-09,0.0019188339380731279,1.0,-0.005078220125839472,-0.03987536375806755,0.5253527942188106,0.5275,outer_01,sigmoid,0.0
877,2014-06-02,878,883,2014-06-03,2014-06-10,0.006698528300059792,1.0,-0.0043320324780991015,-0.05187760866076019,0.5239317764318122,0.5275,outer_01,sigmoid,0.0
878,2014-06-03,879,884,2014-06-04,2014-06-11,0.011588337022836903,1.0,0.0007393775099950872,-0.04961806188244999,0.5126546434442449,0.5275,outer_01,sigmoid,0.0
879,2014-06-04,880,885,2014-06-05,2014-06-12,0.013411982654921495,1.0,-0.0009805971174943195,-0.036664852866546305,0.5134415847468754,0.5275,outer_01,sigmoid,0.0
880,2014-06-05,881,886,2014-06-06,2014-06-13,0.01575982561572431,1.0,0.008113163648644672,-0.027838239892945538,0.5183605438523924,0.5275,outer_01,sigmoid,0.0
881,2014-06-06,882,887,2014-06-09,2014-06-16,0.020460829213822862,1.0,-0.0004946742830354012,-0.027999279533851507,0.5162177407487053,0.5275,outer_01,sigmoid,0.0
882,2014-06-09,883,888,2014-06-10,2014-06-17,0.015035493535672906,1.0,-0.00048693459674531425,-0.034042600842195014,0.5113743973713606,0.5275,outer_01,sigmoid,0.0
883,2014-06-10,884,889,2014-06-11,2014-06-18,0.009333859488415364,1.0,0.006026056771862187,-0.02610083467219404,0.5224655900829567,0.5275,outer_01,sigmoid,0.0
884,2014-06-11,885,890,2014-06-12,2014-06-19,0.013594399929328205,1.0,0.000785405773835457,-0.034995331507002625,0.5200734384921791,0.5275,outer_01,sigmoid,0.0
885,2014-06-12,886,891,2014-06-13,2014-06-20,0.037117090637566186,1.0,0.009188498587425542,-0.01814295880103689,0.5272303302382946,0.5275,outer_01,sigmoid,0.0
886,2014-06-13,887,892,2014-06-16,2014-06-23,0.028193919057423855,1.0,0.0031381681607198786,-0.012957833518029815,0.5271861692949951,0.5275,outer_01,sigmoid,0.0
887,2014-06-16,888,893,2014-06-17,2014-06-24,0.03593432294239829,1.0,-0.0035782986350705315,-0.01624226242807314,0.5244352939226327,0.5275,outer_01,sigmoid,0.0
888,2014-06-17,889,894,2014-06-18,2014-06-25,0.036252729270288775,1.0,-0.0012664552356840275,-0.01837461229519466,0.5204979941837868,0.5275,outer_01,sigmoid,0.0
889,2014-06-18,890,895,2014-06-19,2014-06-26,0.030933556939761964,1.0,0.0054946918363061314,-0.011186086304853404,0.5219114908951692,0.5275,outer_01,sigmoid,0.0
890,2014-06-19,891,896,2014-06-20,2014-06-27,-0.0038668049272700955,0.0,0.032507973892150765,0.019968136911574952,0.5212634256916374,0.5275,outer_01,sigmoid,0.0
891,2014-06-20,892,897,2014-06-23,2014-06-30,0.0011709692247778847,1.0,-0.003621088232334202,0.017468597617050996,0.5184211460298289,0.5275,outer_01,sigmoid,0.0
892,2014-06-23,893,898,2014-06-24,2014-07-01,0.00676163735463664,1.0,0.0018767077275141375,0.019956885912269406,0.5143065899549782,0.5275,outer_01,sigmoid,0.0
893,2014-06-24,894,899,2014-06-25,2014-07-02,0.006013156258158681,1.0,0.0003339430354580841,0.0410809804069725,0.5123690432811572,0.5275,outer_01,sigmoid,0.0
894,2014-06-25,895,900,2014-06-26,2014-07-03,0.0065543765906559415,1.0,0.0009632560313086458,0.04722855244940316,0.5107087353146655,0.5275,outer_01,sigmoid,0.0
895,2014-06-26,896,901,2014-06-27,2014-07-04,0.002700756487434397,1.0,-0.0017603500964460395,0.04756859217447218,0.5057414575452046,0.5275,outer_01,sigmoid,0.0
896,2014-06-27,897,902,2014-06-30,2014-07-07,0.0028683972588812168,1.0,-0.0006685304734217468,0.051978281826889905,0.5041798063806536,0.5275,outer_01,sigmoid,0.0
897,2014-06-30,898,903,2014-07-01,2014-07-08,-0.005282879999456647,0.0,0.008543212325174743,0.06485352663016375,0.5051433109907462,0.5275,outer_01,sigmoid,0.0
898,2014-07-01,899,904,2014-07-02,2014-07-09,-0.005163828465176934,0.0,-0.0011006906813735284,0.06301345843879513,0.5064082381312992,0.5275,outer_01,sigmoid,0.0
899,2014-07-02,900,905,2014-07-03,2014-07-10,0.00034655516977721845,1.0,0.0005278795953840287,0.06452193515167348,0.5081879103755169,0.5275,outer_01,sigmoid,0.0
900,2014-07-03,901,906,2014-07-04,2014-07-11,0.01175699955934384,1.0,-0.005139806176802431,0.05126896532622638,0.5105989468012039,0.5275,outer_01,sigmoid,0.0
901,2014-07-04,902,907,2014-07-07,2014-07-14,0.014496223637711303,1.0,-7.578025242871433e-06,0.05175606158401891,0.5056404663191167,0.5275,outer_01,sigmoid,0.0
902,2014-07-07,903,908,2014-07-08,2014-07-15,-0.00944850551360954,0.0,-2.2734420292103152e-05,0.05222026176047212,0.5113838831998779,0.5275,outer_01,sigmoid,0.0
903,2014-07-08,904,909,2014-07-09,2014-07-16,-0.01861447612213496,0.0,-0.00023495261265438216,0.04595925237595555,0.5078734414828946,0.5275,outer_01,sigmoid,0.0
904,2014-07-09,905,910,2014-07-10,2014-07-17,-0.02193237367335854,0.0,0.006414806981029031,0.051588653583149124,0.5130055989644642,0.5275,outer_01,sigmoid,0.0
905,2014-07-10,906,911,2014-07-11,2014-07-18,-0.012332953498950694,0.0,0.005475473629790173,0.047875628625513755,0.513346354653769,0.5275,outer_01,sigmoid,0.0
906,2014-07-11,907,912,2014-07-14,2014-07-21,-0.021980400405335665,0.0,0.0020876443772381847,0.04682510484203206,0.5111645958399975,0.5275,outer_01,sigmoid,0.0
907,2014-07-14,908,913,2014-07-15,2014-07-22,0.0036651334513910783,1.0,-0.023475149892280278,0.026928253584822315,0.512618263923129,0.5275,outer_01,sigmoid,0.0
908,2014-07-15,909,914,2014-07-16,2014-07-23,0.009530322994407037,1.0,-0.009441503265158246,0.018753205555348096,0.5129627902246453,0.5275,outer_01,sigmoid,0.0
909,2014-07-16,910,915,2014-07-17,2014-07-24,0.004210467834380616,1.0,0.0030312987210106,0.016289812440052565,0.5148338199877703,0.5275,outer_01,sigmoid,0.0
910,2014-07-17,911,916,2014-07-18,2014-07-25,-0.019334109067048466,0.0,0.01565725792795636,-0.0005609035241418425,0.5228182016640638,0.5275,outer_01,sigmoid,0.0
911,2014-07-18,912,917,2014-07-21,2014-07-28,-0.003265215388375431,0.0,-0.006534156296329918,-0.003473971588137559,0.5219400145281782,0.5275,outer_01,sigmoid,0.0
912,2014-07-21,913,918,2014-07-22,2014-07-29,-0.0061697207571844714,0.0,0.001403230710860015,-0.003947448604791681,0.5186222596746802,0.5275,outer_01,sigmoid,0.0
913,2014-07-22,914,919,2014-07-23,2014-07-30,-0.00617667189172888,0.0,-0.003848331796080018,-0.008129723436329783,0.5185808690281316,0.5275,outer_01,sigmoid,0.0
914,2014-07-23,915,920,2014-07-24,2014-07-31,-0.006229783032638103,0.0,-0.001853086070853216,-0.010946065538491645,0.5140962117673409,0.5275,outer_01,sigmoid,0.0
915,2014-07-24,916,921,2014-07-25,2014-08-01,-0.008374029835452212,0.0,-0.008683122573460267,-0.017868838015505872,0.5160849240368807,0.5275,outer_01,sigmoid,0.0
916,2014-07-25,917,922,2014-07-28,2014-08-04,-0.009589409772228663,0.0,0.010452051913828697,-0.0067482556282554285,0.5124784938702347,0.5275,outer_01,sigmoid,0.0
917,2014-07-28,918,923,2014-07-29,2014-08-05,-0.012206376576251898,0.0,-0.002389944989220183,-0.017681412942650354,0.5200508598146399,0.5275,outer_01,sigmoid,0.0
918,2014-07-29,919,924,2014-07-30,2014-08-06,-0.008541147734537624,0.0,-0.004026778873675418,-0.020607501134952244,0.5170920027306297,0.5275,outer_01,sigmoid,0.0
919,2014-07-30,920,925,2014-07-31,2014-08-07,0.0075476697012542004,1.0,-0.0021352293847662907,-0.023270610115102563,0.5183385300654476,0.5275,outer_01,sigmoid,0.0
920,2014-07-31,921,926,2014-08-01,2014-08-08,0.0225019511745721,1.0,-0.010035526240815607,-0.02816633017911574,0.5146877921232701,0.5275,outer_01,sigmoid,0.0
921,2014-08-01,922,927,2014-08-04,2014-08-11,0.012213129537432366,1.0,0.007717849059954318,-0.02044090309391855,0.5181775433534993,0.5275,outer_01,sigmoid,0.0
922,2014-08-04,923,928,2014-08-05,2014-08-12,0.015231008556424896,1.0,-0.0037738379419955947,-0.02419200661562204,0.5117126497202632,0.5275,outer_01,sigmoid,0.0
923,2014-08-05,924,929,2014-08-06,2014-08-13,0.015413658005742015,1.0,0.00035707078143243365,-0.023599983221535226,0.5144250136317847,0.5275,outer_01,sigmoid,0.0
924,2014-08-06,925,930,2014-08-07,2014-08-14,0.004774263234543774,1.0,0.01328362265097649,-0.016731167551587767,0.5235481136667968,0.5275,outer_01,sigmoid,0.0
925,2014-08-07,926,931,2014-08-08,2014-08-15,-0.0003124726135554923,0.0,0.004798077753113361,-0.01740856342826458,0.5229626534380301,0.5275,outer_01,sigmoid,0.0
926,2014-08-08,927,932,2014-08-11,2014-08-18,-0.00557693458506936,0.0,-0.0012584134213549092,-0.020754621226857672,0.5207581869905955,0.5275,outer_01,sigmoid,0.0
927,2014-08-11,928,933,2014-08-12,2014-08-19,-0.0072822467732560625,0.0,-0.001817960108380312,0.0009025685570422937,0.5172444444827754,0.5275,outer_01,sigmoid,0.0
928,2014-08-12,929,934,2014-08-13,2014-08-20,-0.009824672772309029,0.0,0.0009323083711869629,0.011276380193387503,0.5147494455789585,0.5275,outer_01,sigmoid,0.0
929,2014-08-13,930,935,2014-08-14,2014-08-21,-0.016504535258220265,0.0,0.002182174188487984,0.010427255660864887,0.5161837010312084,0.5275,outer_01,sigmoid,0.0
930,2014-08-14,931,936,2014-08-15,2014-08-22,-0.027064488215835958,0.0,0.0008151853474274162,-0.004414816919664055,0.5200714313181912,0.5275,outer_01,sigmoid,0.0
931,2014-08-15,932,937,2014-08-18,2014-08-25,-0.018272463611571865,0.0,-0.006662819966236633,-0.00454348058957077,0.5190770740310309,0.5275,outer_01,sigmoid,0.0
932,2014-08-18,933,938,2014-08-19,2014-08-26,-0.017386473203897523,0.0,-0.004633533342159879,-0.010580244642590664,0.5159637973611154,0.5275,outer_01,sigmoid,0.0
933,2014-08-19,934,939,2014-08-20,2014-08-27,-0.011334293089422687,0.0,-0.002282384230701595,-0.009014297077212241,0.5152547988105417,0.5275,outer_01,sigmoid,0.0
934,2014-08-20,935,940,2014-08-21,2014-08-28,-0.00652131446678883,0.0,-0.0030693724930292987,-0.010230583499388324,0.5188064644354109,0.5275,outer_01,sigmoid,0.0
935,2014-08-21,936,941,2014-08-22,2014-08-29,0.010005538158162963,1.0,-0.011706424941246851,-0.013253885867174908,0.5249996785960017,0.5275,outer_01,sigmoid,0.0
936,2014-08-22,937,942,2014-08-25,2014-09-01,0.007249684860198613,1.0,0.0026523657973331893,-0.021053571983670416,0.5178126219398975,0.5275,outer_01,sigmoid,0.0
937,2014-08-25,938,943,2014-08-26,2014-09-02,0.00803160745589171,1.0,-0.0024800222378553727,-0.021143649232305606,0.5156333861101291,0.5275,outer_01,sigmoid,0.0
938,2014-08-26,939,944,2014-08-27,2014-09-03,-0.011748580194074876,0.0,0.003729436737416769,-0.013387433621213418,0.518889143551368,0.5275,outer_01,sigmoid,0.0
939,2014-08-27,940,945,2014-08-28,2014-09-04,-0.010157782420599837,0.0,0.0007099087168338514,-0.010542295519613276,0.5169228209703658,0.5275,outer_01,sigmoid,0.0
940,2014-08-28,941,946,2014-08-29,2014-09-05,-0.02221085303372128,0.0,0.005094967792184768,0.004588198513387098,0.523966569350819,0.5275,outer_01,sigmoid,0.0
941,2014-08-29,942,947,2014-09-01,2014-09-08,-0.014284392638659327,0.0,-0.001708393283746723,-0.004838043830313943,0.5162467291366393,0.5275,outer_01,sigmoid,0.0
942,2014-09-01,943,948,2014-09-02,2014-09-09,-0.023216255300165578,0.0,-0.0006919527726783059,-0.001756158660996654,0.5086689637263372,0.5275,outer_01,sigmoid,0.0
943,2014-09-02,944,949,2014-09-03,2014-09-10,-0.009014503195706958,0.0,-0.016135452145970675,-0.018248681588399762,0.5223385868809023,0.5275,outer_01,sigmoid,0.0
944,2014-09-03,945,950,2014-09-04,2014-09-11,-0.01612906169670314,0.0,0.0030620402260241875,-0.028470264013352065,0.5173403540945575,0.5275,outer_01,sigmoid,0.0
945,2014-09-04,946,951,2014-09-05,2014-09-12,-0.01691744122870098,0.0,-0.006426874189369158,-0.039695215955834584,0.5185678745902779,0.5275,outer_01,sigmoid,0.0
946,2014-09-05,947,952,2014-09-08,2014-09-15,-0.03224265046160202,0.0,0.006095868401627236,-0.03234093413285244,0.5184710269506507,0.5275,outer_01,sigmoid,0.0
947,2014-09-08,948,953,2014-09-09,2014-09-16,-0.019548207952063024,0.0,-0.010921361406677654,-0.04144433543114978,0.516377259087159,0.5275,outer_01,sigmoid,0.0
948,2014-09-09,949,954,2014-09-10,2014-09-17,-0.016435379335538514,0.0,0.0001992039815510438,-0.0421774398207857,0.5165503967991455,0.5275,outer_01,sigmoid,0.0
949,2014-09-10,950,955,2014-09-11,2014-09-18,-0.022114659198267717,0.0,-0.004559745655416947,-0.04891935966469063,0.5161996571086667,0.5275,outer_01,sigmoid,0.0
950,2014-09-11,951,956,2014-09-12,2014-09-19,-0.011947922301875913,0.0,-0.0071649770355382,-0.05689952204765625,0.5158915210578842,0.5275,outer_01,sigmoid,0.0
951,2014-09-12,952,957,2014-09-15,2014-09-22,-0.010725038074049564,0.0,-0.009207996676204644,-0.05944469875762426,0.5160775082044194,0.5275,outer_01,sigmoid,0.0
952,2014-09-15,953,958,2014-09-16,2014-09-23,-0.014407669495530406,0.0,0.0031355372750860866,-0.051675628140378294,0.5120660748018192,0.5275,outer_01,sigmoid,0.0
953,2014-09-16,954,959,2014-09-17,2014-09-24,-0.009485149415516148,0.0,0.0018312797332429298,-0.04756196417643377,0.5146219723854547,0.5275,outer_01,sigmoid,0.0
954,2014-09-17,955,960,2014-09-18,2014-09-25,-0.004183008346696937,0.0,-0.010473685939587085,-0.054966277622991555,0.5104585231256584,0.5275,outer_01,sigmoid,0.0
955,2014-09-18,956,961,2014-09-19,2014-09-26,-0.003842542437975105,0.0,0.001757333229778446,-0.04150251945196626,0.5170016922688783,0.5275,outer_01,sigmoid,0.0
956,2014-09-19,957,962,2014-09-22,2014-09-29,0.001692882083371039,1.0,-0.007533285621084573,-0.05168817087038402,0.5093395148539058,0.5275,outer_01,sigmoid,0.0
957,2014-09-22,958,963,2014-09-23,2014-09-30,2.46938985508649e-05,1.0,-0.0007243454456578036,-0.04993249407818645,0.5067585990735757,0.5275,outer_01,sigmoid,0.0
958,2014-09-23,959,964,2014-09-24,2014-10-01,-0.011692575089199408,0.0,0.0076041003438769295,-0.04605783047172629,0.5120264045638241,0.5275,outer_01,sigmoid,0.0
959,2014-09-24,960,965,2014-09-25,2014-10-02,-0.002946795231305366,0.0,-0.0058435365088440605,-0.0526112756974042,0.5070319889650179,0.5275,outer_01,sigmoid,0.0
960,2014-09-25,961,966,2014-09-26,2014-10-03,-0.0059729137902539975,0.0,0.004027748473443893,-0.05367849501614508,0.512373831595239,0.5275,outer_01,sigmoid,0.0
961,2014-09-26,962,967,2014-09-29,2014-10-06,-0.025463299265544137,0.0,-0.0032882493271433333,-0.05525835105954169,0.5079308894746983,0.5275,outer_01,sigmoid,0.0
962,2014-09-29,963,968,2014-09-30,2014-10-07,-0.007112293886434529,0.0,-0.001405516265358564,-0.055971914552221946,0.5066090898113855,0.5275,outer_01,sigmoid,0.0
963,2014-09-30,964,969,2014-10-01,2014-10-08,0.0006867308161080388,1.0,-0.006560484990535187,-0.04639694739678646,0.5051805057302688,0.5275,outer_01,sigmoid,0.0
964,2014-10-01,965,970,2014-10-02,2014-10-09,0.0055242854946113695,1.0,0.004650422003471988,-0.04480856561933866,0.5083165908797419,0.5275,outer_01,sigmoid,0.0
965,2014-10-02,966,971,2014-10-03,2014-10-10,0.00844364669459452,1.0,0.00037077166246213267,-0.03801091976750737,0.5101374137219107,0.5275,outer_01,sigmoid,0.0
966,2014-10-03,967,972,2014-10-06,2014-10-13,0.03303785368875545,1.0,-0.01840695779335988,-0.06251374596249448,0.5071650969506154,0.5275,outer_01,sigmoid,0.0
967,2014-10-06,968,973,2014-10-07,2014-10-14,0.0243148430681579,1.0,0.0124663380826604,-0.03912604647315643,0.513799205223678,0.5275,outer_01,sigmoid,0.0
968,2014-10-07,969,974,2014-10-08,2014-10-15,0.019088144783746763,1.0,0.0015567298574650223,-0.03776852059724245,0.5162211624465612,0.5275,outer_01,sigmoid,0.0
969,2014-10-08,970,975,2014-10-09,2014-10-16,0.016271098877831847,1.0,0.010289426911518795,-0.022919348030306708,0.5216099190347663,0.5275,outer_01,sigmoid,0.0
970,2014-10-09,971,976,2014-10-10,2014-10-17,0.011600831992113037,1.0,0.0026008242420694216,-0.013153546752699086,0.5228310705345216,0.5275,outer_01,sigmoid,0.0
971,2014-10-10,972,977,2014-10-13,2014-10-20,0.008164436917971862,1.0,-0.0012504956615790874,-0.005196045738073529,0.5183252133000013,0.5275,outer_01,sigmoid,0.0
972,2014-10-13,973,978,2014-10-14,2014-10-21,0.008660015695650891,1.0,0.010340949928643539,0.0020093669154839233,0.5173122384400415,0.5275,outer_01,sigmoid,0.0
973,2014-10-14,974,979,2014-10-15,2014-10-22,0.013284304402125358,1.0,-0.0030155664875390897,-0.0028374793052980962,0.5142014612193055,0.5275,outer_01,sigmoid,0.0
974,2014-10-15,975,980,2014-10-16,2014-10-23,0.0013541181763816468,1.0,0.008174399392353315,0.015810606026642304,0.5155944066510169,0.5275,outer_01,sigmoid,0.0
975,2014-10-16,976,981,2014-10-17,2014-10-24,-0.004930964483006228,0.0,-0.002886959087841312,0.011166313709022546,0.5145910478511717,0.5275,outer_01,sigmoid,0.0
976,2014-10-17,977,982,2014-10-20,2014-10-27,-0.007162616453245896,0.0,3.230261086084596e-05,0.018731901940967965,0.51366033740465,0.5275,outer_01,sigmoid,0.0
977,2014-10-20,978,983,2014-10-21,2014-10-28,-0.016620612374158128,0.0,0.006840742617637119,0.026296990004262888,0.5140243714637651,0.5275,outer_01,sigmoid,0.0
978,2014-10-21,979,984,2014-10-22,2014-10-29,-0.016673848840010663,0.0,0.0012103579247106921,0.01990324758509665,0.5195632510441723,0.5275,outer_01,sigmoid,0.0
979,2014-10-22,980,985,2014-10-23,2014-10-30,-0.02507206435560949,0.0,-0.005599150256376362,0.02014763383756435,0.516245310714058,0.5275,outer_01,sigmoid,0.0
980,2014-10-23,981,986,2014-10-24,2014-10-31,-0.02624209530624455,0.0,-0.008193949354693864,0.007925936009426593,0.5172566966602824,0.5275,outer_01,sigmoid,0.0
981,2014-10-24,982,987,2014-10-27,2014-11-03,-0.05099427169258508,0.0,-0.0009182102858984464,0.01029597505067148,0.5143637894196496,0.5275,outer_01,sigmoid,0.0
982,2014-10-27,983,988,2014-10-28,2014-11-04,-0.05101132636909611,0.0,-0.004334266172732804,0.00736722514329724,0.513390144429473,0.5275,outer_01,sigmoid,0.0
983,2014-10-28,984,989,2014-10-29,2014-11-05,-0.049590455004829614,0.0,0.0019168891912633157,0.015844599325095743,0.5160064613791436,0.5275,outer_01,sigmoid,0.0
984,2014-10-29,985,990,2014-10-30,2014-11-06,-0.058423368497969363,0.0,-0.013413439606182465,-0.0022192622845587096,0.5163324451625214,0.5275,outer_01,sigmoid,0.0
985,2014-10-30,986,991,2014-10-31,2014-11-07,-0.050850446914957104,0.0,-0.01062806320805354,-0.013218097155074382,0.51547076572252,0.5275,outer_01,sigmoid,0.0
986,2014-10-31,987,992,2014-11-03,2014-11-10,0.006097996485887158,1.0,-0.022326406693746748,-0.01713754605546125,0.5135850586659698,0.5275,outer_01,sigmoid,0.0
987,2014-11-03,988,993,2014-11-04,2014-11-11,-0.012087973883285308,0.0,-0.004980286006084356,-0.034584170144206006,0.5054233077884052,0.5275,outer_01,sigmoid,0.0
988,2014-11-04,989,994,2014-11-05,2014-11-12,-0.004038088640783144,0.0,0.0022364952060325294,-0.0339044047956385,0.5071802965919484,0.5275,outer_01,sigmoid,0.0
989,2014-11-05,990,995,2014-11-06,2014-11-13,0.017042340127839672,1.0,-0.0234341072226405,-0.06762793892979779,0.5044732565381382,0.5275,outer_01,sigmoid,0.0
990,2014-11-06,991,996,2014-11-07,2014-11-14,0.018897981379258688,1.0,6.133437311550693e-05,-0.07016742879875171,0.5036817782708727,0.5275,outer_01,sigmoid,0.0
991,2014-11-07,992,997,2014-11-10,2014-11-17,0.008689625074868701,1.0,0.03013742298710742,-0.0387795101500652,0.5193319204412378,0.5275,outer_01,sigmoid,0.0
992,2014-11-10,993,998,2014-11-11,2014-11-18,0.030287457401766638,1.0,-0.021413800073856848,-0.07053426015256559,0.5080331327178084,0.5275,outer_01,sigmoid,0.0
993,2014-11-11,994,999,2014-11-12,2014-11-19,0.02691034184728114,1.0,0.01103914605865075,-0.056479547606375746,0.5146211093475402,0.5275,outer_01,sigmoid,0.0
994,2014-11-12,995,1000,2014-11-13,2014-11-20,0.017577544323178707,1.0,-0.001538852010812164,-0.06619279900954123,0.5101657931469861,0.5275,outer_01,sigmoid,0.0
995,2014-11-13,996,1001,2014-11-14,2014-11-21,0.025976809969557202,1.0,-0.00024953427568785713,-0.06355537419738777,0.5075079392167845,0.5275,outer_01,sigmoid,0.0
996,2014-11-14,997,1002,2014-11-17,2014-11-24,0.014114489380338213,1.0,0.022389090159568248,-0.04119858664868037,0.518375046720329,0.5275,outer_01,sigmoid,0.0
997,2014-11-17,998,1003,2014-11-18,2014-11-25,0.00956985232610652,1.0,-0.0018530534349121552,-0.04989238270122964,0.5135515166019019,0.5275,outer_01,sigmoid,0.0
998,2014-11-18,999,1004,2014-11-19,2014-11-26,0.004680488606665811,1.0,0.009214412051091081,-0.041888328574849254,0.5116646836557962,0.5275,outer_01,sigmoid,0.0
999,2014-11-19,1000,1005,2014-11-20,2014-11-27,0.012415419234327096,1.0,-0.01204271893750164,-0.04833189725597453,0.517034063009371,0.5275,outer_01,sigmoid,0.0
1000,2014-11-20,1001,1006,2014-11-21,2014-11-28,-0.003383899075559249,0.0,0.008947155667077489,-0.03119079223420318,0.5172735929869142,0.5275,outer_01,sigmoid,0.0
1001,2014-11-21,1002,1007,2014-11-24,2014-12-01,-0.03648663435740751,0.0,0.00644802487982421,-0.023824557068480523,0.5164083442832315,0.5275,outer_01,sigmoid,0.0
1002,2014-11-24,1003,1008,2014-11-25,2014-12-02,0.010825994885462542,1.0,-0.003603096552564189,-0.02309338744831191,0.5173298070895478,0.5275,outer_01,sigmoid,0.0
1003,2014-11-25,1004,1009,2014-11-26,2014-12-03,-0.0036106390357852902,0.0,0.0032616930477811223,-0.0217485835917941,0.5221523614770243,0.5275,outer_01,sigmoid,0.0
1004,2014-11-26,1005,1010,2014-11-27,2014-12-04,0.009561097111326688,1.0,-0.002635223434038103,-0.01097036741964974,0.5183007703814669,0.5275,outer_01,sigmoid,0.0
1005,2014-11-27,1006,1011,2014-11-28,2014-12-05,0.013251645646543686,1.0,-0.005811973582839691,-0.006154277794435892,0.5168096292002748,0.5275,outer_01,sigmoid,0.0
1006,2014-11-28,1007,1012,2014-12-01,2014-12-08,0.024598078005222845,1.0,-0.02099801316892691,-0.004825884269616054,0.5208449216189454,0.5275,outer_01,sigmoid,0.0
1007,2014-12-01,1008,1013,2014-12-02,2014-12-09,-0.006636120241256371,0.0,0.03780513148530851,0.03795953322177681,0.5265113839803971,0.5275,outer_01,sigmoid,0.0
1008,2014-12-02,1009,1014,2014-12-03,2014-12-10,0.03167977766415131,1.0,-0.010210523273124217,0.025512514742620063,0.5189500523479809,0.5275,outer_01,sigmoid,0.0
1009,2014-12-03,1010,1015,2014-12-04,2014-12-11,0.014425262255370441,1.0,0.009111472230160622,0.058058094195421184,0.5155454396289156,0.5275,outer_01,sigmoid,0.0
1010,2014-12-04,1011,1016,2014-12-05,2014-12-12,0.018446322568583362,1.0,-0.003329305909290703,0.054667453913014974,0.5221256728171637,0.5275,outer_01,sigmoid,0.0
1011,2014-12-05,1012,1017,2014-12-08,2014-12-15,0.0283722873311687,1.0,-0.011329438920216539,0.013200592005691014,0.5155193432201892,0.5275,outer_01,sigmoid,0.0
1012,2014-12-08,1013,1018,2014-12-09,2014-12-16,-0.008305175632576045,0.0,0.009477794122759065,0.04409218620230693,0.5089520175590964,0.5275,outer_01,sigmoid,0.0
1013,2014-12-09,1014,1019,2014-12-10,2014-12-17,-0.03296708035801377,0.0,0.022516811011154658,0.055569851154810834,0.5097244742134955,0.5275,outer_01,sigmoid,0.0
1014,2014-12-10,1015,1020,2014-12-11,2014-12-18,-0.030902161183190557,0.0,-0.003174166598421735,0.05393453656720126,0.5118361757924086,0.5275,outer_01,sigmoid,0.0
1015,2014-12-11,1016,1021,2014-12-12,2014-12-19,-0.02418997249737842,0.0,0.0006926647087217574,0.05487673555161088,0.5159962076890001,0.5275,outer_01,sigmoid,0.0
1016,2014-12-12,1017,1022,2014-12-15,2014-12-22,-0.022762033089014366,0.0,-0.004253189155532411,0.02823445623651022,0.5195709116262008,0.5275,outer_01,sigmoid,0.0
1017,2014-12-15,1018,1023,2014-12-16,2014-12-23,-0.01392627353134479,0.0,-0.025033404970721485,0.00505410470070089,0.5165540223854055,0.5275,outer_01,sigmoid,0.0
1018,2014-12-16,1019,1024,2014-12-17,2014-12-24,-0.016011673946932703,0.0,0.003483448783805798,-0.0006768585665843929,0.517696020725645,0.5275,outer_01,sigmoid,0.0
1019,2014-12-17,1020,1025,2014-12-18,2014-12-26,-0.0020293120357139927,0.0,-0.0062638300001456315,0.005102030370771615,0.5156870087078036,0.5275,outer_01,sigmoid,0.0
1020,2014-12-18,1021,1026,2014-12-19,2014-12-29,-0.0014703427878703934,0.0,0.0076170893056621836,0.00377196400935631,0.5162174473940669,0.5275,outer_01,sigmoid,0.0
1021,2014-12-19,1022,1027,2014-12-22,2014-12-30,-0.00953426023925541,0.0,-0.0022815509393590006,-0.004957611809826901,0.5230768318055573,0.5275,outer_01,sigmoid,0.0
1022,2014-12-22,1023,1028,2014-12-23,2014-12-31,0.019576289397399194,1.0,-0.016611579562891166,-0.017966094820153877,0.5176966813088288,0.5275,outer_01,sigmoid,0.0
1023,2014-12-23,1024,1029,2014-12-24,2015-01-02,0.008800638993625931,1.0,0.0002126528450325793,-0.02101513502290242,0.5193138496826168,0.5275,outer_01,sigmoid,0.0
1024,2014-12-24,1025,1030,2014-12-26,2015-01-05,0.0011288394371762323,1.0,-0.0011658930826694558,-0.019545804671533773,0.511018876121977,0.5275,outer_01,sigmoid,0.0
1025,2014-12-26,1026,1031,2014-12-29,2015-01-06,0.005627383034465083,1.0,0.017514617317167414,0.003780786228473332,0.5069096545739518,0.5275,outer_01,sigmoid,0.0
1026,2014-12-29,1027,1032,2014-12-30,2015-01-07,0.029139479168325266,1.0,-0.010252100879752923,0.014526698517647318,0.5248880589755502,0.5275,outer_01,sigmoid,0.0
1027,2014-12-30,1028,1033,2014-12-31,2015-01-08,0.0092334767782134,1.0,0.014477012396123534,-0.008801420571537655,0.5253360839883956,0.5275,outer_01,sigmoid,0.0
1028,2014-12-31,1029,1034,2015-01-02,2015-01-09,0.017173539793621018,1.0,-0.009897257331789255,-0.008488154630202693,0.519956736265361,0.5275,outer_01,sigmoid,0.0
1029,2015-01-02,1030,1035,2015-01-05,2015-01-12,0.029998559023336036,1.0,0.00037859826549357933,-0.017221028594869736,0.5211465974821334,0.5275,outer_01,sigmoid,0.0
1030,2015-01-05,1031,1036,2015-01-06,2015-01-13,0.023806736474145218,1.0,0.012953873776491598,-0.0009378489090874353,0.5215294825359893,0.5275,outer_01,sigmoid,0.0
1031,2015-01-06,1032,1037,2015-01-07,2015-01-14,0.011334434587590536,1.0,0.011582392026539878,0.021973982037668982,0.5141502906253376,0.5275,outer_01,sigmoid,0.0
1032,2015-01-07,1033,1038,2015-01-08,2015-01-15,0.015006940788031997,1.0,-0.006447464972830552,0.006048722942079365,0.5222087471002165,0.5275,outer_01,sigmoid,0.0
1033,2015-01-08,1034,1039,2015-01-09,2015-01-16,0.04491398357253651,1.0,-0.0015128908602788371,-0.01798097892935413,0.5207986897432079,0.5275,outer_01,sigmoid,0.0
1034,2015-01-09,1035,1040,2015-01-12,2015-01-19,0.04373106896802703,1.0,0.011246287884121742,-0.0035605244468106534,0.5222609429475239,0.5275,outer_01,sigmoid,0.0
1035,2015-01-12,1036,1041,2015-01-13,2015-01-21,0.0497927983412465,1.0,0.008869544750073288,0.004616355594540877,0.5185602497965967,0.5275,outer_01,sigmoid,0.0
1036,2015-01-13,1037,1042,2015-01-14,2015-01-22,0.047902766511040085,1.0,-0.002012971353661186,0.006856573396412102,0.5213569540908782,0.5275,outer_01,sigmoid,0.0
1037,2015-01-14,1038,1043,2015-01-15,2015-01-23,0.05642013032680726,1.0,-0.0015286668613558874,0.0303613115057777,0.5192142717142304,0.5275,outer_01,sigmoid,0.0
1038,2015-01-15,1039,1044,2015-01-16,2015-01-26,0.024751125680085195,1.0,0.026832052875663592,0.053709915597635494,0.5171629195337324,0.5275,outer_01,sigmoid,0.0
1039,2015-01-16,1040,1045,2015-01-19,2015-01-27,0.001516122768104644,1.0,0.01394795165089846,0.07392169724867959,0.5129871761883282,0.5275,outer_01,sigmoid,0.0
1040,2015-01-19,1041,1046,2015-01-21,2015-01-28,-0.001894064415522756,0.0,-0.0026440348645593303,0.06366057307845807,0.515758437871635,0.5275,outer_01,sigmoid,0.0
1041,2015-01-21,1042,1047,2015-01-22,2015-01-29,-0.0056740933795813575,0.0,0.013081236908777605,0.07902336092659468,0.5205998149812625,0.5275,outer_01,sigmoid,0.0
1042,2015-01-22,1043,1048,2015-01-23,2015-01-30,-0.033142791008381245,0.0,0.00609671040802251,0.10173165089750835,0.5199344317325183,0.5275,outer_01,sigmoid,0.0
1043,2015-01-23,1044,1049,2015-01-26,2015-02-02,-0.011029066686920608,0.0,-0.005872532425226673,0.0956464656272491,0.5166261699735719,0.5275,outer_01,sigmoid,0.0
1044,2015-01-26,1045,1050,2015-01-27,2015-02-03,-0.004531747544502807,0.0,-0.009739958473961252,0.0870724002359573,0.5192092375665013,0.5275,outer_01,sigmoid,0.0
1045,2015-01-27,1046,1051,2015-01-28,2015-02-04,-0.02392411767123992,0.0,0.008572136097703797,0.07812991901649369,0.5172823545638762,0.5275,outer_01,sigmoid,0.0
1046,2015-01-28,1047,1052,2015-01-29,2015-02-05,-0.0114693174417555,0.0,-0.0058440893229132485,0.08253793057333336,0.5193071189605941,0.5275,outer_01,sigmoid,0.0
1047,2015-01-29,1048,1053,2015-01-30,2015-02-06,0.006843320041435952,1.0,-0.02157423115410051,0.04648668702310932,0.5220174805162577,0.5275,outer_01,sigmoid,0.0
1048,2015-01-30,1049,1054,2015-02-02,2015-02-09,-0.03441013483540978,0.0,0.020670902795136392,0.07705484715003497,0.521556293255003,0.5275,outer_01,sigmoid,0.0
1049,2015-02-02,1050,1055,2015-02-03,2015-02-10,-0.02877621607596126,0.0,-0.006706975199285203,0.06996927368525618,0.5197616651323296,0.5275,outer_01,sigmoid,0.0
1050,2015-02-03,1051,1056,2015-02-04,2015-02-11,-0.022198380837827436,0.0,-0.011921951175502876,0.04509344873326171,0.5224806304872481,0.5275,outer_01,sigmoid,0.0
1051,2015-02-04,1052,1057,2015-02-05,2015-02-12,-0.04156833007702332,0.0,0.007464904701763864,0.040975961408485695,0.5236193465982384,0.5275,outer_01,sigmoid,0.0
1052,2015-02-05,1053,1058,2015-02-06,2015-02-13,-0.034874554798492774,0.0,-0.0037808422080356507,0.043642584173280596,0.5155544753000701,0.5275,outer_01,sigmoid,0.0
1053,2015-02-06,1054,1059,2015-02-09,2015-02-16,-0.007114349908007078,0.0,-0.025145060483528603,0.02001041455003083,0.5172997702518108,0.5275,outer_01,sigmoid,0.0
1054,2015-02-09,1055,1060,2015-02-10,2015-02-17,-0.0054564872312328205,0.0,0.004974953534396143,0.013739080200305231,0.5175719905951263,0.5275,outer_01,sigmoid,0.0
1055,2015-02-10,1056,1061,2015-02-11,2015-02-18,-0.020582484642893917,0.0,-0.004893861714083236,-2.4326263851293106e-05,0.5166944200424134,0.5275,outer_01,sigmoid,0.0
1056,2015-02-11,1057,1062,2015-02-12,2015-02-19,-0.004796843122859329,0.0,-0.013091927115639557,-0.011103282025829664,0.5155956772251599,0.5275,outer_01,sigmoid,0.0
1057,2015-02-12,1058,1063,2015-02-13,2015-02-20,-0.013279992431240117,0.0,0.004091259524368951,-0.005483355640104826,0.5217445494115984,0.5275,outer_01,sigmoid,0.0
1058,2015-02-13,1059,1064,2015-02-16,2015-02-23,-0.020953296388973364,0.0,0.005564726577705237,-0.02675068193806318,0.5178317212135952,0.5275,outer_01,sigmoid,0.0
1059,2015-02-16,1060,1065,2015-02-17,2015-02-24,-0.024405283555256396,0.0,0.0014635457815694863,-0.039235087807392155,0.5143869433681475,0.5275,outer_01,sigmoid,0.0
1060,2015-02-17,1061,1066,2015-02-18,2015-02-25,-0.006423098686529016,0.0,-0.017713795710546876,-0.0543048486533797,0.5205433811856159,0.5275,outer_01,sigmoid,0.0
1061,2015-02-18,1062,1067,2015-02-19,2015-02-26,-0.0064539307401103585,0.0,0.0021891698574849627,-0.06519691570467234,0.5174022439315903,0.5275,outer_01,sigmoid,0.0
1062,2015-02-19,1063,1068,2015-02-20,2015-02-27,0.0018619128459613776,1.0,-0.004184244920613089,-0.07547787103330794,0.5137713651610569,0.5275,outer_01,sigmoid,0.0
1063,2015-02-20,1064,1069,2015-02-23,2015-03-02,0.009086758541077877,1.0,-0.004243434658982359,-0.07384877326706363,0.5150388068199435,0.5275,outer_01,sigmoid,0.0
1064,2015-02-23,1065,1070,2015-02-24,2015-03-03,0.0030979447961199114,1.0,-0.0005244122333207812,-0.06463322702642316,0.5159912158541549,0.5275,outer_01,sigmoid,0.0
1065,2015-02-24,1066,1071,2015-02-25,2015-03-04,0.002951117538719572,1.0,-0.0010163110453094149,-0.07422167416943637,0.5144973812111742,0.5275,outer_01,sigmoid,0.0
1066,2015-02-25,1067,1072,2015-02-26,2015-03-05,-0.00367580208634255,0.0,0.003909634313833621,-0.0644679505326895,0.5162440389735456,0.5275,outer_01,sigmoid,0.0
1067,2015-02-26,1068,1073,2015-02-27,2015-03-06,-0.008702061025175567,0.0,0.0038199770518634324,-0.03907374232672556,0.5209850149215554,0.5275,outer_01,sigmoid,0.0
1068,2015-02-27,1069,1074,2015-03-02,2015-03-09,-0.0380591357080462,0.0,0.0030224227145518867,-0.05672222240731006,0.5175626105663526,0.5275,outer_01,sigmoid,0.0
1069,2015-03-02,1070,1075,2015-03-03,2015-03-10,-0.03745395429767484,0.0,-0.004951303113583272,-0.05496655032160813,0.51423778838649,0.5275,outer_01,sigmoid,0.0
1070,2015-03-03,1071,1076,2015-03-04,2015-03-11,-0.03575204080406369,0.0,-0.0028130580871268407,-0.045857657233232096,0.515408019482981,0.5275,outer_01,sigmoid,0.0
1071,2015-03-04,1072,1077,2015-03-05,2015-03-12,-0.03847281543548675,0.0,-0.002720999544457925,-0.056043561479453885,0.5099361677987237,0.5275,outer_01,sigmoid,0.0
1072,2015-03-05,1073,1078,2015-03-06,2015-03-13,-0.03819911820281341,0.0,-0.001384140969753922,-0.053646860241172156,0.5124804230485882,0.5275,outer_01,sigmoid,0.0
1073,2015-03-06,1074,1079,2015-03-09,2015-03-16,-0.01018415820919305,0.0,-0.026497999445852294,-0.05499979920349585,0.5195299431478348,0.5275,outer_01,sigmoid,0.0
1074,2015-03-09,1075,1080,2015-03-10,2015-03-17,-0.0059753221566083425,0.0,-0.00045420850664967816,-0.06042896124454167,0.5170473226245026,0.5275,outer_01,sigmoid,0.0
1075,2015-03-10,1076,1081,2015-03-11,2015-03-18,-0.011272867097270378,0.0,-0.004269344136221598,-0.05980444366668003,0.519317970943956,0.5275,outer_01,sigmoid,0.0
1076,2015-03-11,1077,1082,2015-03-12,2015-03-19,0.010978949106106306,1.0,-0.006217475535336803,-0.052929992086377275,0.5157393034401894,0.5275,outer_01,sigmoid,0.0
1077,2015-03-12,1078,1083,2015-03-13,2015-03-20,0.014212214442435922,1.0,-0.0007885786495878122,-0.05780983026033404,0.5154414433262902,0.5275,outer_01,sigmoid,0.0
1078,2015-03-13,1079,1084,2015-03-16,2015-03-23,0.02486381968939,1.0,0.004031670469447413,-0.05934288636859186,0.5064165749266833,0.5275,outer_01,sigmoid,0.0
1079,2015-03-16,1080,1085,2015-03-17,2015-03-24,0.029803290207783384,1.0,-0.003165134306665429,-0.06397156645682678,0.5066048970403819,0.5275,outer_01,sigmoid,0.0
1080,2015-03-17,1081,1086,2015-03-18,2015-03-25,0.03656959777753599,1.0,-0.004583818839645204,-0.05084158958592511,0.505315402527673,0.5275,outer_01,sigmoid,0.0
1081,2015-03-18,1082,1087,2015-03-19,2015-03-26,0.023218963977986284,1.0,0.01570389725057364,-0.03732686219283643,0.5161005947307937,0.5275,outer_01,sigmoid,0.0
1082,2015-03-19,1083,1088,2015-03-20,2015-03-27,0.02834739997635971,1.0,0.0028910653775851003,-0.03025155189463824,0.5156975199217974,0.5275,outer_01,sigmoid,0.0
1083,2015-03-20,1084,1089,2015-03-23,2015-03-30,0.009726535755016918,1.0,0.009698209908714617,-0.016309907326941264,0.5227322138720236,0.5275,outer_01,sigmoid,0.0
1084,2015-03-23,1085,1090,2015-03-24,2015-03-31,-0.0029718704653411976,0.0,0.005987688348215947,-0.009797806745404536,0.5231881372199875,0.5275,outer_01,sigmoid,0.0
1085,2015-03-24,1086,1091,2015-03-25,2015-04-01,-0.007087750742059917,0.0,0.00317324667513752,-0.005608249024957601,0.5249784504684835,0.5275,outer_01,sigmoid,0.0
1086,2015-03-25,1087,1092,2015-03-26,2015-04-02,0.007253174826726827,1.0,0.001733472780171219,-0.007784410558620003,0.5236975156847353,0.5275,outer_01,sigmoid,0.0
1087,2015-03-26,1088,1093,2015-03-27,2015-04-03,-0.0024192252823613813,0.0,0.007809316641932185,-0.0037950709685512507,0.5253824728895772,0.5275,outer_01,sigmoid,0.0
1088,2015-03-27,1089,1094,2015-03-30,2015-04-06,0.015126499034018082,1.0,-0.005369129241540094,-0.012186622924643231,0.5190086615379484,0.5275,outer_01,sigmoid,0.0
1089,2015-03-30,1090,1095,2015-03-31,2015-04-07,0.023761844466707593,1.0,-0.010471212008158481,-0.01770653181921844,0.5138683256743947,0.5275,outer_01,sigmoid,0.0
1090,2015-03-31,1091,1096,2015-04-01,2015-04-08,0.020675833194295556,1.0,-0.0017221152501418757,-0.016615588982233476,0.5143393549316574,0.5275,outer_01,sigmoid,0.0
1091,2015-04-01,1092,1097,2015-04-02,2015-04-09,-0.0008642827407223663,0.0,0.017230324374629014,0.003335734936853463,0.5187331482033991,0.5275,outer_01,sigmoid,0.0
1092,2015-04-02,1093,1098,2015-04-03,2015-04-10,-0.005692836743538265,0.0,-0.0017205485062810055,0.0029993274003263792,0.521454864217595,0.5275,outer_01,sigmoid,0.0
1093,2015-04-03,1094,1099,2015-04-06,2015-04-13,-0.007008477624138365,0.0,-0.0020235589052761682,0.027473767940902505,0.49930767443170304,0.5275,outer_01,sigmoid,0.0
1094,2015-04-06,1095,1100,2015-04-07,2015-04-14,-0.012952378930225272,0.0,0.012220381321268015,0.0401483577688202,0.5312222949459278,0.5275,outer_01,sigmoid,0.0
1095,2015-04-07,1096,1101,2015-04-08,2015-04-15,-0.013093313159767028,0.0,-0.004522765931829653,0.03989493597321214,0.5096531846319176,0.5275,outer_01,sigmoid,0.0
1096,2015-04-08,1097,1102,2015-04-09,2015-04-16,-0.000349249117954642,0.0,-0.005707332970168899,0.040405078538380046,0.5088815241706314,0.5275,outer_01,sigmoid,0.0
1097,2015-04-09,1098,1103,2015-04-10,2015-04-17,0.0036181212726056344,1.0,-0.006577158983661846,0.03461649820430601,0.5064370507778171,0.5275,outer_01,sigmoid,0.0
1098,2015-04-10,1099,1104,2015-04-13,2015-04-20,-0.0015420075679042355,0.0,0.010902127228181513,0.04148695496304011,0.5076577847021336,0.5275,outer_01,sigmoid,0.0
1099,2015-04-13,1100,1105,2015-04-14,2015-04-21,-0.001911862894875327,0.0,-0.0073577731620178,0.03729431610768774,0.5087991881462293,0.5275,outer_01,sigmoid,0.0
1100,2015-04-14,1101,1106,2015-04-15,2015-04-22,0.008082808845055744,1.0,-0.005094774456774864,0.03678336049055808,0.5085394465959145,0.5275,outer_01,sigmoid,0.0
1101,2015-04-15,1102,1107,2015-04-16,2015-04-23,-0.012419089280122364,0.0,0.008393760262393357,0.0294732235023778,0.5108381388683317,0.5275,outer_01,sigmoid,0.0
1102,2015-04-16,1103,1108,2015-04-17,2015-04-24,-0.004087011267882801,0.0,-0.003432507181754474,0.023149650943038225,0.5108331823364465,0.5275,outer_01,sigmoid,0.0
1103,2015-04-17,1104,1109,2015-04-20,2015-04-27,-0.021595669922689353,0.0,0.0050281063269039805,0.01847954736122759,0.5146140853220137,0.5275,outer_01,sigmoid,0.0
1104,2015-04-20,1105,1110,2015-04-21,2015-04-28,0.004277840588734705,1.0,-0.007150149630898994,0.005341709382112647,0.5129655466688057,0.5275,outer_01,sigmoid,0.0
1105,2015-04-21,1106,1111,2015-04-22,2015-04-29,0.008050999745720766,1.0,0.005305007979047538,0.007473470686022665,0.5136889395445562,0.5275,outer_01,sigmoid,0.0
1106,2015-04-22,1107,1112,2015-04-23,2015-04-30,0.014911053987667344,1.0,-0.012700417266551689,-0.006960419360700243,0.5173665905363206,0.5275,outer_01,sigmoid,0.0
1107,2015-04-23,1108,1113,2015-04-24,2015-05-01,-0.007971184653345453,0.0,0.005813481433323275,-0.008956254569309152,0.5192205425641704,0.5275,outer_01,sigmoid,0.0
1108,2015-04-24,1109,1114,2015-04-27,2015-05-04,0.000296681827872014,1.0,-0.01227133357221355,-0.015858458899982608,0.5165382222618164,0.5275,outer_01,sigmoid,0.0
1109,2015-04-27,1110,1115,2015-04-28,2015-05-05,-0.011271755736111722,0.0,0.018941948850818235,0.013554701958994109,0.5178733660932311,0.5275,outer_01,sigmoid,0.0
1110,2015-04-28,1111,1116,2015-04-29,2015-05-06,-0.015630904308006066,0.0,0.008509279341271103,0.023786096550407088,0.5164148172387434,0.5275,outer_01,sigmoid,0.0
1111,2015-04-29,1112,1117,2015-04-30,2015-05-07,-0.011565163449464677,0.0,-0.0059082166750794585,0.0006475555006986156,0.5185523619839125,0.5275,outer_01,sigmoid,0.0
1112,2015-04-30,1113,1118,2015-05-01,2015-05-08,-0.00033773800295655576,0.0,-0.01753997639424032,-0.015171872387260699,0.5215817378744608,0.5275,outer_01,sigmoid,0.0
1113,2015-05-01,1114,1119,2015-05-04,2015-05-11,0.007388582628053975,1.0,-0.004715612136684477,-0.017863925618669008,0.5168534668818777,0.5275,outer_01,sigmoid,0.0
1114,2015-05-04,1115,1120,2015-05-05,2015-05-12,-0.003777216436336772,0.0,0.008349297239279352,-0.02173500970065767,0.5140150360075427,0.5275,outer_01,sigmoid,0.0
1115,2015-05-05,1116,1121,2015-05-06,2015-05-13,-1.675940202439108e-05,0.0,0.00382175165198273,-0.013390492116845287,0.5127660024768727,0.5275,outer_01,sigmoid,0.0
1116,2015-05-06,1117,1122,2015-05-07,2015-05-14,0.019637886188268006,1.0,-0.0006876771878321364,-0.008370836334508525,0.5158058158933644,0.5275,outer_01,sigmoid,0.0
1117,2015-05-07,1118,1123,2015-05-08,2015-05-15,0.030808764251980314,1.0,-0.006556627857779773,-0.008350305208626452,0.5154509885722186,0.5275,outer_01,sigmoid,0.0
1118,2015-05-08,1119,1124,2015-05-11,2015-05-18,0.02910194680415934,1.0,0.0035067051023798257,-0.01574572733442814,0.5136462217411333,0.5275,outer_01,sigmoid,0.0
1119,2015-05-11,1120,1125,2015-05-12,2015-05-19,0.034431052795825146,1.0,-0.00397970205361009,-0.01236765622602043,0.5097802464570701,0.5275,outer_01,sigmoid,0.0
1120,2015-05-12,1121,1126,2015-05-13,2015-05-20,0.012640266888054974,1.0,0.00840450660972003,0.0011316248404744655,0.51223260413191,0.5275,outer_01,sigmoid,0.0
1121,2015-05-13,1122,1127,2015-05-14,2015-05-21,-0.004784540243168323,0.0,0.018295977161775667,0.011033841739856776,0.5097592175887207,0.5275,outer_01,sigmoid,0.0
1122,2015-05-14,1123,1128,2015-05-15,2015-05-22,-0.012301028034098493,0.0,0.004243711607735179,0.01871006052934643,0.510464721629361,0.5275,outer_01,sigmoid,0.0
1123,2015-05-15,1124,1129,2015-05-18,2015-05-25,-0.015531766304062167,0.0,0.0023889009331972133,0.01607085513563966,0.5095639912688865,0.5275,outer_01,sigmoid,0.0
1124,2015-05-18,1125,1130,2015-05-19,2015-05-26,-0.015470521603039522,0.0,0.0012820881007193918,0.024503092867258047,0.5137959382025391,0.5275,outer_01,sigmoid,0.0
1125,2015-05-19,1126,1131,2015-05-20,2015-05-27,-0.01784084487447668,0.0,-0.014566756268744818,0.004631328619465691,0.5103946739765903,0.5275,outer_01,sigmoid,0.0
1126,2015-05-20,1127,1132,2015-05-21,2015-05-28,-0.01830029166794045,0.0,0.0017456992813231764,0.019077445167340557,0.5080760646575178,0.5275,outer_01,sigmoid,0.0
1127,2015-05-21,1128,1133,2015-05-22,2015-05-29,-0.015404840786576557,0.0,-0.0030714868689383223,0.010192476865078959,0.5080283812723133,0.5275,outer_01,sigmoid,0.0
1128,2015-05-22,1129,1134,2015-05-25,2015-06-01,-0.012031789790198033,0.0,0.00019069017464445892,0.022654500611936967,0.5083786020088215,0.5275,outer_01,sigmoid,0.0
1129,2015-05-25,1130,1135,2015-05-26,2015-06-02,-0.01449349130706512,0.0,0.0002403836202580223,0.003952935381376754,0.509787654494695,0.5275,outer_01,sigmoid,0.0
1130,2015-05-26,1131,1136,2015-05-27,2015-06-03,0.005158678252478843,1.0,-0.016184300484502145,-0.020740644444396494,0.516140551812234,0.5275,outer_01,sigmoid,0.0
1131,2015-05-27,1132,1137,2015-05-28,2015-06-04,-0.0018460532168464994,0.0,0.0006736388540167226,-0.014158788915300313,0.514428109447418,0.5275,outer_01,sigmoid,0.0
1132,2015-05-28,1133,1138,2015-05-29,2015-06-05,-0.009040345379255577,0.0,0.00012625678120858908,0.0035074442601485956,0.5197103260182617,0.5275,outer_01,sigmoid,0.0
1133,2015-05-29,1134,1139,2015-06-01,2015-06-08,-0.017361532484791553,0.0,0.0019255434677063477,0.01014859986453942,0.521660920043841,0.5275,outer_01,sigmoid,0.0
1134,2015-06-01,1135,1140,2015-06-02,2015-06-09,-0.01272015830755091,0.0,-0.0010674198452536032,0.0007318827800064653,0.5221968882777493,0.5275,outer_01,sigmoid,0.0
1135,2015-06-02,1136,1141,2015-06-03,2015-06-10,-0.013940683474135795,0.0,0.0030395670611005343,-5.030181087573027e-05,0.523067975857139,0.5275,outer_01,sigmoid,0.0
1136,2015-06-03,1137,1142,2015-06-04,2015-06-11,0.0010793855297199784,1.0,-0.006695909067757633,-0.006058533690801227,0.5161748674397677,0.5275,outer_01,sigmoid,0.0
1137,2015-06-04,1138,1143,2015-06-05,2015-06-12,0.0038747743330720397,1.0,-0.007097995276276414,-0.006599901109297868,0.5179429159098535,0.5275,outer_01,sigmoid,0.0
1138,2015-06-05,1139,1144,2015-06-08,2015-06-15,0.010365078022829266,1.0,-0.004182377952901994,-0.014288984164579688,0.516363439602197,0.5275,outer_01,sigmoid,0.0
1139,2015-06-08,1140,1145,2015-06-09,2015-06-16,0.009831504154094617,1.0,0.0019272593694044104,-0.008382022741565187,0.5176567992658276,0.5275,outer_01,sigmoid,0.0
1140,2015-06-09,1141,1146,2015-06-10,2015-06-17,0.004248343305659041,1.0,0.0025610823291808416,-0.014225447022104376,0.5195949079662744,0.5275,outer_01,sigmoid,0.0
1141,2015-06-10,1142,1147,2015-06-11,2015-06-18,-0.00192346688174716,0.0,0.007669424380447154,-0.02485199980343289,0.521279740947096,0.5275,outer_01,sigmoid,0.0
1142,2015-06-11,1143,1148,2015-06-12,2015-06-19,0.01708252867850124,1.0,-0.003218057669905683,-0.03231376908107375,0.5186548310088128,0.5275,outer_01,sigmoid,0.0
1143,2015-06-12,1144,1149,2015-06-15,2015-06-22,0.01554465887550105,1.0,-0.0004823334879482388,-0.0351850035022192,0.5144769205085938,0.5275,outer_01,sigmoid,0.0
1144,2015-06-15,1145,1150,2015-06-16,2015-06-23,-2.5302043141550712e-05,0.0,0.003919619138967434,-0.03254747246397116,0.5161202931172012,0.5275,outer_01,sigmoid,0.0
1145,2015-06-16,1146,1151,2015-06-17,2015-06-24,-0.0027793095041985794,0.0,-0.003437285651019195,-0.021418001846245538,0.5165149184885816,0.5275,outer_01,sigmoid,0.0
1146,2015-06-17,1147,1152,2015-06-18,2015-06-25,-0.007918315290770472,0.0,0.002349104956275383,-0.02081459617129333,0.5192458547930698,0.5275,outer_01,sigmoid,0.0
1147,2015-06-18,1148,1153,2015-06-19,2015-06-26,-0.023875398537830606,0.0,0.01435437359491587,-0.003388735707439139,0.5209618848235287,0.5275,outer_01,sigmoid,0.0
1148,2015-06-19,1149,1154,2015-06-22,2015-06-29,-0.012099320602795949,0.0,-0.0014653603161631779,-0.005044786198246776,0.5180072745617649,0.5275,outer_01,sigmoid,0.0
1149,2015-06-22,1150,1155,2015-06-23,2015-06-30,-0.004751245358505685,0.0,-0.01207909169562793,-0.01736426151413273,0.5210176954205303,0.5275,outer_01,sigmoid,0.0
1150,2015-06-23,1151,1156,2015-06-24,2015-07-01,-0.003714963998765697,0.0,-0.006226227710354415,-0.007406188739984998,0.5233562634677501,0.5275,outer_01,sigmoid,0.0
1151,2015-06-24,1152,1157,2015-06-25,2015-07-02,-0.005573517669232864,0.0,-0.0028468378981871822,-0.010926665492188903,0.5227474233511256,0.5275,outer_01,sigmoid,0.0
1152,2015-06-25,1153,1158,2015-06-26,2015-07-03,-0.006865064428936307,0.0,-0.001984829066175031,-0.013037751339572523,0.5269023591017845,0.5275,outer_01,sigmoid,0.0
1153,2015-06-26,1154,1159,2015-06-29,2015-07-06,-0.012085379787180273,0.0,0.0020784361293220144,-0.012884858677956856,0.5235044132941309,0.5275,outer_01,sigmoid,0.0
1154,2015-06-29,1155,1160,2015-06-30,2015-07-07,-0.00826257588539292,0.0,0.003516673830207928,-0.008300765002495325,0.520132374686001,0.5275,outer_01,sigmoid,0.0
1155,2015-06-30,1156,1161,2015-07-01,2015-07-08,-0.017951921266239346,0.0,-0.006371371743734144,-0.017711703807330004,0.5166569643902987,0.5275,outer_01,sigmoid,0.0
1156,2015-07-01,1157,1162,2015-07-02,2015-07-09,-0.007965910054863024,0.0,-0.0028628705496771545,-0.013878665289249525,0.5169604635523597,0.5275,outer_01,sigmoid,0.0
1157,2015-07-02,1158,1163,2015-07-03,2015-07-10,-0.005203619002750237,0.0,-0.00244204550458349,-0.009222715517556601,0.5182555424211511,0.5275,outer_01,sigmoid,0.0
1158,2015-07-03,1159,1164,2015-07-06,2015-07-13,-0.007941002782704487,0.0,0.002527623110687216,-0.0025127144539673907,0.5161737497484732,0.5275,outer_01,sigmoid,0.0
1159,2015-07-06,1160,1165,2015-07-07,2015-07-14,-0.010530933948810883,0.0,0.0012571464435175983,-0.003182827379854203,0.5245995403298462,0.5275,outer_01,sigmoid,0.0
1160,2015-07-07,1161,1166,2015-07-08,2015-07-15,0.002078912784768683,1.0,-0.011440779081988595,-0.01718468879102364,0.5207497843159468,0.5275,outer_01,sigmoid,0.0
1161,2015-07-08,1162,1167,2015-07-09,2015-07-16,-0.008717181841555899,0.0,0.0005704063003060256,-0.024283706871164767,0.5222158920269672,0.5275,outer_01,sigmoid,0.0
1162,2015-07-09,1163,1168,2015-07-10,2015-07-17,-0.01262648515960052,0.0,0.0020111092474905945,-0.01905453995376849,0.5210139968293535,0.5275,outer_01,sigmoid,0.0
1163,2015-07-10,1164,1169,2015-07-13,2015-07-20,-0.026290131268011052,0.0,0.0033228341783253512,-0.0152493722874949,0.5209315849369365,0.5275,outer_01,sigmoid,0.0
1164,2015-07-13,1165,1170,2015-07-14,2015-07-21,-0.053027717146675535,0.0,-0.005005675210461469,-0.024174666636923803,0.5191586999907621,0.5275,outer_01,sigmoid,0.0
1165,2015-07-14,1166,1171,2015-07-15,2015-07-22,-0.04693751371471677,0.0,-0.0021010500005775867,-0.022838430986482194,0.5158300508188255,0.5275,outer_01,sigmoid,0.0
1166,2015-07-15,1167,1172,2015-07-16,2015-07-23,-0.04867572536437059,0.0,-0.005215463791826913,-0.03040299973458449,0.5173047891711096,0.5275,outer_01,sigmoid,0.0
1167,2015-07-16,1168,1173,2015-07-17,2015-07-24,-0.048169003163345714,0.0,-0.003582374384255793,-0.048339747713756154,0.5165777516377064,0.5275,outer_01,sigmoid,0.0
1168,2015-07-17,1169,1174,2015-07-20,2015-07-27,-0.033196653701472734,0.0,-0.009651483586821108,-0.056525870984414084,0.5209884683945861,0.5275,outer_01,sigmoid,0.0
1169,2015-07-20,1170,1175,2015-07-21,2015-07-28,-0.0032650261113849055,0.0,-0.03364833582544868,-0.07809511511423484,0.5253762691007585,0.5275,outer_01,sigmoid,0.0
1170,2015-07-21,1171,1176,2015-07-22,2015-07-29,-0.006888890854118479,0.0,0.0038405230994875694,-0.06802836430439285,0.5197140805082495,0.5275,outer_01,sigmoid,0.0
1171,2015-07-22,1172,1177,2015-07-23,2015-07-30,0.0015338686619603692,1.0,-0.006296349157675962,-0.07147787556388163,0.5152872722526781,0.5275,outer_01,sigmoid,0.0
1172,2015-07-23,1173,1178,2015-07-24,2015-07-31,-0.0023671038815740175,0.0,-0.00309433380047075,-0.07258738029817735,0.5116000895255095,0.5275,outer_01,sigmoid,0.0
1173,2015-07-24,1174,1179,2015-07-27,2015-08-03,0.00012777803148011913,1.0,0.007717955295392542,-0.06694786113210682,0.5162498132173994,0.5275,outer_01,sigmoid,0.0
1174,2015-07-27,1175,1180,2015-07-28,2015-08-04,-0.008587208731421825,0.0,-0.0045139392989739235,-0.07497847426128867,0.5060952942443793,0.5275,outer_01,sigmoid,0.0
1175,2015-07-28,1176,1181,2015-07-29,2015-08-05,-0.00712979559873439,0.0,0.0010048599522773927,-0.06760224256527714,0.5047577434239088,0.5275,outer_01,sigmoid,0.0
1176,2015-07-29,1177,1182,2015-07-30,2015-08-06,-0.010353473840887695,0.0,0.0014142273605859401,-0.06332514465501404,0.5061431090726898,0.5275,outer_01,sigmoid,0.0
1177,2015-07-30,1178,1183,2015-07-31,2015-08-07,0.0010282682849807045,1.0,-0.007550452058403323,-0.06843355120883388,0.5025295788704132,0.5275,outer_01,sigmoid,0.0
1178,2015-07-31,1179,1184,2015-08-03,2015-08-10,-0.002448876386017318,0.0,0.006364461206607608,-0.06459671311291348,0.5068232721402426,0.5275,outer_01,sigmoid,0.0
1179,2015-08-03,1180,1185,2015-08-04,2015-08-11,0.01735488654306394,1.0,-0.008083851660490637,-0.07393771121692172,0.5066830422864319,0.5275,outer_01,sigmoid,0.0
1180,2015-08-04,1181,1186,2015-08-05,2015-08-12,0.019598649291551418,1.0,0.0008738565683685806,-0.061623075566564545,0.5071484861452207,0.5275,outer_01,sigmoid,0.0
1181,2015-08-05,1182,1187,2015-08-06,2015-08-13,0.036600045453222485,1.0,-0.002614645336396215,-0.06480812720326679,0.5077248180617414,0.5275,outer_01,sigmoid,0.0
1182,2015-08-06,1183,1188,2015-08-07,2015-08-14,0.023049162059264994,1.0,0.0041948453951103915,-0.06262439105564699,0.5093410712926263,0.5275,outer_01,sigmoid,0.0
1183,2015-08-07,1184,1189,2015-08-10,2015-08-17,0.019622505365346044,1.0,0.004433256631110716,-0.061513968602861624,0.5145873404203889,0.5275,outer_01,sigmoid,0.0
1184,2015-08-10,1185,1190,2015-08-11,2015-08-18,0.011774797115410074,1.0,0.009333279795358251,-0.047175013597041904,0.5186346596131397,0.5275,outer_01,sigmoid,0.0
1185,2015-08-11,1186,1191,2015-08-12,2015-08-19,0.008235969368364238,1.0,0.003903889865737753,-0.041170073730726564,0.5211634462852678,0.5275,outer_01,sigmoid,0.0
1186,2015-08-12,1187,1192,2015-08-13,2015-08-20,0.007260781349242684,1.0,0.013580422449602558,-0.022374187489297093,0.5287861422695783,0.5275,outer_01,sigmoid,0.0
1187,2015-08-13,1188,1193,2015-08-14,2015-08-21,0.034045015980215254,1.0,-0.007878557947864628,-0.026670371052905928,0.5224105089441704,0.5275,outer_01,sigmoid,0.0
1188,2015-08-14,1189,1194,2015-08-17,2015-08-24,0.043551915203198455,1.0,-0.00024216224091500038,-0.01726104970699982,0.5193015208709518,0.5275,outer_01,sigmoid,0.0
1189,2015-08-17,1190,1195,2015-08-18,2015-08-25,0.031770232448210756,1.0,0.00225790361856415,0.018645189737013013,0.5169555845553305,0.5275,outer_01,sigmoid,0.0
1190,2015-08-18,1191,1196,2015-08-19,2015-08-26,0.019767550038515935,1.0,0.00013423839864845633,0.0149389050361739,0.516049889307815,0.5275,outer_01,sigmoid,0.0
1191,2015-08-19,1192,1197,2015-08-20,2015-08-27,-0.006701067410636696,0.0,0.014833640852072172,0.036068895045922034,0.5190505363070728,0.5275,outer_01,sigmoid,0.0
1192,2015-08-20,1193,1198,2015-08-21,2015-08-28,-0.024877887162942258,0.0,0.015650264535230107,0.05481349338162289,0.5243075294097955,0.5275,outer_01,sigmoid,0.0
1193,2015-08-21,1194,1199,2015-08-24,2015-08-31,-0.026588862751705022,0.0,0.007316409733126861,0.05441194781935721,0.5271470669179281,0.5275,outer_01,sigmoid,0.0
1194,2015-08-24,1195,1200,2015-08-25,2015-09-01,-0.016494624580792205,0.0,-0.004811044429664513,0.05411484268866662,0.5236616309091321,0.5275,outer_01,sigmoid,0.0
1195,2015-08-25,1196,1201,2015-08-26,2015-09-02,-0.0005350806915291884,0.0,-0.012607606868145993,0.040502375868243234,0.5163213599418297,0.5275,outer_01,sigmoid,0.0
1196,2015-08-26,1197,1202,2015-08-27,2015-09-03,0.006895144530435715,1.0,-0.013888192431981139,0.025199956075676155,0.513557572342742,0.5275,outer_01,sigmoid,0.0
1197,2015-08-27,1198,1203,2015-08-28,2015-09-04,-0.0003199232211557046,0.0,-0.00018672226895155575,0.03256368586512792,0.516627035117866,0.5275,outer_01,sigmoid,0.0
1198,2015-08-28,1199,1204,2015-08-31,2015-09-07,-0.009553591867777378,0.0,0.008376993792965415,0.03457621845148573,0.5180130877687275,0.5275,outer_01,sigmoid,0.0
1199,2015-08-31,1200,1205,2015-09-01,2015-09-08,-0.012799706407327527,0.0,0.000608269843723086,0.04326833995569945,0.5157059558219135,0.5275,outer_01,sigmoid,0.0
1200,2015-09-01,1201,1206,2015-09-02,2015-09-09,-0.015981944079539012,0.0,0.004624834592601879,0.04701931797993275,0.5186845245402235,0.5275,outer_01,sigmoid,0.0
1201,2015-09-02,1202,1207,2015-09-03,2015-09-10,-0.02383339181852051,0.0,-0.005444763313558809,0.04418920000277016,0.5158519635845132,0.5275,outer_01,sigmoid,0.0
1202,2015-09-03,1203,1208,2015-09-04,2015-09-11,-0.012575519463357665,0.0,-0.007676374302879374,0.03231798030478039,0.5132643807797375,0.5275,outer_01,sigmoid,0.0
1203,2015-09-04,1204,1209,2015-09-07,2015-09-14,-0.013943725599814272,0.0,-0.002473927150778543,0.025410796522891133,0.5113700350362785,0.5275,outer_01,sigmoid,0.0
1204,2015-09-07,1205,1210,2015-09-08,2015-09-15,-0.010499773394458067,0.0,-0.0030250729141743093,0.013052443813358572,0.5117505621889736,0.5275,outer_01,sigmoid,0.0
1205,2015-09-08,1206,1211,2015-09-09,2015-09-16,-0.014711298590311728,0.0,0.0020801628777427084,0.011228716825363527,0.5186046831710003,0.5275,outer_01,sigmoid,0.0
1206,2015-09-09,1207,1212,2015-09-10,2015-09-17,0.010987492566798984,1.0,-0.01249219788329814,-0.01484390350753717,0.5181719372614231,0.5275,outer_01,sigmoid,0.0
1207,2015-09-10,1208,1213,2015-09-11,2015-09-18,0.017708577715943363,1.0,0.002723519530645646,-0.004241826029026896,0.5198901382385317,0.5275,outer_01,sigmoid,0.0
1208,2015-09-11,1209,1214,2015-09-14,2015-09-21,0.028196210348355955,1.0,-0.0024255551667842212,-0.006425218954896117,0.5168430351894256,0.5275,outer_01,sigmoid,0.0
1209,2015-09-14,1210,1215,2015-09-15,2015-09-22,0.021844164336885186,1.0,0.0009835548628389645,-0.007699567710621302,0.5160104623516116,0.5275,outer_01,sigmoid,0.0
1210,2015-09-15,1211,1216,2015-09-16,2015-09-23,0.017524640664220215,1.0,-0.0031887868538920117,-0.01102259296316177,0.5149026511082226,0.5275,outer_01,sigmoid,0.0
1211,2015-09-16,1212,1217,2015-09-17,2015-09-24,0.010231518677651152,1.0,0.012506962646970265,-0.013349271168263677,0.5239515909909356,0.5275,outer_01,sigmoid,0.0
1212,2015-09-17,1213,1218,2015-09-18,2015-09-25,0.01637447073866838,1.0,0.01171681943734626,-0.017282716266147524,0.5242667834580996,0.5275,outer_01,sigmoid,0.0
1213,2015-09-18,1214,1219,2015-09-21,2015-09-28,0.00544554934308028,1.0,0.005899514332583955,-0.01869961166669043,0.5254428690185088,0.5275,outer_01,sigmoid,0.0
1214,2015-09-21,1215,1220,2015-09-22,2015-09-29,-0.0008300367811955311,0.0,-0.005052071616660214,-0.01894063885368613,0.5201802111508768,0.5275,outer_01,sigmoid,0.0
1215,2015-09-22,1216,1221,2015-09-23,2015-09-30,0.002175796244793027,1.0,-0.007973110983188647,-0.014306142968728786,0.5198455412659099,0.5275,outer_01,sigmoid,0.0
1216,2015-09-23,1217,1222,2015-09-24,2015-10-01,-0.013498076977235485,0.0,0.005039313678996571,0.004621363142248924,0.5183481460268091,0.5275,outer_01,sigmoid,0.0
1217,2015-09-24,1218,1223,2015-09-25,2015-10-02,-0.031880315276857196,0.0,0.021016903460619574,0.025824988871820054,0.5223796747846173,0.5275,outer_01,sigmoid,0.0
1218,2015-09-25,1219,1224,2015-09-28,2015-10-05,-0.007493100686982501,0.0,-0.0073232364996513866,0.010124758579203252,0.5225564761155095,0.5275,outer_01,sigmoid,0.0
1219,2015-09-28,1220,1225,2015-09-29,2015-10-06,0.0031927493562324827,1.0,-0.01175745522949434,-0.002240966494014174,0.523738905187757,0.5275,outer_01,sigmoid,0.0
1220,2015-09-29,1221,1226,2015-09-30,2015-10-07,0.017307769195139322,1.0,-0.00447931063029916,-0.011345111716915213,0.5226027166247736,0.5275,outer_01,sigmoid,0.0
1221,2015-09-30,1222,1227,2015-10-01,2015-10-08,0.02612671555409385,1.0,-0.011277878972658861,-0.017178227376015265,0.5218863871365651,0.5275,outer_01,sigmoid,0.0
1222,2015-10-01,1223,1228,2015-10-02,2015-10-09,0.022625319152401957,1.0,-0.0008527866440815046,-0.010354639717217395,0.5232302597491536,0.5275,outer_01,sigmoid,0.0
1223,2015-10-02,1224,1229,2015-10-05,2015-10-12,0.016618996210650216,1.0,0.02237865563181618,0.014497943065377328,0.5225542077153984,0.5275,outer_01,sigmoid,0.0
1224,2015-10-05,1225,1230,2015-10-06,2015-10-13,0.02426233010640111,1.0,-0.0028933907572010753,0.014629625222350562,0.5209240492877727,0.5275,outer_01,sigmoid,0.0
1225,2015-10-06,1226,1231,2015-10-07,2015-10-14,0.018272567696975273,1.0,0.010112248806112056,0.02266171115071991,0.5178454508758145,0.5275,outer_01,sigmoid,0.0
1226,2015-10-07,1227,1232,2015-10-08,2015-10-15,0.03387127703226511,1.0,-0.0014396086751373716,0.03371430035888068,0.5164482915168347,0.5275,outer_01,sigmoid,0.0
1227,2015-10-08,1228,1233,2015-10-09,2015-10-16,0.03714311379355539,1.0,-0.005471933947194252,0.02551884688104078,0.5136798520078502,0.5275,outer_01,sigmoid,0.0
1228,2015-10-09,1229,1234,2015-10-12,2015-10-19,0.017759227144896528,1.0,0.01521200269473244,0.04315640474255744,0.5120205367744319,0.5275,outer_01,sigmoid,0.0
1229,2015-10-12,1230,1235,2015-10-13,2015-10-20,0.0055624026548182215,1.0,0.0062491853192838676,0.048422035199002345,0.5072244904157149,0.5275,outer_01,sigmoid,0.0
1230,2015-10-13,1231,1236,2015-10-14,2015-10-21,0.006919025840955939,1.0,0.0036966082225680097,0.055307430275462366,0.5112509451855318,0.5275,outer_01,sigmoid,0.0
1231,2015-10-14,1232,1237,2015-10-15,2015-10-22,-0.014387024564590511,0.0,0.014018345150067724,0.056818812778559824,0.5147120833629825,0.5275,outer_01,sigmoid,0.0
1232,2015-10-15,1233,1238,2015-10-16,2015-10-23,-0.013679591188608065,0.0,-0.00158832110712126,0.043513672234092304,0.5131889040965003,0.5275,outer_01,sigmoid,0.0
1233,2015-10-16,1234,1239,2015-10-19,2015-10-26,-0.011661042440482383,0.0,-0.004712192596278975,0.032901965305229375,0.5141338984931372,0.5275,outer_01,sigmoid,0.0
1234,2015-10-19,1235,1240,2015-10-20,2015-10-27,-0.005330375119843467,0.0,-0.0059130933066571245,0.032040943615232464,0.5125201563167986,0.5275,outer_01,sigmoid,0.0
1235,2015-10-20,1236,1241,2015-10-21,2015-10-28,-0.007749793406583549,0.0,0.00524174987229209,0.0452558044707132,0.5093278170386024,0.5275,outer_01,sigmoid,0.0
1236,2015-10-21,1237,1242,2015-10-22,2015-10-29,-0.00881729934916109,0.0,-0.008022916759196974,0.032193574032519656,0.5158218548006492,0.5275,outer_01,sigmoid,0.0
1237,2015-10-22,1238,1243,2015-10-23,2015-10-30,-0.017615655112495077,0.0,-0.0013033898551562118,0.00987328071674387,0.5218501182017659,0.5275,outer_01,sigmoid,0.0
1238,2015-10-23,1239,1244,2015-10-26,2015-11-02,-0.01861750130337647,0.0,-0.0009099494146633802,0.016286567801731877,0.5192190871952891,0.5275,outer_01,sigmoid,0.0
1239,2015-10-26,1240,1245,2015-10-27,2015-11-03,-0.026177659424705624,0.0,-0.0011772946787464988,0.02686672835247972,0.5139386753301775,0.5275,outer_01,sigmoid,0.0
1240,2015-10-27,1241,1246,2015-10-28,2015-11-04,-0.04289084777050256,0.0,0.003004938942820168,0.03435097792559905,0.5133488515405987,0.5275,outer_01,sigmoid,0.0
1241,2015-10-28,1242,1247,2015-10-29,2015-11-05,-0.04364775442148794,0.0,-0.009241023962430539,0.03638783293582737,0.5083460367025655,0.5275,outer_01,sigmoid,0.0
1242,2015-10-29,1243,1248,2015-10-30,2015-11-06,-0.03652542060974895,0.0,-0.008681160730155568,0.028559458849753305,0.511725600134763,0.5275,outer_01,sigmoid,0.0
1243,2015-10-30,1244,1249,2015-11-02,2015-11-09,-0.045818981299081685,0.0,-0.0035322132269284268,0.0026485899910086985,0.5174798090311287,0.5275,outer_01,sigmoid,0.0
1244,2015-11-02,1245,1250,2015-11-03,2015-11-10,-0.037246161729093785,0.0,-0.007278513145154264,-0.0017365323969444901,0.5161292725517496,0.5275,outer_01,sigmoid,0.0
1245,2015-11-03,1246,1251,2015-11-04,2015-11-11,-0.02557216143764851,0.0,-0.014082424748926847,-0.025931205951983394,0.5184537858490371,0.5275,outer_01,sigmoid,0.0
1246,2015-11-04,1247,1252,2015-11-05,2015-11-12,-0.01954091451994433,0.0,-0.0090782244239902,-0.03356982170083622,0.5189220083094989,0.5275,outer_01,sigmoid,0.0
1247,2015-11-05,1248,1253,2015-11-06,2015-11-13,-0.017858025213633333,0.0,-0.003563873012486063,-0.03166176076612803,0.5201753762199225,0.5275,outer_01,sigmoid,0.0
1248,2015-11-06,1249,1254,2015-11-09,2015-11-16,-0.002038156450033135,0.0,-0.013639540158878916,-0.06051330361973939,0.5167863386038284,0.5275,outer_01,sigmoid,0.0
1249,2015-11-09,1250,1255,2015-11-10,2015-11-17,-0.007738582449247744,0.0,0.003054249658247521,-0.06370823928077574,0.5141981484158185,0.5275,outer_01,sigmoid,0.0
1250,2015-11-10,1251,1256,2015-11-11,2015-11-18,-0.016942735661674924,0.0,-0.002154432315533583,-0.06955927981887733,0.5119153397553837,0.5275,outer_01,sigmoid,0.0
1251,2015-11-11,1252,1257,2015-11-12,2015-11-19,-0.013836657938629315,0.0,-0.003456775405537904,-0.08703440037448296,0.5125147764958179,0.5275,outer_01,sigmoid,0.0
1252,2015-11-12,1253,1258,2015-11-13,2015-11-20,-0.002861232281032855,0.0,-0.0008660641613049691,-0.08631214342866667,0.512059317770751,0.5275,outer_01,sigmoid,0.0
1253,2015-11-13,1254,1259,2015-11-16,2015-11-23,-0.011052389036318111,0.0,-0.0012543581360979772,-0.08285430896848567,0.50834627054759,0.5275,outer_01,sigmoid,0.0
1254,2015-11-16,1255,1260,2015-11-17,2015-11-24,-0.013730405401070733,0.0,-0.0007940098837444509,-0.077735225545573,0.5094035626524924,0.5275,outer_01,sigmoid,0.0
1255,2015-11-17,1256,1261,2015-11-18,2015-11-25,0.003837453364699428,1.0,-0.011724727158386017,-0.0947017025762511,0.5119470522101145,0.5275,outer_01,sigmoid,0.0
1256,2015-11-18,1257,1262,2015-11-19,2015-11-26,-0.00036401820492937276,0.0,0.0007566805441072688,-0.08592210527294686,0.5083749663723529,0.5275,outer_01,sigmoid,0.0
1257,2015-11-19,1258,1263,2015-11-20,2015-11-27,-0.009416597724796638,0.0,0.010376746105531964,-0.07424196931225868,0.511976556100896,0.5275,outer_01,sigmoid,0.0
1258,2015-11-20,1259,1264,2015-11-23,2015-11-30,-0.016735459271660424,0.0,-0.0037592288786756356,-0.07709124877627094,0.510066065499596,0.5275,outer_01,sigmoid,0.0
1259,2015-11-23,1260,1265,2015-11-24,2015-12-01,-0.003992732168048185,0.0,-0.008440126492073041,-0.08435408058959748,0.5062250551739789,0.5275,outer_01,sigmoid,0.0
1260,2015-11-24,1261,1266,2015-11-25,2015-12-02,-0.006360300472835867,0.0,0.00596019915447954,-0.08139882037793811,0.5092537112262686,0.5275,outer_01,sigmoid,0.0
1261,2015-11-25,1262,1267,2015-11-26,2015-12-03,-0.016320208631353417,0.0,-0.0039228343129629195,-0.07608063072847049,0.5062058747135901,0.5275,outer_01,sigmoid,0.0
1262,2015-11-26,1263,1268,2015-11-27,2015-12-04,-0.00787785499959437,0.0,0.0005133590125581122,-0.06688611098575681,0.5041046765783307,0.5275,outer_01,sigmoid,0.0
1263,2015-11-27,1264,1269,2015-11-30,2015-12-07,0.02475967665582246,1.0,-0.012781376896206176,-0.07613527465503456,0.5067896041951487,0.5275,outer_01,sigmoid,0.0
1264,2015-11-30,1265,1270,2015-12-01,2015-12-08,0.00575906300582929,1.0,0.00596493492649941,-0.06289182658338088,0.5059087529165169,0.5275,outer_01,sigmoid,0.0
1265,2015-12-01,1266,1271,2015-12-02,2015-12-09,0.005281341005865414,1.0,0.00456504090007126,-0.044244360934382776,0.5090801202083274,0.5275,outer_01,sigmoid,0.0
1266,2015-12-02,1267,1272,2015-12-03,2015-12-10,0.01727197647186518,1.0,-0.014839653683274001,-0.05000579019366658,0.5074059918017291,0.5275,outer_01,sigmoid,0.0
1267,2015-12-03,1268,1273,2015-12-04,2015-12-11,0.007868524508950259,1.0,0.008139618297261286,-0.03830229888391923,0.5146190511085932,0.5275,outer_01,sigmoid,0.0
1268,2015-12-04,1269,1274,2015-12-07,2015-12-14,-0.010284820150693541,0.0,0.02295271224740425,-0.0017100464776360624,0.5240926542377577,0.5275,outer_01,sigmoid,0.0
1269,2015-12-07,1270,1275,2015-12-08,2015-12-15,-0.00919279310199883,0.0,-0.014832115874837015,-0.0195964120107206,0.5155386512845341,0.5275,outer_01,sigmoid,0.0
1270,2015-12-08,1271,1276,2015-12-09,2015-12-16,-0.012473590142014324,0.0,0.003505373517794119,-0.013936606177392896,0.5180670755922783,0.5275,outer_01,sigmoid,0.0
1271,2015-12-09,1272,1277,2015-12-10,2015-12-17,-0.000214535228906243,0.0,-0.0017231828182655562,-0.012203013590120548,0.5147289521512719,0.5275,outer_01,sigmoid,0.0
1272,2015-12-10,1273,1278,2015-12-11,2015-12-18,-0.01962685548112919,0.0,-0.0013620167413312956,-0.012698966170146875,0.510963394417417,0.5275,outer_01,sigmoid,0.0
1273,2015-12-11,1274,1279,2015-12-14,2015-12-21,-0.00706584617218553,0.0,0.003215481806964071,-0.008229126227084826,0.5141867694643252,0.5275,outer_01,sigmoid,0.0
1274,2015-12-14,1275,1280,2015-12-15,2015-12-22,0.01580048017150215,1.0,-0.013622223219430296,-0.02105733956277067,0.5072512944756219,0.5275,outer_01,sigmoid,0.0
1275,2015-12-15,1276,1281,2015-12-16,2015-12-23,0.010927534138795103,1.0,0.0006412311858063902,-0.008691381218578265,0.5094108470654811,0.5275,outer_01,sigmoid,0.0
1276,2015-12-16,1277,1282,2015-12-17,2015-12-24,-0.0015030366965858022,0.0,0.010670618551529287,0.0012225567888437538,0.5156790838744394,0.5275,outer_01,sigmoid,0.0
1277,2015-12-17,1278,1283,2015-12-18,2015-12-28,0.0234543707353696,1.0,-0.019428692853439955,-0.028582882170128165,0.5131031257974147,0.5275,outer_01,sigmoid,0.0
1278,2015-12-18,1279,1284,2015-12-21,2015-12-29,0.0024731155109094516,1.0,0.013507336749515986,-0.011316316541936544,0.5171115003624736,0.5275,outer_01,sigmoid,0.0
1279,2015-12-21,1280,1285,2015-12-22,2015-12-30,-0.008430143028903991,0.0,0.011594576122817557,0.008718386072954054,0.5212083049187493,0.5275,outer_01,sigmoid,0.0
1280,2015-12-22,1281,1286,2015-12-23,2015-12-31,-0.010776774214266815,0.0,-0.005281571453195966,-0.002523384534721451,0.5166001501750079,0.5275,outer_01,sigmoid,0.0
1281,2015-12-23,1282,1287,2015-12-24,2016-01-04,-0.005132923729180838,0.0,-0.0022400606716210802,-0.0008406108933796119,0.5180954406039237,0.5275,outer_01,sigmoid,0.0
1282,2015-12-24,1283,1288,2015-12-28,2016-01-05,-0.002522092904652773,0.0,0.005451382166389962,0.004097412260452238,0.5108387377961119,0.5275,outer_01,sigmoid,0.0
1283,2015-12-28,1284,1289,2015-12-29,2016-01-06,0.008339010844863104,1.0,-0.00666684676369389,0.010211942392964524,0.5124217511178716,0.5275,outer_01,sigmoid,0.0
1284,2015-12-29,1285,1290,2015-12-30,2016-01-07,0.02273287573849725,1.0,-0.00026198585426229215,0.0039850216122028215,0.5130421708518312,0.5275,outer_01,sigmoid,0.0
1285,2015-12-30,1286,1291,2015-12-31,2016-01-08,0.043555472157018826,1.0,-0.007080839088629887,-0.007660858376498325,0.5079212960765535,0.5275,outer_01,sigmoid,0.0
1286,2015-12-31,1287,1292,2016-01-04,2016-01-11,0.039152808650102955,1.0,-0.00016022695711459534,0.007018568349661081,0.5080075881621818,0.5275,outer_01,sigmoid,0.0
1287,2016-01-04,1288,1293,2016-01-05,2016-01-12,0.020329615352505215,1.0,0.012663258000737088,0.011542208053136882,0.5223038328449995,0.5275,outer_01,sigmoid,0.0
1288,2016-01-05,1289,1294,2016-01-06,2016-01-13,0.00898755836188414,1.0,0.00338211704505742,-0.008028387149209948,0.516716937198471,0.5275,outer_01,sigmoid,0.0
1289,2016-01-06,1290,1295,2016-01-07,2016-01-14,-0.0003200980441899759,0.0,0.013762952839829978,0.020566681565457046,0.5177171465416344,0.5275,outer_01,sigmoid,0.0
1290,2016-01-07,1291,1296,2016-01-08,2016-01-15,-0.027804465315344196,0.0,0.014460228164839606,0.03152153621250253,0.5215690048022246,0.5275,outer_01,sigmoid,0.0
1291,2016-01-08,1292,1297,2016-01-11,2016-01-18,-0.015708797046462664,0.0,-0.004591517389640032,0.028653201641128057,0.5167922445653634,0.5275,outer_01,sigmoid,0.0
1292,2016-01-11,1293,1298,2016-01-12,2016-01-19,-0.005273240515407451,0.0,-0.007684475691096537,0.022330742691362815,0.5135741781659883,0.5275,outer_01,sigmoid,0.0
1293,2016-01-12,1294,1299,2016-01-13,2016-01-20,0.00026663602042820145,1.0,-0.005419075177954369,0.013696185706444375,0.5121207058343391,0.5275,outer_01,sigmoid,0.0
1294,2016-01-13,1295,1300,2016-01-14,2016-01-21,0.0070095129239868825,1.0,0.003820207748882254,0.031138616674756925,0.5104904280030674,0.5275,outer_01,sigmoid,0.0
1295,2016-01-14,1296,1301,2016-01-15,2016-01-22,0.021016310329343035,1.0,-0.015174210809756339,0.015323174679194196,0.5140826276718423,0.5275,outer_01,sigmoid,0.0
1296,2016-01-15,1297,1302,2016-01-18,2016-01-25,0.006938282848961919,1.0,0.010656179141269817,0.015308735268934726,0.5160653026221135,0.5275,outer_01,sigmoid,0.0
1297,2016-01-18,1298,1303,2016-01-19,2016-01-26,0.017136594154511187,1.0,0.00014695077175641558,0.034884378894131096,0.5114532112667264,0.5275,outer_01,sigmoid,0.0
1298,2016-01-19,1299,1304,2016-01-20,2016-01-27,0.029082878114202515,1.0,-0.0015624572354138166,0.019814584909201294,0.517936059380785,0.5275,outer_01,sigmoid,0.0
1299,2016-01-20,1300,1305,2016-01-21,2016-01-28,0.022134296856434865,1.0,0.01247725292629731,0.020697261712681048,0.52198107779036,0.5275,outer_01,sigmoid,0.0
1300,2016-01-21,1301,1306,2016-01-22,2016-01-29,0.012822481621921789,1.0,0.00029972888384666163,0.026278562049723675,0.5200043791580943,0.5275,outer_01,sigmoid,0.0
1301,2016-01-22,1302,1307,2016-01-25,2016-02-01,0.01638099685195371,1.0,-0.0030742109034056497,0.025444411817939105,0.5160198460333177,0.5275,outer_01,sigmoid,0.0
1302,2016-01-25,1303,1308,2016-01-26,2016-02-02,0.017725854709691014,1.0,0.008968751315733492,0.028961780967282635,0.5149488284448682,0.5275,outer_01,sigmoid,0.0
1303,2016-01-26,1304,1309,2016-01-27,2016-02-03,0.0073399232547011195,1.0,0.011150329192658681,0.046778956923635207,0.5114032564892573,0.5275,outer_01,sigmoid,0.0
1304,2016-01-27,1305,1310,2016-01-28,2016-02-04,0.014106174013394757,1.0,0.004160640342859345,0.051201583120756844,0.5086402896214967,0.5275,outer_01,sigmoid,0.0
1305,2016-01-28,1306,1311,2016-01-29,2016-02-05,0.03538282548339833,1.0,-0.009361223142302144,0.048921199067084586,0.5109338023943113,0.5275,outer_01,sigmoid,0.0
1306,2016-01-29,1307,1312,2016-02-01,2016-02-08,0.046061234428400155,1.0,0.003323973727121121,0.0524053997513203,0.511052448124484,0.5275,outer_01,sigmoid,0.0
1307,2016-02-01,1308,1313,2016-02-02,2016-02-09,0.054007499944892956,1.0,0.009241683326296268,0.048983825076879484,0.5084681640439744,0.5275,outer_01,sigmoid,0.0
1308,2016-02-02,1309,1314,2016-02-03,2016-02-10,0.05290485545916024,1.0,0.00022153399086644043,0.045823242022688504,0.5078563191626405,0.5275,outer_01,sigmoid,0.0
1309,2016-02-03,1310,1315,2016-02-04,2016-02-11,0.04718873305983973,1.0,0.012083142749263587,0.04414343193212211,0.5122775801765458,0.5275,outer_01,sigmoid,0.0
1310,2016-02-04,1311,1316,2016-02-05,2016-02-12,0.07694501459617786,1.0,0.011333193505231876,0.04101639727251438,0.5178690771351893,0.5275,outer_01,sigmoid,0.0
1311,2016-02-05,1312,1317,2016-02-08,2016-02-15,0.05295222262174448,1.0,0.015203735537581586,0.060811650199736,0.51284271685176,0.5275,outer_01,sigmoid,0.0
1312,2016-02-08,1313,1318,2016-02-09,2016-02-16,0.015318625701070232,1.0,0.014354394446579377,0.08285052033741191,0.5170406822631275,0.5275,outer_01,sigmoid,0.0
1313,2016-02-09,1314,1319,2016-02-10,2016-02-17,0.01097860062232403,1.0,-0.0010593666651281808,0.0872102288502381,0.5156722790137606,0.5275,outer_01,sigmoid,0.0
1314,2016-02-10,1315,1320,2016-02-11,2016-02-18,0.009389896539986786,1.0,0.007250143862568059,0.09064016496392391,0.5160103433075843,0.5275,outer_01,sigmoid,0.0
1315,2016-02-11,1316,1321,2016-02-12,2016-02-19,-0.013602578452868386,0.0,0.041942119236626496,0.14775649501030674,0.5184211760062795,0.5275,outer_01,sigmoid,0.0
1316,2016-02-12,1317,1322,2016-02-15,2016-02-22,-0.005763329369623982,0.0,-0.008500833311975597,0.12859948255706133,0.5203415725671984,0.5275,outer_01,sigmoid,0.0
1317,2016-02-15,1318,1323,2016-02-16,2016-02-23,8.270853924408073e-06,1.0,-0.02375070778026167,0.10470182400504324,0.5251044157617588,0.5275,outer_01,sigmoid,0.0
1318,2016-02-16,1319,1324,2016-02-17,2016-02-24,0.02016062882982439,1.0,-0.007921655640859449,0.09834262559959761,0.52431361091054,0.5275,outer_01,sigmoid,0.0
1319,2016-02-17,1320,1325,2016-02-18,2016-02-25,0.01542662431277897,1.0,0.007292875701388368,0.09315824837468867,0.5202092970368832,0.5275,outer_01,sigmoid,0.0
1320,2016-02-18,1321,1326,2016-02-19,2016-02-26,0.0010392141878670103,1.0,0.018319795978304576,0.11117831546914658,0.369253439492502,0.49607535321821034,outer_02,none,0.0
1321,2016-02-19,1322,1327,2016-02-22,2016-02-29,-0.004861092268058087,0.0,-0.002733998464510279,0.11151852790804195,0.26885715564534696,0.49607535321821034,outer_02,none,0.0
1322,2016-02-22,1323,1328,2016-02-23,2016-03-01,0.024493487911135148,1.0,-0.01549476541664152,0.08705501117566694,0.3427717511551422,0.49607535321821034,outer_02,none,0.0
1323,2016-02-23,1324,1329,2016-02-24,2016-03-02,0.003514513172616418,1.0,0.014801942625218167,0.09070662460822643,0.33302322396895295,0.49607535321821034,outer_02,none,0.0
1324,2016-02-24,1325,1330,2016-02-25,2016-03-03,0.01187904935597306,1.0,0.0022234810289338824,0.08876946529430096,0.3489247009768079,0.49607535321821034,outer_02,none,0.0
1325,2016-02-25,1326,1331,2016-02-26,2016-03-04,0.024084027081461734,1.0,0.0032732721712998014,0.10140396060790291,0.23136645717624144,0.49607535321821034,outer_02,none,0.0
1326,2016-02-26,1327,1332,2016-02-29,2016-03-07,0.03293059693264233,1.0,-0.008043942873446674,0.09003604400733511,0.28706075815942045,0.49607535321821034,outer_02,none,0.0
1327,2016-02-29,1328,1333,2016-03-01,2016-03-08,0.02184906530058406,1.0,0.01217099708250391,0.09296535776354276,0.1982033350742848,0.49607535321821034,outer_02,none,0.0
1328,2016-03-01,1329,1334,2016-03-02,2016-03-09,0.024277554597642137,1.0,-0.005449693025354918,0.0872941307473214,0.23504743085613217,0.49607535321821034,outer_02,none,0.0
1329,2016-03-02,1330,1335,2016-03-03,2016-03-10,0.009021170575201687,1.0,0.006894179414698165,0.08210516741275597,0.21614536318394797,0.49607535321821034,outer_02,none,0.0
1330,2016-03-03,1331,1336,2016-03-04,2016-03-11,0.005947203672707069,1.0,0.020291245358575516,0.09106321926609962,0.16076849426351236,0.49607535321821034,outer_02,none,0.0
1331,2016-03-04,1332,1337,2016-03-07,2016-03-14,-0.006650152134910492,0.0,-0.005332205052379635,0.0705272786761384,0.20363991549377283,0.49607535321821034,outer_02,none,0.0
1332,2016-03-07,1333,1338,2016-03-08,2016-03-15,-0.02497731381100099,0.0,0.00668252684730497,0.06285541107686399,0.17459270513812697,0.49607535321821034,outer_02,none,0.0
1333,2016-03-08,1334,1339,2016-03-09,2016-03-16,-0.02311690141738687,0.0,-0.0045240356827846995,0.05939074205920747,0.1708079111357842,0.49607535321821034,outer_02,none,0.0
1334,2016-03-09,1335,1340,2016-03-10,2016-03-17,0.005381835803824231,1.0,-0.0068565879229334215,0.04528401027370599,0.20377115555063935,0.49607535321821034,outer_02,none,0.0
1335,2016-03-10,1336,1341,2016-03-11,2016-03-18,-0.008882479038267554,0.0,0.015129840347836598,0.01847173138491609,0.12487463511764167,0.49607535321821034,outer_02,none,0.0
1336,2016-03-11,1337,1342,2016-03-14,2016-03-21,0.002482054275253276,1.0,-0.01804738001561912,0.008925184681272569,0.20391177270590613,0.49607535321821034,outer_02,none,0.0
1337,2016-03-14,1338,1343,2016-03-15,2016-03-22,0.006769566951658312,1.0,-0.011456391428318113,0.021219501033216126,0.28594060049126047,0.49607535321821034,outer_02,none,0.0
1338,2016-03-15,1339,1344,2016-03-16,2016-03-23,0.012046104140133629,1.0,-0.0020750258717994186,0.027066130802276156,0.2212912611461837,0.49607535321821034,outer_02,none,0.0
1339,2016-03-16,1340,1345,2016-03-17,2016-03-24,-0.029695139802758064,0.0,0.023733515129658933,0.04350677023054672,0.15850349850472442,0.49607535321821034,outer_02,none,0.0
1340,2016-03-17,1341,1346,2016-03-18,2016-03-28,-0.03589577370174002,0.0,-0.0034289013498511878,0.021758072902390957,0.0912017207792974,0.49607535321821034,outer_02,none,0.0
1341,2016-03-18,1342,1347,2016-03-21,2016-03-29,-0.027270560998575277,0.0,-0.002133113402159381,0.022358957964741855,0.13976841996279019,0.49607535321821034,outer_02,none,0.0
1342,2016-03-21,1343,1348,2016-03-22,2016-03-30,-0.0017384450128323792,0.0,-0.009285712393284129,0.028568010988099246,0.22235370907201701,0.49607535321821034,outer_02,none,0.0
1343,2016-03-22,1344,1349,2016-03-23,2016-03-31,-0.01768340487465281,0.0,0.0036605377547305196,0.0174266061176116,0.2283279263733779,0.49607535321821034,outer_02,none,0.0
1344,2016-03-23,1345,1350,2016-03-24,2016-04-01,0.0072937405944113465,1.0,-0.022584859501855625,-0.0073817344131779095,0.27579032926273844,0.49607535321821034,outer_02,none,0.0
1345,2016-03-24,1346,1351,2016-03-28,2016-04-04,0.004928951078020383,1.0,-0.0024699981785269998,-0.01312500476300471,0.3062016122204126,0.49607535321821034,outer_02,none,0.0
1346,2016-03-28,1347,1352,2016-03-29,2016-04-05,-0.004186338968444225,0.0,0.0034612043773067924,-0.0016198575122512437,0.30683937842744363,0.49607535321821034,outer_02,none,0.0
1347,2016-03-29,1348,1353,2016-03-30,2016-04-06,-0.00890038321182196,0.0,0.015743239624899985,0.001952385030144832,0.20739210908547218,0.49607535321821034,outer_02,none,0.0
1348,2016-03-30,1349,1354,2016-03-31,2016-04-07,-0.0023685081310915734,0.0,-0.013191925786980363,-0.005789847731480613,0.22997446171614838,0.49607535321821034,outer_02,none,0.0
1349,2016-03-31,1350,1355,2016-04-01,2016-04-08,0.0063215275288213135,1.0,0.006496013726061456,-0.006188013420117322,0.19069082598237042,0.49607535321821034,outer_02,none,0.0
1350,2016-04-01,1351,1356,2016-04-04,2016-04-11,0.019862077319213967,1.0,-0.00837615913281109,-0.03485541791150393,0.25468008027748595,0.49607535321821034,outer_02,none,0.0
1351,2016-04-04,1352,1357,2016-04-05,2016-04-12,0.0327314450871814,1.0,-0.0054231358120713224,-0.034946348671195615,0.26881159265238286,0.49607535321821034,outer_02,none,0.0
1352,2016-04-05,1353,1358,2016-04-06,2016-04-13,0.020282027324048713,1.0,0.012199560955311384,-0.0294293145631892,0.1731472655679499,0.49607535321821034,outer_02,none,0.0
1353,2016-04-06,1354,1359,2016-04-07,2016-04-14,0.01580316657853853,1.0,-0.006882799852344412,-0.031788078732748914,0.25021689258504853,0.49607535321821034,outer_02,none,0.0
1354,2016-04-07,1355,1360,2016-04-08,2016-04-15,-0.009737664763458831,0.0,0.015081723190654373,-0.00984976761916112,0.09037514500464564,0.49607535321821034,outer_02,none,0.0
1355,2016-04-08,1356,1361,2016-04-11,2016-04-18,-0.00816317894165941,0.0,-8.867070527251997e-05,-0.02506827867227024,0.1024960545678871,0.49607535321821034,outer_02,none,0.0
1356,2016-04-11,1357,1362,2016-04-12,2016-04-19,-0.01959932829558486,0.0,0.01362711239481218,0.00660621373816106,0.0975263753813038,0.49607535321821034,outer_02,none,0.0
1357,2016-04-12,1358,1363,2016-04-13,2016-04-20,-0.004733953941371105,0.0,-0.0016713627881941306,0.016391242378285042,0.10360619702762631,0.49607535321821034,outer_02,none,0.0
1358,2016-04-13,1359,1364,2016-04-14,2016-04-21,0.0010779503899556175,1.0,-0.009805687376782224,0.008660580873302237,0.1252354013247751,0.49607535321821034,outer_02,none,0.0
1359,2016-04-14,1360,1365,2016-04-15,2016-04-22,0.016404275703550297,1.0,-0.013630555760537177,-0.028703490016893873,0.14986796616846243,0.49607535321821034,outer_02,none,0.0
1360,2016-04-15,1361,1366,2016-04-18,2016-04-25,-0.001978207935291465,0.0,0.006016131573637118,-0.019258457093405568,0.15686172999059694,0.49607535321821034,outer_02,none,0.0
1361,2016-04-18,1362,1367,2016-04-19,2016-04-26,0.004907687206931577,1.0,-0.0009406804407721125,-0.0180660241320183,0.13598754880628908,0.49607535321821034,outer_02,none,0.0
1362,2016-04-19,1363,1368,2016-04-20,2016-04-27,-0.005520575705782349,0.0,0.01421011675001882,0.00542980501128465,0.09554178915796022,0.49607535321821034,outer_02,none,0.0
1363,2016-04-20,1364,1369,2016-04-21,2016-04-28,0.0013096736928277508,1.0,-0.005220729526231871,-0.003451462269677741,0.10237888285567573,0.49607535321821034,outer_02,none,0.0
1364,2016-04-21,1365,1370,2016-04-22,2016-04-29,0.014545132301555519,1.0,0.004068259190828982,0.023201656423006867,0.13178986049691782,0.49607535321821034,outer_02,none,0.0
1365,2016-04-22,1366,1371,2016-04-25,2016-05-02,0.04787695422737226,1.0,-0.012927844767575358,0.012743809833958508,0.21100872559174114,0.49607535321821034,outer_02,none,0.0
1366,2016-04-25,1367,1372,2016-04-26,2016-05-03,0.042901215798888614,1.0,0.003861993359896232,0.013144598816547948,0.21485280991708045,0.49607535321821034,outer_02,none,0.0
1367,2016-04-26,1368,1373,2016-04-27,2016-05-04,0.033803918685523904,1.0,0.004981511039064301,0.002382870230712264,0.18779404516789383,0.49607535321821034,outer_02,none,0.0
1368,2016-04-27,1369,1374,2016-04-28,2016-05-05,0.027106395399204786,1.0,0.001847642372298175,0.017422438389990802,0.15992930514663795,0.49607535321821034,outer_02,none,0.0
1369,2016-04-28,1370,1375,2016-04-29,2016-05-06,0.009082286042480625,1.0,0.01616899654835091,0.027095421212280257,0.13485062064370174,0.49607535321821034,outer_02,none,0.0
1370,2016-04-29,1371,1376,2016-05-02,2016-05-09,-0.006566205426872251,0.0,0.021399504867130048,0.056871085212221395,0.2273956517056318,0.49607535321821034,outer_02,none,0.0
1371,2016-05-02,1372,1377,2016-05-03,2016-05-10,-0.02195603275679847,0.0,-0.0018878732995171177,0.0604063477247756,0.31937714124147826,0.49607535321821034,outer_02,none,0.0
1372,2016-05-03,1373,1378,2016-05-04,2016-05-11,-0.015269147572983144,0.0,-0.003809794448928372,0.044396992320535844,0.36892017092781165,0.49607535321821034,outer_02,none,0.0
1373,2016-05-04,1374,1379,2016-05-05,2016-05-12,-0.001665943578983864,0.0,-0.005159712776740655,0.0461200793961396,0.4011944592841164,0.49607535321821034,outer_02,none,0.0
1374,2016-05-05,1375,1380,2016-05-06,2016-05-13,-0.010544719554903992,0.0,-0.001266713751361337,0.029771642454123892,0.41244020855689223,0.49607535321821034,outer_02,none,0.0
1375,2016-05-06,1376,1381,2016-05-09,2016-05-16,-0.00897182688357212,0.0,0.008344776869622983,0.038205090029019395,0.3319680362497733,0.49607535321821034,outer_02,none,0.0
1376,2016-05-09,1377,1382,2016-05-10,2016-05-17,0.007919319906767974,1.0,-0.020150453143704894,0.0044275244905023214,0.2886829257624227,0.49607535321821034,outer_02,none,0.0
1377,2016-05-10,1378,1383,2016-05-11,2016-05-18,0.011169088045350328,1.0,0.002419700378779588,0.00851858765747604,0.3151593222224272,0.49607535321821034,outer_02,none,0.0
1378,2016-05-11,1379,1384,2016-05-12,2016-05-19,-0.014873387441549646,0.0,0.00862674276253017,0.026951017796788435,0.42690602939146316,0.49607535321821034,outer_02,none,0.0
1379,2016-05-12,1380,1385,2016-05-13,2016-05-20,-0.00668320105092679,0.0,-0.010785213221874201,0.02979636033545141,0.4368170181457202,0.49607535321821034,outer_02,none,0.0
1380,2016-05-13,1381,1386,2016-05-16,2016-05-23,-0.017740828185931257,0.0,0.007789625940894496,0.03156985470270879,0.3482416818129653,0.49607535321821034,outer_02,none,0.0
1381,2016-05-16,1382,1387,2016-05-17,2016-05-24,-0.02008930658644381,0.0,0.00025128390501816256,0.03276181904849906,0.3946564231715996,0.49607535321821034,outer_02,none,0.0
1382,2016-05-17,1383,1388,2016-05-18,2016-05-25,-0.04212366353988806,0.0,0.0044185462505605955,0.02297024854904084,0.3943452847674013,0.49607535321821034,outer_02,none,0.0
1383,2016-05-18,1384,1389,2016-05-19,2016-05-26,-0.02840630802513555,0.0,-0.016854021531605312,0.011336956543667398,0.4042270176495988,0.49607535321821034,outer_02,none,0.0
1384,2016-05-19,1385,1390,2016-05-20,2016-05-27,-0.028711884225224082,0.0,-0.002929845094442385,0.004338852258396031,0.4389653118220492,0.49607535321821034,outer_02,none,0.0
1385,2016-05-20,1386,1391,2016-05-23,2016-05-30,-0.030376594193765705,0.0,-0.0018275340167512866,0.015439163009220103,0.49095486767247176,0.49607535321821034,outer_02,none,0.0
1386,2016-05-23,1387,1392,2016-05-24,2016-05-31,-0.03393082298844341,0.0,-0.0023271539665916663,0.009250015682732204,0.44162737696109416,0.49607535321821034,outer_02,none,0.0
1387,2016-05-24,1388,1393,2016-05-25,2016-06-01,-0.009371909692205804,0.0,-0.018015594086871367,-0.013747089443203464,0.2754981586298297,0.49607535321821034,outer_02,none,0.0
1388,2016-05-25,1389,1394,2016-05-26,2016-06-02,-0.008652802917316293,0.0,-0.0019338814609612953,-0.017528613276462934,0.2763934757846495,0.49607535321821034,outer_02,none,0.0
1389,2016-05-26,1390,1395,2016-05-27,2016-06-03,-0.00807262299093825,0.0,-0.0038544207788193674,-0.03755203060363321,0.2497412379047752,0.49607535321821034,outer_02,none,0.0
1390,2016-05-27,1391,1396,2016-05-30,2016-06-06,0.025293074181837127,1.0,-0.0065645209946954,-0.06551605646545866,0.2845193610157848,0.49607535321821034,outer_02,none,0.0
1391,2016-05-30,1392,1397,2016-05-31,2016-06-07,0.0308831160321672,1.0,-0.003505526441903939,-0.06713370960784548,0.3692920826765991,0.49607535321821034,outer_02,none,0.0
1392,2016-05-31,1393,1398,2016-06-01,2016-06-08,0.023255066215182474,1.0,0.006340630866125352,-0.05698328429279176,0.5421617016013697,0.49607535321821034,outer_02,none,0.0
1393,2016-06-01,1394,1399,2016-06-02,2016-06-09,0.03941603977425778,1.0,-0.002067844124475471,-0.053891415640526574,0.5708041363942035,0.49607535321821034,outer_02,none,0.0
1394,2016-06-02,1395,1400,2016-06-03,2016-06-10,0.04756502311711319,1.0,-0.0012708369427807398,-0.05389553883194598,0.4828651219932626,0.49607535321821034,outer_02,none,0.0
1395,2016-06-03,1396,1401,2016-06-06,2016-06-13,0.024371017475845136,1.0,0.027270640969732085,-0.034969674731836875,0.4220627941999087,0.49607535321821034,outer_02,none,0.0
1396,2016-06-06,1397,1402,2016-06-07,2016-06-14,0.03031637915744767,1.0,0.00030529445083349316,-0.014513927137298488,0.4312399806990799,0.49607535321821034,outer_02,none,0.0
1397,2016-06-07,1398,1403,2016-06-08,2016-06-15,0.03178811688316596,1.0,-0.00048208647958070117,-0.017415713995658777,0.3852304477811919,0.49607535321821034,outer_02,none,0.0
1398,2016-06-08,1399,1404,2016-06-09,2016-06-16,0.024715811665502407,1.0,0.014005887077038537,-0.01203656968115041,0.405608499883251,0.49607535321821034,outer_02,none,0.0
1399,2016-06-09,1400,1405,2016-06-10,2016-06-17,0.007613074686312338,1.0,0.005910350807076803,0.0046589943478005935,0.41992055114162985,0.49607535321821034,outer_02,none,0.0
1400,2016-06-10,1401,1406,2016-06-13,2016-06-20,0.00890359602169788,1.0,0.003735176691333386,0.000604545098239484,0.37023457374394175,0.49607535321821034,outer_02,none,0.0
1401,2016-06-13,1402,1407,2016-06-14,2016-06-21,0.0050291789994858505,1.0,0.007662453340625319,0.00801571453384664,0.36713680292307493,0.49607535321821034,outer_02,none,0.0
1402,2016-06-14,1403,1408,2016-06-15,2016-06-22,-0.011924523645425289,0.0,0.0015565780225417214,0.005153746305827767,0.35552380883316903,0.49607535321821034,outer_02,none,0.0
1403,2016-06-15,1404,1409,2016-06-16,2016-06-23,-0.023179262894589492,0.0,0.004376544399694815,0.026384312237127894,0.415760375785326,0.49607535321821034,outer_02,none,0.0
1404,2016-06-16,1405,1410,2016-06-17,2016-06-24,-0.020482305910240584,0.0,-0.009929038174654181,0.019385119156916097,0.48677228074550694,0.49607535321821034,outer_02,none,0.0
1405,2016-06-17,1406,1411,2016-06-20,2016-06-27,0.030643236767886606,1.0,0.015365219064055857,0.03657787223772324,0.40744331606362455,0.49607535321821034,outer_02,none,0.0
1406,2016-06-20,1407,1412,2016-06-21,2016-06-28,0.026254774397610703,1.0,-0.006799856205133459,0.03210516999918145,0.4085029010829341,0.49607535321821034,outer_02,none,0.0
1407,2016-06-21,1408,1413,2016-06-22,2016-06-29,0.032721218725774825,1.0,-0.017654442017430938,0.03246632206862188,0.492083920340824,0.49607535321821034,outer_02,none,0.0
1408,2016-06-22,1409,1414,2016-06-23,2016-06-30,0.04190977344202729,1.0,-0.0008842431613080848,0.03351596036827509,0.3803088517255915,0.49607535321821034,outer_02,none,0.0
1409,2016-06-23,1410,1415,2016-06-24,2016-07-01,0.05400379506653685,1.0,-0.008009495558765067,0.02936088558832939,0.3994299228115442,0.49607535321821034,outer_02,none,0.0
1410,2016-06-24,1411,1416,2016-06-27,2016-07-04,0.010128682242532605,1.0,0.04644582117407303,0.08237122775709782,0.3774695699282339,0.49607535321821034,outer_02,none,0.0
1411,2016-06-27,1412,1417,2016-06-28,2016-07-05,0.018831567438653884,1.0,0.006975847719907335,0.0928526019189091,0.5912598640164061,0.49607535321821034,outer_02,none,0.0
1412,2016-06-28,1413,1418,2016-06-29,2016-07-06,0.0338016861890722,1.0,-0.009761576855028764,0.07675039419775498,0.5892069856961544,0.49607535321821034,outer_02,none,0.0
1413,2016-06-29,1414,1419,2016-06-30,2016-07-07,0.033552882548267604,1.0,0.005010255252992479,0.08382849357522293,0.5287846647378017,0.49607535321821034,outer_02,none,0.0
1414,2016-06-30,1415,1420,2016-07-01,2016-07-08,0.027319274203338573,1.0,0.002257422801093867,0.08735675331909754,0.46229345267395705,0.49607535321821034,outer_02,none,0.0
1415,2016-07-01,1416,1421,2016-07-04,2016-07-11,0.02128557047025481,1.0,0.015541670103441874,0.07562778245280732,0.508627883328446,0.49607535321821034,outer_02,none,0.0
1416,2016-07-04,1417,1422,2016-07-05,2016-07-12,0.004422429926300708,1.0,0.006349557742357348,0.08167204574433118,0.5204848991058053,0.49607535321821034,outer_02,none,0.0
1417,2016-07-05,1418,1423,2016-07-06,2016-07-13,-0.01713280672016193,0.0,0.0038420948233239827,0.08599622704723586,0.3348290492029407,0.49607535321821034,outer_02,none,0.0
1418,2016-07-06,1419,1424,2016-07-07,2016-07-14,-0.014526167359872666,0.0,0.005625614624571007,0.07761595459476833,0.3502877052359819,0.49607535321821034,outer_02,none,0.0
1419,2016-07-07,1420,1425,2016-07-08,2016-07-15,-0.017687753074006274,0.0,-0.002496366881810985,0.06920923690588054,0.4156262498552344,0.49607535321821034,outer_02,none,0.0
1420,2016-07-08,1421,1426,2016-07-11,2016-07-18,-0.02539969443069534,0.0,0.003412584360632742,0.0688866445751799,0.34129948597536064,0.49607535321821034,outer_02,none,0.0
1421,2016-07-11,1422,1427,2016-07-12,2016-07-19,-0.02015466942088029,0.0,-0.00761908447643922,0.05360510675811536,0.40263777280016483,0.49607535321821034,outer_02,none,0.0
1422,2016-07-12,1423,1428,2016-07-13,2016-07-20,-0.0012827968226352127,0.0,-0.016292108431682273,0.03575642030389137,0.41031115308290744,0.49607535321821034,outer_02,none,0.0
1423,2016-07-13,1424,1429,2016-07-14,2016-07-21,-0.021876813450942834,0.0,0.007326697348219113,0.038706573252415666,0.3299090861891227,0.49607535321821034,outer_02,none,0.0
1424,2016-07-14,1425,1430,2016-07-15,2016-07-22,-0.003405573724511335,0.0,-0.005939479771295275,0.04269613165577457,0.3641837193229949,0.49607535321821034,outer_02,none,0.0
1425,2016-07-15,1426,1431,2016-07-18,2016-07-25,-0.009292655391055504,0.0,0.002813509686619753,0.030144422278338467,0.28774574896583716,0.49607535321821034,outer_02,none,0.0
1426,2016-07-18,1427,1432,2016-07-19,2016-07-26,-0.009783044466088242,0.0,-0.007440052919821305,0.02950422556365062,0.32929285641353045,0.49607535321821034,outer_02,none,0.0
1427,2016-07-19,1428,1433,2016-07-20,2016-07-27,-0.009730638284525028,0.0,0.0026763914784382337,0.04983505905951979,0.3729886989811022,0.49607535321821034,outer_02,none,0.0
1428,2016-07-20,1429,1434,2016-07-21,2016-07-28,0.018505361653370578,1.0,-0.012533830841521265,0.03818547137930661,0.4682023700531107,0.49607535321821034,outer_02,none,0.0
1429,2016-07-21,1430,1435,2016-07-22,2016-07-29,0.00339808519132756,1.0,0.011925505781925416,0.058120472719997096,0.33435563504003657,0.49607535321821034,outer_02,none,0.0
1430,2016-07-22,1431,1436,2016-07-25,2016-08-01,0.021584594774429533,1.0,-0.0065799876374992294,0.005094663908424835,0.328408429493126,0.49607535321821034,outer_02,none,0.0
1431,2016-07-25,1432,1437,2016-07-26,2016-08-02,0.028342569875029255,1.0,-0.0050262600367396715,-0.006907443848222172,0.4397722735292038,0.49607535321821034,outer_02,none,0.0
1432,2016-07-26,1433,1438,2016-07-27,2016-08-03,0.03273431649091485,1.0,0.003368794821657417,0.006222927828464009,0.35134096656864844,0.49607535321821034,outer_02,none,0.0
1433,2016-07-27,1434,1439,2016-07-28,2016-08-04,0.01427292168869787,1.0,0.014483307395352973,0.015695979970824503,0.3425663137140585,0.49607535321821034,outer_02,none,0.0
1434,2016-07-28,1435,1440,2016-07-29,2016-08-05,0.01898927380035076,1.0,-0.0030955841646864712,0.010342973005044165,0.2959473899488088,0.49607535321821034,outer_02,none,0.0
1435,2016-07-29,1436,1441,2016-08-01,2016-08-08,-0.013206825086483853,0.0,0.011755513329842593,0.006556816231444884,0.257180867817599,0.49607535321821034,outer_02,none,0.0
1436,2016-08-01,1437,1442,2016-08-02,2016-08-09,-0.01346017486985307,0.0,0.0011982959005321092,0.0014055543896196454,0.2567372414144724,0.49607535321821034,outer_02,none,0.0
1437,2016-08-02,1438,1443,2016-08-03,2016-08-10,-0.017173107037493196,0.0,0.00805482193271434,0.005618281499010003,0.24450897988816625,0.49607535321821034,outer_02,none,0.0
1438,2016-08-03,1439,1444,2016-08-04,2016-08-11,-0.0078976384938656,0.0,-0.004056115075904643,-0.004063448201465647,0.19250198146889003,0.49607535321821034,outer_02,none,0.0
1439,2016-08-04,1440,1445,2016-08-05,2016-08-12,-0.017006771533233156,0.0,0.002066853492746823,0.0004997721730921612,0.1757538283263142,0.49607535321821034,outer_02,none,0.0
1440,2016-08-05,1441,1446,2016-08-08,2016-08-15,0.0031760088419447996,1.0,-0.01785927230104356,-0.02077208448858414,0.28233648053440963,0.49607535321821034,outer_02,none,0.0
1441,2016-08-08,1442,1447,2016-08-09,2016-08-16,0.0034847149159284996,1.0,-0.0014222410924844553,-0.014575241104629377,0.2178473387943795,0.49607535321821034,outer_02,none,0.0
1442,2016-08-09,1443,1448,2016-08-10,2016-08-17,0.004140792666031068,1.0,0.0040965587935231085,0.005813426120576004,0.20719796517677896,0.49607535321821034,outer_02,none,0.0
1443,2016-08-10,1444,1449,2016-08-11,2016-08-18,0.0019432171540376686,1.0,0.004131852739409858,0.002618581511766749,0.17234173399456656,0.49607535321821034,outer_02,none,0.0
1444,2016-08-11,1445,1450,2016-08-12,2016-08-19,0.01047542598046558,1.0,-0.00561753188953773,0.0029405293935242938,0.1758501362517791,0.49607535321821034,outer_02,none,0.0
1445,2016-08-12,1446,1451,2016-08-15,2016-08-22,0.0009045140349135394,1.0,-0.0014055866899349567,-0.0012785669830304158,0.21773730997587937,0.49607535321821034,outer_02,none,0.0
1446,2016-08-15,1447,1452,2016-08-16,2016-08-23,-0.0005674945269609211,0.0,0.0019583081100105204,0.00811979404680141,0.2311073861449931,0.49607535321821034,outer_02,none,0.0
1447,2016-08-16,1448,1453,2016-08-17,2016-08-24,-0.00579145722776353,0.0,0.005339661253216832,0.010783063821580008,0.18824720158063799,0.49607535321821034,outer_02,none,0.0
1448,2016-08-17,1449,1454,2016-08-18,2016-08-25,-0.01814690290588583,0.0,0.0015362867193831065,0.02485318138248438,0.195399355891575,0.49607535321821034,outer_02,none,0.0
1449,2016-08-18,1450,1455,2016-08-19,2016-08-26,-0.02262649958750451,0.0,0.0027623406355026248,0.015690016236061588,0.14296501371140893,0.49607535321821034,outer_02,none,0.0
1450,2016-08-19,1451,1456,2016-08-22,2016-08-29,-0.014154427450667306,0.0,-0.008354763813591681,0.013915240059969136,0.2060976158745875,0.49607535321821034,outer_02,none,0.0
1451,2016-08-22,1452,1457,2016-08-23,2016-08-30,-0.011667393777226032,0.0,-0.00170924263963812,0.017232257457070688,0.24180227590657352,0.49607535321821034,outer_02,none,0.0
1452,2016-08-23,1453,1458,2016-08-24,2016-08-31,-0.019931957281068335,0.0,-0.00042589915800217426,0.013437563477411096,0.2807973365899346,0.49607535321821034,outer_02,none,0.0
1453,2016-08-24,1454,1459,2016-08-25,2016-09-01,-0.011787120694164877,0.0,-0.010638877788470502,-0.01168462170641238,0.30248363130786293,0.49607535321821034,outer_02,none,0.0
1454,2016-08-25,1455,1460,2016-08-26,2016-09-02,-0.006138968980670789,0.0,-0.0018447399914993667,-0.010433777533225275,0.20966813682595534,0.49607535321821034,outer_02,none,0.0
1455,2016-08-26,1456,1461,2016-08-29,2016-09-05,0.003933052501031042,1.0,0.00029508457413562894,-0.02189420628893224,0.31424482064116627,0.49607535321821034,outer_02,none,0.0
1456,2016-08-29,1457,1462,2016-08-30,2016-09-06,0.002181536318905053,1.0,0.0010585612118498844,-0.022033940977614463,0.3050494510528182,0.49607535321821034,outer_02,none,0.0
1457,2016-08-30,1458,1463,2016-08-31,2016-09-07,0.02769839380468575,1.0,-0.009788923135715777,-0.03987768604604458,0.3367277832040044,0.49607535321821034,outer_02,none,0.0
1458,2016-08-31,1459,1464,2016-09-01,2016-09-08,0.026556933369262126,1.0,-0.0011835811962912501,-0.03700515216643119,0.4052004929621718,0.49607535321821034,outer_02,none,0.0
1459,2016-09-01,1460,1465,2016-09-02,2016-09-09,0.018454451128356197,1.0,0.003150569975192141,-0.03592143568398587,0.4299675736305166,0.49607535321821034,outer_02,none,0.0
1460,2016-09-02,1461,1466,2016-09-05,2016-09-12,0.0028342938143657292,1.0,0.008992607249712847,-0.009069556133229462,0.31559160524386387,0.49607535321821034,outer_02,none,0.0
1461,2016-09-05,1462,1467,2016-09-06,2016-09-13,0.000911965272862858,1.0,0.0015160603444615006,-0.006131254696283506,0.3050091808709205,0.49607535321821034,outer_02,none,0.0
1462,2016-09-06,1463,1468,2016-09-07,2016-09-14,-0.022002972373839746,0.0,0.017519601506038818,0.0072917880162322035,0.2477357332335056,0.49607535321821034,outer_02,none,0.0
1463,2016-09-07,1464,1469,2016-09-08,2016-09-15,-0.016771331475904816,0.0,-0.004096480682248327,-0.0009365454054259814,0.23764984836776964,0.49607535321821034,outer_02,none,0.0
1464,2016-09-08,1465,1470,2016-09-09,2016-09-16,-0.017336159335479273,0.0,-0.005286342784663667,-0.000605356300551918,0.2608003639879186,0.49607535321821034,outer_02,none,0.0
1465,2016-09-09,1466,1471,2016-09-12,2016-09-19,-0.01414560110327745,0.0,-0.007368312220639162,-0.006568081831256123,0.24611265641789093,0.49607535321821034,outer_02,none,0.0
1466,2016-09-12,1467,1472,2016-09-13,2016-09-20,-0.010777998668755728,0.0,-0.0003389562439943816,-0.008865346185261025,0.23861944750702108,0.49607535321821034,outer_02,none,0.0
1467,2016-09-13,1468,1473,2016-09-14,2016-09-21,-0.0030603938605491265,0.0,-0.007213041911223073,-0.02141804934970093,0.17255374488614927,0.49607535321821034,outer_02,none,0.0
1468,2016-09-14,1469,1474,2016-09-15,2016-09-22,0.008447064410274763,1.0,0.0031365800654254983,-0.019817756003658538,0.1981951936014048,0.49607535321821034,outer_02,none,0.0
1469,2016-09-15,1470,1475,2016-09-16,2016-09-23,0.01673070348722927,1.0,-0.00574271697595119,-0.028322813615112352,0.19396511930491206,0.49607535321821034,outer_02,none,0.0
1470,2016-09-16,1471,1476,2016-09-19,2016-09-26,0.020224236597226053,1.0,-0.003620334204586406,-0.023588384006107077,0.22416935998920848,0.49607535321821034,outer_02,none,0.0
1471,2016-09-19,1472,1477,2016-09-20,2016-09-27,0.018881223506476807,1.0,0.0027069600611220324,-0.019172181305346925,0.23998836305436128,0.49607535321821034,outer_02,none,0.0
1472,2016-09-20,1473,1478,2016-09-21,2016-09-28,0.009062785616720248,1.0,0.0012556744811202947,-0.017490607666224456,0.20930908455915082,0.49607535321821034,outer_02,none,0.0
1473,2016-09-21,1474,1479,2016-09-22,2016-09-29,-0.009188264583372074,0.0,0.015889996998319944,0.00903826712056599,0.2604854659897412,0.49607535321821034,outer_02,none,0.0
1474,2016-09-22,1475,1480,2016-09-23,2016-09-30,-0.012156466701382485,0.0,0.0013464791609569815,0.012229486273022339,0.31610947322256183,0.49607535321821034,outer_02,none,0.0
1475,2016-09-23,1476,1481,2016-09-26,2016-10-03,-0.014620914767206727,0.0,0.0007472613221546354,0.012681663021041345,0.2770440283348311,0.49607535321821034,outer_02,none,0.0
1476,2016-09-26,1477,1482,2016-09-27,2016-10-04,-0.019963153103738307,0.0,-0.0006426111153752245,0.010980490693816236,0.3342065228437529,0.49607535321821034,outer_02,none,0.0
1477,2016-09-27,1478,1483,2016-09-28,2016-10-05,-0.04503811095155541,0.0,-0.008248537233965791,0.012520876595566222,0.40755063694054405,0.49607535321821034,outer_02,none,0.0
1478,2016-09-28,1479,1484,2016-09-29,2016-10-06,-0.04170698577699028,0.0,-0.004078031886882272,0.0096264259049752,0.3558102935991674,0.49607535321821034,outer_02,none,0.0
1479,2016-09-29,1480,1485,2016-09-30,2016-10-07,-0.0512984728317587,0.0,-0.0008100323320272551,0.005665823597755804,0.24958848673490616,0.49607535321821034,outer_02,none,0.0
1480,2016-09-30,1481,1486,2016-10-03,2016-10-10,-0.04645458266290525,0.0,-0.003421478213471829,-0.006748261865428873,0.17114788446183465,0.49607535321821034,outer_02,none,0.0
1481,2016-10-03,1482,1487,2016-10-04,2016-10-11,-0.04082167688089999,0.0,-0.003166366122679065,-0.011430688332569439,0.18255020181734427,0.49607535321821034,outer_02,none,0.0
1482,2016-10-04,1483,1488,2016-10-05,2016-10-12,-0.012056461725185486,0.0,-0.03355119401422613,-0.06250148385283438,0.07068120081188567,0.49607535321821034,outer_02,none,0.0
1483,2016-10-05,1484,1489,2016-10-06,2016-10-13,-0.009598653328445117,0.0,-0.0013884836993280913,-0.05979348686991415,0.09337714755435259,0.49607535321821034,outer_02,none,0.0
1484,2016-10-06,1485,1490,2016-10-07,2016-10-14,0.002252082934007582,1.0,-0.009757800303741071,-0.06426494438899155,0.16154163454439938,0.49607535321821034,outer_02,none,0.0
1485,2016-10-07,1486,1491,2016-10-10,2016-10-17,-0.004966983427464378,0.0,0.0017125133121531633,-0.05518411885619923,0.381560372533123,0.49607535321821034,outer_02,none,0.0
1486,2016-10-10,1487,1492,2016-10-11,2016-10-18,-0.0032292473538904076,0.0,0.0023290855954591905,-0.052516077016745655,0.39983564461627547,0.49607535321821034,outer_02,none,0.0
1487,2016-10-11,1488,1493,2016-10-12,2016-10-19,0.007591904024012663,1.0,-0.005477589868299049,-0.05078062497382163,0.5185162454463146,0.49607535321821034,outer_02,none,0.0
1488,2016-10-12,1489,1494,2016-10-13,2016-10-20,0.010836350424132668,1.0,0.0021133816776464087,-0.05180382336160072,0.48044696576367474,0.49607535321821034,outer_02,none,0.0
1489,2016-10-13,1490,1495,2016-10-14,2016-10-21,0.006078323445572131,1.0,0.0019419645407063868,-0.044119141844943144,0.5410361433253569,0.49607535321821034,outer_02,none,0.0
1490,2016-10-14,1491,1496,2016-10-17,2016-10-24,0.011696318571955189,1.0,-0.0057812617413457446,-0.04628006938170248,0.7045667906994949,0.49607535321821034,outer_02,none,0.0
1491,2016-10-17,1492,1497,2016-10-18,2016-10-25,0.007350056107790159,1.0,0.0035843333722516135,-0.0454026960705729,0.7010001069484751,0.49607535321821034,outer_02,none,0.0
1492,2016-10-18,1493,1498,2016-10-19,2016-10-26,0.008697318300725954,1.0,0.00603789809403299,-0.040620472457660206,0.5083715037420744,0.49607535321821034,outer_02,none,0.0
1493,2016-10-19,1494,1499,2016-10-20,2016-10-27,-0.002176845854049425,0.0,0.005576413486854115,-0.050934055969126035,0.5413497525198651,0.49607535321821034,outer_02,none,0.0
1494,2016-10-20,1495,1500,2016-10-21,2016-10-28,0.0017997542037138103,1.0,-0.003092411861532973,-0.05537294699161599,0.5360483091773269,0.49607535321821034,outer_02,none,0.0
1495,2016-10-21,1496,1501,2016-10-24,2016-10-31,0.008902579343833317,1.0,0.0008924164939045909,-0.055227791819866034,0.5403042906698936,0.49607535321821034,outer_02,none,0.0
1496,2016-10-24,1497,1502,2016-10-25,2016-11-01,0.00955491465289171,1.0,-0.002078271752999683,-0.05666345245749049,0.6099224544968983,0.49607535321821034,outer_02,none,0.0
1497,2016-10-25,1498,1503,2016-10-26,2016-11-02,0.011381678189190225,1.0,0.007651641134840403,-0.0407632740886843,0.5274690500541893,0.49607535321821034,outer_02,none,0.0
1498,2016-10-26,1499,1504,2016-10-27,2016-11-03,0.024767522772808803,1.0,-0.0058181123437410776,-0.042503354545543104,0.6409989876455517,0.49607535321821034,outer_02,none,0.0
1499,2016-10-27,1500,1505,2016-10-28,2016-11-04,0.02799604294354996,1.0,0.0016094678030498244,-0.040083854410466024,0.5130482025153973,0.49607535321821034,outer_02,none,0.0
1500,2016-10-28,1501,1506,2016-10-31,2016-11-07,0.01172235040050662,1.0,0.005652019778530359,-0.031010356418463836,0.4782011150998249,0.49607535321821034,outer_02,none,0.0
1501,2016-10-31,1502,1507,2016-11-01,2016-11-08,0.004564112490961669,1.0,0.0009088844070337387,-0.026935105888751032,0.4389692049516001,0.49607535321821034,outer_02,none,0.0
1502,2016-11-01,1503,1508,2016-11-02,2016-11-09,-0.011876410866951126,0.0,0.008709912328559,0.015326000454034094,0.29037356235339834,0.49607535321821034,outer_02,none,0.0
1503,2016-11-02,1504,1509,2016-11-03,2016-11-10,-0.015392024325222131,0.0,0.006693180558393408,0.023407664711755594,0.24991771998271978,0.49607535321821034,outer_02,none,0.0
1504,2016-11-03,1505,1510,2016-11-04,2016-11-11,-0.03499217771893459,0.0,0.003963784711269902,0.03712924972676657,0.330613928983187,0.49607535321821034,outer_02,none,0.0
1505,2016-11-04,1506,1511,2016-11-07,2016-11-14,-0.05022394165919142,0.0,0.0018648489159911463,0.03728158533060455,0.34780144418691167,0.49607535321821034,outer_02,none,0.0
1506,2016-11-07,1507,1512,2016-11-08,2016-11-15,-0.04881472644914009,0.0,-0.01770587511406152,0.01724662462108384,0.46605579411543135,0.49607535321821034,outer_02,none,0.0
1507,2016-11-08,1508,1513,2016-11-09,2016-11-16,-0.0360273255770327,0.0,-0.0045680038132625,0.018156210676120388,0.5258068055498057,0.49607535321821034,outer_02,none,0.0
1508,2016-11-09,1509,1514,2016-11-10,2016-11-17,-0.04243038917834241,0.0,0.0012300943709231404,0.01727292336939712,0.6710846797691773,0.49607535321821034,outer_02,none,0.0
1509,2016-11-10,1510,1515,2016-11-11,2016-11-18,-0.034418184327124735,0.0,-0.014051642651235596,0.0012793161774551365,0.6915175560957918,0.49607535321821034,outer_02,none,0.0
1510,2016-11-11,1511,1516,2016-11-14,2016-11-21,-0.017674004327427717,0.0,-0.02578032445479117,-0.01871974653599029,0.618090915609402,0.49607535321821034,outer_02,none,0.0
1511,2016-11-14,1512,1517,2016-11-15,2016-11-22,-0.006604533803170831,0.0,-0.005843119107725947,-0.02814719901596785,0.6294207693018362,0.49607535321821034,outer_02,none,0.0
1512,2016-11-15,1513,1518,2016-11-16,2016-11-23,-0.012240235404169297,0.0,0.006747178886111094,-0.027437918223889746,0.6486471553363534,0.49607535321821034,outer_02,none,0.0
1513,2016-11-16,1514,1519,2016-11-17,2016-11-24,-0.030635990134351587,0.0,-0.0028860754758612828,-0.03590040718660514,0.6704644504450067,0.49607535321821034,outer_02,none,0.0
1514,2016-11-17,1515,1520,2016-11-18,2016-11-25,-0.0263523810769124,0.0,-0.0066187975603018145,-0.039426792885373985,0.7220186062089609,0.49607535321821034,outer_02,none,0.0
1515,2016-11-18,1516,1521,2016-11-21,2016-11-28,-0.01815223085630091,0.0,-0.0067787365181137815,-0.04709794589739236,0.8354186046624161,0.49607535321821034,outer_02,none,0.0
1516,2016-11-21,1517,1522,2016-11-22,2016-11-29,-0.016662827715699713,0.0,0.00448307217429722,-0.040536601970095454,0.8329565900462403,0.49607535321821034,outer_02,none,0.0
1517,2016-11-22,1518,1523,2016-11-23,2016-11-30,-0.020756169291738402,0.0,-0.001723150410500196,-0.04991139351543605,0.8671393664988767,0.49607535321821034,outer_02,none,0.0
1518,2016-11-23,1519,1524,2016-11-24,2016-12-01,-0.012387493347532086,0.0,-0.02082852777969979,-0.06492180895139477,0.9103798908886312,0.49607535321821034,outer_02,none,0.0
1519,2016-11-24,1520,1525,2016-11-25,2016-12-02,-0.010579864777001902,0.0,-0.002395715853336533,-0.06892699260778112,0.9038807925605029,0.49607535321821034,outer_02,none,0.0
1520,2016-11-25,1521,1526,2016-11-28,2016-12-05,-0.00026147870573645093,0.0,-0.00027029995011940144,-0.07484931233643088,0.9084250265761742,0.49607535321821034,outer_02,none,0.0
1521,2016-11-28,1522,1527,2016-11-29,2016-12-06,-0.019830282545838962,0.0,0.00768344441816371,-0.06807475232530091,0.8142792472546623,0.49607535321821034,outer_02,none,0.0
1522,2016-11-29,1523,1528,2016-11-30,2016-12-07,-0.015957446987097335,0.0,-0.003939542850436517,-0.08072420750429643,0.8369047969499599,0.49607535321821034,outer_02,none,0.0
1523,2016-11-30,1524,1529,2016-12-01,2016-12-08,0.0003833196378995041,1.0,-0.013156914079121229,-0.10057430214181107,0.900223455092832,0.49607535321821034,outer_02,none,0.0
1524,2016-12-01,1525,1530,2016-12-02,2016-12-09,-0.0020149419837487414,0.0,-0.001134855982304117,-0.10567294283538509,0.886707565972302,0.49607535321821034,outer_02,none,0.0
1525,2016-12-02,1526,1531,2016-12-05,2016-12-12,-0.022997169418917274,0.0,0.0047526663458539176,-0.10278512540552232,0.8812966691599633,0.49607535321821034,outer_02,none,0.0
1526,2016-12-05,1527,1532,2016-12-06,2016-12-13,-0.005803876673483366,0.0,-0.005828982374110225,-0.09090823266557102,0.9292657572066837,0.49607535321821034,outer_02,none,0.0
1527,2016-12-06,1528,1533,2016-12-07,2016-12-14,-0.009373524825022628,0.0,-0.0005043877566359711,-0.08684461660894449,0.9077481398390911,0.49607535321821034,outer_02,none,0.0
1528,2016-12-07,1529,1534,2016-12-08,2016-12-15,-0.02764882513061373,0.0,0.0034657345589970134,-0.08460897642087062,0.8502205998057237,0.49607535321821034,outer_02,none,0.0
1529,2016-12-08,1530,1535,2016-12-09,2016-12-16,-0.03632491259779069,0.0,-0.0026878869351651957,-0.07324522070480022,0.8592668876563523,0.49607535321821034,outer_02,none,0.0
1530,2016-12-09,1531,1536,2016-12-12,2016-12-19,-0.01976309283261024,0.0,-0.010306270639435233,-0.05777116688944428,0.8849190159244085,0.49607535321821034,outer_02,none,0.0
1531,2016-12-12,1532,1537,2016-12-13,2016-12-20,-0.021395186832728008,0.0,0.002999769508916117,-0.04892827827280222,0.9135735724601365,0.49607535321821034,outer_02,none,0.0
1532,2016-12-13,1533,1538,2016-12-14,2016-12-21,-0.02261961189629691,0.0,-0.0032501569632223948,-0.058925614122135705,0.8990095964255471,0.49607535321821034,outer_02,none,0.0
1533,2016-12-14,1534,1539,2016-12-15,2016-12-22,-0.009518435620350374,0.0,-0.013142301283509461,-0.06918183992978388,0.9146330224604586,0.49607535321821034,outer_02,none,0.0
1534,2016-12-15,1535,1540,2016-12-16,2016-12-23,-2.6588319752995915e-05,0.0,-0.013193198542321483,-0.07575624091180355,0.9232820436793971,0.49607535321821034,outer_02,none,0.0
1535,2016-12-16,1536,1541,2016-12-19,2016-12-27,-0.0012333825313213254,0.0,0.005913541879291273,-0.0630639625143985,0.948661381155354,0.49607535321821034,outer_02,none,0.0
1536,2016-12-19,1537,1542,2016-12-20,2016-12-28,0.0005707837894304291,1.0,0.0033610223798499206,-0.0641860123088458,0.9020171116724478,0.49607535321821034,outer_02,none,0.0
1537,2016-12-20,1538,1543,2016-12-21,2016-12-29,0.008624494650063319,1.0,-0.005937820282855277,-0.06840068218120088,0.9177471232863387,0.49607535321821034,outer_02,none,0.0
1538,2016-12-21,1539,1544,2016-12-22,2016-12-30,0.023179339448827996,1.0,-0.00012371206915329225,-0.04769586647065438,0.9208839822942898,0.49607535321821034,outer_02,none,0.0
1539,2016-12-22,1540,1545,2016-12-23,2017-01-03,0.02050098774107756,1.0,-0.0030002810375977518,-0.0483004316549156,0.9404825108254095,0.49607535321821034,outer_02,none,0.0
1540,2016-12-23,1541,1546,2016-12-27,2017-01-04,0.021246776373778253,1.0,0.004589699380309398,-0.0434404323244868,0.9396357913560754,0.49607535321821034,outer_02,none,0.0
1541,2016-12-27,1542,1547,2016-12-28,2017-01-05,0.02084159861715751,1.0,0.004814620368772893,-0.046309256373877616,0.9056401632431363,0.49607535321821034,outer_02,none,0.0
1542,2016-12-28,1543,1548,2016-12-29,2017-01-06,0.032104255429823425,1.0,0.0023592259705047525,-0.04001048755293635,0.8779271699362383,0.49607535321821034,outer_02,none,0.0
1543,2016-12-29,1544,1549,2016-12-30,2017-01-09,0.012871626262802138,1.0,0.014160575494669203,-0.012692997979145915,0.7240085979492177,0.49607535321821034,outer_02,none,0.0
1544,2016-12-30,1545,1550,2017-01-03,2017-01-10,0.025884866952456953,1.0,-0.004943840022598955,-0.016501982019440753,0.751048873082843,0.49607535321821034,outer_02,none,0.0
1545,2017-01-03,1546,1551,2017-01-04,2017-01-11,0.02453368186751792,1.0,0.006031490976635467,-0.015223157388659203,0.7415889627699012,0.49607535321821034,outer_02,none,0.0
1546,2017-01-04,1547,1552,2017-01-05,2017-01-12,0.02475342383334045,1.0,0.003058066843746765,-0.006336108170802213,0.6977967201382682,0.49607535321821034,outer_02,none,0.0
1547,2017-01-05,1548,1553,2017-01-06,2017-01-13,0.012401169879844076,1.0,0.015075362117108249,0.009243641702942007,0.6021800357610662,0.49607535321821034,outer_02,none,0.0
1548,2017-01-06,1549,1554,2017-01-09,2017-01-16,0.02181726856766808,1.0,-0.006553665998580982,-0.0007757588546359884,0.682968896627309,0.49607535321821034,outer_02,none,0.0
1549,2017-01-09,1550,1555,2017-01-10,2017-01-17,0.017678943513221412,1.0,0.007155027125580027,0.009067155206109234,0.6638069601087326,0.49607535321821034,outer_02,none,0.0
1550,2017-01-10,1551,1556,2017-01-11,2017-01-18,0.024085922732544063,1.0,0.005404460000922207,0.024777885846466674,0.6542396025353738,0.49607535321821034,outer_02,none,0.0
1551,2017-01-11,1552,1557,2017-01-12,2017-01-19,0.01028037858853903,1.0,0.0033881950146676942,0.02516631135221825,0.6490447703693606,0.49607535321821034,outer_02,none,0.0
1552,2017-01-12,1553,1558,2017-01-13,2017-01-20,0.0085370845636481,1.0,0.0033014668711750517,0.0317179351866157,0.6080036864322396,0.49607535321821034,outer_02,none,0.0
1553,2017-01-13,1554,1559,2017-01-16,2017-01-23,0.010158944000170145,1.0,0.0016299513369526508,0.04649018780707781,0.5516498416212013,0.49607535321821034,outer_02,none,0.0
1554,2017-01-16,1555,1560,2017-01-17,2017-01-24,0.013253977130115224,1.0,0.004308645194176286,0.06399203154357558,0.6428808537547068,0.49607535321821034,outer_02,none,0.0
1555,2017-01-17,1556,1561,2017-01-18,2017-01-25,-0.005911493476415508,0.0,0.011624480852287178,0.06970297051657148,0.5083265598932272,0.49607535321821034,outer_02,none,0.0
1556,2017-01-18,1557,1562,2017-01-19,2017-01-26,-0.003242922467509679,0.0,-0.010718446518937164,0.0556235016177844,0.6701602865572127,0.49607535321821034,outer_02,none,0.0
1557,2017-01-19,1558,1563,2017-01-20,2017-01-27,-0.013018123202444443,0.0,0.0009467181148234971,0.06250804001546317,0.5824950844043627,0.49607535321821034,outer_02,none,0.0
1558,2017-01-20,1559,1564,2017-01-23,2017-01-30,-0.015067780965468458,0.0,0.0043152961563723835,0.06694704824098885,0.5790842618170953,0.49607535321821034,outer_02,none,0.0
1559,2017-01-23,1560,1565,2017-01-24,2017-01-31,-0.019650382938442235,0.0,0.006475180590011398,0.076422509868598,0.44587553647378314,0.49607535321821034,outer_02,none,0.0
1560,2017-01-24,1561,1566,2017-01-25,2017-02-01,0.0009670261396044211,1.0,-0.0075253706716891244,0.06430743981659948,0.5547324218481466,0.49607535321821034,outer_02,none,0.0
1561,2017-01-25,1562,1567,2017-01-26,2017-02-02,0.006839392857164839,1.0,-0.0075324136279304454,0.05196040581989614,0.590300554841641,0.49607535321821034,outer_02,none,0.0
1562,2017-01-26,1563,1568,2017-01-27,2017-02-03,0.02154879257828668,1.0,-0.009397132778403261,0.040204047070988125,0.6339175779670801,0.49607535321821034,outer_02,none,0.0
1563,2017-01-27,1564,1569,2017-01-30,2017-02-06,0.024339435882906102,1.0,0.002613589624918866,0.028657061201237788,0.588517661365492,0.49607535321821034,outer_02,none,0.0
1564,2017-01-30,1565,1570,2017-01-31,2017-02-07,0.03214784518593028,1.0,0.00310891065718355,0.03670981188102029,0.5093899762469057,0.49607535321821034,outer_02,none,0.0
1565,2017-01-31,1566,1571,2017-02-01,2017-02-08,0.019049441941334955,1.0,0.012604300622895082,0.04328262152727991,0.3621836017984356,0.49607535321821034,outer_02,none,0.0
1566,2017-02-01,1567,1572,2017-02-02,2017-02-09,0.026077501476764908,1.0,-0.0005454410356451334,0.03967911364788801,0.42017098305201306,0.49607535321821034,outer_02,none,0.0
1567,2017-02-02,1568,1573,2017-02-03,2017-02-10,0.011099401826969668,1.0,0.004980549908981224,0.029584301439760985,0.4038955715584803,0.49607535321821034,outer_02,none,0.0
1568,2017-02-03,1569,1574,2017-02-06,2017-02-13,0.006930260674735678,1.0,0.0034569294061093103,0.03959489684445128,0.42961658017660836,0.49607535321821034,outer_02,none,0.0
1569,2017-02-06,1570,1575,2017-02-07,2017-02-14,-0.007399731271674703,0.0,0.012625401883292753,0.045065271602164,0.4474055314595605,0.49607535321821034,outer_02,none,0.0
1570,2017-02-07,1571,1576,2017-02-08,2017-02-15,-0.0043620482219095535,0.0,-0.0015877262402028691,0.03807308536103893,0.5163648027612903,0.49607535321821034,outer_02,none,0.0
1571,2017-02-08,1572,1577,2017-02-09,2017-02-16,-0.005997722362132585,0.0,0.00661775141894605,0.04130264176531728,0.5122429820043224,0.49607535321821034,outer_02,none,0.0
1572,2017-02-09,1573,1578,2017-02-10,2017-02-17,0.00825251730737886,1.0,-0.011461281054370609,0.026539893839771622,0.5882452778169063,0.49607535321821034,outer_02,none,0.0
1573,2017-02-10,1574,1579,2017-02-13,2017-02-20,0.003973375537538182,1.0,0.004997552260841864,0.029907494763660836,0.6256870490465292,0.49607535321821034,outer_02,none,0.0
1574,2017-02-13,1575,1580,2017-02-14,2017-02-21,0.00961709885494777,1.0,-0.006897476590780549,0.018701372978704,0.6381581320803562,0.49607535321821034,outer_02,none,0.0
1575,2017-02-14,1576,1581,2017-02-15,2017-02-22,0.006030348481700365,1.0,0.002746795436292082,0.009823687562708905,0.6101603803249224,0.49607535321821034,outer_02,none,0.0
1576,2017-02-15,1577,1582,2017-02-16,2017-02-23,0.0027527484127114477,1.0,0.003445225193928536,0.023987359275574605,0.5937534108605923,0.49607535321821034,outer_02,none,0.0
1577,2017-02-16,1578,1583,2017-02-17,2017-02-24,0.008593265929647487,1.0,0.005016557032750946,0.028057198193502053,0.5168867382647002,0.49607535321821034,outer_02,none,0.0
1578,2017-02-17,1579,1584,2017-02-20,2017-02-27,0.01650197165543066,1.0,-0.0033793648562578937,0.020362537180871776,0.5480930060541106,0.49607535321821034,outer_02,none,0.0
1579,2017-02-20,1580,1585,2017-02-21,2017-02-28,0.012443776691235087,1.0,0.002095258123192778,0.015982614714053156,0.5809003123449088,0.49607535321821034,outer_02,none,0.0
1580,2017-02-21,1581,1586,2017-02-22,2017-03-01,0.010208113375386851,1.0,-0.0013504937014579,0.02215749168428438,0.6219601399023501,0.49607535321821034,outer_02,none,0.0
1581,2017-02-22,1582,1587,2017-02-23,2017-03-02,0.009383166392344933,1.0,0.0013747373991073175,0.031064642711322143,0.6128912064109132,0.49607535321821034,outer_02,none,0.0
1582,2017-02-23,1583,1588,2017-02-24,2017-03-03,-0.012200429162493087,0.0,0.009442530667427285,0.04990430615715269,0.5884757485044367,0.49607535321821034,outer_02,none,0.0
1583,2017-02-24,1584,1589,2017-02-27,2017-03-06,-0.01851912216340068,0.0,0.006216677311098984,0.05350739384333281,0.6393067922702173,0.49607535321821034,outer_02,none,0.0
1584,2017-02-27,1585,1590,2017-02-28,2017-03-07,-0.021775255687948025,0.0,-0.0034107967145562412,0.046987686471593015,0.6491747783236319,0.49607535321821034,outer_02,none,0.0
1585,2017-02-28,1586,1591,2017-03-01,2017-03-08,-0.026499410065760287,0.0,-0.0037589519207728017,0.030624433927925132,0.6207400493551356,0.49607535321821034,outer_02,none,0.0
1586,2017-03-01,1587,1592,2017-03-02,2017-03-09,-0.03275351295241524,0.0,0.0009850915610227773,0.03215496652459304,0.5635803195833875,0.49607535321821034,outer_02,none,0.0
1587,2017-03-02,1588,1593,2017-03-03,2017-03-10,-0.027434985567714065,0.0,-0.012128682142414249,0.01504573447319757,0.6516865168913921,0.49607535321821034,outer_02,none,0.0
1588,2017-03-03,1589,1594,2017-03-06,2017-03-13,-0.022187785020530093,0.0,0.0002025447732147967,0.011791349840303056,0.5728910839772465,0.49607535321821034,outer_02,none,0.0
1589,2017-03-06,1590,1595,2017-03-07,2017-03-14,-0.019369130642953536,0.0,-0.007513452161303391,-0.008347504204293088,0.6172119189208186,0.49607535321821034,outer_02,none,0.0
1590,2017-03-07,1591,1596,2017-03-08,2017-03-15,-0.01386380571543011,0.0,-0.007751278106306714,-0.014511056070396933,0.6539130271097205,0.49607535321821034,outer_02,none,0.0
1591,2017-03-08,1592,1597,2017-03-09,2017-03-16,0.008751096166437655,1.0,-0.0065773694190705,-0.027706176908413482,0.6325019164252295,0.49607535321821034,outer_02,none,0.0
1592,2017-03-09,1593,1598,2017-03-10,2017-03-17,0.02111950877869706,1.0,-0.006237587655758325,-0.0224824835098012,0.625063823299709,0.49607535321821034,outer_02,none,0.0
1593,2017-03-10,1594,1599,2017-03-13,2017-03-20,0.02004466612581801,1.0,0.0034848891868222154,-0.023995146583820848,0.6382968298335104,0.49607535321821034,outer_02,none,0.0
1594,2017-03-13,1595,1600,2017-03-14,2017-03-21,0.026556153448830777,1.0,-0.0006062795798911225,-0.01770394957293142,0.6728632649756499,0.49607535321821034,outer_02,none,0.0
1595,2017-03-14,1596,1601,2017-03-15,2017-03-22,0.0378450297889561,1.0,-0.004354403113649319,-0.024805148122872822,0.6970525391366853,0.49607535321821034,outer_02,none,0.0
1596,2017-03-15,1597,1602,2017-03-16,2017-03-23,0.023153030536636088,1.0,0.01664870937049301,-0.01160166394630835,0.5597458610910611,0.49607535321821034,outer_02,none,0.0
1597,2017-03-16,1598,1603,2017-03-17,2017-03-24,0.014851297359058435,1.0,0.006070541427210863,-0.010547679551848432,0.6016096804999553,0.49607535321821034,outer_02,none,0.0
1598,2017-03-17,1599,1604,2017-03-20,2017-03-27,0.014169411846686408,1.0,0.002639233222305748,-0.004529081473284791,0.614034691966789,0.49607535321821034,outer_02,none,0.0
1599,2017-03-20,1600,1605,2017-03-21,2017-03-28,0.015426164914962293,1.0,0.003953938177898131,-0.002670401418579438,0.5699103229106373,0.49607535321821034,outer_02,none,0.0
1600,2017-03-21,1601,1606,2017-03-22,2017-03-29,0.00447062395842579,1.0,0.008656875242619044,0.007336967525497506,0.5377712710766399,0.49607535321821034,outer_02,none,0.0
1601,2017-03-22,1602,1607,2017-03-23,2017-03-30,0.004247717542464002,1.0,0.0031520339856490054,0.009114264112039194,0.5135504158652491,0.49607535321821034,outer_02,none,0.0
1602,2017-03-23,1603,1608,2017-03-24,2017-03-31,-0.0009725320757691946,0.0,-0.0027344001962177344,-0.003062666751605825,0.5493855092351816,0.49607535321821034,outer_02,none,0.0
1603,2017-03-24,1604,1609,2017-03-27,2017-04-03,-0.00012019086323533656,0.0,0.00016058194932799807,-0.00911876211337681,0.5930594543561625,0.49607535321821034,outer_02,none,0.0
1604,2017-03-27,1605,1610,2017-03-28,2017-04-04,0.0004306632280179912,1.0,0.006816953501101786,0.0011089881022812165,0.5934904135502105,0.49607535321821034,outer_02,none,0.0
1605,2017-03-28,1606,1611,2017-03-29,2017-04-05,0.0038218080802927545,1.0,-0.0020913496024315137,0.0027765904206225045,0.5855952577046923,0.49607535321821034,outer_02,none,0.0
1606,2017-03-29,1607,1612,2017-03-30,2017-04-06,0.002407814597612301,1.0,0.0012776799074174505,0.0030691787670171777,0.5329586689113863,0.49607535321821034,outer_02,none,0.0
1607,2017-03-30,1608,1613,2017-03-31,2017-04-07,0.006524341055603067,1.0,-0.0077228503206034915,0.007475010588827935,0.5557880213909955,0.49607535321821034,outer_02,none,0.0
1608,2017-03-31,1609,1614,2017-04-03,2017-04-10,0.005322604812079135,1.0,0.004437515055440322,0.01170998087105346,0.6038642248568301,0.49607535321821034,outer_02,none,0.0
1609,2017-04-03,1610,1615,2017-04-04,2017-04-11,0.000741263290000127,1.0,0.0030698412442884404,0.022293274276645292,0.5673759533759254,0.49607535321821034,outer_02,none,0.0
1610,2017-04-04,1611,1616,2017-04-05,2017-04-12,0.014240377905653467,1.0,0.0025350980979448323,0.03257965048089684,0.5572559957561434,0.49607535321821034,outer_02,none,0.0
1611,2017-04-05,1612,1617,2017-04-06,2017-04-13,0.023095569346144096,1.0,-0.0006132550895241451,0.03854376481044319,0.5637696664947318,0.49607535321821034,outer_02,none,0.0
1612,2017-04-06,1613,1618,2017-04-07,2017-04-17,0.031123358028183112,1.0,-0.002744339531229656,0.04203701293497186,0.661867942534433,0.49607535321821034,outer_02,none,0.0
1613,2017-04-07,1614,1619,2017-04-10,2017-04-18,0.023529385223351795,1.0,0.0020190983168992815,0.04057122206504893,0.6410079320659557,0.49607535321821034,outer_02,none,0.0
1614,2017-04-10,1615,1620,2017-04-11,2017-04-19,0.027047475793375853,1.0,0.00026306034995293714,0.04144056199489299,0.6832967974110732,0.49607535321821034,outer_02,none,0.0
1615,2017-04-11,1616,1621,2017-04-12,2017-04-20,0.0044650275106494774,1.0,0.015265902187047153,0.06106086729558946,0.5973136418290296,0.49607535321821034,outer_02,none,0.0
1616,2017-04-12,1617,1622,2017-04-13,2017-04-21,-0.0028286798493182275,0.0,0.00985760653691159,0.05426976446200804,0.6087761684116908,0.49607535321821034,outer_02,none,0.0
1617,2017-04-13,1618,1623,2017-04-17,2017-04-24,-0.017885594780191916,0.0,0.0006915334056989408,0.04889075644049612,0.5139178686805986,0.49607535321821034,outer_02,none,0.0
1618,2017-04-17,1619,1624,2017-04-18,2017-04-25,-0.007015763397582475,0.0,-0.00202155355206024,0.04422996966613013,0.6376454812716312,0.49607535321821034,outer_02,none,0.0
1619,2017-04-18,1620,1625,2017-04-19,2017-04-26,-0.020448207063873625,0.0,0.003852970618098084,0.044129002106330084,0.6260515170297384,0.49607535321821034,outer_02,none,0.0
1620,2017-04-19,1621,1626,2017-04-20,2017-04-27,-0.008327266193157712,0.0,-0.008299190471771745,0.027172936391939295,0.6246158528926812,0.49607535321821034,outer_02,none,0.0
1621,2017-04-20,1622,1627,2017-04-21,2017-04-28,-0.01374238366696634,0.0,0.0017886647196032612,0.02580956712589355,0.5583235662001753,0.49607535321821034,outer_02,none,0.0
1622,2017-04-21,1623,1628,2017-04-24,2017-05-01,0.0001340191964791515,1.0,0.002229394621832803,0.03077336194394409,0.531762005931179,0.49607535321821034,outer_02,none,0.0
1623,2017-04-24,1624,1629,2017-04-25,2017-05-02,-0.01557352503810705,0.0,-0.00695402227294295,0.02365875772167314,0.5300760320405782,0.49607535321821034,outer_02,none,0.0
1624,2017-04-25,1625,1630,2017-04-26,2017-05-03,-0.005683412001034505,0.0,-0.009508837910041201,0.0073329663105301535,0.5685882359417173,0.49607535321821034,outer_02,none,0.0
1625,2017-04-26,1626,1631,2017-04-27,2017-05-04,-0.02470305533619488,0.0,0.004643604446083138,0.014067920359044805,0.5126655001873797,0.49607535321821034,outer_02,none,0.0
1626,2017-04-27,1627,1632,2017-04-28,2017-05-05,-0.02838202375451182,0.0,-0.003923539530002351,0.008866700921625004,0.4994566378634967,0.49607535321821034,outer_02,none,0.0
1627,2017-04-28,1628,1633,2017-05-01,2017-05-08,-0.034957881566375804,0.0,0.0029697283517036155,0.01955927959393211,0.48121875115287016,0.49607535321821034,outer_02,none,0.0
1628,2017-05-01,1629,1634,2017-05-02,2017-05-09,-0.023673844892700302,0.0,-0.008808466132076198,0.006313298406415591,0.47977236016608693,0.49607535321821034,outer_02,none,0.0
1629,2017-05-02,1630,1635,2017-05-03,2017-05-10,-0.028518689962370836,0.0,-9.547982598068216e-05,0.003147977336146468,0.47677940564526033,0.49607535321821034,outer_02,none,0.0
1630,2017-05-03,1631,1636,2017-05-04,2017-05-11,-0.015279279082162311,0.0,-0.014587683041138,-0.013974803802936364,0.39026840702710286,0.49607535321821034,outer_02,none,0.0
1631,2017-05-04,1632,1637,2017-05-05,2017-05-12,-0.002665092553222337,0.0,-0.008994346951869403,-0.022355895665281622,0.34035343631543813,0.49607535321821034,outer_02,none,0.0
1632,2017-05-05,1633,1638,2017-05-08,2017-05-15,0.004032739862953605,1.0,8.146573148515301e-05,-0.019530090402566813,0.3512070845578481,0.49607535321821034,outer_02,none,0.0
1633,2017-05-08,1634,1639,2017-05-09,2017-05-16,0.0038169072459810494,1.0,-0.0011003477393654038,-0.0226495364588315,0.43858382102834886,0.49607535321821034,outer_02,none,0.0
1634,2017-05-09,1635,1640,2017-05-10,2017-05-17,0.012744935441985739,1.0,-0.004044998916701736,-0.026957595725486172,0.40074661829063873,0.49607535321821034,outer_02,none,0.0
1635,2017-05-10,1636,1641,2017-05-11,2017-05-18,0.03287978466864505,1.0,-0.0018604656529195296,-0.044083963565452855,0.43558936464034703,0.49607535321821034,outer_02,none,0.0
1636,2017-05-11,1637,1642,2017-05-12,2017-05-19,0.017065108657385863,1.0,0.004779411836235425,-0.04916215826612902,0.4507229516457987,0.49607535321821034,outer_02,none,0.0
1637,2017-05-12,1638,1643,2017-05-15,2017-05-22,0.020210187390037326,1.0,0.0029755739740213727,-0.04687811769780659,0.4591149949471596,0.49607535321821034,outer_02,none,0.0
1638,2017-05-15,1639,1644,2017-05-16,2017-05-23,0.02346570115142832,1.0,0.0013015750893856648,-0.04355498905636068,0.4640426522395318,0.49607535321821034,outer_02,none,0.0
1639,2017-05-16,1640,1645,2017-05-17,2017-05-24,0.011993423666139869,1.0,0.005569464301876437,-0.04183849537258233,0.4684876835926586,0.49607535321821034,outer_02,none,0.0
1640,2017-05-17,1641,1646,2017-05-18,2017-05-25,-0.0014615588853574835,0.0,0.01878839263716081,-0.014750912263649774,0.21783558540216136,0.49607535321821034,outer_02,none,0.0
1641,2017-05-18,1642,1647,2017-05-19,2017-05-26,0.007298223034493567,1.0,-0.01104930725830755,-0.027588884241560585,0.3341835954905524,0.49607535321821034,outer_02,none,0.0
1642,2017-05-19,1643,1648,2017-05-22,2017-05-29,0.00971331769751238,1.0,0.007010728625686191,-0.022807550237707197,0.33265024537341,0.49607535321821034,outer_02,none,0.0
1643,2017-05-22,1644,1649,2017-05-23,2017-05-30,0.0050889084010048435,1.0,0.003784660757818692,-0.012068867206945555,0.42273806259949026,0.49607535321821034,outer_02,none,0.0
1644,2017-05-23,1645,1650,2017-05-24,2017-05-31,0.008774882179797494,1.0,-0.006976161316509355,-0.009536190613413709,0.44280889093662285,0.49607535321821034,outer_02,none,0.0
1645,2017-05-24,1646,1651,2017-05-25,2017-06-01,0.008438000260518663,1.0,0.005578459355340293,-0.008601335704156554,0.40082252899344056,0.49607535321821034,outer_02,none,0.0
1646,2017-05-25,1647,1652,2017-05-26,2017-06-02,0.00802783895985204,1.0,-0.0021002227272699514,-0.006778018901424154,0.3682577592216185,0.49607535321821034,outer_02,none,0.0
1647,2017-05-26,1648,1653,2017-05-29,2017-06-05,0.009612060718386495,1.0,0.00891932196323797,-0.0008284252898898004,0.34757551899637984,0.49607535321821034,outer_02,none,0.0
1648,2017-05-29,1649,1654,2017-05-30,2017-06-06,0.010460198562337375,1.0,-0.0003473537991220965,0.007632687043064301,0.39631808807719976,0.49607535321821034,outer_02,none,0.0
1649,2017-05-30,1650,1655,2017-05-31,2017-06-07,0.024767566333514957,1.0,-0.002688173661800519,0.005039993207244464,0.364979477896288,0.49607535321821034,outer_02,none,0.0
1650,2017-05-31,1651,1656,2017-06-01,2017-06-08,0.014026199908346193,1.0,0.004423737366622937,0.0240514136150054,0.38120055716250417,0.49607535321821034,outer_02,none,0.0
1651,2017-06-01,1652,1657,2017-06-02,2017-06-09,0.011195861777438587,1.0,-0.0024306334767363325,0.030615127090138472,0.3499766928822454,0.49607535321821034,outer_02,none,0.0
1652,2017-06-02,1653,1658,2017-06-05,2017-06-12,-0.010235632542095807,0.0,0.010172323956336271,0.04070598531498959,0.35715500977927384,0.49607535321821034,outer_02,none,0.0
1653,2017-06-05,1654,1659,2017-06-06,2017-06-13,-0.011313137699980658,0.0,0.00068022160645409,0.042486554660809084,0.408152329805408,0.49607535321821034,outer_02,none,0.0
1654,2017-06-06,1655,1660,2017-06-07,2017-06-14,-0.021667475276756498,0.0,0.011261704114905235,0.057793257692416056,0.4709521734624965,0.49607535321821034,outer_02,none,0.0
1655,2017-06-07,1656,1661,2017-06-08,2017-06-15,-0.02086771368783147,0.0,-0.0054945406081445824,0.054159182737191,0.4757621512144546,0.49607535321821034,outer_02,none,0.0
1656,2017-06-08,1657,1662,2017-06-09,2017-06-16,-0.02021179586605193,0.0,-0.0063457133954614164,0.04303405750549416,0.4785953755832181,0.49607535321821034,outer_02,none,0.0
1657,2017-06-09,1658,1663,2017-06-12,2017-06-19,-0.010445202591109926,0.0,-0.009499971261575979,0.03055851226989681,0.47903374583196545,0.49607535321821034,outer_02,none,0.0
1658,2017-06-12,1659,1664,2017-06-13,2017-06-20,-0.01738217844529988,0.0,-0.0007424198488115152,0.02851451733169963,0.4612021511436939,0.49607535321821034,outer_02,none,0.0
1659,2017-06-13,1660,1665,2017-06-14,2017-06-21,-0.018119007005259924,0.0,0.00047394863284111466,0.023419001662664307,0.4729352422777352,0.49607535321821034,outer_02,none,0.0
1660,2017-06-14,1661,1666,2017-06-15,2017-06-22,-0.010932384631248127,0.0,-0.0035046256535586906,0.0011259833719448054,0.428512395399532,0.49607535321821034,outer_02,none,0.0
1661,2017-06-15,1662,1667,2017-06-16,2017-06-23,-0.002658355222348696,0.0,-0.0062963789304761875,0.005878911699776168,0.3784218558598764,0.49607535321821034,outer_02,none,0.0
1662,2017-06-16,1663,1668,2017-06-19,2017-06-26,0.003202296917454106,1.0,-0.00042276721711065335,-0.0015545841430206764,0.356845611951064,0.49607535321821034,outer_02,none,0.0
1663,2017-06-19,1664,1669,2017-06-20,2017-06-27,0.00034563832910450287,1.0,-0.008114983470365544,-0.013454228371204913,0.4004568093050859,0.49607535321821034,outer_02,none,0.0
1664,2017-06-20,1665,1670,2017-06-21,2017-06-28,0.0027059921681820143,1.0,-0.0003459275115247351,-0.006823994566220293,0.33257471724158816,0.49607535321821034,outer_02,none,0.0
1665,2017-06-21,1666,1671,2017-06-22,2017-06-29,0.0023801807190642066,1.0,0.0026196326604566167,-0.009782821261103969,0.3334509834234705,0.49607535321821034,outer_02,none,0.0
1666,2017-06-22,1667,1672,2017-06-23,2017-06-30,-0.0041091833458173355,0.0,0.003460876363487131,-0.004221722170346887,0.30665283611868477,0.49607535321821034,outer_02,none,0.0
1667,2017-06-23,1668,1673,2017-06-26,2017-07-03,-0.01219468758441522,0.0,0.004954118811770769,-0.008186925321814087,0.31210708645205615,0.49607535321821034,outer_02,none,0.0
1668,2017-06-26,1669,1674,2017-06-27,2017-07-04,-0.018485474404385194,0.0,-0.009844496137452197,-0.017684067660144187,0.39802254748008603,0.49607535321821034,outer_02,none,0.0
1669,2017-06-27,1670,1675,2017-06-28,2017-07-05,-0.01865627601981945,0.0,0.0020071461115964695,-0.012988747886747198,0.3682436333343368,0.49607535321821034,outer_02,none,0.0
1670,2017-06-28,1671,1676,2017-06-29,2017-07-06,-0.018076576535793976,0.0,0.0016428589434225316,-0.015769626309947604,0.3353838582221067,0.49607535321821034,outer_02,none,0.0
1671,2017-06-29,1672,1677,2017-06-30,2017-07-07,-0.01705665377218768,0.0,-0.0030072798782381227,-0.016346272711449394,0.36880142524941645,0.49607535321821034,outer_02,none,0.0
1672,2017-06-30,1673,1678,2017-07-03,2017-07-10,-0.02332733240539575,0.0,-0.002951907006917942,-0.029470503674703608,0.3783081366599579,0.49607535321821034,outer_02,none,0.0
1673,2017-07-03,1674,1679,2017-07-04,2017-07-11,-0.005829484056429912,0.0,-0.017855803161419104,-0.0480065284425768,0.2511443422852626,0.49607535321821034,outer_02,none,0.0
1674,2017-07-04,1675,1680,2017-07-05,2017-07-12,-0.005998248014654983,0.0,0.003209382001857719,-0.05605885055562432,0.33369399713093334,0.49607535321821034,outer_02,none,0.0
1675,2017-07-05,1676,1681,2017-07-06,2017-07-13,-0.006919254222371052,0.0,0.0028160870129285698,-0.047748222934551166,0.28074437503365113,0.49607535321821034,outer_02,none,0.0
1676,2017-07-06,1677,1682,2017-07-07,2017-07-14,-0.006060177912795339,0.0,-0.0018193467609615155,-0.043221856300051265,0.25506225377706526,0.49607535321821034,outer_02,none,0.0
1677,2017-07-07,1678,1683,2017-07-10,2017-07-17,0.013155983988886177,1.0,-0.010177369526669366,-0.04389925456514465,0.27423028599153787,0.49607535321821034,outer_02,none,0.0
1678,2017-07-10,1679,1684,2017-07-11,2017-07-18,0.01596217427557356,1.0,0.0016897117086696056,-0.04146712300766353,0.34616109267980966,0.49607535321821034,outer_02,none,0.0
1679,2017-07-11,1680,1685,2017-07-12,2017-07-19,0.021216576346158256,1.0,0.002434752339946833,-0.03950631930055781,0.3927133285735844,0.49607535321821034,outer_02,none,0.0
1680,2017-07-12,1681,1686,2017-07-13,2017-07-20,0.01837823631654878,1.0,0.002404251676114022,-0.0335974419708851,0.34723529476083137,0.49607535321821034,outer_02,none,0.0
1681,2017-07-13,1682,1687,2017-07-14,2017-07-21,0.021799604738758305,1.0,-0.002166030285170706,-0.02946709332557962,0.3217446659012594,0.49607535321821034,outer_02,none,0.0
1682,2017-07-14,1683,1688,2017-07-17,2017-07-24,0.020726339057013377,1.0,0.009246645424382471,-0.019797680684086494,0.290947306599384,0.49607535321821034,outer_02,none,0.0
1683,2017-07-17,1684,1689,2017-07-18,2017-07-25,0.016620435954526336,1.0,0.0038986087504637723,-0.007784088463257177,0.29132199455445784,0.49607535321821034,outer_02,none,0.0
1684,2017-07-18,1685,1690,2017-07-19,2017-07-26,0.0055526722406220586,1.0,0.006802307659487639,-0.0006358532922448035,0.2412180721006625,0.49607535321821034,outer_02,none,0.0
1685,2017-07-19,1686,1691,2017-07-20,2017-07-27,0.015233287394026185,1.0,-0.0007248828423529474,-0.003980368795054368,0.28796657967772693,0.49607535321821034,outer_02,none,0.0
1686,2017-07-20,1687,1692,2017-07-21,2017-07-28,0.011936004420015855,1.0,0.002808007477174357,-0.004633237681367142,0.26907335266098703,0.49607535321821034,outer_02,none,0.0
1687,2017-07-21,1688,1693,2017-07-24,2017-07-31,0.01206741910830278,1.0,0.008066237739754456,-0.0015211187533834547,0.3025228337920011,0.49607535321821034,outer_02,none,0.0
1688,2017-07-24,1689,1694,2017-07-25,2017-08-01,0.011766752643117329,1.0,0.0004860538499915634,0.008809431234060305,0.348145993014876,0.49607535321821034,outer_02,none,0.0
1689,2017-07-25,1690,1695,2017-07-26,2017-08-02,0.015010288493889412,1.0,-0.004471029635462642,0.0023312554870011937,0.30675599708300283,0.49607535321821034,outer_02,none,0.0
1690,2017-07-26,1691,1696,2017-07-27,2017-08-03,0.004773921180678542,1.0,0.008866641108500772,0.009555037652079434,0.2744397260819668,0.49607535321821034,outer_02,none,0.0
1691,2017-07-27,1692,1697,2017-07-28,2017-08-04,0.007319315623575129,1.0,-0.0019211996732000358,0.010641117857117521,0.28488508410749463,0.49607535321821034,outer_02,none,0.0
1692,2017-07-28,1693,1698,2017-07-31,2017-08-07,-0.010602707251336163,0.0,0.008301298398005308,0.02189432326204077,0.3260718312268204,0.49607535321821034,outer_02,none,0.0
1693,2017-07-31,1694,1699,2017-08-01,2017-08-08,-0.009815874328482188,0.0,0.0003624501670698166,0.04011257659052969,0.40737415187133036,0.49607535321821034,outer_02,none,0.0
1694,2017-08-01,1695,1700,2017-08-02,2017-08-09,-0.0060881303832927,0.0,-0.00035456941855649404,0.03654862517011548,0.42995754700359085,0.49607535321821034,outer_02,none,0.0
1695,2017-08-02,1696,1701,2017-08-03,2017-08-10,0.008799128898473896,1.0,-0.002161651269726228,0.03157088688746068,0.36490346696738524,0.49607535321821034,outer_02,none,0.0
1696,2017-08-03,1697,1702,2017-08-04,2017-08-11,0.013873561754023989,1.0,0.0021064847258562835,0.03549671837427848,0.37746554909034474,0.49607535321821034,outer_02,none,0.0
1697,2017-08-04,1698,1703,2017-08-07,2017-08-14,0.025267891852330138,1.0,-0.00800770229013903,0.03766638561080882,0.4523488580493503,0.49607535321821034,outer_02,none,0.0
1698,2017-08-07,1699,1704,2017-08-08,2017-08-15,0.018833987232652838,1.0,-0.0008424734244920629,0.03513420047764715,0.4569781998036888,0.49607535321821034,outer_02,none,0.0
1699,2017-08-08,1700,1705,2017-08-09,2017-08-16,0.008245645511768984,1.0,0.0024380474352412307,0.035137495572941546,0.45664890960329735,0.49607535321821034,outer_02,none,0.0
1700,2017-08-09,1701,1706,2017-08-10,2017-08-17,0.004943449467098127,1.0,0.013120083556663609,0.04585332745349113,0.3978153052866588,0.49607535321821034,outer_02,none,0.0
1701,2017-08-10,1702,1707,2017-08-11,2017-08-18,0.0019108879789300204,1.0,0.006912074452852579,0.05493143219151442,0.4684518487854765,0.49607535321821034,outer_02,none,0.0
1702,2017-08-11,1703,1708,2017-08-14,2017-08-21,-0.004913900180466335,0.0,0.0032289891677406146,0.04891377593487256,0.48738119118215983,0.49607535321821034,outer_02,none,0.0
1703,2017-08-14,1704,1709,2017-08-15,2017-08-22,0.007605841341005615,1.0,-0.007084809800469216,0.03793035738393957,0.45167040526363156,0.49607535321821034,outer_02,none,0.0
1704,2017-08-15,1705,1710,2017-08-16,2017-08-23,0.010329134441810162,1.0,-0.007662152323661076,0.02346589740079086,0.5212093322063958,0.49607535321821034,outer_02,none,0.0
1705,2017-08-16,1706,1711,2017-08-17,2017-08-24,0.00521366676853674,1.0,0.009050402337990704,0.03324118258113451,0.5265209667693926,0.49607535321821034,outer_02,none,0.0
1706,2017-08-17,1707,1712,2017-08-18,2017-08-25,-0.001965316306555387,0.0,0.0036253064032525373,0.03405848150721269,0.4462659760965632,0.49607535321821034,outer_02,none,0.0
1707,2017-08-18,1708,1713,2017-08-21,2017-08-28,0.007369562022055298,1.0,-0.0024257891818857402,0.023566454585572494,0.42871828161990644,0.49607535321821034,outer_02,none,0.0
1708,2017-08-21,1709,1714,2017-08-22,2017-08-29,0.017951404942087024,1.0,0.005411062767833208,0.02849146350341414,0.506825519625572,0.49607535321821034,outer_02,none,0.0
1709,2017-08-22,1710,1715,2017-08-23,2017-08-30,0.01980186407751905,1.0,-0.005146428078908194,0.027816065059968587,0.5060527531244685,0.49607535321821034,outer_02,none,0.0
1710,2017-08-23,1711,1716,2017-08-24,2017-08-31,0.013883767473793718,1.0,0.004255656030526467,0.02320507998199428,0.44989755122395103,0.49607535321821034,outer_02,none,0.0
1711,2017-08-24,1712,1717,2017-08-25,2017-09-01,0.027448989518453537,1.0,-0.0033299857286159806,0.021796293926578336,0.41555055268144947,0.49607535321821034,outer_02,none,0.0
1712,2017-08-25,1713,1718,2017-08-28,2017-09-04,0.03250326083103161,1.0,0.004127844720323459,0.017622840248896487,0.40842977765641647,0.49607535321821034,outer_02,none,0.0
1713,2017-08-28,1714,1719,2017-08-29,2017-09-05,0.014624715829487656,1.0,0.013948278484749999,0.03120866856657667,0.5249993089770343,0.49607535321821034,outer_02,none,0.0
1714,2017-08-29,1715,1720,2017-08-30,2017-09-06,0.022168200285208606,1.0,-9.92711209661934e-05,0.03146396686416697,0.49110389994036513,0.49607535321821034,outer_02,none,0.0
1715,2017-08-30,1716,1721,2017-08-31,2017-09-07,0.019414411368305906,1.0,-0.0010161864850655178,0.03260943164882768,0.4744357872608786,0.49607535321821034,outer_02,none,0.0
1716,2017-08-31,1717,1722,2017-09-01,2017-09-08,0.02001991646999013,1.0,0.01008542295724002,0.04058836988021142,0.5688260421173646,0.49607535321821034,outer_02,none,0.0
1717,2017-09-01,1718,1723,2017-09-04,2017-09-11,0.002804673299291238,1.0,0.0024036292751477006,0.05099970144549815,0.6829264869671923,0.49607535321821034,outer_02,none,0.0
1718,2017-09-04,1719,1724,2017-09-05,2017-09-12,-0.004539756908002346,0.0,0.0070489844450216665,0.058891159315011876,0.7645820413979979,0.49607535321821034,outer_02,none,0.0
1719,2017-09-05,1720,1725,2017-09-06,2017-09-13,-0.0047889586515577065,0.0,0.004480337797444278,0.060933449677214924,0.6580700554953959,0.49607535321821034,outer_02,none,0.0
1720,2017-09-06,1721,1726,2017-09-07,2017-09-14,-0.008264634264356197,0.0,-0.004442856116611438,0.04337051000393988,0.5806803434784621,0.49607535321821034,outer_02,none,0.0
1721,2017-09-07,1722,1727,2017-09-08,2017-09-15,-0.013437249614581148,0.0,0.011403906960209653,0.04786234251129695,0.527619818768786,0.49607535321821034,outer_02,none,0.0
1722,2017-09-08,1723,1728,2017-09-11,2017-09-18,-0.01550500341992933,0.0,-0.0020995708416453596,0.04253378250191098,0.5293639503087814,0.49607535321821034,outer_02,none,0.0
1723,2017-09-11,1724,1729,2017-09-12,2017-09-19,-0.015012881015547208,0.0,-0.014384647354130031,0.03523394494825016,0.5584304551736778,0.49607535321821034,outer_02,none,0.0
1724,2017-09-12,1725,1730,2017-09-13,2017-09-20,-0.017081630532850056,0.0,0.003016729702831178,0.045912826974742416,0.5205657996047633,0.49607535321821034,outer_02,none,0.0
1725,2017-09-13,1726,1731,2017-09-14,2017-09-21,-0.016506501704236065,0.0,-0.006223977051655893,0.030638447585095818,0.5925278836162863,0.49607535321821034,outer_02,none,0.0
1726,2017-09-14,1727,1732,2017-09-15,2017-09-22,-0.029709950762014437,0.0,0.00494617529782726,0.03195931647967054,0.5429032843993918,0.49607535321821034,outer_02,none,0.0
1727,2017-09-15,1728,1733,2017-09-18,2017-09-25,-0.017106334589292338,0.0,-0.006996650992515008,0.027388454669041273,0.5298641396241845,0.49607535321821034,outer_02,none,0.0
1728,2017-09-18,1729,1734,2017-09-19,2017-09-26,0.00143663912345815,1.0,-0.00997161428259119,0.012005777618616875,0.5653827646001126,0.49607535321821034,outer_02,none,0.0
1729,2017-09-19,1730,1735,2017-09-20,2017-09-27,-0.01334177531196179,0.0,0.0028341290660867102,0.01998633476361178,0.5390873084776775,0.49607535321821034,outer_02,none,0.0
1730,2017-09-20,1731,1736,2017-09-21,2017-09-28,-0.014075748038240299,0.0,-0.00828812318601102,0.007442555547074292,0.5443863210559143,0.49607535321821034,outer_02,none,0.0
1731,2017-09-21,1732,1737,2017-09-22,2017-09-29,-0.003878589644259911,0.0,-0.006838293154866726,0.003934248120823547,0.509987117484004,0.49607535321821034,outer_02,none,0.0
1732,2017-09-22,1733,1738,2017-09-25,2017-10-02,-0.013220020722898518,0.0,0.004381582754348301,0.004187986154848389,0.48361078005243885,0.49607535321821034,outer_02,none,0.0
1733,2017-09-25,1734,1739,2017-09-26,2017-10-03,-0.030139246333841463,0.0,0.010271764196740918,0.0005114718668393081,0.4246894457513347,0.49607535321821034,outer_02,none,0.0
1734,2017-09-26,1735,1740,2017-09-27,2017-10-04,-0.01701604592215311,0.0,-0.012657230204090375,-0.012046487216284874,0.5251013800696742,0.49607535321821034,outer_02,none,0.0
1735,2017-09-27,1736,1741,2017-09-28,2017-10-05,-0.00644989512176064,0.0,-0.00903746892456514,-0.020067769655784495,0.5279886310039499,0.49607535321821034,outer_02,none,0.0
1736,2017-09-28,1737,1742,2017-09-29,2017-10-06,-0.014017878785036686,0.0,0.003752232774519193,-0.026400959838505322,0.5890170306788948,0.49607535321821034,outer_02,none,0.0
1737,2017-09-29,1738,1743,2017-10-02,2017-10-09,-0.0023797792714397303,0.0,-0.005930619210202437,-0.03473520832385546,0.618917989379583,0.49607535321821034,outer_02,none,0.0
1738,2017-10-02,1739,1744,2017-10-03,2017-10-10,0.010225582366656383,1.0,-0.006603116937053954,-0.04838730970593108,0.5874392004752832,0.49607535321821034,outer_02,none,0.0
1739,2017-10-03,1740,1745,2017-10-04,2017-10-11,0.012824044866456497,1.0,0.00046411196157336576,-0.05240353554180199,0.6468666608489373,0.49607535321821034,outer_02,none,0.0
1740,2017-10-04,1741,1746,2017-10-05,2017-10-12,0.012904913165885823,1.0,0.0024350215080977122,-0.04552565791709284,0.6354690055592005,0.49607535321821034,outer_02,none,0.0
1741,2017-10-05,1742,1747,2017-10-06,2017-10-13,0.019466892186170703,1.0,-0.00556210401740298,-0.06249166889470548,0.5487783322135368,0.49607535321821034,outer_02,none,0.0
1742,2017-10-06,1743,1748,2017-10-09,2017-10-16,0.02126287826146278,1.0,0.006761723105836559,-0.05363037494722356,0.47673600456621534,0.49607535321821034,outer_02,none,0.0
1743,2017-10-09,1744,1749,2017-10-10,2017-10-17,0.009420098268612342,1.0,0.006070070315423948,-0.03317565727766958,0.45969570739934684,0.49607535321821034,outer_02,none,0.0
1744,2017-10-10,1745,1750,2017-10-11,2017-10-18,-0.002269919117672714,0.0,0.003095038747927603,-0.033097348232573154,0.4502430014229886,0.49607535321821034,outer_02,none,0.0
1745,2017-10-11,1746,1751,2017-10-12,2017-10-19,-0.007897744032209886,0.0,0.002636437066262154,-0.024236934114655106,0.4054622234958942,0.49607535321821034,outer_02,none,0.0
1746,2017-10-12,1747,1752,2017-10-13,2017-10-20,-0.0032673948003152375,0.0,0.0015089436777193654,-0.027674165734763,0.29379674091754143,0.49607535321821034,outer_02,none,0.0
1747,2017-10-13,1748,1753,2017-10-16,2017-10-23,-0.020228857316577198,0.0,0.007725614858653529,-0.012951899883594464,0.25724325028013995,0.49607535321821034,outer_02,none,0.0
1748,2017-10-16,1749,1754,2017-10-17,2017-10-24,-0.0111275212939006,0.0,-0.006720915874671718,-0.009701201475674992,0.41638312817819473,0.49607535321821034,outer_02,none,0.0
1749,2017-10-17,1750,1755,2017-10-18,2017-10-25,-0.006723304974528332,0.0,-0.007310931850896374,-0.019846262392658076,0.46394370627784864,0.49607535321821034,outer_02,none,0.0
1750,2017-10-18,1751,1756,2017-10-19,2017-10-26,-0.002656936554063627,0.0,-0.003374971538843141,-0.014933110745490197,0.42811886157694695,0.49607535321821034,outer_02,none,0.0
1751,2017-10-19,1752,1757,2017-10-20,2017-10-27,-0.017090555714503353,0.0,0.00665328094220019,-0.0014415366484232806,0.312180037842547,0.49607535321821034,outer_02,none,0.0
1752,2017-10-20,1753,1758,2017-10-23,2017-10-30,-0.003097422208132805,0.0,-0.007199959493215502,-0.013023078895987084,0.3237228723147355,0.49607535321821034,outer_02,none,0.0
1753,2017-10-23,1754,1759,2017-10-24,2017-10-31,-0.004340131855338214,0.0,0.0014207430845276647,-0.021874100008200337,0.3551013334871191,0.49607535321821034,outer_02,none,0.0
1754,2017-10-24,1755,1760,2017-10-25,2017-11-01,-0.004712099944978121,0.0,-0.004268299163038947,-0.013485168967148908,0.3653906556739332,0.49607535321821034,outer_02,none,0.0
1755,2017-10-25,1756,1761,2017-10-26,2017-11-02,-0.00205223075802774,0.0,0.0006969923887094609,-0.003750707653874308,0.30612375562916044,0.49607535321821034,outer_02,none,0.0
1756,2017-10-26,1757,1762,2017-10-27,2017-11-03,0.007591869349210079,1.0,-0.008222476423437541,-0.015725416851831042,0.37904930574300444,0.49607535321821034,outer_02,none,0.0
1757,2017-10-27,1758,1763,2017-10-30,2017-11-06,-0.0030361450152831537,0.0,0.005141075673378737,-0.004653721968249869,0.3248912478310134,0.49607535321821034,outer_02,none,0.0
1758,2017-10-30,1759,1764,2017-10-31,2017-11-07,0.003988930156594961,1.0,0.0020239745832348888,0.0039733695520389745,0.31463348580905837,0.49607535321821034,outer_02,none,0.0
1759,2017-10-31,1760,1765,2017-11-01,2017-11-08,0.004994121098433446,1.0,-0.0039340296751673165,-0.0004247720847017078,0.34623819248940285,0.49607535321821034,outer_02,none,0.0
1760,2017-11-01,1761,1766,2017-11-02,2017-11-09,0.004795009245928128,1.0,0.00276564493199416,-9.414866080525996e-05,0.34231607493458677,0.49607535321821034,outer_02,none,0.0
1761,2017-11-02,1762,1767,2017-11-03,2017-11-10,0.006251703281872523,1.0,0.0012780957331903764,0.0067460510897880965,0.3289519086936175,0.49607535321821034,outer_02,none,0.0
1762,2017-11-03,1763,1768,2017-11-06,2017-11-13,0.004346858914016316,1.0,-0.004807210633753556,-0.004822882649802018,0.45367069583667796,0.49607535321821034,outer_02,none,0.0
1763,2017-11-06,1764,1769,2017-11-07,2017-11-14,-0.00250099779443147,0.0,0.008982941197351657,-0.001910011767874309,0.34150518907560656,0.49607535321821034,outer_02,none,0.0
1764,2017-11-07,1765,1770,2017-11-08,2017-11-15,0.0024721117842370077,1.0,-0.004896908937555899,-0.009901959453357811,0.4289298541890446,0.49607535321821034,outer_02,none,0.0
1765,2017-11-08,1766,1771,2017-11-09,2017-11-16,-0.0024298310683361635,0.0,0.0046393630363796845,-0.007899033483240281,0.37665459287596803,0.49607535321821034,outer_02,none,0.0
1766,2017-11-09,1767,1772,2017-11-10,2017-11-17,-0.005257873551864911,0.0,0.0027048216070379993,-0.006703155553921647,0.28294097448591304,0.49607535321821034,outer_02,none,0.0
1767,2017-11-10,1768,1773,2017-11-13,2017-11-20,0.014166407101902756,1.0,-0.0070540829881959866,-0.021482853400771162,0.4483231464256947,0.49607535321821034,outer_02,none,0.0
1768,2017-11-13,1769,1774,2017-11-14,2017-11-21,-0.00011738788492277052,0.0,0.0018327503426611713,-0.012929187183438273,0.4159758673569455,0.49607535321821034,outer_02,none,0.0
1769,2017-11-14,1770,1775,2017-11-15,2017-11-22,0.0006561167498269072,1.0,0.0018606401903067393,-0.00375761514223516,0.37229066173589914,0.49607535321821034,outer_02,none,0.0
1770,2017-11-15,1771,1776,2017-11-16,2017-11-23,0.010280446190937376,1.0,-0.001547685425363099,-0.0019303290287551178,0.3563192471843378,0.49607535321821034,outer_02,none,0.0
1771,2017-11-16,1772,1777,2017-11-17,2017-11-24,0.009644237075170814,1.0,-3.129106953103644e-05,-0.008614901040486345,0.34673162284413894,0.49607535321821034,outer_02,none,0.0
1772,2017-11-17,1773,1778,2017-11-20,2017-11-27,-0.003905104837158113,0.0,0.012292130001892332,0.01087718845462149,0.2873657155779839,0.49607535321821034,outer_02,none,0.0
1773,2017-11-20,1774,1779,2017-11-21,2017-11-28,0.013070252036715857,1.0,-0.013583740584788728,-0.004127295214694904,0.39095609638262885,0.49607535321821034,outer_02,none,0.0
1774,2017-11-21,1775,1780,2017-11-22,2017-11-29,0.009898686163058557,1.0,0.0029096390520679805,0.0030506430004120233,0.3922793156004372,0.49607535321821034,outer_02,none,0.0
1775,2017-11-22,1776,1781,2017-11-23,2017-11-30,-0.005691384746677741,0.0,0.008995865992563523,0.011349516604266086,0.40607087835167993,0.49607535321821034,outer_02,none,0.0
1776,2017-11-23,1777,1782,2017-11-24,2017-12-01,-0.012385531272077976,0.0,-0.0007820757928040933,0.018789917234899534,0.5071122738642698,0.49607535321821034,outer_02,none,0.0
1777,2017-11-24,1778,1783,2017-11-27,2017-12-04,-0.011045954507913791,0.0,-0.0020626558181540133,0.011586185743366784,0.39615102859435386,0.49607535321821034,outer_02,none,0.0
1778,2017-11-27,1779,1784,2017-11-28,2017-12-05,-0.014135198185316611,0.0,0.004638870209927148,0.014201081370059043,0.4542113084960025,0.49607535321821034,outer_02,none,0.0
1779,2017-11-28,1780,1785,2017-11-29,2017-12-06,-0.021435448234627508,0.0,-0.0003941252210015733,0.017740985824224786,0.4864207387538199,0.49607535321821034,outer_02,none,0.0
1780,2017-11-29,1781,1786,2017-11-30,2017-12-07,-0.016162618165930454,0.0,-0.008156848317442567,0.00681849257478806,0.43073969296215703,0.49607535321821034,outer_02,none,0.0
1781,2017-11-30,1782,1787,2017-12-01,2017-12-08,-0.021756189917949698,0.0,-0.006677272907360532,-0.0011368760657628485,0.41106350417683246,0.49607535321821034,outer_02,none,0.0
1782,2017-12-01,1783,1788,2017-12-04,2017-12-11,-0.02079640952480677,0.0,0.004055466729981028,0.007725801297971735,0.4837053885354426,0.49607535321821034,outer_02,none,0.0
1783,2017-12-04,1784,1789,2017-12-05,2017-12-12,-0.02722445066192236,0.0,-0.0030831616632616132,-0.004340301562641535,0.41167507865092523,0.49607535321821034,outer_02,none,0.0
1784,2017-12-05,1785,1790,2017-12-06,2017-12-13,-0.017683215108981187,0.0,-0.008089436622077173,-0.007532829247162809,0.4346005005579345,0.49607535321821034,outer_02,none,0.0
1785,2017-12-06,1786,1791,2017-12-07,2017-12-14,-0.007665855538718347,0.0,-0.0020088745198849622,-0.014181066803427456,0.377111911168518,0.49607535321821034,outer_02,none,0.0
1786,2017-12-07,1787,1792,2017-12-08,2017-12-15,0.004295096043966495,1.0,-0.0131329185762743,-0.030018806986739754,0.3028637196151975,0.49607535321821034,outer_02,none,0.0
1787,2017-12-08,1788,1793,2017-12-11,2017-12-18,0.005124178335178975,1.0,0.0011223885604341177,-0.02184233543810965,0.29774780800353845,0.49607535321821034,outer_02,none,0.0
1788,2017-12-11,1789,1794,2017-12-12,2017-12-19,0.015624818623479086,1.0,-0.005221776178784943,-0.028896861959555764,0.3022379402605171,0.49607535321821034,outer_02,none,0.0
1789,2017-12-12,1790,1795,2017-12-13,2017-12-20,0.014082715854511818,1.0,0.0017945452265157869,-0.028962956923346717,0.3220775626571095,0.49607535321821034,outer_02,none,0.0
1790,2017-12-13,1791,1796,2017-12-14,2017-12-21,0.009326315630358017,1.0,0.009394774774597714,-0.018020496723385904,0.2730554417436663,0.49607535321821034,outer_02,none,0.0
1791,2017-12-14,1792,1797,2017-12-15,2017-12-22,0.010527415855316136,1.0,-0.0024003105611019038,-0.02038951621495677,0.29482433167941896,0.49607535321821034,outer_02,none,0.0
1792,2017-12-15,1793,1798,2017-12-18,2017-12-26,0.01895581739912089,1.0,0.0022569322492147492,-0.030424713967634354,0.37073112484188664,0.49607535321821034,outer_02,none,0.0
1793,2017-12-18,1794,1799,2017-12-19,2017-12-27,0.016203630556484327,1.0,0.004998123200163462,-0.011842850182682163,0.40267691153058427,0.49607535321821034,outer_02,none,0.0
1794,2017-12-19,1795,1800,2017-12-20,2017-12-28,0.020308612414602578,1.0,1.5852508263414222e-05,-0.01473663672648673,0.532825456805947,0.5017162471395881,outer_03,none,0.0
1795,2017-12-20,1796,1801,2017-12-21,2017-12-29,0.022111830564426782,1.0,0.002952107596640552,-0.0207803951224097,0.5833864783599547,0.5017162471395881,outer_03,none,0.0
1796,2017-12-21,1797,1802,2017-12-22,2018-01-02,0.03385390178286496,1.0,0.0009084123552627332,-0.019089906974342874,0.47789957261503513,0.5017162471395881,outer_03,none,0.0
1797,2017-12-22,1798,1803,2017-12-26,2018-01-03,0.03015551701721808,1.0,0.006892780456826841,-0.01013447069936202,0.4917716943406297,0.5017162471395881,outer_03,none,0.0
1798,2017-12-26,1799,1804,2017-12-27,2018-01-04,0.023484611162195357,1.0,0.0060976752044688,-0.008675665704820368,0.679336472935825,0.5017162471395881,outer_03,none,0.0
1799,2017-12-27,1800,1805,2017-12-28,2018-01-05,0.026552945828888674,1.0,0.0030582610438498747,-0.00522327943996892,0.61754831018682,0.5017162471395881,outer_03,none,0.0
1800,2017-12-28,1801,1806,2017-12-29,2018-01-08,0.020369764441321436,1.0,0.006080882607717442,0.009014451485191088,0.601988719994009,0.5017162471395881,outer_03,none,0.0
1801,2017-12-29,1802,1807,2018-01-02,2018-01-09,0.007363209778186608,1.0,0.005913623147291602,0.021605347539843223,0.7969331618642808,0.5017162471395881,outer_03,none,0.0
1802,2018-01-02,1803,1808,2018-01-03,2018-01-10,-0.004145927150867479,0.0,0.011662651845668393,0.029212532655530588,0.839485889032464,0.5017162471395881,outer_03,none,0.0
1803,2018-01-03,1804,1809,2018-01-04,2018-01-11,0.003338571167090798,1.0,-0.003831830127595026,0.028463864191197175,0.7945426136406142,0.5017162471395881,outer_03,none,0.0
1804,2018-01-04,1805,1810,2018-01-05,2018-01-12,0.0002949729818571001,1.0,0.0075205156632902614,0.04407381647656461,0.8312508792544268,0.5017162471395881,outer_03,none,0.0
1805,2018-01-05,1806,1811,2018-01-08,2018-01-15,0.011563172267153199,1.0,-0.0021115655751735574,0.043971125421276014,0.7667637055652035,0.5017162471395881,outer_03,none,0.0
1806,2018-01-08,1807,1812,2018-01-09,2018-01-16,0.014991386137205964,1.0,0.0002802849834830923,0.057384328981033406,0.7289428234071754,0.5017162471395881,outer_03,none,0.0
1807,2018-01-09,1808,1813,2018-01-10,2018-01-17,0.02065693476523922,1.0,-0.005818739640625736,0.05044320077997355,0.6536696049660277,0.5017162471395881,outer_03,none,0.0
1808,2018-01-10,1809,1814,2018-01-11,2018-01-18,0.007849879985009522,1.0,0.0030275392058829453,0.05869251616464144,0.6068445358169906,0.5017162471395881,outer_03,none,0.0
1809,2018-01-11,1810,1815,2018-01-12,2018-01-19,0.0039171487392328785,1.0,0.004357833743005912,0.061255804681131565,0.5623069096583971,0.5017162471395881,outer_03,none,0.0
1810,2018-01-12,1811,1816,2018-01-15,2018-01-22,-0.00074875522947071,0.0,0.011900114497104042,0.06376114440363789,0.5473752763386358,0.5017162471395881,outer_03,none,0.0
1811,2018-01-15,1812,1817,2018-01-16,2018-01-23,-0.004504613239638466,0.0,0.0013143648507334404,0.06747581981547324,0.555438509226369,0.5017162471395881,outer_03,none,0.0
1812,2018-01-16,1813,1818,2018-01-17,2018-01-24,0.0012835247945108819,1.0,-0.0011649181767650063,0.06405396938949348,0.49385728002097573,0.5017162471395881,outer_03,none,0.0
1813,2018-01-17,1814,1819,2018-01-18,2018-01-25,0.022155586741153144,1.0,-0.00882563946744419,0.05023020672188583,0.5259677510640766,0.5017162471395881,outer_03,none,0.0
1814,2018-01-18,1815,1820,2018-01-19,2018-01-26,0.014552291921481775,1.0,0.0003240819277330331,0.05053843614135545,0.575897693147722,0.5017162471395881,outer_03,none,0.0
1815,2018-01-19,1816,1821,2018-01-22,2018-01-29,0.011898520170638527,1.0,0.0033026545271042096,0.050888983071819105,0.6427545675444998,0.5017162471395881,outer_03,none,0.0
1816,2018-01-22,1817,1822,2018-01-23,2018-01-30,0.005907221724084977,1.0,0.0018309388674015992,0.05181150958395797,0.6261627169353466,0.5017162471395881,outer_03,none,0.0
1817,2018-01-23,1818,1823,2018-01-24,2018-01-31,-0.0026135606325459193,0.0,0.005413137802078083,0.05033186692920921,0.584557589502475,0.5017162471395881,outer_03,none,0.0
1818,2018-01-24,1819,1824,2018-01-25,2018-02-01,-0.010264323779816564,0.0,0.01249330830927331,0.05672750003401372,0.4718779713356025,0.5017162471395881,outer_03,none,0.0
1819,2018-01-25,1820,1825,2018-01-26,2018-02-02,0.0006011555726708195,1.0,-0.007205733660293312,0.046463505329870536,0.5732717172415194,0.5017162471395881,outer_03,none,0.0
1820,2018-01-26,1821,1826,2018-01-29,2018-02-05,-0.0144559991866835,0.0,0.0013193885288949048,0.041702011251048,0.5640603128018785,0.5017162471395881,outer_03,none,0.0
1821,2018-01-29,1822,1827,2018-01-30,2018-02-06,-0.0017834428149159365,0.0,-0.007196201026975935,0.028592187076780462,0.6112978230477735,0.5017162471395881,outer_03,none,0.0
1822,2018-01-30,1823,1828,2018-01-31,2018-02-07,-0.009601660506680432,0.0,-0.0012915702584201938,0.015637964972691876,0.6411167061152653,0.5017162471395881,outer_03,none,0.0
1823,2018-01-31,1824,1829,2018-02-01,2018-02-08,-0.019581718090155853,0.0,0.004732581228392263,0.024202376328679165,0.5827422965181376,0.5017162471395881,outer_03,none,0.0
1824,2018-02-01,1825,1830,2018-02-02,2018-02-09,-0.02152378623050666,0.0,0.0025618857599596367,0.01924374642534854,0.5850527240538844,0.5017162471395881,outer_03,none,0.0
1825,2018-02-02,1826,1831,2018-02-05,2018-02-12,-0.012285668049343279,0.0,-0.011801879642211688,0.00955343235831041,0.47561977870997396,0.5017162471395881,outer_03,none,0.0
1826,2018-02-05,1827,1832,2018-02-06,2018-02-13,-0.01147788784468684,0.0,0.0052317933214212076,0.014504940696248525,0.5378998988179751,0.5017162471395881,outer_03,none,0.0
1827,2018-02-06,1828,1833,2018-02-07,2018-02-14,0.003827669345739082,1.0,-0.011381675141549863,0.008942005195324398,0.5283849754847959,0.5017162471395881,outer_03,none,0.0
1828,2018-02-07,1829,1834,2018-02-08,2018-02-15,0.02496400225335016,1.0,-0.004624084464752265,0.001290381524689188,0.627821368037743,0.5017162471395881,outer_03,none,0.0
1829,2018-02-08,1830,1835,2018-02-09,2018-02-16,0.025950799679245407,1.0,3.792720253237292e-05,-0.003029525015784351,0.5424883848429491,0.5017162471395881,outer_03,none,0.0
1830,2018-02-09,1831,1836,2018-02-12,2018-02-19,0.025749339182795872,1.0,-0.0020501301799420446,-0.016979769692830438,0.6237377652149604,0.5017162471395881,outer_03,none,0.0
1831,2018-02-12,1832,1837,2018-02-13,2018-02-20,0.01816986349578187,1.0,0.0054728201788636355,-0.012821314364700243,0.655120878427741,0.5017162471395881,outer_03,none,0.0
1832,2018-02-13,1833,1838,2018-02-14,2018-02-21,-0.00017298370611840141,0.0,0.004623195820666837,-0.0070332003672684,0.6506234334286494,0.5017162471395881,outer_03,none,0.0
1833,2018-02-14,1834,1839,2018-02-15,2018-02-22,-0.019626578113298265,0.0,0.01578903552886235,0.01758147462903814,0.6300994939545814,0.5017162471395881,outer_03,none,0.0
1834,2018-02-15,1835,1840,2018-02-16,2018-02-23,-0.016391673137872154,0.0,0.002167793954164665,0.019425186655469773,0.6693376067455262,0.5017162471395881,outer_03,none,0.0
1835,2018-02-16,1836,1841,2018-02-19,2018-02-26,-0.014823821936612802,0.0,-0.004177010331629205,0.011945521796736358,0.7022230477257073,0.5017162471395881,outer_03,none,0.0
1836,2018-02-19,1837,1842,2018-02-20,2018-02-27,-0.010890753622811111,0.0,-0.0006161772706771984,0.00949840565865756,0.7826126252866364,0.5017162471395881,outer_03,none,0.0
1837,2018-02-20,1838,1843,2018-02-21,2018-02-28,-0.00838411485513113,0.0,-0.012907841223272598,-0.00882257336669312,0.7293672237446017,0.5017162471395881,outer_03,none,0.0
1838,2018-02-21,1839,1844,2018-02-22,2018-03-01,-0.004062939451007885,0.0,-0.0037381812382095703,-0.025054062914176,0.7311292924916281,0.5017162471395881,outer_03,none,0.0
1839,2018-02-22,1840,1845,2018-02-23,2018-03-02,-0.011562481311825579,0.0,0.005632078496747184,-0.012216250757135505,0.634828488670778,0.5017162471395881,outer_03,none,0.0
1840,2018-02-23,1841,1846,2018-02-26,2018-03-05,-0.004612714224268899,0.0,-0.002307725134621741,-0.01584336442065215,0.660777282829563,0.5017162471395881,outer_03,none,0.0
1841,2018-02-26,1842,1847,2018-02-27,2018-03-06,-0.009608755655780676,0.0,0.0031182986597411144,-0.005528864733935102,0.6520521438513509,0.5017162471395881,outer_03,none,0.0
1842,2018-02-27,1843,1848,2018-02-28,2018-03-07,0.01592244147398514,1.0,-0.0110440844632258,-0.015281378938740708,0.7189747918860688,0.5017162471395881,outer_03,none,0.0
1843,2018-02-28,1844,1849,2018-03-01,2018-03-08,0.005006325067552275,1.0,-0.00015930996062252234,-0.020173270127755494,0.7036497032419371,0.5017162471395881,outer_03,none,0.0
1844,2018-03-01,1845,1850,2018-03-02,2018-03-09,0.003677324931424586,1.0,-0.0006982286527046355,-0.023433384540419766,0.7049829940630505,0.5017162471395881,outer_03,none,0.0
1845,2018-03-02,1846,1851,2018-03-05,2018-03-12,-0.0006423408632505456,0.0,0.0037586052553768567,-0.007872899642831221,0.6298803187516284,0.5017162471395881,outer_03,none,0.0
1846,2018-03-05,1847,1852,2018-03-06,2018-03-13,0.002261648638663516,1.0,-0.0016956854933622978,-0.014800378457614727,0.5787911745293065,0.5017162471395881,outer_03,none,0.0
1847,2018-03-06,1848,1853,2018-03-07,2018-03-14,-0.010279973473903858,0.0,0.010865986391348947,0.0074472830752840835,0.561954021084325,0.5017162471395881,outer_03,none,0.0
1848,2018-03-07,1849,1854,2018-03-08,2018-03-15,-0.0013889729873612922,0.0,-0.006730234266374424,0.005341133273661924,0.6185087980110558,0.5017162471395881,outer_03,none,0.0
1849,2018-03-08,1850,1855,2018-03-09,2018-03-16,-0.004095196149597413,0.0,-0.0024249395261080053,0.002878266545021546,0.636278004007612,0.5017162471395881,outer_03,none,0.0
1850,2018-03-09,1851,1856,2018-03-12,2018-03-19,-0.007374843743929382,0.0,0.0009223209877031735,0.005850717712666764,0.6302733999758199,0.5017162471395881,outer_03,none,0.0
1851,2018-03-12,1852,1857,2018-03-13,2018-03-20,-0.004725777868514136,0.0,-0.0004988549115942931,-0.00012095737779116433,0.7087666292746013,0.5017162471395881,outer_03,none,0.0
1852,2018-03-13,1853,1858,2018-03-14,2018-03-21,-0.010851743905100797,0.0,0.0027255482121804064,-0.0020186049862775945,0.5744151480364643,0.5017162471395881,outer_03,none,0.0
1853,2018-03-14,1854,1859,2018-03-15,2018-03-22,0.006047547642785034,1.0,-0.0011844364938751184,-0.018992077009015063,0.5735733837058064,0.5017162471395881,outer_03,none,0.0
1854,2018-03-15,1855,1860,2018-03-16,2018-03-23,0.011101442922226923,1.0,-0.006285090241822111,-0.02744496120500184,0.5414552161829987,0.5017162471395881,outer_03,none,0.0
1855,2018-03-16,1856,1861,2018-03-19,2018-03-26,0.026312066580070237,1.0,-0.002258633384870201,-0.025526584258242835,0.5224687429109998,0.5017162471395881,outer_03,none,0.0
1856,2018-03-19,1857,1862,2018-03-20,2018-03-27,0.026666249373533013,1.0,0.0026991185332132517,-0.022211288454352385,0.6000075686514794,0.5017162471395881,outer_03,none,0.0
1857,2018-03-20,1858,1863,2018-03-21,2018-03-28,0.025645422550116592,1.0,-0.004535638349997484,-0.01383908558107727,0.5022343700400143,0.5017162471395881,outer_03,none,0.0
1858,2018-03-21,1859,1864,2018-03-22,2018-03-29,-0.005624612466400336,0.0,0.015695440369691838,0.005594536026824137,0.4301637240787016,0.5017162471395881,outer_03,none,0.0
1859,2018-03-22,1860,1865,2018-03-23,2018-04-02,-0.0036214328788384265,0.0,-0.002398127753851398,-0.0024356702237744443,0.47466800965761435,0.5017162471395881,outer_03,none,0.0
1860,2018-03-23,1861,1866,2018-03-26,2018-04-03,-0.005608548003335656,0.0,0.014125161983223222,0.013997216894070519,0.5824604872120069,0.5017162471395881,outer_03,none,0.0
1861,2018-03-26,1862,1867,2018-03-27,2018-04-04,-0.015133523848042785,0.0,0.004391054649810933,0.015269972884140337,0.7491926188945687,0.5017162471395881,outer_03,none,0.0
1862,2018-03-27,1863,1868,2018-03-28,2018-04-05,-0.009340384700450954,0.0,-0.006560365704455506,0.01975369164291063,0.7548846228875078,0.5017162471395881,outer_03,none,0.0
1863,2018-03-28,1864,1869,2018-03-29,2018-04-06,0.0021798086025732744,1.0,-0.0148049845491105,0.005108017054422653,0.5726520465986334,0.5017162471395881,outer_03,none,0.0
1864,2018-03-29,1865,1870,2018-04-02,2018-04-09,0.005783514724042149,1.0,0.00015849834175973854,0.005964744048887027,0.6510211598335957,0.5017162471395881,outer_03,none,0.0
1865,2018-04-02,1866,1871,2018-04-03,2018-04-10,-0.0029881765237069757,0.0,0.01200278467912419,0.01420892347263436,0.7643650341856221,0.5017162471395881,outer_03,none,0.0
1866,2018-04-03,1867,1872,2018-04-04,2018-04-11,0.005209358666298236,1.0,-0.006358536971851514,0.009546071994145144,0.6599895273775855,0.5017162471395881,outer_03,none,0.0
1867,2018-04-04,1868,1873,2018-04-05,2018-04-12,0.014499429269102748,1.0,0.0005251746326324636,-0.0007947397645713394,0.6381410251766593,0.5017162471395881,outer_03,none,0.0
1868,2018-04-05,1869,1874,2018-04-06,2018-04-13,0.006226571966792882,1.0,-0.005166182470135894,0.0007693120316671909,0.5790049117170755,0.5017162471395881,outer_03,none,0.0
1869,2018-04-06,1870,1875,2018-04-09,2018-04-16,0.0068754988395474115,1.0,0.0047535684796686795,0.007947820037443876,0.6251883304661213,0.5017162471395881,outer_03,none,0.0
1870,2018-04-09,1871,1876,2018-04-10,2018-04-17,0.0069189465206678236,1.0,0.0025255282744636176,0.00955102732420432,0.6633923464731875,0.5017162471395881,outer_03,none,0.0
1871,2018-04-10,1872,1877,2018-04-11,2018-04-18,0.005642708874483482,1.0,0.002257826717809941,0.012307708953608554,0.625937419535738,0.5017162471395881,outer_03,none,0.0
1872,2018-04-11,1873,1878,2018-04-12,2018-04-19,-0.0025168978472036585,0.0,0.010400664301200457,0.019982825042628605,0.7469717761656582,0.5017162471395881,outer_03,none,0.0
1873,2018-04-12,1874,1879,2018-04-13,2018-04-20,0.00756375705295298,1.0,-0.013549566471186658,0.007617695065317065,0.5252002943152038,0.5017162471395881,outer_03,none,0.0
1874,2018-04-13,1875,1880,2018-04-16,2018-04-23,-0.005976009239214264,0.0,0.007612147475707154,0.02151493278284633,0.7139273197549815,0.5017162471395881,outer_03,none,0.0
1875,2018-04-16,1876,1881,2018-04-17,2018-04-24,-0.015809096340875683,0.0,0.00038652227072510925,0.02416008843844164,0.7070831250807575,0.5017162471395881,outer_03,none,0.0
1876,2018-04-17,1877,1882,2018-04-18,2018-04-25,-0.01274492632184998,0.0,0.0011735172695104268,0.022634487174738815,0.7668152355323617,0.5017162471395881,outer_03,none,0.0
1877,2018-04-18,1878,1883,2018-04-19,2018-04-26,-0.02027577077846221,0.0,0.0015131401280461532,0.028683265652782453,0.6590926888841925,0.5017162471395881,outer_03,none,0.0
1878,2018-04-19,1879,1884,2018-04-20,2018-04-27,-0.021269727573783648,0.0,-0.0026049122121172275,0.010382913070973387,0.6739289186352934,0.5017162471395881,outer_03,none,0.0
1879,2018-04-20,1880,1885,2018-04-23,2018-04-30,-0.008963472581933196,0.0,-0.007653498200363096,0.0051275426244616895,0.5665499434413322,0.5017162471395881,outer_03,none,0.0
1880,2018-04-23,1881,1886,2018-04-24,2018-05-01,-0.006565991880448152,0.0,-0.008029514608677069,-0.0170271339674386,0.5355138755514461,0.5017162471395881,outer_03,none,0.0
1881,2018-04-24,1882,1887,2018-04-25,2018-05-02,-0.019319908462854585,0.0,0.004526411120393092,-0.01689177749685644,0.5752191022617883,0.5017162471395881,outer_03,none,0.0
1882,2018-04-25,1883,1888,2018-04-26,2018-05-03,-0.012543453268832216,0.0,-0.005946544005499987,-0.016277955797900923,0.49956536799141465,0.5017162471395881,outer_03,none,0.0
1883,2018-04-26,1884,1889,2018-04-27,2018-05-04,-0.00381793063685798,0.0,-0.004447162324467513,-0.005920133573257935,0.35637580962993315,0.5017162471395881,outer_03,none,0.0
1884,2018-04-27,1885,1890,2018-04-30,2018-05-07,-0.005982570626854589,0.0,0.004469839861235059,-0.001608792053782615,0.3967877659568769,0.5017162471395881,outer_03,none,0.0
1885,2018-04-30,1886,1891,2018-05-01,2018-05-08,-0.001376211530272009,0.0,-0.006012399219386566,-0.01962397595229337,0.532964588964473,0.5017162471395881,outer_03,none,0.0
1886,2018-05-01,1887,1892,2018-05-02,2018-05-09,0.007924915502863783,1.0,-0.00838499288413086,-0.021650431864572717,0.39666729264195355,0.5017162471395881,outer_03,none,0.0
1887,2018-05-02,1888,1893,2018-05-03,2018-05-10,0.005027132597988704,1.0,0.0007052727091165778,-0.021470333788088602,0.35809326840188366,0.5017162471395881,outer_03,none,0.0
1888,2018-05-03,1889,1894,2018-05-04,2018-05-11,0.006789160424840013,1.0,0.005555760896509554,-0.010748390421443155,0.3430080503236046,0.5017162471395881,outer_03,none,0.0
1889,2018-05-04,1890,1895,2018-05-07,2018-05-14,0.002445880444556181,1.0,0.00183493973725124,-0.013667019163860594,0.37232296796756853,0.5017162471395881,outer_03,none,0.0
1890,2018-05-07,1891,1896,2018-05-08,2018-05-15,-0.00012174521784658054,0.0,-0.00030432136570812673,-0.01649686880403234,0.45635202768860667,0.5017162471395881,outer_03,none,0.0
1891,2018-05-08,1892,1897,2018-05-09,2018-05-16,-0.018652101942872257,0.0,0.00035756808439124654,-0.018397127437451033,0.35793558297277345,0.5017162471395881,outer_03,none,0.0
1892,2018-05-09,1893,1898,2018-05-10,2018-05-17,-0.016311369459128144,0.0,-0.0017586404383402865,-0.030556432176991777,0.48059823919374445,0.5017162471395881,outer_03,none,0.0
1893,2018-05-10,1894,1899,2018-05-11,2018-05-18,-0.02357897250360086,0.0,0.006599831809759316,-0.010407033896045803,0.41247608767880023,0.5017162471395881,outer_03,none,0.0
1894,2018-05-11,1895,1900,2018-05-14,2018-05-21,-0.02037907308230036,0.0,-0.0023645510414525006,-0.020383732413205458,0.5291259146089684,0.5017162471395881,outer_03,none,0.0
1895,2018-05-14,1896,1901,2018-05-15,2018-05-22,-0.01651129287032127,0.0,-0.003648723575495616,-0.024418978259426183,0.4821229592885292,0.5017162471395881,outer_03,none,0.0
1896,2018-05-15,1897,1902,2018-05-16,2018-05-23,0.0004182933691776469,1.0,-0.01717466079559049,-0.0427671563245271,0.18858547250382385,0.5017162471395881,outer_03,none,0.0
1897,2018-05-16,1898,1903,2018-05-17,2018-05-24,0.0022747856888107876,1.0,-0.00022469733750707377,-0.04450499379008033,0.281884299454225,0.5017162471395881,outer_03,none,0.0
1898,2018-05-17,1899,1904,2018-05-18,2018-05-25,0.01105843668203299,1.0,0.00022469733750707377,-0.041675384240456026,0.3198899410157116,0.5017162471395881,outer_03,none,0.0
1899,2018-05-18,1900,1905,2018-05-21,2018-05-28,0.006090495991310618,1.0,0.001323913868009008,-0.03269797217208392,0.4772964811055968,0.5017162471395881,outer_03,none,0.0
1900,2018-05-21,1901,1906,2018-05-22,2018-05-29,0.0038760636268051485,1.0,0.0,-0.024668457563406854,0.4627796150696669,0.5017162471395881,outer_03,none,0.0
1901,2018-05-22,1902,1907,2018-05-23,2018-05-30,0.006522827856125346,1.0,-0.0011302497816334522,-0.0303251184654334,0.5564905465654779,0.5017162471395881,outer_03,none,0.0
1902,2018-05-23,1903,1908,2018-05-24,2018-05-31,0.00601018915050755,1.0,0.0016716976263619898,-0.02270687683357142,0.4349741561330309,0.5017162471395881,outer_03,none,0.0
1903,2018-05-24,1904,1909,2018-05-25,2018-06-01,-0.0045703743146354725,0.0,0.008523861682725453,-0.009735852826378455,0.4263816359271866,0.5017162471395881,outer_03,none,0.0
1904,2018-05-25,1905,1910,2018-05-28,2018-06-04,-0.004914280174891594,0.0,-0.0028639784315478423,-0.017069671119161356,0.504786934776533,0.5017162471395881,outer_03,none,0.0
1905,2018-05-28,1906,1911,2018-05-29,2018-06-05,-0.004216515502578844,0.0,-0.0019241580051332363,-0.012981429904908026,0.6327109069976072,0.5017162471395881,outer_03,none,0.0
1906,2018-05-29,1907,1912,2018-05-30,2018-06-06,-0.0021875441995691247,0.0,0.00047753653676796404,-0.0041189004840092025,0.34517274455446134,0.5017162471395881,outer_03,none,0.0
1907,2018-05-30,1908,1913,2018-05-31,2018-06-07,-0.003917936282469725,0.0,0.0022382989050191426,-0.0025858742881066377,0.33305298974794945,0.5017162471395881,outer_03,none,0.0
1908,2018-05-31,1909,1914,2018-06-01,2018-06-08,-0.0012248719845553424,0.0,-0.002546360889525978,-0.01068799607414217,0.35282986385919235,0.5017162471395881,outer_03,none,0.0
1909,2018-06-01,1910,1915,2018-06-04,2018-06-11,0.004675681900133455,1.0,-0.003835606340062192,-0.016358542151455602,0.3627596579961745,0.5017162471395881,outer_03,none,0.0
1910,2018-06-04,1911,1916,2018-06-05,2018-06-12,0.005972009570499814,1.0,-0.0011295589732114308,-0.017183779758958906,0.4662529786558839,0.5017162471395881,outer_03,none,0.0
1911,2018-06-05,1912,1917,2018-06-06,2018-06-13,-0.001080130337858698,0.0,0.0036162771705043895,-0.013925070672845763,0.45250277798354965,0.5017162471395881,outer_03,none,0.0
1912,2018-06-06,1913,1918,2018-06-07,2018-06-14,0.0024957069869815385,1.0,-0.00041659595424370366,-0.01258302618874918,0.3727488384879356,0.5017162471395881,outer_03,none,0.0
1913,2018-06-07,1914,1919,2018-06-08,2018-06-15,0.0037392425062767742,1.0,0.0005862704880454928,-0.018596587510463003,0.3937158456751744,0.5017162471395881,outer_03,none,0.0
1914,2018-06-08,1915,1920,2018-06-11,2018-06-18,-0.01549155768029209,0.0,0.0014564736652715737,-0.014775562803738929,0.43477581900901874,0.5017162471395881,outer_03,none,0.0
1915,2018-06-11,1916,1921,2018-06-12,2018-06-19,-0.016318029216812135,0.0,0.0013466979083727182,-0.009780141319870594,0.4582918258066309,0.5017162471395881,outer_03,none,0.0
1916,2018-06-12,1917,1922,2018-06-13,2018-06-20,-0.015951287103519896,0.0,-0.003721300044954745,0.003673219430765151,0.3474059010228844,0.5017162471395881,outer_03,none,0.0
1917,2018-06-13,1918,1923,2018-06-14,2018-06-21,-0.024768585780527097,0.0,0.00303663460035164,0.006934551368623865,0.32963716259726084,0.5017162471395881,outer_03,none,0.0
1918,2018-06-14,1919,1924,2018-06-15,2018-06-22,-0.027072646656036703,0.0,0.002144744087144268,0.008854598118261059,0.3024646946033668,0.5017162471395881,outer_03,none,0.0
1919,2018-06-15,1920,1925,2018-06-18,2018-06-25,-0.006085100133343069,0.0,-0.017085033227393076,-0.009554348977141025,0.34776682770510936,0.5017162471395881,outer_03,none,0.0
1920,2018-06-18,1921,1926,2018-06-19,2018-06-26,-0.010090776096097542,0.0,-0.0015556661817264228,-0.011110015158867448,0.538282955895169,0.5017162471395881,outer_03,none,0.0
1921,2018-06-19,1922,1927,2018-06-20,2018-06-27,-0.01302626002738183,0.0,-0.0029302787493321603,-0.012910044126566156,0.5110650661926907,0.5017162471395881,outer_03,none,0.0
1922,2018-06-20,1923,1928,2018-06-21,2018-06-28,-0.012490441551260112,0.0,-0.005428766843778021,-0.020010508596706167,0.44151565707625223,0.5017162471395881,outer_03,none,0.0
1923,2018-06-21,1924,1929,2018-06-22,2018-06-29,-0.015401494709423424,0.0,-0.0002524854045287128,-0.028786855683960333,0.3084750804606847,0.5017162471395881,outer_03,none,0.0
1924,2018-06-22,1925,1930,2018-06-25,2018-07-02,-0.014769889352927557,0.0,0.001553352438343758,-0.024369524814068733,0.512670788044942,0.5017162471395881,outer_03,none,0.0
1925,2018-06-25,1926,1931,2018-06-26,2018-07-03,-0.01925950603815796,0.0,-0.0030696050584939627,-0.02551497186742946,0.5954219118440711,0.5017162471395881,outer_03,none,0.0
1926,2018-06-26,1927,1932,2018-06-27,2018-07-04,-0.0047552570579583175,0.0,-0.005444249649380062,-0.031436758053577485,0.541389919228079,0.5017162471395881,outer_03,none,0.0
1927,2018-06-27,1928,1933,2018-06-28,2018-07-05,0.003133286731558549,1.0,-0.005306277986884211,-0.03898133494548084,0.508009011902004,0.5017162471395881,outer_03,none,0.0
1928,2018-06-28,1929,1934,2018-06-29,2018-07-06,0.007336743205629936,1.0,-0.0029200838372229754,-0.039355057893177836,0.6294284061144705,0.5017162471395881,outer_03,none,0.0
1929,2018-06-29,1930,1935,2018-07-02,2018-07-09,0.002009586079690706,1.0,0.003678709244434586,-0.03184074230868106,0.4622134390771014,0.5017162471395881,outer_03,none,0.0
1930,2018-07-02,1931,1936,2018-07-03,2018-07-10,0.012602536041445234,1.0,-0.009020881226010857,-0.039732064561480485,0.517287296656084,0.5017162471395881,outer_03,none,0.0
1931,2018-07-03,1932,1937,2018-07-04,2018-07-11,0.0025755844185626486,1.0,0.009052810725678206,-0.03429553100630667,0.46808168570477854,0.5017162471395881,outer_03,none,0.0
1932,2018-07-04,1933,1938,2018-07-05,2018-07-12,-0.011029847283078986,0.0,0.002941119984004814,-0.03093781506805815,0.5905281664641808,0.5017162471395881,outer_03,none,0.0
1933,2018-07-05,1934,1939,2018-07-06,2018-07-13,-0.008282695722016342,0.0,0.0005569612339835217,-0.03096712432212012,0.4685308139684969,0.5017162471395881,outer_03,none,0.0
1934,2018-07-06,1935,1940,2018-07-09,2018-07-16,-0.0111997068957157,0.0,-0.0020782496043834087,-0.0345018475917751,0.5321450575410439,0.5017162471395881,outer_03,none,0.0
1935,2018-07-09,1936,1941,2018-07-10,2018-07-17,-0.013537032729957765,0.0,0.002269136353445944,-0.03357940914670188,0.5482303184551526,0.5017162471395881,outer_03,none,0.0
1936,2018-07-10,1937,1942,2018-07-11,2018-07-18,-0.022575122043805074,0.0,-0.0011777158451025116,-0.031035824946849644,0.5872770091601909,0.5017162471395881,outer_03,none,0.0
1937,2018-07-11,1938,1943,2018-07-12,2018-07-19,-0.01253741963405286,0.0,-0.011008433462279754,-0.04508089300948104,0.3997366233747498,0.5017162471395881,outer_03,none,0.0
1938,2018-07-12,1939,1944,2018-07-13,2018-07-20,-0.01868441535667653,0.0,0.0038246495166296413,-0.043400987579995665,0.3960469524344544,0.5017162471395881,outer_03,none,0.0
1939,2018-07-13,1940,1945,2018-07-16,2018-07-23,-0.008803856738978766,0.0,-0.004726696903063932,-0.03104265125566652,0.5124567726035267,0.5017162471395881,outer_03,none,0.0
1940,2018-07-16,1941,1946,2018-07-17,2018-07-24,-0.012963174536256616,0.0,-0.00020952027991150146,-0.0296965053538516,0.43560669503565597,0.5017162471395881,outer_03,none,0.0
1941,2018-07-17,1942,1947,2018-07-18,2018-07-25,-0.0026508014820638692,0.0,-0.01095599432581107,-0.03772222093033051,0.45512408008283073,0.5017162471395881,outer_03,none,0.0
1942,2018-07-18,1943,1948,2018-07-19,2018-07-26,0.003644591658940932,1.0,0.00017924213215714246,-0.032114211954395344,0.5588686010822597,0.5017162471395881,outer_03,none,0.0
1943,2018-07-19,1944,1949,2018-07-20,2018-07-27,-0.00014709968481785296,0.0,-0.003787203142332274,-0.035648929692198905,0.5298325409357513,0.5017162471395881,outer_03,none,0.0
1944,2018-07-20,1945,1950,2018-07-23,2018-07-30,-0.005746369323182954,0.0,0.007113639971714214,-0.03008864215882845,0.42116175920650134,0.5017162471395881,outer_03,none,0.0
1945,2018-07-23,1946,1951,2018-07-24,2018-07-31,-0.0026243837340436116,0.0,-0.0058387550290079915,-0.03285779212934248,0.5566681862829115,0.5017162471395881,outer_03,none,0.0
1946,2018-07-24,1947,1952,2018-07-25,2018-08-01,-0.00023687488624357655,0.0,2.450109642548881e-05,-0.027389041383536927,0.5401921701587039,0.5017162471395881,outer_03,none,0.0
1947,2018-07-25,1948,1953,2018-07-26,2018-08-02,-0.012206133621772253,0.0,0.005798014630222781,-0.016284748766429935,0.4462965672559876,0.5017162471395881,outer_03,none,0.0
1948,2018-07-26,1949,1954,2018-07-27,2018-08-03,-0.012243960134458831,0.0,-0.007113755905074903,-0.020478420834281863,0.5576367178702327,0.5017162471395881,outer_03,none,0.0
1949,2018-07-27,1950,1955,2018-07-30,2018-08-06,-0.007985434009299297,0.0,-2.4533355142075663e-05,-0.024181663433858525,0.5759436404228603,0.5017162471395881,outer_03,none,0.0
1950,2018-07-30,1951,1956,2018-07-31,2018-08-07,-0.011071757753856382,0.0,-0.0012519998853202097,-0.016412782093167877,0.6237736176268235,0.5017162471395881,outer_03,none,0.0
1951,2018-07-31,1952,1957,2018-08-01,2018-08-08,-0.010775665425492242,0.0,0.002175674212767653,-0.02328991860607843,0.5841328591092921,0.5017162471395881,outer_03,none,0.0
1952,2018-08-01,1953,1958,2018-08-02,2018-08-09,-0.0023866949036754903,0.0,-0.006467262161102383,-0.03269830075118563,0.5162334835897066,0.5017162471395881,outer_03,none,0.0
1953,2018-08-02,1954,1959,2018-08-03,2018-08-10,0.003196725049370741,1.0,-0.006873616553543904,-0.04012887853871305,0.5090178254053946,0.5017162471395881,outer_03,none,0.0
1954,2018-08-03,1955,1960,2018-08-06,2018-08-13,-0.0009067977473291577,0.0,0.004477755058982957,-0.03357287387534669,0.5708019577047277,0.5017162471395881,outer_03,none,0.0
1955,2018-08-06,1956,1961,2018-08-07,2018-08-14,-0.011723209903928833,0.0,-0.004991250900183708,-0.04083326112897634,0.6168732327075896,0.5017162471395881,outer_03,none,0.0
1956,2018-08-07,1957,1962,2018-08-08,2018-08-15,-0.013927975466155651,0.0,0.0028787948805160113,-0.036776750403357816,0.6480707729557796,0.5017162471395881,outer_03,none,0.0
1957,2018-08-08,1958,1963,2018-08-09,2018-08-16,-0.03187150562607588,0.0,0.00231027017391483,-0.023458046767163232,0.5957100410143462,0.5017162471395881,outer_03,none,0.0
1958,2018-08-09,1959,1964,2018-08-10,2018-08-17,-0.0325729480697845,0.0,-0.00100596164390776,-0.028288657927700633,0.575691262251088,0.5017162471395881,outer_03,none,0.0
1959,2018-08-10,1960,1965,2018-08-13,2018-08-20,-0.02425023987404895,0.0,-0.00064368653039093,-0.024205647555027632,0.5121530607181907,0.5017162471395881,outer_03,none,0.0
1960,2018-08-13,1961,1966,2018-08-14,2018-08-21,-0.0030532069784969806,0.0,-0.014752743634890209,-0.03874887091000634,0.6594038537392061,0.5017162471395881,outer_03,none,0.0
1961,2018-08-14,1962,1967,2018-08-15,2018-08-22,0.0014977139656382477,1.0,0.00024292481596432935,-0.02754995176823094,0.7499273968349601,0.5017162471395881,outer_03,none,0.0
1962,2018-08-15,1963,1968,2018-08-16,2018-08-23,0.017154554869648564,1.0,-0.016280155903230842,-0.044009349803618925,0.6984505554244366,0.5017162471395881,outer_03,none,0.0
1963,2018-08-16,1964,1969,2018-08-17,2018-08-24,0.009843275080425151,1.0,-0.000613136467615405,-0.040835283128902056,0.7540675994907186,0.5017162471395881,outer_03,none,0.0
1964,2018-08-17,1965,1970,2018-08-20,2018-08-27,0.019861277127379395,1.0,0.008685012820814464,-0.039263910279801806,0.7285696208691529,0.5017162471395881,outer_03,none,0.0
1965,2018-08-20,1966,1971,2018-08-21,2018-08-28,0.017025373967411994,1.0,0.005213675145468777,-0.028211480105325037,0.7749357007932473,0.5017162471395881,outer_03,none,0.0
1966,2018-08-21,1967,1972,2018-08-22,2018-08-29,0.004521346418988159,1.0,0.004827202561848765,-0.02340877863990176,0.7035214650904371,0.5017162471395881,outer_03,none,0.0
1967,2018-08-22,1968,1973,2018-08-23,2018-08-30,0.009172696243506806,1.0,-0.0005853968739719662,-0.02979219014409651,0.7863657484370582,0.5017162471395881,outer_03,none,0.0
1968,2018-08-23,1969,1974,2018-08-24,2018-08-31,0.012325649690636986,1.0,-0.00852699133454049,-0.031205425573562096,0.8247413811402625,0.5017162471395881,outer_03,none,0.0
1969,2018-08-24,1970,1975,2018-08-27,2018-09-03,-0.005415565505808573,0.0,0.01723899413180696,-0.013941898086613058,0.7347664452550844,0.5017162471395881,outer_03,none,0.0
1970,2018-08-27,1971,1976,2018-08-28,2018-09-04,-0.008409822816407342,0.0,0.004294675501876455,-0.008395222699416394,0.8142495064543674,0.5017162471395881,outer_03,none,0.0
1971,2018-08-28,1972,1977,2018-08-29,2018-09-05,-0.008148165372516836,0.0,-0.008383029404088305,-0.01895392631627235,0.7746559197610619,0.5017162471395881,outer_03,none,0.0
1972,2018-08-29,1973,1978,2018-08-30,2018-09-06,-0.008136348773797764,0.0,0.004627234122182244,-0.007859430032987724,0.6687432528849796,0.5017162471395881,outer_03,none,0.0
1973,2018-08-30,1974,1979,2018-08-31,2018-09-07,0.0002749621944309055,1.0,-0.005751967116691681,-0.006737780596135501,0.7280438075139531,0.5017162471395881,outer_03,none,0.0
1974,2018-08-31,1975,1980,2018-09-03,2018-09-10,-0.003612808108145238,0.0,0.000974841665442483,-0.010240693989675975,0.6868597048747324,0.5017162471395881,outer_03,none,0.0
1975,2018-09-03,1976,1981,2018-09-04,2018-09-11,-0.004348685764589355,0.0,0.00039133566691340604,-0.004858107422578861,0.6849716306235913,0.5017162471395881,outer_03,none,0.0
1976,2018-09-04,1977,1982,2018-09-05,2018-09-12,0.0052475106918796754,1.0,-0.008544202329560768,-0.01628110463265564,0.669287309310116,0.5017162471395881,outer_03,none,0.0
1977,2018-09-05,1978,1983,2018-09-06,2018-09-13,0.007771714936709806,1.0,0.004565433833807475,-0.014025940972762996,0.6444121964451351,0.5017162471395881,outer_03,none,0.0
1978,2018-09-06,1979,1984,2018-09-07,2018-09-14,0.0010824494387362549,1.0,0.002912643674837234,-0.010107335654018001,0.5594311212259825,0.5017162471395881,outer_03,none,0.0
1979,2018-09-07,1980,1985,2018-09-10,2018-09-17,-0.0022426599972051875,0.0,-0.0034560515241501832,-0.012919700647777255,0.5616611842594201,0.5017162471395881,outer_03,none,0.0
1980,2018-09-10,1981,1986,2018-09-11,2018-09-18,0.004939847497839267,1.0,-0.00021744584847738224,0.0016155971386355716,0.5557676754697907,0.5017162471395881,outer_03,none,0.0
1981,2018-09-11,1982,1987,2018-09-12,2018-09-19,-3.33898177782288e-05,0.0,0.0023392409808193904,0.0037119133034906326,0.6227646083320606,0.5017162471395881,outer_03,none,0.0
1982,2018-09-12,1983,1988,2018-09-13,2018-09-20,-0.0022072133361383806,0.0,0.006396548221581533,0.026388617428303007,0.6316820632459343,0.5017162471395881,outer_03,none,0.0
1983,2018-09-13,1984,1989,2018-09-14,2018-09-21,0.004251827131342978,1.0,-0.00398784238169636,0.023013911514222052,0.5569161694054796,0.5017162471395881,outer_03,none,0.0
1984,2018-09-14,1985,1990,2018-09-17,2018-09-24,0.0043551927735201446,1.0,-0.006539491879210324,0.007789406814197264,0.5426197393146606,0.5017162471395881,outer_03,none,0.0
1985,2018-09-17,1986,1991,2018-09-18,2018-09-25,-0.002041403694380328,0.0,0.006264742586210126,0.008840474254938613,0.5722784464426878,0.5017162471395881,outer_03,none,0.0
1986,2018-09-18,1987,1992,2018-09-19,2018-09-26,0.0028175137841168763,1.0,-0.0024093685190322844,0.0016039031740575638,0.47012749745277943,0.5017162471395881,outer_03,none,0.0
1987,2018-09-19,1988,1993,2018-09-20,2018-09-27,-0.007487611275357686,0.0,0.004696642712280763,0.006885942760310293,0.4889239806456635,0.5017162471395881,outer_03,none,0.0
1988,2018-09-20,1989,1994,2018-09-21,2018-09-28,-0.019589846952302814,0.0,0.002812404632971166,0.01822533872782195,0.4453095963956685,0.5017162471395881,outer_03,none,0.0
1989,2018-09-21,1990,1995,2018-09-24,2018-10-01,-0.005847505128135033,0.0,-0.0066246600594954685,-0.005638315463480481,0.5545462954778451,0.5017162471395881,outer_03,none,0.0
1990,2018-09-24,1991,1996,2018-09-25,2018-10-02,-0.008476685566241038,0.0,-0.0003670092127139313,-0.010300000178070867,0.6297263606562395,0.5017162471395881,outer_03,none,0.0
1991,2018-09-25,1992,1997,2018-09-26,2018-10-03,0.0022034590736303983,1.0,0.0020002340274594133,8.326325347685071e-05,0.5392468541409544,0.5017162471395881,outer_03,none,0.0
1992,2018-09-26,1993,1998,2018-09-27,2018-10-04,0.0026245417940629068,1.0,-0.0057112476140153134,-0.010255218482720707,0.5033082845264835,0.5017162471395881,outer_03,none,0.0
1993,2018-09-27,1994,1999,2018-09-28,2018-10-05,0.013688898978131192,1.0,-0.009845498043818957,-0.014348749409847983,0.5654816099328351,0.5017162471395881,outer_03,none,0.0
1994,2018-09-28,1995,2000,2018-10-01,2018-10-08,0.009427769229131577,1.0,0.007573655743486896,-0.00774993533180357,0.5352331328164741,0.5017162471395881,outer_03,none,0.0
1995,2018-10-01,1996,2001,2018-10-02,2018-10-09,-0.0005132498503508387,0.0,-0.0023947880714949576,-0.010536059070211934,0.6524279892664041,0.5017162471395881,outer_03,none,0.0
1996,2018-10-02,1997,2002,2018-10-03,2018-10-10,-0.012133312832134813,0.0,0.011775665050933526,0.00978380831028236,0.5228650362543003,0.5017162471395881,outer_03,none,0.0
1997,2018-10-03,1998,2003,2018-10-04,2018-10-11,-0.003168700266433788,0.0,-0.004909181842823962,0.0003091926336509232,0.5857939632968111,0.5017162471395881,outer_03,none,0.0
1998,2018-10-04,1999,2004,2018-10-05,2018-10-12,0.019448703292963998,1.0,0.002395090793901211,-0.00020836024728509983,0.5659032852998512,0.5017162471395881,outer_03,none,0.0
1999,2018-10-05,2000,2005,2018-10-08,2018-10-15,0.012061477264643017,1.0,0.0025224053632619814,0.005770096640127065,0.5531630805104946,0.5017162471395881,outer_03,none,0.0
2000,2018-10-08,2001,2006,2018-10-09,2018-10-16,0.0322874460271203,1.0,-0.012373051257490886,-0.006385508768886439,0.7452991835344395,0.5017162471395881,outer_03,none,0.0
2001,2018-10-09,2002,2007,2018-10-10,2018-10-17,0.029335293295480902,1.0,0.0012786864922809116,-0.0074460632574249175,0.601993000257055,0.5017162471395881,outer_03,none,0.0
2002,2018-10-10,2003,2008,2018-10-11,2018-10-18,0.022996369612390488,1.0,0.003817903450691773,-0.010024708028314677,0.5679031476756439,0.5017162471395881,outer_03,none,0.0
2003,2018-10-11,2004,2009,2018-10-12,2018-10-19,0.0018458930049760625,1.0,0.02545975414171231,0.019422888495093993,0.5741803979754259,0.5017162471395881,outer_03,none,0.0
2004,2018-10-12,2005,2010,2018-10-15,2018-10-22,0.00835730072544738,1.0,-0.005780788887675747,0.02018159148662857,0.6936753533552358,0.5017162471395881,outer_03,none,0.0
2005,2018-10-15,2006,2011,2018-10-16,2018-10-23,-0.004197226524000897,0.0,0.007404198975696552,0.021321047876114996,0.7837421678775163,0.5017162471395881,outer_03,none,0.0
2006,2018-10-16,2007,2012,2018-10-17,2018-10-24,0.004886520510344106,1.0,-0.001950042025728571,0.02178037436941871,0.783473173187306,0.5017162471395881,outer_03,none,0.0
2007,2018-10-17,2008,2013,2018-10-18,2018-10-25,0.009739966570497138,1.0,-0.001806567074761567,0.015277164582376379,0.7872798008388799,0.5017162471395881,outer_03,none,0.0
2008,2018-10-18,2009,2014,2018-10-19,2018-10-26,0.005379354185839347,1.0,0.0028922061370550978,0.01535696608646031,0.7804788125331874,0.5017162471395881,outer_03,none,0.0
2009,2018-10-19,2010,2015,2018-10-22,2018-10-29,0.004030952730705195,1.0,0.0005138390002663584,0.022495465146222138,0.7786287821754959,0.5017162471395881,outer_03,none,0.0
2010,2018-10-22,2011,2016,2018-10-23,2018-10-30,0.0061184723423890475,1.0,-0.003692452648065725,0.019170021710870344,0.7617312129466511,0.5017162471395881,outer_03,none,0.0
2011,2018-10-23,2012,2017,2018-10-24,2018-10-31,-0.006905096996550064,0.0,0.006916266049413977,0.024086053732824908,0.7837187975380474,0.5017162471395881,outer_03,none,0.0
2012,2018-10-24,2013,2018,2018-10-25,2018-11-01,-0.01520513366531695,0.0,0.0024272743248934248,0.032224575671733646,0.7708576580333442,0.5017162471395881,outer_03,none,0.0
2013,2018-10-25,2014,2019,2018-10-26,2018-11-02,0.0017921079087726,1.0,-0.001192605985123052,0.04087746773042955,0.6948779514803376,0.5017162471395881,outer_03,none,0.0
2014,2018-10-26,2015,2020,2018-10-29,2018-11-05,0.00014597948203221023,1.0,0.0013547554386290628,0.03465856742557172,0.6089632140460314,0.5017162471395881,outer_03,none,0.0
2015,2018-10-29,2016,2021,2018-10-30,2018-11-06,0.0014303944963014459,1.0,-0.0032967955154665773,0.0337565599816001,0.5943085102864183,0.5017162471395881,outer_03,none,0.0
2016,2018-10-30,2017,2022,2018-10-31,2018-11-07,0.003910863536504827,1.0,-0.0053008556542240015,0.01668003927644257,0.607068980412762,0.5017162471395881,outer_03,none,0.0
2017,2018-10-31,2018,2023,2018-11-01,2018-11-08,0.009083934701096474,1.0,-0.006966324917206279,0.014622896202060254,0.44943894442406523,0.5017162471395881,outer_03,none,0.0
2018,2018-11-01,2019,2024,2018-11-02,2018-11-09,-0.008984654789749413,0.0,0.015166663214004394,0.027394468622163437,0.6287652439658798,0.5017162471395881,outer_03,none,0.0
2019,2018-11-02,2020,2025,2018-11-05,2018-11-12,-0.019431124551973156,0.0,-0.0002352187342289369,0.02463684452467252,0.5967350771033901,0.5017162471395881,outer_03,none,0.0
2020,2018-11-05,2021,2026,2018-11-06,2018-11-13,-0.02484083970300599,0.0,-0.001128196507003132,0.03588169927516027,0.6761826717197056,0.5017162471395881,outer_03,none,0.0
2021,2018-11-06,2022,2027,2018-11-07,2018-11-14,-0.020216177703996863,0.0,-0.00352263430746369,0.03108037847541567,0.639403917844244,0.5017162471395881,outer_03,none,0.0
2022,2018-11-07,2023,2028,2018-11-08,2018-11-15,-0.01263668769716908,0.0,-0.0005461830501110043,0.026716291974612894,0.5906951776456776,0.5017162471395881,outer_03,none,0.0
2023,2018-11-08,2024,2029,2018-11-09,2018-11-16,-0.008208541883907294,0.0,-0.0024410865562822792,-0.0011845487233816954,0.49164425553202146,0.5017162471395881,outer_03,none,0.0
2024,2018-11-09,2025,2030,2018-11-12,2018-11-19,0.010307122321918882,1.0,-0.011551127535561534,-0.006954887371267482,0.5828476775508676,0.5017162471395881,outer_03,none,0.0
2025,2018-11-12,2026,2031,2018-11-13,2018-11-20,0.01874748197698306,1.0,-0.007603336926488069,-0.021962423273452103,0.5911104646235686,0.5017162471395881,outer_03,none,0.0
2026,2018-11-13,2027,2032,2018-11-14,2018-11-21,0.015855278361593506,1.0,0.00152363537166611,-0.018488745876057422,0.5881927285996331,0.5017162471395881,outer_03,none,0.0
2027,2018-11-14,2028,2033,2018-11-15,2018-11-22,0.01184543547892325,1.0,0.0070880244357862665,-0.009594154365509588,0.5479458448560609,0.5017162471395881,outer_03,none,0.0
2028,2018-11-15,2029,2034,2018-11-16,2018-11-23,0.011253156374240625,1.0,0.001774491537464229,-0.010711868965100457,0.502989873983011,0.5017162471395881,outer_03,none,0.0
2029,2018-11-16,2030,2035,2018-11-19,2018-11-26,0.0011777601021165651,1.0,0.006992949294480688,-0.0042327586708861276,0.4893659648305697,0.5017162471395881,outer_03,none,0.0
2030,2018-11-19,2031,2036,2018-11-20,2018-11-27,-0.0011855075155633443,0.0,0.00216764568219574,0.0016273396593753375,0.46042378788992894,0.5017162471395881,outer_03,none,0.0
2031,2018-11-20,2032,2037,2018-11-21,2018-11-28,-0.005687872620894652,0.0,-0.0019056426676629101,-0.00719456905770155,0.5322305821206953,0.5017162471395881,outer_03,none,0.0
2032,2018-11-21,2033,2038,2018-11-22,2018-11-29,-0.004014838196780168,0.0,0.003514022918619908,-0.006107820463975067,0.6434084111406626,0.5017162471395881,outer_03,none,0.0
2033,2018-11-22,2034,2039,2018-11-23,2018-11-30,-0.0023663242460081335,0.0,0.0009295575486483187,-0.003985656930203696,0.7430994110226431,0.5017162471395881,outer_03,none,0.0
2034,2018-11-23,2035,2040,2018-11-26,2018-12-03,-0.0003842553464901144,0.0,-0.0036334430678524043,-0.008973855436685163,0.6817578529549406,0.5017162471395881,outer_03,none,0.0
2035,2018-11-26,2036,2041,2018-11-27,2018-12-04,0.006758958488147115,1.0,-0.00029451948541137085,-0.0059715794066299566,0.6126349765626976,0.5017162471395881,outer_03,none,0.0
2036,2018-11-27,2037,2042,2018-11-28,2018-12-05,0.019255035556039246,1.0,-0.006303835175381245,-0.0069745589277872,0.5701219378773261,0.5017162471395881,outer_03,none,0.0
2037,2018-11-28,2038,2043,2018-11-29,2018-12-06,0.013630453077404958,1.0,0.00541156633863249,0.005403332328051569,0.5593161996320614,0.5017162471395881,outer_03,none,0.0
2038,2018-11-29,2039,2044,2018-11-30,2018-12-07,0.011081436006469048,1.0,0.0024293596233206927,-0.007333971262632133,0.5386608411435604,0.5017162471395881,outer_03,none,0.0
2039,2018-11-30,2040,2045,2018-12-03,2018-12-10,0.02223023566186999,1.0,-0.0016925666042579834,-0.00879131913266118,0.5453937041934757,0.5017162471395881,outer_03,none,0.0
2040,2018-12-03,2041,2046,2018-12-04,2018-12-11,0.01140007094699591,1.0,0.007240736135745607,-0.00042238648991244077,0.5596389115136066,0.5017162471395881,outer_03,none,0.0
2041,2018-12-04,2042,2047,2018-12-05,2018-12-12,0.003715214472864936,1.0,0.006236403434182414,0.009336651251733663,0.5749622909852492,0.5017162471395881,outer_03,none,0.0
2042,2018-12-05,2043,2048,2018-12-06,2018-12-13,0.0068224462068169345,1.0,-0.0011956698790767106,0.008687164422767957,0.7579002018172768,0.5017162471395881,outer_03,none,0.0
2043,2018-12-06,2044,2049,2018-12-07,2018-12-14,0.0032184844454148376,1.0,0.0005656977223944537,0.01169394870144469,0.5399618464268267,0.5017162471395881,outer_03,none,0.0
2044,2018-12-07,2045,2050,2018-12-10,2018-12-17,-0.010507667838432155,0.0,0.008567447232846526,0.03181252346985275,0.5481061139821234,0.5017162471395881,outer_03,none,0.0
2045,2018-12-10,2046,2051,2018-12-11,2018-12-18,0.0007307857878222634,1.0,-0.003466402668598434,0.035949457727742384,0.6052655894466484,0.5017162471395881,outer_03,none,0.0
2046,2018-12-11,2047,2052,2018-12-12,2018-12-19,0.005319054792161992,1.0,-0.0010133016806426198,0.033412520675433655,0.5720176313340497,0.5017162471395881,outer_03,none,0.0
2047,2018-12-12,2048,2053,2018-12-13,2018-12-20,-0.0012048387776948388,0.0,0.002057696588949831,0.02838219282859722,0.570645734061932,0.5017162471395881,outer_03,none,0.0
2048,2018-12-13,2049,2054,2018-12-14,2018-12-21,0.015026939090841296,1.0,-0.0027257503639512848,0.023881950927181705,0.5505243468028669,0.5017162471395881,outer_03,none,0.0
2049,2018-12-14,2050,2055,2018-12-17,2018-12-24,0.01694881124541414,1.0,-0.003225809248882605,0.013663192383818412,0.46047264413362987,0.5017162471395881,outer_03,none,0.0
2050,2018-12-17,2051,2056,2018-12-18,2018-12-26,0.02119956917905519,1.0,0.006280719575503468,0.01777626627712614,0.6327380628921384,0.5017162471395881,outer_03,none,0.0
2051,2018-12-18,2052,2057,2018-12-19,2018-12-27,0.013408084258535347,1.0,0.002861530425611214,0.022543439370400264,0.565095881771179,0.5017162471395881,outer_03,none,0.0
2052,2018-12-19,2053,2058,2018-12-20,2018-12-28,0.024703786056173627,1.0,-0.005127701968977938,0.013901714482802419,0.45657110790955485,0.5017162471395881,outer_03,none,0.0
2053,2018-12-20,2054,2059,2018-12-21,2018-12-31,0.015281175004173697,1.0,0.013353936652038101,0.0263260935861922,0.6280621352495356,0.5017162471395881,outer_03,none,0.0
2054,2018-12-21,2055,2060,2018-12-24,2019-01-02,0.01868050810379973,1.0,-0.003427343349501122,0.026532193304543483,0.6923463058925612,0.5017162471395881,outer_03,none,0.0
2055,2018-12-24,2056,2061,2018-12-26,2019-01-03,0.011952987167325624,1.0,0.010239105494168399,0.03706581828412325,0.7775611970811811,0.5017162471395881,outer_03,none,0.0
2056,2018-12-26,2057,2062,2018-12-27,2019-01-04,0.021099790311451372,1.0,-0.0011991733453369235,0.042170480114167574,0.809352432185517,0.5017162471395881,outer_03,none,0.0
2057,2018-12-27,2058,2063,2018-12-28,2019-01-07,0.007802624045341489,1.0,0.006860010853819709,0.043618924629354794,0.7866346823372664,0.5017162471395881,outer_03,none,0.0
2058,2018-12-28,2059,2064,2018-12-31,2019-01-08,0.00719326750599425,1.0,0.003982650632739393,0.045172215638773494,0.7985170560796754,0.5017162471395881,outer_03,none,0.0
2059,2018-12-31,2060,2065,2019-01-02,2019-01-09,0.0018778031331780909,1.0,-0.00028115994280852874,0.04658362230022295,0.8420292655604867,0.5017162471395881,outer_03,none,0.0
2060,2019-01-02,2061,2066,2019-01-03,2019-01-10,0.004107482156918252,1.0,0.0034076365518949103,0.04275052271637225,0.8154936057634415,0.5017162471395881,outer_03,none,0.0
2061,2019-01-03,2062,2067,2019-01-04,2019-01-11,-0.0053557508436519186,0.0,0.007267626042590791,0.04378174532478063,0.7298776317672004,0.5017162471395881,outer_03,none,0.0
2062,2019-01-04,2063,2068,2019-01-07,2019-01-14,0.0020984083118280594,1.0,-0.0073221191978749545,0.037655296005982386,0.7303106772099613,0.5017162471395881,outer_03,none,0.0
2063,2019-01-07,2064,2069,2019-01-08,2019-01-15,0.002510111483892352,1.0,0.0032565850213019942,0.04034618330488993,0.7542031075782165,0.5017162471395881,outer_03,none,0.0
2064,2019-01-08,2065,2070,2019-01-09,2019-01-16,0.003853629196012065,1.0,-0.002859631440199628,0.028919104631843773,0.7462723535042384,0.5017162471395881,outer_03,none,0.0
2065,2019-01-09,2066,2071,2019-01-10,2019-01-17,0.0005566981757274547,1.0,0.006121114392504623,0.03850662169294683,0.727494007510588,0.5017162471395881,outer_03,none,0.0
2066,2019-01-10,2067,2072,2019-01-11,2019-01-18,0.0042574870726381775,1.0,-0.0052965773699744645,0.034223346003614985,0.7124749284215841,0.5017162471395881,outer_03,none,0.0
2067,2019-01-11,2068,2073,2019-01-14,2019-01-21,-0.004286993498489267,0.0,0.0010025297227072016,0.033168179137372356,0.7500267539651198,0.5017162471395881,outer_03,none,0.0
2068,2019-01-14,2069,2074,2019-01-15,2019-01-22,-0.009531508017690093,0.0,0.0030867573253372527,0.03898068682666089,0.7380306592599704,0.5017162471395881,outer_03,none,0.0
2069,2019-01-15,2070,2075,2019-01-16,2019-01-23,-0.003635689657803809,0.0,-0.0018990119221289348,0.04030748415341456,0.7073643225611005,0.5017162471395881,outer_03,none,0.0
2070,2019-01-16,2071,2076,2019-01-17,2019-01-24,-0.008476732121312835,0.0,0.003639831475171107,0.0376665960530822,0.7098944608437202,0.5017162471395881,outer_03,none,0.0
2071,2019-01-17,2072,2077,2019-01-18,2019-01-25,-0.009259289419770944,0.0,-0.0014233776674039689,0.03338168796006702,0.7066346508344201,0.5017162471395881,outer_03,none,0.0
2072,2019-01-18,2073,2078,2019-01-21,2019-01-28,0.015274205957332754,1.0,-0.008239583957845298,0.03026980597119966,0.6300070270208314,0.5017162471395881,outer_03,none,0.0
2073,2019-01-21,2074,2079,2019-01-22,2019-01-29,0.017791942116696546,1.0,-0.0008980131088689447,0.016017856210292614,0.687921301868391,0.5017162471395881,outer_03,none,0.0
2074,2019-01-22,2075,2080,2019-01-23,2019-01-30,0.020498250845458088,1.0,0.0038518566142800026,0.023297056174073738,0.6634080414104134,0.5017162471395881,outer_03,none,0.0
2075,2019-01-23,2076,2081,2019-01-24,2019-01-31,0.028829385682612063,1.0,-0.0019864538216047833,0.011071496858300556,0.6363028026958599,0.5017162471395881,outer_03,none,0.0
2076,2019-01-24,2077,2082,2019-01-25,2019-02-01,0.0312333175067101,1.0,-0.0013030741123722933,0.010967596091265186,0.5892576077044505,0.5017162471395881,outer_03,none,0.0
2077,2019-01-25,2078,2083,2019-01-28,2019-02-04,0.011703004321891974,1.0,0.017062274778053776,0.021169860015499253,0.5480267829821098,0.5017162471395881,outer_03,none,0.0
2078,2019-01-28,2079,2084,2019-01-29,2019-02-05,0.006608357892263328,1.0,0.00032233308030438224,0.017509542463064243,0.6862716851629274,0.5017162471395881,outer_03,none,0.0
2079,2019-01-29,2080,2085,2019-01-30,2019-02-06,0.0023532916945825377,1.0,0.006463058900685326,0.024253761306558097,0.6374167712466015,0.5017162471395881,outer_03,none,0.0
2080,2019-01-30,2081,2086,2019-01-31,2019-02-07,-0.009810902567229718,0.0,0.006027571693401512,0.0268736964480647,0.5913986143025804,0.5017162471395881,outer_03,none,0.0
2081,2019-01-31,2082,2087,2019-02-01,2019-02-08,-0.008354572314572373,0.0,0.001105792647821069,0.020711863053294977,0.4725048871219519,0.5017162471395881,outer_03,none,0.0
2082,2019-02-01,2083,2088,2019-02-04,2019-02-11,-0.003390684197567495,0.0,-0.002531493416367603,0.025502488834802328,0.5959114107896762,0.5017162471395881,outer_03,none,0.0
2083,2019-02-04,2084,2089,2019-02-05,2019-02-12,-0.0033369635607840564,0.0,-0.0043731792688168625,0.01787272454468347,0.7099212782365885,0.5017162471395881,outer_03,none,0.0
2084,2019-02-05,2085,2090,2019-02-06,2019-02-13,-0.002650703073904026,0.0,0.0022155991749777115,0.02294795515986081,0.6974331212488105,0.5017162471395881,outer_03,none,0.0
2085,2019-02-06,2086,2091,2019-02-07,2019-02-14,-0.00072689157596173,0.0,-0.006516122552449488,0.0103107182149067,0.6972935140052859,0.5017162471395881,outer_03,none,0.0
2086,2019-02-07,2087,2092,2019-02-08,2019-02-15,0.0020209190998974336,1.0,0.0027672896709294292,0.018374585255810594,0.7004710614413542,0.5017162471395881,outer_03,none,0.0
2087,2019-02-08,2088,2093,2019-02-11,2019-02-18,0.0032085182438796878,1.0,0.0030488990423380713,0.020420954575441463,0.6806207967583451,0.5017162471395881,outer_03,none,0.0
2088,2019-02-11,2089,2094,2019-02-12,2019-02-19,0.014307547320556502,1.0,-0.004462164876008146,0.012872032374096065,0.6678448038218401,0.5017162471395881,outer_03,none,0.0
2089,2019-02-12,2090,2095,2019-02-13,2019-02-20,0.02172071375466622,1.0,0.001886454369967261,0.01665749866619226,0.6337712894395802,0.5017162471395881,outer_03,none,0.0
2090,2019-02-13,2091,2096,2019-02-14,2019-02-21,0.024624281877911436,1.0,-0.0035850140634190453,0.009432653127602109,0.6013419422862665,0.5017162471395881,outer_03,none,0.0
2091,2019-02-14,2092,2097,2019-02-15,2019-02-22,0.008806085357615068,1.0,0.004835595670523496,0.015691626465529573,0.5977786127775395,0.5017162471395881,outer_03,none,0.0
2092,2019-02-15,2093,2098,2019-02-18,2019-02-25,0.007645141080936391,1.0,0.006873088074902611,0.030804298498277483,0.635454752679212,0.5017162471395881,outer_03,none,0.0
2093,2019-02-18,2094,2099,2019-02-19,2019-02-26,0.0007461983801748673,1.0,0.003626312844731139,0.035328624451877566,0.7037368669877825,0.5017162471395881,outer_03,none,0.0
2094,2019-02-19,2095,2100,2019-02-20,2019-02-27,-0.00815309468833636,0.0,0.011322771518266883,0.04279953935586445,0.6453541184620653,0.5017162471395881,outer_03,none,0.0
2095,2019-02-20,2096,2101,2019-02-21,2019-02-28,-0.014321310425731149,0.0,-0.0022094837604367257,0.042576509417032504,0.6067697594718322,0.5017162471395881,outer_03,none,0.0
2096,2019-02-21,2097,2102,2019-02-22,2019-03-01,-0.0076335380548986365,0.0,-0.011196810569712667,0.03268277295969213,0.5758691233807963,0.5017162471395881,outer_03,none,0.0
2097,2019-02-22,2098,2103,2019-02-25,2019-03-04,-0.024717848884005633,0.0,0.0032140540558156516,0.018834552237454005,0.6224293801278827,0.5017162471395881,outer_03,none,0.0
2098,2019-02-25,2099,2104,2019-02-26,2019-03-05,-0.03086584492580169,0.0,-0.00024107277501084212,0.01827114638213878,0.6573710971373674,0.5017162471395881,outer_03,none,0.0
2099,2019-02-26,2100,2105,2019-02-27,2019-03-06,-0.03195673001382637,0.0,0.0010918963557484673,0.012899983837201923,0.6380305852946977,0.5017162471395881,outer_03,none,0.0
2100,2019-02-27,2101,2106,2019-02-28,2019-03-07,-0.025683262137995655,0.0,-0.006849678068072684,2.2734075727726122e-05,0.6685696223158603,0.5017162471395881,outer_03,none,0.0
2101,2019-02-28,2102,2107,2019-03-01,2019-03-08,-0.022804961090957754,0.0,-0.004968293730954976,-0.0060513523030483185,0.6439377196205956,0.5017162471395881,outer_03,none,0.0
2102,2019-03-01,2103,2108,2019-03-04,2019-03-11,0.0013812210181498585,1.0,-0.01508564960313219,-0.018605508489812905,0.6825145886456597,0.5017162471395881,outer_03,none,0.0
2103,2019-03-04,2104,2109,2019-03-05,2019-03-12,0.004775350945794621,1.0,-0.00539561288534518,-0.019627942106341223,0.7666867135557284,0.5017162471395881,outer_03,none,0.0
2104,2019-03-05,2105,2110,2019-03-06,2019-03-13,0.010571396755826079,1.0,0.0007148851825915514,-0.021128656098727383,0.7220806194637596,0.5017162471395881,outer_03,none,0.0
2105,2019-03-06,2106,2111,2019-03-07,2019-03-14,0.017925920345262192,1.0,-0.0009558855685813938,-0.015568419114859289,0.7053453778285044,0.5017162471395881,outer_03,none,0.0
2106,2019-03-07,2107,2112,2019-03-08,2019-03-15,0.008966932255985327,1.0,-0.0006377650440949623,-0.01897347382988368,0.6629517480003929,0.5017162471395881,outer_03,none,0.0
2107,2019-03-08,2108,2113,2019-03-11,2019-03-18,0.004147611453907629,1.0,0.009986303554437193,-0.012036069317784559,0.6670211594950644,0.5017162471395881,outer_03,none,0.0
2108,2019-03-11,2109,2114,2019-03-12,2019-03-19,0.007941837851770828,1.0,-0.0038279035743844503,-0.011401808016160864,0.7790891960792433,0.5017162471395881,outer_03,none,0.0
2109,2019-03-12,2110,2115,2019-03-13,2019-03-20,0.004387283934283559,1.0,0.006074594114631182,-0.0072136682714969425,0.7793368477296305,0.5017162471395881,outer_03,none,0.0
2110,2019-03-13,2111,2116,2019-03-14,2019-03-21,0.003323249779072057,1.0,0.006091389393401592,0.0024627351853236945,0.7779994098637533,0.5017162471395881,outer_03,none,0.0
2111,2019-03-14,2112,2117,2019-03-15,2019-03-22,0.010026031690371084,1.0,-0.00999555378389072,-0.012368414269090522,0.7794144065475398,0.5017162471395881,outer_03,none,0.0
2112,2019-03-15,2113,2118,2019-03-18,2019-03-25,0.007611638513493446,1.0,0.0044957735461848,-0.014745728797808333,0.730107573682469,0.5017162471395881,outer_03,none,0.0
2113,2019-03-18,2114,2119,2019-03-19,2019-03-26,0.014124657734666535,1.0,0.001143809162330811,-0.01722823248020866,0.7299683816035485,0.5017162471395881,outer_03,none,0.0
2114,2019-03-19,2115,2120,2019-03-20,2019-03-27,0.0075709707889419775,1.0,0.0022990101396738183,-0.026251993858801725,0.7260450072098795,0.5017162471395881,outer_03,none,0.0
2115,2019-03-20,2116,2121,2019-03-21,2019-03-28,-0.0036897879069588413,0.0,0.004528886022533207,-0.019513624075831792,0.7321485331260194,0.5017162471395881,outer_03,none,0.0
2116,2019-03-21,2117,2122,2019-03-22,2019-03-29,-0.013937722259077745,0.0,-0.0023344354938137357,-0.01065124899993286,0.7338950568992515,0.5017162471395881,outer_03,none,0.0
2117,2019-03-22,2118,2123,2019-03-25,2019-04-01,-0.015389999417445566,0.0,0.002890539126246594,-0.010974763929501918,0.66904825531578,0.5017162471395881,outer_03,none,0.0
2118,2019-03-25,2119,2124,2019-03-26,2019-04-02,-0.02647668879168652,0.0,0.0067853987742250155,-0.003948292380266061,0.7644263166718827,0.5017162471395881,outer_03,none,0.0
2119,2019-03-26,2120,2125,2019-03-27,2019-04-03,-0.018683820933139472,0.0,-0.005240597331623853,-0.010280786067638381,0.7761805737588506,0.5017162471395881,outer_03,none,0.0
2120,2019-03-27,2121,2126,2019-03-28,2019-04-04,-0.01455578262758106,0.0,-0.004168053795278404,-0.0075991617948441,0.5838061515430647,0.5017162471395881,outer_03,none,0.0
2121,2019-03-28,2122,2127,2019-03-29,2019-04-05,0.0013236474219189276,1.0,-0.015203216468882452,-0.017834084532771577,0.5724401156005416,0.5017162471395881,outer_03,none,0.0
2122,2019-03-29,2123,2128,2019-04-01,2019-04-08,1.5477959386167583e-05,1.0,0.0017737986006602924,-0.0009746363289790949,0.6074756310776213,0.5017162471395881,outer_03,none,0.0
2123,2019-04-01,2124,2129,2019-04-02,2019-04-09,0.00806927047699535,1.0,-0.0037682350188301683,0.0006527415375359169,0.5152425975075072,0.5017162471395881,outer_03,none,0.0
2124,2019-04-02,2125,2130,2019-04-03,2019-04-10,0.009374045650933027,1.0,0.003907526951730134,0.003845383306674499,0.6429169547823024,0.5017162471395881,outer_03,none,0.0
2125,2019-04-03,2126,2131,2019-04-04,2019-04-11,0.013592980340288996,1.0,-0.002075910892667565,0.002725357982588328,0.626271888855047,0.5017162471395881,outer_03,none,0.0
2126,2019-04-04,2127,2132,2019-04-05,2019-04-12,-0.0002475668830044242,0.0,0.0021068620208390954,0.0054699850475223855,0.6648770430829113,0.5017162471395881,outer_03,none,0.0
2127,2019-04-05,2128,2133,2019-04-08,2019-04-15,-0.0007354677712791968,0.0,-0.0006888891741434477,-0.005205207681058255,0.7060752064561828,0.5017162471395881,outer_03,none,0.0
2128,2019-04-08,2129,2134,2019-04-09,2019-04-16,-0.007704246027953943,0.0,0.004635038309902306,0.0032577342032285017,0.7295861193054326,0.5017162471395881,outer_03,none,0.0
2129,2019-04-09,2130,2135,2019-04-10,2019-04-17,-0.021418209913989905,0.0,0.004928144548177471,0.0021112846367747906,0.635893039235172,0.5017162471395881,outer_03,none,0.0
2130,2019-04-10,2131,2136,2019-04-11,2019-04-18,-0.02617186064329413,0.0,0.003093606975952845,-0.000886497780673956,0.6461935420235239,0.5017162471395881,outer_03,none,0.0
2131,2019-04-11,2132,2137,2019-04-12,2019-04-22,-0.013005704827204312,0.0,-0.012060756918467419,-0.0029517009152506546,0.4661111417748443,0.5017162471395881,outer_03,none,0.0
2132,2019-04-12,2133,2138,2019-04-15,2019-04-23,-0.012445270059850522,0.0,-0.0013938795467067777,-0.008841354008142233,0.5380360072688646,0.5017162471395881,outer_03,none,0.0
2133,2019-04-15,2134,2139,2019-04-16,2019-04-24,-0.012250344608672137,0.0,-0.0022420229482120746,-0.012227186118685118,0.5999940511989869,0.5017162471395881,outer_03,none,0.0
2134,2019-04-16,2135,2140,2019-04-17,2019-04-25,-0.0008619541817349585,0.0,-0.008485929890026611,-0.023012126148385548,0.4628078536242124,0.5017162471395881,outer_03,none,0.0
2135,2019-04-17,2136,2141,2019-04-18,2019-04-26,0.0024063438729582387,1.0,-0.0022976347616978643,-0.02983864693261662,0.31929718679488867,0.5017162471395881,outer_03,none,0.0
2136,2019-04-18,2137,2142,2019-04-22,2019-04-29,0.007963690375894394,1.0,0.0013415817768320792,-0.026162629661970804,0.49236060126655895,0.5017162471395881,outer_03,none,0.0
2137,2019-04-22,2138,2143,2019-04-23,2019-04-30,0.0036475251385876817,1.0,-0.0006038813282245314,-0.02965705011644193,0.5833526098059635,0.5017162471395881,outer_03,none,0.0
2138,2019-04-23,2139,2144,2019-04-24,2019-05-01,0.008601883765415153,1.0,-0.002041778626710844,-0.03848422751737779,0.5178115228180061,0.5017162471395881,outer_03,none,0.0
2139,2019-04-24,2140,2145,2019-04-25,2019-05-02,0.001128226140955313,1.0,0.0026691804197014335,-0.030574449766052503,0.596765350729389,0.5017162471395881,outer_03,none,0.0
2140,2019-04-25,2141,2146,2019-04-26,2019-05-03,-0.005345696345655071,0.0,0.001316263881533608,-0.02509013208924049,0.6392811953717655,0.5017162471395881,outer_03,none,0.0
2141,2019-04-26,2142,2147,2019-04-29,2019-05-06,-0.002616334888072558,0.0,0.006843222329474763,-0.003043693290883276,0.4842207276332065,0.5017162471395881,outer_03,none,0.0
2142,2019-04-29,2143,2148,2019-04-30,2019-05-07,0.0011088380202508574,1.0,-0.005036183776523373,-0.009853675668066941,0.5823259953075223,0.5017162471395881,outer_03,none,0.0
2143,2019-04-30,2144,2149,2019-05-01,2019-05-08,0.000607703833212625,1.0,0.0029655317935102232,-0.0031199088557265497,0.4770944346120524,0.5017162471395881,outer_03,none,0.0
2144,2019-05-01,2145,2150,2019-05-02,2019-05-09,0.0032599929586361043,1.0,-0.0053208030928200145,-0.012348238900276698,0.4350884852238598,0.5017162471395881,outer_03,none,0.0
2145,2019-05-02,2146,2151,2019-05-03,2019-05-10,0.010888774681934166,1.0,-0.004711507914650248,-0.014983835922259381,0.43535022314189303,0.5017162471395881,outer_03,none,0.0
2146,2019-05-03,2147,2152,2019-05-06,2019-05-13,0.003556853019624384,1.0,0.00666028467649582,-0.010430413266602656,0.42883035063772573,0.5017162471395881,outer_03,none,0.0
2147,2019-05-06,2148,2153,2019-05-07,2019-05-14,0.01491940668458458,1.0,0.0009612492290154151,-0.008780274863443793,0.47803057409978655,0.5017162471395881,outer_03,none,0.0
2148,2019-05-07,2149,2154,2019-05-08,2019-05-15,0.010174635906512464,1.0,0.0031819343043419934,-0.010233378869004106,0.49938035193462466,0.5017162471395881,outer_03,none,0.0
2149,2019-05-08,2150,2155,2019-05-09,2019-05-16,0.011809205857970184,1.0,-0.0029554328525920326,-0.01811695626977361,0.4641257313191606,0.5017162471395881,outer_03,none,0.0
2150,2019-05-09,2151,2156,2019-05-10,2019-05-17,0.0016414041966505977,1.0,0.0022699891567627972,-0.018940574088963658,0.4304702918250825,0.5017162471395881,outer_03,none,0.0
2151,2019-05-10,2152,2157,2019-05-13,2019-05-20,-0.006891686342358483,0.0,0.001759398833022452,-0.005120418337473787,0.36033422980007457,0.5017162471395881,outer_03,none,0.0
2152,2019-05-13,2153,2158,2019-05-14,2019-05-21,-0.01788165390418417,0.0,0.010930507789908894,0.007203968999141885,0.41339386083402957,0.5017162471395881,outer_03,none,0.0
2153,2019-05-14,2154,2159,2019-05-15,2019-05-22,-0.01753080042564381,0.0,-0.0023338671509121056,0.007112124796441854,0.5422055125855136,0.5017162471395881,outer_03,none,0.0
2154,2019-05-15,2155,2160,2019-05-16,2019-05-23,-0.01775081723465366,0.0,-0.00031622260792385504,0.01528183207854461,0.4862408643179471,0.5017162471395881,outer_03,none,0.0
2155,2019-05-16,2156,2161,2019-05-17,2019-05-24,-0.0023735142639305096,0.0,-0.0077749688898789415,0.009804497950363533,0.4700941652037578,0.5017162471395881,outer_03,none,0.0
2156,2019-05-17,2157,2162,2019-05-20,2019-05-27,0.005398881847964887,1.0,-0.006888266912621788,0.0015746492609096663,0.3877012144590277,0.5017162471395881,outer_03,none,0.0
2157,2019-05-20,2158,2163,2019-05-21,2019-05-28,0.005977994499429151,1.0,0.00011741177497093247,0.00229594236410513,0.4451994514418328,0.5017162471395881,outer_03,none,0.0
2158,2019-05-21,2159,2164,2019-05-22,2019-05-29,0.003829457005494419,1.0,-0.0023037873780111795,0.0020339336128047947,0.4642095297833363,0.5017162471395881,outer_03,none,0.0
2159,2019-05-22,2160,2165,2019-05-23,2019-05-30,0.00498113528155919,1.0,-0.0010046702308894595,-0.0016399170377860983,0.43776591209990723,0.5017162471395881,outer_03,none,0.0
2160,2019-05-23,2161,2166,2019-05-24,2019-05-31,0.00373282751526105,1.0,0.007939125850191076,0.004982944930871369,0.3707545382891958,0.5017162471395881,outer_03,none,0.0
2161,2019-05-24,2162,2167,2019-05-27,2019-06-03,0.016498560824088848,1.0,0.0009655967982258318,-0.000894680600377562,0.4984311769557801,0.5017162471395881,outer_03,none,0.0
2162,2019-05-27,2163,2168,2019-05-28,2019-06-04,0.030415088864437223,1.0,0.00011674287395280203,0.004258246050098613,0.6444236138019744,0.5017162471395881,outer_03,none,0.0
2163,2019-05-28,2164,2169,2019-05-29,2019-06-05,0.035210173271695844,1.0,-0.004328589050413001,-0.003035874793824611,0.44653718788793634,0.5017162471395881,outer_03,none,0.0
2164,2019-05-29,2165,2170,2019-05-30,2019-06-06,0.03994911367058673,1.0,0.0006250976918655837,0.002910025990860987,0.3583422606836809,0.5017162471395881,outer_03,none,0.0
2165,2019-05-30,2166,2171,2019-05-31,2019-06-07,0.03628946439560998,1.0,0.006392584283752001,0.014014118189263236,0.47286910813026484,0.5017162471395881,outer_03,none,0.0
2166,2019-05-31,2167,2172,2019-06-03,2019-06-10,0.021225917195089927,1.0,0.012893752661947033,0.02024758617471445,0.5085831130420463,0.5017162471395881,outer_03,none,0.0
2167,2019-06-03,2168,2173,2019-06-04,2019-06-11,0.002389793632511683,1.0,0.014717276906766052,0.03400361385246509,0.6383725558166009,0.5017162471395881,outer_03,none,0.0
2168,2019-06-04,2169,2174,2019-06-05,2019-06-12,0.0012292101045874304,1.0,0.0008377137697594961,0.03165939331788259,0.6099823634733001,0.5017162471395881,outer_03,none,0.0
2169,2019-06-05,2170,2175,2019-06-06,2019-06-13,0.001117850842069501,1.0,0.003388965769149266,0.03800379193962389,0.7039476731418125,0.5017162471395881,outer_03,none,0.0
2170,2019-06-06,2171,2176,2019-06-07,2019-06-14,0.004756988549786456,1.0,0.004074120003149773,0.03980792278601086,0.71838160360187,0.5017162471395881,outer_03,none,0.0
2171,2019-06-07,2172,2177,2019-06-10,2019-06-17,0.005335577861652396,1.0,0.003527973282850816,0.04157649723583923,0.7707697453985841,0.5017162471395881,outer_03,none,0.0
2172,2019-06-10,2173,2178,2019-06-11,2019-06-18,0.008980233507048574,1.0,-0.009295140535138913,0.02135084891079142,0.6773625155440425,0.5017162471395881,outer_03,none,0.0
2173,2019-06-11,2174,2179,2019-06-12,2019-06-19,0.014418452484936672,1.0,-0.0008965941327474525,0.022788121928956073,0.7385624831640948,0.5017162471395881,outer_03,none,0.0
2174,2019-06-12,2175,2180,2019-06-13,2019-06-20,0.019167875466354012,1.0,0.004947601713246819,0.028051946250126747,0.7277899194240307,0.5017162471395881,outer_03,none,0.0
2175,2019-06-13,2176,2181,2019-06-14,2019-06-21,0.033069281405648354,1.0,0.006414879345889801,0.04224179448589549,0.7716786056932866,0.5017162471395881,outer_03,none,0.0
2176,2019-06-14,2177,2182,2019-06-17,2019-06-24,0.04239719016660359,1.0,-0.0007380816921775946,0.04839197970633968,0.6830539462435137,0.5017162471395881,outer_03,none,0.0
2177,2019-06-17,2178,2183,2019-06-18,2019-06-25,0.05654796384637173,1.0,-0.0009998881555359773,0.04727467977583277,0.6592533580276138,0.5017162471395881,outer_03,none,0.0
2178,2019-06-18,2179,2184,2019-06-19,2019-06-26,0.05319730022020064,1.0,0.005234580956978263,0.054813048110822216,0.632968534377311,0.5017162471395881,outer_03,none,0.0
2179,2019-06-19,2180,2185,2019-06-20,2019-06-27,0.03503272528096435,1.0,0.009703898921166854,0.06552161726287853,0.6226677006403962,0.5017162471395881,outer_03,none,0.0
2180,2019-06-20,2181,2186,2019-06-21,2019-06-28,0.015235801315060193,1.0,0.020896032855738156,0.07847852426842561,0.6629864316143147,0.5017162471395881,outer_03,none,0.0
2181,2019-06-21,2182,2187,2019-06-24,2019-07-01,-0.005874910325442961,0.0,0.0074129430284086695,0.08492587049860845,0.7022086653113125,0.5017162471395881,outer_03,none,0.0
2182,2019-06-24,2183,2188,2019-06-25,2019-07-02,-0.024312924455364815,0.0,0.014500979844309647,0.09931010746896529,0.6015524705602793,0.5017162471395881,outer_03,none,0.0
2183,2019-06-25,2184,2189,2019-06-26,2019-07-03,0.0020406159888031183,1.0,0.002870916372187615,0.10650961289156591,0.5363958974683014,0.5017162471395881,outer_03,none,0.0
2184,2019-06-26,2185,2190,2019-06-27,2019-07-04,0.008627815111137416,1.0,-0.010254834098677001,0.09562968110102332,0.6117472927965468,0.5017162471395881,outer_03,none,0.0
2185,2019-06-27,2186,2191,2019-06-28,2019-07-05,0.005444087794065133,1.0,0.0003052058921326761,0.089542302709404,0.6483951389876269,0.5017162471395881,outer_03,none,0.0
2186,2019-06-28,2187,2192,2019-07-01,2019-07-08,0.005317560438204971,1.0,0.0005746698467135047,0.07722321989417047,0.689340964150777,0.5017162471395881,outer_03,none,0.0
2187,2019-07-01,2188,2193,2019-07-02,2019-07-09,0.0077376647015192646,1.0,-0.018728667524925413,0.043777275462479004,0.5876511472014032,0.5017162471395881,outer_03,none,0.0
2188,2019-07-02,2189,2194,2019-07-03,2019-07-10,-0.019097402206980085,0.0,0.024450223069226062,0.06738978476194557,0.7485708826280786,0.5017162471395881,outer_03,none,0.0
2189,2019-07-03,2190,2195,2019-07-04,2019-07-11,-0.000753730826994925,0.0,0.0002890978404783695,0.06428991683327467,0.748245441422329,0.5017162471395881,outer_03,none,0.0
2190,2019-07-04,2191,2196,2019-07-05,2019-07-12,-0.008422893569854928,0.0,-0.002202068857513062,0.05801372797261184,0.7421553006118499,0.5017162471395881,outer_03,none,0.0
2191,2019-07-05,2192,2197,2019-07-08,2019-07-15,0.012381134217284817,1.0,-0.012227437671032959,0.042258317018728064,0.6829655748678647,0.5017162471395881,outer_03,none,0.0
2192,2019-07-08,2193,2198,2019-07-09,2019-07-16,0.014061524688250948,1.0,-0.0020119074435918094,0.04954155011027517,0.7071027970115114,0.5017162471395881,outer_03,none,0.0
2193,2019-07-09,2194,2199,2019-07-10,2019-07-17,0.007708377449626269,1.0,0.0015969696783022513,0.05203511392132487,0.6691153106885782,0.5017162471395881,outer_03,none,0.0
2194,2019-07-10,2195,2200,2019-07-11,2019-07-18,0.005081951071596258,1.0,0.01446366383032327,0.06155117603840132,0.6478079397722385,0.5017162471395881,outer_03,none,0.0
2195,2019-07-11,2196,2201,2019-07-12,2019-07-19,0.03058458143082099,1.0,-0.010022766069085698,0.045113530623425824,0.6729348928651657,0.5017162471395881,outer_03,none,0.0
2196,2019-07-12,2197,2202,2019-07-15,2019-07-22,0.006978670301484691,1.0,0.007876403117079711,0.05372801543268313,0.6188490646977468,0.5017162471395881,outer_03,none,0.0
2197,2019-07-15,2198,2203,2019-07-16,2019-07-23,0.007234591193622464,1.0,-0.0007990016440464487,0.05392890194417266,0.6340609707283558,0.5017162471395881,outer_03,none,0.0
2198,2019-07-16,2199,2204,2019-07-17,2019-07-24,0.007585908664797358,1.0,-0.005589618457591428,0.04310470252960297,0.6386062862532972,0.5017162471395881,outer_03,none,0.0
2199,2019-07-17,2200,2205,2019-07-18,2019-07-25,-0.0007434579552265674,0.0,0.014399813793548155,0.04780061740198427,0.569422135985148,0.5017162471395881,outer_03,none,0.0
2200,2019-07-18,2201,2206,2019-07-19,2019-07-26,-0.02325661844227156,0.0,0.01353847118537832,0.04044305573162443,0.5797552051155482,0.5017162471395881,outer_03,none,0.0
2201,2019-07-19,2202,2207,2019-07-22,2019-07-29,-0.003996928603301697,0.0,-0.01441530426098403,0.018614808442231734,0.535184363919582,0.5017162471395881,outer_03,none,0.0
2202,2019-07-22,2203,2208,2019-07-23,2019-07-30,0.0007156790134414948,1.0,-0.0002035351964995158,0.003910293401422571,0.47817674818768313,0.5017162471395881,outer_03,none,0.0
2203,2019-07-23,2204,2209,2019-07-24,2019-07-31,0.009396928432789053,1.0,-0.0049749070860212186,-0.003935530056786263,0.574248793974496,0.5017162471395881,outer_03,none,0.0
2204,2019-07-24,2205,2210,2019-07-25,2019-08-01,-0.006610163135086111,0.0,0.005283702855165551,0.01160300689705629,0.5229713618818977,0.5017162471395881,outer_03,none,0.0
2205,2019-07-25,2206,2211,2019-07-26,2019-08-02,0.02150109223218255,1.0,-0.00774864578158585,0.0035491552233377632,0.4534544216057226,0.5017162471395881,outer_03,none,0.0
2206,2019-07-26,2207,2212,2019-07-29,2019-08-05,0.013659581005684096,1.0,0.002965664045802896,0.0059401494224271545,0.5373410325719125,0.5017162471395881,outer_03,none,0.0
2207,2019-07-29,2208,2213,2019-07-30,2019-08-06,0.02892400850145016,1.0,0.005841988122166519,0.030510805069519087,0.5340422394611634,0.5017162471395881,outer_03,none,0.0
2208,2019-07-30,2209,2214,2019-07-31,2019-08-07,0.03030023723131503,1.0,0.0027929166315816545,0.008853498631874679,0.48613653735165896,0.5017162471395881,outer_03,none,0.0
2209,2019-07-31,2210,2215,2019-08-01,2019-08-08,0.05696141814143019,1.0,-0.012930911417403657,-0.004366510626007347,0.45963668335803665,0.5017162471395881,outer_03,none,0.0
2210,2019-08-01,2211,2216,2019-08-02,2019-08-09,0.041165324780084056,1.0,0.022863178774892745,0.02069873700639846,0.4228993309058102,0.5017162471395881,outer_03,none,0.0
2211,2019-08-02,2212,2217,2019-08-05,2019-08-12,0.03798381925288208,1.0,-0.0031678829768688743,0.029758291700562545,0.41442919757466257,0.5017162471395881,outer_03,none,0.0
2212,2019-08-05,2213,2218,2019-08-06,2019-08-13,0.028839370394216246,1.0,0.01611582929416766,0.047886028438322015,0.45798098457779746,0.5017162471395881,outer_03,none,0.0
2213,2019-08-06,2214,2219,2019-08-07,2019-08-14,0.01817132184643011,1.0,0.007181811609969557,0.05347087036998932,0.444171747964179,0.5017162471395881,outer_03,none,0.0
2214,2019-08-07,2215,2220,2019-08-08,2019-08-15,0.0130907971644465,1.0,0.0181351423854883,0.05714234892515435,0.5060914275121807,0.5017162471395881,outer_03,none,0.0
2215,2019-08-08,2216,2221,2019-08-09,2019-08-16,0.010243832540017372,1.0,-0.00024649165883783297,0.06691862333540222,0.47979538755198675,0.5017162471395881,outer_03,none,0.0
2216,2019-08-09,2217,2222,2019-08-12,2019-08-19,0.008903794664654185,1.0,-0.0025751373515312537,0.05646708286679125,0.4836904801617412,0.5017162471395881,outer_03,none,0.0
2217,2019-08-12,2218,2223,2019-08-13,2019-08-20,-0.009291565159255555,0.0,0.009771610021575228,0.06703769453241293,0.5882623098441535,0.5017162471395881,outer_03,none,0.0
2218,2019-08-13,2219,2224,2019-08-14,2019-08-21,0.0032578299772128005,1.0,-0.006883372072262084,0.06574394091774227,0.6246913165609573,0.5017162471395881,outer_03,none,0.0
2219,2019-08-14,2220,2225,2019-08-15,2019-08-22,-0.011077932819687497,0.0,0.009829310330149,0.061173437454343116,0.44457903248017694,0.5017162471395881,outer_03,none,0.0
2220,2019-08-15,2221,2226,2019-08-16,2019-08-23,-0.015435399270821826,0.0,0.004763793717515341,0.05239875998648014,0.3492074932957026,0.5017162471395881,outer_03,none,0.0
2221,2019-08-16,2222,2227,2019-08-19,2019-08-26,0.023770663965852812,1.0,-0.007458394262178203,0.059355669985285964,0.45566032908888515,0.5017162471395881,outer_03,none,0.0
2222,2019-08-19,2223,2228,2019-08-20,2019-08-27,0.020326050907146787,1.0,-0.010844917769150086,0.04871428741263539,0.4254843447490471,0.5017162471395881,outer_03,none,0.0
2223,2019-08-20,2224,2229,2019-08-21,2019-08-28,0.02260324352547549,1.0,0.007705280950884408,0.06139447544954102,0.45369704359702817,0.5017162471395881,outer_03,none,0.0
2224,2019-08-21,2225,2230,2019-08-22,2019-08-29,0.02444151028077801,1.0,-0.0033558527940398264,0.05275491980033564,0.4330949028265999,0.5017162471395881,outer_03,none,0.0
2225,2019-08-22,2226,2231,2019-08-23,2019-08-30,0.019160751026939593,1.0,-0.002766235054065369,0.05773733052785612,0.3399990632651654,0.5017162471395881,outer_03,none,0.0
2226,2019-08-23,2227,2232,2019-08-26,2019-09-02,-0.010633796989390376,0.0,0.018576057972661708,0.07334772445471494,0.39743624013414364,0.5017162471395881,outer_03,none,0.0
2227,2019-08-26,2228,2233,2019-08-27,2019-09-03,-0.00023574249171165462,0.0,0.0007401027967244289,0.06824583912927285,0.4664123648609502,0.5017162471395881,outer_03,none,0.0
2228,2019-08-27,2229,2234,2019-08-28,2019-09-04,0.003608112766514182,1.0,0.009934902774881849,0.07538782527257304,0.4857928134468136,0.5017162471395881,outer_03,none,0.0
2229,2019-08-28,2230,2235,2019-08-29,2019-09-05,0.00803768168195429,1.0,-0.0010507064047926562,0.08726803028518404,0.47026412557499575,0.5017162471395881,outer_03,none,0.0
2230,2019-08-29,2231,2236,2019-08-30,2019-09-06,-0.005961974074552678,0.0,-0.009218157247385506,0.05518669426290579,0.5261579158770346,0.5017162471395881,outer_03,none,0.0
2231,2019-08-30,2232,2237,2019-09-02,2019-09-09,-0.017066588523126036,0.0,-0.00414777684782397,0.054206800391950694,0.463945935454734,0.5017162471395881,outer_03,none,0.0
2232,2019-09-02,2233,2238,2019-09-03,2019-09-10,-0.018901604963789786,0.0,0.0055156542008711895,0.04360662529865422,0.5105705405822327,0.5017162471395881,outer_03,none,0.0
2233,2019-09-03,2234,2239,2019-09-04,2019-09-11,-0.03973735774835507,0.0,0.012828103624738851,0.04925291731342352,0.344026157401441,0.5017162471395881,outer_03,none,0.0
2234,2019-09-04,2235,2240,2019-09-05,2019-09-12,-0.03589412224731792,0.0,0.002515075649451859,0.033632850577387075,0.3394684560238929,0.5017162471395881,outer_03,none,0.0
2235,2019-09-05,2236,2241,2019-09-06,2019-09-13,-0.013812896377861428,0.0,-0.02195114006117649,0.011928202175048419,0.4278215466868043,0.5017162471395881,outer_03,none,0.0
2236,2019-09-06,2237,2242,2019-09-09,2019-09-16,-0.0018640451170384154,0.0,-0.008270383341736576,0.006232956184843097,0.3935114111630125,0.5017162471395881,outer_03,none,0.0
2237,2019-09-09,2238,2243,2019-09-10,2019-09-17,0.00011345397284578951,1.0,-0.005037961667122559,-0.00857661550385469,0.5186551513801505,0.5017162471395881,outer_03,none,0.0
2238,2019-09-10,2239,2244,2019-09-11,2019-09-18,0.010168274373087982,1.0,-0.008738303530501312,-0.010431546962093918,0.4907448885186823,0.5017162471395881,outer_03,none,0.0
2239,2019-09-11,2240,2245,2019-09-12,2019-09-19,-0.0025755709758525924,0.0,0.007209256349612225,-0.013051600942630692,0.40315041382653916,0.5017162471395881,outer_03,none,0.0
2240,2019-09-12,2241,2246,2019-09-13,2019-09-20,0.0010477809027831242,1.0,0.00163579283944415,-0.016179601820701883,0.5533832631277754,0.5017162471395881,outer_03,none,0.0
2241,2019-09-13,2242,2247,2019-09-16,2019-09-23,0.007911528187944938,1.0,-0.006975713805143613,-0.015696921363667293,0.6005922371428074,0.5017162471395881,outer_03,none,0.0
2242,2019-09-16,2243,2248,2019-09-17,2019-09-24,0.016283231648372976,1.0,0.006595380374922577,0.0017433767804053701,0.5058342767291542,0.5017162471395881,outer_03,none,0.0
2243,2019-09-17,2244,2249,2019-09-18,2019-09-25,0.020971125336363805,1.0,0.0019468489874299166,-0.004015055183049121,0.5548299692040349,0.5017162471395881,outer_03,none,0.0
2244,2019-09-18,2245,2250,2019-09-19,2019-09-26,0.007188297458903925,1.0,-0.005396465329593703,-0.006055667718602997,0.6934051778100077,0.5017162471395881,outer_03,none,0.0
2245,2019-09-19,2246,2251,2019-09-20,2019-09-27,0.0031700180385252352,1.0,0.003496331748579884,0.00020689908404225577,0.4741320360656855,0.5017162471395881,outer_03,none,0.0
2246,2019-09-20,2247,2252,2019-09-23,2019-09-30,-0.010887879752512042,0.0,0.011808784071905443,-0.00656037481671401,0.5011395579739388,0.5017162471395881,outer_03,none,0.0
2247,2019-09-23,2248,2253,2019-09-24,2019-10-01,-0.033487551773211166,0.0,0.0038507283322424257,-0.003449749281196013,0.4913484401376041,0.5017162471395881,outer_03,none,0.0
2248,2019-09-24,2249,2254,2019-09-25,2019-10-02,-0.035333126063209264,0.0,0.005928049089822807,-0.007456602966255055,0.5096354316745071,0.5017162471395881,outer_03,none,0.0
2249,2019-09-25,2250,2255,2019-09-26,2019-10-03,-0.003130601833460922,0.0,-0.018143313874192657,-0.024549210435655056,0.550606022084969,0.5017162471395881,outer_03,none,0.0
2250,2019-09-26,2251,2256,2019-09-27,2019-10-04,0.0013887091557664988,1.0,0.0006116614777500473,-0.014719391710519503,0.49981550758915816,0.5017162471395881,outer_03,none,0.0
2251,2019-09-27,2252,2257,2019-09-30,2019-10-07,0.008173688834453685,1.0,-0.0052979461977802345,-0.015869561060475768,0.5659311539960984,0.5017162471395881,outer_03,none,0.0
2252,2019-09-30,2253,2258,2019-10-01,2019-10-08,0.013781696741309801,1.0,-0.016383538681748355,-0.03776875394309531,0.6432874021871622,0.5017162471395881,outer_03,none,0.0
2253,2019-10-01,2254,2259,2019-10-02,2019-10-09,0.01767326203050157,1.0,0.00480406931390398,-0.04579278825393018,0.6133135189832722,0.5017162471395881,outer_03,none,0.0
2254,2019-10-02,2255,2260,2019-10-03,2019-10-10,0.0044863720387402495,1.0,0.013788692266497371,-0.03451917163688467,0.6217192467018331,0.5017162471395881,outer_03,none,0.0
2255,2019-10-03,2256,2261,2019-10-04,2019-10-11,-0.007718751870557483,0.0,0.003268161657548063,-0.00929986991816012,0.5500812662469036,0.5017162471395881,outer_03,none,0.0
2256,2019-10-04,2257,2262,2019-10-07,2019-10-14,-0.014758394858271018,0.0,-0.00021931792214413548,-0.0012488044985676794,0.4766565992582483,0.5017162471395881,outer_03,none,0.0
2257,2019-10-07,2258,2263,2019-10-08,2019-10-15,-0.0006698507153277689,0.0,-0.007492270942823787,-0.003703113774268907,0.6083367261092976,0.5017162471395881,outer_03,none,0.0
2258,2019-10-08,2259,2264,2019-10-09,2019-10-16,-0.016977586335896078,0.0,0.008143438083222598,0.013178627839455004,0.5414763291551243,0.5017162471395881,outer_03,none,0.0
2259,2019-10-09,2260,2265,2019-10-10,2019-10-17,-0.01048849782141037,0.0,-3.9855192804694184e-05,0.005929516297038084,0.5544422149113549,0.5017162471395881,outer_03,none,0.0
2260,2019-10-10,2261,2266,2019-10-11,2019-10-18,-0.001660840713402223,0.0,-0.008023225568148717,-0.003729502110554783,0.5392643562974285,0.5017162471395881,outer_03,none,0.0
2261,2019-10-11,2262,2267,2019-10-14,2019-10-21,0.0035056179457031433,1.0,-0.003662811173817282,-0.0004165994792284522,0.5245046507428021,0.5017162471395881,outer_03,none,0.0
2262,2019-10-14,2263,2268,2019-10-15,2019-10-22,-0.0052672364714494435,0.0,0.003421719832516601,-0.0035902600216344283,0.5617951731432507,0.5017162471395881,outer_03,none,0.0
2263,2019-10-15,2264,2269,2019-10-16,2019-10-23,0.004607589104166365,1.0,-0.00809007684044527,-0.013627185849509615,0.5745963857013234,0.5017162471395881,outer_03,none,0.0
2264,2019-10-16,2265,2270,2019-10-17,2019-10-24,0.0008989307355369291,1.0,0.0057363851199978555,-0.0024943353999180573,0.48582046505248017,0.5017162471395881,outer_03,none,0.0
2265,2019-10-17,2266,2271,2019-10-18,2019-10-25,0.0073789737854914605,1.0,0.0018177249911506266,-0.004172942157347315,0.5293341283711223,0.5017162471395881,outer_03,none,0.0
2266,2019-10-18,2267,2272,2019-10-21,2019-10-28,0.007773149785399447,1.0,-0.001542506408802602,-0.01752423263805536,0.5950249892884013,0.5017162471395881,outer_03,none,0.0
2267,2019-10-21,2268,2273,2019-10-22,2019-10-29,0.004891923985892888,1.0,-0.0039475637932948615,-0.025322524763592646,0.5886148094140781,0.5017162471395881,outer_03,none,0.0
2268,2019-10-22,2269,2274,2019-10-23,2019-10-30,-0.00036298617018015733,0.0,0.0024967793765569013,-0.028753794476858552,0.6433311979795735,0.5144014401440145,outer_04,none,0.0
2269,2019-10-23,2270,2275,2019-10-24,2019-10-31,0.0029727851560750196,1.0,0.00267157284878472,-0.007938907753881175,0.5579875761695301,0.5144014401440145,outer_04,none,0.0
2270,2019-10-24,2271,2276,2019-10-25,2019-11-01,0.006274228679276739,1.0,0.007446647537856954,-0.001103921693774268,0.4682135241025459,0.5144014401440145,outer_04,none,0.0
2271,2019-10-25,2272,2277,2019-10-28,2019-11-04,0.006233483270729145,1.0,0.0008380278901922722,0.005032052394198239,0.4775524149678944,0.5144014401440145,outer_04,none,0.0
2272,2019-10-28,2273,2278,2019-10-29,2019-11-05,0.011344368222498069,1.0,-0.00775523625259833,0.013660354823348264,0.47615248231213786,0.5144014401440145,outer_04,none,0.0
2273,2019-10-29,2274,2279,2019-10-30,2019-11-06,-0.00247719826452375,0.0,-0.0031136367439907886,0.005742648765453495,0.5244035867593846,0.5144014401440145,outer_04,none,0.0
2274,2019-10-30,2275,2280,2019-10-31,2019-11-07,-0.0040059539899282015,0.0,0.0051617342693068835,-0.0028843092317369923,0.5067375155169257,0.5144014401440145,outer_04,none,0.0
2275,2019-10-31,2276,2281,2019-11-01,2019-11-08,-0.029781440065574927,0.0,0.010991788776530065,0.004839317887245009,0.4571753355855932,0.5144014401440145,outer_04,none,0.0
2276,2019-11-01,2277,2282,2019-11-04,2019-11-11,-0.03530241356814212,0.0,0.0011698497383445527,0.0062284855477336976,0.5164577155694645,0.5144014401440145,outer_04,none,0.0
2277,2019-11-04,2278,2283,2019-11-05,2019-11-12,-0.036335488302788654,0.0,-0.002923881979051579,0.010796874511505905,0.5725439306989782,0.5144014401440145,outer_04,none,0.0
2278,2019-11-05,2279,2284,2019-11-06,2019-11-13,-0.01796716132999432,0.0,-0.01717233487971015,-0.014518898451426843,0.5544229584822428,0.5144014401440145,outer_04,none,0.0
2279,2019-11-06,2280,2285,2019-11-07,2019-11-14,-0.017469585512436048,0.0,0.004277189498037792,-0.010201853760584356,0.5806878780040075,0.5144014401440145,outer_04,none,0.0
2280,2019-11-07,2281,2286,2019-11-08,2019-11-15,0.0021161292951443755,1.0,-0.014614984371714712,-0.01679361256415035,0.547162247974415,0.5144014401440145,outer_04,none,0.0
2281,2019-11-08,2282,2287,2019-11-11,2019-11-18,0.005211635835178363,1.0,-0.006695752048801573,-0.019826553439134642,0.4885421687237018,0.5144014401440145,outer_04,none,0.0
2282,2019-11-11,2283,2288,2019-11-12,2019-11-19,0.010705452182405928,1.0,-0.0021068025923591804,-0.025355075864010423,0.5774023364395305,0.5144014401440145,outer_04,none,0.0
2283,2019-11-12,2284,2289,2019-11-13,2019-11-20,0.011177341576235733,1.0,0.00044643624430040774,-0.016818562779264745,0.5407718551583056,0.5144014401440145,outer_04,none,0.0
2284,2019-11-13,2285,2290,2019-11-14,2019-11-21,0.007424605968621378,1.0,0.004767850761613346,-0.017787097137649255,0.5301351686459647,0.5144014401440145,outer_04,none,0.0
2285,2019-11-14,2286,2291,2019-11-15,2019-11-22,-0.004666872712180137,0.0,0.0052552238537249,-0.014349598275074982,0.5592447772879089,0.5144014401440145,outer_04,none,0.0
2286,2019-11-15,2287,2292,2019-11-18,2019-11-25,-0.005095221798252503,0.0,-0.002450364356259449,-0.015257456222531829,0.6535642139172135,0.5144014401440145,outer_04,none,0.0
2287,2019-11-18,2288,2293,2019-11-19,2019-11-26,-0.010739817270229324,0.0,0.002321189545167357,-0.00898870288406961,0.5709054618522253,0.5144014401440145,outer_04,none,0.0
2288,2019-11-19,2289,2294,2019-11-20,2019-11-27,-0.0085594672741367,0.0,0.0010397236495185425,-0.01044575861110797,0.5478775088210498,0.5144014401440145,outer_04,none,0.0
2289,2019-11-20,2290,2295,2019-11-21,2019-11-28,-0.013068959148227144,0.0,-0.0008561644358602294,-0.013973495895752919,0.5856357396598086,0.5144014401440145,outer_04,none,0.0
2290,2019-11-21,2291,2296,2019-11-22,2019-11-29,-0.006151209904209587,0.0,-0.004585460635169625,-0.026005604068779498,0.5527663352363121,0.5144014401440145,outer_04,none,0.0
2291,2019-11-22,2292,2297,2019-11-25,2019-12-02,0.0013959123936855278,1.0,-0.001715576967271204,-0.028559208926242974,0.600862160956346,0.5144014401440145,outer_04,none,0.0
2292,2019-11-25,2293,2298,2019-11-26,2019-12-03,0.004573905215661256,1.0,-0.0047107312620804365,-0.02551470393572508,0.5876018735545564,0.5144014401440145,outer_04,none,0.0
2293,2019-11-26,2294,2299,2019-11-27,2019-12-04,0.010457682844076999,1.0,0.004361787838688791,-0.0180392793530455,0.5596080161244374,0.5144014401440145,outer_04,none,0.0
2294,2019-11-27,2295,2300,2019-11-28,2019-12-05,0.012709548171473628,1.0,-0.0050562155997004865,-0.02825722922205287,0.5993092304052207,0.5144014401440145,outer_04,none,0.0
2295,2019-11-28,2296,2301,2019-11-29,2019-12-06,0.014088920138142669,1.0,0.001244127501378145,-0.03800489049720479,0.7095875056089592,0.5144014401440145,outer_04,none,0.0
2296,2019-11-29,2297,2302,2019-12-02,2019-12-09,-0.0026360760349586343,0.0,0.005541926177919265,-0.03363281405763008,0.6231039200553788,0.5144014401440145,outer_04,none,0.0
2297,2019-12-02,2298,2303,2019-12-03,2019-12-10,-0.00013684477034914266,0.0,-0.0009431770728038913,-0.03165210915138239,0.6644270138040431,0.5144014401440145,outer_04,none,0.0
2298,2019-12-03,2299,2304,2019-12-04,2019-12-11,-0.008372404490136987,0.0,0.01011652396012419,-0.00436325031154805,0.5234255336625944,0.5144014401440145,outer_04,none,0.0
2299,2019-12-04,2300,2305,2019-12-05,2019-12-12,0.00035263083308212373,1.0,-0.002025986158748161,-0.010666425968334003,0.5392237614295526,0.5144014401440145,outer_04,none,0.0
2300,2019-12-05,2301,2306,2019-12-06,2019-12-13,-0.006436485088980426,0.0,0.0009694620245488395,0.004918020427929548,0.4908994918516324,0.5144014401440145,outer_04,none,0.0
2301,2019-12-06,2302,2307,2019-12-09,2019-12-16,0.011092930009679591,1.0,-0.011058645245821452,0.0005551272309096689,0.5301190809518579,0.5144014401440145,outer_04,none,0.0
2302,2019-12-09,2303,2308,2019-12-10,2019-12-17,0.009859474550749425,1.0,0.0014925171534567738,0.004154446976725623,0.5856633254158409,0.5144014401440145,outer_04,none,0.0
2303,2019-12-10,2304,2309,2019-12-11,2019-12-18,0.00789141214625566,1.0,0.0018044747656222881,0.0055124854980475035,0.5300229044174081,0.5144014401440145,outer_04,none,0.0
2304,2019-12-11,2305,2310,2019-12-12,2019-12-19,0.0002779482017363222,1.0,0.0070566832587726225,0.00780131799520678,0.49704655439751344,0.5144014401440145,outer_04,none,0.0
2305,2019-12-12,2306,2311,2019-12-13,2019-12-20,0.008399273961345877,1.0,-0.0036139870591771484,-0.0010678929176952678,0.4778845199070324,0.5144014401440145,outer_04,none,0.0
2306,2019-12-13,2307,2312,2019-12-16,2019-12-23,0.00210646885507515,1.0,0.0041020961883733165,0.005484567626937498,0.394582502202329,0.5144014401440145,outer_04,none,0.0
2307,2019-12-16,2308,2313,2019-12-17,2019-12-24,0.006288245664945791,1.0,0.00031172281317992656,0.0034751008949500672,0.5025574681904188,0.5144014401440145,outer_04,none,0.0
2308,2019-12-17,2309,2314,2019-12-18,2019-12-26,0.018469624024751496,1.0,6.097788198555776e-05,0.0024963551274170825,0.49292362417472013,0.5144014401440145,outer_04,none,0.0
2309,2019-12-18,2310,2315,2019-12-19,2019-12-27,0.023758095688238612,1.0,-0.00036592307892124865,0.0029865964843560633,0.568915368089245,0.5144014401440145,outer_04,none,0.0
2310,2019-12-19,2311,2316,2019-12-20,2019-12-30,0.021551952869175217,1.0,0.0022002953886470777,0.009772352508172766,0.5224667309302975,0.5144014401440145,outer_04,none,0.0
2311,2019-12-20,2312,2317,2019-12-23,2019-12-31,0.0245084261509243,1.0,-0.0005208632919293521,0.010967066183514618,0.5531441671140556,0.5144014401440145,outer_04,none,0.0
2312,2019-12-23,2313,2318,2019-12-24,2020-01-02,0.023331929541142493,1.0,0.00502817167034042,0.020705969115935474,0.548746247011805,0.5144014401440145,outer_04,none,0.0
2313,2019-12-24,2314,2319,2019-12-26,2020-01-03,0.0164805545707587,1.0,0.00912091620841693,0.025465097485663613,0.6379400388325959,0.5144014401440145,outer_04,none,0.0
2314,2019-12-26,2315,2320,2019-12-27,2020-01-06,0.04220073741582908,1.0,0.008006607490823825,0.038527920576187924,0.6121745550667674,0.5144014401440145,outer_04,none,0.0
2315,2019-12-27,2316,2321,2019-12-30,2020-01-07,0.03470789157475185,1.0,-0.00027137311653291363,0.037012419958276865,0.6957824714021974,0.5144014401440145,outer_04,none,0.0
2316,2019-12-30,2317,2322,2019-12-31,2020-01-08,0.03971246152664243,1.0,0.002862253614089205,0.034332747394446805,0.6681518639158366,0.5144014401440145,outer_04,none,0.0
2317,2019-12-31,2318,2323,2020-01-02,2020-01-09,0.022433388139931232,1.0,0.003459447237485591,0.03873537170473629,0.68488351032448,0.5144014401440145,outer_04,none,0.0
2318,2020-01-02,2319,2324,2020-01-03,2020-01-10,0.01600730021026031,1.0,0.005615007307480546,0.03423385505209264,0.6995653085935754,0.5144014401440145,outer_04,none,0.0
2319,2020-01-03,2320,2325,2020-01-06,2020-01-13,-0.010422873935500121,0.0,0.014720041388368799,0.0509798825992096,0.6572188265355425,0.5144014401440145,outer_04,none,0.0
2320,2020-01-06,2321,2326,2020-01-07,2020-01-14,-0.01053770842873547,0.0,0.009104766992919622,0.059115187567580385,0.5540027686719586,0.5144014401440145,outer_04,none,0.0
2321,2020-01-07,2322,2327,2020-01-08,2020-01-15,-0.01897339741062254,0.0,0.004848888237066973,0.07502272105046881,0.6772935641890994,0.5144014401440145,outer_04,none,0.0
2322,2020-01-08,2323,2328,2020-01-09,2020-01-16,0.0002765335571801586,1.0,-0.010787425671936468,0.06274277822507557,0.7170875833372388,0.5144014401440145,outer_04,none,0.0
2323,2020-01-09,2324,2329,2020-01-10,2020-01-17,-0.00039933016117377207,0.0,-0.0027537946395881363,0.058184508819865144,0.7379342142986505,0.5144014401440145,outer_04,none,0.0
2324,2020-01-10,2325,2330,2020-01-13,2020-01-20,-0.0003527280343122996,0.0,0.006217423620207718,0.05734524918130024,0.7450129809375555,0.5144014401440145,outer_04,none,0.0
2325,2020-01-13,2326,2331,2020-01-14,2020-01-21,0.008202013809872177,1.0,-0.008630001151035849,0.05232923508944154,0.6728196836570954,0.5144014401440145,outer_04,none,0.0
2326,2020-01-14,2327,2332,2020-01-15,2020-01-22,0.007499117085925988,1.0,-0.0013507445689215913,0.04687639433214663,0.6036363011319293,0.5144014401440145,outer_04,none,0.0
2327,2020-01-15,2328,2333,2020-01-16,2020-01-23,0.002164607281845754,1.0,0.006427159212081257,0.05299183073104796,0.684597884789139,0.5144014401440145,outer_04,none,0.0
2328,2020-01-16,2329,2334,2020-01-17,2020-01-24,0.006101339381670456,1.0,-0.0024190343383949653,0.05051181851066744,0.721878310260975,0.5144014401440145,outer_04,none,0.0
2329,2020-01-17,2330,2335,2020-01-20,2020-01-27,0.013829523116689835,1.0,0.0028109329637349134,0.0536886745533236,0.6610448570488681,0.5144014401440145,outer_04,none,0.0
2330,2020-01-20,2331,2336,2020-01-21,2020-01-28,0.01275086583127738,1.0,0.0023545801667159694,0.05384295933139249,0.7276539954417564,0.5144014401440145,outer_04,none,0.0
2331,2020-01-21,2332,2337,2020-01-22,2020-01-29,0.006806010933041229,1.0,-0.0016611033158193678,0.05270271930750248,0.6904881094031434,0.5144014401440145,outer_04,none,0.0
2332,2020-01-22,2333,2338,2020-01-23,2020-01-30,0.010658087999140697,1.0,0.0004428030144456585,0.048117350651607715,0.6062137248522353,0.5144014401440145,outer_04,none,0.0
2333,2020-01-23,2334,2339,2020-01-24,2020-01-31,0.008460767432632466,1.0,0.002691101771454818,0.041687536214645604,0.5416829801226083,0.5144014401440145,outer_04,none,0.0
2334,2020-01-24,2335,2340,2020-01-27,2020-02-03,0.005010485783321528,1.0,0.005169619324978392,0.03885054804880017,0.509928595787526,0.5144014401440145,outer_04,none,0.0
2335,2020-01-27,2336,2341,2020-01-28,2020-02-04,-0.0014875915475478507,0.0,0.006965309594504809,0.046087230759837894,0.4490691255559873,0.5144014401440145,outer_04,none,0.0
2336,2020-01-28,2337,2342,2020-01-29,2020-02-05,-0.009910934695537499,0.0,-0.008953407156319315,0.034271569989429373,0.5163596326367218,0.5144014401440145,outer_04,none,0.0
2337,2020-01-29,2338,2343,2020-01-30,2020-02-06,-0.013150685379912375,0.0,0.005933452281343676,0.03674557503328746,0.5054659335993072,0.5144014401440145,outer_04,none,0.0
2338,2020-01-30,2339,2344,2020-01-31,2020-02-07,-0.005890104807116714,0.0,-0.002069211391561687,0.029061356334245225,0.5436672066374081,0.5144014401440145,outer_04,none,0.0
2339,2020-01-31,2340,2345,2020-02-03,2020-02-10,-0.01227405589951136,0.0,0.009473049454006954,0.02381436439988338,0.49857632230437166,0.5144014401440145,outer_04,none,0.0
2340,2020-02-03,2341,2346,2020-02-04,2020-02-11,-0.00410709478665261,0.0,-0.007917567655371549,0.00679202975159221,0.46719716937336575,0.5144014401440145,outer_04,none,0.0
2341,2020-02-04,2342,2347,2020-02-05,2020-02-12,0.009171171768563191,1.0,-0.015059216400588049,-0.013116074886062812,0.5952964377244575,0.5144014401440145,outer_04,none,0.0
2342,2020-02-05,2343,2348,2020-02-06,2020-02-13,0.007344303711551703,1.0,0.002360774941375432,3.212572724908824e-05,0.5247484311638982,0.5144014401440145,outer_04,none,0.0
2343,2020-02-06,2344,2349,2020-02-07,2020-02-14,0.006429621223088766,1.0,0.006436409261604048,0.009222329628441273,0.5458760699770526,0.5144014401440145,outer_04,none,0.0
2344,2020-02-07,2345,2350,2020-02-10,2020-02-17,0.007605130417553951,1.0,0.0022573229074653867,0.005262228915698941,0.5060605632303276,0.5144014401440145,outer_04,none,0.0
2345,2020-02-10,2346,2351,2020-02-11,2020-02-18,0.007351622891816234,1.0,0.0011903740261782758,0.015082604092913066,0.45701358288015265,0.5144014401440145,outer_04,none,0.0
2346,2020-02-11,2347,2352,2020-02-12,2020-02-19,0.02125899809345988,1.0,-0.0027010686910902137,0.013732279970744443,0.5027851737599957,0.5144014401440145,outer_04,none,0.0
2347,2020-02-12,2348,2353,2020-02-13,2020-02-20,0.02822887387584938,1.0,-0.0012127557847634307,0.006092364973899755,0.5841316523185619,0.5144014401440145,outer_04,none,0.0
2348,2020-02-13,2349,2354,2020-02-14,2020-02-21,0.02740806370415516,1.0,0.006525132089293173,0.015036531401587894,0.524325051839779,0.5144014401440145,outer_04,none,0.0
2349,2020-02-14,2350,2355,2020-02-17,2020-02-24,0.048222338767259565,1.0,0.004880266168565406,0.017105864606418386,0.5322380564743675,0.5144014401440145,outer_04,none,0.0
2350,2020-02-17,2351,2356,2020-02-18,2020-02-25,0.04553477619817059,1.0,-0.0017885644116368837,0.012962720028065533,0.6007940823531744,0.5144014401440145,outer_04,none,0.0
2351,2020-02-18,2352,2357,2020-02-19,2020-02-26,0.02282073534827944,1.0,0.012878020732040696,0.027501844075925597,0.4141195056962344,0.5144014401440145,outer_04,none,0.0
2352,2020-02-19,2353,2358,2020-02-20,2020-02-27,0.018542453529446945,1.0,0.006219107476183261,0.0332781485376632,0.451244591520511,0.5144014401440145,outer_04,none,0.0
2353,2020-02-20,2354,2359,2020-02-21,2020-02-28,0.01361925141198661,1.0,0.004903123795458875,0.035490170561667256,0.4850889161874082,0.5144014401440145,outer_04,none,0.0
2354,2020-02-21,2355,2360,2020-02-24,2020-03-02,-0.047880895089503106,0.0,0.014998794809089944,0.04531934604577881,0.5315802374300758,0.5144014401440145,outer_04,none,0.0
2355,2020-02-24,2356,2361,2020-02-25,2020-03-03,-0.04127534830879043,0.0,0.00894552983543484,0.04729956628670884,0.4907558003564967,0.5144014401440145,outer_04,none,0.0
2356,2020-02-25,2357,2362,2020-02-26,2020-03-04,0.0024144733730020462,1.0,-0.014111766291589944,0.04214120715143821,0.5231373239805889,0.5144014401440145,outer_04,none,0.0
2357,2020-02-26,2358,2363,2020-02-27,2020-03-05,-0.002776347319396244,0.0,0.0031992603056387736,0.039407015175733306,0.6565370518673969,0.5144014401440145,outer_04,none,0.0
2358,2020-02-27,2359,2364,2020-02-28,2020-03-06,0.01792703554394315,1.0,0.0022711161059012497,0.04374734267319624,0.60786086236751,0.5144014401440145,outer_04,none,0.0
2359,2020-02-28,2360,2365,2020-03-02,2020-03-09,0.06966824927441007,1.0,-0.03687707455829514,-0.002602781339105853,0.6072759934576899,0.5144014401440145,outer_04,none,0.0
2360,2020-03-02,2361,2366,2020-03-03,2020-03-10,0.04744642527273424,1.0,0.0031816561987545455,0.008496442515020242,0.6705656790019077,0.5144014401440145,outer_04,none,0.0
2361,2020-03-03,2362,2367,2020-03-04,2020-03-11,0.00597448058567096,1.0,0.030802347221669635,0.054358006137277926,0.6126134767249666,0.5144014401440145,outer_04,none,0.0
2362,2020-03-04,2363,2368,2020-03-05,2020-03-12,0.0021546273293582274,1.0,-0.0022899305013615034,0.04970730069454099,0.6422460817388418,0.5144014401440145,outer_04,none,0.0
2363,2020-03-05,2364,2369,2020-03-06,2020-03-13,-0.05870690521578403,0.0,0.021680099049530277,0.06495099048246722,0.5962291829321059,0.5144014401440145,outer_04,none,0.0
2364,2020-03-06,2365,2370,2020-03-09,2020-03-16,-0.09447086987524589,0.0,0.0014825267836524603,0.06417619435865429,0.7346477066336632,0.5144014401440145,outer_04,none,0.0
2365,2020-03-09,2366,2371,2020-03-10,2020-03-17,-0.09819550015932865,0.0,0.002440182464397367,0.06542600279687338,0.7236495640547833,0.5144014401440145,outer_04,none,0.0
2366,2020-03-10,2367,2372,2020-03-11,2020-03-18,-0.07192317531562331,0.0,-0.017298599363718914,0.050828472124244684,0.7037131554665029,0.5144014401440145,outer_04,none,0.0
2367,2020-03-11,2368,2373,2020-03-12,2020-03-19,-0.09914044353357543,0.0,-0.007754147190841998,0.044287080718166116,0.7166579010822653,0.5144014401440145,outer_04,none,0.0
2368,2020-03-12,2369,2374,2020-03-13,2020-03-20,-0.071540499069358,0.0,-0.03608186733619956,0.0016800812926733855,0.7346623737047342,0.5144014401440145,outer_04,none,0.0
2369,2020-03-13,2370,2375,2020-03-16,2020-03-23,-0.03484415743312397,0.0,-0.031433448076731985,-0.034633632952624005,0.694765686870324,0.5144014401440145,outer_04,none,0.0
2370,2020-03-16,2371,2376,2020-03-17,2020-03-24,0.0336269977001189,1.0,-0.013617114061468705,-0.046462182602455826,0.6049554410930613,0.5144014401440145,outer_04,none,0.0
2371,2020-03-17,2372,2377,2020-03-18,2020-03-25,0.05890238809419479,1.0,0.012321971970814971,-0.04701823136368155,0.5949531503957665,0.5144014401440145,outer_04,none,0.0
2372,2020-03-18,2373,2378,2020-03-19,2020-03-26,0.0821069802075236,1.0,-0.028663209164690784,-0.0819005480045556,0.5689854912974218,0.5144014401440145,outer_04,none,0.0
2373,2020-03-19,2374,2379,2020-03-20,2020-03-27,0.10516287709721794,1.0,-0.006955150934803811,-0.09375882273481828,0.5703639476111587,0.5144014401440145,outer_04,none,0.0
2374,2020-03-20,2375,2380,2020-03-23,2020-03-30,0.08349729141681372,1.0,0.016347598145038944,-0.09241001939886928,0.7615928875415805,0.5144014401440145,outer_04,none,0.0
2375,2020-03-23,2376,2381,2020-03-24,2020-03-31,0.03661089523972372,1.0,0.03523764868244772,-0.0661179005518564,0.8461031098616416,0.5144014401440145,outer_04,none,0.0
2376,2020-03-24,2377,2382,2020-03-25,2020-04-01,-0.03695020860684206,0.0,0.045915193234336904,-0.006090941025929553,0.7478310996753731,0.5144014401440145,outer_04,none,0.0
2377,2020-03-25,2378,2383,2020-03-26,2020-04-02,-0.013763346562423173,0.0,-0.0055403512810947575,-0.014830552612663084,0.8262175326559986,0.5144014401440145,outer_04,none,0.0
2378,2020-03-26,2379,2384,2020-03-27,2020-04-03,-0.00974553033193093,0.0,0.007752836742322522,-0.009348831976241812,0.7955466207802462,0.5144014401440145,outer_04,none,0.0
2379,2020-03-27,2380,2385,2020-03-30,2020-04-06,-0.0033079956833352853,0.0,-0.003924371786407477,0.023603870795645854,0.704048149813557,0.5144014401440145,outer_04,none,0.0
2380,2020-03-30,2381,2386,2020-03-31,2020-04-07,0.02620518969575425,1.0,-0.0013814967998984073,0.0190407177969929,0.6872173592828588,0.5144014401440145,outer_04,none,0.0
2381,2020-03-31,2382,2387,2020-04-01,2020-04-08,0.04714606669454913,1.0,-0.02723269610323431,-0.038994325527911045,0.6314560148817387,0.5144014401440145,outer_04,none,0.0
2382,2020-04-01,2383,2388,2020-04-02,2020-04-09,0.03402918758530582,1.0,0.009141362378229267,-0.027563032648320274,0.49290379308622545,0.5144014401440145,outer_04,none,0.0
2383,2020-04-02,2384,2389,2020-04-03,2020-04-13,0.03832952960190639,1.0,0.01273854848657141,-0.03650458321127914,0.4726837691862065,0.5144014401440145,outer_04,none,0.0
2384,2020-04-03,2385,2390,2020-04-06,2020-04-14,0.058708660224908726,1.0,0.0025035955767087614,-0.03548351441822284,0.45917371789008693,0.5144014401440145,outer_04,none,0.0
2385,2020-04-06,2386,2391,2020-04-07,2020-04-15,0.03640840303223225,1.0,0.025958346745519556,-0.01196535013710065,0.3994086566271161,0.5144014401440145,outer_04,none,0.0
2386,2020-04-07,2387,2392,2020-04-08,2020-04-16,0.041162135904355246,1.0,-0.0062006229886568676,-0.0008673737620386035,0.31460371947094684,0.5144014401440145,outer_04,none,0.0
2387,2020-04-08,2388,2393,2020-04-09,2020-04-17,0.04345058589982731,1.0,-0.0015425073048174198,0.0053442661239859746,0.3891898261177979,0.5144014401440145,outer_04,none,0.0
2388,2020-04-09,2389,2394,2020-04-13,2020-04-20,0.003303092731160362,1.0,0.02292708326684778,0.06435321672703331,0.5151178454685262,0.5144014401440145,outer_04,none,0.0
2389,2020-04-13,2390,2395,2020-04-14,2020-04-21,-0.009889593903709581,0.0,0.016739996388780654,0.11252666119254595,0.6937514228204956,0.5144014401440145,outer_04,none,0.0
2390,2020-04-14,2391,2396,2020-04-15,2020-04-22,-0.025072200882842566,0.0,0.008468810430692919,0.13461258568470758,0.6094681676158858,0.5144014401440145,outer_04,none,0.0
2391,2020-04-15,2392,2397,2020-04-16,2020-04-23,-0.0010666978555420314,0.0,-0.005832071923404847,0.11645854179048776,0.4898594776957317,0.5144014401440145,outer_04,none,0.0
2392,2020-04-16,2393,2398,2020-04-17,2020-04-24,0.0070048763687138305,1.0,0.00109465261536279,0.14621640357054133,0.4847175280961309,0.5144014401440145,outer_04,none,0.0
2393,2020-04-17,2394,2399,2020-04-20,2020-04-27,0.023082420491580713,1.0,-0.021315194199047482,0.13185636030629766,0.44714215717530237,0.5144014401440145,outer_04,none,0.0
2394,2020-04-20,2395,2400,2020-04-21,2020-04-28,0.011436068687796563,1.0,0.007781126598247923,0.12328988875950664,0.4127629002151343,0.5144014401440145,outer_04,none,0.0
2395,2020-04-21,2396,2401,2020-04-22,2020-04-29,0.0142875999435228,1.0,-0.00694919956968576,0.08110304050737316,0.31714408244012876,0.5144014401440145,outer_04,none,0.0
2396,2020-04-22,2397,2402,2020-04-23,2020-04-30,-0.0009977798768634472,0.0,0.01843855663504712,0.053626403908083375,0.3053921221702644,0.5144014401440145,outer_04,none,0.0
2397,2020-04-23,2398,2403,2020-04-24,2020-05-01,-0.026074333646787906,0.0,0.008963307212852989,0.06813006240203112,0.2690603558001186,0.5144014401440145,outer_04,none,0.0
2398,2020-04-24,2399,2404,2020-04-27,2020-05-04,-0.014203463593331911,0.0,-0.002256475303059169,0.05812075035664943,0.28819679736578274,0.5144014401440145,outer_04,none,0.0
2399,2020-04-27,2400,2405,2020-04-28,2020-05-05,-0.008062033754548281,0.0,-0.006666013322169206,0.0553791088208877,0.27026186771668614,0.5144014401440145,outer_04,none,0.0
2400,2020-04-28,2401,2406,2020-04-29,2020-05-06,-0.002057125497968215,0.0,-0.004259938248136308,0.0525006673726498,0.3652507672247183,0.5144014401440145,outer_04,none,0.0
2401,2020-04-29,2402,2407,2020-04-30,2020-05-07,-0.016338713266551785,0.0,0.003063846117312252,0.08279720959319636,0.3313291257443272,0.5144014401440145,outer_04,none,0.0
2402,2020-04-30,2403,2408,2020-05-01,2020-05-08,0.017345519751525984,1.0,-0.015835005339233987,0.05782084187573311,0.31772271962486387,0.5144014401440145,outer_04,none,0.0
2403,2020-05-01,2404,2409,2020-05-04,2020-05-11,0.002558516398273092,1.0,0.00804593214541871,0.05312822553458041,0.231700997993438,0.5144014401440145,outer_04,none,0.0
2404,2020-05-04,2405,2410,2020-05-05,2020-05-12,-0.0020360134137007435,0.0,0.0008233841552049981,0.051448014113076646,0.25818343112269876,0.5144014401440145,outer_04,none,0.0
2405,2020-05-05,2406,2411,2020-05-06,2020-05-13,-0.0014207716826648564,0.0,0.0021786948786157723,0.027668362246172862,0.23940207864094187,0.5144014401440145,outer_04,none,0.0
2406,2020-05-06,2407,2412,2020-05-07,2020-05-14,0.017715505209282334,1.0,-0.011516691200989193,0.022352294033840536,0.29823289937633646,0.5144014401440145,outer_04,none,0.0
2407,2020-05-07,2408,2413,2020-05-08,2020-05-15,0.008439848332167266,1.0,0.017680525497511645,0.0415753268361696,0.19902716114188748,0.5144014401440145,outer_04,none,0.0
2408,2020-05-08,2409,2414,2020-05-11,2020-05-18,0.0260788054914034,1.0,-0.007701934869801086,0.010946308699520735,0.22067522379473903,0.5144014401440145,outer_04,none,0.0
2409,2020-05-11,2410,2415,2020-05-12,2020-05-19,0.020048955372121924,1.0,-0.0026178564423551265,-0.008411544131615045,0.23557401626658475,0.5144014401440145,outer_04,none,0.0
2410,2020-05-12,2411,2416,2020-05-13,2020-05-20,0.024364554576912667,1.0,0.0027177286647415144,-0.01416262589756645,0.26509955959361237,0.5144014401440145,outer_04,none,0.0
2411,2020-05-13,2412,2417,2020-05-14,2020-05-21,0.018443577778650244,1.0,0.00763121249219445,-0.0006993414819671528,0.2105981498613855,0.5144014401440145,outer_04,none,0.0
2412,2020-05-14,2413,2418,2020-05-15,2020-05-22,-0.0019440175529554793,0.0,0.008568097555560428,0.006774103458230485,0.19766616273549037,0.5144014401440145,outer_04,none,0.0
2413,2020-05-15,2414,2419,2020-05-18,2020-05-25,-0.00876575895112719,0.0,0.006791676811679359,0.034880974468957326,0.1749959455746202,0.5144014401440145,outer_04,none,0.0
2414,2020-05-18,2415,2420,2020-05-19,2020-05-26,-0.0034643235702542796,0.0,-0.005555489886075016,0.021544357984634388,0.21184229872243754,0.5144014401440145,outer_04,none,0.0
2415,2020-05-19,2416,2421,2020-05-20,2020-05-27,-0.01948835443882757,0.0,0.006926653782848291,0.03542021133716844,0.15969466295970575,0.5144014401440145,outer_04,none,0.0
2416,2020-05-20,2417,2422,2020-05-21,2020-05-28,-0.02197102129750661,0.0,0.0017012992976379593,0.018682953999759278,0.1772488684107978,0.5144014401440145,outer_04,none,0.0
2417,2020-05-21,2418,2423,2020-05-22,2020-05-29,-0.004155259240302911,0.0,-0.011773409798824908,-0.002053763011918619,0.2078727540861569,0.5144014401440145,outer_04,none,0.0
2418,2020-05-22,2419,2424,2020-05-25,2020-06-01,0.0018976158610986005,1.0,0.005019925567045114,0.005222637858185664,0.17465873056645095,0.5144014401440145,outer_04,none,0.0
2419,2020-05-25,2420,2425,2020-05-26,2020-06-02,0.006784345294946981,1.0,-0.0041747686706781195,0.0077138825096767505,0.26560287866743815,0.5144014401440145,outer_04,none,0.0
2420,2020-05-26,2421,2426,2020-05-27,2020-06-03,0.009675852590993905,1.0,-0.010417336458980131,0.0015564842988329275,0.23741367167966546,0.5144014401440145,outer_04,none,0.0
2421,2020-05-27,2422,2427,2020-05-28,2020-06-04,-0.005926482239384079,0.0,-0.00043276372945832975,-0.0019401255479376545,0.23808160085389893,0.5144014401440145,outer_04,none,0.0
2422,2020-05-28,2423,2428,2020-05-29,2020-06-05,-0.0027895157986508323,0.0,0.0053146774262415875,0.01920955721753792,0.26757324649468184,0.5144014401440145,outer_04,none,0.0
2423,2020-05-29,2424,2429,2020-06-01,2020-06-08,-0.03213466504517282,0.0,0.0068018203200077565,0.017965445392126966,0.222126185408158,0.5144014401440145,outer_04,none,0.0
2424,2020-06-01,2425,2430,2020-06-02,2020-06-09,-0.021944508971223797,0.0,0.005227843336346183,0.02236990457326815,0.18974834729976311,0.5144014401440145,outer_04,none,0.0
2425,2020-06-02,2426,2431,2020-06-03,2020-06-10,-0.006774330030183684,0.0,-0.00693988530623546,0.013251324388416919,0.27895037345432033,0.5144014401440145,outer_04,none,0.0
2426,2020-06-03,2427,2432,2020-06-04,2020-06-11,0.02256060726530862,1.0,-0.017042135194275332,0.00772588039513078,0.3602424959631882,0.5144014401440145,outer_04,none,0.0
2427,2020-06-04,2428,2433,2020-06-05,2020-06-12,0.008403142389259877,1.0,0.008525260806854007,-0.0014293842955268588,0.2691306322375233,0.5144014401440145,outer_04,none,0.0
2428,2020-06-05,2429,2434,2020-06-08,2020-06-15,0.02945734906920272,1.0,-0.016779411071133232,-0.010506860496859005,0.40685069022262915,0.5144014401440145,outer_04,none,0.0
2429,2020-06-08,2430,2435,2020-06-09,2020-06-16,0.014702369136897708,1.0,0.008330696272883742,0.0004416922183798633,0.258259526959523,0.5144014401440145,outer_04,none,0.0
2430,2020-06-09,2431,2436,2020-06-10,2020-06-17,0.005592420065365644,1.0,0.009242421215247099,0.0069663847688854474,0.22567609643797135,0.5144014401440145,outer_04,none,0.0
2431,2020-06-10,2432,2437,2020-06-11,2020-06-18,-0.0070155871466042186,0.0,0.013714043769980755,0.013049216046671752,0.21057799476356592,0.5144014401440145,outer_04,none,0.0
2432,2020-06-11,2433,2438,2020-06-12,2020-06-19,-0.0037137611012862948,0.0,-0.005348516525036651,-0.0008673980339253262,0.21952460256992604,0.5144014401440145,outer_04,none,0.0
2433,2020-06-12,2434,2439,2020-06-15,2020-06-22,0.00972857571181418,1.0,0.0011621420566561014,-0.006496932788948584,0.2681128931438696,0.5144014401440145,outer_04,none,0.0
2434,2020-06-15,2435,2440,2020-06-16,2020-06-23,0.016498230066688713,1.0,-0.0030846627715694908,-0.004026105674443059,0.326287521997454,0.5144014401440145,outer_04,none,0.0
2435,2020-06-16,2436,2441,2020-06-17,2020-06-24,0.02523258696177777,1.0,0.0006779366649638519,-0.010274822792327498,0.3368615454030019,0.5144014401440145,outer_04,none,0.0
2436,2020-06-17,2437,2442,2020-06-18,2020-06-25,0.01937886113375331,1.0,-0.00012744019017407737,-0.012103562280139535,0.3969524454714377,0.5144014401440145,outer_04,none,0.0
2437,2020-06-18,2438,2443,2020-06-19,2020-06-26,0.0237123092977507,1.0,-0.002151554907364961,-0.002481707388679588,0.34961317666064756,0.5144014401440145,outer_04,none,0.0
2438,2020-06-19,2439,2444,2020-06-22,2020-06-29,0.012871127092377144,1.0,0.0114180082166353,0.003916375260910598,0.2524955154227961,0.5144014401440145,outer_04,none,0.0
2439,2020-06-22,2440,2445,2020-06-23,2020-06-30,0.010170627140993815,1.0,0.0070292927582640274,0.015120436689852745,0.27774636628426325,0.5144014401440145,outer_04,none,0.0
2440,2020-06-23,2441,2446,2020-06-24,2020-07-01,0.007057812432363697,1.0,0.007042482606695266,0.03258025575552814,0.3485361164320203,0.5144014401440145,outer_04,none,0.0
2441,2020-06-24,2442,2447,2020-06-25,2020-07-02,0.006706416598494691,1.0,-0.0032140789467058895,0.029798940538280583,0.298765926704785,0.5144014401440145,outer_04,none,0.0
2442,2020-06-25,2443,2448,2020-06-26,2020-07-03,0.006970519434206679,1.0,0.0013333675743014695,0.025817630686340465,0.3115649123660613,0.5144014401440145,outer_04,none,0.0
2443,2020-06-26,2444,2449,2020-06-29,2020-07-06,0.0017213699579397002,1.0,0.0033623942014706643,0.022378204567803373,0.3461300866475531,0.5144014401440145,outer_04,none,0.0
2444,2020-06-29,2445,2450,2020-06-30,2020-07-07,0.007489239754865373,1.0,0.0017108161037109326,0.018861177335168122,0.4175308705784116,0.5144014401440145,outer_04,none,0.0
2445,2020-06-30,2446,2451,2020-07-01,2020-07-08,0.0075599928386589355,1.0,0.004469293760736903,0.030270356402140486,0.4486725773069282,0.5144014401440145,outer_04,none,0.0
2446,2020-07-01,2447,2452,2020-07-02,2020-07-09,0.0212085239969122,1.0,-0.0060275420633040255,0.04128494953311179,0.42568312446190265,0.5144014401440145,outer_04,none,0.0
2447,2020-07-02,2448,2453,2020-07-03,2020-07-10,0.014290947552013655,1.0,0.0028943743565044144,0.0356540630827622,0.5140129267559354,0.5144014401440145,outer_04,none,0.0
2448,2020-07-03,2449,2454,2020-07-06,2020-07-13,0.014410407016298699,1.0,-3.94380639345826e-05,0.05239403608996085,0.5783669814813113,0.5144014401440145,outer_04,none,0.0
2449,2020-07-06,2450,2455,2020-07-07,2020-07-14,0.009427641711654111,1.0,0.005254075556876181,0.04931741537395329,0.5218432350933315,0.5144014401440145,outer_04,none,0.0
2450,2020-07-07,2451,2456,2020-07-08,2020-07-15,0.007127226195843939,1.0,0.0057839970127799845,0.045858991171486174,0.5169553524986489,0.5144014401440145,outer_04,none,0.0
2451,2020-07-08,2452,2457,2020-07-09,2020-07-16,0.0006409017043047527,1.0,0.007687968924550148,0.03983291632605557,0.6027404162806054,0.5144014401440145,outer_04,none,0.0
2452,2020-07-09,2453,2458,2020-07-10,2020-07-17,-0.002205464555197878,0.0,-0.00339540091961954,0.04178603193147268,0.541932345854803,0.5144014401440145,outer_04,none,0.0
2453,2020-07-10,2454,2459,2020-07-13,2020-07-20,0.004951287439348917,1.0,-0.0020828191672990215,0.038541070707517555,0.5475327151758129,0.5144014401440145,outer_04,none,0.0
2454,2020-07-13,2455,2460,2020-07-14,2020-07-21,0.008723691738219408,1.0,0.0020550767610876264,0.04368081024017467,0.5142543567855383,0.5144014401440145,outer_04,none,0.0
2455,2020-07-14,2456,2461,2020-07-15,2020-07-22,0.01807707381752266,1.0,0.00372169700136471,0.04672457057657553,0.5063816296307263,0.5144014401440145,outer_04,none,0.0
2456,2020-07-15,2457,2462,2020-07-16,2020-07-23,0.03443955505564311,1.0,0.0005415920728353285,0.047393602839584936,0.4866334749823568,0.5144014401440145,outer_04,none,0.0
2457,2020-07-16,2458,2463,2020-07-17,2020-07-24,0.04966663632343149,1.0,-0.007280704001733973,0.042264453745215924,0.4206788384016228,0.5144014401440145,outer_04,none,0.0
2458,2020-07-17,2459,2464,2020-07-20,2020-07-27,0.05099900981224437,1.0,0.007120467514438289,0.03796691304301891,0.4075679004527421,0.5144014401440145,outer_04,none,0.0
2459,2020-07-20,2460,2465,2020-07-21,2020-07-28,0.066684276677206,1.0,0.004152323792131263,0.03508994407688615,0.3586336334175455,0.5144014401440145,outer_04,none,0.0
2460,2020-07-21,2461,2466,2020-07-22,2020-07-29,0.06376416452805422,1.0,0.01326723827305365,0.04131469974324453,0.3773534680784483,0.5144014401440145,outer_04,none,0.0
2461,2020-07-22,2462,2467,2020-07-23,2020-07-30,0.05050214708132117,1.0,0.016021028426429496,0.06054980711637992,0.32811083939643026,0.5144014401440145,outer_04,none,0.0
2462,2020-07-23,2463,2468,2020-07-24,2020-07-31,0.03425428847595935,1.0,0.007851652844889756,0.0670680923869682,0.3394752733749229,0.5144014401440145,outer_04,none,0.0
2463,2020-07-24,2464,2469,2020-07-27,2020-08-03,0.04163569020599489,1.0,0.008269135723930177,0.07197483390942772,0.4854671835922826,0.5144014401440145,outer_04,none,0.0
2464,2020-07-27,2465,2470,2020-07-28,2020-08-04,0.01738535462947599,1.0,0.02047128291259437,0.09073530071831115,0.5169797093226522,0.5144014401440145,outer_04,none,0.0
2465,2020-07-28,2466,2471,2020-07-29,2020-08-05,0.029640539609926186,1.0,0.00873063351108172,0.09499664046865597,0.6490934048547243,0.5144014401440145,outer_04,none,0.0
2466,2020-07-29,2467,2472,2020-07-30,2020-08-06,0.03452573110796653,1.0,0.006536370247807177,0.10756055277976717,0.453760849800929,0.5144014401440145,outer_04,none,0.0
2467,2020-07-30,2468,2473,2020-07-31,2020-08-07,0.055234634963149176,1.0,-0.0067611168979846425,0.09790506152527811,0.5519181443701854,0.5144014401440145,outer_04,none,0.0
2468,2020-07-31,2469,2474,2020-08-03,2020-08-10,0.02133831934305963,1.0,0.008889941982713978,0.10683444157192667,0.43400225309738494,0.5144014401440145,outer_04,none,0.0
2469,2020-08-03,2470,2475,2020-08-04,2020-08-11,0.024616627635356103,1.0,0.00048595293287334584,0.10206631894792384,0.44087865813439586,0.5144014401440145,outer_04,none,0.0
2470,2020-08-04,2471,2476,2020-08-05,2020-08-12,-0.053780852346547725,0.0,0.021305045905123166,0.11758736784026702,0.46593921026083673,0.5144014401440145,outer_04,none,0.0
2471,2020-08-05,2472,2477,2020-08-06,2020-08-13,-0.060907711267851106,0.0,0.01007035021826752,0.1199697491339844,0.45154966562243615,0.5144014401440145,outer_04,none,0.0
2472,2020-08-06,2473,2478,2020-08-07,2020-08-14,-0.05734373558935246,0.0,0.011842535550302458,0.1352076856039064,0.24659308797371882,0.5144014401440145,outer_04,none,0.0
2473,2020-08-07,2474,2479,2020-08-10,2020-08-17,-0.04100070147412804,0.0,-0.0146960949789392,0.12259440979226621,0.20486778587968743,0.5144014401440145,outer_04,none,0.0
2474,2020-08-10,2475,2480,2020-08-11,2020-08-18,-0.021682674771600574,0.0,-0.0027285549685842625,0.11781077806259432,0.27583279583706183,0.5144014401440145,outer_04,none,0.0
2475,2020-08-11,2476,2481,2020-08-12,2020-08-19,0.04578834030559875,1.0,-0.05840987218720173,0.055679208874027886,0.35039362453672734,0.5144014401440145,outer_04,none,0.0
2476,2020-08-12,2477,2482,2020-08-13,2020-08-20,0.006127915645595117,1.0,0.003345907520479585,0.05848352432167214,0.3624949757923199,0.5144014401440145,outer_04,none,0.0
2477,2020-08-13,2478,2483,2020-08-14,2020-08-21,-0.001692542448335388,0.0,0.01790050430875656,0.08366473263216267,0.23928901630592275,0.5144014401440145,outer_04,none,0.0
2478,2020-08-14,2479,2484,2020-08-17,2020-08-24,-0.0042353731903288505,0.0,-0.0051678110294295365,0.07137645408829485,0.2549633643681865,0.5144014401440145,outer_04,none,0.0
2479,2020-08-17,2480,2485,2020-08-18,2020-08-25,-0.027000421352532555,0.0,0.02080523109451793,0.08802936139068152,0.2023536295396086,0.5144014401440145,outer_04,none,0.0
2480,2020-08-18,2481,2486,2020-08-19,2020-08-26,-0.03906552096699656,0.0,0.008924845715187146,0.08368696883281501,0.2849102817617178,0.5144014401440145,outer_04,none,0.0
2481,2020-08-19,2482,2487,2020-08-20,2020-08-27,0.0105062458272549,1.0,-0.037949732876040976,0.02971620753034454,0.4630469648774001,0.5144014401440145,outer_04,none,0.0
2482,2020-08-20,2483,2488,2020-08-21,2020-08-28,-0.009334631970092211,0.0,0.009556506543344057,0.03142106122879884,0.3564813199079109,0.5144014401440145,outer_04,none,0.0
2483,2020-08-21,2484,2489,2020-08-24,2020-08-31,0.016581019750300463,1.0,-0.003701277020579319,0.019450648484289346,0.5727183275651893,0.5144014401440145,outer_04,none,0.0
2484,2020-08-24,2485,2490,2020-08-25,2020-09-01,0.019499475141345535,1.0,-0.0054817894088818875,-0.00650242383718691,0.5708010484742584,0.5144014401440145,outer_04,none,0.0
2485,2020-08-25,2486,2491,2020-08-26,2020-09-02,0.020496086394789614,1.0,-0.0007833474234955062,-0.016016404771764137,0.2918829758743,0.5144014401440145,outer_04,none,0.0
2486,2020-08-26,2487,2492,2020-08-27,2020-09-03,-0.005089984358029653,0.0,0.013541409133348559,-0.009011365886222755,0.48546032946003764,0.5144014401440145,outer_04,none,0.0
2487,2020-08-27,2488,2493,2020-08-28,2020-09-04,0.0006733553550493099,1.0,-0.01278917639339383,-0.015039425381631943,0.46325968794818945,0.5144014401440145,outer_04,none,0.0
2488,2020-08-28,2489,2494,2020-08-31,2020-09-07,-0.0189693830481783,0.0,0.01850715351928134,-0.005422213845064583,0.3972096255995759,0.5144014401440145,outer_04,none,0.0
2489,2020-08-31,2490,2495,2020-09-01,2020-09-08,-0.019913995805954876,0.0,0.0019732699610406357,-0.003934896816897293,0.45327672185661394,0.5144014401440145,outer_04,none,0.0
2490,2020-09-01,2491,2496,2020-09-02,2020-09-09,-0.01878100230575619,0.0,0.0012237075799985675,-0.02401623514202189,0.4325148974637884,0.5144014401440145,outer_04,none,0.0
2491,2020-09-02,2492,2497,2020-09-03,2020-09-10,0.002206615079929364,1.0,-0.014078945589235836,-0.04816553094952525,0.44699567956551733,0.5144014401440145,outer_04,none,0.0
2492,2020-09-03,2493,2498,2020-09-04,2020-09-11,0.007757414597879375,1.0,-0.0065212066299862315,-0.06652927312981394,0.5214902948894733,0.5144014401440145,outer_04,none,0.0
2493,2020-09-04,2494,2499,2020-09-07,2020-09-14,0.0029303785237075886,1.0,0.0013666225331609994,-0.05046655561771374,0.4829810675795504,0.5144014401440145,outer_04,none,0.0
2494,2020-09-07,2495,2500,2020-09-08,2020-09-15,0.014478466138376334,1.0,-0.00248615907908345,-0.050224159728212925,0.6227367023229425,0.5144014401440145,outer_04,none,0.0
2495,2020-09-08,2496,2501,2020-09-09,2020-09-16,0.011801141046070995,1.0,0.0016684806191999968,0.0098541930781888,0.5139259604322703,0.5144014401440145,outer_04,none,0.0
2496,2020-09-09,2497,2502,2020-09-10,2020-09-17,0.006743894245889059,1.0,0.008177663854145756,0.01468594941185497,0.45622025571541597,0.5144014401440145,outer_04,none,0.0
2497,2020-09-10,2498,2503,2020-09-11,2020-09-18,-0.000971535127500367,0.0,-0.0006986217915105897,-0.003913176688412179,0.4838705271539077,0.5144014401440145,outer_04,none,0.0
2498,2020-09-11,2499,2504,2020-09-14,2020-09-21,0.006178813686737783,1.0,-0.002845757345049549,-0.001591123004032191,0.4214173816390467,0.5144014401440145,outer_04,none,0.0
2499,2020-09-14,2500,2505,2020-09-15,2020-09-22,-0.022387182969875852,0.0,0.008232019800179735,-0.014164334298370385,0.4828439429430531,0.5144014401440145,outer_04,none,0.0
2500,2020-09-15,2501,2506,2020-09-16,2020-09-23,-0.027964490262178288,0.0,-0.0016266570676153336,-0.024715837081172864,0.5554921932074022,0.5144014401440145,outer_04,none,0.0
2501,2020-09-16,2502,2507,2020-09-17,2020-09-24,-0.0499707717066018,0.0,0.0029699778252325615,0.016203873620100673,0.35503629502946765,0.5144014401440145,outer_04,none,0.0
2502,2020-09-17,2503,2508,2020-09-18,2020-09-25,-0.03915344634460283,0.0,-0.007660124304671001,-0.0010127572279143848,0.3606642776290469,0.5144014401440145,outer_04,none,0.0
2503,2020-09-18,2504,2509,2020-09-21,2020-09-28,-0.04556674591494403,0.0,0.003194152594272026,0.00588267238693696,0.3534865333655419,0.5144014401440145,outer_04,none,0.0
2504,2020-09-21,2505,2510,2020-09-22,2020-09-29,-0.017441781822117974,0.0,-0.019936761249438106,-0.008572299453619259,0.6019847523001526,0.5144014401440145,outer_04,none,0.0
2505,2020-09-22,2506,2511,2020-09-23,2020-09-30,-0.0015427917053463247,0.0,-0.006075155218020711,-0.013864107248144464,0.5309067529918486,0.5144014401440145,outer_04,none,0.0
2506,2020-09-23,2507,2512,2020-09-24,2020-10-01,0.012454576549495222,1.0,-0.019984295501280336,-0.04738981188277336,0.6348107543673581,0.5144014401440145,outer_04,none,0.0
2507,2020-09-24,2508,2513,2020-09-25,2020-10-02,0.018519587498883716,1.0,0.0031730744316220694,-0.03142756105775746,0.5343183650064316,0.5144014401440145,outer_04,none,0.0
2508,2020-09-25,2509,2514,2020-09-28,2020-10-05,0.021544122961399736,1.0,-0.004569842752228048,-0.054504557329266845,0.5582169674494106,0.5144014401440145,outer_04,none,0.0
2509,2020-09-28,2510,2515,2020-09-29,2020-10-06,0.016197760021977814,1.0,0.011598267898880188,-0.04487955939142729,0.6073425964695155,0.5144014401440145,outer_04,none,0.0
2510,2020-09-29,2511,2516,2020-09-30,2020-10-07,-0.010493876046160366,0.0,0.00827666843900765,-0.03782659853241821,0.5687442137096371,0.5144014401440145,outer_04,none,0.0
2511,2020-09-30,2512,2517,2020-10-01,2020-10-08,-2.649294360601573e-05,0.0,-0.006476860675889817,-0.03022451361907219,0.6459340998259059,0.5144014401440145,outer_04,none,0.0
2512,2020-10-01,2513,2518,2020-10-02,2020-10-09,-0.005680980884934961,0.0,0.010925495826461962,-0.012777811162623998,0.5836271228512852,0.5144014401440145,outer_04,none,0.0
2513,2020-10-02,2514,2519,2020-10-05,2020-10-12,0.012228767978416322,1.0,-0.002816222451246908,-0.016960656147031905,0.661859514794688,0.5144014401440145,outer_04,none,0.0
2514,2020-10-05,2515,2520,2020-10-06,2020-10-13,0.006215086327769903,1.0,0.006853310448395433,-0.007621186619553022,0.578793381489167,0.5144014401440145,outer_04,none,0.0
2515,2020-10-06,2516,2521,2020-10-07,2020-10-14,0.00799297779651198,1.0,-0.019039351659694503,-0.028329018898447522,0.63042257104239,0.5144014401440145,outer_04,none,0.0
2516,2020-10-07,2517,2522,2020-10-08,2020-10-15,0.007532743777546536,1.0,0.005454959760696987,-0.03105172299189629,0.5751845587359649,0.5144014401440145,outer_04,none,0.0
2517,2020-10-08,2518,2523,2020-10-09,2020-10-16,0.007789303242627277,1.0,0.00299894706334225,-0.02735415413704345,0.5508924422326859,0.5144014401440145,outer_04,none,0.0
2518,2020-10-09,2519,2524,2020-10-12,2020-10-19,-0.014206061309280038,0.0,0.019025674775509316,-0.005482722016484587,0.40867890318255296,0.5144014401440145,outer_04,none,0.0
2519,2020-10-12,2520,2525,2020-10-13,2020-10-20,-0.01064968339563599,0.0,-0.0037586027376219633,-0.017473344554286285,0.45236170729075137,0.5144014401440145,outer_04,none,0.0
2520,2020-10-13,2521,2526,2020-10-14,2020-10-21,0.009040079024202896,1.0,-0.016551233955324207,-0.03239792144199516,0.569483131865008,0.5144014401440145,outer_04,none,0.0
2521,2020-10-14,2522,2527,2020-10-15,2020-10-22,0.012080048837884938,1.0,0.004968941217830647,-0.030398958049397073,0.5672696394486757,0.5144014401440145,outer_04,none,0.0
2522,2020-10-15,2523,2528,2020-10-16,2020-10-23,-0.002061072434464961,0.0,0.0039018957657814823,-0.01883693797894459,0.5008370823491094,0.5144014401440145,outer_04,none,0.0
2523,2020-10-16,2524,2529,2020-10-19,2020-10-26,0.000873436026357588,1.0,-0.004812601889132573,-0.02684369246234919,0.5549990863073605,0.5144014401440145,outer_04,none,0.0
2524,2020-10-19,2525,2530,2020-10-20,2020-10-27,-0.0007567874734482061,0.0,0.002461733924281617,-0.0044451972886294655,0.449352932751725,0.5144014401440145,outer_04,none,0.0
2525,2020-10-20,2526,2531,2020-10-21,2020-10-28,-0.0012520006140537276,0.0,0.002146435983638284,0.00377639391302953,0.43566990053342824,0.5144014401440145,outer_04,none,0.0
2526,2020-10-21,2527,2532,2020-10-22,2020-10-29,-0.02469650941037127,0.0,0.008908942495488681,0.03266963190979855,0.3673167166652189,0.5144014401440145,outer_04,none,0.0
2527,2020-10-22,2528,2533,2020-10-23,2020-10-30,-0.01892523448174188,0.0,-0.0109345519202515,0.018562005557924977,0.5032860677639921,0.5144014401440145,outer_04,none,0.0
2528,2020-10-23,2529,2534,2020-10-26,2020-11-02,-0.011691275408042046,0.0,-0.0011878858083154142,0.02194396250183761,0.46035326356987527,0.5144014401440145,outer_04,none,0.0
2529,2020-10-26,2530,2535,2020-10-27,2020-11-03,-0.003745056404947711,0.0,0.00014198980326796118,0.010487684406225384,0.4122599124890352,0.5144014401440145,outer_04,none,0.0
2530,2020-10-27,2531,2536,2020-10-28,2020-11-04,0.0007440554507365249,1.0,0.002977138110192179,0.005188154077409912,0.42847264493798115,0.5144014401440145,outer_04,none,0.0
2531,2020-10-28,2532,2537,2020-10-29,2020-11-05,0.013499564951833243,1.0,-0.01614131700393351,-0.004476302250633779,0.4335587438769351,0.5144014401440145,outer_04,none,0.0
2532,2020-10-29,2533,2538,2020-10-30,2020-11-06,0.04046796470913083,1.0,-0.00518174624679002,-0.02058354432388576,0.46751026585394967,0.5144014401440145,outer_04,none,0.0
2533,2020-10-30,2534,2539,2020-11-02,2020-11-09,0.04062125813849615,1.0,0.006012598610586117,-0.011754723262052735,0.3928727093542266,0.5144014401440145,outer_04,none,0.0
2534,2020-11-02,2535,2540,2020-11-03,2020-11-10,-0.018094595797235158,0.0,0.008846120817360692,-0.009761912893087477,0.42233066022872745,0.5144014401440145,outer_04,none,0.0
2535,2020-11-03,2536,2541,2020-11-04,2020-11-11,-0.017777306491995937,0.0,0.00729761387929706,0.016575052645904087,0.3806417824724003,0.5144014401440145,outer_04,none,0.0
2536,2020-11-04,2537,2542,2020-11-05,2020-11-12,-0.019342880745425894,0.0,-0.0029746546916085137,0.008145438193598586,0.37363174514746333,0.5144014401440145,outer_04,none,0.0
2537,2020-11-05,2538,2543,2020-11-06,2020-11-13,-0.036186308932231626,0.0,0.02383018144919191,0.028976672579448248,0.3415740566805734,0.5144014401440145,outer_04,none,0.0
2538,2020-11-06,2539,2544,2020-11-09,2020-11-16,-0.03604485838676741,0.0,0.0013535062487042282,0.01130450405264316,0.4281247215522184,0.5144014401440145,outer_04,none,0.0
2539,2020-11-09,2540,2545,2020-11-10,2020-11-17,0.015214386642622202,1.0,-0.0464992780780662,-0.031436171287801074,0.506382389237933,0.5144014401440145,outer_04,none,0.0
2540,2020-11-10,2541,2546,2020-11-11,2020-11-18,0.0032099338464579574,1.0,0.00762464528137663,-0.007260292051100237,0.3376533323390884,0.5144014401440145,outer_04,none,0.0
2541,2020-11-11,2542,2547,2020-11-12,2020-11-19,0.0037801568303104105,1.0,-0.006353400712099777,-0.01858263398103066,0.48952691491573125,0.5144014401440145,outer_04,none,0.0
2542,2020-11-12,2543,2548,2020-11-13,2020-11-20,-0.008447401407481792,0.0,0.00599113012397634,-0.016493399622835803,0.4736870231338287,0.5144014401440145,outer_04,none,0.0
2543,2020-11-13,2544,2549,2020-11-16,2020-11-23,-0.009061585117879467,0.0,0.006675560306755202,-0.005005237426948028,0.41701537804163696,0.5144014401440145,outer_04,none,0.0
2544,2020-11-16,2545,2550,2020-11-17,2020-11-24,-0.027264320939136333,0.0,-0.000328221202860135,-0.00779519255408978,0.6202912081811217,0.5144014401440145,outer_04,none,0.0
2545,2020-11-17,2546,2551,2020-11-18,2020-11-25,-0.040068028804364886,0.0,-0.004494747341905914,-0.014436375879633978,0.618945967352491,0.5144014401440145,outer_04,none,0.0
2546,2020-11-18,2547,2552,2020-11-19,2020-11-26,-0.03520473033949134,0.0,-0.004381483279077614,-0.027726801654200273,0.7519869124308708,0.5144014401440145,outer_04,none,0.0
2547,2020-11-19,2548,2553,2020-11-20,2020-11-27,-0.027831852786758482,0.0,-0.0027441903810698776,-0.01953644011501865,0.7125541597982029,0.5144014401440145,outer_04,none,0.0
2548,2020-11-20,2549,2554,2020-11-23,2020-11-30,-0.04456814751843119,0.0,0.0021724366043427423,-0.016176117702360493,0.6870739587709851,0.5144014401440145,outer_04,none,0.0
2549,2020-11-23,2550,2555,2020-11-24,2020-12-01,-0.03413825622430888,0.0,-0.01801908859606094,-0.03433719610168939,0.5140826161283348,0.5144014401440145,outer_04,none,0.0
2550,2020-11-24,2551,2556,2020-11-25,2020-12-02,0.0029331932879648193,1.0,-0.016339659038450804,-0.05365399325033238,0.5184077364807854,0.5144014401440145,outer_04,none,0.0
2551,2020-11-25,2552,2557,2020-11-26,2020-12-03,0.011186444594847522,1.0,-0.0003541017747616948,-0.03786677802116056,0.5312587345408962,0.5144014401440145,outer_04,none,0.0
2552,2020-11-26,2553,2558,2020-11-27,2020-12-04,0.017001548768337038,1.0,0.0017305873109707548,-0.03095444446339979,0.6360695831857983,0.5144014401440145,outer_04,none,0.0
2553,2020-11-27,2554,2559,2020-11-30,2020-12-07,0.02622752143703444,1.0,-0.013033412554761092,-0.050000455628747,0.6733006207961127,0.5144014401440145,outer_04,none,0.0
2554,2020-11-30,2555,2560,2020-12-01,2020-12-08,0.047230114629820186,1.0,-0.0051172819558908955,-0.06396385840199859,0.6488272212256658,0.5144014401440145,outer_04,none,0.0
2555,2020-12-01,2556,2561,2020-12-02,2020-12-09,0.03062439238255177,1.0,0.021030204005212383,-0.05023126827608326,0.6930445212923574,0.5144014401440145,outer_04,none,0.0
2556,2020-12-02,2557,2562,2020-12-03,2020-12-10,0.004978403618942195,1.0,0.008392486192533077,-0.03886412739194167,0.6658468758209043,0.5144014401440145,outer_04,none,0.0
2557,2020-12-03,2558,2563,2020-12-04,2020-12-11,-0.0023108448669368897,0.0,0.0055887064328503655,-0.05710560240828322,0.6683004920741542,0.5144014401440145,outer_04,none,0.0
2558,2020-12-04,2559,2564,2020-12-07,2020-12-14,0.00011431899912572874,1.0,-0.0012936260833598112,-0.05975273474034726,0.7153400315208742,0.5144014401440145,outer_04,none,0.0
2559,2020-12-07,2560,2565,2020-12-08,2020-12-15,-0.018698513798328875,0.0,0.013237354596653539,-1.6102065627521256e-05,0.5572853229104411,0.5144014401440145,outer_04,none,0.0
2560,2020-12-08,2561,2566,2020-12-09,2020-12-16,-0.008310036729134218,0.0,0.004140415617310822,-0.003500331729693329,0.49736701460861343,0.5144014401440145,outer_04,none,0.0
2561,2020-12-09,2562,2567,2020-12-10,2020-12-17,0.013490392193912015,1.0,-0.016937314634400735,-0.014084245651994287,0.5801799247301823,0.5144014401440145,outer_04,none,0.0
2562,2020-12-10,2563,2568,2020-12-11,2020-12-18,0.025623825836539993,1.0,-0.0018773625584858067,-0.021952738334456434,0.4851268800949947,0.5144014401440145,outer_04,none,0.0
2563,2020-12-11,2564,2569,2020-12-14,2020-12-21,0.024434081648839978,1.0,0.002149151912538727,-0.02647914672867291,0.5125369835989304,0.5144014401440145,outer_04,none,0.0
2564,2020-12-14,2565,2570,2020-12-15,2020-12-22,0.027463420721016263,1.0,-0.006592657468829088,-0.03274358299464186,0.537420396397599,0.5144014401440145,outer_04,none,0.0
2565,2020-12-15,2566,2571,2020-12-16,2020-12-23,0.003838610970987588,1.0,0.014043457861122377,-0.014205377791613572,0.43734382690202184,0.5144014401440145,outer_04,none,0.0
2566,2020-12-16,2567,2572,2020-12-17,2020-12-24,0.005314649168758123,1.0,0.0055894468131238995,-0.004234447699412058,0.4221583488890983,0.5144014401440145,outer_04,none,0.0
2567,2020-12-17,2568,2573,2020-12-18,2020-12-28,0.0019559467794003638,1.0,0.011722488307550627,0.010232230989208446,0.4112913986251461,0.5144014401440145,outer_04,none,0.0
2568,2020-12-18,2569,2574,2020-12-21,2020-12-29,-0.0038746741966955156,0.0,-0.0029151056460952063,0.005144688738770498,0.49289155992420636,0.5144014401440145,outer_04,none,0.0
2569,2020-12-21,2570,2575,2020-12-22,2020-12-30,-0.0010647870633500034,0.0,-0.0022891832824720737,0.020874594052359363,0.5727986106975687,0.5144014401440145,outer_04,none,0.0
2570,2020-12-22,2571,2576,2020-12-23,2020-12-31,0.01729177345765809,1.0,-0.008747004507892342,0.028467248582917826,0.5448154499479195,0.5144014401440145,outer_04,none,0.0
2571,2020-12-23,2572,2577,2020-12-24,2021-01-04,0.01886658859380752,1.0,0.006815760442930419,0.03563711080060994,0.4902104156264766,0.5144014401440145,outer_04,none,0.0
2572,2020-12-24,2573,2578,2020-12-28,2021-01-05,0.02772580982961692,1.0,0.0035555071798452076,0.03746203066948439,0.5894481941307773,0.5144014401440145,outer_04,none,0.0
2573,2020-12-28,2574,2579,2020-12-29,2021-01-06,0.03904164216202677,1.0,-0.003331248833291056,0.04716419439095443,0.54089597471153,0.5144014401440145,outer_04,none,0.0
2574,2020-12-29,2575,2580,2020-12-30,2021-01-07,0.022974748433086667,1.0,0.002729780273826421,0.055011256620671745,0.489476754252866,0.5144014401440145,outer_04,none,0.0
2575,2020-12-30,2576,2581,2020-12-31,2021-01-08,0.01192249629782971,1.0,0.008292774421004623,0.042273827036463985,0.4806662356350285,0.5144014401440145,outer_04,none,0.0
2576,2020-12-31,2577,2582,2021-01-04,2021-01-11,-0.028871687973364146,0.0,-6.864704595965776e-05,0.03381269379797125,0.5514916129217599,0.5144014401440145,outer_04,none,0.0
2577,2021-01-04,2578,2583,2021-01-05,2021-01-12,-0.04961693297414893,0.0,0.025829511142694273,0.054053498507815156,0.4790564631718292,0.5144014401440145,outer_04,none,0.0
2578,2021-01-05,2579,2584,2021-01-06,2021-01-13,-0.049866701558896054,0.0,0.0034932200340058728,0.05884034462518084,0.5211579308215262,0.5144014401440145,outer_04,none,0.0
2579,2021-01-06,2580,2585,2021-01-07,2021-01-14,-0.03897586302074263,0.0,-0.01614997803108409,0.029453011997443213,0.5040766274359771,0.5144014401440145,outer_04,none,0.0
2580,2021-01-07,2581,2586,2021-01-08,2021-01-15,-0.036343290457541144,0.0,-0.0027555271460419917,0.0225570692340904,0.4730431857288385,0.5144014401440145,outer_04,none,0.0
2581,2021-01-08,2582,2587,2021-01-11,2021-01-18,-0.014308726313005948,0.0,-0.03427266640927584,0.0052217174592152915,0.4860300202535011,0.5144014401440145,outer_04,none,0.0
2582,2021-01-11,2583,2588,2021-01-12,2021-01-19,-0.004937718935282831,0.0,-0.0024854554163615816,0.004613624601339517,0.39481274249430126,0.5144014401440145,outer_04,none,0.0
2583,2021-01-12,2584,2589,2021-01-13,2021-01-20,-0.00786355204088629,0.0,0.005870667930121698,0.008335140618922487,0.39941952175604506,0.5144014401440145,outer_04,none,0.0
2584,2021-01-13,2585,2590,2021-01-14,2021-01-21,0.012944207363339011,1.0,-0.005745977284740356,0.00918182080301122,0.43998951407412124,0.5144014401440145,outer_04,none,0.0
2585,2021-01-14,2586,2591,2021-01-15,2021-01-22,0.011819749985179762,1.0,0.0009644717555987725,-0.0038971653025123842,0.42884352343958876,0.5144014401440145,outer_04,none,0.0
2586,2021-01-15,2587,2592,2021-01-18,2021-01-25,0.0160756063986085,1.0,-0.01023930385407823,-0.019725915969714514,0.54222819949059,0.5144014401440145,outer_04,none,0.0
2587,2021-01-18,2588,2593,2021-01-19,2021-01-26,0.00912378035254946,1.0,0.005385847782525488,-0.026062556494739653,0.5735709645398156,0.5144014401440145,outer_04,none,0.0
2588,2021-01-19,2589,2594,2021-01-20,2021-01-27,0.00599662151929703,1.0,0.0011476280443174502,-0.021999822804326996,0.5290385243555621,0.5144014401440145,outer_04,none,0.0
2589,2021-01-20,2590,2595,2021-01-21,2021-01-28,-0.015572814063094853,0.0,0.01713303654495224,-0.002577602976902682,0.4752053254199913,0.5144014401440145,outer_04,none,0.0
2590,2021-01-21,2591,2596,2021-01-22,2021-01-29,-0.014350292584206059,0.0,-0.0008660277135534855,0.005303373817436174,0.4368315217024184,0.5144014401440145,outer_04,none,0.0
2591,2021-01-22,2592,2597,2021-01-25,2021-02-01,-0.0013194781090319907,0.0,-0.008124690615454178,-0.009637077240948422,0.35013628710651434,0.5144014401440145,outer_04,none,0.0
2592,2021-01-25,2593,2598,2021-01-26,2021-02-02,0.002212872709882241,1.0,0.0006845235956305373,-0.012508060825163092,0.3634618892077402,0.5144014401440145,outer_04,none,0.0
2593,2021-01-26,2594,2599,2021-01-27,2021-02-03,-0.007698684797773581,0.0,-0.0024329927817987596,-0.011609804773670795,0.4209704103143058,0.5144014401440145,outer_04,none,0.0
2594,2021-01-27,2595,2600,2021-01-28,2021-02-04,-0.0046453773994787895,0.0,-0.004113383478266286,-0.018452968525763502,0.3584459902743881,0.5144014401440145,outer_04,none,0.0
2595,2021-01-28,2596,2601,2021-01-29,2021-02-05,-0.026360062823069796,0.0,-0.000661885203361301,-0.027407628150129426,0.35551150662993136,0.5144014401440145,outer_04,none,0.0
2596,2021-01-29,2597,2602,2021-02-01,2021-02-08,-0.02081253041676323,0.0,0.0026990423409056774,-0.02463993876326409,0.36201264526335325,0.5144014401440145,outer_04,none,0.0
2597,2021-02-01,2598,2603,2021-02-02,2021-02-09,-0.01544645695466862,0.0,0.006990055806796569,-0.043479394099161794,0.36927677946366017,0.5144014401440145,outer_04,none,0.0
2598,2021-02-02,2599,2604,2021-02-03,2021-02-10,0.0006583296619400159,1.0,-0.012384561513377967,-0.059357175646545635,0.41854662736184056,0.5144014401440145,outer_04,none,0.0
2599,2021-02-03,2600,2605,2021-02-04,2021-02-11,0.005323514555644948,1.0,-0.0018737103301473823,-0.04508090794560893,0.40912548555385403,0.5144014401440145,outer_04,none,0.0
2600,2021-02-04,2601,2606,2021-02-05,2021-02-12,0.017088296345558973,1.0,-0.0226567517744245,-0.06498213257399144,0.42079889961338496,0.5144014401440145,outer_04,none,0.0
2601,2021-02-05,2602,2607,2021-02-08,2021-02-15,0.0041348353773802415,1.0,0.011246416908238466,-0.019463049256477127,0.30298551628025316,0.5144014401440145,outer_04,none,0.0
2602,2021-02-08,2603,2608,2021-02-09,2021-02-16,-0.006163575637948782,0.0,0.009183466351779579,-0.007794127488335967,0.32452708601588925,0.5144014401440145,outer_04,none,0.0
2603,2021-02-09,2604,2609,2021-02-10,2021-02-17,-0.02530400151294554,0.0,0.0040951370970994105,-0.009569658321358254,0.3332869935786372,0.5144014401440145,outer_04,none,0.0
2604,2021-02-10,2605,2610,2021-02-11,2021-02-18,-0.03698990553529313,0.0,0.002559790962403774,-0.0012638900742141246,0.27075924052059086,0.5144014401440145,outer_04,none,0.0
2605,2021-02-11,2606,2611,2021-02-12,2021-02-19,-0.02756540128027396,0.0,-0.009204442516323574,-0.011432804346136471,0.4118978021009665,0.5144014401440145,outer_04,none,0.0
2606,2021-02-12,2607,2612,2021-02-15,2021-02-22,-0.021099114209301106,0.0,-0.0007123990612667441,-0.0019058995533249856,0.3630089536330262,0.5144014401440145,outer_04,none,0.0
2607,2021-02-15,2608,2613,2021-02-16,2021-02-23,-0.00563238947048994,0.0,-0.0029921321072485796,-0.010283879443099053,0.4661169101126159,0.5144014401440145,outer_04,none,0.0
2608,2021-02-16,2609,2614,2021-02-17,2021-02-24,0.007751653734743513,1.0,-0.013373090412338584,-0.024804597899755088,0.3300391152180051,0.5144014401440145,outer_04,none,0.0
2609,2021-02-17,2610,2615,2021-02-18,2021-02-25,0.014913978047067289,1.0,-0.010002155484200692,-0.05193978992890802,0.19282138712452304,0.5144014401440145,outer_04,none,0.0
2610,2021-02-18,2611,2616,2021-02-19,2021-02-26,-0.002372694288954591,0.0,-0.0007094315273867835,-0.05178319374274132,0.16718128568271717,0.5144014401440145,outer_04,none,0.0
2611,2021-02-19,2612,2617,2021-02-22,2021-03-01,-0.027800926234350598,0.0,0.004277101580268727,-0.03938140154701841,0.27778087234795357,0.5144014401440145,outer_04,none,0.0
2612,2021-02-22,2613,2618,2021-02-23,2021-03-02,-0.048910929723705365,0.0,0.014470936719995997,-0.025594988422652953,0.24430835039458662,0.5144014401440145,outer_04,none,0.0
2613,2021-02-23,2614,2619,2021-02-24,2021-03-03,-0.03862529651559843,0.0,-0.002196945636292469,-0.025358941277146663,0.34216774348322193,0.5144014401440145,outer_04,none,0.0
2614,2021-02-24,2615,2620,2021-02-25,2021-03-04,-0.052804531487437245,0.0,0.0001440283627571759,-0.0211015294361232,0.38789477539100514,0.5144014401440145,outer_04,none,0.0
2615,2021-02-25,2616,2621,2021-02-26,2021-03-05,-0.04289896066158416,0.0,-0.01962262100932044,-0.04006226524208234,0.3532638301567508,0.5144014401440145,outer_04,none,0.0
2616,2021-02-26,2617,2622,2021-03-01,2021-03-08,-0.018322071876196944,0.0,-0.02078217765173651,-0.06354348523472453,0.3447610042617879,0.5144014401440145,outer_04,none,0.0
2617,2021-03-01,2618,2623,2021-03-02,2021-03-09,-0.022603712132475806,0.0,-0.005233297955930638,-0.07576683899745174,0.2714327361222516,0.5144014401440145,outer_04,none,0.0
2618,2021-03-02,2619,2624,2021-03-03,2021-03-10,-0.013215847285351856,0.0,0.008072662763458638,-0.05530961472061513,0.30526222408900694,0.5144014401440145,outer_04,none,0.0
2619,2021-03-03,2620,2625,2021-03-04,2021-03-11,0.009123131607076118,1.0,-0.015685095857885578,-0.06912100024835333,0.30637125319236824,0.5144014401440145,outer_04,none,0.0
2620,2021-03-04,2621,2626,2021-03-05,2021-03-12,0.013920551392655689,1.0,-0.0076884884838799294,-0.054152736957808756,0.2735138586815275,0.5144014401440145,outer_04,none,0.0
2621,2021-03-05,2622,2627,2021-03-08,2021-03-15,0.012996572827180586,1.0,0.001270827620905024,-0.0641283262451422,0.3971530112276561,0.5144014401440145,outer_04,none,0.0
2622,2021-03-08,2623,2628,2021-03-09,2021-03-16,0.02771531871110966,1.0,-0.010776596997682297,-0.08408838959460407,0.47773411804268595,0.5144014401440145,outer_04,none,0.0
2623,2021-03-09,2624,2629,2021-03-10,2021-03-17,0.009873386314413146,1.0,0.019458431792068964,-0.06872509489963452,0.41259298658466126,0.5144014401440145,outer_04,none,0.0
2624,2021-03-10,2625,2630,2021-03-11,2021-03-18,0.012764538977653395,1.0,0.006240723118030367,-0.06504416274400793,0.44893045667131687,0.5144014401440145,outer_04,none,0.0
2625,2021-03-11,2626,2631,2021-03-12,2021-03-19,0.00817960249746097,1.0,-0.0022907126010922596,-0.05813043282877661,0.42492016531590043,0.5144014401440145,outer_04,none,0.0
2626,2021-03-12,2627,2632,2021-03-15,2021-03-22,0.0087779480562995,1.0,0.0026324196919436105,-0.05478561407556626,0.4123714006683162,0.5144014401440145,outer_04,none,0.0
2627,2021-03-15,2628,2633,2021-03-16,2021-03-23,0.004447729314986049,1.0,0.0030008435282082857,-0.04879263844010939,0.4626802881041473,0.5144014401440145,outer_04,none,0.0
2628,2021-03-16,2629,2634,2021-03-17,2021-03-24,-0.0030062170349358652,0.0,-0.0001501172071778356,-0.035569665234948644,0.5339023098482056,0.5144014401440145,outer_04,none,0.0
2629,2021-03-17,2630,2635,2021-03-18,2021-03-25,-0.007939989756424737,0.0,0.00730070927892168,-0.018266800471826272,0.45522330442800335,0.5144014401440145,outer_04,none,0.0
2630,2021-03-18,2631,2636,2021-03-19,2021-03-26,-0.004521171424711312,0.0,-0.004625076112536597,-0.022182445056976086,0.4992726070431862,0.5144014401440145,outer_04,none,0.0
2631,2021-03-19,2632,2637,2021-03-22,2021-03-29,-0.007269159512033774,0.0,0.004968947187198758,-0.021490599450046055,0.4225811515385452,0.5144014401440145,outer_04,none,0.0
2632,2021-03-22,2633,2638,2021-03-23,2021-03-30,-0.015584309659739226,0.0,-0.0037085770240654625,-0.039670113194107515,0.49708168895157956,0.5144014401440145,outer_04,none,0.0
2633,2021-03-23,2634,2639,2021-03-24,2021-03-31,-0.024807982705282505,0.0,-0.006804101770034876,-0.04427726932784992,0.49646000122652834,0.5144014401440145,outer_04,none,0.0
2634,2021-03-24,2635,2640,2021-03-25,2021-04-01,-0.01598379326044519,0.0,0.0040107314680462025,-0.040410566222560895,0.4492868325283911,0.5144014401440145,outer_04,none,0.0
2635,2021-03-25,2636,2641,2021-03-26,2021-04-05,0.00041659434728558153,1.0,-0.003958616014933192,-0.024746561228173647,0.4622774996745809,0.5144014401440145,outer_04,none,0.0
2636,2021-03-26,2637,2642,2021-03-29,2021-04-06,-0.0014220148759704898,0.0,0.0033066672130921404,-0.0006577163633449956,0.35940409349544544,0.5144014401440145,outer_04,none,0.0
2637,2021-03-29,2638,2643,2021-03-30,2021-04-07,0.017709001086849696,1.0,-0.012129595282406314,-0.007554013689820671,0.4911151608728785,0.5144014401440145,outer_04,none,0.0
2638,2021-03-30,2639,2644,2021-03-31,2021-04-08,0.030817161727831,1.0,-0.01575011877328869,-0.031376795226568,0.5899425553657924,0.5144014401440145,outer_04,none,0.0
2639,2021-03-31,2640,2645,2021-04-01,2021-04-09,0.02786741312395513,1.0,0.013346264432087196,-0.0023454349365952254,0.4409337452179325,0.5144014401440145,outer_04,none,0.0
2640,2021-04-01,2641,2646,2021-04-05,2021-04-12,0.008094830986197898,1.0,0.01267913144938948,0.018022184996674184,0.4024791402587322,0.5144014401440145,outer_04,none,0.0
2641,2021-04-05,2642,2647,2021-04-06,2021-04-13,0.0026112541340159723,1.0,-0.0006535853436240302,0.01609777203214513,0.4942732912791858,0.5144014401440145,outer_04,none,0.0
2642,2021-04-06,2643,2648,2021-04-07,2021-04-14,0.0013643114350871954,1.0,0.008469207336506912,0.03534357636633434,0.39767788996172954,0.5144014401440145,outer_04,none,0.0
2643,2021-04-07,2644,2649,2021-04-08,2021-04-15,-0.0007484556256143193,0.0,-0.003154603938265055,0.01273054063600032,0.5099456756145305,0.5144014401440145,outer_04,none,0.0
2644,2021-04-08,2645,2650,2021-04-09,2021-04-16,0.004727791919236779,1.0,0.010630633271341061,0.017120450789311015,0.4946518849559741,0.5144014401440145,outer_04,none,0.0
2645,2021-04-09,2646,2651,2021-04-12,2021-04-19,0.01873644360390525,1.0,-0.007246574173342957,0.012164589217060318,0.5122360795796947,0.5144014401440145,outer_04,none,0.0
2646,2021-04-12,2647,2652,2021-04-13,2021-04-20,0.021501172175027783,1.0,-0.006398548788210334,0.003133620736906373,0.5232792331529815,0.5144014401440145,outer_04,none,0.0
2647,2021-04-13,2648,2653,2021-04-14,2021-04-21,0.018446414152757384,1.0,0.007504930660100939,0.007637707868799026,0.4120931452029099,0.5144014401440145,outer_04,none,0.0
2648,2021-04-14,2649,2654,2021-04-15,2021-04-22,0.03268651795909783,1.0,-0.005250411298535873,0.002537413777440989,0.4223774444886991,0.5144014401440145,outer_04,none,0.0
2649,2021-04-15,2650,2655,2021-04-16,2021-04-23,0.011380765597653664,1.0,0.015572855607552505,0.010809560106071814,0.35051871330892886,0.5144014401440145,outer_04,none,0.0
2650,2021-04-16,2651,2656,2021-04-19,2021-04-26,-0.00010700758919224285,0.0,0.007440354986521847,0.022874991205130257,0.3780574839113587,0.5144014401440145,outer_04,none,0.0
2651,2021-04-19,2652,2657,2021-04-20,2021-04-27,0.005838701109348143,1.0,-0.00332069819866998,0.01458534581926152,0.39434999581060204,0.5144014401440145,outer_04,none,0.0
2652,2021-04-20,2653,2658,2021-04-21,2021-04-28,-0.0006582000997079618,0.0,0.0043782981082314265,0.02267222095155841,0.4012402616782627,0.5144014401440145,outer_04,none,0.0
2653,2021-04-21,2654,2659,2021-04-22,2021-04-29,-0.006706010460591827,0.0,0.008604743964179207,0.03808106668577249,0.4773920977756742,0.5144014401440145,outer_04,none,0.0
2654,2021-04-22,2655,2660,2021-04-23,2021-04-30,-0.006494679498000977,0.0,-0.005343362032055765,0.028726973185670523,0.5054530260639085,0.5144014401440145,outer_04,none,0.0
2655,2021-04-23,2656,2661,2021-04-26,2021-05-03,-0.00489514823059789,0.0,-0.004425929198357714,0.028259660002246,0.4784998825805073,0.5144014401440145,outer_04,none,0.0
2656,2021-04-26,2657,2662,2021-04-27,2021-05-04,0.006329329858229649,1.0,0.00276008011369111,0.02771307290284497,0.4946468561916732,0.5144014401440145,outer_04,none,0.0
2657,2021-04-27,2658,2663,2021-04-28,2021-05-05,0.0007594232124050748,1.0,-0.002636247377785672,0.03720642080746561,0.5482478776497992,0.5144014401440145,outer_04,none,0.0
2658,2021-04-28,2659,2664,2021-04-29,2021-05-06,0.0027124283882526967,1.0,0.002681155120449752,0.055637694701204055,0.5263557928602801,0.5144014401440145,outer_04,none,0.0
2659,2021-04-29,2660,2665,2021-04-30,2021-05-07,0.02343406419907268,1.0,-0.005172012936091264,0.037119417333025595,0.5135024807898471,0.5144014401440145,outer_04,none,0.0
2660,2021-04-30,2661,2666,2021-05-03,2021-05-10,0.03680013009454086,1.0,-0.001869396943982693,0.022570888939653422,0.47383438076558676,0.5144014401440145,outer_04,none,0.0
2661,2021-05-03,2662,2667,2021-05-04,2021-05-11,0.023971494932968795,1.0,0.013515047053418883,0.036739521336696335,0.4327590102167002,0.5144014401440145,outer_04,none,0.0
2662,2021-05-04,2663,2668,2021-05-05,2021-05-12,0.032360914855274814,1.0,-0.007703715261467181,0.02056659873872224,0.43863317964755566,0.5144014401440145,outer_04,none,0.0
2663,2021-05-05,2664,2669,2021-05-06,2021-05-13,0.015587529311417825,1.0,0.004698713977660418,0.028419916654647714,0.43223597359648425,0.5144014401440145,outer_04,none,0.0
2664,2021-05-06,2665,2670,2021-05-07,2021-05-14,0.006853855747943172,1.0,0.015299170422719222,0.033088453806025875,0.3840861541310865,0.5144014401440145,outer_04,none,0.0
2665,2021-05-07,2666,2671,2021-05-10,2021-05-17,0.005700996792930901,1.0,0.008573667397365092,0.048908695376733924,0.4565594686413163,0.5144014401440145,outer_04,none,0.0
2666,2021-05-10,2667,2672,2021-05-11,2021-05-18,0.01653939116170644,1.0,0.0025583762546359523,0.05786562041958021,0.39708035872766273,0.5144014401440145,outer_04,none,0.0
2667,2021-05-11,2668,2673,2021-05-12,2021-05-19,0.017426472107461954,1.0,0.0006862109986780496,0.05104690075815732,0.397490902095197,0.5144014401440145,outer_04,none,0.0
2668,2021-05-12,2669,2674,2021-05-13,2021-05-20,0.02995667610601771,1.0,-0.011328076111235319,0.044969235945457875,0.4344934714538208,0.5144014401440145,outer_04,none,0.0
2669,2021-05-13,2670,2675,2021-05-14,2021-05-21,0.02735459676343588,1.0,0.005940111453742958,0.03533649179164833,0.4574876429344974,0.5144014401440145,outer_04,none,0.0
2670,2021-05-14,2671,2676,2021-05-17,2021-05-24,0.020344708170522807,1.0,0.008518946516002046,0.03641508332112853,0.5911857932729773,0.5144014401440145,outer_04,none,0.0
2671,2021-05-17,2672,2677,2021-05-18,2021-05-25,0.007519775419451591,1.0,0.012989471460085333,0.05272525297988384,0.5136244413207348,0.5144014401440145,outer_04,none,0.0
2672,2021-05-18,2673,2678,2021-05-19,2021-05-26,0.01573857624812014,1.0,0.0016005185027294644,0.04994747337438188,0.5948110194864779,0.5144014401440145,outer_04,none,0.0
2673,2021-05-19,2674,2679,2021-05-20,2021-05-27,0.014013201530617359,1.0,0.00027274258884091296,0.041615471999043585,0.4843382849073597,0.5144014401440145,outer_04,none,0.0
2674,2021-05-20,2675,2680,2021-05-21,2021-05-28,0.010388974529274009,1.0,0.003805279139901252,0.0507641131710006,0.4173996510879711,0.5144014401440145,outer_04,none,0.0
2675,2021-05-21,2676,2681,2021-05-24,2021-05-31,0.011798876690489735,1.0,0.002372960023001802,0.05756300239236012,0.4119225147767765,0.5144014401440145,outer_04,none,0.0
2676,2021-05-24,2677,2682,2021-05-25,2021-06-01,0.013981072711269249,1.0,-0.0002072764676883665,0.05459564581098064,0.5195677755554784,0.5144014401440145,outer_04,none,0.0
2677,2021-05-25,2678,2683,2021-05-26,2021-06-02,0.00046335055930857294,1.0,0.009432609819538307,0.06666450300830462,0.451102514349688,0.5144014401440145,outer_04,none,0.0
2678,2021-05-26,2679,2684,2021-05-27,2021-06-03,0.006307676830802578,1.0,-0.0014121319212119232,0.06257121596664295,0.5203137082248673,0.5144014401440145,outer_04,none,0.0
2679,2021-05-27,2680,2685,2021-05-28,2021-06-04,-0.013835119967778198,0.0,-3.6910778741905403e-05,0.0677063181239923,0.4491674372444209,0.5144014401440145,outer_04,none,0.0
2680,2021-05-28,2681,2686,2021-05-31,2021-06-07,-0.007143019303525122,0.0,0.0035529999662546885,0.07312871503422969,0.37939660904311606,0.5144014401440145,outer_04,none,0.0
2681,2021-05-31,2682,2687,2021-06-01,2021-06-08,-0.004287567387528668,0.0,0.0018058695652616308,0.061419537546072434,0.4300232034444841,0.5144014401440145,outer_04,none,0.0
2682,2021-06-01,2683,2688,2021-06-02,2021-06-09,-0.004183190542718762,0.0,-0.003546578120654509,0.0655766746868851,0.3204064903472385,0.5144014401440145,outer_04,none,0.0
2683,2021-06-02,2684,2689,2021-06-03,2021-06-10,-0.01030203931956386,0.0,0.004615962383098804,0.06549392309232349,0.3066795982528075,0.5144014401440145,outer_04,none,0.0
2684,2021-06-03,2685,2690,2021-06-04,2021-06-11,0.01423031961460719,1.0,-0.020088732789313113,0.030106019880291157,0.2964130510405215,0.5144014401440145,outer_04,none,0.0
2685,2021-06-04,2686,2691,2021-06-07,2021-06-14,-0.007498189798629262,0.0,0.01106275951365987,0.032595111996585935,0.278280700147318,0.5144014401440145,outer_04,none,0.0
2686,2021-06-07,2687,2692,2021-06-08,2021-06-15,-0.016763387585227107,0.0,0.00383612278498191,0.03387285852693189,0.30813393057258454,0.5144014401440145,outer_04,none,0.0
2687,2021-06-08,2688,2693,2021-06-09,2021-06-16,-0.017377831770273744,0.0,-0.003017007225398771,0.030169640302855072,0.3750833438940877,0.5144014401440145,outer_04,none,0.0
2688,2021-06-09,2689,2694,2021-06-10,2021-06-17,-0.04070861866129505,0.0,-0.0022052124908471527,0.03929250392324324,0.37580192367095117,0.5144014401440145,outer_04,none,0.0
2689,2021-06-10,2690,2695,2021-06-11,2021-06-18,-0.06680328645460154,0.0,0.0056750395806606235,0.039027432050160904,0.41803764709086055,0.5144014401440145,outer_04,none,0.0
2690,2021-06-11,2691,2696,2021-06-14,2021-06-21,-0.05896827365797819,0.0,-0.012437259742065443,0.018071225792093415,0.44367216111292634,0.5144014401440145,outer_04,none,0.0
2691,2021-06-14,2692,2697,2021-06-15,2021-06-22,-0.045730641481934065,0.0,-0.00526391540576121,-0.00018216107375312873,0.43055574550042525,0.5144014401440145,outer_04,none,0.0
2692,2021-06-15,2693,2698,2021-06-16,2021-06-23,-0.043630112611502625,0.0,-0.003983683996986009,-0.0057663635734686025,0.4972037691750302,0.5144014401440145,outer_04,none,0.0
2693,2021-06-16,2694,2699,2021-06-17,2021-06-24,-0.01944857592658611,0.0,-0.02653667474382715,-0.032575780906136664,0.5799032814649302,0.5144014401440145,outer_04,none,0.0
2694,2021-06-17,2695,2700,2021-06-18,2021-06-25,0.000433589082600605,1.0,-0.02089392472839613,-0.057274984774434046,0.29836721417409967,0.5144014401440145,outer_04,none,0.0
2695,2021-06-18,2696,2701,2021-06-21,2021-06-28,0.007098861321216177,1.0,-0.004670237194082105,-0.06431818199151795,0.3542883367265701,0.5144014401440145,outer_04,none,0.0
2696,2021-06-21,2697,2702,2021-06-22,2021-06-29,-0.003059522687498095,0.0,0.010558843451350164,-0.05355206207247942,0.4266185034399833,0.5144014401440145,outer_04,none,0.0
2697,2021-06-22,2698,2703,2021-06-23,2021-06-30,-0.009977919223115528,0.0,-0.0025941371359365917,-0.06557880902795432,0.46370112583297607,0.5144014401440145,outer_04,none,0.0
2698,2021-06-23,2699,2704,2021-06-24,2021-07-01,-0.004835664772591564,0.0,-0.00012932137222421147,-0.06429599847896661,0.5656658201265334,0.5144014401440145,outer_04,none,0.0
2699,2021-06-24,2700,2705,2021-06-25,2021-07-02,1.125954950609298e-05,1.0,-0.0019361962056603232,-0.06619528390588503,0.7106282876261384,0.5144014401440145,outer_04,none,0.0
2700,2021-06-25,2701,2706,2021-06-28,2021-07-05,0.0032900389787506867,1.0,0.003458877992540188,-0.06628940587959953,0.7098921129514473,0.5144014401440145,outer_04,none,0.0
2701,2021-06-28,2702,2707,2021-06-29,2021-07-06,0.007098327501808832,1.0,-0.001168493506809476,-0.06926376895167063,0.6569741202515378,0.5144014401440145,outer_04,none,0.0
2702,2021-06-29,2703,2708,2021-06-30,2021-07-07,0.019233956246362816,1.0,-0.010141014732030662,-0.07585820556304679,0.70238756435889,0.5144014401440145,outer_04,none,0.0
2703,2021-06-30,2704,2709,2021-07-01,2021-07-08,0.018832526719439358,1.0,0.004854529703700372,-0.07561963824244522,0.5498499361058586,0.5144014401440145,outer_04,none,0.0
2704,2021-07-01,2705,2710,2021-07-02,2021-07-09,0.014897375996269169,1.0,0.0038746075877362784,-0.05165629786539583,0.38064191741489295,0.5144014401440145,outer_04,none,0.0
2705,2021-07-02,2706,2711,2021-07-05,2021-07-12,0.011604878949238895,1.0,0.006066491660837059,-0.05665256571821864,0.36764663172635415,0.5144014401440145,outer_04,none,0.0
2706,2021-07-05,2707,2712,2021-07-06,2021-07-13,0.00833354371024786,1.0,0.0024587473899071455,-0.058029941113293404,0.35849400855586344,0.5144014401440145,outer_04,none,0.0
2707,2021-07-06,2708,2713,2021-07-07,2021-07-14,0.006459045944336772,1.0,0.002964798007630165,-0.05204813588026447,0.3148573557977073,0.5144014401440145,outer_04,none,0.0
2708,2021-07-07,2709,2714,2021-07-08,2021-07-15,0.013087058051392653,1.0,0.00363269151709833,-0.046210231872318985,0.3563034694333955,0.5144014401440145,outer_04,none,0.0
2709,2021-07-08,2710,2715,2021-07-09,2021-07-16,0.01482626028138423,1.0,-0.0006877541217420458,-0.052573025574721655,0.48852448114798924,0.5144014401440145,outer_04,none,0.0
2710,2021-07-09,2711,2716,2021-07-12,2021-07-19,0.0018346296929330208,1.0,0.003152016658003909,-0.0369837491746523,0.4833389589467497,0.5144014401440145,outer_04,none,0.0
2711,2021-07-12,2712,2717,2021-07-13,2021-07-20,0.0035314537476178742,1.0,-0.0010348043787553607,-0.03275463814764645,0.5404280032161957,0.5144014401440145,outer_04,none,0.0
2712,2021-07-13,2713,2718,2021-07-14,2021-07-21,0.0013542086168651934,1.0,0.0005369038489924094,-0.028234050301668034,0.5356498831111104,0.5144014401440145,outer_04,none,0.0
2713,2021-07-14,2714,2719,2021-07-15,2021-07-22,-0.013003898198704178,0.0,0.01147151746817876,0.009774141910337875,0.422127628572341,0.5144014401440145,outer_04,none,0.0
2714,2021-07-15,2715,2720,2021-07-16,2021-07-23,-0.012587982598409653,0.0,0.0007983726746303432,0.03146643931336435,0.43638883807721,0.5144014401440145,outer_04,none,0.0
2715,2021-07-16,2716,2721,2021-07-19,2021-07-26,-0.004997865697961679,0.0,-0.009854623607293611,0.02628205290015284,0.3745507059820965,0.5144014401440145,outer_04,none,0.0
2716,2021-07-19,2717,2722,2021-07-20,2021-07-27,-0.008120488644376422,0.0,0.0006070439355090329,0.01633025338431171,0.3104098666705322,0.5144014401440145,outer_04,none,0.0
2717,2021-07-20,2718,2723,2021-07-21,2021-07-28,-0.0054723032665426885,0.0,-0.0013083623876681827,0.01761602813258012,0.3808221888974712,0.5144014401440145,outer_04,none,0.0
2718,2021-07-21,2719,2724,2021-07-22,2021-07-29,0.001943968910553373,1.0,-0.003774570987454595,0.013970778517349736,0.3747652821165394,0.5144014401440145,outer_04,none,0.0
2719,2021-07-22,2720,2725,2021-07-23,2021-07-30,0.011997602496749415,1.0,0.0016621239116769715,0.01756909863468703,0.33559615036747187,0.5144014401440145,outer_04,none,0.0
2720,2021-07-23,2721,2726,2021-07-26,2021-08-02,0.006823624846452603,1.0,-0.002488673392215368,0.011621547249931474,0.40554986435829293,0.5144014401440145,outer_04,none,0.0
2721,2021-07-26,2722,2727,2021-07-27,2021-08-03,0.008583791227853688,1.0,-0.0023780563382418407,0.01041198441849911,0.3454875306272959,0.5144014401440145,outer_04,none,0.0
2722,2021-07-27,2723,2728,2021-07-28,2021-08-04,0.005394969299769237,1.0,0.0004560470808607775,0.02100904623139055,0.40707123666324635,0.5144014401440145,outer_04,none,0.0
2723,2021-07-28,2724,2729,2021-07-29,2021-08-05,0.0025916126977980625,1.0,0.004792580687462689,0.020947097215152866,0.37050626729426633,0.5144014401440145,outer_04,none,0.0
2724,2021-07-29,2725,2730,2021-07-30,2021-08-06,-0.013287878811460985,0.0,0.011378702648152661,0.028451192275569248,0.3015535738830323,0.5144014401440145,outer_04,none,0.0
2725,2021-07-30,2726,2731,2021-08-02,2021-08-09,-0.029937800537501502,0.0,-0.0074188919849227375,0.014965808629809452,0.331400101824385,0.5144014401440145,outer_04,none,0.0
2726,2021-08-02,2727,2732,2021-08-03,2021-08-10,-0.04776201339016417,0.0,-0.0006450919479696893,0.011861969291932617,0.3610724670238905,0.5144014401440145,outer_04,none,0.0
2727,2021-08-03,2728,2733,2021-08-04,2021-08-11,-0.04551671697002124,0.0,-0.0016504614273653573,0.007246709856937095,0.4157437581036531,0.5144014401440145,outer_04,none,0.0
2728,2021-08-04,2729,2734,2021-08-05,2021-08-12,-0.03407797445591676,0.0,0.0008172912772836938,0.004431309617122459,0.4140244335883932,0.5144014401440145,outer_04,none,0.0
2729,2021-08-05,2730,2735,2021-08-06,2021-08-13,-0.028941089316813162,0.0,-0.004353689666538152,0.0007653740723263525,0.372446536307948,0.5144014401440145,outer_04,none,0.0
2730,2021-08-06,2731,2736,2021-08-09,2021-08-16,0.010169119540484495,1.0,-0.022737746133961068,-0.025124388719638624,0.4530687631151477,0.5144014401440145,outer_04,none,0.0
2731,2021-08-09,2732,2737,2021-08-10,2021-08-17,0.033170187823140296,1.0,-0.019240392430724285,-0.04332997677160755,0.4938568195796985,0.5144014401440145,outer_04,none,0.0
2732,2021-08-10,2733,2738,2021-08-11,2021-08-18,0.032192677072306,1.0,-0.00048578501498930393,-0.04435266563558926,0.4534697502753071,0.5144014401440145,outer_04,none,0.0
2733,2021-08-11,2734,2739,2021-08-12,2021-08-19,0.020375476349334676,1.0,0.013079744201696109,-0.04274443890207191,0.43341167256328766,0.5144014401440145,outer_04,none,0.0
2734,2021-08-12,2735,2740,2021-08-13,2021-08-20,0.015266435047812443,1.0,0.0007761760026232523,-0.042766635574079004,0.5106533080216263,0.5144014401440145,outer_04,none,0.0
2735,2021-08-13,2736,2741,2021-08-16,2021-08-23,0.0013705557388901113,1.0,0.015196071115775034,-0.01771594085101036,0.4155498254820423,0.5144014401440145,outer_04,none,0.0
2736,2021-08-16,2737,2742,2021-08-17,2021-08-24,0.010126372845786769,1.0,0.004227719687230014,-0.014095265099289378,0.41906660031357307,0.5144014401440145,outer_04,none,0.0
2737,2021-08-17,2738,2743,2021-08-18,2021-08-25,0.00898376491765518,1.0,-0.0008060363600543852,-0.01359293907167558,0.4753792832745953,0.5144014401440145,outer_04,none,0.0
2738,2021-08-18,2739,2744,2021-08-19,2021-08-26,0.002045607688506479,1.0,0.0010521957159124184,-0.008766172368308567,0.4763459721238355,0.5144014401440145,outer_04,none,0.0
2739,2021-08-19,2740,2745,2021-08-20,2021-08-27,0.006874649194704041,1.0,-0.004305325512897085,-0.014733621792882623,0.5216332716391465,0.5144014401440145,outer_04,none,0.0
2740,2021-08-20,2741,2746,2021-08-23,2021-08-30,0.02036906825985607,1.0,0.0005279504972470761,-0.011716997903420179,0.4814139037659327,0.5144014401440145,outer_04,none,0.0
2741,2021-08-23,2742,2747,2021-08-24,2021-08-31,0.002539132472416661,1.0,0.01351899500328635,0.004180053438108011,0.3695673485033172,0.5144014401440145,outer_04,none,0.0
2742,2021-08-24,2743,2748,2021-08-25,2021-09-01,0.006663207663653914,1.0,-0.001302657327619805,0.0024213490296274287,0.44908249091647634,0.5278189910979229,outer_05,none,0.05
2743,2021-08-25,2744,2749,2021-08-26,2021-09-02,0.012726940161654987,1.0,-0.006957692074108124,-0.009328923731943384,0.44207281780564,0.5278189910979229,outer_05,none,0.05
2744,2021-08-26,2745,2750,2021-08-27,2021-09-03,0.009478375526675187,1.0,0.0007593481138297165,-0.01994827826626633,0.5012366085313819,0.5278189910979229,outer_05,none,0.05
2745,2021-08-27,2746,2751,2021-08-30,2021-09-06,0.005545103020355491,1.0,0.014495175583840059,0.001965789302496468,0.4366290040145612,0.5278189910979229,outer_05,none,0.05
2746,2021-08-30,2747,2752,2021-08-31,2021-09-07,0.007447337731789183,1.0,-0.004255818197477446,-0.0016449369470112885,0.46983737054159064,0.5278189910979229,outer_05,none,0.05
2747,2021-08-31,2748,2753,2021-09-01,2021-09-08,-0.010721541980601046,0.0,0.002279005177452831,0.0022845296578068996,0.4304028666098524,0.5278189910979229,outer_05,none,0.05
2748,2021-09-01,2749,2754,2021-09-02,2021-09-09,-0.013559209932115124,0.0,-0.000270119046964723,0.0011971193335584829,0.44815702207214386,0.5278189910979229,outer_05,none,0.05
2749,2021-09-02,2750,2755,2021-09-03,2021-09-10,-0.008669740375021995,0.0,-0.002329356451049591,0.0032214525490470436,0.5344517619479825,0.5278189910979229,outer_05,none,0.05
2750,2021-09-03,2751,2756,2021-09-06,2021-09-13,-0.022647027794517882,0.0,0.009919963452762026,0.03587916213577014,0.5259257109427015,0.5278189910979229,outer_05,none,0.05
2751,2021-09-06,2752,2757,2021-09-07,2021-09-14,-0.016672075537681685,0.0,-0.0024378697980624864,0.052681684768431936,0.7141061594985648,0.5278189910979229,outer_05,none,0.05
2752,2021-09-07,2753,2758,2021-09-08,2021-09-15,0.004856941234065104,1.0,-0.016157119682898013,0.037010350100523226,0.5076286762684655,0.5278189910979229,outer_05,none,0.05
2753,2021-09-08,2754,2759,2021-09-09,2021-09-16,0.002556047445111176,1.0,-0.0025842764319046196,0.021346329466922498,0.45555854163125387,0.5278189910979229,outer_05,none,0.05
2754,2021-09-09,2755,2760,2021-09-10,2021-09-17,-0.022721587281874456,0.0,0.0028295192792882062,0.023399672743587452,0.5224179623259805,0.5278189910979229,outer_05,none,0.05
2755,2021-09-10,2756,2761,2021-09-13,2021-09-20,-0.0187097623022785,0.0,-0.0036570052788125196,0.004546596348999898,0.4250580247259431,0.5278189910979229,outer_05,none,0.05
2756,2021-09-13,2757,2762,2021-09-14,2021-09-21,-0.016257412907026314,0.0,0.003105124270415871,0.0034240009321857556,0.4647798997964463,0.5278189910979229,outer_05,none,0.05
2757,2021-09-14,2758,2763,2021-09-15,2021-09-22,-0.016207266730189573,0.0,0.006292300489383784,0.010522337781623925,0.515794737488928,0.5278189910979229,outer_05,none,0.05
2758,2021-09-15,2759,2764,2021-09-16,2021-09-23,-0.01431506955663231,0.0,-0.006091581244752398,0.003378560820959109,0.44698528061557075,0.5278189910979229,outer_05,none,0.05
2759,2021-09-16,2760,2765,2021-09-17,2021-09-24,-0.005105479315067107,0.0,-0.023128383640022676,-0.015444497306166483,0.3833560118640103,0.5278189910979229,outer_05,none,0.05
2760,2021-09-17,2761,2766,2021-09-20,2021-09-27,-0.00251710306613262,0.0,0.0006844158777870035,-0.015288031925626555,0.355457761126473,0.5278189910979229,outer_05,none,0.05
2761,2021-09-20,2762,2767,2021-09-21,2021-09-28,-0.007846122757630525,0.0,0.006195419306192385,-0.02261160762272052,0.4026118086336075,0.5278189910979229,outer_05,none,0.05
2762,2021-09-21,2763,2768,2021-09-22,2021-09-29,-0.023175334616362342,0.0,0.005126173018707547,-0.016182777276393168,0.43142497987672046,0.5278189910979229,outer_05,none,0.05
2763,2021-09-22,2764,2769,2021-09-23,2021-09-30,-0.024022258006489494,0.0,-0.003331567109655431,-0.012556652311940475,0.3711743211536947,0.5278189910979229,outer_05,none,0.05
2764,2021-09-23,2765,2770,2021-09-24,2021-10-01,0.006387753618175118,1.0,-0.01453392226602368,-0.02784992269179387,0.39500012771930976,0.5278189910979229,outer_05,none,0.05
2765,2021-09-24,2766,2771,2021-09-27,2021-10-04,0.006255361364730483,1.0,0.004146389309221732,-0.0381987089664122,0.48018021964070867,0.5278189910979229,outer_05,none,0.05
2766,2021-09-27,2767,2772,2021-09-28,2021-10-05,0.01019535552608275,1.0,0.00024572341382089746,-0.033697167355113855,0.4832114428705247,0.5278189910979229,outer_05,none,0.05
2767,2021-09-28,2768,2773,2021-09-29,2021-10-06,0.014778960660935425,1.0,-0.009541706526418281,-0.04551787905898497,0.4482162306583626,0.5278189910979229,outer_05,none,0.05
2768,2021-09-29,2769,2774,2021-09-30,2021-10-07,0.02081121879625769,1.0,-0.004086722701422296,-0.04933448271344254,0.4581058941841151,0.5278189910979229,outer_05,none,0.05
2769,2021-09-30,2770,2775,2021-10-01,2021-10-08,6.834180014969604e-05,1.0,0.017625800052991636,-0.029379326209401313,0.3775999069752325,0.5278189910979229,outer_05,none,0.05
2770,2021-10-01,2771,2776,2021-10-04,2021-10-11,-0.002171837476995897,0.0,0.0017001633181212839,-0.037599126344042055,0.4087889733776773,0.5278189910979229,outer_05,none,0.05
2771,2021-10-04,2772,2777,2021-10-05,2021-10-12,-0.00841476689084164,0.0,0.005213214810118494,-0.029948041735861075,0.3730391769303958,0.5278189910979229,outer_05,none,0.05
2772,2021-10-05,2773,2778,2021-10-06,2021-10-13,0.00038628462840328837,1.0,-0.005372304815624673,-0.019163226868587735,0.36464202251194194,0.5278189910979229,outer_05,none,0.05
2773,2021-10-06,2774,2779,2021-10-07,2021-10-14,0.01691838395270917,1.0,0.0017032200646314166,-0.014875730372051699,0.3504374132997302,0.5278189910979229,outer_05,none,0.05
2774,2021-10-07,2775,2780,2021-10-08,2021-10-15,0.022568779611219725,1.0,-0.0045255891986979435,-0.02223083885003785,0.43539392552075273,0.5278189910979229,outer_05,none,0.05
2775,2021-10-08,2776,2781,2021-10-11,2021-10-18,0.00579432122128587,1.0,0.0012471492301315834,-0.017326684341093745,0.3903171697006908,0.5278189910979229,outer_05,none,0.05
2776,2021-10-11,2777,2782,2021-10-12,2021-10-19,0.006331869099696519,1.0,-0.0017031170011101437,-0.02213492561261976,0.41095302866267547,0.5278189910979229,outer_05,none,0.05
2777,2021-10-12,2778,2783,2021-10-13,2021-10-20,0.004946003573119917,1.0,0.003460151988243787,-0.024967074113759757,0.4238185816519093,0.5278189910979229,outer_05,none,0.05
2778,2021-10-13,2779,2784,2021-10-14,2021-10-21,-0.005805904979117038,0.0,0.018328996011704568,-0.0005464968573027917,0.291473634664527,0.5278189910979229,outer_05,none,0.05
2779,2021-10-14,2780,2785,2021-10-15,2021-10-22,-0.007068272899365624,0.0,0.0017666716775286417,0.024348558460248526,0.28624461879634794,0.5278189910979229,outer_05,none,0.05
2780,2021-10-15,2781,2786,2021-10-18,2021-10-25,0.0144660974254327,1.0,-0.015996569362849655,0.007667573219611867,0.25323117472498125,0.5278189910979229,outer_05,none,0.05
2781,2021-10-18,2782,2787,2021-10-19,2021-10-26,0.023805982608756437,1.0,-0.0016364901230057072,-0.0001643362095862244,0.24616167429335084,0.5278189910979229,outer_05,none,0.05
2782,2021-10-19,2783,2788,2021-10-20,2021-10-27,0.013277350762990636,1.0,0.002524396278200669,-0.0027661129500931025,0.35654950508749517,0.5278189910979229,outer_05,none,0.05
2783,2021-10-20,2784,2789,2021-10-21,2021-10-28,0.007878456127986766,1.0,0.00736123626504348,0.007926690424605809,0.3446195750714923,0.5278189910979229,outer_05,none,0.05
2784,2021-10-21,2785,2790,2021-10-22,2021-10-29,0.008998458646213514,1.0,0.0007067970608769514,0.02316740975150644,0.3124552571481381,0.5278189910979229,outer_05,none,0.05
2785,2021-10-22,2786,2791,2021-10-25,2021-11-01,-0.005351927747965668,0.0,0.0052293330277892736,0.024250353470073982,0.3061643091705014,0.5278189910979229,outer_05,none,0.05
2786,2021-10-25,2787,2792,2021-10-26,2021-11-02,-0.008127212974476272,0.0,0.008199818172517581,0.032204448228770666,0.32470793418213667,0.5278189910979229,outer_05,none,0.05
2787,2021-10-26,2788,2793,2021-10-27,2021-11-03,-0.0030440913721188068,0.0,-0.008015752153652578,0.03373040260153637,0.40241084338255667,0.5278189910979229,outer_05,none,0.05
2788,2021-10-27,2789,2794,2021-10-28,2021-11-04,-0.01423750963315129,0.0,0.0021671981718265343,0.0399843234747852,0.3268585512221114,0.5278189910979229,outer_05,none,0.05
2789,2021-10-28,2790,2795,2021-10-29,2021-11-05,-0.004667752027637917,0.0,0.0010679423658706,0.023426465787664164,0.29562516825254037,0.5278189910979229,outer_05,none,0.05
2790,2021-10-29,2791,2796,2021-11-01,2021-11-08,0.017966335362522123,1.0,-0.008839213392517031,0.012887089077025848,0.298650408217722,0.5278189910979229,outer_05,none,0.05
2791,2021-11-01,2792,2797,2021-11-02,2021-11-09,0.017395589466401518,1.0,0.00571561153097111,0.013389485797878464,0.407385191728664,0.5278189910979229,outer_05,none,0.05
2792,2021-11-02,2793,2798,2021-11-03,2021-11-10,0.024299181586549423,1.0,-0.002993546010499948,0.01576824460300319,0.3779861601111686,0.5278189910979229,outer_05,none,0.05
2793,2021-11-03,2794,2799,2021-11-04,2021-11-11,0.04289216795557138,1.0,-0.010090789526763011,0.003974235011608762,0.3433221712198077,0.5278189910979229,outer_05,none,0.05
2794,2021-11-04,2795,2800,2021-11-05,2021-11-12,0.03868136621394225,1.0,0.012253073337766374,0.02075289754807308,0.3556574060559068,0.5278189910979229,outer_05,none,0.05
2795,2021-11-05,2796,2801,2021-11-08,2021-11-15,0.027754817557387845,1.0,0.014478511981754316,0.03398426029969581,0.41139898091374894,0.5278189910979229,outer_05,none,0.05
2796,2021-11-08,2797,2802,2021-11-09,2021-11-16,0.02104027607645964,1.0,0.003459660011232657,0.03914703731203861,0.3633896854511268,0.5278189910979229,outer_05,none,0.05
2797,2021-11-09,2798,2803,2021-11-10,2021-11-17,0.01012545860498637,1.0,0.004124935413202024,0.03981182073699685,0.34638542814856865,0.5278189910979229,outer_05,none,0.05
2798,2021-11-10,2799,2804,2021-11-11,2021-11-18,0.00929157582915785,1.0,0.009395148781042195,0.030877973506334477,0.37862093686134823,0.5278189910979229,outer_05,none,0.05
2799,2021-11-11,2800,2805,2021-11-12,2021-11-19,-0.0013759966051152261,0.0,0.0068989208449403705,0.036010222673746206,0.43093175537422784,0.5278189910979229,outer_05,none,0.05
2800,2021-11-12,2801,2806,2021-11-15,2021-11-22,-0.013265297053938419,0.0,0.0013848187456710903,0.05339161078226695,0.48220484796868307,0.5278189910979229,outer_05,none,0.05
2801,2021-11-15,2802,2807,2021-11-16,2021-11-23,-0.03000440274927918,0.0,-0.000880050284055578,0.05414805062121708,0.47662699433514183,0.5278189910979229,outer_05,none,0.05
2802,2021-11-16,2803,2808,2021-11-17,2021-11-24,-0.03360266029214909,0.0,-0.006857588372452206,0.044766065970564206,0.4885177016634799,0.5278189910979229,outer_05,none,0.05
2803,2021-11-17,2804,2809,2021-11-18,2021-11-25,-0.04286718542119061,0.0,0.009366905793273261,0.04677173549879399,0.5570115098868772,0.5278189910979229,outer_05,none,0.05
2804,2021-11-18,2805,2810,2021-11-19,2021-11-26,-0.03766275378386208,0.0,-0.004605235985109424,0.04145970245280761,0.5247652226722693,0.5278189910979229,outer_05,none,0.05
2805,2021-11-19,2806,2811,2021-11-22,2021-11-29,-0.0295610278559284,0.0,-0.007077888698041157,0.02915248072697718,0.3969791401693271,0.5278189910979229,outer_05,none,0.05
2806,2021-11-22,2807,2812,2021-11-23,2021-11-30,-0.012735622107252098,0.0,-0.022425449488083338,-0.0014727869336237376,0.30813574417785017,0.5278189910979229,outer_05,none,0.05
2807,2021-11-23,2808,2813,2021-11-24,2021-12-01,-0.007399732503392542,0.0,-0.008619855545283883,-0.002076890325255043,0.3510632503720191,0.5278189910979229,outer_05,none,0.05
2808,2021-11-24,2809,2814,2021-11-25,2021-12-02,-0.0036140465905925012,0.0,-0.0003577497578621802,-0.0046018382549437575,0.312609147199564,0.5278189910979229,outer_05,none,0.05
2809,2021-11-25,2810,2815,2021-11-26,2021-12-03,-0.01168506669409286,0.0,-0.00012300604422499362,-0.005792786665039351,0.4446168313412103,0.5278189910979229,outer_05,none,0.05
2810,2021-11-26,2811,2816,2021-11-29,2021-12-06,-0.0036577243604600795,0.0,0.001363402906712885,0.004409829634190565,0.4836571720705238,0.5278189910979229,outer_05,none,0.05
2811,2021-11-29,2812,2817,2021-11-30,2021-12-07,-0.0034735799014704583,0.0,-0.0032999453854341,-0.0046057272822146444,0.49528681152294235,0.5278189910979229,outer_05,none,0.05
2812,2021-11-30,2813,2818,2021-12-01,2021-12-08,0.004881332873666544,1.0,-0.005916761422356309,-0.007528942694071006,0.5035509464736508,0.5278189910979229,outer_05,none,0.05
2813,2021-12-01,2814,2819,2021-12-02,2021-12-09,0.0008977265679099844,1.0,0.004189742119256934,0.006751588951948939,0.5125182006181133,0.5278189910979229,outer_05,none,0.05
2814,2021-12-02,2815,2820,2021-12-03,2021-12-10,0.003564925397948393,1.0,-0.007593803743882077,-0.013095288129699512,0.5074323560357746,0.5278189910979229,outer_05,none,0.05
2815,2021-12-03,2816,2821,2021-12-06,2021-12-13,0.0004320054376441007,1.0,0.00871558435151254,-0.018858215759941288,0.3871914358217376,0.5278189910979229,outer_05,none,0.05
2816,2021-12-06,2817,2822,2021-12-07,2021-12-14,0.003938426580447185,1.0,-0.003093552891715312,-0.025411428662889257,0.3749766945116215,0.5278189910979229,outer_05,none,0.05
2817,2021-12-07,2818,2823,2021-12-08,2021-12-15,-0.007401525336145021,0.0,0.003250501805166728,-0.026285862270924554,0.3877080780809832,0.5278189910979229,outer_05,none,0.05
2818,2021-12-08,2819,2824,2021-12-09,2021-12-16,-0.0026618611670485848,0.0,-0.0009364530425148843,-0.03661746409448163,0.3824147095808502,0.5278189910979229,outer_05,none,0.05
2819,2021-12-09,2820,2825,2021-12-10,2021-12-17,0.012533806280059068,1.0,-0.004137603510278254,-0.04765398844970026,0.3506126070536542,0.5278189910979229,outer_05,none,0.05
2820,2021-12-10,2821,2826,2021-12-13,2021-12-20,0.009790537809535316,1.0,0.004322720653496148,-0.0447160865418752,0.4201797573748243,0.5278189910979229,outer_05,none,0.05
2821,2021-12-13,2822,2827,2021-12-14,2021-12-21,0.0027119608429639896,1.0,0.002336259855114875,-0.04149977640270475,0.4761327271954817,0.5278189910979229,outer_05,none,0.05
2822,2021-12-14,2823,2828,2021-12-15,2021-12-22,0.009791360444470598,1.0,-0.009225463665726075,-0.043867651695978616,0.4872313890621861,0.5278189910979229,outer_05,none,0.05
2823,2021-12-15,2824,2829,2021-12-16,2021-12-23,0.0138436987670163,1.0,0.003670018523115104,-0.04956453896613677,0.40645849813748,0.5278189910979229,outer_05,none,0.05
2824,2021-12-16,2825,2830,2021-12-17,2021-12-27,0.004206023357588684,1.0,0.01226487714585911,-0.03269442583516824,0.37160126194047866,0.5278189910979229,outer_05,none,0.05
2825,2021-12-17,2826,2831,2021-12-20,2021-12-28,0.006223960111560345,1.0,-0.0005782596769412507,-0.026194796814068333,0.40141571690299893,0.5278189910979229,outer_05,none,0.05
2826,2021-12-20,2827,2832,2021-12-21,2021-12-29,0.00876203706540224,1.0,-0.004280608941949815,-0.00804995626793481,0.27303390855616927,0.5278189910979229,outer_05,none,0.05
2827,2021-12-21,2828,2833,2021-12-22,2021-12-30,0.008261519245635895,1.0,-0.0009332398908084016,-0.00036334061345932867,0.33470844236466457,0.5278189910979229,outer_05,none,0.05
2828,2021-12-22,2829,2834,2021-12-23,2021-12-31,0.006363057261899563,1.0,0.008301436527424322,0.008295845671827173,0.4469951746614792,0.5278189910979229,outer_05,none,0.05
2829,2021-12-23,2830,2835,2021-12-27,2022-01-03,0.01356232634260035,1.0,0.0023371095842668055,0.010755961300318972,0.482889529929597,0.5278189910979229,outer_05,none,0.05
2830,2021-12-27,2831,2836,2021-12-28,2022-01-04,-0.005030433877454499,0.0,0.0022433551421494613,0.011635913535755549,0.4729795068845938,0.5278189910979229,outer_05,none,0.05
2831,2021-12-28,2832,2837,2021-12-29,2022-01-05,0.004021660486174916,1.0,-0.0031454302526441325,0.011790428668545516,0.47336584592538294,0.5278189910979229,outer_05,none,0.05
2832,2021-12-29,2833,2838,2021-12-30,2022-01-06,0.0035143390617076165,1.0,-0.0012354469539825885,0.016471743136919237,0.4893840423420418,0.5278189910979229,outer_05,none,0.05
2833,2021-12-30,2834,2839,2021-12-31,2022-01-07,-0.013012480394888115,0.0,0.006178556148936032,0.018460557166598335,0.5113780301012033,0.5278189910979229,outer_05,none,0.05
2834,2021-12-31,2835,2840,2022-01-03,2022-01-10,-0.01968300350466734,0.0,0.00724062065160247,0.03329498156208288,0.5474081871624665,0.5278189910979229,outer_05,none,0.05
2835,2022-01-03,2836,2841,2022-01-04,2022-01-11,-0.0011379817874255238,0.0,-0.014917055086754338,0.009662342123816003,0.37117911087335986,0.5278189910979229,outer_05,none,0.05
2836,2022-01-04,2837,2842,2022-01-05,2022-01-12,0.0034672762709488936,1.0,0.00727967900762394,0.020035574023155256,0.4138486069421465,0.5278189910979229,outer_05,none,0.05
2837,2022-01-05,2838,2843,2022-01-06,2022-01-13,0.008647299086952387,1.0,-0.0021131683583410776,0.01467190385964745,0.48559014026725905,0.5278189910979229,outer_05,none,0.05
2838,2022-01-06,2839,2844,2022-01-07,2022-01-14,0.01678022692952741,1.0,-0.01156043705850518,0.004047919843657155,0.3462961564137656,0.5278189910979229,outer_05,none,0.05
2839,2022-01-07,2840,2845,2022-01-10,2022-01-17,0.01240222967148874,1.0,0.0036698107565955596,0.011855334110530968,0.3731978336474133,0.5278189910979229,outer_05,none,0.05
2840,2022-01-10,2841,2846,2022-01-11,2022-01-18,0.009871082837056733,1.0,0.0029961195178689337,0.010528732974903754,0.3962034603115179,0.5278189910979229,outer_05,none,0.05
2841,2022-01-11,2842,2847,2022-01-12,2022-01-19,-0.003334969053397252,0.0,0.01089679355201767,0.01908926667180655,0.4648121947986244,0.5278189910979229,outer_05,none,0.05
2842,2022-01-12,2843,2848,2022-01-13,2022-01-20,0.007866968379588002,1.0,0.002582542688853273,0.030897273026385896,0.4810389831930952,0.5278189910979229,outer_05,none,0.05
2843,2022-01-13,2844,2849,2022-01-14,2022-01-21,0.009708469343607362,1.0,-0.001880044951312776,0.025347209551958017,0.47549975817672685,0.5278189910979229,outer_05,none,0.05
2844,2022-01-14,2845,2850,2022-01-17,2022-01-24,0.008520015925099322,1.0,-0.0028404661636258766,0.01024186624247303,0.42938758191082604,0.5278189910979229,outer_05,none,0.05
2845,2022-01-17,2846,2851,2022-01-18,2022-01-25,0.013427786756275317,1.0,0.0008634320583711386,0.01168355797778542,0.5895835109281925,0.5278189910979229,outer_05,none,0.05
2846,2022-01-18,2847,2852,2022-01-19,2022-01-26,0.018249508951877047,1.0,-0.0029784128535848,0.012985754066150434,0.43915209750209205,0.5278189910979229,outer_05,none,0.05
2847,2022-01-19,2848,2853,2022-01-20,2022-01-27,-0.011098201664403007,0.0,0.014738946681475795,0.02865794063843463,0.42436045987824317,0.5278189910979229,outer_05,none,0.05
2848,2022-01-20,2849,2854,2022-01-21,2022-01-28,-0.023077778038381958,0.0,-0.000597800113451008,0.0197587039975593,0.41227627267501915,0.5278189910979229,outer_05,none,0.05
2849,2022-01-21,2850,2855,2022-01-24,2022-01-31,-0.024264966578743774,0.0,-0.002667277911160504,0.014754316502131992,0.3813271619906424,0.5278189910979229,outer_05,none,0.05
2850,2022-01-24,2851,2856,2022-01-25,2022-02-01,-0.024910912455882617,0.0,0.004638663596963077,0.01714962495694561,0.38541504890447514,0.5278189910979229,outer_05,none,0.05
2851,2022-01-25,2852,2857,2022-01-26,2022-02-02,-0.025474790031820405,0.0,0.0024547203352520697,0.02274977554484181,0.4902549064936932,0.5278189910979229,outer_05,none,0.05
2852,2022-01-26,2853,2858,2022-01-27,2022-02-03,-0.007141252848766655,0.0,-0.01573727498089106,0.00824794751793334,0.40985036076450065,0.5278189910979229,outer_05,none,0.05
2853,2022-01-27,2854,2859,2022-01-28,2022-02-04,0.004164243545750956,1.0,-0.012247286293039394,-0.010177894924042086,0.3854403685941904,0.5278189910979229,outer_05,none,0.05
2854,2022-01-28,2855,2860,2022-01-31,2022-02-07,0.01087991518838205,1.0,-0.002853736873762891,-0.020272252449407446,0.42916640778121845,0.5278189910979229,outer_05,none,0.05
2855,2022-01-31,2856,2861,2022-02-01,2022-02-08,0.0130932505985637,1.0,0.002953915525775841,-0.002401281836877267,0.38252099634604186,0.5278189910979229,outer_05,none,0.05
2856,2022-02-01,2857,2862,2022-02-02,2022-02-09,0.013637690444223693,1.0,0.002234712335368094,-0.007446248509133113,0.4321285592781169,0.5278189910979229,outer_05,none,0.05
2857,2022-02-02,2858,2863,2022-02-03,2022-02-10,0.01417730797217498,1.0,0.0033039921845094966,-0.002029087966282539,0.44710747058506367,0.5278189910979229,outer_05,none,0.05
2858,2022-02-03,2859,2864,2022-02-04,2022-02-11,0.01237874003663908,1.0,-0.0010964245479208046,0.008434924544301836,0.44066555086866444,0.5278189910979229,outer_05,none,0.05
2859,2022-02-04,2860,2865,2022-02-07,2022-02-14,0.025833839879159548,1.0,0.0016386548984401728,0.006403768686146449,0.43258284681991366,0.5278189910979229,outer_05,none,0.05
2860,2022-02-07,2861,2866,2022-02-08,2022-02-15,0.02674757277623563,1.0,0.006967440101345979,0.010375089269623494,0.43289195925978013,0.5278189910979229,outer_05,none,0.05
2861,2022-02-08,2862,2867,2022-02-09,2022-02-16,0.015262907786079971,1.0,0.0030440088114493946,0.0025223045290552193,0.44225285042205253,0.5278189910979229,outer_05,none,0.05
2862,2022-02-09,2863,2868,2022-02-10,2022-02-17,0.02004609892031528,1.0,0.003738832965074934,0.00367859480527688,0.473703452144069,0.5278189910979229,outer_05,none,0.05
2863,2022-02-10,2864,2869,2022-02-11,2022-02-18,0.03833565233365288,1.0,-0.0033446126674796517,0.0022140270891100045,0.3944874573280749,0.5278189910979229,outer_05,none,0.05
2864,2022-02-11,2865,2870,2022-02-14,2022-02-21,0.024841635015367736,1.0,0.01748951851994729,0.02254401177268317,0.5257005843672565,0.5278189910979229,outer_05,none,0.05
2865,2022-02-14,2866,2871,2022-02-15,2022-02-22,0.021906617374483517,1.0,0.006840529311419097,0.02852110902573113,0.6181551053482804,0.5278189910979229,outer_05,none,0.05
2866,2022-02-15,2867,2872,2022-02-16,2022-02-23,0.024026268037956378,1.0,-0.009868271540479867,0.02163125033883606,0.6000769399684626,0.5278189910979229,outer_05,none,0.05
2867,2022-02-16,2868,2873,2022-02-17,2022-02-24,0.021135074624430317,1.0,0.008403320493349575,0.015295624150709841,0.6347089854368392,0.5278189910979229,outer_05,none,0.05
2868,2022-02-17,2869,2874,2022-02-18,2022-02-25,0.004104925623587441,1.0,0.01552888063778024,0.03142230490194109,0.7101529216116079,0.5278189910979229,outer_05,none,0.05
2869,2022-02-18,2870,2875,2022-02-21,2022-02-28,0.009025969557978186,1.0,-0.00047950385443940036,0.03361007895866219,0.6823987908690781,0.5278189910979229,outer_05,none,0.05
2870,2022-02-21,2871,2876,2022-02-22,2022-03-01,-0.0019370212584783886,0.0,0.003220377441129685,0.0321917928028288,0.6875570711750855,0.5278189910979229,outer_05,none,0.05
2871,2022-02-22,2872,2877,2022-02-23,2022-03-02,0.022942839639425117,1.0,-0.0026091820081761696,0.02712789045940056,0.599949519188631,0.5278189910979229,outer_05,none,0.05
2872,2022-02-23,2873,2878,2022-02-24,2022-03-03,0.01014840465478617,1.0,0.005033400178564129,0.04789856561885575,0.6934848270265663,0.5278189910979229,outer_05,none,0.05
2873,2022-02-24,2874,2879,2022-02-25,2022-03-04,0.015726720227378976,1.0,-0.0022613701151437127,0.05788448179675143,0.7975899849883832,0.5278189910979229,outer_05,none,0.05
2874,2022-02-25,2875,2880,2022-02-28,2022-03-07,0.03121936624811994,1.0,-0.008185656541720654,0.05255256212879367,0.6364732310989752,0.5278189910979229,outer_05,none,0.05
2875,2022-02-28,2876,2881,2022-03-01,2022-03-08,0.045548427190213125,1.0,0.010541357874802593,0.06014000447782042,0.5639965941904623,0.5278189910979229,outer_05,none,0.05
2876,2022-03-01,2877,2882,2022-03-02,2022-03-09,0.05362179420565649,1.0,0.019157544763686474,0.0770628369061388,0.6719071158111043,0.5278189910979229,outer_05,none,0.05
2877,2022-03-02,2878,2883,2022-03-03,2022-03-10,0.03193220296397481,1.0,-0.009068483281026829,0.06469036144060247,0.6922578607114063,0.5278189910979229,outer_05,none,0.05
2878,2022-03-03,2879,2884,2022-03-04,2022-03-11,0.030825481428411905,1.0,0.004663291950962822,0.0704500779394861,0.6299168147352684,0.5278189910979229,outer_05,none,0.05
2879,2022-03-04,2880,2885,2022-03-07,2022-03-14,-0.00047469953421419575,0.0,0.016957368824534136,0.08576879186558006,0.6657557973924797,0.5278189910979229,outer_05,none,0.05
2880,2022-03-07,2881,2886,2022-03-08,2022-03-15,-0.02225120976715278,0.0,0.013864673138634487,0.09266602490286857,0.6556727812985309,0.5278189910979229,outer_05,none,0.05
2881,2022-03-08,2882,2887,2022-03-09,2022-03-16,-0.06546219512194806,0.0,0.026146733722162807,0.11576874981358198,0.7238087874849121,0.5278189910979229,outer_05,none,0.05
2882,2022-03-09,2883,2888,2022-03-10,2022-03-17,-0.03376358653321265,0.0,-0.028578038073256096,0.08345187877525095,0.663626309124255,0.5278189910979229,outer_05,none,0.05
2883,2022-03-10,2884,2889,2022-03-11,2022-03-18,-0.028015397313441603,0.0,0.0018152647648417286,0.08861175620757233,0.7622355567642735,0.5278189910979229,outer_05,none,0.05
2884,2022-03-11,2885,2890,2022-03-14,2022-03-21,-0.02797736280741514,0.0,-0.005420448664678723,0.06570178902294632,0.8340231892771484,0.5278189910979229,outer_05,none,0.05
2885,2022-03-14,2886,2891,2022-03-15,2022-03-22,-0.008818875433452611,0.0,-0.017162177646528498,0.04169908206499873,0.8383432053828223,0.5278189910979229,outer_05,none,0.05
2886,2022-03-15,2887,2892,2022-03-16,2022-03-23,0.0005935398054166541,1.0,-0.01751401707267064,0.034053336532807954,0.8138513480202433,0.5278189910979229,outer_05,none,0.05
2887,2022-03-16,2888,2893,2022-03-17,2022-03-24,0.009627707690623488,1.0,0.003784107638844958,0.029434123678303337,0.8228704405967915,0.5278189910979229,outer_05,none,0.05
2888,2022-03-17,2889,2894,2022-03-18,2022-03-25,0.00857208163054235,1.0,0.009169038661799078,0.023074281702322175,0.7983988904824557,0.5278189910979229,outer_05,none,0.05
2889,2022-03-18,2890,2895,2022-03-21,2022-03-28,0.015729283200831112,1.0,-0.011296162361096762,0.012257623195664813,0.7769861121232021,0.5278189910979229,outer_05,none,0.05
2890,2022-03-21,2891,2896,2022-03-22,2022-03-29,-0.007142739413683152,0.0,0.007350285319707162,0.01638753107424229,0.7529956966985418,0.5278189910979229,outer_05,none,0.05
2891,2022-03-22,2892,2897,2022-03-23,2022-03-30,-0.0005831237897506725,0.0,-0.006939070068757935,0.012057643013660524,0.7541392870944299,0.5278189910979229,outer_05,none,0.05
2892,2022-03-23,2893,2898,2022-03-24,2022-03-31,-0.00578722034440915,0.0,0.012068251341937675,0.01909249417703407,0.7350840054715649,0.5278189910979229,outer_05,none,0.05
2893,2022-03-24,2894,2899,2022-03-25,2022-04-01,-0.01116016552260124,0.0,0.006197143732062926,0.02755100802424071,0.6650505249307986,0.5278189910979229,outer_05,none,0.05
2894,2022-03-25,2895,2900,2022-03-28,2022-04-04,-0.016269658047061597,0.0,0.00014817880610351608,0.03588484337206488,0.6008502170871373,0.5278189910979229,outer_05,none,0.05
2895,2022-03-28,2896,2901,2022-03-29,2022-04-05,0.00525575619074381,1.0,-0.01826266386641784,0.007080821630844447,0.6040179155563352,0.5278189910979229,outer_05,none,0.05
2896,2022-03-29,2897,2902,2022-03-30,2022-04-06,0.0015039748876573,1.0,-0.00130690726804783,-0.013383630400889857,0.7105882411071018,0.5278189910979229,outer_05,none,0.05
2897,2022-03-30,2898,2903,2022-03-31,2022-04-07,-0.004702865380968646,0.0,0.007174704490445549,0.0028595573705825217,0.6704526907548712,0.5278189910979229,outer_05,none,0.05
2898,2022-03-31,2899,2904,2022-04-01,2022-04-08,-0.002807023014687715,0.0,0.0019379800949748116,0.00013424551459451095,0.65822124748425,0.5278189910979229,outer_05,none,0.05
2899,2022-04-01,2900,2905,2022-04-04,2022-04-11,0.01215511120834023,1.0,-0.006625302338182593,-0.023448425648122218,0.6754142286267284,0.5278189910979229,outer_05,none,0.05
2900,2022-04-04,2901,2906,2022-04-05,2022-04-12,0.01018864596034863,1.0,0.004475208477004777,-0.03283789030975193,0.6980004515351066,0.5278189910979229,outer_05,none,0.05
2901,2022-04-05,2902,2907,2022-04-06,2022-04-13,0.02251098958707143,1.0,-0.004719509633972052,-0.06370413366588679,0.8225794092398305,0.5278189910979229,outer_05,none,0.05
2902,2022-04-06,2903,2908,2022-04-07,2022-04-14,0.027198366802224427,1.0,0.0010339731204895841,-0.034092122472141106,0.7204696162698397,0.5278189910979229,outer_05,none,0.05
2903,2022-04-07,2904,2909,2022-04-08,2022-04-18,0.0208352076383731,1.0,0.0029246610041386845,-0.03298272623284415,0.7102205690894201,0.5278189910979229,outer_05,none,0.05
2904,2022-04-08,2905,2910,2022-04-11,2022-04-19,0.015255802688739273,1.0,0.007814050823257368,-0.01974822674490806,0.5459098321692843,0.5278189910979229,outer_05,none,0.05
2905,2022-04-11,2906,2911,2022-04-12,2022-04-20,-0.0012608661667137255,0.0,0.004311489526452661,0.0017254404280730995,0.40640415706064875,0.5278189910979229,outer_05,none,0.05
2906,2022-04-12,2907,2912,2022-04-13,2022-04-21,-0.00549094763732505,0.0,0.005901286893655211,0.02514074439439895,0.3922561942049969,0.5278189910979229,outer_05,none,0.05
2907,2022-04-13,2908,2913,2022-04-14,2022-04-22,-0.013673346211668047,0.0,0.005770602250092516,0.02712723900564651,0.4030250998800273,0.5278189910979229,outer_05,none,0.05
2908,2022-04-14,2909,2914,2022-04-18,2022-04-25,-0.020317668216195628,0.0,-0.0023133687027652172,0.015644831641082213,0.4938983930732986,0.5278189910979229,outer_05,none,0.05
2909,2022-04-18,2910,2915,2022-04-19,2022-04-26,-0.04076321109071834,0.0,0.0027935947720933996,0.029734588774272375,0.5173051783030197,0.5278189910979229,outer_05,none,0.05
2910,2022-04-19,2911,2916,2022-04-20,2022-04-27,-0.022709387053742702,0.0,-0.015031215562521183,0.00735308789204403,0.563537229424965,0.5278189910979229,outer_05,none,0.05
2911,2022-04-20,2912,2917,2022-04-21,2022-04-28,-0.03673447852428158,0.0,0.00432065625233502,0.018612814213136986,0.577801866763898,0.5278189910979229,outer_05,none,0.05
2912,2022-04-21,2913,2918,2022-04-22,2022-04-29,-0.028696067668121827,0.0,-0.003013275518399361,0.00353128735279995,0.5415557313365421,0.5278189910979229,outer_05,none,0.05
2913,2022-04-22,2914,2919,2022-04-25,2022-05-02,-0.01744820504873701,0.0,-0.010212131543784864,-0.01287798792304784,0.5899965604415037,0.5278189910979229,outer_05,none,0.05
2914,2022-04-25,2915,2920,2022-04-26,2022-05-03,-0.01866619498346811,0.0,-0.017882333011917773,-0.03090849974106913,0.6234897782781262,0.5278189910979229,outer_05,none,0.05
2915,2022-04-26,2916,2921,2022-04-27,2022-05-04,-0.020148851765911857,0.0,0.004453436948143263,-0.008192398926508027,0.5685253769174271,0.5278189910979229,outer_05,none,0.05
2916,2022-04-27,2917,2922,2022-04-28,2022-05-05,-0.0019005256053699071,0.0,-0.0108713063018957,-0.017756797960355897,0.6155939000626593,0.5278189910979229,outer_05,none,0.05
2917,2022-04-28,2918,2923,2022-04-29,2022-05-06,-0.009975131831911455,0.0,0.004598195812603123,-0.020333306638198323,0.6093429583094468,0.5278189910979229,outer_05,none,0.05
2918,2022-04-29,2919,2924,2022-05-02,2022-05-09,-0.008369621258743187,0.0,0.0011607539871967276,-0.021110532745976407,0.6329351121286967,0.5278189910979229,outer_05,none,0.05
2919,2022-05-02,2920,2925,2022-05-03,2022-05-10,-0.00549957529552092,0.0,-0.017667091604524288,-0.0321523220123181,0.6853952348554684,0.5278189910979229,outer_05,none,0.05
2920,2022-05-03,2921,2926,2022-05-04,2022-05-11,-0.015662623024136124,0.0,0.0025728864274405794,-0.0340546440618823,0.6846133794377101,0.5278189910979229,outer_05,none,0.05
2921,2022-05-04,2922,2927,2022-05-05,2022-05-12,-0.016345196470204826,0.0,0.0073285018211244335,-0.022006632606785814,0.60250447314294,0.5278189910979229,outer_05,none,0.05
2922,2022-05-05,2923,2928,2022-05-06,2022-05-13,-0.02902123956457192,0.0,-0.0024208899943785056,-0.025461495721653904,0.623713542529023,0.5278189910979229,outer_05,none,0.05
2923,2022-05-06,2924,2929,2022-05-09,2022-05-16,-0.03739425730563628,0.0,0.0027503162643203183,-0.02563584046147227,0.5674394020854052,0.5278189910979229,outer_05,none,0.05
2924,2022-05-09,2925,2930,2022-05-10,2022-05-17,-0.015372077246571969,0.0,-0.01511603785462956,-0.0485659291393592,0.6423110573719659,0.5278189910979229,outer_05,none,0.05
2925,2022-05-10,2926,2931,2022-05-11,2022-05-18,-0.013483793234881247,0.0,-0.008606991224898941,-0.0614844098907108,0.6925733208125241,0.5278189910979229,outer_05,none,0.05
2926,2022-05-11,2927,2932,2022-05-12,2022-05-19,-0.019129737861963036,0.0,0.007619518023623151,-0.05976617876074286,0.6732968161040271,0.5278189910979229,outer_05,none,0.05
2927,2022-05-12,2928,2933,2022-05-13,2022-05-20,0.010522563757956682,1.0,-0.01652624269623093,-0.08206302370706631,0.6412572665349805,0.5278189910979229,outer_05,none,0.05
2928,2022-05-13,2929,2934,2022-05-16,2022-05-23,0.018360663016262713,1.0,-0.005658315404822645,-0.08540797040912373,0.6627330458950925,0.5278189910979229,outer_05,none,0.05
2929,2022-05-16,2930,2935,2022-05-17,2022-05-24,0.01541524442225839,1.0,0.007221359874930222,-0.08098020530628691,0.6630646394979107,0.5278189910979229,outer_05,none,0.05
2930,2022-05-17,2931,2936,2022-05-18,2022-05-25,0.027662454291119687,1.0,-0.005643941989975865,-0.0715929317337416,0.6826612045416581,0.5278189910979229,outer_05,none,0.05
2931,2022-05-18,2932,2937,2022-05-19,2022-05-26,0.01984785911492537,1.0,0.0015584261401242472,-0.07435516184595237,0.7085681721737976,0.5278189910979229,outer_05,none,0.05
2932,2022-05-19,2933,2938,2022-05-20,2022-05-27,0.0047230449554280796,1.0,0.013021843036153946,-0.05832004329139906,0.7070512153301928,0.5278189910979229,outer_05,none,0.05
2933,2022-05-20,2934,2939,2022-05-23,2022-05-30,0.0023188008843977315,1.0,0.002462788208303479,-0.04564512353931072,0.6647354186345307,0.5278189910979229,outer_05,none,0.05
2934,2022-05-23,2935,2940,2022-05-24,2022-05-31,0.0014719642053524495,1.0,0.004265666821006597,-0.023497123706386347,0.5544730396292835,0.5278189910979229,outer_05,none,0.05
2935,2022-05-24,2936,2941,2022-05-25,2022-06-01,-0.015397470039127725,0.0,0.006742432270037568,-0.021208128384492042,0.5527122044249313,0.5278189910979229,outer_05,none,0.05
2936,2022-05-25,2937,2942,2022-05-26,2022-06-02,-0.0030217464240438474,0.0,-0.006639934286191362,-0.016976756368787704,0.6442562188589765,0.5278189910979229,outer_05,none,0.05
2937,2022-05-26,2938,2943,2022-05-27,2022-06-03,0.009770391991766658,1.0,-0.0015871990893607801,-0.023162151270751608,0.6375024959474472,0.5278189910979229,outer_05,none,0.05
2938,2022-05-27,2939,2944,2022-05-30,2022-06-06,-0.0009074214730899754,0.0,0.0011501609063104823,-0.023172744351637853,0.7120031531336265,0.5278189910979229,outer_05,none,0.05
2939,2022-05-30,2940,2945,2022-05-31,2022-06-07,-0.008244970722903311,0.0,0.0011434490253652285,-0.004362203721748337,0.7005145910393422,0.5278189910979229,outer_05,none,0.05
2940,2022-05-31,2941,2946,2022-06-01,2022-06-08,0.008576205223216782,1.0,-0.009119130926312558,-0.016054221075501474,0.7021851695610942,0.5278189910979229,outer_05,none,0.05
2941,2022-06-01,2942,2947,2022-06-02,2022-06-09,0.003032541305111991,1.0,0.0045482995177277274,-0.01883442337889818,0.6859455308906113,0.5278189910979229,outer_05,none,0.05
2942,2022-06-02,2943,2948,2022-06-03,2022-06-10,-0.011338655002596454,0.0,0.011693269171111353,-0.004720264213408321,0.535513356940848,0.5278189910979229,outer_05,none,0.05
2943,2022-06-03,2944,2949,2022-06-06,2022-06-13,0.01482557540066054,1.0,-0.00924857110676669,-0.01671915158449533,0.6347561349219619,0.5278189910979229,outer_05,none,0.05
2944,2022-06-06,2945,2950,2022-06-07,2022-06-14,-0.014081811756841311,0.0,-0.004884530329913872,-0.00648764405977964,0.6058693992829998,0.5278189910979229,outer_05,none,0.05
2945,2022-06-07,2946,2951,2022-06-08,2022-06-15,-0.024728914367725174,0.0,0.005343596489407965,0.007462943654527265,0.6049444428742584,0.5278189910979229,outer_05,none,0.05
2946,2022-06-08,2947,2952,2022-06-09,2022-06-16,-0.010673467562507533,0.0,0.0004426641978545476,0.0002860898287586622,0.6229106716359191,0.5278189910979229,outer_05,none,0.05
2947,2022-06-09,2948,2953,2022-06-10,2022-06-17,0.003161045614229252,1.0,-0.0026426948153561725,0.01416963770963342,0.6244628952817598,0.5278189910979229,outer_05,none,0.05
2948,2022-06-10,2949,2954,2022-06-13,2022-06-20,-0.022773599999420746,0.0,0.012706145655474899,0.032534098769930964,0.5510898553178311,0.5278189910979229,outer_05,none,0.05
2949,2022-06-13,2950,2955,2022-06-14,2022-06-21,0.012439864539185663,1.0,-0.028430280320592693,-0.003117541425591952,0.4843551112369828,0.5278189910979229,outer_05,none,0.05
2950,2022-06-14,2951,2956,2022-06-15,2022-06-22,0.013776116363581892,1.0,-0.005401813367793551,-0.0028754128034096382,0.5584700611396575,0.5278189910979229,outer_05,none,0.05
2951,2022-06-15,2952,2957,2022-06-16,2022-06-23,0.0022341872495870163,1.0,0.0134283999006799,0.008994560957146014,0.5290765559968142,0.5278189910979229,outer_05,none,0.05
2952,2022-06-16,2953,2958,2022-06-17,2022-06-24,-0.016180218709203942,0.0,0.01230287803691521,0.008275595957907278,0.5677089463770832,0.5278189910979229,outer_05,none,0.05
2953,2022-06-17,2954,2959,2022-06-20,2022-06-27,-4.902321250099817e-05,0.0,-0.008699329381602894,-0.002886521631999095,0.5115613636617183,0.5278189910979229,outer_05,none,0.05
2954,2022-06-20,2955,2960,2022-06-21,2022-06-28,-0.008261394045327108,0.0,-0.001076438072844077,-0.00822862652584977,0.6274036335499573,0.5278189910979229,outer_05,none,0.05
2955,2022-06-21,2956,2961,2022-06-22,2022-06-29,-0.007251806383538728,0.0,-0.0027234467324017686,-0.017694505528289106,0.6936230195645073,0.5278189910979229,outer_05,none,0.05
2956,2022-06-22,2957,2962,2022-06-23,2022-06-30,-0.010505850170607012,0.0,0.002674490186765688,-0.008380081055332056,0.6909999974774724,0.5278189910979229,outer_05,none,0.05
2957,2022-06-23,2958,2963,2022-06-24,2022-07-01,-0.009464383905557483,0.0,-0.008231488182338431,-0.015024370148309707,0.6959259755483969,0.5278189910979229,outer_05,none,0.05
2958,2022-06-24,2959,2964,2022-06-27,2022-07-04,-0.013385700641174836,0.0,0.002284513151614931,-0.013890017903005258,0.6709201003908154,0.5278189910979229,outer_05,none,0.05
2959,2022-06-27,2960,2965,2022-06-28,2022-07-05,-0.008097879320268397,0.0,-0.0025587863294171953,-0.017592253257787682,0.5938915746264797,0.5278189910979229,outer_05,none,0.05
2960,2022-06-28,2961,2966,2022-06-29,2022-07-06,-0.029578811896753265,0.0,-0.0011692472862590009,-0.009642369617734126,0.6116823452277899,0.5278189910979229,outer_05,none,0.05
2961,2022-06-29,2962,2967,2022-06-30,2022-07-07,-0.04381239250101565,0.0,-0.001302602365631067,-0.01549327150109292,0.6480163287973911,0.5278189910979229,outer_05,none,0.05
2962,2022-06-30,2963,2968,2022-07-01,2022-07-08,-0.03725016543722148,0.0,-0.006117947813282676,-0.03330448848548695,0.6784800888456523,0.5278189910979229,outer_05,none,0.05
2963,2022-07-01,2964,2969,2022-07-04,2022-07-11,-0.039594193656849797,0.0,0.0009844861280203787,-0.02307143125069988,0.5515990683430031,0.5278189910979229,outer_05,none,0.05
2964,2022-07-04,2965,2970,2022-07-05,2022-07-12,-0.04201074066004207,0.0,-0.0005750876614190048,-0.018761988582205014,0.6056763133600721,0.5278189910979229,outer_05,none,0.05
2965,2022-07-05,2966,2971,2022-07-06,2022-07-13,-0.023071161562924658,0.0,-0.024253248977569086,-0.048358834049182065,0.6390894748425329,0.5278189910979229,outer_05,none,0.05
2966,2022-07-06,2967,2972,2022-07-07,2022-07-14,-0.002508834018223105,0.0,-0.014556463963984356,-0.06335796221102097,0.6970901779121108,0.5278189910979229,outer_05,none,0.05
2967,2022-07-07,2968,2973,2022-07-08,2022-07-15,-0.019926156260288153,0.0,0.0005805982624433881,-0.06013466913322141,0.6762942904147831,0.5278189910979229,outer_05,none,0.05
2968,2022-07-08,2969,2974,2022-07-11,2022-07-18,-0.019943813192459636,0.0,0.0013553328095365913,-0.07148548197915972,0.6571750107737379,0.5278189910979229,outer_05,none,0.05
2969,2022-07-11,2970,2975,2022-07-12,2022-07-19,-0.01368949554571497,0.0,-0.004849756519049286,-0.04790495817761631,0.6736021002240913,0.5278189910979229,outer_05,none,0.05
2970,2022-07-12,2971,2976,2022-07-13,2022-07-20,-0.008367081076936067,0.0,-0.004583677330587399,-0.047086822140410156,0.7116470511542498,0.5278189910979229,outer_05,none,0.05
2971,2022-07-13,2972,2977,2022-07-14,2022-07-21,-0.022767124934379268,0.0,0.00543105928824783,-0.055084162752842225,0.6588539335668149,0.5278189910979229,outer_05,none,0.05
2972,2022-07-14,2973,2978,2022-07-15,2022-07-22,0.006857022872220675,1.0,-0.014960179857657074,-0.08234722064741451,0.7066159697410598,0.5278189910979229,outer_05,none,0.05
2973,2022-07-15,2974,2979,2022-07-18,2022-07-25,0.011609782782607603,1.0,-0.0014047247879158675,-0.07505261605372748,0.7084998515873525,0.5278189910979229,outer_05,none,0.05
2974,2022-07-18,2975,2980,2022-07-19,2022-07-26,0.005313344531090003,1.0,0.0009776631119651213,-0.07299851486891829,0.7394929094699153,0.5278189910979229,outer_05,none,0.05
2975,2022-07-19,2976,2981,2022-07-20,2022-07-27,0.003453066274507144,1.0,0.00150268259993247,-0.06877238553658405,0.7232635131301894,0.5278189910979229,outer_05,none,0.05
2976,2022-07-20,2977,2982,2022-07-21,2022-07-28,0.022029389747840078,1.0,-0.008820246789437824,-0.08026712251278756,0.7687190743227607,0.5278189910979229,outer_05,none,0.05
2977,2022-07-21,2978,2983,2022-07-22,2022-07-29,0.02147908260873521,1.0,0.01269224267006308,-0.05934339166038605,0.6824547525619507,0.5278189910979229,outer_05,none,0.05
2978,2022-07-22,2979,2984,2022-07-25,2022-08-01,0.021831713824866483,1.0,0.005328578480956914,-0.056299326331044064,0.6430695875884626,0.5278189910979229,outer_05,none,0.05
2979,2022-07-25,2980,2985,2022-07-26,2022-08-02,0.03013846685910604,1.0,-0.004490843109784315,-0.058231383111411184,0.6949024956542205,0.5278189910979229,outer_05,none,0.05
2980,2022-07-26,2981,2986,2022-07-27,2022-08-03,0.025240943764895718,1.0,-0.001419909224723348,-0.05848204504987553,0.713011288701968,0.5278189910979229,outer_05,none,0.05
2981,2022-07-27,2982,2987,2022-07-28,2022-08-04,0.017664780093396004,1.0,0.009926114301846312,-0.04725332838239815,0.7607962171049157,0.5278189910979229,outer_05,none,0.05
2982,2022-07-28,2983,2988,2022-07-29,2022-08-05,0.020112119892187863,1.0,0.01232050792238848,-0.028814872646726997,0.6070713081403318,0.5278189910979229,outer_05,none,0.05
2983,2022-07-29,2984,2989,2022-08-01,2022-08-08,0.003727285012191217,1.0,0.005775422589264778,-0.024023936185482597,0.5994653674714171,0.5278189910979229,outer_05,none,0.05
2984,2022-08-01,2985,2990,2022-08-02,2022-08-09,0.009588641331588654,1.0,0.0034594677985131383,-0.019989380725550454,0.5510075668418394,0.5278189910979229,outer_05,none,0.05
2985,2022-08-02,2986,2991,2022-08-03,2022-08-10,0.018696759266524587,1.0,-0.006272026357342142,-0.00200815810532351,0.5125976332270249,0.5278189910979229,outer_05,none,0.05
2986,2022-08-03,2987,2992,2022-08-04,2022-08-11,0.015033903592619247,1.0,0.00251240026555255,0.015060706124213397,0.5995843871966231,0.5278189910979229,outer_05,none,0.05
2987,2022-08-04,2988,2993,2022-08-05,2022-08-12,-0.0006367363568156037,0.0,0.014429761703870447,0.028909869565640456,0.6039530514653889,0.5278189910979229,outer_05,none,0.05
2988,2022-08-05,2989,2994,2022-08-08,2022-08-15,0.01710534144499576,1.0,-0.008809690936703696,0.01874484581940017,0.5696222184128611,0.5278189910979229,outer_05,none,0.05
2989,2022-08-08,2990,2995,2022-08-09,2022-08-16,-0.005122726578091097,0.0,0.007608610378584402,0.031203212717033857,0.6018927780571114,0.5278189910979229,outer_05,none,0.05
2990,2022-08-09,2991,2996,2022-08-10,2022-08-17,-0.010520339252618527,0.0,0.0029749218907459962,0.03876181193836725,0.636015795596685,0.5278189910979229,outer_05,none,0.05
2991,2022-08-10,2992,2997,2022-08-11,2022-08-18,-0.01664965553791653,0.0,-0.0011822112069781454,0.032148541443141276,0.6269036975494964,0.5278189910979229,outer_05,none,0.05
2992,2022-08-11,2993,2998,2022-08-12,2022-08-19,-0.01739811408374692,0.0,-0.0015356139748661235,0.04557310732593223,0.579148586566344,0.5278189910979229,outer_05,none,0.05
2993,2022-08-12,2994,2999,2022-08-15,2022-08-22,-0.031216427077072062,0.0,0.006783538401810674,0.05376137051565877,0.618025830683346,0.5278189910979229,outer_05,none,0.05
2994,2022-08-15,2995,3000,2022-08-16,2022-08-23,-0.02495997767673952,0.0,-0.012398791635856554,0.04038491576783709,0.5631263212209132,0.5278189910979229,outer_05,none,0.05
2995,2022-08-16,2996,3001,2022-08-17,2022-08-24,-0.015945209104661018,0.0,-0.002227924226979816,0.03665430894092481,0.5756745990845197,0.5278189910979229,outer_05,none,0.05
2996,2022-08-17,2997,3002,2022-08-18,2022-08-25,-0.006289382603662297,0.0,-0.0076100167681314446,0.03786453896223119,0.5947071873233436,0.5278189910979229,outer_05,none,0.05
2997,2022-08-18,2998,3003,2022-08-19,2022-08-26,-0.0002217490321774207,0.0,-0.0020565968877939156,0.02311569940437419,0.5946853272464336,0.5278189910979229,outer_05,none,0.05
2998,2022-08-19,2999,3004,2022-08-22,2022-08-29,-0.006070422693499999,0.0,-0.006332637560174881,0.011454483363242396,0.4597020048817933,0.5278189910979229,outer_05,none,0.05
2999,2022-08-22,3000,3005,2022-08-23,2022-08-30,0.0011975980381278006,1.0,-0.006390275030648596,0.009555051442378115,0.5558361091129504,0.5278189910979229,outer_05,none,0.05
3000,2022-08-23,3001,3006,2022-08-24,2022-08-31,-0.013984549562657378,0.0,0.006682114681138884,0.017657075348240348,0.6609639104488069,0.5278189910979229,outer_05,none,0.05
3001,2022-08-24,3002,3007,2022-08-25,2022-09-01,-0.023313960647747045,0.0,0.002000526519703172,0.009731487566097208,0.5991808528551155,0.5278189910979229,outer_05,none,0.05
3002,2022-08-25,3003,3008,2022-08-26,2022-09-02,-0.0352858983817157,0.0,0.004176751344700413,0.0015877309884091417,0.4976602779244726,0.5278189910979229,outer_05,none,0.05
3003,2022-08-26,3004,3009,2022-08-29,2022-09-05,-0.014149578638865457,0.0,-0.011748354877608946,-0.015936046478464583,0.5453449822556309,0.5278189910979229,outer_05,none,0.05
3004,2022-08-29,3005,3010,2022-08-30,2022-09-06,-0.015786993302821628,0.0,-0.00036253463897573113,-0.019758048915953452,0.607074898852542,0.5278189910979229,outer_05,none,0.05
3005,2022-08-30,3006,3011,2022-08-31,2022-09-07,-0.012501075115403104,0.0,-0.007637947048385385,-0.021123969606996695,0.6151936308719808,0.5278189910979229,outer_05,none,0.05
3006,2022-08-31,3007,3012,2022-09-01,2022-09-08,0.004391151290128903,1.0,-0.00770842365832447,-0.031344793530873716,0.5389155134457878,0.5278189910979229,outer_05,none,0.05
3007,2022-09-01,3008,3013,2022-09-02,2022-09-09,0.00651743512894587,1.0,-0.007886115259694293,-0.053660670494438456,0.3271149860333856,0.5278189910979229,outer_05,none,0.05
3008,2022-09-02,3009,3014,2022-09-05,2022-09-12,0.0040931331088147616,1.0,0.008931746340690161,-0.0359192332170446,0.4194088002038459,0.5278189910979229,outer_05,none,0.05
3009,2022-09-05,3010,3015,2022-09-06,2022-09-13,0.008092825873382559,1.0,-0.001583476089372482,-0.04511131968500148,0.5375378085435398,0.5278189910979229,outer_05,none,0.05
3010,2022-09-06,3011,3016,2022-09-07,2022-09-14,-0.0004172506767394779,0.0,-0.004789031330747484,-0.05287527290649496,0.3648473970180383,0.5278189910979229,outer_05,none,0.05
3011,2022-09-07,3012,3017,2022-09-08,2022-09-15,-0.012306442526751837,0.0,0.009572696683087578,-0.04212036501642924,0.4546392087758552,0.5278189910979229,outer_05,none,0.05
3012,2022-09-08,3013,3018,2022-09-09,2022-09-16,-0.026070208510616588,0.0,-0.005749003924711893,-0.04633375496627501,0.6022992636780895,0.5278189910979229,outer_05,none,0.05
3013,2022-09-09,3014,3019,2022-09-12,2022-09-19,-0.025673262945756115,0.0,0.004922249644871535,-0.04819504372321415,0.509880347839569,0.5278189910979229,outer_05,none,0.05
3014,2022-09-12,3015,3020,2022-09-13,2022-09-20,-0.02860421518152023,0.0,0.004556107766851447,-0.031240144320506147,0.4671129137770689,0.5278189910979229,outer_05,none,0.05
3015,2022-09-13,3016,3021,2022-09-14,2022-09-21,-0.021694190988528206,0.0,-0.013055297608788763,-0.042067517702315094,0.566504041831521,0.5278189910979229,outer_05,none,0.05
3016,2022-09-14,3017,3022,2022-09-15,2022-09-22,-0.01562606005239342,0.0,-0.0029179237570797767,-0.037375424691263426,0.5027800015309664,0.5278189910979229,outer_05,none,0.05
3017,2022-09-15,3018,3023,2022-09-16,2022-09-23,0.004046561902268486,1.0,-0.019513278578534354,-0.054832106382003865,0.6037090760162283,0.5278189910979229,outer_05,none,0.05
3018,2022-09-16,3019,3024,2022-09-19,2022-09-26,-0.01875363797092522,0.0,0.0062583111642728895,-0.042241157657556094,0.5840751363560486,0.5278189910979229,outer_05,none,0.05
3019,2022-09-19,3020,3025,2022-09-20,2022-09-27,-0.03180297972211488,0.0,0.00041782065358120235,-0.035433061973326296,0.6341533131710622,0.5278189910979229,outer_05,none,0.05
3020,2022-09-20,3021,3026,2022-09-21,2022-09-28,-0.021168569531883286,0.0,-0.0065559871635461064,-0.04867116381801129,0.6338130708450299,0.5278189910979229,outer_05,none,0.05
3021,2022-09-21,3022,3027,2022-09-22,2022-09-29,-0.006916952428383638,0.0,0.005373699837522672,-0.04529799050019179,0.5976008028856755,0.5278189910979229,outer_05,none,0.05
3022,2022-09-22,3023,3028,2022-09-23,2022-09-30,-0.006325830275945243,0.0,-0.0015366726593253333,-0.051011414504217534,0.5851198728399489,0.5278189910979229,outer_05,none,0.05
3023,2022-09-23,3024,3029,2022-09-26,2022-10-03,0.011684014968063927,1.0,-0.015856642337809035,-0.05511970196441762,0.589468860698765,0.5278189910979229,outer_05,none,0.05
3024,2022-09-26,3025,3030,2022-09-27,2022-10-04,0.04531589795655222,1.0,-0.013754819324159229,-0.06851198664960112,0.5031145600521796,0.5278189910979229,outer_05,none,0.05
3025,2022-09-27,3026,3031,2022-09-28,2022-10-05,0.0567090637365002,1.0,0.004158010148664459,-0.056716029452551275,0.6254558253999074,0.5278189910979229,outer_05,none,0.05
3026,2022-09-28,3027,3032,2022-09-29,2022-10-06,0.03344032336994385,1.0,0.018680766035447327,-0.030326839758779478,0.5099396645553641,0.5278189910979229,outer_05,none,0.05
3027,2022-09-29,3028,3033,2022-09-30,2022-10-07,0.030167940929886505,1.0,0.0003854957281808069,-0.022055228770904378,0.4794457046677606,0.5278189910979229,outer_05,none,0.05
3028,2022-09-30,3029,3034,2022-10-03,2022-10-10,0.019841294749718408,1.0,0.00016258644968036862,-0.03082438866191417,0.45725764842065314,0.5278189910979229,outer_05,none,0.05
3029,2022-10-03,3030,3035,2022-10-04,2022-10-11,-0.01816600884826336,0.0,0.02311130388728344,-0.006129608685258248,0.26117384741995026,0.5278189910979229,outer_05,none,0.05
3030,2022-10-04,3031,3036,2022-10-05,2022-10-12,-0.034621859363384466,0.0,0.015598863851577605,0.014258286497066841,0.3702129010462498,0.5278189910979229,outer_05,none,0.05
3031,2022-10-05,3032,3037,2022-10-06,2022-10-13,-0.024825476161823623,0.0,-0.005861882415516995,-0.0011762926015377317,0.46356796159371666,0.5278189910979229,outer_05,none,0.05
3032,2022-10-06,3033,3038,2022-10-07,2022-10-14,-0.027018029095736473,0.0,-0.0021932263789086193,0.002379484944265542,0.4723776310963382,0.5278189910979229,outer_05,none,0.05
3033,2022-10-07,3034,3039,2022-10-10,2022-10-17,-0.03034588506727154,0.0,-0.010383711950868069,-0.012926476651474061,0.553008014957718,0.5278189910979229,outer_05,none,0.05
3034,2022-10-10,3035,3040,2022-10-11,2022-10-18,-0.01063714795915427,0.0,-0.01592145038394044,-0.03340403480226595,0.6059439946776207,0.5278189910979229,outer_05,none,0.05
3035,2022-10-11,3036,3041,2022-10-12,2022-10-19,-0.008661402653984851,0.0,-0.0011577234334403386,-0.021506460626917523,0.4323818501218234,0.5278189910979229,outer_05,none,0.05
3036,2022-10-12,3037,3042,2022-10-13,2022-10-20,-0.027150112232546597,0.0,0.004204580915255107,-0.014383955954582639,0.4849473802591285,0.5278189910979229,outer_05,none,0.05
3037,2022-10-13,3038,3043,2022-10-14,2022-10-21,-0.022978910405004882,0.0,-0.004150564007949775,0.0009787586160019401,0.4699871072915236,0.5278189910979229,outer_05,none,0.05
3038,2022-10-14,3039,3044,2022-10-17,2022-10-24,0.008446220998372667,1.0,-0.013230902755918095,-0.018510455304189044,0.49315867553297904,0.5278189910979229,outer_05,none,0.05
3039,2022-10-17,3040,3045,2022-10-18,2022-10-25,-0.0004060273912163126,0.0,0.0038120026979875377,-0.015116273259782709,0.49743037523371925,0.5278189910979229,outer_05,none,0.05
3040,2022-10-18,3041,3046,2022-10-19,2022-10-26,0.00016343380513372807,1.0,0.0008175649738202395,-0.007742721122416363,0.4799381023893776,0.5278189910979229,outer_05,none,0.05
3041,2022-10-19,3042,3047,2022-10-20,2022-10-27,0.021302983184517288,1.0,-0.013965779439594428,-0.027082200399533463,0.5294504624078838,0.5278189910979229,outer_05,none,0.05
3042,2022-10-20,3043,3048,2022-10-21,2022-10-28,0.020839974971232245,1.0,-0.0006017734074950098,-0.02614730114770314,0.5284378169504809,0.5278189910979229,outer_05,none,0.05
3043,2022-10-21,3044,3049,2022-10-24,2022-10-31,-0.010185447055704344,0.0,0.01783717878626767,0.007546519976373567,0.3509115220072534,0.5278189910979229,outer_05,none,0.05
3044,2022-10-24,3045,3050,2022-10-25,2022-11-01,-0.010320989913341627,0.0,-0.0048205398350837925,0.016480799465449003,0.3678607266660267,0.5278189910979229,outer_05,none,0.05
3045,2022-10-25,3046,3051,2022-10-26,2022-11-02,-0.0030308931596616517,0.0,0.0022528806418256053,0.014575669958610149,0.3803594544144371,0.5278189910979229,outer_05,none,0.05
3046,2022-10-26,3047,3052,2022-10-27,2022-11-03,-0.018079684420442277,0.0,0.00695665463415196,0.0028515585573147817,0.3654159443403252,0.5278189910979229,outer_05,none,0.05
3047,2022-10-27,3048,3053,2022-10-28,2022-11-04,-0.020459284566172187,0.0,-0.0008173372091002662,0.0016487256200337086,0.36125554558652323,0.5278189910979229,outer_05,none,0.05
3048,2022-10-28,3049,3054,2022-10-31,2022-11-07,0.01894322602314613,1.0,-0.011282338392394564,-0.009796199222041224,0.3827695423967849,0.5278189910979229,outer_05,none,0.05
3049,2022-10-31,3050,3055,2022-11-01,2022-11-08,0.02542038347113529,1.0,-0.006735511224413848,-0.03964301433373851,0.4788928443811462,0.5278189910979229,outer_05,none,0.05
3050,2022-11-01,3051,3056,2022-11-02,2022-11-09,0.038731879649040124,1.0,0.008594417192448134,-0.046647460992867984,0.5272866773860745,0.5278189910979229,outer_05,none,0.05
3051,2022-11-02,3052,3057,2022-11-03,2022-11-10,0.04294345019684975,1.0,-0.007670482634288156,-0.048456061211639145,0.529923642917213,0.5278189910979229,outer_05,none,0.05
3052,2022-11-03,3053,3058,2022-11-04,2022-11-11,0.0737417576518764,1.0,-0.0033817138047025352,-0.04964454863743306,0.5021797797226873,0.5278189910979229,outer_05,none,0.05
3053,2022-11-04,3054,3059,2022-11-07,2022-11-14,0.05175484576363498,1.0,0.03096001789941827,-0.008300818787146724,0.22107378027295313,0.5278189910979229,outer_05,none,0.05
3054,2022-11-07,3055,3060,2022-11-08,2022-11-15,0.05558760114936501,1.0,-0.0032656982034211524,0.004354933393372562,0.3109958618468013,0.5278189910979229,outer_05,none,0.05
3055,2022-11-08,3056,3061,2022-11-09,2022-11-16,0.037551905291135945,1.0,0.021856793373951966,0.027369450200764867,0.38871227084817855,0.5278189910979229,outer_05,none,0.05
3056,2022-11-09,3057,3062,2022-11-10,2022-11-17,0.03877044891136627,1.0,-0.003164439286099885,0.020000429999409874,0.42302843620138925,0.5278189910979229,outer_05,none,0.05
3057,2022-11-10,3058,3063,2022-11-11,2022-11-18,0.003944104756860689,1.0,0.028051746928307253,0.0522027409356669,0.5207103331871985,0.5278189910979229,outer_05,none,0.05
3058,2022-11-11,3059,3064,2022-11-14,2022-11-21,-0.006937022944542903,0.0,0.008321964961871764,0.07375560865345676,0.505242729877751,0.5278189910979229,outer_05,none,0.05
3059,2022-11-14,3060,3065,2022-11-15,2022-11-22,-0.018117087969045542,0.0,0.0005308874982086209,0.07047449345367784,0.5366061040898984,0.5278189910979229,outer_05,none,0.05
3060,2022-11-15,3061,3066,2022-11-16,2022-11-23,-0.021480648082997433,0.0,0.00429882824722938,0.07395575672708699,0.4261191537284379,0.5278189910979229,outer_05,none,0.05
3061,2022-11-16,3062,3067,2022-11-17,2022-11-24,-0.013612216903713836,0.0,-0.0027755041730062047,0.08514603199367521,0.5893537199844912,0.5278189910979229,outer_05,none,0.05
3062,2022-11-17,3063,3068,2022-11-18,2022-11-25,-0.0032201383013203966,0.0,-0.007708105035612256,0.07803970036555796,0.5923145410904097,0.5278189910979229,outer_05,none,0.05
3063,2022-11-18,3064,3069,2022-11-21,2022-11-28,0.0017858013606426582,1.0,-0.005240475204426609,0.05496204637486368,0.5247315241164032,0.5278189910979229,outer_05,none,0.05
3064,2022-11-21,3065,3070,2022-11-22,2022-11-29,0.0006956202079342333,1.0,-0.007578747091664617,0.05220383911828286,0.4749038924683349,0.5278189910979229,outer_05,none,0.05
3065,2022-11-22,3066,3071,2022-11-23,2022-11-30,0.005382135061436699,1.0,0.0012766987000345509,0.0512276571764918,0.4429158368897004,0.5278189910979229,outer_05,none,0.05
3066,2022-11-23,3067,3072,2022-11-24,2022-12-01,0.011021008058469839,1.0,0.005405000305124474,0.04967600284746432,0.5149993826897897,0.5278189910979229,outer_05,none,0.05
3067,2022-11-24,3068,3073,2022-11-25,2022-12-02,0.026574667987662615,1.0,0.0034124856927508773,0.05390582574931546,0.49390337694707986,0.5278189910979229,outer_05,none,0.05
3068,2022-11-25,3069,3074,2022-11-28,2022-12-05,0.02349788560638899,1.0,-0.0004159508668157841,0.06477221327489424,0.4261036237708348,0.5278189910979229,outer_05,none,0.05
3069,2022-11-28,3070,3075,2022-11-29,2022-12-06,0.016031173597379933,1.0,-0.007522596005633986,0.0639851284936741,0.43708516944068987,0.5278189910979229,outer_05,none,0.05
3070,2022-11-29,3071,3076,2022-11-30,2022-12-07,0.012266119005290399,1.0,0.004680387901105476,0.060071099202331446,0.4173431867500895,0.5278189910979229,outer_05,none,0.05
3071,2022-11-30,3072,3077,2022-12-01,2022-12-08,0.009423655708411971,1.0,0.010642329399714434,0.07838391123633404,0.436201400996453,0.5278189910979229,outer_05,none,0.05
3072,2022-12-01,3073,3078,2022-12-02,2022-12-09,-0.006932504328934108,0.0,0.019304764717813505,0.10107038975885008,0.3529054074201329,0.5278189910979229,outer_05,none,0.05
3073,2022-12-02,3074,3079,2022-12-05,2022-12-12,0.0005288163265850798,1.0,-0.0027104803255122434,0.06739989153391956,0.37657184264718535,0.5278189910979229,outer_05,none,0.05
3074,2022-12-05,3075,3080,2022-12-06,2022-12-13,0.007381438010338748,1.0,-0.016447268808384763,0.054218320928955954,0.3345549899014854,0.5278189910979229,outer_05,none,0.05
3075,2022-12-06,3076,3081,2022-12-07,2022-12-14,0.02217529393116191,1.0,0.001322168548713698,0.033683696103717686,0.36736066935433553,0.5278189910979229,outer_05,none,0.05
3076,2022-12-07,3077,3082,2022-12-08,2022-12-15,0.011823455946450068,1.0,0.008428571925951367,0.04527670731576894,0.40992768221876147,0.5278189910979229,outer_05,none,0.05
3077,2022-12-08,3078,3083,2022-12-09,2022-12-16,-0.007307305298684952,0.0,0.001678340850922666,0.01890330123838435,0.3729023920622593,0.5278189910979229,outer_05,none,0.05
3078,2022-12-09,3079,3084,2022-12-12,2022-12-19,-0.0024069814047855687,0.0,0.0047289322018713165,0.015310268478383904,0.27634660528040894,0.5278189910979229,outer_05,none,0.05
3079,2022-12-12,3080,3085,2022-12-13,2022-12-20,0.0034857885877652706,1.0,-0.009047964194149216,0.005731416786026067,0.33383747092309035,0.5278189910979229,outer_05,none,0.05
3080,2022-12-13,3081,3086,2022-12-14,2022-12-21,0.003941060146262387,1.0,0.01628198050243501,0.017714569041231698,0.3101422305425488,0.5278189910979229,outer_05,none,0.05
3081,2022-12-14,3082,3087,2022-12-15,2022-12-22,0.0037835001871888707,1.0,-0.0018298873727431442,0.01866018584149476,0.30391421196899515,0.5278189910979229,outer_05,none,0.05
3082,2022-12-15,3083,3088,2022-12-16,2022-12-23,0.009411623274509395,1.0,-0.016964692573576023,0.009403598303530991,0.27590795508267374,0.5278189910979229,outer_05,none,0.05
3083,2022-12-16,3084,3089,2022-12-19,2022-12-27,0.004152871501362121,1.0,0.009131971918100668,0.023776045426058268,0.2886475463658281,0.5278189910979229,outer_05,none,0.05
3084,2022-12-19,3085,3090,2022-12-20,2022-12-28,0.014782506068907075,1.0,-0.0030440573669974214,0.028310735150725463,0.35740116225863733,0.5278189910979229,outer_05,none,0.05
3085,2022-12-20,3086,3091,2022-12-21,2022-12-29,-0.007465317241466707,0.0,0.016653552977873964,0.04368758942856488,0.24356423983832606,0.5278189910979229,outer_05,none,0.05
3086,2022-12-21,3087,3092,2022-12-22,2022-12-30,0.00040787305792289175,1.0,-0.0019384226653267334,0.03634416645811367,0.2738826565812679,0.5278189910979229,outer_05,none,0.05
3087,2022-12-22,3088,3093,2022-12-23,2023-01-03,0.018304327892839645,1.0,-0.012061534531880191,0.0208701462334826,0.3697719591207705,0.5278189910979229,outer_05,none,0.05
3088,2022-12-23,3089,3094,2022-12-27,2023-01-04,0.02126032303701031,1.0,0.0034030403972789003,0.024689137497577285,0.3816539398386148,0.5278189910979229,outer_05,none,0.05
3089,2022-12-27,3090,3095,2022-12-28,2023-01-05,0.022003831656368433,1.0,0.008283592679672047,0.04049532618288332,0.478843941354197,0.5278189910979229,outer_05,none,0.05
3090,2022-12-28,3091,3096,2022-12-29,2023-01-06,0.01540484570281464,1.0,-0.005119314158991806,0.030695624122786036,0.4526638658147298,0.5278189910979229,outer_05,none,0.05
3091,2022-12-29,3092,3097,2022-12-30,2023-01-09,0.028820313292889033,1.0,0.005846935695617006,0.025900230418688608,0.3734109292168698,0.5278189910979229,outer_05,none,0.05
3092,2022-12-30,3093,3098,2023-01-03,2023-01-10,0.024027811358745765,1.0,0.004815392144348785,0.011410857845223887,0.31034851114687645,0.5278189910979229,outer_05,none,0.05
3093,2023-01-03,3094,3099,2023-01-04,2023-01-11,0.02057799854372533,1.0,0.008692335962367181,0.022813674133103312,0.2888404371790422,0.5278189910979229,outer_05,none,0.05
3094,2023-01-04,3095,3100,2023-01-05,2023-01-12,0.010988325983071867,1.0,0.008234687789712147,0.04749563073120022,0.30616693317451177,0.5278189910979229,outer_05,none,0.05
3095,2023-01-05,3096,3101,2023-01-06,2023-01-13,0.03403725532386215,1.0,-0.011801850833690786,0.03437161134879574,0.3368925850563529,0.5278189910979229,outer_05,none,0.05
3096,2023-01-06,3097,3102,2023-01-09,2023-01-16,0.02708578138759954,1.0,0.01790285586016971,0.04384589528301408,0.3772065718989258,0.5278189910979229,outer_05,none,0.05
3097,2023-01-09,3098,3103,2023-01-10,2023-01-17,0.023270807600689558,1.0,0.0030179009982767013,0.045185455430368116,0.43618258141066724,0.5278189910979229,outer_05,none,0.05
3098,2023-01-10,3099,3104,2023-01-11,2023-01-18,0.016506680894822878,1.0,0.0027957271356227054,0.043252250364119504,0.4663079373555563,0.5278189910979229,outer_05,none,0.05
3099,2023-01-11,3100,3105,2023-01-12,2023-01-19,0.01536427707480037,1.0,-0.0006715415861977547,0.051628672972070966,0.4305223933613207,0.5278189910979229,outer_05,none,0.05
3100,2023-01-12,3101,3106,2023-01-13,2023-01-20,0.018765296330832015,1.0,0.011186629222011746,0.0465333216916477,0.4185405609756531,0.5278189910979229,outer_05,none,0.05
3101,2023-01-13,3102,3107,2023-01-16,2023-01-23,0.0035735966683727582,1.0,0.012334321064665588,0.06069753012905643,0.3966679155663382,0.5278189910979229,outer_05,none,0.05
3102,2023-01-16,3103,3108,2023-01-17,2023-01-24,0.008247705323432442,1.0,-0.0025236343280417017,0.07513858837459075,0.5745124798865161,0.5278189910979229,outer_05,none,0.05
3103,2023-01-17,3104,3109,2023-01-18,2023-01-25,0.014995248846298104,1.0,-0.0035878324279039475,0.06241878402858614,0.39595917391546903,0.5278189910979229,outer_05,none,0.05
3104,2023-01-18,3105,3110,2023-01-19,2023-01-26,0.02206567679411453,1.0,-0.0023237830927751446,0.06313905830280842,0.3980835048349856,0.5278189910979229,outer_05,none,0.05
3105,2023-01-19,3106,3111,2023-01-20,2023-01-27,-0.001730588313656689,0.0,0.014576879210718374,0.061062384535652825,0.3876020958009731,0.5278189910979229,outer_05,none,0.05
3106,2023-01-20,3107,3112,2023-01-23,2023-01-30,0.0006851697360747977,1.0,-0.0032140700134233313,0.05978673718755623,0.3363455210289474,0.5278189910979229,outer_05,none,0.05
3107,2023-01-23,3108,3113,2023-01-24,2023-01-31,-0.004099748859712982,0.0,0.0025565448212754305,0.07440481654071185,0.3937864378440882,0.5278189910979229,outer_05,none,0.05
3108,2023-01-24,3109,3114,2023-01-25,2023-02-01,-0.004682976783899839,0.0,0.0033142831344186163,0.07431605927785156,0.391274626876357,0.5278189910979229,outer_05,none,0.05
3109,2023-01-25,3110,3115,2023-01-26,2023-02-02,0.0025603215669205426,1.0,0.004542489283007711,0.07057495588118723,0.39995785632759606,0.5278189910979229,outer_05,none,0.05
3110,2023-01-26,3111,3116,2023-01-27,2023-02-03,-0.0085255382613445,0.0,-0.008846463647209646,0.06684780639296939,0.4054024856050788,0.5278189910979229,outer_05,none,0.05
3111,2023-01-27,3112,3117,2023-01-30,2023-02-06,-0.03440106349426042,0.0,-0.00033184349735737584,0.06066902719999501,0.487976904782996,0.5278189910979229,outer_05,none,0.05
3112,2023-01-30,3113,3118,2023-01-31,2023-02-07,-0.029269764453808023,0.0,-0.002632721504670421,0.0532209135509758,0.39076837935503445,0.5278189910979229,outer_05,none,0.05
3113,2023-01-31,3114,3119,2023-02-01,2023-02-08,-0.028455889426249215,0.0,0.0025289978244611433,0.04705757541306976,0.3616980258478883,0.5278189910979229,outer_05,none,0.05
3114,2023-02-01,3115,3120,2023-02-02,2023-02-09,-0.03989427850766347,0.0,0.011325079269848715,0.05014796689320633,0.3231193488726083,0.5278189910979229,outer_05,none,0.05
3115,2023-02-02,3116,3121,2023-02-03,2023-02-10,-0.0260054921993369,0.0,-0.01939656839975612,0.042553249327140996,0.326449553364965,0.5278189910979229,outer_05,none,0.05
3116,2023-02-03,3117,3122,2023-02-06,2023-02-13,0.0014275366687561686,1.0,-0.02476829777168721,-0.00011790430471592117,0.38836582420635046,0.5278189910979229,outer_05,none,0.05
3117,2023-02-06,3118,3123,2023-02-07,2023-02-14,-0.007449244379407638,0.0,0.0009856809227759555,-0.002150124380216667,0.4502261552125297,0.5278189910979229,outer_05,none,0.05
3118,2023-02-07,3119,3124,2023-02-08,2023-02-15,-0.010703207687672744,0.0,0.0031967696043251337,-0.0017490819115142386,0.4715945947223029,0.5278189910979229,outer_05,none,0.05
3119,2023-02-08,3120,3125,2023-02-09,2023-02-16,-0.020925087272323672,0.0,0.0010242240531770364,-5.331627213944756e-05,0.4909822940725848,0.5278189910979229,outer_05,none,0.05
3120,2023-02-09,3121,3126,2023-02-10,2023-02-17,-0.014289471614682192,0.0,-0.007470988473627926,-0.01871093396777912,0.6332566709465483,0.5278189910979229,outer_05,none,0.05
3121,2023-02-10,3122,3127,2023-02-13,2023-02-20,-0.012840306274471303,0.0,0.0020177417804783104,-0.029027513251966397,0.6178002516491164,0.5278189910979229,outer_05,none,0.05
3122,2023-02-13,3123,3128,2023-02-14,2023-02-21,-0.006619583535383278,0.0,-0.00642151740347785,-0.032925396327402545,0.7388370435343973,0.5278189910979229,outer_05,none,0.05
3123,2023-02-14,3124,3129,2023-02-15,2023-02-22,-0.010426503688623967,0.0,0.0005124374061979964,-0.0288251264933006,0.7179801689215495,0.5278189910979229,outer_05,none,0.05
3124,2023-02-15,3125,3130,2023-02-16,2023-02-23,-0.005767230245989019,0.0,-0.0100320335371471,-0.03653337693767256,0.7408050357345548,0.5278189910979229,outer_05,none,0.05
3125,2023-02-16,3126,3131,2023-02-17,2023-02-24,-0.007630745709821696,0.0,0.00031588005534644026,-0.05079437609304449,0.7428899384807273,0.5278189910979229,outer_05,none,0.05
3126,2023-02-17,3127,3132,2023-02-20,2023-02-27,-0.01547583787837059,0.0,0.0033215849096874805,-0.04425872116993368,0.6997594514789321,0.5278189910979229,outer_05,none,0.05
3127,2023-02-20,3128,3133,2023-02-21,2023-02-28,-0.01327303146361647,0.0,-0.000694934606391584,-0.047510200597600694,0.7787549380749926,0.5278189910979229,outer_05,none,0.05
3128,2023-02-21,3129,3134,2023-02-22,2023-03-01,-0.0044409921815340425,0.0,-0.0034764855626807645,-0.054300969294700074,0.6551931240637053,0.5278189910979229,outer_05,none,0.05
3129,2023-02-22,3130,3135,2023-02-23,2023-03-02,0.006224562266112343,1.0,-0.005284064239170938,-0.06412752281687872,0.7217181496824371,0.5278189910979229,outer_05,none,0.05
3130,2023-02-23,3131,3136,2023-02-24,2023-03-03,0.007516386867988167,1.0,-0.0016065934087077238,-0.0568876525783768,0.6896646012008847,0.5278189910979229,outer_05,none,0.05
3131,2023-02-24,3132,3137,2023-02-27,2023-03-06,0.02268002373908029,1.0,-0.006303195301671671,-0.0628590043826911,0.6503779621818231,0.5278189910979229,outer_05,none,0.05
3132,2023-02-27,3133,3138,2023-02-28,2023-03-07,0.015962954557216413,1.0,0.0035445880218762937,-0.05668169485614438,0.6836906554782198,0.5278189910979229,outer_05,none,0.05
3133,2023-02-28,3134,3139,2023-03-01,2023-03-08,-0.006960514841868104,0.0,0.005077197870592798,-0.05413349481001273,0.726543881474085,0.5278189910979229,outer_05,none,0.05
3134,2023-03-01,3135,3140,2023-03-02,2023-03-09,-0.012609374747161617,0.0,0.00549268933197844,-0.059965884747883,0.662650914641554,0.5278189910979229,outer_05,none,0.05
3135,2023-03-02,3136,3141,2023-03-03,2023-03-10,-0.0026393297031539475,0.0,-0.0005228530466370174,-0.0410921693947639,0.6675247923904991,0.5278189910979229,outer_05,none,0.05
3136,2023-03-03,3137,3142,2023-03-06,2023-03-13,0.017089680053147482,1.0,0.010675004512153308,-0.0056488671109233834,0.44069095491158655,0.5278189910979229,outer_05,none,0.05
3137,2023-03-06,3138,3143,2023-03-07,2023-03-14,0.03507936731050787,1.0,-0.004694882351012453,-0.011329430384711792,0.5768333608229343,0.5278189910979229,outer_05,none,0.05
3138,2023-03-07,3139,3144,2023-03-08,2023-03-15,0.04873923453291429,1.0,-0.01834101570824398,-0.032867215697280905,0.6801219539629031,0.5278189910979229,outer_05,none,0.05
3139,2023-03-08,3140,3145,2023-03-09,2023-03-16,0.056349010006512046,1.0,0.00036947477100657267,-0.03352196497945137,0.6873193243420608,0.5278189910979229,outer_05,none,0.05
3140,2023-03-09,3141,3146,2023-03-10,2023-03-17,0.046974115456812626,1.0,0.009356658621426206,-0.016694317884397236,0.6254043584897695,0.5278189910979229,outer_05,none,0.05
3141,2023-03-10,3142,3147,2023-03-13,2023-03-20,0.05193195454798882,1.0,0.019676560744334104,0.0009645010794585573,0.39624596271356105,0.5278189910979229,outer_05,none,0.05
3142,2023-03-13,3143,3148,2023-03-14,2023-03-21,0.03422902343024781,1.0,0.024552177417465515,0.03193819590040192,0.23783049144662297,0.5278189910979229,outer_05,none,0.05
3143,2023-03-14,3144,3149,2023-03-15,2023-03-22,0.018323744478290216,1.0,-0.005081977291681916,0.02634378120252201,0.3901861353257805,0.5278189910979229,outer_05,none,0.05
3144,2023-03-15,3145,3150,2023-03-16,2023-03-23,0.025910556777733795,1.0,0.007404785958003757,0.04378060069767287,0.5337260028966145,0.5278189910979229,outer_05,none,0.05
3145,2023-03-16,3146,3151,2023-03-17,2023-03-24,0.03799846912497529,1.0,0.0006931867321231522,0.04415790737444958,0.6167637390063572,0.5278189910979229,outer_05,none,0.05
3146,2023-03-17,3147,3152,2023-03-20,2023-03-27,-0.004419071721809331,0.0,0.03523324071270206,0.07606956317746416,0.7162162732489062,0.5278189910979229,outer_05,none,0.05
3147,2023-03-20,3148,3153,2023-03-21,2023-03-28,-0.011317471613477181,0.0,-0.0048048776396134585,0.07195962014424229,0.6881988746256562,0.5278189910979229,outer_05,none,0.05
3148,2023-03-21,3149,3154,2023-03-22,2023-03-29,0.01731529947688948,1.0,-0.019448608376877452,0.0559874973300456,0.7026407265603338,0.5278189910979229,outer_05,none,0.05
3149,2023-03-22,3150,3155,2023-03-23,2023-03-30,-0.0032138017613281278,0.0,0.014965806442723384,0.07623736801193992,0.7809979064754893,0.5278189910979229,outer_05,none,0.05
3150,2023-03-23,3151,3156,2023-03-24,2023-03-31,-0.006773818470011683,0.0,0.012200688208010568,0.09004464962865821,0.78220016692789,0.5278189910979229,outer_05,none,0.05
3151,2023-03-24,3152,3157,2023-03-27,2023-04-03,-0.005515856823841148,0.0,-0.007631972364595008,0.08871587256573488,0.6605080558289147,0.5278189910979229,outer_05,none,0.05
3152,2023-03-27,3153,3158,2023-03-28,2023-04-04,0.014007252829687289,1.0,-0.011415161715768285,0.0737561228280903,0.6539139188553723,0.5278189910979229,outer_05,none,0.05
3153,2023-03-28,3154,3159,2023-03-29,2023-04-05,0.023757416280602683,1.0,0.008738258137914734,0.07741718309541223,0.7286783015974434,0.5278189910979229,outer_05,none,0.05
3154,2023-03-29,3155,3160,2023-03-30,2023-04-06,0.028811438385716315,1.0,-0.0046471671210053245,0.06727732664242847,0.7386903626117106,0.5278189910979229,outer_05,none,0.05
3155,2023-03-30,3156,3161,2023-03-31,2023-04-10,0.008527721352534101,1.0,0.008031316460868965,0.07583149614993445,0.7109069009426077,0.5278189910979229,outer_05,none,0.05
3156,2023-03-31,3157,3162,2023-04-03,2023-04-11,0.012132140429747196,1.0,-0.005468894181166917,0.05968759745661423,0.5988794831512446,0.5278189910979229,outer_05,none,0.05
3157,2023-04-03,3158,3163,2023-04-04,2023-04-12,0.009479980109783348,1.0,0.007557399087052552,0.07193987889467923,0.5981608080056487,0.5278189910979229,outer_05,none,0.05
3158,2023-04-04,3159,3164,2023-04-05,2023-04-13,-0.0032957286994577117,0.0,0.018068448641749946,0.10834934324467316,0.5840709074329478,0.5278189910979229,outer_05,none,0.05
3159,2023-04-05,3160,3165,2023-04-06,2023-04-14,0.009564408085612541,1.0,6.433748477352452e-05,0.10804420595844011,0.5421353989561261,0.5278189910979229,outer_05,none,0.05
3160,2023-04-06,3161,3166,2023-04-10,2023-04-17,0.0009958490435391099,1.0,-0.006623691663037334,0.09206385567397657,0.4887835235188518,0.5278189910979229,outer_05,none,0.05
3161,2023-04-10,3162,3167,2023-04-11,2023-04-18,0.001851559677253256,1.0,-0.008073071231501139,0.06431422369814133,0.5927945173048852,0.5278189910979229,outer_05,none,0.05
3162,2023-04-11,3163,3168,2023-04-12,2023-04-19,0.000977985428128214,1.0,0.006178205748462062,0.045940252029137874,0.5638450153242751,0.5278189910979229,outer_05,none,0.05
3163,2023-04-12,3164,3169,2023-04-13,2023-04-20,-0.010023058423787923,0.0,0.005599411388328868,0.05662164070914866,0.49300978208233726,0.5278189910979229,outer_05,none,0.05
3164,2023-04-13,3165,3170,2023-04-14,2023-04-21,-0.01778815907533815,0.0,0.012493781299409257,0.06171063605055416,0.490010345648847,0.5278189910979229,outer_05,none,0.05
3165,2023-04-14,3166,3171,2023-04-17,2023-04-24,-0.008493974471954324,0.0,-0.017644084160600926,0.04337336515783008,0.4680445483943518,0.5278189910979229,outer_05,none,0.05
3166,2023-04-17,3167,3172,2023-04-18,2023-04-25,-0.0028012488385122936,0.0,-0.00467059231348621,0.003469532131641806,0.5466802873210349,0.5278189910979229,outer_05,none,0.05
3167,2023-04-18,3168,3173,2023-04-19,2023-04-26,-0.004117988008061069,0.0,0.0050646436400283434,0.013339053411283608,0.5888623861791487,0.5278189910979229,outer_05,none,0.05
3168,2023-04-19,3169,3174,2023-04-20,2023-04-27,-0.0022639492224616475,0.0,-0.005270170302822841,0.02751749148533822,0.608601309718349,0.5278189910979229,outer_05,none,0.05
3169,2023-04-20,3170,3175,2023-04-21,2023-04-28,-0.008377474039454214,0.0,0.005015800502627954,0.01756748554524279,0.5121193430926242,0.5278189910979229,outer_05,none,0.05
3170,2023-04-21,3171,3176,2023-04-24,2023-05-01,0.00360531317631807,1.0,-0.010964263175462285,-0.005597465838230065,0.5480428205161308,0.5278189910979229,outer_05,none,0.05
3171,2023-04-24,3172,3177,2023-04-25,2023-05-02,-0.0035555145355541384,0.0,0.003126977363475447,0.00516148388984039,0.5353697634547032,0.5278189910979229,outer_05,none,0.05
3172,2023-04-25,3173,3178,2023-04-26,2023-05-03,0.00955428423232263,1.0,0.004018961233628993,0.020595606839237668,0.5100845531405684,0.5278189910979229,outer_05,none,0.05
3173,2023-04-26,3174,3179,2023-04-27,2023-05-04,0.03677086162547827,1.0,-0.0038983078956578154,0.007959040805665119,0.523847697425293,0.5278189910979229,outer_05,none,0.05
3174,2023-04-27,3175,3180,2023-04-28,2023-05-05,0.030489245071693816,1.0,-0.0007794761812105477,0.011826731745459895,0.5210029101267357,0.5278189910979229,outer_05,none,0.05
3175,2023-04-28,3176,3181,2023-05-01,2023-05-08,0.01376729526393028,1.0,0.0009101675386764541,0.004705582823267385,0.42034792345347755,0.5278189910979229,outer_05,none,0.05
3176,2023-05-01,3177,3182,2023-05-02,2023-05-09,0.01950957267857678,1.0,-0.003580073260016192,0.006594403744418109,0.5370223037088574,0.5278189910979229,outer_05,none,0.05
3177,2023-05-02,3178,3183,2023-05-03,2023-05-10,0.009070704074989777,1.0,0.01704980323147698,0.016086807888842536,0.3686427177754838,0.5278189910979229,outer_05,none,0.05
3178,2023-05-03,3179,3184,2023-05-04,2023-05-11,-0.01685826996119033,0.0,0.010845841881477192,0.008864201128569782,0.3590898701957044,0.5278189910979229,outer_05,none,0.05
3179,2023-05-04,3180,3185,2023-05-05,2023-05-12,-0.016678002699038963,0.0,0.005688906840495278,0.014488770484291535,0.22851482605125953,0.5278189910979229,outer_05,none,0.05
3180,2023-05-05,3181,3186,2023-05-08,2023-05-15,-0.004511629551021024,0.0,-0.016529789720516774,0.0045826724268120955,0.39306848398157246,0.5278189910979229,outer_05,none,0.05
3181,2023-05-08,3182,3187,2023-05-09,2023-05-16,-0.0022933801730813386,0.0,0.002387380712415954,0.015043124370729188,0.42022312961431274,0.5278189910979229,outer_05,none,0.05
3182,2023-05-09,3183,3188,2023-05-10,2023-05-17,-0.02262424095622073,0.0,0.006440213788749816,0.015305132411016942,0.4584186486341676,0.5278189910979229,outer_05,none,0.05
3183,2023-05-10,3184,3189,2023-05-11,2023-05-18,-0.02406222596521168,0.0,-0.0021257130616731956,0.0075800079610148785,0.4553533028713991,0.5278189910979229,outer_05,none,0.05
3184,2023-05-11,3185,3190,2023-05-12,2023-05-19,-0.028699024669716522,0.0,-0.007490671729157405,-0.012404445067551784,0.4571586746820688,0.5278189910979229,outer_05,none,0.05
3185,2023-05-12,3186,3191,2023-05-15,2023-05-22,-0.01507794437378962,0.0,-0.002007025259767481,0.003232613833281661,0.4402271838234834,0.5278189910979229,outer_05,none,0.05
3186,2023-05-15,3187,3192,2023-05-16,2023-05-23,-0.022395769082747208,0.0,0.002686711836325628,0.0105899179830935,0.4997945750941269,0.5278189910979229,outer_05,none,0.05
3187,2023-05-16,3188,3193,2023-05-17,2023-05-24,-0.006901972355081831,0.0,-0.01373759785220141,-0.008212323509136255,0.5062019788434037,0.5278189910979229,outer_05,none,0.05
3188,2023-05-17,3189,3194,2023-05-18,2023-05-25,-0.011761467347020549,0.0,-0.003727757438785062,-0.006669910645098476,0.5276555194570592,0.5278189910979229,outer_05,none,0.05
3189,2023-05-18,3190,3195,2023-05-19,2023-05-26,-0.00852400278596388,0.0,-0.012196759301854598,-0.023882470449581028,0.6341697385799614,0.5278189910979229,outer_05,none,0.05
3190,2023-05-19,3191,3196,2023-05-22,2023-05-29,-0.01793035745765792,0.0,0.0102214674809602,-0.0026967397931585424,0.4711099811986034,0.5278189910979229,outer_05,none,0.05
3191,2023-05-22,3192,3197,2023-05-23,2023-05-30,-0.014404318966720453,0.0,-0.002922090688893597,-0.008745807845527587,0.5338823286942982,0.5278189910979229,outer_05,none,0.05
3192,2023-05-23,3193,3198,2023-05-24,2023-05-31,-0.008301840471001576,0.0,0.0015963070427025272,-0.011168462036454052,0.5712672928552676,0.5278189910979229,outer_05,none,0.05
3193,2023-05-24,3194,3199,2023-05-25,2023-06-01,0.0024122880228212296,1.0,-0.008972319429996212,-0.01624247357079245,0.6013595880388788,0.5278189910979229,outer_05,none,0.05
3194,2023-05-25,3195,3200,2023-05-26,2023-06-02,0.01810459178841395,1.0,-0.008491737640772712,-0.023954735030354612,0.6560870088063437,0.5278189910979229,outer_05,none,0.05
3195,2023-05-26,3196,3201,2023-05-29,2023-06-05,0.0024881005607957363,1.0,0.003102325114289428,-0.02176257745474164,0.6176510527919669,0.5278189910979229,outer_05,none,0.05
3196,2023-05-29,3197,3202,2023-05-30,2023-06-06,0.009156991599524211,1.0,-0.001835537435614043,-0.02001804163033949,0.740811001071439,0.5278189910979229,outer_05,none,0.05
3197,2023-05-30,3198,3203,2023-05-31,2023-06-07,0.0023608066257594373,1.0,0.008210546544800579,-0.02885729831701589,0.6045018191535239,0.5278189910979229,outer_05,none,0.05
3198,2023-05-31,3199,3204,2023-06-01,2023-06-08,-0.011707665744815188,0.0,0.001749210624067743,-0.03795392957442534,0.5535845281560059,0.5278189910979229,outer_05,none,0.05
3199,2023-06-01,3200,3205,2023-06-02,2023-06-09,-0.005722069870717661,0.0,0.007512725690639321,-0.036130110724281295,0.48000861195164385,0.5278189910979229,outer_05,none,0.05
3200,2023-06-02,3201,3206,2023-06-05,2023-06-12,0.006412689681033257,1.0,-0.015174736158126478,-0.034775057161891,0.5305493862075732,0.5278189910979229,outer_05,none,0.05
3201,2023-06-05,3202,3207,2023-06-06,2023-06-13,-0.002327386620777361,0.0,0.007203329930433711,-0.029959107943873242,0.5150907058020149,0.5278189910979229,outer_05,none,0.05
3202,2023-06-06,3203,3208,2023-06-07,2023-06-14,-0.01039244312596388,0.0,0.0007796317781458839,-0.035619689954477174,0.5491690394944897,0.5278189910979229,outer_05,none,0.05
3203,2023-06-07,3204,3209,2023-06-08,2023-06-15,0.0011537888301385024,1.0,-0.011970115510680834,-0.04546409240348481,0.6027787235221823,0.5278189910979229,outer_05,none,0.05
3204,2023-06-08,3205,3210,2023-06-09,2023-06-16,-0.00436423655885676,0.0,0.013095178309598055,-0.024878242364729353,0.5253967304371779,0.5278189910979229,outer_05,none,0.05
3205,2023-06-09,3206,3211,2023-06-12,2023-06-19,-0.0013221606743014647,0.0,-0.002536999246588678,-0.02540821635155055,0.5714117679597935,0.5278189910979229,outer_05,none,0.05
3206,2023-06-12,3207,3212,2023-06-13,2023-06-20,-0.0032756708581613836,0.0,-0.00159273095082213,-0.029687659138698308,0.5223731881505858,0.5278189910979229,outer_05,none,0.05
3207,2023-06-13,3208,3213,2023-06-14,2023-06-21,-0.004006554029868603,0.0,-0.007126809937163969,-0.023076871223660866,0.4450105640622461,0.5278189910979229,outer_05,none,0.05
3208,2023-06-14,3209,3214,2023-06-15,2023-06-22,-0.005616629206480539,0.0,-0.0008751203848946787,-0.020224234169770483,0.49555121579191813,0.5278189910979229,outer_05,none,0.05
3209,2023-06-15,3210,3215,2023-06-16,2023-06-23,-0.02245636608076751,0.0,0.008318636579653926,0.0002911617117380416,0.4352009844355808,0.5278189910979229,outer_05,none,0.05
3210,2023-06-16,3211,3216,2023-06-19,2023-06-26,-0.01672556290397864,0.0,-0.0002298574638448514,-0.01016016323306701,0.4269333379165861,0.5278189910979229,outer_05,none,0.05
3211,2023-06-19,3212,3217,2023-06-20,2023-06-27,-0.01404776339959568,0.0,-0.003597761295683455,-0.010835833839856868,0.5374287477732808,0.5278189910979229,outer_05,none,0.05
3212,2023-06-20,3213,3218,2023-06-21,2023-06-28,-0.010940880393424557,0.0,-0.007410185816230097,-0.019842326698789492,0.5714563287837312,0.5278189910979229,outer_05,none,0.05
3213,2023-06-21,3214,3219,2023-06-22,2023-06-29,-0.01259667204888082,0.0,-0.0018870320010053732,-0.012757039269798653,0.5873444971186348,0.5278189910979229,outer_05,none,0.05
3214,2023-06-22,3215,3220,2023-06-23,2023-06-30,-0.002679086945948761,0.0,-0.009771090747942246,-0.014036392376968188,0.5653234243064034,0.5278189910979229,outer_05,none,0.05
