row_id,date,entry_row_index,exit_row_index,entry_timestamp,exit_timestamp,executable_forward_log_return,executable_direction_binary,return_lag_1,momentum_20,probability_up,baseline_probability_up,outer_fold,selected_calibration,selected_margin
861,2014-05-09,862,882,2014-05-12,2014-06-09,-0.028884835484297433,0.0,-0.0003336346421294323,-0.023218595422863864,0.45393284813888113,0.4825,outer_01,sigmoid,0.0
862,2014-05-12,863,883,2014-05-13,2014-06-10,-0.033955587578692104,0.0,0.0055563867115981935,-0.017108559733319595,0.4483446565634538,0.4825,outer_01,sigmoid,0.0
863,2014-05-13,864,884,2014-05-14,2014-06-11,-0.027288446963483537,0.0,-0.0019157093981387874,-0.025753413462490826,0.4530031103369447,0.4825,outer_01,sigmoid,0.0
864,2014-05-14,865,885,2014-05-15,2014-06-12,-0.03428185623840996,0.0,0.009679902608644042,0.0027374903512509263,0.4627777180543622,0.4825,outer_01,sigmoid,0.0
865,2014-05-15,866,886,2014-05-16,2014-06-13,-0.017492885072264208,0.0,-0.007663874118540193,-0.005087620220897371,0.46352751833199346,0.4825,outer_01,sigmoid,0.0
866,2014-05-16,867,887,2014-05-19,2014-06-16,-0.010207228948003966,0.0,-0.0020469571222871963,-0.0011282757898953832,0.46521281789512076,0.4825,outer_01,sigmoid,0.0
867,2014-05-19,868,888,2014-05-20,2014-06-17,-0.01670996053541174,0.0,-0.0002938697250272071,0.00240058968423007,0.4635579349070679,0.4825,outer_01,sigmoid,0.0
868,2014-05-20,869,889,2014-05-21,2014-06-18,-0.017807771261658445,0.0,0.0008658946314374916,0.007804599775266929,0.45095189277162945,0.4825,outer_01,sigmoid,0.0
869,2014-05-21,870,890,2014-05-22,2014-06-19,-0.010815206100385666,0.0,-0.0016938341540351232,0.006453514156222084,0.45977229462003977,0.4825,outer_01,sigmoid,0.0
870,2014-05-22,871,891,2014-05-23,2014-06-20,0.021385299752360254,1.0,0.0013537506757224094,0.00046393666550326174,0.46057237783779903,0.4825,outer_01,sigmoid,0.0
871,2014-05-23,872,892,2014-05-26,2014-06-23,0.017251068572869066,1.0,-0.0011215489378102461,-0.008031862130841283,0.4634498054579512,0.4825,outer_01,sigmoid,0.0
872,2014-05-26,873,893,2014-05-27,2014-06-24,0.01951838447623455,1.0,-0.0006115805677042729,-0.003980173967195633,0.4626684053946688,0.4825,outer_01,sigmoid,0.0
873,2014-05-27,874,894,2014-05-28,2014-06-25,0.04148192206601298,1.0,-0.02079015145924501,-0.02420710812926874,0.4591557448838193,0.4825,outer_01,sigmoid,0.0
874,2014-05-28,875,895,2014-05-29,2014-06-26,0.04586108937197775,1.0,-0.005184316011122014,-0.025773105956067077,0.4579028250977264,0.4825,outer_01,sigmoid,0.0
875,2014-05-29,876,896,2014-05-30,2014-06-27,0.04716087161748295,1.0,-0.0021003898215150585,-0.022351258874735436,0.45511963900752167,0.4825,outer_01,sigmoid,0.0
876,2014-05-30,877,897,2014-06-02,2014-06-30,0.05174455143409773,1.0,-0.005078220125839472,-0.03987536375806755,0.4476780643498897,0.4825,outer_01,sigmoid,0.0
877,2014-06-02,878,898,2014-06-03,2014-07-01,0.06442998213276763,1.0,-0.0043320324780991015,-0.05187760866076019,0.4395862671375242,0.4825,outer_01,sigmoid,0.0
878,2014-06-03,879,899,2014-06-04,2014-07-02,0.06318808203969972,1.0,0.0007393775099950872,-0.04961806188244999,0.43542246866012985,0.4825,outer_01,sigmoid,0.0
879,2014-06-04,880,900,2014-06-05,2014-07-03,0.0644943161146676,1.0,-0.0009805971174943195,-0.036664852866546305,0.4385434414340939,0.4825,outer_01,sigmoid,0.0
880,2014-06-05,881,901,2014-06-06,2014-07-04,0.0517108678134548,1.0,0.008113163648644672,-0.027838239892945538,0.4332548259683078,0.4825,outer_01,sigmoid,0.0
881,2014-06-06,882,902,2014-06-09,2014-07-07,0.05269411475490582,1.0,-0.0004946742830354012,-0.027999279533851507,0.43300765617428827,0.4825,outer_01,sigmoid,0.0
882,2014-06-09,883,903,2014-06-10,2014-07-08,0.05244857383325119,1.0,-0.00048693459674531425,-0.034042600842195014,0.440916064187506,0.4825,outer_01,sigmoid,0.0
883,2014-06-10,884,904,2014-06-11,2014-07-09,0.046435916551685885,1.0,0.006026056771862187,-0.02610083467219404,0.4373783870324394,0.4825,outer_01,sigmoid,0.0
884,2014-06-11,885,905,2014-06-12,2014-07-10,0.05142888862952333,1.0,0.000785405773835457,-0.034995331507002625,0.4282739707627117,0.4825,outer_01,sigmoid,0.0
885,2014-06-12,886,906,2014-06-13,2014-07-11,0.047708041757074326,1.0,0.009188498587425542,-0.01814295880103689,0.4358559128362124,0.4825,outer_01,sigmoid,0.0
886,2014-06-13,887,907,2014-06-16,2014-07-14,0.04672950917879426,1.0,0.0031381681607198786,-0.012957833518029815,0.43134028604753183,0.4825,outer_01,sigmoid,0.0
887,2014-06-16,888,908,2014-06-17,2014-07-15,0.027964574783968743,1.0,-0.0035782986350705315,-0.01624226242807314,0.4215770350605521,0.4825,outer_01,sigmoid,0.0
888,2014-06-17,889,909,2014-06-18,2014-07-16,0.018487580941135562,1.0,-0.0012664552356840275,-0.01837461229519466,0.4187391878791521,0.4825,outer_01,sigmoid,0.0
889,2014-06-18,890,910,2014-06-19,2014-07-17,0.015902115026836583,1.0,0.0054946918363061314,-0.011186086304853404,0.4192453063226754,0.4825,outer_01,sigmoid,0.0
890,2014-06-19,891,911,2014-06-20,2014-07-18,-0.0017420023794425532,0.0,0.032507973892150765,0.019968136911574952,0.4170808860108466,0.4825,outer_01,sigmoid,0.0
891,2014-06-20,892,912,2014-06-23,2014-07-21,-0.0034448102839652606,0.0,-0.003621088232334202,0.017468597617050996,0.41877478477878943,0.4825,outer_01,sigmoid,0.0
892,2014-06-23,893,913,2014-06-24,2014-07-22,-0.004304614707038468,0.0,0.0018767077275141375,0.019956885912269406,0.418562781613408,0.4825,outer_01,sigmoid,0.0
893,2014-06-24,894,914,2014-06-25,2014-07-23,-0.008234825334746176,0.0,0.0003339430354580841,0.0410809804069725,0.41296207594056245,0.4825,outer_01,sigmoid,0.0
894,2014-06-25,895,915,2014-06-26,2014-07-24,-0.010820974078544765,0.0,0.0009632560313086458,0.04722855244940316,0.4080465851872934,0.4825,outer_01,sigmoid,0.0
895,2014-06-26,896,916,2014-06-27,2014-07-25,-0.017209306519220924,0.0,-0.0017603500964460395,0.04756859217447218,0.4146557156661717,0.4825,outer_01,sigmoid,0.0
896,2014-06-27,897,917,2014-06-30,2014-07-28,-0.007880994897118576,0.0,-0.0006685304734217468,0.051978281826889905,0.4180285505554971,0.4825,outer_01,sigmoid,0.0
897,2014-06-30,898,918,2014-07-01,2014-07-29,-0.01723597281885958,0.0,0.008543212325174743,0.06485352663016375,0.41216687532406243,0.4825,outer_01,sigmoid,0.0
898,2014-07-01,899,919,2014-07-02,2014-07-30,-0.020424653484633737,0.0,-0.0011006906813735284,0.06301345843879513,0.409777079507989,0.4825,outer_01,sigmoid,0.0
899,2014-07-02,900,920,2014-07-03,2014-07-31,-0.02360513370183881,0.0,0.0005278795953840287,0.06452193515167348,0.4194490433998954,0.4825,outer_01,sigmoid,0.0
900,2014-07-03,901,921,2014-07-04,2014-08-01,-0.028284092842107533,0.0,-0.005139806176802431,0.05126896532622638,0.41676857121473093,0.4825,outer_01,sigmoid,0.0
901,2014-07-04,902,922,2014-07-07,2014-08-04,-0.020338801928228456,0.0,-7.578025242871433e-06,0.05175606158401891,0.41553644641020493,0.4825,outer_01,sigmoid,0.0
902,2014-07-07,903,923,2014-07-08,2014-08-05,-0.02415946939565483,0.0,-2.2734420292103152e-05,0.05222026176047212,0.41523946309406007,0.4825,outer_01,sigmoid,0.0
903,2014-07-08,904,924,2014-07-09,2014-08-06,-0.023801972753994427,0.0,-0.00023495261265438216,0.04595925237595555,0.41767690195783974,0.4825,outer_01,sigmoid,0.0
904,2014-07-09,905,925,2014-07-10,2014-08-07,-0.016404019170361828,0.0,0.006414806981029031,0.051588653583149124,0.41794007964653274,0.4825,outer_01,sigmoid,0.0
905,2014-07-10,906,926,2014-07-11,2014-08-08,-0.017539141226879273,0.0,0.005475473629790173,0.047875628625513755,0.42031159106281873,0.4825,outer_01,sigmoid,0.0
906,2014-07-11,907,927,2014-07-14,2014-08-11,-0.022621896028507393,0.0,0.0020876443772381847,0.04682510484203206,0.4201075061509036,0.4825,outer_01,sigmoid,0.0
907,2014-07-14,908,928,2014-07-15,2014-08-12,0.000520044674379605,1.0,-0.023475149892280278,0.026928253584822315,0.41804129306271304,0.4825,outer_01,sigmoid,0.0
908,2014-07-15,909,929,2014-07-16,2014-08-13,0.010226161373882547,1.0,-0.009441503265158246,0.018753205555348096,0.43084640433437593,0.4825,outer_01,sigmoid,0.0
909,2014-07-16,910,930,2014-07-17,2014-08-14,0.010302617737540487,1.0,0.0030312987210106,0.016289812440052565,0.4322891263712086,0.4825,outer_01,sigmoid,0.0
910,2014-07-17,911,931,2014-07-18,2014-08-15,-0.005518660341484072,0.0,0.01565725792795636,-0.0005609035241418425,0.4359999389763991,0.4825,outer_01,sigmoid,0.0
911,2014-07-18,912,932,2014-07-21,2014-08-18,-0.006218430208241088,0.0,-0.006534156296329918,-0.003473971588137559,0.436242178932168,0.4825,outer_01,sigmoid,0.0
912,2014-07-21,913,933,2014-07-22,2014-08-19,-0.010427335550267536,0.0,0.001403230710860015,-0.003947448604791681,0.4507150969595632,0.4825,outer_01,sigmoid,0.0
913,2014-07-22,914,934,2014-07-23,2014-08-20,-0.009128834392833518,0.0,-0.003848331796080018,-0.008129723436329783,0.44943926061497097,0.4825,outer_01,sigmoid,0.0
914,2014-07-23,915,935,2014-07-24,2014-08-21,-0.010412385355060394,0.0,-0.001853086070853216,-0.010946065538491645,0.4379510759694946,0.4825,outer_01,sigmoid,0.0
915,2014-07-24,916,936,2014-07-25,2014-08-22,-0.013249039490271564,0.0,-0.008683122573460267,-0.017868838015505872,0.43567412627885527,0.4825,outer_01,sigmoid,0.0
916,2014-07-25,917,937,2014-07-28,2014-08-25,-0.021225678431437522,0.0,0.010452051913828697,-0.0067482556282554285,0.4406515882626925,0.4825,outer_01,sigmoid,0.0
917,2014-07-28,918,938,2014-07-29,2014-08-26,-0.021644087996980588,0.0,-0.002389944989220183,-0.017681412942650354,0.4339340890313996,0.4825,outer_01,sigmoid,0.0
918,2014-07-29,919,939,2014-07-30,2014-08-27,-0.014286455590527325,0.0,-0.004026778873675418,-0.020607501134952244,0.42805530143063963,0.4825,outer_01,sigmoid,0.0
919,2014-07-30,920,940,2014-07-31,2014-08-28,-0.010703916789211121,0.0,-0.0021352293847662907,-0.023270610115102563,0.42726835692610665,0.4825,outer_01,sigmoid,0.0
920,2014-07-31,921,941,2014-08-01,2014-08-29,0.005130528503343612,1.0,-0.010035526240815607,-0.02816633017911574,0.4161707130249708,0.4825,outer_01,sigmoid,0.0
921,2014-08-01,922,942,2014-08-04,2014-09-01,-0.004386583799010246,0.0,0.007717849059954318,-0.02044090309391855,0.4107056075205515,0.4825,outer_01,sigmoid,0.0
922,2014-08-04,923,943,2014-08-05,2014-09-02,-0.00140610396483698,0.0,-0.0037738379419955947,-0.02419200661562204,0.41470507157361697,0.4825,outer_01,sigmoid,0.0
923,2014-08-05,924,944,2014-08-06,2014-09-03,-0.017493888050064577,0.0,0.00035707078143243365,-0.023599983221535226,0.41237949217021974,0.4825,outer_01,sigmoid,0.0
924,2014-08-06,925,945,2014-08-07,2014-09-04,-0.028409368911065158,0.0,0.01328362265097649,-0.016731167551587767,0.41798427999855803,0.4825,outer_01,sigmoid,0.0
925,2014-08-07,926,946,2014-08-08,2014-09-05,-0.039582275704949765,0.0,0.004798077753113361,-0.01740856342826458,0.4220936009235683,0.4825,outer_01,sigmoid,0.0
926,2014-08-08,927,947,2014-08-11,2014-09-08,-0.03088410597510194,0.0,-0.0012584134213549092,-0.020754621226857672,0.4188564998030349,0.4825,outer_01,sigmoid,0.0
927,2014-08-11,928,948,2014-08-12,2014-09-09,-0.039853367821427454,0.0,-0.001817960108380312,0.0009025685570422937,0.4229226188382441,0.4825,outer_01,sigmoid,0.0
928,2014-08-12,929,949,2014-08-13,2014-09-10,-0.04192204925151355,0.0,0.0009323083711869629,0.011276380193387503,0.42052215831476214,0.4825,outer_01,sigmoid,0.0
929,2014-08-13,930,950,2014-08-14,2014-09-11,-0.04931269384231207,0.0,0.002182174188487984,0.010427255660864887,0.42287891576238956,0.4825,outer_01,sigmoid,0.0
930,2014-08-14,931,951,2014-08-15,2014-09-12,-0.05618724432009525,0.0,0.0008151853474274162,-0.004414816919664055,0.4300241556992851,0.4825,outer_01,sigmoid,0.0
931,2014-08-15,932,952,2014-08-18,2014-09-15,-0.0575498218516346,0.0,-0.006662819966236633,-0.00454348058957077,0.4292474720448163,0.4825,outer_01,sigmoid,0.0
932,2014-08-18,933,953,2014-08-19,2014-09-16,-0.052119329000234416,0.0,-0.004633533342159879,-0.010580244642590664,0.42579192215781825,0.4825,outer_01,sigmoid,0.0
933,2014-08-19,934,954,2014-08-20,2014-09-17,-0.048532755814743034,0.0,-0.002282384230701595,-0.009014297077212241,0.42691708506280956,0.4825,outer_01,sigmoid,0.0
934,2014-08-20,935,955,2014-08-21,2014-09-18,-0.05492281778235952,0.0,-0.0030693724930292987,-0.010230583499388324,0.42135552708962853,0.4825,outer_01,sigmoid,0.0
935,2014-08-21,936,956,2014-08-22,2014-09-19,-0.04107067840613521,0.0,-0.011706424941246851,-0.013253885867174908,0.41434649478620955,0.4825,outer_01,sigmoid,0.0
936,2014-08-22,937,957,2014-08-25,2014-09-22,-0.050002396314112296,0.0,0.0026523657973331893,-0.021053571983670416,0.40887850090853095,0.4825,outer_01,sigmoid,0.0
937,2014-08-25,938,958,2014-08-26,2014-09-23,-0.0491405252918673,0.0,-0.0024800222378553727,-0.021143649232305606,0.4077412450878308,0.4825,outer_01,sigmoid,0.0
938,2014-08-26,939,959,2014-08-27,2014-09-24,-0.046683612140836495,0.0,0.003729436737416769,-0.013387433621213418,0.408070954517407,0.4825,outer_01,sigmoid,0.0
939,2014-08-27,940,960,2014-08-28,2014-09-25,-0.05258451166226763,0.0,0.0007099087168338514,-0.010542295519613276,0.40804780604417806,0.4825,outer_01,sigmoid,0.0
940,2014-08-28,941,961,2014-08-29,2014-09-26,-0.054918759002273276,0.0,0.005094967792184768,0.004588198513387098,0.42112425751025356,0.4825,outer_01,sigmoid,0.0
941,2014-08-29,942,962,2014-09-01,2014-09-29,-0.05555919909093987,0.0,-0.001708393283746723,-0.004838043830313943,0.42439363253379153,0.4825,outer_01,sigmoid,0.0
942,2014-09-01,943,963,2014-09-02,2014-09-30,-0.05714743884920814,0.0,-0.0006919527726783059,-0.001756158660996654,0.4187487919867422,0.4825,outer_01,sigmoid,0.0
943,2014-09-02,944,964,2014-09-03,2014-10-01,-0.04662760703596103,0.0,-0.016135452145970675,-0.018248681588399762,0.4144813584947211,0.4825,outer_01,sigmoid,0.0
944,2014-09-03,945,965,2014-09-04,2014-10-02,-0.04537352447297316,0.0,0.0030620402260241875,-0.028470264013352065,0.4105856003255134,0.4825,outer_01,sigmoid,0.0
945,2014-09-04,946,966,2014-09-05,2014-10-03,-0.038680819758805995,0.0,-0.006426874189369158,-0.039695215955834584,0.4100296551115306,0.4825,outer_01,sigmoid,0.0
946,2014-09-05,947,967,2014-09-08,2014-10-06,-0.06673810571782468,0.0,0.006095868401627236,-0.03234093413285244,0.4074985890713541,0.4825,outer_01,sigmoid,0.0
947,2014-09-08,948,968,2014-09-09,2014-10-07,-0.041043477435477094,0.0,-0.010921361406677654,-0.04144433543114978,0.4080379146275159,0.4825,outer_01,sigmoid,0.0
948,2014-09-09,949,969,2014-09-10,2014-10-08,-0.03692637302414603,0.0,0.0001992039815510438,-0.0421774398207857,0.41298852450843654,0.4825,outer_01,sigmoid,0.0
949,2014-09-10,950,970,2014-09-11,2014-10-09,-0.02372017728165865,0.0,-0.004559745655416947,-0.04891935966469063,0.414349452214548,0.4825,outer_01,sigmoid,0.0
950,2014-09-11,951,971,2014-09-12,2014-10-10,-0.013319731835510495,0.0,-0.0071649770355382,-0.05689952204765625,0.4117737848735013,0.4825,outer_01,sigmoid,0.0
951,2014-09-12,952,972,2014-09-15,2014-10-13,-0.001457601567467215,0.0,-0.009207996676204644,-0.05944469875762426,0.40542540228573376,0.4825,outer_01,sigmoid,0.0
952,2014-09-15,953,973,2014-09-16,2014-10-14,0.0028195735847438286,1.0,0.0031355372750860866,-0.051675628140378294,0.40464540637228563,0.4825,outer_01,sigmoid,0.0
953,2014-09-16,954,974,2014-09-17,2014-10-15,-0.001402848904860754,0.0,0.0018312797332429298,-0.04756196417643377,0.40428240025761736,0.4825,outer_01,sigmoid,0.0
954,2014-09-17,955,975,2014-09-18,2014-10-16,0.014665580794440913,1.0,-0.010473685939587085,-0.054966277622991555,0.4014675419755647,0.4825,outer_01,sigmoid,0.0
955,2014-09-18,956,976,2014-09-19,2014-10-17,0.010229022458478454,1.0,0.001757333229778446,-0.04150251945196626,0.40130362282893367,0.4825,outer_01,sigmoid,0.0
956,2014-09-19,957,977,2014-09-22,2014-10-20,0.017431873424554212,1.0,-0.007533285621084573,-0.05168817087038402,0.40083404999128563,0.4825,outer_01,sigmoid,0.0
957,2014-09-22,958,978,2014-09-23,2014-10-21,0.025887258775925126,1.0,-0.0007243454456578036,-0.04993249407818645,0.40090805499022375,0.4825,outer_01,sigmoid,0.0
958,2014-09-23,959,979,2014-09-24,2014-10-22,0.02136660491278075,1.0,0.0076041003438769295,-0.04605783047172629,0.40131434244626346,0.4825,outer_01,sigmoid,0.0
959,2014-09-24,960,980,2014-09-25,2014-10-23,0.020202707317519497,1.0,-0.0058435365088440605,-0.0526112756974042,0.4008319641793793,0.4825,outer_01,sigmoid,0.0
960,2014-09-25,961,981,2014-09-26,2014-10-24,0.00914060041344733,1.0,0.004027748473443893,-0.05367849501614508,0.4011428786120886,0.4825,outer_01,sigmoid,0.0
961,2014-09-26,962,982,2014-09-29,2014-10-27,0.008576374887937277,1.0,-0.0032882493271433333,-0.05525835105954169,0.40106061854563546,0.4825,outer_01,sigmoid,0.0
962,2014-09-29,963,983,2014-09-30,2014-10-28,0.009241952503216133,1.0,-0.001405516265358564,-0.055971914552221946,0.40089129912298205,0.4825,outer_01,sigmoid,0.0
963,2014-09-30,964,984,2014-10-01,2014-10-29,0.016385331161969496,1.0,-0.006560484990535187,-0.04639694739678646,0.40054949992506694,0.4825,outer_01,sigmoid,0.0
964,2014-10-01,965,985,2014-10-02,2014-10-30,-0.0019225618067846284,0.0,0.004650422003471988,-0.04480856561933866,0.40080448836809834,0.4825,outer_01,sigmoid,0.0
965,2014-10-02,966,986,2014-10-03,2014-10-31,-0.011128581102543222,0.0,0.00037077166246213267,-0.03801091976750737,0.40089490270943406,0.4825,outer_01,sigmoid,0.0
966,2014-10-03,967,987,2014-10-06,2014-11-03,-0.016954597539103666,0.0,-0.01840695779335988,-0.06251374596249448,0.40063618820967917,0.4825,outer_01,sigmoid,0.0
967,2014-10-06,968,988,2014-10-07,2014-11-04,-0.03465707997944545,0.0,0.0124663380826604,-0.03912604647315643,0.4018331846994843,0.4825,outer_01,sigmoid,0.0
968,2014-10-07,969,989,2014-10-08,2014-11-05,-0.03389185465896816,0.0,0.0015567298574650223,-0.03776852059724245,0.4020402213219506,0.4825,outer_01,sigmoid,0.0
969,2014-10-08,970,990,2014-10-09,2014-11-06,-0.06587021579936536,0.0,0.010289426911518795,-0.022919348030306708,0.40396683866675975,0.4825,outer_01,sigmoid,0.0
970,2014-10-09,971,991,2014-10-10,2014-11-07,-0.07042267471209485,0.0,0.0026008242420694216,-0.013153546752699086,0.4039266282297641,0.4825,outer_01,sigmoid,0.0
971,2014-10-10,972,992,2014-10-13,2014-11-10,-0.043894454741971956,0.0,-0.0012504956615790874,-0.005196045738073529,0.4046342839080059,0.4825,outer_01,sigmoid,0.0
972,2014-10-13,973,993,2014-10-14,2014-11-11,-0.07105989693088866,0.0,0.010340949928643539,0.0020093669154839233,0.4063140967654273,0.4825,outer_01,sigmoid,0.0
973,2014-10-14,974,994,2014-10-15,2014-11-12,-0.057018088083498064,0.0,-0.0030155664875390897,-0.0028374793052980962,0.40636816889697264,0.4825,outer_01,sigmoid,0.0
974,2014-10-15,975,995,2014-10-16,2014-11-13,-0.06509897454935754,0.0,0.008174399392353315,0.015810606026642304,0.40511600480129306,0.4825,outer_01,sigmoid,0.0
975,2014-10-16,976,996,2014-10-17,2014-11-14,-0.0631255253249492,0.0,-0.002886959087841312,0.011166313709022546,0.4030451112263767,0.4825,outer_01,sigmoid,0.0
976,2014-10-17,977,997,2014-10-20,2014-11-17,-0.04336926658507512,0.0,3.230261086084596e-05,0.018731901940967965,0.4076311760849214,0.4825,outer_01,sigmoid,0.0
977,2014-10-20,978,998,2014-10-21,2014-11-18,-0.04943245522477291,0.0,0.006840742617637119,0.026296990004262888,0.4118895448963761,0.4825,outer_01,sigmoid,0.0
978,2014-10-21,979,999,2014-10-22,2014-11-19,-0.04339205063834228,0.0,0.0012103579247106921,0.01990324758509665,0.4106839500335384,0.4825,outer_01,sigmoid,0.0
979,2014-10-22,980,1000,2014-10-23,2014-11-20,-0.048875548402560476,0.0,-0.005599150256376362,0.02014763383756435,0.40814222076848966,0.4825,outer_01,sigmoid,0.0
980,2014-10-23,981,1001,2014-10-24,2014-11-21,-0.032217750872385764,0.0,-0.008193949354693864,0.007925936009426593,0.4095024857476372,0.4825,outer_01,sigmoid,0.0
981,2014-10-24,982,1002,2014-10-27,2014-11-24,-0.022092160751491008,0.0,-0.0009182102858984464,0.01029597505067148,0.4113655843777263,0.4825,outer_01,sigmoid,0.0
982,2014-10-27,983,1003,2014-10-28,2014-11-25,-0.02324199052450826,0.0,-0.004334266172732804,0.00736722514329724,0.40979460956863467,0.4825,outer_01,sigmoid,0.0
983,2014-10-28,984,1004,2014-10-29,2014-11-26,-0.02203771319166581,0.0,0.0019168891912633157,0.015844599325095743,0.40848590753476305,0.4825,outer_01,sigmoid,0.0
984,2014-10-29,985,1005,2014-10-30,2014-11-27,-0.011388064812623888,0.0,-0.013413439606182465,-0.0022192622845587096,0.4082330254092035,0.4825,outer_01,sigmoid,0.0
985,2014-10-30,986,1006,2014-10-31,2014-11-28,-0.009359554641700463,0.0,-0.01062806320805354,-0.013218097155074382,0.4033407780235304,0.4825,outer_01,sigmoid,0.0
986,2014-10-31,987,1007,2014-11-03,2014-12-01,-0.007584523416313438,0.0,-0.022326406693746748,-0.01713754605546125,0.40184252877034443,0.4825,outer_01,sigmoid,0.0
987,2014-11-03,988,1008,2014-11-04,2014-12-02,0.03859533073005039,1.0,-0.004980286006084356,-0.034584170144206006,0.4018128922486988,0.4825,outer_01,sigmoid,0.0
988,2014-11-04,989,1009,2014-11-05,2014-12-03,0.023942102777378516,1.0,0.0022364952060325294,-0.0339044047956385,0.40284649690629104,0.4825,outer_01,sigmoid,0.0
989,2014-11-05,990,1010,2014-11-06,2014-12-04,0.056596400796672164,1.0,-0.0234341072226405,-0.06762793892979779,0.40112361296229415,0.4825,outer_01,sigmoid,0.0
990,2014-11-06,991,1011,2014-11-07,2014-12-05,0.05474253791980033,1.0,6.133437311550693e-05,-0.07016742879875171,0.4010693895080707,0.4825,outer_01,sigmoid,0.0
991,2014-11-07,992,1012,2014-11-10,2014-12-08,0.01091555810302225,1.0,0.03013742298710742,-0.0387795101500652,0.4067730138373159,0.4825,outer_01,sigmoid,0.0
992,2014-11-10,993,1013,2014-11-11,2014-12-09,0.04404718437207933,1.0,-0.021413800073856848,-0.07053426015256559,0.4036832126082899,0.4825,outer_01,sigmoid,0.0
993,2014-11-11,994,1014,2014-11-12,2014-12-10,0.05965996908231297,1.0,0.01103914605865075,-0.056479547606375746,0.4105947684918672,0.4825,outer_01,sigmoid,0.0
994,2014-11-12,995,1015,2014-11-13,2014-12-11,0.05397932292420293,1.0,-0.001538852010812164,-0.06619279900954123,0.4051844866746479,0.4825,outer_01,sigmoid,0.0
995,2014-11-13,996,1016,2014-11-14,2014-12-12,0.054290879109125,1.0,-0.00024953427568785713,-0.06355537419738777,0.40320635033272684,0.4825,outer_01,sigmoid,0.0
996,2014-11-14,997,1017,2014-11-17,2014-12-15,0.030598220359322248,1.0,0.022389090159568248,-0.04119858664868037,0.42558177809498,0.4825,outer_01,sigmoid,0.0
997,2014-11-17,998,1018,2014-11-18,2014-12-16,0.005454551337736646,1.0,-0.0018530534349121552,-0.04989238270122964,0.4311778011252189,0.4825,outer_01,sigmoid,0.0
998,2014-11-18,999,1019,2014-11-19,2014-12-17,-0.00021745312298193653,0.0,0.009214412051091081,-0.041888328574849254,0.42497151265440025,0.4825,outer_01,sigmoid,0.0
999,2014-11-19,1000,1020,2014-11-20,2014-12-18,0.005499617417833669,1.0,-0.01204271893750164,-0.04833189725597453,0.4117727175482115,0.4825,outer_01,sigmoid,0.0
1000,2014-11-20,1001,1021,2014-11-21,2014-12-19,0.004124096642189379,1.0,0.008947155667077489,-0.03119079223420318,0.4174920714268847,0.4825,outer_01,sigmoid,0.0
1001,2014-11-21,1002,1022,2014-11-24,2014-12-22,-0.0062783021100303316,0.0,0.00644802487982421,-0.023824557068480523,0.4202495859553017,0.4825,outer_01,sigmoid,0.0
1002,2014-11-24,1003,1023,2014-11-25,2014-12-23,-0.018041574519714665,0.0,-0.003603096552564189,-0.02309338744831191,0.42290605585088903,0.4825,outer_01,sigmoid,0.0
1003,2014-11-25,1004,1024,2014-11-26,2014-12-24,-0.02090961567658045,0.0,0.0032616930477811223,-0.0217485835917941,0.4232077417136523,0.4825,outer_01,sigmoid,0.0
1004,2014-11-26,1005,1025,2014-11-27,2014-12-26,-0.00894511385220742,0.0,-0.002635223434038103,-0.01097036741964974,0.4352742850311353,0.4825,outer_01,sigmoid,0.0
1005,2014-11-27,1006,1026,2014-11-28,2014-12-29,0.006037652929878234,1.0,-0.005811973582839691,-0.006154277794435892,0.44363934215673617,0.4825,outer_01,sigmoid,0.0
1006,2014-11-28,1007,1027,2014-12-01,2014-12-30,0.02067407200812177,1.0,-0.02099801316892691,-0.004825884269616054,0.42111073086556877,0.4825,outer_01,sigmoid,0.0
1007,2014-12-01,1008,1028,2014-12-02,2014-12-31,-0.009291280007778013,0.0,0.03780513148530851,0.03795953322177681,0.4558026019031089,0.4825,outer_01,sigmoid,0.0
1008,2014-12-02,1009,1029,2014-12-03,2015-01-02,-0.00849833764716923,0.0,-0.010210523273124217,0.025512514742620063,0.4441349510748269,0.4825,outer_01,sigmoid,0.0
1009,2014-12-03,1010,1030,2014-12-04,2015-01-05,-0.017377371526357877,0.0,0.009111472230160622,0.058058094195421184,0.4544324028413259,0.4825,outer_01,sigmoid,0.0
1010,2014-12-04,1011,1031,2014-12-05,2015-01-06,-0.0015866096822003684,0.0,-0.003329305909290703,0.054667453913014974,0.45521637805179427,0.4825,outer_01,sigmoid,0.0
1011,2014-12-05,1012,1032,2014-12-08,2015-01-07,0.02521547317122419,1.0,-0.011329438920216539,0.013200592005691014,0.4553404101328217,0.4825,outer_01,sigmoid,0.0
1012,2014-12-08,1013,1033,2014-12-09,2015-01-08,0.006578317011691759,1.0,0.009477794122759065,0.04409218620230693,0.4595456048407556,0.4825,outer_01,sigmoid,0.0
1013,2014-12-09,1014,1034,2014-12-10,2015-01-09,-0.02300457551769952,0.0,0.022516811011154658,0.055569851154810834,0.46067120991337435,0.4825,outer_01,sigmoid,0.0
1014,2014-12-10,1015,1035,2014-12-11,2015-01-12,-0.0018040747583922823,0.0,-0.003174166598421735,0.05393453656720126,0.45265263485048823,0.4825,outer_01,sigmoid,0.0
1015,2014-12-11,1016,1036,2014-12-12,2015-01-13,0.0037738042233614877,1.0,0.0006926647087217574,0.05487673555161088,0.44744742486546457,0.4825,outer_01,sigmoid,0.0
1016,2014-12-12,1017,1037,2014-12-15,2015-01-14,0.008177620427646026,1.0,-0.004253189155532411,0.02823445623651022,0.46066603333196093,0.4825,outer_01,sigmoid,0.0
1017,2014-12-15,1018,1038,2014-12-16,2015-01-15,0.0298904334322998,1.0,-0.025033404970721485,0.00505410470070089,0.45336298012417886,0.4825,outer_01,sigmoid,0.0
1018,2014-12-16,1019,1039,2014-12-17,2015-01-16,0.054876488412850755,1.0,0.003483448783805798,-0.0006768585665843929,0.46360806197619187,0.4825,outer_01,sigmoid,0.0
1019,2014-12-17,1020,1040,2014-12-18,2015-01-19,0.0728291553928253,1.0,-0.0062638300001456315,0.005102030370771615,0.4557061105136551,0.4825,outer_01,sigmoid,0.0
1020,2014-12-18,1021,1041,2014-12-19,2015-01-21,0.07775657506198641,1.0,0.0076170893056621836,0.00377196400935631,0.4580697326055392,0.4825,outer_01,sigmoid,0.0
1021,2014-12-19,1022,1042,2014-12-22,2015-01-22,0.07884242002770048,1.0,-0.0022815509393590006,-0.004957611809826901,0.46427756616606375,0.4825,outer_01,sigmoid,0.0
1022,2014-12-22,1023,1043,2014-12-23,2015-01-23,0.10023683729045185,1.0,-0.016611579562891166,-0.017966094820153877,0.46436053942141065,0.4825,outer_01,sigmoid,0.0
1023,2014-12-23,1024,1044,2014-12-24,2015-01-26,0.09563928803986865,1.0,0.0002126528450325793,-0.02101513502290242,0.4550984486851567,0.4825,outer_01,sigmoid,0.0
1024,2014-12-24,1025,1045,2014-12-26,2015-01-27,0.07637459019664394,1.0,-0.0011658930826694558,-0.019545804671533773,0.4482679899602377,0.4825,outer_01,sigmoid,0.0
1025,2014-12-26,1026,1046,2014-12-29,2015-01-28,0.07733285343433405,1.0,0.017514617317167414,0.003780786228473332,0.4483773370991969,0.4825,outer_01,sigmoid,0.0
1026,2014-12-29,1027,1047,2014-12-30,2015-01-29,0.08270258688737453,1.0,-0.010252100879752923,0.014526698517647318,0.4620373166523414,0.4825,outer_01,sigmoid,0.0
1027,2014-12-30,1028,1048,2014-12-31,2015-01-30,0.047517756884671414,1.0,0.014477012396123534,-0.008801420571537655,0.46484104962286577,0.4825,outer_01,sigmoid,0.0
1028,2014-12-31,1029,1049,2015-01-02,2015-02-02,0.07580958235932211,1.0,-0.009897257331789255,-0.008488154630202693,0.46331013881182287,0.4825,outer_01,sigmoid,0.0
1029,2015-01-02,1030,1050,2015-01-05,2015-02-03,0.0707140032149649,1.0,0.00037859826549357933,-0.017221028594869736,0.46714291787994305,0.4825,outer_01,sigmoid,0.0
1030,2015-01-05,1031,1051,2015-01-06,2015-02-04,0.047781352728629045,1.0,0.012953873776491598,-0.0009378489090874353,0.4669573508668524,0.4825,outer_01,sigmoid,0.0
1031,2015-01-06,1032,1052,2015-01-07,2015-02-05,0.04209379027729376,1.0,0.011582392026539878,0.021973982037668982,0.4615801336672116,0.4825,outer_01,sigmoid,0.0
1032,2015-01-07,1033,1053,2015-01-08,2015-02-06,0.045127600147893965,1.0,-0.006447464972830552,0.006048722942079365,0.4656516731533486,0.4825,outer_01,sigmoid,0.0
1033,2015-01-08,1034,1054,2015-01-09,2015-02-09,0.02422590773029132,1.0,-0.0015128908602788371,-0.01798097892935413,0.46395599480216215,0.4825,outer_01,sigmoid,0.0
1034,2015-01-09,1035,1055,2015-01-12,2015-02-10,0.01193922811566761,1.0,0.011246287884121742,-0.0035605244468106534,0.46619967168289095,0.4825,outer_01,sigmoid,0.0
1035,2015-01-12,1036,1056,2015-01-13,2015-02-11,0.001776235416656391,1.0,0.008869544750073288,0.004616355594540877,0.4624446959323435,0.4825,outer_01,sigmoid,0.0
1036,2015-01-13,1037,1057,2015-01-14,2015-02-12,-0.010808974387320092,0.0,-0.002012971353661186,0.006856573396412102,0.46646931020410215,0.4825,outer_01,sigmoid,0.0
1037,2015-01-14,1038,1058,2015-01-15,2015-02-13,-0.004753895438630806,0.0,-0.0015286668613558874,0.0303613115057777,0.4644097826768812,0.4825,outer_01,sigmoid,0.0
1038,2015-01-15,1039,1059,2015-01-16,2015-02-16,-0.02780242575025227,0.0,0.026832052875663592,0.053709915597635494,0.46282743426594497,0.4825,outer_01,sigmoid,0.0
1039,2015-01-16,1040,1060,2015-01-19,2015-02-17,-0.03724832808359224,0.0,0.01394795165089846,0.07392169724867959,0.4626219039171585,0.4825,outer_01,sigmoid,0.0
1040,2015-01-19,1041,1061,2015-01-21,2015-02-18,-0.06859904756748403,0.0,-0.0026440348645593303,0.06366057307845807,0.4650279630918837,0.4825,outer_01,sigmoid,0.0
1041,2015-01-21,1042,1062,2015-01-22,2015-02-19,-0.0635085840212195,0.0,0.013081236908777605,0.07902336092659468,0.4668734302415726,0.4825,outer_01,sigmoid,0.0
1042,2015-01-22,1043,1063,2015-01-23,2015-02-20,-0.07445401819667818,0.0,0.00609671040802251,0.10173165089750835,0.4661627287029416,0.4825,outer_01,sigmoid,0.0
1043,2015-01-23,1044,1064,2015-01-26,2015-02-23,-0.07350684781931083,0.0,-0.005872532425226673,0.0956464656272491,0.4650263561669951,0.4825,outer_01,sigmoid,0.0
1044,2015-01-26,1045,1065,2015-01-27,2015-02-24,-0.06316973440695328,0.0,-0.009739958473961252,0.0870724002359573,0.4682266606564522,0.4825,outer_01,sigmoid,0.0
1045,2015-01-27,1046,1066,2015-01-28,2015-02-25,-0.07312808183849029,0.0,0.008572136097703797,0.07812991901649369,0.470155950850643,0.4825,outer_01,sigmoid,0.0
1046,2015-01-28,1047,1067,2015-01-29,2015-02-26,-0.0642884213817485,0.0,-0.0058440893229132485,0.08253793057333336,0.4695522559607327,0.4825,outer_01,sigmoid,0.0
1047,2015-01-29,1048,1068,2015-01-30,2015-02-27,-0.03944931434233556,0.0,-0.02157423115410051,0.04648668702310932,0.469797890304258,0.4825,outer_01,sigmoid,0.0
1048,2015-01-30,1049,1069,2015-02-02,2015-03-02,-0.05339102259131234,0.0,0.020670902795136392,0.07705484715003497,0.47046351058284663,0.4825,outer_01,sigmoid,0.0
1049,2015-02-02,1050,1070,2015-02-03,2015-03-03,-0.055540042066330564,0.0,-0.006706975199285203,0.06996927368525618,0.47063023458022624,0.4825,outer_01,sigmoid,0.0
1050,2015-02-03,1051,1071,2015-02-04,2015-03-04,-0.0462528466285308,0.0,-0.011921951175502876,0.04509344873326171,0.470706745358854,0.4825,outer_01,sigmoid,0.0
1051,2015-02-04,1052,1072,2015-02-05,2015-03-05,-0.056494906026335556,0.0,0.007464904701763864,0.040975961408485695,0.4708339890738789,0.4825,outer_01,sigmoid,0.0
1052,2015-02-05,1053,1073,2015-02-06,2015-03-06,-0.05499469540894708,0.0,-0.0037808422080356507,0.043642584173280596,0.4707350653442685,0.4825,outer_01,sigmoid,0.0
1053,2015-02-06,1054,1074,2015-02-09,2015-03-09,-0.057040023463948764,0.0,-0.025145060483528603,0.02001041455003083,0.4706118684019767,0.4825,outer_01,sigmoid,0.0
1054,2015-02-09,1055,1075,2015-02-10,2015-03-10,-0.06421778028804415,0.0,0.004974953534396143,0.013739080200305231,0.4707724735523027,0.4825,outer_01,sigmoid,0.0
1055,2015-02-10,1056,1076,2015-02-11,2015-03-11,-0.05980650659476705,0.0,-0.004893861714083236,-2.4326263851293106e-05,0.47074046946249787,0.4825,outer_01,sigmoid,0.0
1056,2015-02-11,1057,1077,2015-02-12,2015-03-12,-0.05339939138479899,0.0,-0.013091927115639557,-0.011103282025829664,0.47035113078614305,0.4825,outer_01,sigmoid,0.0
1057,2015-02-12,1058,1078,2015-02-13,2015-03-13,-0.058319258813267716,0.0,0.004091259524368951,-0.005483355640104826,0.4706551804339861,0.4825,outer_01,sigmoid,0.0
1058,2015-02-13,1059,1079,2015-02-16,2015-03-16,-0.060109831765134736,0.0,0.005564726577705237,-0.02675068193806318,0.4703516964783123,0.4825,outer_01,sigmoid,0.0
1059,2015-02-16,1060,1080,2015-02-17,2015-03-17,-0.06473661521341967,0.0,0.0014635457815694863,-0.039235087807392155,0.4701460191289892,0.4825,outer_01,sigmoid,0.0
1060,2015-02-17,1061,1081,2015-02-18,2015-03-18,-0.05049688904914351,0.0,-0.017713795710546876,-0.0543048486533797,0.46975651842407956,0.4825,outer_01,sigmoid,0.0
1061,2015-02-18,1062,1082,2015-02-19,2015-03-19,-0.037623599155833354,0.0,0.0021891698574849627,-0.06519691570467234,0.46858726767076775,0.4825,outer_01,sigmoid,0.0
1062,2015-02-19,1063,1083,2015-02-20,2015-03-20,-0.030827051939591676,0.0,-0.004184244920613089,-0.07547787103330794,0.4682672544929704,0.4825,outer_01,sigmoid,0.0
1063,2015-02-20,1064,1084,2015-02-23,2015-03-23,-0.014292715686771373,0.0,-0.004243434658982359,-0.07384877326706363,0.4679115783523501,0.4825,outer_01,sigmoid,0.0
1064,2015-02-23,1065,1085,2015-02-24,2015-03-24,-0.010528041450379888,0.0,-0.0005244122333207812,-0.06463322702642316,0.4691334758380663,0.4825,outer_01,sigmoid,0.0
1065,2015-02-24,1066,1086,2015-02-25,2015-03-25,-0.007504192585078506,0.0,-0.0010163110453094149,-0.07422167416943637,0.4685420642836205,0.4825,outer_01,sigmoid,0.0
1066,2015-02-25,1067,1087,2015-02-26,2015-03-26,-0.007950704437736711,0.0,0.003909634313833621,-0.0644679505326895,0.46840492547425727,0.4825,outer_01,sigmoid,0.0
1067,2015-02-26,1068,1088,2015-02-27,2015-03-27,-0.004341564809193343,0.0,0.0038199770518634324,-0.03907374232672556,0.46952056913910123,0.4825,outer_01,sigmoid,0.0
1068,2015-02-27,1069,1089,2015-03-02,2015-03-30,-0.013652938472832332,0.0,0.0030224227145518867,-0.05672222240731006,0.4682542105513282,0.4825,outer_01,sigmoid,0.0
1069,2015-03-02,1070,1090,2015-03-03,2015-03-31,-0.016597856711840997,0.0,-0.004951303113583272,-0.05496655032160813,0.4656633191920221,0.4825,outer_01,sigmoid,0.0
1070,2015-03-03,1071,1091,2015-03-04,2015-04-01,-0.017543060865857996,0.0,-0.0028130580871268407,-0.045857657233232096,0.4659239905048639,0.4825,outer_01,sigmoid,0.0
1071,2015-03-04,1072,1092,2015-03-05,2015-04-02,0.002978272475332666,1.0,-0.002720999544457925,-0.056043561479453885,0.4643799350211551,0.4825,outer_01,sigmoid,0.0
1072,2015-03-05,1073,1093,2015-03-06,2015-04-03,0.0019412709336208422,1.0,-0.001384140969753922,-0.053646860241172156,0.4641996103620427,0.4825,outer_01,sigmoid,0.0
1073,2015-03-06,1074,1094,2015-03-09,2015-04-06,0.03953269626923195,1.0,-0.026497999445852294,-0.05499979920349585,0.444217859348252,0.4825,outer_01,sigmoid,0.0
1074,2015-03-09,1075,1095,2015-03-10,2015-04-07,0.04461794205254144,1.0,-0.00045420850664967816,-0.06042896124454167,0.4545155515162578,0.4825,outer_01,sigmoid,0.0
1075,2015-03-10,1076,1096,2015-03-11,2015-04-08,0.03888481313250125,1.0,-0.004269344136221598,-0.05980444366668003,0.45363661162682556,0.4825,outer_01,sigmoid,0.0
1076,2015-03-11,1077,1097,2015-03-12,2015-04-09,0.04058680517009705,1.0,-0.006217475535336803,-0.052929992086377275,0.45073546202633824,0.4825,outer_01,sigmoid,0.0
1077,2015-03-12,1078,1098,2015-03-13,2015-04-10,0.034447552392895986,1.0,-0.0007885786495878122,-0.05780983026033404,0.45707448816717877,0.4825,outer_01,sigmoid,0.0
1078,2015-03-13,1079,1099,2015-03-16,2015-04-13,0.042708376854286634,1.0,0.004031670469447413,-0.05934288636859186,0.46154813827654656,0.4825,outer_01,sigmoid,0.0
1079,2015-03-16,1080,1100,2015-03-17,2015-04-14,0.03764088527892451,1.0,-0.003165134306665429,-0.06397156645682678,0.4631820764526054,0.4825,outer_01,sigmoid,0.0
1080,2015-03-17,1081,1101,2015-03-18,2015-04-15,0.0370643670700046,1.0,-0.004583818839645204,-0.05084158958592511,0.46013235863177776,0.4825,outer_01,sigmoid,0.0
1081,2015-03-18,1082,1102,2015-03-19,2015-04-16,0.029258606946036103,1.0,0.01570389725057364,-0.03732686219283643,0.4612621355333802,0.4825,outer_01,sigmoid,0.0
1082,2015-03-19,1083,1103,2015-03-20,2015-04-17,0.0238534592230657,1.0,0.0028910653775851003,-0.03025155189463824,0.4626553781613797,0.4825,outer_01,sigmoid,0.0
1083,2015-03-20,1084,1104,2015-03-23,2015-04-20,0.0163025495969924,1.0,0.009698209908714617,-0.016309907326941264,0.4664450373977763,0.4825,outer_01,sigmoid,0.0
1084,2015-03-23,1085,1105,2015-03-24,2015-04-21,0.005925732176265797,1.0,0.005987688348215947,-0.009797806745404536,0.46746910814883536,0.4825,outer_01,sigmoid,0.0
1085,2015-03-24,1086,1106,2015-03-25,2015-04-22,0.008577578137524355,1.0,0.00317324667513752,-0.005608249024957601,0.4669096676041179,0.4825,outer_01,sigmoid,0.0
1086,2015-03-25,1087,1107,2015-03-26,2015-04-23,-0.006379446312072545,0.0,0.001733472780171219,-0.007784410558620003,0.4688002086755653,0.4825,outer_01,sigmoid,0.0
1087,2015-03-26,1088,1108,2015-03-27,2015-04-24,-0.008580952021176813,0.0,0.007809316641932185,-0.0037950709685512507,0.4691897967412482,0.4825,outer_01,sigmoid,0.0
1088,2015-03-27,1089,1109,2015-03-30,2015-04-27,-0.015019656080713872,0.0,-0.005369129241540094,-0.012186622924643231,0.4653328294982447,0.4825,outer_01,sigmoid,0.0
1089,2015-03-30,1090,1110,2015-03-31,2015-04-28,0.013175443230341699,1.0,-0.010471212008158481,-0.01770653181921844,0.4612356993815098,0.4825,outer_01,sigmoid,0.0
1090,2015-03-31,1091,1111,2015-04-01,2015-04-29,0.02371632862530504,1.0,-0.0017221152501418757,-0.016615588982233476,0.4644555136979534,0.4825,outer_01,sigmoid,0.0
1091,2015-04-01,1092,1112,2015-04-02,2015-04-30,0.001278432848867972,1.0,0.017230324374629014,0.003335734936853463,0.46810072637949907,0.4825,outer_01,sigmoid,0.0
1092,2015-04-02,1093,1113,2015-04-03,2015-05-01,-0.014132911392160885,0.0,-0.0017205485062810055,0.0029993274003263792,0.46797373793491615,0.4825,outer_01,sigmoid,0.0
1093,2015-04-03,1094,1114,2015-04-06,2015-05-04,-0.02984947328685994,0.0,-0.0020235589052761682,0.027473767940902505,0.44325834958776106,0.4825,outer_01,sigmoid,0.0
1094,2015-04-06,1095,1115,2015-04-07,2015-05-05,-0.021858156972477616,0.0,0.012220381321268015,0.0401483577688202,0.46926516811326724,0.4825,outer_01,sigmoid,0.0
1095,2015-04-07,1096,1116,2015-04-08,2015-05-06,-0.012590408876996584,0.0,-0.004522765931829653,0.03989493597321214,0.46409374871411807,0.4825,outer_01,sigmoid,0.0
1096,2015-04-08,1097,1117,2015-04-09,2015-05-07,-0.009422447859874339,0.0,-0.005707332970168899,0.040405078538380046,0.4635994208675364,0.4825,outer_01,sigmoid,0.0
1097,2015-04-09,1098,1118,2015-04-10,2015-05-08,-0.008777812651579175,0.0,-0.006577158983661846,0.03461649820430601,0.46357695419183204,0.4825,outer_01,sigmoid,0.0
1098,2015-04-10,1099,1119,2015-04-13,2015-05-11,-0.0154524130346676,0.0,0.010902127228181513,0.04148695496304011,0.4665297388142692,0.4825,outer_01,sigmoid,0.0
1099,2015-04-13,1100,1120,2015-04-14,2015-05-12,-0.012682994478589116,0.0,-0.0073577731620178,0.03729431610768774,0.4667429493743524,0.4825,outer_01,sigmoid,0.0
1100,2015-04-14,1101,1121,2015-04-15,2015-05-13,0.00048614488074605333,1.0,-0.005094774456774864,0.03678336049055808,0.4674367971930806,0.4825,outer_01,sigmoid,0.0
1101,2015-04-15,1102,1122,2015-04-16,2015-05-14,0.010564687446348309,1.0,0.008393760262393357,0.0294732235023778,0.4673804500690551,0.4825,outer_01,sigmoid,0.0
1102,2015-04-16,1103,1123,2015-04-17,2015-05-15,0.018412830327795504,1.0,-0.003432507181754474,0.023149650943038225,0.46754907809225893,0.4825,outer_01,sigmoid,0.0
1103,2015-04-17,1104,1124,2015-04-20,2015-05-18,0.015191541337395975,1.0,0.0050281063269039805,0.01847954736122759,0.4678026821973509,0.4825,outer_01,sigmoid,0.0
1104,2015-04-20,1105,1125,2015-04-21,2015-05-19,0.023659921212111357,1.0,-0.007150149630898994,0.005341709382112647,0.4681198360800994,0.4825,outer_01,sigmoid,0.0
1105,2015-04-21,1106,1126,2015-04-22,2015-05-20,0.005043602923745283,1.0,0.005305007979047538,0.007473470686022665,0.46802392034307444,0.4825,outer_01,sigmoid,0.0
1106,2015-04-22,1107,1127,2015-04-23,2015-05-21,0.01819923648330235,1.0,-0.012700417266551689,-0.006960419360700243,0.468392926756055,0.4825,outer_01,sigmoid,0.0
1107,2015-04-23,1108,1128,2015-04-24,2015-05-22,0.010198813561579811,1.0,0.005813481433323275,-0.008956254569309152,0.4690836918871315,0.4825,outer_01,sigmoid,0.0
1108,2015-04-24,1109,1129,2015-04-27,2015-05-25,0.021255444956023162,1.0,-0.01227133357221355,-0.015858458899982608,0.46745872030124946,0.4825,outer_01,sigmoid,0.0
1109,2015-04-27,1110,1130,2015-04-28,2015-05-26,0.00391155902033713,1.0,0.018941948850818235,0.013554701958994109,0.46843391065311923,0.4825,outer_01,sigmoid,0.0
1110,2015-04-28,1111,1131,2015-04-29,2015-05-27,-0.020848241696452163,0.0,0.008509279341271103,0.023786096550407088,0.4683200552103169,0.4825,outer_01,sigmoid,0.0
1111,2015-04-29,1112,1132,2015-04-30,2015-05-28,-0.015012109172305443,0.0,-0.0059082166750794585,0.0006475555006986156,0.468061648520717,0.4825,outer_01,sigmoid,0.0
1112,2015-04-30,1113,1133,2015-05-01,2015-05-29,0.002765157428348708,1.0,-0.01753997639424032,-0.015171872387260699,0.464392525641295,0.4825,outer_01,sigmoid,0.0
1113,2015-05-01,1114,1134,2015-05-04,2015-06-01,0.008926973337953115,1.0,-0.004715612136684477,-0.017863925618669008,0.45736613606325466,0.4825,outer_01,sigmoid,0.0
1114,2015-05-04,1115,1135,2015-05-05,2015-06-02,0.0006898234493837307,1.0,0.008349297239279352,-0.02173500970065767,0.45999431935826335,0.4825,outer_01,sigmoid,0.0
1115,2015-05-05,1116,1136,2015-05-06,2015-06-03,-5.865913596725392e-05,0.0,0.00382175165198273,-0.013390492116845287,0.4614206649590855,0.4825,outer_01,sigmoid,0.0
1116,2015-05-06,1117,1137,2015-05-07,2015-06-04,-0.005292998939687266,0.0,-0.0006876771878321364,-0.008370836334508525,0.46226853207349355,0.4825,outer_01,sigmoid,0.0
1117,2015-05-07,1118,1138,2015-05-08,2015-06-05,-0.005937449947950313,0.0,-0.006556627857779773,-0.008350305208626452,0.46580869560274263,0.4825,outer_01,sigmoid,0.0
1118,2015-05-08,1119,1139,2015-05-11,2015-06-08,-0.015823141774892413,0.0,0.0035067051023798257,-0.01574572733442814,0.4603646162998201,0.4825,outer_01,sigmoid,0.0
1119,2015-05-11,1120,1140,2015-05-12,2015-06-09,-0.008253118421830408,0.0,-0.00397970205361009,-0.01236765622602043,0.4638999195386696,0.4825,outer_01,sigmoid,0.0
1120,2015-05-12,1121,1141,2015-05-13,2015-06-10,-0.013982583208078658,0.0,0.00840450660972003,0.0011316248404744655,0.4599343931538466,0.4825,outer_01,sigmoid,0.0
1121,2015-05-13,1122,1142,2015-05-14,2015-06-11,-0.023851499598235293,0.0,0.018295977161775667,0.011033841739856776,0.44450796674566007,0.4825,outer_01,sigmoid,0.0
1122,2015-05-14,1123,1143,2015-05-15,2015-06-12,-0.03287143986685859,0.0,0.004243711607735179,0.01871006052934643,0.4504542987770034,0.4825,outer_01,sigmoid,0.0
1123,2015-05-15,1124,1144,2015-05-18,2015-06-15,-0.03456001055622249,0.0,0.0023889009331972133,0.01607085513563966,0.45736410294136254,0.4825,outer_01,sigmoid,0.0
1124,2015-05-18,1125,1145,2015-05-19,2015-06-16,-0.032852667063560936,0.0,0.0012820881007193918,0.024503092867258047,0.45915156558363623,0.4825,outer_01,sigmoid,0.0
1125,2015-05-19,1126,1146,2015-05-20,2015-06-17,-0.02237450679047459,0.0,-0.014566756268744818,0.004631328619465691,0.4513525247551498,0.4825,outer_01,sigmoid,0.0
1126,2015-05-20,1127,1147,2015-05-21,2015-06-18,-0.02099042623681413,0.0,0.0017456992813231764,0.019077445167340557,0.45748264820746387,0.4825,outer_01,sigmoid,0.0
1127,2015-05-21,1128,1148,2015-05-22,2015-06-19,-0.003487883154258853,0.0,-0.0030714868689383223,0.010192476865078959,0.45801344082955786,0.4825,outer_01,sigmoid,0.0
1128,2015-05-22,1129,1149,2015-05-25,2015-06-22,-0.0034835853766592706,0.0,0.00019069017464445892,0.022654500611936967,0.4579278143887852,0.4825,outer_01,sigmoid,0.0
1129,2015-05-25,1130,1150,2015-05-26,2015-06-23,-0.017407447503662965,0.0,0.0002403836202580223,0.003952935381376754,0.4682832512515897,0.4825,outer_01,sigmoid,0.0
1130,2015-05-26,1131,1151,2015-05-27,2015-06-24,-0.00731297142019649,0.0,-0.016184300484502145,-0.020740644444396494,0.46404734182891455,0.4825,outer_01,sigmoid,0.0
1131,2015-05-27,1132,1152,2015-05-28,2015-06-25,-0.010608449859644153,0.0,0.0006736388540167226,-0.014158788915300313,0.46498351600670723,0.4825,outer_01,sigmoid,0.0
1132,2015-05-28,1133,1153,2015-05-29,2015-06-26,-0.011958440905512902,0.0,0.00012625678120858908,0.0035074442601485956,0.4645569238750501,0.4825,outer_01,sigmoid,0.0
1133,2015-05-29,1134,1154,2015-06-01,2015-06-29,-0.0035511161892571863,0.0,0.0019255434677063477,0.01014859986453942,0.4642358928871493,0.4825,outer_01,sigmoid,0.0
1134,2015-06-01,1135,1155,2015-06-02,2015-06-30,-0.007665201555103529,0.0,-0.0010674198452536032,0.0007318827800064653,0.4604573774587812,0.4825,outer_01,sigmoid,0.0
1135,2015-06-02,1136,1156,2015-06-03,2015-07-01,-0.01618661367144103,0.0,0.0030395670611005343,-5.030181087573027e-05,0.46253613350821643,0.4825,outer_01,sigmoid,0.0
1136,2015-06-03,1137,1157,2015-06-04,2015-07-02,-0.014335914312030518,0.0,-0.006695909067757633,-0.006058533690801227,0.45624041146489475,0.4825,outer_01,sigmoid,0.0
1137,2015-06-04,1138,1158,2015-06-05,2015-07-03,-0.009783159955193632,0.0,-0.007097995276276414,-0.006599901109297868,0.45066277358967854,0.4825,outer_01,sigmoid,0.0
1138,2015-06-05,1139,1159,2015-06-08,2015-07-06,0.0017250365083540942,1.0,-0.004182377952901994,-0.014288984164579688,0.4451189037797271,0.4825,outer_01,sigmoid,0.0
1139,2015-06-08,1140,1160,2015-06-09,2015-07-07,-0.0032076191329455384,0.0,0.0019272593694044104,-0.008382022741565187,0.45551215550293617,0.4825,outer_01,sigmoid,0.0
1140,2015-06-09,1141,1161,2015-06-10,2015-07-08,-0.02019785146354458,0.0,0.0025610823291808416,-0.014225447022104376,0.459295043554724,0.4825,outer_01,sigmoid,0.0
1141,2015-06-10,1142,1162,2015-06-11,2015-07-09,-0.02338120989661352,0.0,0.007669424380447154,-0.02485199980343289,0.44711176586877305,0.4825,outer_01,sigmoid,0.0
1142,2015-06-11,1143,1163,2015-06-12,2015-07-10,-0.01886155329101591,0.0,-0.003218057669905683,-0.03231376908107375,0.44227067810495196,0.4825,outer_01,sigmoid,0.0
1143,2015-06-12,1144,1164,2015-06-15,2015-07-13,-0.01658104429717966,0.0,-0.0004823334879482388,-0.0351850035022192,0.4356246662772154,0.4825,outer_01,sigmoid,0.0
1144,2015-06-15,1145,1165,2015-06-16,2015-07-14,-0.02357005723585104,0.0,0.003919619138967434,-0.03254747246397116,0.4310380053945133,0.4825,outer_01,sigmoid,0.0
1145,2015-06-16,1146,1166,2015-06-17,2015-07-15,-0.02236728198443494,0.0,-0.003437285651019195,-0.021418001846245538,0.44154078593266155,0.4825,outer_01,sigmoid,0.0
1146,2015-06-17,1147,1167,2015-06-18,2015-07-16,-0.03017492485642226,0.0,0.002349104956275383,-0.02081459617129333,0.44430433400906094,0.4825,outer_01,sigmoid,0.0
1147,2015-06-18,1148,1168,2015-06-19,2015-07-17,-0.04857056712911767,0.0,0.01435437359491587,-0.003388735707439139,0.44080918108055533,0.4825,outer_01,sigmoid,0.0
1148,2015-06-19,1149,1169,2015-06-22,2015-07-20,-0.05841583444069176,0.0,-0.0014653603161631779,-0.005044786198246776,0.44351047942842725,0.4825,outer_01,sigmoid,0.0
1149,2015-06-22,1150,1170,2015-06-23,2015-07-21,-0.07657247233938502,0.0,-0.01207909169562793,-0.01736426151413273,0.4466050654307645,0.4825,outer_01,sigmoid,0.0
1150,2015-06-23,1151,1171,2015-06-24,2015-07-22,-0.06652548619495313,0.0,-0.006226227710354415,-0.007406188739984998,0.4563705483775053,0.4825,outer_01,sigmoid,0.0
1151,2015-06-24,1152,1172,2015-06-25,2015-07-23,-0.07093233493002238,0.0,-0.0028468378981871822,-0.010926665492188903,0.45524958047506303,0.4825,outer_01,sigmoid,0.0
1152,2015-06-25,1153,1173,2015-06-26,2015-07-24,-0.07286417175463278,0.0,-0.001984829066175031,-0.013037751339572523,0.45023292002293586,0.4825,outer_01,sigmoid,0.0
1153,2015-06-26,1154,1174,2015-06-29,2015-07-27,-0.07951316753936855,0.0,0.0020784361293220144,-0.012884858677956856,0.4491338219040355,0.4825,outer_01,sigmoid,0.0
1154,2015-06-29,1155,1175,2015-06-30,2015-07-28,-0.07508625309226424,0.0,0.003516673830207928,-0.008300765002495325,0.4367927047554602,0.4825,outer_01,sigmoid,0.0
1155,2015-06-30,1156,1176,2015-07-01,2015-07-29,-0.06969941305030591,0.0,-0.006371371743734144,-0.017711703807330004,0.44431296518934355,0.4825,outer_01,sigmoid,0.0
1156,2015-07-01,1157,1177,2015-07-02,2015-07-30,-0.06382494859882915,0.0,-0.0028628705496771545,-0.013878665289249525,0.45063119955467446,0.4825,outer_01,sigmoid,0.0
1157,2015-07-02,1158,1178,2015-07-03,2015-07-31,-0.06836621120727049,0.0,-0.00244204550458349,-0.009222715517556601,0.45132551860017983,0.4825,outer_01,sigmoid,0.0
1158,2015-07-03,1159,1179,2015-07-06,2015-08-03,-0.06730000972070815,0.0,0.002527623110687216,-0.0025127144539673907,0.4418359282208941,0.4825,outer_01,sigmoid,0.0
1159,2015-07-06,1160,1180,2015-07-07,2015-08-04,-0.07541088593829315,0.0,0.0012571464435175983,-0.003182827379854203,0.4460102667757622,0.4825,outer_01,sigmoid,0.0
1160,2015-07-07,1161,1181,2015-07-08,2015-08-05,-0.05887728738280096,0.0,-0.011440779081988595,-0.01718468879102364,0.4417722241066889,0.4825,outer_01,sigmoid,0.0
1161,2015-07-08,1162,1182,2015-07-09,2015-08-06,-0.06621251238485382,0.0,0.0005704063003060256,-0.024283706871164767,0.43386492497174334,0.4825,outer_01,sigmoid,0.0
1162,2015-07-09,1163,1183,2015-07-10,2015-08-07,-0.06213432391953955,0.0,0.0020111092474905945,-0.01905453995376849,0.434278167919061,0.4825,outer_01,sigmoid,0.0
1163,2015-07-10,1164,1184,2015-07-13,2015-08-10,-0.061807883324020985,0.0,0.0033228341783253512,-0.0152493722874949,0.4335168459741493,0.4825,outer_01,sigmoid,0.0
1164,2015-07-13,1165,1185,2015-07-14,2015-08-11,-0.047525065446418324,0.0,-0.005005675210461469,-0.024174666636923803,0.4339577205236782,0.4825,outer_01,sigmoid,0.0
1165,2015-07-14,1166,1186,2015-07-15,2015-08-12,-0.04135755087601822,0.0,-0.0021010500005775867,-0.022838430986482194,0.43132223377757256,0.4825,outer_01,sigmoid,0.0
1166,2015-07-15,1167,1187,2015-07-16,2015-08-13,-0.020895285090075433,0.0,-0.005215463791826913,-0.03040299973458449,0.42684383382354096,0.4825,outer_01,sigmoid,0.0
1167,2015-07-16,1168,1188,2015-07-17,2015-08-14,-0.026458676700674033,0.0,-0.003582374384255793,-0.048339747713756154,0.4117082483520288,0.4825,outer_01,sigmoid,0.0
1168,2015-07-17,1169,1189,2015-07-20,2015-08-17,-0.01589524669066389,0.0,-0.009651483586821108,-0.056525870984414084,0.4094817258033649,0.4825,outer_01,sigmoid,0.0
1169,2015-07-20,1170,1190,2015-07-21,2015-08-18,0.017277448815667285,1.0,-0.03364833582544868,-0.07809511511423484,0.4104905968847349,0.4825,outer_01,sigmoid,0.0
1170,2015-07-21,1171,1191,2015-07-22,2015-08-19,0.013815932207062787,1.0,0.0038405230994875694,-0.06802836430439285,0.4138721779018555,0.4825,outer_01,sigmoid,0.0
1171,2015-07-22,1172,1192,2015-07-23,2015-08-20,0.035041221623537844,1.0,-0.006296349157675962,-0.07147787556388163,0.41105531316545946,0.4825,outer_01,sigmoid,0.0
1172,2015-07-23,1173,1193,2015-07-24,2015-08-21,0.055755342442886935,1.0,-0.00309433380047075,-0.07258738029817735,0.40789462534095683,0.4825,outer_01,sigmoid,0.0
1173,2015-07-24,1174,1194,2015-07-27,2015-08-24,0.0608533222140073,1.0,0.007717955295392542,-0.06694786113210682,0.4077124627550082,0.4825,outer_01,sigmoid,0.0
1174,2015-07-27,1175,1195,2015-07-28,2015-08-25,0.052312707375262946,1.0,-0.0045139392989739235,-0.07497847426128867,0.4111264004598323,0.4825,outer_01,sigmoid,0.0
1175,2015-07-28,1176,1196,2015-07-29,2015-08-26,0.0404723730996972,1.0,0.0010048599522773927,-0.06760224256527714,0.40740165809307727,0.4825,outer_01,sigmoid,0.0
1176,2015-07-29,1177,1197,2015-07-30,2015-08-27,0.026806285550940778,1.0,0.0014142273605859401,-0.06332514465501404,0.4044129027516988,0.4825,outer_01,sigmoid,0.0
1177,2015-07-30,1178,1198,2015-07-31,2015-08-28,0.033244559161518694,1.0,-0.007550452058403323,-0.06843355120883388,0.402266698654109,0.4825,outer_01,sigmoid,0.0
1178,2015-07-31,1179,1199,2015-08-03,2015-08-31,0.03413668143082216,1.0,0.006364461206607608,-0.06459671311291348,0.40772464478718795,0.4825,outer_01,sigmoid,0.0
1179,2015-08-03,1180,1200,2015-08-04,2015-09-01,0.044405291525892565,1.0,-0.008083851660490637,-0.07393771121692172,0.40388174609476474,0.4825,outer_01,sigmoid,0.0
1180,2015-08-04,1181,1201,2015-08-05,2015-09-02,0.0470670880069024,1.0,0.0008738565683685806,-0.061623075566564545,0.40409360328391003,0.4825,outer_01,sigmoid,0.0
1181,2015-08-05,1182,1202,2015-08-06,2015-09-03,0.04405490392226419,1.0,-0.002614645336396215,-0.06480812720326679,0.40238311929417553,0.4825,outer_01,sigmoid,0.0
1182,2015-08-06,1183,1203,2015-08-07,2015-09-04,0.031896367655382285,1.0,0.0041948453951103915,-0.06262439105564699,0.4023369427856495,0.4825,outer_01,sigmoid,0.0
1183,2015-08-07,1184,1204,2015-08-10,2015-09-07,0.027031965949062098,1.0,0.004433256631110716,-0.061513968602861624,0.40276653124439826,0.4825,outer_01,sigmoid,0.0
1184,2015-08-10,1185,1205,2015-08-11,2015-09-08,0.014250698575501097,1.0,0.009333279795358251,-0.047175013597041904,0.4074327121093111,0.4825,outer_01,sigmoid,0.0
1185,2015-08-11,1186,1206,2015-08-12,2015-09-09,0.011486494635811972,1.0,0.003903889865737753,-0.041170073730726564,0.41301553197367835,0.4825,outer_01,sigmoid,0.0
1186,2015-08-12,1187,1207,2015-08-13,2015-09-10,-0.016378533349478808,0.0,0.013580422449602558,-0.022374187489297093,0.42089774322286594,0.4825,outer_01,sigmoid,0.0
1187,2015-08-13,1188,1208,2015-08-14,2015-09-11,-0.0037283138672403737,0.0,-0.007878557947864628,-0.026670371052905928,0.42078804992067403,0.4825,outer_01,sigmoid,0.0
1188,2015-08-14,1189,1209,2015-08-17,2015-09-14,-0.006534265016098217,0.0,-0.00024216224091500038,-0.01726104970699982,0.4194758391663586,0.4825,outer_01,sigmoid,0.0
1189,2015-08-17,1190,1210,2015-08-18,2015-09-15,-0.008023871934367044,0.0,0.00225790361856415,0.018645189737013013,0.41545234256044516,0.4825,outer_01,sigmoid,0.0
1190,2015-08-18,1191,1211,2015-08-19,2015-09-16,-0.011460773322863993,0.0,0.00013423839864845633,0.0149389050361739,0.41612224575446144,0.4825,outer_01,sigmoid,0.0
1191,2015-08-19,1192,1212,2015-08-20,2015-09-17,-0.012651822131922508,0.0,0.014833640852072172,0.036068895045922034,0.42116362398601054,0.4825,outer_01,sigmoid,0.0
1192,2015-08-20,1193,1213,2015-08-21,2015-09-18,-0.020064752131512265,0.0,0.015650264535230107,0.05481349338162289,0.42967500395438685,0.4825,outer_01,sigmoid,0.0
1193,2015-08-21,1194,1214,2015-08-24,2015-09-21,-0.021889969870940718,0.0,0.007316409733126861,0.05441194781935721,0.43081518856339057,0.4825,outer_01,sigmoid,0.0
1194,2015-08-24,1195,1215,2015-08-25,2015-09-22,-0.017949940045692614,0.0,-0.004811044429664513,0.05411484268866662,0.4236980096087943,0.4825,outer_01,sigmoid,0.0
1195,2015-08-25,1196,1216,2015-08-26,2015-09-23,-0.013703682697159714,0.0,-0.012607606868145993,0.040502375868243234,0.42176402584808265,0.4825,outer_01,sigmoid,0.0
1196,2015-08-26,1197,1217,2015-08-27,2015-09-24,0.004280763956365341,1.0,-0.013888192431981139,0.025199956075676155,0.4158475920044248,0.4825,outer_01,sigmoid,0.0
1197,2015-08-27,1198,1218,2015-08-28,2015-09-25,0.021187605770098372,1.0,-0.00018672226895155575,0.03256368586512792,0.4140143600525888,0.4825,outer_01,sigmoid,0.0
1198,2015-08-28,1199,1219,2015-08-31,2015-09-28,0.010144442223844585,1.0,0.008376993792965415,0.03457621845148573,0.41882951575397004,0.4825,outer_01,sigmoid,0.0
1199,2015-08-31,1200,1220,2015-09-01,2015-09-29,-0.0022853522460959397,0.0,0.000608269843723086,0.04326833995569945,0.4198176517528042,0.4825,outer_01,sigmoid,0.0
1200,2015-09-01,1201,1221,2015-09-02,2015-09-30,-0.010992805760837498,0.0,0.004624834592601879,0.04701931797993275,0.4285562567190797,0.4825,outer_01,sigmoid,0.0
1201,2015-09-02,1202,1222,2015-09-03,2015-10-01,-0.01611245755130586,0.0,-0.005444763313558809,0.04418920000277016,0.43041189779838507,0.4825,outer_01,sigmoid,0.0
1202,2015-09-03,1203,1223,2015-09-04,2015-10-02,-0.01037278628560312,0.0,-0.007676374302879374,0.03231798030478039,0.42810796665431194,0.4825,outer_01,sigmoid,0.0
1203,2015-09-04,1204,1224,2015-09-07,2015-10-05,0.012204933404639462,1.0,-0.002473927150778543,0.025410796522891133,0.43041566502831746,0.4825,outer_01,sigmoid,0.0
1204,2015-09-07,1205,1225,2015-09-08,2015-10-06,0.01370710351746407,1.0,-0.0030250729141743093,0.013052443813358572,0.4336841976921589,0.4825,outer_01,sigmoid,0.0
1205,2015-09-08,1206,1226,2015-09-09,2015-10-07,0.022296907513840836,1.0,0.0020801628777427084,0.011228716825363527,0.42967700968924377,0.4825,outer_01,sigmoid,0.0
1206,2015-09-09,1207,1227,2015-09-10,2015-10-08,0.0338476498213085,1.0,-0.01249219788329814,-0.01484390350753717,0.4240309322524235,0.4825,outer_01,sigmoid,0.0
1207,2015-09-10,1208,1228,2015-09-11,2015-10-09,0.024828052330156503,1.0,0.002723519530645646,-0.004241826029026896,0.4309742539130978,0.4825,outer_01,sigmoid,0.0
1208,2015-09-11,1209,1229,2015-09-14,2015-10-12,0.04276765521510395,1.0,-0.0024255551667842212,-0.006425218954896117,0.42709223573947325,0.4825,outer_01,sigmoid,0.0
1209,2015-09-14,1210,1230,2015-09-15,2015-10-13,0.048469207018323246,1.0,0.0009835548628389645,-0.007699567710621302,0.42236562453409826,0.4825,outer_01,sigmoid,0.0
1210,2015-09-15,1211,1231,2015-09-16,2015-10-14,0.055280773801127836,1.0,-0.0031887868538920117,-0.01102259296316177,0.42826556657249804,0.4825,outer_01,sigmoid,0.0
1211,2015-09-16,1212,1232,2015-09-17,2015-10-15,0.05673143428677463,1.0,0.012506962646970265,-0.013349271168263677,0.43463058676252614,0.4825,outer_01,sigmoid,0.0
1212,2015-09-17,1213,1233,2015-09-18,2015-10-16,0.04426258840776853,1.0,0.01171681943734626,-0.017282716266147524,0.43685080677096444,0.4825,outer_01,sigmoid,0.0
1213,2015-09-18,1214,1234,2015-09-21,2015-10-19,0.03233067201164452,1.0,0.005899514332583955,-0.01869961166669043,0.43577096041900015,0.4825,outer_01,sigmoid,0.0
1214,2015-09-21,1215,1235,2015-09-22,2015-10-20,0.03218744533625628,1.0,-0.005052071616660214,-0.01894063885368613,0.42912508903978086,0.4825,outer_01,sigmoid,0.0
1215,2015-09-22,1216,1236,2015-09-23,2015-10-21,0.04467515897786356,1.0,-0.007973110983188647,-0.014306142968728786,0.4213321230995693,0.4825,outer_01,sigmoid,0.0
1216,2015-09-23,1217,1237,2015-09-24,2015-10-22,0.032112891044532965,1.0,0.005039313678996571,0.004621363142248924,0.42892827672755895,0.4825,outer_01,sigmoid,0.0
1217,2015-09-24,1218,1238,2015-09-25,2015-10-23,0.01420852648049209,1.0,0.021016903460619574,0.025824988871820054,0.4260355788063539,0.4825,outer_01,sigmoid,0.0
1218,2015-09-25,1219,1239,2015-09-28,2015-10-26,0.01522408022808186,1.0,-0.0073232364996513866,0.010124758579203252,0.43103949065466696,0.4825,outer_01,sigmoid,0.0
1219,2015-09-28,1220,1240,2015-09-29,2015-10-27,0.027687106997608346,1.0,-0.01175745522949434,-0.002240966494014174,0.43317364743270287,0.4825,outer_01,sigmoid,0.0
1220,2015-09-29,1221,1241,2015-09-30,2015-10-28,0.034749569326486984,1.0,-0.00447931063029916,-0.011345111716915213,0.4368113069303278,0.4825,outer_01,sigmoid,0.0
1221,2015-09-30,1222,1242,2015-10-01,2015-10-29,0.03679366867260736,1.0,-0.011277878972658861,-0.017178227376015265,0.42275358386541634,0.4825,outer_01,sigmoid,0.0
1222,2015-10-01,1223,1243,2015-10-02,2015-10-30,0.02847318664485421,1.0,-0.0008527866440815046,-0.010354639717217395,0.4301847767712454,0.4825,outer_01,sigmoid,0.0
1223,2015-10-02,1224,1244,2015-10-05,2015-11-02,0.00409967961168789,1.0,0.02237865563181618,0.014497943065377328,0.4424331731268411,0.4825,outer_01,sigmoid,0.0
1224,2015-10-05,1225,1245,2015-10-06,2015-11-03,-0.0016833017833297603,0.0,-0.0028933907572010753,0.014629625222350562,0.4514714733668424,0.4825,outer_01,sigmoid,0.0
1225,2015-10-06,1226,1246,2015-10-07,2015-11-04,-0.025449047639154898,0.0,0.010112248806112056,0.02266171115071991,0.4488344522464489,0.4825,outer_01,sigmoid,0.0
1226,2015-10-07,1227,1247,2015-10-08,2015-11-05,-0.03298080130297443,0.0,-0.0014396086751373716,0.03371430035888068,0.4425634244313571,0.4825,outer_01,sigmoid,0.0
1227,2015-10-08,1228,1248,2015-10-09,2015-11-06,-0.030677553117296696,0.0,-0.005471933947194252,0.02551884688104078,0.45029705115526314,0.4825,outer_01,sigmoid,0.0
1228,2015-10-09,1229,1249,2015-10-12,2015-11-09,-0.05833829789804401,0.0,0.01521200269473244,0.04315640474255744,0.442454561465212,0.4825,outer_01,sigmoid,0.0
1229,2015-10-12,1230,1250,2015-10-13,2015-11-10,-0.06319179361882465,0.0,0.0062491853192838676,0.048422035199002345,0.4365577861749616,0.4825,outer_01,sigmoid,0.0
1230,2015-10-13,1231,1251,2015-10-14,2015-11-11,-0.06929377677377868,0.0,0.0036966082225680097,0.055307430275462366,0.4297694286216096,0.4825,outer_01,sigmoid,0.0
1231,2015-10-14,1232,1252,2015-10-15,2015-11-12,-0.08639299285518387,0.0,0.014018345150067724,0.056818812778559824,0.43112978569375193,0.4825,outer_01,sigmoid,0.0
1232,2015-10-15,1233,1253,2015-10-16,2015-11-13,-0.08567869212448542,0.0,-0.00158832110712126,0.043513672234092304,0.43283501513162176,0.4825,outer_01,sigmoid,0.0
1233,2015-10-16,1234,1254,2015-10-19,2015-11-16,-0.07813568149297367,0.0,-0.004712192596278975,0.032901965305229375,0.4323880019335481,0.4825,outer_01,sigmoid,0.0
1234,2015-10-19,1235,1255,2015-10-20,2015-11-17,-0.07649277872289062,0.0,-0.0059130933066571245,0.032040943615232464,0.4345507404383677,0.4825,outer_01,sigmoid,0.0
1235,2015-10-20,1236,1256,2015-10-21,2015-11-18,-0.09315553827640954,0.0,0.00524174987229209,0.0452558044707132,0.43498101819575546,0.4825,outer_01,sigmoid,0.0
1236,2015-10-21,1237,1257,2015-10-22,2015-11-19,-0.08584262622922267,0.0,-0.008022916759196974,0.032193574032519656,0.447424606847221,0.4825,outer_01,sigmoid,0.0
1237,2015-10-22,1238,1258,2015-10-23,2015-11-20,-0.07486033321691021,0.0,-0.0013033898551562118,0.00987328071674387,0.45363813223468197,0.4825,outer_01,sigmoid,0.0
1238,2015-10-23,1239,1259,2015-10-26,2015-11-23,-0.0775270280888094,0.0,-0.0009099494146633802,0.016286567801731877,0.4454443621711325,0.4825,outer_01,sigmoid,0.0
1239,2015-10-26,1240,1260,2015-10-27,2015-11-24,-0.08489280900411789,0.0,-0.0011772946787464988,0.02686672835247972,0.4451787655155952,0.4825,outer_01,sigmoid,0.0
1240,2015-10-27,1241,1261,2015-10-28,2015-11-25,-0.08156829150512657,0.0,0.003004938942820168,0.03435097792559905,0.44539509584059994,0.4825,outer_01,sigmoid,0.0
1241,2015-10-28,1242,1262,2015-10-29,2015-11-26,-0.07738934508499096,0.0,-0.009241023962430539,0.03638783293582737,0.44183537653003546,0.4825,outer_01,sigmoid,0.0
1242,2015-10-29,1243,1263,2015-10-30,2015-11-27,-0.06666127582921177,0.0,-0.008681160730155568,0.028559458849753305,0.43341826676750356,0.4825,outer_01,sigmoid,0.0
1243,2015-10-30,1244,1264,2015-11-02,2015-11-30,-0.07564498605709336,0.0,-0.0035322132269284268,0.0026485899910086985,0.44479337092604215,0.4825,outer_01,sigmoid,0.0
1244,2015-11-02,1245,1265,2015-11-03,2015-12-01,-0.06270788174746045,0.0,-0.007278513145154264,-0.0017365323969444901,0.4554916674240706,0.4825,outer_01,sigmoid,0.0
1245,2015-11-03,1246,1266,2015-11-04,2015-12-02,-0.04503774420745987,0.0,-0.014082424748926847,-0.025931205951983394,0.45404458020315314,0.4825,outer_01,sigmoid,0.0
1246,2015-11-04,1247,1267,2015-11-05,2015-12-03,-0.050061799294856435,0.0,-0.0090782244239902,-0.03356982170083622,0.4479361768357565,0.4825,outer_01,sigmoid,0.0
1247,2015-11-05,1248,1268,2015-11-06,2015-12-04,-0.038013710219057195,0.0,-0.003563873012486063,-0.03166176076612803,0.450683096758116,0.4825,outer_01,sigmoid,0.0
1248,2015-11-06,1249,1269,2015-11-09,2015-12-07,-0.00506632810218921,0.0,-0.013639540158878916,-0.06051330361973939,0.4482078942326859,0.4825,outer_01,sigmoid,0.0
1249,2015-11-09,1250,1270,2015-11-10,2015-12-08,-0.019702657012537372,0.0,0.003054249658247521,-0.06370823928077574,0.4335514081502004,0.4825,outer_01,sigmoid,0.0
1250,2015-11-10,1251,1271,2015-11-11,2015-12-09,-0.014184241763945948,0.0,-0.002154432315533583,-0.06955927981887733,0.4477632615798557,0.4825,outer_01,sigmoid,0.0
1251,2015-11-11,1252,1272,2015-11-12,2015-12-10,-0.013248908303046925,0.0,-0.003456775405537904,-0.08703440037448296,0.43763173012386364,0.4825,outer_01,sigmoid,0.0
1252,2015-11-12,1253,1273,2015-11-13,2015-12-11,-0.012287160496473604,0.0,-0.0008660641613049691,-0.08631214342866667,0.4367133895417592,0.4825,outer_01,sigmoid,0.0
1253,2015-11-13,1254,1274,2015-11-16,2015-12-14,-0.013312991802849616,0.0,-0.0012543581360979772,-0.08285430896848567,0.42609401661878377,0.4825,outer_01,sigmoid,0.0
1254,2015-11-16,1255,1275,2015-11-17,2015-12-15,-0.02115686766528846,0.0,-0.0007940098837444509,-0.077735225545573,0.42334719705286955,0.4825,outer_01,sigmoid,0.0
1255,2015-11-17,1256,1276,2015-11-18,2015-12-16,-0.009715096244285348,0.0,-0.011724727158386017,-0.0947017025762511,0.4238730039786946,0.4825,outer_01,sigmoid,0.0
1256,2015-11-18,1257,1277,2015-11-19,2015-12-17,0.0003732144066761478,1.0,0.0007566805441072688,-0.08592210527294686,0.40928024696831417,0.4825,outer_01,sigmoid,0.0
1257,2015-11-19,1258,1278,2015-11-20,2015-12-18,-0.02905278369656994,0.0,0.010376746105531964,-0.07424196931225868,0.4087792165477618,0.4825,outer_01,sigmoid,0.0
1258,2015-11-20,1259,1279,2015-11-23,2015-12-21,-0.009326448938717036,0.0,-0.0037592288786756356,-0.07709124877627094,0.4058788736353109,0.4825,outer_01,sigmoid,0.0
1259,2015-11-23,1260,1280,2015-11-24,2015-12-22,0.008374017907284426,1.0,-0.008440126492073041,-0.08435408058959748,0.40297918371008895,0.4825,outer_01,sigmoid,0.0
1260,2015-11-24,1261,1281,2015-11-25,2015-12-23,-0.0026250154701896733,0.0,0.00596019915447954,-0.08139882037793811,0.40561181030499255,0.4825,outer_01,sigmoid,0.0
1261,2015-11-25,1262,1282,2015-11-26,2015-12-24,-0.0007658040849802816,0.0,-0.0039228343129629195,-0.07608063072847049,0.406395833707736,0.4825,outer_01,sigmoid,0.0
1262,2015-11-26,1263,1283,2015-11-27,2015-12-28,0.0038181847635962995,1.0,0.0005133590125581122,-0.06688611098575681,0.4031485751278252,0.4825,outer_01,sigmoid,0.0
1263,2015-11-27,1264,1284,2015-11-30,2015-12-29,0.00988212584385284,1.0,-0.012781376896206176,-0.07613527465503456,0.40210926197843183,0.4825,outer_01,sigmoid,0.0
1264,2015-11-30,1265,1285,2015-12-01,2015-12-30,0.00393660704642862,1.0,0.00596493492649941,-0.06289182658338088,0.40156747979906293,0.4825,outer_01,sigmoid,0.0
1265,2015-12-01,1266,1286,2015-12-02,2015-12-31,-0.007041489211620622,0.0,0.00456504090007126,-0.044244360934382776,0.40286042974637726,0.4825,outer_01,sigmoid,0.0
1266,2015-12-02,1267,1287,2015-12-03,2016-01-04,0.010421480817192297,1.0,-0.014839653683274001,-0.05000579019366658,0.4010545177783259,0.4825,outer_01,sigmoid,0.0
1267,2015-12-03,1268,1288,2015-12-04,2016-01-05,0.009173946858537896,1.0,0.008139618297261286,-0.03830229888391923,0.4021782154042332,0.4825,outer_01,sigmoid,0.0
1268,2015-12-04,1269,1289,2015-12-07,2016-01-06,-0.006538539967106516,0.0,0.02295271224740425,-0.0017100464776360624,0.4204761583183482,0.4825,outer_01,sigmoid,0.0
1269,2015-12-07,1270,1290,2015-12-08,2016-01-07,0.02091041977909658,1.0,-0.014832115874837015,-0.0195964120107206,0.41361267862580187,0.4825,outer_01,sigmoid,0.0
1270,2015-12-08,1271,1291,2015-12-09,2016-01-08,0.03123264193953279,1.0,0.003505373517794119,-0.013936606177392896,0.4175257712220827,0.4825,outer_01,sigmoid,0.0
1271,2015-12-09,1272,1292,2015-12-10,2016-01-11,0.03230231299543007,1.0,-0.0017231828182655562,-0.012203013590120548,0.41770087672858824,0.4825,outer_01,sigmoid,0.0
1272,2015-12-10,1273,1293,2015-12-11,2016-01-12,0.021635037702092852,1.0,-0.0013620167413312956,-0.012698966170146875,0.410116617103975,0.4825,outer_01,sigmoid,0.0
1273,2015-12-11,1274,1294,2015-12-14,2016-01-13,0.012733838545471166,1.0,0.003215481806964071,-0.008229126227084826,0.42337673602681697,0.4825,outer_01,sigmoid,0.0
1274,2015-12-14,1275,1295,2015-12-15,2016-01-14,0.029783114836905433,1.0,-0.013622223219430296,-0.02105733956277067,0.4161236536721577,0.4825,outer_01,sigmoid,0.0
1275,2015-12-15,1276,1296,2015-12-16,2016-01-15,0.01590176676620292,1.0,0.0006412311858063902,-0.008691381218578265,0.41571871187984816,0.4825,outer_01,sigmoid,0.0
1276,2015-12-16,1277,1297,2015-12-17,2016-01-18,0.01680805117787365,1.0,0.010670618551529287,0.0012225567888437538,0.4266659853003429,0.4825,outer_01,sigmoid,0.0
1277,2015-12-17,1278,1298,2015-12-18,2016-01-19,0.03598865266781459,1.0,-0.019428692853439955,-0.028582882170128165,0.41436005737640363,0.4825,outer_01,sigmoid,0.0
1278,2015-12-18,1279,1299,2015-12-21,2016-01-20,0.020066320738084897,1.0,0.013507336749515986,-0.011316316541936544,0.4298327486990685,0.4825,outer_01,sigmoid,0.0
1279,2015-12-21,1280,1300,2015-12-22,2016-01-21,0.020992147589390164,1.0,0.011594576122817557,0.008718386072954054,0.45019161645678146,0.4825,outer_01,sigmoid,0.0
1280,2015-12-22,1281,1301,2015-12-23,2016-01-22,0.02599054295675085,1.0,-0.005281571453195966,-0.002523384534721451,0.44025395663038525,0.4825,outer_01,sigmoid,0.0
1281,2015-12-23,1282,1302,2015-12-24,2016-01-25,0.02524937072342137,1.0,-0.0022400606716210802,-0.0008406108933796119,0.43418405967326656,0.4825,outer_01,sigmoid,0.0
1282,2015-12-24,1283,1303,2015-12-28,2016-01-26,0.029670876086956177,1.0,0.005451382166389962,0.004097412260452238,0.43513938654241935,0.4825,outer_01,sigmoid,0.0
1283,2015-12-28,1284,1304,2015-12-29,2016-01-27,0.04667608334137796,1.0,-0.00666684676369389,0.010211942392964524,0.43424834335865714,0.4825,outer_01,sigmoid,0.0
1284,2015-12-29,1285,1305,2015-12-30,2016-01-28,0.05155658747472902,1.0,-0.00026198585426229215,0.0039850216122028215,0.43558487429382314,0.4825,outer_01,sigmoid,0.0
1285,2015-12-30,1286,1306,2015-12-31,2016-01-29,0.049589798792939455,1.0,-0.007080839088629887,-0.007660858376498325,0.43218400730619905,0.4825,outer_01,sigmoid,0.0
1286,2015-12-31,1287,1307,2016-01-04,2016-02-01,0.04676329130455592,1.0,-0.00016022695711459534,0.007018568349661081,0.4246430473965405,0.4825,outer_01,sigmoid,0.0
1287,2016-01-04,1288,1308,2016-01-05,2016-02-02,0.049918823701299964,1.0,0.012663258000737088,0.011542208053136882,0.44987007914189237,0.4825,outer_01,sigmoid,0.0
1288,2016-01-05,1289,1309,2016-01-06,2016-02-03,0.045676995751215976,1.0,0.00338211704505742,-0.008028387149209948,0.45432798301823346,0.4825,outer_01,sigmoid,0.0
1289,2016-01-06,1290,1310,2016-01-07,2016-02-04,0.04292988574962653,1.0,0.013762952839829978,0.020566681565457046,0.4560046685371871,0.4825,outer_01,sigmoid,0.0
1290,2016-01-07,1291,1311,2016-01-08,2016-02-05,0.041417152119318956,1.0,0.014460228164839606,0.03152153621250253,0.4591450553049159,0.4825,outer_01,sigmoid,0.0
1291,2016-01-08,1292,1312,2016-01-11,2016-02-08,0.05367171708285312,1.0,-0.004591517389640032,0.028653201641128057,0.45195370085320064,0.4825,outer_01,sigmoid,0.0
1292,2016-01-11,1293,1313,2016-01-12,2016-02-09,0.0835967082936877,1.0,-0.007684475691096537,0.022330742691362815,0.4415376413824486,0.4825,outer_01,sigmoid,0.0
1293,2016-01-12,1294,1314,2016-01-13,2016-02-10,0.08959429284849207,1.0,-0.005419075177954369,0.013696185706444375,0.445166459432263,0.4825,outer_01,sigmoid,0.0
1294,2016-01-13,1295,1315,2016-01-14,2016-02-11,0.09043871685365623,1.0,0.003820207748882254,0.031138616674756925,0.4397036134559086,0.4825,outer_01,sigmoid,0.0
1295,2016-01-14,1296,1316,2016-01-15,2016-02-12,0.14616663203084101,1.0,-0.015174210809756339,0.015323174679194196,0.4346370228991906,0.4825,outer_01,sigmoid,0.0
1296,2016-01-15,1297,1317,2016-01-18,2016-02-15,0.12233273675106027,1.0,0.010656179141269817,0.015308735268934726,0.4492561449774155,0.4825,outer_01,sigmoid,0.0
1297,2016-01-18,1298,1318,2016-01-19,2016-02-16,0.10418857451016539,1.0,0.00014695077175641558,0.034884378894131096,0.43509315663790976,0.4825,outer_01,sigmoid,0.0
1298,2016-01-19,1299,1319,2016-01-20,2016-02-17,0.1003062574503879,1.0,-0.0015624572354138166,0.019814584909201294,0.4418034913781323,0.4825,outer_01,sigmoid,0.0
1299,2016-01-20,1300,1320,2016-01-21,2016-02-18,0.09281910046965614,1.0,0.01247725292629731,0.020697261712681048,0.45017170459174644,0.4825,outer_01,sigmoid,0.0
1300,2016-01-21,1301,1321,2016-01-22,2016-02-19,0.1115477432486296,1.0,0.00029972888384666163,0.026278562049723675,0.44718467250356303,0.4825,outer_01,sigmoid,0.0
1301,2016-01-22,1302,1322,2016-01-25,2016-02-22,0.10963112453247437,1.0,-0.0030742109034056497,0.025444411817939105,0.44337383252520335,0.4825,outer_01,sigmoid,0.0
1302,2016-01-25,1303,1323,2016-01-26,2016-02-23,0.08706025120957861,1.0,0.008968751315733492,0.028961780967282635,0.4412544692022473,0.4825,outer_01,sigmoid,0.0
1303,2016-01-26,1304,1324,2016-01-27,2016-02-24,0.09138400816600978,1.0,0.011150329192658681,0.046778956923635207,0.4326007502114812,0.4825,outer_01,sigmoid,0.0
1304,2016-01-27,1305,1325,2016-01-28,2016-02-25,0.08611142792600024,1.0,0.004160640342859345,0.051201583120756844,0.4301007497393453,0.4825,outer_01,sigmoid,0.0
1305,2016-01-28,1306,1326,2016-01-29,2016-02-26,0.09976447581457482,1.0,-0.009361223142302144,0.048921199067084586,0.4347954890326017,0.4825,outer_01,sigmoid,0.0
1306,2016-01-29,1307,1327,2016-02-01,2016-02-29,0.08838903541246257,1.0,0.003323973727121121,0.0524053997513203,0.43445801661239486,0.4825,outer_01,sigmoid,0.0
1307,2016-02-01,1308,1328,2016-02-02,2016-03-01,0.09382788441102274,1.0,0.009241683326296268,0.048983825076879484,0.43489507760601936,0.4825,outer_01,sigmoid,0.0
1308,2016-02-02,1309,1329,2016-02-03,2016-03-02,0.08755859808392508,1.0,0.00022153399086644043,0.045823242022688504,0.44723045041700343,0.4825,outer_01,sigmoid,0.0
1309,2016-02-03,1310,1330,2016-02-04,2016-03-03,0.08388430326857854,1.0,0.012083142749263587,0.04414343193212211,0.44435648086039253,0.4825,outer_01,sigmoid,0.0
1310,2016-02-04,1311,1331,2016-02-05,2016-03-04,0.08846567741263822,1.0,0.011333193505231876,0.04101639727251438,0.44856822555992654,0.4825,outer_01,sigmoid,0.0
1311,2016-02-05,1312,1332,2016-02-08,2016-03-07,0.07525839791670474,1.0,0.015203735537581586,0.060811650199736,0.46125269356693765,0.4825,outer_01,sigmoid,0.0
1312,2016-02-08,1313,1333,2016-02-09,2016-03-08,0.061669449766713846,1.0,0.014354394446579377,0.08285052033741191,0.4679775032591963,0.4825,outer_01,sigmoid,0.0
1313,2016-02-09,1314,1334,2016-02-10,2016-03-09,0.058931297222406975,1.0,-0.0010593666651281808,0.0872102288502381,0.46673733189532796,0.4825,outer_01,sigmoid,0.0
1314,2016-02-10,1315,1335,2016-02-11,2016-03-10,0.0457167407839405,1.0,0.007250143862568059,0.09064016496392391,0.46758222295434526,0.4825,outer_01,sigmoid,0.0
1315,2016-02-11,1316,1336,2016-02-12,2016-03-11,0.017467866489167427,1.0,0.041942119236626496,0.14775649501030674,0.4703389639762586,0.4825,outer_01,sigmoid,0.0
1316,2016-02-12,1317,1337,2016-02-15,2016-03-14,0.01565602316004977,1.0,-0.008500833311975597,0.12859948255706133,0.4707270284466384,0.4825,outer_01,sigmoid,0.0
1317,2016-02-15,1318,1338,2016-02-16,2016-03-15,0.021373510254642625,1.0,-0.02375070778026167,0.10470182400504324,0.47077922723292026,0.4825,outer_01,sigmoid,0.0
1318,2016-02-16,1319,1339,2016-02-17,2016-03-16,0.024835795182696074,1.0,-0.007921655640859449,0.09834262559959761,0.47080913825757575,0.4825,outer_01,sigmoid,0.0
1319,2016-02-17,1320,1340,2016-02-18,2016-03-17,0.041708680047777946,1.0,0.007292875701388368,0.09315824837468867,0.4707482757775699,0.4825,outer_01,sigmoid,0.0
1320,2016-02-18,1321,1341,2016-02-19,2016-03-18,0.02218796590376826,1.0,0.018319795978304576,0.11117831546914658,0.47099832504322564,0.4825,outer_01,sigmoid,0.0
1321,2016-02-19,1322,1342,2016-02-22,2016-03-21,0.023901406804927028,1.0,-0.002733998464510279,0.11151852790804195,0.4710139291424865,0.4825,outer_01,sigmoid,0.0
1322,2016-02-22,1323,1343,2016-02-23,2016-03-22,0.02813480635237653,1.0,-0.01549476541664152,0.08705501117566694,0.4710124679856425,0.4825,outer_01,sigmoid,0.0
1323,2016-02-23,1324,1344,2016-02-24,2016-03-23,0.016721270493005314,1.0,0.014801942625218167,0.09070662460822643,0.47102859826688975,0.4825,outer_01,sigmoid,0.0
1324,2016-02-24,1325,1345,2016-02-25,2016-03-24,-0.003413084067759087,0.0,0.0022234810289338824,0.08876946529430096,0.47103473871482476,0.4825,outer_01,sigmoid,0.0
1325,2016-02-25,1326,1346,2016-02-26,2016-03-28,-0.01474702198583877,0.0,0.0032732721712998014,0.10140396060790291,0.47103060420992965,0.4825,outer_01,sigmoid,0.0
1326,2016-02-26,1327,1347,2016-02-29,2016-03-29,0.0014919380744098376,1.0,-0.008043942873446674,0.09003604400733511,0.4710261286690516,0.4825,outer_01,sigmoid,0.0
1327,2016-02-29,1328,1348,2016-03-01,2016-03-30,0.001902873428409002,1.0,0.01217099708250391,0.09296535776354276,0.4710324033182676,0.4825,outer_01,sigmoid,0.0
1328,2016-03-01,1329,1349,2016-03-02,2016-03-31,-0.004476647554263913,0.0,-0.005449693025354918,0.0872941307473214,0.4710311034336536,0.4825,outer_01,sigmoid,0.0
1329,2016-03-02,1330,1350,2016-03-03,2016-04-01,-0.0079983928293208,0.0,0.006894179414698165,0.08210516741275597,0.009600882994090542,0.4589905362776025,outer_02,none,0.0
1330,2016-03-03,1331,1351,2016-03-04,2016-04-04,-0.03390209798928012,0.0,0.020291245358575516,0.09106321926609962,0.012920107231058972,0.4589905362776025,outer_02,none,0.0
1331,2016-03-04,1332,1352,2016-03-07,2016-04-05,-0.03562499782667672,0.0,-0.005332205052379635,0.0705272786761384,0.016422400830628594,0.4589905362776025,outer_02,none,0.0
1332,2016-03-07,1333,1353,2016-03-08,2016-04-06,-0.028846575083997017,0.0,0.00668252684730497,0.06285541107686399,0.011956157907943597,0.4589905362776025,outer_02,none,0.0
1333,2016-03-08,1334,1354,2016-03-09,2016-04-07,-0.031122710282997623,0.0,-0.0045240356827846995,0.05939074205920747,0.01019817620376958,0.4589905362776025,outer_02,none,0.0
1334,2016-03-09,1335,1355,2016-03-10,2016-04-08,-0.010698035875701173,0.0,-0.0068565879229334215,0.04528401027370599,0.011533488130871686,0.4589905362776025,outer_02,none,0.0
1335,2016-03-10,1336,1356,2016-03-11,2016-04-11,-0.019987224342773224,0.0,0.015129840347836598,0.01847173138491609,0.007919751009926819,0.4589905362776025,outer_02,none,0.0
1336,2016-03-11,1337,1357,2016-03-14,2016-04-12,0.003756599395415172,1.0,-0.01804738001561912,0.008925184681272569,0.010603379713393504,0.4589905362776025,outer_02,none,0.0
1337,2016-03-14,1338,1358,2016-03-15,2016-04-13,0.016412766051052685,1.0,-0.011456391428318113,0.021219501033216126,0.017215223307098217,0.4589905362776025,outer_02,none,0.0
1338,2016-03-15,1339,1359,2016-03-16,2016-04-14,0.007797357712927777,1.0,-0.0020750258717994186,0.027066130802276156,0.028112779385366046,0.4589905362776025,outer_02,none,0.0
1339,2016-03-16,1340,1360,2016-03-17,2016-04-15,-0.025817536442984235,0.0,0.023733515129658933,0.04350677023054672,0.009718619915460438,0.4589905362776025,outer_02,none,0.0
1340,2016-03-17,1341,1361,2016-03-18,2016-04-18,-0.01926792424616508,0.0,-0.0034289013498511878,0.021758072902390957,0.00924443774627209,0.4589905362776025,outer_02,none,0.0
1341,2016-03-18,1342,1362,2016-03-21,2016-04-19,-0.018324783175422965,0.0,-0.002133113402159381,0.022358957964741855,0.008934093878348126,0.4589905362776025,outer_02,none,0.0
1342,2016-03-21,1343,1363,2016-03-22,2016-04-20,0.004909245158023268,1.0,-0.009285712393284129,0.028568010988099246,0.008639163558552205,0.4589905362776025,outer_02,none,0.0
1343,2016-03-22,1344,1364,2016-03-23,2016-04-21,-0.003170796037250234,0.0,0.0036605377547305196,0.0174266061176116,0.012776636264788109,0.4589905362776025,outer_02,none,0.0
1344,2016-03-23,1345,1365,2016-03-24,2016-04-22,0.020281879063324126,1.0,-0.022584859501855625,-0.0073817344131779095,0.013075033526763449,0.4589905362776025,outer_02,none,0.0
1345,2016-03-24,1346,1366,2016-03-28,2016-04-25,0.014649641520283474,1.0,-0.0024699981785269998,-0.01312500476300471,0.028048933668444298,0.4589905362776025,outer_02,none,0.0
1346,2016-03-28,1347,1367,2016-03-29,2016-04-26,0.013853465030083889,1.0,0.0034612043773067924,-0.0016198575122512437,0.027134543063337034,0.4589905362776025,outer_02,none,0.0
1347,2016-03-29,1348,1368,2016-03-30,2016-04-27,0.0011271144650732978,1.0,0.015743239624899985,0.001952385030144832,0.03516983409805267,0.4589905362776025,outer_02,none,0.0
1348,2016-03-30,1349,1369,2016-03-31,2016-04-28,0.015822282530230325,1.0,-0.013191925786980363,-0.005789847731480613,0.041775301677369134,0.4589905362776025,outer_02,none,0.0
1349,2016-03-31,1350,1370,2016-04-01,2016-04-29,0.0275332707704683,1.0,0.006496013726061456,-0.006188013420117322,0.03830628103735699,0.4589905362776025,outer_02,none,0.0
1350,2016-04-01,1351,1371,2016-04-04,2016-05-02,0.05759764466963535,1.0,-0.00837615913281109,-0.03485541791150393,0.02903808334834781,0.4589905362776025,outer_02,none,0.0
1351,2016-04-04,1352,1372,2016-04-05,2016-05-03,0.06094101979741673,1.0,-0.0054231358120713224,-0.034946348671195615,0.06422783678224052,0.4589905362776025,outer_02,none,0.0
1352,2016-04-05,1353,1373,2016-04-06,2016-05-04,0.04383141636241916,1.0,0.012199560955311384,-0.0294293145631892,0.02575475260972882,0.4589905362776025,outer_02,none,0.0
1353,2016-04-06,1354,1374,2016-04-07,2016-05-05,0.045297186060526684,1.0,-0.006882799852344412,-0.031788078732748914,0.02076646642195583,0.4589905362776025,outer_02,none,0.0
1354,2016-04-07,1355,1375,2016-04-08,2016-05-06,0.03029402928412761,1.0,0.015081723190654373,-0.00984976761916112,0.011308691693502052,0.4589905362776025,outer_02,none,0.0
1355,2016-04-08,1356,1376,2016-04-11,2016-05-09,0.031169361923549133,1.0,-8.867070527251997e-05,-0.02506827867227024,0.016865751109215774,0.4589905362776025,outer_02,none,0.0
1356,2016-04-11,1357,1377,2016-04-12,2016-05-10,0.006253541953436859,1.0,0.01362711239481218,0.00660621373816106,0.015528834939116465,0.4589905362776025,outer_02,none,0.0
1357,2016-04-12,1358,1378,2016-04-13,2016-05-11,0.008280241465387306,1.0,-0.0016713627881941306,0.016391242378285042,0.010524520609064638,0.4589905362776025,outer_02,none,0.0
1358,2016-04-13,1359,1379,2016-04-14,2016-05-12,0.02782807590300429,1.0,-0.009805687376782224,0.008660580873302237,0.01539789575651606,0.4589905362776025,outer_02,none,0.0
1359,2016-04-14,1360,1380,2016-04-15,2016-05-13,0.02948697449268245,1.0,-0.013630555760537177,-0.028703490016893873,0.0345070716303868,0.4589905362776025,outer_02,none,0.0
1360,2016-04-15,1361,1381,2016-04-18,2016-05-16,0.030360713981636422,1.0,0.006016131573637118,-0.019258457093405568,0.05246296749043256,0.4589905362776025,outer_02,none,0.0
1361,2016-04-18,1362,1382,2016-04-19,2016-05-17,0.033772190155789694,1.0,-0.0009406804407721125,-0.0180660241320183,0.028655694495621123,0.4589905362776025,outer_02,none,0.0
1362,2016-04-19,1363,1383,2016-04-20,2016-05-18,0.02418328345210874,1.0,0.01421011675001882,0.00542980501128465,0.008411842845509483,0.4589905362776025,outer_02,none,0.0
1363,2016-04-20,1364,1384,2016-04-21,2016-05-19,0.011876738071499027,1.0,-0.005220729526231871,-0.003451462269677741,0.013051627508603735,0.4589905362776025,outer_02,none,0.0
1364,2016-04-21,1365,1385,2016-04-22,2016-05-20,0.006399497738205362,1.0,0.004068259190828982,0.023201656423006867,0.041306176404316323,0.4589905362776025,outer_02,none,0.0
1365,2016-04-22,1366,1386,2016-04-25,2016-05-23,0.01459809373099663,1.0,-0.012927844767575358,0.012743809833958508,0.03680080812003937,0.4589905362776025,outer_02,none,0.0
1366,2016-04-25,1367,1387,2016-04-26,2016-05-24,0.008775196362414306,1.0,0.003861993359896232,0.013144598816547948,0.022094867174978116,0.4589905362776025,outer_02,none,0.0
1367,2016-04-26,1368,1388,2016-04-27,2016-05-25,-0.012419804381996968,0.0,0.004981511039064301,0.002382870230712264,0.016113569833924916,0.4589905362776025,outer_02,none,0.0
1368,2016-04-27,1369,1389,2016-04-28,2016-05-26,-0.017839243646464276,0.0,0.001847642372298175,0.017422438389990802,0.026460242209680664,0.4589905362776025,outer_02,none,0.0
1369,2016-04-28,1370,1390,2016-04-29,2016-05-27,-0.03685751878857424,0.0,0.01616899654835091,0.027095421212280257,0.012802366791562271,0.4589905362776025,outer_02,none,0.0
1370,2016-04-29,1371,1391,2016-05-02,2016-05-30,-0.06365545469014133,0.0,0.021399504867130048,0.056871085212221395,0.029621772577279437,0.4589905362776025,outer_02,none,0.0
1371,2016-05-02,1372,1392,2016-05-03,2016-05-31,-0.06805684242491772,0.0,-0.0018878732995171177,0.0604063477247756,0.0962208545415508,0.4589905362776025,outer_02,none,0.0
1372,2016-05-03,1373,1393,2016-05-04,2016-06-01,-0.055595632759726676,0.0,-0.003809794448928372,0.044396992320535844,0.177366675296207,0.4589905362776025,outer_02,none,0.0
1373,2016-05-04,1374,1394,2016-05-05,2016-06-02,-0.053598441962985355,0.0,-0.005159712776740655,0.0461200793961396,0.2168528822150268,0.4589905362776025,outer_02,none,0.0
1374,2016-05-05,1375,1395,2016-05-06,2016-06-03,-0.054012427821993114,0.0,-0.001266713751361337,0.029771642454123892,0.2661307164606502,0.4589905362776025,outer_02,none,0.0
1375,2016-05-06,1376,1396,2016-05-09,2016-06-06,-0.031796175081431954,0.0,0.008344776869622983,0.038205090029019395,0.2005169208620313,0.4589905362776025,outer_02,none,0.0
1376,2016-05-09,1377,1397,2016-05-10,2016-06-07,-0.015217693635952045,0.0,-0.020150453143704894,0.0044275244905023214,0.10929883967266182,0.4589905362776025,outer_02,none,0.0
1377,2016-05-10,1378,1398,2016-05-11,2016-06-08,-0.01707141897156106,0.0,0.002419700378779588,0.00851858765747604,0.10560808201395973,0.4589905362776025,outer_02,none,0.0
1378,2016-05-11,1379,1399,2016-05-12,2016-06-09,-0.012516458609743708,0.0,0.00862674276253017,0.026951017796788435,0.10461667353172026,0.4589905362776025,outer_02,none,0.0
1379,2016-05-12,1380,1400,2016-05-13,2016-06-10,0.00409731485002407,1.0,-0.010785213221874201,0.02979636033545141,0.11961580438240442,0.4589905362776025,outer_02,none,0.0
1380,2016-05-13,1381,1401,2016-05-16,2016-06-13,0.001546669277985302,1.0,0.007789625940894496,0.03156985470270879,0.11358911778283905,0.4589905362776025,outer_02,none,0.0
1381,2016-05-16,1382,1402,2016-05-17,2016-06-14,0.007179365614727651,1.0,0.00025128390501816256,0.03276181904849906,0.12395791863815658,0.4589905362776025,outer_02,none,0.0
1382,2016-05-17,1383,1403,2016-05-18,2016-06-15,0.003547609866254575,1.0,0.0044185462505605955,0.02297024854904084,0.13144271824537293,0.4589905362776025,outer_02,none,0.0
1383,2016-05-18,1384,1404,2016-05-19,2016-06-16,0.027072740497308345,1.0,-0.016854021531605312,0.011336956543667398,0.14222079390359332,0.4589905362776025,outer_02,none,0.0
1384,2016-05-19,1385,1405,2016-05-20,2016-06-17,0.018393590587263198,1.0,-0.002929845094442385,0.004338852258396031,0.20166535701902386,0.4589905362776025,outer_02,none,0.0
1385,2016-05-20,1386,1406,2016-05-23,2016-06-20,0.028191093485614438,1.0,-0.0018275340167512866,0.015439163009220103,0.1562452343119078,0.4589905362776025,outer_02,none,0.0
1386,2016-05-23,1387,1407,2016-05-24,2016-06-21,0.03229785120065731,1.0,-0.0023271539665916663,0.009250015682732204,0.12404233975364422,0.4589905362776025,outer_02,none,0.0
1387,2016-05-24,1388,1408,2016-05-25,2016-06-22,0.03374674976071734,1.0,-0.018015594086871367,-0.013747089443203464,0.08410755149633363,0.4589905362776025,outer_02,none,0.0
1388,2016-05-25,1389,1409,2016-05-26,2016-06-23,0.032299785627854405,1.0,-0.0019338814609612953,-0.017528613276462934,0.14684417453754128,0.4589905362776025,outer_02,none,0.0
1389,2016-05-26,1390,1410,2016-05-27,2016-06-24,0.026623168902246697,1.0,-0.0038544207788193674,-0.03755203060363321,0.17056036166404398,0.4589905362776025,outer_02,none,0.0
1390,2016-05-27,1391,1411,2016-05-30,2016-06-27,0.08921092444726675,1.0,-0.0065645209946954,-0.06551605646545866,0.23041048082408663,0.4589905362776025,outer_02,none,0.0
1391,2016-05-30,1392,1412,2016-05-31,2016-06-28,0.09248344858671143,1.0,-0.003505526441903939,-0.06713370960784548,0.10999015505193985,0.4589905362776025,outer_02,none,0.0
1392,2016-05-31,1393,1413,2016-06-01,2016-06-29,0.07583987817869797,1.0,0.006340630866125352,-0.05698328429279176,0.14031472169437265,0.4589905362776025,outer_02,none,0.0
1393,2016-06-01,1394,1414,2016-06-02,2016-06-30,0.08286236198719799,1.0,-0.002067844124475471,-0.053891415640526574,0.09376767560389142,0.4589905362776025,outer_02,none,0.0
1394,2016-06-02,1395,1415,2016-06-03,2016-07-01,0.0886995869597218,1.0,-0.0012708369427807398,-0.05389553883194598,0.09475670972035223,0.4589905362776025,outer_02,none,0.0
1395,2016-06-03,1396,1416,2016-06-06,2016-07-04,0.07404653250796223,1.0,0.027270640969732085,-0.034969674731836875,0.13497798046849843,0.4589905362776025,outer_02,none,0.0
1396,2016-06-06,1397,1417,2016-06-07,2016-07-05,0.08043189999319811,1.0,0.00030529445083349316,-0.014513927137298488,0.22426695590654866,0.4589905362776025,outer_02,none,0.0
1397,2016-06-07,1398,1418,2016-06-08,2016-07-06,0.0863864981525877,1.0,-0.00048208647958070117,-0.017415713995658777,0.17153716135143685,0.4589905362776025,outer_02,none,0.0
1398,2016-06-08,1399,1419,2016-06-09,2016-07-07,0.0769992047612078,1.0,0.014005887077038537,-0.01203656968115041,0.2843415122678206,0.4589905362776025,outer_02,none,0.0
1399,2016-06-09,1400,1420,2016-06-10,2016-07-08,0.06845383804594718,1.0,0.005910350807076803,0.0046589943478005935,0.43505263777349623,0.4589905362776025,outer_02,none,0.0
1400,2016-06-10,1401,1421,2016-06-13,2016-07-11,0.0709610855023719,1.0,0.003735176691333386,0.000604545098239484,0.3341206972364091,0.4589905362776025,outer_02,none,0.0
1401,2016-06-13,1402,1422,2016-06-14,2016-07-12,0.054537950762051146,1.0,0.007662453340625319,0.00801571453384664,0.1887609351777103,0.4589905362776025,outer_02,none,0.0
1402,2016-06-14,1403,1423,2016-06-15,2016-07-13,0.037465574549259806,1.0,0.0015565780225417214,0.005153746305827767,0.08818879340905332,0.4589905362776025,outer_02,none,0.0
1403,2016-06-15,1404,1424,2016-06-16,2016-07-14,0.03775722573583273,1.0,0.004376544399694815,0.026384312237127894,0.14208763250088055,0.4589905362776025,outer_02,none,0.0
1404,2016-06-16,1405,1425,2016-06-17,2016-07-15,0.04315301028562857,1.0,-0.009929038174654181,0.019385119156916097,0.1648001316588413,0.4589905362776025,outer_02,none,0.0
1405,2016-06-17,1406,1426,2016-06-20,2016-07-18,0.03665779504997868,1.0,0.015365219064055857,0.03657787223772324,0.15023447429972234,0.4589905362776025,outer_02,none,0.0
1406,2016-06-20,1407,1427,2016-06-21,2016-07-19,0.029354102341685007,1.0,-0.006799856205133459,0.03210516999918145,0.169403005397706,0.4589905362776025,outer_02,none,0.0
1407,2016-06-21,1408,1428,2016-06-22,2016-07-20,0.04810730137204988,1.0,-0.017654442017430938,0.03246632206862188,0.26174469709193715,0.4589905362776025,outer_02,none,0.0
1408,2016-06-22,1409,1429,2016-06-23,2016-07-21,0.03905967517947939,1.0,-0.0008842431613080848,0.03351596036827509,0.24377820963884397,0.4589905362776025,outer_02,none,0.0
1409,2016-06-23,1410,1430,2016-06-24,2016-07-22,0.06022974247135782,1.0,-0.008009495558765067,0.02936088558832939,0.20561701803154497,0.4589905362776025,outer_02,none,0.0
1410,2016-06-24,1411,1431,2016-06-27,2016-07-25,-0.003278097108963429,0.0,0.04644582117407303,0.08237122775709782,0.029116282148548445,0.4589905362776025,outer_02,none,0.0
1411,2016-06-27,1412,1432,2016-06-28,2016-07-26,-0.006683716522013938,0.0,0.006975847719907335,0.0928526019189091,0.23209956204874838,0.4589905362776025,outer_02,none,0.0
1412,2016-06-28,1413,1433,2016-06-29,2016-07-27,0.005655444361750028,1.0,-0.009761576855028764,0.07675039419775498,0.3483637609529905,0.4589905362776025,outer_02,none,0.0
1413,2016-06-29,1414,1434,2016-06-30,2016-07-28,0.015655263390822682,1.0,0.005010255252992479,0.08382849357522293,0.20141996156523698,0.4589905362776025,outer_02,none,0.0
1414,2016-06-30,1415,1435,2016-07-01,2016-07-29,0.009624032596148524,1.0,0.002257422801093867,0.08735675331909754,0.24473634174621592,0.4589905362776025,outer_02,none,0.0
1415,2016-07-01,1416,1436,2016-07-04,2016-08-01,0.008177815422933499,1.0,0.015541670103441874,0.07562778245280732,0.2627228187787202,0.4589905362776025,outer_02,none,0.0
1416,2016-07-04,1417,1437,2016-07-05,2016-08-02,0.0028272859143614326,1.0,0.006349557742357348,0.08167204574433118,0.25598066741121206,0.4589905362776025,outer_02,none,0.0
1417,2016-07-05,1418,1438,2016-07-06,2016-08-03,0.004588074663592678,1.0,0.0038420948233239827,0.08599622704723586,0.14721700203634966,0.4589905362776025,outer_02,none,0.0
1418,2016-07-06,1419,1439,2016-07-07,2016-08-04,-0.0036246974687470512,0.0,0.005625614624571007,0.07761595459476833,0.12082778623425719,0.4589905362776025,outer_02,none,0.0
1419,2016-07-07,1420,1440,2016-07-08,2016-08-05,0.0012940321931607102,1.0,-0.002496366881810985,0.06920923690588054,0.10508653616998484,0.4589905362776025,outer_02,none,0.0
1420,2016-07-08,1421,1441,2016-07-11,2016-08-08,-0.026314580133805165,0.0,0.003412584360632742,0.0688866445751799,0.11687314899688125,0.4589905362776025,outer_02,none,0.0
1421,2016-07-11,1422,1442,2016-07-12,2016-08-09,-0.015055318881792346,0.0,-0.00761908447643922,0.05360510675811536,0.18496101059949668,0.4589905362776025,outer_02,none,0.0
1422,2016-07-12,1423,1443,2016-07-13,2016-08-10,0.004547774346261413,1.0,-0.016292108431682273,0.03575642030389137,0.18636208641622662,0.4589905362776025,outer_02,none,0.0
1423,2016-07-13,1424,1444,2016-07-14,2016-08-11,0.003003831397260015,1.0,0.007326697348219113,0.038706573252415666,0.167343968394313,0.4589905362776025,outer_02,none,0.0
1424,2016-07-14,1425,1445,2016-07-15,2016-08-12,0.001975013733933828,1.0,-0.005939479771295275,0.04269613165577457,0.18367201383374374,0.4589905362776025,outer_02,none,0.0
1425,2016-07-15,1426,1446,2016-07-18,2016-08-15,0.002261123138834975,1.0,0.002813509686619753,0.030144422278338467,0.1129331814128209,0.4589905362776025,outer_02,none,0.0
1426,2016-07-18,1427,1447,2016-07-19,2016-08-16,0.008584065455016443,1.0,-0.007440052919821305,0.02950422556365062,0.10858437571961595,0.4589905362776025,outer_02,none,0.0
1427,2016-07-19,1428,1448,2016-07-20,2016-08-17,0.009971363834927693,1.0,0.0026763914784382337,0.04983505905951979,0.18424530113074894,0.4589905362776025,outer_02,none,0.0
1428,2016-07-20,1429,1449,2016-07-21,2016-08-18,0.026823862002240517,1.0,-0.012533830841521265,0.03818547137930661,0.1467983159773208,0.4589905362776025,outer_02,none,0.0
1429,2016-07-21,1430,1450,2016-07-22,2016-08-19,0.015856013438910743,1.0,0.011925505781925416,0.058120472719997096,0.16908803662645627,0.4589905362776025,outer_02,none,0.0
1430,2016-07-22,1431,1451,2016-07-25,2016-08-22,0.012458292564804019,1.0,-0.0065799876374992294,0.005094663908424835,0.12704388119870375,0.4589905362776025,outer_02,none,0.0
1431,2016-07-25,1432,1452,2016-07-26,2016-08-23,0.017799615394143764,1.0,-0.0050262600367396715,-0.006907443848222172,0.17524057705250465,0.4589905362776025,outer_02,none,0.0
1432,2016-07-26,1433,1453,2016-07-27,2016-08-24,0.013910544891689192,1.0,0.003368794821657417,0.006222927828464009,0.1289904507072581,0.4589905362776025,outer_02,none,0.0
1433,2016-07-27,1434,1454,2016-07-28,2016-08-25,-0.009828402557015892,0.0,0.014483307395352973,0.015695979970824503,0.06870391509475846,0.4589905362776025,outer_02,none,0.0
1434,2016-07-28,1435,1455,2016-07-29,2016-08-26,-0.010168571339921328,0.0,-0.0030955841646864712,0.010342973005044165,0.09575697127897535,0.4589905362776025,outer_02,none,0.0
1435,2016-07-29,1436,1456,2016-08-01,2016-08-29,-0.02328072966029282,0.0,0.011755513329842593,0.006556816231444884,0.16755772692191856,0.4589905362776025,outer_02,none,0.0
1436,2016-08-01,1437,1457,2016-08-02,2016-08-30,-0.022210348258111523,0.0,0.0011982959005321092,0.0014055543896196454,0.060779392470092404,0.4589905362776025,outer_02,none,0.0
1437,2016-08-02,1438,1458,2016-08-03,2016-08-31,-0.038755728880293994,0.0,0.00805482193271434,0.005618281499010003,0.052257268746059224,0.4589905362776025,outer_02,none,0.0
1438,2016-08-03,1439,1459,2016-08-04,2016-09-01,-0.03588844493987864,0.0,-0.004056115075904643,-0.004063448201465647,0.0281015541046124,0.4589905362776025,outer_02,none,0.0
1439,2016-08-04,1440,1460,2016-08-05,2016-09-02,-0.035296814120942877,0.0,0.002066853492746823,0.0004997721730921612,0.046780282966070626,0.4589905362776025,outer_02,none,0.0
1440,2016-08-05,1441,1461,2016-08-08,2016-09-05,-0.006140852072777925,0.0,-0.01785927230104356,-0.02077208448858414,0.04989944162535104,0.4589905362776025,outer_02,none,0.0
1441,2016-08-08,1442,1462,2016-08-09,2016-09-06,-0.0065686370693534,0.0,-0.0014222410924844553,-0.014575241104629377,0.041674252613890475,0.4589905362776025,outer_02,none,0.0
1442,2016-08-09,1443,1463,2016-08-10,2016-09-07,0.006115771961884953,1.0,0.0040965587935231085,0.005813426120576004,0.03476709875696372,0.4589905362776025,outer_02,none,0.0
1443,2016-08-10,1444,1464,2016-08-11,2016-09-08,-0.0014338730767509134,0.0,0.004131852739409858,0.002618581511766749,0.041998325002678256,0.4589905362776025,outer_02,none,0.0
1444,2016-08-11,1445,1465,2016-08-12,2016-09-09,0.0001644085406464768,1.0,-0.00561753188953773,0.0029405293935242938,0.01572445785038415,0.4589905362776025,outer_02,none,0.0
1445,2016-08-12,1446,1466,2016-08-15,2016-09-12,-0.006482567100356995,0.0,-0.0014055866899349567,-0.0012785669830304158,0.033282126547603645,0.4589905362776025,outer_02,none,0.0
1446,2016-08-15,1447,1467,2016-08-16,2016-09-13,-0.009141386712419042,0.0,0.0019583081100105204,0.00811979404680141,0.02943086429009793,0.4589905362776025,outer_02,none,0.0
1447,2016-08-16,1448,1468,2016-08-17,2016-09-14,-0.02002799307798586,0.0,0.005339661253216832,0.010783063821580008,0.04182478074114491,0.4589905362776025,outer_02,none,0.0
1448,2016-08-17,1449,1469,2016-08-18,2016-09-15,-0.020148421706693398,0.0,0.0015362867193831065,0.02485318138248438,0.042731258284714406,0.4589905362776025,outer_02,none,0.0
1449,2016-08-18,1450,1470,2016-08-19,2016-09-16,-0.027647176775298377,0.0,0.0027623406355026248,0.015690016236061588,0.038211127526065265,0.4589905362776025,outer_02,none,0.0
1450,2016-08-19,1451,1471,2016-08-22,2016-09-19,-0.021532682238547984,0.0,-0.008354763813591681,0.013915240059969136,0.07289647617311941,0.4589905362776025,outer_02,none,0.0
1451,2016-08-22,1452,1472,2016-08-23,2016-09-20,-0.01935189085421385,0.0,-0.00170924263963812,0.017232257457070688,0.1703706936916507,0.4589905362776025,outer_02,none,0.0
1452,2016-08-23,1453,1473,2016-08-24,2016-09-21,-0.017296929710771458,0.0,-0.00042589915800217426,0.013437563477411096,0.08348814795662984,0.4589905362776025,outer_02,none,0.0
1453,2016-08-24,1454,1474,2016-08-25,2016-09-22,0.006445545609467196,1.0,-0.010638877788470502,-0.01168462170641238,0.0820868467334888,0.4589905362776025,outer_02,none,0.0
1454,2016-08-25,1455,1475,2016-08-26,2016-09-23,0.011710026299435405,1.0,-0.0018447399914993667,-0.010433777533225275,0.08145728823477418,0.4589905362776025,outer_02,none,0.0
1455,2016-08-26,1456,1476,2016-08-29,2016-09-26,0.012845981809345375,1.0,0.00029508457413562894,-0.02189420628893224,0.15873531393534968,0.4589905362776025,outer_02,none,0.0
1456,2016-08-29,1457,1477,2016-08-30,2016-09-27,0.01119672642948899,1.0,0.0010585612118498844,-0.022033940977614463,0.10313884422089839,0.4589905362776025,outer_02,none,0.0
1457,2016-08-30,1458,1478,2016-08-31,2016-09-28,0.011697813187017125,1.0,-0.009788923135715777,-0.03987768604604458,0.11384651144805029,0.4589905362776025,outer_02,none,0.0
1458,2016-08-31,1459,1479,2016-09-01,2016-09-29,0.009044401720259998,1.0,-0.0011835811962912501,-0.03700515216643119,0.12638130619686574,0.4589905362776025,outer_02,none,0.0
1459,2016-09-01,1460,1480,2016-09-02,2016-09-30,0.00569252857872371,1.0,0.003150569975192141,-0.03592143568398587,0.14044506209667143,0.4589905362776025,outer_02,none,0.0
1460,2016-09-02,1461,1481,2016-09-05,2016-10-03,-0.005707985458892395,0.0,0.008992607249712847,-0.009069556133229462,0.0857727246038487,0.4589905362776025,outer_02,none,0.0
1461,2016-09-05,1462,1482,2016-09-06,2016-10-04,-0.01094796299315437,0.0,0.0015160603444615006,-0.006131254696283506,0.03910157533990461,0.4589905362776025,outer_02,none,0.0
1462,2016-09-06,1463,1483,2016-09-07,2016-10-05,-0.061038691569224035,0.0,0.017519601506038818,0.0072917880162322035,0.14136580950042238,0.4589905362776025,outer_02,none,0.0
1463,2016-09-07,1464,1484,2016-09-08,2016-10-06,-0.05921951742599241,0.0,-0.004096480682248327,-0.0009365454054259814,0.11844302623601279,0.4589905362776025,outer_02,none,0.0
1464,2016-09-08,1465,1485,2016-09-09,2016-10-07,-0.06406039538139119,0.0,-0.005286342784663667,-0.000605356300551918,0.11535995055779386,0.4589905362776025,outer_02,none,0.0
1465,2016-09-09,1466,1486,2016-09-12,2016-10-10,-0.05499686193616338,0.0,-0.007368312220639162,-0.006568081831256123,0.08852106001588586,0.4589905362776025,outer_02,none,0.0
1466,2016-09-12,1467,1487,2016-09-13,2016-10-11,-0.05268160514691722,0.0,-0.0003389562439943816,-0.008865346185261025,0.2978171944324746,0.4589905362776025,outer_02,none,0.0
1467,2016-09-13,1468,1488,2016-09-14,2016-10-12,-0.051092180920569774,0.0,-0.007213041911223073,-0.02141804934970093,0.18617846441855349,0.4589905362776025,outer_02,none,0.0
1468,2016-09-14,1469,1489,2016-09-15,2016-10-13,-0.05204683927853271,0.0,0.0031365800654254983,-0.019817756003658538,0.08070189151664935,0.4589905362776025,outer_02,none,0.0
1469,2016-09-15,1470,1490,2016-09-16,2016-10-14,-0.04447215311190433,0.0,-0.00574271697595119,-0.028322813615112352,0.04845517653819067,0.4589905362776025,outer_02,none,0.0
1470,2016-09-16,1471,1491,2016-09-19,2016-10-17,-0.045818244260350305,0.0,-0.003620334204586406,-0.023588384006107077,0.03663595254731871,0.4589905362776025,outer_02,none,0.0
1471,2016-09-19,1472,1492,2016-09-20,2016-10-18,-0.0451328538320519,0.0,0.0027069600611220324,-0.019172181305346925,0.029978107360561057,0.4589905362776025,outer_02,none,0.0
1472,2016-09-20,1473,1493,2016-09-21,2016-10-19,-0.040439883036007984,0.0,0.0012556744811202947,-0.017490607666224456,0.025098799975875122,0.4589905362776025,outer_02,none,0.0
1473,2016-09-21,1474,1494,2016-09-22,2016-10-20,-0.0496575532646748,0.0,0.015889996998319944,0.00903826712056599,0.06057530989578206,0.4589905362776025,outer_02,none,0.0
1474,2016-09-22,1475,1495,2016-09-23,2016-10-21,-0.05512453315356147,0.0,0.0013464791609569815,0.012229486273022339,0.1156329292502268,0.4589905362776025,outer_02,none,0.0
1475,2016-09-23,1476,1496,2016-09-26,2016-10-24,-0.05434616228562117,0.0,0.0007472613221546354,0.012681663021041345,0.13743293227137254,0.4589905362776025,outer_02,none,0.0
1476,2016-09-26,1477,1497,2016-09-27,2016-10-25,-0.05666402123073855,0.0,-0.0006426111153752245,0.010980490693816236,0.15424342905429805,0.4589905362776025,outer_02,none,0.0
1477,2016-09-27,1478,1498,2016-09-28,2016-10-26,-0.04080535035200228,0.0,-0.008248537233965791,0.012520876595566222,0.12447293101776119,0.4589905362776025,outer_02,none,0.0
1478,2016-09-28,1479,1499,2016-09-29,2016-10-27,-0.042646134535352154,0.0,-0.004078031886882272,0.0096264259049752,0.11315991410455245,0.4589905362776025,outer_02,none,0.0
1479,2016-09-29,1480,1500,2016-09-30,2016-10-28,-0.04116831224846518,0.0,-0.0008100323320272551,0.005665823597755804,0.18004863914389674,0.4589905362776025,outer_02,none,0.0
1480,2016-09-30,1481,1501,2016-10-03,2016-10-31,-0.030822668174581125,0.0,-0.003421478213471829,-0.006748261865428873,0.13503579275328761,0.4589905362776025,outer_02,none,0.0
1481,2016-10-03,1482,1502,2016-10-04,2016-11-01,-0.02714595347410853,0.0,-0.003166366122679065,-0.011430688332569439,0.09005518813067427,0.4589905362776025,outer_02,none,0.0
1482,2016-10-04,1483,1503,2016-10-05,2016-11-02,0.015614438788743357,1.0,-0.03355119401422613,-0.06250148385283438,0.06173069134450932,0.4589905362776025,outer_02,none,0.0
1483,2016-10-05,1484,1504,2016-10-06,2016-11-03,0.02382837401444693,1.0,-0.0013884836993280913,-0.05979348686991415,0.13290242191044854,0.4589905362776025,outer_02,none,0.0
1484,2016-10-06,1485,1505,2016-10-07,2016-11-04,0.03812620352684348,1.0,-0.009757800303741071,-0.06426494438899155,0.09963999232264827,0.4589905362776025,outer_02,none,0.0
1485,2016-10-07,1486,1506,2016-10-10,2016-11-07,0.027354264888830748,1.0,0.0017125133121531633,-0.05518411885619923,0.1940409171874351,0.4589905362776025,outer_02,none,0.0
1486,2016-10-10,1487,1507,2016-10-11,2016-11-08,0.01823983589775313,1.0,0.0023290855954591905,-0.052516077016745655,0.1740901634663163,0.4589905362776025,outer_02,none,0.0
1487,2016-10-11,1488,1508,2016-10-12,2016-11-09,0.015794489646977716,1.0,-0.005477589868299049,-0.05078062497382163,0.20525311321941228,0.4589905362776025,outer_02,none,0.0
1488,2016-10-12,1489,1509,2016-10-13,2016-11-10,0.018035003017669915,1.0,0.0021133816776464087,-0.05180382336160072,0.2196076130916699,0.4589905362776025,outer_02,none,0.0
1489,2016-10-13,1490,1510,2016-10-14,2016-11-11,0.0008819428739013091,1.0,0.0019419645407063868,-0.044119141844943144,0.24025025126612856,0.4589905362776025,outer_02,none,0.0
1490,2016-10-14,1491,1511,2016-10-17,2016-11-14,-0.017902693342896292,0.0,-0.0057812617413457446,-0.04628006938170248,0.4372357231622019,0.4589905362776025,outer_02,none,0.0
1491,2016-10-17,1492,1512,2016-10-18,2016-11-15,-0.02734564319749655,0.0,0.0035843333722516135,-0.0454026960705729,0.43358644172921046,0.4589905362776025,outer_02,none,0.0
1492,2016-10-18,1493,1513,2016-10-19,2016-11-16,-0.027824739954067645,0.0,0.00603789809403299,-0.040620472457660206,0.3873804824444655,0.4589905362776025,outer_02,none,0.0
1493,2016-10-19,1494,1514,2016-10-20,2016-11-17,-0.03523173658480516,0.0,0.005576413486854115,-0.050934055969126035,0.4644401910023725,0.4589905362776025,outer_02,none,0.0
1494,2016-10-20,1495,1515,2016-10-21,2016-11-18,-0.03961456489879556,0.0,-0.003092411861532973,-0.05537294699161599,0.49107882240381395,0.4589905362776025,outer_02,none,0.0
1495,2016-10-21,1496,1516,2016-10-24,2016-11-21,-0.0472730162422792,0.0,0.0008924164939045909,-0.055227791819866034,0.4774364679463029,0.4589905362776025,outer_02,none,0.0
1496,2016-10-24,1497,1517,2016-10-25,2016-11-22,-0.04130023310845754,0.0,-0.002078271752999683,-0.05666345245749049,0.45688108626952295,0.4589905362776025,outer_02,none,0.0
1497,2016-10-25,1498,1518,2016-10-26,2016-11-23,-0.048762293658962896,0.0,0.007651641134840403,-0.0407632740886843,0.23439004117485315,0.4589905362776025,outer_02,none,0.0
1498,2016-10-26,1499,1519,2016-10-27,2016-11-24,-0.06369088086510732,0.0,-0.0058181123437410776,-0.042503354545543104,0.2623685020191654,0.4589905362776025,outer_02,none,0.0
1499,2016-10-27,1500,1520,2016-10-28,2016-11-25,-0.06776670017942177,0.0,0.0016094678030498244,-0.040083854410466024,0.4352396858478619,0.4589905362776025,outer_02,none,0.0
1500,2016-10-28,1501,1521,2016-10-31,2016-11-28,-0.07432782644241342,0.0,0.005652019778530359,-0.031010356418463836,0.2809736082204836,0.4589905362776025,outer_02,none,0.0
1501,2016-10-31,1502,1522,2016-11-01,2016-11-29,-0.06751797547704896,0.0,0.0009088844070337387,-0.026935105888751032,0.18987748023832945,0.4589905362776025,outer_02,none,0.0
1502,2016-11-01,1503,1523,2016-11-02,2016-11-30,-0.08090014113989152,0.0,0.008709912328559,0.015326000454034094,0.14659548035827993,0.4589905362776025,outer_02,none,0.0
1503,2016-11-02,1504,1524,2016-11-03,2016-12-01,-0.10084589698544821,0.0,0.006693180558393408,0.023407664711755594,0.15338099818780646,0.4589905362776025,outer_02,none,0.0
1504,2016-11-03,1505,1525,2016-11-04,2016-12-02,-0.10634260789997363,0.0,0.003963784711269902,0.03712924972676657,0.10237185363908283,0.4589905362776025,outer_02,none,0.0
1505,2016-11-04,1506,1526,2016-11-07,2016-12-05,-0.0863116555486565,0.0,0.0018648489159911463,0.03728158533060455,0.13142538600223,0.4589905362776025,outer_02,none,0.0
1506,2016-11-07,1507,1527,2016-11-08,2016-12-06,-0.0919123705138496,0.0,-0.01770587511406152,0.01724662462108384,0.20464926177600584,0.4589905362776025,outer_02,none,0.0
1507,2016-11-08,1508,1528,2016-11-09,2016-12-07,-0.08498117726003773,0.0,-0.0045680038132625,0.018156210676120388,0.4378073495850644,0.4589905362776025,outer_02,none,0.0
1508,2016-11-09,1509,1529,2016-11-10,2016-12-08,-0.08507055302232658,0.0,0.0012300943709231404,0.01727292336939712,0.3779791779692306,0.4589905362776025,outer_02,none,0.0
1509,2016-11-10,1510,1530,2016-11-11,2016-12-09,-0.07336537216478778,0.0,-0.014051642651235596,0.0012793161774551365,0.645737559889765,0.4589905362776025,outer_02,none,0.0
1510,2016-11-11,1511,1531,2016-11-14,2016-12-12,-0.05908488330838235,0.0,-0.02578032445479117,-0.01871974653599029,0.8110036711757219,0.4589905362776025,outer_02,none,0.0
1511,2016-11-14,1512,1532,2016-11-15,2016-12-13,-0.04890152073819287,0.0,-0.005843119107725947,-0.02814719901596785,0.9303492095385705,0.4589905362776025,outer_02,none,0.0
1512,2016-11-15,1513,1533,2016-11-16,2016-12-14,-0.05832737650802766,0.0,0.006747178886111094,-0.027437918223889746,0.877763764308422,0.4589905362776025,outer_02,none,0.0
1513,2016-11-16,1514,1534,2016-11-17,2016-12-15,-0.0702889889745979,0.0,-0.0028860754758612828,-0.03590040718660514,0.8848348923890654,0.4589905362776025,outer_02,none,0.0
1514,2016-11-17,1515,1535,2016-11-18,2016-12-16,-0.07527210043545374,0.0,-0.0066187975603018145,-0.039426792885373985,0.8869169218402208,0.4589905362776025,outer_02,none,0.0
1515,2016-11-18,1516,1536,2016-11-21,2016-12-19,-0.061173971813564876,0.0,-0.0067787365181137815,-0.04709794589739236,0.9005857687802106,0.4589905362776025,outer_02,none,0.0
1516,2016-11-21,1517,1537,2016-11-22,2016-12-20,-0.06369217376775005,0.0,0.00448307217429722,-0.040536601970095454,0.9177641995161334,0.4589905362776025,outer_02,none,0.0
1517,2016-11-22,1518,1538,2016-11-23,2016-12-21,-0.06870675300015527,0.0,-0.001723150410500196,-0.04991139351543605,0.9116143006779812,0.4589905362776025,outer_02,none,0.0
1518,2016-11-23,1519,1539,2016-11-24,2016-12-22,-0.049171434460596686,0.0,-0.02082852777969979,-0.06492180895139477,0.8727417169821698,0.4589905362776025,outer_02,none,0.0
1519,2016-11-24,1520,1540,2016-11-25,2016-12-23,-0.04894630767829433,0.0,-0.002395715853336533,-0.06892699260778112,0.9398248916247465,0.4589905362776025,outer_02,none,0.0
1520,2016-11-25,1521,1541,2016-11-28,2016-12-27,-0.04425512348858529,0.0,-0.00027029995011940144,-0.07484931233643088,0.9707579286710958,0.4589905362776025,outer_02,none,0.0
1521,2016-11-28,1522,1542,2016-11-29,2016-12-28,-0.04645856226261991,0.0,0.00768344441816371,-0.06807475232530091,0.9571368018847276,0.4589905362776025,outer_02,none,0.0
1522,2016-11-29,1523,1543,2016-11-30,2016-12-29,-0.03932608905835355,0.0,-0.003939542850436517,-0.08072420750429643,0.9469519003705452,0.4589905362776025,outer_02,none,0.0
1523,2016-11-30,1524,1544,2016-12-01,2016-12-30,-0.013604601664236604,0.0,-0.013156914079121229,-0.10057430214181107,0.9735432763250769,0.4589905362776025,outer_02,none,0.0
1524,2016-12-01,1525,1545,2016-12-02,2017-01-03,-0.01786545516021487,0.0,-0.001134855982304117,-0.10567294283538509,0.9795414212924046,0.4589905362776025,outer_02,none,0.0
1525,2016-12-02,1526,1546,2016-12-05,2017-01-04,-0.022746868409070586,0.0,0.0047526663458539176,-0.10278512540552232,0.9865926334564908,0.4589905362776025,outer_02,none,0.0
1526,2016-12-05,1527,1547,2016-12-06,2017-01-05,-0.005786681099623436,0.0,-0.005828982374110225,-0.09090823266557102,0.9899179677600246,0.4589905362776025,outer_02,none,0.0
1527,2016-12-06,1528,1548,2016-12-07,2017-01-06,0.008735613358567207,1.0,-0.0005043877566359711,-0.08684461660894449,0.9815541267850284,0.4589905362776025,outer_02,none,0.0
1528,2016-12-07,1529,1549,2016-12-08,2017-01-09,-0.00111629503933397,0.0,0.0034657345589970134,-0.08460897642087062,0.9785084121385265,0.4589905362776025,outer_02,none,0.0
1529,2016-12-08,1530,1550,2016-12-09,2017-01-10,0.010034353775990823,1.0,-0.0026878869351651957,-0.07324522070480022,0.9854103734046602,0.4589905362776025,outer_02,none,0.0
1530,2016-12-09,1531,1551,2016-12-12,2017-01-11,0.024783982877364608,1.0,-0.010306270639435233,-0.05777116688944428,0.9912763418544115,0.4589905362776025,outer_02,none,0.0
1531,2016-12-12,1532,1552,2016-12-13,2017-01-12,0.024770619407200378,1.0,0.002999769508916117,-0.04892827827280222,0.9902474592251512,0.4589905362776025,outer_02,none,0.0
1532,2016-12-13,1533,1553,2016-12-14,2017-01-13,0.03051030806343391,1.0,-0.0032501569632223948,-0.058925614122135705,0.9908729508622216,0.4589905362776025,outer_02,none,0.0
1533,2016-12-14,1534,1554,2016-12-15,2017-01-16,0.04834979865894784,1.0,-0.013142301283509461,-0.06918183992978388,0.9957704238109764,0.4589905362776025,outer_02,none,0.0
1534,2016-12-15,1535,1555,2016-12-16,2017-01-17,0.06403820988700293,1.0,-0.013193198542321483,-0.07575624091180355,0.9994542743150455,0.4589905362776025,outer_02,none,0.0
1535,2016-12-16,1536,1556,2016-12-19,2017-01-18,0.06863299844251891,1.0,0.005913541879291273,-0.0630639625143985,0.9994750537353906,0.4589905362776025,outer_02,none,0.0
1536,2016-12-19,1537,1557,2016-12-20,2017-01-19,0.056446184828467416,1.0,0.0033610223798499206,-0.0641860123088458,0.9981627575496714,0.4589905362776025,outer_02,none,0.0
1537,2016-12-20,1538,1558,2016-12-21,2017-01-20,0.06166700452337892,1.0,-0.005937820282855277,-0.06840068218120088,0.9978264670930944,0.4589905362776025,outer_02,none,0.0
1538,2016-12-21,1539,1559,2016-12-22,2017-01-23,0.06802717827946836,1.0,-0.00012371206915329225,-0.04769586647065438,0.9987774410308825,0.4589905362776025,outer_02,none,0.0
1539,2016-12-22,1540,1560,2016-12-23,2017-01-24,0.07731877533687115,1.0,-0.0030002810375977518,-0.0483004316549156,0.998461694202404,0.4589905362776025,outer_02,none,0.0
1540,2016-12-23,1541,1561,2016-12-27,2017-01-25,0.06395488749742473,1.0,0.004589699380309398,-0.0434404323244868,0.9940738917259778,0.4589905362776025,outer_02,none,0.0
1541,2016-12-27,1542,1562,2016-12-28,2017-01-26,0.05263247857152731,1.0,0.004814620368772893,-0.046309256373877616,0.9931254857188432,0.4589905362776025,outer_02,none,0.0
1542,2016-12-28,1543,1563,2016-12-29,2017-01-27,0.04002438667087116,1.0,0.0023592259705047525,-0.04001048755293635,0.9921664181170202,0.4589905362776025,outer_02,none,0.0
1543,2016-12-29,1544,1564,2016-12-30,2017-01-30,0.029780057865171905,1.0,0.014160575494669203,-0.012692997979145915,0.9812393362862466,0.4589905362776025,outer_02,none,0.0
1544,2016-12-30,1545,1565,2017-01-03,2017-01-31,0.037167404657351355,1.0,-0.004943840022598955,-0.016501982019440753,0.9839553063336132,0.4589905362776025,outer_02,none,0.0
1545,2017-01-03,1546,1566,2017-01-04,2017-02-01,0.043675137263250896,1.0,0.006031490976635467,-0.015223157388659203,0.9822554436516641,0.4589905362776025,outer_02,none,0.0
1546,2017-01-04,1547,1567,2017-01-05,2017-02-02,0.03863027281153464,1.0,0.003058066843746765,-0.006336108170802213,0.9672844699890667,0.4589905362776025,outer_02,none,0.0
1547,2017-01-05,1548,1568,2017-01-06,2017-02-03,0.029468923819334414,1.0,0.015075362117108249,0.009243641702942007,0.9243018551333417,0.4589905362776025,outer_02,none,0.0
1548,2017-01-06,1549,1569,2017-01-09,2017-02-06,0.04124786748527587,1.0,-0.006553665998580982,-0.0007757588546359884,0.9724148413238279,0.4589905362776025,outer_02,none,0.0
1549,2017-01-09,1550,1570,2017-01-10,2017-02-07,0.04343038289082468,1.0,0.007155027125580027,0.009067155206109234,0.9601703121586516,0.4589905362776025,outer_02,none,0.0
1550,2017-01-10,1551,1571,2017-01-11,2017-02-08,0.03819089733706793,1.0,0.005404460000922207,0.024777885846466674,0.9549188927092004,0.4589905362776025,outer_02,none,0.0
1551,2017-01-11,1552,1572,2017-01-12,2017-02-09,0.0399543504549591,1.0,0.0033881950146676942,0.02516631135221825,0.955557954405752,0.4589905362776025,outer_02,none,0.0
1552,2017-01-12,1553,1573,2017-01-13,2017-02-10,0.028167155766460006,1.0,0.0033014668711750517,0.0317179351866157,0.9380182783186932,0.4589905362776025,outer_02,none,0.0
1553,2017-01-13,1554,1574,2017-01-16,2017-02-13,0.026360859592343466,1.0,0.0016299513369526508,0.04649018780707781,0.9391200927273978,0.4589905362776025,outer_02,none,0.0
1554,2017-01-16,1555,1575,2017-01-17,2017-02-14,0.018351708105928566,1.0,0.004308645194176286,0.06399203154357558,0.8696308293193846,0.4589905362776025,outer_02,none,0.0
1555,2017-01-17,1556,1576,2017-01-18,2017-02-15,0.009742926382614314,1.0,0.011624480852287178,0.06970297051657148,0.8969434196539733,0.4589905362776025,outer_02,none,0.0
1556,2017-01-18,1557,1577,2017-01-19,2017-02-16,0.023676249504287483,1.0,-0.010718446518937164,0.0556235016177844,0.9218494502102585,0.4589905362776025,outer_02,none,0.0
1557,2017-01-19,1558,1578,2017-01-20,2017-02-17,0.027882588510190764,1.0,0.0009467181148234971,0.06250804001546317,0.8098013179900575,0.4589905362776025,outer_02,none,0.0
1558,2017-01-20,1559,1579,2017-01-23,2017-02-20,0.020175291129711503,1.0,0.0043152961563723835,0.06694704824098885,0.482183069900544,0.4589905362776025,outer_02,none,0.0
1559,2017-01-23,1560,1580,2017-01-24,2017-02-21,0.014714829830761111,1.0,0.006475180590011398,0.076422509868598,0.3643681424280111,0.4589905362776025,outer_02,none,0.0
1560,2017-01-24,1561,1581,2017-01-25,2017-02-22,0.021684768340730187,1.0,-0.0075253706716891244,0.06430743981659948,0.40411250896223483,0.4589905362776025,outer_02,none,0.0
1561,2017-01-25,1562,1582,2017-01-26,2017-02-23,0.02967192038450861,1.0,-0.0075324136279304454,0.05196040581989614,0.6678918665795988,0.4589905362776025,outer_02,none,0.0
1562,2017-01-26,1563,1583,2017-01-27,2017-02-24,0.049493977642282694,1.0,-0.009397132778403261,0.040204047070988125,0.8306855367499599,0.4589905362776025,outer_02,none,0.0
1563,2017-01-27,1564,1584,2017-01-30,2017-02-27,0.05174504375061062,1.0,0.002613589624918866,0.028657061201237788,0.848608975705487,0.4589905362776025,outer_02,none,0.0
1564,2017-01-30,1565,1585,2017-01-31,2017-02-28,0.04680898946043843,1.0,0.00310891065718355,0.03670981188102029,0.9403107097594308,0.4589905362776025,outer_02,none,0.0
1565,2017-01-31,1566,1586,2017-02-01,2017-03-01,0.030925855576512618,1.0,0.012604300622895082,0.04328262152727991,0.8732414321631288,0.4589905362776025,outer_02,none,0.0
1566,2017-02-01,1567,1587,2017-02-02,2017-03-02,0.032215693919688704,1.0,-0.0005454410356451334,0.03967911364788801,0.8520746917681686,0.4589905362776025,outer_02,none,0.0
1567,2017-02-02,1568,1588,2017-02-03,2017-03-03,0.015744755901502927,1.0,0.004980549908981224,0.029584301439760985,0.914021598250413,0.4589905362776025,outer_02,none,0.0
1568,2017-02-03,1569,1589,2017-02-06,2017-03-06,0.008886485704303837,1.0,0.0034569294061093103,0.03959489684445128,0.9154463438149508,0.4589905362776025,outer_02,none,0.0
1569,2017-02-06,1570,1590,2017-02-07,2017-03-07,-0.007114111413439872,0.0,0.012625401883292753,0.045065271602164,0.8542960105749461,0.4589905362776025,outer_02,none,0.0
1570,2017-02-07,1571,1591,2017-02-08,2017-03-08,-0.014622996430582624,0.0,-0.0015877262402028691,0.03807308536103893,0.7791158766570466,0.4589905362776025,outer_02,none,0.0
1571,2017-02-08,1572,1592,2017-02-09,2017-03-09,-0.026615320509491447,0.0,0.00661775141894605,0.04130264176531728,0.9029113881705767,0.4589905362776025,outer_02,none,0.0
1572,2017-02-09,1573,1593,2017-02-10,2017-03-10,-0.022789631493180806,0.0,-0.011461281054370609,0.026539893839771622,0.8114118942271966,0.4589905362776025,outer_02,none,0.0
1573,2017-02-10,1574,1594,2017-02-13,2017-03-13,-0.020231559990961934,0.0,0.004997552260841864,0.029907494763660836,0.8039244133599888,0.4589905362776025,outer_02,none,0.0
1574,2017-02-13,1575,1595,2017-02-14,2017-03-14,-0.019083510784718705,0.0,-0.006897476590780549,0.018701372978704,0.45003616430823185,0.4589905362776025,outer_02,none,0.0
1575,2017-02-14,1576,1596,2017-02-15,2017-03-15,-0.02412475392410318,0.0,0.002746795436292082,0.009823687562708905,0.5249353131151168,0.4589905362776025,outer_02,none,0.0
1576,2017-02-15,1577,1597,2017-02-16,2017-03-16,-0.011866501980921207,0.0,0.003445225193928536,0.023987359275574605,0.377386754486787,0.4589905362776025,outer_02,none,0.0
1577,2017-02-16,1578,1598,2017-02-17,2017-03-17,-0.009922640021862605,0.0,0.005016557032750946,0.028057198193502053,0.27753263566698283,0.4589905362776025,outer_02,none,0.0
1578,2017-02-17,1579,1599,2017-02-20,2017-03-20,-0.004160269402682104,0.0,-0.0033793648562578937,0.020362537180871776,0.2684538744381152,0.4589905362776025,outer_02,none,0.0
1579,2017-02-20,1580,1600,2017-02-21,2017-03-21,-0.0021444561908356974,0.0,0.002095258123192778,0.015982614714053156,0.3312869690809339,0.4589905362776025,outer_02,none,0.0
1580,2017-02-21,1581,1601,2017-02-22,2017-03-22,0.0076899273831525505,1.0,-0.0013504937014579,0.02215749168428438,0.5527080307179141,0.4589905362776025,outer_02,none,0.0
1581,2017-02-22,1582,1602,2017-02-23,2017-03-23,0.008533780143003433,1.0,0.0013747373991073175,0.031064642711322143,0.5703354865043769,0.4589905362776025,outer_02,none,0.0
1582,2017-02-23,1583,1603,2017-02-24,2017-03-24,-0.003664608592451657,0.0,0.009442530667427285,0.04990430615715269,0.46709581812653955,0.4589905362776025,outer_02,none,0.0
1583,2017-02-24,1584,1604,2017-02-27,2017-03-27,-0.006492829211426354,0.0,0.006216677311098984,0.05350739384333281,0.670830171509696,0.4589905362776025,outer_02,none,0.0
1584,2017-02-27,1585,1605,2017-02-28,2017-03-28,0.0008379320328915085,1.0,-0.0034107967145562412,0.046987686471593015,0.7623287737920826,0.4589905362776025,outer_02,none,0.0
1585,2017-02-28,1586,1606,2017-03-01,2017-03-29,0.0019524379661914892,1.0,-0.0037589519207728017,0.030624433927925132,0.5639528856014864,0.4589905362776025,outer_02,none,0.0
1586,2017-03-01,1587,1607,2017-03-02,2017-03-30,0.003398331293122503,1.0,0.0009850915610227773,0.03215496652459304,0.4518258084591614,0.4589905362776025,outer_02,none,0.0
1587,2017-03-02,1588,1608,2017-03-03,2017-03-31,0.007563288494272236,1.0,-0.012128682142414249,0.01504573447319757,0.5750469626024879,0.4589905362776025,outer_02,none,0.0
1588,2017-03-03,1589,1609,2017-03-06,2017-04-03,0.01190610208873899,1.0,0.0002025447732147967,0.011791349840303056,0.6245458505576005,0.4589905362776025,outer_02,none,0.0
1589,2017-03-06,1590,1610,2017-03-07,2017-04-04,0.023043850948857525,1.0,-0.007513452161303391,-0.008347504204293088,0.45000899320454285,0.4589905362776025,outer_02,none,0.0
1590,2017-03-07,1591,1611,2017-03-08,2017-04-05,0.03227365611224453,1.0,-0.007751278106306714,-0.014511056070396933,0.49053904034901213,0.4589905362776025,outer_02,none,0.0
1591,2017-03-08,1592,1612,2017-03-09,2017-04-06,0.038559658843150046,1.0,-0.0065773694190705,-0.027706176908413482,0.4975727652639095,0.4589905362776025,outer_02,none,0.0
1592,2017-03-09,1593,1613,2017-03-10,2017-04-07,0.04152261511758937,1.0,-0.006237587655758325,-0.0224824835098012,0.6657488782360341,0.4589905362776025,outer_02,none,0.0
1593,2017-03-10,1594,1614,2017-03-13,2017-04-10,0.03941649192134822,1.0,0.0034848891868222154,-0.023995146583820848,0.7015471130027429,0.4589905362776025,outer_02,none,0.0
1594,2017-03-13,1595,1615,2017-03-14,2017-04-11,0.04315424488181119,1.0,-0.0006062795798911225,-0.01770394957293142,0.6376680226822659,0.4589905362776025,outer_02,none,0.0
1595,2017-03-14,1596,1616,2017-03-15,2017-04-12,0.06037783973332811,1.0,-0.004354403113649319,-0.024805148122872822,0.6452779908498758,0.4589905362776025,outer_02,none,0.0
1596,2017-03-15,1597,1617,2017-03-16,2017-04-13,0.05290413202285649,1.0,0.01664870937049301,-0.01160166394630835,0.6090127795962403,0.4589905362776025,outer_02,none,0.0
1597,2017-03-16,1598,1618,2017-03-17,2017-04-17,0.05152646436707542,1.0,0.006070541427210863,-0.010547679551848432,0.5201531819583572,0.4589905362776025,outer_02,none,0.0
1598,2017-03-17,1599,1619,2017-03-20,2017-04-18,0.042901211018882,1.0,0.002639233222305748,-0.004529081473284791,0.5864540063873138,0.4589905362776025,outer_02,none,0.0
1599,2017-03-20,1600,1620,2017-03-21,2017-04-19,0.04364556722635626,1.0,0.003953938177898131,-0.002670401418579438,0.4749343394849834,0.4589905362776025,outer_02,none,0.0
1600,2017-03-21,1601,1621,2017-03-22,2017-04-20,0.02699783745502149,1.0,0.008656875242619044,0.007336967525497506,0.5512732088777491,0.4589905362776025,outer_02,none,0.0
1601,2017-03-22,1602,1622,2017-03-23,2017-04-21,0.026922421636902172,1.0,0.0031520339856490054,0.009114264112039194,0.5814765896882444,0.4589905362776025,outer_02,none,0.0
1602,2017-03-23,1603,1623,2017-03-24,2017-04-24,0.01878957222782507,1.0,-0.0027344001962177344,-0.003062666751605825,0.5782066610683678,0.4589905362776025,outer_02,none,0.0
1603,2017-03-24,1604,1624,2017-03-27,2017-04-25,0.02171603577461312,1.0,0.00016058194932799807,-0.00911876211337681,0.6040815415401379,0.4589905362776025,outer_02,none,0.0
1604,2017-03-27,1605,1625,2017-03-28,2017-04-26,0.007771195247520346,1.0,0.006816953501101786,0.0011089881022812165,0.5747408840923897,0.4589905362776025,outer_02,none,0.0
1605,2017-03-28,1606,1626,2017-03-29,2017-04-27,0.014199947303437988,1.0,-0.0020913496024315137,0.0027765904206225045,0.2855105251231843,0.4589905362776025,outer_02,none,0.0
1606,2017-03-29,1607,1627,2017-03-30,2017-04-28,0.00893232042747183,1.0,0.0012776799074174505,0.0030691787670171777,0.2738755021008464,0.4589905362776025,outer_02,none,0.0
1607,2017-03-30,1608,1628,2017-03-31,2017-05-01,0.019896123500073415,1.0,-0.0077228503206034915,0.007475010588827935,0.2477794928905728,0.4589905362776025,outer_02,none,0.0
1608,2017-03-31,1609,1629,2017-04-03,2017-05-02,0.006262701599741405,1.0,0.004437515055440322,0.01170998087105346,0.35428561253276025,0.4589905362776025,outer_02,none,0.0
1609,2017-04-03,1610,1630,2017-04-04,2017-05-03,0.0016571200184678503,1.0,0.0030698412442884404,0.022293274276645292,0.30023591626123086,0.4589905362776025,outer_02,none,0.0
1610,2017-04-04,1611,1631,2017-04-05,2017-05-04,-0.014324916113049646,0.0,0.0025350980979448323,0.03257965048089684,0.37332718256445235,0.4589905362776025,outer_02,none,0.0
1611,2017-04-05,1612,1632,2017-04-06,2017-05-05,-0.021857517924652292,0.0,-0.0006132550895241451,0.03854376481044319,0.46146011319741037,0.4589905362776025,outer_02,none,0.0
1612,2017-04-06,1613,1633,2017-04-07,2017-05-08,-0.021586099121905455,0.0,-0.002744339531229656,0.04203701293497186,0.4436347363432144,0.4589905362776025,outer_02,none,0.0
1613,2017-04-07,1614,1634,2017-04-10,2017-05-09,-0.022733748105038032,0.0,0.0020190983168992815,0.04057122206504893,0.46138753696594514,0.4589905362776025,outer_02,none,0.0
1614,2017-04-10,1615,1635,2017-04-11,2017-05-10,-0.027602833233903112,0.0,0.00026306034995293714,0.04144056199489299,0.34248226268292387,0.4589905362776025,outer_02,none,0.0
1615,2017-04-11,1616,1636,2017-04-12,2017-05-11,-0.043844573100865425,0.0,0.015265902187047153,0.06106086729558946,0.3539088654055112,0.4589905362776025,outer_02,none,0.0
1616,2017-04-12,1617,1637,2017-04-13,2017-05-12,-0.047618179824018725,0.0,0.00985760653691159,0.05426976446200804,0.4185622239569551,0.4589905362776025,outer_02,none,0.0
1617,2017-04-13,1618,1638,2017-04-17,2017-05-15,-0.04867671728713496,0.0,0.0006915334056989408,0.04889075644049612,0.2824366220843384,0.4589905362776025,outer_02,none,0.0
1618,2017-04-17,1619,1639,2017-04-18,2017-05-16,-0.04244622608240878,0.0,-0.00202155355206024,0.04422996966613013,0.3020639128878198,0.4589905362776025,outer_02,none,0.0
1619,2017-04-18,1620,1640,2017-04-19,2017-05-17,-0.041905373585293226,0.0,0.003852970618098084,0.044129002106330084,0.37871315879519357,0.4589905362776025,outer_02,none,0.0
1620,2017-04-19,1621,1641,2017-04-20,2017-05-18,-0.015429815942869851,0.0,-0.008299190471771745,0.027172936391939295,0.29895574116570706,0.4589905362776025,outer_02,none,0.0
1621,2017-04-20,1622,1642,2017-04-21,2017-05-19,-0.027724391317314634,0.0,0.0017886647196032612,0.02580956712589355,0.2574149145790918,0.4589905362776025,outer_02,none,0.0
1622,2017-04-21,1623,1643,2017-04-24,2017-05-22,-0.01058093511690572,0.0,0.002229394621832803,0.03077336194394409,0.1917791758492509,0.4589905362776025,outer_02,none,0.0
1623,2017-04-24,1624,1644,2017-04-25,2017-05-23,-0.011964761533397983,0.0,-0.00695402227294295,0.02365875772167314,0.3060405831260279,0.4589905362776025,outer_02,none,0.0
1624,2017-04-25,1625,1645,2017-04-26,2017-05-24,-0.009463742855279733,0.0,-0.009508837910041201,0.0073329663105301535,0.21550863446299212,0.4589905362776025,outer_02,none,0.0
1625,2017-04-26,1626,1646,2017-04-27,2017-05-25,-0.008564108635069623,0.0,0.004643604446083138,0.014067920359044805,0.33076396117218515,0.4589905362776025,outer_02,none,0.0
1626,2017-04-27,1627,1647,2017-04-28,2017-05-26,-0.0066837846158547265,0.0,-0.003923539530002351,0.008866700921625004,0.29512823624192197,0.4589905362776025,outer_02,none,0.0
1627,2017-04-28,1628,1648,2017-05-01,2017-05-29,-0.001001636615872492,0.0,0.0029697283517036155,0.01955927959393211,0.34306148232393363,0.4589905362776025,outer_02,none,0.0
1628,2017-05-01,1629,1649,2017-05-02,2017-05-30,0.00869767190571391,1.0,-0.008808466132076198,0.006313298406415591,0.2748532478384178,0.4589905362776025,outer_02,none,0.0
1629,2017-05-02,1630,1650,2017-05-03,2017-05-31,0.0049945513255522656,1.0,-9.547982598068216e-05,0.003147977336146468,0.35254322872713334,0.4589905362776025,outer_02,none,0.0
1630,2017-05-03,1631,1651,2017-05-04,2017-06-01,0.02457694696164392,1.0,-0.014587683041138,-0.013974803802936364,0.20913439072572718,0.4589905362776025,outer_02,none,0.0
1631,2017-05-04,1632,1652,2017-05-05,2017-06-02,0.029726078098509134,1.0,-0.008994346951869403,-0.022355895665281622,0.26091812001476045,0.4589905362776025,outer_02,none,0.0
1632,2017-05-05,1633,1653,2017-05-08,2017-06-05,0.043568305668889806,1.0,8.146573148515301e-05,-0.019530090402566813,0.3080226193256972,0.4589905362776025,outer_02,none,0.0
1633,2017-05-08,1634,1654,2017-05-09,2017-06-06,0.04283171536075159,1.0,-0.0011003477393654038,-0.0226495364588315,0.26708736609541656,0.4589905362776025,outer_02,none,0.0
1634,2017-05-09,1635,1655,2017-05-10,2017-06-07,0.05828080762143806,1.0,-0.004044998916701736,-0.026957595725486172,0.15992924292530575,0.4589905362776025,outer_02,none,0.0
1635,2017-05-10,1636,1656,2017-05-11,2017-06-08,0.053882425952152424,1.0,-0.0018604656529195296,-0.044083963565452855,0.2264170858169682,0.4589905362776025,outer_02,none,0.0
1636,2017-05-11,1637,1657,2017-05-12,2017-06-09,0.04358703242917006,1.0,0.004779411836235425,-0.04916215826612902,0.4342016046217154,0.4589905362776025,outer_02,none,0.0
1637,2017-05-12,1638,1658,2017-05-15,2017-06-12,0.029299933263840394,1.0,0.0029755739740213727,-0.04687811769780659,0.3305711401356921,0.4589905362776025,outer_02,none,0.0
1638,2017-05-15,1639,1659,2017-05-16,2017-06-13,0.02770167041478988,1.0,0.0013015750893856648,-0.04355498905636068,0.3726445119122503,0.4589905362776025,outer_02,none,0.0
1639,2017-05-16,1640,1660,2017-05-17,2017-06-14,0.02386839690269582,1.0,0.005569464301876437,-0.04183849537258233,0.30499984621168663,0.4589905362776025,outer_02,none,0.0
1640,2017-05-17,1641,1661,2017-05-18,2017-06-15,0.0001349275956759044,1.0,0.01878839263716081,-0.014750912263649774,0.22241877661435228,0.4589905362776025,outer_02,none,0.0
1641,2017-05-18,1642,1662,2017-05-19,2017-06-16,0.006310127905732266,1.0,-0.01104930725830755,-0.027588884241560585,0.3731393086267976,0.4589905362776025,outer_02,none,0.0
1642,2017-05-19,1643,1663,2017-05-22,2017-06-19,-0.0013554567173068577,0.0,0.007010728625686191,-0.022807550237707197,0.25920061310346476,0.4589905362776025,outer_02,none,0.0
1643,2017-05-22,1644,1664,2017-05-23,2017-06-20,-0.013146209181938318,0.0,0.003784660757818692,-0.012068867206945555,0.21140389900012252,0.4589905362776025,outer_02,none,0.0
1644,2017-05-23,1645,1665,2017-05-24,2017-06-21,-0.0062440337687039715,0.0,-0.006976161316509355,-0.009536190613413709,0.2749826288953792,0.4589905362776025,outer_02,none,0.0
1645,2017-05-24,1646,1666,2017-05-25,2017-06-22,-0.009335898150214739,0.0,0.005578459355340293,-0.008601335704156554,0.16231398970555844,0.4589905362776025,outer_02,none,0.0
1646,2017-05-25,1647,1667,2017-05-26,2017-06-23,-0.0036464503511099977,0.0,-0.0021002227272699514,-0.006778018901424154,0.0867437430086234,0.4589905362776025,outer_02,none,0.0
1647,2017-05-26,1648,1668,2017-05-29,2017-06-26,-0.007866477497365132,0.0,0.00891932196323797,-0.0008284252898898004,0.07939804907040485,0.4589905362776025,outer_02,none,0.0
1648,2017-05-29,1649,1669,2017-05-30,2017-06-27,-0.017889479253838658,0.0,-0.0003473537991220965,0.007632687043064301,0.1196962204928989,0.4589905362776025,outer_02,none,0.0
1649,2017-05-30,1650,1670,2017-05-31,2017-06-28,-0.012312923780319451,0.0,-0.002688173661800519,0.005039993207244464,0.1319385566417798,0.4589905362776025,outer_02,none,0.0
1650,2017-05-31,1651,1671,2017-06-01,2017-06-29,-0.015393717691669195,0.0,0.004423737366622937,0.0240514136150054,0.11020233315928343,0.4589905362776025,outer_02,none,0.0
1651,2017-06-01,1652,1672,2017-06-02,2017-06-30,-0.015783472656779374,0.0,-0.0024306334767363325,0.030615127090138472,0.25005118888105327,0.4589905362776025,outer_02,none,0.0
1652,2017-06-02,1653,1673,2017-06-05,2017-07-03,-0.029673225800166847,0.0,0.010172323956336271,0.04070598531498959,0.6767169039663167,0.4589905362776025,outer_02,none,0.0
1653,2017-06-05,1654,1674,2017-06-06,2017-07-04,-0.04683515222056123,0.0,0.00068022160645409,0.042486554660809084,0.6734085661130803,0.4589905362776025,outer_02,none,0.0
1654,2017-06-06,1655,1675,2017-06-07,2017-07-05,-0.05573676613365386,0.0,0.011261704114905235,0.057793257692416056,0.26146622128761293,0.4589905362776025,outer_02,none,0.0
1655,2017-06-07,1656,1676,2017-06-08,2017-07-06,-0.047496494135809364,0.0,-0.0054945406081445824,0.054159182737191,0.232617858381695,0.4589905362776025,outer_02,none,0.0
1656,2017-06-08,1657,1677,2017-06-09,2017-07-07,-0.04403598820640564,0.0,-0.0063457133954614164,0.04303405750549416,0.37325717078804427,0.4589905362776025,outer_02,none,0.0
1657,2017-06-09,1658,1678,2017-06-12,2017-07-10,-0.04276492566346679,0.0,-0.009499971261575979,0.03055851226989681,0.3375290843829283,0.4589905362776025,outer_02,none,0.0
1658,2017-06-12,1659,1679,2017-06-13,2017-07-11,-0.04135149857701048,0.0,-0.0007424198488115152,0.02851451733169963,0.4112701653011928,0.4589905362776025,outer_02,none,0.0
1659,2017-06-13,1660,1680,2017-06-14,2017-07-12,-0.040067538871552344,0.0,0.00047394863284111466,0.023419001662664307,0.41385078365027994,0.4589905362776025,outer_02,none,0.0
1660,2017-06-14,1661,1681,2017-06-15,2017-07-13,-0.03354803467034895,0.0,-0.0035046256535586906,0.0011259833719448054,0.4385751801845385,0.4589905362776025,outer_02,none,0.0
1661,2017-06-15,1662,1682,2017-06-16,2017-07-14,-0.02988437025314905,0.0,-0.0062963789304761875,0.005878911699776168,0.3128851508769144,0.4589905362776025,outer_02,none,0.0
1662,2017-06-16,1663,1683,2017-06-19,2017-07-17,-0.019163739083470688,0.0,-0.00042276721711065335,-0.0015545841430206764,0.3046256366859482,0.4589905362776025,outer_02,none,0.0
1663,2017-06-19,1664,1684,2017-06-20,2017-07-18,-0.008007145856137043,0.0,-0.008114983470365544,-0.013454228371204913,0.26592342715489287,0.4589905362776025,outer_02,none,0.0
1664,2017-06-20,1665,1685,2017-06-21,2017-07-19,-0.0007319555201341643,0.0,-0.0003459275115247351,-0.006823994566220293,0.23538907007016988,0.4589905362776025,outer_02,none,0.0
1665,2017-06-21,1666,1686,2017-06-22,2017-07-20,-0.004237413722552041,0.0,0.0026196326604566167,-0.009782821261103969,0.30657052111573396,0.4589905362776025,outer_02,none,0.0
1666,2017-06-22,1667,1687,2017-06-23,2017-07-21,-0.00542641029204205,0.0,0.003460876363487131,-0.004221722170346887,0.23324035492139833,0.4589905362776025,outer_02,none,0.0
1667,2017-06-23,1668,1688,2017-06-26,2017-07-24,-0.0016396969439114173,0.0,0.004954118811770769,-0.008186925321814087,0.4976216753817395,0.4589905362776025,outer_02,none,0.0
1668,2017-06-26,1669,1689,2017-06-27,2017-07-25,0.00826765176928479,1.0,-0.009844496137452197,-0.017684067660144187,0.6775882200632635,0.4589905362776025,outer_02,none,0.0
1669,2017-06-27,1670,1690,2017-06-28,2017-07-26,0.00211472455230588,1.0,0.0020071461115964695,-0.012988747886747198,0.4732881063971012,0.4589905362776025,outer_02,none,0.0
1670,2017-06-28,1671,1691,2017-06-29,2017-07-27,0.008615692952409937,1.0,0.0016428589434225316,-0.015769626309947604,0.285669878494711,0.4589905362776025,outer_02,none,0.0
1671,2017-06-29,1672,1692,2017-06-30,2017-07-28,0.010618777473791141,1.0,-0.0030072798782381227,-0.016346272711449394,0.21451266282879727,0.4589905362776025,outer_02,none,0.0
1672,2017-06-30,1673,1693,2017-07-03,2017-07-31,0.022622409748806582,1.0,-0.002951907006917942,-0.029470503674703608,0.23419688985062184,0.4589905362776025,outer_02,none,0.0
1673,2017-07-03,1674,1694,2017-07-04,2017-08-01,0.03851987881678731,1.0,-0.017855803161419104,-0.0480065284425768,0.22223854207777885,0.4589905362776025,outer_02,none,0.0
1674,2017-07-04,1675,1695,2017-07-05,2017-08-02,0.03578128906601474,1.0,0.003209382001857719,-0.05605885055562432,0.28534173955336856,0.4589905362776025,outer_02,none,0.0
1675,2017-07-05,1676,1696,2017-07-06,2017-08-03,0.031466190668882454,1.0,0.0028160870129285698,-0.047748222934551166,0.3581295594576532,0.4589905362776025,outer_02,none,0.0
1676,2017-07-06,1677,1697,2017-07-07,2017-08-04,0.03499474686955395,1.0,-0.0018193467609615155,-0.043221856300051265,0.48934964527248964,0.4589905362776025,outer_02,none,0.0
1677,2017-07-07,1678,1698,2017-07-10,2017-08-07,0.03534703490286617,1.0,-0.010177369526669366,-0.04389925456514465,0.5435368776049412,0.4589905362776025,outer_02,none,0.0
1678,2017-07-10,1679,1699,2017-07-11,2017-08-08,0.034533488544735036,1.0,0.0016897117086696056,-0.04146712300766353,0.5971087350027516,0.4589905362776025,outer_02,none,0.0
1679,2017-07-11,1680,1700,2017-07-12,2017-08-09,0.035691406697377026,1.0,0.002434752339946833,-0.03950631930055781,0.5472717464737774,0.4589905362776025,outer_02,none,0.0
1680,2017-07-12,1681,1701,2017-07-13,2017-08-10,0.0471845737897274,1.0,0.002404251676114022,-0.0335974419708851,0.6899454571940051,0.4589905362776025,outer_02,none,0.0
1681,2017-07-13,1682,1702,2017-07-14,2017-08-11,0.05492848653637328,1.0,-0.002166030285170706,-0.02946709332557962,0.6605144156566907,0.4589905362776025,outer_02,none,0.0
1682,2017-07-14,1683,1703,2017-07-17,2017-08-14,0.04745894276631013,1.0,0.009246645424382471,-0.019797680684086494,0.6380037427656406,0.4589905362776025,outer_02,none,0.0
1683,2017-07-17,1684,1704,2017-07-18,2017-08-15,0.037405301501814314,1.0,0.0038986087504637723,-0.007784088463257177,0.5406365651791744,0.4589905362776025,outer_02,none,0.0
1684,2017-07-18,1685,1705,2017-07-19,2017-08-16,0.022720475862987755,1.0,0.006802307659487639,-0.0006358532922448035,0.46752849172258304,0.4589905362776025,outer_02,none,0.0
1685,2017-07-19,1686,1706,2017-07-20,2017-08-17,0.03374978694027675,1.0,-0.0007248828423529474,-0.003980368795054368,0.32724161766231097,0.4589905362776025,outer_02,none,0.0
1686,2017-07-20,1687,1707,2017-07-21,2017-08-18,0.03503976977654499,1.0,0.002808007477174357,-0.004633237681367142,0.3593165295696589,0.4589905362776025,outer_02,none,0.0
1687,2017-07-21,1688,1708,2017-07-24,2017-08-21,0.02181870352883042,1.0,0.008066237739754456,-0.0015211187533834547,0.2806373577577901,0.4589905362776025,outer_02,none,0.0
1688,2017-07-24,1689,1709,2017-07-25,2017-08-22,0.028390706888293593,1.0,0.0004860538499915634,0.008809431234060305,0.30686836894160324,0.4589905362776025,outer_02,none,0.0
1689,2017-07-25,1690,1710,2017-07-26,2017-08-23,0.027496938064175858,1.0,-0.004471029635462642,0.0023312554870011937,0.23652468661740803,0.4589905362776025,outer_02,none,0.0
1690,2017-07-26,1691,1711,2017-07-27,2017-08-24,0.023730166314787304,1.0,0.008866641108500772,0.009555037652079434,0.1823545668562376,0.4589905362776025,outer_02,none,0.0
1691,2017-07-27,1692,1712,2017-07-28,2017-08-25,0.02113844904997375,1.0,-0.0019211996732000358,0.010641117857117521,0.27823545302245717,0.4589905362776025,outer_02,none,0.0
1692,2017-07-28,1693,1713,2017-07-31,2017-08-28,0.017120846442582938,1.0,0.008301298398005308,0.02189432326204077,0.44395224737432637,0.4589905362776025,outer_02,none,0.0
1693,2017-07-31,1694,1714,2017-08-01,2017-08-29,0.03457535918726329,1.0,0.0003624501670698166,0.04011257659052969,0.43852156560395106,0.4589905362776025,outer_02,none,0.0
1694,2017-08-01,1695,1715,2017-08-02,2017-08-30,0.032288513647805495,1.0,-0.00035456941855649404,0.03654862517011548,0.46732498429965963,0.4589905362776025,outer_02,none,0.0
1695,2017-08-02,1696,1716,2017-08-03,2017-08-31,0.03284001260790248,1.0,-0.002161651269726228,0.03157088688746068,0.38567446753547246,0.4589905362776025,outer_02,none,0.0
1696,2017-08-03,1697,1717,2017-08-04,2017-09-01,0.04126812294485216,1.0,0.0021064847258562835,0.03549671837427848,0.5349330037982822,0.4589905362776025,outer_02,none,0.0
1697,2017-08-04,1698,1718,2017-08-07,2017-09-04,0.06022681452495071,1.0,-0.00800770229013903,0.03766638561080882,0.4965624364999289,0.4589905362776025,outer_02,none,0.0
1698,2017-08-07,1699,1719,2017-08-08,2017-09-05,0.05901594934523313,1.0,-0.0008424734244920629,0.03513420047764715,0.4622056320233152,0.4589905362776025,outer_02,none,0.0
1699,2017-08-08,1700,1720,2017-08-09,2017-09-06,0.0605448443163068,1.0,0.0024380474352412307,0.035137495572941546,0.3395679547077878,0.4589905362776025,outer_02,none,0.0
1700,2017-08-09,1701,1721,2017-08-10,2017-09-07,0.04345529507773449,1.0,0.013120083556663609,0.04585332745349113,0.33496673792675224,0.4589905362776025,outer_02,none,0.0
1701,2017-08-10,1702,1722,2017-08-11,2017-09-08,0.0474144776608183,1.0,0.006912074452852579,0.05493143219151442,0.28057220270424565,0.4589905362776025,outer_02,none,0.0
1702,2017-08-11,1703,1723,2017-08-14,2017-09-11,0.03776359597191181,1.0,0.0032289891677406146,0.04891377593487256,0.3345172526592611,0.4589905362776025,outer_02,none,0.0
1703,2017-08-14,1704,1724,2017-08-15,2017-09-12,0.03564220520457795,1.0,-0.007084809800469216,0.03793035738393957,0.5481371967775369,0.4589905362776025,outer_02,none,0.0
1704,2017-08-15,1705,1725,2017-08-16,2017-09-13,0.04751024015298011,1.0,-0.007662152323661076,0.02346589740079086,0.46704574685098726,0.4589905362776025,outer_02,none,0.0
1705,2017-08-16,1706,1726,2017-08-17,2017-09-14,0.030247211346280167,1.0,0.009050402337990704,0.03324118258113451,0.44566101783777057,0.4589905362776025,outer_02,none,0.0
1706,2017-08-17,1707,1727,2017-08-18,2017-09-15,0.03206634006730713,1.0,0.0036253064032525373,0.03405848150721269,0.5072681259291304,0.4589905362776025,outer_02,none,0.0
1707,2017-08-18,1708,1728,2017-08-21,2017-09-18,0.027172492732448816,1.0,-0.0024257891818857402,0.023566454585572494,0.5672897851174051,0.4589905362776025,outer_02,none,0.0
1708,2017-08-21,1709,1729,2017-08-22,2017-09-19,0.013023482848025125,1.0,0.005411062767833208,0.02849146350341414,0.36491637166372326,0.4589905362776025,outer_02,none,0.0
1709,2017-08-22,1710,1730,2017-08-23,2017-09-20,0.020099475178319892,1.0,-0.005146428078908194,0.027816065059968587,0.2962006700313988,0.4589905362776025,outer_02,none,0.0
1710,2017-08-23,1711,1731,2017-08-24,2017-09-21,0.008527042873507362,1.0,0.004255656030526467,0.02320507998199428,0.335015953948966,0.4589905362776025,outer_02,none,0.0
1711,2017-08-24,1712,1732,2017-08-25,2017-09-22,0.004321705611848081,1.0,-0.0033299857286159806,0.021796293926578336,0.3260873470706486,0.4589905362776025,outer_02,none,0.0
1712,2017-08-25,1713,1733,2017-08-28,2017-09-25,0.00269659612110118,1.0,0.004127844720323459,0.017622840248896487,0.3952307394811115,0.4589905362776025,outer_02,none,0.0
1713,2017-08-28,1714,1734,2017-08-29,2017-09-26,-0.0034912829706037485,0.0,0.013948278484749999,0.03120866856657667,0.5727625576394951,0.4589905362776025,outer_02,none,0.0
1714,2017-08-29,1715,1735,2017-08-30,2017-09-27,-0.013044164211160947,0.0,-9.92711209661934e-05,0.03146396686416697,0.5530841243424939,0.4589905362776025,outer_02,none,0.0
1715,2017-08-30,1716,1736,2017-08-31,2017-09-28,-0.019432472638526654,0.0,-0.0010161864850655178,0.03260943164882768,0.2759941383114682,0.4589905362776025,outer_02,none,0.0
1716,2017-08-31,1717,1737,2017-09-01,2017-09-29,-0.027005873550865367,0.0,0.01008542295724002,0.04058836988021142,0.4923173616499759,0.4589905362776025,outer_02,none,0.0
1717,2017-09-01,1718,1738,2017-09-04,2017-10-02,-0.04302668543282895,0.0,0.0024036292751477006,0.05099970144549815,0.47736901947115085,0.4589905362776025,outer_02,none,0.0
1718,2017-09-04,1719,1739,2017-09-05,2017-10-03,-0.04825524513393287,0.0,0.0070489844450216665,0.058891159315011876,0.5230664476177204,0.4589905362776025,outer_02,none,0.0
1719,2017-09-05,1720,1740,2017-09-06,2017-10-04,-0.052228410418522664,0.0,0.004480337797444278,0.060933449677214924,0.45221666528569404,0.4589905362776025,outer_02,none,0.0
1720,2017-09-06,1721,1741,2017-09-07,2017-10-05,-0.0452967791285932,0.0,-0.004442856116611438,0.04337051000393988,0.651040432482804,0.4589905362776025,outer_02,none,0.0
1721,2017-09-07,1722,1742,2017-09-08,2017-10-06,-0.06104366880589218,0.0,0.011403906960209653,0.04786234251129695,0.7268274142575744,0.4589905362776025,outer_02,none,0.0
1722,2017-09-08,1723,1743,2017-09-11,2017-10-09,-0.04821113800355992,0.0,-0.0020995708416453596,0.04253378250191098,0.742233852145083,0.4589905362776025,outer_02,none,0.0
1723,2017-09-11,1724,1744,2017-09-12,2017-10-10,-0.03348990585927414,0.0,-0.014384647354130031,0.03523394494825016,0.7203467699530776,0.4589905362776025,outer_02,none,0.0
1724,2017-09-12,1725,1745,2017-09-13,2017-10-11,-0.03461540690050846,0.0,0.003016729702831178,0.045912826974742416,0.7650585478417203,0.4589905362776025,outer_02,none,0.0
1725,2017-09-13,1726,1746,2017-09-14,2017-10-12,-0.02412723169835118,0.0,-0.006223977051655893,0.030638447585095818,0.6598848249113333,0.4589905362776025,outer_02,none,0.0
1726,2017-09-14,1727,1747,2017-09-15,2017-10-13,-0.02813952700514033,0.0,0.00494617529782726,0.03195931647967054,0.6924198186453424,0.4589905362776025,outer_02,none,0.0
1727,2017-09-15,1728,1748,2017-09-18,2017-10-16,-0.011443256322167805,0.0,-0.006996650992515008,0.027388454669041273,0.5786407185478015,0.4589905362776025,outer_02,none,0.0
1728,2017-09-18,1729,1749,2017-09-19,2017-10-17,-0.009056926575114588,0.0,-0.00997161428259119,0.012005777618616875,0.4604581550243229,0.4589905362776025,outer_02,none,0.0
1729,2017-09-19,1730,1750,2017-09-20,2017-10-18,-0.01980369548533112,0.0,0.0028341290660867102,0.01998633476361178,0.5597411446343196,0.4589905362776025,outer_02,none,0.0
1730,2017-09-20,1731,1751,2017-09-21,2017-10-19,-0.015518474026325002,0.0,-0.00828812318601102,0.007442555547074292,0.5571593102531593,0.4589905362776025,outer_02,none,0.0
1731,2017-09-21,1732,1752,2017-09-22,2017-10-20,-0.0016969710434411311,0.0,-0.006838293154866726,0.003934248120823547,0.4688241893766455,0.4589905362776025,outer_02,none,0.0
1732,2017-09-22,1733,1753,2017-09-25,2017-10-23,-0.014565779049452665,0.0,0.004381582754348301,0.004187986154848389,0.3828362827186319,0.4589905362776025,outer_02,none,0.0
1733,2017-09-25,1734,1754,2017-09-26,2017-10-24,-0.021621086992473337,0.0,0.010271764196740918,0.0005114718668393081,0.4610648910029264,0.4589905362776025,outer_02,none,0.0
1734,2017-09-26,1735,1755,2017-09-27,2017-10-25,-0.013185225147897661,0.0,-0.012657230204090375,-0.012046487216284874,0.6365923001552416,0.4589905362776025,outer_02,none,0.0
1735,2017-09-27,1736,1756,2017-09-28,2017-10-26,-0.00409966254214833,0.0,-0.00903746892456514,-0.020067769655784495,0.7609790488926883,0.4589905362776025,outer_02,none,0.0
1736,2017-09-28,1737,1757,2017-09-29,2017-10-27,-0.014908937113684573,0.0,0.003752232774519193,-0.026400959838505322,0.8302333501146197,0.4589905362776025,outer_02,none,0.0
1737,2017-09-29,1738,1758,2017-10-02,2017-10-30,-0.004443180534686952,0.0,-0.005930619210202437,-0.03473520832385546,0.880539811831097,0.4589905362776025,outer_02,none,0.0
1738,2017-10-02,1739,1759,2017-10-03,2017-10-31,0.004178027486029912,1.0,-0.006603116937053954,-0.04838730970593108,0.891699635808403,0.4589905362776025,outer_02,none,0.0
1739,2017-10-03,1740,1760,2017-10-04,2017-11-01,-0.0008812791707226708,0.0,0.00046411196157336576,-0.05240353554180199,0.864096028927769,0.4589905362776025,outer_02,none,0.0
1740,2017-10-04,1741,1761,2017-10-05,2017-11-02,0.00029800182158457034,1.0,0.0024350215080977122,-0.04552565791709284,0.8084892086428009,0.4589905362776025,outer_02,none,0.0
1741,2017-10-05,1742,1762,2017-10-06,2017-11-03,0.006700811020562192,1.0,-0.00556210401740298,-0.06249166889470548,0.7689272660897923,0.4589905362776025,outer_02,none,0.0
1742,2017-10-06,1743,1763,2017-10-09,2017-11-06,-0.005099546278530376,0.0,0.006761723105836559,-0.05363037494722356,0.7381528949269126,0.4589905362776025,outer_02,none,0.0
1743,2017-10-09,1744,1764,2017-10-10,2017-11-07,-0.0020586247240315103,0.0,0.006070070315423948,-0.03317565727766958,0.6248995559649899,0.4589905362776025,outer_02,none,0.0
1744,2017-10-10,1745,1765,2017-10-11,2017-11-08,-0.008711202938745721,0.0,0.003095038747927603,-0.033097348232573154,0.6894532009724572,0.4589905362776025,outer_02,none,0.0
1745,2017-10-11,1746,1766,2017-10-12,2017-11-09,-0.007811902098373125,0.0,0.002636437066262154,-0.024236934114655106,0.5997414537243576,0.4589905362776025,outer_02,none,0.0
1746,2017-10-12,1747,1767,2017-10-13,2017-11-10,-0.006514377883735989,0.0,0.0015089436777193654,-0.027674165734763,0.6825617443224532,0.4589905362776025,outer_02,none,0.0
1747,2017-10-13,1748,1768,2017-10-16,2017-11-13,-0.02201556562597684,0.0,0.007725614858653529,-0.012951899883594464,0.48283686710566914,0.4589905362776025,outer_02,none,0.0
1748,2017-10-16,1749,1769,2017-10-17,2017-11-14,-0.013979720787075323,0.0,-0.006720915874671718,-0.009701201475674992,0.4961795945511302,0.4589905362776025,outer_02,none,0.0
1749,2017-10-17,1750,1770,2017-10-18,2017-11-15,-0.0039691720368359995,0.0,-0.007310931850896374,-0.019846262392658076,0.6961003250172294,0.4589905362776025,outer_02,none,0.0
1750,2017-10-18,1751,1771,2017-10-19,2017-11-16,-0.0023439891344994024,0.0,-0.003374971538843141,-0.014933110745490197,0.7923666013089841,0.4589905362776025,outer_02,none,0.0
1751,2017-10-19,1752,1772,2017-10-20,2017-11-17,-0.008504856635285662,0.0,0.00665328094220019,-0.0014415366484232806,0.6551173190762446,0.4589905362776025,outer_02,none,0.0
1752,2017-10-20,1753,1773,2017-10-23,2017-11-20,0.012379698792503113,1.0,-0.007199959493215502,-0.013023078895987084,0.7087454675055509,0.4589905362776025,outer_02,none,0.0
1753,2017-10-23,1754,1774,2017-10-24,2017-11-21,-0.0029695873780974935,0.0,0.0014207430845276647,-0.021874100008200337,0.7204126463578187,0.4589905362776025,outer_02,none,0.0
1754,2017-10-24,1755,1775,2017-10-25,2017-11-22,0.00341024968751924,1.0,-0.004268299163038947,-0.013485168967148908,0.6826377527804289,0.4589905362776025,outer_02,none,0.0
1755,2017-10-25,1756,1776,2017-10-26,2017-11-23,0.0105933936105016,1.0,0.0006969923887094609,-0.003750707653874308,0.5789348114459162,0.4589905362776025,outer_02,none,0.0
1756,2017-10-26,1757,1777,2017-10-27,2017-11-24,0.018229936154388504,1.0,-0.008222476423437541,-0.015725416851831042,0.4834983402292967,0.4589905362776025,outer_02,none,0.0
1757,2017-10-27,1758,1778,2017-10-30,2017-11-27,0.011572016163477805,1.0,0.005141075673378737,-0.004653721968249869,0.4406796485278185,0.4589905362776025,outer_02,none,0.0
1758,2017-10-30,1759,1779,2017-10-31,2017-11-28,0.014440796513956577,1.0,0.0020239745832348888,0.0039733695520389745,0.4607633064338547,0.4589905362776025,outer_02,none,0.0
1759,2017-10-31,1760,1780,2017-11-01,2017-11-29,0.018021035795555918,1.0,-0.0039340296751673165,-0.0004247720847017078,0.4250148051411425,0.4589905362776025,outer_02,none,0.0
1760,2017-11-01,1761,1781,2017-11-02,2017-11-30,0.006954239621851599,1.0,0.00276564493199416,-9.414866080525996e-05,0.26532463997066985,0.4589905362776025,outer_02,none,0.0
1761,2017-11-02,1762,1782,2017-11-03,2017-12-01,-0.001747464466899551,0.0,0.0012780957331903764,0.0067460510897880965,0.3418915806224154,0.4589905362776025,outer_02,none,0.0
1762,2017-11-03,1763,1783,2017-11-06,2017-12-04,0.003562206670847168,1.0,-0.004807210633753556,-0.004822882649802018,0.30298589410189186,0.4589905362776025,outer_02,none,0.0
1763,2017-11-06,1764,1784,2017-11-07,2017-12-05,-0.0036833318279549943,0.0,0.008982941197351657,-0.001910011767874309,0.29132526612440657,0.4589905362776025,outer_02,none,0.0
1764,2017-11-07,1765,1785,2017-11-08,2017-12-06,-0.008408533537505036,0.0,-0.004896908937555899,-0.009901959453357811,0.48721785639361787,0.4589905362776025,outer_02,none,0.0
1765,2017-11-08,1766,1786,2017-11-09,2017-12-07,-0.014003387790006983,0.0,0.0046393630363796845,-0.007899033483240281,0.5357474330074081,0.4589905362776025,outer_02,none,0.0
1766,2017-11-09,1767,1787,2017-11-10,2017-12-08,-0.02975535766672177,0.0,0.0027048216070379993,-0.006703155553921647,0.6407844436551178,0.4589905362776025,outer_02,none,0.0
1767,2017-11-10,1768,1788,2017-11-13,2017-12-11,-0.021581061767975918,0.0,-0.0070540829881959866,-0.021482853400771162,0.7796000030653054,0.4589905362776025,outer_02,none,0.0
1768,2017-11-13,1769,1789,2017-11-14,2017-12-12,-0.028406784695445886,0.0,0.0018327503426611713,-0.012929187183438273,0.6450310351509617,0.4589905362776025,outer_02,none,0.0
1769,2017-11-14,1770,1790,2017-11-15,2017-12-13,-0.02856386043072323,0.0,0.0018606401903067393,-0.00375761514223516,0.5579460117334987,0.4589905362776025,outer_02,none,0.0
1770,2017-11-15,1771,1791,2017-11-16,2017-12-14,-0.019239412260389166,0.0,-0.001547685425363099,-0.0019303290287551178,0.6604373236592523,0.4589905362776025,outer_02,none,0.0
1771,2017-11-16,1772,1792,2017-11-17,2017-12-15,-0.020202388070890365,0.0,-3.129106953103644e-05,-0.008614901040486345,0.5227371968806825,0.4589905362776025,outer_02,none,0.0
1772,2017-11-17,1773,1793,2017-11-20,2017-12-18,-0.0306232905346997,0.0,0.012292130001892332,0.01087718845462149,0.43378713280347275,0.4589905362776025,outer_02,none,0.0
1773,2017-11-20,1774,1794,2017-11-21,2017-12-19,-0.012664578187044029,0.0,-0.013583740584788728,-0.004127295214694904,0.5627187576021265,0.4589905362776025,outer_02,none,0.0
1774,2017-11-21,1775,1795,2017-11-22,2017-12-20,-0.01513726132603832,0.0,0.0029096390520679805,0.0030506430004120233,0.6453648759401475,0.4589905362776025,outer_02,none,0.0
1775,2017-11-22,1776,1796,2017-11-23,2017-12-21,-0.020193542820968524,0.0,0.008995865992563523,0.011349516604266086,0.5197555115194025,0.4589905362776025,outer_02,none,0.0
1776,2017-11-23,1777,1797,2017-11-24,2017-12-22,-0.019319209290745043,0.0,-0.0007820757928040933,0.018789917234899534,0.3462780171515458,0.4589905362776025,outer_02,none,0.0
1777,2017-11-24,1778,1798,2017-11-27,2017-12-26,-0.0077623682984206965,0.0,-0.0020626558181540133,0.011586185743366784,0.47568630377573995,0.4589905362776025,outer_02,none,0.0
1778,2017-11-27,1779,1799,2017-11-28,2017-12-27,-0.009531199667275558,0.0,0.004638870209927148,0.014201081370059043,0.52729686395348,0.4589905362776025,outer_02,none,0.0
1779,2017-11-28,1780,1800,2017-11-29,2017-12-28,-0.004727335074494299,0.0,-0.0003941252210015733,0.017740985824224786,0.4310322419195697,0.4589905362776025,outer_02,none,0.0
1780,2017-11-29,1781,1801,2017-11-30,2017-12-29,0.007609672490135999,1.0,-0.008156848317442567,0.00681849257478806,0.4029427302751067,0.4589905362776025,outer_02,none,0.0
1781,2017-11-30,1782,1802,2017-12-01,2018-01-02,0.026920223764197893,1.0,-0.006677272907360532,-0.0011368760657628485,0.5561204604635253,0.4589905362776025,outer_02,none,0.0
1782,2017-12-01,1783,1803,2017-12-04,2018-01-03,0.033439103226711175,1.0,0.004055466729981028,0.007725801297971735,0.7737277257734335,0.4589905362776025,outer_02,none,0.0
1783,2017-12-04,1784,1804,2017-12-05,2018-01-04,0.02808860968023641,1.0,-0.0030831616632616132,-0.004340301562641535,0.7260588496709104,0.4589905362776025,outer_02,none,0.0
1784,2017-12-05,1785,1805,2017-12-06,2018-01-05,0.04326105898902188,1.0,-0.008089436622077173,-0.007532829247162809,0.5779827093798604,0.4589905362776025,outer_02,none,0.0
1785,2017-12-06,1786,1806,2017-12-07,2018-01-08,0.04414205509738789,1.0,-0.0020088745198849622,-0.014181066803427456,0.38889178386166157,0.4589905362776025,outer_02,none,0.0
1786,2017-12-07,1787,1807,2017-12-08,2018-01-09,0.0560396234603342,1.0,-0.0131329185762743,-0.030018806986739754,0.31050768131401657,0.4589905362776025,outer_02,none,0.0
1787,2017-12-08,1788,1808,2017-12-11,2018-01-10,0.050089585600650466,1.0,0.0011223885604341177,-0.02184233543810965,0.4963773494677333,0.4589905362776025,outer_02,none,0.0
1788,2017-12-11,1789,1809,2017-12-12,2018-01-11,0.05865163150924957,1.0,-0.005221776178784943,-0.028896861959555764,0.2743771093449982,0.4589905362776025,outer_02,none,0.0
1789,2017-12-12,1790,1810,2017-12-13,2018-01-12,0.06123924707986017,1.0,0.0017945452265157869,-0.028962956923346717,0.5271716102067802,0.4589905362776025,outer_02,none,0.0
1790,2017-12-13,1791,1811,2017-12-14,2018-01-15,0.06337108290325943,1.0,0.009394774774597714,-0.018020496723385904,0.6679586883752201,0.4589905362776025,outer_02,none,0.0
1791,2017-12-14,1792,1812,2017-12-15,2018-01-16,0.06673591355357367,1.0,-0.0024003105611019038,-0.02038951621495677,0.6680356045219463,0.4589905362776025,outer_02,none,0.0
1792,2017-12-15,1793,1813,2017-12-18,2018-01-17,0.06562234203071071,1.0,0.0022569322492147492,-0.030424713967634354,0.6453272367617523,0.4589905362776025,outer_02,none,0.0
1793,2017-12-18,1794,1814,2017-12-19,2018-01-18,0.050876692870780005,1.0,0.004998123200163462,-0.011842850182682163,0.5822482153018038,0.4589905362776025,outer_02,none,0.0
1794,2017-12-19,1795,1815,2017-12-20,2018-01-19,0.05107367996458123,1.0,1.5852508263414222e-05,-0.01473663672648673,0.5159549989238443,0.4589905362776025,outer_02,none,0.0
1795,2017-12-20,1796,1816,2017-12-21,2018-01-22,0.05329601204343071,1.0,0.002952107596640552,-0.0207803951224097,0.5028243891531425,0.4589905362776025,outer_02,none,0.0
1796,2017-12-21,1797,1817,2017-12-22,2018-01-23,0.051703884458619065,1.0,0.0009084123552627332,-0.019089906974342874,0.37744720317430164,0.4589905362776025,outer_02,none,0.0
1797,2017-12-22,1798,1818,2017-12-26,2018-01-24,0.047950049426100705,1.0,0.006892780456826841,-0.01013447069936202,0.3283589073118527,0.4798387096774194,outer_03,none,0.0
1798,2017-12-26,1799,1819,2017-12-27,2018-01-25,0.05682864905544882,1.0,0.0060976752044688,-0.008675665704820368,0.37977305897053787,0.4798387096774194,outer_03,none,0.0
1799,2017-12-27,1800,1820,2017-12-28,2018-01-26,0.04531735947146043,1.0,0.0030582610438498747,-0.00522327943996892,0.5080069205683678,0.4798387096774194,outer_03,none,0.0
1800,2017-12-28,1801,1821,2017-12-29,2018-01-29,0.04308270164964245,1.0,0.006080882607717442,0.009014451485191088,0.4480676700054234,0.4798387096774194,outer_03,none,0.0
1801,2017-12-29,1802,1822,2018-01-02,2018-01-30,0.023757204399839082,1.0,0.005913623147291602,0.021605347539843223,0.5416014100740753,0.4798387096774194,outer_03,none,0.0
1802,2018-01-02,1803,1823,2018-01-03,2018-01-31,0.015180971776336705,1.0,0.011662651845668393,0.029212532655530588,0.5529382242130007,0.4798387096774194,outer_03,none,0.0
1803,2018-01-03,1804,1824,2018-01-04,2018-02-01,0.0230797141134369,1.0,-0.003831830127595026,0.028463864191197175,0.7298359529444779,0.4798387096774194,outer_03,none,0.0
1804,2018-01-04,1805,1825,2018-01-05,2018-02-02,0.019365569215242573,1.0,0.0075205156632902614,0.04407381647656461,0.8249932339205487,0.4798387096774194,outer_03,none,0.0
1805,2018-01-05,1806,1826,2018-01-08,2018-02-05,0.008256938021637517,1.0,-0.0021115655751735574,0.043971125421276014,0.8694746379898095,0.4798387096774194,outer_03,none,0.0
1806,2018-01-08,1807,1827,2018-01-09,2018-02-06,0.014610551806736538,1.0,0.0002802849834830923,0.057384328981033406,0.9193324215172413,0.4798387096774194,outer_03,none,0.0
1807,2018-01-09,1808,1828,2018-01-10,2018-02-07,0.009725238420523752,1.0,-0.005818739640625736,0.05044320077997355,0.7905547394695475,0.4798387096774194,outer_03,none,0.0
1808,2018-01-10,1809,1829,2018-01-11,2018-02-08,0.00015942485619024893,1.0,0.0030275392058829453,0.05869251616464144,0.816146056484588,0.4798387096774194,outer_03,none,0.0
1809,2018-01-11,1810,1830,2018-01-12,2018-02-09,-0.0024531899971211857,0.0,0.004357833743005912,0.061255804681131565,0.6752749333561368,0.4798387096774194,outer_03,none,0.0
1810,2018-01-12,1811,1831,2018-01-15,2018-02-12,-0.015591902294858961,0.0,0.011900114497104042,0.06376114440363789,0.6455113502742643,0.4798387096774194,outer_03,none,0.0
1811,2018-01-15,1812,1832,2018-01-16,2018-02-13,-0.011858722175156267,0.0,0.0013143648507334404,0.06747581981547324,0.7924926373225267,0.4798387096774194,outer_03,none,0.0
1812,2018-01-16,1813,1833,2018-01-17,2018-02-14,-0.007104026998976387,0.0,-0.0011649181767650063,0.06405396938949348,0.7262861948612741,0.4798387096774194,outer_03,none,0.0
1813,2018-01-17,1814,1834,2018-01-18,2018-02-15,0.017273547124530886,1.0,-0.00882563946744419,0.05023020672188583,0.5194188465161275,0.4798387096774194,outer_03,none,0.0
1814,2018-01-18,1815,1835,2018-01-19,2018-02-16,0.019580460942891342,1.0,0.0003240819277330331,0.05053843614135545,0.7439482754276696,0.4798387096774194,outer_03,none,0.0
1815,2018-01-19,1816,1836,2018-01-22,2018-02-19,0.01090619211740762,1.0,0.0033026545271042096,0.050888983071819105,0.7178743962049202,0.4798387096774194,outer_03,none,0.0
1816,2018-01-22,1817,1837,2018-01-23,2018-02-20,0.010815754560264068,1.0,0.0018309388674015992,0.05181150958395797,0.6470547133271592,0.4798387096774194,outer_03,none,0.0
1817,2018-01-23,1818,1838,2018-01-24,2018-02-21,-0.00856053549960567,0.0,0.005413137802078083,0.05033186692920921,0.5421929680528957,0.4798387096774194,outer_03,none,0.0
1818,2018-01-24,1819,1839,2018-01-25,2018-02-22,-0.024508617729920523,0.0,0.01249330830927331,0.05672750003401372,0.43929100803229487,0.4798387096774194,outer_03,none,0.0
1819,2018-01-25,1820,1840,2018-01-26,2018-02-23,-0.011363504116462586,0.0,-0.007205733660293312,0.046463505329870536,0.6930073657579766,0.4798387096774194,outer_03,none,0.0
1820,2018-01-26,1821,1841,2018-01-29,2018-02-26,-0.01581614998984371,0.0,0.0013193885288949048,0.041702011251048,0.7559948056031919,0.4798387096774194,outer_03,none,0.0
1821,2018-01-29,1822,1842,2018-01-30,2018-02-27,-0.00598222078663202,0.0,-0.007196201026975935,0.028592187076780462,0.6968520359988319,0.4798387096774194,outer_03,none,0.0
1822,2018-01-30,1823,1843,2018-01-31,2018-02-28,-0.014331089722190882,0.0,-0.0012915702584201938,0.015637964972691876,0.7585449066414018,0.4798387096774194,outer_03,none,0.0
1823,2018-01-31,1824,1844,2018-02-01,2018-03-01,-0.018307233401111844,0.0,0.004732581228392263,0.024202376328679165,0.6238550577234442,0.4798387096774194,outer_03,none,0.0
1824,2018-02-01,1825,1845,2018-02-02,2018-03-02,-0.023527141000958984,0.0,0.0025618857599596367,0.01924374642534854,0.4284217743803704,0.4798387096774194,outer_03,none,0.0
1825,2018-02-02,1826,1846,2018-02-05,2018-03-05,-0.005972865027429108,0.0,-0.011801879642211688,0.00955343235831041,0.4203028488400774,0.4798387096774194,outer_03,none,0.0
1826,2018-02-05,1827,1847,2018-02-06,2018-03-06,-0.01380753362749676,0.0,0.0052317933214212076,0.014504940696248525,0.602115803198884,0.4798387096774194,outer_03,none,0.0
1827,2018-02-06,1828,1848,2018-02-07,2018-03-07,0.011193012258474688,1.0,-0.011381675141549863,0.008942005195324398,0.6859487660879104,0.4798387096774194,outer_03,none,0.0
1828,2018-02-07,1829,1849,2018-02-08,2018-03-08,0.006280809756596284,1.0,-0.004624084464752265,0.001290381524689188,0.8027913732379968,0.4798387096774194,outer_03,none,0.0
1829,2018-02-08,1830,1850,2018-02-09,2018-03-09,0.0016739701609722601,1.0,3.792720253237292e-05,-0.003029525015784351,0.7525338935183432,0.4798387096774194,outer_03,none,0.0
1830,2018-02-09,1831,1851,2018-02-12,2018-03-12,0.005670462158663625,1.0,-0.0020501301799420446,-0.016979769692830438,0.7577992043341905,0.4798387096774194,outer_03,none,0.0
1831,2018-02-12,1832,1852,2018-02-13,2018-03-13,-6.799714414640334e-05,0.0,0.0054728201788636355,-0.012821314364700243,0.6559443661787348,0.4798387096774194,outer_03,none,0.0
1832,2018-02-13,1833,1853,2018-02-14,2018-03-14,-0.002914630561168252,0.0,0.004623195820666837,-0.0070332003672684,0.6295106949805542,0.4798387096774194,outer_03,none,0.0
1833,2018-02-14,1834,1854,2018-02-15,2018-03-15,-0.020072165484115168,0.0,0.01578903552886235,0.01758147462903814,0.3689255145840552,0.4798387096774194,outer_03,none,0.0
1834,2018-02-15,1835,1855,2018-02-16,2018-03-16,-0.02837202566787056,0.0,0.002167793954164665,0.019425186655469773,0.6085424171068838,0.4798387096774194,outer_03,none,0.0
1835,2018-02-16,1836,1856,2018-02-19,2018-03-19,-0.02745372076806163,0.0,-0.004177010331629205,0.011945521796736358,0.5884616650910277,0.4798387096774194,outer_03,none,0.0
1836,2018-02-19,1837,1857,2018-02-20,2018-03-20,-0.022963638508442408,0.0,-0.0006161772706771984,0.00949840565865756,0.5039432342960638,0.4798387096774194,outer_03,none,0.0
1837,2018-02-20,1838,1858,2018-02-21,2018-03-21,-0.013593390760150648,0.0,-0.012907841223272598,-0.00882257336669312,0.47171326306850775,0.4798387096774194,outer_03,none,0.0
1838,2018-02-21,1839,1859,2018-02-22,2018-03-22,0.005601960271968132,1.0,-0.0037381812382095703,-0.025054062914176,0.803055358703179,0.4798387096774194,outer_03,none,0.0
1839,2018-02-22,1840,1860,2018-02-23,2018-03-23,-0.0008789096077714831,0.0,0.005632078496747184,-0.012216250757135505,0.649929641392369,0.4798387096774194,outer_03,none,0.0
1840,2018-02-23,1841,1861,2018-02-26,2018-03-26,0.01368216774862141,1.0,-0.002307725134621741,-0.01584336442065215,0.5362945423326844,0.4798387096774194,outer_03,none,0.0
1841,2018-02-26,1842,1862,2018-02-27,2018-03-27,0.014593364487901717,1.0,0.0031182986597411144,-0.005528864733935102,0.4184146193436838,0.4798387096774194,outer_03,none,0.0
1842,2018-02-27,1843,1863,2018-02-28,2018-03-28,0.020436146645097075,1.0,-0.0110440844632258,-0.015281378938740708,0.5010201368138213,0.4798387096774194,outer_03,none,0.0
1843,2018-02-28,1844,1864,2018-03-01,2018-03-29,0.004040287256575681,1.0,-0.00015930996062252234,-0.020173270127755494,0.6605169988750588,0.4798387096774194,outer_03,none,0.0
1844,2018-03-01,1845,1865,2018-03-02,2018-04-02,0.007062138825215669,1.0,-0.0006982286527046355,-0.023433384540419766,0.567374213709359,0.4798387096774194,outer_03,none,0.0
1845,2018-03-02,1846,1866,2018-03-05,2018-04-03,0.012686333969554653,1.0,0.0037586052553768567,-0.007872899642831221,0.46655554211181177,0.4798387096774194,outer_03,none,0.0
1846,2018-03-05,1847,1867,2018-03-06,2018-04-04,0.009068596295639608,1.0,-0.0016956854933622978,-0.014800378457614727,0.6177855106969729,0.4798387096774194,outer_03,none,0.0
1847,2018-03-06,1848,1868,2018-03-07,2018-04-05,-0.0048266795293390174,0.0,0.010865986391348947,0.0074472830752840835,0.434967485143611,0.4798387096774194,outer_03,none,0.0
1848,2018-03-07,1849,1869,2018-03-08,2018-04-06,0.00121377079159668,1.0,-0.006730234266374424,0.005341133273661924,0.615473293240025,0.4798387096774194,outer_03,none,0.0
1849,2018-03-08,1850,1870,2018-03-09,2018-04-09,0.009168328617833232,1.0,-0.0024249395261080053,0.002878266545021546,0.6454085450672603,0.4798387096774194,outer_03,none,0.0
1850,2018-03-09,1851,1871,2018-03-12,2018-04-10,0.010340498309098223,1.0,0.0009223209877031735,0.005850717712666764,0.715914490708567,0.4798387096774194,outer_03,none,0.0
1851,2018-03-12,1852,1872,2018-03-13,2018-04-11,0.012016306323274328,1.0,-0.0004988549115942931,-0.00012095737779116433,0.5996895435835623,0.4798387096774194,outer_03,none,0.0
1852,2018-03-13,1853,1873,2018-03-14,2018-04-12,0.01995272321366759,1.0,0.0027255482121804064,-0.0020186049862775945,0.47892817480118366,0.4798387096774194,outer_03,none,0.0
1853,2018-03-14,1854,1874,2018-03-15,2018-04-13,0.008829315745750854,1.0,-0.0011844364938751184,-0.018992077009015063,0.4726729021950515,0.4798387096774194,outer_03,none,0.0
1854,2018-03-15,1855,1875,2018-03-16,2018-04-16,0.020139023606978057,1.0,-0.006285090241822111,-0.02744496120500184,0.546935099009816,0.4798387096774194,outer_03,none,0.0
1855,2018-03-16,1856,1876,2018-03-19,2018-04-17,0.02463428857369543,1.0,-0.002258633384870201,-0.025526584258242835,0.642737155490969,0.4798387096774194,outer_03,none,0.0
1856,2018-03-19,1857,1877,2018-03-20,2018-04-18,0.022384793066271946,1.0,0.0026991185332132517,-0.022211288454352385,0.49026462549410815,0.4798387096774194,outer_03,none,0.0
1857,2018-03-20,1858,1878,2018-03-21,2018-04-19,0.028287569271564728,1.0,-0.004535638349997484,-0.01383908558107727,0.3243521735983106,0.4798387096774194,outer_03,none,0.0
1858,2018-03-21,1859,1879,2018-03-22,2018-04-20,0.0103455251559188,1.0,0.015695440369691838,0.005594536026824137,0.15117978591328865,0.4798387096774194,outer_03,none,0.0
1859,2018-03-22,1860,1880,2018-03-23,2018-04-23,0.0030615714455368703,1.0,-0.002398127753851398,-0.0024356702237744443,0.42608718865913875,0.4798387096774194,outer_03,none,0.0
1860,2018-03-23,1861,1881,2018-03-26,2018-04-24,-0.01748687434725049,0.0,0.014125161983223222,0.013997216894070519,0.2982611793122743,0.4798387096774194,outer_03,none,0.0
1861,2018-03-26,1862,1882,2018-03-27,2018-04-25,-0.017026382629111048,0.0,0.004391054649810933,0.015269972884140337,0.5509145666734875,0.4798387096774194,outer_03,none,0.0
1862,2018-03-27,1863,1883,2018-03-28,2018-04-26,-0.017633624057014075,0.0,-0.006560365704455506,0.01975369164291063,0.7059416292985844,0.4798387096774194,outer_03,none,0.0
1863,2018-03-28,1864,1884,2018-03-29,2018-04-27,-0.005299589951464512,0.0,-0.0148049845491105,0.005108017054422653,0.6358259999049615,0.4798387096774194,outer_03,none,0.0
1864,2018-03-29,1865,1885,2018-04-02,2018-04-30,-0.0022804682575578994,0.0,0.00015849834175973854,0.005964744048887027,0.7084261231667764,0.4798387096774194,outer_03,none,0.0
1865,2018-04-02,1866,1886,2018-04-03,2018-05-01,-0.018444318224362988,0.0,0.01200278467912419,0.01420892347263436,0.7191337009416466,0.4798387096774194,outer_03,none,0.0
1866,2018-04-03,1867,1887,2018-04-04,2018-05-02,-0.021212767243922848,0.0,-0.006358536971851514,0.009546071994145144,0.7296934494178225,0.4798387096774194,outer_03,none,0.0
1867,2018-04-04,1868,1888,2018-04-05,2018-05-03,-0.020836692625395337,0.0,0.0005251746326324636,-0.0007947397645713394,0.677193478453485,0.4798387096774194,outer_03,none,0.0
1868,2018-04-05,1869,1889,2018-04-06,2018-05-04,-0.011297329190895766,0.0,-0.005166182470135894,0.0007693120316671909,0.4879848670432628,0.4798387096774194,outer_03,none,0.0
1869,2018-04-06,1870,1890,2018-04-09,2018-05-07,-0.014046553608454637,0.0,0.0047535684796686795,0.007947820037443876,0.5734589389940005,0.4798387096774194,outer_03,none,0.0
1870,2018-04-09,1871,1891,2018-04-10,2018-05-08,-0.01683235323092802,0.0,0.0025255282744636176,0.00955102732420432,0.5549577970284711,0.4798387096774194,outer_03,none,0.0
1871,2018-04-10,1872,1892,2018-04-11,2018-05-09,-0.0184972104073573,0.0,0.002257826717809941,0.012307708953608554,0.49769659102602104,0.4798387096774194,outer_03,none,0.0
1872,2018-04-11,1873,1893,2018-04-12,2018-05-10,-0.03030898929650938,0.0,0.010400664301200457,0.019982825042628605,0.5296371941199988,0.4798387096774194,outer_03,none,0.0
1873,2018-04-12,1874,1894,2018-04-13,2018-05-11,-0.010734740732848636,0.0,-0.013549566471186658,0.007617695065317065,0.5131781258548923,0.4798387096774194,outer_03,none,0.0
1874,2018-04-13,1875,1895,2018-04-16,2018-05-14,-0.018476172003445868,0.0,0.007612147475707154,0.02151493278284633,0.7831858376821111,0.4798387096774194,outer_03,none,0.0
1875,2018-04-16,1876,1896,2018-04-17,2018-05-15,-0.023873044969442425,0.0,0.00038652227072510925,0.02416008843844164,0.7173838509796121,0.4798387096774194,outer_03,none,0.0
1876,2018-04-17,1877,1897,2018-04-18,2018-05-16,-0.04279202122471304,0.0,0.0011735172695104268,0.022634487174738815,0.6269226144187668,0.4798387096774194,outer_03,none,0.0
1877,2018-04-18,1878,1898,2018-04-19,2018-05-17,-0.04410346090843387,0.0,0.0015131401280461532,0.028683265652782453,0.6577480172664815,0.4798387096774194,outer_03,none,0.0
1878,2018-04-19,1879,1899,2018-04-20,2018-05-18,-0.041877470289402474,0.0,-0.0026049122121172275,0.010382913070973387,0.5619655688902145,0.4798387096774194,outer_03,none,0.0
1879,2018-04-20,1880,1900,2018-04-23,2018-05-21,-0.03287923584653196,0.0,-0.007653498200363096,0.0051275426244616895,0.482719275291874,0.4798387096774194,outer_03,none,0.0
1880,2018-04-23,1881,1901,2018-04-24,2018-05-22,-0.024575241498888012,0.0,-0.008029514608677069,-0.0170271339674386,0.6119335312998594,0.4798387096774194,outer_03,none,0.0
1881,2018-04-24,1882,1902,2018-04-25,2018-05-23,-0.02962880153368541,0.0,0.004526411120393092,-0.01689177749685644,0.6052383295592734,0.4798387096774194,outer_03,none,0.0
1882,2018-04-25,1883,1903,2018-04-26,2018-05-24,-0.02155290444116087,0.0,-0.005946544005499987,-0.016277955797900923,0.5292448067056212,0.4798387096774194,outer_03,none,0.0
1883,2018-04-26,1884,1904,2018-04-27,2018-05-25,-0.009549306033585836,0.0,-0.004447162324467513,-0.005920133573257935,0.40689218308661435,0.4798387096774194,outer_03,none,0.0
1884,2018-04-27,1885,1905,2018-04-30,2018-05-28,-0.017825267273288148,0.0,0.004469839861235059,-0.001608792053782615,0.38053464879767024,0.4798387096774194,outer_03,none,0.0
1885,2018-04-30,1886,1906,2018-05-01,2018-05-29,-0.014133185991634711,0.0,-0.006012399219386566,-0.01962397595229337,0.4095035051550482,0.4798387096774194,outer_03,none,0.0
1886,2018-05-01,1887,1907,2018-05-02,2018-05-30,-0.0037860652147054807,0.0,-0.00838499288413086,-0.021650431864572717,0.3312539978661389,0.4798387096774194,outer_03,none,0.0
1887,2018-05-02,1888,1908,2018-05-03,2018-05-31,-0.002999262021821103,0.0,0.0007052727091165778,-0.021470333788088602,0.406439019874786,0.4798387096774194,outer_03,none,0.0
1888,2018-05-03,1889,1909,2018-05-04,2018-06-01,-0.010301749711363328,0.0,0.005555760896509554,-0.010748390421443155,0.36114009502787914,0.4798387096774194,outer_03,none,0.0
1889,2018-05-04,1890,1910,2018-05-07,2018-06-04,-0.016756976821325154,0.0,0.00183493973725124,-0.013667019163860594,0.3974969356309722,0.4798387096774194,outer_03,none,0.0
1890,2018-05-07,1891,1911,2018-05-08,2018-06-05,-0.016973489963941546,0.0,-0.00030432136570812673,-0.01649686880403234,0.38055120835199685,0.4798387096774194,outer_03,none,0.0
1891,2018-05-08,1892,1912,2018-05-09,2018-06-06,-0.013898524917138388,0.0,0.00035756808439124654,-0.018397127437451033,0.28653785509577745,0.4798387096774194,outer_03,none,0.0
1892,2018-05-09,1893,1913,2018-05-10,2018-06-07,-0.011944330902279532,0.0,-0.0017586404383402865,-0.030556432176991777,0.1750509899044316,0.4798387096774194,outer_03,none,0.0
1893,2018-05-10,1894,1914,2018-05-11,2018-06-08,-0.018315782120758684,0.0,0.006599831809759316,-0.010407033896045803,0.2550263601624251,0.4798387096774194,outer_03,none,0.0
1894,2018-05-11,1895,1915,2018-05-14,2018-06-11,-0.01452717536574788,0.0,-0.0023645510414525006,-0.020383732413205458,0.3412654557314905,0.4798387096774194,outer_03,none,0.0
1895,2018-05-14,1896,1916,2018-05-15,2018-06-12,-0.010879735175595151,0.0,-0.003648723575495616,-0.024418978259426183,0.25898655761095923,0.4798387096774194,outer_03,none,0.0
1896,2018-05-15,1897,1917,2018-05-16,2018-06-13,0.0036734466878751704,1.0,-0.01717466079559049,-0.0427671563245271,0.2552089117889821,0.4798387096774194,outer_03,none,0.0
1897,2018-05-16,1898,1918,2018-05-17,2018-06-14,0.006862745543830151,1.0,-0.00022469733750707377,-0.04450499379008033,0.7346312306305872,0.4798387096774194,outer_03,none,0.0
1898,2018-05-17,1899,1919,2018-05-18,2018-06-15,0.00900243288911895,1.0,0.00022469733750707377,-0.041675384240456026,0.6762591426326767,0.4798387096774194,outer_03,none,0.0
1899,2018-05-18,1900,1920,2018-05-21,2018-06-18,-0.00963965996373961,0.0,0.001323913868009008,-0.03269797217208392,0.36383927832122565,0.4798387096774194,outer_03,none,0.0
1900,2018-05-21,1901,1921,2018-05-22,2018-06-19,-0.010686471522086016,0.0,0.0,-0.024668457563406854,0.40869561833269646,0.4798387096774194,outer_03,none,0.0
1901,2018-05-22,1902,1922,2018-05-23,2018-06-20,-0.012696133784822372,0.0,-0.0011302497816334522,-0.0303251184654334,0.448896289792898,0.4798387096774194,outer_03,none,0.0
1902,2018-05-23,1903,1923,2018-05-24,2018-06-21,-0.020180625925507734,0.0,0.0016716976263619898,-0.02270687683357142,0.42406379505584013,0.4798387096774194,outer_03,none,0.0
1903,2018-05-24,1904,1924,2018-05-25,2018-06-22,-0.029128650448950744,0.0,0.008523861682725453,-0.009735852826378455,0.22905443484437982,0.4798387096774194,outer_03,none,0.0
1904,2018-05-25,1905,1925,2018-05-28,2018-06-25,-0.021815256088393298,0.0,-0.0028639784315478423,-0.017069671119161356,0.44048397652285165,0.4798387096774194,outer_03,none,0.0
1905,2018-05-28,1906,1926,2018-05-29,2018-06-26,-0.024653311244988707,0.0,-0.0019241580051332363,-0.012981429904908026,0.4900254537924846,0.4798387096774194,outer_03,none,0.0
1906,2018-05-29,1907,1927,2018-05-30,2018-06-27,-0.03224522166832955,0.0,0.00047753653676796404,-0.0041189004840092025,0.3096967060736817,0.4798387096774194,outer_03,none,0.0
1907,2018-05-30,1908,1928,2018-05-31,2018-06-28,-0.038681256627275395,0.0,0.0022382989050191426,-0.0025858742881066377,0.14333477892808064,0.4798387096774194,outer_03,none,0.0
1908,2018-05-31,1909,1929,2018-06-01,2018-06-29,-0.039959770843738696,0.0,-0.002546360889525978,-0.01068799607414217,0.13343034507232573,0.4798387096774194,outer_03,none,0.0
1909,2018-06-01,1910,1930,2018-06-04,2018-07-02,-0.03167086526642926,0.0,-0.003835606340062192,-0.016358542151455602,0.3186664299358539,0.4798387096774194,outer_03,none,0.0
1910,2018-06-04,1911,1931,2018-06-05,2018-07-03,-0.03969630178056782,0.0,-0.0011295589732114308,-0.017183779758958906,0.44786250637099045,0.4798387096774194,outer_03,none,0.0
1911,2018-06-05,1912,1932,2018-06-06,2018-07-04,-0.03481293452671874,0.0,0.0036162771705043895,-0.013925070672845763,0.38315598951952484,0.4798387096774194,outer_03,none,0.0
1912,2018-06-06,1913,1933,2018-06-07,2018-07-05,-0.03163003361324712,0.0,-0.00041659595424370366,-0.01258302618874918,0.3571048053917421,0.4798387096774194,outer_03,none,0.0
1913,2018-06-07,1914,1934,2018-06-08,2018-07-06,-0.03139815565355342,0.0,0.0005862704880454928,-0.018596587510463003,0.3652183322476979,0.4798387096774194,outer_03,none,0.0
1914,2018-06-08,1915,1935,2018-06-11,2018-07-09,-0.03433696108687201,0.0,0.0014564736652715737,-0.014775562803738929,0.33401800274877347,0.4798387096774194,outer_03,none,0.0
1915,2018-06-11,1916,1936,2018-06-12,2018-07-10,-0.0330657753096224,0.0,0.0013466979083727182,-0.009780141319870594,0.21960040910146855,0.4798387096774194,outer_03,none,0.0
1916,2018-06-12,1917,1937,2018-06-13,2018-07-11,-0.031157219770297395,0.0,-0.003721300044954745,0.003673219430765151,0.1881582698717041,0.4798387096774194,outer_03,none,0.0
1917,2018-06-13,1918,1938,2018-06-14,2018-07-12,-0.045155587883307646,0.0,0.00303663460035164,0.006934551368623865,0.26991281650476834,0.4798387096774194,outer_03,none,0.0
1918,2018-06-14,1919,1939,2018-06-15,2018-07-13,-0.04342009388184653,0.0,0.002144744087144268,0.008854598118261059,0.24182634531898886,0.4798387096774194,outer_03,none,0.0
1919,2018-06-15,1920,1940,2018-06-18,2018-07-16,-0.03004511030229562,0.0,-0.017085033227393076,-0.009554348977141025,0.4879617142429354,0.4798387096774194,outer_03,none,0.0
1920,2018-06-18,1921,1941,2018-06-19,2018-07-17,-0.030284778822768033,0.0,-0.0015556661817264228,-0.011110015158867448,0.8816189415929855,0.4798387096774194,outer_03,none,0.0
1921,2018-06-19,1922,1942,2018-06-20,2018-07-18,-0.03778105471058257,0.0,-0.0029302787493321603,-0.012910044126566156,0.8761483475891687,0.4798387096774194,outer_03,none,0.0
1922,2018-06-20,1923,1943,2018-06-21,2018-07-19,-0.03292442173683341,0.0,-0.005428766843778021,-0.020010508596706167,0.8726059077176784,0.4798387096774194,outer_03,none,0.0
1923,2018-06-21,1924,1944,2018-06-22,2018-07-20,-0.03503186258248636,0.0,-0.0002524854045287128,-0.028786855683960333,0.8347391700120508,0.4798387096774194,outer_03,none,0.0
1924,2018-06-22,1925,1945,2018-06-25,2018-07-23,-0.032763866907931316,0.0,0.001553352438343758,-0.024369524814068733,0.6546890773115616,0.4798387096774194,outer_03,none,0.0
1925,2018-06-25,1926,1946,2018-06-26,2018-07-24,-0.03315717726292711,0.0,-0.0030696050584939627,-0.02551497186742946,0.7142658950526725,0.4798387096774194,outer_03,none,0.0
1926,2018-06-26,1927,1947,2018-06-27,2018-07-25,-0.027405596165264612,0.0,-0.005444249649380062,-0.031436758053577485,0.8477447529463785,0.4798387096774194,outer_03,none,0.0
1927,2018-06-27,1928,1948,2018-06-28,2018-07-26,-0.016789388526632365,0.0,-0.005306277986884211,-0.03898133494548084,0.8462247467419263,0.4798387096774194,outer_03,none,0.0
1928,2018-06-28,1929,1949,2018-06-29,2018-07-27,-0.01977746755788079,0.0,-0.0029200838372229754,-0.039355057893177836,0.7978360204567558,0.4798387096774194,outer_03,none,0.0
1929,2018-06-29,1930,1950,2018-07-02,2018-07-30,-0.023740346878186713,0.0,0.003678709244434586,-0.03184074230868106,0.8007971545412884,0.4798387096774194,outer_03,none,0.0
1930,2018-07-02,1931,1951,2018-07-03,2018-07-31,-0.01652205495881276,0.0,-0.009020881226010857,-0.039732064561480485,0.8301617534366312,0.4798387096774194,outer_03,none,0.0
1931,2018-07-03,1932,1952,2018-07-04,2018-08-01,-0.02288721399354987,0.0,0.009052810725678206,-0.03429553100630667,0.7841914016741897,0.4798387096774194,outer_03,none,0.0
1932,2018-07-04,1933,1953,2018-07-05,2018-08-02,-0.03212880887996317,0.0,0.002941119984004814,-0.03093781506805815,0.849393771456696,0.4798387096774194,outer_03,none,0.0
1933,2018-07-05,1934,1954,2018-07-06,2018-08-03,-0.03935817089796956,0.0,0.0005569612339835217,-0.03096712432212012,0.8908543476517572,0.4798387096774194,outer_03,none,0.0
1934,2018-07-06,1935,1955,2018-07-09,2018-08-06,-0.033735366967176716,0.0,-0.0020782496043834087,-0.0345018475917751,0.8810410194657506,0.4798387096774194,outer_03,none,0.0
1935,2018-07-09,1936,1956,2018-07-10,2018-08-07,-0.040196348754114375,0.0,0.002269136353445944,-0.03357940914670188,0.8533594351847257,0.4798387096774194,outer_03,none,0.0
1936,2018-07-10,1937,1957,2018-07-11,2018-08-08,-0.03623846383760476,0.0,-0.0011777158451025116,-0.031035824946849644,0.8014890156759241,0.4798387096774194,outer_03,none,0.0
1937,2018-07-11,1938,1958,2018-07-12,2018-08-09,-0.02348565650055967,0.0,-0.011008433462279754,-0.04508089300948104,0.882016159589656,0.4798387096774194,outer_03,none,0.0
1938,2018-07-12,1939,1959,2018-07-13,2018-08-10,-0.027878750126582474,0.0,0.0038246495166296413,-0.043400987579995665,0.940668044123684,0.4798387096774194,outer_03,none,0.0
1939,2018-07-13,1940,1960,2018-07-16,2018-08-13,-0.023442457818790174,0.0,-0.004726696903063932,-0.03104265125566652,0.9212955387918156,0.4798387096774194,outer_03,none,0.0
1940,2018-07-16,1941,1961,2018-07-17,2018-08-14,-0.03838252592808544,0.0,-0.00020952027991150146,-0.0296965053538516,0.9149542601332218,0.4798387096774194,outer_03,none,0.0
1941,2018-07-17,1942,1962,2018-07-18,2018-08-15,-0.02759131725995534,0.0,-0.01095599432581107,-0.03772222093033051,0.9444990802990939,0.4798387096774194,outer_03,none,0.0
1942,2018-07-18,1943,1963,2018-07-19,2018-08-16,-0.04281974249258269,0.0,0.00017924213215714246,-0.032114211954395344,0.9506286221880936,0.4798387096774194,outer_03,none,0.0
1943,2018-07-19,1944,1964,2018-07-20,2018-08-17,-0.041767282839690445,0.0,-0.003787203142332274,-0.035648929692198905,0.9532430566162153,0.4798387096774194,outer_03,none,0.0
1944,2018-07-20,1945,1965,2018-07-23,2018-08-20,-0.03888884095386036,0.0,0.007113639971714214,-0.03008864215882845,0.9098179182808042,0.4798387096774194,outer_03,none,0.0
1945,2018-07-23,1946,1966,2018-07-24,2018-08-21,-0.028472558370325807,0.0,-0.0058387550290079915,-0.03285779212934248,0.9410282756151723,0.4798387096774194,outer_03,none,0.0
1946,2018-07-24,1947,1967,2018-07-25,2018-08-22,-0.023442801812253222,0.0,2.450109642548881e-05,-0.027389041383536927,0.9261149052884542,0.4798387096774194,outer_03,none,0.0
1947,2018-07-25,1948,1968,2018-07-26,2018-08-23,-0.02930977928187506,0.0,0.005798014630222781,-0.016284748766429935,0.8776505156657995,0.4798387096774194,outer_03,none,0.0
1948,2018-07-26,1949,1969,2018-07-27,2018-08-24,-0.03177690807444744,0.0,-0.007113755905074903,-0.020478420834281863,0.9033920841773,0.4798387096774194,outer_03,none,0.0
1949,2018-07-27,1950,1970,2018-07-30,2018-08-27,-0.01328119450329801,0.0,-2.4533355142075663e-05,-0.024181663433858525,0.919302999617272,0.4798387096774194,outer_03,none,0.0
1950,2018-07-30,1951,1971,2018-07-31,2018-08-28,-0.008822800668870201,0.0,-0.0012519998853202097,-0.016412782093167877,0.8967032378343457,0.4798387096774194,outer_03,none,0.0
1951,2018-07-31,1952,1972,2018-08-01,2018-08-29,-0.018684580507021487,0.0,0.002175674212767653,-0.02328991860607843,0.9233999658644756,0.4798387096774194,outer_03,none,0.0
1952,2018-08-01,1953,1973,2018-08-02,2018-08-30,-0.007930949416596,0.0,-0.006467262161102383,-0.03269830075118563,0.8950852899314575,0.4798387096774194,outer_03,none,0.0
1953,2018-08-02,1954,1974,2018-08-03,2018-08-31,-0.0072072982493516236,0.0,-0.006873616553543904,-0.04012887853871305,0.9678318000740465,0.4798387096774194,outer_03,none,0.0
1954,2018-08-03,1955,1975,2018-08-06,2018-09-03,-0.010711325999807286,0.0,0.004477755058982957,-0.03357287387534669,0.9278812240693273,0.4798387096774194,outer_03,none,0.0
1955,2018-08-06,1956,1976,2018-08-07,2018-09-04,-0.006160865731421161,0.0,-0.004991250900183708,-0.04083326112897634,0.9581309952159375,0.4798387096774194,outer_03,none,0.0
1956,2018-08-07,1957,1977,2018-08-08,2018-09-05,-0.01605708045404608,0.0,0.0028787948805160113,-0.036776750403357816,0.9149381321036595,0.4798387096774194,outer_03,none,0.0
1957,2018-08-08,1958,1978,2018-08-09,2018-09-06,-0.013680603286718274,0.0,0.00231027017391483,-0.023458046767163232,0.871551158482445,0.4798387096774194,outer_03,none,0.0
1958,2018-08-09,1959,1979,2018-08-10,2018-09-07,-0.010129061104291459,0.0,-0.00100596164390776,-0.028288657927700633,0.8651378916950413,0.4798387096774194,outer_03,none,0.0
1959,2018-08-10,1960,1980,2018-08-13,2018-09-10,-0.013417336360623366,0.0,-0.00064368653039093,-0.024205647555027632,0.8755954144824187,0.4798387096774194,outer_03,none,0.0
1960,2018-08-13,1961,1981,2018-08-14,2018-09-11,0.0012136584079183166,1.0,-0.014752743634890209,-0.03874887091000634,0.9301732503970421,0.4798387096774194,outer_03,none,0.0
1961,2018-08-14,1962,1982,2018-08-15,2018-09-12,0.0031184057039892465,1.0,0.00024292481596432935,-0.02754995176823094,0.9695574354339487,0.4798387096774194,outer_03,none,0.0
1962,2018-08-15,1963,1983,2018-08-16,2018-09-13,0.025962617276067412,1.0,-0.016280155903230842,-0.044009349803618925,0.9842223552616959,0.4798387096774194,outer_03,none,0.0
1963,2018-08-16,1964,1984,2018-08-17,2018-09-14,0.023526336404229298,1.0,-0.000613136467615405,-0.040835283128902056,0.990351496244493,0.4798387096774194,outer_03,none,0.0
1964,2018-08-17,1965,1985,2018-08-20,2018-09-17,0.008590243516220397,1.0,0.008685012820814464,-0.039263910279801806,0.9766757563760684,0.4798387096774194,outer_03,none,0.0
1965,2018-08-20,1966,1986,2018-08-21,2018-09-18,0.009206712884254564,1.0,0.005213675145468777,-0.028211480105325037,0.98165550141487,0.4798387096774194,outer_03,none,0.0
1966,2018-08-21,1967,1987,2018-08-22,2018-09-19,0.00158730192057277,1.0,0.004827202561848765,-0.02340877863990176,0.977013115008466,0.4798387096774194,outer_03,none,0.0
1967,2018-08-22,1968,1988,2018-08-23,2018-09-20,0.006600849070280468,1.0,-0.0005853968739719662,-0.02979219014409651,0.9758448141533783,0.4798387096774194,outer_03,none,0.0
1968,2018-08-23,1969,1989,2018-08-24,2018-09-21,0.017934888455147124,1.0,-0.00852699133454049,-0.031205425573562096,0.9811145161739235,0.4798387096774194,outer_03,none,0.0
1969,2018-08-24,1970,1990,2018-08-27,2018-09-24,-0.006915840837638854,0.0,0.01723899413180696,-0.013941898086613058,0.9577952075564395,0.4798387096774194,outer_03,none,0.0
1970,2018-08-27,1971,1991,2018-08-28,2018-09-25,-0.009860064777537758,0.0,0.004294675501876455,-0.008395222699416394,0.9735287486284644,0.4798387096774194,outer_03,none,0.0
1971,2018-08-28,1972,1992,2018-08-29,2018-09-26,-0.0001165307142985128,0.0,-0.008383029404088305,-0.01895392631627235,0.9831907582708609,0.4798387096774194,outer_03,none,0.0
1972,2018-08-29,1973,1993,2018-08-30,2018-09-27,-0.010059458448584024,0.0,0.004627234122182244,-0.007859430032987724,0.976818156945208,0.4798387096774194,outer_03,none,0.0
1973,2018-08-30,1974,1994,2018-08-31,2018-09-28,-0.013980608187792676,0.0,-0.005751967116691681,-0.006737780596135501,0.9738731617880357,0.4798387096774194,outer_03,none,0.0
1974,2018-08-31,1975,1995,2018-09-03,2018-10-01,-0.007347780459965314,0.0,0.000974841665442483,-0.010240693989675975,0.9715204383895538,0.4798387096774194,outer_03,none,0.0
1975,2018-09-03,1976,1996,2018-09-04,2018-10-02,-0.009926927527371454,0.0,0.00039133566691340604,-0.004858107422578861,0.9535814246412364,0.4798387096774194,outer_03,none,0.0
1976,2018-09-04,1977,1997,2018-09-05,2018-10-03,0.010235093731848721,1.0,-0.008544202329560768,-0.01628110463265564,0.9618212189439341,0.4798387096774194,outer_03,none,0.0
1977,2018-09-05,1978,1998,2018-09-06,2018-10-04,0.000701432119276646,1.0,0.004565433833807475,-0.014025940972762996,0.949789629406443,0.4798387096774194,outer_03,none,0.0
1978,2018-09-06,1979,1999,2018-09-07,2018-10-05,-0.0005666714040923893,0.0,0.002912643674837234,-0.010107335654018001,0.9258045912605398,0.4798387096774194,outer_03,none,0.0
1979,2018-09-07,1980,2000,2018-09-10,2018-10-08,0.005692796877311501,1.0,-0.0034560515241501832,-0.012919700647777255,0.9409674289739574,0.4798387096774194,outer_03,none,0.0
1980,2018-09-10,1981,2001,2018-09-11,2018-10-09,-0.006091491613132938,0.0,-0.00021744584847738224,0.0016155971386355716,0.9328609227884881,0.4798387096774194,outer_03,none,0.0
1981,2018-09-11,1982,2002,2018-09-12,2018-10-10,-0.007145729792165767,0.0,0.0023392409808193904,0.0037119133034906326,0.9163659001822316,0.4798387096774194,outer_03,none,0.0
1982,2018-09-12,1983,2003,2018-09-13,2018-10-11,-0.010238983083866948,0.0,0.006396548221581533,0.026388617428303007,0.9154984857988532,0.4798387096774194,outer_03,none,0.0
1983,2018-09-13,1984,2004,2018-09-14,2018-10-12,0.017799582450135354,1.0,-0.00398784238169636,0.023013911514222052,0.9314978366688769,0.4798387096774194,outer_03,none,0.0
1984,2018-09-14,1985,2005,2018-09-17,2018-10-15,0.019996934139159706,1.0,-0.006539491879210324,0.007789406814197264,0.9393167104269472,0.4798387096774194,outer_03,none,0.0
1985,2018-09-17,1986,2006,2018-09-18,2018-10-16,0.0212561069161481,1.0,0.006264742586210126,0.008840474254938613,0.8666087826361467,0.4798387096774194,outer_03,none,0.0
1986,2018-09-18,1987,2007,2018-09-19,2018-10-17,0.022222953321093364,1.0,-0.0024093685190322844,0.0016039031740575638,0.8525768874773961,0.4798387096774194,outer_03,none,0.0
1987,2018-09-19,1988,2008,2018-09-20,2018-10-18,0.01496459986466192,1.0,0.004696642712280763,0.006885942760310293,0.7295144061090931,0.4798387096774194,outer_03,none,0.0
1988,2018-09-20,1989,2009,2018-09-21,2018-10-19,0.015393648323768439,1.0,0.002812404632971166,0.01822533872782195,0.751240320486639,0.4798387096774194,outer_03,none,0.0
1989,2018-09-21,1990,2010,2018-09-24,2018-10-22,0.023999042091086942,1.0,-0.0066246600594954685,-0.005638315463480481,0.88169641051945,0.4798387096774194,outer_03,none,0.0
1990,2018-09-24,1991,2011,2018-09-25,2018-10-23,0.01910028408652753,1.0,-0.0003670092127139313,-0.010300000178070867,0.8766465455026405,0.4798387096774194,outer_03,none,0.0
1991,2018-09-25,1992,2012,2018-09-26,2018-10-24,0.024291960047320593,1.0,0.0020002340274594133,8.326325347685071e-05,0.7894147801675202,0.4798387096774194,outer_03,none,0.0
1992,2018-09-26,1993,2013,2018-09-27,2018-10-25,0.032192177710516745,1.0,-0.0057112476140153134,-0.010255218482720707,0.9061084158601274,0.4798387096774194,outer_03,none,0.0
1993,2018-09-27,1994,2014,2018-09-28,2018-10-26,0.0403628494619106,1.0,-0.009845498043818957,-0.014348749409847983,0.9327326117118798,0.4798387096774194,outer_03,none,0.0
1994,2018-09-28,1995,2015,2018-10-01,2018-10-29,0.03387749994992717,1.0,0.007573655743486896,-0.00774993533180357,0.9141613369032799,0.4798387096774194,outer_03,none,0.0
1995,2018-10-01,1996,2016,2018-10-02,2018-10-30,0.033695441995157616,1.0,-0.0023947880714949576,-0.010536059070211934,0.9241205923265277,0.4798387096774194,outer_03,none,0.0
1996,2018-10-02,1997,2017,2018-10-03,2018-10-31,0.01518340397714013,1.0,0.011775665050933526,0.00978380831028236,0.8345484002597157,0.4798387096774194,outer_03,none,0.0
1997,2018-10-03,1998,2018,2018-10-04,2018-11-01,0.014362502251136888,1.0,-0.004909181842823962,0.0003091926336509232,0.8899082093956281,0.4798387096774194,outer_03,none,0.0
1998,2018-10-04,1999,2019,2018-10-05,2018-11-02,0.028466058392552007,1.0,0.002395090793901211,-0.00020836024728509983,0.8574374370786364,0.4798387096774194,outer_03,none,0.0
1999,2018-10-05,2000,2020,2018-10-08,2018-11-05,0.024595710202827803,1.0,0.0025224053632619814,0.005770096640127065,0.8375588283561297,0.4798387096774194,outer_03,none,0.0
2000,2018-10-08,2001,2021,2018-10-09,2018-11-06,0.0356390863418099,1.0,-0.012373051257490886,-0.006385508768886439,0.8428703552375888,0.4798387096774194,outer_03,none,0.0
2001,2018-10-09,2002,2022,2018-10-10,2018-11-07,0.03122758034577977,1.0,0.0012786864922809116,-0.0074460632574249175,0.8985128646684083,0.4798387096774194,outer_03,none,0.0
2002,2018-10-10,2003,2023,2018-10-11,2018-11-08,0.02661513721866715,1.0,0.003817903450691773,-0.010024708028314677,0.7916235211234375,0.4798387096774194,outer_03,none,0.0
2003,2018-10-11,2004,2024,2018-10-12,2018-11-09,3.270030983859584e-05,1.0,0.02545975414171231,0.019422888495093993,0.5428588912440693,0.4798387096774194,outer_03,none,0.0
2004,2018-10-12,2005,2025,2018-10-15,2018-11-12,-0.00689689161378837,0.0,-0.005780788887675747,0.02018159148662857,0.922645360188501,0.4798387096774194,outer_03,none,0.0
2005,2018-10-15,2006,2026,2018-10-16,2018-11-13,-0.021489199388316393,0.0,0.007404198975696552,0.021321047876114996,0.9475385651414423,0.4798387096774194,outer_03,none,0.0
2006,2018-10-16,2007,2027,2018-10-17,2018-11-14,-0.018323890653697994,0.0,-0.001950042025728571,0.02178037436941871,0.944968582495423,0.4798387096774194,outer_03,none,0.0
2007,2018-10-17,2008,2028,2018-10-18,2018-11-15,-0.009017920090892417,0.0,-0.001806567074761567,0.015277164582376379,0.9317068804351513,0.4798387096774194,outer_03,none,0.0
2008,2018-10-18,2009,2029,2018-10-19,2018-11-16,-0.010021734579044761,0.0,0.0028922061370550978,0.01535696608646031,0.9256453689387564,0.4798387096774194,outer_03,none,0.0
2009,2018-10-19,2010,2030,2018-10-22,2018-11-19,-0.004947070017316868,0.0,0.0005138390002663584,0.022495465146222138,0.9101599840030344,0.4798387096774194,outer_03,none,0.0
2010,2018-10-22,2011,2031,2018-10-23,2018-11-20,0.0014555091126675634,1.0,-0.003692452648065725,0.019170021710870344,0.7993165197726487,0.4798387096774194,outer_03,none,0.0
2011,2018-10-23,2012,2032,2018-10-24,2018-11-21,-0.007355132802448594,0.0,0.006916266049413977,0.024086053732824908,0.9100544403479413,0.4798387096774194,outer_03,none,0.0
2012,2018-10-24,2013,2033,2018-10-25,2018-11-22,-0.006912451182466306,0.0,0.0024272743248934248,0.032224575671733646,0.8950367350080198,0.4798387096774194,outer_03,none,0.0
2013,2018-10-25,2014,2034,2018-10-26,2018-11-23,-0.004147932390643483,0.0,-0.001192605985123052,0.04087746773042955,0.8912156922301558,0.4798387096774194,outer_03,none,0.0
2014,2018-10-26,2015,2035,2018-10-29,2018-11-26,-0.007800262645905498,0.0,0.0013547554386290628,0.03465856742557172,0.8397312641929976,0.4798387096774194,outer_03,none,0.0
2015,2018-10-29,2016,2036,2018-10-30,2018-11-27,-0.005848470745284828,0.0,-0.0032967955154665773,0.0337565599816001,0.7952348877022319,0.4798387096774194,outer_03,none,0.0
2016,2018-10-30,2017,2037,2018-10-31,2018-11-28,-0.006137908426793182,0.0,-0.0053008556542240015,0.01668003927644257,0.7180184186674069,0.4798387096774194,outer_03,none,0.0
2017,2018-10-31,2018,2038,2018-11-01,2018-11-29,0.004277844286070476,1.0,-0.006966324917206279,0.014622896202060254,0.6789709511269701,0.4798387096774194,outer_03,none,0.0
2018,2018-11-01,2019,2039,2018-11-02,2018-11-30,-0.008306364545424216,0.0,0.015166663214004394,0.027394468622163437,0.714569899565405,0.4798387096774194,outer_03,none,0.0
2019,2018-11-02,2020,2040,2018-11-05,2018-12-03,-0.008330497474427823,0.0,-0.0002352187342289369,0.02463684452467252,0.7954934391295121,0.4798387096774194,outer_03,none,0.0
2020,2018-11-05,2021,2041,2018-11-06,2018-12-04,-0.0005199067534391588,0.0,-0.001128196507003132,0.03588169927516027,0.8032479560102529,0.4798387096774194,outer_03,none,0.0
2021,2018-11-06,2022,2042,2018-11-07,2018-12-05,0.009206263592741237,1.0,-0.00352263430746369,0.03108037847541567,0.7650532271771942,0.4798387096774194,outer_03,none,0.0
2022,2018-11-07,2023,2043,2018-11-08,2018-12-06,0.00882436266237896,1.0,-0.0005461830501110043,0.026716291974612894,0.7210368244150259,0.4798387096774194,outer_03,none,0.0
2023,2018-11-08,2024,2044,2018-11-09,2018-12-07,0.011759726250794245,1.0,-0.0024410865562822792,-0.0011845487233816954,0.6264497585026858,0.4798387096774194,outer_03,none,0.0
2024,2018-11-09,2025,2045,2018-11-12,2018-12-10,0.03333086273941532,1.0,-0.011551127535561534,-0.006954887371267482,0.7750560416750647,0.4798387096774194,outer_03,none,0.0
2025,2018-11-12,2026,2046,2018-11-13,2018-12-11,0.03572100389656274,1.0,-0.007603336926488069,-0.021962423273452103,0.8279135605865308,0.4798387096774194,outer_03,none,0.0
2026,2018-11-13,2027,2047,2018-11-14,2018-12-12,0.033137655769603036,1.0,0.00152363537166611,-0.018488745876057422,0.808465462042221,0.4798387096774194,outer_03,none,0.0
2027,2018-11-14,2028,2048,2018-11-15,2018-12-13,0.028283496566364974,1.0,0.0070880244357862665,-0.009594154365509588,0.7474278315915582,0.4798387096774194,outer_03,none,0.0
2028,2018-11-15,2029,2049,2018-11-16,2018-12-14,0.023186752580116377,1.0,0.001774491537464229,-0.010711868965100457,0.7647937023955035,0.4798387096774194,outer_03,none,0.0
2029,2018-11-16,2030,2050,2018-11-19,2018-12-17,0.012516072579064286,1.0,0.006992949294480688,-0.0042327586708861276,0.7280354198136602,0.4798387096774194,outer_03,none,0.0
2030,2018-11-19,2031,2051,2018-11-20,2018-12-18,0.017704307707401945,1.0,0.00216764568219574,0.0016273396593753375,0.7229125848888518,0.4798387096774194,outer_03,none,0.0
2031,2018-11-20,2032,2052,2018-11-21,2018-12-19,0.022601432200171523,1.0,-0.0019056426676629101,-0.00719456905770155,0.7319728514026608,0.4798387096774194,outer_03,none,0.0
2032,2018-11-21,2033,2053,2018-11-22,2018-12-20,0.015233222309746886,1.0,0.003514022918619908,-0.006107820463975067,0.7155788390835391,0.4798387096774194,outer_03,none,0.0
2033,2018-11-22,2034,2054,2018-11-23,2018-12-21,0.026960535296717048,1.0,0.0009295575486483187,-0.003985656930203696,0.7201805724104632,0.4798387096774194,outer_03,none,0.0
2034,2018-11-23,2035,2055,2018-11-26,2018-12-24,0.028287123722361862,1.0,-0.0036334430678524043,-0.008973855436685163,0.6579663579461216,0.4798387096774194,outer_03,none,0.0
2035,2018-11-26,2036,2056,2018-11-27,2018-12-26,0.04008938440202048,1.0,-0.00029451948541137085,-0.0059715794066299566,0.6207193455453679,0.4798387096774194,outer_03,none,0.0
2036,2018-11-27,2037,2057,2018-11-28,2018-12-27,0.04169738907960152,1.0,-0.006303835175381245,-0.0069745589277872,0.5349935849702926,0.4798387096774194,outer_03,none,0.0
2037,2018-11-28,2038,2058,2018-11-29,2018-12-28,0.04395184656270068,1.0,0.00541156633863249,0.005403332328051569,0.5274353824484554,0.4798387096774194,outer_03,none,0.0
2038,2018-11-29,2039,2059,2018-11-30,2018-12-31,0.04460803454689888,1.0,0.0024293596233206927,-0.007333971262632133,0.5586963929080503,0.4798387096774194,outer_03,none,0.0
2039,2018-11-30,2040,2060,2018-12-03,2019-01-02,0.04735188717265171,1.0,-0.0016925666042579834,-0.00879131913266118,0.6011325784012934,0.4798387096774194,outer_03,none,0.0
2040,2018-12-03,2041,2061,2018-12-04,2019-01-03,0.04528341308119899,1.0,0.007240736135745607,-0.00042238648991244077,0.3747417152643349,0.4798387096774194,outer_03,none,0.0
2041,2018-12-04,2042,2062,2018-12-05,2019-01-04,0.04354214383501365,1.0,0.006236403434182414,0.009336651251733663,0.37211418337684926,0.4798387096774194,outer_03,none,0.0
2042,2018-12-05,2043,2063,2018-12-06,2019-01-07,0.03812401753063721,1.0,-0.0011956698790767106,0.008687164422767957,0.4602594401671594,0.4798387096774194,outer_03,none,0.0
2043,2018-12-06,2044,2064,2018-12-07,2019-01-08,0.04071986604642408,1.0,0.0005656977223944537,0.01169394870144469,0.3939773337396293,0.4798387096774194,outer_03,none,0.0
2044,2018-12-07,2045,2065,2018-12-10,2019-01-09,0.026999454643959808,1.0,0.008567447232846526,0.03181252346985275,0.43653737238836143,0.4798387096774194,outer_03,none,0.0
2045,2018-12-10,2046,2066,2018-12-11,2019-01-10,0.03799082429112133,1.0,-0.003466402668598434,0.035949457727742384,0.37382659935017853,0.4798387096774194,outer_03,none,0.0
2046,2018-12-11,2047,2067,2018-12-12,2019-01-11,0.03447117851849679,1.0,-0.0010133016806426198,0.033412520675433655,0.2983936403112787,0.4798387096774194,outer_03,none,0.0
2047,2018-12-12,2048,2068,2018-12-13,2019-01-14,0.033399979635648336,1.0,0.002057696588949831,0.02838219282859722,0.3641482598323451,0.4798387096774194,outer_03,none,0.0
2048,2018-12-13,2049,2069,2018-12-14,2019-01-15,0.040011493084901595,1.0,-0.0027257503639512848,0.023881950927181705,0.2891235116163274,0.4798387096774194,outer_03,none,0.0
2049,2018-12-14,2050,2070,2018-12-17,2019-01-16,0.04136075167840403,1.0,-0.003225809248882605,0.013663192383818412,0.1988841845653784,0.4798387096774194,outer_03,none,0.0
2050,2018-12-17,2051,2071,2018-12-18,2019-01-17,0.03781673667902652,1.0,0.006280719575503468,0.01777626627712614,0.25394427174307005,0.4798387096774194,outer_03,none,0.0
2051,2018-12-18,2052,2072,2018-12-19,2019-01-18,0.03340961079897298,1.0,0.002861530425611214,0.022543439370400264,0.24122341183526258,0.4798387096774194,outer_03,none,0.0
2052,2018-12-19,2053,2073,2018-12-20,2019-01-21,0.030317824914853908,1.0,-0.005127701968977938,0.013901714482802419,0.2329337707392928,0.4798387096774194,outer_03,none,0.0
2053,2018-12-20,2054,2074,2018-12-21,2019-01-22,0.015453045976370205,1.0,0.013353936652038101,0.0263260935861922,0.2967332806354568,0.4798387096774194,outer_03,none,0.0
2054,2018-12-21,2055,2075,2018-12-24,2019-01-23,0.020776250775186078,1.0,-0.003427343349501122,0.026532193304543483,0.5117625512626333,0.4798387096774194,outer_03,none,0.0
2055,2018-12-24,2056,2076,2018-12-26,2019-01-24,0.008140435378658495,1.0,0.010239105494168399,0.03706581828412325,0.6443254976812725,0.4798387096774194,outer_03,none,0.0
2056,2018-12-26,2057,2077,2018-12-27,2019-01-25,0.010742237120666687,1.0,-0.0011991733453369235,0.042170480114167574,0.6040243196358701,0.4798387096774194,outer_03,none,0.0
2057,2018-12-27,2058,2078,2018-12-28,2019-01-28,0.020888244816013035,1.0,0.006860010853819709,0.043618924629354794,0.5199086451191565,0.4798387096774194,outer_03,none,0.0
2058,2018-12-28,2059,2079,2018-12-31,2019-01-29,0.017963813088893055,1.0,0.003982650632739393,0.045172215638773494,0.5046442043262038,0.4798387096774194,outer_03,none,0.0
2059,2018-12-31,2060,2080,2019-01-02,2019-01-30,0.022593993516844435,1.0,-0.00028115994280852874,0.04658362230022295,0.595745563865127,0.4798387096774194,outer_03,none,0.0
2060,2019-01-02,2061,2081,2019-01-03,2019-01-31,0.025016833893944934,1.0,0.0034076365518949103,0.04275052271637225,0.49149411813050947,0.4798387096774194,outer_03,none,0.0
2061,2019-01-03,2062,2082,2019-01-04,2019-02-01,0.020875764315925416,1.0,0.007267626042590791,0.04378174532478063,0.4455120063595563,0.4798387096774194,outer_03,none,0.0
2062,2019-01-04,2063,2083,2019-01-07,2019-02-04,0.02478862509256352,1.0,-0.0073221191978749545,0.037655296005982386,0.41690086589803454,0.4798387096774194,outer_03,none,0.0
2063,2019-01-07,2064,2084,2019-01-08,2019-02-05,0.017378903475162133,1.0,0.0032565850213019942,0.04034618330488993,0.6096508012018624,0.4798387096774194,outer_03,none,0.0
2064,2019-01-08,2065,2085,2019-01-09,2019-02-06,0.023069482078248882,1.0,-0.002859631440199628,0.028919104631843773,0.3933965006412382,0.4798387096774194,outer_03,none,0.0
2065,2019-01-09,2066,2086,2019-01-10,2019-02-07,0.011098449169796964,1.0,0.006121114392504623,0.03850662169294683,0.5380031117574063,0.4798387096774194,outer_03,none,0.0
2066,2019-01-10,2067,2087,2019-01-11,2019-02-08,0.01787694284500496,1.0,-0.0052965773699744645,0.034223346003614985,0.5114998498543348,0.4798387096774194,outer_03,none,0.0
2067,2019-01-11,2068,2088,2019-01-14,2019-02-11,0.019299532583167966,1.0,0.0010025297227072016,0.033168179137372356,0.5143511557718455,0.4798387096774194,outer_03,none,0.0
2068,2019-01-14,2069,2089,2019-01-15,2019-02-12,0.011531828430485724,1.0,0.0030867573253372527,0.03898068682666089,0.5060651885122025,0.4798387096774194,outer_03,none,0.0
2069,2019-01-15,2070,2090,2019-01-16,2019-02-13,0.01656514980833279,1.0,-0.0018990119221289348,0.04030748415341456,0.5023321053054512,0.4798387096774194,outer_03,none,0.0
2070,2019-01-16,2071,2091,2019-01-17,2019-02-14,0.00981485941810778,1.0,0.003639831475171107,0.0376665960530822,0.46959897842455095,0.4798387096774194,outer_03,none,0.0
2071,2019-01-17,2072,2092,2019-01-18,2019-02-15,0.015640374872264218,1.0,-0.0014233776674039689,0.03338168796006702,0.3927801497122584,0.4798387096774194,outer_03,none,0.0
2072,2019-01-18,2073,2093,2019-01-21,2019-02-18,0.02679504432553692,1.0,-0.008239583957845298,0.03026980597119966,0.35951093022325353,0.4798387096774194,outer_03,none,0.0
2073,2019-01-21,2074,2094,2019-01-22,2019-02-19,0.03537088376873232,1.0,-0.0008980131088689447,0.016017856210292614,0.3806375711470779,0.4798387096774194,outer_03,none,0.0
2074,2019-01-22,2075,2095,2019-01-23,2019-02-20,0.04192155322080282,1.0,0.0038518566142800026,0.023297056174073738,0.5218857601508554,0.4798387096774194,outer_03,none,0.0
2075,2019-01-23,2076,2096,2019-01-24,2019-02-21,0.04291587341733205,1.0,-0.0019864538216047833,0.011071496858300556,0.33988211157484244,0.4798387096774194,outer_03,none,0.0
2076,2019-01-24,2077,2097,2019-01-25,2019-02-22,0.03370574964965023,1.0,-0.0013030741123722933,0.010967596091265186,0.3150987493097646,0.4798387096774194,outer_03,none,0.0
2077,2019-01-25,2078,2098,2019-01-28,2019-02-25,0.019165979449140558,1.0,0.017062274778053776,0.021169860015499253,0.15183101950952926,0.4798387096774194,outer_03,none,0.0
2078,2019-01-28,2079,2099,2019-01-29,2019-02-26,0.01832514003221064,1.0,0.00032233308030438224,0.017509542463064243,0.28525314580052824,0.4798387096774194,outer_03,none,0.0
2079,2019-01-29,2080,2100,2019-01-30,2019-02-27,0.013270207687008373,1.0,0.006463058900685326,0.024253761306558097,0.2631920387178799,0.4798387096774194,outer_03,none,0.0
2080,2019-01-30,2081,2101,2019-01-31,2019-02-28,-0.0002348226910111606,0.0,0.006027571693401512,0.0268736964480647,0.32398503170297643,0.4798387096774194,outer_03,none,0.0
2081,2019-01-31,2082,2102,2019-02-01,2019-03-01,-0.005161105911958508,0.0,0.001105792647821069,0.020711863053294977,0.31450877782492337,0.4798387096774194,outer_03,none,0.0
2082,2019-02-01,2083,2103,2019-02-04,2019-03-04,-0.01725487375675705,0.0,-0.002531493416367603,0.025502488834802328,0.3385112619633687,0.4798387096774194,outer_03,none,0.0
2083,2019-02-04,2084,2104,2019-02-05,2019-03-05,-0.019149062785854376,0.0,-0.0043731792688168625,0.01787272454468347,0.29676059406107697,0.4798387096774194,outer_03,none,0.0
2084,2019-02-05,2085,2105,2019-02-06,2019-03-06,-0.021039814021400538,0.0,0.0022155991749777115,0.02294795515986081,0.4139540182243801,0.4798387096774194,outer_03,none,0.0
2085,2019-02-06,2086,2106,2019-02-07,2019-03-07,-0.016107182261777098,0.0,-0.006516122552449488,0.0103107182149067,0.3689539700019333,0.4798387096774194,outer_03,none,0.0
2086,2019-02-07,2087,2107,2019-02-08,2019-03-08,-0.01961149468834389,0.0,0.0027672896709294292,0.018374585255810594,0.5122208605227209,0.4798387096774194,outer_03,none,0.0
2087,2019-02-08,2088,2108,2019-02-11,2019-03-11,-0.012482968541039696,0.0,0.0030488990423380713,0.020420954575441463,0.4413141334281928,0.4798387096774194,outer_03,none,0.0
2088,2019-02-11,2089,2109,2019-02-12,2019-03-12,-0.011036748279275699,0.0,-0.004462164876008146,0.012872032374096065,0.4214687361891519,0.4798387096774194,outer_03,none,0.0
2089,2019-02-12,2090,2110,2019-02-13,2019-03-13,-0.007817714191670433,0.0,0.001886454369967261,0.01665749866619226,0.41969644409471224,0.4798387096774194,outer_03,none,0.0
2090,2019-02-13,2091,2111,2019-02-14,2019-03-14,0.002545629659446824,1.0,-0.0035850140634190453,0.009432653127602109,0.33540707212905513,0.4798387096774194,outer_03,none,0.0
2091,2019-02-14,2092,2112,2019-02-15,2019-03-15,-0.012665481532255995,0.0,0.004835595670523496,0.015691626465529573,0.27449880251349695,0.4798387096774194,outer_03,none,0.0
2092,2019-02-15,2093,2113,2019-02-18,2019-03-18,-0.011543875331011755,0.0,0.006873088074902611,0.030804298498277483,0.4227236501911585,0.4798387096774194,outer_03,none,0.0
2093,2019-02-18,2094,2114,2019-02-19,2019-03-19,-0.017402457748061373,0.0,0.003626312844731139,0.035328624451877566,0.4317541168035791,0.4798387096774194,outer_03,none,0.0
2094,2019-02-19,2095,2115,2019-02-20,2019-03-20,-0.025151144012053095,0.0,0.011322771518266883,0.04279953935586445,0.32228350027884156,0.4798387096774194,outer_03,none,0.0
2095,2019-02-20,2096,2116,2019-02-21,2019-03-21,-0.018755402439392554,0.0,-0.0022094837604367257,0.042576509417032504,0.27125108957993405,0.4798387096774194,outer_03,none,0.0
2096,2019-02-21,2097,2117,2019-02-22,2019-03-22,-0.011445535199499979,0.0,-0.011196810569712667,0.03268277295969213,0.43360458218762865,0.4798387096774194,outer_03,none,0.0
2097,2019-02-22,2098,2118,2019-02-25,2019-03-25,-0.0115773778984547,0.0,0.0032140540558156516,0.018834552237454005,0.6533013778147213,0.4798387096774194,outer_03,none,0.0
2098,2019-02-25,2099,2119,2019-02-26,2019-03-26,-0.0040239983935697055,0.0,-0.00024107277501084212,0.01827114638213878,0.5893083133129277,0.4798387096774194,outer_03,none,0.0
2099,2019-02-26,2100,2120,2019-02-27,2019-03-27,-0.009427078534774758,0.0,0.0010918963557484673,0.012899983837201923,0.4936724335189972,0.4798387096774194,outer_03,none,0.0
2100,2019-02-27,2101,2121,2019-02-28,2019-03-28,-0.008123879920620247,0.0,-0.006849678068072684,2.2734075727726122e-05,0.3415980929622336,0.4798387096774194,outer_03,none,0.0
2101,2019-02-28,2102,2122,2019-03-01,2019-03-29,-0.017749719403679087,0.0,-0.004968293730954976,-0.0060513523030483185,0.5532110331232192,0.4798387096774194,outer_03,none,0.0
2102,2019-03-01,2103,2123,2019-03-04,2019-04-01,-0.002249528431894632,0.0,-0.01508564960313219,-0.018605508489812905,0.6634948091078665,0.4798387096774194,outer_03,none,0.0
2103,2019-03-04,2104,2124,2019-03-05,2019-04-02,0.00036515774054546313,1.0,-0.00539561288534518,-0.019627942106341223,0.7636147237844124,0.4798387096774194,outer_03,none,0.0
2104,2019-03-05,2105,2125,2019-03-06,2019-04-03,0.0038458305459121434,1.0,0.0007148851825915514,-0.021128656098727383,0.6430954065934374,0.4798387096774194,outer_03,none,0.0
2105,2019-03-06,2106,2126,2019-03-07,2019-04-04,0.003003599589794348,1.0,-0.0009558855685813938,-0.015568419114859289,0.5203522540340686,0.4798387096774194,outer_03,none,0.0
2106,2019-03-07,2107,2127,2019-03-08,2019-04-05,0.006378889109197594,1.0,-0.0006377650440949623,-0.01897347382988368,0.40837899686732726,0.4798387096774194,outer_03,none,0.0
2107,2019-03-08,2108,2128,2019-03-11,2019-04-08,-0.0036152714906583228,0.0,0.009986303554437193,-0.012036069317784559,0.4090639202041835,0.4798387096774194,outer_03,none,0.0
2108,2019-03-11,2109,2129,2019-03-12,2019-04-09,0.0036590772717461917,1.0,-0.0038279035743844503,-0.011401808016160864,0.5711170548285535,0.4798387096774194,outer_03,none,0.0
2109,2019-03-12,2110,2130,2019-03-13,2019-04-10,0.0026484794410190915,1.0,0.006074594114631182,-0.0072136682714969425,0.36545692276965996,0.4798387096774194,outer_03,none,0.0
2110,2019-03-13,2111,2131,2019-03-14,2019-04-11,-0.001329340415178848,0.0,0.006091389393401592,0.0024627351853236945,0.35216666002573604,0.4798387096774194,outer_03,none,0.0
2111,2019-03-14,2112,2132,2019-03-15,2019-04-12,-0.002835610029792157,0.0,-0.00999555378389072,-0.012368414269090522,0.38612763222523666,0.4798387096774194,outer_03,none,0.0
2112,2019-03-15,2113,2133,2019-03-18,2019-04-15,-0.008498350715845149,0.0,0.0044957735461848,-0.014745728797808333,0.4989595076201943,0.4798387096774194,outer_03,none,0.0
2113,2019-03-18,2114,2134,2019-03-19,2019-04-16,-0.011987006607978579,0.0,0.001143809162330811,-0.01722823248020866,0.4253620507122081,0.4798387096774194,outer_03,none,0.0
2114,2019-03-19,2115,2135,2019-03-20,2019-04-17,-0.023157014407254373,0.0,0.0022990101396738183,-0.026251993858801725,0.4390110897325112,0.4798387096774194,outer_03,none,0.0
2115,2019-03-20,2116,2136,2019-03-21,2019-04-18,-0.030824450837545037,0.0,0.004528886022533207,-0.019513624075831792,0.46796911536157754,0.4798387096774194,outer_03,none,0.0
2116,2019-03-21,2117,2137,2019-03-22,2019-04-22,-0.025867346547367553,0.0,-0.0023344354938137357,-0.01065124899993286,0.3810523332145802,0.4798387096774194,outer_03,none,0.0
2117,2019-03-22,2118,2138,2019-03-25,2019-04-23,-0.028555259289189117,0.0,0.002890539126246594,-0.010974763929501918,0.37694157144054186,0.4798387096774194,outer_03,none,0.0
2118,2019-03-25,2119,2139,2019-03-26,2019-04-24,-0.03836200895131725,0.0,0.0067853987742250155,-0.003948292380266061,0.3252718980420774,0.4798387096774194,outer_03,none,0.0
2119,2019-03-26,2120,2140,2019-03-27,2019-04-25,-0.03158993937793131,0.0,-0.005240597331623853,-0.010280786067638381,0.35169986743174875,0.4798387096774194,outer_03,none,0.0
2120,2019-03-27,2121,2141,2019-03-28,2019-04-26,-0.024728319057627957,0.0,-0.004168053795278404,-0.0075991617948441,0.31656240973212746,0.4798387096774194,outer_03,none,0.0
2121,2019-03-28,2122,2142,2019-03-29,2019-04-29,-0.003965933912395414,0.0,-0.015203216468882452,-0.017834084532771577,0.3297499102338837,0.4798387096774194,outer_03,none,0.0
2122,2019-03-29,2123,2143,2019-04-01,2019-04-30,-0.00951773473315587,0.0,0.0017737986006602924,-0.0009746363289790949,0.5050560791678671,0.4798387096774194,outer_03,none,0.0
2123,2019-04-01,2124,2144,2019-04-02,2019-05-01,-0.0032834363942155775,0.0,-0.0037682350188301683,0.0006527415375359169,0.4751692120348813,0.4798387096774194,outer_03,none,0.0
2124,2019-04-02,2125,2145,2019-04-03,2019-05-02,-0.011777892303836524,0.0,0.003907526951730134,0.003845383306674499,0.41298053335661933,0.4798387096774194,outer_03,none,0.0
2125,2019-04-03,2126,2146,2019-04-04,2019-05-03,-0.015518232775701968,0.0,-0.002075910892667565,0.002725357982588328,0.362545915189625,0.4798387096774194,outer_03,none,0.0
2126,2019-04-04,2127,2147,2019-04-05,2019-05-06,-0.0079059162223869,0.0,0.0021068620208390954,0.0054699850475223855,0.46146521543748126,0.4798387096774194,outer_03,none,0.0
2127,2019-04-05,2128,2148,2019-04-08,2019-05-07,-0.00842437467229118,0.0,-0.0006888891741434477,-0.005205207681058255,0.4197474357309186,0.4798387096774194,outer_03,none,0.0
2128,2019-04-08,2129,2149,2019-04-09,2019-05-08,-0.010745003037998302,0.0,0.004635038309902306,0.0032577342032285017,0.4672720623788027,0.4798387096774194,outer_03,none,0.0
2129,2019-04-09,2130,2150,2019-04-10,2019-05-09,-0.017891944996133446,0.0,0.004928144548177471,0.0021112846367747906,0.3138954859434185,0.4798387096774194,outer_03,none,0.0
2130,2019-04-10,2131,2151,2019-04-11,2019-05-10,-0.018222438434056798,0.0,0.003093606975952845,-0.000886497780673956,0.27178110873284217,0.4798387096774194,outer_03,none,0.0
2131,2019-04-11,2132,2152,2019-04-12,2019-05-13,-0.004101496319758091,0.0,-0.012060756918467419,-0.0029517009152506546,0.24169277881338838,0.4798387096774194,outer_03,none,0.0
2132,2019-04-12,2133,2153,2019-04-15,2019-05-14,0.007230499783572597,1.0,-0.0013938795467067777,-0.008841354008142233,0.4227513481895207,0.4798387096774194,outer_03,none,0.0
2133,2019-04-15,2134,2154,2019-04-16,2019-05-15,0.007133878896468104,1.0,-0.0022420229482120746,-0.012227186118685118,0.42716758973953617,0.4798387096774194,outer_03,none,0.0
2134,2019-04-16,2135,2155,2019-04-17,2019-05-16,0.015335470775826643,1.0,-0.008485929890026611,-0.023012126148385548,0.38333625089967055,0.4798387096774194,outer_03,none,0.0
2135,2019-04-17,2136,2156,2019-04-18,2019-05-17,0.009590826405887931,1.0,-0.0022976347616978643,-0.02983864693261662,0.3002434491826311,0.4798387096774194,outer_03,none,0.0
2136,2019-04-18,2137,2157,2019-04-22,2019-05-20,0.002012522165087738,1.0,0.0013415817768320792,-0.026162629661970804,0.25627454438957475,0.4798387096774194,outer_03,none,0.0
2137,2019-04-22,2138,2158,2019-04-23,2019-05-21,0.0017941159392389494,1.0,-0.0006038813282245314,-0.02965705011644193,0.29045150755927995,0.4798387096774194,outer_03,none,0.0
2138,2019-04-23,2139,2159,2019-04-24,2019-05-22,0.0018534230794964301,1.0,-0.002041778626710844,-0.03848422751737779,0.35284937090179996,0.4798387096774194,outer_03,none,0.0
2139,2019-04-24,2140,2160,2019-04-25,2019-05-23,-0.0015533922770920583,0.0,0.0026691804197014335,-0.030574449766052503,0.2744498958447161,0.4798387096774194,outer_03,none,0.0
2140,2019-04-25,2141,2161,2019-04-26,2019-05-24,0.004810968268999183,1.0,0.001316263881533608,-0.02509013208924049,0.25108623616617287,0.4798387096774194,outer_03,none,0.0
2141,2019-04-26,2142,2162,2019-04-29,2019-05-27,-0.0005522863628417696,0.0,0.006843222329474763,-0.003043693290883276,0.18118041875246285,0.4798387096774194,outer_03,none,0.0
2142,2019-04-29,2143,2163,2019-04-30,2019-05-28,0.004124585300080419,1.0,-0.005036183776523373,-0.009853675668066941,0.2453777578751332,0.4798387096774194,outer_03,none,0.0
2143,2019-04-30,2144,2164,2019-05-01,2019-05-29,-0.0029190036804243036,0.0,0.0029655317935102232,-0.0031199088557265497,0.19642475708187318,0.4798387096774194,outer_03,none,0.0
2144,2019-05-01,2145,2165,2019-05-02,2019-05-30,0.002299516863511819,1.0,-0.0053208030928200145,-0.012348238900276698,0.2072469579974028,0.4798387096774194,outer_03,none,0.0
2145,2019-05-02,2146,2166,2019-05-03,2019-05-31,0.013889492129915304,1.0,-0.004711507914650248,-0.014983835922259381,0.2823404649068762,0.4798387096774194,outer_03,none,0.0
2146,2019-05-03,2147,2167,2019-05-06,2019-06-03,0.018562609349319636,1.0,0.00666028467649582,-0.010430413266602656,0.23092497513613292,0.4798387096774194,outer_03,none,0.0
2147,2019-05-06,2148,2168,2019-05-07,2019-06-04,0.033430836144266785,1.0,0.0009612492290154151,-0.008780274863443793,0.25890317547925157,0.4798387096774194,outer_03,none,0.0
2148,2019-05-07,2149,2169,2019-05-08,2019-06-05,0.031683465758058915,1.0,0.0031819343043419934,-0.010233378869004106,0.19947781332439443,0.4798387096774194,outer_03,none,0.0
2149,2019-05-08,2150,2170,2019-05-09,2019-06-06,0.03898863757546245,1.0,-0.0029554328525920326,-0.01811695626977361,0.24803472712157099,0.4798387096774194,outer_03,none,0.0
2150,2019-05-09,2151,2171,2019-05-10,2019-06-07,0.03929018184359112,1.0,0.0022699891567627972,-0.018940574088963658,0.2416515848574324,0.4798387096774194,outer_03,none,0.0
2151,2019-05-10,2152,2172,2019-05-13,2019-06-10,0.03623167352478518,1.0,0.001759398833022452,-0.005120418337473787,0.15061817431027602,0.4798387096774194,outer_03,none,0.0
2152,2019-05-13,2153,2173,2019-05-14,2019-06-11,0.020901223092193888,1.0,0.010930507789908894,0.007203968999141885,0.09288342886296015,0.4798387096774194,outer_03,none,0.0
2153,2019-05-14,2154,2174,2019-05-15,2019-06-12,0.022738039956133882,1.0,-0.0023338671509121056,0.007112124796441854,0.20901095918748486,0.4798387096774194,outer_03,none,0.0
2154,2019-05-15,2155,2175,2019-05-16,2019-06-13,0.028297282559561765,1.0,-0.00031622260792385504,0.01528183207854461,0.2607695642015938,0.4798387096774194,outer_03,none,0.0
2155,2019-05-16,2156,2176,2019-05-17,2019-06-14,0.04240576619672698,1.0,-0.0077749688898789415,0.009804497950363533,0.2319455942720139,0.4798387096774194,outer_03,none,0.0
2156,2019-05-17,2157,2177,2019-05-20,2019-06-17,0.04845893772879606,1.0,-0.006888266912621788,0.0015746492609096663,0.35517595652721445,0.4798387096774194,outer_03,none,0.0
2157,2019-05-20,2158,2178,2019-05-21,2019-06-18,0.04776311050342663,1.0,0.00011741177497093247,0.00229594236410513,0.33805418425345746,0.4798387096774194,outer_03,none,0.0
2158,2019-05-21,2159,2179,2019-05-22,2019-06-19,0.054687292866714365,1.0,-0.0023037873780111795,0.0020339336128047947,0.3210968739244289,0.4798387096774194,outer_03,none,0.0
2159,2019-05-22,2160,2180,2019-05-23,2019-06-20,0.06521597526056944,1.0,-0.0010046702308894595,-0.0016399170377860983,0.2648572874240585,0.4798387096774194,outer_03,none,0.0
2160,2019-05-23,2161,2181,2019-05-24,2019-06-21,0.07784856186630584,1.0,0.007939125850191076,0.004982944930871369,0.27340659363611297,0.4798387096774194,outer_03,none,0.0
2161,2019-05-24,2162,2182,2019-05-27,2019-06-24,0.08545724604743477,1.0,0.0009655967982258318,-0.000894680600377562,0.28773160901371864,0.4798387096774194,outer_03,none,0.0
2162,2019-05-27,2163,2183,2019-05-28,2019-06-25,0.09833307985036921,1.0,0.00011674287395280203,0.004258246050098613,0.42375927816916537,0.4798387096774194,outer_03,none,0.0
2163,2019-05-28,2164,2184,2019-05-29,2019-06-26,0.10405513608142059,1.0,-0.004328589050413001,-0.003035874793824611,0.31053482031064583,0.4798387096774194,outer_03,none,0.0
2164,2019-05-29,2165,2185,2019-05-30,2019-06-27,0.0952675652599746,1.0,0.0006250976918655837,0.002910025990860987,0.22395604383725076,0.4798387096774194,outer_03,none,0.0
2165,2019-05-30,2166,2186,2019-05-31,2019-06-28,0.08935153566610499,1.0,0.006392584283752001,0.014014118189263236,0.3259404360285457,0.4798387096774194,outer_03,none,0.0
2166,2019-05-31,2167,2187,2019-06-03,2019-07-01,0.06308377489790296,1.0,0.012893752661947033,0.02024758617471445,0.3447259222016958,0.4798387096774194,outer_03,none,0.0
2167,2019-06-03,2168,2188,2019-06-04,2019-07-02,0.04360506653056717,1.0,0.014717276906766052,0.03400361385246509,0.5919177192969568,0.4798387096774194,outer_03,none,0.0
2168,2019-06-04,2169,2189,2019-06-05,2019-07-03,0.07088557879852786,1.0,0.0008377137697594961,0.03165939331788259,0.7033709493123023,0.4798387096774194,outer_03,none,0.0
2169,2019-06-05,2170,2190,2019-06-06,2019-07-04,0.06394626670052528,1.0,0.003388965769149266,0.03800379193962389,0.7018244477365475,0.4798387096774194,outer_03,none,0.0
2170,2019-06-06,2171,2191,2019-06-07,2019-07-05,0.05850615906456014,1.0,0.004074120003149773,0.03980792278601086,0.6970639117614655,0.4798387096774194,outer_03,none,0.0
2171,2019-06-07,2172,2192,2019-06-10,2019-07-08,0.047175418141018,1.0,0.003527973282850816,0.04157649723583923,0.6853319594698516,0.4798387096774194,outer_03,none,0.0
2172,2019-06-10,2173,2193,2019-06-11,2019-07-09,0.04895293759957475,1.0,-0.009295140535138913,0.02135084891079142,0.5308729855367031,0.4798387096774194,outer_03,none,0.0
2173,2019-06-11,2174,2194,2019-06-12,2019-07-10,0.050558966486960344,1.0,-0.0008965941327474525,0.022788121928956073,0.623043625623908,0.4798387096774194,outer_03,none,0.0
2174,2019-06-12,2175,2195,2019-06-13,2019-07-11,0.06207468503146085,1.0,0.004947601713246819,0.028051946250126747,0.6296558601158722,0.4798387096774194,outer_03,none,0.0
2175,2019-06-13,2176,2196,2019-06-14,2019-07-12,0.04532627694491875,1.0,0.006414879345889801,0.04224179448589549,0.5745616362444633,0.4798387096774194,outer_03,none,0.0
2176,2019-06-14,2177,2197,2019-06-17,2019-07-15,0.05422097449665042,1.0,-0.0007380816921775946,0.04839197970633968,0.5704556053518706,0.4798387096774194,outer_03,none,0.0
2177,2019-06-17,2178,2198,2019-06-18,2019-07-16,0.05403422878077713,1.0,-0.0009998881555359773,0.04727467977583277,0.49457328957516267,0.4798387096774194,outer_03,none,0.0
2178,2019-06-18,2179,2199,2019-06-19,2019-07-17,0.04384889145164994,1.0,0.005234580956978263,0.054813048110822216,0.52552096514566,0.4798387096774194,outer_03,none,0.0
2179,2019-06-19,2180,2200,2019-06-20,2019-07-18,0.0479887606367031,1.0,0.009703898921166854,0.06552161726287853,0.6059849993091949,0.4798387096774194,outer_03,none,0.0
2180,2019-06-20,2181,2201,2019-06-21,2019-07-19,0.04284157697009139,1.0,0.020896032855738156,0.07847852426842561,0.6833918286894454,0.4798387096774194,outer_03,none,0.0
2181,2019-06-21,2182,2202,2019-06-24,2019-07-22,0.018802454631531518,1.0,0.0074129430284086695,0.08492587049860845,0.8992302577258212,0.4798387096774194,outer_03,none,0.0
2182,2019-06-24,2183,2203,2019-06-25,2019-07-23,0.004720856128027862,1.0,0.014500979844309647,0.09931010746896529,0.9074136212224886,0.4798387096774194,outer_03,none,0.0
2183,2019-06-25,2184,2204,2019-06-26,2019-07-24,-0.0017625001037533394,0.0,0.002870916372187615,0.10650961289156591,0.924731635312676,0.4798387096774194,outer_03,none,0.0
2184,2019-06-26,2185,2205,2019-06-27,2019-07-25,0.012212577400512181,1.0,-0.010254834098677001,0.09562968110102332,0.8649776190581261,0.4798387096774194,outer_03,none,0.0
2185,2019-06-27,2186,2206,2019-06-28,2019-07-26,0.004349157212759636,1.0,0.0003052058921326761,0.089542302709404,0.8956622344541554,0.4798387096774194,outer_03,none,0.0
2186,2019-06-28,2187,2207,2019-07-01,2019-07-29,0.020680436353672782,1.0,0.0005746698467135047,0.07722321989417047,0.8533664524252773,0.4798387096774194,outer_03,none,0.0
2187,2019-07-01,2188,2208,2019-07-02,2019-07-30,0.02974945959683417,1.0,-0.018728667524925413,0.043777275462479004,0.7415635404620166,0.4798387096774194,outer_03,none,0.0
2188,2019-07-02,2189,2209,2019-07-03,2019-07-31,0.005593812340232596,1.0,0.024450223069226062,0.06738978476194557,0.7833341095306817,0.4798387096774194,outer_03,none,0.0
2189,2019-07-03,2190,2210,2019-07-04,2019-08-01,-0.0030254008457113457,0.0,0.0002890978404783695,0.06428991683327467,0.901885539612043,0.4798387096774194,outer_03,none,0.0
2190,2019-07-04,2191,2211,2019-07-05,2019-08-02,0.020406161650877053,1.0,-0.002202068857513062,0.05801372797261184,0.8520855188933701,0.4798387096774194,outer_03,none,0.0
2191,2019-07-05,2192,2212,2019-07-08,2019-08-05,0.029022456921151907,1.0,-0.012227437671032959,0.042258317018728064,0.875091029048742,0.4798387096774194,outer_03,none,0.0
2192,2019-07-08,2193,2213,2019-07-09,2019-08-06,0.05093580339676507,1.0,-0.0020119074435918094,0.04954155011027517,0.8958133769421032,0.4798387096774194,outer_03,none,0.0
2193,2019-07-09,2194,2214,2019-07-10,2019-08-07,0.05499145177852771,1.0,0.0015969696783022513,0.05203511392132487,0.8282904641918181,0.4798387096774194,outer_03,none,0.0
2194,2019-07-10,2195,2215,2019-07-11,2019-08-08,0.054689748122713766,1.0,0.01446366383032327,0.06155117603840132,0.7816943689076575,0.4798387096774194,outer_03,none,0.0
2195,2019-07-11,2196,2216,2019-07-12,2019-08-09,0.06999438000081604,1.0,-0.010022766069085698,0.045113530623425824,0.8420351309087873,0.4798387096774194,outer_03,none,0.0
2196,2019-07-12,2197,2217,2019-07-15,2019-08-12,0.05462514195674917,1.0,0.007876403117079711,0.05372801543268313,0.8926689518985258,0.4798387096774194,outer_03,none,0.0
2197,2019-07-15,2198,2218,2019-07-16,2019-08-13,0.06571364910273036,1.0,-0.0007990016440464487,0.05392890194417266,0.8117472052578792,0.4798387096774194,outer_03,none,0.0
2198,2019-07-16,2199,2219,2019-07-17,2019-08-14,0.06545439617533155,1.0,-0.005589618457591428,0.04310470252960297,0.7470149623358431,0.4798387096774194,outer_03,none,0.0
2199,2019-07-17,2200,2220,2019-07-18,2019-08-15,0.06269859421556401,1.0,0.014399813793548155,0.04780061740198427,0.6241748405461433,0.4798387096774194,outer_03,none,0.0
2200,2019-07-18,2201,2221,2019-07-19,2019-08-16,0.04965363111001242,1.0,0.01353847118537832,0.04044305573162443,0.7270266251028472,0.4798387096774194,outer_03,none,0.0
2201,2019-07-19,2202,2222,2019-07-22,2019-08-19,0.05655026631991866,1.0,-0.01441530426098403,0.018614808442231734,0.8474040232936595,0.4798387096774194,outer_03,none,0.0
2202,2019-07-22,2203,2223,2019-07-23,2019-08-20,0.049187492749852346,1.0,-0.0002035351964995158,0.003910293401422571,0.8478998099600683,0.4798387096774194,outer_03,none,0.0
2203,2019-07-23,2204,2224,2019-07-24,2019-08-21,0.061126317487746995,1.0,-0.0049749070860212186,-0.003935530056786263,0.8418691299868576,0.4798387096774194,outer_03,none,0.0
2204,2019-07-24,2205,2225,2019-07-25,2019-08-22,0.05236411935110308,1.0,0.005283702855165551,0.01160300689705629,0.8551124817810802,0.4798387096774194,outer_03,none,0.0
2205,2019-07-25,2206,2226,2019-07-26,2019-08-23,0.05747485028146215,1.0,-0.00774864578158585,0.0035491552233377632,0.7488398119082776,0.4798387096774194,outer_03,none,0.0
2206,2019-07-26,2207,2227,2019-07-29,2019-08-26,0.08431785888907317,1.0,0.002965664045802896,0.0059401494224271545,0.7087284711308243,0.4798387096774194,outer_03,none,0.0
2207,2019-07-29,2208,2228,2019-07-30,2019-08-27,0.06879786464355764,1.0,0.005841988122166519,0.030510805069519087,0.787994721527974,0.4798387096774194,outer_03,none,0.0
2208,2019-07-30,2209,2229,2019-07-31,2019-08-28,0.07433263258043343,1.0,0.0027929166315816545,0.008853498631874679,0.7878530375984876,0.4798387096774194,outer_03,none,0.0
2209,2019-07-31,2210,2230,2019-08-01,2019-08-29,0.0834157927669672,1.0,-0.012930911417403657,-0.004366510626007347,0.8576238277881869,0.4798387096774194,outer_03,none,0.0
2210,2019-08-01,2211,2231,2019-08-02,2019-08-30,0.055134509076219196,1.0,0.022863178774892745,0.02069873700639846,0.687486772793815,0.4798387096774194,outer_03,none,0.0
2211,2019-08-02,2212,2232,2019-08-05,2019-09-02,0.0600244808939987,1.0,-0.0031678829768688743,0.029758291700562545,0.8991449769752581,0.4798387096774194,outer_03,none,0.0
2212,2019-08-05,2213,2233,2019-08-06,2019-09-03,0.03963811365039582,1.0,0.01611582929416766,0.047886028438322015,0.9089618607725682,0.4798387096774194,outer_03,none,0.0
2213,2019-08-06,2214,2234,2019-08-07,2019-09-04,0.047640508115632585,1.0,0.007181811609969557,0.05347087036998932,0.8412011021521114,0.4798387096774194,outer_03,none,0.0
2214,2019-08-07,2215,2235,2019-08-08,2019-09-05,0.0344920563074913,1.0,0.0181351423854883,0.05714234892515435,0.828618830517221,0.4798387096774194,outer_03,none,0.0
2215,2019-08-08,2216,2236,2019-08-09,2019-09-06,0.008007210221582461,1.0,-0.00024649165883783297,0.06691862333540222,0.840710028149444,0.4798387096774194,outer_03,none,0.0
2216,2019-08-09,2217,2237,2019-08-12,2019-09-09,0.004974073117990585,1.0,-0.0025751373515312537,0.05646708286679125,0.8861581147830945,0.4798387096774194,outer_03,none,0.0
2217,2019-08-12,2218,2238,2019-08-13,2019-09-10,-0.00810286170761021,0.0,0.009771610021575228,0.06703769453241293,0.9179698451673983,0.4798387096774194,outer_03,none,0.0
2218,2019-08-13,2219,2239,2019-08-14,2019-09-11,-0.010268171479152599,0.0,-0.006883372072262084,0.06574394091774227,0.9331734649397897,0.4798387096774194,outer_03,none,0.0
2219,2019-08-14,2220,2240,2019-08-15,2019-09-12,-0.014492863104273113,0.0,0.009829310330149,0.061173437454343116,0.8996034339802578,0.4798387096774194,outer_03,none,0.0
2220,2019-08-15,2221,2241,2019-08-16,2019-09-13,-0.01604951869629634,0.0,0.004763793717515341,0.05239875998648014,0.8561262368816204,0.4798387096774194,outer_03,none,0.0
2221,2019-08-16,2222,2242,2019-08-19,2019-09-16,-0.005793766663702016,0.0,-0.007458394262178203,0.059355669985285964,0.8303273437661073,0.4798387096774194,outer_03,none,0.0
2222,2019-08-19,2223,2243,2019-08-20,2019-09-17,0.001302157424491135,1.0,-0.010844917769150086,0.04871428741263539,0.7966633693899134,0.4798387096774194,outer_03,none,0.0
2223,2019-08-20,2224,2244,2019-08-21,2019-09-18,-0.0033577270832774175,0.0,0.007705280950884408,0.06139447544954102,0.8216074192277698,0.4798387096774194,outer_03,none,0.0
2224,2019-08-21,2225,2245,2019-08-22,2019-09-19,-0.005990501260438208,0.0,-0.0033558527940398264,0.05275491980033564,0.823881446960021,0.4798387096774194,outer_03,none,0.0
2225,2019-08-22,2226,2246,2019-08-23,2019-09-20,0.00043366147730861115,1.0,-0.002766235054065369,0.05773733052785612,0.7968793362095633,0.4798387096774194,outer_03,none,0.0
2226,2019-08-23,2227,2247,2019-08-26,2019-09-23,-0.02165290244160989,0.0,0.018576057972661708,0.07334772445471494,0.7793596441557318,0.4798387096774194,outer_03,none,0.0
2227,2019-08-26,2228,2248,2019-08-27,2019-09-24,-0.002740661834282676,0.0,0.0007401027967244289,0.06824583912927285,0.8745789384173271,0.4798387096774194,outer_03,none,0.0
2228,2019-08-27,2229,2249,2019-08-28,2019-09-25,-0.004989845272389104,0.0,0.009934902774881849,0.07538782527257304,0.8771759874586974,0.4798387096774194,outer_03,none,0.0
2229,2019-08-28,2230,2250,2019-08-29,2019-09-26,-0.023243714082312295,0.0,-0.0010507064047926562,0.08726803028518404,0.7612814874515961,0.4798387096774194,outer_03,none,0.0
2230,2019-08-29,2231,2251,2019-08-30,2019-09-27,-0.015557071511105747,0.0,-0.009218157247385506,0.05518669426290579,0.8159127844196359,0.4798387096774194,outer_03,none,0.0
2231,2019-08-30,2232,2252,2019-09-02,2019-09-30,-0.021906985204731555,0.0,-0.00414777684782397,0.054206800391950694,0.802910764637698,0.4798387096774194,outer_03,none,0.0
2232,2019-09-02,2233,2253,2019-09-03,2019-10-01,-0.03599247111578219,0.0,0.0055156542008711895,0.04360662529865422,0.6898905569756673,0.4798387096774194,outer_03,none,0.0
2233,2019-09-03,2234,2254,2019-09-04,2019-10-02,-0.04393108410211255,0.0,0.012828103624738851,0.04925291731342352,0.6462227792407125,0.4798387096774194,outer_03,none,0.0
2234,2019-09-04,2235,2255,2019-09-05,2019-10-03,-0.034411997597727506,0.0,0.002515075649451859,0.033632850577387075,0.5460059576805544,0.4798387096774194,outer_03,none,0.0
2235,2019-09-05,2236,2256,2019-09-06,2019-10-04,-0.00820638828078657,0.0,-0.02195114006117649,0.011928202175048419,0.7545023185844547,0.4798387096774194,outer_03,none,0.0
2236,2019-09-06,2237,2257,2019-09-09,2019-10-07,0.0033332921528481663,1.0,-0.008270383341736576,0.006232956184843097,0.9066631145706587,0.4798387096774194,outer_03,none,0.0
2237,2019-09-09,2238,2258,2019-09-10,2019-10-08,-0.0033091694106825997,0.0,-0.005037961667122559,-0.00857661550385469,0.891630453400918,0.4798387096774194,outer_03,none,0.0
2238,2019-09-10,2239,2259,2019-09-11,2019-10-09,0.013479535676744092,1.0,-0.008738303530501312,-0.010431546962093918,0.8487919019088388,0.4798387096774194,outer_03,none,0.0
2239,2019-09-11,2240,2260,2019-09-12,2019-10-10,0.00596849668833066,1.0,0.007209256349612225,-0.013051600942630692,0.7855138873245967,0.4798387096774194,outer_03,none,0.0
2240,2019-09-12,2241,2261,2019-09-13,2019-10-11,-0.002112243773482625,0.0,0.00163579283944415,-0.016179601820701883,0.8443563242765548,0.4798387096774194,outer_03,none,0.0
2241,2019-09-13,2242,2262,2019-09-16,2019-10-14,-0.009561057588384436,0.0,-0.006975713805143613,-0.015696921363667293,0.8214009044547987,0.4798387096774194,outer_03,none,0.0
2242,2019-09-16,2243,2263,2019-09-17,2019-10-15,-0.004092474098856158,0.0,0.006595380374922577,0.0017433767804053701,0.8691683809769652,0.4798387096774194,outer_03,none,0.0
2243,2019-09-17,2244,2264,2019-09-18,2019-10-16,-0.013666325032239968,0.0,0.0019468489874299166,-0.004015055183049121,0.8987493599298311,0.4798387096774194,outer_03,none,0.0
2244,2019-09-18,2245,2265,2019-09-19,2019-10-17,-0.0019444301572271172,0.0,-0.005396465329593703,-0.006055667718602997,0.853029810384357,0.4798387096774194,outer_03,none,0.0
2245,2019-09-19,2246,2266,2019-09-20,2019-10-18,-0.004820865389667972,0.0,0.003496331748579884,0.00020689908404225577,0.7422752898887561,0.4798387096774194,outer_03,none,0.0
2246,2019-09-20,2247,2267,2019-09-23,2019-10-21,-0.013966967830626231,0.0,0.011808784071905443,-0.00656037481671401,0.6328677648539502,0.4798387096774194,outer_03,none,0.0
2247,2019-09-23,2248,2268,2019-09-24,2019-10-22,-0.025642942218678577,0.0,0.0038507283322424257,-0.003449749281196013,0.6693886882686939,0.4798387096774194,outer_03,none,0.0
2248,2019-09-24,2249,2269,2019-09-25,2019-10-23,-0.030029861264437407,0.0,0.005928049089822807,-0.007456602966255055,0.5741157261986439,0.4798387096774194,outer_03,none,0.0
2249,2019-09-25,2250,2270,2019-09-26,2019-10-24,-0.008233796880594113,0.0,-0.018143313874192657,-0.024549210435655056,0.7469407416841266,0.4798387096774194,outer_03,none,0.0
2250,2019-09-26,2251,2271,2019-09-27,2019-10-25,-0.0006119096427017467,0.0,0.0006116614777500473,-0.014719391710519503,0.8996619880762273,0.4798387096774194,outer_03,none,0.0
2251,2019-09-27,2252,2272,2019-09-30,2019-10-28,0.0046940617072852575,1.0,-0.0052979461977802345,-0.015869561060475768,0.9176816135396189,0.4798387096774194,outer_03,none,0.0
2252,2019-09-30,2253,2273,2019-10-01,2019-10-29,0.012736533540425476,1.0,-0.016383538681748355,-0.03776875394309531,0.9359556518376793,0.4798387096774194,outer_03,none,0.0
2253,2019-10-01,2254,2274,2019-10-02,2019-10-30,0.004940278628591699,1.0,0.00480406931390398,-0.04579278825393018,0.9044753357345569,0.4798387096774194,outer_03,none,0.0
2254,2019-10-02,2255,2275,2019-10-03,2019-10-31,-0.0021304098910581715,0.0,0.013788692266497371,-0.03451917163688467,0.8020650110560289,0.4798387096774194,outer_03,none,0.0
2255,2019-10-03,2256,2276,2019-10-04,2019-11-01,0.004273609880808493,1.0,0.003268161657548063,-0.00929986991816012,0.7143632249676406,0.4798387096774194,outer_03,none,0.0
2256,2019-10-04,2257,2277,2019-10-07,2019-11-04,0.002753856143560718,1.0,-0.00021931792214413548,-0.0012488044985676794,0.772630372584691,0.4798387096774194,outer_03,none,0.0
2257,2019-10-07,2258,2278,2019-10-08,2019-11-05,0.010299205021613744,1.0,-0.007492270942823787,-0.003703113774268907,0.8244138479652777,0.4798387096774194,outer_03,none,0.0
2258,2019-10-08,2259,2279,2019-10-09,2019-11-06,-0.01521018166643362,0.0,0.008143438083222598,0.013178627839455004,0.8562601630861703,0.4798387096774194,outer_03,none,0.0
2259,2019-10-09,2260,2280,2019-10-10,2019-11-07,-0.010622735919726622,0.0,-3.9855192804694184e-05,0.005929516297038084,0.7357687140704068,0.4798387096774194,outer_03,none,0.0
2260,2019-10-10,2261,2281,2019-10-11,2019-11-08,-0.01778907831420895,0.0,-0.008023225568148717,-0.003729502110554783,0.7940701083378637,0.4798387096774194,outer_03,none,0.0
2261,2019-10-11,2262,2282,2019-10-14,2019-11-11,-0.017790162566310386,0.0,-0.003662811173817282,-0.0004165994792284522,0.8438558477310658,0.4798387096774194,outer_03,none,0.0
2262,2019-10-14,2263,2283,2019-10-15,2019-11-12,-0.02536643256584714,0.0,0.003421719832516601,-0.0035902600216344283,0.7539803304090799,0.4798387096774194,outer_03,none,0.0
2263,2019-10-15,2264,2284,2019-10-16,2019-11-13,-0.01619975666053186,0.0,-0.00809007684044527,-0.013627185849509615,0.7905650227325772,0.4798387096774194,outer_03,none,0.0
2264,2019-10-16,2265,2285,2019-10-17,2019-11-14,-0.0176038236107523,0.0,0.0057363851199978555,-0.0024943353999180573,0.7222710878119251,0.4798387096774194,outer_03,none,0.0
2265,2019-10-17,2266,2286,2019-10-18,2019-11-15,-0.014012108305662352,0.0,0.0018177249911506266,-0.004172942157347315,0.4755348827545555,0.4895644283121597,outer_04,sigmoid,0.05
2266,2019-10-18,2267,2287,2019-10-21,2019-11-18,-0.016084144676835166,0.0,-0.001542506408802602,-0.01752423263805536,0.4731457519799222,0.4895644283121597,outer_04,sigmoid,0.05
2267,2019-10-21,2268,2288,2019-10-22,2019-11-19,-0.00939374391199177,0.0,-0.0039475637932948615,-0.025322524763592646,0.47455504165057516,0.4895644283121597,outer_04,sigmoid,0.05
2268,2019-10-22,2269,2289,2019-10-23,2019-11-20,-0.009630004188462493,0.0,0.0024967793765569013,-0.028753794476858552,0.4747234941251788,0.4895644283121597,outer_04,sigmoid,0.05
2269,2019-10-23,2270,2290,2019-10-24,2019-11-21,-0.011078148377667851,0.0,0.00267157284878472,-0.007938907753881175,0.4787389020893694,0.4895644283121597,outer_04,sigmoid,0.05
2270,2019-10-24,2271,2291,2019-10-25,2019-11-22,-0.02605795480333395,0.0,0.007446647537856954,-0.001103921693774268,0.4806524630352739,0.4895644283121597,outer_04,sigmoid,0.05
2271,2019-10-25,2272,2292,2019-10-28,2019-11-25,-0.028952516260487116,0.0,0.0008380278901922722,0.005032052394198239,0.48000129133537234,0.4895644283121597,outer_04,sigmoid,0.05
2272,2019-10-28,2273,2293,2019-10-29,2019-11-26,-0.02502548516811398,0.0,-0.00775523625259833,0.013660354823348264,0.4766413406496904,0.4895644283121597,outer_04,sigmoid,0.05
2273,2019-10-29,2274,2294,2019-10-30,2019-11-27,-0.017826485292419036,0.0,-0.0031136367439907886,0.005742648765453495,0.4740247007251456,0.4895644283121597,outer_04,sigmoid,0.05
2274,2019-10-30,2275,2295,2019-10-31,2019-11-28,-0.027119892681970015,0.0,0.0051617342693068835,-0.0028843092317369923,0.47575344402106634,0.4895644283121597,outer_04,sigmoid,0.05
2275,2019-10-31,2276,2296,2019-11-01,2019-11-29,-0.038483393386820275,0.0,0.010991788776530065,0.004839317887245009,0.47777815792706785,0.4895644283121597,outer_04,sigmoid,0.05
2276,2019-11-01,2277,2297,2019-11-04,2019-12-02,-0.03379008713753073,0.0,0.0011698497383445527,0.0062284855477336976,0.4774878164218122,0.4895644283121597,outer_04,sigmoid,0.05
2277,2019-11-04,2278,2298,2019-11-05,2019-12-03,-0.031795948174950794,0.0,-0.002923881979051579,0.010796874511505905,0.4770173911405622,0.4895644283121597,outer_04,sigmoid,0.05
2278,2019-11-05,2279,2299,2019-11-06,2019-12-04,-0.004891604183818288,0.0,-0.01717233487971015,-0.014518898451426843,0.47607453740335737,0.4895644283121597,outer_04,sigmoid,0.05
2279,2019-11-06,2280,2300,2019-11-07,2019-12-05,-0.010404390520568185,0.0,0.004277189498037792,-0.010201853760584356,0.475792798225861,0.4895644283121597,outer_04,sigmoid,0.05
2280,2019-11-07,2281,2301,2019-11-08,2019-12-06,0.005386966816897321,1.0,-0.014614984371714712,-0.01679361256415035,0.4739177542659911,0.4895644283121597,outer_04,sigmoid,0.05
2281,2019-11-08,2282,2302,2019-11-11,2019-12-09,-0.0011237496043472461,0.0,-0.006695752048801573,-0.019826553439134642,0.47310528176427824,0.4895644283121597,outer_04,sigmoid,0.05
2282,2019-11-11,2283,2303,2019-11-12,2019-12-10,0.004402695357488717,1.0,-0.0021068025923591804,-0.025355075864010423,0.47355114650780605,0.4895644283121597,outer_04,sigmoid,0.05
2283,2019-11-12,2284,2304,2019-11-13,2019-12-11,0.004703152656039045,1.0,0.00044643624430040774,-0.016818562779264745,0.4747554416314541,0.4895644283121597,outer_04,sigmoid,0.05
2284,2019-11-13,2285,2305,2019-11-14,2019-12-12,0.007417825824949986,1.0,0.004767850761613346,-0.017787097137649255,0.4761436681103177,0.4895644283121597,outer_04,sigmoid,0.05
2285,2019-11-14,2286,2306,2019-11-15,2019-12-13,-0.003165647567227481,0.0,0.0052552238537249,-0.014349598275074982,0.4761247020381549,0.4895644283121597,outer_04,sigmoid,0.05
2286,2019-11-15,2287,2307,2019-11-18,2019-12-16,0.004757544570153982,1.0,-0.002450364356259449,-0.015257456222531829,0.4765183491603717,0.4895644283121597,outer_04,sigmoid,0.05
2287,2019-11-18,2288,2308,2019-11-19,2019-12-17,0.0035567177258322147,1.0,0.002321189545167357,-0.00898870288406961,0.47690738025069745,0.4895644283121597,outer_04,sigmoid,0.05
2288,2019-11-19,2289,2309,2019-11-20,2019-12-18,0.0014172232260589723,1.0,0.0010397236495185425,-0.01044575861110797,0.47685764745487996,0.4895644283121597,outer_04,sigmoid,0.05
2289,2019-11-20,2290,2310,2019-11-21,2019-12-19,0.00027116805806493005,1.0,-0.0008561644358602294,-0.013973495895752919,0.4764727346576931,0.4895644283121597,outer_04,sigmoid,0.05
2290,2019-11-21,2291,2311,2019-11-22,2019-12-20,0.009900499106298533,1.0,-0.004585460635169625,-0.026005604068779498,0.4765153567966228,0.4895644283121597,outer_04,sigmoid,0.05
2291,2019-11-22,2292,2312,2019-11-25,2019-12-23,0.011959235223481635,1.0,-0.001715576967271204,-0.028559208926242974,0.4753209210569382,0.4895644283121597,outer_04,sigmoid,0.05
2292,2019-11-25,2293,2313,2019-11-26,2019-12-24,0.02058478066100733,1.0,-0.0047107312620804365,-0.02551470393572508,0.4746503611560808,0.4895644283121597,outer_04,sigmoid,0.05
2293,2019-11-26,2294,2314,2019-11-27,2019-12-26,0.02844631452494717,1.0,0.004361787838688791,-0.0180392793530455,0.47541901614441756,0.4895644283121597,outer_04,sigmoid,0.05
2294,2019-11-27,2295,2315,2019-11-28,2019-12-27,0.037098222894530686,1.0,-0.0050562155997004865,-0.02825722922205287,0.47640390437701174,0.4895644283121597,outer_04,sigmoid,0.05
2295,2019-11-28,2296,2316,2019-11-29,2019-12-30,0.03760366187968334,1.0,0.001244127501378145,-0.03800489049720479,0.4754937100987821,0.4895644283121597,outer_04,sigmoid,0.05
2296,2019-11-29,2297,2317,2019-12-02,2019-12-31,0.03507174898072041,1.0,0.005541926177919265,-0.03363281405763008,0.47553725266823,0.4895644283121597,outer_04,sigmoid,0.05
2297,2019-12-02,2298,2318,2019-12-03,2020-01-02,0.039342804986488566,1.0,-0.0009431770728038913,-0.03165210915138239,0.4744496877475784,0.4895644283121597,outer_04,sigmoid,0.05
2298,2019-12-03,2299,2319,2019-12-04,2020-01-03,0.03446918625162887,1.0,0.01011652396012419,-0.00436325031154805,0.47830887501078917,0.4895644283121597,outer_04,sigmoid,0.05
2299,2019-12-04,2300,2320,2019-12-05,2020-01-06,0.06658941213888614,1.0,-0.002025986158748161,-0.010666425968334003,0.47754084492285837,0.4895644283121597,outer_04,sigmoid,0.05
2300,2019-12-05,2301,2321,2019-12-06,2020-01-07,0.058222633316292516,1.0,0.0009694620245488395,0.004918020427929548,0.47818612339307326,0.4895644283121597,outer_04,sigmoid,0.05
2301,2019-12-06,2302,2322,2019-12-09,2020-01-08,0.07742028654232147,1.0,-0.011058645245821452,0.0005551272309096689,0.4768772210872902,0.4895644283121597,outer_04,sigmoid,0.05
2302,2019-12-09,2303,2323,2019-12-10,2020-01-09,0.06191303789676894,1.0,0.0014925171534567738,0.004154446976725623,0.4764528031422039,0.4895644283121597,outer_04,sigmoid,0.05
2303,2019-12-10,2304,2324,2019-12-11,2020-01-10,0.05884889095202617,1.0,0.0018044747656222881,0.0055124854980475035,0.4778885453930279,0.4895644283121597,outer_04,sigmoid,0.05
2304,2019-12-11,2305,2325,2019-12-12,2020-01-13,0.055813907370303895,1.0,0.0070566832587726225,0.00780131799520678,0.47800326729701087,0.4895644283121597,outer_04,sigmoid,0.05
2305,2019-12-12,2306,2326,2019-12-13,2020-01-14,0.05412140997653747,1.0,-0.0036139870591771484,-0.0010678929176952678,0.4771408586864717,0.4895644283121597,outer_04,sigmoid,0.05
2306,2019-12-13,2307,2327,2019-12-16,2020-01-15,0.04735395912201934,1.0,0.0041020961883733165,0.005484567626937498,0.47734609944936524,0.4895644283121597,outer_04,sigmoid,0.05
2307,2019-12-16,2308,2328,2019-12-17,2020-01-16,0.052330096903199674,1.0,0.00031172281317992656,0.0034751008949500672,0.47836594648320585,0.4895644283121597,outer_04,sigmoid,0.05
2308,2019-12-17,2309,2329,2019-12-18,2020-01-17,0.050558148644596734,1.0,6.097788198555776e-05,0.0024963551274170825,0.47829273096296,0.4895644283121597,outer_04,sigmoid,0.05
2309,2019-12-18,2310,2330,2019-12-19,2020-01-20,0.05518323113425527,1.0,-0.00036592307892124865,0.0029865964843560633,0.4789677278677039,0.4895644283121597,outer_04,sigmoid,0.05
2310,2019-12-19,2311,2331,2019-12-20,2020-01-21,0.05392414982506377,1.0,0.0022002953886470777,0.009772352508172766,0.4773607871599456,0.4895644283121597,outer_04,sigmoid,0.05
2311,2019-12-20,2312,2332,2019-12-23,2020-01-22,0.05274660735287018,1.0,-0.0005208632919293521,0.010967066183514618,0.4783903761489418,0.4895644283121597,outer_04,sigmoid,0.05
2312,2019-12-23,2313,2333,2019-12-24,2020-01-23,0.04820645852009964,1.0,0.00502817167034042,0.020705969115935474,0.47790289511558515,0.4895644283121597,outer_04,sigmoid,0.05
2313,2019-12-24,2314,2334,2019-12-26,2020-01-24,0.038189864001515694,1.0,0.00912091620841693,0.025465097485663613,0.47670388546008835,0.4895644283121597,outer_04,sigmoid,0.05
2314,2019-12-26,2315,2335,2019-12-27,2020-01-27,0.045254658562706496,1.0,0.008006607490823825,0.038527920576187924,0.4778663990335752,0.4895644283121597,outer_04,sigmoid,0.05
2315,2019-12-27,2316,2336,2019-12-30,2020-01-28,0.045123062787165935,1.0,-0.00027137311653291363,0.037012419958276865,0.47622451155224643,0.4895644283121597,outer_04,sigmoid,0.05
2316,2019-12-30,2317,2337,2019-12-31,2020-01-29,0.03504419213498711,1.0,0.002862253614089205,0.034332747394446805,0.4757232945999427,0.4895644283121597,outer_04,sigmoid,0.05
2317,2019-12-31,2318,2338,2020-01-02,2020-01-30,0.03553261697809784,1.0,0.003459447237485591,0.03873537170473629,0.4740759061251543,0.4895644283121597,outer_04,sigmoid,0.05
2318,2020-01-02,2319,2339,2020-01-03,2020-01-31,0.03017007686338946,1.0,0.005615007307480546,0.03423385505209264,0.47347848626846106,0.4895644283121597,outer_04,sigmoid,0.05
2319,2020-01-03,2320,2340,2020-01-06,2020-02-03,0.008064406930198942,1.0,0.014720041388368799,0.0509798825992096,0.47318125506495423,0.4895644283121597,outer_04,sigmoid,0.05
2320,2020-01-06,2321,2341,2020-01-07,2020-02-04,0.008927579664866236,1.0,0.009104766992919622,0.059115187567580385,0.4722281184760537,0.4895644283121597,outer_04,sigmoid,0.05
2321,2020-01-07,2322,2342,2020-01-08,2020-02-05,-0.01457920408719282,0.0,0.004848888237066973,0.07502272105046881,0.47001782914440393,0.4895644283121597,outer_04,sigmoid,0.05
2322,2020-01-08,2323,2343,2020-01-09,2020-02-06,-5.145654174576464e-05,0.0,-0.010787425671936468,0.06274277822507557,0.4718742307697778,0.4895644283121597,outer_04,sigmoid,0.05
2323,2020-01-09,2324,2344,2020-01-10,2020-02-07,0.008272671846012436,1.0,-0.0027537946395881363,0.058184508819865144,0.4722719755714157,0.4895644283121597,outer_04,sigmoid,0.05
2324,2020-01-10,2325,2345,2020-01-13,2020-02-10,0.006213224966187703,1.0,0.006217423620207718,0.05734524918130024,0.4730822547842105,0.4895644283121597,outer_04,sigmoid,0.05
2325,2020-01-13,2326,2346,2020-01-14,2020-02-11,0.015358193306949097,1.0,-0.008630001151035849,0.05232923508944154,0.47513878955820743,0.4895644283121597,outer_04,sigmoid,0.05
2326,2020-01-14,2327,2347,2020-01-15,2020-02-12,0.01356536509199291,1.0,-0.0013507445689215913,0.04687639433214663,0.4759005081253498,0.4895644283121597,outer_04,sigmoid,0.05
2327,2020-01-15,2328,2348,2020-01-16,2020-02-13,0.00701631361262578,1.0,0.006427159212081257,0.05299183073104796,0.47652243042145104,0.4895644283121597,outer_04,sigmoid,0.05
2328,2020-01-16,2329,2349,2020-01-17,2020-02-14,0.015101623230274974,1.0,-0.0024190343383949653,0.05051181851066744,0.4768699890358659,0.4895644283121597,outer_04,sigmoid,0.05
2329,2020-01-17,2330,2350,2020-01-20,2020-02-17,0.014171083418053954,1.0,0.0028109329637349134,0.0536886745533236,0.4761555492392097,0.4895644283121597,outer_04,sigmoid,0.05
2330,2020-01-20,2331,2351,2020-01-21,2020-02-18,0.014507802388893154,1.0,0.0023545801667159694,0.05384295933139249,0.47671121788696413,0.4895644283121597,outer_04,sigmoid,0.05
2331,2020-01-21,2332,2352,2020-01-22,2020-02-19,0.0273252460995268,1.0,-0.0016611033158193678,0.05270271930750248,0.4773920120765717,0.4895644283121597,outer_04,sigmoid,0.05
2332,2020-01-22,2333,2353,2020-01-23,2020-02-20,0.033080580206629406,1.0,0.0004428030144456585,0.048117350651607715,0.47885698013076333,0.4895644283121597,outer_04,sigmoid,0.05
2333,2020-01-23,2334,2354,2020-01-24,2020-02-21,0.03640834755275968,1.0,0.002691101771454818,0.041687536214645604,0.47655187590534753,0.4895644283121597,outer_04,sigmoid,0.05
2334,2020-01-24,2335,2355,2020-01-27,2020-02-24,0.048563899068623684,1.0,0.005169619324978392,0.03885054804880017,0.4766135789504544,0.4895644283121597,outer_04,sigmoid,0.05
2335,2020-01-27,2336,2356,2020-01-28,2020-02-25,0.047291712755786364,1.0,0.006965309594504809,0.046087230759837894,0.47947373009799577,0.4895644283121597,outer_04,sigmoid,0.05
2336,2020-01-28,2337,2357,2020-01-29,2020-02-26,0.043339970514765014,1.0,-0.008953407156319315,0.034271569989429373,0.4770457952621318,0.4895644283121597,outer_04,sigmoid,0.05
2337,2020-01-29,2338,2358,2020-01-30,2020-02-27,0.040964945736935654,1.0,0.005933452281343676,0.03674557503328746,0.47624354803886787,0.4895644283121597,outer_04,sigmoid,0.05
2338,2020-01-30,2339,2359,2020-01-31,2020-02-28,0.041566831532113824,1.0,-0.002069211391561687,0.029061356334245225,0.4765573412392699,0.4895644283121597,outer_04,sigmoid,0.05
2339,2020-01-31,2340,2360,2020-02-03,2020-03-02,-0.00432748180420095,0.0,0.009473049454006954,0.02381436439988338,0.47702797795607244,0.4895644283121597,outer_04,sigmoid,0.05
2340,2020-02-03,2341,2361,2020-02-04,2020-03-03,0.007503955994543787,1.0,-0.007917567655371549,0.00679202975159221,0.478432091611828,0.4895644283121597,outer_04,sigmoid,0.05
2341,2020-02-04,2342,2362,2020-02-05,2020-03-04,0.05566537858330456,1.0,-0.015059216400588049,-0.013116074886062812,0.4750646211928242,0.4895644283121597,outer_04,sigmoid,0.05
2342,2020-02-05,2343,2363,2020-02-06,2020-03-05,0.051339283797451785,1.0,0.002360774941375432,3.212572724908824e-05,0.4746569089508016,0.4895644283121597,outer_04,sigmoid,0.05
2343,2020-02-06,2344,2364,2020-02-07,2020-03-06,0.06538397188317369,1.0,0.006436409261604048,0.009222329628441273,0.4755938518039661,0.4895644283121597,outer_04,sigmoid,0.05
2344,2020-02-07,2345,2365,2020-02-10,2020-03-09,0.07761482336972048,1.0,0.0022573229074653867,0.005262228915698941,0.47703438267571724,0.4895644283121597,outer_04,sigmoid,0.05
2345,2020-02-10,2346,2366,2020-02-11,2020-03-10,0.059057476053930635,1.0,0.0011903740261782758,0.015082604092913066,0.47694294984893676,0.4895644283121597,outer_04,sigmoid,0.05
2346,2020-02-11,2347,2367,2020-02-12,2020-03-11,0.05246868740041233,1.0,-0.0027010686910902137,0.013732279970744443,0.4783503290965872,0.4895644283121597,outer_04,sigmoid,0.05
2347,2020-02-12,2348,2368,2020-02-13,2020-03-12,0.04614960741525831,1.0,-0.0012127557847634307,0.006092364973899755,0.4797704091965588,0.4895644283121597,outer_04,sigmoid,0.05
2348,2020-02-13,2349,2369,2020-02-14,2020-03-13,0.00024744544430088666,1.0,0.006525132089293173,0.015036531401587894,0.47930058818103927,0.4895644283121597,outer_04,sigmoid,0.05
2349,2020-02-14,2350,2370,2020-02-17,2020-03-16,-0.024461176923079364,0.0,0.004880266168565406,0.017105864606418386,0.4801082443632202,0.4895644283121597,outer_04,sigmoid,0.05
2350,2020-02-17,2351,2371,2020-02-18,2020-03-17,-0.04648964699721425,0.0,-0.0017885644116368837,0.012962720028065533,0.4799845402367744,0.4895644283121597,outer_04,sigmoid,0.05
2351,2020-02-18,2352,2372,2020-02-19,2020-03-18,-0.04071348600867086,0.0,0.012878020732040696,0.027501844075925597,0.4806017284403456,0.4895644283121597,outer_04,sigmoid,0.05
2352,2020-02-19,2353,2373,2020-02-20,2020-03-19,-0.0812197099941665,0.0,0.006219107476183261,0.0332781485376632,0.48041696906925585,0.4895644283121597,outer_04,sigmoid,0.05
2353,2020-02-20,2354,2374,2020-02-21,2020-03-20,-0.09870111732921227,0.0,0.004903123795458875,0.035490170561667256,0.47764406490438605,0.4895644283121597,outer_04,sigmoid,0.05
2354,2020-02-21,2355,2375,2020-02-24,2020-03-23,-0.1075276731234629,0.0,0.014998794809089944,0.04531934604577881,0.47648754240191415,0.4895644283121597,outer_04,sigmoid,0.05
2355,2020-02-24,2356,2376,2020-02-25,2020-03-24,-0.05839742549526594,0.0,0.00894552983543484,0.04729956628670884,0.4741582363133025,0.4895644283121597,outer_04,sigmoid,0.05
2356,2020-02-25,2357,2377,2020-02-26,2020-03-25,-0.004631833262755514,0.0,-0.014111766291589944,0.04214120715143821,0.47427086305440336,0.4895644283121597,outer_04,sigmoid,0.05
2357,2020-02-26,2358,2378,2020-02-27,2020-03-26,-0.01765518331608984,0.0,0.0031992603056387736,0.039407015175733306,0.47380853261163897,0.4895644283121597,outer_04,sigmoid,0.05
2358,2020-02-27,2359,2379,2020-02-28,2020-03-27,-0.00715749164398094,0.0,0.0022711161059012497,0.04374734267319624,0.47448321875513494,0.4895644283121597,outer_04,sigmoid,0.05
2359,2020-02-28,2360,2380,2020-03-02,2020-03-30,0.023850513382853933,1.0,-0.03687707455829514,-0.002602781339105853,0.48035154857625917,0.4895644283121597,outer_04,sigmoid,0.05
2360,2020-03-02,2361,2381,2020-03-03,2020-03-31,0.019488818053248202,1.0,0.0031816561987545455,0.008496442515020242,0.4767874169610653,0.4895644283121597,outer_04,sigmoid,0.05
2361,2020-03-03,2362,2382,2020-03-04,2020-04-01,-0.04399651524259962,0.0,0.030802347221669635,0.054358006137277926,0.4785378561141283,0.4895644283121597,outer_04,sigmoid,0.05
2362,2020-03-04,2363,2383,2020-03-05,2020-04-02,-0.02864218255911677,0.0,-0.0022899305013615034,0.04970730069454099,0.47844963809059443,0.4895644283121597,outer_04,sigmoid,0.05
2363,2020-03-05,2364,2384,2020-03-06,2020-04-03,-0.03483005751985502,0.0,0.021680099049530277,0.06495099048246722,0.4767191348392314,0.4895644283121597,outer_04,sigmoid,0.05
2364,2020-03-06,2365,2385,2020-03-09,2020-04-06,-0.04912573157489142,0.0,0.0014825267836524603,0.06417619435865429,0.47686720803161603,0.4895644283121597,outer_04,sigmoid,0.05
2365,2020-03-09,2366,2386,2020-03-10,2020-04-07,-0.0017524175237317863,0.0,0.002440182464397367,0.06542600279687338,0.47706813730886,0.4895644283121597,outer_04,sigmoid,0.05
2366,2020-03-10,2367,2387,2020-03-11,2020-04-08,-0.0028249291337214544,0.0,-0.017298599363718914,0.050828472124244684,0.4771570534117933,0.4895644283121597,outer_04,sigmoid,0.05
2367,2020-03-11,2368,2388,2020-03-12,2020-04-09,0.0032323776968308238,1.0,-0.007754147190841998,0.044287080718166116,0.47642630769838423,0.4895644283121597,outer_04,sigmoid,0.05
2368,2020-03-12,2369,2389,2020-03-13,2020-04-13,0.0622063772978354,1.0,-0.03608186733619956,0.0016800812926733855,0.4752970111401579,0.4895644283121597,outer_04,sigmoid,0.05
2369,2020-03-13,2370,2390,2020-03-16,2020-04-14,0.1040537985252632,1.0,-0.031433448076731985,-0.034633632952624005,0.47219791723473487,0.4895644283121597,outer_04,sigmoid,0.05
2370,2020-03-16,2371,2391,2020-03-17,2020-04-15,0.13285148566782912,1.0,-0.013617114061468705,-0.046462182602455826,0.4735060820128848,0.4895644283121597,outer_04,sigmoid,0.05
2371,2020-03-17,2372,2392,2020-03-18,2020-04-16,0.1102603820862571,1.0,0.012321971970814971,-0.04701823136368155,0.47296473000924893,0.4895644283121597,outer_04,sigmoid,0.05
2372,2020-03-18,2373,2393,2020-03-19,2020-04-17,0.14582340713023356,1.0,-0.028663209164690784,-0.0819005480045556,0.4766353992835894,0.4895644283121597,outer_04,sigmoid,0.05
2373,2020-03-19,2374,2394,2020-03-20,2020-04-20,0.13704996909835376,1.0,-0.006955150934803811,-0.09375882273481828,0.47691763525809694,0.4895644283121597,outer_04,sigmoid,0.05
2374,2020-03-20,2375,2395,2020-03-23,2020-04-21,0.12900836205467758,1.0,0.016347598145038944,-0.09241001939886928,0.4751736999525704,0.4895644283121597,outer_04,sigmoid,0.05
2375,2020-03-23,2376,2396,2020-03-24,2020-04-22,0.07415228708486765,1.0,0.03523764868244772,-0.0661179005518564,0.47392782080083207,0.4895644283121597,outer_04,sigmoid,0.05
2376,2020-03-24,2377,2397,2020-03-25,2020-04-23,0.05029129613652028,1.0,0.045915193234336904,-0.006090941025929553,0.4735311174691347,0.4895644283121597,outer_04,sigmoid,0.05
2377,2020-03-25,2378,2398,2020-03-26,2020-04-24,0.07072130329142379,1.0,-0.0055403512810947575,-0.014830552612663084,0.4742103712385697,0.4895644283121597,outer_04,sigmoid,0.05
2378,2020-03-26,2379,2399,2020-03-27,2020-04-27,0.05496951249271653,1.0,0.007752836742322522,-0.009348831976241812,0.4730882972594203,0.4895644283121597,outer_04,sigmoid,0.05
2379,2020-03-27,2380,2400,2020-03-30,2020-04-28,0.05694713932566042,1.0,-0.003924371786407477,0.023603870795645854,0.4742484216144194,0.4895644283121597,outer_04,sigmoid,0.05
2380,2020-03-30,2381,2401,2020-03-31,2020-04-29,0.051828991788666734,1.0,-0.0013814967998984073,0.0190407177969929,0.47593596570937047,0.4895644283121597,outer_04,sigmoid,0.05
2381,2020-03-31,2382,2402,2020-04-01,2020-04-30,0.0862437248664989,1.0,-0.02723269610323431,-0.038994325527911045,0.4805168137372066,0.4895644283121597,outer_04,sigmoid,0.05
2382,2020-04-01,2383,2403,2020-04-02,2020-05-01,0.058410316207059054,1.0,0.009141362378229267,-0.027563032648320274,0.47994956431148844,0.4895644283121597,outer_04,sigmoid,0.05
2383,2020-04-02,2384,2404,2020-04-03,2020-05-04,0.05051157923131555,1.0,0.01273854848657141,-0.03650458321127914,0.4826986146001456,0.4895644283121597,outer_04,sigmoid,0.05
2384,2020-04-03,2385,2405,2020-04-06,2020-05-05,0.05219310125444743,1.0,0.0025035955767087614,-0.03548351441822284,0.48396471700032995,0.4895644283121597,outer_04,sigmoid,0.05
2385,2020-04-06,2386,2406,2020-04-07,2020-05-06,0.02356667659494427,1.0,0.025958346745519556,-0.01196535013710065,0.4827089235120425,0.4895644283121597,outer_04,sigmoid,0.05
2386,2020-04-07,2387,2407,2020-04-08,2020-05-07,0.022758944905397982,1.0,-0.0062006229886568676,-0.0008673737620386035,0.4840992151912827,0.4895644283121597,outer_04,sigmoid,0.05
2387,2020-04-08,2388,2408,2020-04-09,2020-05-08,0.04172664837327922,1.0,-0.0015425073048174198,0.0053442661239859746,0.4843018910476893,0.4895644283121597,outer_04,sigmoid,0.05
2388,2020-04-09,2389,2409,2020-04-13,2020-05-11,0.014740566027682256,1.0,0.02292708326684778,0.06435321672703331,0.4835381917453746,0.4895644283121597,outer_04,sigmoid,0.05
2389,2020-04-13,2390,2410,2020-04-14,2020-05-12,-0.008551572384162043,0.0,0.016739996388780654,0.11252666119254595,0.4809550826218147,0.4895644283121597,outer_04,sigmoid,0.05
2390,2020-04-14,2391,2411,2020-04-15,2020-05-13,-0.014262498119952838,0.0,0.008468810430692919,0.13461258568470758,0.48286198612035475,0.4895644283121597,outer_04,sigmoid,0.05
2391,2020-04-15,2392,2412,2020-04-16,2020-05-14,-0.00068768578967493,0.0,-0.005832071923404847,0.11645854179048776,0.4829595063873205,0.4895644283121597,outer_04,sigmoid,0.05
2392,2020-04-16,2393,2413,2020-04-17,2020-05-15,0.006715910805619174,1.0,0.00109465261536279,0.14621640357054133,0.4840656942707903,0.4895644283121597,outer_04,sigmoid,0.05
2393,2020-04-17,2394,2414,2020-04-20,2020-05-18,0.037516278787925295,1.0,-0.021315194199047482,0.13185636030629766,0.48467634289001243,0.4895644283121597,outer_04,sigmoid,0.05
2394,2020-04-20,2395,2415,2020-04-21,2020-05-19,0.021386976891669462,1.0,0.007781126598247923,0.12328988875950664,0.4848439454705763,0.4895644283121597,outer_04,sigmoid,0.05
2395,2020-04-21,2396,2416,2020-04-22,2020-05-20,0.035174257339802395,1.0,-0.00694919956968576,0.08110304050737316,0.484605996062012,0.4895644283121597,outer_04,sigmoid,0.05
2396,2020-04-22,2397,2417,2020-04-23,2020-05-21,0.018822589844517346,1.0,0.01843855663504712,0.053626403908083375,0.4854789838917726,0.4895644283121597,outer_04,sigmoid,0.05
2397,2020-04-23,2398,2418,2020-04-24,2020-05-22,-0.0022329831160501357,0.0,0.008963307212852989,0.06813006240203112,0.4855626712353959,0.4895644283121597,outer_04,sigmoid,0.05
2398,2020-04-24,2399,2419,2020-04-27,2020-05-25,0.005668099345217392,1.0,-0.002256475303059169,0.05812075035664943,0.4857967591202913,0.4895644283121597,outer_04,sigmoid,0.05
2399,2020-04-27,2400,2420,2020-04-28,2020-05-26,0.0064865846336186195,1.0,-0.006666013322169206,0.0553791088208877,0.48557384860414043,0.4895644283121597,outer_04,sigmoid,0.05
2400,2020-04-28,2401,2421,2020-04-29,2020-05-27,0.0013983029574520245,1.0,-0.004259938248136308,0.0525006673726498,0.48566909341406383,0.4895644283121597,outer_04,sigmoid,0.05
2401,2020-04-29,2402,2422,2020-04-30,2020-05-28,-0.002150651576125817,0.0,0.003063846117312252,0.08279720959319636,0.485793253111073,0.4895644283121597,outer_04,sigmoid,0.05
2402,2020-04-30,2403,2423,2020-05-01,2020-05-29,0.01968609129043486,1.0,-0.015835005339233987,0.05782084187573311,0.48564948969929955,0.4895644283121597,outer_04,sigmoid,0.05
2403,2020-05-01,2404,2424,2020-05-04,2020-06-01,0.021769178799647904,1.0,0.00804593214541871,0.05312822553458041,0.4859196355891671,0.4895644283121597,outer_04,sigmoid,0.05
2404,2020-05-04,2405,2425,2020-05-05,2020-06-02,0.02133296368311388,1.0,0.0008233841552049981,0.051448014113076646,0.4858347815584738,0.4895644283121597,outer_04,sigmoid,0.05
2405,2020-05-05,2406,2426,2020-05-06,2020-06-03,0.013131281046414145,1.0,0.0021786948786157723,0.027668362246172862,0.4860013297298072,0.4895644283121597,outer_04,sigmoid,0.05
2406,2020-05-06,2407,2427,2020-05-07,2020-06-04,0.00826157945104189,1.0,-0.011516691200989193,0.022352294033840536,0.4858239563520093,0.4895644283121597,outer_04,sigmoid,0.05
2407,2020-05-07,2408,2428,2020-05-08,2020-06-05,-0.00044894425974195684,0.0,0.017680525497511645,0.0415753268361696,0.4859270784036876,0.4895644283121597,outer_04,sigmoid,0.05
2408,2020-05-08,2409,2429,2020-05-11,2020-06-08,-0.012924002643798005,0.0,-0.007701934869801086,0.010946308699520735,0.4858658470579761,0.4895644283121597,outer_04,sigmoid,0.05
2409,2020-05-11,2410,2430,2020-05-12,2020-06-09,0.0014244681255908276,1.0,-0.0026178564423551265,-0.008411544131615045,0.4855897269764071,0.4895644283121597,outer_04,sigmoid,0.05
2410,2020-05-12,2411,2431,2020-05-13,2020-06-10,0.007777722698895317,1.0,0.0027177286647415144,-0.01416262589756645,0.48575483940559644,0.4895644283121597,outer_04,sigmoid,0.05
2411,2020-05-13,2412,2432,2020-05-14,2020-06-11,0.013106681507068174,1.0,0.00763121249219445,-0.0006993414819671528,0.48616256139210573,0.4895644283121597,outer_04,sigmoid,0.05
2412,2020-05-14,2413,2433,2020-05-15,2020-06-12,-0.0004856502026493459,0.0,0.008568097555560428,0.006774103458230485,0.48631101473170707,0.4895644283121597,outer_04,sigmoid,0.05
2413,2020-05-15,2414,2434,2020-05-18,2020-06-15,-0.009545459065998685,0.0,0.006791676811679359,0.034880974468957326,0.48621148231212225,0.4895644283121597,outer_04,sigmoid,0.05
2414,2020-05-18,2415,2435,2020-05-19,2020-06-16,-0.003922118109633388,0.0,-0.005555489886075016,0.021544357984634388,0.4861361023729034,0.4895644283121597,outer_04,sigmoid,0.05
2415,2020-05-19,2416,2436,2020-05-20,2020-06-17,-0.010994411812651705,0.0,0.006926653782848291,0.03542021133716844,0.4861277541968028,0.4895644283121597,outer_04,sigmoid,0.05
2416,2020-05-20,2417,2437,2020-05-21,2020-06-18,-0.012352483418186289,0.0,0.0017012992976379593,0.018682953999759278,0.4862391231443886,0.4895644283121597,outer_04,sigmoid,0.05
2417,2020-05-21,2418,2438,2020-05-22,2020-06-19,-0.0022553937509801614,0.0,-0.011773409798824908,-0.002053763011918619,0.48618359113591725,0.4895644283121597,outer_04,sigmoid,0.05
2418,2020-05-22,2419,2439,2020-05-25,2020-06-22,0.008948875596942685,1.0,0.005019925567045114,0.005222637858185664,0.48622664205108546,0.4895644283121597,outer_04,sigmoid,0.05
2419,2020-05-25,2420,2440,2020-05-26,2020-06-23,0.016040435527309604,1.0,-0.0041747686706781195,0.0077138825096767505,0.4861738807411078,0.4895644283121597,outer_04,sigmoid,0.05
2420,2020-05-26,2421,2441,2020-05-27,2020-06-24,0.033726529587953635,1.0,-0.010417336458980131,0.0015564842988329275,0.4858840793795096,0.4895644283121597,outer_04,sigmoid,0.05
2421,2020-05-27,2422,2442,2020-05-28,2020-06-25,0.028997399013073633,1.0,-0.00043276372945832975,-0.0019401255479376545,0.4859311185352964,0.4895644283121597,outer_04,sigmoid,0.05
2422,2020-05-28,2423,2443,2020-05-29,2020-06-26,0.02561217478707345,1.0,0.0053146774262415875,0.01920955721753792,0.4857314403051554,0.4895644283121597,outer_04,sigmoid,0.05
2423,2020-05-29,2424,2444,2020-06-01,2020-06-29,0.019922386828221228,1.0,0.0068018203200077565,0.017965445392126966,0.4861083879006545,0.4895644283121597,outer_04,sigmoid,0.05
2424,2020-06-01,2425,2445,2020-06-02,2020-06-30,0.01942671737335644,1.0,0.005227843336346183,0.02236990457326815,0.4861077982933581,0.4895644283121597,outer_04,sigmoid,0.05
2425,2020-06-02,2426,2446,2020-06-03,2020-07-01,0.031108489429323427,1.0,-0.00693988530623546,0.013251324388416919,0.485956559491622,0.4895644283121597,outer_04,sigmoid,0.05
2426,2020-06-03,2427,2447,2020-06-04,2020-07-02,0.0416302978509524,1.0,-0.017042135194275332,0.00772588039513078,0.4848283397790002,0.4895644283121597,outer_04,sigmoid,0.05
2427,2020-06-04,2428,2448,2020-06-05,2020-07-03,0.03537221001993096,1.0,0.008525260806854007,-0.0014293842955268588,0.48542955152284784,0.4895644283121597,outer_04,sigmoid,0.05
2428,2020-06-05,2429,2449,2020-06-08,2020-07-06,0.053778421831333745,1.0,-0.016779411071133232,-0.010506860496859005,0.4835364598465302,0.4895644283121597,outer_04,sigmoid,0.05
2429,2020-06-08,2430,2450,2020-06-09,2020-07-07,0.04886046609944561,1.0,0.008330696272883742,0.0004416922183798633,0.48433230227443025,0.4895644283121597,outer_04,sigmoid,0.05
2430,2020-06-09,2431,2451,2020-06-10,2020-07-08,0.045442812298166047,1.0,0.009242421215247099,0.0069663847688854474,0.48514261323003927,0.4895644283121597,outer_04,sigmoid,0.05
2431,2020-06-10,2432,2452,2020-06-11,2020-07-09,0.04027821458255598,1.0,0.013714043769980755,0.013049216046671752,0.48538596154893693,0.4895644283121597,outer_04,sigmoid,0.05
2432,2020-06-11,2433,2453,2020-06-12,2020-07-10,0.04126001518268474,1.0,-0.005348516525036651,-0.0008673980339253262,0.48509367866927183,0.4895644283121597,outer_04,sigmoid,0.05
2433,2020-06-12,2434,2454,2020-06-15,2020-07-13,0.03873147977842972,1.0,0.0011621420566561014,-0.006496932788948584,0.4851614989549331,0.4895644283121597,outer_04,sigmoid,0.05
2434,2020-06-15,2435,2455,2020-06-16,2020-07-14,0.04358573867420201,1.0,-0.0030846627715694908,-0.004026105674443059,0.4848212359629254,0.4895644283121597,outer_04,sigmoid,0.05
2435,2020-06-16,2436,2456,2020-06-17,2020-07-15,0.04697761842864434,1.0,0.0006779366649638519,-0.010274822792327498,0.48526916432886547,0.4895644283121597,outer_04,sigmoid,0.05
2436,2020-06-17,2437,2457,2020-06-18,2020-07-16,0.047934703433464954,1.0,-0.00012744019017407737,-0.012103562280139535,0.48555568480977995,0.4895644283121597,outer_04,sigmoid,0.05
2437,2020-06-18,2438,2458,2020-06-19,2020-07-17,0.042768311728773156,1.0,-0.002151554907364961,-0.002481707388679588,0.4850451184636836,0.4895644283121597,outer_04,sigmoid,0.05
2438,2020-06-19,2439,2459,2020-06-22,2020-07-20,0.03395419150596446,1.0,0.0114180082166353,0.003916375260910598,0.4850708636844261,0.4895644283121597,outer_04,sigmoid,0.05
2439,2020-06-22,2440,2460,2020-06-23,2020-07-21,0.03581120034573271,1.0,0.0070292927582640274,0.015120436689852745,0.48523512242485073,0.4895644283121597,outer_04,sigmoid,0.05
2440,2020-06-23,2441,2461,2020-06-24,2020-07-22,0.03982210528438923,1.0,0.007042482606695266,0.03258025575552814,0.4848461263822352,0.4895644283121597,outer_04,sigmoid,0.05
2441,2020-06-24,2442,2462,2020-06-25,2020-07-23,0.06299539735535475,1.0,-0.0032140789467058895,0.029798940538280583,0.4835300927752546,0.4895644283121597,outer_04,sigmoid,0.05
2442,2020-06-25,2443,2463,2020-06-26,2020-07-24,0.06872263875445395,1.0,0.0013333675743014695,0.025817630686340465,0.4827351839028549,0.4895644283121597,outer_04,sigmoid,0.05
2443,2020-06-26,2444,2464,2020-06-29,2020-07-27,0.07208207422583168,1.0,0.0033623942014706643,0.022378204567803373,0.4838720395457745,0.4895644283121597,outer_04,sigmoid,0.05
2444,2020-06-29,2445,2465,2020-06-30,2020-07-28,0.09232484988194489,1.0,0.0017108161037109326,0.018861177335168122,0.4837086484127424,0.4895644283121597,outer_04,sigmoid,0.05
2445,2020-06-30,2446,2466,2020-07-01,2020-07-29,0.09652845738007976,1.0,0.004469293760736903,0.030270356402140486,0.4825200421445419,0.4895644283121597,outer_04,sigmoid,0.05
2446,2020-07-01,2447,2467,2020-07-02,2020-07-30,0.10679112783818123,1.0,-0.0060275420633040255,0.04128494953311179,0.48260089521593547,0.4895644283121597,outer_04,sigmoid,0.05
2447,2020-07-02,2448,2468,2020-07-03,2020-07-31,0.09600640779620662,1.0,0.0028943743565044144,0.0356540630827622,0.4830008625752299,0.4895644283121597,outer_04,sigmoid,0.05
2448,2020-07-03,2449,2469,2020-07-06,2020-08-03,0.11199639447388687,1.0,-3.94380639345826e-05,0.05239403608996085,0.4839473714032997,0.4895644283121597,outer_04,sigmoid,0.05
2449,2020-07-06,2450,2470,2020-07-07,2020-08-04,0.10222096475655551,1.0,0.005254075556876181,0.04931741537395329,0.4831655281744771,0.4895644283121597,outer_04,sigmoid,0.05
2450,2020-07-07,2451,2471,2020-07-08,2020-08-05,0.11860900415134701,1.0,0.0057839970127799845,0.045858991171486174,0.48208162886331923,0.4895644283121597,outer_04,sigmoid,0.05
2451,2020-07-08,2452,2472,2020-07-09,2020-08-06,0.12010833494923556,1.0,0.007687968924550148,0.03983291632605557,0.4826778185242182,0.4895644283121597,outer_04,sigmoid,0.05
2452,2020-07-09,2453,2473,2020-07-10,2020-08-07,0.13695009520734214,1.0,-0.00339540091961954,0.04178603193147268,0.4830602246489502,0.4895644283121597,outer_04,sigmoid,0.05
2453,2020-07-10,2454,2474,2020-07-13,2020-08-10,0.1189243068006478,1.0,-0.0020828191672990215,0.038541070707517555,0.4821476118746506,0.4895644283121597,outer_04,sigmoid,0.05
2454,2020-07-13,2455,2475,2020-07-14,2020-08-11,0.1174099506802575,1.0,0.0020550767610876264,0.04368081024017467,0.48298211265666285,0.4895644283121597,outer_04,sigmoid,0.05
2455,2020-07-14,2456,2476,2020-07-15,2020-08-12,0.057700925608955345,1.0,0.00372169700136471,0.04672457057657553,0.4832148577457266,0.4895644283121597,outer_04,sigmoid,0.05
2456,2020-07-15,2457,2477,2020-07-16,2020-08-13,0.058559721977079704,1.0,0.0005415920728353285,0.047393602839584936,0.48294182300491195,0.4895644283121597,outer_04,sigmoid,0.05
2457,2020-07-16,2458,2478,2020-07-17,2020-08-14,0.08181182417318755,1.0,-0.007280704001733973,0.042264453745215924,0.4826386687003584,0.4895644283121597,outer_04,sigmoid,0.05
2458,2020-07-17,2459,2479,2020-07-20,2020-08-17,0.07297231788717085,1.0,0.007120467514438289,0.03796691304301891,0.4823753502804418,0.4895644283121597,outer_04,sigmoid,0.05
2459,2020-07-20,2460,2480,2020-07-21,2020-08-18,0.08700358417043752,1.0,0.004152323792131263,0.03508994407688615,0.4808746084494501,0.4895644283121597,outer_04,sigmoid,0.05
2460,2020-07-21,2461,2481,2020-07-22,2020-08-19,0.08541219209703144,1.0,0.01326723827305365,0.04131469974324453,0.4831285513755147,0.4895644283121597,outer_04,sigmoid,0.05
2461,2020-07-22,2462,2482,2020-07-23,2020-08-20,0.03024808256703171,1.0,0.016021028426429496,0.06054980711637992,0.48130459185691093,0.4895644283121597,outer_04,sigmoid,0.05
2462,2020-07-23,2463,2483,2020-07-24,2020-08-21,0.030452645401420675,1.0,0.007851652844889756,0.0670680923869682,0.4804716089502369,0.4895644283121597,outer_04,sigmoid,0.05
2463,2020-07-24,2464,2484,2020-07-27,2020-08-24,0.017737934884597628,1.0,0.008269135723930177,0.07197483390942772,0.47919236140811244,0.4895644283121597,outer_04,sigmoid,0.05
2464,2020-07-27,2465,2485,2020-07-28,2020-08-25,-0.0066811138593010355,0.0,0.02047128291259437,0.09073530071831115,0.47780359101976255,0.4895644283121597,outer_04,sigmoid,0.05
2465,2020-07-28,2466,2486,2020-07-29,2020-08-26,-0.017417493398019346,0.0,0.00873063351108172,0.09499664046865597,0.47656870370220195,0.4895644283121597,outer_04,sigmoid,0.05
2466,2020-07-29,2467,2487,2020-07-30,2020-08-27,-0.00974781868703456,0.0,0.006536370247807177,0.10756055277976717,0.4782977478474793,0.4895644283121597,outer_04,sigmoid,0.05
2467,2020-07-30,2468,2488,2020-07-31,2020-08-28,-0.013136275044630885,0.0,-0.0067611168979846425,0.09790506152527811,0.48034501033577565,0.4895644283121597,outer_04,sigmoid,0.05
2468,2020-07-31,2469,2489,2020-08-03,2020-08-31,-0.0073167355710968,0.0,0.008889941982713978,0.10683444157192667,0.4815520732031799,0.4895644283121597,outer_04,sigmoid,0.05
2469,2020-08-03,2470,2490,2020-08-04,2020-09-01,-0.004566993347431492,0.0,0.00048595293287334584,0.10206631894792384,0.48253557148702786,0.4895644283121597,outer_04,sigmoid,0.05
2470,2020-08-04,2471,2491,2020-08-05,2020-09-02,-0.026561946613155918,0.0,0.021305045905123166,0.11758736784026702,0.48108718083949426,0.4895644283121597,outer_04,sigmoid,0.05
2471,2020-08-05,2472,2492,2020-08-06,2020-09-03,-0.04936353415303074,0.0,0.01007035021826752,0.1199697491339844,0.4821772251505972,0.4895644283121597,outer_04,sigmoid,0.05
2472,2020-08-06,2473,2493,2020-08-07,2020-09-04,-0.06769755465273075,0.0,0.011842535550302458,0.1352076856039064,0.4804609014391224,0.4895644283121597,outer_04,sigmoid,0.05
2473,2020-08-07,2474,2494,2020-08-10,2020-09-07,-0.04762443796233473,0.0,-0.0146960949789392,0.12259440979226621,0.4814953046959481,0.4895644283121597,outer_04,sigmoid,0.05
2474,2020-08-10,2475,2495,2020-08-11,2020-09-08,-0.04909761678874247,0.0,-0.0027285549685842625,0.11781077806259432,0.48157582365267215,0.4895644283121597,outer_04,sigmoid,0.05
2475,2020-08-11,2476,2496,2020-08-12,2020-09-09,0.008437903427635618,1.0,-0.05840987218720173,0.055679208874027886,0.48522562491537274,0.4895644283121597,outer_04,sigmoid,0.05
2476,2020-08-12,2477,2497,2020-08-13,2020-09-10,0.013750792194749728,1.0,0.003345907520479585,0.05848352432167214,0.4830567956256752,0.4895644283121597,outer_04,sigmoid,0.05
2477,2020-08-13,2478,2498,2020-08-14,2020-09-11,-0.002596404465498914,0.0,0.01790050430875656,0.08366473263216267,0.4847360438516446,0.4895644283121597,outer_04,sigmoid,0.05
2478,2020-08-14,2479,2499,2020-08-17,2020-09-14,-0.0036933579644991,0.0,-0.0051678110294295365,0.07137645408829485,0.48426382751226643,0.4895644283121597,outer_04,sigmoid,0.05
2479,2020-08-17,2480,2500,2020-08-18,2020-09-15,-0.012936475878765563,0.0,0.02080523109451793,0.08802936139068152,0.4853862795747263,0.4895644283121597,outer_04,sigmoid,0.05
2480,2020-08-18,2481,2501,2020-08-19,2020-09-16,-0.025549295831892138,0.0,0.008924845715187146,0.08368696883281501,0.48594186770083586,0.4895644283121597,outer_04,sigmoid,0.05
2481,2020-08-19,2482,2502,2020-08-20,2020-09-17,0.01436677079504367,1.0,-0.037949732876040976,0.02971620753034454,0.48448410290283356,0.4895644283121597,outer_04,sigmoid,0.05
2482,2020-08-20,2483,2503,2020-08-21,2020-09-18,-0.0018753971446638928,0.0,0.009556506543344057,0.03142106122879884,0.48444598902411234,0.4895644283121597,outer_04,sigmoid,0.05
2483,2020-08-21,2484,2504,2020-08-24,2020-09-21,0.0067208289125675336,1.0,-0.003701277020579319,0.019450648484289346,0.48342219700412725,0.4895644283121597,outer_04,sigmoid,0.05
2484,2020-08-24,2485,2505,2020-08-25,2020-09-22,-0.00832323749610886,0.0,-0.0054817894088818875,-0.00650242383718691,0.4799116339217004,0.4895644283121597,outer_04,sigmoid,0.05
2485,2020-08-25,2486,2506,2020-08-26,2020-09-23,-0.014448265127073867,0.0,-0.0007833474234955062,-0.016016404771764137,0.4826392293804038,0.4895644283121597,outer_04,sigmoid,0.05
2486,2020-08-26,2487,2507,2020-08-27,2020-09-24,-0.04611024673881303,0.0,0.013541409133348559,-0.009011365886222755,0.48483338595184583,0.4895644283121597,outer_04,sigmoid,0.05
2487,2020-08-27,2488,2508,2020-08-28,2020-09-25,-0.03169421151917451,0.0,-0.01278917639339383,-0.015039425381631943,0.4835939729996455,0.4895644283121597,outer_04,sigmoid,0.05
2488,2020-08-28,2489,2509,2020-08-31,2020-09-28,-0.05542693675267696,0.0,0.01850715351928134,-0.005422213845064583,0.4829818791838382,0.4895644283121597,outer_04,sigmoid,0.05
2489,2020-08-31,2490,2510,2020-09-01,2020-09-29,-0.04526449445957237,0.0,0.0019732699610406357,-0.003934896816897293,0.4833501931405482,0.4895644283121597,outer_04,sigmoid,0.05
2490,2020-09-01,2491,2511,2020-09-02,2020-09-30,-0.036487143227209806,0.0,0.0012237075799985675,-0.02401623514202189,0.4851711254666905,0.4895644283121597,outer_04,sigmoid,0.05
2491,2020-09-02,2492,2512,2020-09-03,2020-10-01,-0.028565685831288157,0.0,-0.014078945589235836,-0.04816553094952525,0.484674943486247,0.4895644283121597,outer_04,sigmoid,0.05
2492,2020-09-03,2493,2513,2020-09-04,2020-10-02,-0.013847979375340103,0.0,-0.0065212066299862315,-0.06652927312981394,0.4819515329021292,0.4895644283121597,outer_04,sigmoid,0.05
2493,2020-09-04,2494,2514,2020-09-07,2020-10-05,-0.014913430743098921,0.0,0.0013666225331609994,-0.05046655561771374,0.48219295470386975,0.4895644283121597,outer_04,sigmoid,0.05
2494,2020-09-07,2495,2515,2020-09-08,2020-10-06,-0.009152738631639679,0.0,-0.00248615907908345,-0.050224159728212925,0.4802123225113463,0.4895644283121597,outer_04,sigmoid,0.05
2495,2020-09-08,2496,2516,2020-09-09,2020-10-07,-0.028200016967613983,0.0,0.0016684806191999968,0.0098541930781888,0.48101360919985375,0.4895644283121597,outer_04,sigmoid,0.05
2496,2020-09-09,2497,2517,2020-09-10,2020-10-08,-0.030798793854823536,0.0,0.008177663854145756,0.01468594941185497,0.48082912146141843,0.4895644283121597,outer_04,sigmoid,0.05
2497,2020-09-10,2498,2518,2020-09-11,2020-10-09,-0.02728637485815444,0.0,-0.0006986217915105897,-0.003913176688412179,0.48201681103570965,0.4895644283121597,outer_04,sigmoid,0.05
2498,2020-09-11,2499,2519,2020-09-14,2020-10-12,-0.005615041288390188,0.0,-0.002845757345049549,-0.001591123004032191,0.4822519397409397,0.4895644283121597,outer_04,sigmoid,0.05
2499,2020-09-14,2500,2520,2020-09-15,2020-10-13,-0.01741611844224611,0.0,0.008232019800179735,-0.014164334298370385,0.482466370118664,0.4895644283121597,outer_04,sigmoid,0.05
2500,2020-09-15,2501,2521,2020-09-16,2020-10-14,-0.032008180217173,0.0,-0.0016266570676153336,-0.024715837081172864,0.48210594197721907,0.4895644283121597,outer_04,sigmoid,0.05
2501,2020-09-16,2502,2522,2020-09-17,2020-10-15,-0.03000994432316606,0.0,0.0029699778252325615,0.016203873620100673,0.4824302176503281,0.4895644283121597,outer_04,sigmoid,0.05
2502,2020-09-17,2503,2523,2020-09-18,2020-10-16,-0.018525536488026795,0.0,-0.007660124304671001,-0.0010127572279143848,0.48279997305871375,0.4895644283121597,outer_04,sigmoid,0.05
2503,2020-09-18,2504,2524,2020-09-21,2020-10-19,-0.02599991628440801,0.0,0.003194152594272026,0.00588267238693696,0.4825261851050242,0.4895644283121597,outer_04,sigmoid,0.05
2504,2020-09-21,2505,2525,2020-09-22,2020-10-20,-0.005678618868006247,0.0,-0.019936761249438106,-0.008572299453619259,0.47537686083817177,0.4895644283121597,outer_04,sigmoid,0.05
2505,2020-09-22,2506,2526,2020-09-23,2020-10-21,0.004996389069208185,1.0,-0.006075155218020711,-0.013864107248144464,0.473202602638748,0.4895644283121597,outer_04,sigmoid,0.05
2506,2020-09-23,2507,2527,2020-09-24,2020-10-22,0.03204087622132068,1.0,-0.019984295501280336,-0.04738981188277336,0.4723944288546199,0.4895644283121597,outer_04,sigmoid,0.05
2507,2020-09-24,2508,2528,2020-09-25,2020-10-23,0.01856683742211107,1.0,0.0031730744316220694,-0.03142756105775746,0.4733364950985076,0.4895644283121597,outer_04,sigmoid,0.05
2508,2020-09-25,2509,2529,2020-09-28,2020-10-26,0.020440265656893608,1.0,-0.004569842752228048,-0.054504557329266845,0.4721719496048573,0.4895644283121597,outer_04,sigmoid,0.05
2509,2020-09-28,2510,2530,2020-09-29,2020-10-27,0.011006375480663522,1.0,0.011598267898880188,-0.04487955939142729,0.47723963930505847,0.4895644283121597,outer_04,sigmoid,0.05
2510,2020-09-29,2511,2531,2020-09-30,2020-10-28,0.005287180160500782,1.0,0.00827666843900765,-0.03782659853241821,0.477893725754622,0.4895644283121597,outer_04,sigmoid,0.05
2511,2020-09-30,2512,2532,2020-10-01,2020-10-29,-0.005110209738545812,0.0,-0.006476860675889817,-0.03022451361907219,0.47907323437076965,0.4895644283121597,outer_04,sigmoid,0.05
2512,2020-10-01,2513,2533,2020-10-02,2020-10-30,-0.018877984558514527,0.0,0.010925495826461962,-0.012777811162623998,0.4796968769316646,0.4895644283121597,outer_04,sigmoid,0.05
2513,2020-10-02,2514,2534,2020-10-05,2020-11-02,-0.012795132712548174,0.0,-0.002816222451246908,-0.016960656147031905,0.4803163676316445,0.4895644283121597,outer_04,sigmoid,0.05
2514,2020-10-05,2515,2535,2020-10-06,2020-11-03,-0.008936440946262003,0.0,0.006853310448395433,-0.007621186619553022,0.48232971040138495,0.4895644283121597,outer_04,sigmoid,0.05
2515,2020-10-06,2516,2536,2020-10-07,2020-11-04,0.016525111657397673,1.0,-0.019039351659694503,-0.028329018898447522,0.48084418778729876,0.4895644283121597,outer_04,sigmoid,0.05
2516,2020-10-07,2517,2537,2020-10-08,2020-11-05,0.008415848156893446,1.0,0.005454959760696987,-0.03105172299189629,0.47782297999887624,0.4895644283121597,outer_04,sigmoid,0.05
2517,2020-10-08,2518,2538,2020-10-09,2020-11-06,0.027270961035551267,1.0,0.00299894706334225,-0.02735415413704345,0.47891079059697544,0.4895644283121597,outer_04,sigmoid,0.05
2518,2020-10-09,2519,2539,2020-10-12,2020-11-09,0.015597357447531657,1.0,0.019025674775509316,-0.005482722016484587,0.4834166064223168,0.4895644283121597,outer_04,sigmoid,0.05
2519,2020-10-12,2520,2540,2020-10-13,2020-11-10,-0.033246123071267064,0.0,-0.0037586027376219633,-0.017473344554286285,0.4818400620923279,0.4895644283121597,outer_04,sigmoid,0.05
2520,2020-10-13,2521,2541,2020-10-14,2020-11-11,-0.009245172631110243,0.0,-0.016551233955324207,-0.03239792144199516,0.477808624796011,0.4895644283121597,outer_04,sigmoid,0.05
2521,2020-10-14,2522,2542,2020-10-15,2020-11-12,-0.018459776366078984,0.0,0.004968941217830647,-0.030398958049397073,0.4783369619726272,0.4895644283121597,outer_04,sigmoid,0.05
2522,2020-10-15,2523,2543,2020-10-16,2020-11-13,-0.016704651139307636,0.0,0.0039018957657814823,-0.01883693797894459,0.48229727235742864,0.4895644283121597,outer_04,sigmoid,0.05
2523,2020-10-16,2524,2544,2020-10-19,2020-11-16,-0.006241439629955714,0.0,-0.004812601889132573,-0.02684369246234919,0.4824490121995888,0.4895644283121597,outer_04,sigmoid,0.05
2524,2020-10-19,2525,2545,2020-10-20,2020-11-17,-0.007382053033008873,0.0,0.002461733924281617,-0.0044451972886294655,0.48244171390671015,0.4895644283121597,outer_04,sigmoid,0.05
2525,2020-10-20,2526,2546,2020-10-21,2020-11-18,-0.015075317808855182,0.0,0.002146435983638284,0.00377639391302953,0.4834678402064141,0.4895644283121597,outer_04,sigmoid,0.05
2526,2020-10-21,2527,2547,2020-10-22,2020-11-19,-0.02675966837365351,0.0,0.008908942495488681,0.03266963190979855,0.48390453903988623,0.4895644283121597,outer_04,sigmoid,0.05
2527,2020-10-22,2528,2548,2020-10-23,2020-11-20,-0.023090980112324466,0.0,-0.0109345519202515,0.018562005557924977,0.4825045419326983,0.4895644283121597,outer_04,sigmoid,0.05
2528,2020-10-23,2529,2549,2020-10-26,2020-11-23,-0.01617646077419277,0.0,-0.0011878858083154142,0.02194396250183761,0.48048139405011936,0.4895644283121597,outer_04,sigmoid,0.05
2529,2020-10-26,2530,2550,2020-10-27,2020-11-24,-0.033889586498697,0.0,0.00014198980326796118,0.010487684406225384,0.4811023788901332,0.4895644283121597,outer_04,sigmoid,0.05
2530,2020-10-27,2531,2551,2020-10-28,2020-11-25,-0.05389134599916634,0.0,0.002977138110192179,0.005188154077409912,0.48318874654681715,0.4895644283121597,outer_04,sigmoid,0.05
2531,2020-10-28,2532,2552,2020-10-29,2020-11-26,-0.03726788930277358,0.0,-0.01614131700393351,-0.004476302250633779,0.47969031087306496,0.4895644283121597,outer_04,sigmoid,0.05
2532,2020-10-29,2533,2553,2020-10-30,2020-11-27,-0.03199759841734107,0.0,-0.00518174624679002,-0.02058354432388576,0.4759872720176792,0.4895644283121597,outer_04,sigmoid,0.05
2533,2020-10-30,2534,2554,2020-11-02,2020-11-30,-0.04905333288458191,0.0,0.006012598610586117,-0.011754723262052735,0.4783894115217333,0.4895644283121597,outer_04,sigmoid,0.05
2534,2020-11-02,2535,2555,2020-11-03,2020-12-01,-0.06428278631805817,0.0,0.008846120817360692,-0.009761912893087477,0.48069924229688604,0.4895644283121597,outer_04,sigmoid,0.05
2535,2020-11-03,2536,2556,2020-11-04,2020-12-02,-0.051702208161938046,0.0,0.00729761387929706,0.016575052645904087,0.48103503780464,0.4895644283121597,outer_04,sigmoid,0.05
2536,2020-11-04,2537,2557,2020-11-05,2020-12-03,-0.0395810096597593,0.0,-0.0029746546916085137,0.008145438193598586,0.47983398764144836,0.4895644283121597,outer_04,sigmoid,0.05
2537,2020-11-05,2538,2558,2020-11-06,2020-12-04,-0.05546401435813486,0.0,0.02383018144919191,0.028976672579448248,0.4824570901766755,0.4895644283121597,outer_04,sigmoid,0.05
2538,2020-11-06,2539,2559,2020-11-09,2020-12-07,-0.06344706958604363,0.0,0.0013535062487042282,0.01130450405264316,0.48110253834777444,0.4895644283121597,outer_04,sigmoid,0.05
2539,2020-11-09,2540,2560,2020-11-10,2020-12-08,0.001041924108997172,1.0,-0.0464992780780662,-0.031436171287801074,0.4790928255346481,0.4895644283121597,outer_04,sigmoid,0.05
2540,2020-11-10,2541,2561,2020-11-11,2020-12-09,-0.0033005092873903408,0.0,0.00762464528137663,-0.007260292051100237,0.47798749975001276,0.4895644283121597,outer_04,sigmoid,0.05
2541,2020-11-11,2542,2562,2020-11-12,2020-12-10,-0.015259725295391213,0.0,-0.006353400712099777,-0.01858263398103066,0.47821510828829245,0.4895644283121597,outer_04,sigmoid,0.05
2542,2020-11-12,2543,2563,2020-11-13,2020-12-11,-0.021588550292840125,0.0,0.00599113012397634,-0.016493399622835803,0.4780001214995429,0.4895644283121597,outer_04,sigmoid,0.05
2543,2020-11-13,2544,2564,2020-11-16,2020-12-14,-0.027287892200150488,0.0,0.006675560306755202,-0.005005237426948028,0.4812418589483974,0.4895644283121597,outer_04,sigmoid,0.05
2544,2020-11-16,2545,2565,2020-11-17,2020-12-15,-0.032870976331953905,0.0,-0.000328221202860135,-0.00779519255408978,0.48321263161940053,0.4895644283121597,outer_04,sigmoid,0.05
2545,2020-11-17,2546,2566,2020-11-18,2020-12-16,-0.014820479862982516,0.0,-0.004494747341905914,-0.014436375879633978,0.4840748542493563,0.4895644283121597,outer_04,sigmoid,0.05
2546,2020-11-18,2547,2567,2020-11-19,2020-12-17,-0.0055494899317896085,0.0,-0.004381483279077614,-0.027726801654200273,0.48373487849260843,0.4895644283121597,outer_04,sigmoid,0.05
2547,2020-11-19,2548,2568,2020-11-20,2020-12-18,0.01248267695118166,1.0,-0.0027441903810698776,-0.01953644011501865,0.4817613699459284,0.4895644283121597,outer_04,sigmoid,0.05
2548,2020-11-20,2549,2569,2020-11-23,2020-12-21,0.006207774566568958,1.0,0.0021724366043427423,-0.016176117702360493,0.48244817056906075,0.4895644283121597,outer_04,sigmoid,0.05
2549,2020-11-23,2550,2570,2020-11-24,2020-12-22,0.02185676532819869,1.0,-0.01801908859606094,-0.03433719610168939,0.4829853186631264,0.4895644283121597,outer_04,sigmoid,0.05
2550,2020-11-24,2551,2571,2020-11-25,2020-12-23,0.029086159912369958,1.0,-0.016339659038450804,-0.05365399325033238,0.479252709644411,0.4895644283121597,outer_04,sigmoid,0.05
2551,2020-11-25,2552,2572,2020-11-26,2020-12-24,0.034969889576459856,1.0,-0.0003541017747616948,-0.03786677802116056,0.4774756464123593,0.4895644283121597,outer_04,sigmoid,0.05
2552,2020-11-26,2553,2573,2020-11-27,2020-12-28,0.042270476517340505,1.0,0.0017305873109707548,-0.03095444446339979,0.4779174440741517,0.4895644283121597,outer_04,sigmoid,0.05
2553,2020-11-27,2554,2574,2020-11-30,2020-12-29,0.04690124788830463,1.0,-0.013033412554761092,-0.050000455628747,0.48079880455721474,0.4895644283121597,outer_04,sigmoid,0.05
2554,2020-11-30,2555,2575,2020-12-01,2020-12-30,0.05493023448915757,1.0,-0.0051172819558908955,-0.06396385840199859,0.4803052177510177,0.4895644283121597,outer_04,sigmoid,0.05
2555,2020-12-01,2556,2576,2020-12-02,2020-12-31,0.04344474008206323,1.0,0.021030204005212383,-0.05023126827608326,0.4788009694657789,0.4895644283121597,outer_04,sigmoid,0.05
2556,2020-12-02,2557,2577,2020-12-03,2021-01-04,0.042650033575419855,1.0,0.008392486192533077,-0.03886412739194167,0.4786450268823846,0.4895644283121597,outer_04,sigmoid,0.05
2557,2020-12-03,2558,2578,2020-12-04,2021-01-05,0.05299473757862039,1.0,0.0055887064328503655,-0.05710560240828322,0.47890986515798756,0.4895644283121597,outer_04,sigmoid,0.05
2558,2020-12-04,2559,2579,2020-12-07,2021-01-06,0.05971536861329696,1.0,-0.0012936260833598112,-0.05975273474034726,0.4780307813467184,0.4895644283121597,outer_04,sigmoid,0.05
2559,2020-12-07,2560,2580,2020-12-08,2021-01-07,0.03067486829242405,1.0,0.013237354596653539,-1.6102065627521256e-05,0.4772353303134745,0.4895644283121597,outer_04,sigmoid,0.05
2560,2020-12-08,2561,2581,2020-12-09,2021-01-08,0.02474284399734117,1.0,0.004140415617310822,-0.003500331729693329,0.4778527763272457,0.4895644283121597,outer_04,sigmoid,0.05
2561,2020-12-09,2562,2582,2020-12-10,2021-01-11,0.008799941983113513,1.0,-0.016937314634400735,-0.014084245651994287,0.4776075521461256,0.4895644283121597,outer_04,sigmoid,0.05
2562,2020-12-10,2563,2583,2020-12-11,2021-01-12,0.005688649471408347,1.0,-0.0018773625584858067,-0.021952738334456434,0.47744204665698636,0.4895644283121597,outer_04,sigmoid,0.05
2563,2020-12-11,2564,2584,2020-12-14,2021-01-13,0.009734348055275177,1.0,0.002149151912538727,-0.02647914672867291,0.47732390292724414,0.4895644283121597,outer_04,sigmoid,0.05
2564,2020-12-14,2565,2585,2020-12-15,2021-01-14,0.010397519070010297,1.0,-0.006592657468829088,-0.03274358299464186,0.4771539572754937,0.4895644283121597,outer_04,sigmoid,0.05
2565,2020-12-15,2566,2586,2020-12-16,2021-01-15,-0.0032904097310657576,0.0,0.014043457861122377,-0.014205377791613572,0.4790959599035565,0.4895644283121597,outer_04,sigmoid,0.05
2566,2020-12-16,2567,2587,2020-12-17,2021-01-18,-0.01899917652380445,0.0,0.0055894468131238995,-0.004234447699412058,0.48077013969337207,0.4895644283121597,outer_04,sigmoid,0.05
2567,2020-12-17,2568,2588,2020-12-18,2021-01-19,-0.024872895300414477,0.0,0.011722488307550627,0.010232230989208446,0.479240022621033,0.4895644283121597,outer_04,sigmoid,0.05
2568,2020-12-18,2569,2589,2020-12-21,2021-01-20,-0.02256328563445109,0.0,-0.0029151056460952063,0.005144688738770498,0.480060470684869,0.4895644283121597,outer_04,sigmoid,0.05
2569,2020-12-21,2570,2590,2020-12-22,2021-01-21,-0.004121694287666955,0.0,-0.0022891832824720737,0.020874594052359363,0.47805050935813986,0.4895644283121597,outer_04,sigmoid,0.05
2570,2020-12-22,2571,2591,2020-12-23,2021-01-22,0.004690729283126416,1.0,-0.008747004507892342,0.028467248582917826,0.47895849475382696,0.4895644283121597,outer_04,sigmoid,0.05
2571,2020-12-23,2572,2592,2020-12-24,2021-01-25,-0.008238219293954074,0.0,0.006815760442930419,0.03563711080060994,0.47836600884520863,0.4895644283121597,outer_04,sigmoid,0.05
2572,2020-12-24,2573,2593,2020-12-28,2021-01-26,-0.01770506172726538,0.0,0.0035555071798452076,0.03746203066948439,0.47903069654657665,0.4895644283121597,outer_04,sigmoid,0.05
2573,2020-12-28,2574,2594,2020-12-29,2021-01-27,-0.012691989918458546,0.0,-0.003331248833291056,0.04716419439095443,0.4792734657993571,0.4895644283121597,outer_04,sigmoid,0.05
2574,2020-12-29,2575,2595,2020-12-30,2021-01-28,-0.018629721287411805,0.0,0.002729780273826421,0.055011256620671745,0.4794023577197857,0.4895644283121597,outer_04,sigmoid,0.05
2575,2020-12-30,2576,2596,2020-12-31,2021-01-29,-0.02695133675873773,0.0,0.008292774421004623,0.042273827036463985,0.479294659864904,0.4895644283121597,outer_04,sigmoid,0.05
2576,2020-12-31,2577,2597,2021-01-04,2021-02-01,-0.028424285996793586,0.0,-6.864704595965776e-05,0.03381269379797125,0.4801683056881987,0.4895644283121597,outer_04,sigmoid,0.05
2577,2021-01-04,2578,2598,2021-01-05,2021-02-02,-0.04321799884700006,0.0,0.025829511142694273,0.054053498507815156,0.4794682308006945,0.4895644283121597,outer_04,sigmoid,0.05
2578,2021-01-05,2579,2599,2021-01-06,2021-02-03,-0.059432316878258895,0.0,0.0034932200340058728,0.05884034462518084,0.47802951283020767,0.4895644283121597,outer_04,sigmoid,0.05
2579,2021-01-06,2580,2600,2021-01-07,2021-02-04,-0.04624984711997726,0.0,-0.01614997803108409,0.029453011997443213,0.47797316643281157,0.4895644283121597,outer_04,sigmoid,0.05
2580,2021-01-07,2581,2601,2021-01-08,2021-02-05,-0.06523389587963724,0.0,-0.0027555271460419917,0.0225570692340904,0.4780562770025942,0.4895644283121597,outer_04,sigmoid,0.05
2581,2021-01-08,2582,2602,2021-01-11,2021-02-08,-0.02036512844019267,0.0,-0.03427266640927584,0.0052217174592152915,0.47908546332981833,0.4895644283121597,outer_04,sigmoid,0.05
2582,2021-01-11,2583,2603,2021-01-12,2021-02-09,-0.00904752282751975,0.0,-0.0024854554163615816,0.004613624601339517,0.47850114945967903,0.4895644283121597,outer_04,sigmoid,0.05
2583,2021-01-12,2584,2604,2021-01-13,2021-02-10,-0.008907285657422825,0.0,0.005870667930121698,0.008335140618922487,0.4799215277197643,0.4895644283121597,outer_04,sigmoid,0.05
2584,2021-01-13,2585,2605,2021-01-14,2021-02-11,-0.0019504695435896835,0.0,-0.005745977284740356,0.00918182080301122,0.4785669846807138,0.4895644283121597,outer_04,sigmoid,0.05
2585,2021-01-14,2586,2606,2021-01-15,2021-02-12,-0.01180230907653712,0.0,0.0009644717555987725,-0.0038971653025123842,0.48263922288006145,0.4895644283121597,outer_04,sigmoid,0.05
2586,2021-01-15,2587,2607,2021-01-18,2021-02-15,-0.0019215667498064803,0.0,-0.01023930385407823,-0.019725915969714514,0.4833066132841242,0.4895644283121597,outer_04,sigmoid,0.05
2587,2021-01-18,2588,2608,2021-01-19,2021-02-16,-0.0102733795301857,0.0,0.005385847782525488,-0.026062556494739653,0.4819064070058015,0.4895644283121597,outer_04,sigmoid,0.05
2588,2021-01-19,2589,2609,2021-01-20,2021-02-17,-0.026347735129482075,0.0,0.0011476280443174502,-0.021999822804326996,0.4816384306408464,0.4895644283121597,outer_04,sigmoid,0.05
2589,2021-01-20,2590,2610,2021-01-21,2021-02-18,-0.05188458244222183,0.0,0.01713303654495224,-0.002577602976902682,0.4812340220640216,0.4895644283121597,outer_04,sigmoid,0.05
2590,2021-01-21,2591,2611,2021-01-22,2021-02-19,-0.05118746034199084,0.0,-0.0008660277135534855,0.005303373817436174,0.4822154037155095,0.4895644283121597,outer_04,sigmoid,0.05
2591,2021-01-22,2592,2612,2021-01-25,2021-02-22,-0.039096287357716086,0.0,-0.008124690615454178,-0.009637077240948422,0.4818143036442117,0.4895644283121597,outer_04,sigmoid,0.05
2592,2021-01-25,2593,2613,2021-01-26,2021-02-23,-0.0250295493532251,0.0,0.0006845235956305373,-0.012508060825163092,0.48190179427946445,0.4895644283121597,outer_04,sigmoid,0.05
2593,2021-01-26,2594,2614,2021-01-27,2021-02-24,-0.02459270291403559,0.0,-0.0024329927817987596,-0.011609804773670795,0.48187236437014647,0.4895644283121597,outer_04,sigmoid,0.05
2594,2021-01-27,2595,2615,2021-01-28,2021-02-25,-0.021397790332059685,0.0,-0.004113383478266286,-0.018452968525763502,0.4822499899863852,0.4895644283121597,outer_04,sigmoid,0.05
2595,2021-01-28,2596,2616,2021-01-29,2021-02-26,-0.039209862046739374,0.0,-0.000661885203361301,-0.027407628150129426,0.48229553563722616,0.4895644283121597,outer_04,sigmoid,0.05
2596,2021-01-29,2597,2617,2021-02-01,2021-03-01,-0.0655777354830347,0.0,0.0026990423409056774,-0.02463993876326409,0.48169385307247387,0.4895644283121597,outer_04,sigmoid,0.05
2597,2021-02-01,2598,2618,2021-02-02,2021-03-02,-0.0761533517868127,0.0,0.006990055806796569,-0.043479394099161794,0.4811684455007086,0.4895644283121597,outer_04,sigmoid,0.05
2598,2021-02-02,2599,2619,2021-02-03,2021-03-03,-0.05551931463186044,0.0,-0.012384561513377967,-0.059357175646545635,0.4810214393082489,0.4895644283121597,outer_04,sigmoid,0.05
2599,2021-02-03,2600,2620,2021-02-04,2021-03-04,-0.06955694442001814,0.0,-0.0018737103301473823,-0.04508090794560893,0.4802226579702115,0.4895644283121597,outer_04,sigmoid,0.05
2600,2021-02-04,2601,2621,2021-02-05,2021-03-05,-0.05574875988525374,0.0,-0.0226567517744245,-0.06498213257399144,0.47681793129018213,0.4895644283121597,outer_04,sigmoid,0.05
2601,2021-02-05,2602,2622,2021-02-08,2021-03-08,-0.0630872769424684,0.0,0.011246416908238466,-0.019463049256477127,0.4788146944339181,0.4895644283121597,outer_04,sigmoid,0.05
2602,2021-02-08,2603,2623,2021-02-09,2021-03-09,-0.0833106069646199,0.0,0.009183466351779579,-0.007794127488335967,0.4790099005154103,0.4895644283121597,outer_04,sigmoid,0.05
2603,2021-02-09,2604,2624,2021-02-10,2021-03-10,-0.06939349157915231,0.0,0.0040951370970994105,-0.009569658321358254,0.4798151260463881,0.4895644283121597,outer_04,sigmoid,0.05
2604,2021-02-10,2605,2625,2021-02-11,2021-03-11,-0.06575732736858697,0.0,0.002559790962403774,-0.0012638900742141246,0.4797402496667919,0.4895644283121597,outer_04,sigmoid,0.05
2605,2021-02-11,2606,2626,2021-02-12,2021-03-12,-0.058916504838157024,0.0,-0.009204442516323574,-0.011432804346136471,0.48108220264619383,0.4895644283121597,outer_04,sigmoid,0.05
2606,2021-02-12,2607,2627,2021-02-15,2021-03-15,-0.05422553949266806,0.0,-0.0007123990612667441,-0.0019058995533249856,0.48168466550689587,0.4895644283121597,outer_04,sigmoid,0.05
2607,2021-02-15,2608,2628,2021-02-16,2021-03-16,-0.04943171261556145,0.0,-0.0029921321072485796,-0.010283879443099053,0.4808167034716837,0.4895644283121597,outer_04,sigmoid,0.05
2608,2021-02-16,2609,2629,2021-02-17,2021-03-17,-0.034216103751793625,0.0,-0.013373090412338584,-0.024804597899755088,0.4798944745060351,0.4895644283121597,outer_04,sigmoid,0.05
2609,2021-02-17,2610,2630,2021-02-18,2021-03-18,-0.016002882855640443,0.0,-0.010002155484200692,-0.05193978992890802,0.47935869191226105,0.4895644283121597,outer_04,sigmoid,0.05
2610,2021-02-18,2611,2631,2021-02-19,2021-03-19,-0.023171501060422095,0.0,-0.0007094315273867835,-0.05178319374274132,0.47822425020646014,0.4895644283121597,outer_04,sigmoid,0.05
2611,2021-02-19,2612,2632,2021-02-22,2021-03-22,-0.024348477227067455,0.0,0.004277101580268727,-0.03938140154701841,0.4776862589427848,0.4895644283121597,outer_04,sigmoid,0.05
2612,2021-02-22,2613,2633,2021-02-23,2021-03-23,-0.03935159383008546,0.0,0.014470936719995997,-0.025594988422652953,0.4786396545176506,0.4895644283121597,outer_04,sigmoid,0.05
2613,2021-02-23,2614,2634,2021-02-24,2021-03-24,-0.044973974521473004,0.0,-0.002196945636292469,-0.025358941277146663,0.47832571897357623,0.4895644283121597,outer_04,sigmoid,0.05
2614,2021-02-24,2615,2635,2021-02-25,2021-03-25,-0.03885685065913247,0.0,0.0001440283627571759,-0.0211015294361232,0.4791469318962388,0.4895644283121597,outer_04,sigmoid,0.05
2615,2021-02-25,2616,2636,2021-02-26,2021-03-26,-0.025319978196178816,0.0,-0.01962262100932044,-0.04006226524208234,0.4778571996889916,0.4895644283121597,outer_04,sigmoid,0.05
2616,2021-02-26,2617,2637,2021-03-01,2021-03-29,-0.003816710504750631,0.0,-0.02078217765173651,-0.06354348523472453,0.47772099286775566,0.4895644283121597,outer_04,sigmoid,0.05
2617,2021-03-01,2618,2638,2021-03-02,2021-03-30,-0.006024973766119324,0.0,-0.005233297955930638,-0.07576683899745174,0.4753377722713249,0.4895644283121597,outer_04,sigmoid,0.05
2618,2021-03-02,2619,2639,2021-03-03,2021-03-31,-0.03115666071115708,0.0,0.008072662763458638,-0.05530961472061513,0.47622550388756524,0.4895644283121597,outer_04,sigmoid,0.05
2619,2021-03-03,2620,2640,2021-03-04,2021-04-01,-0.0020361124321404134,0.0,-0.015685095857885578,-0.06912100024835333,0.4779345112995782,0.4895644283121597,outer_04,sigmoid,0.05
2620,2021-03-04,2621,2641,2021-03-05,2021-04-05,0.017995576812690928,1.0,-0.0076884884838799294,-0.054152736957808756,0.47926290486047085,0.4895644283121597,outer_04,sigmoid,0.05
2621,2021-03-05,2622,2642,2021-03-08,2021-04-06,0.013083346495475823,1.0,0.001270827620905024,-0.0641283262451422,0.4780788701230014,0.4895644283121597,outer_04,sigmoid,0.05
2622,2021-03-08,2623,2643,2021-03-09,2021-04-07,0.03428773945320618,1.0,-0.010776596997682297,-0.08408838959460407,0.4727350455190693,0.4895644283121597,outer_04,sigmoid,0.05
2623,2021-03-09,2624,2644,2021-03-10,2021-04-08,0.012876348302025775,1.0,0.019458431792068964,-0.06872509489963452,0.47696228386064216,0.4895644283121597,outer_04,sigmoid,0.05
2624,2021-03-10,2625,2645,2021-03-11,2021-04-09,0.0167081690847386,1.0,0.006240723118030367,-0.06504416274400793,0.477401485833599,0.4895644283121597,outer_04,sigmoid,0.05
2625,2021-03-11,2626,2646,2021-03-12,2021-04-12,0.012169856406233137,1.0,-0.0022907126010922596,-0.05813043282877661,0.47814913999074576,0.4895644283121597,outer_04,sigmoid,0.05
2626,2021-03-12,2627,2647,2021-03-15,2021-04-13,0.002698027802311209,1.0,0.0026324196919436105,-0.05478561407556626,0.4769465580248755,0.4895644283121597,outer_04,sigmoid,0.05
2627,2021-03-15,2628,2648,2021-03-16,2021-04-14,0.007936732177183714,1.0,0.0030008435282082857,-0.04879263844010939,0.4765604500349804,0.4895644283121597,outer_04,sigmoid,0.05
2628,2021-03-16,2629,2649,2021-03-17,2021-04-15,0.0022545063619983097,1.0,-0.0001501172071778356,-0.035569665234948644,0.4779571812883959,0.4895644283121597,outer_04,sigmoid,0.05
2629,2021-03-17,2630,2650,2021-03-18,2021-04-16,0.008671422026321984,1.0,0.00730070927892168,-0.018266800471826272,0.4784847240281565,0.4895644283121597,outer_04,sigmoid,0.05
2630,2021-03-18,2631,2651,2021-03-19,2021-04-19,0.02272669751267742,1.0,-0.004625076112536597,-0.022182445056976086,0.4774162694410866,0.4895644283121597,outer_04,sigmoid,0.05
2631,2021-03-19,2632,2652,2021-03-22,2021-04-20,0.015421251921039492,1.0,0.004968947187198758,-0.021490599450046055,0.47765864532260993,0.4895644283121597,outer_04,sigmoid,0.05
2632,2021-03-22,2633,2653,2021-03-23,2021-04-21,0.02193541701495505,1.0,-0.0037085770240654625,-0.039670113194107515,0.47893620585148955,0.4895644283121597,outer_04,sigmoid,0.05
2633,2021-03-23,2634,2654,2021-03-24,2021-04-22,0.037947241356032,1.0,-0.006804101770034876,-0.04427726932784992,0.47762232992749504,0.4895644283121597,outer_04,sigmoid,0.05
2634,2021-03-24,2635,2655,2021-03-25,2021-04-23,0.027992177380400385,1.0,0.0040107314680462025,-0.040410566222560895,0.47657645302035434,0.4895644283121597,outer_04,sigmoid,0.05
2635,2021-03-25,2636,2656,2021-03-26,2021-04-26,0.027140861348196488,1.0,-0.003958616014933192,-0.024746561228173647,0.47534555503583026,0.4895644283121597,outer_04,sigmoid,0.05
2636,2021-03-26,2637,2657,2021-03-29,2021-04-27,0.02852911254242141,1.0,0.0033066672130921404,-0.0006577163633449956,0.47854777976723395,0.4895644283121597,outer_04,sigmoid,0.05
2637,2021-03-29,2638,2658,2021-03-30,2021-04-28,0.036861526574986314,1.0,-0.012129595282406314,-0.007554013689820671,0.47634090039426386,0.4895644283121597,outer_04,sigmoid,0.05
2638,2021-03-30,2639,2659,2021-03-31,2021-04-29,0.05604921360072268,1.0,-0.01575011877328869,-0.031376795226568,0.47229926929412475,0.4895644283121597,outer_04,sigmoid,0.05
2639,2021-03-31,2640,2660,2021-04-01,2021-04-30,0.0374812911428446,1.0,0.013346264432087196,-0.0023454349365952254,0.47476341470148076,0.4895644283121597,outer_04,sigmoid,0.05
2640,2021-04-01,2641,2661,2021-04-05,2021-05-03,0.021829118770313016,1.0,0.01267913144938948,0.018022184996674184,0.4772910795712579,0.4895644283121597,outer_04,sigmoid,0.05
2641,2021-04-05,2642,2662,2021-04-06,2021-05-04,0.03628045727662155,1.0,-0.0006535853436240302,0.01609777203214513,0.4759766105667305,0.4895644283121597,outer_04,sigmoid,0.05
2642,2021-04-06,2643,2663,2021-04-07,2021-05-05,0.019911948700541693,1.0,0.008469207336506912,0.03534357636633434,0.47573441080155804,0.4895644283121597,outer_04,sigmoid,0.05
2643,2021-04-07,2644,2664,2021-04-08,2021-05-06,0.027944480261144378,1.0,-0.003154603938265055,0.01273054063600032,0.4767951659089441,0.4895644283121597,outer_04,sigmoid,0.05
2644,2021-04-08,2645,2665,2021-04-09,2021-05-07,0.033047942217962145,1.0,0.010630633271341061,0.017120450789311015,0.47753401216773117,0.4895644283121597,outer_04,sigmoid,0.05
2645,2021-04-09,2646,2666,2021-04-12,2021-05-10,0.05053441787865598,1.0,-0.007246574173342957,0.012164589217060318,0.477666620897726,0.4895644283121597,outer_04,sigmoid,0.05
2646,2021-04-12,2647,2667,2021-04-13,2021-05-11,0.05764069807557437,1.0,-0.006398548788210334,0.003133620736906373,0.4751761935440649,0.4895644283121597,outer_04,sigmoid,0.05
2647,2021-04-13,2648,2668,2021-04-14,2021-05-12,0.05090855212072931,1.0,0.007504930660100939,0.007637707868799026,0.47669414446512937,0.4895644283121597,outer_04,sigmoid,0.05
2648,2021-04-14,2649,2669,2021-04-15,2021-05-13,0.04428046519817652,1.0,-0.005250411298535873,0.002537413777440989,0.4790686363777895,0.4895644283121597,outer_04,sigmoid,0.05
2649,2021-04-15,2650,2670,2021-04-16,2021-05-14,0.03517400604666854,1.0,0.015572855607552505,0.010809560106071814,0.4810629923432987,0.4895644283121597,outer_04,sigmoid,0.05
2650,2021-04-16,2651,2671,2021-04-19,2021-05-17,0.03749897106768163,1.0,0.007440354986521847,0.022874991205130257,0.4804307179227299,0.4895644283121597,outer_04,sigmoid,0.05
2651,2021-04-19,2652,2672,2021-04-20,2021-05-18,0.05267891706225303,1.0,-0.00332069819866998,0.01458534581926152,0.47957151980823376,0.4895644283121597,outer_04,sigmoid,0.05
2652,2021-04-20,2653,2673,2021-04-21,2021-05-19,0.04988861007543388,1.0,0.0043782981082314265,0.02267222095155841,0.48066395356883523,0.4895644283121597,outer_04,sigmoid,0.05
2653,2021-04-21,2654,2674,2021-04-22,2021-05-20,0.041550623345096405,1.0,0.008604743964179207,0.03808106668577249,0.4791516223996057,0.4895644283121597,outer_04,sigmoid,0.05
2654,2021-04-22,2655,2675,2021-04-23,2021-05-21,0.05114783721245075,1.0,-0.005343362032055765,0.028726973185670523,0.479473384022006,0.4895644283121597,outer_04,sigmoid,0.05
2655,2021-04-23,2656,2676,2021-04-26,2021-05-24,0.05795068682739668,1.0,-0.004425929198357714,0.028259660002246,0.48000067342075764,0.4895644283121597,outer_04,sigmoid,0.05
2656,2021-04-26,2657,2677,2021-04-27,2021-05-25,0.054359991372356475,1.0,0.00276008011369111,0.02771307290284497,0.4807182015445748,0.4895644283121597,outer_04,sigmoid,0.05
2657,2021-04-27,2658,2678,2021-04-28,2021-05-26,0.06628538642326198,1.0,-0.002636247377785672,0.03720642080746561,0.48048490025302715,0.4895644283121597,outer_04,sigmoid,0.05
2658,2021-04-28,2659,2679,2021-04-29,2021-05-27,0.06226983533630559,1.0,0.002681155120449752,0.055637694701204055,0.4791369667403006,0.4895644283121597,outer_04,sigmoid,0.05
2659,2021-04-29,2660,2680,2021-04-30,2021-05-28,0.06803149123972574,1.0,-0.005172012936091264,0.037119417333025595,0.48019934591828933,0.4895644283121597,outer_04,sigmoid,0.05
2660,2021-04-30,2661,2681,2021-05-03,2021-05-31,0.0746447117484843,1.0,-0.001869396943982693,0.022570888939653422,0.48059153085416495,0.4895644283121597,outer_04,sigmoid,0.05
2661,2021-05-03,2662,2682,2021-05-04,2021-06-01,0.062011734225396076,1.0,0.013515047053418883,0.036739521336696335,0.4816408621291493,0.4895644283121597,outer_04,sigmoid,0.05
2662,2021-05-04,2663,2683,2021-05-05,2021-06-02,0.06598931377016548,1.0,-0.007703715261467181,0.02056659873872224,0.48038207665516763,0.4895644283121597,outer_04,sigmoid,0.05
2663,2021-05-05,2664,2684,2021-05-06,2021-06-03,0.06586508377885547,1.0,0.004698713977660418,0.028419916654647714,0.48120690311864744,0.4895644283121597,outer_04,sigmoid,0.05
2664,2021-05-06,2665,2685,2021-05-07,2021-06-04,0.03076230707287486,1.0,0.015299170422719222,0.033088453806025875,0.48225544996399505,0.4895644283121597,outer_04,sigmoid,0.05
2665,2021-05-07,2666,2686,2021-05-10,2021-06-07,0.03070156235041832,1.0,0.008573667397365092,0.048908695376733924,0.47953243509164484,0.4895644283121597,outer_04,sigmoid,0.05
2666,2021-05-10,2667,2687,2021-05-11,2021-06-08,0.03375267190489861,1.0,0.0025583762546359523,0.05786562041958021,0.47744398416250033,0.4895644283121597,outer_04,sigmoid,0.05
2667,2021-05-11,2668,2688,2021-05-12,2021-06-09,0.029445208372171905,1.0,0.0006862109986780496,0.05104690075815732,0.4763007864727739,0.4895644283121597,outer_04,sigmoid,0.05
2668,2021-05-12,2669,2689,2021-05-13,2021-06-10,0.039975515147873786,1.0,-0.011328076111235319,0.044969235945457875,0.4786518423430611,0.4895644283121597,outer_04,sigmoid,0.05
2669,2021-05-13,2670,2690,2021-05-14,2021-06-11,0.03813877093953888,1.0,0.005940111453742958,0.03533649179164833,0.48033694805945876,0.4895644283121597,outer_04,sigmoid,0.05
2670,2021-05-14,2671,2691,2021-05-17,2021-06-14,0.017502375758858157,1.0,0.008518946516002046,0.03641508332112853,0.4789306484132157,0.4895644283121597,outer_04,sigmoid,0.05
2671,2021-05-17,2672,2692,2021-05-18,2021-06-15,0.00044989315796506446,1.0,0.012989471460085333,0.05272525297988384,0.4773099682533221,0.4895644283121597,outer_04,sigmoid,0.05
2672,2021-05-18,2673,2693,2021-05-19,2021-06-16,-0.0053590955055637934,0.0,0.0016005185027294644,0.04994747337438188,0.47881195444206015,0.4895644283121597,outer_04,sigmoid,0.05
2673,2021-05-19,2674,2694,2021-05-20,2021-06-17,-0.030689779619438973,0.0,0.00027274258884091296,0.041615471999043585,0.4791284768522809,0.4895644283121597,outer_04,sigmoid,0.05
2674,2021-05-20,2675,2695,2021-05-21,2021-06-18,-0.05601911227849854,0.0,0.003805279139901252,0.0507641131710006,0.47844658311781596,0.4895644283121597,outer_04,sigmoid,0.05
2675,2021-05-21,2676,2696,2021-05-24,2021-06-21,-0.06181060606964284,0.0,0.002372960023001802,0.05756300239236012,0.4798197195642858,0.4895644283121597,outer_04,sigmoid,0.05
2676,2021-05-24,2677,2697,2021-05-25,2021-06-22,-0.05280052374342059,0.0,-0.0002072764676883665,0.05459564581098064,0.48128711174717786,0.4895644283121597,outer_04,sigmoid,0.05
2677,2021-05-25,2678,2698,2021-05-26,2021-06-23,-0.06472778436518656,0.0,0.009432609819538307,0.06666450300830462,0.4805919063251578,0.4895644283121597,outer_04,sigmoid,0.05
2678,2021-05-26,2679,2699,2021-05-27,2021-06-24,-0.06415155707664244,0.0,-0.0014121319212119232,0.06257121596664295,0.48045231655506837,0.4895644283121597,outer_04,sigmoid,0.05
2679,2021-05-27,2680,2700,2021-05-28,2021-06-25,-0.06597449772517194,0.0,-3.6910778741905403e-05,0.0677063181239923,0.48108137221661984,0.4895644283121597,outer_04,sigmoid,0.05
2680,2021-05-28,2681,2701,2021-05-31,2021-06-28,-0.0665106214389164,0.0,0.0035529999662546885,0.07312871503422969,0.48158161230650254,0.4895644283121597,outer_04,sigmoid,0.05
2681,2021-05-31,2682,2702,2021-06-01,2021-06-29,-0.06984111914218794,0.0,0.0018058695652616308,0.061419537546072434,0.48182239583402764,0.4895644283121597,outer_04,sigmoid,0.05
2682,2021-06-01,2683,2703,2021-06-02,2021-06-30,-0.07516905414761066,0.0,-0.003546578120654509,0.0655766746868851,0.48220670769851903,0.4895644283121597,outer_04,sigmoid,0.05
2683,2021-06-02,2684,2704,2021-06-03,2021-07-01,-0.07529489868003658,0.0,0.004615962383098804,0.06549392309232349,0.48233540243971684,0.4895644283121597,outer_04,sigmoid,0.05
2684,2021-06-03,2685,2705,2021-06-04,2021-07-02,-0.05212811820788765,0.0,-0.020088732789313113,0.030106019880291157,0.4830850447829197,0.4895644283121597,outer_04,sigmoid,0.05
2685,2021-06-04,2686,2706,2021-06-07,2021-07-05,-0.056077563156640586,0.0,0.01106275951365987,0.032595111996585935,0.48226915841263646,0.4895644283121597,outer_04,sigmoid,0.05
2686,2021-06-07,2687,2707,2021-06-08,2021-07-06,-0.058455224252850435,0.0,0.00383612278498191,0.03387285852693189,0.4816166984075618,0.4895644283121597,outer_04,sigmoid,0.05
2687,2021-06-08,2688,2708,2021-06-09,2021-07-07,-0.05175190735852908,0.0,-0.003017007225398771,0.030169640302855072,0.4804596701827323,0.4895644283121597,outer_04,sigmoid,0.05
2688,2021-06-09,2689,2709,2021-06-10,2021-07-08,-0.046160332641033364,0.0,-0.0022052124908471527,0.03929250392324324,0.47949751385854206,0.4895644283121597,outer_04,sigmoid,0.05
2689,2021-06-10,2690,2710,2021-06-11,2021-07-09,-0.051461061826225674,0.0,0.0056750395806606235,0.039027432050160904,0.48063007731040774,0.4895644283121597,outer_04,sigmoid,0.05
2690,2021-06-11,2691,2711,2021-06-14,2021-07-12,-0.03697449440877243,0.0,-0.012437259742065443,0.018071225792093415,0.47949890801967465,0.4895644283121597,outer_04,sigmoid,0.05
2691,2021-06-14,2692,2712,2021-06-15,2021-07-13,-0.03335829295737547,0.0,-0.00526391540576121,-0.00018216107375312873,0.4785724863865795,0.4895644283121597,outer_04,sigmoid,0.05
2692,2021-06-15,2693,2713,2021-06-16,2021-07-14,-0.027915029643918565,0.0,-0.003983683996986009,-0.0057663635734686025,0.4779817895945529,0.4895644283121597,outer_04,sigmoid,0.05
2693,2021-06-16,2694,2714,2021-06-17,2021-07-15,0.0076353440716543375,1.0,-0.02653667474382715,-0.032575780906136664,0.4747958901468871,0.4895644283121597,outer_04,sigmoid,0.05
2694,2021-06-17,2695,2715,2021-06-18,2021-07-16,0.030168484909760096,1.0,-0.02089392472839613,-0.057274984774434046,0.47583057596161504,0.4895644283121597,outer_04,sigmoid,0.05
2695,2021-06-18,2696,2716,2021-06-21,2021-07-19,0.02382840894213878,1.0,-0.004670237194082105,-0.06431818199151795,0.4755475277206818,0.4895644283121597,outer_04,sigmoid,0.05
2696,2021-06-21,2697,2717,2021-06-22,2021-07-20,0.01590380227217647,1.0,0.010558843451350164,-0.05355206207247942,0.4758328562818499,0.4895644283121597,outer_04,sigmoid,0.05
2697,2021-06-22,2698,2718,2021-06-23,2021-07-21,0.017069291584449253,1.0,-0.0025941371359365917,-0.06557880902795432,0.47848300750927314,0.4895644283121597,outer_04,sigmoid,0.05
2698,2021-06-23,2699,2719,2021-06-24,2021-07-22,0.014080021799536269,1.0,-0.00012932137222421147,-0.06429599847896661,0.4798657520615442,0.4895644283121597,outer_04,sigmoid,0.05
2699,2021-06-24,2700,2720,2021-06-25,2021-07-23,0.017146913228749838,1.0,-0.0019361962056603232,-0.06619528390588503,0.4807086204773276,0.4895644283121597,outer_04,sigmoid,0.05
2700,2021-06-25,2701,2721,2021-06-28,2021-07-26,0.011731681922960924,1.0,0.003458877992540188,-0.06628940587959953,0.4808037038224628,0.4895644283121597,outer_04,sigmoid,0.05
2701,2021-06-28,2702,2722,2021-06-29,2021-07-27,0.010842836315298143,1.0,-0.001168493506809476,-0.06926376895167063,0.47732723875720684,0.4895644283121597,outer_04,sigmoid,0.05
2702,2021-06-29,2703,2723,2021-06-30,2021-07-28,0.021574907541022093,1.0,-0.010141014732030662,-0.07585820556304679,0.47715156485017696,0.4895644283121597,outer_04,sigmoid,0.05
2703,2021-06-30,2704,2724,2021-07-01,2021-07-29,0.020859655482681205,1.0,0.004854529703700372,-0.07561963824244522,0.47913281876969555,0.4895644283121597,outer_04,sigmoid,0.05
2704,2021-07-01,2705,2725,2021-07-02,2021-07-30,0.02913325617599316,1.0,0.0038746075877362784,-0.05165629786539583,0.48330386144216614,0.4895644283121597,outer_04,sigmoid,0.05
2705,2021-07-02,2706,2726,2021-07-05,2021-08-02,0.01526526779066284,1.0,0.006066491660837059,-0.05665256571821864,0.48312901243706874,0.4895644283121597,outer_04,sigmoid,0.05
2706,2021-07-05,2707,2727,2021-07-06,2021-08-03,0.012328300041342999,1.0,0.0024587473899071455,-0.058029941113293404,0.48299066084852277,0.4895644283121597,outer_04,sigmoid,0.05
2707,2021-07-06,2708,2728,2021-07-07,2021-08-04,0.007735920594428514,1.0,0.002964798007630165,-0.05204813588026447,0.482149965471612,0.4895644283121597,outer_04,sigmoid,0.05
2708,2021-07-07,2709,2729,2021-07-08,2021-08-05,0.00461874146103991,1.0,0.00363269151709833,-0.046210231872318985,0.481265310596314,0.4895644283121597,outer_04,sigmoid,0.05
2709,2021-07-08,2710,2730,2021-07-09,2021-08-06,0.0009480013682630073,1.0,-0.0006877541217420458,-0.052573025574721655,0.48154795685619534,0.4895644283121597,outer_04,sigmoid,0.05
2710,2021-07-09,2711,2731,2021-07-12,2021-08-09,-0.026277411696077557,0.0,0.003152016658003909,-0.0369837491746523,0.4818168721292758,0.4895644283121597,outer_04,sigmoid,0.05
2711,2021-07-12,2712,2732,2021-07-13,2021-08-10,-0.04376725705906903,0.0,-0.0010348043787553607,-0.03275463814764645,0.48221752573551485,0.4895644283121597,outer_04,sigmoid,0.05
2712,2021-07-13,2713,2733,2021-07-14,2021-08-11,-0.0442398423199295,0.0,0.0005369038489924094,-0.028234050301668034,0.48186280433672857,0.4895644283121597,outer_04,sigmoid,0.05
2713,2021-07-14,2714,2734,2021-07-15,2021-08-12,-0.0425462910462695,0.0,0.01147151746817876,0.009774141910337875,0.4834252753258812,0.4895644283121597,outer_04,sigmoid,0.05
2714,2021-07-15,2715,2735,2021-07-16,2021-08-13,-0.042819348229934384,0.0,0.0007983726746303432,0.03146643931336435,0.4815947103599498,0.4895644283121597,outer_04,sigmoid,0.05
2715,2021-07-16,2716,2736,2021-07-19,2021-08-16,-0.017942921848526083,0.0,-0.009854623607293611,0.02628205290015284,0.48203896804301244,0.4895644283121597,outer_04,sigmoid,0.05
2716,2021-07-19,2717,2737,2021-07-20,2021-08-17,-0.01412852298354661,0.0,0.0006070439355090329,0.01633025338431171,0.4822100906874719,0.4895644283121597,outer_04,sigmoid,0.05
2717,2021-07-20,2718,2738,2021-07-21,2021-08-18,-0.013401373864488697,0.0,-0.0013083623876681827,0.01761602813258012,0.48218569536587436,0.4895644283121597,outer_04,sigmoid,0.05
2718,2021-07-21,2719,2739,2021-07-22,2021-08-19,-0.009166916498230648,0.0,-0.003774570987454595,0.013970778517349736,0.4820747064810964,0.4895644283121597,outer_04,sigmoid,0.05
2719,2021-07-22,2720,2740,2021-07-23,2021-08-20,-0.014964930583712288,0.0,0.0016621239116769715,0.01756909863468703,0.4826398382766131,0.4895644283121597,outer_04,sigmoid,0.05
2720,2021-07-23,2721,2741,2021-07-26,2021-08-23,-0.011574500411674293,0.0,-0.002488673392215368,0.011621547249931474,0.4827002194359357,0.4895644283121597,outer_04,sigmoid,0.05
2721,2021-07-26,2722,2742,2021-07-27,2021-08-24,0.004118338506616581,1.0,-0.0023780563382418407,0.01041198441849911,0.4821425151515168,0.4895644283121597,outer_04,sigmoid,0.05
2722,2021-07-27,2723,2743,2021-07-28,2021-08-25,0.0010546943197091707,1.0,0.0004560470808607775,0.02100904623139055,0.4817514426926665,0.4895644283121597,outer_04,sigmoid,0.05
2723,2021-07-28,2724,2744,2021-07-29,2021-08-26,-0.009065277720277543,0.0,0.004792580687462689,0.020947097215152866,0.4817350684939004,0.4895644283121597,outer_04,sigmoid,0.05
2724,2021-07-29,2725,2745,2021-07-30,2021-08-27,-0.020087883885757662,0.0,0.011378702648152661,0.028451192275569248,0.4827963636338194,0.4895644283121597,outer_04,sigmoid,0.05
2725,2021-07-30,2726,2746,2021-08-02,2021-08-30,0.001970943001729175,1.0,-0.0074188919849227375,0.014965808629809452,0.483167982116891,0.4895644283121597,outer_04,sigmoid,0.05
2726,2021-08-02,2727,2747,2021-08-03,2021-08-31,-0.0019263202488204456,0.0,-0.0006450919479696893,0.011861969291932617,0.4820538995906523,0.4895644283121597,outer_04,sigmoid,0.05
2727,2021-08-03,2728,2748,2021-08-04,2021-09-01,0.002322932683593848,1.0,-0.0016504614273653573,0.007246709856937095,0.48197004669472515,0.4895644283121597,outer_04,sigmoid,0.05
2728,2021-08-04,2729,2749,2021-08-05,2021-09-02,0.001070049743579382,1.0,0.0008172912772836938,0.004431309617122459,0.48250316187410125,0.4895644283121597,outer_04,sigmoid,0.05
2729,2021-08-05,2730,2750,2021-08-06,2021-09-03,0.002678370452378509,1.0,-0.004353689666538152,0.0007653740723263525,0.4832919234889893,0.4895644283121597,outer_04,sigmoid,0.05
2730,2021-08-06,2731,2751,2021-08-09,2021-09-06,0.03745384655958617,1.0,-0.022737746133961068,-0.025124388719638624,0.4803301926167307,0.4895644283121597,outer_04,sigmoid,0.05
2731,2021-08-09,2732,2752,2021-08-10,2021-09-07,0.05328303087313291,1.0,-0.019240392430724285,-0.04332997677160755,0.47697185319704005,0.4895644283121597,outer_04,sigmoid,0.05
2732,2021-08-10,2733,2753,2021-08-11,2021-09-08,0.037118107673014045,1.0,-0.00048578501498930393,-0.04435266563558926,0.4776247332147261,0.4895644283121597,outer_04,sigmoid,0.05
2733,2021-08-11,2734,2754,2021-08-12,2021-09-09,0.021588814267381018,1.0,0.013079744201696109,-0.04274443890207191,0.49152313117105556,0.500748502994012,outer_05,sigmoid,0.0
2734,2021-08-12,2735,2755,2021-08-13,2021-09-10,0.022949719394169676,1.0,0.0007761760026232523,-0.042766635574079004,0.49132016610056733,0.500748502994012,outer_05,sigmoid,0.0
2735,2021-08-13,2736,2756,2021-08-16,2021-09-13,0.004637699224583791,1.0,0.015196071115775034,-0.01771594085101036,0.48953914551366184,0.500748502994012,outer_05,sigmoid,0.0
2736,2021-08-16,2737,2757,2021-08-17,2021-09-14,0.003440767512310927,1.0,0.004227719687230014,-0.014095265099289378,0.48725849079697053,0.500748502994012,outer_05,sigmoid,0.0
2737,2021-08-17,2738,2758,2021-08-18,2021-09-15,0.009782371834773151,1.0,-0.0008060363600543852,-0.01359293907167558,0.48742232978679867,0.500748502994012,outer_05,sigmoid,0.0
2738,2021-08-18,2739,2759,2021-08-19,2021-09-16,0.003769385363157518,1.0,0.0010521957159124184,-0.008766172368308567,0.48735722655092617,0.500748502994012,outer_05,sigmoid,0.0
2739,2021-08-19,2740,2760,2021-08-20,2021-09-17,-0.015038302935517223,0.0,-0.004305325512897085,-0.014733621792882623,0.48724690259602493,0.500748502994012,outer_05,sigmoid,0.0
2740,2021-08-20,2741,2761,2021-08-23,2021-09-20,-0.015442618816584819,0.0,0.0005279504972470761,-0.011716997903420179,0.48458005247432956,0.500748502994012,outer_05,sigmoid,0.0
2741,2021-08-23,2742,2762,2021-08-24,2021-09-21,-0.022943018240502155,0.0,0.01351899500328635,0.004180053438108011,0.4850529594390097,0.500748502994012,outer_05,sigmoid,0.0
2742,2021-08-24,2743,2763,2021-08-25,2021-09-22,-0.015408659813071601,0.0,-0.001302657327619805,0.0024213490296274287,0.48581720727616984,0.500748502994012,outer_05,sigmoid,0.0
2743,2021-08-25,2744,2764,2021-08-26,2021-09-23,-0.01259129188198127,0.0,-0.006957692074108124,-0.009328923731943384,0.48751674767045966,0.500748502994012,outer_05,sigmoid,0.0
2744,2021-08-26,2745,2765,2021-08-27,2021-09-24,-0.02701843144528837,0.0,0.0007593481138297165,-0.01994827826626633,0.48813380273416995,0.500748502994012,outer_05,sigmoid,0.0
2745,2021-08-27,2746,2766,2021-08-30,2021-09-27,-0.03832879014257351,0.0,0.014495175583840059,0.001965789302496468,0.48965200383953317,0.500748502994012,outer_05,sigmoid,0.0
2746,2021-08-30,2747,2767,2021-08-31,2021-09-28,-0.03332827347054934,0.0,-0.004255818197477446,-0.0016449369470112885,0.48701053054306404,0.500748502994012,outer_05,sigmoid,0.0
2747,2021-08-31,2748,2768,2021-09-01,2021-09-29,-0.04524720209308786,0.0,0.002279005177452831,0.0022845296578068996,0.4882484016044088,0.500748502994012,outer_05,sigmoid,0.0
2748,2021-09-01,2749,2769,2021-09-02,2021-09-30,-0.04934049005012575,0.0,-0.000270119046964723,0.0011971193335584829,0.4868232911308098,0.500748502994012,outer_05,sigmoid,0.0
2749,2021-09-02,2750,2770,2021-09-03,2021-10-01,-0.03010905335378844,0.0,-0.002329356451049591,0.0032214525490470436,0.4865435546932792,0.500748502994012,outer_05,sigmoid,0.0
2750,2021-09-03,2751,2771,2021-09-06,2021-10-04,-0.03761853179819852,0.0,0.009919963452762026,0.03587916213577014,0.4902056445374192,0.500748502994012,outer_05,sigmoid,0.0
2751,2021-09-06,2752,2772,2021-09-07,2021-10-05,-0.030580255676255774,0.0,-0.0024378697980624864,0.052681684768431936,0.4926875308154743,0.500748502994012,outer_05,sigmoid,0.0
2752,2021-09-07,2753,2773,2021-09-08,2021-10-06,-0.019746699451551386,0.0,-0.016157119682898013,0.037010350100523226,0.4907759707286959,0.500748502994012,outer_05,sigmoid,0.0
2753,2021-09-08,2754,2774,2021-09-09,2021-10-07,-0.014970061321752937,0.0,-0.0025842764319046196,0.021346329466922498,0.4917770720317218,0.500748502994012,outer_05,sigmoid,0.0
2754,2021-09-09,2755,2775,2021-09-10,2021-10-08,-0.02137097117861675,0.0,0.0028295192792882062,0.023399672743587452,0.49335963393892546,0.500748502994012,outer_05,sigmoid,0.0
2755,2021-09-10,2756,2776,2021-09-13,2021-10-11,-0.017143341480676533,0.0,-0.0036570052788125196,0.004546596348999898,0.48950178006877676,0.500748502994012,outer_05,sigmoid,0.0
2756,2021-09-13,2757,2777,2021-09-14,2021-10-12,-0.02232294702941573,0.0,0.003105124270415871,0.0034240009321857556,0.48908615044416504,0.500748502994012,outer_05,sigmoid,0.0
2757,2021-09-14,2758,2778,2021-09-15,2021-10-13,-0.024217356057213202,0.0,0.006292300489383784,0.010522337781623925,0.4896741731043404,0.500748502994012,outer_05,sigmoid,0.0
2758,2021-09-15,2759,2779,2021-09-16,2021-10-14,-0.0006077248141549418,0.0,-0.006091581244752398,0.003378560820959109,0.48780142188402237,0.500748502994012,outer_05,sigmoid,0.0
2759,2021-09-16,2760,2780,2021-09-17,2021-10-15,0.02391939571447743,1.0,-0.023128383640022676,-0.015444497306166483,0.4857227489048911,0.500748502994012,outer_05,sigmoid,0.0
2760,2021-09-17,2761,2781,2021-09-20,2021-10-18,0.007360742042887836,1.0,0.0006844158777870035,-0.015288031925626555,0.48893263969377476,0.500748502994012,outer_05,sigmoid,0.0
2761,2021-09-20,2762,2782,2021-09-21,2021-10-19,0.0002663349773071033,1.0,0.006195419306192385,-0.02261160762272052,0.49124181306547676,0.500748502994012,outer_05,sigmoid,0.0
2762,2021-09-21,2763,2783,2021-09-22,2021-10-20,-0.0030640857539037114,0.0,0.005126173018707547,-0.016182777276393168,0.48659218930939807,0.500748502994012,outer_05,sigmoid,0.0
2763,2021-09-22,2764,2784,2021-09-23,2021-10-21,0.00790143976336033,1.0,-0.003331567109655431,-0.012556652311940475,0.4851226262087601,0.500748502994012,outer_05,sigmoid,0.0
2764,2021-09-23,2765,2785,2021-09-24,2021-10-22,0.021956602130178915,1.0,-0.01453392226602368,-0.02784992269179387,0.4856807619603412,0.500748502994012,outer_05,sigmoid,0.0
2765,2021-09-24,2766,2786,2021-09-27,2021-10-25,0.024343942534453156,1.0,0.004146389309221732,-0.0381987089664122,0.4868335856876879,0.500748502994012,outer_05,sigmoid,0.0
2766,2021-09-27,2767,2787,2021-09-28,2021-10-26,0.031918440343694066,1.0,0.00024572341382089746,-0.033697167355113855,0.48614646856004645,0.500748502994012,outer_05,sigmoid,0.0
2767,2021-09-28,2768,2788,2021-09-29,2021-10-27,0.03338859962544927,1.0,-0.009541706526418281,-0.04551787905898497,0.48637728664212176,0.500748502994012,outer_05,sigmoid,0.0
2768,2021-09-29,2769,2789,2021-09-30,2021-10-28,0.03980215389783659,1.0,-0.004086722701422296,-0.04933448271344254,0.4858623224049837,0.500748502994012,outer_05,sigmoid,0.0
2769,2021-09-30,2770,2790,2021-10-01,2021-10-29,0.02456730715821731,1.0,0.017625800052991636,-0.029379326209401313,0.484266874901056,0.500748502994012,outer_05,sigmoid,0.0
2770,2021-10-01,2771,2791,2021-10-04,2021-11-01,0.012736653421757005,1.0,0.0017001633181212839,-0.037599126344042055,0.48654904112339065,0.500748502994012,outer_05,sigmoid,0.0
2771,2021-10-04,2772,2792,2021-10-05,2021-11-02,0.013595871843135043,1.0,0.005213214810118494,-0.029948041735861075,0.4881918704847074,0.500748502994012,outer_05,sigmoid,0.0
2772,2021-10-05,2773,2793,2021-10-06,2021-11-03,0.015565547592395035,1.0,-0.005372304815624673,-0.019163226868587735,0.4863201474712231,0.500748502994012,outer_05,sigmoid,0.0
2773,2021-10-06,2774,2794,2021-10-07,2021-11-04,0.004753425468427608,1.0,0.0017032200646314166,-0.014875730372051699,0.48586268749740347,0.500748502994012,outer_05,sigmoid,0.0
2774,2021-10-07,2775,2795,2021-10-08,2021-11-05,0.019831213330429698,1.0,-0.0045255891986979435,-0.02223083885003785,0.4851084501905049,0.500748502994012,outer_05,sigmoid,0.0
2775,2021-10-08,2776,2796,2021-10-11,2021-11-08,0.032874826261275025,1.0,0.0012471492301315834,-0.017326684341093745,0.4848794515936209,0.500748502994012,outer_05,sigmoid,0.0
2776,2021-10-11,2777,2797,2021-10-12,2021-11-09,0.0394062282003782,1.0,-0.0017031170011101437,-0.02213492561261976,0.4860837719862055,0.500748502994012,outer_05,sigmoid,0.0
2777,2021-10-12,2778,2798,2021-10-13,2021-11-10,0.03947844455054117,1.0,0.003460151988243787,-0.024967074113759757,0.48899858712838357,0.500748502994012,outer_05,sigmoid,0.0
2778,2021-10-13,2779,2799,2021-10-14,2021-11-11,0.030727209471289818,1.0,0.018328996011704568,-0.0005464968573027917,0.48342611969723176,0.500748502994012,outer_05,sigmoid,0.0
2779,2021-10-14,2780,2800,2021-10-15,2021-11-12,0.03594379993315222,1.0,0.0017666716775286417,0.024348558460248526,0.4855557094300712,0.500748502994012,outer_05,sigmoid,0.0
2780,2021-10-15,2781,2801,2021-10-18,2021-11-15,0.054835322597377,1.0,-0.015996569362849655,0.007667573219611867,0.4872614031842261,0.500748502994012,outer_05,sigmoid,0.0
2781,2021-10-18,2782,2802,2021-10-19,2021-11-16,0.054114635177141324,1.0,-0.0016364901230057072,-0.0001643362095862244,0.48799146484346895,0.500748502994012,outer_05,sigmoid,0.0
2782,2021-10-19,2783,2803,2021-10-20,2021-11-17,0.04465789958240762,1.0,0.002524396278200669,-0.0027661129500931025,0.48723726294139413,0.500748502994012,outer_05,sigmoid,0.0
2783,2021-10-20,2784,2804,2021-10-21,2021-11-18,0.045824690279564706,1.0,0.00736123626504348,0.007926690424605809,0.4861566685866805,0.500748502994012,outer_05,sigmoid,0.0
2784,2021-10-21,2785,2805,2021-10-22,2021-11-19,0.04163607622740262,1.0,0.0007067970608769514,0.02316740975150644,0.48556755519082073,0.500748502994012,outer_05,sigmoid,0.0
2785,2021-10-22,2786,2806,2021-10-25,2021-11-22,0.027103928118005882,1.0,0.0052293330277892736,0.024250353470073982,0.4853560595132436,0.500748502994012,outer_05,sigmoid,0.0
2786,2021-10-25,2787,2807,2021-10-26,2021-11-23,0.00030424981910570637,1.0,0.008199818172517581,0.032204448228770666,0.486253961988465,0.500748502994012,outer_05,sigmoid,0.0
2787,2021-10-26,2788,2808,2021-10-27,2021-11-24,-0.0022221114727321023,0.0,-0.008015752153652578,0.03373040260153637,0.4859601484091202,0.500748502994012,outer_05,sigmoid,0.0
2788,2021-10-27,2789,2809,2021-10-28,2021-11-25,-0.004920951269612672,0.0,0.0021671981718265343,0.0399843234747852,0.4875303959243633,0.500748502994012,outer_05,sigmoid,0.0
2789,2021-10-28,2790,2810,2021-10-29,2021-11-26,-0.005025136202672975,0.0,0.0010679423658706,0.023426465787664164,0.4854208105653169,0.500748502994012,outer_05,sigmoid,0.0
2790,2021-10-29,2791,2811,2021-11-01,2021-11-29,0.002894828010043149,1.0,-0.008839213392517031,0.012887089077025848,0.48462199391371275,0.500748502994012,outer_05,sigmoid,0.0
2791,2021-11-01,2792,2812,2021-11-02,2021-11-30,-0.0043041593136701195,0.0,0.00571561153097111,0.013389485797878464,0.48480764250874375,0.500748502994012,outer_05,sigmoid,0.0
2792,2021-11-02,2793,2813,2021-11-03,2021-12-01,-0.006577752604005838,0.0,-0.002993546010499948,0.01576824460300319,0.4860031017659736,0.500748502994012,outer_05,sigmoid,0.0
2793,2021-11-03,2794,2814,2021-11-04,2021-12-02,0.005702511772946117,1.0,-0.010090789526763011,0.003974235011608762,0.48597598587433755,0.500748502994012,outer_05,sigmoid,0.0
2794,2021-11-04,2795,2815,2021-11-05,2021-12-03,-0.012042450869127919,0.0,0.012253073337766374,0.02075289754807308,0.48852144492850497,0.500748502994012,outer_05,sigmoid,0.0
2795,2021-11-05,2796,2816,2021-11-08,2021-12-06,-0.018729231712939054,0.0,0.014478511981754316,0.03398426029969581,0.4919004949058178,0.500748502994012,outer_05,sigmoid,0.0
2796,2021-11-08,2797,2817,2021-11-09,2021-12-07,-0.025173328681542095,0.0,0.003459660011232657,0.03914703731203861,0.4922407314990074,0.500748502994012,outer_05,sigmoid,0.0
2797,2021-11-09,2798,2818,2021-11-10,2021-12-08,-0.025995601316888717,0.0,0.004124935413202024,0.03981182073699685,0.49210714862422017,0.500748502994012,outer_05,sigmoid,0.0
2798,2021-11-10,2799,2819,2021-11-11,2021-12-09,-0.03629192961471528,0.0,0.009395148781042195,0.030877973506334477,0.49421396373443743,0.500748502994012,outer_05,sigmoid,0.0
2799,2021-11-11,2800,2820,2021-11-12,2021-12-10,-0.04715889168512177,0.0,0.0068989208449403705,0.036010222673746206,0.495880813257455,0.500748502994012,outer_05,sigmoid,0.0
2800,2021-11-12,2801,2821,2021-11-15,2021-12-13,-0.0460520438326828,0.0,0.0013848187456710903,0.05339161078226695,0.49316891087501563,0.500748502994012,outer_05,sigmoid,0.0
2801,2021-11-15,2802,2822,2021-11-16,2021-12-14,-0.04227517817755455,0.0,-0.000880050284055578,0.05414805062121708,0.4896148804334557,0.500748502994012,outer_05,sigmoid,0.0
2802,2021-11-16,2803,2823,2021-11-17,2021-12-15,-0.04352258525802011,0.0,-0.006857588372452206,0.044766065970564206,0.4890492486280772,0.500748502994012,outer_05,sigmoid,0.0
2803,2021-11-17,2804,2824,2021-11-18,2021-12-16,-0.048245366610921714,0.0,0.009366905793273261,0.04677173549879399,0.4902954824208479,0.500748502994012,outer_05,sigmoid,0.0
2804,2021-11-18,2805,2825,2021-11-19,2021-12-17,-0.03324908879994748,0.0,-0.004605235985109424,0.04145970245280761,0.49006051761393443,0.500748502994012,outer_05,sigmoid,0.0
2805,2021-11-19,2806,2826,2021-11-22,2021-12-20,-0.022996208969209064,0.0,-0.007077888698041157,0.02915248072697718,0.49025442358311516,0.500748502994012,outer_05,sigmoid,0.0
2806,2021-11-22,2807,2827,2021-11-23,2021-12-21,-0.009558814585311382,0.0,-0.022425449488083338,-0.0014727869336237376,0.48498785964541263,0.500748502994012,outer_05,sigmoid,0.0
2807,2021-11-23,2808,2828,2021-11-24,2021-12-22,-0.00012856452140042052,0.0,-0.008619855545283883,-0.002076890325255043,0.4856373948569536,0.500748502994012,outer_05,sigmoid,0.0
2808,2021-11-24,2809,2829,2021-11-25,2021-12-23,0.008465517577285198,1.0,-0.0003577497578621802,-0.0046018382549437575,0.4860750218527504,0.500748502994012,outer_05,sigmoid,0.0
2809,2021-11-25,2810,2830,2021-11-26,2021-12-27,0.008619688341503284,1.0,-0.00012300604422499362,-0.005792786665039351,0.4864804752389745,0.500748502994012,outer_05,sigmoid,0.0
2810,2021-11-26,2811,2831,2021-11-29,2021-12-28,0.012788778998279682,1.0,0.001363402906712885,0.004409829634190565,0.4848998842075519,0.500748502994012,outer_05,sigmoid,0.0
2811,2021-11-29,2812,2832,2021-11-30,2021-12-29,0.011938844587342956,1.0,-0.0032999453854341,-0.0046057272822146444,0.4838427569196528,0.500748502994012,outer_05,sigmoid,0.0
2812,2021-11-30,2813,2833,2021-12-01,2021-12-30,0.015532687227628017,1.0,-0.005916761422356309,-0.007528942694071006,0.48439051847314757,0.500748502994012,outer_05,sigmoid,0.0
2813,2021-12-01,2814,2834,2021-12-02,2021-12-31,0.01844262142977726,1.0,0.004189742119256934,0.006751588951948939,0.48522099065828794,0.500748502994012,outer_05,sigmoid,0.0
2814,2021-12-02,2815,2835,2021-12-03,2022-01-03,0.033867081378196495,1.0,-0.007593803743882077,-0.013095288129699512,0.4846542202887539,0.500748502994012,outer_05,sigmoid,0.0
2815,2021-12-03,2816,2836,2021-12-06,2022-01-04,0.011416069481285263,1.0,0.00871558435151254,-0.018858215759941288,0.48447406655950104,0.500748502994012,outer_05,sigmoid,0.0
2816,2021-12-06,2817,2837,2021-12-07,2022-01-05,0.01943408497498833,1.0,-0.003093552891715312,-0.025411428662889257,0.48425974074843303,0.500748502994012,outer_05,sigmoid,0.0
2817,2021-12-07,2818,2838,2021-12-08,2022-01-06,0.01416569341566909,1.0,0.003250501805166728,-0.026285862270924554,0.4841352244367405,0.500748502994012,outer_05,sigmoid,0.0
2818,2021-12-08,2819,2839,2021-12-09,2022-01-07,0.004532414466979162,1.0,-0.0009364530425148843,-0.03661746409448163,0.4841769212838718,0.500748502994012,outer_05,sigmoid,0.0
2819,2021-12-09,2820,2840,2021-12-10,2022-01-10,0.010619152475580762,1.0,-0.004137603510278254,-0.04765398844970026,0.48665515281091176,0.500748502994012,outer_05,sigmoid,0.0
2820,2021-12-10,2821,2841,2021-12-13,2022-01-11,0.009846082256215638,1.0,0.004322720653496148,-0.0447160865418752,0.4884723143474977,0.500748502994012,outer_05,sigmoid,0.0
2821,2021-12-13,2822,2842,2021-12-14,2022-01-12,0.01896293466549004,1.0,0.002336259855114875,-0.04149977640270475,0.48800988000781087,0.500748502994012,outer_05,sigmoid,0.0
2822,2021-12-14,2823,2843,2021-12-15,2022-01-13,0.030214517838766497,1.0,-0.009225463665726075,-0.043867651695978616,0.4875482902344769,0.500748502994012,outer_05,sigmoid,0.0
2823,2021-12-15,2824,2844,2021-12-16,2022-01-14,0.023974502563555156,1.0,0.003670018523115104,-0.04956453896613677,0.4909921237539396,0.500748502994012,outer_05,sigmoid,0.0
2824,2021-12-16,2825,2845,2021-12-17,2022-01-17,0.010487575867010435,1.0,0.01226487714585911,-0.03269442583516824,0.4888915824693834,0.500748502994012,outer_05,sigmoid,0.0
2825,2021-12-17,2826,2846,2021-12-20,2022-01-18,0.009926627283737055,1.0,-0.0005782596769412507,-0.026194796814068333,0.4902709248311908,0.500748502994012,outer_05,sigmoid,0.0
2826,2021-12-20,2827,2847,2021-12-21,2022-01-19,0.012916004769128797,1.0,-0.004280608941949815,-0.00804995626793481,0.4881465980098191,0.500748502994012,outer_05,sigmoid,0.0
2827,2021-12-21,2828,2848,2021-12-22,2022-01-20,0.0282901257738839,1.0,-0.0009332398908084016,-0.00036334061345932867,0.48830584744455086,0.500748502994012,outer_05,sigmoid,0.0
2828,2021-12-22,2829,2849,2021-12-23,2022-01-21,0.01983927314014622,1.0,0.008301436527424322,0.008295845671827173,0.4903847490392815,0.500748502994012,outer_05,sigmoid,0.0
2829,2021-12-23,2830,2850,2021-12-27,2022-01-24,0.014801568434521073,1.0,0.0023371095842668055,0.010755961300318972,0.4914808172962107,0.500748502994012,outer_05,sigmoid,0.0
2830,2021-12-27,2831,2851,2021-12-28,2022-01-25,0.017130453928452027,1.0,0.0022433551421494613,0.011635913535755549,0.49167456825862305,0.500748502994012,outer_05,sigmoid,0.0
2831,2021-12-28,2832,2852,2021-12-29,2022-01-26,0.022403476655603605,1.0,-0.0031454302526441325,0.011790428668545516,0.49006898887800826,0.500748502994012,outer_05,sigmoid,0.0
2832,2021-12-29,2833,2853,2021-12-30,2022-01-27,0.008930404863844998,1.0,-0.0012354469539825885,0.016471743136919237,0.49026393854854944,0.500748502994012,outer_05,sigmoid,0.0
2833,2021-12-30,2834,2854,2021-12-31,2022-01-28,-0.009601562160135302,0.0,0.006178556148936032,0.018460557166598335,0.49254831380081376,0.500748502994012,outer_05,sigmoid,0.0
2834,2021-12-31,2835,2855,2022-01-03,2022-01-31,-0.02302572448682305,0.0,0.00724062065160247,0.03329498156208288,0.49430364476272065,0.500748502994012,outer_05,sigmoid,0.0
2835,2022-01-03,2836,2856,2022-01-04,2022-02-01,-0.0027500246499760905,0.0,-0.014917055086754338,0.009662342123816003,0.48777646982765827,0.500748502994012,outer_05,sigmoid,0.0
2836,2022-01-04,2837,2857,2022-01-05,2022-02-02,-0.007092973862391716,0.0,0.00727967900762394,0.020035574023155256,0.489253398637392,0.500748502994012,outer_05,sigmoid,0.0
2837,2022-01-05,2838,2858,2022-01-06,2022-02-03,-0.001725187046629273,0.0,-0.0021131683583410776,0.01467190385964745,0.4900446310575198,0.500748502994012,outer_05,sigmoid,0.0
2838,2022-01-06,2839,2859,2022-01-07,2022-02-04,0.00757516178050377,1.0,-0.01156043705850518,0.004047919843657155,0.48823729960407636,0.500748502994012,outer_05,sigmoid,0.0
2839,2022-01-07,2840,2860,2022-01-10,2022-02-07,0.007537194206226339,1.0,0.0036698107565955596,0.011855334110530968,0.4878748304895528,0.500748502994012,outer_05,sigmoid,0.0
2840,2022-01-10,2841,2861,2022-01-11,2022-02-08,0.011481207736013133,1.0,0.0029961195178689337,0.010528732974903754,0.4887507785804692,0.500748502994012,outer_05,sigmoid,0.0
2841,2022-01-11,2842,2862,2022-01-12,2022-02-09,0.003077440310883084,1.0,0.01089679355201767,0.01908926667180655,0.49046602553039886,0.500748502994012,outer_05,sigmoid,0.0
2842,2022-01-12,2843,2863,2022-01-13,2022-02-10,0.0038048218385933197,1.0,0.002582542688853273,0.030897273026385896,0.49015512843517894,0.500748502994012,outer_05,sigmoid,0.0
2843,2022-01-13,2844,2864,2022-01-14,2022-02-11,0.003173674887615441,1.0,-0.001880044951312776,0.025347209551958017,0.4902656505697032,0.500748502994012,outer_05,sigmoid,0.0
2844,2022-01-14,2845,2865,2022-01-17,2022-02-14,0.020968804413897146,1.0,-0.0028404661636258766,0.01024186624247303,0.4884489227505079,0.500748502994012,outer_05,sigmoid,0.0
2845,2022-01-17,2846,2866,2022-01-18,2022-02-15,0.02835769767519203,1.0,0.0008634320583711386,0.01168355797778542,0.4898132917468286,0.500748502994012,outer_05,sigmoid,0.0
2846,2022-01-18,2847,2867,2022-01-19,2022-02-16,0.021675317150360307,1.0,-0.0029784128535848,0.012985754066150434,0.48776754461497923,0.500748502994012,outer_05,sigmoid,0.0
2847,2022-01-19,2848,2868,2022-01-20,2022-02-17,0.0159839523793206,1.0,0.014738946681475795,0.02865794063843463,0.48861593071614784,0.500748502994012,outer_05,sigmoid,0.0
2848,2022-01-20,2849,2869,2022-01-21,2022-02-18,0.03180085787766096,1.0,-0.000597800113451008,0.0197587039975593,0.4885943687222308,0.500748502994012,outer_05,sigmoid,0.0
2849,2022-01-21,2850,2870,2022-01-24,2022-02-21,0.03729042350416556,1.0,-0.002667277911160504,0.014754316502131992,0.4875132510621384,0.500748502994012,outer_05,sigmoid,0.0
2850,2022-01-24,2851,2871,2022-01-25,2022-02-22,0.03683652829340023,1.0,0.004638663596963077,0.01714962495694561,0.48779297016872164,0.500748502994012,outer_05,sigmoid,0.0
2851,2022-01-25,2852,2872,2022-01-26,2022-02-23,0.027452076236439638,1.0,0.0024547203352520697,0.02274977554484181,0.4917224633777077,0.500748502994012,outer_05,sigmoid,0.0
2852,2022-01-26,2853,2873,2022-01-27,2022-02-24,0.04821722866815392,1.0,-0.01573727498089106,0.00824794751793334,0.48734113176064187,0.500748502994012,outer_05,sigmoid,0.0
2853,2022-01-27,2854,2874,2022-01-28,2022-02-25,0.05898356153963036,1.0,-0.012247286293039394,-0.010177894924042086,0.48741922587725545,0.500748502994012,outer_05,sigmoid,0.0
2854,2022-01-28,2855,2875,2022-01-31,2022-02-28,0.07058135964088752,1.0,-0.002853736873762891,-0.020272252449407446,0.48850276990063085,0.500748502994012,outer_05,sigmoid,0.0
2855,2022-01-31,2856,2876,2022-02-01,2022-03-01,0.059810419490804456,1.0,0.002953915525775841,-0.002401281836877267,0.48740637956365074,0.500748502994012,outer_05,sigmoid,0.0
2856,2022-02-01,2857,2877,2022-02-02,2022-03-02,0.07586970590768516,1.0,0.002234712335368094,-0.007446248509133113,0.4881266541917907,0.500748502994012,outer_05,sigmoid,0.0
2857,2022-02-02,2858,2878,2022-02-03,2022-03-03,0.06550688617170675,1.0,0.0033039921845094966,-0.002029087966282539,0.4883712471121545,0.500748502994012,outer_05,sigmoid,0.0
2858,2022-02-03,2859,2879,2022-02-04,2022-03-04,0.07054603822125838,1.0,-0.0010964245479208046,0.008434924544301836,0.48904123454050297,0.500748502994012,outer_05,sigmoid,0.0
2859,2022-02-04,2860,2880,2022-02-07,2022-03-07,0.09092081070062541,1.0,0.0016386548984401728,0.006403768686146449,0.488956584279813,0.500748502994012,outer_05,sigmoid,0.0
2860,2022-02-07,2861,2881,2022-02-08,2022-03-08,0.09226559608245388,1.0,0.006967440101345979,0.010375089269623494,0.49132014787885764,0.500748502994012,outer_05,sigmoid,0.0
2861,2022-02-08,2862,2882,2022-02-09,2022-03-09,0.11585380966911796,1.0,0.0030440088114493946,0.0025223045290552193,0.4906190753158462,0.500748502994012,outer_05,sigmoid,0.0
2862,2022-02-09,2863,2883,2022-02-10,2022-03-10,0.08326178116350658,1.0,0.003738832965074934,0.00367859480527688,0.4906479820686697,0.500748502994012,outer_05,sigmoid,0.0
2863,2022-02-10,2864,2884,2022-02-11,2022-03-11,0.0889927796130312,1.0,-0.0033446126674796517,0.0022140270891100045,0.4901073669377945,0.500748502994012,outer_05,sigmoid,0.0
2864,2022-02-11,2865,2885,2022-02-14,2022-03-14,0.06461227128725167,1.0,0.01748951851994729,0.02254401177268317,0.49453969785962937,0.500748502994012,outer_05,sigmoid,0.0
2865,2022-02-14,2866,2886,2022-02-15,2022-03-15,0.043266813539065474,1.0,0.006840529311419097,0.02852110902573113,0.49742481821923384,0.500748502994012,outer_05,sigmoid,0.0
2866,2022-02-15,2867,2887,2022-02-16,2022-03-16,0.03512870676108992,1.0,-0.009868271540479867,0.02163125033883606,0.4977841196464009,0.500748502994012,outer_05,sigmoid,0.0
2867,2022-02-16,2868,2888,2022-02-17,2022-03-17,0.029452095709978643,1.0,0.008403320493349575,0.015295624150709841,0.4987020486705571,0.500748502994012,outer_05,sigmoid,0.0
2868,2022-02-17,2869,2889,2022-02-18,2022-03-18,0.02264172996593672,1.0,0.01552888063778024,0.03142230490194109,0.5009434399033795,0.500748502994012,outer_05,sigmoid,0.0
2869,2022-02-18,2870,2890,2022-02-21,2022-03-21,0.01179327346446879,1.0,-0.00047950385443940036,0.03361007895866219,0.5007554368885315,0.500748502994012,outer_05,sigmoid,0.0
2870,2022-02-21,2871,2891,2022-02-22,2022-03-22,0.012541320731129346,1.0,0.003220377441129685,0.0321917928028288,0.5004724714433142,0.500748502994012,outer_05,sigmoid,0.0
2871,2022-02-22,2872,2892,2022-02-23,2022-03-23,0.0116959785285502,1.0,-0.0026091820081761696,0.02712789045940056,0.49672004332343805,0.500748502994012,outer_05,sigmoid,0.0
2872,2022-02-23,2873,2893,2022-02-24,2022-03-24,0.017944728776171814,1.0,0.005033400178564129,0.04789856561885575,0.49960485687050105,0.500748502994012,outer_05,sigmoid,0.0
2873,2022-02-24,2874,2894,2022-02-25,2022-03-25,0.027108885972891628,1.0,-0.0022613701151437127,0.05788448179675143,0.4975862213418051,0.500748502994012,outer_05,sigmoid,0.0
2874,2022-02-25,2875,2895,2022-02-28,2022-03-28,0.018496587107321716,1.0,-0.008185656541720654,0.05255256212879367,0.49451642936072865,0.500748502994012,outer_05,sigmoid,0.0
2875,2022-02-28,2876,2896,2022-03-01,2022-03-29,0.007335602575924582,1.0,0.010541357874802593,0.06014000447782042,0.4953203450787906,0.500748502994012,outer_05,sigmoid,0.0
2876,2022-03-01,2877,2897,2022-03-02,2022-03-30,-0.01182998490062559,0.0,0.019157544763686474,0.0770628369061388,0.4999508069170587,0.500748502994012,outer_05,sigmoid,0.0
2877,2022-03-02,2878,2898,2022-03-03,2022-03-31,0.0020091037769764952,1.0,-0.009068483281026829,0.06469036144060247,0.4988810395363358,0.500748502994012,outer_05,sigmoid,0.0
2878,2022-03-03,2879,2899,2022-03-04,2022-04-01,0.00022200022291141153,1.0,0.004663291950962822,0.0704500779394861,0.49976636816442993,0.500748502994012,outer_05,sigmoid,0.0
2879,2022-03-04,2880,2900,2022-03-07,2022-04-04,-0.02899243718785982,0.0,0.016957368824534136,0.08576879186558006,0.5014969710478667,0.500748502994012,outer_05,sigmoid,0.0
2880,2022-03-07,2881,2901,2022-03-08,2022-04-05,-0.03295706842354473,0.0,0.013864673138634487,0.09266602490286857,0.4995575616062068,0.500748502994012,outer_05,sigmoid,0.0
2881,2022-03-08,2882,2902,2022-03-09,2022-04-06,-0.06394780421862478,0.0,0.026146733722162807,0.11576874981358198,0.5009895632008046,0.500748502994012,outer_05,sigmoid,0.0
2882,2022-03-09,2883,2903,2022-03-10,2022-04-07,-0.03462596456796696,0.0,-0.028578038073256096,0.08345187877525095,0.503009238559483,0.500748502994012,outer_05,sigmoid,0.0
2883,2022-03-10,2884,2904,2022-03-11,2022-04-08,-0.03341050422018821,0.0,0.0018152647648417286,0.08861175620757233,0.5049567968619632,0.500748502994012,outer_05,sigmoid,0.0
2884,2022-03-11,2885,2905,2022-03-14,2022-04-11,-0.016362626445305395,0.0,-0.005420448664678723,0.06570178902294632,0.503734212919527,0.500748502994012,outer_05,sigmoid,0.0
2885,2022-03-14,2886,2906,2022-03-15,2022-04-12,-0.0005172126960433232,0.0,-0.017162177646528498,0.04169908206499873,0.5040044028975093,0.500748502994012,outer_05,sigmoid,0.0
2886,2022-03-15,2887,2907,2022-03-16,2022-04-13,0.02402538049039471,1.0,-0.01751401707267064,0.034053336532807954,0.501317311147178,0.500748502994012,outer_05,sigmoid,0.0
2887,2022-03-16,2888,2908,2022-03-17,2022-04-14,0.02633598876747012,1.0,0.003784107638844958,0.029434123678303337,0.5008308006408781,0.500748502994012,outer_05,sigmoid,0.0
2888,2022-03-17,2889,2909,2022-03-18,2022-04-18,0.015440100731626494,1.0,0.009169038661799078,0.023074281702322175,0.4988556192958757,0.500748502994012,outer_05,sigmoid,0.0
2889,2022-03-18,2890,2910,2022-03-21,2022-04-19,0.02687053905084902,1.0,-0.011296162361096762,0.012257623195664813,0.49789620142676283,0.500748502994012,outer_05,sigmoid,0.0
2890,2022-03-21,2891,2911,2022-03-22,2022-04-20,0.007040796570695562,1.0,0.007350285319707162,0.01638753107424229,0.4990144484414033,0.500748502994012,outer_05,sigmoid,0.0
2891,2022-03-22,2892,2912,2022-03-23,2022-04-21,0.017940893047653006,1.0,-0.006939070068757935,0.012057643013660524,0.4961007030646203,0.500748502994012,outer_05,sigmoid,0.0
2892,2022-03-23,2893,2913,2022-03-24,2022-04-22,0.0030349348651785846,1.0,0.012068251341937675,0.01909249417703407,0.49681744738338574,0.500748502994012,outer_05,sigmoid,0.0
2893,2022-03-24,2894,2914,2022-03-25,2022-04-25,-0.013449649115111484,0.0,0.006197143732062926,0.02755100802424071,0.4970643975852098,0.500748502994012,outer_05,sigmoid,0.0
2894,2022-03-25,2895,2915,2022-03-28,2022-04-26,-0.029621955240700437,0.0,0.00014817880610351608,0.03588484337206488,0.4970669978051634,0.500748502994012,outer_05,sigmoid,0.0
2895,2022-03-28,2896,2916,2022-03-29,2022-04-27,-0.008525851069363988,0.0,-0.01826266386641784,0.007080821630844447,0.4971959290693331,0.500748502994012,outer_05,sigmoid,0.0
2896,2022-03-29,2897,2917,2022-03-30,2022-04-28,-0.0182104616868779,0.0,-0.00130690726804783,-0.013383630400889857,0.4970274129720259,0.500748502994012,outer_05,sigmoid,0.0
2897,2022-03-30,2898,2918,2022-03-31,2022-04-29,-0.019873912458534093,0.0,0.007174704490445549,0.0028595573705825217,0.4955761774408905,0.500748502994012,outer_05,sigmoid,0.0
2898,2022-03-31,2899,2919,2022-04-01,2022-05-02,-0.019737688641247253,0.0,0.0019379800949748116,0.00013424551459451095,0.4977760286057171,0.500748502994012,outer_05,sigmoid,0.0
2899,2022-04-01,2900,2920,2022-04-04,2022-05-03,-0.03201849217710695,0.0,-0.006625302338182593,-0.023448425648122218,0.49817703780574646,0.500748502994012,outer_05,sigmoid,0.0
2900,2022-04-04,2901,2921,2022-04-05,2022-05-04,-0.033930459026019655,0.0,0.004475208477004777,-0.03283789030975193,0.4986908979071538,0.500748502994012,outer_05,sigmoid,0.0
2901,2022-04-05,2902,2922,2022-04-06,2022-05-05,-0.021614962179905106,0.0,-0.004719509633972052,-0.06370413366588679,0.5010070440585661,0.500748502994012,outer_05,sigmoid,0.0
2902,2022-04-06,2903,2923,2022-04-07,2022-05-06,-0.0251461789094769,0.0,0.0010339731204895841,-0.034092122472141106,0.5000528241113047,0.500748502994012,outer_05,sigmoid,0.0
2903,2022-04-07,2904,2924,2022-04-08,2022-05-09,-0.025300286885302725,0.0,0.0029246610041386845,-0.03298272623284415,0.49940126981585825,0.500748502994012,outer_05,sigmoid,0.0
2904,2022-04-08,2905,2925,2022-04-11,2022-05-10,-0.0496731786809681,0.0,0.007814050823257368,-0.01974822674490806,0.4976291110223473,0.500748502994012,outer_05,sigmoid,0.0
2905,2022-04-11,2906,2926,2022-04-12,2022-05-11,-0.05978172801050441,0.0,0.004311489526452661,0.0017254404280730995,0.4928486529245468,0.500748502994012,outer_05,sigmoid,0.0
2906,2022-04-12,2907,2927,2022-04-13,2022-05-12,-0.06047114823718136,0.0,0.005901286893655211,0.02514074439439895,0.494727138006915,0.500748502994012,outer_05,sigmoid,0.0
2907,2022-04-13,2908,2928,2022-04-14,2022-05-13,-0.08136578527627325,0.0,0.005770602250092516,0.02712723900564651,0.49496260139996473,0.500748502994012,outer_05,sigmoid,0.0
2908,2022-04-14,2909,2929,2022-04-18,2022-05-16,-0.0835297518293121,0.0,-0.0023133687027652172,0.015644831641082213,0.49388481096782944,0.500748502994012,outer_05,sigmoid,0.0
2909,2022-04-18,2910,2930,2022-04-19,2022-05-17,-0.08030105861627934,0.0,0.0027935947720933996,0.029734588774272375,0.4930052984219564,0.500748502994012,outer_05,sigmoid,0.0
2910,2022-04-19,2911,2931,2022-04-20,2022-05-18,-0.07200465507867193,0.0,-0.015031215562521183,0.00735308789204403,0.494411401966685,0.500748502994012,outer_05,sigmoid,0.0
2911,2022-04-20,2912,2932,2022-04-21,2022-05-19,-0.07410993846181935,0.0,0.00432065625233502,0.018612814213136986,0.4925767237833089,0.500748502994012,outer_05,sigmoid,0.0
2912,2022-04-21,2913,2933,2022-04-22,2022-05-20,-0.05716987530664852,0.0,-0.003013275518399361,0.00353128735279995,0.4915621896976959,0.500748502994012,outer_05,sigmoid,0.0
2913,2022-04-22,2914,2934,2022-04-25,2022-05-23,-0.044851420596853764,0.0,-0.010212131543784864,-0.01287798792304784,0.49751360447596027,0.500748502994012,outer_05,sigmoid,0.0
2914,2022-04-25,2915,2935,2022-04-26,2022-05-24,-0.02412260310330261,0.0,-0.017882333011917773,-0.03090849974106913,0.5001441628432726,0.500748502994012,outer_05,sigmoid,0.0
2915,2022-04-26,2916,2936,2022-04-27,2022-05-25,-0.02163281373380954,0.0,0.004453436948143263,-0.008192398926508027,0.4968172442327565,0.500748502994012,outer_05,sigmoid,0.0
2916,2022-04-27,2917,2937,2022-04-28,2022-05-26,-0.0175276008226124,0.0,-0.0108713063018957,-0.017756797960355897,0.4994085502563455,0.500748502994012,outer_05,sigmoid,0.0
2917,2022-04-28,2918,2938,2022-04-29,2022-05-27,-0.023750762683098614,0.0,0.004598195812603123,-0.020333306638198323,0.49774411908354677,0.500748502994012,outer_05,sigmoid,0.0
2918,2022-04-29,2919,2939,2022-05-02,2022-05-30,-0.025084414663719024,0.0,0.0011607539871967276,-0.021110532745976407,0.4965205661830278,0.500748502994012,outer_05,sigmoid,0.0
2919,2022-05-02,2920,2940,2022-05-03,2022-05-31,-0.00398444391448205,0.0,-0.017667091604524288,-0.0321523220123181,0.4967014689204743,0.500748502994012,outer_05,sigmoid,0.0
2920,2022-05-03,2921,2941,2022-05-04,2022-06-01,-0.01688143200702541,0.0,0.0025728864274405794,-0.0340546440618823,0.4980421598909279,0.500748502994012,outer_05,sigmoid,0.0
2921,2022-05-04,2922,2942,2022-05-05,2022-06-02,-0.01864882164128634,0.0,0.0073285018211244335,-0.022006632606785814,0.4946108804950125,0.500748502994012,outer_05,sigmoid,0.0
2922,2022-05-05,2923,2943,2022-05-06,2022-06-03,-0.004005238859420501,0.0,-0.0024208899943785056,-0.025461495721653904,0.49581293936524323,0.500748502994012,outer_05,sigmoid,0.0
2923,2022-05-06,2924,2944,2022-05-09,2022-06-06,-0.01762221487806581,0.0,0.0027503162643203183,-0.02563584046147227,0.4942120836774734,0.500748502994012,outer_05,sigmoid,0.0
2924,2022-05-09,2925,2945,2022-05-10,2022-06-07,-0.006729839341864441,0.0,-0.01511603785462956,-0.0485659291393592,0.4935630795938911,0.500748502994012,outer_05,sigmoid,0.0
2925,2022-05-10,2926,2946,2022-05-11,2022-06-08,0.007357396240327496,1.0,-0.008606991224898941,-0.0614844098907108,0.4974549744568919,0.500748502994012,outer_05,sigmoid,0.0
2926,2022-05-11,2927,2947,2022-05-12,2022-06-09,0.0007289161340304773,1.0,0.007619518023623151,-0.05976617876074286,0.4971430190992361,0.500748502994012,outer_05,sigmoid,0.0
2927,2022-05-12,2928,2948,2022-05-13,2022-06-10,0.013677345702554966,1.0,-0.01652624269623093,-0.08206302370706631,0.5012062111010442,0.500748502994012,outer_05,sigmoid,0.0
2928,2022-05-13,2929,2949,2022-05-16,2022-06-13,0.03459761782823101,1.0,-0.005658315404822645,-0.08540797040912373,0.500060216733782,0.500748502994012,outer_05,sigmoid,0.0
2929,2022-05-16,2930,2950,2022-05-17,2022-06-14,-0.005439573852133783,0.0,0.007221359874930222,-0.08098020530628691,0.49970225550927305,0.500748502994012,outer_05,sigmoid,0.0
2930,2022-05-17,2931,2951,2022-05-18,2022-06-15,-0.003887724892516431,0.0,-0.005643941989975865,-0.0715929317337416,0.5005514966969519,0.500748502994012,outer_05,sigmoid,0.0
2931,2022-05-18,2932,2952,2022-05-19,2022-06-16,0.009185186433485981,1.0,0.0015584261401242472,-0.07435516184595237,0.5003966599651517,0.500748502994012,outer_05,sigmoid,0.0
2932,2022-05-19,2933,2953,2022-05-20,2022-06-17,0.006315827558827536,1.0,0.013021843036153946,-0.05832004329139906,0.49850598770312277,0.500748502994012,outer_05,sigmoid,0.0
2933,2022-05-20,2934,2954,2022-05-23,2022-06-20,-0.00653664518745245,0.0,0.002462788208303479,-0.04564512353931072,0.4983715979749216,0.500748502994012,outer_05,sigmoid,0.0
2934,2022-05-23,2935,2955,2022-05-24,2022-06-21,-0.00841495373520651,0.0,0.004265666821006597,-0.023497123706386347,0.49578884976203064,0.500748502994012,outer_05,sigmoid,0.0
2935,2022-05-24,2936,2956,2022-05-25,2022-06-22,-0.017774062820054226,0.0,0.006742432270037568,-0.021208128384492042,0.49751475519947186,0.500748502994012,outer_05,sigmoid,0.0
2936,2022-05-25,2937,2957,2022-05-26,2022-06-23,-0.008428485431852373,0.0,-0.006639934286191362,-0.016976756368787704,0.4961297272683317,0.500748502994012,outer_05,sigmoid,0.0
2937,2022-05-26,2938,2958,2022-05-27,2022-06-24,-0.014587436105804485,0.0,-0.0015871990893607801,-0.023162151270751608,0.49663121145582667,0.500748502994012,outer_05,sigmoid,0.0
2938,2022-05-27,2939,2959,2022-05-30,2022-06-27,-0.00890446928435118,0.0,0.0011501609063104823,-0.023172744351637853,0.4986756571500099,0.500748502994012,outer_05,sigmoid,0.0
2939,2022-05-30,2940,2960,2022-05-31,2022-06-28,-0.018148311985886068,0.0,0.0011434490253652285,-0.004362203721748337,0.4982180231401866,0.500748502994012,outer_05,sigmoid,0.0
2940,2022-05-31,2941,2961,2022-06-01,2022-06-29,-0.009628399164465229,0.0,-0.009119130926312558,-0.016054221075501474,0.49624145041232104,0.500748502994012,outer_05,sigmoid,0.0
2941,2022-06-01,2942,2962,2022-06-02,2022-06-30,-0.015912589178415537,0.0,0.0045482995177277274,-0.01883442337889818,0.4972463197644627,0.500748502994012,outer_05,sigmoid,0.0
2942,2022-06-02,2943,2963,2022-06-03,2022-07-01,-0.03382221200312863,0.0,0.011693269171111353,-0.004720264213408321,0.4956639580044644,0.500748502994012,outer_05,sigmoid,0.0
2943,2022-06-03,2944,2964,2022-06-06,2022-07-04,-0.02138274845243604,0.0,-0.00924857110676669,-0.01671915158449533,0.49838762117678775,0.500748502994012,outer_05,sigmoid,0.0
2944,2022-06-06,2945,2965,2022-06-07,2022-07-05,-0.018001220583251154,0.0,-0.004884530329913872,-0.00648764405977964,0.5004594390338571,0.500748502994012,outer_05,sigmoid,0.0
2945,2022-06-07,2946,2966,2022-06-08,2022-07-06,-0.047783416284435276,0.0,0.005343596489407965,0.007462943654527265,0.49985069798011944,0.500748502994012,outer_05,sigmoid,0.0
2946,2022-06-08,2947,2967,2022-06-09,2022-07-07,-0.06275752298454318,0.0,0.0004426641978545476,0.0002860898287586622,0.49951110601275056,0.500748502994012,outer_05,sigmoid,0.0
2947,2022-06-09,2948,2968,2022-06-10,2022-07-08,-0.059733722437753656,0.0,-0.0026426948153561725,0.01416963770963342,0.49907414173147735,0.500748502994012,outer_05,sigmoid,0.0
2948,2022-06-10,2949,2969,2022-06-13,2022-07-11,-0.07580251750994638,0.0,0.012706145655474899,0.032534098769930964,0.4997926232493906,0.500748502994012,outer_05,sigmoid,0.0
2949,2022-06-13,2950,2970,2022-06-14,2022-07-12,-0.04593014948645191,0.0,-0.028430280320592693,-0.003117541425591952,0.4958661079286116,0.500748502994012,outer_05,sigmoid,0.0
2950,2022-06-14,2951,2971,2022-06-15,2022-07-13,-0.04612566347963476,0.0,-0.005401813367793551,-0.0028754128034096382,0.49862317450761573,0.500748502994012,outer_05,sigmoid,0.0
2951,2022-06-15,2952,2972,2022-06-16,2022-07-14,-0.05459288944025875,0.0,0.0134283999006799,0.008994560957146014,0.4959469639258463,0.500748502994012,outer_05,sigmoid,0.0
2952,2022-06-16,2953,2973,2022-06-17,2022-07-15,-0.08282092431227106,0.0,0.01230287803691521,0.008275595957907278,0.4958556524069395,0.500748502994012,outer_05,sigmoid,0.0
2953,2022-06-17,2954,2974,2022-06-20,2022-07-18,-0.07297273070298527,0.0,-0.008699329381602894,-0.002886521631999095,0.4987031964518948,0.500748502994012,outer_05,sigmoid,0.0
2954,2022-06-20,2955,2975,2022-06-21,2022-07-19,-0.07205950957135254,0.0,-0.001076438072844077,-0.00822862652584977,0.49880562906480735,0.500748502994012,outer_05,sigmoid,0.0
2955,2022-06-21,2956,2976,2022-06-22,2022-07-20,-0.06826886092015272,0.0,-0.0027234467324017686,-0.017694505528289106,0.4989466386830273,0.500748502994012,outer_05,sigmoid,0.0
2956,2022-06-22,2957,2977,2022-06-23,2022-07-21,-0.07959420162422504,0.0,0.002674490186765688,-0.008380081055332056,0.4984141897573858,0.500748502994012,outer_05,sigmoid,0.0
2957,2022-06-23,2958,2978,2022-06-24,2022-07-22,-0.059783682730846444,0.0,-0.008231488182338431,-0.015024370148309707,0.49841032327944224,0.500748502994012,outer_05,sigmoid,0.0
2958,2022-06-24,2959,2979,2022-06-27,2022-07-25,-0.061313924707876666,0.0,0.002284513151614931,-0.013890017903005258,0.49850088384280217,0.500748502994012,outer_05,sigmoid,0.0
2959,2022-06-27,2960,2980,2022-06-28,2022-07-26,-0.05848477099493543,0.0,-0.0025587863294171953,-0.017592253257787682,0.49635644873141344,0.500748502994012,outer_05,sigmoid,0.0
2960,2022-06-28,2961,2981,2022-06-29,2022-07-27,-0.05756398826210685,0.0,-0.0011692472862590009,-0.009642369617734126,0.4970048272860465,0.500748502994012,outer_05,sigmoid,0.0
2961,2022-06-29,2962,2982,2022-06-30,2022-07-28,-0.047058961705777946,0.0,-0.001302602365631067,-0.01549327150109292,0.4972906145290761,0.500748502994012,outer_05,sigmoid,0.0
2962,2022-06-30,2963,2983,2022-07-01,2022-07-29,-0.02884021621655375,0.0,-0.006117947813282676,-0.03330448848548695,0.4969461282388322,0.500748502994012,outer_05,sigmoid,0.0
2963,2022-07-01,2964,2984,2022-07-04,2022-08-01,-0.026096510241835347,0.0,0.0009844861280203787,-0.02307143125069988,0.495070814409002,0.500748502994012,outer_05,sigmoid,0.0
2964,2022-07-04,2965,2985,2022-07-05,2022-08-02,-0.020248424815560995,0.0,-0.0005750876614190048,-0.018761988582205014,0.4955074739038698,0.500748502994012,outer_05,sigmoid,0.0
2965,2022-07-05,2966,2986,2022-07-06,2022-08-03,-0.002744232600457863,0.0,-0.024253248977569086,-0.048358834049182065,0.49846621250619483,0.500748502994012,outer_05,sigmoid,0.0
2966,2022-07-06,2967,2987,2022-07-07,2022-08-04,0.014418210888633709,1.0,-0.014556463963984356,-0.06335796221102097,0.4992925098073109,0.500748502994012,outer_05,sigmoid,0.0
2967,2022-07-07,2968,2988,2022-07-08,2022-08-05,0.028522069112855597,1.0,0.0005805982624433881,-0.06013466913322141,0.4999155206356775,0.500748502994012,outer_05,sigmoid,0.0
2968,2022-07-08,2969,2989,2022-07-11,2022-08-08,0.017224968427205667,1.0,0.0013553328095365913,-0.07148548197915972,0.502505178927955,0.500748502994012,outer_05,sigmoid,0.0
2969,2022-07-11,2970,2990,2022-07-12,2022-08-09,0.03135095717606973,1.0,-0.004849756519049286,-0.04790495817761631,0.4996052634505405,0.500748502994012,outer_05,sigmoid,0.0
2970,2022-07-12,2971,2991,2022-07-13,2022-08-10,0.03902368822899138,1.0,-0.004583677330587399,-0.047086822140410156,0.49815833346077804,0.500748502994012,outer_05,sigmoid,0.0
2971,2022-07-13,2972,2992,2022-07-14,2022-08-11,0.03196094849947606,1.0,0.00543105928824783,-0.055084162752842225,0.5000080635369192,0.500748502994012,outer_05,sigmoid,0.0
2972,2022-07-14,2973,2993,2022-07-15,2022-08-12,0.047811489016328146,1.0,-0.014960179857657074,-0.08234722064741451,0.5034656561922389,0.500748502994012,outer_05,sigmoid,0.0
2973,2022-07-15,2974,2994,2022-07-18,2022-08-15,0.05427412306466106,1.0,-0.0014047247879158675,-0.07505261605372748,0.5041194515109689,0.500748502994012,outer_05,sigmoid,0.0
2974,2022-07-18,2975,2995,2022-07-19,2022-08-16,0.0399177261436936,1.0,0.0009776631119651213,-0.07299851486891829,0.5040842735303688,0.500748502994012,outer_05,sigmoid,0.0
2975,2022-07-19,2976,2996,2022-07-20,2022-08-17,0.03687043005330892,1.0,0.00150268259993247,-0.06877238553658405,0.5037010915569335,0.500748502994012,outer_05,sigmoid,0.0
2976,2022-07-20,2977,2997,2022-07-21,2022-08-18,0.0380784178959388,1.0,-0.008820246789437824,-0.08026712251278756,0.5034197849172093,0.500748502994012,outer_05,sigmoid,0.0
2977,2022-07-21,2978,2998,2022-07-22,2022-08-19,0.023556352060360553,1.0,0.01269224267006308,-0.05934339166038605,0.5018030550972647,0.500748502994012,outer_05,sigmoid,0.0
2978,2022-07-22,2979,2999,2022-07-25,2022-08-22,0.011447913204981397,1.0,0.005328578480956914,-0.056299326331044064,0.5018195510699976,0.500748502994012,outer_05,sigmoid,0.0
2979,2022-07-25,2980,3000,2022-07-26,2022-08-23,0.009644403935864077,1.0,-0.004490843109784315,-0.058231383111411184,0.5028245715975604,0.500748502994012,outer_05,sigmoid,0.0
2980,2022-07-26,2981,3001,2022-07-27,2022-08-24,0.01747215467414076,1.0,-0.001419909224723348,-0.05848204504987553,0.5037793132779423,0.500748502994012,outer_05,sigmoid,0.0
2981,2022-07-27,2982,3002,2022-07-28,2022-08-25,0.009759645544436424,1.0,0.009926114301846312,-0.04725332838239815,0.5012086197019583,0.500748502994012,outer_05,sigmoid,0.0
2982,2022-07-28,2983,3003,2022-07-29,2022-08-26,0.0018555204194479202,1.0,0.01232050792238848,-0.028814872646726997,0.49773952813749106,0.500748502994012,outer_05,sigmoid,0.0
2983,2022-07-29,2984,3004,2022-08-01,2022-08-29,-0.016454223313385086,0.0,0.005775422589264778,-0.024023936185482597,0.49652589935910646,0.500748502994012,outer_05,sigmoid,0.0
2984,2022-08-01,2985,3005,2022-08-02,2022-08-30,-0.019296464885114162,0.0,0.0034594677985131383,-0.019989380725550454,0.4961548396224366,0.500748502994012,outer_05,sigmoid,0.0
2985,2022-08-02,2986,3006,2022-08-03,2022-08-31,-0.021753338653412335,0.0,-0.006272026357342142,-0.00200815810532351,0.4978389190396211,0.500748502994012,outer_05,sigmoid,0.0
2986,2022-08-03,2987,3007,2022-08-04,2022-09-01,-0.031219095196706625,0.0,0.00251240026555255,0.015060706124213397,0.49754900134517177,0.500748502994012,outer_05,sigmoid,0.0
2987,2022-08-04,2988,3008,2022-08-05,2022-09-02,-0.05354249785445564,0.0,0.014429761703870447,0.028909869565640456,0.4985308292510735,0.500748502994012,outer_05,sigmoid,0.0
2988,2022-08-05,2989,3009,2022-08-08,2022-09-05,-0.03433108696444176,0.0,-0.008809690936703696,0.01874484581940017,0.49850287897822326,0.500748502994012,outer_05,sigmoid,0.0
2989,2022-08-08,2990,3010,2022-08-09,2022-09-06,-0.044672099519524444,0.0,0.007608610378584402,0.031203212717033857,0.49950072276844665,0.500748502994012,outer_05,sigmoid,0.0
2990,2022-08-09,2991,3011,2022-08-10,2022-09-07,-0.05295117303534003,0.0,0.0029749218907459962,0.03876181193836725,0.4974382436792782,0.500748502994012,outer_05,sigmoid,0.0
2991,2022-08-10,2992,3012,2022-08-11,2022-09-08,-0.04186184749919697,0.0,-0.0011822112069781454,0.032148541443141276,0.49611251437775633,0.500748502994012,outer_05,sigmoid,0.0
2992,2022-08-11,2993,3013,2022-08-12,2022-09-09,-0.046388326368694166,0.0,-0.0015356139748661235,0.04557310732593223,0.4975775096680288,0.500748502994012,outer_05,sigmoid,0.0
2993,2022-08-12,2994,3014,2022-08-15,2022-09-12,-0.047343295300622756,0.0,0.006783538401810674,0.05376137051565877,0.4950425697203114,0.500748502994012,outer_05,sigmoid,0.0
2994,2022-08-15,2995,3015,2022-08-16,2022-09-13,-0.03145654706805079,0.0,-0.012398791635856554,0.04038491576783709,0.49351467280518596,0.500748502994012,outer_05,sigmoid,0.0
2995,2022-08-16,2996,3016,2022-08-17,2022-09-14,-0.04284808445946098,0.0,-0.002227924226979816,0.03665430894092481,0.4959608401325264,0.500748502994012,outer_05,sigmoid,0.0
2996,2022-08-17,2997,3017,2022-08-18,2022-09-15,-0.037518634488032276,0.0,-0.0076100167681314446,0.03786453896223119,0.49820453362339656,0.500748502994012,outer_05,sigmoid,0.0
2997,2022-08-18,2998,3018,2022-08-19,2022-09-16,-0.055060420795563836,0.0,-0.0020565968877939156,0.02311569940437419,0.4983429370452479,0.500748502994012,outer_05,sigmoid,0.0
2998,2022-08-19,2999,3019,2022-08-22,2022-09-19,-0.04180013116930681,0.0,-0.006332637560174881,0.011454483363242396,0.4969675262117095,0.500748502994012,outer_05,sigmoid,0.0
2999,2022-08-22,3000,3020,2022-08-23,2022-09-20,-0.0351007845728315,0.0,-0.006390275030648596,0.009555051442378115,0.4981316838753464,0.500748502994012,outer_05,sigmoid,0.0
3000,2022-08-23,3001,3021,2022-08-24,2022-09-21,-0.048597066343328166,0.0,0.006682114681138884,0.017657075348240348,0.49633927502132924,0.500748502994012,outer_05,sigmoid,0.0
3001,2022-08-24,3002,3022,2022-08-25,2022-09-22,-0.0468553119367634,0.0,0.002000526519703172,0.009731487566097208,0.49648635946273384,0.500748502994012,outer_05,sigmoid,0.0
3002,2022-08-25,3003,3023,2022-08-26,2022-09-23,-0.05079210986111793,0.0,0.004176751344700413,0.0015877309884091417,0.4955787840687946,0.500748502994012,outer_05,sigmoid,0.0
3003,2022-08-26,3004,3024,2022-08-29,2022-09-26,-0.05448334644673203,0.0,-0.011748354877608946,-0.015936046478464583,0.4983557059059232,0.500748502994012,outer_05,sigmoid,0.0
3004,2022-08-29,3005,3025,2022-08-30,2022-09-27,-0.06810136233307418,0.0,-0.00036253463897573113,-0.019758048915953452,0.5001260203543215,0.500748502994012,outer_05,sigmoid,0.0
3005,2022-08-30,3006,3026,2022-08-31,2022-09-28,-0.05578108631255407,0.0,-0.007637947048385385,-0.021123969606996695,0.5010796412178107,0.500748502994012,outer_05,sigmoid,0.0
3006,2022-08-31,3007,3027,2022-09-01,2022-09-29,-0.030458303717399993,0.0,-0.00770842365832447,-0.031344793530873716,0.5021655423026612,0.500748502994012,outer_05,sigmoid,0.0
3007,2022-09-01,3008,3028,2022-09-02,2022-09-30,-0.021832041755347475,0.0,-0.007886115259694293,-0.053660670494438456,0.5008761629805298,0.500748502994012,outer_05,sigmoid,0.0
3008,2022-09-02,3009,3029,2022-09-05,2022-10-03,-0.028649752839802645,0.0,0.008931746340690161,-0.0359192332170446,0.4965291229405564,0.500748502994012,outer_05,sigmoid,0.0
3009,2022-09-05,3010,3030,2022-09-06,2022-10-04,-0.00699847107370033,0.0,-0.001583476089372482,-0.04511131968500148,0.4967108195172381,0.500748502994012,outer_05,sigmoid,0.0
3010,2022-09-06,3011,3031,2022-09-07,2022-10-05,0.013429052539349229,1.0,-0.004789031330747484,-0.05287527290649496,0.4956095590912204,0.500748502994012,outer_05,sigmoid,0.0
3011,2022-09-07,3012,3032,2022-09-08,2022-10-06,-0.0014091316375850482,0.0,0.009572696683087578,-0.04212036501642924,0.49285213455611326,0.500748502994012,outer_05,sigmoid,0.0
3012,2022-09-08,3013,3033,2022-09-09,2022-10-07,0.00181846404559316,1.0,-0.005749003924711893,-0.04633375496627501,0.49494975383598083,0.500748502994012,outer_05,sigmoid,0.0
3013,2022-09-09,3014,3034,2022-09-12,2022-10-10,-0.012901591198898998,0.0,0.004922249644871535,-0.04819504372321415,0.4966369034901664,0.500748502994012,outer_05,sigmoid,0.0
3014,2022-09-12,3015,3035,2022-09-13,2022-10-11,-0.03325730579534625,0.0,0.004556107766851447,-0.031240144320506147,0.49580241200453995,0.500748502994012,outer_05,sigmoid,0.0
3015,2022-09-13,3016,3036,2022-09-14,2022-10-12,-0.02077555614729576,0.0,-0.013055297608788763,-0.042067517702315094,0.49832354599509276,0.500748502994012,outer_05,sigmoid,0.0
3016,2022-09-14,3017,3037,2022-09-15,2022-10-13,-0.013928165272656834,0.0,-0.0029179237570797767,-0.037375424691263426,0.49774365763905176,0.500748502994012,outer_05,sigmoid,0.0
3017,2022-09-15,3018,3038,2022-09-16,2022-10-14,0.0008706434604732749,1.0,-0.019513278578534354,-0.054832106382003865,0.4988584068825205,0.500748502994012,outer_05,sigmoid,0.0
3018,2022-09-16,3019,3039,2022-09-19,2022-10-17,-0.017574213320414422,0.0,0.0062583111642728895,-0.042241157657556094,0.5001666333047875,0.500748502994012,outer_05,sigmoid,0.0
3019,2022-09-19,3020,3040,2022-09-20,2022-10-18,-0.015290238572980286,0.0,0.00041782065358120235,-0.035433061973326296,0.4996863416853562,0.500748502994012,outer_05,sigmoid,0.0
3020,2022-09-20,3021,3041,2022-09-21,2022-10-19,-0.007742767812752405,0.0,-0.0065559871635461064,-0.04867116381801129,0.5005398526851299,0.500748502994012,outer_05,sigmoid,0.0
3021,2022-09-21,3022,3042,2022-09-22,2022-10-20,-0.02545221745281001,0.0,0.005373699837522672,-0.04529799050019179,0.5000861160048317,0.500748502994012,outer_05,sigmoid,0.0
3022,2022-09-22,3023,3043,2022-09-23,2022-10-21,-0.026154828846800093,0.0,-0.0015366726593253333,-0.051011414504217534,0.4997942088876329,0.500748502994012,outer_05,sigmoid,0.0
3023,2022-09-23,3024,3044,2022-09-26,2022-10-24,0.009625645648883463,1.0,-0.015856642337809035,-0.05511970196441762,0.5012040612039436,0.500748502994012,outer_05,sigmoid,0.0
3024,2022-09-26,3025,3045,2022-09-27,2022-10-25,0.01610671375791828,1.0,-0.013754819324159229,-0.06851198664960112,0.5026807268447859,0.500748502994012,outer_05,sigmoid,0.0
3025,2022-09-27,3026,3046,2022-09-28,2022-10-26,0.013589235524264609,1.0,0.004158010148664459,-0.056716029452551275,0.5003609795503168,0.500748502994012,outer_05,sigmoid,0.0
3026,2022-09-28,3027,3047,2022-09-29,2022-10-27,0.002767718160090915,1.0,0.018680766035447327,-0.030326839758779478,0.4940385521735587,0.500748502994012,outer_05,sigmoid,0.0
3027,2022-09-29,3028,3048,2022-09-30,2022-10-28,0.0010109764003773947,1.0,0.0003854957281808069,-0.022055228770904378,0.49451561094700025,0.500748502994012,outer_05,sigmoid,0.0
3028,2022-09-30,3029,3049,2022-10-03,2022-10-31,-0.012243816374884808,0.0,0.00016258644968036862,-0.03082438866191417,0.4978458399108804,0.500748502994012,outer_05,sigmoid,0.0
3029,2022-10-03,3030,3050,2022-10-04,2022-11-01,-0.03953017411197557,0.0,0.02311130388728344,-0.006129608685258248,0.49304487516612183,0.500748502994012,outer_05,sigmoid,0.0
3030,2022-10-04,3031,3051,2022-10-05,2022-11-02,-0.04615072137189724,0.0,0.015598863851577605,0.014258286497066841,0.49446155488792254,0.500748502994012,outer_05,sigmoid,0.0
3031,2022-10-05,3032,3052,2022-10-06,2022-11-03,-0.04875228963029521,0.0,-0.005861882415516995,-0.0011762926015377317,0.49466861823947983,0.500748502994012,outer_05,sigmoid,0.0
3032,2022-10-06,3033,3053,2022-10-07,2022-11-04,-0.0496162490956813,0.0,-0.0021932263789086193,0.002379484944265542,0.4950444324443819,0.500748502994012,outer_05,sigmoid,0.0
3033,2022-10-07,3034,3054,2022-10-10,2022-11-07,-0.013141885101457085,0.0,-0.010383711950868069,-0.012926476651474061,0.49499568844916547,0.500748502994012,outer_05,sigmoid,0.0
3034,2022-10-10,3035,3055,2022-10-11,2022-11-08,0.004056218207423079,1.0,-0.01592145038394044,-0.03340403480226595,0.49629449760808797,0.500748502994012,outer_05,sigmoid,0.0
3035,2022-10-11,3036,3056,2022-10-12,2022-11-09,0.02720301764052735,1.0,-0.0011577234334403386,-0.021506460626917523,0.49421097452440527,0.500748502994012,outer_05,sigmoid,0.0
3036,2022-10-12,3037,3057,2022-10-13,2022-11-10,0.019016636728378167,1.0,0.004204580915255107,-0.014383955954582639,0.4907683424170254,0.500748502994012,outer_05,sigmoid,0.0
3037,2022-10-13,3038,3058,2022-10-14,2022-11-11,0.05114353765193158,1.0,-0.004150564007949775,0.0009787586160019401,0.49096386125945585,0.500748502994012,outer_05,sigmoid,0.0
3038,2022-10-14,3039,3059,2022-10-17,2022-11-14,0.06895884572944944,1.0,-0.013230902755918095,-0.018510455304189044,0.4899757154532831,0.500748502994012,outer_05,sigmoid,0.0
3039,2022-10-17,3040,3060,2022-10-18,2022-11-15,0.07028096731594236,1.0,0.0038120026979875377,-0.015116273259782709,0.48796177890717746,0.500748502994012,outer_05,sigmoid,0.0
3040,2022-10-18,3041,3061,2022-10-19,2022-11-16,0.07341632558564815,1.0,0.0008175649738202395,-0.007742721122416363,0.48893392829131493,0.500748502994012,outer_05,sigmoid,0.0
3041,2022-10-19,3042,3062,2022-10-20,2022-11-17,0.08493719787229104,1.0,-0.013965779439594428,-0.027082200399533463,0.49099286319122315,0.500748502994012,outer_05,sigmoid,0.0
3042,2022-10-20,3043,3063,2022-10-21,2022-11-18,0.07806655281379715,1.0,-0.0006017734074950098,-0.02614730114770314,0.49176414685703285,0.500748502994012,outer_05,sigmoid,0.0
3043,2022-10-21,3044,3064,2022-10-24,2022-11-21,0.053575601786533866,1.0,0.01783717878626767,0.007546519976373567,0.48668693874977936,0.500748502994012,outer_05,sigmoid,0.0
3044,2022-10-24,3045,3065,2022-10-25,2022-11-22,0.052569906738113126,1.0,-0.0048205398350837925,0.016480799465449003,0.4898337033573669,0.500748502994012,outer_05,sigmoid,0.0
3045,2022-10-25,3046,3066,2022-10-26,2022-11-23,0.051772243697516984,1.0,0.0022528806418256053,0.014575669958610149,0.49278899704037804,0.500748502994012,outer_05,sigmoid,0.0
3046,2022-10-26,3047,3067,2022-10-27,2022-11-24,0.05002199778405991,1.0,0.00695665463415196,0.0028515585573147817,0.4896962991130293,0.500748502994012,outer_05,sigmoid,0.0
3047,2022-10-27,3048,3068,2022-10-28,2022-11-25,0.05400643954124451,1.0,-0.0008173372091002662,0.0016487256200337086,0.48967430220558866,0.500748502994012,outer_05,sigmoid,0.0
3048,2022-10-28,3049,3069,2022-10-31,2022-11-28,0.06554685020288087,1.0,-0.011282338392394564,-0.009796199222041224,0.4914433177840886,0.500748502994012,outer_05,sigmoid,0.0
3049,2022-10-31,3050,3070,2022-11-01,2022-11-29,0.06358651685938899,1.0,-0.006735511224413848,-0.03964301433373851,0.4949198878069203,0.500748502994012,outer_05,sigmoid,0.0
3050,2022-11-01,3051,3071,2022-11-02,2022-11-30,0.060185271918615335,1.0,0.008594417192448134,-0.046647460992867984,0.4945834158841874,0.500748502994012,outer_05,sigmoid,0.0
3051,2022-11-02,3052,3072,2022-11-03,2022-12-01,0.07912269026297203,1.0,-0.007670482634288156,-0.048456061211639145,0.49558414200042755,0.500748502994012,outer_05,sigmoid,0.0
3052,2022-11-03,3053,3073,2022-11-04,2022-12-02,0.10104039209507931,1.0,-0.0033817138047025352,-0.04964454863743306,0.49740214232427704,0.500748502994012,outer_05,sigmoid,0.0
3053,2022-11-04,3054,3074,2022-11-07,2022-12-05,0.07010150978612373,1.0,0.03096001789941827,-0.008300818787146724,0.486577247768693,0.500748502994012,outer_05,sigmoid,0.0
3054,2022-11-07,3055,3075,2022-11-08,2022-12-06,0.05419730698563363,1.0,-0.0032656982034211524,0.004354933393372562,0.489147561775705,0.500748502994012,outer_05,sigmoid,0.0
3055,2022-11-08,3056,3076,2022-11-09,2022-12-07,0.03371951127486561,1.0,0.021856793373951966,0.027369450200764867,0.4926246457615669,0.500748502994012,outer_05,sigmoid,0.0
3056,2022-11-09,3057,3077,2022-11-10,2022-12-08,0.04560289577453425,1.0,-0.003164439286099885,0.020000429999409874,0.49116188106344605,0.500748502994012,outer_05,sigmoid,0.0
3057,2022-11-10,3058,3078,2022-11-11,2022-12-09,0.0203661301142688,1.0,0.028051746928307253,0.0522027409356669,0.49462196931873487,0.500748502994012,outer_05,sigmoid,0.0
3058,2022-11-11,3059,3079,2022-11-14,2022-12-12,0.018875480349073825,1.0,0.008321964961871764,0.07375560865345676,0.49619190548952125,0.500748502994012,outer_05,sigmoid,0.0
3059,2022-11-14,3060,3080,2022-11-15,2022-12-13,0.005991143846607372,1.0,0.0005308874982086209,0.07047449345367784,0.4958490128424464,0.500748502994012,outer_05,sigmoid,0.0
3060,2022-11-15,3061,3081,2022-11-16,2022-12-14,0.018342899914891575,1.0,0.00429882824722938,0.07395575672708699,0.4915935831170231,0.500748502994012,outer_05,sigmoid,0.0
3061,2022-11-16,3062,3082,2022-11-17,2022-12-15,0.01865590280961804,1.0,-0.0027755041730062047,0.08514603199367521,0.4903884280115238,0.500748502994012,outer_05,sigmoid,0.0
3062,2022-11-17,3063,3083,2022-11-18,2022-12-16,0.009114720058723158,1.0,-0.007708105035612256,0.07803970036555796,0.4883007103977731,0.500748502994012,outer_05,sigmoid,0.0
3063,2022-11-18,3064,3084,2022-11-21,2022-12-19,0.02340552188883116,1.0,-0.005240475204426609,0.05496204637486368,0.4869940068755048,0.500748502994012,outer_05,sigmoid,0.0
3064,2022-11-21,3065,3085,2022-11-22,2022-12-20,0.027594020403418185,1.0,-0.007578747091664617,0.05220383911828286,0.4879826070232277,0.500748502994012,outer_05,sigmoid,0.0
3065,2022-11-22,3066,3086,2022-11-23,2022-12-21,0.043764608144151396,1.0,0.0012766987000345509,0.0512276571764918,0.48735768896903653,0.500748502994012,outer_05,sigmoid,0.0
3066,2022-11-23,3067,3087,2022-11-24,2022-12-22,0.03605161990052075,1.0,0.005405000305124474,0.04967600284746432,0.48673340676967064,0.500748502994012,outer_05,sigmoid,0.0
3067,2022-11-24,3068,3088,2022-11-25,2022-12-23,0.02174648163455295,1.0,0.0034124856927508773,0.05390582574931546,0.48722902255479544,0.500748502994012,outer_05,sigmoid,0.0
3068,2022-11-25,3069,3089,2022-11-28,2022-12-27,0.025772592029550623,1.0,-0.0004159508668157841,0.06477221327489424,0.48741437954102584,0.500748502994012,outer_05,sigmoid,0.0
3069,2022-11-28,3070,3090,2022-11-29,2022-12-28,0.04168090626439103,1.0,-0.007522596005633986,0.0639851284936741,0.4870406883647326,0.500748502994012,outer_05,sigmoid,0.0
3070,2022-11-29,3071,3091,2022-11-30,2022-12-29,0.03091715584124799,1.0,0.004680387901105476,0.060071099202331446,0.48616980605799803,0.500748502994012,outer_05,sigmoid,0.0
3071,2022-11-30,3072,3092,2022-12-01,2022-12-30,0.0254384848999738,1.0,0.010642329399714434,0.07838391123633404,0.48552844330826,0.500748502994012,outer_05,sigmoid,0.0
3072,2022-12-01,3073,3093,2022-12-02,2023-01-03,0.01347614153972998,1.0,0.019304764717813505,0.10107038975885008,0.4867412272857759,0.500748502994012,outer_05,sigmoid,0.0
3073,2022-12-02,3074,3094,2022-12-05,2023-01-04,0.02353502946017194,1.0,-0.0027104803255122434,0.06739989153391956,0.487177441253472,0.500748502994012,outer_05,sigmoid,0.0
3074,2022-12-05,3075,3095,2022-12-06,2023-01-05,0.04765356432337953,1.0,-0.016447268808384763,0.054218320928955954,0.48964869154381463,0.500748502994012,outer_05,sigmoid,0.0
3075,2022-12-06,3076,3096,2022-12-07,2023-01-06,0.03405588253877223,1.0,0.001322168548713698,0.033683696103717686,0.48974420378257305,0.500748502994012,outer_05,sigmoid,0.0
3076,2022-12-07,3077,3097,2022-12-08,2023-01-09,0.04483514248445086,1.0,0.008428571925951367,0.04527670731576894,0.4893353075676027,0.500748502994012,outer_05,sigmoid,0.0
3077,2022-12-08,3078,3098,2022-12-09,2023-01-10,0.044436457227409853,1.0,0.001678340850922666,0.01890330123838435,0.48593093808372,0.500748502994012,outer_05,sigmoid,0.0
3078,2022-12-09,3079,3099,2022-12-12,2023-01-11,0.04358421167731219,1.0,0.0047289322018713165,0.015310268478383904,0.4842556040819515,0.500748502994012,outer_05,sigmoid,0.0
3079,2022-12-12,3080,3100,2022-12-13,2023-01-12,0.051260452296112646,1.0,-0.009047964194149216,0.005731416786026067,0.48403019661049584,0.500748502994012,outer_05,sigmoid,0.0
3080,2022-12-13,3081,3101,2022-12-14,2023-01-13,0.04591784393147247,1.0,0.01628198050243501,0.017714569041231698,0.4840778046151609,0.500748502994012,outer_05,sigmoid,0.0
3081,2022-12-14,3082,3102,2022-12-15,2023-01-16,0.060097467925600334,1.0,-0.0018298873727431442,0.01866018584149476,0.48358511602359056,0.500748502994012,outer_05,sigmoid,0.0
3082,2022-12-15,3083,3103,2022-12-16,2023-01-17,0.07501457012678436,1.0,-0.016964692573576023,0.009403598303530991,0.4845785173098298,0.500748502994012,outer_05,sigmoid,0.0
3083,2022-12-16,3084,3104,2022-12-19,2023-01-18,0.06249787397692064,1.0,0.009131971918100668,0.023776045426058268,0.4855296961910607,0.500748502994012,outer_05,sigmoid,0.0
3084,2022-12-19,3085,3105,2022-12-20,2023-01-19,0.06313894078314775,1.0,-0.0030440573669974214,0.028310735150725463,0.4854264004223071,0.500748502994012,outer_05,sigmoid,0.0
3085,2022-12-20,3086,3106,2022-12-21,2023-01-20,0.060742080116042096,1.0,0.016653552977873964,0.04368758942856488,0.48313674727709566,0.500748502994012,outer_05,sigmoid,0.0
3086,2022-12-21,3087,3107,2022-12-22,2023-01-23,0.05988756440678422,1.0,-0.0019384226653267334,0.03634416645811367,0.4840046843379448,0.500748502994012,outer_05,sigmoid,0.0
3087,2022-12-22,3088,3108,2022-12-23,2023-01-24,0.07385065217570741,1.0,-0.012061534531880191,0.0208701462334826,0.4852616559588575,0.500748502994012,outer_05,sigmoid,0.0
3088,2022-12-23,3089,3109,2022-12-27,2023-01-25,0.07334025132185662,1.0,0.0034030403972789003,0.024689137497577285,0.48577699036627425,0.500748502994012,outer_05,sigmoid,0.0
3089,2022-12-27,3090,3110,2022-12-28,2023-01-26,0.0704221115083552,1.0,0.008283592679672047,0.04049532618288332,0.48649036684012903,0.500748502994012,outer_05,sigmoid,0.0
3090,2022-12-28,3091,3111,2022-12-29,2023-01-27,0.06647680904385211,1.0,-0.005119314158991806,0.030695624122786036,0.48538295895320416,0.500748502994012,outer_05,sigmoid,0.0
3091,2022-12-29,3092,3112,2022-12-30,2023-01-30,0.06016486108493613,1.0,0.005846935695617006,0.025900230418688608,0.48631204987814175,0.500748502994012,outer_05,sigmoid,0.0
3092,2022-12-30,3093,3113,2023-01-03,2023-01-31,0.05144657542315478,1.0,0.004815392144348785,0.011410857845223887,0.48435694641857463,0.500748502994012,outer_05,sigmoid,0.0
3093,2023-01-03,3094,3114,2023-01-04,2023-02-01,0.04739695150094647,1.0,0.008692335962367181,0.022813674133103312,0.48457583069912263,0.500748502994012,outer_05,sigmoid,0.0
3094,2023-01-04,3095,3115,2023-01-05,2023-02-02,0.05097860141890731,1.0,0.008234687789712147,0.04749563073120022,0.48612665814306705,0.500748502994012,outer_05,sigmoid,0.0
3095,2023-01-05,3096,3116,2023-01-06,2023-02-03,0.04254642507969297,1.0,-0.011801850833690786,0.03437161134879574,0.4870867453289296,0.500748502994012,outer_05,sigmoid,0.0
3096,2023-01-06,3097,3117,2023-01-09,2023-02-06,-0.003056515702213325,0.0,0.01790285586016971,0.04384589528301408,0.4869320394977618,0.500748502994012,outer_05,sigmoid,0.0
3097,2023-01-09,3098,3118,2023-01-10,2023-02-07,-0.0018510003893990046,0.0,0.0030179009982767013,0.045185455430368116,0.48608210041750066,0.500748502994012,outer_05,sigmoid,0.0
3098,2023-01-10,3099,3119,2023-01-11,2023-02-08,-0.0016369364690280719,0.0,0.0027957271356227054,0.043252250364119504,0.4868867804815394,0.500748502994012,outer_05,sigmoid,0.0
3099,2023-01-11,3100,3120,2023-01-12,2023-02-09,9.599692817197081e-05,1.0,-0.0006715415861977547,0.051628672972070966,0.4867291416146388,0.500748502994012,outer_05,sigmoid,0.0
3100,2023-01-12,3101,3121,2023-01-13,2023-02-10,-0.017496322443506074,0.0,0.011186629222011746,0.0465333216916477,0.4846251866658345,0.500748502994012,outer_05,sigmoid,0.0
3101,2023-01-13,3102,3122,2023-01-16,2023-02-13,-0.028714760421056695,0.0,0.012334321064665588,0.06069753012905643,0.4855164980877815,0.500748502994012,outer_05,sigmoid,0.0
3102,2023-01-16,3103,3123,2023-01-17,2023-02-14,-0.0325710523694962,0.0,-0.0025236343280417017,0.07513858837459075,0.4891138948296014,0.500748502994012,outer_05,sigmoid,0.0
3103,2023-01-17,3104,3124,2023-01-18,2023-02-15,-0.028846825051523695,0.0,-0.0035878324279039475,0.06241878402858614,0.487570374628032,0.500748502994012,outer_05,sigmoid,0.0
3104,2023-01-18,3105,3125,2023-01-19,2023-02-16,-0.03619336741895207,0.0,-0.0023237830927751446,0.06313905830280842,0.4866056610802419,0.500748502994012,outer_05,sigmoid,0.0
3105,2023-01-19,3106,3126,2023-01-20,2023-02-17,-0.05055109038902028,0.0,0.014576879210718374,0.061062384535652825,0.48507432744315165,0.500748502994012,outer_05,sigmoid,0.0
3106,2023-01-20,3107,3127,2023-01-23,2023-02-20,-0.045128663363900756,0.0,-0.0032140700134233313,0.05978673718755623,0.4851587810728916,0.500748502994012,outer_05,sigmoid,0.0
3107,2023-01-23,3108,3128,2023-01-24,2023-02-21,-0.04743834122831192,0.0,0.0025565448212754305,0.07440481654071185,0.48371464507756134,0.500748502994012,outer_05,sigmoid,0.0
3108,2023-01-24,3109,3129,2023-01-25,2023-02-22,-0.054268577586445765,0.0,0.0033142831344186163,0.07431605927785156,0.4834367806746816,0.500748502994012,outer_05,sigmoid,0.0
3109,2023-01-25,3110,3130,2023-01-26,2023-02-23,-0.06402627445905562,0.0,0.004542489283007711,0.07057495588118723,0.48504789964983025,0.500748502994012,outer_05,sigmoid,0.0
3110,2023-01-26,3111,3131,2023-01-27,2023-02-24,-0.05645124778518529,0.0,-0.008846463647209646,0.06684780639296939,0.4841601404944568,0.500748502994012,outer_05,sigmoid,0.0
3111,2023-01-27,3112,3132,2023-01-30,2023-02-27,-0.061289670978346145,0.0,-0.00033184349735737584,0.06066902719999501,0.4841738882690113,0.500748502994012,outer_05,sigmoid,0.0
3112,2023-01-30,3113,3133,2023-01-31,2023-02-28,-0.05661162383221541,0.0,-0.002632721504670421,0.0532209135509758,0.48461165318173577,0.500748502994012,outer_05,sigmoid,0.0
3113,2023-01-31,3114,3134,2023-02-01,2023-03-01,-0.05402659298407997,0.0,0.0025289978244611433,0.04705757541306976,0.4838451910629117,0.500748502994012,outer_05,sigmoid,0.0
3114,2023-02-01,3115,3135,2023-02-02,2023-03-02,-0.06036203375986382,0.0,0.011325079269848715,0.05014796689320633,0.4831486952433173,0.500748502994012,outer_05,sigmoid,0.0
3115,2023-02-02,3116,3136,2023-02-03,2023-03-03,-0.04040932265585262,0.0,-0.01939656839975612,0.042553249327140996,0.48437780364669214,0.500748502994012,outer_05,sigmoid,0.0
3116,2023-02-03,3117,3137,2023-02-06,2023-03-06,-0.004208583745005434,0.0,-0.02476829777168721,-0.00011790430471592117,0.48933242148027045,0.500748502994012,outer_05,sigmoid,0.0
3117,2023-02-06,3118,3138,2023-02-07,2023-03-07,-0.011378904821190972,0.0,0.0009856809227759555,-0.002150124380216667,0.49234010144121104,0.500748502994012,outer_05,sigmoid,0.0
3118,2023-02-07,3119,3139,2023-02-08,2023-03-08,-0.03253121839969886,0.0,0.0031967696043251337,-0.0017490819115142386,0.4933190796451406,0.500748502994012,outer_05,sigmoid,0.0
3119,2023-02-08,3120,3140,2023-02-09,2023-03-09,-0.033077129999361965,0.0,0.0010242240531770364,-5.331627213944756e-05,0.49044031658711895,0.500748502994012,outer_05,sigmoid,0.0
3120,2023-02-09,3121,3141,2023-02-10,2023-03-10,-0.017043160159669668,0.0,-0.007470988473627926,-0.01871093396777912,0.49350494948649176,0.500748502994012,outer_05,sigmoid,0.0
3121,2023-02-10,3122,3142,2023-02-13,2023-03-13,0.01145355963938588,1.0,0.0020177417804783104,-0.029027513251966397,0.49381686675783554,0.500748502994012,outer_05,sigmoid,0.0
3122,2023-02-13,3123,3143,2023-02-14,2023-03-14,0.031149706868724536,1.0,-0.00642151740347785,-0.032925396327402545,0.49630496472321023,0.500748502994012,outer_05,sigmoid,0.0
3123,2023-02-14,3124,3144,2023-02-15,2023-03-15,0.026911223820888175,1.0,0.0005124374061979964,-0.0288251264933006,0.4977443982208417,0.500748502994012,outer_05,sigmoid,0.0
3124,2023-02-15,3125,3145,2023-02-16,2023-03-16,0.04419696727947375,1.0,-0.0100320335371471,-0.03653337693767256,0.49948796691427216,0.500748502994012,outer_05,sigmoid,0.0
3125,2023-02-16,3126,3146,2023-02-17,2023-03-17,0.04422042691182515,1.0,0.00031588005534644026,-0.05079437609304449,0.50049992983444,0.500748502994012,outer_05,sigmoid,0.0
3126,2023-02-17,3127,3147,2023-02-20,2023-03-20,0.076225820461846,1.0,0.0033215849096874805,-0.04425872116993368,0.49756919456362303,0.500748502994012,outer_05,sigmoid,0.0
3127,2023-02-20,3128,3148,2023-02-21,2023-03-21,0.07199831383435562,1.0,-0.000694934606391584,-0.047510200597600694,0.49979356975615363,0.500748502994012,outer_05,sigmoid,0.0
3128,2023-02-21,3129,3149,2023-02-22,2023-03-22,0.05566147198780236,1.0,-0.0034764855626807645,-0.054300969294700074,0.49947940249415596,0.500748502994012,outer_05,sigmoid,0.0
3129,2023-02-22,3130,3150,2023-02-23,2023-03-23,0.07587475430319657,1.0,-0.005284064239170938,-0.06412752281687872,0.5000814550067038,0.500748502994012,outer_05,sigmoid,0.0
3130,2023-02-23,3131,3151,2023-02-24,2023-03-24,0.08984964174662213,1.0,-0.0016065934087077238,-0.0568876525783768,0.5013500104705355,0.500748502994012,outer_05,sigmoid,0.0
3131,2023-02-24,3132,3152,2023-02-27,2023-03-27,0.08728258661840727,1.0,-0.006303195301671671,-0.0628590043826911,0.5020182055528973,0.500748502994012,outer_05,sigmoid,0.0
3132,2023-02-27,3133,3153,2023-02-28,2023-03-28,0.07395387368449491,1.0,0.0035445880218762937,-0.05668169485614438,0.49881867604426106,0.500748502994012,outer_05,sigmoid,0.0
3133,2023-02-28,3134,3154,2023-03-01,2023-03-29,0.07741776364622588,1.0,0.005077197870592798,-0.05413349481001273,0.4986548447945904,0.500748502994012,outer_05,sigmoid,0.0
3134,2023-03-01,3135,3155,2023-03-02,2023-03-30,0.0664363902757561,1.0,0.00549268933197844,-0.059965884747883,0.49852122159927853,0.500748502994012,outer_05,sigmoid,0.0
3135,2023-03-02,3136,3156,2023-03-03,2023-03-31,0.07555943640862228,1.0,-0.0005228530466370174,-0.0410921693947639,0.4972021950123413,0.500748502994012,outer_05,sigmoid,0.0
3136,2023-03-03,3137,3157,2023-03-06,2023-04-03,0.05908670605548583,1.0,0.010675004512153308,-0.0056488671109233834,0.49469402864928846,0.500748502994012,outer_05,sigmoid,0.0
3137,2023-03-06,3138,3158,2023-03-07,2023-04-04,0.07199817195696578,1.0,-0.004694882351012453,-0.011329430384711792,0.4968253634952022,0.500748502994012,outer_05,sigmoid,0.0
3138,2023-03-07,3139,3159,2023-03-08,2023-04-05,0.10813569476869667,1.0,-0.01834101570824398,-0.032867215697280905,0.5002388549178556,0.500748502994012,outer_05,sigmoid,0.0
3139,2023-03-08,3140,3160,2023-03-09,2023-04-06,0.10785720340863403,1.0,0.00036947477100657267,-0.03352196497945137,0.5016378501380632,0.500748502994012,outer_05,sigmoid,0.0
3140,2023-03-09,3141,3161,2023-03-10,2023-04-10,0.08672648746431033,1.0,0.009356658621426206,-0.016694317884397236,0.49766369020031115,0.500748502994012,outer_05,sigmoid,0.0
3141,2023-03-10,3142,3162,2023-03-13,2023-04-11,0.05412916643208554,1.0,0.019676560744334104,0.0009645010794585573,0.4876872375734572,0.500748502994012,outer_05,sigmoid,0.0
3142,2023-03-13,3143,3163,2023-03-14,2023-04-12,0.04639878475624126,1.0,0.024552177417465515,0.03193819590040192,0.4836023254935705,0.500748502994012,outer_05,sigmoid,0.0
3143,2023-03-14,3144,3164,2023-03-15,2023-04-13,0.056100731536324666,1.0,-0.005081977291681916,0.02634378120252201,0.4890831992983202,0.500748502994012,outer_05,sigmoid,0.0
3144,2023-03-15,3145,3165,2023-03-16,2023-04-14,0.061072601487734524,1.0,0.007404785958003757,0.04378060069767287,0.49139718208806055,0.500748502994012,outer_05,sigmoid,0.0
3145,2023-03-16,3146,3166,2023-03-17,2023-04-17,0.040748221051036815,1.0,0.0006931867321231522,0.04415790737444958,0.4921048390789153,0.500748502994012,outer_05,sigmoid,0.0
3146,2023-03-17,3147,3167,2023-03-20,2023-04-18,0.004048771561349973,1.0,0.03523324071270206,0.07606956317746416,0.4947852972801502,0.500748502994012,outer_05,sigmoid,0.0
3147,2023-03-20,3148,3168,2023-03-21,2023-04-19,0.01314774675412167,1.0,-0.0048048776396134585,0.07195962014424229,0.4950899742373918,0.500748502994012,outer_05,sigmoid,0.0
3148,2023-03-21,3149,3169,2023-03-22,2023-04-20,0.027753928634246527,1.0,-0.019448608376877452,0.0559874973300456,0.49612513849008993,0.500748502994012,outer_05,sigmoid,0.0
3149,2023-03-22,3150,3170,2023-03-23,2023-04-21,0.017373885634662578,1.0,0.014965806442723384,0.07623736801193992,0.49797352592153543,0.500748502994012,outer_05,sigmoid,0.0
3150,2023-03-23,3151,3171,2023-03-24,2023-04-24,-0.0057442225458927965,0.0,0.012200688208010568,0.09004464962865821,0.4961101240690717,0.500748502994012,outer_05,sigmoid,0.0
3151,2023-03-24,3152,3172,2023-03-27,2023-04-25,0.005666594444647011,1.0,-0.007631972364595008,0.08871587256573488,0.49509769724486796,0.500748502994012,outer_05,sigmoid,0.0
3152,2023-03-27,3153,3173,2023-03-28,2023-04-26,0.020347230359537782,1.0,-0.011415161715768285,0.0737561228280903,0.4962090061206835,0.500748502994012,outer_05,sigmoid,0.0
3153,2023-03-28,3154,3174,2023-03-29,2023-04-27,0.008174679934895401,1.0,0.008738258137914734,0.07741718309541223,0.494036695469547,0.500748502994012,outer_05,sigmoid,0.0
3154,2023-03-29,3155,3175,2023-03-30,2023-04-28,0.012210213356536492,1.0,-0.0046471671210053245,0.06727732664242847,0.49247094219705545,0.500748502994012,outer_05,sigmoid,0.0
3155,2023-03-30,3156,3176,2023-03-31,2023-05-01,0.004634909100436957,1.0,0.008031316460868965,0.07583149614993445,0.49386375042855213,0.500748502994012,outer_05,sigmoid,0.0
3156,2023-03-31,3157,3177,2023-04-03,2023-05-02,0.00762693673293402,1.0,-0.005468894181166917,0.05968759745661423,0.4909211828365279,0.500748502994012,outer_05,sigmoid,0.0
3157,2023-04-03,3158,3178,2023-04-04,2023-05-03,0.015894261762173123,1.0,0.007557399087052552,0.07193987889467923,0.4889836694486489,0.500748502994012,outer_05,sigmoid,0.0
3158,2023-04-04,3159,3179,2023-04-05,2023-05-04,0.021188125279770986,1.0,0.018068448641749946,0.10834934324467316,0.487150240121931,0.500748502994012,outer_05,sigmoid,0.0
3159,2023-04-05,3160,3180,2023-04-06,2023-05-05,0.013888020042513993,1.0,6.433748477352452e-05,0.10804420595844011,0.48852078570061036,0.500748502994012,outer_05,sigmoid,0.0
3160,2023-04-06,3161,3181,2023-04-10,2023-05-08,0.009874483011833135,1.0,-0.006623691663037334,0.09206385567397657,0.4918428900533944,0.500748502994012,outer_05,sigmoid,0.0
3161,2023-04-10,3162,3182,2023-04-11,2023-05-09,0.015004368981763605,1.0,-0.008073071231501139,0.06431422369814133,0.49326063117980185,0.500748502994012,outer_05,sigmoid,0.0
3162,2023-04-11,3163,3183,2023-04-12,2023-05-10,0.015484985727379552,1.0,0.006178205748462062,0.045940252029137874,0.49065057904633147,0.500748502994012,outer_05,sigmoid,0.0
3163,2023-04-12,3164,3184,2023-04-13,2023-05-11,0.007625584018038367,1.0,0.005599411388328868,0.05662164070914866,0.488850002784219,0.500748502994012,outer_05,sigmoid,0.0
3164,2023-04-13,3165,3185,2023-04-14,2023-05-12,-0.012354390742137511,0.0,0.012493781299409257,0.06171063605055416,0.4915428498296752,0.500748502994012,outer_05,sigmoid,0.0
3165,2023-04-14,3166,3186,2023-04-17,2023-05-15,0.004367004417273002,1.0,-0.017644084160600926,0.04337336515783008,0.4939025273932786,0.500748502994012,outer_05,sigmoid,0.0
3166,2023-04-17,3167,3187,2023-04-18,2023-05-16,0.01085942913142901,1.0,-0.00467059231348621,0.003469532131641806,0.4956787340570757,0.500748502994012,outer_05,sigmoid,0.0
3167,2023-04-18,3168,3188,2023-04-19,2023-05-17,-0.008117240656969393,0.0,0.0050646436400283434,0.013339053411283608,0.49435339976184706,0.500748502994012,outer_05,sigmoid,0.0
3168,2023-04-19,3169,3189,2023-04-20,2023-05-18,-0.006413583523385391,0.0,-0.005270170302822841,0.02751749148533822,0.49818774253748827,0.500748502994012,outer_05,sigmoid,0.0
3169,2023-04-20,3170,3190,2023-04-21,2023-05-19,-0.023265256336515883,0.0,0.005015800502627954,0.01756748554524279,0.49243546701974983,0.500748502994012,outer_05,sigmoid,0.0
3170,2023-04-21,3171,3191,2023-04-24,2023-05-22,-0.0022169654845622944,0.0,-0.010964263175462285,-0.005597465838230065,0.4917812015958891,0.500748502994012,outer_05,sigmoid,0.0
3171,2023-04-24,3172,3192,2023-04-25,2023-05-23,-0.008735091112805904,0.0,0.003126977363475447,0.00516148388984039,0.4917348553323099,0.500748502994012,outer_05,sigmoid,0.0
3172,2023-04-25,3173,3193,2023-04-26,2023-05-24,-0.010901225003990156,0.0,0.004018961233628993,0.020595606839237668,0.49110110394766926,0.500748502994012,outer_05,sigmoid,0.0
3173,2023-04-26,3174,3194,2023-04-27,2023-05-25,-0.015911101647944292,0.0,-0.0038983078956578154,0.007959040805665119,0.4921799455033299,0.500748502994012,outer_05,sigmoid,0.0
3174,2023-04-27,3175,3195,2023-04-28,2023-05-26,-0.02341178508302555,0.0,-0.0007794761812105477,0.011826731745459895,0.4927009579203277,0.500748502994012,outer_05,sigmoid,0.0
3175,2023-04-28,3176,3196,2023-05-01,2023-05-29,-0.023752636118538284,0.0,0.0009101675386764541,0.004705582823267385,0.4898850335531274,0.500748502994012,outer_05,sigmoid,0.0
3176,2023-05-01,3177,3197,2023-05-02,2023-05-30,-0.01958389554397222,0.0,-0.003580073260016192,0.006594403744418109,0.4901496428041045,0.500748502994012,outer_05,sigmoid,0.0
3177,2023-05-02,3178,3198,2023-05-03,2023-05-31,-0.02875734970731436,0.0,0.01704980323147698,0.016086807888842536,0.4888872793490453,0.500748502994012,outer_05,sigmoid,0.0
3178,2023-05-03,3179,3199,2023-05-04,2023-06-01,-0.05026967525060133,0.0,0.010845841881477192,0.008864201128569782,0.48804044152829423,0.500748502994012,outer_05,sigmoid,0.0
3179,2023-05-04,3180,3200,2023-05-05,2023-06-02,-0.035796438366305416,0.0,0.005688906840495278,0.014488770484291535,0.4858959864184086,0.500748502994012,outer_05,sigmoid,0.0
3180,2023-05-05,3181,3201,2023-05-08,2023-06-05,-0.03503183082167283,0.0,-0.016529789720516774,0.0045826724268120955,0.4924614423322865,0.500748502994012,outer_05,sigmoid,0.0
3181,2023-05-08,3182,3202,2023-05-09,2023-06-06,-0.029936476623024788,0.0,0.002387380712415954,0.015043124370729188,0.4920945677717212,0.500748502994012,outer_05,sigmoid,0.0
3182,2023-05-09,3183,3203,2023-05-10,2023-06-07,-0.0354672471565447,0.0,0.006440213788749816,0.015305132411016942,0.4919998916652088,0.500748502994012,outer_05,sigmoid,0.0
3183,2023-05-10,3184,3204,2023-05-11,2023-06-08,-0.04511907103422619,0.0,-0.0021257130616731956,0.0075800079610148785,0.4898721475671663,0.500748502994012,outer_05,sigmoid,0.0
3184,2023-05-11,3185,3205,2023-05-12,2023-06-09,-0.024840505537984114,0.0,-0.007490671729157405,-0.012404445067551784,0.4888621993854786,0.500748502994012,outer_05,sigmoid,0.0
3185,2023-05-12,3186,3206,2023-05-15,2023-06-12,-0.024107511589618547,0.0,-0.002007025259767481,0.003232613833281661,0.48586127367358967,0.500748502994012,outer_05,sigmoid,0.0
3186,2023-05-15,3187,3207,2023-05-16,2023-06-13,-0.02997048307072081,0.0,0.002686711836325628,0.0105899179830935,0.4863836965407713,0.500748502994012,outer_05,sigmoid,0.0
3187,2023-05-16,3188,3208,2023-05-17,2023-06-14,-0.02323544932628785,0.0,-0.01373759785220141,-0.008212323509136255,0.4893939363216698,0.500748502994012,outer_05,sigmoid,0.0
3188,2023-05-17,3189,3209,2023-05-18,2023-06-15,-0.019903056238876005,0.0,-0.003727757438785062,-0.006669910645098476,0.49289107002286947,0.500748502994012,outer_05,sigmoid,0.0
3189,2023-05-18,3190,3210,2023-05-19,2023-06-16,-0.0005057174271243525,0.0,-0.012196759301854598,-0.023882470449581028,0.4944417751003817,0.500748502994012,outer_05,sigmoid,0.0
3190,2023-05-19,3191,3211,2023-05-22,2023-06-19,-0.010351727890130391,0.0,0.0102214674809602,-0.0026967397931585424,0.49260219237206543,0.500748502994012,outer_05,sigmoid,0.0
3191,2023-05-22,3192,3212,2023-05-23,2023-06-20,-0.010850384846134986,0.0,-0.002922090688893597,-0.008745807845527587,0.49182888238808037,0.500748502994012,outer_05,sigmoid,0.0
3192,2023-05-23,3193,3213,2023-05-24,2023-06-21,-0.02034003100107462,0.0,0.0015963070427025272,-0.011168462036454052,0.49213700822915607,0.500748502994012,outer_05,sigmoid,0.0
3193,2023-05-24,3194,3214,2023-05-25,2023-06-22,-0.013758218098335995,0.0,-0.008972319429996212,-0.01624247357079245,0.4919615224469158,0.500748502994012,outer_05,sigmoid,0.0
3194,2023-05-25,3195,3215,2023-05-26,2023-06-23,-0.014438080721927982,0.0,-0.008491737640772712,-0.023954735030354612,0.49481044147959036,0.500748502994012,outer_05,sigmoid,0.0
3195,2023-05-26,3196,3216,2023-05-29,2023-06-26,-0.009146933336451113,0.0,0.003102325114289428,-0.02176257745474164,0.4954415197857979,0.500748502994012,outer_05,sigmoid,0.0
3196,2023-05-29,3197,3217,2023-05-30,2023-06-27,-0.010493829279010214,0.0,-0.001835537435614043,-0.02001804163033949,0.4979016970097375,0.500748502994012,outer_05,sigmoid,0.0
3197,2023-05-30,3198,3218,2023-05-31,2023-06-28,-0.022979070923497602,0.0,0.008210546544800579,-0.02885729831701589,0.49450853441181664,0.500748502994012,outer_05,sigmoid,0.0
3198,2023-05-31,3199,3219,2023-06-01,2023-06-29,-0.028767178170038044,0.0,0.001749210624067743,-0.03795392957442534,0.492854834689588,0.500748502994012,outer_05,sigmoid,0.0
3199,2023-06-01,3200,3220,2023-06-02,2023-06-30,-0.03522175945629069,0.0,0.007512725690639321,-0.036130110724281295,0.4923293599523337,0.500748502994012,outer_05,sigmoid,0.0
