row_id,date,entry_row_index,exit_row_index,executable_forward_log_return,executable_direction_binary,probability_up,outer_fold,selected_calibration,selected_margin
851,2014-04-25,852,862,-0.011925657004891121,0.0,0.5245321724229919,outer_01,sigmoid,0.05
852,2014-04-28,853,863,-0.0005093378717919705,0.0,0.535862250338341,outer_01,sigmoid,0.05
853,2014-04-29,854,864,-0.0008804449132240322,0.0,0.529834003562895,outer_01,sigmoid,0.05
854,2014-04-30,855,865,0.01056124071007769,1.0,0.5298171401663032,outer_01,sigmoid,0.05
855,2014-05-01,856,866,0.008642024309389207,1.0,0.5376536465207071,outer_01,sigmoid,0.05
856,2014-05-02,857,867,-0.007847050570221725,0.0,0.5250926688044325,outer_01,sigmoid,0.05
857,2014-05-05,858,868,-0.012974318271906427,0.0,0.5124466007680911,outer_01,sigmoid,0.05
858,2014-05-06,859,869,-0.010753081049774238,0.0,0.5250455912415074,outer_01,sigmoid,0.05
859,2014-05-07,860,870,0.0016187186228968642,1.0,0.5257202333589036,outer_01,sigmoid,0.05
860,2014-05-08,861,871,0.002414955312762146,1.0,0.5372216024468214,outer_01,sigmoid,0.05
861,2014-05-09,862,872,0.002518844214080218,1.0,0.5429397762357515,outer_01,sigmoid,0.05
862,2014-05-12,863,873,-0.00250415557685546,0.0,0.5310094312153011,outer_01,sigmoid,0.05
863,2014-05-13,864,874,-0.023183780270792376,0.0,0.5543883135560825,outer_01,sigmoid,0.05
864,2014-05-14,865,875,-0.03561498874129754,0.0,0.544048691145362,outer_01,sigmoid,0.05
865,2014-05-15,866,876,-0.031403470979451065,0.0,0.5699632286810355,outer_01,sigmoid,0.05
866,2014-05-16,867,877,-0.032586892099899956,0.0,0.5799129003483975,outer_01,sigmoid,0.05
867,2014-05-19,868,878,-0.038443982371144436,0.0,0.5803543967319192,outer_01,sigmoid,0.05
868,2014-05-20,869,879,-0.03872996777291071,0.0,0.553638085394146,outer_01,sigmoid,0.05
869,2014-05-21,870,880,-0.037821588684635365,0.0,0.5541694569475559,outer_01,sigmoid,0.05
870,2014-05-22,871,881,-0.03149161650093024,0.0,0.5673964636207962,outer_01,sigmoid,0.05
871,2014-05-23,872,882,-0.03140367969837765,0.0,0.5726867496364888,outer_01,sigmoid,0.05
872,2014-05-26,873,883,-0.03145143200183664,0.0,0.5688545446789657,outer_01,sigmoid,0.05
873,2014-05-27,874,884,-0.004104666692691161,0.0,0.5796105233373715,outer_01,sigmoid,0.05
874,2014-05-28,875,885,0.0013331325028875796,1.0,0.5753719812116356,outer_01,sigmoid,0.05
875,2014-05-29,876,886,0.013910585907186857,1.0,0.5824750544385991,outer_01,sigmoid,0.05
876,2014-05-30,877,887,0.02237966315189599,1.0,0.5761981399410439,outer_01,sigmoid,0.05
877,2014-06-02,878,888,0.021734021835732698,1.0,0.555054422882435,outer_01,sigmoid,0.05
878,2014-06-03,879,889,0.020922196511252267,1.0,0.5132749706183882,outer_01,sigmoid,0.05
879,2014-06-04,880,890,0.0270063825842497,1.0,0.5179631634978588,outer_01,sigmoid,0.05
880,2014-06-05,881,891,0.052876916253290496,1.0,0.5301231041785178,outer_01,sigmoid,0.05
881,2014-06-06,882,892,0.04865474827124672,1.0,0.5250345589478206,outer_01,sigmoid,0.05
882,2014-06-09,883,893,0.050969816478071195,1.0,0.5500288744245101,outer_01,sigmoid,0.05
883,2014-06-10,884,894,0.04558658875870414,1.0,0.5651503272541009,outer_01,sigmoid,0.05
884,2014-06-11,885,895,0.04452795686909017,1.0,0.5425259155045284,outer_01,sigmoid,0.05
885,2014-06-12,886,896,0.03325028571029609,1.0,0.549761344482454,outer_01,sigmoid,0.05
886,2014-06-13,887,897,0.02936488828220174,1.0,0.5307139972561606,outer_01,sigmoid,0.05
887,2014-06-16,888,898,0.04269596029703493,1.0,0.5275800880168642,outer_01,sigmoid,0.05
888,2014-06-17,889,899,0.042265885528447455,1.0,0.5127164911058967,outer_01,sigmoid,0.05
889,2014-06-18,890,900,0.037487933530417905,1.0,0.5071582841640899,outer_01,sigmoid,0.05
890,2014-06-19,891,901,-0.0011660484398356985,0.0,0.46724922361489996,outer_01,sigmoid,0.05
891,2014-06-20,892,902,0.0040393664836591014,1.0,0.4670510100125109,outer_01,sigmoid,0.05
892,2014-06-23,893,903,0.0014787573551799937,1.0,0.49052225166419344,outer_01,sigmoid,0.05
893,2014-06-24,894,904,0.0008493277929817467,1.0,0.4831155120302114,outer_01,sigmoid,0.05
894,2014-06-25,895,905,0.00690093176043316,1.0,0.48807511141956345,outer_01,sigmoid,0.05
895,2014-06-26,896,906,0.014457756046778236,1.0,0.46567545229005813,outer_01,sigmoid,0.05
896,2014-06-27,897,907,0.01736462089659252,1.0,0.458727170510228,outer_01,sigmoid,0.05
897,2014-06-30,898,908,-0.014731385513066186,0.0,0.4666174076949151,outer_01,sigmoid,0.05
898,2014-07-01,899,909,-0.023778304587311894,0.0,0.4586858754244815,outer_01,sigmoid,0.05
899,2014-07-02,900,910,-0.021585818503581322,0.0,0.47323370083764027,outer_01,sigmoid,0.05
900,2014-07-03,901,911,-0.0005759539396068547,0.0,0.469838347273877,outer_01,sigmoid,0.05
901,2014-07-04,902,912,-0.007484176767624362,0.0,0.47155938813672055,outer_01,sigmoid,0.05
902,2014-07-07,903,913,-0.0057833720622184615,0.0,0.4750392425953171,outer_01,sigmoid,0.05
903,2014-07-08,904,914,-0.009084153127727923,0.0,0.4863999948540488,outer_01,sigmoid,0.05
904,2014-07-09,905,915,-0.017721905838977925,0.0,0.5151640116116616,outer_01,sigmoid,0.05
905,2014-07-10,906,916,-0.03166706256599916,0.0,0.5029902735288321,outer_01,sigmoid,0.05
906,2014-07-11,907,917,-0.025245615793711096,0.0,0.5079956317525213,outer_01,sigmoid,0.05
907,2014-07-14,908,918,-0.002504587305793393,0.0,0.5051724419538635,outer_01,sigmoid,0.05
908,2014-07-15,909,919,0.003353651102678157,1.0,0.5202843436040041,outer_01,sigmoid,0.05
909,2014-07-16,910,920,-0.0020193151982574875,0.0,0.5241151173983349,outer_01,sigmoid,0.05
910,2014-07-17,911,921,-0.02770813890250068,0.0,0.5040045078184676,outer_01,sigmoid,0.05
911,2014-07-18,912,922,-0.012854625160604094,0.0,0.4992911076125222,outer_01,sigmoid,0.05
912,2014-07-21,913,923,-0.01837609733343637,0.0,0.5046223682750595,outer_01,sigmoid,0.05
913,2014-07-22,914,924,-0.014717819626266504,0.0,0.5104077475456182,outer_01,sigmoid,0.05
914,2014-07-23,915,925,0.0013178866686160973,1.0,0.510649347681806,outer_01,sigmoid,0.05
915,2014-07-24,916,926,0.014127921339119887,1.0,0.4943643110651594,outer_01,sigmoid,0.05
916,2014-07-25,917,927,0.0026237197652037025,1.0,0.49894997109679595,outer_01,sigmoid,0.05
917,2014-07-28,918,928,0.003024631980172998,1.0,0.5102279575375734,outer_01,sigmoid,0.05
918,2014-07-29,919,929,0.006872510271204391,1.0,0.49091762741626466,outer_01,sigmoid,0.05
919,2014-07-30,920,930,0.012321932935797975,1.0,0.5136953279134097,outer_01,sigmoid,0.05
920,2014-07-31,921,931,0.022189478561016607,1.0,0.5234393244132,outer_01,sigmoid,0.05
921,2014-08-01,922,932,0.006636194952363006,1.0,0.49349105482017686,outer_01,sigmoid,0.05
922,2014-08-04,923,933,0.007948761783168834,1.0,0.48921539882672294,outer_01,sigmoid,0.05
923,2014-08-05,924,934,0.005588985233432986,1.0,0.49207583807115973,outer_01,sigmoid,0.05
924,2014-08-06,925,935,-0.011730272023676491,0.0,0.4917108827584058,outer_01,sigmoid,0.05
925,2014-08-07,926,936,-0.02737696082939145,0.0,0.48727507781056606,outer_01,sigmoid,0.05
926,2014-08-08,927,937,-0.023849398196641225,0.0,0.47904314363684536,outer_01,sigmoid,0.05
927,2014-08-11,928,938,-0.024668719977153586,0.0,0.4955088179019176,outer_01,sigmoid,0.05
928,2014-08-12,929,939,-0.021158965861731716,0.0,0.4971991327225119,outer_01,sigmoid,0.05
929,2014-08-13,930,940,-0.023025849725009095,0.0,0.4988580279377458,outer_01,sigmoid,0.05
930,2014-08-14,931,941,-0.017058950057672995,0.0,0.5170565305752575,outer_01,sigmoid,0.05
931,2014-08-15,932,942,-0.011022778751373252,0.0,0.49810831553448287,outer_01,sigmoid,0.05
932,2014-08-18,933,943,-0.009354865748005814,0.0,0.5077703964090244,outer_01,sigmoid,0.05
933,2014-08-19,934,944,-0.023082873283497563,0.0,0.520262987149129,outer_01,sigmoid,0.05
934,2014-08-20,935,945,-0.016679096887388667,0.0,0.5217023095125345,outer_01,sigmoid,0.05
935,2014-08-21,936,946,-0.012205314875558315,0.0,0.5348552823106649,outer_01,sigmoid,0.05
936,2014-08-22,937,947,-0.007034707778460714,0.0,0.5094870069683662,outer_01,sigmoid,0.05
937,2014-08-25,938,948,-0.015184647844273869,0.0,0.5080335852072283,outer_01,sigmoid,0.05
938,2014-08-26,939,949,-0.020763083389781833,0.0,0.49869408252999164,outer_01,sigmoid,0.05
939,2014-08-27,940,950,-0.026286844117302977,0.0,0.4960261255494067,outer_01,sigmoid,0.05
940,2014-08-28,941,951,-0.03912829426242226,0.0,0.5341014593185514,outer_01,sigmoid,0.05
941,2014-08-29,942,952,-0.046527043100261345,0.0,0.5246239200725749,outer_01,sigmoid,0.05
942,2014-09-01,943,953,-0.0427644632522286,0.0,0.5004436511439996,outer_01,sigmoid,0.05
943,2014-09-02,944,954,-0.02544988253124547,0.0,0.5350584243979735,outer_01,sigmoid,0.05
944,2014-09-03,945,955,-0.038243720894970856,0.0,0.4847532387012702,outer_01,sigmoid,0.05
945,2014-09-04,946,956,-0.028865363530576893,0.0,0.49250913942045976,outer_01,sigmoid,0.05
946,2014-09-05,947,957,-0.04296768853565158,0.0,0.4876599543344376,outer_01,sigmoid,0.05
947,2014-09-08,948,958,-0.03395587744759343,0.0,0.46917920338874836,outer_01,sigmoid,0.05
948,2014-09-09,949,959,-0.02592052875105466,0.0,0.47555322750719137,outer_01,sigmoid,0.05
949,2014-09-10,950,960,-0.026297667544964654,0.0,0.4836462543440445,outer_01,sigmoid,0.05
950,2014-09-11,951,961,-0.015790464739851018,0.0,0.49428890538261183,outer_01,sigmoid,0.05
951,2014-09-12,952,962,-0.009032155990678525,0.0,0.4813541740097977,outer_01,sigmoid,0.05
952,2014-09-15,953,963,-0.014382975596979541,0.0,0.4708399615121836,outer_01,sigmoid,0.05
953,2014-09-16,954,964,-0.021177724504715556,0.0,0.4790898540402869,outer_01,sigmoid,0.05
954,2014-09-17,955,965,-0.007129803578002303,0.0,0.4437839617496006,outer_01,sigmoid,0.05
955,2014-09-18,956,966,-0.009815456228229102,0.0,0.4494084699058826,outer_01,sigmoid,0.05
956,2014-09-19,957,967,-0.023770417182173098,0.0,0.441053815396254,outer_01,sigmoid,0.05
957,2014-09-22,958,968,-0.007087599987883664,0.0,0.4408375593145934,outer_01,sigmoid,0.05
958,2014-09-23,959,969,-0.01100584427309137,0.0,0.44481738823569017,outer_01,sigmoid,0.05
959,2014-09-24,960,970,0.0025774902633060037,1.0,0.4394174179756047,outer_01,sigmoid,0.05
960,2014-09-25,961,971,0.0024707329043405224,1.0,0.4441088804557775,outer_01,sigmoid,0.05
961,2014-09-26,962,972,0.0075745544232113104,1.0,0.43935139604551,outer_01,sigmoid,0.05
962,2014-09-29,963,973,0.01720254918172337,1.0,0.4480520064451976,outer_01,sigmoid,0.05
963,2014-09-30,964,974,0.019774875599854802,1.0,0.43752002790405214,outer_01,sigmoid,0.05
964,2014-10-01,965,975,0.021795384372443216,1.0,0.4431910742368983,outer_01,sigmoid,0.05
965,2014-10-02,966,976,0.020044478686707556,1.0,0.4456236570086275,outer_01,sigmoid,0.05
966,2014-10-03,967,977,0.04120229060672731,1.0,0.4491964905614096,outer_01,sigmoid,0.05
967,2014-10-06,968,978,0.03297485876380879,1.0,0.44964478235211275,outer_01,sigmoid,0.05
968,2014-10-07,969,979,0.03237244918587212,1.0,0.4628776139372698,outer_01,sigmoid,0.05
969,2014-10-08,970,980,0.017625217054213493,1.0,0.47914963474166833,outer_01,sigmoid,0.05
970,2014-10-09,971,981,0.006669867509106808,1.0,0.4670788490324317,outer_01,sigmoid,0.05
971,2014-10-10,972,982,0.0010018204647259665,1.0,0.4577377414145107,outer_01,sigmoid,0.05
972,2014-10-13,973,983,-0.007960596678507237,0.0,0.45986174807098135,outer_01,sigmoid,0.05
973,2014-10-14,974,984,-0.0033895444378853057,0.0,0.4608809192590117,outer_01,sigmoid,0.05
974,2014-10-15,975,985,-0.023717946179227845,0.0,0.44703836385839824,outer_01,sigmoid,0.05
975,2014-10-16,976,986,-0.03117305978925078,0.0,0.4408873740751116,outer_01,sigmoid,0.05
976,2014-10-17,977,987,-0.058156888145830976,0.0,0.4590987815604954,outer_01,sigmoid,0.05
977,2014-10-20,978,988,-0.06763193874325424,0.0,0.4573975491545793,outer_01,sigmoid,0.05
978,2014-10-21,979,989,-0.06626430384484028,0.0,0.46941143191340357,outer_01,sigmoid,0.05
979,2014-10-22,980,990,-0.08349543285357885,0.0,0.45618214982215727,outer_01,sigmoid,0.05
980,2014-10-23,981,991,-0.07709254222120165,0.0,0.456391844423764,outer_01,sigmoid,0.05
981,2014-10-24,982,992,-0.04489627520669792,0.0,0.46831279155974637,outer_01,sigmoid,0.05
982,2014-10-27,983,993,-0.06309930025238142,0.0,0.4647466919943243,outer_01,sigmoid,0.05
983,2014-10-28,984,994,-0.05362854364561276,0.0,0.4643493777874008,outer_01,sigmoid,0.05
984,2014-10-29,985,995,-0.04138102837012969,0.0,0.45552376817202067,outer_01,sigmoid,0.05
985,2014-10-30,986,996,-0.031952465535698416,0.0,0.44534003338130473,outer_01,sigmoid,0.05
986,2014-10-31,987,997,0.01478762156075586,1.0,0.43821154422602493,outer_01,sigmoid,0.05
987,2014-11-03,988,998,0.01819948351848133,1.0,0.4374929230195153,outer_01,sigmoid,0.05
988,2014-11-04,989,999,0.022872253206497994,1.0,0.43959964336687146,outer_01,sigmoid,0.05
989,2014-11-05,990,1000,0.03461988445101838,1.0,0.43374590225287313,outer_01,sigmoid,0.05
990,2014-11-06,991,1001,0.04487479134881589,1.0,0.4306588273463744,outer_01,sigmoid,0.05
991,2014-11-07,992,1002,0.022804114455206914,1.0,0.4426054136460783,outer_01,sigmoid,0.05
992,2014-11-10,993,1003,0.03985730972787316,1.0,0.43395587953844933,outer_01,sigmoid,0.05
993,2014-11-11,994,1004,0.03159083045394695,1.0,0.4448309425937856,outer_01,sigmoid,0.05
994,2014-11-12,995,1005,0.029992963557505803,1.0,0.4409612728060789,outer_01,sigmoid,0.05
995,2014-11-13,996,1006,0.022592910893997953,1.0,0.44646076132283025,outer_01,sigmoid,0.05
996,2014-11-14,997,1007,-0.022372144977069297,0.0,0.47260161807888756,outer_01,sigmoid,0.05
997,2014-11-17,998,1008,0.020395847211569063,1.0,0.47241968095679004,outer_01,sigmoid,0.05
998,2014-11-18,999,1009,0.0010698495708805211,1.0,0.4608762337956238,outer_01,sigmoid,0.05
999,2014-11-19,1000,1010,0.021976516345653785,1.0,0.46561730255826317,outer_01,sigmoid,0.05
1000,2014-11-20,1001,1011,0.009867746570984437,1.0,0.4812947654272479,outer_01,sigmoid,0.05
1001,2014-11-21,1002,1012,-0.011888556352184665,0.0,0.46950259896466146,outer_01,sigmoid,0.05
1002,2014-11-24,1003,1013,0.004189874644206171,1.0,0.4821208559665533,outer_01,sigmoid,0.05
1003,2014-11-25,1004,1014,0.02806913862836602,1.0,0.49757802780164917,outer_01,sigmoid,0.05
1004,2014-11-26,1005,1015,0.02398635936669713,1.0,0.48775335478946796,outer_01,sigmoid,0.05
1005,2014-11-27,1006,1016,0.03169796821512705,1.0,0.4982236885711864,outer_01,sigmoid,0.05
1006,2014-11-28,1007,1017,0.052970365336391545,1.0,0.5120199114235191,outer_01,sigmoid,0.05
1007,2014-12-01,1008,1018,-0.014941295873832416,0.0,0.5297536539084253,outer_01,sigmoid,0.05
1008,2014-12-02,1009,1019,-0.0012873026938624577,0.0,0.4970998882583527,outer_01,sigmoid,0.05
1009,2014-12-03,1010,1020,-0.016476898927820116,0.0,0.5135458074614779,outer_01,sigmoid,0.05
1010,2014-12-04,1011,1021,-0.005743649928795058,0.0,0.5263993012492468,outer_01,sigmoid,0.05
1011,2014-12-05,1012,1022,0.005610254242154333,1.0,0.5522667330503311,outer_01,sigmoid,0.05
1012,2014-12-08,1013,1023,-0.022231449163920836,0.0,0.5097066146081252,outer_01,sigmoid,0.05
1013,2014-12-09,1014,1024,-0.04897875430494647,0.0,0.4866580036446841,outer_01,sigmoid,0.05
1014,2014-12-10,1015,1025,-0.03293147321890455,0.0,0.4838587821252636,outer_01,sigmoid,0.05
1015,2014-12-11,1016,1026,-0.025660315285248814,0.0,0.4767550374625012,outer_01,sigmoid,0.05
1016,2014-12-12,1017,1027,-0.032296293328269776,0.0,0.5190424081800382,outer_01,sigmoid,0.05
1017,2014-12-15,1018,1028,0.005650015866054403,1.0,0.5291787869840178,outer_01,sigmoid,0.05
1018,2014-12-16,1019,1029,-0.007211034953306772,0.0,0.5353622088343261,outer_01,sigmoid,0.05
1019,2014-12-17,1020,1030,-0.0009004725985377604,0.0,0.5174157409197088,outer_01,sigmoid,0.05
1020,2014-12-18,1021,1031,0.00415704024659469,1.0,0.5212309771440438,outer_01,sigmoid,0.05
1021,2014-12-19,1022,1032,0.019605218929069856,1.0,0.549047520193189,outer_01,sigmoid,0.05
1022,2014-12-22,1023,1033,0.028809766175612594,1.0,0.5264171048570666,outer_01,sigmoid,0.05
1023,2014-12-23,1024,1034,0.02597417878724695,1.0,0.5151612724062192,outer_01,sigmoid,0.05
1024,2014-12-24,1025,1035,0.031127398460512268,1.0,0.4996718404538288,outer_01,sigmoid,0.05
1025,2014-12-26,1026,1036,0.0294341195086103,1.0,0.5065374067580052,outer_01,sigmoid,0.05
1026,2014-12-29,1027,1037,0.0404739137559158,1.0,0.5659064510513008,outer_01,sigmoid,0.05
1027,2014-12-30,1028,1038,0.024240417566245398,1.0,0.5612098392479548,outer_01,sigmoid,0.05
1028,2014-12-31,1029,1039,0.06208752336615753,1.0,0.5404315616922042,outer_01,sigmoid,0.05
1029,2015-01-02,1030,1040,0.07372962799136307,1.0,0.5682515528350992,outer_01,sigmoid,0.05
1030,2015-01-05,1031,1041,0.07359953481539172,1.0,0.5627566570767646,outer_01,sigmoid,0.05
1031,2015-01-06,1032,1042,0.05923720109863062,1.0,0.5378900736793939,outer_01,sigmoid,0.05
1032,2015-01-07,1033,1043,0.07142707111483926,1.0,0.5607536567425616,outer_01,sigmoid,0.05
1033,2015-01-08,1034,1044,0.0696651092526217,1.0,0.5522579540274299,outer_01,sigmoid,0.05
1034,2015-01-09,1035,1045,0.045247191736131676,1.0,0.5606077401671646,outer_01,sigmoid,0.05
1035,2015-01-12,1036,1046,0.04789873392572375,1.0,0.5415730855253035,outer_01,sigmoid,0.05
1036,2015-01-13,1037,1047,0.04222867313145873,1.0,0.5435575318538208,outer_01,sigmoid,0.05
1037,2015-01-14,1038,1048,0.023277339318426016,1.0,0.5314923259419708,outer_01,sigmoid,0.05
1038,2015-01-15,1039,1049,0.013722058993164588,1.0,0.5036553220999133,outer_01,sigmoid,0.05
1039,2015-01-16,1040,1050,-0.0030156247763981625,0.0,0.48693810534068954,outer_01,sigmoid,0.05
1040,2015-01-19,1041,1051,-0.025818182086762675,0.0,0.5163599705727627,outer_01,sigmoid,0.05
1041,2015-01-21,1042,1052,-0.017143410821336857,0.0,0.535590572660964,outer_01,sigmoid,0.05
1042,2015-01-22,1043,1053,-0.026299470966945293,0.0,0.5261888175182095,outer_01,sigmoid,0.05
1043,2015-01-23,1044,1054,-0.045439201522330386,0.0,0.5363113238704303,outer_01,sigmoid,0.05
1044,2015-01-26,1045,1055,-0.033307963620464065,0.0,0.5417784950304761,outer_01,sigmoid,0.05
1045,2015-01-27,1046,1056,-0.046122498509067356,0.0,0.5552791882152386,outer_01,sigmoid,0.05
1046,2015-01-28,1047,1057,-0.05303764751877882,0.0,0.5521970544146343,outer_01,sigmoid,0.05
1047,2015-01-29,1048,1058,-0.028031234757056822,0.0,0.566500571228904,outer_01,sigmoid,0.05
1048,2015-01-30,1049,1059,-0.041524484743416856,0.0,0.5718896984887987,outer_01,sigmoid,0.05
1049,2015-02-02,1050,1060,-0.03423270330719408,0.0,0.5797633005964026,outer_01,sigmoid,0.05
1050,2015-02-03,1051,1061,-0.04278086548072135,0.0,0.5801744921887068,outer_01,sigmoid,0.05
1051,2015-02-04,1052,1062,-0.04636517319988265,0.0,0.5825715839141348,outer_01,sigmoid,0.05
1052,2015-02-05,1053,1063,-0.04815454722973289,0.0,0.578546531349467,outer_01,sigmoid,0.05
1053,2015-02-06,1054,1064,-0.028067646296980442,0.0,0.574071126893672,outer_01,sigmoid,0.05
1054,2015-02-09,1055,1065,-0.029861770786489217,0.0,0.5793338791381883,outer_01,sigmoid,0.05
1055,2015-02-10,1056,1066,-0.027005583329422933,0.0,0.5832094814158576,outer_01,sigmoid,0.05
1056,2015-02-11,1057,1067,-0.011250773862969687,0.0,0.5778914881592918,outer_01,sigmoid,0.05
1057,2015-02-12,1058,1068,-0.01141807958527874,0.0,0.5756693583016247,outer_01,sigmoid,0.05
1058,2015-02-13,1059,1069,-0.011866537847895486,0.0,0.566135290104238,outer_01,sigmoid,0.05
1059,2015-02-16,1060,1070,-0.021307338759136485,0.0,0.5663709625590724,outer_01,sigmoid,0.05
1060,2015-02-17,1061,1071,-0.0034719811478094442,0.0,0.5685526589193175,outer_01,sigmoid,0.05
1061,2015-02-18,1062,1072,-0.010129732826452909,0.0,0.5609486203851036,outer_01,sigmoid,0.05
1062,2015-02-19,1063,1073,-0.006840148179214189,0.0,0.5688431155584157,outer_01,sigmoid,0.05
1063,2015-02-20,1064,1074,-0.02897237716696832,0.0,0.5756252508447204,outer_01,sigmoid,0.05
1064,2015-02-23,1065,1075,-0.03435600950155493,0.0,0.5728213566243228,outer_01,sigmoid,0.05
1065,2015-02-24,1066,1076,-0.03280092326534412,0.0,0.5730658877568903,outer_01,sigmoid,0.05
1066,2015-02-25,1067,1077,-0.0421486175218293,0.0,0.5785683544138184,outer_01,sigmoid,0.05
1067,2015-02-26,1068,1078,-0.046901179227988976,0.0,0.5842794906312431,outer_01,sigmoid,0.05
1068,2015-02-27,1069,1079,-0.04824329391723925,0.0,0.5736667894024543,outer_01,sigmoid,0.05
1069,2015-03-02,1070,1080,-0.04342927645428318,0.0,0.5677814130678484,outer_01,sigmoid,0.05
1070,2015-03-03,1071,1081,-0.04702490790133407,0.0,0.5679157972879206,outer_01,sigmoid,0.05
1071,2015-03-04,1072,1082,-0.027493866329380445,0.0,0.567167162197438,outer_01,sigmoid,0.05
1072,2015-03-05,1073,1083,-0.023986903760377487,0.0,0.5769067318950356,outer_01,sigmoid,0.05
1073,2015-03-06,1074,1084,0.014679661480196948,1.0,0.5692107867310477,outer_01,sigmoid,0.05
1074,2015-03-09,1075,1085,0.02382796805117504,1.0,0.5765634115848877,outer_01,sigmoid,0.05
1075,2015-03-10,1076,1086,0.02529673068026561,1.0,0.5755462705099655,outer_01,sigmoid,0.05
1076,2015-03-11,1077,1087,0.03419791308409259,1.0,0.567491403396723,outer_01,sigmoid,0.05
1077,2015-03-12,1078,1088,0.04255961441879563,1.0,0.5542544328980842,outer_01,sigmoid,0.05
1078,2015-03-13,1079,1089,0.03459035544440692,1.0,0.5577425415706161,outer_01,sigmoid,0.05
1079,2015-03-16,1080,1090,0.026831419742442186,1.0,0.5603424846391791,outer_01,sigmoid,0.05
1080,2015-03-17,1081,1091,0.029481847035476072,1.0,0.5407766782740439,outer_01,sigmoid,0.05
1081,2015-03-18,1082,1092,0.03047213880471311,1.0,0.5768178218539283,outer_01,sigmoid,0.05
1082,2015-03-19,1083,1093,0.02592817469399833,1.0,0.5710930693204544,outer_01,sigmoid,0.05
1083,2015-03-20,1084,1094,0.024853034789035,1.0,0.5796607304957756,outer_01,sigmoid,0.05
1084,2015-03-23,1085,1095,0.020789974001366396,1.0,0.5826860194890248,outer_01,sigmoid,0.05
1085,2015-03-24,1086,1096,0.01358808245223564,1.0,0.5820554526040957,outer_01,sigmoid,0.05
1086,2015-03-25,1087,1097,0.006388892086004461,1.0,0.5844534199667795,outer_01,sigmoid,0.05
1087,2015-03-26,1088,1098,-0.008112062025899647,0.0,0.586038956395104,outer_01,sigmoid,0.05
1088,2015-03-27,1089,1099,0.008118021409879717,1.0,0.5764781512071248,outer_01,sigmoid,0.05
1089,2015-03-30,1090,1100,0.010809465536482321,1.0,0.5615085507055718,outer_01,sigmoid,0.05
1090,2015-03-31,1091,1101,0.007582520034528528,1.0,0.5640496377094912,outer_01,sigmoid,0.05
1091,2015-04-01,1092,1102,-0.0012135318586770083,0.0,0.5760265993330195,outer_01,sigmoid,0.05
1092,2015-04-02,1093,1103,-0.002074715470932631,0.0,0.5797710413358251,outer_01,sigmoid,0.05
1093,2015-04-03,1094,1104,-0.0085504851920426,0.0,0.45762455963825366,outer_01,sigmoid,0.05
1094,2015-04-06,1095,1105,-0.0148642418251006,0.0,0.5932400375824263,outer_01,sigmoid,0.05
1095,2015-04-07,1096,1106,-0.005010504314711284,0.0,0.5628344909743428,outer_01,sigmoid,0.05
1096,2015-04-08,1097,1107,-0.012768338398077006,0.0,0.5607905324437599,outer_01,sigmoid,0.05
1097,2015-04-09,1098,1108,-0.00046888999527716635,0.0,0.5631865723614229,outer_01,sigmoid,0.05
1098,2015-04-10,1099,1109,-0.02313767749059359,0.0,0.5725194541281041,outer_01,sigmoid,0.05
1099,2015-04-13,1100,1110,0.002365977693859378,1.0,0.5667339332518497,outer_01,sigmoid,0.05
1100,2015-04-14,1101,1111,0.01613380859077651,1.0,0.5645949877117842,outer_01,sigmoid,0.05
1101,2015-04-15,1102,1112,0.0024919647075449802,1.0,0.57322219148218,outer_01,sigmoid,0.05
1102,2015-04-16,1103,1113,-0.012058195921228254,0.0,0.5790498158028887,outer_01,sigmoid,0.05
1103,2015-04-17,1104,1114,-0.02129898809481734,0.0,0.584993080281606,outer_01,sigmoid,0.05
1104,2015-04-20,1105,1115,-0.006993915147377017,0.0,0.5803114148039034,outer_01,sigmoid,0.05
1105,2015-04-21,1106,1116,-0.0075799045622853,0.0,0.5820400712590355,outer_01,sigmoid,0.05
1106,2015-04-22,1107,1117,0.003345890538202667,1.0,0.5865604857074359,outer_01,sigmoid,0.05
1107,2015-04-23,1108,1118,-0.008308922656302009,0.0,0.5897875218519202,outer_01,sigmoid,0.05
1108,2015-04-24,1109,1119,0.007685264455925989,1.0,0.5886345448236271,outer_01,sigmoid,0.05
1109,2015-04-27,1110,1120,-0.015048972172448494,0.0,0.5871408867698841,outer_01,sigmoid,0.05
1110,2015-04-28,1111,1121,-0.015647663710030457,0.0,0.5808015727022792,outer_01,sigmoid,0.05
1111,2015-04-29,1112,1122,0.008072722738803328,1.0,0.5845906486891884,outer_01,sigmoid,0.05
1112,2015-04-30,1113,1123,0.030471026249023758,1.0,0.5850708490644012,outer_01,sigmoid,0.05
1113,2015-05-01,1114,1124,0.036490529432213314,1.0,0.5799107388887377,outer_01,sigmoid,0.05
1114,2015-05-04,1115,1125,0.030653836359488373,1.0,0.5783010081712452,outer_01,sigmoid,0.05
1115,2015-05-05,1116,1126,0.012623507486030583,1.0,0.5643635345526429,outer_01,sigmoid,0.05
1116,2015-05-06,1117,1127,0.014853345945099683,1.0,0.5636352742585458,outer_01,sigmoid,0.05
1117,2015-05-07,1118,1128,0.01850773621788182,1.0,0.5688684683557733,outer_01,sigmoid,0.05
1118,2015-05-08,1119,1129,0.013570180500097173,1.0,0.5626263453910089,outer_01,sigmoid,0.05
1119,2015-05-11,1120,1130,0.018960531192785623,1.0,0.5676065570780964,outer_01,sigmoid,0.05
1120,2015-05-12,1121,1131,-0.005200577986421706,0.0,0.5714925583525766,outer_01,sigmoid,0.05
1121,2015-05-13,1122,1132,-0.023084831911108772,0.0,0.5285107200195641,outer_01,sigmoid,0.05
1122,2015-05-14,1123,1133,-0.02770586882067505,0.0,0.5255807861419123,outer_01,sigmoid,0.05
1123,2015-05-15,1124,1134,-0.0275635560942602,0.0,0.5384855440072942,outer_01,sigmoid,0.05
1124,2015-05-18,1125,1135,-0.029964012910104643,0.0,0.5578324646610001,outer_01,sigmoid,0.05
1125,2015-05-19,1126,1136,-0.012682166621997837,0.0,0.551889605228365,outer_01,sigmoid,0.05
1126,2015-05-20,1127,1137,-0.02014634488478695,0.0,0.5458106257923784,outer_01,sigmoid,0.05
1127,2015-05-21,1128,1138,-0.024445186165832133,0.0,0.5547673033308663,outer_01,sigmoid,0.05
1128,2015-05-22,1129,1139,-0.029393322274989586,0.0,0.5545259905867475,outer_01,sigmoid,0.05
1129,2015-05-25,1130,1140,-0.02721364961461603,0.0,0.5684022605487676,outer_01,sigmoid,0.05
1130,2015-05-26,1131,1141,-0.008782005221656952,0.0,0.5792739472884744,outer_01,sigmoid,0.05
1131,2015-05-27,1132,1142,-0.000766667687126521,0.0,0.5651174677411671,outer_01,sigmoid,0.05
1132,2015-05-28,1133,1143,-0.005165571046183537,0.0,0.5679398750519922,outer_01,sigmoid,0.05
1133,2015-05-29,1134,1144,-0.006996454461962287,0.0,0.5754915525965361,outer_01,sigmoid,0.05
1134,2015-06-01,1135,1145,-0.0028886541534562937,0.0,0.5744649110317969,outer_01,sigmoid,0.05
1135,2015-06-02,1136,1146,-0.009692340168476754,0.0,0.5814017990571042,outer_01,sigmoid,0.05
1136,2015-06-03,1137,1147,-0.0008440813520271817,0.0,0.5610146249564205,outer_01,sigmoid,0.05
1137,2015-06-04,1138,1148,0.02095730301157328,1.0,0.568520157049982,outer_01,sigmoid,0.05
1138,2015-06-05,1139,1149,0.025909736898330316,1.0,0.5724740297850002,outer_01,sigmoid,0.05
1139,2015-06-08,1140,1150,0.009806202110953066,1.0,0.5797763272432278,outer_01,sigmoid,0.05
1140,2015-06-09,1141,1151,0.001469033801460462,1.0,0.5786177520111854,outer_01,sigmoid,0.05
1141,2015-06-10,1142,1152,-0.009841782172517632,0.0,0.574171781903944,outer_01,sigmoid,0.05
1142,2015-06-11,1143,1153,-0.006792869859329365,0.0,0.5679147808102847,outer_01,sigmoid,0.05
1143,2015-06-12,1144,1154,0.0034453382727051007,1.0,0.5618752479224473,outer_01,sigmoid,0.05
1144,2015-06-15,1145,1155,-0.004776547401647235,0.0,0.5630772369827474,outer_01,sigmoid,0.05
1145,2015-06-16,1146,1156,-0.006494273502964276,0.0,0.5607920108596315,outer_01,sigmoid,0.05
1146,2015-06-17,1147,1157,-0.013491832960003336,0.0,0.5633923926922856,outer_01,sigmoid,0.05
1147,2015-06-18,1148,1158,-0.030740462966766913,0.0,0.5495025512675245,outer_01,sigmoid,0.05
1148,2015-06-19,1149,1159,-0.02418470038997622,0.0,0.5385458418706905,outer_01,sigmoid,0.05
1149,2015-06-22,1150,1160,-0.013013821243898605,0.0,0.5734686723601866,outer_01,sigmoid,0.05
1150,2015-06-23,1151,1161,-0.021666885265005043,0.0,0.5824232593394368,outer_01,sigmoid,0.05
1151,2015-06-24,1152,1162,-0.013539427724095887,0.0,0.5833270635815441,outer_01,sigmoid,0.05
1152,2015-06-25,1153,1163,-0.012068683431686544,0.0,0.5852086310041704,outer_01,sigmoid,0.05
1153,2015-06-26,1154,1164,-0.02002638256988476,0.0,0.5735407496472312,outer_01,sigmoid,0.05
1154,2015-06-29,1155,1165,-0.018793509834203803,0.0,0.5505456061880901,outer_01,sigmoid,0.05
1155,2015-06-30,1156,1166,-0.015873008481470663,0.0,0.5433848053671854,outer_01,sigmoid,0.05
1156,2015-07-01,1157,1167,-0.016683091896418922,0.0,0.5589453250472688,outer_01,sigmoid,0.05
1157,2015-07-02,1158,1168,-0.017830104162350757,0.0,0.5663693189636412,outer_01,sigmoid,0.05
1158,2015-07-03,1159,1169,-0.03423113405071554,0.0,0.5705698681949387,outer_01,sigmoid,0.05
1159,2015-07-06,1160,1170,-0.06355865109548642,0.0,0.5754602815602725,outer_01,sigmoid,0.05
1160,2015-07-07,1161,1171,-0.04485860092994809,0.0,0.5556864115839991,outer_01,sigmoid,0.05
1161,2015-07-08,1162,1172,-0.05739290720592649,0.0,0.5622938743912292,outer_01,sigmoid,0.05
1162,2015-07-09,1163,1173,-0.060795488322946234,0.0,0.559683993990654,outer_01,sigmoid,0.05
1163,2015-07-10,1164,1174,-0.059486784969483786,0.0,0.5627190873679863,outer_01,sigmoid,0.05
1164,2015-07-13,1165,1175,-0.05629274325806044,0.0,0.5538618477129633,outer_01,sigmoid,0.05
1165,2015-07-14,1166,1176,-0.05382640456883525,0.0,0.5476172883447926,outer_01,sigmoid,0.05
1166,2015-07-15,1167,1177,-0.04714185670241022,0.0,0.5602316770780548,outer_01,sigmoid,0.05
1167,2015-07-16,1168,1178,-0.05053610704491973,0.0,0.5490491037671146,outer_01,sigmoid,0.05
1168,2015-07-17,1169,1179,-0.033068875669992615,0.0,0.556185437947413,outer_01,sigmoid,0.05
1169,2015-07-20,1170,1180,-0.01185223484280673,0.0,0.5524054997735544,outer_01,sigmoid,0.05
1170,2015-07-21,1171,1181,-0.014018686452852869,0.0,0.49705933043561296,outer_01,sigmoid,0.05
1171,2015-07-22,1172,1182,-0.008819605178927326,0.0,0.4855149255793157,outer_01,sigmoid,0.05
1172,2015-07-23,1173,1183,-0.001338835596593313,0.0,0.46776266087944957,outer_01,sigmoid,0.05
1173,2015-07-24,1174,1184,-0.002321098354537199,0.0,0.47153138219970947,outer_01,sigmoid,0.05
1174,2015-07-27,1175,1185,0.008767677811642116,1.0,0.44655692609434905,outer_01,sigmoid,0.05
1175,2015-07-28,1176,1186,0.012468853692817028,1.0,0.44072003642482094,outer_01,sigmoid,0.05
1176,2015-07-29,1177,1187,0.02624657161233479,1.0,0.44191449805420296,outer_01,sigmoid,0.05
1177,2015-07-30,1178,1188,0.0240774303442457,1.0,0.43770004938677814,outer_01,sigmoid,0.05
1178,2015-07-31,1179,1189,0.017173628979328726,1.0,0.4581447574722318,outer_01,sigmoid,0.05
1179,2015-08-03,1180,1190,0.029129683658474015,1.0,0.4455077437312256,outer_01,sigmoid,0.05
1180,2015-08-04,1181,1191,0.027834618659915655,1.0,0.44505756650961614,outer_01,sigmoid,0.05
1181,2015-08-05,1182,1192,0.04386082680246517,1.0,0.44228073526525097,outer_01,sigmoid,0.05
1182,2015-08-06,1183,1193,0.05709417803948025,1.0,0.45840979110737595,outer_01,sigmoid,0.05
1183,2015-08-07,1184,1194,0.0631744205685445,1.0,0.4692835358345735,outer_01,sigmoid,0.05
1184,2015-08-10,1185,1195,0.04354502956362083,1.0,0.4771977512140799,outer_01,sigmoid,0.05
1185,2015-08-11,1186,1196,0.028003519406880173,1.0,0.46222646113626714,outer_01,sigmoid,0.05
1186,2015-08-12,1187,1197,0.000559713938605988,1.0,0.478991531211739,outer_01,sigmoid,0.05
1187,2015-08-13,1188,1198,0.009167128817272996,1.0,0.4971563611175187,outer_01,sigmoid,0.05
1188,2015-08-14,1189,1199,0.016963052451493432,1.0,0.5054783009900576,outer_01,sigmoid,0.05
1189,2015-08-17,1190,1200,0.01527560786741855,1.0,0.5015688457899707,outer_01,sigmoid,0.05
1190,2015-08-18,1191,1201,0.019232469346986747,1.0,0.5017255600160428,outer_01,sigmoid,0.05
1191,2015-08-19,1192,1202,0.00019407711979901876,1.0,0.5092232900876269,outer_01,sigmoid,0.05
1192,2015-08-20,1193,1203,-0.025197810384097963,0.0,0.5055608806615651,outer_01,sigmoid,0.05
1193,2015-08-21,1194,1204,-0.0361424546194824,0.0,0.5107375628078432,outer_01,sigmoid,0.05
1194,2015-08-24,1195,1205,-0.029294330988119732,0.0,0.4944387427525509,outer_01,sigmoid,0.05
1195,2015-08-25,1196,1206,-0.0165170247710682,0.0,0.48048114834513894,outer_01,sigmoid,0.05
1196,2015-08-26,1197,1207,-0.016938247288084796,0.0,0.4661444206889401,outer_01,sigmoid,0.05
1197,2015-08-27,1198,1208,-0.01289544268451337,0.0,0.463203979394615,outer_01,sigmoid,0.05
1198,2015-08-28,1199,1209,-0.02349731746759165,0.0,0.4755396482926132,outer_01,sigmoid,0.05
1199,2015-08-31,1200,1210,-0.023299479801785594,0.0,0.4690524403171371,outer_01,sigmoid,0.05
1200,2015-09-01,1201,1211,-0.03069324266985074,0.0,0.4642171891121401,outer_01,sigmoid,0.05
1201,2015-09-02,1202,1212,-0.012845899251721526,0.0,0.4570371014148341,outer_01,sigmoid,0.05
1202,2015-09-03,1203,1213,0.005133058252585698,1.0,0.4588462386422974,outer_01,sigmoid,0.05
1203,2015-09-04,1204,1214,0.014252484748541683,1.0,0.467740941566138,outer_01,sigmoid,0.05
1204,2015-09-07,1205,1215,0.011344390942427118,1.0,0.49389639242810035,outer_01,sigmoid,0.05
1205,2015-09-08,1206,1216,0.002813342073908487,1.0,0.4913739989127852,outer_01,sigmoid,0.05
1206,2015-09-09,1207,1217,0.021219011244450137,1.0,0.47562697753196786,outer_01,sigmoid,0.05
1207,2015-09-10,1208,1218,0.03408304845461174,1.0,0.4884563553530557,outer_01,sigmoid,0.05
1208,2015-09-11,1209,1219,0.033641759691436235,1.0,0.4820705154508703,outer_01,sigmoid,0.05
1209,2015-09-14,1210,1220,0.021014127555689655,1.0,0.4857668038975136,outer_01,sigmoid,0.05
1210,2015-09-15,1211,1221,0.01970043690901324,1.0,0.4801996971725513,outer_01,sigmoid,0.05
1211,2015-09-16,1212,1222,-0.0032665582995843323,0.0,0.5219693725968895,outer_01,sigmoid,0.05
1212,2015-09-17,1213,1223,-0.015505844538188818,0.0,0.4945814703169404,outer_01,sigmoid,0.05
1213,2015-09-18,1214,1224,-0.002047551343902221,0.0,0.49310893336932776,outer_01,sigmoid,0.05
1214,2015-09-21,1215,1225,0.0023627125750369515,1.0,0.4917898370267707,outer_01,sigmoid,0.05
1215,2015-09-22,1216,1226,0.01948356543993235,1.0,0.49543974216899783,outer_01,sigmoid,0.05
1216,2015-09-23,1217,1227,0.012628638576858364,1.0,0.4906192871982713,outer_01,sigmoid,0.05
1217,2015-09-24,1218,1228,-0.00925499612445524,0.0,0.48948608492794154,outer_01,sigmoid,0.05
1218,2015-09-25,1219,1229,0.009125895523667715,1.0,0.49831661075146366,outer_01,sigmoid,0.05
1219,2015-09-28,1220,1230,0.02745507946263359,1.0,0.5057642027290806,outer_01,sigmoid,0.05
1220,2015-09-29,1221,1231,0.035580336892114595,1.0,0.513718463429943,outer_01,sigmoid,0.05
1221,2015-09-30,1222,1232,0.05999799258635896,1.0,0.5170302159979739,outer_01,sigmoid,0.05
1222,2015-10-01,1223,1233,0.05976843294595735,1.0,0.514078449070608,outer_01,sigmoid,0.05
1223,2015-10-02,1224,1234,0.034378223355546744,1.0,0.49515586112285825,outer_01,sigmoid,0.05
1224,2015-10-05,1225,1235,0.02982473276121933,1.0,0.5193427774734554,outer_01,sigmoid,0.05
1225,2015-10-06,1226,1236,0.02519159353793121,1.0,0.4901744606620849,outer_01,sigmoid,0.05
1226,2015-10-07,1227,1237,0.0194842524676746,1.0,0.48269443845927984,outer_01,sigmoid,0.05
1227,2015-10-08,1228,1238,0.02346352260494733,1.0,0.5166807251228362,outer_01,sigmoid,0.05
1228,2015-10-09,1229,1239,0.006098184704414145,1.0,0.4958567015843539,outer_01,sigmoid,0.05
1229,2015-10-12,1230,1240,0.0002320275349747547,1.0,0.4694511324086348,outer_01,sigmoid,0.05
1230,2015-10-13,1231,1241,-0.0008307675656276103,0.0,0.4589203738912595,outer_01,sigmoid,0.05
1231,2015-10-14,1232,1242,-0.0232043239137516,0.0,0.4453580442543417,outer_01,sigmoid,0.05
1232,2015-10-15,1233,1243,-0.03129524630110314,0.0,0.45577039863678054,outer_01,sigmoid,0.05
1233,2015-10-16,1234,1244,-0.030278543743858854,0.0,0.46687209958823417,outer_01,sigmoid,0.05
1234,2015-10-19,1235,1245,-0.03150803454454909,0.0,0.47312235023032745,outer_01,sigmoid,0.05
1235,2015-10-20,1236,1246,-0.05064064117708611,0.0,0.4712568742498712,outer_01,sigmoid,0.05
1236,2015-10-21,1237,1247,-0.05246505377064903,0.0,0.4769590643163464,outer_01,sigmoid,0.05
1237,2015-10-22,1238,1248,-0.054141075722244025,0.0,0.49251026975675466,outer_01,sigmoid,0.05
1238,2015-10-23,1239,1249,-0.06443648260245816,0.0,0.47778205102704735,outer_01,sigmoid,0.05
1239,2015-10-26,1240,1250,-0.06342382115379941,0.0,0.487132561326657,outer_01,sigmoid,0.05
1240,2015-10-27,1241,1251,-0.06846300920815107,0.0,0.49772978976750326,outer_01,sigmoid,0.05
1241,2015-10-28,1242,1252,-0.06318866894143227,0.0,0.46083945402803156,outer_01,sigmoid,0.05
1242,2015-10-29,1243,1253,-0.05438344582338228,0.0,0.46271488093968005,outer_01,sigmoid,0.05
1243,2015-10-30,1244,1254,-0.04785713774911482,0.0,0.5033036981491316,outer_01,sigmoid,0.05
1244,2015-11-02,1245,1255,-0.04498474417834153,0.0,0.5344016677760056,outer_01,sigmoid,0.05
1245,2015-11-03,1246,1256,-0.042514897099323434,0.0,0.536525901944248,outer_01,sigmoid,0.05
1246,2015-11-04,1247,1257,-0.033377572458573646,0.0,0.5261516544421957,outer_01,sigmoid,0.05
1247,2015-11-05,1248,1258,-0.020719257494666188,0.0,0.5420718310534819,outer_01,sigmoid,0.05
1248,2015-11-06,1249,1259,-0.013090545486351246,0.0,0.542570460739301,outer_01,sigmoid,0.05
1249,2015-11-09,1250,1260,-0.021468987850318477,0.0,0.5141631661410219,outer_01,sigmoid,0.05
1250,2015-11-10,1251,1261,-0.013105282296975496,0.0,0.5083206780268318,outer_01,sigmoid,0.05
1251,2015-11-11,1252,1262,-0.014200676143558688,0.0,0.5117325584588034,outer_01,sigmoid,0.05
1252,2015-11-12,1253,1263,-0.012277830005829493,0.0,0.5149162120827928,outer_01,sigmoid,0.05
1253,2015-11-13,1254,1264,-0.027787848307978535,0.0,0.4994322189141513,outer_01,sigmoid,0.05
1254,2015-11-16,1255,1265,-0.01772313756911892,0.0,0.5031583579612806,outer_01,sigmoid,0.05
1255,2015-11-17,1256,1266,-0.002522847108136439,0.0,0.5407020474835516,outer_01,sigmoid,0.05
1256,2015-11-18,1257,1267,-0.01668422683628279,0.0,0.5074229153213755,outer_01,sigmoid,0.05
1257,2015-11-19,1258,1268,-0.017294452724391007,0.0,0.5006843785563225,outer_01,sigmoid,0.05
1258,2015-11-20,1259,1269,0.008024217384162036,1.0,0.48701907439934217,outer_01,sigmoid,0.05
1259,2015-11-23,1260,1270,0.0017663308377811049,1.0,0.46054950005772016,outer_01,sigmoid,0.05
1260,2015-11-24,1261,1271,-0.0010789594669704528,0.0,0.4825113299873071,outer_01,sigmoid,0.05
1261,2015-11-25,1262,1272,0.0009517678405117636,1.0,0.48806756294225057,outer_01,sigmoid,0.05
1262,2015-11-26,1263,1273,-9.330490644110512e-06,0.0,0.4655306839560531,outer_01,sigmoid,0.05
1263,2015-11-27,1264,1274,0.014474856505128919,1.0,0.4655574836386203,outer_01,sigmoid,0.05
1264,2015-11-30,1265,1275,-0.0034337300961695405,0.0,0.451368942158762,outer_01,sigmoid,0.05
1265,2015-12-01,1266,1276,-0.007192249136148909,0.0,0.4676882562294851,outer_01,sigmoid,0.05
1266,2015-12-02,1267,1277,0.017057441242958937,1.0,0.45090625735076467,outer_01,sigmoid,0.05
1267,2015-12-03,1268,1278,-0.011758330972178932,0.0,0.4520311873641041,outer_01,sigmoid,0.05
1268,2015-12-04,1269,1279,-0.01735066632287907,0.0,0.4948580342237983,outer_01,sigmoid,0.05
1269,2015-12-07,1270,1280,0.006607687069503321,1.0,0.48941070750572246,outer_01,sigmoid,0.05
1270,2015-12-08,1271,1281,-0.0015460560032192205,0.0,0.4880811759337663,outer_01,sigmoid,0.05
1271,2015-12-09,1272,1282,-0.0017175719254920452,0.0,0.47589797094754066,outer_01,sigmoid,0.05
1272,2015-12-10,1273,1283,0.00382751525424041,1.0,0.47634791858978953,outer_01,sigmoid,0.05
1273,2015-12-11,1274,1284,-0.004592730661276079,0.0,0.4836926652937252,outer_01,sigmoid,0.05
1274,2015-12-14,1275,1285,0.00737033714259816,1.0,0.45966259629395145,outer_01,sigmoid,0.05
1275,2015-12-15,1276,1286,0.00015075992452828757,1.0,0.4526565099187732,outer_01,sigmoid,0.05
1276,2015-12-16,1277,1287,-0.0066359604257666405,0.0,0.4686752530351674,outer_01,sigmoid,0.05
1277,2015-12-17,1278,1288,0.020932277830716828,1.0,0.46299072622869936,outer_01,sigmoid,0.05
1278,2015-12-18,1279,1289,0.010812126355772556,1.0,0.4764876534349011,outer_01,sigmoid,0.05
1279,2015-12-21,1280,1290,0.014302732709593258,1.0,0.4960238288993979,outer_01,sigmoid,0.05
1280,2015-12-22,1281,1291,0.03277869794275201,1.0,0.48657122339196873,outer_01,sigmoid,0.05
1281,2015-12-23,1282,1292,0.03401988492092212,1.0,0.48402165772922656,outer_01,sigmoid,0.05
1282,2015-12-24,1283,1293,0.017807522447852442,1.0,0.4725439727848714,outer_01,sigmoid,0.05
1283,2015-12-28,1284,1294,0.017326569206747244,1.0,0.4664549035901031,outer_01,sigmoid,0.05
1284,2015-12-29,1285,1295,0.022412777694307273,1.0,0.45752020859231285,outer_01,sigmoid,0.05
1285,2015-12-30,1286,1296,0.01575100684167463,1.0,0.46275449228850857,outer_01,sigmoid,0.05
1286,2015-12-31,1287,1297,0.02344401160364029,1.0,0.4799041274209854,outer_01,sigmoid,0.05
1287,2016-01-04,1288,1298,0.015056374837097763,1.0,0.5237691964599291,outer_01,sigmoid,0.05
1288,2016-01-05,1289,1299,0.009254194382312342,1.0,0.5073286765006602,outer_01,sigmoid,0.05
1289,2016-01-06,1290,1300,0.006689414879796907,1.0,0.4894987368706313,outer_01,sigmoid,0.05
1290,2016-01-07,1291,1301,-0.00678815498600116,0.0,0.48755219954255635,outer_01,sigmoid,0.05
1291,2016-01-08,1292,1302,-0.008770514197500745,0.0,0.49490074279379215,outer_01,sigmoid,0.05
1292,2016-01-11,1293,1303,0.011863353639103735,1.0,0.4842911087245388,outer_01,sigmoid,0.05
1293,2016-01-12,1294,1304,0.029349514134630716,1.0,0.4973061593533404,outer_01,sigmoid,0.05
1294,2016-01-13,1295,1305,0.029143809780421748,1.0,0.4858145442054636,outer_01,sigmoid,0.05
1295,2016-01-14,1296,1306,0.033838791951264824,1.0,0.4771374030368848,outer_01,sigmoid,0.05
1296,2016-01-15,1297,1307,0.02331927970091563,1.0,0.49389572283127736,outer_01,sigmoid,0.05
1297,2016-01-18,1298,1308,0.0348624488642022,1.0,0.46554467568373364,outer_01,sigmoid,0.05
1298,2016-01-19,1299,1309,0.036422801368903635,1.0,0.48982992013514326,outer_01,sigmoid,0.05
1299,2016-01-20,1300,1310,0.03624047086982962,1.0,0.49452222459335266,outer_01,sigmoid,0.05
1300,2016-01-21,1301,1311,0.04820530710532012,1.0,0.49216577907608877,outer_01,sigmoid,0.05
1301,2016-01-22,1302,1312,0.062442231280353866,1.0,0.4892138401470135,outer_01,sigmoid,0.05
1302,2016-01-25,1303,1313,0.07173335465458397,1.0,0.4846846598954499,outer_01,sigmoid,0.05
1303,2016-01-26,1304,1314,0.06024477871386136,1.0,0.4656381360201043,outer_01,sigmoid,0.05
1304,2016-01-27,1305,1315,0.061294907073234484,1.0,0.45674696748666177,outer_01,sigmoid,0.05
1305,2016-01-28,1306,1316,0.11232784007957619,1.0,0.47103241121818024,outer_01,sigmoid,0.05
1306,2016-01-29,1307,1317,0.09901345705014464,1.0,0.4880322917985456,outer_01,sigmoid,0.05
1307,2016-02-01,1308,1318,0.06932612564596319,1.0,0.4813887353449477,outer_01,sigmoid,0.05
1308,2016-02-02,1309,1319,0.06388345608148427,1.0,0.4897210992629476,outer_01,sigmoid,0.05
1309,2016-02-03,1310,1320,0.05657862959982651,1.0,0.4740708726529183,outer_01,sigmoid,0.05
1310,2016-02-04,1311,1321,0.06334243614330948,1.0,0.47258642649951516,outer_01,sigmoid,0.05
1311,2016-02-05,1312,1322,0.0471888932521205,1.0,0.46878623251086776,outer_01,sigmoid,0.05
1312,2016-02-08,1313,1323,0.01532689655499464,1.0,0.4955527229836147,outer_01,sigmoid,0.05
1313,2016-02-09,1314,1324,0.03113922945214842,1.0,0.504783567963942,outer_01,sigmoid,0.05
1314,2016-02-10,1315,1325,0.024816520852765755,1.0,0.517782686580944,outer_01,sigmoid,0.05
1315,2016-02-11,1316,1326,-0.012563364265001375,0.0,0.5408856672374605,outer_01,sigmoid,0.05
1316,2016-02-12,1317,1327,-0.010624421637682069,0.0,0.5592184259522425,outer_01,sigmoid,0.05
1317,2016-02-15,1318,1328,0.024501758765059556,1.0,0.5768449049907178,outer_01,sigmoid,0.05
1318,2016-02-16,1319,1329,0.023675142002440808,1.0,0.5676714599680331,outer_01,sigmoid,0.05
1319,2016-02-17,1320,1330,0.02730567366875203,1.0,0.5701625483526798,outer_01,sigmoid,0.05
1320,2016-02-18,1321,1331,0.025123241269328744,1.0,0.5708185699264938,outer_01,sigmoid,0.05
1321,2016-02-19,1322,1332,0.028069504664584244,1.0,0.5840869354636237,outer_01,sigmoid,0.05
1322,2016-02-22,1323,1333,0.046342553211719206,1.0,0.24314143726285806,outer_02,none,0.0
1323,2016-02-23,1324,1334,0.027792067770258555,1.0,0.28100817761583397,outer_02,none,0.0
1324,2016-02-24,1325,1335,0.020900219931174746,1.0,0.2450515748562073,outer_02,none,0.0
1325,2016-02-25,1326,1336,0.030031230754168803,1.0,0.11660029070457774,outer_02,none,0.0
1326,2016-02-26,1327,1337,0.02628044479773184,1.0,0.11910191094455606,outer_02,none,0.0
1327,2016-02-29,1328,1338,-0.003128248510416931,0.0,0.10815848917993363,outer_02,none,0.0
1328,2016-03-01,1329,1339,0.0011606531802552666,1.0,0.10580494454173446,outer_02,none,0.0
1329,2016-03-02,1330,1340,0.014403006379025918,1.0,0.0602825540362147,outer_02,none,0.0
1330,2016-03-03,1331,1341,-0.0029352753655604857,0.0,0.04914443656119757,outer_02,none,0.0
1331,2016-03-04,1332,1342,-0.004168097859657216,0.0,0.07559190789480758,outer_02,none,0.0
1332,2016-03-07,1333,1343,-0.018207746859342677,0.0,0.06353485010776626,outer_02,none,0.0
1333,2016-03-08,1334,1344,-0.011070797277253241,0.0,0.0492788791986447,outer_02,none,0.0
1334,2016-03-09,1335,1345,-0.024313303998933833,0.0,0.06704070505313225,outer_02,none,0.0
1335,2016-03-10,1336,1346,-0.044778252740007574,0.0,0.043320721859875885,outer_02,none,0.0
1336,2016-03-11,1337,1347,-0.024788506723322,0.0,0.08772264509781405,outer_02,none,0.0
1337,2016-03-14,1338,1348,0.005031121938825933,1.0,0.151491265151244,outer_02,none,0.0
1338,2016-03-15,1339,1349,-0.0056373007345191795,0.0,0.15085670836959506,outer_02,none,0.0
1339,2016-03-16,1340,1350,-0.022401399208346717,0.0,0.04996872061721141,outer_02,none,0.0
1340,2016-03-17,1341,1351,-0.030966822623719636,0.0,0.06948552346326822,outer_02,none,0.0
1341,2016-03-18,1342,1352,-0.0314568999670195,0.0,0.07442295107718218,outer_02,none,0.0
1342,2016-03-21,1343,1353,-0.01063882822465434,0.0,0.08633658919071734,outer_02,none,0.0
1343,2016-03-22,1344,1354,-0.020051913005744382,0.0,0.08452074692994035,outer_02,none,0.0
1344,2016-03-23,1345,1355,0.01361526812323266,1.0,0.09872108196878265,outer_02,none,0.0
1345,2016-03-24,1346,1356,0.02479102839723435,1.0,0.14000696754684586,outer_02,none,0.0
1346,2016-03-28,1347,1357,0.028545106118737174,1.0,0.13647269697968187,outer_02,none,0.0
1347,2016-03-29,1348,1358,0.011381644112226752,1.0,0.11521353177405404,outer_02,none,0.0
1348,2016-03-30,1349,1359,0.013434658447446957,1.0,0.18765881241553695,outer_02,none,0.0
1349,2016-03-31,1350,1360,-0.0034161372346375174,0.0,0.106959399117828,outer_02,none,0.0
1350,2016-04-01,1351,1361,0.011698898377554556,1.0,0.10170894690462848,outer_02,none,0.0
1351,2016-04-04,1352,1362,0.013132116791596538,1.0,0.13946361736644278,outer_02,none,0.0
1352,2016-04-05,1353,1363,0.015548073382677607,1.0,0.06155679648644505,outer_02,none,0.0
1353,2016-04-06,1354,1364,0.016881116968494148,1.0,0.10133913043646786,outer_02,none,0.0
1354,2016-04-07,1355,1365,0.006666610940091466,1.0,0.032378114294908014,outer_02,none,0.0
1355,2016-04-08,1356,1366,-0.010141386876950875,0.0,0.044140983973749714,outer_02,none,0.0
1356,2016-04-11,1357,1367,-0.014691641088653284,0.0,0.036289795024418786,outer_02,none,0.0
1357,2016-04-12,1358,1368,-0.010254529647153454,0.0,0.036608978762393225,outer_02,none,0.0
1358,2016-04-13,1359,1369,0.0023876240827833684,1.0,0.04399411868329293,outer_02,none,0.0
1359,2016-04-14,1360,1370,0.030949408005105816,1.0,0.07629716255961165,outer_02,none,0.0
1360,2016-04-15,1361,1371,0.045898746292080794,1.0,0.1078886264450047,outer_02,none,0.0
1361,2016-04-18,1362,1372,0.04780890300582019,1.0,0.07144069494593443,outer_02,none,0.0
1362,2016-04-19,1363,1373,0.028283342979741555,1.0,0.02819146945345481,outer_02,none,0.0
1363,2016-04-20,1364,1374,0.028416069092032537,1.0,0.06229618773598517,outer_02,none,0.0
1364,2016-04-21,1365,1375,0.023627418344036144,1.0,0.11752270785350835,outer_02,none,0.0
1365,2016-04-22,1366,1376,0.04131074880050001,1.0,0.11027910044462198,outer_02,none,0.0
1366,2016-04-25,1367,1377,0.020945183042090143,1.0,0.07327488100128443,outer_02,none,0.0
1367,2016-04-26,1368,1378,0.01853477111254076,1.0,0.07192455481404035,outer_02,none,0.0
1368,2016-04-27,1369,1379,0.025440451820220922,1.0,0.09195435241699712,outer_02,none,0.0
1369,2016-04-28,1370,1380,-0.0014624335124233667,0.0,0.04491709030966359,outer_02,none,0.0
1370,2016-04-29,1371,1381,-0.015538032310444372,0.0,0.19711162232368665,outer_02,none,0.0
1371,2016-05-02,1372,1382,-0.014036712850030497,0.0,0.3929518872913822,outer_02,none,0.0
1372,2016-05-03,1373,1383,-0.0041000595276328156,0.0,0.4821264143477026,outer_02,none,0.0
1373,2016-05-04,1374,1384,-0.01653933102053351,0.0,0.51159884055113,outer_02,none,0.0
1374,2016-05-05,1375,1385,-0.017227920605830782,0.0,0.5945127709188432,outer_02,none,0.0
1375,2016-05-06,1376,1386,-0.026712655069503377,0.0,0.45595258883925455,outer_02,none,0.0
1376,2016-05-09,1377,1387,-0.012169986679675837,0.0,0.45324160999095975,outer_02,none,0.0
1377,2016-05-10,1378,1388,-0.03095457549453773,0.0,0.44692906326558085,outer_02,none,0.0
1378,2016-05-11,1379,1389,-0.0432796954666852,0.0,0.4314048624689218,outer_02,none,0.0
1379,2016-05-12,1380,1390,-0.03539508527615087,0.0,0.42718364685971616,outer_02,none,0.0
1380,2016-05-13,1381,1391,-0.04811742237969696,0.0,0.33151069086339296,outer_02,none,0.0
1381,2016-05-16,1382,1392,-0.05402012957488722,0.0,0.3992524144251877,outer_02,none,0.0
1382,2016-05-17,1383,1393,-0.05149557323209386,0.0,0.44371768054190797,outer_02,none,0.0
1383,2016-05-18,1384,1394,-0.037059110942451845,0.0,0.49142433550759007,outer_02,none,0.0
1384,2016-05-19,1385,1395,-0.03678450721616233,0.0,0.5206607532747695,outer_02,none,0.0
1385,2016-05-20,1386,1396,-0.005083520011928577,0.0,0.35870599771199346,outer_02,none,0.0
1386,2016-05-23,1387,1397,-0.0030477069562762082,0.0,0.3273502409226196,outer_02,none,0.0
1387,2016-05-24,1388,1398,0.01388315652297667,1.0,0.2512995784553116,outer_02,none,0.0
1388,2016-05-25,1389,1399,0.03076323685694149,1.0,0.3540855528197709,outer_02,none,0.0
1389,2016-05-26,1390,1400,0.03949240012617494,1.0,0.31288906989978243,outer_02,none,0.0
1390,2016-05-27,1391,1401,0.04966409165768226,1.0,0.37170481241019127,outer_02,none,0.0
1391,2016-05-30,1392,1402,0.06119949518961487,1.0,0.4349509339905627,outer_02,none,0.0
1392,2016-05-31,1393,1403,0.055043183098348436,1.0,0.4925812245783347,outer_02,none,0.0
1393,2016-06-01,1394,1404,0.06413185143976019,1.0,0.512436062400709,outer_02,none,0.0
1394,2016-06-02,1395,1405,0.05517809780342553,1.0,0.4201711510937863,outer_02,none,0.0
1395,2016-06-03,1396,1406,0.033274613497543015,1.0,0.2880950806225411,outer_02,none,0.0
1396,2016-06-06,1397,1407,0.03534555815693352,1.0,0.5470704384389038,outer_02,none,0.0
1397,2016-06-07,1398,1408,0.019863593237740673,1.0,0.45991513936494344,outer_02,none,0.0
1398,2016-06-08,1399,1409,0.0015365487709129155,1.0,0.5141570126147242,outer_02,none,0.0
1399,2016-06-09,1400,1410,-0.012869231223928246,0.0,0.5949347996681241,outer_02,none,0.0
1400,2016-06-10,1401,1411,0.039546832789584485,1.0,0.5358293180074465,outer_02,none,0.0
1401,2016-06-13,1402,1412,0.03128395339709655,1.0,0.47785443130432836,outer_02,none,0.0
1402,2016-06-14,1403,1413,0.020796695080349537,1.0,0.4659901655175934,outer_02,none,0.0
1403,2016-06-15,1404,1414,0.018730510547437795,1.0,0.5820394391243703,outer_02,none,0.0
1404,2016-06-16,1405,1415,0.03352148915629627,1.0,0.5898058637746979,outer_02,none,0.0
1405,2016-06-17,1406,1416,0.04077191901041921,1.0,0.4831967640652153,outer_02,none,0.0
1406,2016-06-20,1407,1417,0.04508634183626459,1.0,0.5457504214384297,outer_02,none,0.0
1407,2016-06-21,1408,1418,0.06652290491484703,1.0,0.5943734518523706,outer_02,none,0.0
1408,2016-06-22,1409,1419,0.07546265599029489,1.0,0.5869041444798949,outer_02,none,0.0
1409,2016-06-23,1410,1420,0.08132306926987543,1.0,0.5035572994053887,outer_02,none,0.0
1410,2016-06-24,1411,1421,0.031414252712787416,1.0,0.11868421618316541,outer_02,none,0.0
1411,2016-06-27,1412,1422,0.023253997364954593,1.0,0.7741383564973687,outer_02,none,0.0
1412,2016-06-28,1413,1423,0.01666887946891027,1.0,0.8297196492804934,outer_02,none,0.0
1413,2016-06-29,1414,1424,0.019026715188394938,1.0,0.7367348406531872,outer_02,none,0.0
1414,2016-06-30,1415,1425,0.009631521129332299,1.0,0.6135240694538249,outer_02,none,0.0
1415,2016-07-01,1416,1426,-0.00411412396044053,0.0,0.6831678067018894,outer_02,none,0.0
1416,2016-07-04,1417,1427,-0.01573223949457958,0.0,0.7328088062726883,outer_02,none,0.0
1417,2016-07-05,1418,1428,-0.018415603542797143,0.0,0.6223566618579154,outer_02,none,0.0
1418,2016-07-06,1419,1429,-0.0364029808108155,0.0,0.6396709246990411,outer_02,none,0.0
1419,2016-07-07,1420,1430,-0.02109332679851761,0.0,0.569013804019622,outer_02,none,0.0
1420,2016-07-08,1421,1431,-0.034692349821750845,0.0,0.44248082181325993,outer_02,none,0.0
1421,2016-07-11,1422,1432,-0.02993771388696853,0.0,0.5573773822265797,outer_02,none,0.0
1422,2016-07-12,1423,1433,-0.011013435107160241,0.0,0.5569913398437323,outer_02,none,0.0
1423,2016-07-13,1424,1434,-0.0033714517975722558,0.0,0.5074396622209484,outer_02,none,0.0
1424,2016-07-14,1425,1435,-7.488533183774848e-06,0.0,0.5186729220573298,outer_02,none,0.0
1425,2016-07-15,1426,1436,0.012291939383374029,1.0,0.38548270671176793,outer_02,none,0.0
1426,2016-07-18,1427,1437,0.018559525408941013,1.0,0.45907551935432883,outer_02,none,0.0
1427,2016-07-19,1428,1438,0.02300367820638982,1.0,0.5221393571609232,outer_02,none,0.0
1428,2016-07-20,1429,1439,0.03277828334206845,1.0,0.5814219966287717,outer_02,none,0.0
1429,2016-07-21,1430,1440,0.02238735899167832,1.0,0.41966422710980633,outer_02,none,0.0
1430,2016-07-22,1431,1441,0.00837776968794568,1.0,0.557032152074867,outer_02,none,0.0
1431,2016-07-25,1432,1442,0.014882395005176186,1.0,0.6363058094461159,outer_02,none,0.0
1432,2016-07-26,1433,1443,0.015561209453421654,1.0,0.5284615175718892,outer_02,none,0.0
1433,2016-07-27,1434,1444,0.006375283194832271,1.0,0.3065260827159041,outer_02,none,0.0
1434,2016-07-28,1435,1445,0.001982502267117603,1.0,0.3310308846612242,outer_02,none,0.0
1435,2016-07-29,1436,1446,-0.010030816244539054,0.0,0.35491461682728237,outer_02,none,0.0
1436,2016-08-01,1437,1447,-0.00997545995392457,0.0,0.3042120420296455,outer_02,none,0.0
1437,2016-08-02,1438,1448,-0.013032314371462128,0.0,0.21627890342053702,outer_02,none,0.0
1438,2016-08-03,1439,1449,-0.005954421339827931,0.0,0.1474425745817541,outer_02,none,0.0
1439,2016-08-04,1440,1450,-0.006531345552767576,0.0,0.17240249567984944,outer_02,none,0.0
1440,2016-08-05,1441,1451,0.004080522876858339,1.0,0.23158566808425915,outer_02,none,0.0
1441,2016-08-08,1442,1452,0.0029172203889675785,1.0,0.17240475730141122,outer_02,none,0.0
1442,2016-08-09,1443,1453,-0.0016506645617324622,0.0,0.15723456650905565,outer_02,none,0.0
1443,2016-08-10,1444,1454,-0.016203685751848163,0.0,0.1661670893395734,outer_02,none,0.0
1444,2016-08-11,1445,1455,-0.012151073607038931,0.0,0.1317196831037358,outer_02,none,0.0
1445,2016-08-12,1446,1456,-0.013249913415753767,0.0,0.19219046640424697,outer_02,none,0.0
1446,2016-08-15,1447,1457,-0.012234888304186953,0.0,0.15450127651827444,outer_02,none,0.0
1447,2016-08-16,1448,1458,-0.025723414508831866,0.0,0.12887574134665666,outer_02,none,0.0
1448,2016-08-17,1449,1459,-0.029934023600050708,0.0,0.13488404245639105,outer_02,none,0.0
1449,2016-08-18,1450,1460,-0.0287654685681753,0.0,0.10899227508096664,outer_02,none,0.0
1450,2016-08-19,1451,1461,-0.010221374949636264,0.0,0.14921260278790383,outer_02,none,0.0
1451,2016-08-22,1452,1462,-0.009485857458320979,0.0,0.22378258129317982,outer_02,none,0.0
1452,2016-08-23,1453,1463,0.007766436523617415,1.0,0.18590880301449983,outer_02,none,0.0
1453,2016-08-24,1454,1464,0.01476981267509725,1.0,0.16841528647109352,outer_02,none,0.0
1454,2016-08-25,1455,1465,0.012315482147685408,1.0,0.1826512474278011,outer_02,none,0.0
1455,2016-08-26,1456,1466,0.006767346315396772,1.0,0.27283429606346704,outer_02,none,0.0
1456,2016-08-29,1457,1467,0.003093501591767911,1.0,0.20059620353969262,outer_02,none,0.0
1457,2016-08-30,1458,1468,0.005695421430846004,1.0,0.25231391640123635,outer_02,none,0.0
1458,2016-08-31,1459,1469,0.00978560189335731,1.0,0.2427201781344727,outer_02,none,0.0
1459,2016-09-01,1460,1470,0.0011182917928769243,1.0,0.21406770220066493,outer_02,none,0.0
1460,2016-09-02,1461,1471,-0.01131130728891172,0.0,0.137872677933818,outer_02,none,0.0
1461,2016-09-05,1462,1472,-0.00986603339589287,0.0,0.10055954569886834,outer_02,none,0.0
1462,2016-09-06,1463,1473,-0.025063366234388873,0.0,0.20238882705689484,outer_02,none,0.0
1463,2016-09-07,1464,1474,-0.008324267065630053,0.0,0.2667117551578813,outer_02,none,0.0
1464,2016-09-08,1465,1475,-0.0006054558482500028,0.0,0.1765585201437865,outer_02,none,0.0
1465,2016-09-09,1466,1476,0.006078635493948603,1.0,0.14337919424808637,outer_02,none,0.0
1466,2016-09-12,1467,1477,0.00810322483772108,1.0,0.30229117046000265,outer_02,none,0.0
1467,2016-09-13,1468,1478,0.0060023917561711215,1.0,0.2309176461506733,outer_02,none,0.0
1468,2016-09-14,1469,1479,-0.0007412001730973117,0.0,0.16080919299375554,outer_02,none,0.0
1469,2016-09-15,1470,1480,0.004574236785846786,1.0,0.10339670380643683,outer_02,none,0.0
1470,2016-09-16,1471,1481,0.0056033218300193255,1.0,0.09304094994314242,outer_02,none,0.0
1471,2016-09-19,1472,1482,-0.0010819295972614995,0.0,0.08550618445280332,outer_02,none,0.0
1472,2016-09-20,1473,1483,-0.03597532533483516,0.0,0.06646348862327173,outer_02,none,0.0
1473,2016-09-21,1474,1484,-0.050895250360362354,0.0,0.08307983367795427,outer_02,none,0.0
1474,2016-09-22,1475,1485,-0.06345493953314119,0.0,0.23293634830374874,outer_02,none,0.0
1475,2016-09-23,1476,1486,-0.06107549743011198,0.0,0.25160254358903306,outer_02,none,0.0
1476,2016-09-26,1477,1487,-0.0607848299846383,0.0,0.21518467538150296,outer_02,none,0.0
1477,2016-09-27,1478,1488,-0.057094572676740896,0.0,0.24163323781381232,outer_02,none,0.0
1478,2016-09-28,1479,1489,-0.0513056391054354,0.0,0.2102070751099969,outer_02,none,0.0
1479,2016-09-29,1480,1490,-0.04904638989775112,0.0,0.19348855237364346,outer_02,none,0.0
1480,2016-09-30,1481,1491,-0.05142156609036963,0.0,0.1302760380058537,outer_02,none,0.0
1481,2016-10-03,1482,1492,-0.0440509242347904,0.0,0.12115983770773248,outer_02,none,0.0
1482,2016-10-04,1483,1493,-0.004464557701172822,0.0,0.05555546959311206,outer_02,none,0.0
1483,2016-10-05,1484,1494,0.001237697095687551,1.0,0.21289941110854071,outer_02,none,0.0
1484,2016-10-06,1485,1495,0.008330406379579713,1.0,0.21419133999832204,outer_02,none,0.0
1485,2016-10-07,1486,1496,0.006729335144490811,1.0,0.36004651483867883,outer_02,none,0.0
1486,2016-10-10,1487,1497,0.004120808753899752,1.0,0.4723828345172132,outer_02,none,0.0
1487,2016-10-11,1488,1498,0.016289222324738617,1.0,0.5980027906453805,outer_02,none,0.0
1488,2016-10-12,1489,1499,0.008659504570083243,1.0,0.49728886367525127,outer_02,none,0.0
1489,2016-10-13,1490,1500,0.007878077649285942,1.0,0.4777303520301517,outer_02,none,0.0
1490,2016-10-14,1491,1501,0.020598897915788505,1.0,0.6868115250911537,outer_02,none,0.0
1491,2016-10-17,1492,1502,0.01690497076068187,1.0,0.5965606660319691,outer_02,none,0.0
1492,2016-10-18,1493,1503,0.02007899648991618,1.0,0.4554498841745887,outer_02,none,0.0
1493,2016-10-19,1494,1504,0.022590676918759378,1.0,0.6249680189937195,outer_02,none,0.0
1494,2016-10-20,1495,1505,0.02979579714726377,1.0,0.6243396164480265,outer_02,none,0.0
1495,2016-10-21,1496,1506,0.020624929744339937,1.0,0.6151698469794621,outer_02,none,0.0
1496,2016-10-24,1497,1507,0.01411902714385338,1.0,0.5381845129068665,outer_02,none,0.0
1497,2016-10-25,1498,1508,-0.0004947326777609007,0.0,0.33256540059538686,outer_02,none,0.0
1498,2016-10-26,1499,1509,0.009375498447586672,1.0,0.5180485589859121,outer_02,none,0.0
1499,2016-10-27,1500,1510,-0.006996134775384633,0.0,0.5217990269921169,outer_02,none,0.0
1500,2016-10-28,1501,1511,-0.0385015912586848,0.0,0.41576067945361084,outer_02,none,0.0
1501,2016-10-31,1502,1512,-0.04425061395817842,0.0,0.3092594541217763,outer_02,none,0.0
1502,2016-11-01,1503,1513,-0.047903736443983824,0.0,0.1922317754436648,outer_02,none,0.0
1503,2016-11-02,1504,1514,-0.05782241350356454,0.0,0.2471254978748244,outer_02,none,0.0
1504,2016-11-03,1505,1515,-0.06941036204605933,0.0,0.21678539723875856,outer_02,none,0.0
1505,2016-11-04,1506,1516,-0.06789794598661913,0.0,0.24781263896929434,outer_02,none,0.0
1506,2016-11-07,1507,1517,-0.05541926025231092,0.0,0.4377111489553398,outer_02,none,0.0
1507,2016-11-08,1508,1518,-0.048267560981201996,0.0,0.5940205617373538,outer_02,none,0.0
1508,2016-11-09,1509,1519,-0.073066379312694,0.0,0.5926851208152719,outer_02,none,0.0
1509,2016-11-10,1510,1520,-0.060770565404037136,0.0,0.739037321389247,outer_02,none,0.0
1510,2016-11-11,1511,1521,-0.03582623518372863,0.0,0.7984342506267462,outer_02,none,0.0
1511,2016-11-14,1512,1522,-0.023267361518870544,0.0,0.8913243800648195,outer_02,none,0.0
1512,2016-11-15,1513,1523,-0.0329964046959077,0.0,0.864021798158772,outer_02,none,0.0
1513,2016-11-16,1514,1524,-0.04302348348188367,0.0,0.9162848492654169,outer_02,none,0.0
1514,2016-11-17,1515,1525,-0.0369322458539143,0.0,0.9557240733086604,outer_02,none,0.0
1515,2016-11-18,1516,1526,-0.01841370956203736,0.0,0.9637399181134115,outer_02,none,0.0
1516,2016-11-21,1517,1527,-0.036493110261538675,0.0,0.9468149378103474,outer_02,none,0.0
1517,2016-11-22,1518,1528,-0.03671361627883574,0.0,0.9494174074660519,outer_02,none,0.0
1518,2016-11-23,1519,1529,-0.012004173709632582,0.0,0.9359902738006762,outer_02,none,0.0
1519,2016-11-24,1520,1530,-0.012594806760750643,0.0,0.9487370027383437,outer_02,none,0.0
1520,2016-11-25,1521,1531,-0.023258648124653725,0.0,0.9476278363668662,outer_02,none,0.0
1521,2016-11-28,1522,1532,-0.025634159219322328,0.0,0.9099593273120703,outer_02,none,0.0
1522,2016-11-29,1523,1533,-0.025330971812119962,0.0,0.950460566492894,outer_02,none,0.0
1523,2016-11-30,1524,1534,-0.027265505492714226,0.0,0.9759076514187539,outer_02,none,0.0
1524,2016-12-01,1525,1535,-0.038339854581539434,0.0,0.9652036100007783,outer_02,none,0.0
1525,2016-12-02,1526,1536,-0.042760262251527514,0.0,0.9526316338876882,outer_02,none,0.0
1526,2016-12-05,1527,1537,-0.027199063506211374,0.0,0.9761306614834269,outer_02,none,0.0
1527,2016-12-06,1528,1538,-0.03199313672131954,0.0,0.9748781352084825,outer_02,none,0.0
1528,2016-12-07,1529,1539,-0.037167260750964104,0.0,0.934249235454802,outer_02,none,0.0
1529,2016-12-08,1530,1540,-0.03635150091754369,0.0,0.9412715018663352,outer_02,none,0.0
1530,2016-12-09,1531,1541,-0.020996475363931566,0.0,0.968640651045055,outer_02,none,0.0
1531,2016-12-12,1532,1542,-0.02082440304329758,0.0,0.9615282401940453,outer_02,none,0.0
1532,2016-12-13,1533,1543,-0.01399511724623359,0.0,0.9532137337143867,outer_02,none,0.0
1533,2016-12-14,1534,1544,0.013660903828477622,1.0,0.9703996557664196,outer_02,none,0.0
1534,2016-12-15,1535,1545,0.020474399421324563,1.0,0.991402048722772,outer_02,none,0.0
1535,2016-12-16,1536,1546,0.020013393842456928,1.0,0.9943578203284112,outer_02,none,0.0
1536,2016-12-19,1537,1547,0.021412382406587938,1.0,0.9830755291210874,outer_02,none,0.0
1537,2016-12-20,1538,1548,0.040728750079886744,1.0,0.9844651857259541,outer_02,none,0.0
1538,2016-12-21,1539,1549,0.036050965711630134,1.0,0.9892698395005032,outer_02,none,0.0
1539,2016-12-22,1540,1550,0.04638585469353451,1.0,0.9884204341627668,outer_02,none,0.0
1540,2016-12-23,1541,1551,0.045780458241296174,1.0,0.9654336343098529,outer_02,none,0.0
1541,2016-12-27,1542,1552,0.04559502245049796,1.0,0.9479250148755411,outer_02,none,0.0
1542,2016-12-28,1543,1553,0.0445054253096675,1.0,0.9503037909115943,outer_02,none,0.0
1543,2016-12-29,1544,1554,0.03468889483047022,1.0,0.9117281169706432,outer_02,none,0.0
1544,2016-12-30,1545,1555,0.043563810465678365,1.0,0.926672004942445,outer_02,none,0.0
1545,2017-01-03,1546,1556,0.04861960460006198,1.0,0.9097170485722923,outer_02,none,0.0
1546,2017-01-04,1547,1557,0.03503380242187948,1.0,0.8861201946327036,outer_02,none,0.0
1547,2017-01-05,1548,1558,0.020938254443492177,1.0,0.7894433244788174,outer_02,none,0.0
1548,2017-01-06,1549,1559,0.031976212567838225,1.0,0.9371672821602698,outer_02,none,0.0
1549,2017-01-09,1550,1560,0.030932920643336637,1.0,0.9441628874728814,outer_02,none,0.0
1550,2017-01-10,1551,1561,0.018174429256128555,1.0,0.9505209790723542,outer_02,none,0.0
1551,2017-01-11,1552,1562,0.007037456121029351,1.0,0.9531729394135674,outer_02,none,0.0
1552,2017-01-12,1553,1563,-0.004481038638796342,0.0,0.9438716754763031,outer_02,none,0.0
1553,2017-01-13,1554,1564,-0.004908836965298313,0.0,0.9356324036566318,outer_02,none,0.0
1554,2017-01-16,1555,1565,-0.00639640580832701,0.0,0.920775879568489,outer_02,none,0.0
1555,2017-01-17,1556,1566,-0.004944467336811087,0.0,0.911476396704657,outer_02,none,0.0
1556,2017-01-18,1557,1567,0.0035964703896551597,1.0,0.9426734728132512,outer_02,none,0.0
1557,2017-01-19,1558,1568,0.008530669375842237,1.0,0.8361356160423017,outer_02,none,0.0
1558,2017-01-20,1559,1569,0.009271654917437644,1.0,0.660252225681314,outer_02,none,0.0
1559,2017-01-23,1560,1570,0.012497462247488045,1.0,0.5131329766462902,outer_02,none,0.0
1560,2017-01-24,1561,1571,0.020016468080939376,1.0,0.5801543288064611,outer_02,none,0.0
1561,2017-01-25,1562,1572,0.03291689433392975,1.0,0.7347830395540168,outer_02,none,0.0
1562,2017-01-26,1563,1573,0.03264819440525635,1.0,0.7981071494655868,outer_02,none,0.0
1563,2017-01-27,1564,1574,0.03126969655764178,1.0,0.8063337016044313,outer_02,none,0.0
1564,2017-01-30,1565,1575,0.024748113914255576,1.0,0.8977333635528562,outer_02,none,0.0
1565,2017-01-31,1566,1576,0.014687393719425401,1.0,0.7905884819189491,outer_02,none,0.0
1566,2017-02-01,1567,1577,0.020079779114632323,1.0,0.8228470610047777,outer_02,none,0.0
1567,2017-02-02,1568,1578,0.019351919134348528,1.0,0.9049630997609587,outer_02,none,0.0
1568,2017-02-03,1569,1579,0.01090363621227386,1.0,0.8985913546176315,outer_02,none,0.0
1569,2017-02-06,1570,1580,0.0022173675832730666,1.0,0.8138906490087812,outer_02,none,0.0
1570,2017-02-07,1571,1581,0.0016683002597908114,1.0,0.794509113772066,outer_02,none,0.0
1571,2017-02-08,1572,1582,-0.003244973949421137,0.0,0.8989171079579819,outer_02,none,0.0
1572,2017-02-09,1573,1583,0.016845783237026346,1.0,0.8689889227010642,outer_02,none,0.0
1573,2017-02-10,1574,1584,0.02047534719296884,1.0,0.8275015191253089,outer_02,none,0.0
1574,2017-02-13,1575,1585,0.022060875546182857,1.0,0.6731248653261536,outer_02,none,0.0
1575,2017-02-14,1576,1586,0.016238461857087216,1.0,0.7113539345643215,outer_02,none,0.0
1576,2017-02-15,1577,1587,0.01213591480505638,1.0,0.647993713511855,outer_02,none,0.0
1577,2017-02-16,1578,1588,-0.0036071632328456005,0.0,0.46612840262313093,outer_02,none,0.0
1578,2017-02-17,1579,1589,-0.0020171505079700225,0.0,0.4598159748556362,outer_02,none,0.0
1579,2017-02-20,1580,1590,-0.009331478996712939,0.0,0.5832144666588223,outer_02,none,0.0
1580,2017-02-21,1581,1591,-0.016291296690373436,0.0,0.7498564789464579,outer_02,none,0.0
1581,2017-02-22,1582,1592,-0.02337034656007031,0.0,0.688569165698003,outer_02,none,0.0
1582,2017-02-23,1583,1593,-0.03963541473020715,0.0,0.5518399598448239,outer_02,none,0.0
1583,2017-02-24,1584,1594,-0.040706907183930774,0.0,0.7788404241905479,outer_02,none,0.0
1584,2017-02-27,1585,1595,-0.04114438633090156,0.0,0.8093015059658989,outer_02,none,0.0
1585,2017-02-28,1586,1596,-0.0403632157811904,0.0,0.6982413693774605,outer_02,none,0.0
1586,2017-03-01,1587,1597,-0.024002416785977587,0.0,0.5400960981859607,outer_02,none,0.0
1587,2017-03-02,1588,1598,-0.006315476789017005,0.0,0.7129438515448534,outer_02,none,0.0
1588,2017-03-03,1589,1599,-0.0021431188947120816,0.0,0.6905047499949603,outer_02,none,0.0
1589,2017-03-06,1590,1600,0.007187022805877241,1.0,0.557754787239139,outer_02,none,0.0
1590,2017-03-07,1591,1601,0.023981224073525986,1.0,0.5309644513038307,outer_02,none,0.0
1591,2017-03-08,1592,1602,0.03190412670307374,1.0,0.5983937907105041,outer_02,none,0.0
1592,2017-03-09,1593,1603,0.035970806137755496,1.0,0.6689864418046494,outer_02,none,0.0
1593,2017-03-10,1594,1604,0.03421407797250442,1.0,0.6867478344170066,outer_02,none,0.0
1594,2017-03-13,1595,1605,0.04198231836379307,1.0,0.7606828350567097,outer_02,none,0.0
1595,2017-03-14,1596,1606,0.04231565374738189,1.0,0.7826889617296429,outer_02,none,0.0
1596,2017-03-15,1597,1607,0.02740074807910009,1.0,0.5981809919291653,outer_02,none,0.0
1597,2017-03-16,1598,1608,0.01387876528328924,1.0,0.6227545092201827,outer_02,none,0.0
1598,2017-03-17,1599,1609,0.014049220983451072,1.0,0.6922282805527848,outer_02,none,0.0
1599,2017-03-20,1600,1610,0.015856828142980284,1.0,0.596574508262169,outer_02,none,0.0
1600,2017-03-21,1601,1611,0.008292432038718545,1.0,0.6060398197782288,outer_02,none,0.0
1601,2017-03-22,1602,1612,0.0066555321400763034,1.0,0.6779713962451505,outer_02,none,0.0
1602,2017-03-23,1603,1613,0.005551808979833872,1.0,0.6765884759196452,outer_02,none,0.0
1603,2017-03-24,1604,1614,0.005202413948843798,1.0,0.6931755616082623,outer_02,none,0.0
1604,2017-03-27,1605,1615,0.0011719265180181182,1.0,0.6369109286562465,outer_02,none,0.0
1605,2017-03-28,1606,1616,0.018062185985946222,1.0,0.5979483558530144,outer_02,none,0.0
1606,2017-03-29,1607,1617,0.025503383943756397,1.0,0.5612954682598628,outer_02,none,0.0
1607,2017-03-30,1608,1618,0.03764769908378618,1.0,0.5285232519795421,outer_02,none,0.0
1608,2017-03-31,1609,1619,0.02885199003543093,1.0,0.5858452797718213,outer_02,none,0.0
1609,2017-04-03,1610,1620,0.02778873908337598,1.0,0.5213361820944508,outer_02,none,0.0
1610,2017-04-04,1611,1621,0.018705405416302945,1.0,0.551108702206788,outer_02,none,0.0
1611,2017-04-05,1612,1622,0.02026688949682587,1.0,0.5365585609802946,outer_02,none,0.0
1612,2017-04-06,1613,1623,0.013237763247991197,1.0,0.6582239987487808,outer_02,none,0.0
1613,2017-04-07,1614,1624,0.01651362182576932,1.0,0.49537823374080797,outer_02,none,0.0
1614,2017-04-10,1615,1625,0.006599268729502228,1.0,0.48606549940196836,outer_02,none,0.0
1615,2017-04-11,1616,1626,-0.0038622386825082344,0.0,0.4862048753186338,outer_02,none,0.0
1616,2017-04-12,1617,1627,-0.016571063516284568,0.0,0.7370946508473432,outer_02,none,0.0
1617,2017-04-13,1618,1628,-0.017751575583712764,0.0,0.7174411718231786,outer_02,none,0.0
1618,2017-04-17,1619,1629,-0.022589288435689525,0.0,0.679635915196344,outer_02,none,0.0
1619,2017-04-18,1620,1630,-0.02613161906490813,0.0,0.6934622533881054,outer_02,none,0.0
1620,2017-04-19,1621,1631,-0.03303032152935259,0.0,0.7447295092276466,outer_02,none,0.0
1621,2017-04-20,1622,1632,-0.04212440742147816,0.0,0.6750085984609585,outer_02,none,0.0
1622,2017-04-21,1623,1633,-0.03482386236989665,0.0,0.5830680847738555,outer_02,none,0.0
1623,2017-04-24,1624,1634,-0.03924736993080735,0.0,0.7225478534645848,outer_02,none,0.0
1624,2017-04-25,1625,1635,-0.03420210196340534,0.0,0.6885144107572482,outer_02,none,0.0
1625,2017-04-26,1626,1636,-0.03998233441835719,0.0,0.7015221508804746,outer_02,none,0.0
1626,2017-04-27,1627,1637,-0.031047116307734157,0.0,0.6665391770703948,outer_02,none,0.0
1627,2017-04-28,1628,1638,-0.0309251417034222,0.0,0.6937864114488357,outer_02,none,0.0
1628,2017-05-01,1629,1639,-0.019856937646719253,0.0,0.7012721931237864,outer_02,none,0.0
1629,2017-05-02,1630,1640,-0.015773754520385097,0.0,0.7300701143568046,outer_02,none,0.0
1630,2017-05-03,1631,1641,0.01760050558648274,1.0,0.5955148505806651,outer_02,none,0.0
1631,2017-05-04,1632,1642,0.014400016104163527,1.0,0.5743440749580555,outer_02,none,0.0
1632,2017-05-05,1633,1643,0.02424292725299093,1.0,0.6141153306144518,outer_02,none,0.0
1633,2017-05-08,1634,1644,0.02728260839740937,1.0,0.5918015010412073,outer_02,none,0.0
1634,2017-05-09,1635,1645,0.024738359108125607,1.0,0.5338737495042682,outer_02,none,0.0
1635,2017-05-10,1636,1646,0.03141822578328757,1.0,0.738667377843864,outer_02,none,0.0
1636,2017-05-11,1637,1647,0.02436333169187943,1.0,0.7246620711033487,outer_02,none,0.0
1637,2017-05-12,1638,1648,0.029923505087549707,1.0,0.651029547314497,outer_02,none,0.0
1638,2017-05-15,1639,1649,0.028554609552433163,1.0,0.6472483237437285,outer_02,none,0.0
1639,2017-05-16,1640,1650,0.020768305845937363,1.0,0.6411253012277423,outer_02,none,0.0
1640,2017-05-17,1641,1651,0.00697644137516118,1.0,0.6018357570066806,outer_02,none,0.0
1641,2017-05-18,1642,1652,0.015326061994345608,1.0,0.7348977709603813,outer_02,none,0.0
1642,2017-05-19,1643,1653,0.019325378415898875,1.0,0.6567397966946542,outer_02,none,0.0
1643,2017-05-22,1644,1654,0.015549106963342219,1.0,0.6917950823238727,outer_02,none,0.0
1644,2017-05-23,1645,1655,0.03354244851331245,1.0,0.7323802191596374,outer_02,none,0.0
1645,2017-05-24,1646,1656,0.022464200168864856,1.0,0.6874249947076679,outer_02,none,0.0
1646,2017-05-25,1647,1657,0.019223700737290628,1.0,0.5839414339094546,outer_02,none,0.0
1647,2017-05-26,1648,1658,-0.0006235718237093124,0.0,0.48294126344467175,outer_02,none,0.0
1648,2017-05-29,1649,1659,-0.0008529391376432827,0.0,0.6055860604676174,outer_02,none,0.0
1649,2017-05-30,1650,1660,0.0031000910567584583,1.0,0.5959306915990024,outer_02,none,0.0
1650,2017-05-31,1651,1661,-0.006841513779485275,0.0,0.5299215746102385,outer_02,none,0.0
1651,2017-06-01,1652,1662,-0.009015934088613342,0.0,0.6930931580152503,outer_02,none,0.0
1652,2017-06-02,1653,1663,-0.020680835133205733,0.0,0.8477495416723964,outer_02,none,0.0
1653,2017-06-05,1654,1664,-0.028695316145280536,0.0,0.8768533848769935,outer_02,none,0.0
1654,2017-06-06,1655,1665,-0.03978648228201642,0.0,0.7434832653734641,outer_02,none,0.0
1655,2017-06-07,1656,1666,-0.031800098319079595,0.0,0.7425635353930204,outer_02,none,0.0
1656,2017-06-08,1657,1667,-0.022870151088400625,0.0,0.8338279599134193,outer_02,none,0.0
1657,2017-06-09,1658,1668,-0.0072429056736558195,0.0,0.792815034288897,outer_02,none,0.0
1658,2017-06-12,1659,1669,-0.017036540116195376,0.0,0.814370603002018,outer_02,none,0.0
1659,2017-06-13,1660,1670,-0.01541301483707791,0.0,0.8628213266397008,outer_02,none,0.0
1660,2017-06-14,1661,1671,-0.00855220391218392,0.0,0.8916504944545691,outer_02,none,0.0
1661,2017-06-15,1662,1672,-0.006767538568166032,0.0,0.8522243463004637,outer_02,none,0.0
1662,2017-06-16,1663,1673,-0.008992390666961114,0.0,0.8340622784871704,outer_02,none,0.0
1663,2017-06-19,1664,1674,-0.01813983607528069,0.0,0.8038218166481935,outer_02,none,0.0
1664,2017-06-20,1665,1675,-0.015950283851637437,0.0,0.8535818036660442,outer_02,none,0.0
1665,2017-06-21,1666,1676,-0.01569639581672977,0.0,0.8166632659769711,outer_02,none,0.0
1666,2017-06-22,1667,1677,-0.021165837118005015,0.0,0.7140945283645977,outer_02,none,0.0
1667,2017-06-23,1668,1678,-0.03552201998981097,0.0,0.807165402561598,outer_02,none,0.0
1668,2017-06-26,1669,1679,-0.024314958460815106,0.0,0.8836011803026002,outer_02,none,0.0
1669,2017-06-27,1670,1680,-0.024654524034474434,0.0,0.8389702561110435,outer_02,none,0.0
1670,2017-06-28,1671,1681,-0.024995830758165027,0.0,0.7050876551791833,outer_02,none,0.0
1671,2017-06-29,1672,1682,-0.02311683168498302,0.0,0.593773572838088,outer_02,none,0.0
1672,2017-06-30,1673,1683,-0.010171348416509574,0.0,0.6357011465134673,outer_02,none,0.0
1673,2017-07-03,1674,1684,0.010132690219143647,1.0,0.5097979164007754,outer_02,none,0.0
1674,2017-07-04,1675,1685,0.015218328331503272,1.0,0.7030361554201289,outer_02,none,0.0
1675,2017-07-05,1676,1686,0.011458982094177728,1.0,0.7473000989597182,outer_02,none,0.0
1676,2017-07-06,1677,1687,0.015739426825962965,1.0,0.7575994222959986,outer_02,none,0.0
1677,2017-07-07,1678,1688,0.033882323045899554,1.0,0.8330199989060005,outer_02,none,0.0
1678,2017-07-10,1679,1689,0.032582610230099895,1.0,0.8583245757584456,outer_02,none,0.0
1679,2017-07-11,1680,1690,0.026769248586780314,1.0,0.8564698989723508,outer_02,none,0.0
1680,2017-07-12,1681,1691,0.033611523710574964,1.0,0.8719925183112198,outer_02,none,0.0
1681,2017-07-13,1682,1692,0.03373560915877416,1.0,0.8663140444732671,outer_02,none,0.0
1682,2017-07-14,1683,1693,0.032793758165316156,1.0,0.8346801745922271,outer_02,none,0.0
1683,2017-07-17,1684,1694,0.028387188597643664,1.0,0.8730621655503104,outer_02,none,0.0
1684,2017-07-18,1685,1695,0.02056296073451147,1.0,0.8399294501258485,outer_02,none,0.0
1685,2017-07-19,1686,1696,0.020007208574704727,1.0,0.8169837391404187,outer_02,none,0.0
1686,2017-07-20,1687,1697,0.019255320043590984,1.0,0.8106434989595731,outer_02,none,0.0
1687,2017-07-21,1688,1698,0.0014647118569666162,1.0,0.7937505015299725,outer_02,none,0.0
1688,2017-07-24,1689,1699,0.0019508783146351405,1.0,0.8489745206655321,outer_02,none,0.0
1689,2017-07-25,1690,1700,0.008922158110596712,1.0,0.7629759332334038,outer_02,none,0.0
1690,2017-07-26,1691,1701,0.013573050079152438,1.0,0.7441330237398169,outer_02,none,0.0
1691,2017-07-27,1692,1702,0.021192877377599117,1.0,0.7954464051662224,outer_02,none,0.0
1692,2017-07-28,1693,1703,0.014665184600993975,1.0,0.8391634508136657,outer_02,none,0.0
1693,2017-07-31,1694,1704,0.00901811290417065,1.0,0.8410236560955339,outer_02,none,0.0
1694,2017-08-01,1695,1705,0.002157515128476284,1.0,0.8687562761588007,outer_02,none,0.0
1695,2017-08-02,1696,1706,0.013742578365572022,1.0,0.848756908865839,outer_02,none,0.0
1696,2017-08-03,1697,1707,0.01578444973295401,1.0,0.8803726891380818,outer_02,none,0.0
1697,2017-08-04,1698,1708,0.020353991671863803,1.0,0.8922944930074289,outer_02,none,0.0
1698,2017-08-07,1699,1709,0.026439828573658453,1.0,0.8878168464154348,outer_02,none,0.0
1699,2017-08-08,1700,1710,0.018574779953579146,1.0,0.7829619470085328,outer_02,none,0.0
1700,2017-08-09,1701,1711,0.010157116235634867,1.0,0.7486661587070221,outer_02,none,0.0
1701,2017-08-10,1702,1712,-5.4428327625366535e-05,0.0,0.8462662343674937,outer_02,none,0.0
1702,2017-08-11,1703,1713,0.002455661841588963,1.0,0.8860101309783899,outer_02,none,0.0
1703,2017-08-14,1704,1714,0.02555724628309264,1.0,0.915032472311689,outer_02,none,0.0
1704,2017-08-15,1705,1715,0.03013099851932921,1.0,0.9121439200727938,outer_02,none,0.0
1705,2017-08-16,1706,1716,0.019097434242330458,1.0,0.9064532059932902,outer_02,none,0.0
1706,2017-08-17,1707,1717,0.02548367321189815,1.0,0.9097679066479236,outer_02,none,0.0
1707,2017-08-18,1708,1718,0.03987282285308691,1.0,0.9014337712700328,outer_02,none,0.0
1708,2017-08-21,1709,1719,0.03257612077157468,1.0,0.8710388410578634,outer_02,none,0.0
1709,2017-08-22,1710,1720,0.041970064362727655,1.0,0.8549264128923326,outer_02,none,0.0
1710,2017-08-23,1711,1721,0.033298178842099624,1.0,0.8395300246094066,outer_02,none,0.0
1711,2017-08-24,1712,1722,0.047468905988443666,1.0,0.8210737477846645,outer_02,none,0.0
1712,2017-08-25,1713,1723,0.03530793413032285,1.0,0.8007365360680995,outer_02,none,0.0
1713,2017-08-28,1714,1724,0.01008495892148531,1.0,0.9110773884816906,outer_02,none,0.0
1714,2017-08-29,1715,1725,0.0173792416336509,1.0,0.9212560829666392,outer_02,none,0.0
1715,2017-08-30,1716,1726,0.01114977710394971,1.0,0.8615228257571441,outer_02,none,0.0
1716,2017-08-31,1717,1727,0.006582666855408981,1.0,0.9225818022334082,outer_02,none,0.0
1717,2017-09-01,1718,1728,-0.012700330120638093,0.0,0.9159944991882646,outer_02,none,0.0
1718,2017-09-04,1719,1729,-0.019552637923549554,0.0,0.9376881096130366,outer_02,none,0.0
1719,2017-09-05,1720,1730,-0.021870589184407763,0.0,0.9207312161223694,outer_02,none,0.0
1720,2017-09-06,1721,1731,-0.02477113596859226,0.0,0.9453199657847019,outer_02,none,0.0
1721,2017-09-07,1722,1732,-0.043147200376595585,0.0,0.9562864714564233,outer_02,none,0.0
1722,2017-09-08,1723,1733,-0.03261133800922167,0.0,0.9613377944343027,outer_02,none,0.0
1723,2017-09-11,1724,1734,-0.013576241892089058,0.0,0.9712909707708788,outer_02,none,0.0
1724,2017-09-12,1725,1735,-0.030423405844811846,0.0,0.9741071499668316,outer_02,none,0.0
1725,2017-09-13,1726,1736,-0.030582249742476364,0.0,0.9705504632491525,outer_02,none,0.0
1726,2017-09-14,1727,1737,-0.03358854040627435,0.0,0.9676876881708922,outer_02,none,0.0
1727,2017-09-15,1728,1738,-0.030326355312190856,0.0,0.958710004148135,outer_02,none,0.0
1728,2017-09-18,1729,1739,-0.028702607210383313,0.0,0.9400077630062316,outer_02,none,0.0
1729,2017-09-19,1730,1740,-0.0303578212341149,0.0,0.9490163889810629,outer_02,none,0.0
1730,2017-09-20,1731,1741,-0.02052564316000094,0.0,0.9418986572958236,outer_02,none,0.0
1731,2017-09-21,1732,1742,-0.017896468429296597,0.0,0.934721162700773,outer_02,none,0.0
1732,2017-09-22,1733,1743,-0.015599799994338248,0.0,0.887044082246598,outer_02,none,0.0
1733,2017-09-25,1734,1744,-0.01991366396718508,0.0,0.8866631033722517,outer_02,none,0.0
1734,2017-09-26,1735,1745,-0.004192001055696615,0.0,0.957934227603838,outer_02,none,0.0
1735,2017-09-27,1736,1746,0.0064550180441251825,1.0,0.9669759273160317,outer_02,none,0.0
1736,2017-09-28,1737,1747,0.0054490134011340174,1.0,0.9680356627644078,outer_02,none,0.0
1737,2017-09-29,1738,1748,0.01888309899002305,1.0,0.9716939007320301,outer_02,none,0.0
1738,2017-10-02,1739,1749,0.019645680635268725,1.0,0.9796366524919986,outer_02,none,0.0
1739,2017-10-03,1740,1750,0.010554125748783783,1.0,0.9745108761654033,outer_02,none,0.0
1740,2017-10-04,1741,1751,0.005007169133675937,1.0,0.9530550503009736,outer_02,none,0.0
1741,2017-10-05,1742,1752,0.016199497385855466,1.0,0.9369795478542527,outer_02,none,0.0
1742,2017-10-06,1743,1753,0.001034020944885583,1.0,0.8654929033403556,outer_02,none,0.0
1743,2017-10-09,1744,1754,-0.0017074230252882572,0.0,0.8482711363121335,outer_02,none,0.0
1744,2017-10-10,1745,1755,-0.008993224092201046,0.0,0.8885875729888144,outer_02,none,0.0
1745,2017-10-11,1746,1756,-0.010554680586273513,0.0,0.8812675178112722,outer_02,none,0.0
1746,2017-10-12,1747,1757,-0.02035795051481859,0.0,0.8725804856389798,outer_02,none,0.0
1747,2017-10-13,1748,1758,-0.023326279524710003,0.0,0.7966454071054418,outer_02,none,0.0
1748,2017-10-16,1749,1759,-0.015467653149238814,0.0,0.8500894544853214,outer_02,none,0.0
1749,2017-10-17,1750,1760,-0.011435404919506453,0.0,0.9139418216008164,outer_02,none,0.0
1750,2017-10-18,1751,1761,-0.004709167312091367,0.0,0.9368801267846261,outer_02,none,0.0
1751,2017-10-19,1752,1762,-0.009498686365293274,0.0,0.8963075317383774,outer_02,none,0.0
1752,2017-10-20,1753,1763,-0.006133567223415959,0.0,0.9176945946638628,outer_02,none,0.0
1753,2017-10-23,1754,1764,-0.00035120169874325313,0.0,0.9199824925824435,outer_02,none,0.0
1754,2017-10-24,1755,1765,0.0002820211534553252,1.0,0.9113548840585547,outer_02,none,0.0
1755,2017-10-25,1756,1766,0.002742778487900388,1.0,0.8567913513802969,outer_02,none,0.0
1756,2017-10-26,1757,1767,0.013843572631082601,1.0,0.8106341914691586,outer_02,none,0.0
1757,2017-10-27,1758,1768,0.0013107138987331624,1.0,0.7379313530627138,outer_02,none,0.0
1758,2017-10-30,1759,1769,0.001487932362163491,1.0,0.7536624312779457,outer_02,none,0.0
1759,2017-10-31,1760,1770,0.007466232882670454,1.0,0.7569218786763992,outer_02,none,0.0
1760,2017-11-01,1761,1771,0.0023651781775919645,1.0,0.6139332984121587,outer_02,none,0.0
1761,2017-11-02,1762,1772,0.0009938297300076115,1.0,0.6289577493866345,outer_02,none,0.0
1762,2017-11-03,1763,1773,0.018513266015919072,1.0,0.6822097103254402,outer_02,none,0.0
1763,2017-11-06,1764,1774,-0.0026183856793542404,0.0,0.5434281621998821,outer_02,none,0.0
1764,2017-11-07,1765,1775,0.003128228534063915,1.0,0.7591362091181355,outer_02,none,0.0
1765,2017-11-08,1766,1776,0.007850615122601212,1.0,0.7888949291178637,outer_02,none,0.0
1766,2017-11-09,1767,1777,0.004386363523305903,1.0,0.8150954734157446,outer_02,none,0.0
1767,2017-11-10,1768,1778,0.010261302264744643,1.0,0.902301850746318,outer_02,none,0.0
1768,2017-11-13,1769,1779,0.012952864151793086,1.0,0.8540240413817239,outer_02,none,0.0
1769,2017-11-14,1770,1780,0.010554802912885464,1.0,0.8323267349195635,outer_02,none,0.0
1770,2017-11-15,1771,1781,0.0045890614442596345,1.0,0.8376267716750899,outer_02,none,0.0
1771,2017-11-16,1772,1782,-0.0027412941969071625,0.0,0.7559354469606807,outer_02,none,0.0
1772,2017-11-17,1773,1783,-0.014951059345071904,0.0,0.6449554647114066,outer_02,none,0.0
1773,2017-11-20,1774,1784,-0.0010649461486007539,0.0,0.8390848792632803,outer_02,none,0.0
1774,2017-11-21,1775,1785,-0.011536762071568951,0.0,0.9186466062076448,outer_02,none,0.0
1775,2017-11-22,1776,1786,-0.021854002912608195,0.0,0.8870637229358508,outer_02,none,0.0
1776,2017-11-23,1777,1787,-0.034141721190027674,0.0,0.8570423541278596,outer_02,none,0.0
1777,2017-11-24,1778,1788,-0.03184236403272056,0.0,0.8313537184965814,outer_02,none,0.0
1778,2017-11-27,1779,1789,-0.04135964884723897,0.0,0.852837772347401,outer_02,none,0.0
1779,2017-11-28,1780,1790,-0.039118663343608695,0.0,0.8312069418203997,outer_02,none,0.0
1780,2017-11-29,1781,1791,-0.0238284737046488,0.0,0.844720283058184,outer_02,none,0.0
1781,2017-11-30,1782,1792,-0.017461093873983202,0.0,0.8623755639945774,outer_02,none,0.0
1782,2017-12-01,1783,1793,-0.015672231189627794,0.0,0.9155869210145198,outer_02,none,0.0
1783,2017-12-04,1784,1794,-0.011599632038443275,0.0,0.9072327296414693,outer_02,none,0.0
1784,2017-12-05,1785,1795,-0.0036004992544693692,0.0,0.8727548042431117,outer_02,none,0.0
1785,2017-12-06,1786,1796,0.0016604600916396706,1.0,0.7861594910305065,outer_02,none,0.0
1786,2017-12-07,1787,1797,0.014822511899282631,1.0,0.5851875339207596,outer_02,none,0.0
1787,2017-12-08,1788,1798,0.024079995734299864,1.0,0.7125079673381263,outer_02,none,0.0
1788,2017-12-11,1789,1799,0.031828449179963414,1.0,0.6043712847063852,outer_02,none,0.0
1789,2017-12-12,1790,1800,0.034391328269114396,1.0,0.737140921561594,outer_02,none,0.0
1790,2017-12-13,1791,1801,0.0314381461947848,1.0,0.8129856451049872,outer_02,none,0.0
1791,2017-12-14,1792,1802,0.044381317638181095,1.0,0.850750679090106,outer_02,none,0.0
1792,2017-12-15,1793,1803,0.04911133441633897,1.0,0.5658934950117736,outer_03,none,0.0
1793,2017-12-18,1794,1804,0.039688241718679684,1.0,0.5431655653061347,outer_03,none,0.0
1794,2017-12-19,1795,1805,0.04686155824349125,1.0,0.5677428142081459,outer_03,none,0.0
1795,2017-12-20,1796,1806,0.04248159500574822,1.0,0.5831404108325678,outer_03,none,0.0
1796,2017-12-21,1797,1807,0.04121711156105157,1.0,0.4659465990632772,outer_03,none,0.0
1797,2017-12-22,1798,1808,0.026009589866350602,1.0,0.4646513339222932,outer_03,none,0.0
1798,2017-12-26,1799,1809,0.026823182329286155,1.0,0.6442322374277417,outer_03,none,0.0
1799,2017-12-27,1800,1810,0.026847918810745774,1.0,0.6453290035461777,outer_03,none,0.0
1800,2017-12-28,1801,1811,0.031932936708474635,1.0,0.647900920346078,outer_03,none,0.0
1801,2017-12-29,1802,1812,0.022354595915392572,1.0,0.7353518188989947,outer_03,none,0.0
1802,2018-01-02,1803,1813,0.016511007614371742,1.0,0.7787040074461762,outer_03,none,0.0
1803,2018-01-03,1804,1814,0.01118845115210032,1.0,0.8133430492590065,outer_03,none,0.0
1804,2018-01-04,1805,1815,0.004212121721089979,1.0,0.863265693257177,outer_03,none,0.0
1805,2018-01-05,1806,1816,0.010814417037682489,1.0,0.8558909101094165,outer_03,none,0.0
1806,2018-01-08,1807,1817,0.010486772897567498,1.0,0.8640578893176537,outer_03,none,0.0
1807,2018-01-09,1808,1818,0.021940459559750103,1.0,0.8071122131543494,outer_03,none,0.0
1808,2018-01-10,1809,1819,0.030005466726162666,1.0,0.7574362605184284,outer_03,none,0.0
1809,2018-01-11,1810,1820,0.018469440660714653,1.0,0.6436036581544784,outer_03,none,0.0
1810,2018-01-12,1811,1821,0.011149764941167817,1.0,0.6868211800685119,outer_03,none,0.0
1811,2018-01-15,1812,1822,0.0014026084844465103,1.0,0.7605939841596681,outer_03,none,0.0
1812,2018-01-16,1813,1823,-0.0013300358380350374,0.0,0.697141849227571,outer_03,none,0.0
1813,2018-01-17,1814,1824,0.01189126296133658,1.0,0.6256304478308463,outer_03,none,0.0
1814,2018-01-18,1815,1825,0.015153447494152594,1.0,0.7428833000798014,outer_03,none,0.0
1815,2018-01-19,1816,1826,-0.0025574790160449723,0.0,0.7246152926199722,outer_03,none,0.0
1816,2018-01-22,1817,1827,0.00412377890916904,1.0,0.6668269475865451,outer_03,none,0.0
1817,2018-01-23,1818,1828,-0.012215221139226351,0.0,0.5907539690861041,outer_03,none,0.0
1818,2018-01-24,1819,1829,-0.029846041869972417,0.0,0.6138510981737191,outer_03,none,0.0
1819,2018-01-25,1820,1830,-0.02092263065783584,0.0,0.7190535163295777,outer_03,none,0.0
1820,2018-01-26,1821,1831,-0.026741667236026778,0.0,0.7338751578881543,outer_03,none,0.0
1821,2018-01-29,1822,1832,-0.013261330659602777,0.0,0.7384748198918728,outer_03,none,0.0
1822,2018-01-30,1823,1833,-0.00577399116094135,0.0,0.8118139094270754,outer_03,none,0.0
1823,2018-01-31,1824,1834,0.005382284163194306,1.0,0.7135749985034147,outer_03,none,0.0
1824,2018-02-01,1825,1835,0.004427013448738748,1.0,0.5501555434144253,outer_03,none,0.0
1825,2018-02-02,1826,1836,0.013463671133452593,1.0,0.4920848848630776,outer_03,none,0.0
1826,2018-02-05,1827,1837,0.006691975651095028,1.0,0.617186526417953,outer_03,none,0.0
1827,2018-02-06,1828,1838,0.0036546856396206806,1.0,0.6507665955069923,outer_03,none,0.0
1828,2018-02-07,1829,1839,0.005337424140051894,1.0,0.7601207380373193,outer_03,none,0.0
1829,2018-02-08,1830,1840,0.009559126541373253,1.0,0.6880527324555147,outer_03,none,0.0
1830,2018-02-09,1831,1841,0.01092551724618307,1.0,0.7154582500552403,outer_03,none,0.0
1831,2018-02-12,1832,1842,0.007279109872970757,1.0,0.6758352328018105,outer_03,none,0.0
1832,2018-02-13,1833,1843,-0.008557098561249532,0.0,0.626234489695046,outer_03,none,0.0
1833,2018-02-14,1834,1844,-0.02368951756430615,0.0,0.5196378154737322,outer_03,none,0.0
1834,2018-02-15,1835,1845,-0.027954154449697732,0.0,0.7135516380615815,outer_03,none,0.0
1835,2018-02-16,1836,1846,-0.0194365361608817,0.0,0.6676430226425688,outer_03,none,0.0
1836,2018-02-19,1837,1847,-0.020499509278591788,0.0,0.7138272950701713,outer_03,none,0.0
1837,2018-02-20,1838,1848,0.007538326618854008,1.0,0.7008603968539261,outer_03,none,0.0
1838,2018-02-21,1839,1849,0.0009433856165443899,1.0,0.8066070396897622,outer_03,none,0.0
1839,2018-02-22,1840,1850,-0.007885156380400993,0.0,0.7014705276571229,outer_03,none,0.0
1840,2018-02-23,1841,1851,-0.005255055087519445,0.0,0.6222840503897645,outer_03,none,0.0
1841,2018-02-26,1842,1852,-0.00734710701711716,0.0,0.4812283849924421,outer_03,none,0.0
1842,2018-02-27,1843,1853,0.00564246800008128,1.0,0.6495531256949357,outer_03,none,0.0
1843,2018-02-28,1844,1854,0.003617352080190983,1.0,0.716498916323247,outer_03,none,0.0
1844,2018-03-01,1845,1855,-0.00041787121817282724,0.0,0.5961558279363087,outer_03,none,0.0
1845,2018-03-02,1846,1856,-0.008017184607179928,0.0,0.5177219391252391,outer_03,none,0.0
1846,2018-03-05,1847,1857,-0.00246412922985062,0.0,0.5212555749921661,outer_03,none,0.0
1847,2018-03-06,1848,1858,-0.021131717379004655,0.0,0.5369626101389011,outer_03,none,0.0
1848,2018-03-07,1849,1859,0.004658574655423742,1.0,0.6297522494146707,outer_03,none,0.0
1849,2018-03-08,1850,1860,0.00700624677262951,1.0,0.6695111857030119,outer_03,none,0.0
1850,2018-03-09,1851,1861,0.018937222836140855,1.0,0.6499493889164842,outer_03,none,0.0
1851,2018-03-12,1852,1862,0.021940471505018877,1.0,0.6657883912490035,outer_03,none,0.0
1852,2018-03-13,1853,1863,0.014793678645015795,1.0,0.5012599622528008,outer_03,none,0.0
1853,2018-03-14,1854,1864,0.0004229351763846978,1.0,0.5194956966386761,outer_03,none,0.0
1854,2018-03-15,1855,1865,0.007480010043388496,1.0,0.5340868424176379,outer_03,none,0.0
1855,2018-03-16,1856,1866,0.02070351857673458,1.0,0.4964491077875353,outer_03,none,0.0
1856,2018-03-19,1857,1867,0.011532725525490228,1.0,0.4454034726858657,outer_03,none,0.0
1857,2018-03-20,1858,1868,0.016305037849665638,1.0,0.35866327980235224,outer_03,none,0.0
1858,2018-03-21,1859,1869,-0.0034448038638270617,0.0,0.2592052692329849,outer_03,none,0.0
1859,2018-03-22,1860,1870,0.0021620818452037227,1.0,0.44378704408405334,outer_03,none,0.0
1860,2018-03-23,1861,1871,-0.008596724527042632,0.0,0.4382871309279575,outer_03,none,0.0
1861,2018-03-26,1862,1872,-0.009924165181744549,0.0,0.6604975666430452,outer_03,none,0.0
1862,2018-03-27,1863,1873,0.005159044568651794,1.0,0.711091479076307,outer_03,none,0.0
1863,2018-03-28,1864,1874,0.008406380569366156,1.0,0.6585000272381614,outer_03,none,0.0
1864,2018-03-29,1865,1875,0.01265901356358956,1.0,0.7258810197064577,outer_03,none,0.0
1865,2018-04-02,1866,1876,0.003930769996960848,1.0,0.7320879342150737,outer_03,none,0.0
1866,2018-04-03,1867,1877,0.010852067540781718,1.0,0.7425791121713483,outer_03,none,0.0
1867,2018-04-04,1868,1878,0.01198253142189909,1.0,0.6733039682869969,outer_03,none,0.0
1868,2018-04-05,1869,1879,0.013790329019745862,1.0,0.5439025024664618,outer_03,none,0.0
1869,2018-04-06,1870,1880,0.0008994896003331476,1.0,0.5638780636383863,outer_03,none,0.0
1870,2018-04-09,1871,1881,-0.00889014982020786,0.0,0.571020797329343,outer_03,none,0.0
1871,2018-04-10,1872,1882,-0.007102217447366499,0.0,0.5581194239612,outer_03,none,0.0
1872,2018-04-11,1873,1883,-0.02279266862566587,0.0,0.6739718401232616,outer_03,none,0.0
1873,2018-04-12,1874,1884,-0.013705970520830668,0.0,0.516089007918525,outer_03,none,0.0
1874,2018-04-13,1875,1885,-0.01493948182114746,0.0,0.745525308137473,outer_03,none,0.0
1875,2018-04-16,1876,1886,-0.022375088221323836,0.0,0.7161529377972577,outer_03,none,0.0
1876,2018-04-17,1877,1887,-0.032064834784704566,0.0,0.6960308994144259,outer_03,none,0.0
1877,2018-04-18,1878,1888,-0.032819224047294426,0.0,0.6192220989486457,outer_03,none,0.0
1878,2018-04-19,1879,1889,-0.025087658210641628,0.0,0.6644940890443153,outer_03,none,0.0
1879,2018-04-20,1880,1890,-0.014946043208787785,0.0,0.5386414154728585,outer_03,none,0.0
1880,2018-04-23,1881,1891,-0.007942203410720161,0.0,0.49286251230260825,outer_03,none,0.0
1881,2018-04-24,1882,1892,-0.011394992959990802,0.0,0.5354091079222087,outer_03,none,0.0
1882,2018-04-25,1883,1893,-0.007516320670843513,0.0,0.5002495050335427,outer_03,none,0.0
1883,2018-04-26,1884,1894,0.0029712297879820326,1.0,0.37035453330327267,outer_03,none,0.0
1884,2018-04-27,1885,1895,-0.0035366901822984076,0.0,0.33189222305693517,outer_03,none,0.0
1885,2018-04-30,1886,1896,-0.0014979567481185896,0.0,0.4492592835729798,outer_03,none,0.0
1886,2018-05-01,1887,1897,-0.010727186440008474,0.0,0.41567917406103094,outer_03,none,0.0
1887,2018-05-02,1888,1898,-0.01128423686113944,0.0,0.3601481450059021,outer_03,none,0.0
1888,2018-05-03,1889,1899,-0.016789812078760846,0.0,0.3096918537780789,outer_03,none,0.0
1889,2018-05-04,1890,1900,-0.017933192637744177,0.0,0.34218426179111083,outer_03,none,0.0
1890,2018-05-07,1891,1901,-0.01663303808816785,0.0,0.3573437425408907,outer_03,none,0.0
1891,2018-05-08,1892,1902,-0.01823380857369461,0.0,0.25778335606005603,outer_03,none,0.0
1892,2018-05-09,1893,1903,-0.014036583770317357,0.0,0.32544262515302114,outer_03,none,0.0
1893,2018-05-10,1894,1904,-0.012520535821567869,0.0,0.2735761950693502,outer_03,none,0.0
1894,2018-05-11,1895,1905,-0.01428857709098974,0.0,0.39962256694253323,outer_03,none,0.0
1895,2018-05-14,1896,1906,-0.012635229243516122,0.0,0.3128533264925462,outer_03,none,0.0
1896,2018-05-15,1897,1907,0.006941121225302993,1.0,0.16169233202705385,outer_03,none,0.0
1897,2018-05-16,1898,1908,0.008284974839318338,1.0,0.42264898874010226,outer_03,none,0.0
1898,2018-05-17,1899,1909,0.006488062367397518,1.0,0.40476940362591085,outer_03,none,0.0
1899,2018-05-18,1900,1910,0.001176215816419024,1.0,0.3623368387915178,outer_03,none,0.0
1900,2018-05-21,1901,1911,-0.0003404518757736952,0.0,0.3389341230304521,outer_03,none,0.0
1901,2018-05-22,1902,1912,0.004335283656556221,1.0,0.4865315675596001,outer_03,none,0.0
1902,2018-05-23,1903,1913,0.002092252868037825,1.0,0.36092303440633866,outer_03,none,0.0
1903,2018-05-24,1904,1914,-0.005795246299190815,0.0,0.30321592398651387,outer_03,none,0.0
1904,2018-05-25,1905,1915,-0.00023859827475813944,0.0,0.4342196324967497,outer_03,none,0.0
1905,2018-05-28,1906,1916,0.0017554940679209707,1.0,0.6038413356808068,outer_03,none,0.0
1906,2018-05-29,1907,1917,-0.0032676745374278227,0.0,0.3875119119228425,outer_03,none,0.0
1907,2018-05-30,1908,1918,-0.0014222292954881866,0.0,0.3164252578883197,outer_03,none,0.0
1908,2018-05-31,1909,1919,0.002514370521721432,1.0,0.3060011394748237,outer_03,none,0.0
1909,2018-06-01,1910,1920,-0.010815875780158635,0.0,0.38249445819865197,outer_03,none,0.0
1910,2018-06-04,1911,1921,-0.010346019646312321,0.0,0.45780135864119087,outer_03,none,0.0
1911,2018-06-05,1912,1922,-0.017031417441378593,0.0,0.38827598603227914,outer_03,none,0.0
1912,2018-06-06,1913,1923,-0.02227287879354556,0.0,0.3323317640774988,outer_03,none,0.0
1913,2018-06-07,1914,1924,-0.02333340414975993,0.0,0.31802860589542586,outer_03,none,0.0
1914,2018-06-08,1915,1925,-0.02157665781363516,0.0,0.3158557803923473,outer_03,none,0.0
1915,2018-06-11,1916,1926,-0.026408805312909678,0.0,0.27290464018985977,outer_03,none,0.0
1916,2018-06-12,1917,1927,-0.028977547130901726,0.0,0.21198433230021038,outer_03,none,0.0
1917,2018-06-13,1918,1928,-0.03725902733178721,0.0,0.24339770681271528,outer_03,none,0.0
1918,2018-06-14,1919,1929,-0.04247414136546013,0.0,0.20187704275987706,outer_03,none,0.0
1919,2018-06-15,1920,1930,-0.020854989486270625,0.0,0.45958234898365136,outer_03,none,0.0
1920,2018-06-18,1921,1931,-0.0293502821342555,0.0,0.7911979459410586,outer_03,none,0.0
1921,2018-06-19,1922,1932,-0.01778151708534015,0.0,0.7571233398945004,outer_03,none,0.0
1922,2018-06-20,1923,1933,-0.009357154819701563,0.0,0.7276003752676224,outer_03,none,0.0
1923,2018-06-21,1924,1934,-0.008064751503793488,0.0,0.7247103933814383,outer_03,none,0.0
1924,2018-06-22,1925,1935,-0.01276030327323685,0.0,0.657694651248314,outer_03,none,0.0
1925,2018-06-25,1926,1936,-0.006656969996712725,0.0,0.7177209834828192,outer_03,none,0.0
1926,2018-06-26,1927,1937,-0.002179672639395669,0.0,0.8063437258632399,outer_03,none,0.0
1927,2018-06-27,1928,1938,-0.007896560551520437,0.0,0.7288744349241029,outer_03,none,0.0
1928,2018-06-28,1929,1939,-0.0009459525163864058,0.0,0.6152233855132695,outer_03,none,0.0
1929,2018-06-29,1930,1940,-0.009190120816024994,0.0,0.5819116579980872,outer_03,none,0.0
1930,2018-07-02,1931,1941,-0.0009344966885125316,0.0,0.6612442132237917,outer_03,none,0.0
1931,2018-07-03,1932,1942,-0.019999537625242425,0.0,0.6368147716114231,outer_03,none,0.0
1932,2018-07-04,1933,1943,-0.023567266917131846,0.0,0.770590090850186,outer_03,none,0.0
1933,2018-07-05,1934,1944,-0.026967111078692874,0.0,0.767296031748486,outer_03,none,0.0
1934,2018-07-06,1935,1945,-0.020003563634694466,0.0,0.7730936459945748,outer_03,none,0.0
1935,2018-07-09,1936,1946,-0.02650020726621438,0.0,0.7413838306949816,outer_03,none,0.0
1936,2018-07-10,1937,1947,-0.025225923525868943,0.0,0.7575053782814871,outer_03,none,0.0
1937,2018-07-11,1938,1948,-0.008892827975111928,0.0,0.7086880518143209,outer_03,none,0.0
1938,2018-07-12,1939,1949,-0.018831515041494384,0.0,0.7710391039969687,outer_03,none,0.0
1939,2018-07-13,1940,1950,-0.01455022606216172,0.0,0.7435756265255478,outer_03,none,0.0
1940,2018-07-16,1941,1951,-0.015587558270300228,0.0,0.7052197827787122,outer_03,none,0.0
1941,2018-07-17,1942,1952,-0.002887676368307446,0.0,0.7791373396684588,outer_03,none,0.0
1942,2018-07-18,1943,1953,-0.00856154196283132,0.0,0.8358543490685687,outer_03,none,0.0
1943,2018-07-19,1944,1954,-0.012391059819276684,0.0,0.8185087543948848,outer_03,none,0.0
1944,2018-07-20,1945,1955,-0.01373180333248225,0.0,0.7226003318473261,outer_03,none,0.0
1945,2018-07-23,1946,1956,-0.013696141487899993,0.0,0.8342547714604253,outer_03,none,0.0
1946,2018-07-24,1947,1957,-0.011012540311735819,0.0,0.8069891315756004,outer_03,none,0.0
1947,2018-07-25,1948,1958,-0.014592828525447743,0.0,0.7272548277135995,outer_03,none,0.0
1948,2018-07-26,1949,1959,-0.00904723508508809,0.0,0.7933977392167916,outer_03,none,0.0
1949,2018-07-27,1950,1960,-0.008892231756628455,0.0,0.7798306985970906,outer_03,none,0.0
1950,2018-07-30,1951,1961,-0.022794967657785214,0.0,0.7508988917628174,outer_03,none,0.0
1951,2018-07-31,1952,1962,-0.024703640891647893,0.0,0.778285941376005,outer_03,none,0.0
1952,2018-08-01,1953,1963,-0.03425820052975137,0.0,0.7774578558271089,outer_03,none,0.0
1953,2018-08-02,1954,1964,-0.02937622302041376,0.0,0.8126226688057356,outer_03,none,0.0
1954,2018-08-03,1955,1965,-0.02515703762137811,0.0,0.7876665563359684,outer_03,none,0.0
1955,2018-08-06,1956,1966,-0.014776416882425814,0.0,0.8408110323852072,outer_03,none,0.0
1956,2018-08-07,1957,1967,-0.012430261500517403,0.0,0.8159591112052238,outer_03,none,0.0
1957,2018-08-08,1958,1968,-0.014716950756427316,0.0,0.7429416493924691,outer_03,none,0.0
1958,2018-08-09,1959,1969,-0.02272967298935935,0.0,0.727533695177442,outer_03,none,0.0
1959,2018-08-10,1960,1970,-0.004388962746669556,0.0,0.6584570368656523,outer_03,none,0.0
1960,2018-08-13,1961,1971,0.013972166988915014,1.0,0.8251016714512729,outer_03,none,0.0
1961,2018-08-14,1962,1972,0.006019060384626407,1.0,0.9077343988876354,outer_03,none,0.0
1962,2018-08-15,1963,1973,0.02632725111315537,1.0,0.9239699554924965,outer_03,none,0.0
1963,2018-08-16,1964,1974,0.022168924771062137,1.0,0.9410646110875219,outer_03,none,0.0
1964,2018-08-17,1965,1975,0.014445711621570823,1.0,0.9345914398067009,outer_03,none,0.0
1965,2018-08-20,1966,1976,0.008615551151004652,1.0,0.9472319740344337,outer_03,none,0.0
1966,2018-08-21,1967,1977,-0.0036268189535286766,0.0,0.9333935388859114,outer_03,none,0.0
1967,2018-08-22,1968,1978,0.0010363474697090425,1.0,0.9481772534049687,outer_03,none,0.0
1968,2018-08-23,1969,1979,0.012600611885067892,1.0,0.9641348212517166,outer_03,none,0.0
1969,2018-08-24,1970,1980,-0.00902837361395381,0.0,0.9113658115051044,outer_03,none,0.0
1970,2018-08-27,1971,1981,-0.012758508580996697,0.0,0.9552519926504214,outer_03,none,0.0
1971,2018-08-28,1972,1982,-0.0029006546806371603,0.0,0.957603596050731,outer_03,none,0.0
1972,2018-08-29,1973,1983,-0.0003646338370879576,0.0,0.9441577355967041,outer_03,none,0.0
1973,2018-08-30,1974,1984,0.0013574116331671604,1.0,0.9498418457614038,outer_03,none,0.0
1974,2018-08-31,1975,1985,-0.005855468105350425,0.0,0.9310737840395761,outer_03,none,0.0
1975,2018-09-03,1976,1986,0.000591161733249912,1.0,0.9239156456184753,outer_03,none,0.0
1976,2018-09-04,1977,1987,0.005214120874101447,1.0,0.9258630909140363,outer_03,none,0.0
1977,2018-09-05,1978,1988,0.005564501600571425,1.0,0.9168036047401916,outer_03,none,0.0
1978,2018-09-06,1979,1989,0.005334276570079233,1.0,0.8442846727865372,outer_03,none,0.0
1979,2018-09-07,1980,1990,0.002112532776314957,1.0,0.843906886060144,outer_03,none,0.0
1980,2018-09-10,1981,1991,0.002898443803458939,1.0,0.8331131484826191,outer_03,none,0.0
1981,2018-09-11,1982,1992,0.0027841239663386474,1.0,0.8314999352605206,outer_03,none,0.0
1982,2018-09-12,1983,1993,-0.009694824611496067,0.0,0.839430035815799,outer_03,none,0.0
1983,2018-09-13,1984,1994,-0.015338019820959836,0.0,0.8249954536271147,outer_03,none,0.0
1984,2018-09-14,1985,1995,-0.0014923123546148886,0.0,0.8256702072093387,outer_03,none,0.0
1985,2018-09-17,1986,1996,-0.010518089260621366,0.0,0.8029434050115637,outer_03,none,0.0
1986,2018-09-18,1987,1997,0.0050209728577472745,1.0,0.7516887203835083,outer_03,none,0.0
1987,2018-09-19,1988,1998,-0.0048630694812947795,0.0,0.6915237011725704,outer_03,none,0.0
1988,2018-09-20,1989,1999,-0.005900947974171622,0.0,0.6600902984853565,outer_03,none,0.0
1989,2018-09-21,1990,2000,0.003580264100996544,1.0,0.7919143686677159,outer_03,none,0.0
1990,2018-09-24,1991,2001,-0.008989935416591877,0.0,0.8085646853584841,outer_03,none,0.0
1991,2018-09-25,1992,2002,-0.009929853758504414,0.0,0.744321711985897,outer_03,none,0.0
1992,2018-09-26,1993,2003,-0.0005441584723708814,0.0,0.8080729204053694,outer_03,none,0.0
1993,2018-09-27,1994,2004,0.03313760227109519,1.0,0.8739655782421828,outer_03,none,0.0
1994,2018-09-28,1995,2005,0.021489246493774594,1.0,0.8101101602403439,outer_03,none,0.0
1995,2018-10-01,1996,2006,0.031774196176769465,1.0,0.8622064852152953,outer_03,none,0.0
1996,2018-10-02,1997,2007,0.01720198046334609,1.0,0.7548135750866471,outer_03,none,0.0
1997,2018-10-03,1998,2008,0.0198276693459567,1.0,0.8387653510033157,outer_03,none,0.0
1998,2018-10-04,1999,2009,0.02129459629794006,1.0,0.7842279980752441,outer_03,none,0.0
1999,2018-10-05,2000,2010,0.020418777990090398,1.0,0.7634374862628144,outer_03,none,0.0
2000,2018-10-08,2001,2011,0.028090219503119407,1.0,0.878366729751029,outer_03,none,0.0
2001,2018-10-09,2002,2012,0.03422181380582501,1.0,0.8314422832440248,outer_03,none,0.0
2002,2018-10-10,2003,2013,0.032736336182887626,1.0,0.7854821302001564,outer_03,none,0.0
2003,2018-10-11,2004,2014,0.007225247190815409,1.0,0.6799784776996163,outer_03,none,0.0
2004,2018-10-12,2005,2015,0.012388253456152576,1.0,0.9052431330462699,outer_03,none,0.0
2005,2018-10-15,2006,2016,0.001921245818388151,1.0,0.923251975447753,outer_03,none,0.0
2006,2018-10-16,2007,2017,-0.0020185764862059585,0.0,0.9268676662293742,outer_03,none,0.0
2007,2018-10-17,2008,2018,-0.005465167094819812,0.0,0.9356493276147059,outer_03,none,0.0
2008,2018-10-18,2009,2019,0.007171462094611947,1.0,0.9071097994504661,outer_03,none,0.0
2009,2018-10-19,2010,2020,0.004176932212737405,1.0,0.8811838540442729,outer_03,none,0.0
2010,2018-10-22,2011,2021,0.007548866838690493,1.0,0.864802819600553,outer_03,none,0.0
2011,2018-10-23,2012,2022,-0.002994233460045237,0.0,0.8816989969705794,outer_03,none,0.0
2012,2018-10-24,2013,2023,-0.006121198964220476,0.0,0.9165462610887405,outer_03,none,0.0
2013,2018-10-25,2014,2024,-0.007192546880976813,0.0,0.8650034157908035,outer_03,none,0.0
2014,2018-10-26,2015,2025,-0.019285145069940945,0.0,0.7835419117830753,outer_03,none,0.0
2015,2018-10-29,2016,2026,-0.023410445206704544,0.0,0.804269687493712,outer_03,none,0.0
2016,2018-10-30,2017,2027,-0.016305314167492035,0.0,0.736530008542348,outer_03,none,0.0
2017,2018-10-31,2018,2028,-0.0035527529960726056,0.0,0.5396064804386228,outer_03,none,0.0
2018,2018-11-01,2019,2029,-0.017193196673656708,0.0,0.7098908496732889,outer_03,none,0.0
2019,2018-11-02,2020,2030,-0.009124002230054273,0.0,0.7468127052189143,outer_03,none,0.0
2020,2018-11-05,2021,2031,-0.00609335772602293,0.0,0.7609812544193563,outer_03,none,0.0
2021,2018-11-06,2022,2032,-0.004360899342403357,0.0,0.700394393790958,outer_03,none,0.0
2022,2018-11-07,2023,2033,-0.0007912522182458304,0.0,0.735217907879005,outer_03,none,0.0
2023,2018-11-08,2024,2034,0.0030446144903333305,1.0,0.7300465093827428,outer_03,none,0.0
2024,2018-11-09,2025,2035,0.011484882424035447,1.0,0.7671239165268079,outer_03,none,0.0
2025,2018-11-12,2026,2036,0.017561974461419716,1.0,0.7559579346915886,outer_03,none,0.0
2026,2018-11-13,2027,2037,0.010167405740698854,1.0,0.747773183704631,outer_03,none,0.0
2027,2018-11-14,2028,2038,0.007830597282143081,1.0,0.726547301031447,outer_03,none,0.0
2028,2018-11-15,2029,2039,0.008886832128232491,1.0,0.7017428974731746,outer_03,none,0.0
2029,2018-11-16,2030,2040,0.0007935047556264507,1.0,0.6556018409873529,outer_03,none,0.0
2030,2018-11-19,2031,2041,0.005573450972583771,1.0,0.7032951594228528,outer_03,none,0.0
2031,2018-11-20,2032,2042,0.013567162935144594,1.0,0.7151726074133966,outer_03,none,0.0
2032,2018-11-21,2033,2043,0.00961561488062479,1.0,0.735899661120707,outer_03,none,0.0
2033,2018-11-22,2034,2044,0.008715111760460914,1.0,0.7523784371828862,outer_03,none,0.0
2034,2018-11-23,2035,2045,0.021845980315379876,1.0,0.7188713512950285,outer_03,none,0.0
2035,2018-11-26,2036,2046,0.018159029435143026,1.0,0.6595242178181722,outer_03,none,0.0
2036,2018-11-27,2037,2047,0.022970250028904182,1.0,0.6079011050569181,outer_03,none,0.0
2037,2018-11-28,2038,2048,0.020452899284221893,1.0,0.5924724093217865,outer_03,none,0.0
2038,2018-11-29,2039,2049,0.014299920451883885,1.0,0.5773140647538649,outer_03,none,0.0
2039,2018-11-30,2040,2050,0.011722567823437835,1.0,0.5660555314070643,outer_03,none,0.0
2040,2018-12-03,2041,2051,0.012130856734818174,1.0,0.5248901871656737,outer_03,none,0.0
2041,2018-12-04,2042,2052,0.009034269265026929,1.0,0.5729496987957918,outer_03,none,0.0
2042,2018-12-05,2043,2053,0.005617607429122096,1.0,0.7117623595540762,outer_03,none,0.0
2043,2018-12-06,2044,2054,0.018245423536256133,1.0,0.506593114848045,outer_03,none,0.0
2044,2018-12-07,2045,2055,0.006441143406981986,1.0,0.5078170074232184,outer_03,none,0.0
2045,2018-12-10,2046,2056,0.021930354966877452,1.0,0.4873296944218381,outer_03,none,0.0
2046,2018-12-11,2047,2057,0.01872713905069734,1.0,0.46983041108179896,outer_03,none,0.0
2047,2018-12-12,2048,2058,0.023498947278478788,1.0,0.5080650456027965,outer_03,none,0.0
2048,2018-12-13,2049,2059,0.030308114095014993,1.0,0.48680567003156155,outer_03,none,0.0
2049,2018-12-14,2050,2060,0.03562931934921387,1.0,0.37489095783935555,outer_03,none,0.0
2050,2018-12-17,2051,2061,0.03315255634638081,1.0,0.4312257802746414,outer_03,none,0.0
2051,2018-12-18,2052,2062,0.03450787456998672,1.0,0.4310501449314287,outer_03,none,0.0
2052,2018-12-19,2053,2063,0.032506410101515115,1.0,0.3272003255086778,outer_03,none,0.0
2053,2018-12-20,2054,2064,0.022474442510167947,1.0,0.5704199310871607,outer_03,none,0.0
2054,2018-12-21,2055,2065,0.020558311236977822,1.0,0.6920026095082692,outer_03,none,0.0
2055,2018-12-24,2056,2066,0.016060469324243876,1.0,0.786091644957415,outer_03,none,0.0
2056,2018-12-26,2057,2067,0.015744039467799453,1.0,0.769764355493093,outer_03,none,0.0
2057,2018-12-27,2058,2068,0.009901032357169548,1.0,0.7127326707135686,outer_03,none,0.0
2058,2018-12-28,2059,2069,0.009703378989886602,1.0,0.7169710776601482,outer_03,none,0.0
2059,2018-12-31,2060,2070,0.005731432329190156,1.0,0.7456177813861883,outer_03,none,0.0
2060,2019-01-02,2061,2071,0.0046641803326457065,1.0,0.6943543822339204,outer_03,none,0.0
2061,2019-01-03,2062,2072,-0.001098263771013741,0.0,0.6196859748531738,outer_03,none,0.0
2062,2019-01-04,2063,2073,-0.002188585186661207,0.0,0.6330039137733878,outer_03,none,0.0
2063,2019-01-07,2064,2074,-0.007021396533797741,0.0,0.7198862362067447,outer_03,none,0.0
2064,2019-01-08,2065,2075,0.00021793953820825607,1.0,0.6894280011599838,outer_03,none,0.0
2065,2019-01-09,2066,2076,-0.00792003394558538,0.0,0.6918985617001002,outer_03,none,0.0
2066,2019-01-10,2067,2077,-0.005001802347132767,0.0,0.6228337027787888,outer_03,none,0.0
2067,2019-01-11,2068,2078,0.010987212458843487,1.0,0.623031032498577,outer_03,none,0.0
2068,2019-01-14,2069,2079,0.008260434099006453,1.0,0.581603492241468,outer_03,none,0.0
2069,2019-01-15,2070,2080,0.01686256118765428,1.0,0.5727829494333,outer_03,none,0.0
2070,2019-01-16,2071,2081,0.020352653561299228,1.0,0.576303505148777,outer_03,none,0.0
2071,2019-01-17,2072,2082,0.021974028086939157,1.0,0.510016119464619,outer_03,none,0.0
2072,2019-01-18,2073,2083,0.026977210279224728,1.0,0.38815763519299246,outer_03,none,0.0
2073,2019-01-21,2074,2084,0.024400300008959874,1.0,0.46944709028659826,outer_03,none,0.0
2074,2019-01-22,2075,2085,0.022851542540040626,1.0,0.501005729054853,outer_03,none,0.0
2075,2019-01-23,2076,2086,0.019018483115382345,1.0,0.4794799171847218,outer_03,none,0.0
2076,2019-01-24,2077,2087,0.02287874519213773,1.0,0.47615012961676334,outer_03,none,0.0
2077,2019-01-25,2078,2088,0.00831232012432448,1.0,0.2676205082568669,outer_03,none,0.0
2078,2019-01-28,2079,2089,0.0032713943314792715,1.0,0.5117084603108107,outer_03,none,0.0
2079,2019-01-29,2080,2090,-0.0002974113793214883,0.0,0.4915774439417955,outer_03,none,0.0
2080,2019-01-30,2081,2091,-0.010537794143191448,0.0,0.4999939593484186,outer_03,none,0.0
2081,2019-01-31,2082,2092,-0.006333653214674939,0.0,0.4703282693457599,outer_03,none,0.0
2082,2019-02-01,2083,2093,-0.0001821659536878073,0.0,0.4751582860565563,outer_03,none,0.0
2083,2019-02-04,2084,2094,0.010970583759772445,1.0,0.5561045722476238,outer_03,none,0.0
2084,2019-02-05,2085,2095,0.019070010680762195,1.0,0.5825437932876214,outer_03,none,0.0
2085,2019-02-06,2086,2096,0.023897390301949706,1.0,0.5926780116775247,outer_03,none,0.0
2086,2019-02-07,2087,2097,0.010827004457512501,1.0,0.5818371281923057,outer_03,none,0.0
2087,2019-02-08,2088,2098,0.010853659324816078,1.0,0.4843442657438501,outer_03,none,0.0
2088,2019-02-11,2089,2099,0.015053745700731369,1.0,0.45544415793141885,outer_03,none,0.0
2089,2019-02-12,2090,2100,0.013567619066329861,1.0,0.44363077218251107,outer_03,none,0.0
2090,2019-02-13,2091,2101,0.010302971452180287,1.0,0.4025760665560675,outer_03,none,0.0
2091,2019-02-14,2092,2102,0.0011725473027164313,1.0,0.3713361163683804,outer_03,none,0.0
2092,2019-02-15,2093,2103,-0.017072707803069243,0.0,0.4614609067260174,outer_03,none,0.0
2093,2019-02-18,2094,2104,-0.03011964654562682,0.0,0.5140140600956744,outer_03,none,0.0
2094,2019-02-19,2095,2105,-0.04010982470216273,0.0,0.45898175797758467,outer_03,none,0.0
2095,2019-02-20,2096,2106,-0.040004572563726803,0.0,0.4123197172644899,outer_03,none,0.0
2096,2019-02-21,2097,2107,-0.03043849914585639,0.0,0.521805203093977,outer_03,none,0.0
2097,2019-02-22,2098,2108,-0.023336627865855775,0.0,0.6566344058819261,outer_03,none,0.0
2098,2019-02-25,2099,2109,-0.026090493980007068,0.0,0.6460030649929991,outer_03,none,0.0
2099,2019-02-26,2100,2110,-0.021385333258000294,0.0,0.6047965079845379,outer_03,none,0.0
2100,2019-02-27,2101,2111,-0.007757341792733463,0.0,0.6124088404923468,outer_03,none,0.0
2101,2019-02-28,2102,2112,-0.013838028834972427,0.0,0.5909693891181361,outer_03,none,0.0
2102,2019-03-01,2103,2113,0.005528832472057488,1.0,0.6648236085280906,outer_03,none,0.0
2103,2019-03-04,2104,2114,0.012717188797565449,1.0,0.7335016785364806,outer_03,none,0.0
2104,2019-03-05,2105,2115,0.014958680690109638,1.0,0.6697824988842366,outer_03,none,0.0
2105,2019-03-06,2106,2116,0.02124917012433425,1.0,0.610714513737664,outer_03,none,0.0
2106,2019-03-07,2107,2117,0.01899296394635641,1.0,0.579556743491834,outer_03,none,0.0
2107,2019-03-08,2108,2118,0.011759249967401075,1.0,0.4930743890338947,outer_03,none,0.0
2108,2019-03-11,2109,2119,0.022066495586437362,1.0,0.6800559461097704,outer_03,none,0.0
2109,2019-03-12,2110,2120,0.011958254723225537,1.0,0.5961736066344707,outer_03,none,0.0
2110,2019-03-13,2111,2121,-0.0003665381278867841,0.0,0.6065918642477215,outer_03,none,0.0
2111,2019-03-14,2112,2122,-0.0039116905687066605,0.0,0.6268232113793291,outer_03,none,0.0
2112,2019-03-15,2113,2123,-0.0077783609039521195,0.0,0.629323601187192,outer_03,none,0.0
2113,2019-03-18,2114,2124,-0.012352031057019985,0.0,0.5948979981588519,outer_03,none,0.0
2114,2019-03-19,2115,2125,-0.011112850144197495,0.0,0.6157791066429377,outer_03,none,0.0
2115,2019-03-20,2116,2126,-0.0182455705345399,0.0,0.6429985165431303,outer_03,none,0.0
2116,2019-03-21,2117,2127,-0.012614074837158817,0.0,0.590554493180612,outer_03,none,0.0
2117,2019-03-22,2118,2128,-0.015374521458059398,0.0,0.5204251163093395,outer_03,none,0.0
2118,2019-03-25,2119,2129,-0.01840741831469117,0.0,0.5232099812831272,outer_03,none,0.0
2119,2019-03-26,2120,2130,-0.009309775282206445,0.0,0.5472103584128015,outer_03,none,0.0
2120,2019-03-27,2121,2131,-0.0009628022872920639,0.0,0.4219749709105356,outer_03,none,0.0
2121,2019-03-28,2122,2132,0.0010760805389145034,1.0,0.32057254652632206,outer_03,none,0.0
2122,2019-03-29,2123,2133,-0.0007199898118930292,0.0,0.45240222847515377,outer_03,none,0.0
2123,2019-04-01,2124,2134,0.00036502444904140674,1.0,0.4762137658717567,outer_03,none,0.0
2124,2019-04-02,2125,2135,-0.012044164263056878,0.0,0.5265677702783067,outer_03,none,0.0
2125,2019-04-03,2126,2136,-0.012578880303005135,0.0,0.5129491750688645,outer_03,none,0.0
2126,2019-04-04,2127,2137,-0.013253271710208736,0.0,0.48813831783074835,outer_03,none,0.0
2127,2019-04-05,2128,2138,-0.013180737831129719,0.0,0.5091486322282809,outer_03,none,0.0
2128,2019-04-08,2129,2139,-0.01995459063662608,0.0,0.473899045775449,outer_03,none,0.0
2129,2019-04-09,2130,2140,-0.022280164095724864,0.0,0.42615598425041734,outer_03,none,0.0
2130,2019-04-10,2131,2141,-0.023765516770335893,0.0,0.5182493025288553,outer_03,none,0.0
2131,2019-04-11,2132,2142,-0.005042014451309917,0.0,0.3999724149303566,outer_03,none,0.0
2132,2019-04-12,2133,2143,-0.00879774492126284,0.0,0.5262618753137909,outer_03,none,0.0
2133,2019-04-15,2134,2144,-0.0036484608432569843,0.0,0.4690138943646582,outer_03,none,0.0
2134,2019-04-16,2135,2145,0.0002662719592203544,1.0,0.33480016389405604,outer_03,none,0.0
2135,2019-04-17,2136,2146,-0.0029393524726968323,0.0,0.3270993681604678,outer_03,none,0.0
2136,2019-04-18,2137,2147,0.0053473554878218366,1.0,0.30407959010716784,outer_03,none,0.0
2137,2019-04-22,2138,2148,0.004756363158838539,1.0,0.310195060012804,outer_03,none,0.0
2138,2019-04-23,2139,2149,0.009209587598627778,1.0,0.4139180079180356,outer_03,none,0.0
2139,2019-04-24,2140,2150,0.004388219099591417,1.0,0.3508463061782232,outer_03,none,0.0
2140,2019-04-25,2141,2151,0.005543078336279095,1.0,0.28663287584964653,outer_03,none,0.0
2141,2019-04-26,2142,2152,0.0009405181315518263,1.0,0.2129261665344506,outer_03,none,0.0
2142,2019-04-29,2143,2153,0.016028244704835437,1.0,0.3102636714176768,outer_03,none,0.0
2143,2019-04-30,2144,2154,0.010782339739725089,1.0,0.34375771996581417,outer_03,none,0.0
2144,2019-05-01,2145,2155,0.015069198816606288,1.0,0.28235369399271193,outer_03,none,0.0
2145,2019-05-02,2146,2156,0.012530178878584763,1.0,0.24078374918143072,outer_03,none,0.0
2146,2019-05-03,2147,2157,-0.0033348333227340987,0.0,0.2702347138858413,outer_03,none,0.0
2147,2019-05-06,2148,2158,-0.0029622472195995897,0.0,0.35036964890348044,outer_03,none,0.0
2148,2019-05-07,2149,2159,-0.007356164519131347,0.0,0.3382399918356903,outer_03,none,0.0
2149,2019-05-08,2150,2160,-0.0059416113766834755,0.0,0.30410425177647016,outer_03,none,0.0
2150,2019-05-09,2151,2161,-0.0007321100672799119,0.0,0.2679919653192233,outer_03,none,0.0
2151,2019-05-10,2152,2162,-0.0014928044943935959,0.0,0.189606097434888,outer_03,none,0.0
2152,2019-05-13,2153,2163,-0.011903659404755018,0.0,0.16714719509956774,outer_03,none,0.0
2153,2019-05-14,2154,2164,-0.013701343420149392,0.0,0.302833967971956,outer_03,none,0.0
2154,2019-05-15,2155,2165,-0.01276968195309447,0.0,0.3235243195093032,outer_03,none,0.0
2155,2019-05-16,2156,2166,0.0013593132513305406,1.0,0.3370390286161496,outer_03,none,0.0
2156,2019-05-17,2157,2167,0.021897442672053735,1.0,0.3141214616609844,outer_03,none,0.0
2157,2019-05-20,2158,2168,0.036393083363866374,1.0,0.30235255982722115,outer_03,none,0.0
2158,2019-05-21,2159,2169,0.03903963027719026,1.0,0.31811109609355565,outer_03,none,0.0
2159,2019-05-22,2160,2170,0.044930248952145924,1.0,0.3280788843733138,outer_03,none,0.0
2160,2019-05-23,2161,2171,0.04002229191087103,1.0,0.21766101407068839,outer_03,none,0.0
2161,2019-05-24,2162,2172,0.037724478019178775,1.0,0.2878163091569827,outer_03,none,0.0
2162,2019-05-27,2163,2173,0.032804882496948906,1.0,0.4645270047852785,outer_03,none,0.0
2163,2019-05-28,2164,2174,0.036439383376283274,1.0,0.3553175095638306,outer_03,none,0.0
2164,2019-05-29,2165,2175,0.041066964512656234,1.0,0.3586897095820867,outer_03,none,0.0
2165,2019-05-30,2166,2176,0.04104645294539644,1.0,0.4290415534557105,outer_03,none,0.0
2166,2019-05-31,2167,2177,0.026561495056742324,1.0,0.4727621768712458,outer_03,none,0.0
2167,2019-06-03,2168,2178,0.011370027139560257,1.0,0.6866915668487201,outer_03,none,0.0
2168,2019-06-04,2169,2179,0.015647662589524103,1.0,0.7617320371901336,outer_03,none,0.0
2169,2019-06-05,2170,2180,0.020285726308423513,1.0,0.7658059155312328,outer_03,none,0.0
2170,2019-06-06,2171,2181,0.03782626995543481,1.0,0.7544360546871183,outer_03,none,0.0
2171,2019-06-07,2172,2182,0.04773276802825599,1.0,0.7345399483423225,outer_03,none,0.0
2172,2019-06-10,2173,2183,0.0655281973534203,1.0,0.7150019942999993,outer_03,none,0.0
2173,2019-06-11,2174,2184,0.06761575270513731,1.0,0.7763312885665151,outer_03,none,0.0
2174,2019-06-12,2175,2185,0.05420060074731836,1.0,0.7493337934101169,outer_03,none,0.0
2175,2019-06-13,2176,2186,0.04830508272070855,1.0,0.7212629857507079,outer_03,none,0.0
2176,2019-06-14,2177,2187,0.03652227984116063,1.0,0.6334767140608196,outer_03,none,0.0
2177,2019-06-17,2178,2188,0.032235039391006914,1.0,0.6154689883287835,outer_03,none,0.0
2178,2019-06-18,2179,2189,0.05523791620900376,1.0,0.6162070975192326,outer_03,none,0.0
2179,2019-06-19,2180,2190,0.043660540392101765,1.0,0.7010980283485642,outer_03,none,0.0
2180,2019-06-20,2181,2191,0.020679889109125327,1.0,0.774619105653282,outer_03,none,0.0
2181,2019-06-21,2182,2192,-0.0005573498872379901,0.0,0.8619402394623317,outer_03,none,0.0
2182,2019-06-24,2183,2193,-0.01657525975384555,0.0,0.8458568041418233,outer_03,none,0.0
2183,2019-06-25,2184,2194,-0.017056786218176967,0.0,0.7930846493499708,outer_03,none,0.0
2184,2019-06-26,2185,2195,0.00787408428414249,1.0,0.8070604358577782,outer_03,none,0.0
2185,2019-06-27,2186,2196,-0.0029788057757897946,0.0,0.8274689793423432,outer_03,none,0.0
2186,2019-06-28,2187,2197,0.01769869465548979,1.0,0.8060487734714076,outer_03,none,0.0
2187,2019-07-01,2188,2198,0.021799189389770213,1.0,0.788951151930867,outer_03,none,0.0
2188,2019-07-02,2189,2199,-0.011389024757353816,0.0,0.8604194513153718,outer_03,none,0.0
2189,2019-07-03,2190,2200,0.004328220244601333,1.0,0.9058137946519553,outer_03,none,0.0
2190,2019-07-04,2191,2201,0.02216168786096606,1.0,0.8862225655757673,outer_03,none,0.0
2191,2019-07-05,2192,2202,0.019359804518769508,1.0,0.781168636164259,outer_03,none,0.0
2192,2019-07-08,2193,2203,0.021296115881873412,1.0,0.8599681790070496,outer_03,none,0.0
2193,2019-07-09,2194,2204,0.015294286114423628,1.0,0.7954306910673119,outer_03,none,0.0
2194,2019-07-10,2195,2205,0.0043384931163696905,1.0,0.7624382743392387,outer_03,none,0.0
2195,2019-07-11,2196,2206,0.00732796298854943,1.0,0.8020803401490161,outer_03,none,0.0
2196,2019-07-12,2197,2207,0.0029817416981829936,1.0,0.8143802282662481,outer_03,none,0.0
2197,2019-07-15,2198,2208,0.007950270207063959,1.0,0.7489631398084038,outer_03,none,0.0
2198,2019-07-16,2199,2209,0.016982837097586412,1.0,0.7242534068295974,outer_03,none,0.0
2199,2019-07-17,2200,2210,-0.007353621090312679,0.0,0.5931967046479141,outer_03,none,0.0
2200,2019-07-18,2201,2211,-0.001755526210089009,0.0,0.6805586840557466,outer_03,none,0.0
2201,2019-07-19,2202,2212,0.009662652402382399,1.0,0.7815314932969519,outer_03,none,0.0
2202,2019-07-22,2203,2213,0.029639687514891655,1.0,0.7952717835067656,outer_03,none,0.0
2203,2019-07-23,2204,2214,0.039697165664104084,1.0,0.8246042642982387,outer_03,none,0.0
2204,2019-07-24,2205,2215,0.050351255006344076,1.0,0.8171984388517503,outer_03,none,0.0
2205,2019-07-25,2206,2216,0.0626664170122666,1.0,0.7829021473790504,outer_03,none,0.0
2206,2019-07-26,2207,2217,0.051643400258566174,1.0,0.71197611949979,outer_03,none,0.0
2207,2019-07-29,2208,2218,0.057763378895666406,1.0,0.7131501552683106,outer_03,none,0.0
2208,2019-07-30,2209,2219,0.04847155907774514,1.0,0.7460775634654689,outer_03,none,0.0
2209,2019-07-31,2210,2220,0.07005221530587669,1.0,0.7703596151266677,outer_03,none,0.0
2210,2019-08-01,2211,2221,0.05140915732010143,1.0,0.711223828676437,outer_03,none,0.0
2211,2019-08-02,2212,2222,0.046887613917536264,1.0,0.808007878472732,outer_03,none,0.0
2212,2019-08-05,2213,2223,0.01954780523496069,1.0,0.8418420881179058,outer_03,none,0.0
2213,2019-08-06,2214,2224,0.02142915182364291,1.0,0.7947820350880678,outer_03,none,0.0
2214,2019-08-07,2215,2225,0.0020128643447590022,1.0,0.7827625751345809,outer_03,none,0.0
2215,2019-08-08,2216,2226,-0.005191566730804453,0.0,0.7855134417859623,outer_03,none,0.0
2216,2019-08-09,2217,2227,0.032674458630507,1.0,0.8047111086182467,outer_03,none,0.0
2217,2019-08-12,2218,2228,0.011034485747891232,1.0,0.8303347733626861,outer_03,none,0.0
2218,2019-08-13,2219,2229,0.025861073502688292,1.0,0.8710157178258684,outer_03,none,0.0
2219,2019-08-14,2220,2230,0.013363577461090514,1.0,0.813422939908473,outer_03,none,0.0
2220,2019-08-15,2221,2231,0.0037253517561177674,1.0,0.7600170485326873,outer_03,none,0.0
2221,2019-08-16,2222,2232,0.013136866976462436,1.0,0.7898296846577203,outer_03,none,0.0
2222,2019-08-19,2223,2233,0.020090308415435132,1.0,0.7595723042255133,outer_03,none,0.0
2223,2019-08-20,2224,2234,0.026211356291989674,1.0,0.7875688382167503,outer_03,none,0.0
2224,2019-08-21,2225,2235,0.0324791919627323,1.0,0.7454165796488569,outer_03,none,0.0
2225,2019-08-22,2226,2236,0.013198776952386915,1.0,0.6946175841411675,outer_03,none,0.0
2226,2019-08-23,2227,2237,-0.027700385512516412,0.0,0.6904063648937023,outer_03,none,0.0
2227,2019-08-26,2228,2238,-0.01913734745550144,0.0,0.7957154662899865,outer_03,none,0.0
2228,2019-08-27,2229,2239,-0.03612924498184089,0.0,0.8449941855443898,outer_03,none,0.0
2229,2019-08-28,2230,2240,-0.027856440565363627,0.0,0.7356833031708978,outer_03,none,0.0
2230,2019-08-29,2231,2241,-0.019774870452414106,0.0,0.7661517137949189,outer_03,none,0.0
2231,2019-08-30,2232,2242,-0.01893063364016445,0.0,0.7418895307925184,outer_03,none,0.0
2232,2019-09-02,2233,2243,-0.018788150990943997,0.0,0.6962687379451417,outer_03,none,0.0
2233,2019-09-03,2234,2244,-0.02956908337526709,0.0,0.5415349941413274,outer_03,none,0.0
2234,2019-09-04,2235,2245,-0.03846969322317051,0.0,0.546564075222535,outer_03,none,0.0
2235,2019-09-05,2236,2246,-0.012765115475078304,0.0,0.662864525682865,outer_03,none,0.0
2236,2019-09-06,2237,2247,0.006047483070906523,1.0,0.7865604881966705,outer_03,none,0.0
2237,2019-09-09,2238,2248,0.016396685621218765,1.0,0.7986871867411354,outer_03,none,0.0
2238,2019-09-10,2239,2249,0.031139399709451787,1.0,0.7923129002773054,outer_03,none,0.0
2239,2019-09-11,2240,2250,0.004612726483051333,1.0,0.7961925831280382,outer_03,none,0.0
2240,2019-09-12,2241,2251,0.004217798941308359,1.0,0.8325795650541781,outer_03,none,0.0
2241,2019-09-13,2242,2252,-0.0029763515645671035,0.0,0.8842848637853198,outer_03,none,0.0
2242,2019-09-16,2243,2253,-0.01720432012483819,0.0,0.8402275362189713,outer_03,none,0.0
2243,2019-09-17,2244,2254,-0.014362000726845459,0.0,0.8844824294935086,outer_03,none,0.0
2244,2019-09-18,2245,2255,0.004057695625443003,1.0,0.8692052779127477,outer_03,none,0.0
2245,2019-09-19,2246,2256,0.004558727194291734,1.0,0.7252522272589004,outer_03,none,0.0
2246,2019-09-20,2247,2257,-0.0027141909180583568,0.0,0.7116788069188998,outer_03,none,0.0
2247,2019-09-23,2248,2258,-0.019705855031901365,0.0,0.7279204378790585,outer_03,none,0.0
2248,2019-09-24,2249,2259,-0.017659864032707695,0.0,0.6898393965357913,outer_03,none,0.0
2249,2019-09-25,2250,2260,0.0013557702052793275,1.0,0.7819972739367592,outer_03,none,0.0
2250,2019-09-26,2251,2261,-0.006330042714790984,0.0,0.8593806848327871,outer_03,none,0.0
2251,2019-09-27,2252,2262,-0.006584706023817333,0.0,0.822361684843339,outer_03,none,0.0
2252,2019-09-30,2253,2263,0.013111846025982032,1.0,0.8462138929008381,outer_03,none,0.0
2253,2019-10-01,2254,2264,0.000695675694605491,1.0,0.8675498101796694,outer_03,none,0.0
2254,2019-10-02,2255,2265,-0.00600212578267012,0.0,0.8032371678367926,outer_03,none,0.0
2255,2019-10-03,2256,2266,-0.009379592583959706,0.0,0.7417301338342615,outer_03,none,0.0
2256,2019-10-04,2257,2267,-0.011252776912567874,0.0,0.7176263589767408,outer_03,none,0.0
2257,2019-10-07,2258,2268,-0.005937087186777212,0.0,0.8136073635758356,outer_03,none,0.0
2258,2019-10-08,2259,2269,-0.012369997231729712,0.0,0.7856592432389485,outer_03,none,0.0
2259,2019-10-09,2260,2270,-0.00958956708587344,0.0,0.747873212134238,outer_03,none,0.0
2260,2019-10-10,2261,2271,0.005718133072089238,1.0,0.80407546210452,outer_03,none,0.0
2261,2019-10-11,2262,2272,0.01127876773110259,1.0,0.8090986494768998,outer_03,none,0.0
2262,2019-10-14,2263,2273,-0.00037531248555655594,0.0,0.5111613272138588,outer_04,sigmoid,0.05
2263,2019-10-15,2264,2274,0.004244602933986208,1.0,0.5118228770316506,outer_04,sigmoid,0.05
2264,2019-10-16,2265,2275,0.0038717158916119487,1.0,0.5069950413486041,outer_04,sigmoid,0.05
2265,2019-10-17,2266,2276,0.0136532024647682,1.0,0.5078812397477979,outer_04,sigmoid,0.05
2266,2019-10-18,2267,2277,0.014006633056128592,1.0,0.5125863878067958,outer_04,sigmoid,0.05
2267,2019-10-21,2268,2278,0.016236292208390957,1.0,0.5110813938362917,outer_04,sigmoid,0.05
2268,2019-10-22,2269,2279,-0.0028401844347039074,0.0,0.5102956685099048,outer_04,sigmoid,0.05
2269,2019-10-23,2270,2280,-0.001033168833853182,0.0,0.5043280057475088,outer_04,sigmoid,0.05
2270,2019-10-24,2271,2281,-0.023507211386298188,0.0,0.49806081704178384,outer_04,sigmoid,0.05
2271,2019-10-25,2272,2282,-0.029068930297412976,0.0,0.49671873700209473,outer_04,sigmoid,0.05
2272,2019-10-28,2273,2283,-0.024991120080290585,0.0,0.5036892063512827,outer_04,sigmoid,0.05
2273,2019-10-29,2274,2284,-0.02044435959451807,0.0,0.5093249946877555,outer_04,sigmoid,0.05
2274,2019-10-30,2275,2285,-0.02147553950236425,0.0,0.506989939888134,outer_04,sigmoid,0.05
2275,2019-10-31,2276,2286,-0.02766531077043055,0.0,0.4992543556596464,outer_04,sigmoid,0.05
2276,2019-11-01,2277,2287,-0.030090777732963758,0.0,0.5017426780362114,outer_04,sigmoid,0.05
2277,2019-11-04,2278,2288,-0.025630036120382726,0.0,0.5052181722661585,outer_04,sigmoid,0.05
2278,2019-11-05,2279,2289,-0.006789819753758586,0.0,0.5091170299323405,outer_04,sigmoid,0.05
2279,2019-11-06,2280,2290,-0.01004497954381467,0.0,0.5113277501958599,outer_04,sigmoid,0.05
2280,2019-11-07,2281,2291,-0.0025507434170357612,0.0,0.5087669148247607,outer_04,sigmoid,0.05
2281,2019-11-08,2282,2292,0.00011641403692586039,1.0,0.5123396893174536,outer_04,sigmoid,0.05
2282,2019-11-11,2283,2293,-3.436508782339587e-05,0.0,0.514896076090778,outer_04,sigmoid,0.05
2283,2019-11-12,2284,2294,0.0026178743020990325,1.0,0.5134406780990721,outer_04,sigmoid,0.05
2284,2019-11-13,2285,2295,-0.0056443531796057655,0.0,0.5124991841462158,outer_04,sigmoid,0.05
2285,2019-11-14,2286,2296,-0.010818082616389724,0.0,0.5105157642833941,outer_04,sigmoid,0.05
2286,2019-11-15,2287,2297,-0.003699309404566975,0.0,0.5120239626871274,outer_04,sigmoid,0.05
2287,2019-11-18,2288,2298,-0.006165912054568068,0.0,0.5067212611828812,outer_04,sigmoid,0.05
2288,2019-11-19,2289,2299,0.001898215569940298,1.0,0.508357458472137,outer_04,sigmoid,0.05
2289,2019-11-20,2290,2300,-0.00035941097675351585,0.0,0.5079687178263325,outer_04,sigmoid,0.05
2290,2019-11-21,2291,2301,0.007937710233933082,1.0,0.5060770223672122,outer_04,sigmoid,0.05
2291,2019-11-22,2292,2302,-0.0012401636412731065,0.0,0.5061618958309756,outer_04,sigmoid,0.05
2292,2019-11-25,2293,2303,0.004437060445312113,1.0,0.5045073070313586,outer_04,sigmoid,0.05
2293,2019-11-26,2294,2304,0.002085278353940012,1.0,0.5033360088055014,outer_04,sigmoid,0.05
2294,2019-11-27,2295,2305,0.013062179004555752,1.0,0.5060280160033271,outer_04,sigmoid,0.05
2295,2019-11-28,2296,2306,0.007652435049162243,1.0,0.5083829844774885,outer_04,sigmoid,0.05
2296,2019-11-29,2297,2307,0.008456853974720957,1.0,0.5018778883403584,outer_04,sigmoid,0.05
2297,2019-12-02,2298,2308,0.009722629780400283,1.0,0.5057717767009232,outer_04,sigmoid,0.05
2298,2019-12-03,2299,2309,-0.0004809923438813257,0.0,0.5027109665850644,outer_04,sigmoid,0.05
2299,2019-12-04,2300,2310,0.0006305790348184459,1.0,0.5023430232868804,outer_04,sigmoid,0.05
2300,2019-12-05,2301,2311,0.0019627888723654507,1.0,0.5009596966243287,outer_04,sigmoid,0.05
2301,2019-12-06,2302,2312,0.013199398864754741,1.0,0.5079021750871836,outer_04,sigmoid,0.05
2302,2019-12-09,2303,2313,0.016147720215695216,1.0,0.5101574899631742,outer_04,sigmoid,0.05
2303,2019-12-10,2304,2314,0.026361036171007157,1.0,0.5048234487821175,outer_04,sigmoid,0.05
2304,2019-12-11,2305,2315,0.024036043889974934,1.0,0.5032739352659827,outer_04,sigmoid,0.05
2305,2019-12-12,2306,2316,0.029951226830521094,1.0,0.5010220727454416,outer_04,sigmoid,0.05
2306,2019-12-13,2307,2317,0.02661489500599945,1.0,0.49688170136353244,outer_04,sigmoid,0.05
2307,2019-12-16,2308,2318,0.029620175206088284,1.0,0.5017076748625352,outer_04,sigmoid,0.05
2308,2019-12-17,2309,2319,0.034950178595510195,1.0,0.5007992880182822,outer_04,sigmoid,0.05
2309,2019-12-18,2310,2320,0.0659588331040677,1.0,0.5023046762036275,outer_04,sigmoid,0.05
2310,2019-12-19,2311,2321,0.056259844443927065,1.0,0.4995725339956424,outer_04,sigmoid,0.05
2311,2019-12-20,2312,2322,0.06422088767756673,1.0,0.4987631950526757,outer_04,sigmoid,0.05
2312,2019-12-23,2313,2323,0.045765317681073725,1.0,0.4990338704979294,outer_04,sigmoid,0.05
2313,2019-12-24,2314,2324,0.03248785478101901,1.0,0.5076068548977852,outer_04,sigmoid,0.05
2314,2019-12-26,2315,2325,0.03177786348032896,1.0,0.5024407946590946,outer_04,sigmoid,0.05
2315,2019-12-27,2316,2326,0.024170183146016377,1.0,0.5067632825824717,outer_04,sigmoid,0.05
2316,2019-12-30,2317,2327,0.02073906411601989,1.0,0.5079234293250825,outer_04,sigmoid,0.05
2317,2019-12-31,2318,2328,0.02270992169711139,1.0,0.5106422264745936,outer_04,sigmoid,0.05
2318,2020-01-02,2319,2329,0.01560797004908654,1.0,0.5119154700547375,outer_04,sigmoid,0.05
2319,2020-01-03,2320,2330,-0.01077560196981242,0.0,0.514267162382584,outer_04,sigmoid,0.05
2320,2020-01-06,2321,2331,-0.002335694618863293,0.0,0.5147573076932599,outer_04,sigmoid,0.05
2321,2020-01-07,2322,2332,-0.01147428032469655,0.0,0.5204827304168917,outer_04,sigmoid,0.05
2322,2020-01-08,2323,2333,0.0024411408390259126,1.0,0.5171164693999515,outer_04,sigmoid,0.05
2323,2020-01-09,2324,2334,0.005702009220496684,1.0,0.5211792071643772,outer_04,sigmoid,0.05
2324,2020-01-10,2325,2335,0.013476795082377535,1.0,0.5198336255646095,outer_04,sigmoid,0.05
2325,2020-01-13,2326,2336,0.020952879641149558,1.0,0.5149863366781106,outer_04,sigmoid,0.05
2326,2020-01-14,2327,2337,0.014305128018967217,1.0,0.513417978913828,outer_04,sigmoid,0.05
2327,2020-01-15,2328,2338,0.012822695280986451,1.0,0.5147752448579108,outer_04,sigmoid,0.05
2328,2020-01-16,2329,2339,0.014562106814302922,1.0,0.5118345154590433,outer_04,sigmoid,0.05
2329,2020-01-17,2330,2340,0.018840008900011362,1.0,0.5062207983269444,outer_04,sigmoid,0.05
2330,2020-01-20,2331,2341,0.01126327428372953,1.0,0.5104134018393548,outer_04,sigmoid,0.05
2331,2020-01-21,2332,2342,-0.00310492376249627,0.0,0.5039214860305906,outer_04,sigmoid,0.05
2332,2020-01-22,2333,2343,-0.0024925973807716773,0.0,0.5017032574726367,outer_04,sigmoid,0.05
2333,2020-01-23,2334,2344,0.0025706626255157516,1.0,0.5034878598034114,outer_04,sigmoid,0.05
2334,2020-01-24,2335,2345,-0.0072635701161898325,0.0,0.5037277627851027,outer_04,sigmoid,0.05
2335,2020-01-27,2336,2346,-0.0055946863342004605,0.0,0.49574247758807144,outer_04,sigmoid,0.05
2336,2020-01-28,2337,2347,-0.0007397629269743078,0.0,0.5062768152690525,outer_04,sigmoid,0.05
2337,2020-01-29,2338,2348,-0.005806381668360672,0.0,0.5043118566736918,outer_04,sigmoid,0.05
2338,2020-01-30,2339,2349,0.0005395164159720522,1.0,0.5033595339796505,outer_04,sigmoid,0.05
2339,2020-01-31,2340,2350,-0.004668925481957409,0.0,0.4996620262970153,outer_04,sigmoid,0.05
2340,2020-02-03,2341,2351,0.0032445281051636243,1.0,0.5003138493059035,outer_04,sigmoid,0.05
2341,2020-02-04,2342,2352,0.03043016986202307,1.0,0.5108196111236694,outer_04,sigmoid,0.05
2342,2020-02-05,2343,2353,0.035573177587401084,1.0,0.5085521571416697,outer_04,sigmoid,0.05
2343,2020-02-06,2344,2354,0.03383768492724393,1.0,0.5078073388497534,outer_04,sigmoid,0.05
2344,2020-02-07,2345,2355,0.055827469184813516,1.0,0.503785612824471,outer_04,sigmoid,0.05
2345,2020-02-10,2346,2356,0.052886399089986824,1.0,0.50350408738067,outer_04,sigmoid,0.05
2346,2020-02-11,2347,2357,0.04407973344173932,1.0,0.5039054121255787,outer_04,sigmoid,0.05
2347,2020-02-12,2348,2358,0.046771327405296326,1.0,0.508043092399154,outer_04,sigmoid,0.05
2348,2020-02-13,2349,2359,0.04102731511614177,1.0,0.4976871463468413,outer_04,sigmoid,0.05
2349,2020-02-14,2350,2360,0.0003414436777564589,1.0,0.49754338586733554,outer_04,sigmoid,0.05
2350,2020-02-17,2351,2361,0.004259427889380163,1.0,0.502766879586047,outer_04,sigmoid,0.05
2351,2020-02-18,2352,2362,0.025235208721281488,1.0,0.48919930907230413,outer_04,sigmoid,0.05
2352,2020-02-19,2353,2363,0.0157661062100507,1.0,0.49580623727489975,outer_04,sigmoid,0.05
2353,2020-02-20,2354,2364,0.03154628695592976,1.0,0.49847492346853484,outer_04,sigmoid,0.05
2354,2020-02-21,2355,2365,0.02178735418490696,1.0,0.5036958938221843,outer_04,sigmoid,0.05
2355,2020-02-24,2356,2366,0.006171076963943811,1.0,0.5067407100472838,outer_04,sigmoid,0.05
2356,2020-02-25,2357,2367,0.008388953958673007,1.0,0.5096459534106675,outer_04,sigmoid,0.05
2357,2020-02-26,2358,2368,-0.0006217199900380166,0.0,0.5160645135780426,outer_04,sigmoid,0.05
2358,2020-02-27,2359,2369,-0.040779869671840885,0.0,0.5126921554896825,outer_04,sigmoid,0.05
2359,2020-02-28,2360,2370,-0.024802620600835823,0.0,0.5044639519890283,outer_04,sigmoid,0.05
2360,2020-03-02,2361,2371,-0.050749074886594414,0.0,0.5147786529958633,outer_04,sigmoid,0.05
2361,2020-03-03,2362,2372,-0.06594869472995235,0.0,0.509513229742997,outer_04,sigmoid,0.05
2362,2020-03-04,2363,2373,-0.0969858162042172,0.0,0.5133055154136782,outer_04,sigmoid,0.05
2363,2020-03-05,2364,2374,-0.13024740428514203,0.0,0.5053655386117731,outer_04,sigmoid,0.05
2364,2020-03-06,2365,2375,-0.12931502730836986,0.0,0.5110140435491697,outer_04,sigmoid,0.05
2365,2020-03-09,2366,2376,-0.06456850245920975,0.0,0.5108377276373814,outer_04,sigmoid,0.05
2366,2020-03-10,2367,2377,-0.01302078722142852,0.0,0.5101466680106469,outer_04,sigmoid,0.05
2367,2020-03-11,2368,2378,-0.017033463326051823,0.0,0.5103687659828599,outer_04,sigmoid,0.05
2368,2020-03-12,2369,2379,0.033622378027859945,1.0,0.5102025128577028,outer_04,sigmoid,0.05
2369,2020-03-13,2370,2380,0.048653133983689756,1.0,0.5093428101831732,outer_04,sigmoid,0.05
2370,2020-03-16,2371,2381,0.07023789293984262,1.0,0.5008094014110466,outer_04,sigmoid,0.05
2371,2020-03-17,2372,2382,0.02195217948735273,1.0,0.5074412831202896,outer_04,sigmoid,0.05
2372,2020-03-18,2373,2383,0.06834363364510043,1.0,0.5073065719021261,outer_04,sigmoid,0.05
2373,2020-03-19,2374,2384,0.09541734676528701,1.0,0.5096185792266791,outer_04,sigmoid,0.05
2374,2020-03-20,2375,2385,0.08018929573347844,1.0,0.5112995571439909,outer_04,sigmoid,0.05
2375,2020-03-23,2376,2386,0.06281608493547797,1.0,0.5093629618552187,outer_04,sigmoid,0.05
2376,2020-03-24,2377,2387,0.010195858087707066,1.0,0.49005401131002746,outer_04,sigmoid,0.05
2377,2020-03-25,2378,2388,0.020265841022882647,1.0,0.506260816805393,outer_04,sigmoid,0.05
2378,2020-03-26,2379,2389,0.028583999269975457,1.0,0.5039136961453679,outer_04,sigmoid,0.05
2379,2020-03-27,2380,2390,0.05540066454157344,1.0,0.5001592297037087,outer_04,sigmoid,0.05
2380,2020-03-30,2381,2391,0.0626135927279865,1.0,0.4998223692727764,outer_04,sigmoid,0.05
2381,2020-03-31,2382,2392,0.08830820259890437,1.0,0.49841167623059424,outer_04,sigmoid,0.05
2382,2020-04-01,2383,2393,0.07747977348513313,1.0,0.49221229327238325,outer_04,sigmoid,0.05
2383,2020-04-02,2384,2394,0.04163262233306675,1.0,0.4881196783935294,outer_04,sigmoid,0.05
2384,2020-04-03,2385,2395,0.048819066321199145,1.0,0.4865798642242691,outer_04,sigmoid,0.05
2385,2020-04-06,2386,2396,0.011336202149389685,1.0,0.4802343674705262,outer_04,sigmoid,0.05
2386,2020-04-07,2387,2397,0.040095438048813214,1.0,0.4779493318208484,outer_04,sigmoid,0.05
2387,2020-04-08,2388,2398,0.05045546226854114,1.0,0.4795951525872718,outer_04,sigmoid,0.05
2388,2020-04-09,2389,2399,0.026385513222741075,1.0,0.4798114344725988,outer_04,sigmoid,0.05
2389,2020-04-13,2390,2400,0.001546474784086982,1.0,0.48861734209186036,outer_04,sigmoid,0.05
2390,2020-04-14,2391,2401,-0.010784600939319766,0.0,0.4818222074658805,outer_04,sigmoid,0.05
2391,2020-04-15,2392,2402,-0.0020644777324054786,0.0,0.48275594396876365,outer_04,sigmoid,0.05
2392,2020-04-16,2393,2403,-0.019069457278074076,0.0,0.4771371192552609,outer_04,sigmoid,0.05
2393,2020-04-17,2394,2404,0.008878956898248802,1.0,0.47521498406519114,outer_04,sigmoid,0.05
2394,2020-04-20,2395,2405,0.003374034933248282,1.0,0.4740674399306438,outer_04,sigmoid,0.05
2395,2020-04-21,2396,2406,0.012230474445554584,1.0,0.47433007752990547,outer_04,sigmoid,0.05
2396,2020-04-22,2397,2407,-0.017336493143415233,0.0,0.47570358685965075,outer_04,sigmoid,0.05
2397,2020-04-23,2398,2408,-0.008728813895261922,0.0,0.47439051943975397,outer_04,sigmoid,0.05
2398,2020-04-24,2399,2409,-0.011644947195058819,0.0,0.47417074104174994,outer_04,sigmoid,0.05
2399,2020-04-27,2400,2410,-0.010098047168249025,0.0,0.47382462536659803,outer_04,sigmoid,0.05
2400,2020-04-28,2401,2411,-0.0034778971806330716,0.0,0.47564695197536816,outer_04,sigmoid,0.05
2401,2020-04-29,2402,2412,0.0013767919427305486,1.0,0.4741500651669922,outer_04,sigmoid,0.05
2402,2020-04-30,2403,2413,0.02578536808369325,1.0,0.4735227757800125,outer_04,sigmoid,0.05
2403,2020-05-01,2404,2414,0.028637321889676493,1.0,0.47208731273792237,outer_04,sigmoid,0.05
2404,2020-05-04,2405,2415,0.01801294195842118,1.0,0.47303647934926113,outer_04,sigmoid,0.05
2405,2020-05-05,2406,2416,0.02294378289424781,1.0,0.47322638497614217,outer_04,sigmoid,0.05
2406,2020-05-06,2407,2417,0.03615908298793258,1.0,0.47490322050977773,outer_04,sigmoid,0.05
2407,2020-05-07,2408,2418,0.006495830779211786,1.0,0.47123973625792615,outer_04,sigmoid,0.05
2408,2020-05-08,2409,2419,0.01731304654027621,1.0,0.4724748609928685,outer_04,sigmoid,0.05
2409,2020-05-11,2410,2420,0.016584631801867644,1.0,0.47376655198649104,outer_04,sigmoid,0.05
2410,2020-05-12,2411,2421,0.004876200138085096,1.0,0.4736120204939372,outer_04,sigmoid,0.05
2411,2020-05-13,2412,2422,-0.0035274435188563658,0.0,0.47244343788836346,outer_04,sigmoid,0.05
2412,2020-05-14,2413,2423,-0.00609927679325839,0.0,0.471378921148917,outer_04,sigmoid,0.05
2413,2020-05-15,2414,2424,-0.006868143090028589,0.0,0.4713132788664453,outer_04,sigmoid,0.05
2414,2020-05-18,2415,2425,0.003320021724692701,1.0,0.4721161633678111,outer_04,sigmoid,0.05
2415,2020-05-19,2416,2426,-0.009812501847833666,0.0,0.4718072608166636,outer_04,sigmoid,0.05
2416,2020-05-20,2417,2427,-0.02789750353689069,0.0,0.47215010908577143,outer_04,sigmoid,0.05
2417,2020-05-21,2418,2428,-0.006944775038953743,0.0,0.4732281424118352,outer_04,sigmoid,0.05
2418,2020-05-22,2419,2429,-0.030237049184074216,0.0,0.4717954255124751,outer_04,sigmoid,0.05
2419,2020-05-25,2420,2430,-0.015160163676276817,0.0,0.4737001026486319,outer_04,sigmoid,0.05
2420,2020-05-26,2421,2431,0.0029015225608102213,1.0,0.47349732364965796,outer_04,sigmoid,0.05
2421,2020-05-27,2422,2432,0.01663412502592454,1.0,0.4741954014322142,outer_04,sigmoid,0.05
2422,2020-05-28,2423,2433,0.005613626590609044,1.0,0.47417246745675795,outer_04,sigmoid,0.05
2423,2020-05-29,2424,2434,-0.002677315975970096,0.0,0.47214309809314503,outer_04,sigmoid,0.05
2424,2020-06-01,2425,2435,-0.007242139834326089,0.0,0.4713455056505435,outer_04,sigmoid,0.05
2425,2020-06-02,2426,2436,-0.0011819099648180398,0.0,0.4733719022871536,outer_04,sigmoid,0.05
2426,2020-06-03,2427,2437,0.0155450201187044,1.0,0.4772914493727356,outer_04,sigmoid,0.05
2427,2020-06-04,2428,2438,0.004689381287973582,1.0,0.4748689721307253,outer_04,sigmoid,0.05
2428,2020-06-05,2429,2439,0.0391859247810169,1.0,0.48018578628734215,outer_04,sigmoid,0.05
2429,2020-06-08,2430,2440,0.03120059920358642,1.0,0.47938885841965145,outer_04,sigmoid,0.05
2430,2020-06-09,2431,2441,0.030825007027143414,1.0,0.4776556468277093,outer_04,sigmoid,0.05
2431,2020-06-10,2432,2442,0.012363273987149093,1.0,0.4756229350589309,outer_04,sigmoid,0.05
2432,2020-06-11,2433,2443,0.019998548196464405,1.0,0.47693466806469464,outer_04,sigmoid,0.05
2433,2020-06-12,2434,2444,0.022599702804191324,1.0,0.47846243382495923,outer_04,sigmoid,0.05
2434,2020-06-15,2435,2445,0.026668857207682528,1.0,0.4796597392983982,outer_04,sigmoid,0.05
2435,2020-06-16,2436,2446,0.03229039939414147,1.0,0.4821993064395298,outer_04,sigmoid,0.05
2436,2020-06-17,2437,2447,0.026085277732248002,1.0,0.48326567393394093,outer_04,sigmoid,0.05
2437,2020-06-18,2438,2448,0.03068282873195738,1.0,0.4833496182975735,outer_04,sigmoid,0.05
2438,2020-06-19,2439,2449,0.014592497050316844,1.0,0.4757145888668803,outer_04,sigmoid,0.05
2439,2020-06-22,2440,2450,0.01765986689585919,1.0,0.4766426513885443,outer_04,sigmoid,0.05
2440,2020-06-23,2441,2451,0.014617805271022632,1.0,0.47911704248659154,outer_04,sigmoid,0.05
2441,2020-06-24,2442,2452,0.02791494059540689,1.0,0.4791192901685612,outer_04,sigmoid,0.05
2442,2020-06-25,2443,2453,0.021261466986220334,1.0,0.4805809655209645,outer_04,sigmoid,0.05
2443,2020-06-26,2444,2454,0.0161317769742384,1.0,0.479109934135112,outer_04,sigmoid,0.05
2444,2020-06-29,2445,2455,0.016916881466519484,1.0,0.4828942134668492,outer_04,sigmoid,0.05
2445,2020-06-30,2446,2456,0.014687219034502874,1.0,0.4844071961306169,outer_04,sigmoid,0.05
2446,2020-07-01,2447,2457,0.02184942570121695,1.0,0.48607284471300255,outer_04,sigmoid,0.05
2447,2020-07-02,2448,2458,0.012085482996815777,1.0,0.4874436371662855,outer_04,sigmoid,0.05
2448,2020-07-03,2449,2459,0.019361694455647616,1.0,0.4827798993263302,outer_04,sigmoid,0.05
2449,2020-07-06,2450,2460,0.01815133344987352,1.0,0.48030987421994775,outer_04,sigmoid,0.05
2450,2020-07-07,2451,2461,0.0252043000133666,1.0,0.4834833742756994,outer_04,sigmoid,0.05
2451,2020-07-08,2452,2462,0.035080456759947864,1.0,0.4873602016288454,outer_04,sigmoid,0.05
2452,2020-07-09,2453,2463,0.04746117176823361,1.0,0.4832731217524829,outer_04,sigmoid,0.05
2453,2020-07-10,2454,2464,0.055950297251593284,1.0,0.48348284254726615,outer_04,sigmoid,0.05
2454,2020-07-13,2455,2465,0.07540796841542541,1.0,0.4812392025353163,outer_04,sigmoid,0.05
2455,2020-07-14,2456,2466,0.08184123834557688,1.0,0.48030658258278147,outer_04,sigmoid,0.05
2456,2020-07-15,2457,2467,0.08494170213696428,1.0,0.4814517413104595,outer_04,sigmoid,0.05
2457,2020-07-16,2458,2468,0.08392092479939084,1.0,0.48024548090059543,outer_04,sigmoid,0.05
2458,2020-07-17,2459,2469,0.09263470001823926,1.0,0.4798673306210016,outer_04,sigmoid,0.05
2459,2020-07-20,2460,2470,0.08406963130668199,1.0,0.4823902315555792,outer_04,sigmoid,0.05
2460,2020-07-21,2461,2471,0.09340470413798041,1.0,0.4805310534614867,outer_04,sigmoid,0.05
2461,2020-07-22,2462,2472,0.0850278781892877,1.0,0.48198793604171464,outer_04,sigmoid,0.05
2462,2020-07-23,2463,2473,0.08948892343910853,1.0,0.48375430330531655,outer_04,sigmoid,0.05
2463,2020-07-24,2464,2474,0.06297400954905452,1.0,0.48898725876697763,outer_04,sigmoid,0.05
2464,2020-07-27,2465,2475,0.042001982264832094,1.0,0.48986950843548127,outer_04,sigmoid,0.05
2465,2020-07-28,2466,2476,-0.02414031273662154,0.0,0.4959998724930732,outer_04,sigmoid,0.05
2466,2020-07-29,2467,2477,-0.026381980159884577,0.0,0.4897541486046469,outer_04,sigmoid,0.05
2467,2020-07-30,2468,2478,-0.0021091006262032863,0.0,0.4883170774856974,outer_04,sigmoid,0.05
2468,2020-07-31,2469,2479,-0.019662382131068412,0.0,0.48372750759762734,outer_04,sigmoid,0.05
2469,2020-08-03,2470,2480,0.002933952863755529,1.0,0.48509247938746064,outer_04,sigmoid,0.05
2470,2020-08-04,2471,2481,-0.007992512040948974,0.0,0.48587273023788263,outer_04,sigmoid,0.05
2471,2020-08-05,2472,2482,-0.05477979562225599,0.0,0.48735494636478194,outer_04,sigmoid,0.05
2472,2020-08-06,2473,2483,-0.05903627803768785,0.0,0.4847802263884137,outer_04,sigmoid,0.05
2473,2020-08-07,2474,2484,-0.04523607466445689,0.0,0.4790342097449879,outer_04,sigmoid,0.05
2474,2020-08-10,2475,2485,-0.04868309612413313,0.0,0.4825517783833503,outer_04,sigmoid,0.05
2475,2020-08-11,2476,2486,0.006722819338602193,1.0,0.4775294566300266,outer_04,sigmoid,0.05
2476,2020-08-12,2477,2487,0.016634161472850018,1.0,0.48548592700827825,outer_04,sigmoid,0.05
2477,2020-08-13,2478,2488,-0.011027174418427599,0.0,0.48257233820072204,outer_04,sigmoid,0.05
2478,2020-08-14,2479,2489,0.012345646559971613,1.0,0.4836060845745118,outer_04,sigmoid,0.05
2479,2020-08-17,2480,2490,-0.007500946211187021,0.0,0.47682830646771546,outer_04,sigmoid,0.05
2480,2020-08-18,2481,2491,-0.018569434572206944,0.0,0.47798433554607417,outer_04,sigmoid,0.05
2481,2020-08-19,2482,2492,0.0054162614692252475,1.0,0.48512822513673753,outer_04,sigmoid,0.05
2482,2020-08-20,2483,2493,-0.008661276615042901,0.0,0.48103875348182384,outer_04,sigmoid,0.05
2483,2020-08-21,2484,2494,-0.002388363297877838,0.0,0.48832978139073124,outer_04,sigmoid,0.05
2484,2020-08-24,2485,2495,-0.00041452066460934134,0.0,0.4958677017615903,outer_04,sigmoid,0.05
2485,2020-08-25,2486,2496,0.0017150840890334251,1.0,0.48840129579018243,outer_04,sigmoid,0.05
2486,2020-08-26,2487,2497,-0.0028833692781002895,0.0,0.4844794913010565,outer_04,sigmoid,0.05
2487,2020-08-27,2488,2498,0.008430769952928685,1.0,0.4855801295399778,outer_04,sigmoid,0.05
2488,2020-08-28,2489,2499,-0.016039004524470712,0.0,0.4825685623968941,outer_04,sigmoid,0.05
2489,2020-08-31,2490,2500,-0.0054355296675785425,0.0,0.48447046393443643,outer_04,sigmoid,0.05
2490,2020-09-01,2491,2501,-0.006979861259685194,0.0,0.48201059035625937,outer_04,sigmoid,0.05
2491,2020-09-02,2492,2502,0.008950509325818423,1.0,0.48309146501345324,outer_04,sigmoid,0.05
2492,2020-09-03,2493,2503,0.006785879470379008,1.0,0.4883733366197916,outer_04,sigmoid,0.05
2493,2020-09-04,2494,2504,0.009109192210445372,1.0,0.48515167971090156,outer_04,sigmoid,0.05
2494,2020-09-07,2495,2505,-0.007908716831499518,0.0,0.4927135562825653,outer_04,sigmoid,0.05
2495,2020-09-08,2496,2506,-0.016163349216107292,0.0,0.4901030809965598,outer_04,sigmoid,0.05
2496,2020-09-09,2497,2507,-0.04322687746071274,0.0,0.48758809759802235,outer_04,sigmoid,0.05
2497,2020-09-10,2498,2508,-0.040124981472103194,0.0,0.48950710759249827,outer_04,sigmoid,0.05
2498,2020-09-11,2499,2509,-0.039387932228206246,0.0,0.4874968721840682,outer_04,sigmoid,0.05
2499,2020-09-14,2500,2510,-0.039828964791993826,0.0,0.48845150120521225,outer_04,sigmoid,0.05
2500,2020-09-15,2501,2511,-0.029507281967524612,0.0,0.49475094165859435,outer_04,sigmoid,0.05
2501,2020-09-16,2502,2512,-0.03751619515710658,0.0,0.4858882668195971,outer_04,sigmoid,0.05
2502,2020-09-17,2503,2513,-0.02063385884571911,0.0,0.4859999500704631,outer_04,sigmoid,0.05
2503,2020-09-18,2504,2514,-0.024022622953544293,0.0,0.48446047444537693,outer_04,sigmoid,0.05
2504,2020-09-21,2505,2515,-0.0012440218001401604,0.0,0.5015790408825007,outer_04,sigmoid,0.05
2505,2020-09-22,2506,2516,-0.012036667751506691,0.0,0.5056624474664891,outer_04,sigmoid,0.05
2506,2020-09-23,2507,2517,0.012428083605889206,1.0,0.5062409915793418,outer_04,sigmoid,0.05
2507,2020-09-24,2508,2518,0.012838606613948755,1.0,0.5036884698374832,outer_04,sigmoid,0.05
2508,2020-09-25,2509,2519,0.03377289093981606,1.0,0.5130534885077271,outer_04,sigmoid,0.05
2509,2020-09-28,2510,2520,0.022412846349747717,1.0,0.5059304840338197,outer_04,sigmoid,0.05
2510,2020-09-29,2511,2521,-0.0025008982496483867,0.0,0.5020474732280902,outer_04,sigmoid,0.05
2511,2020-09-30,2512,2522,0.00750625083394052,1.0,0.5072157564992898,outer_04,sigmoid,0.05
2512,2020-10-01,2513,2523,0.002108322357692316,1.0,0.502648580182729,outer_04,sigmoid,0.05
2513,2020-10-02,2514,2524,-0.0019772933308637164,0.0,0.5008325715456584,outer_04,sigmoid,0.05
2514,2020-10-05,2515,2525,-0.004434597067866086,0.0,0.4925012209476049,outer_04,sigmoid,0.05
2515,2020-10-06,2516,2526,0.017033056820714876,1.0,0.5026719566237448,outer_04,sigmoid,0.05
2516,2020-10-07,2517,2527,0.019612792615431474,1.0,0.5033001664364236,outer_04,sigmoid,0.05
2517,2020-10-08,2518,2528,0.005728230808162316,1.0,0.5002167725246001,outer_04,sigmoid,0.05
2518,2020-10-09,2519,2529,-0.01333262528292245,0.0,0.49006751171337193,outer_04,sigmoid,0.05
2519,2020-10-12,2520,2530,-0.011406470869084195,0.0,0.49443432119021463,outer_04,sigmoid,0.05
2520,2020-10-13,2521,2531,0.0077880784101491685,1.0,0.5043045194171784,outer_04,sigmoid,0.05
2521,2020-10-14,2522,2532,-0.012616460572486332,0.0,0.5015825854695055,outer_04,sigmoid,0.05
2522,2020-10-15,2523,2533,-0.020986306916206843,0.0,0.4938654444242074,outer_04,sigmoid,0.05
2523,2020-10-16,2524,2534,-0.010817839381684458,0.0,0.4944543240454886,outer_04,sigmoid,0.05
2524,2020-10-19,2525,2535,-0.004501843878395917,0.0,0.48962596792964574,outer_04,sigmoid,0.05
2525,2020-10-20,2526,2536,-0.0005079451633172027,0.0,0.4881917531416091,outer_04,sigmoid,0.05
2526,2020-10-21,2527,2537,-0.011196944458538027,0.0,0.4825725659221454,outer_04,sigmoid,0.05
2527,2020-10-22,2528,2538,0.02154273022738895,1.0,0.4894509947897315,outer_04,sigmoid,0.05
2528,2020-10-23,2529,2539,0.028929982730454107,1.0,0.4887944834130927,outer_04,sigmoid,0.05
2529,2020-10-26,2530,2540,-0.02183965220218287,0.0,0.4871984857080029,outer_04,sigmoid,0.05
2530,2020-10-27,2531,2541,-0.017033251041259412,0.0,0.4866155781471312,outer_04,sigmoid,0.05
2531,2020-10-28,2532,2542,-0.005843315793592652,0.0,0.4920547126816529,outer_04,sigmoid,0.05
2532,2020-10-29,2533,2543,0.004281655776899207,1.0,0.5003459238761598,outer_04,sigmoid,0.05
2533,2020-10-30,2534,2544,0.004576399751728744,1.0,0.49239803696863704,outer_04,sigmoid,0.05
2534,2020-11-02,2535,2545,-0.002880209154612956,0.0,0.48888565099536274,outer_04,sigmoid,0.05
2535,2020-11-03,2536,2546,-0.01456737264553798,0.0,0.48540594286435734,outer_04,sigmoid,0.05
2536,2020-11-04,2537,2547,-0.015562723915115484,0.0,0.48841263842105964,outer_04,sigmoid,0.05
2537,2020-11-05,2538,2548,-0.04463371033971342,0.0,0.4864165180720353,outer_04,sigmoid,0.05
2538,2020-11-06,2539,2549,-0.045106443504646876,0.0,0.489803680154481,outer_04,sigmoid,0.05
2539,2020-11-09,2540,2550,-0.012049934296514131,0.0,0.49185720839707087,outer_04,sigmoid,0.05
2540,2020-11-10,2541,2551,-0.03685809495790693,0.0,0.5003266182361983,outer_04,sigmoid,0.05
2541,2020-11-11,2542,2552,-0.03142457350918093,0.0,0.5068976107666321,outer_04,sigmoid,0.05
2542,2020-11-12,2543,2553,-0.036279254194240274,0.0,0.5035299946793321,outer_04,sigmoid,0.05
2543,2020-11-13,2544,2554,-0.053629732636310656,0.0,0.49749317054775366,outer_04,sigmoid,0.05
2544,2020-11-16,2545,2555,-0.061402577163445216,0.0,0.5029917398770483,outer_04,sigmoid,0.05
2545,2020-11-17,2546,2556,-0.037134835516400067,0.0,0.5044860519002214,outer_04,sigmoid,0.05
2546,2020-11-18,2547,2557,-0.02401828574464382,0.0,0.5108812287220892,outer_04,sigmoid,0.05
2547,2020-11-19,2548,2558,-0.010830304018421444,0.0,0.5088839730148942,outer_04,sigmoid,0.05
2548,2020-11-20,2549,2559,-0.01834062608139675,0.0,0.49962266480672385,outer_04,sigmoid,0.05
2549,2020-11-23,2550,2560,0.013091858405511303,1.0,0.4892417081605583,outer_04,sigmoid,0.05
2550,2020-11-24,2551,2561,0.03355758567051659,1.0,0.4935246944198994,outer_04,sigmoid,0.05
2551,2020-11-25,2552,2562,0.016164848213789718,1.0,0.4999822774629195,outer_04,sigmoid,0.05
2552,2020-11-26,2553,2563,0.014690703901400148,1.0,0.5017818712357207,outer_04,sigmoid,0.05
2553,2020-11-27,2554,2564,0.02634184043616017,1.0,0.4985257478131278,outer_04,sigmoid,0.05
2554,2020-11-30,2555,2565,0.02853160083149131,1.0,0.5001968757349473,outer_04,sigmoid,0.05
2555,2020-12-01,2556,2566,0.02231435565341755,1.0,0.5036592667012774,outer_04,sigmoid,0.05
2556,2020-12-02,2557,2567,0.01846879581285421,1.0,0.5055507742007177,outer_04,sigmoid,0.05
2557,2020-12-03,2558,2568,0.023312980969603103,1.0,0.5053614954264429,outer_04,sigmoid,0.05
2558,2020-12-04,2559,2569,0.024548400647965707,1.0,0.5039577650353692,outer_04,sigmoid,0.05
2559,2020-12-07,2560,2570,0.008764906922687388,1.0,0.501234506964046,outer_04,sigmoid,0.05
2560,2020-12-08,2561,2571,-0.00447142575814663,0.0,0.5003813929086257,outer_04,sigmoid,0.05
2561,2020-12-09,2562,2572,0.01880504136267014,1.0,0.5031361086145397,outer_04,sigmoid,0.05
2562,2020-12-10,2563,2573,0.027579772615940357,1.0,0.5018091304945099,outer_04,sigmoid,0.05
2563,2020-12-11,2564,2574,0.020559407452144463,1.0,0.5029348316907434,outer_04,sigmoid,0.05
2564,2020-12-14,2565,2575,0.02639863365766626,1.0,0.5022551184939495,outer_04,sigmoid,0.05
2565,2020-12-15,2566,2576,0.021130384428645677,1.0,0.49342083516195456,outer_04,sigmoid,0.05
2566,2020-12-16,2567,2577,0.024181237762565644,1.0,0.49426339625835314,outer_04,sigmoid,0.05
2567,2020-12-17,2568,2578,0.029681756609017285,1.0,0.49816378407735407,outer_04,sigmoid,0.05
2568,2020-12-18,2569,2579,0.03516696796533125,1.0,0.49946037468339666,outer_04,sigmoid,0.05
2569,2020-12-21,2570,2580,0.021909961369736664,1.0,0.49832385878963165,outer_04,sigmoid,0.05
2570,2020-12-22,2571,2581,0.0292142697554878,1.0,0.5026196901319192,outer_04,sigmoid,0.05
2571,2020-12-23,2572,2582,-0.010005099379556626,0.0,0.5029816402821349,outer_04,sigmoid,0.05
2572,2020-12-24,2573,2583,-0.02189112314453201,0.0,0.5022714780836263,outer_04,sigmoid,0.05
2573,2020-12-28,2574,2584,-0.010825059396869285,0.0,0.49594131567227195,outer_04,sigmoid,0.05
2574,2020-12-29,2575,2585,-0.016001114587655962,0.0,0.4945398044110346,outer_04,sigmoid,0.05
2575,2020-12-30,2576,2586,-0.024420794159711434,0.0,0.49591295319287904,outer_04,sigmoid,0.05
2576,2020-12-31,2577,2587,-0.043180414286370095,0.0,0.49881816668551177,outer_04,sigmoid,0.05
2577,2021-01-04,2578,2588,-0.05455465190943176,0.0,0.4952930741006708,outer_04,sigmoid,0.05
2578,2021-01-05,2579,2589,-0.057730253599782344,0.0,0.5033348201507538,outer_04,sigmoid,0.05
2579,2021-01-06,2580,2590,-0.02603165565740362,0.0,0.5020932495361632,outer_04,sigmoid,0.05
2580,2021-01-07,2581,2591,-0.024523540472361383,0.0,0.5049250498126153,outer_04,sigmoid,0.05
2581,2021-01-08,2582,2592,0.0017668800856025513,1.0,0.49600353476331815,outer_04,sigmoid,0.05
2582,2021-01-11,2583,2593,0.004186061417266629,1.0,0.502504263827754,outer_04,sigmoid,0.05
2583,2021-01-12,2584,2594,-0.0018669305215892606,0.0,0.5069274357791631,outer_04,sigmoid,0.05
2584,2021-01-13,2585,2595,-0.002628606699755842,0.0,0.5096917043363988,outer_04,sigmoid,0.05
2585,2021-01-14,2586,2596,-0.0025305425990262975,0.0,0.5075588361407949,outer_04,sigmoid,0.05
2586,2021-01-15,2587,2597,0.014756128289576509,1.0,0.5090404771695348,outer_04,sigmoid,0.05
2587,2021-01-18,2588,2598,0.0113366530624317,1.0,0.5097493970558081,outer_04,sigmoid,0.05
2588,2021-01-19,2589,2599,-0.001702063278476551,0.0,0.5039358194694409,outer_04,sigmoid,0.05
2589,2021-01-20,2590,2600,-0.020218191462573643,0.0,0.5016231293390025,outer_04,sigmoid,0.05
2590,2021-01-21,2591,2601,-0.040710355407275856,0.0,0.49796315949541764,outer_04,sigmoid,0.05
2591,2021-01-22,2592,2602,-0.02213200852579522,0.0,0.4913601295973916,outer_04,sigmoid,0.05
2592,2021-01-25,2593,2603,-0.013233584244786378,0.0,0.491280183132585,outer_04,sigmoid,0.05
2593,2021-01-26,2594,2604,-0.007040355135833565,0.0,0.49573705149898284,outer_04,sigmoid,0.05
2594,2021-01-27,2595,2605,0.0006781371561661587,1.0,0.4916134575406481,outer_04,sigmoid,0.05
2595,2021-01-28,2596,2606,-0.009271766477510823,0.0,0.4931869715756112,outer_04,sigmoid,0.05
2596,2021-01-29,2597,2607,-0.01667769503938299,0.0,0.4901756696175411,outer_04,sigmoid,0.05
2597,2021-02-01,2598,2608,-0.0216100325926174,0.0,0.49105098549764303,outer_04,sigmoid,0.05
2598,2021-02-02,2599,2609,-0.024645671851005524,0.0,0.49131046282121754,outer_04,sigmoid,0.05
2599,2021-02-03,2600,2610,-0.031666390979648185,0.0,0.49322090833933063,outer_04,sigmoid,0.05
2600,2021-02-04,2601,2611,-0.010477104934714987,0.0,0.4912933972717361,outer_04,sigmoid,0.05
2601,2021-02-05,2602,2612,-0.016964278831920865,0.0,0.49140639261471125,outer_04,sigmoid,0.05
2602,2021-02-08,2603,2613,-0.011795965108438722,0.0,0.49348368958042893,outer_04,sigmoid,0.05
2603,2021-02-09,2604,2614,-0.017552347778202027,0.0,0.4953473505800819,outer_04,sigmoid,0.05
2604,2021-02-10,2605,2615,-0.022075927488225844,0.0,0.4906952092940288,outer_04,sigmoid,0.05
2605,2021-02-11,2606,2616,-0.02993809556922855,0.0,0.49584915747267044,outer_04,sigmoid,0.05
2606,2021-02-12,2607,2617,-0.048900040443651704,0.0,0.49088422704436596,outer_04,sigmoid,0.05
2607,2021-02-15,2608,2618,-0.054543319194195305,0.0,0.495876635555873,outer_04,sigmoid,0.05
2608,2021-02-16,2609,2619,-0.030873642780854915,0.0,0.4874403764961105,outer_04,sigmoid,0.05
2609,2021-02-17,2610,2620,-0.037890553440369956,0.0,0.4875661133319089,outer_04,sigmoid,0.05
2610,2021-02-18,2611,2621,-0.04527165495053875,0.0,0.48731187538145526,outer_04,sigmoid,0.05
2611,2021-02-19,2612,2622,-0.04612299811054754,0.0,0.4918430431556225,outer_04,sigmoid,0.05
2612,2021-02-22,2613,2623,-0.07151464185618117,0.0,0.4889894756450484,outer_04,sigmoid,0.05
2613,2021-02-23,2614,2624,-0.051841143800950285,0.0,0.49501301540667536,outer_04,sigmoid,0.05
2614,2021-02-24,2615,2625,-0.04368139988036113,0.0,0.49378282230293186,outer_04,sigmoid,0.05
2615,2021-02-25,2616,2626,-0.028978409268928473,0.0,0.49064351138109913,outer_04,sigmoid,0.05
2616,2021-02-26,2617,2627,-0.005325499049016358,0.0,0.48609868969713865,outer_04,sigmoid,0.05
2617,2021-03-01,2618,2628,0.005111606578633854,1.0,0.4915705897969164,outer_04,sigmoid,0.05
2618,2021-03-02,2619,2629,-0.00334246097093871,0.0,0.4938483201575008,outer_04,sigmoid,0.05
2619,2021-03-03,2620,2630,0.021887670584729513,1.0,0.4947235159181095,outer_04,sigmoid,0.05
2620,2021-03-04,2621,2631,0.02210015389011666,1.0,0.4945564959167598,outer_04,sigmoid,0.05
2621,2021-03-05,2622,2632,0.021774520883480086,1.0,0.4987824664143416,outer_04,sigmoid,0.05
2622,2021-03-08,2623,2633,0.03216304802609571,1.0,0.5069436430399692,outer_04,sigmoid,0.05
2623,2021-03-09,2624,2634,0.006867169279477281,1.0,0.5010616760500445,outer_04,sigmoid,0.05
2624,2021-03-10,2625,2635,0.004824549221228658,1.0,0.49989374593141933,outer_04,sigmoid,0.05
2625,2021-03-11,2626,2636,0.003658431072749657,1.0,0.49628820390572065,outer_04,sigmoid,0.05
2626,2021-03-12,2627,2637,0.0015087885442657267,1.0,0.49631223502051647,outer_04,sigmoid,0.05
2627,2021-03-15,2628,2638,-0.011136580344753177,0.0,0.4987111920937174,outer_04,sigmoid,0.05
2628,2021-03-16,2629,2639,-0.02781419974021837,0.0,0.5004488631652335,outer_04,sigmoid,0.05
2629,2021-03-17,2630,2640,-0.023923783016869926,0.0,0.49630452845212464,outer_04,sigmoid,0.05
2630,2021-03-18,2631,2641,-0.004104577077425731,0.0,0.4997835532160414,outer_04,sigmoid,0.05
2631,2021-03-19,2632,2642,-0.008691174388004264,0.0,0.4967901542408124,outer_04,sigmoid,0.05
2632,2021-03-22,2633,2643,0.00212469142711047,1.0,0.49998562183791023,outer_04,sigmoid,0.05
2633,2021-03-23,2634,2644,0.006009179022548494,1.0,0.49966027139921954,outer_04,sigmoid,0.05
2634,2021-03-24,2635,2645,0.011883619863509942,1.0,0.4971202555804106,outer_04,sigmoid,0.05
2635,2021-03-25,2636,2646,0.00851142533348348,1.0,0.4954966677034977,outer_04,sigmoid,0.05
2636,2021-03-26,2637,2647,0.0011892392580454825,1.0,0.488007668104982,outer_04,sigmoid,0.05
2637,2021-03-29,2638,2648,0.01907331252193689,1.0,0.4976327215489214,outer_04,sigmoid,0.05
2638,2021-03-30,2639,2649,0.03006870610221668,1.0,0.5079845491326417,outer_04,sigmoid,0.05
2639,2021-03-31,2640,2650,0.03259520504319191,1.0,0.5002909083403622,outer_04,sigmoid,0.05
2640,2021-04-01,2641,2651,0.02683127459010315,1.0,0.49315042791676217,outer_04,sigmoid,0.05
2641,2021-04-05,2642,2652,0.024112426309043755,1.0,0.49790180369716036,outer_04,sigmoid,0.05
2642,2021-04-06,2643,2653,0.01981072558784458,1.0,0.4914557861647669,outer_04,sigmoid,0.05
2643,2021-04-07,2644,2654,0.03193806233348351,1.0,0.4998252396813549,outer_04,sigmoid,0.05
2644,2021-04-08,2645,2655,0.016108557516890443,1.0,0.4916261771271975,outer_04,sigmoid,0.05
2645,2021-04-09,2646,2656,0.018629436014713008,1.0,0.4957853467057972,outer_04,sigmoid,0.05
2646,2021-04-12,2647,2657,0.027339873284375926,1.0,0.5040782901184073,outer_04,sigmoid,0.05
2647,2021-04-13,2648,2658,0.017788214053049423,1.0,0.49526867274076575,outer_04,sigmoid,0.05
2648,2021-04-14,2649,2659,0.025980507498506,1.0,0.4977009827871232,outer_04,sigmoid,0.05
2649,2021-04-15,2650,2660,0.004886086099652687,1.0,0.4858468588662185,outer_04,sigmoid,0.05
2650,2021-04-16,2651,2661,-0.005002155819790133,0.0,0.48782719979566047,outer_04,sigmoid,0.05
2651,2021-04-19,2652,2662,0.012168030967577792,1.0,0.49051446869294424,outer_04,sigmoid,0.05
2652,2021-04-20,2653,2663,0.00010122311269711304,1.0,0.4891336511322875,outer_04,sigmoid,0.05
2653,2021-04-21,2654,2664,-0.00399358207233913,0.0,0.4911946813235969,outer_04,sigmoid,0.05
2654,2021-04-22,2655,2665,0.016939384701071702,1.0,0.4936265692975949,outer_04,sigmoid,0.05
2655,2021-04-23,2656,2666,0.03190498186394297,1.0,0.4919207554854287,outer_04,sigmoid,0.05
2656,2021-04-26,2657,2667,0.030300824791198444,1.0,0.48993673727833625,outer_04,sigmoid,0.05
2657,2021-04-27,2658,2668,0.03312033806767989,1.0,0.49440960694030917,outer_04,sigmoid,0.05
2658,2021-04-28,2659,2669,0.01829995769967052,1.0,0.49040925158374854,outer_04,sigmoid,0.05
2659,2021-04-29,2660,2670,0.03028791994701585,1.0,0.4872734557243997,outer_04,sigmoid,0.05
2660,2021-04-30,2661,2671,0.04250112688747176,1.0,0.48550277433659844,outer_04,sigmoid,0.05
2661,2021-05-03,2662,2672,0.040510886094675236,1.0,0.4819368108453767,outer_04,sigmoid,0.05
2662,2021-05-04,2663,2673,0.04978738696273677,1.0,0.4861376136611058,outer_04,sigmoid,0.05
2663,2021-05-05,2664,2674,0.045544205417435535,1.0,0.48552749656867406,outer_04,sigmoid,0.05
2664,2021-05-06,2665,2675,0.03420845251137905,1.0,0.4845665908575176,outer_04,sigmoid,0.05
2665,2021-05-07,2666,2676,0.02604570496345371,1.0,0.4911186597333701,outer_04,sigmoid,0.05
2666,2021-05-10,2667,2677,0.02405916658115803,1.0,0.4887846667328398,outer_04,sigmoid,0.05
2667,2021-05-11,2668,2678,0.033165048355582094,1.0,0.49120977263980586,outer_04,sigmoid,0.05
2668,2021-05-12,2669,2679,0.04396987763663507,1.0,0.4915900605701128,outer_04,sigmoid,0.05
2669,2021-05-13,2670,2680,0.03774357129270989,1.0,0.49226436508752186,outer_04,sigmoid,0.05
2670,2021-05-14,2671,2681,0.03214358486101254,1.0,0.4931853569564809,outer_04,sigmoid,0.05
2671,2021-05-17,2672,2682,0.02150084813072084,1.0,0.49295796854060336,outer_04,sigmoid,0.05
2672,2021-05-18,2673,2683,0.016201926807428713,1.0,0.49816615989891166,outer_04,sigmoid,0.05
2673,2021-05-19,2674,2684,0.020320878361419936,1.0,0.49537476427511973,outer_04,sigmoid,0.05
2674,2021-05-20,2675,2685,-0.003446145438504189,0.0,0.4929819177635299,outer_04,sigmoid,0.05
2675,2021-05-21,2676,2686,0.0046558573869646125,1.0,0.4851235919222529,outer_04,sigmoid,0.05
2676,2021-05-24,2677,2687,0.009693505323740581,1.0,0.48606001562384754,outer_04,sigmoid,0.05
2677,2021-05-25,2678,2688,-0.003719839983410189,0.0,0.485519418003489,outer_04,sigmoid,0.05
2678,2021-05-26,2679,2689,-0.003994362488761283,0.0,0.4892804112283146,outer_04,sigmoid,0.05
2679,2021-05-27,2680,2690,0.000395199646828992,1.0,0.4877666966091697,outer_04,sigmoid,0.05
2680,2021-05-28,2681,2691,-0.014641209102154384,0.0,0.4827219888485974,outer_04,sigmoid,0.05
2681,2021-05-31,2682,2692,-0.021050954972755775,0.0,0.4832342780152236,outer_04,sigmoid,0.05
2682,2021-06-01,2683,2693,-0.021561022312992506,0.0,0.48034219106941295,outer_04,sigmoid,0.05
2683,2021-06-02,2684,2694,-0.05101065798085891,0.0,0.4804014973295502,outer_04,sigmoid,0.05
2684,2021-06-03,2685,2695,-0.05257296683999435,0.0,0.48384395900936206,outer_04,sigmoid,0.05
2685,2021-06-04,2686,2696,-0.06646646345660745,0.0,0.48524961001310984,outer_04,sigmoid,0.05
2686,2021-06-07,2687,2697,-0.06249402906716117,0.0,0.48811629063620326,outer_04,sigmoid,0.05
2687,2021-06-08,2688,2698,-0.06100794438177637,0.0,0.49098751731333207,outer_04,sigmoid,0.05
2688,2021-06-09,2689,2699,-0.06015719458788116,0.0,0.4914497874034575,outer_04,sigmoid,0.05
2689,2021-06-10,2690,2700,-0.06636969737200094,0.0,0.4896008861649431,outer_04,sigmoid,0.05
2690,2021-06-11,2691,2701,-0.05186941233676201,0.0,0.49703503364469614,outer_04,sigmoid,0.05
2691,2021-06-14,2692,2702,-0.04879016416943216,0.0,0.49828321598051756,outer_04,sigmoid,0.05
2692,2021-06-15,2693,2703,-0.05360803183461815,0.0,0.5026404997968431,outer_04,sigmoid,0.05
2693,2021-06-16,2694,2704,-0.024284240699177673,0.0,0.5065008444480639,outer_04,sigmoid,0.05
2694,2021-06-17,2695,2705,0.000444848632106698,1.0,0.4913344642733969,outer_04,sigmoid,0.05
2695,2021-06-18,2696,2706,0.010388900299966863,1.0,0.49429282463672125,outer_04,sigmoid,0.05
2696,2021-06-21,2697,2707,0.004038804814310737,1.0,0.4981623295036481,outer_04,sigmoid,0.05
2697,2021-06-22,2698,2708,0.009256037023247288,1.0,0.5009747622683025,outer_04,sigmoid,0.05
2698,2021-06-23,2699,2709,0.013996861946847794,1.0,0.5029032436606732,outer_04,sigmoid,0.05
2699,2021-06-24,2700,2710,0.014908635545775262,1.0,0.5030609213567842,outer_04,sigmoid,0.05
2700,2021-06-25,2701,2711,0.014894917927989582,1.0,0.5013222442230092,outer_04,sigmoid,0.05
2701,2021-06-28,2702,2712,0.015431871212056691,1.0,0.5055689796692817,outer_04,sigmoid,0.05
2702,2021-06-29,2703,2713,0.025693002190699588,1.0,0.503818465876831,outer_04,sigmoid,0.05
2703,2021-06-30,2704,2714,0.03191958477083201,1.0,0.4916324834202623,outer_04,sigmoid,0.05
2704,2021-07-01,2705,2715,0.029723636277653398,1.0,0.48286406786884206,outer_04,sigmoid,0.05
2705,2021-07-02,2706,2716,0.013439508642171916,1.0,0.4845330189316212,outer_04,sigmoid,0.05
2706,2021-07-05,2707,2717,0.011864997457865734,1.0,0.48689991032268154,outer_04,sigmoid,0.05
2707,2021-07-06,2708,2718,0.007813254561201965,1.0,0.4867896814171576,outer_04,sigmoid,0.05
2708,2021-07-07,2709,2719,8.31598526884747e-05,1.0,0.49266140408412284,outer_04,sigmoid,0.05
2709,2021-07-08,2710,2720,0.0022382776829745765,1.0,0.491512790715017,outer_04,sigmoid,0.05
2710,2021-07-09,2711,2721,-0.003163236005028658,0.0,0.49040153313108326,outer_04,sigmoid,0.05
2711,2021-07-12,2712,2722,-0.004589034896758548,0.0,0.4906880186068369,outer_04,sigmoid,0.05
2712,2021-07-13,2713,2723,-0.004118094649677495,0.0,0.48844786223384995,outer_04,sigmoid,0.05
2713,2021-07-14,2714,2724,-0.011059929288150805,0.0,0.4864018127223606,outer_04,sigmoid,0.05
2714,2021-07-15,2715,2725,-0.0005903801016602372,0.0,0.4882121847581606,outer_04,sigmoid,0.05
2715,2021-07-16,2716,2726,0.0018257591484909241,1.0,0.484306571515404,outer_04,sigmoid,0.05
2716,2021-07-19,2717,2727,0.0004633025834772653,1.0,0.48406825318633445,outer_04,sigmoid,0.05
2717,2021-07-20,2718,2728,-7.733396677345183e-05,0.0,0.48791627854525943,outer_04,sigmoid,0.05
2718,2021-07-21,2719,2729,0.0045355816083514355,1.0,0.48620880116723164,outer_04,sigmoid,0.05
2719,2021-07-22,2720,2730,-0.0012902763147115692,0.0,0.4836165180465165,outer_04,sigmoid,0.05
2720,2021-07-23,2721,2731,-0.0231141756910489,0.0,0.48563027689283855,outer_04,sigmoid,0.05
2721,2021-07-26,2722,2732,-0.03917822216231048,0.0,0.485128116897595,outer_04,sigmoid,0.05
2722,2021-07-27,2723,2733,-0.040121747670252006,0.0,0.48685866749000933,outer_04,sigmoid,0.05
2723,2021-07-28,2724,2734,-0.0314863617581187,0.0,0.48443644500231986,outer_04,sigmoid,0.05
2724,2021-07-29,2725,2735,-0.04222896812827415,0.0,0.4820041446667649,outer_04,sigmoid,0.05
2725,2021-07-30,2726,2736,-0.019768680997017007,0.0,0.48427637962651987,outer_04,sigmoid,0.05
2726,2021-08-02,2727,2737,-0.014591825567023875,0.0,0.48564542441320446,outer_04,sigmoid,0.05
2727,2021-08-03,2728,2738,-0.013324039897715245,0.0,0.48845717021591684,outer_04,sigmoid,0.05
2728,2021-08-04,2729,2739,-0.013702498106582084,0.0,0.4873178948230855,outer_04,sigmoid,0.05
2729,2021-08-05,2730,2740,-0.013674654269000719,0.0,0.48820711100708575,outer_04,sigmoid,0.05
2730,2021-08-06,2731,2741,0.011539675279374606,1.0,0.4950573317656492,outer_04,sigmoid,0.05
2731,2021-08-09,2732,2742,0.043296560668927064,1.0,0.492353150967137,outer_04,sigmoid,0.05
2732,2021-08-10,2733,2743,0.04117644198996118,1.0,0.5288178845092802,outer_05,none,0.0
2733,2021-08-11,2734,2744,0.022421084037841155,1.0,0.5038954832264341,outer_05,none,0.0
2734,2021-08-12,2735,2745,0.022141084242516484,1.0,0.5042041501463512,outer_05,none,0.0
2735,2021-08-13,2736,2746,0.021739623998746183,1.0,0.3791294608333057,outer_05,none,0.0
2736,2021-08-16,2737,2747,0.01266550531820343,1.0,0.38883129925098114,outer_05,none,0.0
2737,2021-08-17,2738,2748,0.015646972581309093,1.0,0.4336368959322906,outer_05,none,0.0
2738,2021-08-18,2739,2749,0.014772547850161466,1.0,0.3984669610449089,outer_05,none,0.0
2739,2021-08-19,2740,2750,0.016353024721379228,1.0,0.4453153892095437,outer_05,none,0.0
2740,2021-08-20,2741,2751,0.025914171280211562,1.0,0.4123224158324161,outer_05,none,0.0
2741,2021-08-23,2742,2752,0.009986470204205844,1.0,0.309606392469831,outer_05,none,0.0
2742,2021-08-24,2743,2753,-0.004058334316947132,0.0,0.4047879238643566,outer_05,none,0.0
2743,2021-08-25,2744,2754,-0.0008322697704601367,0.0,0.46098032487684154,outer_05,none,0.0
2744,2021-08-26,2745,2755,0.000808635151653192,1.0,0.4724814598531096,outer_05,none,0.0
2745,2021-08-27,2746,2756,-0.01710192477416239,0.0,0.4274127419288675,outer_05,none,0.0
2746,2021-08-30,2747,2757,-0.009224737805892502,0.0,0.4676926898781647,outer_05,none,0.0
2747,2021-08-31,2748,2758,-0.005864600746535942,0.0,0.4270347801892071,outer_05,none,0.0
2748,2021-09-01,2749,2759,-0.011003162487003948,0.0,0.4373855735034895,outer_05,none,0.0
2749,2021-09-02,2750,2760,-0.03139132765689645,0.0,0.5224391526012819,outer_05,none,0.0
2750,2021-09-03,2751,2761,-0.04135679009679638,0.0,0.44151159368368853,outer_05,none,0.0
2751,2021-09-06,2752,2762,-0.032929488444708,0.0,0.5501977398501405,outer_05,none,0.0
2752,2021-09-07,2753,2763,-0.01135032549612447,0.0,0.4647838612386221,outer_05,none,0.0
2753,2021-09-08,2754,2764,-0.011759022111521134,0.0,0.4351321949034226,outer_05,none,0.0
2754,2021-09-09,2755,2765,-0.027827066596941563,0.0,0.47568766592849515,outer_05,none,0.0
2755,2021-09-10,2756,2766,-0.02122686536841112,0.0,0.39568506764757566,outer_05,none,0.0
2756,2021-09-13,2757,2767,-0.02410353566465684,0.0,0.39974134923496657,outer_05,none,0.0
2757,2021-09-14,2758,2768,-0.039382601346551915,0.0,0.4262658931215276,outer_05,none,0.0
2758,2021-09-15,2759,2769,-0.038337327563121804,0.0,0.44053869646773064,outer_05,none,0.0
2759,2021-09-16,2760,2770,0.0012822743031080108,1.0,0.3427587427223195,outer_05,none,0.0
2760,2021-09-17,2761,2771,0.003738258298597863,1.0,0.3529800061868514,outer_05,none,0.0
2761,2021-09-20,2762,2772,0.002349232768452225,1.0,0.3616698940832043,outer_05,none,0.0
2762,2021-09-21,2763,2773,-0.008396373955426917,0.0,0.3996508457047462,outer_05,none,0.0
2763,2021-09-22,2764,2774,-0.003211039210231803,0.0,0.3290910485788198,outer_05,none,0.0
2764,2021-09-23,2765,2775,0.006456095418324814,1.0,0.3914884484050555,outer_05,none,0.0
2765,2021-09-24,2766,2776,0.004083523887734586,1.0,0.466158135873276,outer_05,none,0.0
2766,2021-09-27,2767,2777,0.0017805886352411093,1.0,0.42413163600631143,outer_05,none,0.0
2767,2021-09-28,2768,2778,0.015165245289338714,1.0,0.3639166299100125,outer_05,none,0.0
2768,2021-09-29,2769,2779,0.03772960274896686,1.0,0.3477323727394473,outer_05,none,0.0
2769,2021-09-30,2770,2780,0.02263712141136942,1.0,0.33029291899903884,outer_05,none,0.0
2770,2021-10-01,2771,2781,0.0036224837442899727,1.0,0.386686991344793,outer_05,none,0.0
2771,2021-10-04,2772,2782,-0.002082897791145122,0.0,0.38071947114871946,outer_05,none,0.0
2772,2021-10-05,2773,2783,0.005332288201523205,1.0,0.3642602697732571,outer_05,none,0.0
2773,2021-10-06,2774,2784,0.011112478973592133,1.0,0.35917166773720977,outer_05,none,0.0
2774,2021-10-07,2775,2785,0.0155005067118541,1.0,0.4222031042036553,outer_05,none,0.0
2775,2021-10-08,2776,2786,0.02026041864671857,1.0,0.33812012423269644,outer_05,none,0.0
2776,2021-10-11,2777,2787,0.030137851708452956,1.0,0.3818484528427292,outer_05,none,0.0
2777,2021-10-12,2778,2788,0.018223354336110553,1.0,0.34508460108989547,outer_05,none,0.0
2778,2021-10-13,2779,2789,0.002072551148869728,1.0,0.31152804141802914,outer_05,none,0.0
2779,2021-10-14,2780,2790,0.00193018574684789,1.0,0.33369151705733185,outer_05,none,0.0
2780,2021-10-15,2781,2791,0.009114169677467032,1.0,0.31747398732205157,outer_05,none,0.0
2781,2021-10-18,2782,2792,0.015678769634280165,1.0,0.3150679319797238,outer_05,none,0.0
2782,2021-10-19,2783,2793,0.01023325939087183,1.0,0.3490427496429898,outer_05,none,0.0
2783,2021-10-20,2784,2794,-0.006359053505164525,0.0,0.3305620293794466,outer_05,none,0.0
2784,2021-10-21,2785,2795,0.004330706618575597,1.0,0.284652180034242,outer_05,none,0.0
2785,2021-10-22,2786,2796,0.012614407614556455,1.0,0.28986297415859136,outer_05,none,0.0
2786,2021-10-25,2787,2797,0.009268376491925245,1.0,0.343583263544191,outer_05,none,0.0
2787,2021-10-26,2788,2798,0.021255090214430616,1.0,0.3728229032822104,outer_05,none,0.0
2788,2021-10-27,2789,2799,0.02865465832242009,1.0,0.33006494173732964,outer_05,none,0.0
2789,2021-10-28,2790,2800,0.03401361418630433,1.0,0.29316881742144857,outer_05,none,0.0
2790,2021-10-29,2791,2801,0.04572115291990997,1.0,0.2815671253354694,outer_05,none,0.0
2791,2021-11-01,2792,2802,0.03843586554286116,1.0,0.29468290634639066,outer_05,none,0.0
2792,2021-11-02,2793,2803,0.034424640191535794,1.0,0.31398992826473887,outer_05,none,0.0
2793,2021-11-03,2794,2804,0.05218374378472923,1.0,0.2966143405966439,outer_05,none,0.0
2794,2021-11-04,2795,2805,0.03730536960882702,1.0,0.31898470377384586,outer_05,none,0.0
2795,2021-11-05,2796,2806,0.014489520503449427,1.0,0.45671153435323425,outer_05,none,0.0
2796,2021-11-08,2797,2807,-0.008964126672819539,0.0,0.45820567691031544,outer_05,none,0.0
2797,2021-11-09,2798,2808,-0.02347720168716272,0.0,0.4599513138165608,outer_05,none,0.0
2798,2021-11-10,2799,2809,-0.03357560959203276,0.0,0.5452355853401801,outer_05,none,0.0
2799,2021-11-11,2800,2810,-0.039038750388977306,0.0,0.5780118802602943,outer_05,none,0.0
2800,2021-11-12,2801,2811,-0.04282632490986682,0.0,0.4978818708056251,outer_05,none,0.0
2801,2021-11-15,2802,2812,-0.04274002485653128,0.0,0.419345615447399,outer_05,none,0.0
2802,2021-11-16,2803,2813,-0.04100239279554163,0.0,0.5357280444575531,outer_05,none,0.0
2803,2021-11-17,2804,2814,-0.046481232011783113,0.0,0.49383588180700233,outer_05,none,0.0
2804,2021-11-18,2805,2815,-0.04934782047795494,0.0,0.5403911010181627,outer_05,none,0.0
2805,2021-11-19,2806,2816,-0.03321875221638848,0.0,0.47331417564086736,outer_05,none,0.0
2806,2021-11-22,2807,2817,-0.016209202008722556,0.0,0.2818788218541943,outer_05,none,0.0
2807,2021-11-23,2808,2818,-0.002518399629725998,0.0,0.34478034352028103,outer_05,none,0.0
2808,2021-11-24,2809,2819,-0.002716320022682517,0.0,0.36767426196862196,outer_05,none,0.0
2809,2021-11-25,2810,2820,-0.008120141296144467,0.0,0.4737591192527306,outer_05,none,0.0
2810,2021-11-26,2811,2821,-0.003225718922815979,0.0,0.40682093604357905,outer_05,none,0.0
2811,2021-11-29,2812,2822,0.00046484667897672693,1.0,0.4587051967141377,outer_05,none,0.0
2812,2021-11-30,2813,2823,-0.0025201924624784766,0.0,0.43447464656727713,outer_05,none,0.0
2813,2021-12-01,2814,2824,-0.0017641345991386004,0.0,0.3943046411382341,outer_05,none,0.0
2814,2021-12-02,2815,2825,0.01609873167800746,1.0,0.38234496688512576,outer_05,none,0.0
2815,2021-12-03,2816,2826,0.010222543247179416,1.0,0.2451717921357552,outer_05,none,0.0
2816,2021-12-06,2817,2827,0.006650387423411175,1.0,0.23587259630388038,outer_05,none,0.0
2817,2021-12-07,2818,2828,0.0023898351083255776,1.0,0.29115127396708285,outer_05,none,0.0
2818,2021-12-08,2819,2829,0.011181837599967714,1.0,0.2899712152021816,outer_05,none,0.0
2819,2021-12-09,2820,2830,0.016739829637647752,1.0,0.3767958552080639,outer_05,none,0.0
2820,2021-12-10,2821,2831,0.01601449792109566,1.0,0.33216862752119,outer_05,none,0.0
2821,2021-12-13,2822,2832,0.011473997908366229,1.0,0.40527503575937257,outer_05,none,0.0
2822,2021-12-14,2823,2833,0.018052879690106494,1.0,0.3980812525899694,outer_05,none,0.0
2823,2021-12-15,2824,2834,0.020206756028915862,1.0,0.42772419280224866,outer_05,none,0.0
2824,2021-12-16,2825,2835,0.017768349700189034,1.0,0.42253805817044743,outer_05,none,0.0
2825,2021-12-17,2826,2836,0.0011935262341058461,1.0,0.408099276083513,outer_05,none,0.0
2826,2021-12-20,2827,2837,0.012783697551577156,1.0,0.31976728412283645,outer_05,none,0.0
2827,2021-12-21,2828,2838,0.011775858307343512,1.0,0.36811403906953916,outer_05,none,0.0
2828,2021-12-22,2829,2839,-0.006649423132988552,0.0,0.44530973702083787,outer_05,none,0.0
2829,2021-12-23,2830,2840,-0.00612067716206699,0.0,0.4890660433725006,outer_05,none,0.0
2830,2021-12-27,2831,2841,-0.006168415664880023,0.0,0.483033109141064,outer_05,none,0.0
2831,2021-12-28,2832,2842,0.00748893675712381,1.0,0.4858294173282595,outer_05,none,0.0
2832,2021-12-29,2833,2843,0.012161638148660003,1.0,0.5314763561543556,outer_05,none,0.0
2833,2021-12-30,2834,2844,0.0037677465346392935,1.0,0.49591466233219966,outer_05,none,0.0
2834,2021-12-31,2835,2845,-0.0072807738331786,0.0,0.5698636825516241,outer_05,none,0.0
2835,2022-01-03,2836,2846,0.008733101049631209,1.0,0.3862991752255545,outer_05,none,0.0
2836,2022-01-04,2837,2847,0.00013230721755164154,1.0,0.449368631659612,outer_05,none,0.0
2837,2022-01-05,2838,2848,0.01651426746654039,1.0,0.49652269047243075,outer_05,none,0.0
2838,2022-01-06,2839,2849,0.02648869627313477,1.0,0.34423152305633287,outer_05,none,0.0
2839,2022-01-07,2840,2850,0.020922245596588063,1.0,0.36996088510465264,outer_05,none,0.0
2840,2022-01-10,2841,2851,0.02329886959333205,1.0,0.37748401799633435,outer_05,none,0.0
2841,2022-01-11,2842,2852,0.014914539898479795,1.0,0.45126617904449795,outer_05,none,0.0
2842,2022-01-12,2843,2853,-0.003231233284815005,0.0,0.49009125683107957,outer_05,none,0.0
2843,2022-01-13,2844,2854,-0.013369308694774595,0.0,0.5031404408357781,outer_05,none,0.0
2844,2022-01-14,2845,2855,-0.01574495065364445,0.0,0.44052603703019244,outer_05,none,0.0
2845,2022-01-17,2846,2856,-0.0114831256996073,0.0,0.5809854409709284,outer_05,none,0.0
2846,2022-01-18,2847,2857,-0.0072252810799433576,0.0,0.4257156208058832,outer_05,none,0.0
2847,2022-01-19,2848,2858,-0.01823945451316966,0.0,0.4075006411385493,outer_05,none,0.0
2848,2022-01-20,2849,2859,-0.018913534492631,0.0,0.4384803393741761,outer_05,none,0.0
2849,2022-01-21,2850,2860,-0.013385051390361724,0.0,0.41627356191655174,outer_05,none,0.0
2850,2022-01-24,2851,2861,-0.011817661857318917,0.0,0.3910287051791858,outer_05,none,0.0
2851,2022-01-25,2852,2862,-0.011837099587596711,0.0,0.4449077094716223,outer_05,none,0.0
2852,2022-01-26,2853,2863,0.007036055123408325,1.0,0.3910477788151309,outer_05,none,0.0
2853,2022-01-27,2854,2864,0.016542983582390036,1.0,0.3490135460603783,outer_05,none,0.0
2854,2022-01-28,2855,2865,0.0367137550675416,1.0,0.37989496179867693,outer_05,none,0.0
2855,2022-01-31,2856,2866,0.03984082337479933,1.0,0.3865266431106036,outer_05,none,0.0
2856,2022-02-01,2857,2867,0.028900598230303665,1.0,0.42414973942522505,outer_05,none,0.0
2857,2022-02-02,2858,2868,0.03422340689249026,1.0,0.4068896177457472,outer_05,none,0.0
2858,2022-02-03,2859,2869,0.05071439237029196,1.0,0.42506873781638893,outer_05,none,0.0
2859,2022-02-04,2860,2870,0.050675474894527284,1.0,0.4060003780550552,outer_05,none,0.0
2860,2022-02-07,2861,2871,0.048654190150719145,1.0,0.4323828409608686,outer_05,none,0.0
2861,2022-02-08,2862,2872,0.03928917582403635,1.0,0.43464008774467455,outer_05,none,0.0
2862,2022-02-09,2863,2873,0.0411811735447456,1.0,0.49446502331986014,outer_05,none,0.0
2863,2022-02-10,2864,2874,0.04244057795724032,1.0,0.41186110815605403,outer_05,none,0.0
2864,2022-02-11,2865,2875,0.03386760457334592,1.0,0.5407061143964293,outer_05,none,0.0
2865,2022-02-14,2866,2876,0.01996959611600513,1.0,0.6814338102113954,outer_05,none,0.0
2866,2022-02-15,2867,2877,0.046969107677381494,1.0,0.6774869147018866,outer_05,none,0.0
2867,2022-02-16,2868,2878,0.031283479279216486,1.0,0.7095563779819246,outer_05,none,0.0
2868,2022-02-17,2869,2879,0.019831645850966417,1.0,0.7887656054235236,outer_05,none,0.0
2869,2022-02-18,2870,2880,0.040245335806098126,1.0,0.7795542177171105,outer_05,none,0.0
2870,2022-02-21,2871,2881,0.04361140593173474,1.0,0.7656469793851032,outer_05,none,0.0
2871,2022-02-22,2872,2882,0.07656463384508161,1.0,0.6657612832615101,outer_05,none,0.0
2872,2022-02-23,2873,2883,0.04208060761876098,1.0,0.711641783026839,outer_05,none,0.0
2873,2022-02-24,2874,2884,0.04655220165579088,1.0,0.6850998894276611,outer_05,none,0.0
2874,2022-02-25,2875,2885,0.030744666713905744,1.0,0.611261775599118,outer_05,none,0.0
2875,2022-02-28,2876,2886,0.023297217423060346,1.0,0.47603479737465276,outer_05,none,0.0
2876,2022-03-01,2877,2887,-0.011840400916291571,0.0,0.7166907234462506,outer_05,none,0.0
2877,2022-03-02,2878,2888,-0.0018313835692378433,0.0,0.7454464885811894,outer_05,none,0.0
2878,2022-03-03,2879,2889,0.0028100841149703015,1.0,0.695451145829253,outer_05,none,0.0
2879,2022-03-04,2880,2890,-0.028452062341629336,0.0,0.7113529087792706,outer_05,none,0.0
2880,2022-03-07,2881,2891,-0.03107008520060539,0.0,0.7029156269144324,outer_05,none,0.0
2881,2022-03-08,2882,2892,-0.06486865531653141,0.0,0.7976520430000004,outer_05,none,0.0
2882,2022-03-09,2883,2893,-0.024135878842589165,0.0,0.8157132869446987,outer_05,none,0.0
2883,2022-03-10,2884,2894,-0.019443315682899254,0.0,0.8874244563777334,outer_05,none,0.0
2884,2022-03-11,2885,2895,-0.012248079606584028,0.0,0.8861517035130635,outer_05,none,0.0
2885,2022-03-14,2886,2896,-0.015961614847135763,0.0,0.9037601644651602,outer_05,none,0.0
2886,2022-03-15,2887,2897,1.0416015665981604e-05,1.0,0.8655277913482635,outer_05,none,0.0
2887,2022-03-16,2888,2898,0.0038404873462143385,1.0,0.8700058950358769,outer_05,none,0.0
2888,2022-03-17,2889,2899,-0.00258808389205889,0.0,0.8536582750972106,outer_05,none,0.0
2889,2022-03-18,2890,2900,-0.0005403748462304847,0.0,0.8669875329770428,outer_05,none,0.0
2890,2022-03-21,2891,2901,-0.0018869832229393424,0.0,0.8065063891543746,outer_05,none,0.0
2891,2022-03-22,2892,2902,0.0009208510979066276,1.0,0.7452448128300652,outer_05,none,0.0
2892,2022-03-23,2893,2903,-0.010490085725377796,0.0,0.7043839977602757,outer_05,none,0.0
2893,2022-03-24,2894,2904,-0.013967188537288955,0.0,0.6340125262288326,outer_05,none,0.0
2894,2022-03-25,2895,2905,-0.004114546838721367,0.0,0.6077016999798786,outer_05,none,0.0
2895,2022-03-28,2896,2906,0.01544440215109244,1.0,0.5955328638437118,outer_05,none,0.0
2896,2022-03-29,2897,2907,0.02401496447472873,1.0,0.6733804057924944,outer_05,none,0.0
2897,2022-03-30,2898,2908,0.02249550142125578,1.0,0.6283967096685531,outer_05,none,0.0
2898,2022-03-31,2899,2909,0.018028184623685384,1.0,0.6627752253879243,outer_05,none,0.0
2899,2022-04-01,2900,2910,0.027410913897079503,1.0,0.6901114351304065,outer_05,none,0.0
2900,2022-04-04,2901,2911,0.008927779793634905,1.0,0.6864733583468774,outer_05,none,0.0
2901,2022-04-05,2902,2912,0.01702004194974638,1.0,0.8139748082226176,outer_05,none,0.0
2902,2022-04-06,2903,2913,0.01352502059055638,1.0,0.7457525725124725,outer_05,none,0.0
2903,2022-04-07,2904,2914,0.000517539422177471,1.0,0.6925589302552547,outer_05,none,0.0
2904,2022-04-08,2905,2915,-0.02550740840197907,0.0,0.5535305185943421,outer_05,none,0.0
2905,2022-04-11,2906,2916,-0.023970253220456428,0.0,0.4191677201472784,outer_05,none,0.0
2906,2022-04-12,2907,2917,-0.04222542616160663,0.0,0.45219107421229765,outer_05,none,0.0
2907,2022-04-13,2908,2918,-0.042369413879789874,0.0,0.4697733356489104,outer_05,none,0.0
2908,2022-04-14,2909,2919,-0.03776587326493264,0.0,0.5073955949240481,outer_05,none,0.0
2909,2022-04-18,2910,2920,-0.05942940607418645,0.0,0.43069461380845403,outer_05,none,0.0
2910,2022-04-19,2911,2921,-0.04285823881965456,0.0,0.5480682950547405,outer_05,none,0.0
2911,2022-04-20,2912,2922,-0.038635004129651485,0.0,0.5320623127073943,outer_05,none,0.0
2912,2022-04-21,2913,2923,-0.03867119950003328,0.0,0.5255958425245865,outer_05,none,0.0
2913,2022-04-22,2914,2924,-0.025817826307480196,0.0,0.5921557755620087,outer_05,none,0.0
2914,2022-04-25,2915,2925,-0.02416577027898903,0.0,0.6211688585710429,outer_05,none,0.0
2915,2022-04-26,2916,2926,-0.03581147479004798,0.0,0.6213059744129189,outer_05,none,0.0
2916,2022-04-27,2917,2927,-0.018245722075574733,0.0,0.7093727300803877,outer_05,none,0.0
2917,2022-04-28,2918,2928,-0.038996371396483376,0.0,0.6936017215830925,outer_05,none,0.0
2918,2022-04-29,2919,2929,-0.04576387856437947,0.0,0.6632102704554688,outer_05,none,0.0
2919,2022-05-02,2920,2930,-0.02087165254209289,0.0,0.7140732051578221,outer_05,none,0.0
2920,2022-05-03,2921,2931,-0.02914641625901737,0.0,0.7111995508923428,outer_05,none,0.0
2921,2022-05-04,2922,2932,-0.03547493433216786,0.0,0.6174816253991742,outer_05,none,0.0
2922,2022-05-05,2923,2933,-0.01849867580661524,0.0,0.6071514186231529,outer_05,none,0.0
2923,2022-05-06,2924,2934,-0.019033594289373568,0.0,0.49824582663775613,outer_05,none,0.0
2924,2022-05-09,2925,2935,4.316717568642048e-05,1.0,0.5557283115809988,outer_05,none,0.0
2925,2022-05-10,2926,2936,0.01417866105623844,1.0,0.5947203959353138,outer_05,none,0.0
2926,2022-05-11,2927,2937,0.0007181212529623338,1.0,0.6031165232362453,outer_05,none,0.0
2927,2022-05-12,2928,2938,0.015245608713384762,1.0,0.672877715511001,outer_05,none,0.0
2928,2022-05-13,2929,2939,0.020679463900660444,1.0,0.697732480186318,outer_05,none,0.0
2929,2022-05-16,2930,2940,0.01688720862761084,1.0,0.6725710343881548,outer_05,none,0.0
2930,2022-05-17,2931,2941,0.012264984251991962,1.0,0.7412666756401309,outer_05,none,0.0
2931,2022-05-18,2932,2942,0.016826112690881523,1.0,0.7457731209369668,outer_05,none,0.0
2932,2022-05-19,2933,2943,0.014493436947194738,1.0,0.6571916200393154,outer_05,none,0.0
2933,2022-05-20,2934,2944,0.001411379411307756,1.0,0.6309492183465257,outer_05,none,0.0
2934,2022-05-23,2935,2945,-0.006773006517550861,0.0,0.5726505703583863,outer_05,none,0.0
2935,2022-05-24,2936,2946,-0.0068212648159109435,0.0,0.6031679949637538,outer_05,none,0.0
2936,2022-05-25,2937,2947,1.0794881068143525e-05,1.0,0.6685332935802861,outer_05,none,0.0
2937,2022-05-26,2938,2948,-0.0015682630108297957,0.0,0.6683690242764649,outer_05,none,0.0
2938,2022-05-27,2939,2949,0.013918153927570565,1.0,0.6756225280886873,outer_05,none,0.0
2939,2022-05-30,2940,2950,-0.022326782479744622,0.0,0.6567182618655578,outer_05,none,0.0
2940,2022-05-31,2941,2951,-0.016152709144508393,0.0,0.6846702479439154,outer_05,none,0.0
2941,2022-06-01,2942,2952,-0.007640926257395542,0.0,0.6180447814181809,outer_05,none,0.0
2942,2022-06-02,2943,2953,-0.008177609388367202,0.0,0.5200092031126191,outer_05,none,0.0
2943,2022-06-03,2944,2954,-0.007948024598760206,0.0,0.6118197341031628,outer_05,none,0.0
2944,2022-06-06,2945,2955,-0.0016419472176556482,0.0,0.5917788547189825,outer_05,none,0.0
2945,2022-06-07,2946,2956,-0.010952798004143283,0.0,0.5783355087128643,outer_05,none,0.0
2946,2022-06-08,2947,2957,-0.008439280312920516,0.0,0.5947319191441833,outer_05,none,0.0
2947,2022-06-09,2948,2958,-0.01301917309497469,0.0,0.5879617498486643,outer_05,none,0.0
2948,2022-06-10,2949,2959,-0.022822623211921744,0.0,0.5256300353544813,outer_05,none,0.0
2949,2022-06-13,2950,2960,0.004178470493858555,1.0,0.4327905956583943,outer_05,none,0.0
2950,2022-06-14,2951,2961,0.006524309980043164,1.0,0.6159921691358793,outer_05,none,0.0
2951,2022-06-15,2952,2962,-0.008271662921019995,0.0,0.5451982574894432,outer_05,none,0.0
2952,2022-06-16,2953,2963,-0.025644602614761425,0.0,0.5960332245345888,outer_05,none,0.0
2953,2022-06-17,2954,2964,-0.013434723853675834,0.0,0.6086063362511754,outer_05,none,0.0
2954,2022-06-20,2955,2965,-0.016359273365595506,0.0,0.7050875009049018,outer_05,none,0.0
2955,2022-06-21,2956,2966,-0.036830618280291993,0.0,0.7144510418311896,outer_05,none,0.0
2956,2022-06-22,2957,2967,-0.05431824267162266,0.0,0.6932396790266844,outer_05,none,0.0
2957,2022-06-23,2958,2968,-0.046714549342778966,0.0,0.7378713306690321,outer_05,none,0.0
2958,2022-06-24,2959,2969,-0.05297989429802463,0.0,0.6632060312632962,outer_05,none,0.0
2959,2022-06-27,2960,2970,-0.050108619980310465,0.0,0.583823137419093,outer_05,none,0.0
2960,2022-06-28,2961,2971,-0.05264997345967792,0.0,0.6119025645519938,outer_05,none,0.0
2961,2022-06-29,2962,2972,-0.046321226519238756,0.0,0.6400339132669597,outer_05,none,0.0
2962,2022-06-30,2963,2973,-0.057176321697509636,0.0,0.5737947701775616,outer_05,none,0.0
2963,2022-07-01,2964,2974,-0.05953800684930943,0.0,0.4802480257345346,outer_05,none,0.0
2964,2022-07-04,2965,2975,-0.05570023620575704,0.0,0.5412526500011647,outer_05,none,0.0
2965,2022-07-05,2966,2976,-0.031438242639860725,0.0,0.5833825920759153,outer_05,none,0.0
2966,2022-07-06,2967,2977,-0.025275958952602373,0.0,0.6180541274738685,outer_05,none,0.0
2967,2022-07-07,2968,2978,-0.013069133388067478,0.0,0.6667708798935056,outer_05,none,0.0
2968,2022-07-08,2969,2979,-0.008334030409852033,0.0,0.7233110731829822,outer_05,none,0.0
2969,2022-07-11,2970,2980,-0.008376151014624966,0.0,0.6708776920478804,outer_05,none,0.0
2970,2022-07-12,2971,2981,-0.004914014802428923,0.0,0.7115730363685666,outer_05,none,0.0
2971,2022-07-13,2972,2982,-0.0007377351865391901,0.0,0.7090548708763494,outer_05,none,0.0
2972,2022-07-14,2973,2983,0.028336105480955887,1.0,0.7993699057764818,outer_05,none,0.0
2973,2022-07-15,2974,2984,0.033441496607474086,1.0,0.8157392701398608,outer_05,none,0.0
2974,2022-07-18,2975,2985,0.03545181139019604,1.0,0.7495892326366287,outer_05,none,0.0
2975,2022-07-19,2976,2986,0.028694010039402862,1.0,0.7292752183709824,outer_05,none,0.0
2976,2022-07-20,2977,2987,0.03969416984123608,1.0,0.7981659382050852,outer_05,none,0.0
2977,2022-07-21,2978,2988,0.041591202500923075,1.0,0.7014486589162764,outer_05,none,0.0
2978,2022-07-22,2979,2989,0.0255589988370577,1.0,0.7207411181674996,outer_05,none,0.0
2979,2022-07-25,2980,2990,0.03972710819069469,1.0,0.7791511502494514,outer_05,none,0.0
2980,2022-07-26,2981,2991,0.043937703031420305,1.0,0.8055734259905872,outer_05,none,0.0
2981,2022-07-27,2982,2992,0.03269868368601525,1.0,0.7455105194738352,outer_05,none,0.0
2982,2022-07-28,2983,2993,0.01947538353537226,1.0,0.6851266479093935,outer_05,none,0.0
2983,2022-07-29,2984,2994,0.020832626457186976,1.0,0.6695976390319124,outer_05,none,0.0
2984,2022-08-01,2985,2995,0.004465914753497557,1.0,0.6013558828679986,outer_05,none,0.0
2985,2022-08-02,2986,2996,0.00817642001390606,1.0,0.5998152446409103,outer_05,none,0.0
2986,2022-08-03,2987,2997,-0.0016157519452972835,0.0,0.6251336058584136,outer_05,none,0.0
2987,2022-08-04,2988,2998,-0.018034850440562522,0.0,0.5805950742850702,outer_05,none,0.0
2988,2022-08-05,2989,2999,-0.014111085632076303,0.0,0.6374385599803921,outer_05,none,0.0
2989,2022-08-08,2990,3000,-0.030082704254830617,0.0,0.6328888946321755,outer_05,none,0.0
2990,2022-08-09,2991,3001,-0.026465548357279545,0.0,0.6204472678410643,outer_05,none,0.0
2991,2022-08-10,2992,3002,-0.022939038141578827,0.0,0.6214561916945788,outer_05,none,0.0
2992,2022-08-11,2993,3003,-0.01761986311592434,0.0,0.6037793089047694,outer_05,none,0.0
2993,2022-08-12,2994,3004,-0.03728684977057206,0.0,0.4881508103604593,outer_05,none,0.0
2994,2022-08-15,2995,3005,-0.02376237963861172,0.0,0.5688296409389619,outer_05,none,0.0
2995,2022-08-16,2996,3006,-0.029929758667318396,0.0,0.5955423465915313,outer_05,none,0.0
2996,2022-08-17,2997,3007,-0.029603343251409342,0.0,0.5865291559678603,outer_05,none,0.0
2997,2022-08-18,2998,3008,-0.03550764741389312,0.0,0.6042990475195769,outer_05,none,0.0
2998,2022-08-19,2999,3009,-0.020220001332365456,0.0,0.5643292565242813,outer_05,none,0.0
2999,2022-08-22,3000,3010,-0.014589395264693827,0.0,0.6246674612471691,outer_05,none,0.0
3000,2022-08-23,3001,3011,-0.026485624678060482,0.0,0.6316303397519899,outer_05,none,0.0
3001,2022-08-24,3002,3012,-0.018922809357618142,0.0,0.6174434910993389,outer_05,none,0.0
3002,2022-08-25,3003,3013,-0.028768463252769827,0.0,0.5458321474908976,outer_05,none,0.0
3003,2022-08-26,3004,3014,-0.010056445530050695,0.0,0.5724899100154761,outer_05,none,0.0
3004,2022-08-29,3005,3015,-0.007694167429439069,0.0,0.6340375985512723,outer_05,none,0.0
3005,2022-08-30,3006,3016,-0.012918325792142582,0.0,0.6202687613694453,outer_05,none,0.0
3006,2022-08-31,3007,3017,-0.007915291236622934,0.0,0.6026718333835678,outer_05,none,0.0
3007,2022-09-01,3008,3018,-0.01955277338167072,0.0,0.5256299208023485,outer_05,none,0.0
3008,2022-09-02,3009,3019,-0.021580129836941353,0.0,0.5100142652974624,outer_05,none,0.0
3009,2022-09-05,3010,3020,-0.020511389308137673,0.0,0.611180133763785,outer_05,none,0.0
3010,2022-09-06,3011,3021,-0.022111441665267684,0.0,0.5311339674546443,outer_05,none,0.0
3011,2022-09-07,3012,3022,-0.027932502579145257,0.0,0.4678905682586227,outer_05,none,0.0
3012,2022-09-08,3013,3023,-0.022023646608348102,0.0,0.5774392595610951,outer_05,none,0.0
3013,2022-09-09,3014,3024,-0.04442690091668133,0.0,0.5328226375523966,outer_05,none,0.0
3014,2022-09-12,3015,3025,-0.06040719490363511,0.0,0.5048450293439304,outer_05,none,0.0
3015,2022-09-13,3016,3026,-0.04286276052041149,0.0,0.6031047601040777,outer_05,none,0.0
3016,2022-09-14,3017,3027,-0.022543012480777058,0.0,0.5818183796342565,outer_05,none,0.0
3017,2022-09-15,3018,3028,-0.002279268373676757,0.0,0.6309435373501358,outer_05,none,0.0
3018,2022-09-16,3019,3029,-0.007069623002861292,0.0,0.6336934233002958,outer_05,none,0.0
3019,2022-09-19,3020,3030,0.013512918234437343,1.0,0.6738814627243302,outer_05,none,0.0
3020,2022-09-20,3021,3031,0.03554049420461691,1.0,0.7209079307862978,outer_05,none,0.0
3021,2022-09-21,3022,3032,0.02652337094156021,1.0,0.6399403685780798,outer_05,none,0.0
3022,2022-09-22,3023,3033,0.023842110653941262,1.0,0.6500381241401643,outer_05,none,0.0
3023,2022-09-23,3024,3034,0.031525309717782335,1.0,0.6797743234077142,outer_05,none,0.0
3024,2022-09-26,3025,3035,0.02714988910828886,1.0,0.6349316941062894,outer_05,none,0.0
3025,2022-09-27,3026,3036,0.022087204373115732,1.0,0.6502987428356608,outer_05,none,0.0
3026,2022-09-28,3027,3037,0.008614847208120224,1.0,0.48889731893428223,outer_05,none,0.0
3027,2022-09-29,3028,3038,0.003149911834150032,1.0,0.5171808792680971,outer_05,none,0.0
3028,2022-09-30,3029,3039,-0.01050459031755313,0.0,0.5502156880344181,outer_05,none,0.0
3029,2022-10-03,3030,3040,-0.02880315680741763,0.0,0.4474288735337378,outer_05,none,0.0
3030,2022-10-04,3031,3041,-0.04328326201736932,0.0,0.5719285854463501,outer_05,none,0.0
3031,2022-10-05,3032,3042,-0.05197558839437022,0.0,0.6146428313890904,outer_05,none,0.0
3032,2022-10-06,3033,3043,-0.049996939500741355,0.0,0.5802472849035969,outer_05,none,0.0
3033,2022-10-07,3034,3044,-0.021899664068898872,0.0,0.6477297505637293,outer_05,none,0.0
3034,2022-10-10,3035,3045,-0.011043175350370582,0.0,0.6812816236935667,outer_05,none,0.0
3035,2022-10-11,3036,3046,-0.008497968848851123,0.0,0.5687908000180791,outer_05,none,0.0
3036,2022-10-12,3037,3047,-0.005847129048029309,0.0,0.5423078312127467,outer_05,none,0.0
3037,2022-10-13,3038,3048,-0.0021389354337726374,0.0,0.5395678314600744,outer_05,none,0.0
3038,2022-10-14,3039,3049,-0.0017392260573316776,0.0,0.5757653777534784,outer_05,none,0.0
3039,2022-10-17,3040,3050,-0.01072701730455794,0.0,0.5108221833546175,outer_05,none,0.0
3040,2022-10-18,3041,3051,-0.0028674593545279237,0.0,0.4882091366697444,outer_05,none,0.0
3041,2022-10-19,3042,3052,0.003223298764075011,1.0,0.5809848448065555,outer_05,none,0.0
3042,2022-10-20,3043,3053,0.0003806904050600579,1.0,0.5292567227732903,outer_05,none,0.0
3043,2022-10-21,3044,3054,0.008757778967441787,1.0,0.3113979008618514,outer_05,none,0.0
3044,2022-10-24,3045,3055,0.015099393557793661,1.0,0.38064016197968065,outer_05,none,0.0
3045,2022-10-25,3046,3056,0.03570098648937847,1.0,0.4565170184679203,outer_05,none,0.0
3046,2022-10-26,3047,3057,0.024863765776407476,1.0,0.4143061597864121,outer_05,none,0.0
3047,2022-10-27,3048,3058,0.05328247308570422,1.0,0.4088729499310473,outer_05,none,0.0
3048,2022-10-28,3049,3059,0.07069807178678111,1.0,0.4633833180880255,outer_05,none,0.0
3049,2022-10-31,3050,3060,0.0810079846205003,1.0,0.5421536184662552,outer_05,none,0.0
3050,2022-11-01,3051,3061,0.07628378494017607,1.0,0.5494156400871547,outer_05,none,0.0
3051,2022-11-02,3052,3062,0.08171389910821603,1.0,0.6104513145481456,outer_05,none,0.0
3052,2022-11-03,3053,3063,0.0776858624087371,1.0,0.6064494856767901,outer_05,none,0.0
3053,2022-11-04,3054,3064,0.04481782281909208,1.0,0.2953798785705317,outer_05,none,0.0
3054,2022-11-07,3055,3065,0.037470513180319465,1.0,0.42833455218445154,outer_05,none,0.0
3055,2022-11-08,3056,3066,0.016071257208138512,1.0,0.5065504617581481,outer_05,none,0.0
3056,2022-11-09,3057,3067,0.025158232007652437,1.0,0.5317749983994493,outer_05,none,0.0
3057,2022-11-10,3058,3068,0.0007239664555402925,1.0,0.646220976436936,outer_05,none,0.0
3058,2022-11-11,3059,3069,-0.005151221583900245,0.0,0.6590058569300876,outer_05,none,0.0
3059,2022-11-14,3060,3070,-0.01742146776111131,0.0,0.6688882513347584,outer_05,none,0.0
3060,2022-11-15,3061,3071,-0.016098513021560734,0.0,0.5312385689397768,outer_05,none,0.0
3061,2022-11-16,3062,3072,-0.0025912088452439974,0.0,0.5316595061797799,outer_05,none,0.0
3062,2022-11-17,3063,3073,0.023354529686342218,1.0,0.6434126676485235,outer_05,none,0.0
3063,2022-11-18,3064,3074,0.02528368696703165,1.0,0.5375920686510659,outer_05,none,0.0
3064,2022-11-21,3065,3075,0.016726793805314166,1.0,0.49065708360563737,outer_05,none,0.0
3065,2022-11-22,3066,3076,0.017648254066727098,1.0,0.45145007542903015,outer_05,none,0.0
3066,2022-11-23,3067,3077,0.02044466376688181,1.0,0.44468604158463854,outer_05,none,0.0
3067,2022-11-24,3068,3078,0.019642163658728506,1.0,0.39600302458353726,outer_05,none,0.0
3068,2022-11-25,3069,3079,0.02402670193297407,1.0,0.33844822134209884,outer_05,none,0.0
3069,2022-11-28,3070,3080,0.02341261160771868,1.0,0.35974468237079094,outer_05,none,0.0
3070,2022-11-29,3071,3081,0.03444141293645231,1.0,0.30636505473405123,outer_05,none,0.0
3071,2022-11-30,3072,3082,0.02124711165486204,1.0,0.2558245019680891,outer_05,none,0.0
3072,2022-12-01,3073,3083,-0.01423980962761906,0.0,0.2959911555547195,outer_05,none,0.0
3073,2022-12-02,3074,3084,-0.0018781650782004888,0.0,0.3138280831108968,outer_05,none,0.0
3074,2022-12-05,3075,3085,0.010867226598104018,1.0,0.37125673777499074,outer_05,none,0.0
3075,2022-12-06,3076,3086,0.026116354077424297,1.0,0.40020798104994015,outer_05,none,0.0
3076,2022-12-07,3077,3087,0.015606956133638938,1.0,0.3868290392571775,outer_05,none,0.0
3077,2022-12-08,3078,3088,0.0021043179758244435,1.0,0.3646949898498107,outer_05,none,0.0
3078,2022-12-09,3079,3089,0.0017458900965765523,1.0,0.25621253396110305,outer_05,none,0.0
3079,2022-12-12,3080,3090,0.018268294656672346,1.0,0.34052719225968586,outer_05,none,0.0
3080,2022-12-13,3081,3091,-0.0035242570952043195,0.0,0.26974996450351785,outer_05,none,0.0
3081,2022-12-14,3082,3092,0.0041913732451117625,1.0,0.2763295339016865,outer_05,none,0.0
3082,2022-12-15,3083,3093,0.02771595116734904,1.0,0.2685667166976768,outer_05,none,0.0
3083,2022-12-16,3084,3094,0.02541319453837243,1.0,0.2733697145722837,outer_05,none,0.0
3084,2022-12-19,3085,3095,0.03678633772527551,1.0,0.32957712064514105,outer_05,none,0.0
3085,2022-12-20,3086,3096,0.007939528461347933,1.0,0.2191094931723803,outer_05,none,0.0
3086,2022-12-21,3087,3097,0.029228186350811924,1.0,0.2809289922892786,outer_05,none,0.0
3087,2022-12-22,3088,3098,0.04233213925158541,1.0,0.3582388360684161,outer_05,none,0.0
3088,2022-12-23,3089,3099,0.04183832158073564,1.0,0.354408848621518,outer_05,none,0.0
3089,2022-12-27,3090,3100,0.0329921576394403,1.0,0.3658028098462438,outer_05,none,0.0
3090,2022-12-28,3091,3101,0.04944210102667679,1.0,0.3959002440892016,outer_05,none,0.0
3091,2022-12-29,3092,3102,0.05590609468048857,1.0,0.3424266025311806,outer_05,none,0.0
3092,2022-12-30,3093,3103,0.04729861895943532,1.0,0.30066886091531153,outer_05,none,0.0
3093,2023-01-03,3094,3104,0.03708467943854821,1.0,0.2756363785987395,outer_05,none,0.0
3094,2023-01-04,3095,3105,0.026352603057872237,1.0,0.30366518868460407,outer_05,none,0.0
3095,2023-01-05,3096,3106,0.05280255165469416,1.0,0.3666077166862922,outer_05,none,0.0
3096,2023-01-06,3097,3107,0.030659378055972297,1.0,0.33094220331200164,outer_05,none,0.0
3097,2023-01-09,3098,3108,0.031518512924122,1.0,0.36280614079793894,outer_05,none,0.0
3098,2023-01-10,3099,3109,0.03150192974112098,1.0,0.4150251792316305,outer_05,none,0.0
3099,2023-01-11,3100,3110,0.0374299538689149,1.0,0.3943714411272261,outer_05,none,0.0
3100,2023-01-12,3101,3111,0.017034708017175326,1.0,0.34349452022171245,outer_05,none,0.0
3101,2023-01-13,3102,3112,0.004258766404447556,1.0,0.35951256628462586,outer_05,none,0.0
3102,2023-01-16,3103,3113,0.00414795646371946,1.0,0.4801977708134833,outer_05,none,0.0
3103,2023-01-17,3104,3114,0.010312272062398264,1.0,0.39733568466274094,outer_05,none,0.0
3104,2023-01-18,3105,3115,0.024625998361035073,1.0,0.38302132129870525,outer_05,none,0.0
3105,2023-01-19,3106,3116,-0.01025612657500119,0.0,0.34632337598426993,outer_05,none,0.0
3106,2023-01-20,3107,3117,-0.03371589375818562,0.0,0.32656747685762055,outer_05,none,0.0
3107,2023-01-23,3108,3118,-0.033369513313521004,0.0,0.25252305833186794,outer_05,none,0.0
3108,2023-01-24,3109,3119,-0.033138866210149054,0.0,0.24192017208955466,outer_05,none,0.0
3109,2023-01-25,3110,3120,-0.03733395694074293,0.0,0.2571596151870976,outer_05,none,0.0
3110,2023-01-26,3111,3121,-0.0345310304606814,0.0,0.2663964289668626,outer_05,none,0.0
3111,2023-01-27,3112,3122,-0.03297352682550425,0.0,0.3094240594617788,outer_05,none,0.0
3112,2023-01-30,3113,3123,-0.03671900883321566,0.0,0.2961803060952875,outer_05,none,0.0
3113,2023-01-31,3114,3124,-0.03915909711392196,0.0,0.25829871451801434,outer_05,none,0.0
3114,2023-02-01,3115,3125,-0.060819365779987145,0.0,0.24194846127254255,outer_05,none,0.0
3115,2023-02-02,3116,3126,-0.04029496381401909,0.0,0.23006173823154671,outer_05,none,0.0
3116,2023-02-03,3117,3127,-0.011412769605715134,0.0,0.35209835790893373,outer_05,none,0.0
3117,2023-02-06,3118,3128,-0.014068827914790916,0.0,0.4618405361127516,outer_05,none,0.0
3118,2023-02-07,3119,3129,-0.02112971137629671,0.0,0.4959498063904389,outer_05,none,0.0
3119,2023-02-08,3120,3130,-0.02669231751831269,0.0,0.5215942330970376,outer_05,none,0.0
3120,2023-02-09,3121,3131,-0.021920217324503888,0.0,0.6810657928531072,outer_05,none,0.0
3121,2023-02-10,3122,3132,-0.028316144152841893,0.0,0.6408036603665309,outer_05,none,0.0
3122,2023-02-13,3123,3133,-0.019892614998999747,0.0,0.7532906314518114,outer_05,none,0.0
3123,2023-02-14,3124,3134,-0.01486749587015801,0.0,0.7038824407288994,outer_05,none,0.0
3124,2023-02-15,3125,3135,0.0004573320201233244,1.0,0.6940654940222741,outer_05,none,0.0
3125,2023-02-16,3126,3136,-0.0001143588418335284,0.0,0.634833504672087,outer_05,none,0.0
3126,2023-02-17,3127,3137,0.0072041858607097,1.0,0.5637504592205429,outer_05,none,0.0
3127,2023-02-20,3128,3138,0.002689923093599944,1.0,0.7030325164713654,outer_05,none,0.0
3128,2023-02-21,3129,3139,-0.011401507023402147,0.0,0.6604119101271434,outer_05,none,0.0
3129,2023-02-22,3130,3140,-0.0063848124810492735,0.0,0.6914312362766939,outer_05,none,0.0
3130,2023-02-23,3131,3141,0.00487705716483422,1.0,0.6998634956993006,outer_05,none,0.0
3131,2023-02-24,3132,3142,0.03976970379222777,1.0,0.6605993306009861,outer_05,none,0.0
3132,2023-02-27,3133,3143,0.05104232186772428,1.0,0.6571144282942648,outer_05,none,0.0
3133,2023-02-28,3134,3144,0.041778719691046184,1.0,0.6353217769753882,outer_05,none,0.0
3134,2023-03-01,3135,3145,0.04373963525935043,1.0,0.6259688922505561,outer_05,none,0.0
3135,2023-03-02,3136,3146,0.04433478575365868,1.0,0.5542001095122577,outer_05,none,0.0
3136,2023-03-03,3137,3147,0.0690216346011363,1.0,0.46997730132053855,outer_05,none,0.0
3137,2023-03-06,3138,3148,0.06930839074075568,1.0,0.5751146266200935,outer_05,none,0.0
3138,2023-03-07,3139,3149,0.0670629790112045,1.0,0.6645459623440055,outer_05,none,0.0
3139,2023-03-08,3140,3150,0.08225956678424584,1.0,0.6863461588584928,outer_05,none,0.0
3140,2023-03-09,3141,3151,0.08497258458178791,1.0,0.594674065374478,outer_05,none,0.0
3141,2023-03-10,3142,3152,0.04751288282617949,1.0,0.37194569071131767,outer_05,none,0.0
3142,2023-03-13,3143,3153,0.022911551816770626,1.0,0.3164953514874846,outer_05,none,0.0
3143,2023-03-14,3144,3154,0.035639043955179694,1.0,0.4992671222291708,outer_05,none,0.0
3144,2023-03-15,3145,3155,0.022696755016405668,1.0,0.5522557361231847,outer_05,none,0.0
3145,2023-03-16,3146,3156,0.031224650654963604,1.0,0.5707962925490521,outer_05,none,0.0
3146,2023-03-17,3147,3157,-0.009934928545650479,0.0,0.6199757641333913,outer_05,none,0.0
3147,2023-03-20,3148,3158,0.0026897812162101076,1.0,0.6786756580631002,outer_05,none,0.0
3148,2023-03-21,3149,3159,0.04107271575749216,1.0,0.7498562957869537,outer_05,none,0.0
3149,2023-03-22,3150,3160,0.025597636624388187,1.0,0.7599062955648099,outer_05,none,0.0
3150,2023-03-23,3151,3161,0.0017539028825224179,1.0,0.7355498584785723,outer_05,none,0.0
3151,2023-03-24,3152,3162,0.006616283605906048,1.0,0.6498178072404228,outer_05,none,0.0
3152,2023-03-27,3153,3163,0.023487232939470637,1.0,0.6466443562575088,outer_05,none,0.0
3153,2023-03-28,3154,3164,0.02046168758114497,1.0,0.6617648460560581,outer_05,none,0.0
3154,2023-03-29,3155,3165,0.038375846471328856,1.0,0.6936211218150615,outer_05,none,0.0
3155,2023-03-30,3156,3166,0.009523570396073211,1.0,0.5989971799180904,outer_05,none,0.0
3156,2023-03-31,3157,3167,0.013983700107000452,1.0,0.4571788214129157,outer_05,none,0.0
3157,2023-04-03,3158,3168,0.010457965537911562,1.0,0.4052458614292437,outer_05,none,0.0
3158,2023-04-04,3159,3169,-0.013318787123245635,0.0,0.3912311661477889,outer_05,none,0.0
3159,2023-04-05,3160,3170,-0.008223750989725609,0.0,0.383012972162316,outer_05,none,0.0
3160,2023-04-06,3161,3171,-0.007498125428415214,0.0,0.4289355919152072,outer_05,none,0.0
3161,2023-04-10,3162,3172,-0.0009496891612590375,0.0,0.5367070129032125,outer_05,none,0.0
3162,2023-04-11,3163,3173,-0.0031400025799328546,0.0,0.43233748657783067,outer_05,none,0.0
3163,2023-04-12,3164,3174,-0.01228700764624957,0.0,0.33752219379102905,outer_05,none,0.0
3164,2023-04-13,3165,3175,-0.026165633114792364,0.0,0.3691624404203103,outer_05,none,0.0
3165,2023-04-14,3166,3176,-0.004888661295636254,0.0,0.44344362608271676,outer_05,none,0.0
3166,2023-04-17,3167,3177,-0.006356763374066432,0.0,0.567605128908514,outer_05,none,0.0
3167,2023-04-18,3168,3178,0.005436296224261561,1.0,0.5389203479742182,outer_05,none,0.0
3168,2023-04-19,3169,3179,0.03450691240301662,1.0,0.5779385155927264,outer_05,none,0.0
3169,2023-04-20,3170,3180,0.022111771032239602,1.0,0.46037755220702953,outer_05,none,0.0
3170,2023-04-21,3171,3181,0.01737260844024835,1.0,0.5390760518958029,outer_05,none,0.0
3171,2023-04-24,3172,3182,0.015954058143022642,1.0,0.5067597830230752,outer_05,none,0.0
3172,2023-04-25,3173,3183,0.018624988307312407,1.0,0.43663865944164015,outer_05,none,0.0
3173,2023-04-26,3174,3184,0.019912591664287937,1.0,0.4898913653301123,outer_05,none,0.0
3174,2023-04-27,3175,3185,0.013811242372654853,1.0,0.4044079735630849,outer_05,none,0.0
3175,2023-04-28,3176,3186,0.009255665712909256,1.0,0.3467133374034651,outer_05,none,0.0
3176,2023-05-01,3177,3187,0.017216192505495442,1.0,0.4533434368628966,outer_05,none,0.0
3177,2023-05-02,3178,3188,-0.013553536881230954,0.0,0.3300570124972884,outer_05,none,0.0
3178,2023-05-03,3179,3189,-0.04092049592640201,0.0,0.3584954414053688,outer_05,none,0.0
3179,2023-05-04,3180,3190,-0.045377027368755485,0.0,0.24916394572628336,outer_05,none,0.0
3180,2023-05-05,3181,3191,-0.019589573924810644,0.0,0.4256305481447101,outer_05,none,0.0
3181,2023-05-08,3182,3192,-0.024689149255828546,0.0,0.44863755335580824,outer_05,none,0.0
3182,2023-05-09,3183,3193,-0.029526213311302563,0.0,0.3990906743074285,outer_05,none,0.0
3183,2023-05-10,3184,3194,-0.03582369331223223,0.0,0.40284597679927286,outer_05,none,0.0
3184,2023-05-11,3185,3195,-0.0372230274556804,0.0,0.4024618208016735,outer_05,none,0.0
3185,2023-05-12,3186,3196,-0.03300830183144754,0.0,0.3877558181849604,outer_05,none,0.0
3186,2023-05-15,3187,3197,-0.03680008804946766,0.0,0.3826241865377512,outer_05,none,0.0
3187,2023-05-16,3188,3198,-0.015203812826083407,0.0,0.45637305759238533,outer_05,none,0.0
3188,2023-05-17,3189,3199,-0.00934917932419932,0.0,0.49837833366176376,outer_05,none,0.0
3189,2023-05-18,3190,3200,0.009580589002450068,1.0,0.5548120128042839,outer_05,none,0.0
3190,2023-05-19,3191,3201,-0.015442256896862183,0.0,0.42942192143952224,outer_05,none,0.0
3191,2023-05-22,3192,3202,-0.005247327367196242,0.0,0.49237712994764565,outer_05,none,0.0
3192,2023-05-23,3193,3203,-0.0059410338452421385,0.0,0.47994387835386,outer_05,none,0.0
3193,2023-05-24,3194,3204,-0.009295377721993958,0.0,0.5297331188293192,outer_05,none,0.0
3194,2023-05-25,3195,3205,0.012382521917696288,1.0,0.6120950971491256,outer_05,none,0.0
3195,2023-05-26,3196,3206,0.008900790241828993,1.0,0.5750449320130264,outer_05,none,0.0
3196,2023-05-29,3197,3207,0.0068296049787468505,1.0,0.6669319967693403,outer_05,none,0.0
3197,2023-05-30,3198,3208,-0.008031636500204442,0.0,0.4743191245305828,outer_05,none,0.0
3198,2023-05-31,3199,3209,-0.010553876914676685,0.0,0.4743066905589874,outer_05,none,0.0
3199,2023-06-01,3200,3210,-0.010086306429574421,0.0,0.46476715680439584,outer_05,none,0.0
3200,2023-06-02,3201,3211,0.005090529006731792,1.0,0.5218900991247699,outer_05,none,0.0
3201,2023-06-05,3202,3212,-0.005603057478938744,0.0,0.5338005786971648,outer_05,none,0.0
