row_id,date,entry_row_index,exit_row_index,executable_forward_log_return,executable_direction_binary,probability_up,outer_fold,selected_calibration,selected_margin
851,2014-04-25,852,862,-0.011925657004891121,0.0,0.513180826725254,outer_01,sigmoid,0.0
852,2014-04-28,853,863,-0.0005093378717919705,0.0,0.5195926326702944,outer_01,sigmoid,0.0
853,2014-04-29,854,864,-0.0008804449132240322,0.0,0.5214875903338382,outer_01,sigmoid,0.0
854,2014-04-30,855,865,0.01056124071007769,1.0,0.5170654745253401,outer_01,sigmoid,0.0
855,2014-05-01,856,866,0.008642024309389207,1.0,0.5227627590459447,outer_01,sigmoid,0.0
856,2014-05-02,857,867,-0.007847050570221725,0.0,0.5223991982514797,outer_01,sigmoid,0.0
857,2014-05-05,858,868,-0.012974318271906427,0.0,0.5126154108612629,outer_01,sigmoid,0.0
858,2014-05-06,859,869,-0.010753081049774238,0.0,0.5184901334814234,outer_01,sigmoid,0.0
859,2014-05-07,860,870,0.0016187186228968642,1.0,0.5202607239465261,outer_01,sigmoid,0.0
860,2014-05-08,861,871,0.002414955312762146,1.0,0.5244316289321974,outer_01,sigmoid,0.0
861,2014-05-09,862,872,0.002518844214080218,1.0,0.5296850912881962,outer_01,sigmoid,0.0
862,2014-05-12,863,873,-0.00250415557685546,0.0,0.5208914997945637,outer_01,sigmoid,0.0
863,2014-05-13,864,874,-0.023183780270792376,0.0,0.5294988694216736,outer_01,sigmoid,0.0
864,2014-05-14,865,875,-0.03561498874129754,0.0,0.5205882658634662,outer_01,sigmoid,0.0
865,2014-05-15,866,876,-0.031403470979451065,0.0,0.5326955991268328,outer_01,sigmoid,0.0
866,2014-05-16,867,877,-0.032586892099899956,0.0,0.5370629198683575,outer_01,sigmoid,0.0
867,2014-05-19,868,878,-0.038443982371144436,0.0,0.5377310091629823,outer_01,sigmoid,0.0
868,2014-05-20,869,879,-0.03872996777291071,0.0,0.5178458652339203,outer_01,sigmoid,0.0
869,2014-05-21,870,880,-0.037821588684635365,0.0,0.5197998924274246,outer_01,sigmoid,0.0
870,2014-05-22,871,881,-0.03149161650093024,0.0,0.5276058505279353,outer_01,sigmoid,0.0
871,2014-05-23,872,882,-0.03140367969837765,0.0,0.5299443175585516,outer_01,sigmoid,0.0
872,2014-05-26,873,883,-0.03145143200183664,0.0,0.5155112256482748,outer_01,sigmoid,0.0
873,2014-05-27,874,884,-0.004104666692691161,0.0,0.5401762452738449,outer_01,sigmoid,0.0
874,2014-05-28,875,885,0.0013331325028875796,1.0,0.537632940754438,outer_01,sigmoid,0.0
875,2014-05-29,876,886,0.013910585907186857,1.0,0.5412330384491498,outer_01,sigmoid,0.0
876,2014-05-30,877,887,0.02237966315189599,1.0,0.5374005991891017,outer_01,sigmoid,0.0
877,2014-06-02,878,888,0.021734021835732698,1.0,0.5201983107537739,outer_01,sigmoid,0.0
878,2014-06-03,879,889,0.020922196511252267,1.0,0.49430755999715376,outer_01,sigmoid,0.0
879,2014-06-04,880,890,0.0270063825842497,1.0,0.49074274404830476,outer_01,sigmoid,0.0
880,2014-06-05,881,891,0.052876916253290496,1.0,0.5049267964522083,outer_01,sigmoid,0.0
881,2014-06-06,882,892,0.04865474827124672,1.0,0.5033486695287249,outer_01,sigmoid,0.0
882,2014-06-09,883,893,0.050969816478071195,1.0,0.507145955500497,outer_01,sigmoid,0.0
883,2014-06-10,884,894,0.04558658875870414,1.0,0.5197965639949699,outer_01,sigmoid,0.0
884,2014-06-11,885,895,0.04452795686909017,1.0,0.5084709546111774,outer_01,sigmoid,0.0
885,2014-06-12,886,896,0.03325028571029609,1.0,0.5195403747870174,outer_01,sigmoid,0.0
886,2014-06-13,887,897,0.02936488828220174,1.0,0.5168252066669774,outer_01,sigmoid,0.0
887,2014-06-16,888,898,0.04269596029703493,1.0,0.5134986359508812,outer_01,sigmoid,0.0
888,2014-06-17,889,899,0.042265885528447455,1.0,0.49668886425553704,outer_01,sigmoid,0.0
889,2014-06-18,890,900,0.037487933530417905,1.0,0.49665962954696646,outer_01,sigmoid,0.0
890,2014-06-19,891,901,-0.0011660484398356985,0.0,0.4706827547047135,outer_01,sigmoid,0.0
891,2014-06-20,892,902,0.0040393664836591014,1.0,0.47567657174648026,outer_01,sigmoid,0.0
892,2014-06-23,893,903,0.0014787573551799937,1.0,0.47703339775005266,outer_01,sigmoid,0.0
893,2014-06-24,894,904,0.0008493277929817467,1.0,0.47275331096028583,outer_01,sigmoid,0.0
894,2014-06-25,895,905,0.00690093176043316,1.0,0.4792207846310538,outer_01,sigmoid,0.0
895,2014-06-26,896,906,0.014457756046778236,1.0,0.4662788161341014,outer_01,sigmoid,0.0
896,2014-06-27,897,907,0.01736462089659252,1.0,0.46353965399056635,outer_01,sigmoid,0.0
897,2014-06-30,898,908,-0.014731385513066186,0.0,0.4670004990452566,outer_01,sigmoid,0.0
898,2014-07-01,899,909,-0.023778304587311894,0.0,0.4658023033172182,outer_01,sigmoid,0.0
899,2014-07-02,900,910,-0.021585818503581322,0.0,0.46956656652349793,outer_01,sigmoid,0.0
900,2014-07-03,901,911,-0.0005759539396068547,0.0,0.472542831358896,outer_01,sigmoid,0.0
901,2014-07-04,902,912,-0.007484176767624362,0.0,0.4699815235687192,outer_01,sigmoid,0.0
902,2014-07-07,903,913,-0.0057833720622184615,0.0,0.47832935884733796,outer_01,sigmoid,0.0
903,2014-07-08,904,914,-0.009084153127727923,0.0,0.47844190956247357,outer_01,sigmoid,0.0
904,2014-07-09,905,915,-0.017721905838977925,0.0,0.4876172567429507,outer_01,sigmoid,0.0
905,2014-07-10,906,916,-0.03166706256599916,0.0,0.4782109075659974,outer_01,sigmoid,0.0
906,2014-07-11,907,917,-0.025245615793711096,0.0,0.4783946361267293,outer_01,sigmoid,0.0
907,2014-07-14,908,918,-0.002504587305793393,0.0,0.4824391114684508,outer_01,sigmoid,0.0
908,2014-07-15,909,919,0.003353651102678157,1.0,0.4971239027055581,outer_01,sigmoid,0.0
909,2014-07-16,910,920,-0.0020193151982574875,0.0,0.49425512802672417,outer_01,sigmoid,0.0
910,2014-07-17,911,921,-0.02770813890250068,0.0,0.4947630511037354,outer_01,sigmoid,0.0
911,2014-07-18,912,922,-0.012854625160604094,0.0,0.4947266860160961,outer_01,sigmoid,0.0
912,2014-07-21,913,923,-0.01837609733343637,0.0,0.49524059083802363,outer_01,sigmoid,0.0
913,2014-07-22,914,924,-0.014717819626266504,0.0,0.4945096699396224,outer_01,sigmoid,0.0
914,2014-07-23,915,925,0.0013178866686160973,1.0,0.48752641591284623,outer_01,sigmoid,0.0
915,2014-07-24,916,926,0.014127921339119887,1.0,0.48699861852008675,outer_01,sigmoid,0.0
916,2014-07-25,917,927,0.0026237197652037025,1.0,0.4877646604795937,outer_01,sigmoid,0.0
917,2014-07-28,918,928,0.003024631980172998,1.0,0.49956344788651885,outer_01,sigmoid,0.0
918,2014-07-29,919,929,0.006872510271204391,1.0,0.49222965291662246,outer_01,sigmoid,0.0
919,2014-07-30,920,930,0.012321932935797975,1.0,0.4990686762067096,outer_01,sigmoid,0.0
920,2014-07-31,921,931,0.022189478561016607,1.0,0.5046820716746094,outer_01,sigmoid,0.0
921,2014-08-01,922,932,0.006636194952363006,1.0,0.4967543600763508,outer_01,sigmoid,0.0
922,2014-08-04,923,933,0.007948761783168834,1.0,0.49649234534541414,outer_01,sigmoid,0.0
923,2014-08-05,924,934,0.005588985233432986,1.0,0.4912730694874658,outer_01,sigmoid,0.0
924,2014-08-06,925,935,-0.011730272023676491,0.0,0.49059653769795264,outer_01,sigmoid,0.0
925,2014-08-07,926,936,-0.02737696082939145,0.0,0.493180369348357,outer_01,sigmoid,0.0
926,2014-08-08,927,937,-0.023849398196641225,0.0,0.4973586097545542,outer_01,sigmoid,0.0
927,2014-08-11,928,938,-0.024668719977153586,0.0,0.498195229081627,outer_01,sigmoid,0.0
928,2014-08-12,929,939,-0.021158965861731716,0.0,0.4933094311028154,outer_01,sigmoid,0.0
929,2014-08-13,930,940,-0.023025849725009095,0.0,0.49572078867965585,outer_01,sigmoid,0.0
930,2014-08-14,931,941,-0.017058950057672995,0.0,0.5096873834268233,outer_01,sigmoid,0.0
931,2014-08-15,932,942,-0.011022778751373252,0.0,0.49521527594562925,outer_01,sigmoid,0.0
932,2014-08-18,933,943,-0.009354865748005814,0.0,0.4981434293663523,outer_01,sigmoid,0.0
933,2014-08-19,934,944,-0.023082873283497563,0.0,0.5048409076207016,outer_01,sigmoid,0.0
934,2014-08-20,935,945,-0.016679096887388667,0.0,0.5136334682129373,outer_01,sigmoid,0.0
935,2014-08-21,936,946,-0.012205314875558315,0.0,0.5233681739218193,outer_01,sigmoid,0.0
936,2014-08-22,937,947,-0.007034707778460714,0.0,0.5012170985208394,outer_01,sigmoid,0.0
937,2014-08-25,938,948,-0.015184647844273869,0.0,0.4981918486698692,outer_01,sigmoid,0.0
938,2014-08-26,939,949,-0.020763083389781833,0.0,0.4997339653500738,outer_01,sigmoid,0.0
939,2014-08-27,940,950,-0.026286844117302977,0.0,0.4983544848052107,outer_01,sigmoid,0.0
940,2014-08-28,941,951,-0.03912829426242226,0.0,0.5145468609345603,outer_01,sigmoid,0.0
941,2014-08-29,942,952,-0.046527043100261345,0.0,0.5029367255781798,outer_01,sigmoid,0.0
942,2014-09-01,943,953,-0.0427644632522286,0.0,0.49240192596692683,outer_01,sigmoid,0.0
943,2014-09-02,944,954,-0.02544988253124547,0.0,0.5247935856250521,outer_01,sigmoid,0.0
944,2014-09-03,945,955,-0.038243720894970856,0.0,0.5015103900169953,outer_01,sigmoid,0.0
945,2014-09-04,946,956,-0.028865363530576893,0.0,0.5051442645092054,outer_01,sigmoid,0.0
946,2014-09-05,947,957,-0.04296768853565158,0.0,0.5055307278447256,outer_01,sigmoid,0.0
947,2014-09-08,948,958,-0.03395587744759343,0.0,0.4946563078328915,outer_01,sigmoid,0.0
948,2014-09-09,949,959,-0.02592052875105466,0.0,0.49900273413013074,outer_01,sigmoid,0.0
949,2014-09-10,950,960,-0.026297667544964654,0.0,0.49407922045254227,outer_01,sigmoid,0.0
950,2014-09-11,951,961,-0.015790464739851018,0.0,0.5059485206098054,outer_01,sigmoid,0.0
951,2014-09-12,952,962,-0.009032155990678525,0.0,0.4976180215721336,outer_01,sigmoid,0.0
952,2014-09-15,953,963,-0.014382975596979541,0.0,0.4893372059583359,outer_01,sigmoid,0.0
953,2014-09-16,954,964,-0.021177724504715556,0.0,0.49197376440609497,outer_01,sigmoid,0.0
954,2014-09-17,955,965,-0.007129803578002303,0.0,0.47624569825513974,outer_01,sigmoid,0.0
955,2014-09-18,956,966,-0.009815456228229102,0.0,0.4849931857187802,outer_01,sigmoid,0.0
956,2014-09-19,957,967,-0.023770417182173098,0.0,0.47517427797615047,outer_01,sigmoid,0.0
957,2014-09-22,958,968,-0.007087599987883664,0.0,0.4704535020230685,outer_01,sigmoid,0.0
958,2014-09-23,959,969,-0.01100584427309137,0.0,0.47791290200313974,outer_01,sigmoid,0.0
959,2014-09-24,960,970,0.0025774902633060037,1.0,0.4699611063690791,outer_01,sigmoid,0.0
960,2014-09-25,961,971,0.0024707329043405224,1.0,0.4779099455948125,outer_01,sigmoid,0.0
961,2014-09-26,962,972,0.0075745544232113104,1.0,0.4711205648155374,outer_01,sigmoid,0.0
962,2014-09-29,963,973,0.01720254918172337,1.0,0.4776241725020624,outer_01,sigmoid,0.0
963,2014-09-30,964,974,0.019774875599854802,1.0,0.4709479717470074,outer_01,sigmoid,0.0
964,2014-10-01,965,975,0.021795384372443216,1.0,0.47896460585641787,outer_01,sigmoid,0.0
965,2014-10-02,966,976,0.020044478686707556,1.0,0.4779596760623199,outer_01,sigmoid,0.0
966,2014-10-03,967,977,0.04120229060672731,1.0,0.4787996463684029,outer_01,sigmoid,0.0
967,2014-10-06,968,978,0.03297485876380879,1.0,0.4901526735541371,outer_01,sigmoid,0.0
968,2014-10-07,969,979,0.03237244918587212,1.0,0.502510277046826,outer_01,sigmoid,0.0
969,2014-10-08,970,980,0.017625217054213493,1.0,0.5115997824094345,outer_01,sigmoid,0.0
970,2014-10-09,971,981,0.006669867509106808,1.0,0.5042302150619454,outer_01,sigmoid,0.0
971,2014-10-10,972,982,0.0010018204647259665,1.0,0.5097758213870517,outer_01,sigmoid,0.0
972,2014-10-13,973,983,-0.007960596678507237,0.0,0.49757620170426153,outer_01,sigmoid,0.0
973,2014-10-14,974,984,-0.0033895444378853057,0.0,0.4954753454376713,outer_01,sigmoid,0.0
974,2014-10-15,975,985,-0.023717946179227845,0.0,0.4813748975919758,outer_01,sigmoid,0.0
975,2014-10-16,976,986,-0.03117305978925078,0.0,0.47630560331292454,outer_01,sigmoid,0.0
976,2014-10-17,977,987,-0.058156888145830976,0.0,0.4918034054398483,outer_01,sigmoid,0.0
977,2014-10-20,978,988,-0.06763193874325424,0.0,0.49267654344959866,outer_01,sigmoid,0.0
978,2014-10-21,979,989,-0.06626430384484028,0.0,0.5033119545713305,outer_01,sigmoid,0.0
979,2014-10-22,980,990,-0.08349543285357885,0.0,0.49008542014339695,outer_01,sigmoid,0.0
980,2014-10-23,981,991,-0.07709254222120165,0.0,0.49097178462684227,outer_01,sigmoid,0.0
981,2014-10-24,982,992,-0.04489627520669792,0.0,0.49118712558402994,outer_01,sigmoid,0.0
982,2014-10-27,983,993,-0.06309930025238142,0.0,0.49314197840887924,outer_01,sigmoid,0.0
983,2014-10-28,984,994,-0.05362854364561276,0.0,0.49079309533131626,outer_01,sigmoid,0.0
984,2014-10-29,985,995,-0.04138102837012969,0.0,0.4874837103702866,outer_01,sigmoid,0.0
985,2014-10-30,986,996,-0.031952465535698416,0.0,0.48586810915008305,outer_01,sigmoid,0.0
986,2014-10-31,987,997,0.01478762156075586,1.0,0.4787289944195559,outer_01,sigmoid,0.0
987,2014-11-03,988,998,0.01819948351848133,1.0,0.4771850807514991,outer_01,sigmoid,0.0
988,2014-11-04,989,999,0.022872253206497994,1.0,0.47573328326148817,outer_01,sigmoid,0.0
989,2014-11-05,990,1000,0.03461988445101838,1.0,0.4658601939871055,outer_01,sigmoid,0.0
990,2014-11-06,991,1001,0.04487479134881589,1.0,0.4613798479895421,outer_01,sigmoid,0.0
991,2014-11-07,992,1002,0.022804114455206914,1.0,0.4877569834737894,outer_01,sigmoid,0.0
992,2014-11-10,993,1003,0.03985730972787316,1.0,0.48592749460440815,outer_01,sigmoid,0.0
993,2014-11-11,994,1004,0.03159083045394695,1.0,0.5027309038490457,outer_01,sigmoid,0.0
994,2014-11-12,995,1005,0.029992963557505803,1.0,0.49680725534833087,outer_01,sigmoid,0.0
995,2014-11-13,996,1006,0.022592910893997953,1.0,0.5057924500194343,outer_01,sigmoid,0.0
996,2014-11-14,997,1007,-0.022372144977069297,0.0,0.5180916491954419,outer_01,sigmoid,0.0
997,2014-11-17,998,1008,0.020395847211569063,1.0,0.5201185854337108,outer_01,sigmoid,0.0
998,2014-11-18,999,1009,0.0010698495708805211,1.0,0.5069372672232187,outer_01,sigmoid,0.0
999,2014-11-19,1000,1010,0.021976516345653785,1.0,0.512375182956634,outer_01,sigmoid,0.0
1000,2014-11-20,1001,1011,0.009867746570984437,1.0,0.5215529886482383,outer_01,sigmoid,0.0
1001,2014-11-21,1002,1012,-0.011888556352184665,0.0,0.5122881973813358,outer_01,sigmoid,0.0
1002,2014-11-24,1003,1013,0.004189874644206171,1.0,0.5192181806745851,outer_01,sigmoid,0.0
1003,2014-11-25,1004,1014,0.02806913862836602,1.0,0.525081918983517,outer_01,sigmoid,0.0
1004,2014-11-26,1005,1015,0.02398635936669713,1.0,0.5201397630983969,outer_01,sigmoid,0.0
1005,2014-11-27,1006,1016,0.03169796821512705,1.0,0.5195402966611947,outer_01,sigmoid,0.0
1006,2014-11-28,1007,1017,0.052970365336391545,1.0,0.5274378039816222,outer_01,sigmoid,0.0
1007,2014-12-01,1008,1018,-0.014941295873832416,0.0,0.5362870466834144,outer_01,sigmoid,0.0
1008,2014-12-02,1009,1019,-0.0012873026938624577,0.0,0.532889460050689,outer_01,sigmoid,0.0
1009,2014-12-03,1010,1020,-0.016476898927820116,0.0,0.5298096342931768,outer_01,sigmoid,0.0
1010,2014-12-04,1011,1021,-0.005743649928795058,0.0,0.5351609675903745,outer_01,sigmoid,0.0
1011,2014-12-05,1012,1022,0.005610254242154333,1.0,0.5412550044539656,outer_01,sigmoid,0.0
1012,2014-12-08,1013,1023,-0.022231449163920836,0.0,0.522988769710601,outer_01,sigmoid,0.0
1013,2014-12-09,1014,1024,-0.04897875430494647,0.0,0.5122636722231962,outer_01,sigmoid,0.0
1014,2014-12-10,1015,1025,-0.03293147321890455,0.0,0.5152496388551325,outer_01,sigmoid,0.0
1015,2014-12-11,1016,1026,-0.025660315285248814,0.0,0.5134354938379985,outer_01,sigmoid,0.0
1016,2014-12-12,1017,1027,-0.032296293328269776,0.0,0.5352502087176843,outer_01,sigmoid,0.0
1017,2014-12-15,1018,1028,0.005650015866054403,1.0,0.5369717068775739,outer_01,sigmoid,0.0
1018,2014-12-16,1019,1029,-0.007211034953306772,0.0,0.5398830502201627,outer_01,sigmoid,0.0
1019,2014-12-17,1020,1030,-0.0009004725985377604,0.0,0.5338701974554242,outer_01,sigmoid,0.0
1020,2014-12-18,1021,1031,0.00415704024659469,1.0,0.5302945136062597,outer_01,sigmoid,0.0
1021,2014-12-19,1022,1032,0.019605218929069856,1.0,0.5378390173323527,outer_01,sigmoid,0.0
1022,2014-12-22,1023,1033,0.028809766175612594,1.0,0.5350400628175898,outer_01,sigmoid,0.0
1023,2014-12-23,1024,1034,0.02597417878724695,1.0,0.5347347884526344,outer_01,sigmoid,0.0
1024,2014-12-24,1025,1035,0.031127398460512268,1.0,0.5215256255470235,outer_01,sigmoid,0.0
1025,2014-12-26,1026,1036,0.0294341195086103,1.0,0.5155173235941115,outer_01,sigmoid,0.0
1026,2014-12-29,1027,1037,0.0404739137559158,1.0,0.5460298317455194,outer_01,sigmoid,0.0
1027,2014-12-30,1028,1038,0.024240417566245398,1.0,0.5436767764026196,outer_01,sigmoid,0.0
1028,2014-12-31,1029,1039,0.06208752336615753,1.0,0.5362300231346175,outer_01,sigmoid,0.0
1029,2015-01-02,1030,1040,0.07372962799136307,1.0,0.5442286877295527,outer_01,sigmoid,0.0
1030,2015-01-05,1031,1041,0.07359953481539172,1.0,0.5412420747975132,outer_01,sigmoid,0.0
1031,2015-01-06,1032,1042,0.05923720109863062,1.0,0.5280912159510867,outer_01,sigmoid,0.0
1032,2015-01-07,1033,1043,0.07142707111483926,1.0,0.5399958012879543,outer_01,sigmoid,0.0
1033,2015-01-08,1034,1044,0.0696651092526217,1.0,0.5365986916711796,outer_01,sigmoid,0.0
1034,2015-01-09,1035,1045,0.045247191736131676,1.0,0.5401093161222597,outer_01,sigmoid,0.0
1035,2015-01-12,1036,1046,0.04789873392572375,1.0,0.5324057182476283,outer_01,sigmoid,0.0
1036,2015-01-13,1037,1047,0.04222867313145873,1.0,0.5373147608018177,outer_01,sigmoid,0.0
1037,2015-01-14,1038,1048,0.023277339318426016,1.0,0.5273540016117205,outer_01,sigmoid,0.0
1038,2015-01-15,1039,1049,0.013722058993164588,1.0,0.5074850577384276,outer_01,sigmoid,0.0
1039,2015-01-16,1040,1050,-0.0030156247763981625,0.0,0.49868751008761364,outer_01,sigmoid,0.0
1040,2015-01-19,1041,1051,-0.025818182086762675,0.0,0.5145765916959655,outer_01,sigmoid,0.0
1041,2015-01-21,1042,1052,-0.017143410821336857,0.0,0.5170987729605667,outer_01,sigmoid,0.0
1042,2015-01-22,1043,1053,-0.026299470966945293,0.0,0.5224609723009765,outer_01,sigmoid,0.0
1043,2015-01-23,1044,1054,-0.045439201522330386,0.0,0.5215344853308117,outer_01,sigmoid,0.0
1044,2015-01-26,1045,1055,-0.033307963620464065,0.0,0.5220314811717556,outer_01,sigmoid,0.0
1045,2015-01-27,1046,1056,-0.046122498509067356,0.0,0.5239453374108676,outer_01,sigmoid,0.0
1046,2015-01-28,1047,1057,-0.05303764751877882,0.0,0.5228546345308724,outer_01,sigmoid,0.0
1047,2015-01-29,1048,1058,-0.028031234757056822,0.0,0.5300297467078589,outer_01,sigmoid,0.0
1048,2015-01-30,1049,1059,-0.041524484743416856,0.0,0.5333664016533701,outer_01,sigmoid,0.0
1049,2015-02-02,1050,1060,-0.03423270330719408,0.0,0.5372048498464166,outer_01,sigmoid,0.0
1050,2015-02-03,1051,1061,-0.04278086548072135,0.0,0.539243710779251,outer_01,sigmoid,0.0
1051,2015-02-04,1052,1062,-0.04636517319988265,0.0,0.5392399990130787,outer_01,sigmoid,0.0
1052,2015-02-05,1053,1063,-0.04815454722973289,0.0,0.5370767822972514,outer_01,sigmoid,0.0
1053,2015-02-06,1054,1064,-0.028067646296980442,0.0,0.5366767719955301,outer_01,sigmoid,0.0
1054,2015-02-09,1055,1065,-0.029861770786489217,0.0,0.539883700511674,outer_01,sigmoid,0.0
1055,2015-02-10,1056,1066,-0.027005583329422933,0.0,0.5432952589250895,outer_01,sigmoid,0.0
1056,2015-02-11,1057,1067,-0.011250773862969687,0.0,0.5397547900858115,outer_01,sigmoid,0.0
1057,2015-02-12,1058,1068,-0.01141807958527874,0.0,0.5374788704778398,outer_01,sigmoid,0.0
1058,2015-02-13,1059,1069,-0.011866537847895486,0.0,0.5363404020597247,outer_01,sigmoid,0.0
1059,2015-02-16,1060,1070,-0.021307338759136485,0.0,0.5356999840864225,outer_01,sigmoid,0.0
1060,2015-02-17,1061,1071,-0.0034719811478094442,0.0,0.5357669046798222,outer_01,sigmoid,0.0
1061,2015-02-18,1062,1072,-0.010129732826452909,0.0,0.5286831819786634,outer_01,sigmoid,0.0
1062,2015-02-19,1063,1073,-0.006840148179214189,0.0,0.5311963843696661,outer_01,sigmoid,0.0
1063,2015-02-20,1064,1074,-0.02897237716696832,0.0,0.5346927014613192,outer_01,sigmoid,0.0
1064,2015-02-23,1065,1075,-0.03435600950155493,0.0,0.5307892147326558,outer_01,sigmoid,0.0
1065,2015-02-24,1066,1076,-0.03280092326534412,0.0,0.5276001196898465,outer_01,sigmoid,0.0
1066,2015-02-25,1067,1077,-0.0421486175218293,0.0,0.5301686628348161,outer_01,sigmoid,0.0
1067,2015-02-26,1068,1078,-0.046901179227988976,0.0,0.534562099182272,outer_01,sigmoid,0.0
1068,2015-02-27,1069,1079,-0.04824329391723925,0.0,0.5294371390402525,outer_01,sigmoid,0.0
1069,2015-03-02,1070,1080,-0.04342927645428318,0.0,0.5235659858809408,outer_01,sigmoid,0.0
1070,2015-03-03,1071,1081,-0.04702490790133407,0.0,0.5202479929621209,outer_01,sigmoid,0.0
1071,2015-03-04,1072,1082,-0.027493866329380445,0.0,0.5087137391195787,outer_01,sigmoid,0.0
1072,2015-03-05,1073,1083,-0.023986903760377487,0.0,0.5258582179874479,outer_01,sigmoid,0.0
1073,2015-03-06,1074,1084,0.014679661480196948,1.0,0.5230245878888343,outer_01,sigmoid,0.0
1074,2015-03-09,1075,1085,0.02382796805117504,1.0,0.5300219068945548,outer_01,sigmoid,0.0
1075,2015-03-10,1076,1086,0.02529673068026561,1.0,0.5265071626766133,outer_01,sigmoid,0.0
1076,2015-03-11,1077,1087,0.03419791308409259,1.0,0.516904796884449,outer_01,sigmoid,0.0
1077,2015-03-12,1078,1088,0.04255961441879563,1.0,0.5053923086564851,outer_01,sigmoid,0.0
1078,2015-03-13,1079,1089,0.03459035544440692,1.0,0.49534550171825126,outer_01,sigmoid,0.0
1079,2015-03-16,1080,1090,0.026831419742442186,1.0,0.5077857520281639,outer_01,sigmoid,0.0
1080,2015-03-17,1081,1091,0.029481847035476072,1.0,0.4849318054598393,outer_01,sigmoid,0.0
1081,2015-03-18,1082,1092,0.03047213880471311,1.0,0.5133298713901765,outer_01,sigmoid,0.0
1082,2015-03-19,1083,1093,0.02592817469399833,1.0,0.5143174747980345,outer_01,sigmoid,0.0
1083,2015-03-20,1084,1094,0.024853034789035,1.0,0.5240919821895941,outer_01,sigmoid,0.0
1084,2015-03-23,1085,1095,0.020789974001366396,1.0,0.5242224607817312,outer_01,sigmoid,0.0
1085,2015-03-24,1086,1096,0.01358808245223564,1.0,0.5299961884921085,outer_01,sigmoid,0.0
1086,2015-03-25,1087,1097,0.006388892086004461,1.0,0.5317212422626653,outer_01,sigmoid,0.0
1087,2015-03-26,1088,1098,-0.008112062025899647,0.0,0.5348719731927203,outer_01,sigmoid,0.0
1088,2015-03-27,1089,1099,0.008118021409879717,1.0,0.5236285081384541,outer_01,sigmoid,0.0
1089,2015-03-30,1090,1100,0.010809465536482321,1.0,0.5061394535312524,outer_01,sigmoid,0.0
1090,2015-03-31,1091,1101,0.007582520034528528,1.0,0.5070463435562994,outer_01,sigmoid,0.0
1091,2015-04-01,1092,1102,-0.0012135318586770083,0.0,0.5107093701088501,outer_01,sigmoid,0.0
1092,2015-04-02,1093,1103,-0.002074715470932631,0.0,0.5192748849405587,outer_01,sigmoid,0.0
1093,2015-04-03,1094,1104,-0.0085504851920426,0.0,0.45891361884475385,outer_01,sigmoid,0.0
1094,2015-04-06,1095,1105,-0.0148642418251006,0.0,0.5473289185753998,outer_01,sigmoid,0.0
1095,2015-04-07,1096,1106,-0.005010504314711284,0.0,0.4974260180258959,outer_01,sigmoid,0.0
1096,2015-04-08,1097,1107,-0.012768338398077006,0.0,0.4972753473835139,outer_01,sigmoid,0.0
1097,2015-04-09,1098,1108,-0.00046888999527716635,0.0,0.4940147965075151,outer_01,sigmoid,0.0
1098,2015-04-10,1099,1109,-0.02313767749059359,0.0,0.5020354469149034,outer_01,sigmoid,0.0
1099,2015-04-13,1100,1110,0.002365977693859378,1.0,0.504118173611191,outer_01,sigmoid,0.0
1100,2015-04-14,1101,1111,0.01613380859077651,1.0,0.5074295263181299,outer_01,sigmoid,0.0
1101,2015-04-15,1102,1112,0.0024919647075449802,1.0,0.5079655817193091,outer_01,sigmoid,0.0
1102,2015-04-16,1103,1113,-0.012058195921228254,0.0,0.516859937316967,outer_01,sigmoid,0.0
1103,2015-04-17,1104,1114,-0.02129898809481734,0.0,0.5231942031767912,outer_01,sigmoid,0.0
1104,2015-04-20,1105,1115,-0.006993915147377017,0.0,0.5276701460178763,outer_01,sigmoid,0.0
1105,2015-04-21,1106,1116,-0.0075799045622853,0.0,0.5256337711323583,outer_01,sigmoid,0.0
1106,2015-04-22,1107,1117,0.003345890538202667,1.0,0.5317578973773982,outer_01,sigmoid,0.0
1107,2015-04-23,1108,1118,-0.008308922656302009,0.0,0.535016018806937,outer_01,sigmoid,0.0
1108,2015-04-24,1109,1119,0.007685264455925989,1.0,0.5336573922220205,outer_01,sigmoid,0.0
1109,2015-04-27,1110,1120,-0.015048972172448494,0.0,0.53086783809157,outer_01,sigmoid,0.0
1110,2015-04-28,1111,1121,-0.015647663710030457,0.0,0.5169495951731161,outer_01,sigmoid,0.0
1111,2015-04-29,1112,1122,0.008072722738803328,1.0,0.5287219521822195,outer_01,sigmoid,0.0
1112,2015-04-30,1113,1123,0.030471026249023758,1.0,0.5338407536741938,outer_01,sigmoid,0.0
1113,2015-05-01,1114,1124,0.036490529432213314,1.0,0.5268925967154293,outer_01,sigmoid,0.0
1114,2015-05-04,1115,1125,0.030653836359488373,1.0,0.5221249611284612,outer_01,sigmoid,0.0
1115,2015-05-05,1116,1126,0.012623507486030583,1.0,0.5125837656081049,outer_01,sigmoid,0.0
1116,2015-05-06,1117,1127,0.014853345945099683,1.0,0.5110909663375374,outer_01,sigmoid,0.0
1117,2015-05-07,1118,1128,0.01850773621788182,1.0,0.51354221534934,outer_01,sigmoid,0.0
1118,2015-05-08,1119,1129,0.013570180500097173,1.0,0.502282614976273,outer_01,sigmoid,0.0
1119,2015-05-11,1120,1130,0.018960531192785623,1.0,0.504472032789919,outer_01,sigmoid,0.0
1120,2015-05-12,1121,1131,-0.005200577986421706,0.0,0.5054878762002732,outer_01,sigmoid,0.0
1121,2015-05-13,1122,1132,-0.023084831911108772,0.0,0.47302367347505225,outer_01,sigmoid,0.0
1122,2015-05-14,1123,1133,-0.02770586882067505,0.0,0.4784771175846576,outer_01,sigmoid,0.0
1123,2015-05-15,1124,1134,-0.0275635560942602,0.0,0.4810382481073204,outer_01,sigmoid,0.0
1124,2015-05-18,1125,1135,-0.029964012910104643,0.0,0.4954126506828224,outer_01,sigmoid,0.0
1125,2015-05-19,1126,1136,-0.012682166621997837,0.0,0.488607408991192,outer_01,sigmoid,0.0
1126,2015-05-20,1127,1137,-0.02014634488478695,0.0,0.4886452913825736,outer_01,sigmoid,0.0
1127,2015-05-21,1128,1138,-0.024445186165832133,0.0,0.4921017914529959,outer_01,sigmoid,0.0
1128,2015-05-22,1129,1139,-0.029393322274989586,0.0,0.4915702321284467,outer_01,sigmoid,0.0
1129,2015-05-25,1130,1140,-0.02721364961461603,0.0,0.5063979529052111,outer_01,sigmoid,0.0
1130,2015-05-26,1131,1141,-0.008782005221656952,0.0,0.5125894633961636,outer_01,sigmoid,0.0
1131,2015-05-27,1132,1142,-0.000766667687126521,0.0,0.5039074343093686,outer_01,sigmoid,0.0
1132,2015-05-28,1133,1143,-0.005165571046183537,0.0,0.5105547127924835,outer_01,sigmoid,0.0
1133,2015-05-29,1134,1144,-0.006996454461962287,0.0,0.5228068061347408,outer_01,sigmoid,0.0
1134,2015-06-01,1135,1145,-0.0028886541534562937,0.0,0.5173895197050979,outer_01,sigmoid,0.0
1135,2015-06-02,1136,1146,-0.009692340168476754,0.0,0.5248481837463621,outer_01,sigmoid,0.0
1136,2015-06-03,1137,1147,-0.0008440813520271817,0.0,0.4973923530519768,outer_01,sigmoid,0.0
1137,2015-06-04,1138,1148,0.02095730301157328,1.0,0.5050527705936843,outer_01,sigmoid,0.0
1138,2015-06-05,1139,1149,0.025909736898330316,1.0,0.5068418190862902,outer_01,sigmoid,0.0
1139,2015-06-08,1140,1150,0.009806202110953066,1.0,0.5172461323434572,outer_01,sigmoid,0.0
1140,2015-06-09,1141,1151,0.001469033801460462,1.0,0.5174197540312933,outer_01,sigmoid,0.0
1141,2015-06-10,1142,1152,-0.009841782172517632,0.0,0.5097294754619838,outer_01,sigmoid,0.0
1142,2015-06-11,1143,1153,-0.006792869859329365,0.0,0.5041721158350678,outer_01,sigmoid,0.0
1143,2015-06-12,1144,1154,0.0034453382727051007,1.0,0.49309465041657913,outer_01,sigmoid,0.0
1144,2015-06-15,1145,1155,-0.004776547401647235,0.0,0.5006441315348152,outer_01,sigmoid,0.0
1145,2015-06-16,1146,1156,-0.006494273502964276,0.0,0.502248016380757,outer_01,sigmoid,0.0
1146,2015-06-17,1147,1157,-0.013491832960003336,0.0,0.5068266528099858,outer_01,sigmoid,0.0
1147,2015-06-18,1148,1158,-0.030740462966766913,0.0,0.4870478692523276,outer_01,sigmoid,0.0
1148,2015-06-19,1149,1159,-0.02418470038997622,0.0,0.48908455760920533,outer_01,sigmoid,0.0
1149,2015-06-22,1150,1160,-0.013013821243898605,0.0,0.5141963332246137,outer_01,sigmoid,0.0
1150,2015-06-23,1151,1161,-0.021666885265005043,0.0,0.5287130232009706,outer_01,sigmoid,0.0
1151,2015-06-24,1152,1162,-0.013539427724095887,0.0,0.5344015948443408,outer_01,sigmoid,0.0
1152,2015-06-25,1153,1163,-0.012068683431686544,0.0,0.5362813262615571,outer_01,sigmoid,0.0
1153,2015-06-26,1154,1164,-0.02002638256988476,0.0,0.5184306068544204,outer_01,sigmoid,0.0
1154,2015-06-29,1155,1165,-0.018793509834203803,0.0,0.4960946247706029,outer_01,sigmoid,0.0
1155,2015-06-30,1156,1166,-0.015873008481470663,0.0,0.4865728145238806,outer_01,sigmoid,0.0
1156,2015-07-01,1157,1167,-0.016683091896418922,0.0,0.4991392519731468,outer_01,sigmoid,0.0
1157,2015-07-02,1158,1168,-0.017830104162350757,0.0,0.5161818191101752,outer_01,sigmoid,0.0
1158,2015-07-03,1159,1169,-0.03423113405071554,0.0,0.513797703935154,outer_01,sigmoid,0.0
1159,2015-07-06,1160,1170,-0.06355865109548642,0.0,0.5254822940171131,outer_01,sigmoid,0.0
1160,2015-07-07,1161,1171,-0.04485860092994809,0.0,0.5135102868366057,outer_01,sigmoid,0.0
1161,2015-07-08,1162,1172,-0.05739290720592649,0.0,0.5135139689037758,outer_01,sigmoid,0.0
1162,2015-07-09,1163,1173,-0.060795488322946234,0.0,0.5082897100377216,outer_01,sigmoid,0.0
1163,2015-07-10,1164,1174,-0.059486784969483786,0.0,0.511038581537826,outer_01,sigmoid,0.0
1164,2015-07-13,1165,1175,-0.05629274325806044,0.0,0.5144061538073441,outer_01,sigmoid,0.0
1165,2015-07-14,1166,1176,-0.05382640456883525,0.0,0.5079953007822151,outer_01,sigmoid,0.0
1166,2015-07-15,1167,1177,-0.04714185670241022,0.0,0.5099768036309852,outer_01,sigmoid,0.0
1167,2015-07-16,1168,1178,-0.05053610704491973,0.0,0.5035950248776526,outer_01,sigmoid,0.0
1168,2015-07-17,1169,1179,-0.033068875669992615,0.0,0.5184326347859319,outer_01,sigmoid,0.0
1169,2015-07-20,1170,1180,-0.01185223484280673,0.0,0.5189785103242165,outer_01,sigmoid,0.0
1170,2015-07-21,1171,1181,-0.014018686452852869,0.0,0.4964481909905669,outer_01,sigmoid,0.0
1171,2015-07-22,1172,1182,-0.008819605178927326,0.0,0.4847267561686615,outer_01,sigmoid,0.0
1172,2015-07-23,1173,1183,-0.001338835596593313,0.0,0.47676986890418194,outer_01,sigmoid,0.0
1173,2015-07-24,1174,1184,-0.002321098354537199,0.0,0.4747197558520504,outer_01,sigmoid,0.0
1174,2015-07-27,1175,1185,0.008767677811642116,1.0,0.46680361830269135,outer_01,sigmoid,0.0
1175,2015-07-28,1176,1186,0.012468853692817028,1.0,0.46244870582342695,outer_01,sigmoid,0.0
1176,2015-07-29,1177,1187,0.02624657161233479,1.0,0.4623289124918761,outer_01,sigmoid,0.0
1177,2015-07-30,1178,1188,0.0240774303442457,1.0,0.45999352354934986,outer_01,sigmoid,0.0
1178,2015-07-31,1179,1189,0.017173628979328726,1.0,0.47055141043830445,outer_01,sigmoid,0.0
1179,2015-08-03,1180,1190,0.029129683658474015,1.0,0.4694318797169233,outer_01,sigmoid,0.0
1180,2015-08-04,1181,1191,0.027834618659915655,1.0,0.46774677743945076,outer_01,sigmoid,0.0
1181,2015-08-05,1182,1192,0.04386082680246517,1.0,0.46468650888680474,outer_01,sigmoid,0.0
1182,2015-08-06,1183,1193,0.05709417803948025,1.0,0.4677313381778729,outer_01,sigmoid,0.0
1183,2015-08-07,1184,1194,0.0631744205685445,1.0,0.47506419387315674,outer_01,sigmoid,0.0
1184,2015-08-10,1185,1195,0.04354502956362083,1.0,0.48205646676950153,outer_01,sigmoid,0.0
1185,2015-08-11,1186,1196,0.028003519406880173,1.0,0.483696952633718,outer_01,sigmoid,0.0
1186,2015-08-12,1187,1197,0.000559713938605988,1.0,0.4907754688071296,outer_01,sigmoid,0.0
1187,2015-08-13,1188,1198,0.009167128817272996,1.0,0.49296005393186926,outer_01,sigmoid,0.0
1188,2015-08-14,1189,1199,0.016963052451493432,1.0,0.4929340746891632,outer_01,sigmoid,0.0
1189,2015-08-17,1190,1200,0.01527560786741855,1.0,0.494605106529461,outer_01,sigmoid,0.0
1190,2015-08-18,1191,1201,0.019232469346986747,1.0,0.49375577496066886,outer_01,sigmoid,0.0
1191,2015-08-19,1192,1202,0.00019407711979901876,1.0,0.4902410192984383,outer_01,sigmoid,0.0
1192,2015-08-20,1193,1203,-0.025197810384097963,0.0,0.4939865318644216,outer_01,sigmoid,0.0
1193,2015-08-21,1194,1204,-0.0361424546194824,0.0,0.5029231723943033,outer_01,sigmoid,0.0
1194,2015-08-24,1195,1205,-0.029294330988119732,0.0,0.49058110215045736,outer_01,sigmoid,0.0
1195,2015-08-25,1196,1206,-0.0165170247710682,0.0,0.4760203418530113,outer_01,sigmoid,0.0
1196,2015-08-26,1197,1207,-0.016938247288084796,0.0,0.47370893304949896,outer_01,sigmoid,0.0
1197,2015-08-27,1198,1208,-0.01289544268451337,0.0,0.47790878900604233,outer_01,sigmoid,0.0
1198,2015-08-28,1199,1209,-0.02349731746759165,0.0,0.48196590116518184,outer_01,sigmoid,0.0
1199,2015-08-31,1200,1210,-0.023299479801785594,0.0,0.4772386612214812,outer_01,sigmoid,0.0
1200,2015-09-01,1201,1211,-0.03069324266985074,0.0,0.4824435587740885,outer_01,sigmoid,0.0
1201,2015-09-02,1202,1212,-0.012845899251721526,0.0,0.4768325774483466,outer_01,sigmoid,0.0
1202,2015-09-03,1203,1213,0.005133058252585698,1.0,0.47623584366867633,outer_01,sigmoid,0.0
1203,2015-09-04,1204,1214,0.014252484748541683,1.0,0.48038275643830514,outer_01,sigmoid,0.0
1204,2015-09-07,1205,1215,0.011344390942427118,1.0,0.4940519990890643,outer_01,sigmoid,0.0
1205,2015-09-08,1206,1216,0.002813342073908487,1.0,0.4949758645860239,outer_01,sigmoid,0.0
1206,2015-09-09,1207,1217,0.021219011244450137,1.0,0.48768903233607214,outer_01,sigmoid,0.0
1207,2015-09-10,1208,1218,0.03408304845461174,1.0,0.49366052067474986,outer_01,sigmoid,0.0
1208,2015-09-11,1209,1219,0.033641759691436235,1.0,0.49055300465229495,outer_01,sigmoid,0.0
1209,2015-09-14,1210,1220,0.021014127555689655,1.0,0.49538716670575034,outer_01,sigmoid,0.0
1210,2015-09-15,1211,1221,0.01970043690901324,1.0,0.4902743953885527,outer_01,sigmoid,0.0
1211,2015-09-16,1212,1222,-0.0032665582995843323,0.0,0.5139414630460368,outer_01,sigmoid,0.0
1212,2015-09-17,1213,1223,-0.015505844538188818,0.0,0.5019397287019567,outer_01,sigmoid,0.0
1213,2015-09-18,1214,1224,-0.002047551343902221,0.0,0.5080748038968308,outer_01,sigmoid,0.0
1214,2015-09-21,1215,1225,0.0023627125750369515,1.0,0.504138772829113,outer_01,sigmoid,0.0
1215,2015-09-22,1216,1226,0.01948356543993235,1.0,0.5012626722494548,outer_01,sigmoid,0.0
1216,2015-09-23,1217,1227,0.012628638576858364,1.0,0.49640422274754664,outer_01,sigmoid,0.0
1217,2015-09-24,1218,1228,-0.00925499612445524,0.0,0.4926474270001527,outer_01,sigmoid,0.0
1218,2015-09-25,1219,1229,0.009125895523667715,1.0,0.49984364730508596,outer_01,sigmoid,0.0
1219,2015-09-28,1220,1230,0.02745507946263359,1.0,0.5015428346419172,outer_01,sigmoid,0.0
1220,2015-09-29,1221,1231,0.035580336892114595,1.0,0.5039777783988176,outer_01,sigmoid,0.0
1221,2015-09-30,1222,1232,0.05999799258635896,1.0,0.5104746132122626,outer_01,sigmoid,0.0
1222,2015-10-01,1223,1233,0.05976843294595735,1.0,0.5142832978046264,outer_01,sigmoid,0.0
1223,2015-10-02,1224,1234,0.034378223355546744,1.0,0.5019520236139404,outer_01,sigmoid,0.0
1224,2015-10-05,1225,1235,0.02982473276121933,1.0,0.5070011392309913,outer_01,sigmoid,0.0
1225,2015-10-06,1226,1236,0.02519159353793121,1.0,0.4944773865624293,outer_01,sigmoid,0.0
1226,2015-10-07,1227,1237,0.0194842524676746,1.0,0.4983053608870667,outer_01,sigmoid,0.0
1227,2015-10-08,1228,1238,0.02346352260494733,1.0,0.5114979382662816,outer_01,sigmoid,0.0
1228,2015-10-09,1229,1239,0.006098184704414145,1.0,0.4897996805374225,outer_01,sigmoid,0.0
1229,2015-10-12,1230,1240,0.0002320275349747547,1.0,0.48235944520055035,outer_01,sigmoid,0.0
1230,2015-10-13,1231,1241,-0.0008307675656276103,0.0,0.47988311548478774,outer_01,sigmoid,0.0
1231,2015-10-14,1232,1242,-0.0232043239137516,0.0,0.47136663983901345,outer_01,sigmoid,0.0
1232,2015-10-15,1233,1243,-0.03129524630110314,0.0,0.476484532664169,outer_01,sigmoid,0.0
1233,2015-10-16,1234,1244,-0.030278543743858854,0.0,0.4823349166252231,outer_01,sigmoid,0.0
1234,2015-10-19,1235,1245,-0.03150803454454909,0.0,0.4815830132135319,outer_01,sigmoid,0.0
1235,2015-10-20,1236,1246,-0.05064064117708611,0.0,0.4783852568671163,outer_01,sigmoid,0.0
1236,2015-10-21,1237,1247,-0.05246505377064903,0.0,0.48434955510364186,outer_01,sigmoid,0.0
1237,2015-10-22,1238,1248,-0.054141075722244025,0.0,0.4989127580355724,outer_01,sigmoid,0.0
1238,2015-10-23,1239,1249,-0.06443648260245816,0.0,0.48976064307572126,outer_01,sigmoid,0.0
1239,2015-10-26,1240,1250,-0.06342382115379941,0.0,0.4913615928127105,outer_01,sigmoid,0.0
1240,2015-10-27,1241,1251,-0.06846300920815107,0.0,0.49270143049420934,outer_01,sigmoid,0.0
1241,2015-10-28,1242,1252,-0.06318866894143227,0.0,0.4771477012079543,outer_01,sigmoid,0.0
1242,2015-10-29,1243,1253,-0.05438344582338228,0.0,0.48711057208019043,outer_01,sigmoid,0.0
1243,2015-10-30,1244,1254,-0.04785713774911482,0.0,0.5058492167232833,outer_01,sigmoid,0.0
1244,2015-11-02,1245,1255,-0.04498474417834153,0.0,0.5180363424600005,outer_01,sigmoid,0.0
1245,2015-11-03,1246,1256,-0.042514897099323434,0.0,0.5273810114010864,outer_01,sigmoid,0.0
1246,2015-11-04,1247,1257,-0.033377572458573646,0.0,0.5253973549685532,outer_01,sigmoid,0.0
1247,2015-11-05,1248,1258,-0.020719257494666188,0.0,0.5301617709037197,outer_01,sigmoid,0.0
1248,2015-11-06,1249,1259,-0.013090545486351246,0.0,0.5248629865049692,outer_01,sigmoid,0.0
1249,2015-11-09,1250,1260,-0.021468987850318477,0.0,0.5055649734638067,outer_01,sigmoid,0.0
1250,2015-11-10,1251,1261,-0.013105282296975496,0.0,0.5169466737664798,outer_01,sigmoid,0.0
1251,2015-11-11,1252,1262,-0.014200676143558688,0.0,0.5170394727780181,outer_01,sigmoid,0.0
1252,2015-11-12,1253,1263,-0.012277830005829493,0.0,0.5065904377069474,outer_01,sigmoid,0.0
1253,2015-11-13,1254,1264,-0.027787848307978535,0.0,0.5008741708114945,outer_01,sigmoid,0.0
1254,2015-11-16,1255,1265,-0.01772313756911892,0.0,0.507415020197805,outer_01,sigmoid,0.0
1255,2015-11-17,1256,1266,-0.002522847108136439,0.0,0.5234259623855123,outer_01,sigmoid,0.0
1256,2015-11-18,1257,1267,-0.01668422683628279,0.0,0.49909049560978136,outer_01,sigmoid,0.0
1257,2015-11-19,1258,1268,-0.017294452724391007,0.0,0.5005122975717091,outer_01,sigmoid,0.0
1258,2015-11-20,1259,1269,0.008024217384162036,1.0,0.5022581141121457,outer_01,sigmoid,0.0
1259,2015-11-23,1260,1270,0.0017663308377811049,1.0,0.4899282480894556,outer_01,sigmoid,0.0
1260,2015-11-24,1261,1271,-0.0010789594669704528,0.0,0.4948117068647002,outer_01,sigmoid,0.0
1261,2015-11-25,1262,1272,0.0009517678405117636,1.0,0.49889359054219434,outer_01,sigmoid,0.0
1262,2015-11-26,1263,1273,-9.330490644110512e-06,0.0,0.4842158694013912,outer_01,sigmoid,0.0
1263,2015-11-27,1264,1274,0.014474856505128919,1.0,0.48947751758625446,outer_01,sigmoid,0.0
1264,2015-11-30,1265,1275,-0.0034337300961695405,0.0,0.4825835686232481,outer_01,sigmoid,0.0
1265,2015-12-01,1266,1276,-0.007192249136148909,0.0,0.4941479219821153,outer_01,sigmoid,0.0
1266,2015-12-02,1267,1277,0.017057441242958937,1.0,0.48879637704631046,outer_01,sigmoid,0.0
1267,2015-12-03,1268,1278,-0.011758330972178932,0.0,0.5045644216431825,outer_01,sigmoid,0.0
1268,2015-12-04,1269,1279,-0.01735066632287907,0.0,0.520744610917972,outer_01,sigmoid,0.0
1269,2015-12-07,1270,1280,0.006607687069503321,1.0,0.5213250316321321,outer_01,sigmoid,0.0
1270,2015-12-08,1271,1281,-0.0015460560032192205,0.0,0.522240720890395,outer_01,sigmoid,0.0
1271,2015-12-09,1272,1282,-0.0017175719254920452,0.0,0.5158543218619274,outer_01,sigmoid,0.0
1272,2015-12-10,1273,1283,0.00382751525424041,1.0,0.5106541629687498,outer_01,sigmoid,0.0
1273,2015-12-11,1274,1284,-0.004592730661276079,0.0,0.5183248014351315,outer_01,sigmoid,0.0
1274,2015-12-14,1275,1285,0.00737033714259816,1.0,0.5031049220661059,outer_01,sigmoid,0.0
1275,2015-12-15,1276,1286,0.00015075992452828757,1.0,0.5034018055891692,outer_01,sigmoid,0.0
1276,2015-12-16,1277,1287,-0.0066359604257666405,0.0,0.5145332398500041,outer_01,sigmoid,0.0
1277,2015-12-17,1278,1288,0.020932277830716828,1.0,0.5168991754356436,outer_01,sigmoid,0.0
1278,2015-12-18,1279,1289,0.010812126355772556,1.0,0.5255951300725866,outer_01,sigmoid,0.0
1279,2015-12-21,1280,1290,0.014302732709593258,1.0,0.5332711596241556,outer_01,sigmoid,0.0
1280,2015-12-22,1281,1291,0.03277869794275201,1.0,0.533208766704515,outer_01,sigmoid,0.0
1281,2015-12-23,1282,1292,0.03401988492092212,1.0,0.528136863233445,outer_01,sigmoid,0.0
1282,2015-12-24,1283,1293,0.017807522447852442,1.0,0.5224991462264447,outer_01,sigmoid,0.0
1283,2015-12-28,1284,1294,0.017326569206747244,1.0,0.5207903479547863,outer_01,sigmoid,0.0
1284,2015-12-29,1285,1295,0.022412777694307273,1.0,0.5149725371569243,outer_01,sigmoid,0.0
1285,2015-12-30,1286,1296,0.01575100684167463,1.0,0.5088890248109088,outer_01,sigmoid,0.0
1286,2015-12-31,1287,1297,0.02344401160364029,1.0,0.5088096710597019,outer_01,sigmoid,0.0
1287,2016-01-04,1288,1298,0.015056374837097763,1.0,0.5337132391022108,outer_01,sigmoid,0.0
1288,2016-01-05,1289,1299,0.009254194382312342,1.0,0.5279217063940199,outer_01,sigmoid,0.0
1289,2016-01-06,1290,1300,0.006689414879796907,1.0,0.5088899780546897,outer_01,sigmoid,0.0
1290,2016-01-07,1291,1301,-0.00678815498600116,0.0,0.5086599354842372,outer_01,sigmoid,0.0
1291,2016-01-08,1292,1302,-0.008770514197500745,0.0,0.513956172788971,outer_01,sigmoid,0.0
1292,2016-01-11,1293,1303,0.011863353639103735,1.0,0.5088476942754852,outer_01,sigmoid,0.0
1293,2016-01-12,1294,1304,0.029349514134630716,1.0,0.5090715051399224,outer_01,sigmoid,0.0
1294,2016-01-13,1295,1305,0.029143809780421748,1.0,0.5009359122126125,outer_01,sigmoid,0.0
1295,2016-01-14,1296,1306,0.033838791951264824,1.0,0.499034230342961,outer_01,sigmoid,0.0
1296,2016-01-15,1297,1307,0.02331927970091563,1.0,0.513366438821974,outer_01,sigmoid,0.0
1297,2016-01-18,1298,1308,0.0348624488642022,1.0,0.49635606171058494,outer_01,sigmoid,0.0
1298,2016-01-19,1299,1309,0.036422801368903635,1.0,0.5171944449611776,outer_01,sigmoid,0.0
1299,2016-01-20,1300,1310,0.03624047086982962,1.0,0.5197568567662326,outer_01,sigmoid,0.0
1300,2016-01-21,1301,1311,0.04820530710532012,1.0,0.5209090143391358,outer_01,sigmoid,0.0
1301,2016-01-22,1302,1312,0.062442231280353866,1.0,0.5134829391372434,outer_01,sigmoid,0.0
1302,2016-01-25,1303,1313,0.07173335465458397,1.0,0.5088310448841596,outer_01,sigmoid,0.0
1303,2016-01-26,1304,1314,0.06024477871386136,1.0,0.49793452122155735,outer_01,sigmoid,0.0
1304,2016-01-27,1305,1315,0.061294907073234484,1.0,0.4868061995955336,outer_01,sigmoid,0.0
1305,2016-01-28,1306,1316,0.11232784007957619,1.0,0.49421224689320997,outer_01,sigmoid,0.0
1306,2016-01-29,1307,1317,0.09901345705014464,1.0,0.5001326074885716,outer_01,sigmoid,0.0
1307,2016-02-01,1308,1318,0.06932612564596319,1.0,0.4950149509856495,outer_01,sigmoid,0.0
1308,2016-02-02,1309,1319,0.06388345608148427,1.0,0.5028807034695274,outer_01,sigmoid,0.0
1309,2016-02-03,1310,1320,0.05657862959982651,1.0,0.4866244206329054,outer_01,sigmoid,0.0
1310,2016-02-04,1311,1321,0.06334243614330948,1.0,0.4886301160106716,outer_01,sigmoid,0.0
1311,2016-02-05,1312,1322,0.0471888932521205,1.0,0.48829046408772425,outer_01,sigmoid,0.0
1312,2016-02-08,1313,1323,0.01532689655499464,1.0,0.5016513416574477,outer_01,sigmoid,0.0
1313,2016-02-09,1314,1324,0.03113922945214842,1.0,0.5000107420754781,outer_01,sigmoid,0.0
1314,2016-02-10,1315,1325,0.024816520852765755,1.0,0.5038880911501208,outer_01,sigmoid,0.0
1315,2016-02-11,1316,1326,-0.012563364265001375,0.0,0.49822662340380997,outer_01,sigmoid,0.0
1316,2016-02-12,1317,1327,-0.010624421637682069,0.0,0.5339046221472931,outer_01,sigmoid,0.0
1317,2016-02-15,1318,1328,0.024501758765059556,1.0,0.5425611713453907,outer_01,sigmoid,0.0
1318,2016-02-16,1319,1329,0.023675142002440808,1.0,0.5388721305421867,outer_01,sigmoid,0.0
1319,2016-02-17,1320,1330,0.02730567366875203,1.0,0.5379618749754432,outer_01,sigmoid,0.0
1320,2016-02-18,1321,1331,0.025123241269328744,1.0,0.5404646312098493,outer_01,sigmoid,0.0
1321,2016-02-19,1322,1332,0.028069504664584244,1.0,0.5442053453606126,outer_01,sigmoid,0.0
1322,2016-02-22,1323,1333,0.046342553211719206,1.0,0.3245607658989023,outer_02,none,0.0
1323,2016-02-23,1324,1334,0.027792067770258555,1.0,0.31646652880762377,outer_02,none,0.0
1324,2016-02-24,1325,1335,0.020900219931174746,1.0,0.22048037492546002,outer_02,none,0.0
1325,2016-02-25,1326,1336,0.030031230754168803,1.0,0.11133721752001369,outer_02,none,0.0
1326,2016-02-26,1327,1337,0.02628044479773184,1.0,0.16479235315099613,outer_02,none,0.0
1327,2016-02-29,1328,1338,-0.003128248510416931,0.0,0.12136058104452273,outer_02,none,0.0
1328,2016-03-01,1329,1339,0.0011606531802552666,1.0,0.12228170506286085,outer_02,none,0.0
1329,2016-03-02,1330,1340,0.014403006379025918,1.0,0.10827016750316741,outer_02,none,0.0
1330,2016-03-03,1331,1341,-0.0029352753655604857,0.0,0.08516958932070716,outer_02,none,0.0
1331,2016-03-04,1332,1342,-0.004168097859657216,0.0,0.10108418289688793,outer_02,none,0.0
1332,2016-03-07,1333,1343,-0.018207746859342677,0.0,0.09118097984051726,outer_02,none,0.0
1333,2016-03-08,1334,1344,-0.011070797277253241,0.0,0.08492124795449502,outer_02,none,0.0
1334,2016-03-09,1335,1345,-0.024313303998933833,0.0,0.1239045936633769,outer_02,none,0.0
1335,2016-03-10,1336,1346,-0.044778252740007574,0.0,0.06852132471907375,outer_02,none,0.0
1336,2016-03-11,1337,1347,-0.024788506723322,0.0,0.11695085274037313,outer_02,none,0.0
1337,2016-03-14,1338,1348,0.005031121938825933,1.0,0.1723470383548818,outer_02,none,0.0
1338,2016-03-15,1339,1349,-0.0056373007345191795,0.0,0.16072427869374614,outer_02,none,0.0
1339,2016-03-16,1340,1350,-0.022401399208346717,0.0,0.06602432483304728,outer_02,none,0.0
1340,2016-03-17,1341,1351,-0.030966822623719636,0.0,0.058067262273387016,outer_02,none,0.0
1341,2016-03-18,1342,1352,-0.0314568999670195,0.0,0.07250301893971818,outer_02,none,0.0
1342,2016-03-21,1343,1353,-0.01063882822465434,0.0,0.09659486785728674,outer_02,none,0.0
1343,2016-03-22,1344,1354,-0.020051913005744382,0.0,0.10890824925644225,outer_02,none,0.0
1344,2016-03-23,1345,1355,0.01361526812323266,1.0,0.11860285228165943,outer_02,none,0.0
1345,2016-03-24,1346,1356,0.02479102839723435,1.0,0.14016346080619274,outer_02,none,0.0
1346,2016-03-28,1347,1357,0.028545106118737174,1.0,0.19283229074762928,outer_02,none,0.0
1347,2016-03-29,1348,1358,0.011381644112226752,1.0,0.12457851517078125,outer_02,none,0.0
1348,2016-03-30,1349,1359,0.013434658447446957,1.0,0.15255891993945714,outer_02,none,0.0
1349,2016-03-31,1350,1360,-0.0034161372346375174,0.0,0.12706989805524949,outer_02,none,0.0
1350,2016-04-01,1351,1361,0.011698898377554556,1.0,0.14713424352004326,outer_02,none,0.0
1351,2016-04-04,1352,1362,0.013132116791596538,1.0,0.16932906580394327,outer_02,none,0.0
1352,2016-04-05,1353,1363,0.015548073382677607,1.0,0.08796129676817512,outer_02,none,0.0
1353,2016-04-06,1354,1364,0.016881116968494148,1.0,0.1289923570166051,outer_02,none,0.0
1354,2016-04-07,1355,1365,0.006666610940091466,1.0,0.04912103174542519,outer_02,none,0.0
1355,2016-04-08,1356,1366,-0.010141386876950875,0.0,0.047485518033713967,outer_02,none,0.0
1356,2016-04-11,1357,1367,-0.014691641088653284,0.0,0.04266364500017118,outer_02,none,0.0
1357,2016-04-12,1358,1368,-0.010254529647153454,0.0,0.04280522098635266,outer_02,none,0.0
1358,2016-04-13,1359,1369,0.0023876240827833684,1.0,0.05896349277022337,outer_02,none,0.0
1359,2016-04-14,1360,1370,0.030949408005105816,1.0,0.07760123641284748,outer_02,none,0.0
1360,2016-04-15,1361,1371,0.045898746292080794,1.0,0.08232339399485834,outer_02,none,0.0
1361,2016-04-18,1362,1372,0.04780890300582019,1.0,0.06368874423594703,outer_02,none,0.0
1362,2016-04-19,1363,1373,0.028283342979741555,1.0,0.0424516841727545,outer_02,none,0.0
1363,2016-04-20,1364,1374,0.028416069092032537,1.0,0.046148068983699116,outer_02,none,0.0
1364,2016-04-21,1365,1375,0.023627418344036144,1.0,0.06170535075272438,outer_02,none,0.0
1365,2016-04-22,1366,1376,0.04131074880050001,1.0,0.10311960536297704,outer_02,none,0.0
1366,2016-04-25,1367,1377,0.020945183042090143,1.0,0.09684200592069372,outer_02,none,0.0
1367,2016-04-26,1368,1378,0.01853477111254076,1.0,0.07239021008267699,outer_02,none,0.0
1368,2016-04-27,1369,1379,0.025440451820220922,1.0,0.08734984460104037,outer_02,none,0.0
1369,2016-04-28,1370,1380,-0.0014624335124233667,0.0,0.0710687170535561,outer_02,none,0.0
1370,2016-04-29,1371,1381,-0.015538032310444372,0.0,0.22406748528119455,outer_02,none,0.0
1371,2016-05-02,1372,1382,-0.014036712850030497,0.0,0.3081955075442656,outer_02,none,0.0
1372,2016-05-03,1373,1383,-0.0041000595276328156,0.0,0.3556177166135071,outer_02,none,0.0
1373,2016-05-04,1374,1384,-0.01653933102053351,0.0,0.3876640775909298,outer_02,none,0.0
1374,2016-05-05,1375,1385,-0.017227920605830782,0.0,0.4530584225500537,outer_02,none,0.0
1375,2016-05-06,1376,1386,-0.026712655069503377,0.0,0.3114085586289086,outer_02,none,0.0
1376,2016-05-09,1377,1387,-0.012169986679675837,0.0,0.30534090961987637,outer_02,none,0.0
1377,2016-05-10,1378,1388,-0.03095457549453773,0.0,0.31823884355771265,outer_02,none,0.0
1378,2016-05-11,1379,1389,-0.0432796954666852,0.0,0.35980376054312024,outer_02,none,0.0
1379,2016-05-12,1380,1390,-0.03539508527615087,0.0,0.29311765658585326,outer_02,none,0.0
1380,2016-05-13,1381,1391,-0.04811742237969696,0.0,0.2776563844212098,outer_02,none,0.0
1381,2016-05-16,1382,1392,-0.05402012957488722,0.0,0.3465726091455881,outer_02,none,0.0
1382,2016-05-17,1383,1393,-0.05149557323209386,0.0,0.36712900516483515,outer_02,none,0.0
1383,2016-05-18,1384,1394,-0.037059110942451845,0.0,0.29061171626600224,outer_02,none,0.0
1384,2016-05-19,1385,1395,-0.03678450721616233,0.0,0.3041479153475743,outer_02,none,0.0
1385,2016-05-20,1386,1396,-0.005083520011928577,0.0,0.3192503270800184,outer_02,none,0.0
1386,2016-05-23,1387,1397,-0.0030477069562762082,0.0,0.27518096347712423,outer_02,none,0.0
1387,2016-05-24,1388,1398,0.01388315652297667,1.0,0.18984675797949113,outer_02,none,0.0
1388,2016-05-25,1389,1399,0.03076323685694149,1.0,0.22686471875165654,outer_02,none,0.0
1389,2016-05-26,1390,1400,0.03949240012617494,1.0,0.20343176250012374,outer_02,none,0.0
1390,2016-05-27,1391,1401,0.04966409165768226,1.0,0.23892584598669486,outer_02,none,0.0
1391,2016-05-30,1392,1402,0.06119949518961487,1.0,0.27351049213167,outer_02,none,0.0
1392,2016-05-31,1393,1403,0.055043183098348436,1.0,0.30969714710239915,outer_02,none,0.0
1393,2016-06-01,1394,1404,0.06413185143976019,1.0,0.328113404036986,outer_02,none,0.0
1394,2016-06-02,1395,1405,0.05517809780342553,1.0,0.27373193241615174,outer_02,none,0.0
1395,2016-06-03,1396,1406,0.033274613497543015,1.0,0.2424661052626929,outer_02,none,0.0
1396,2016-06-06,1397,1407,0.03534555815693352,1.0,0.3522967872283568,outer_02,none,0.0
1397,2016-06-07,1398,1408,0.019863593237740673,1.0,0.29806461208979634,outer_02,none,0.0
1398,2016-06-08,1399,1409,0.0015365487709129155,1.0,0.3765936801869608,outer_02,none,0.0
1399,2016-06-09,1400,1410,-0.012869231223928246,0.0,0.4199193660489742,outer_02,none,0.0
1400,2016-06-10,1401,1411,0.039546832789584485,1.0,0.3905643171100525,outer_02,none,0.0
1401,2016-06-13,1402,1412,0.03128395339709655,1.0,0.3936560694912922,outer_02,none,0.0
1402,2016-06-14,1403,1413,0.020796695080349537,1.0,0.40778845968823946,outer_02,none,0.0
1403,2016-06-15,1404,1414,0.018730510547437795,1.0,0.44524945901572244,outer_02,none,0.0
1404,2016-06-16,1405,1415,0.03352148915629627,1.0,0.4276498565269002,outer_02,none,0.0
1405,2016-06-17,1406,1416,0.04077191901041921,1.0,0.3855930064303577,outer_02,none,0.0
1406,2016-06-20,1407,1417,0.04508634183626459,1.0,0.44612578489854304,outer_02,none,0.0
1407,2016-06-21,1408,1418,0.06652290491484703,1.0,0.458075774614161,outer_02,none,0.0
1408,2016-06-22,1409,1419,0.07546265599029489,1.0,0.4141210696792096,outer_02,none,0.0
1409,2016-06-23,1410,1420,0.08132306926987543,1.0,0.38003443740988835,outer_02,none,0.0
1410,2016-06-24,1411,1421,0.031414252712787416,1.0,0.1997689770352343,outer_02,none,0.0
1411,2016-06-27,1412,1422,0.023253997364954593,1.0,0.5844266450661766,outer_02,none,0.0
1412,2016-06-28,1413,1423,0.01666887946891027,1.0,0.646954574341005,outer_02,none,0.0
1413,2016-06-29,1414,1424,0.019026715188394938,1.0,0.5782737263237125,outer_02,none,0.0
1414,2016-06-30,1415,1425,0.009631521129332299,1.0,0.4693148153712678,outer_02,none,0.0
1415,2016-07-01,1416,1426,-0.00411412396044053,0.0,0.46763910856978197,outer_02,none,0.0
1416,2016-07-04,1417,1427,-0.01573223949457958,0.0,0.5349469373217716,outer_02,none,0.0
1417,2016-07-05,1418,1428,-0.018415603542797143,0.0,0.4138668118851239,outer_02,none,0.0
1418,2016-07-06,1419,1429,-0.0364029808108155,0.0,0.43739259988084583,outer_02,none,0.0
1419,2016-07-07,1420,1430,-0.02109332679851761,0.0,0.3519121534979563,outer_02,none,0.0
1420,2016-07-08,1421,1431,-0.034692349821750845,0.0,0.24535968904452835,outer_02,none,0.0
1421,2016-07-11,1422,1432,-0.02993771388696853,0.0,0.41666360979610906,outer_02,none,0.0
1422,2016-07-12,1423,1433,-0.011013435107160241,0.0,0.41791954489699223,outer_02,none,0.0
1423,2016-07-13,1424,1434,-0.0033714517975722558,0.0,0.3314261456513852,outer_02,none,0.0
1424,2016-07-14,1425,1435,-7.488533183774848e-06,0.0,0.31923533999898096,outer_02,none,0.0
1425,2016-07-15,1426,1436,0.012291939383374029,1.0,0.2612404952144566,outer_02,none,0.0
1426,2016-07-18,1427,1437,0.018559525408941013,1.0,0.3476590882522555,outer_02,none,0.0
1427,2016-07-19,1428,1438,0.02300367820638982,1.0,0.3528660760919944,outer_02,none,0.0
1428,2016-07-20,1429,1439,0.03277828334206845,1.0,0.39393884431023973,outer_02,none,0.0
1429,2016-07-21,1430,1440,0.02238735899167832,1.0,0.29742199401870234,outer_02,none,0.0
1430,2016-07-22,1431,1441,0.00837776968794568,1.0,0.37064572391601425,outer_02,none,0.0
1431,2016-07-25,1432,1442,0.014882395005176186,1.0,0.43713313181038393,outer_02,none,0.0
1432,2016-07-26,1433,1443,0.015561209453421654,1.0,0.3806300706020562,outer_02,none,0.0
1433,2016-07-27,1434,1444,0.006375283194832271,1.0,0.31525771987314327,outer_02,none,0.0
1434,2016-07-28,1435,1445,0.001982502267117603,1.0,0.2877492417755016,outer_02,none,0.0
1435,2016-07-29,1436,1446,-0.010030816244539054,0.0,0.26643424642953384,outer_02,none,0.0
1436,2016-08-01,1437,1447,-0.00997545995392457,0.0,0.2752245180186959,outer_02,none,0.0
1437,2016-08-02,1438,1448,-0.013032314371462128,0.0,0.23667195014415648,outer_02,none,0.0
1438,2016-08-03,1439,1449,-0.005954421339827931,0.0,0.1512185992128468,outer_02,none,0.0
1439,2016-08-04,1440,1450,-0.006531345552767576,0.0,0.16177077707638293,outer_02,none,0.0
1440,2016-08-05,1441,1451,0.004080522876858339,1.0,0.23215952147537797,outer_02,none,0.0
1441,2016-08-08,1442,1452,0.0029172203889675785,1.0,0.17230789181402978,outer_02,none,0.0
1442,2016-08-09,1443,1453,-0.0016506645617324622,0.0,0.15323179998436612,outer_02,none,0.0
1443,2016-08-10,1444,1454,-0.016203685751848163,0.0,0.13702527594243596,outer_02,none,0.0
1444,2016-08-11,1445,1455,-0.012151073607038931,0.0,0.1387483232656758,outer_02,none,0.0
1445,2016-08-12,1446,1456,-0.013249913415753767,0.0,0.1798813262115562,outer_02,none,0.0
1446,2016-08-15,1447,1457,-0.012234888304186953,0.0,0.1735034589073231,outer_02,none,0.0
1447,2016-08-16,1448,1458,-0.025723414508831866,0.0,0.13049471529761641,outer_02,none,0.0
1448,2016-08-17,1449,1459,-0.029934023600050708,0.0,0.14851460067423514,outer_02,none,0.0
1449,2016-08-18,1450,1460,-0.0287654685681753,0.0,0.13835506350871332,outer_02,none,0.0
1450,2016-08-19,1451,1461,-0.010221374949636264,0.0,0.18141987779792096,outer_02,none,0.0
1451,2016-08-22,1452,1462,-0.009485857458320979,0.0,0.23070022525049333,outer_02,none,0.0
1452,2016-08-23,1453,1463,0.007766436523617415,1.0,0.23451387821157288,outer_02,none,0.0
1453,2016-08-24,1454,1464,0.01476981267509725,1.0,0.24237462366926485,outer_02,none,0.0
1454,2016-08-25,1455,1465,0.012315482147685408,1.0,0.26216945327712965,outer_02,none,0.0
1455,2016-08-26,1456,1466,0.006767346315396772,1.0,0.3120846900273731,outer_02,none,0.0
1456,2016-08-29,1457,1467,0.003093501591767911,1.0,0.2919171214690981,outer_02,none,0.0
1457,2016-08-30,1458,1468,0.005695421430846004,1.0,0.4190463212133365,outer_02,none,0.0
1458,2016-08-31,1459,1469,0.00978560189335731,1.0,0.352769011471908,outer_02,none,0.0
1459,2016-09-01,1460,1470,0.0011182917928769243,1.0,0.31773761704618037,outer_02,none,0.0
1460,2016-09-02,1461,1471,-0.01131130728891172,0.0,0.26000365923358865,outer_02,none,0.0
1461,2016-09-05,1462,1472,-0.00986603339589287,0.0,0.250090511413542,outer_02,none,0.0
1462,2016-09-06,1463,1473,-0.025063366234388873,0.0,0.2875375559060199,outer_02,none,0.0
1463,2016-09-07,1464,1474,-0.008324267065630053,0.0,0.2763630438157937,outer_02,none,0.0
1464,2016-09-08,1465,1475,-0.0006054558482500028,0.0,0.25457523122664694,outer_02,none,0.0
1465,2016-09-09,1466,1476,0.006078635493948603,1.0,0.2045382738188475,outer_02,none,0.0
1466,2016-09-12,1467,1477,0.00810322483772108,1.0,0.22784810523435842,outer_02,none,0.0
1467,2016-09-13,1468,1478,0.0060023917561711215,1.0,0.19582253658832316,outer_02,none,0.0
1468,2016-09-14,1469,1479,-0.0007412001730973117,0.0,0.18891456148409116,outer_02,none,0.0
1469,2016-09-15,1470,1480,0.004574236785846786,1.0,0.15969029433857498,outer_02,none,0.0
1470,2016-09-16,1471,1481,0.0056033218300193255,1.0,0.17609803191147821,outer_02,none,0.0
1471,2016-09-19,1472,1482,-0.0010819295972614995,0.0,0.1688063350535744,outer_02,none,0.0
1472,2016-09-20,1473,1483,-0.03597532533483516,0.0,0.12720459284454075,outer_02,none,0.0
1473,2016-09-21,1474,1484,-0.050895250360362354,0.0,0.2113502423813027,outer_02,none,0.0
1474,2016-09-22,1475,1485,-0.06345493953314119,0.0,0.3460110531699156,outer_02,none,0.0
1475,2016-09-23,1476,1486,-0.06107549743011198,0.0,0.36360200034566387,outer_02,none,0.0
1476,2016-09-26,1477,1487,-0.0607848299846383,0.0,0.3499231489968306,outer_02,none,0.0
1477,2016-09-27,1478,1488,-0.057094572676740896,0.0,0.3806942569222836,outer_02,none,0.0
1478,2016-09-28,1479,1489,-0.0513056391054354,0.0,0.26613970614006127,outer_02,none,0.0
1479,2016-09-29,1480,1490,-0.04904638989775112,0.0,0.19914523703452947,outer_02,none,0.0
1480,2016-09-30,1481,1491,-0.05142156609036963,0.0,0.13868488184038802,outer_02,none,0.0
1481,2016-10-03,1482,1492,-0.0440509242347904,0.0,0.14792850949179903,outer_02,none,0.0
1482,2016-10-04,1483,1493,-0.004464557701172822,0.0,0.052444326394700876,outer_02,none,0.0
1483,2016-10-05,1484,1494,0.001237697095687551,1.0,0.09036734203400426,outer_02,none,0.0
1484,2016-10-06,1485,1495,0.008330406379579713,1.0,0.10614826981440147,outer_02,none,0.0
1485,2016-10-07,1486,1496,0.006729335144490811,1.0,0.2615055451179947,outer_02,none,0.0
1486,2016-10-10,1487,1497,0.004120808753899752,1.0,0.43679042302934845,outer_02,none,0.0
1487,2016-10-11,1488,1498,0.016289222324738617,1.0,0.5564520493889534,outer_02,none,0.0
1488,2016-10-12,1489,1499,0.008659504570083243,1.0,0.5768018547457366,outer_02,none,0.0
1489,2016-10-13,1490,1500,0.007878077649285942,1.0,0.576286630908379,outer_02,none,0.0
1490,2016-10-14,1491,1501,0.020598897915788505,1.0,0.7107519387202791,outer_02,none,0.0
1491,2016-10-17,1492,1502,0.01690497076068187,1.0,0.621308787743948,outer_02,none,0.0
1492,2016-10-18,1493,1503,0.02007899648991618,1.0,0.5094611589831923,outer_02,none,0.0
1493,2016-10-19,1494,1504,0.022590676918759378,1.0,0.6749556309633968,outer_02,none,0.0
1494,2016-10-20,1495,1505,0.02979579714726377,1.0,0.6245396508721893,outer_02,none,0.0
1495,2016-10-21,1496,1506,0.020624929744339937,1.0,0.6213224130777772,outer_02,none,0.0
1496,2016-10-24,1497,1507,0.01411902714385338,1.0,0.6484789887784302,outer_02,none,0.0
1497,2016-10-25,1498,1508,-0.0004947326777609007,0.0,0.4909482843307443,outer_02,none,0.0
1498,2016-10-26,1499,1509,0.009375498447586672,1.0,0.6125027152036226,outer_02,none,0.0
1499,2016-10-27,1500,1510,-0.006996134775384633,0.0,0.5309459060302949,outer_02,none,0.0
1500,2016-10-28,1501,1511,-0.0385015912586848,0.0,0.4576164080409148,outer_02,none,0.0
1501,2016-10-31,1502,1512,-0.04425061395817842,0.0,0.40817616198605877,outer_02,none,0.0
1502,2016-11-01,1503,1513,-0.047903736443983824,0.0,0.3020401706939682,outer_02,none,0.0
1503,2016-11-02,1504,1514,-0.05782241350356454,0.0,0.34910367976978746,outer_02,none,0.0
1504,2016-11-03,1505,1515,-0.06941036204605933,0.0,0.30759145129616,outer_02,none,0.0
1505,2016-11-04,1506,1516,-0.06789794598661913,0.0,0.34897068292901956,outer_02,none,0.0
1506,2016-11-07,1507,1517,-0.05541926025231092,0.0,0.549658376131185,outer_02,none,0.0
1507,2016-11-08,1508,1518,-0.048267560981201996,0.0,0.5954106444661844,outer_02,none,0.0
1508,2016-11-09,1509,1519,-0.073066379312694,0.0,0.5277919263069789,outer_02,none,0.0
1509,2016-11-10,1510,1520,-0.060770565404037136,0.0,0.6972483325693943,outer_02,none,0.0
1510,2016-11-11,1511,1521,-0.03582623518372863,0.0,0.7452183067088112,outer_02,none,0.0
1511,2016-11-14,1512,1522,-0.023267361518870544,0.0,0.8151984555476246,outer_02,none,0.0
1512,2016-11-15,1513,1523,-0.0329964046959077,0.0,0.8305296903995115,outer_02,none,0.0
1513,2016-11-16,1514,1524,-0.04302348348188367,0.0,0.8730135665232758,outer_02,none,0.0
1514,2016-11-17,1515,1525,-0.0369322458539143,0.0,0.9112160873696827,outer_02,none,0.0
1515,2016-11-18,1516,1526,-0.01841370956203736,0.0,0.9219279145503007,outer_02,none,0.0
1516,2016-11-21,1517,1527,-0.036493110261538675,0.0,0.9291023207218672,outer_02,none,0.0
1517,2016-11-22,1518,1528,-0.03671361627883574,0.0,0.9415484031563401,outer_02,none,0.0
1518,2016-11-23,1519,1529,-0.012004173709632582,0.0,0.933862623516686,outer_02,none,0.0
1519,2016-11-24,1520,1530,-0.012594806760750643,0.0,0.9454153170179534,outer_02,none,0.0
1520,2016-11-25,1521,1531,-0.023258648124653725,0.0,0.9442523011204311,outer_02,none,0.0
1521,2016-11-28,1522,1532,-0.025634159219322328,0.0,0.9190424545512953,outer_02,none,0.0
1522,2016-11-29,1523,1533,-0.025330971812119962,0.0,0.9288526069927847,outer_02,none,0.0
1523,2016-11-30,1524,1534,-0.027265505492714226,0.0,0.9584656342094153,outer_02,none,0.0
1524,2016-12-01,1525,1535,-0.038339854581539434,0.0,0.9501678423542897,outer_02,none,0.0
1525,2016-12-02,1526,1536,-0.042760262251527514,0.0,0.9414150014334833,outer_02,none,0.0
1526,2016-12-05,1527,1537,-0.027199063506211374,0.0,0.9496281616675712,outer_02,none,0.0
1527,2016-12-06,1528,1538,-0.03199313672131954,0.0,0.9550665636213432,outer_02,none,0.0
1528,2016-12-07,1529,1539,-0.037167260750964104,0.0,0.9175922119530733,outer_02,none,0.0
1529,2016-12-08,1530,1540,-0.03635150091754369,0.0,0.9245490680457386,outer_02,none,0.0
1530,2016-12-09,1531,1541,-0.020996475363931566,0.0,0.9486044058308352,outer_02,none,0.0
1531,2016-12-12,1532,1542,-0.02082440304329758,0.0,0.9403079473494584,outer_02,none,0.0
1532,2016-12-13,1533,1543,-0.01399511724623359,0.0,0.9438003216234992,outer_02,none,0.0
1533,2016-12-14,1534,1544,0.013660903828477622,1.0,0.9627677883914935,outer_02,none,0.0
1534,2016-12-15,1535,1545,0.020474399421324563,1.0,0.9763975124762196,outer_02,none,0.0
1535,2016-12-16,1536,1546,0.020013393842456928,1.0,0.9842516905094463,outer_02,none,0.0
1536,2016-12-19,1537,1547,0.021412382406587938,1.0,0.9658390035928205,outer_02,none,0.0
1537,2016-12-20,1538,1548,0.040728750079886744,1.0,0.9720219420004689,outer_02,none,0.0
1538,2016-12-21,1539,1549,0.036050965711630134,1.0,0.9763983558510315,outer_02,none,0.0
1539,2016-12-22,1540,1550,0.04638585469353451,1.0,0.9780511169503864,outer_02,none,0.0
1540,2016-12-23,1541,1551,0.045780458241296174,1.0,0.9683136800828095,outer_02,none,0.0
1541,2016-12-27,1542,1552,0.04559502245049796,1.0,0.9274928751398167,outer_02,none,0.0
1542,2016-12-28,1543,1553,0.0445054253096675,1.0,0.9142740449255269,outer_02,none,0.0
1543,2016-12-29,1544,1554,0.03468889483047022,1.0,0.859840682660653,outer_02,none,0.0
1544,2016-12-30,1545,1555,0.043563810465678365,1.0,0.8433564631020869,outer_02,none,0.0
1545,2017-01-03,1546,1556,0.04861960460006198,1.0,0.8414273803129825,outer_02,none,0.0
1546,2017-01-04,1547,1557,0.03503380242187948,1.0,0.8303581856946362,outer_02,none,0.0
1547,2017-01-05,1548,1558,0.020938254443492177,1.0,0.7312092338519162,outer_02,none,0.0
1548,2017-01-06,1549,1559,0.031976212567838225,1.0,0.8139216526831535,outer_02,none,0.0
1549,2017-01-09,1550,1560,0.030932920643336637,1.0,0.7597351370003856,outer_02,none,0.0
1550,2017-01-10,1551,1561,0.018174429256128555,1.0,0.770406951854963,outer_02,none,0.0
1551,2017-01-11,1552,1562,0.007037456121029351,1.0,0.7331968566592241,outer_02,none,0.0
1552,2017-01-12,1553,1563,-0.004481038638796342,0.0,0.7135450712110851,outer_02,none,0.0
1553,2017-01-13,1554,1564,-0.004908836965298313,0.0,0.7282055252537429,outer_02,none,0.0
1554,2017-01-16,1555,1565,-0.00639640580832701,0.0,0.6629697696667639,outer_02,none,0.0
1555,2017-01-17,1556,1566,-0.004944467336811087,0.0,0.5407463530606994,outer_02,none,0.0
1556,2017-01-18,1557,1567,0.0035964703896551597,1.0,0.725540140297458,outer_02,none,0.0
1557,2017-01-19,1558,1568,0.008530669375842237,1.0,0.677008921344591,outer_02,none,0.0
1558,2017-01-20,1559,1569,0.009271654917437644,1.0,0.5515742138742061,outer_02,none,0.0
1559,2017-01-23,1560,1570,0.012497462247488045,1.0,0.41115646895101393,outer_02,none,0.0
1560,2017-01-24,1561,1571,0.020016468080939376,1.0,0.5358460314614882,outer_02,none,0.0
1561,2017-01-25,1562,1572,0.03291689433392975,1.0,0.654669568253648,outer_02,none,0.0
1562,2017-01-26,1563,1573,0.03264819440525635,1.0,0.678759293864815,outer_02,none,0.0
1563,2017-01-27,1564,1574,0.03126969655764178,1.0,0.6361601015130455,outer_02,none,0.0
1564,2017-01-30,1565,1575,0.024748113914255576,1.0,0.5802936520615972,outer_02,none,0.0
1565,2017-01-31,1566,1576,0.014687393719425401,1.0,0.43758377093511647,outer_02,none,0.0
1566,2017-02-01,1567,1577,0.020079779114632323,1.0,0.5188196084308111,outer_02,none,0.0
1567,2017-02-02,1568,1578,0.019351919134348528,1.0,0.5128975498712197,outer_02,none,0.0
1568,2017-02-03,1569,1579,0.01090363621227386,1.0,0.45835299304099997,outer_02,none,0.0
1569,2017-02-06,1570,1580,0.0022173675832730666,1.0,0.4845231080113798,outer_02,none,0.0
1570,2017-02-07,1571,1581,0.0016683002597908114,1.0,0.5600058255253224,outer_02,none,0.0
1571,2017-02-08,1572,1582,-0.003244973949421137,0.0,0.5238265964503312,outer_02,none,0.0
1572,2017-02-09,1573,1583,0.016845783237026346,1.0,0.5709131766031224,outer_02,none,0.0
1573,2017-02-10,1574,1584,0.02047534719296884,1.0,0.6300055954700104,outer_02,none,0.0
1574,2017-02-13,1575,1585,0.022060875546182857,1.0,0.6306230409271797,outer_02,none,0.0
1575,2017-02-14,1576,1586,0.016238461857087216,1.0,0.5980468410350619,outer_02,none,0.0
1576,2017-02-15,1577,1587,0.01213591480505638,1.0,0.5184908873915915,outer_02,none,0.0
1577,2017-02-16,1578,1588,-0.0036071632328456005,0.0,0.5045324893526888,outer_02,none,0.0
1578,2017-02-17,1579,1589,-0.0020171505079700225,0.0,0.49405865101768204,outer_02,none,0.0
1579,2017-02-20,1580,1590,-0.009331478996712939,0.0,0.5620088544861886,outer_02,none,0.0
1580,2017-02-21,1581,1591,-0.016291296690373436,0.0,0.5484410315444966,outer_02,none,0.0
1581,2017-02-22,1582,1592,-0.02337034656007031,0.0,0.5962670745338864,outer_02,none,0.0
1582,2017-02-23,1583,1593,-0.03963541473020715,0.0,0.4998356284747372,outer_02,none,0.0
1583,2017-02-24,1584,1594,-0.040706907183930774,0.0,0.6069694246695807,outer_02,none,0.0
1584,2017-02-27,1585,1595,-0.04114438633090156,0.0,0.5550310113440032,outer_02,none,0.0
1585,2017-02-28,1586,1596,-0.0403632157811904,0.0,0.6422560024999926,outer_02,none,0.0
1586,2017-03-01,1587,1597,-0.024002416785977587,0.0,0.6025715688124298,outer_02,none,0.0
1587,2017-03-02,1588,1598,-0.006315476789017005,0.0,0.667047422871847,outer_02,none,0.0
1588,2017-03-03,1589,1599,-0.0021431188947120816,0.0,0.5618392455138009,outer_02,none,0.0
1589,2017-03-06,1590,1600,0.007187022805877241,1.0,0.6189516458935169,outer_02,none,0.0
1590,2017-03-07,1591,1601,0.023981224073525986,1.0,0.6581894704376046,outer_02,none,0.0
1591,2017-03-08,1592,1602,0.03190412670307374,1.0,0.6633737239594873,outer_02,none,0.0
1592,2017-03-09,1593,1603,0.035970806137755496,1.0,0.6477655561278393,outer_02,none,0.0
1593,2017-03-10,1594,1604,0.03421407797250442,1.0,0.6935302392396164,outer_02,none,0.0
1594,2017-03-13,1595,1605,0.04198231836379307,1.0,0.6897462539570454,outer_02,none,0.0
1595,2017-03-14,1596,1606,0.04231565374738189,1.0,0.7395249373450179,outer_02,none,0.0
1596,2017-03-15,1597,1607,0.02740074807910009,1.0,0.5451720473645897,outer_02,none,0.0
1597,2017-03-16,1598,1608,0.01387876528328924,1.0,0.6472300715259833,outer_02,none,0.0
1598,2017-03-17,1599,1609,0.014049220983451072,1.0,0.6578199526335999,outer_02,none,0.0
1599,2017-03-20,1600,1610,0.015856828142980284,1.0,0.6223137128141167,outer_02,none,0.0
1600,2017-03-21,1601,1611,0.008292432038718545,1.0,0.6657462540203383,outer_02,none,0.0
1601,2017-03-22,1602,1612,0.0066555321400763034,1.0,0.685326789464145,outer_02,none,0.0
1602,2017-03-23,1603,1613,0.005551808979833872,1.0,0.6225267771436237,outer_02,none,0.0
1603,2017-03-24,1604,1614,0.005202413948843798,1.0,0.6230996684191059,outer_02,none,0.0
1604,2017-03-27,1605,1615,0.0011719265180181182,1.0,0.5664376171741025,outer_02,none,0.0
1605,2017-03-28,1606,1616,0.018062185985946222,1.0,0.5370059431140791,outer_02,none,0.0
1606,2017-03-29,1607,1617,0.025503383943756397,1.0,0.48041487597502236,outer_02,none,0.0
1607,2017-03-30,1608,1618,0.03764769908378618,1.0,0.5249421570519913,outer_02,none,0.0
1608,2017-03-31,1609,1619,0.02885199003543093,1.0,0.589517690382267,outer_02,none,0.0
1609,2017-04-03,1610,1620,0.02778873908337598,1.0,0.5353693893177538,outer_02,none,0.0
1610,2017-04-04,1611,1621,0.018705405416302945,1.0,0.5542117552159764,outer_02,none,0.0
1611,2017-04-05,1612,1622,0.02026688949682587,1.0,0.5712767076837634,outer_02,none,0.0
1612,2017-04-06,1613,1623,0.013237763247991197,1.0,0.5302360482452708,outer_02,none,0.0
1613,2017-04-07,1614,1624,0.01651362182576932,1.0,0.508200404348147,outer_02,none,0.0
1614,2017-04-10,1615,1625,0.006599268729502228,1.0,0.5167821437595521,outer_02,none,0.0
1615,2017-04-11,1616,1626,-0.0038622386825082344,0.0,0.55839133382141,outer_02,none,0.0
1616,2017-04-12,1617,1627,-0.016571063516284568,0.0,0.6839294896882386,outer_02,none,0.0
1617,2017-04-13,1618,1628,-0.017751575583712764,0.0,0.599833724328789,outer_02,none,0.0
1618,2017-04-17,1619,1629,-0.022589288435689525,0.0,0.5646422196318387,outer_02,none,0.0
1619,2017-04-18,1620,1630,-0.02613161906490813,0.0,0.5828948667398012,outer_02,none,0.0
1620,2017-04-19,1621,1631,-0.03303032152935259,0.0,0.6809817132543947,outer_02,none,0.0
1621,2017-04-20,1622,1632,-0.04212440742147816,0.0,0.5748374537666483,outer_02,none,0.0
1622,2017-04-21,1623,1633,-0.03482386236989665,0.0,0.4436016175813195,outer_02,none,0.0
1623,2017-04-24,1624,1634,-0.03924736993080735,0.0,0.5574753601116099,outer_02,none,0.0
1624,2017-04-25,1625,1635,-0.03420210196340534,0.0,0.4939530248489394,outer_02,none,0.0
1625,2017-04-26,1626,1636,-0.03998233441835719,0.0,0.510276016000694,outer_02,none,0.0
1626,2017-04-27,1627,1637,-0.031047116307734157,0.0,0.435769975343454,outer_02,none,0.0
1627,2017-04-28,1628,1638,-0.0309251417034222,0.0,0.4260288536064772,outer_02,none,0.0
1628,2017-05-01,1629,1639,-0.019856937646719253,0.0,0.3870890182941401,outer_02,none,0.0
1629,2017-05-02,1630,1640,-0.015773754520385097,0.0,0.4049363811941358,outer_02,none,0.0
1630,2017-05-03,1631,1641,0.01760050558648274,1.0,0.2826253357995742,outer_02,none,0.0
1631,2017-05-04,1632,1642,0.014400016104163527,1.0,0.1927559100885044,outer_02,none,0.0
1632,2017-05-05,1633,1643,0.02424292725299093,1.0,0.2110004129534344,outer_02,none,0.0
1633,2017-05-08,1634,1644,0.02728260839740937,1.0,0.24221175015846283,outer_02,none,0.0
1634,2017-05-09,1635,1645,0.024738359108125607,1.0,0.23074931115546862,outer_02,none,0.0
1635,2017-05-10,1636,1646,0.03141822578328757,1.0,0.35617775843241783,outer_02,none,0.0
1636,2017-05-11,1637,1647,0.02436333169187943,1.0,0.3824512468735527,outer_02,none,0.0
1637,2017-05-12,1638,1648,0.029923505087549707,1.0,0.3548913538074901,outer_02,none,0.0
1638,2017-05-15,1639,1649,0.028554609552433163,1.0,0.37454776003142337,outer_02,none,0.0
1639,2017-05-16,1640,1650,0.020768305845937363,1.0,0.36516266504216804,outer_02,none,0.0
1640,2017-05-17,1641,1651,0.00697644137516118,1.0,0.3186515915304324,outer_02,none,0.0
1641,2017-05-18,1642,1652,0.015326061994345608,1.0,0.3628279772144395,outer_02,none,0.0
1642,2017-05-19,1643,1653,0.019325378415898875,1.0,0.3573865967830712,outer_02,none,0.0
1643,2017-05-22,1644,1654,0.015549106963342219,1.0,0.3791543113367169,outer_02,none,0.0
1644,2017-05-23,1645,1655,0.03354244851331245,1.0,0.39537804452181585,outer_02,none,0.0
1645,2017-05-24,1646,1656,0.022464200168864856,1.0,0.2879797828087106,outer_02,none,0.0
1646,2017-05-25,1647,1657,0.019223700737290628,1.0,0.29670801943372604,outer_02,none,0.0
1647,2017-05-26,1648,1658,-0.0006235718237093124,0.0,0.24999187235642095,outer_02,none,0.0
1648,2017-05-29,1649,1659,-0.0008529391376432827,0.0,0.3381122697852487,outer_02,none,0.0
1649,2017-05-30,1650,1660,0.0031000910567584583,1.0,0.2715817348869827,outer_02,none,0.0
1650,2017-05-31,1651,1661,-0.006841513779485275,0.0,0.3281257433664568,outer_02,none,0.0
1651,2017-06-01,1652,1662,-0.009015934088613342,0.0,0.31899735380008826,outer_02,none,0.0
1652,2017-06-02,1653,1663,-0.020680835133205733,0.0,0.3351932119149866,outer_02,none,0.0
1653,2017-06-05,1654,1664,-0.028695316145280536,0.0,0.42549255267515385,outer_02,none,0.0
1654,2017-06-06,1655,1665,-0.03978648228201642,0.0,0.48805573146277276,outer_02,none,0.0
1655,2017-06-07,1656,1666,-0.031800098319079595,0.0,0.48430708072869905,outer_02,none,0.0
1656,2017-06-08,1657,1667,-0.022870151088400625,0.0,0.5302014986153504,outer_02,none,0.0
1657,2017-06-09,1658,1668,-0.0072429056736558195,0.0,0.47732667842239107,outer_02,none,0.0
1658,2017-06-12,1659,1669,-0.017036540116195376,0.0,0.5016109636198733,outer_02,none,0.0
1659,2017-06-13,1660,1670,-0.01541301483707791,0.0,0.5094207777169106,outer_02,none,0.0
1660,2017-06-14,1661,1671,-0.00855220391218392,0.0,0.4635703653673626,outer_02,none,0.0
1661,2017-06-15,1662,1672,-0.006767538568166032,0.0,0.4746122327180294,outer_02,none,0.0
1662,2017-06-16,1663,1673,-0.008992390666961114,0.0,0.41016559760384336,outer_02,none,0.0
1663,2017-06-19,1664,1674,-0.01813983607528069,0.0,0.3162260608780064,outer_02,none,0.0
1664,2017-06-20,1665,1675,-0.015950283851637437,0.0,0.27794151386222793,outer_02,none,0.0
1665,2017-06-21,1666,1676,-0.01569639581672977,0.0,0.2629288268669699,outer_02,none,0.0
1666,2017-06-22,1667,1677,-0.021165837118005015,0.0,0.23071685711251766,outer_02,none,0.0
1667,2017-06-23,1668,1678,-0.03552201998981097,0.0,0.2537977787964954,outer_02,none,0.0
1668,2017-06-26,1669,1679,-0.024314958460815106,0.0,0.2848933801777606,outer_02,none,0.0
1669,2017-06-27,1670,1680,-0.024654524034474434,0.0,0.32124281654172343,outer_02,none,0.0
1670,2017-06-28,1671,1681,-0.024995830758165027,0.0,0.3176651900486828,outer_02,none,0.0
1671,2017-06-29,1672,1682,-0.02311683168498302,0.0,0.2837833738421964,outer_02,none,0.0
1672,2017-06-30,1673,1683,-0.010171348416509574,0.0,0.3026514068674178,outer_02,none,0.0
1673,2017-07-03,1674,1684,0.010132690219143647,1.0,0.21359017707154734,outer_02,none,0.0
1674,2017-07-04,1675,1685,0.015218328331503272,1.0,0.34585244089577666,outer_02,none,0.0
1675,2017-07-05,1676,1686,0.011458982094177728,1.0,0.3138161029161635,outer_02,none,0.0
1676,2017-07-06,1677,1687,0.015739426825962965,1.0,0.3015943504494787,outer_02,none,0.0
1677,2017-07-07,1678,1688,0.033882323045899554,1.0,0.32205105625633057,outer_02,none,0.0
1678,2017-07-10,1679,1689,0.032582610230099895,1.0,0.41093592949824803,outer_02,none,0.0
1679,2017-07-11,1680,1690,0.026769248586780314,1.0,0.3654525476764954,outer_02,none,0.0
1680,2017-07-12,1681,1691,0.033611523710574964,1.0,0.3116826917942752,outer_02,none,0.0
1681,2017-07-13,1682,1692,0.03373560915877416,1.0,0.27129611766184025,outer_02,none,0.0
1682,2017-07-14,1683,1693,0.032793758165316156,1.0,0.2789750500816761,outer_02,none,0.0
1683,2017-07-17,1684,1694,0.028387188597643664,1.0,0.3064539015039042,outer_02,none,0.0
1684,2017-07-18,1685,1695,0.02056296073451147,1.0,0.2956393162953529,outer_02,none,0.0
1685,2017-07-19,1686,1696,0.020007208574704727,1.0,0.31593817382577255,outer_02,none,0.0
1686,2017-07-20,1687,1697,0.019255320043590984,1.0,0.3086360725904618,outer_02,none,0.0
1687,2017-07-21,1688,1698,0.0014647118569666162,1.0,0.31739918795830985,outer_02,none,0.0
1688,2017-07-24,1689,1699,0.0019508783146351405,1.0,0.36563929585756383,outer_02,none,0.0
1689,2017-07-25,1690,1700,0.008922158110596712,1.0,0.37380803748027563,outer_02,none,0.0
1690,2017-07-26,1691,1701,0.013573050079152438,1.0,0.36974187095512073,outer_02,none,0.0
1691,2017-07-27,1692,1702,0.021192877377599117,1.0,0.37988050033204157,outer_02,none,0.0
1692,2017-07-28,1693,1703,0.014665184600993975,1.0,0.4211517989675729,outer_02,none,0.0
1693,2017-07-31,1694,1704,0.00901811290417065,1.0,0.41861349898337313,outer_02,none,0.0
1694,2017-08-01,1695,1705,0.002157515128476284,1.0,0.48459613064940266,outer_02,none,0.0
1695,2017-08-02,1696,1706,0.013742578365572022,1.0,0.4754172393539103,outer_02,none,0.0
1696,2017-08-03,1697,1707,0.01578444973295401,1.0,0.4521309634174418,outer_02,none,0.0
1697,2017-08-04,1698,1708,0.020353991671863803,1.0,0.42857115787815564,outer_02,none,0.0
1698,2017-08-07,1699,1709,0.026439828573658453,1.0,0.44985843444849244,outer_02,none,0.0
1699,2017-08-08,1700,1710,0.018574779953579146,1.0,0.3796313108804688,outer_02,none,0.0
1700,2017-08-09,1701,1711,0.010157116235634867,1.0,0.46353536975932835,outer_02,none,0.0
1701,2017-08-10,1702,1712,-5.4428327625366535e-05,0.0,0.554008883434949,outer_02,none,0.0
1702,2017-08-11,1703,1713,0.002455661841588963,1.0,0.5733505182883276,outer_02,none,0.0
1703,2017-08-14,1704,1714,0.02555724628309264,1.0,0.5751096448275876,outer_02,none,0.0
1704,2017-08-15,1705,1715,0.03013099851932921,1.0,0.615156218646808,outer_02,none,0.0
1705,2017-08-16,1706,1716,0.019097434242330458,1.0,0.5940964851092034,outer_02,none,0.0
1706,2017-08-17,1707,1717,0.02548367321189815,1.0,0.5245135072593236,outer_02,none,0.0
1707,2017-08-18,1708,1718,0.03987282285308691,1.0,0.49331480087953306,outer_02,none,0.0
1708,2017-08-21,1709,1719,0.03257612077157468,1.0,0.5142792076081779,outer_02,none,0.0
1709,2017-08-22,1710,1720,0.041970064362727655,1.0,0.5136949503465437,outer_02,none,0.0
1710,2017-08-23,1711,1721,0.033298178842099624,1.0,0.44224625623777786,outer_02,none,0.0
1711,2017-08-24,1712,1722,0.047468905988443666,1.0,0.42257462345681734,outer_02,none,0.0
1712,2017-08-25,1713,1723,0.03530793413032285,1.0,0.4008822959517265,outer_02,none,0.0
1713,2017-08-28,1714,1724,0.01008495892148531,1.0,0.6332521315347912,outer_02,none,0.0
1714,2017-08-29,1715,1725,0.0173792416336509,1.0,0.6041031986392715,outer_02,none,0.0
1715,2017-08-30,1716,1726,0.01114977710394971,1.0,0.6150465757877444,outer_02,none,0.0
1716,2017-08-31,1717,1727,0.006582666855408981,1.0,0.6876202698682203,outer_02,none,0.0
1717,2017-09-01,1718,1728,-0.012700330120638093,0.0,0.7004555090553827,outer_02,none,0.0
1718,2017-09-04,1719,1729,-0.019552637923549554,0.0,0.7888653212179924,outer_02,none,0.0
1719,2017-09-05,1720,1730,-0.021870589184407763,0.0,0.7280895005943328,outer_02,none,0.0
1720,2017-09-06,1721,1731,-0.02477113596859226,0.0,0.7889732674977241,outer_02,none,0.0
1721,2017-09-07,1722,1732,-0.043147200376595585,0.0,0.73574241739068,outer_02,none,0.0
1722,2017-09-08,1723,1733,-0.03261133800922167,0.0,0.691552351334067,outer_02,none,0.0
1723,2017-09-11,1724,1734,-0.013576241892089058,0.0,0.7773159383767123,outer_02,none,0.0
1724,2017-09-12,1725,1735,-0.030423405844811846,0.0,0.7491318092938649,outer_02,none,0.0
1725,2017-09-13,1726,1736,-0.030582249742476364,0.0,0.7292873497663868,outer_02,none,0.0
1726,2017-09-14,1727,1737,-0.03358854040627435,0.0,0.6817083900469844,outer_02,none,0.0
1727,2017-09-15,1728,1738,-0.030326355312190856,0.0,0.6930803125826182,outer_02,none,0.0
1728,2017-09-18,1729,1739,-0.028702607210383313,0.0,0.6826678760799026,outer_02,none,0.0
1729,2017-09-19,1730,1740,-0.0303578212341149,0.0,0.6965449691002581,outer_02,none,0.0
1730,2017-09-20,1731,1741,-0.02052564316000094,0.0,0.6286931414270776,outer_02,none,0.0
1731,2017-09-21,1732,1742,-0.017896468429296597,0.0,0.6398303213940087,outer_02,none,0.0
1732,2017-09-22,1733,1743,-0.015599799994338248,0.0,0.6133610277924016,outer_02,none,0.0
1733,2017-09-25,1734,1744,-0.01991366396718508,0.0,0.5327341776073522,outer_02,none,0.0
1734,2017-09-26,1735,1745,-0.004192001055696615,0.0,0.6356429947004973,outer_02,none,0.0
1735,2017-09-27,1736,1746,0.0064550180441251825,1.0,0.6551182855747757,outer_02,none,0.0
1736,2017-09-28,1737,1747,0.0054490134011340174,1.0,0.6887802747552638,outer_02,none,0.0
1737,2017-09-29,1738,1748,0.01888309899002305,1.0,0.6274721809039759,outer_02,none,0.0
1738,2017-10-02,1739,1749,0.019645680635268725,1.0,0.6368395390575454,outer_02,none,0.0
1739,2017-10-03,1740,1750,0.010554125748783783,1.0,0.693640475531497,outer_02,none,0.0
1740,2017-10-04,1741,1751,0.005007169133675937,1.0,0.7170598168283963,outer_02,none,0.0
1741,2017-10-05,1742,1752,0.016199497385855466,1.0,0.6924979224060539,outer_02,none,0.0
1742,2017-10-06,1743,1753,0.001034020944885583,1.0,0.4994439602739636,outer_02,none,0.0
1743,2017-10-09,1744,1754,-0.0017074230252882572,0.0,0.5264072538497814,outer_02,none,0.0
1744,2017-10-10,1745,1755,-0.008993224092201046,0.0,0.5446003873641572,outer_02,none,0.0
1745,2017-10-11,1746,1756,-0.010554680586273513,0.0,0.5034529384350968,outer_02,none,0.0
1746,2017-10-12,1747,1757,-0.02035795051481859,0.0,0.46791849070427805,outer_02,none,0.0
1747,2017-10-13,1748,1758,-0.023326279524710003,0.0,0.35588974996606254,outer_02,none,0.0
1748,2017-10-16,1749,1759,-0.015467653149238814,0.0,0.46631768655284833,outer_02,none,0.0
1749,2017-10-17,1750,1760,-0.011435404919506453,0.0,0.5185930271416671,outer_02,none,0.0
1750,2017-10-18,1751,1761,-0.004709167312091367,0.0,0.49423132747925874,outer_02,none,0.0
1751,2017-10-19,1752,1762,-0.009498686365293274,0.0,0.3353944096385502,outer_02,none,0.0
1752,2017-10-20,1753,1763,-0.006133567223415959,0.0,0.3864061630988824,outer_02,none,0.0
1753,2017-10-23,1754,1764,-0.00035120169874325313,0.0,0.3873221236521257,outer_02,none,0.0
1754,2017-10-24,1755,1765,0.0002820211534553252,1.0,0.41420784207482175,outer_02,none,0.0
1755,2017-10-25,1756,1766,0.002742778487900388,1.0,0.35911900707947286,outer_02,none,0.0
1756,2017-10-26,1757,1767,0.013843572631082601,1.0,0.39941815397201386,outer_02,none,0.0
1757,2017-10-27,1758,1768,0.0013107138987331624,1.0,0.3517128180330063,outer_02,none,0.0
1758,2017-10-30,1759,1769,0.001487932362163491,1.0,0.35515678834991843,outer_02,none,0.0
1759,2017-10-31,1760,1770,0.007466232882670454,1.0,0.3822910395344971,outer_02,none,0.0
1760,2017-11-01,1761,1771,0.0023651781775919645,1.0,0.3424259362110737,outer_02,none,0.0
1761,2017-11-02,1762,1772,0.0009938297300076115,1.0,0.3524937131384611,outer_02,none,0.0
1762,2017-11-03,1763,1773,0.018513266015919072,1.0,0.41787303200724557,outer_02,none,0.0
1763,2017-11-06,1764,1774,-0.0026183856793542404,0.0,0.3673952229793084,outer_02,none,0.0
1764,2017-11-07,1765,1775,0.003128228534063915,1.0,0.41842686148580094,outer_02,none,0.0
1765,2017-11-08,1766,1776,0.007850615122601212,1.0,0.39880470725796185,outer_02,none,0.0
1766,2017-11-09,1767,1777,0.004386363523305903,1.0,0.32922416718113184,outer_02,none,0.0
1767,2017-11-10,1768,1778,0.010261302264744643,1.0,0.43344451962254943,outer_02,none,0.0
1768,2017-11-13,1769,1779,0.012952864151793086,1.0,0.37039267013157584,outer_02,none,0.0
1769,2017-11-14,1770,1780,0.010554802912885464,1.0,0.33486196073876845,outer_02,none,0.0
1770,2017-11-15,1771,1781,0.0045890614442596345,1.0,0.3703115206847999,outer_02,none,0.0
1771,2017-11-16,1772,1782,-0.0027412941969071625,0.0,0.3028116479721836,outer_02,none,0.0
1772,2017-11-17,1773,1783,-0.014951059345071904,0.0,0.3050173910239567,outer_02,none,0.0
1773,2017-11-20,1774,1784,-0.0010649461486007539,0.0,0.4105474817617622,outer_02,none,0.0
1774,2017-11-21,1775,1785,-0.011536762071568951,0.0,0.43657601088164616,outer_02,none,0.0
1775,2017-11-22,1776,1786,-0.021854002912608195,0.0,0.4363170316458594,outer_02,none,0.0
1776,2017-11-23,1777,1787,-0.034141721190027674,0.0,0.4623507538557167,outer_02,none,0.0
1777,2017-11-24,1778,1788,-0.03184236403272056,0.0,0.3705949992781992,outer_02,none,0.0
1778,2017-11-27,1779,1789,-0.04135964884723897,0.0,0.42798963385320576,outer_02,none,0.0
1779,2017-11-28,1780,1790,-0.039118663343608695,0.0,0.44360536283550245,outer_02,none,0.0
1780,2017-11-29,1781,1791,-0.0238284737046488,0.0,0.4407071660097277,outer_02,none,0.0
1781,2017-11-30,1782,1792,-0.017461093873983202,0.0,0.35456063333989285,outer_02,none,0.0
1782,2017-12-01,1783,1793,-0.015672231189627794,0.0,0.40092913905507077,outer_02,none,0.0
1783,2017-12-04,1784,1794,-0.011599632038443275,0.0,0.37734484262897106,outer_02,none,0.0
1784,2017-12-05,1785,1795,-0.0036004992544693692,0.0,0.33813833048995035,outer_02,none,0.0
1785,2017-12-06,1786,1796,0.0016604600916396706,1.0,0.24309185085696589,outer_02,none,0.0
1786,2017-12-07,1787,1797,0.014822511899282631,1.0,0.14278366947986948,outer_02,none,0.0
1787,2017-12-08,1788,1798,0.024079995734299864,1.0,0.18603418082159429,outer_02,none,0.0
1788,2017-12-11,1789,1799,0.031828449179963414,1.0,0.13957466518027928,outer_02,none,0.0
1789,2017-12-12,1790,1800,0.034391328269114396,1.0,0.15306981835562514,outer_02,none,0.0
1790,2017-12-13,1791,1801,0.0314381461947848,1.0,0.1686317325854211,outer_02,none,0.0
1791,2017-12-14,1792,1802,0.044381317638181095,1.0,0.19927803733514363,outer_02,none,0.0
1792,2017-12-15,1793,1803,0.04911133441633897,1.0,0.37343911305001365,outer_03,none,0.0
1793,2017-12-18,1794,1804,0.039688241718679684,1.0,0.40741071225700715,outer_03,none,0.0
1794,2017-12-19,1795,1805,0.04686155824349125,1.0,0.4662743263620849,outer_03,none,0.0
1795,2017-12-20,1796,1806,0.04248159500574822,1.0,0.5018186377917692,outer_03,none,0.0
1796,2017-12-21,1797,1807,0.04121711156105157,1.0,0.379440696153128,outer_03,none,0.0
1797,2017-12-22,1798,1808,0.026009589866350602,1.0,0.41340014684416143,outer_03,none,0.0
1798,2017-12-26,1799,1809,0.026823182329286155,1.0,0.5755581628109031,outer_03,none,0.0
1799,2017-12-27,1800,1810,0.026847918810745774,1.0,0.546371952710883,outer_03,none,0.0
1800,2017-12-28,1801,1811,0.031932936708474635,1.0,0.581347058576199,outer_03,none,0.0
1801,2017-12-29,1802,1812,0.022354595915392572,1.0,0.6755321510430891,outer_03,none,0.0
1802,2018-01-02,1803,1813,0.016511007614371742,1.0,0.7690551589474826,outer_03,none,0.0
1803,2018-01-03,1804,1814,0.01118845115210032,1.0,0.7887813048108455,outer_03,none,0.0
1804,2018-01-04,1805,1815,0.004212121721089979,1.0,0.8140118040377606,outer_03,none,0.0
1805,2018-01-05,1806,1816,0.010814417037682489,1.0,0.7719354260985938,outer_03,none,0.0
1806,2018-01-08,1807,1817,0.010486772897567498,1.0,0.753066832101446,outer_03,none,0.0
1807,2018-01-09,1808,1818,0.021940459559750103,1.0,0.697871167409949,outer_03,none,0.0
1808,2018-01-10,1809,1819,0.030005466726162666,1.0,0.6769701070705058,outer_03,none,0.0
1809,2018-01-11,1810,1820,0.018469440660714653,1.0,0.6001342329982133,outer_03,none,0.0
1810,2018-01-12,1811,1821,0.011149764941167817,1.0,0.665622604150936,outer_03,none,0.0
1811,2018-01-15,1812,1822,0.0014026084844465103,1.0,0.7246798859984851,outer_03,none,0.0
1812,2018-01-16,1813,1823,-0.0013300358380350374,0.0,0.6571188540953972,outer_03,none,0.0
1813,2018-01-17,1814,1824,0.01189126296133658,1.0,0.5943303677150419,outer_03,none,0.0
1814,2018-01-18,1815,1825,0.015153447494152594,1.0,0.665482281716155,outer_03,none,0.0
1815,2018-01-19,1816,1826,-0.0025574790160449723,0.0,0.6350067706450297,outer_03,none,0.0
1816,2018-01-22,1817,1827,0.00412377890916904,1.0,0.5900485947632761,outer_03,none,0.0
1817,2018-01-23,1818,1828,-0.012215221139226351,0.0,0.534882952502412,outer_03,none,0.0
1818,2018-01-24,1819,1829,-0.029846041869972417,0.0,0.5781507064944841,outer_03,none,0.0
1819,2018-01-25,1820,1830,-0.02092263065783584,0.0,0.6719361807651717,outer_03,none,0.0
1820,2018-01-26,1821,1831,-0.026741667236026778,0.0,0.6698702063691354,outer_03,none,0.0
1821,2018-01-29,1822,1832,-0.013261330659602777,0.0,0.6559682804716911,outer_03,none,0.0
1822,2018-01-30,1823,1833,-0.00577399116094135,0.0,0.699431814050246,outer_03,none,0.0
1823,2018-01-31,1824,1834,0.005382284163194306,1.0,0.6178761247703042,outer_03,none,0.0
1824,2018-02-01,1825,1835,0.004427013448738748,1.0,0.5235863452547308,outer_03,none,0.0
1825,2018-02-02,1826,1836,0.013463671133452593,1.0,0.49164745149461286,outer_03,none,0.0
1826,2018-02-05,1827,1837,0.006691975651095028,1.0,0.5702774448664297,outer_03,none,0.0
1827,2018-02-06,1828,1838,0.0036546856396206806,1.0,0.6063835127647456,outer_03,none,0.0
1828,2018-02-07,1829,1839,0.005337424140051894,1.0,0.6972947676875103,outer_03,none,0.0
1829,2018-02-08,1830,1840,0.009559126541373253,1.0,0.6368431814848736,outer_03,none,0.0
1830,2018-02-09,1831,1841,0.01092551724618307,1.0,0.6528243093621252,outer_03,none,0.0
1831,2018-02-12,1832,1842,0.007279109872970757,1.0,0.6167180311576307,outer_03,none,0.0
1832,2018-02-13,1833,1843,-0.008557098561249532,0.0,0.5563762274209696,outer_03,none,0.0
1833,2018-02-14,1834,1844,-0.02368951756430615,0.0,0.5397311222309008,outer_03,none,0.0
1834,2018-02-15,1835,1845,-0.027954154449697732,0.0,0.6963748218121218,outer_03,none,0.0
1835,2018-02-16,1836,1846,-0.0194365361608817,0.0,0.6517709758983166,outer_03,none,0.0
1836,2018-02-19,1837,1847,-0.020499509278591788,0.0,0.7372262218484139,outer_03,none,0.0
1837,2018-02-20,1838,1848,0.007538326618854008,1.0,0.7331291580030316,outer_03,none,0.0
1838,2018-02-21,1839,1849,0.0009433856165443899,1.0,0.7561551595559415,outer_03,none,0.0
1839,2018-02-22,1840,1850,-0.007885156380400993,0.0,0.6517783382256087,outer_03,none,0.0
1840,2018-02-23,1841,1851,-0.005255055087519445,0.0,0.6390565806634865,outer_03,none,0.0
1841,2018-02-26,1842,1852,-0.00734710701711716,0.0,0.5257363566613391,outer_03,none,0.0
1842,2018-02-27,1843,1853,0.00564246800008128,1.0,0.6446557121090989,outer_03,none,0.0
1843,2018-02-28,1844,1854,0.003617352080190983,1.0,0.6736263911122118,outer_03,none,0.0
1844,2018-03-01,1845,1855,-0.00041787121817282724,0.0,0.5670894391352883,outer_03,none,0.0
1845,2018-03-02,1846,1856,-0.008017184607179928,0.0,0.49774691208271504,outer_03,none,0.0
1846,2018-03-05,1847,1857,-0.00246412922985062,0.0,0.4212589374196055,outer_03,none,0.0
1847,2018-03-06,1848,1858,-0.021131717379004655,0.0,0.4523624727864298,outer_03,none,0.0
1848,2018-03-07,1849,1859,0.004658574655423742,1.0,0.5344386057876881,outer_03,none,0.0
1849,2018-03-08,1850,1860,0.00700624677262951,1.0,0.5990138994705106,outer_03,none,0.0
1850,2018-03-09,1851,1861,0.018937222836140855,1.0,0.5864699965816088,outer_03,none,0.0
1851,2018-03-12,1852,1862,0.021940471505018877,1.0,0.6219484850653119,outer_03,none,0.0
1852,2018-03-13,1853,1863,0.014793678645015795,1.0,0.48676338526381924,outer_03,none,0.0
1853,2018-03-14,1854,1864,0.0004229351763846978,1.0,0.5014848870786229,outer_03,none,0.0
1854,2018-03-15,1855,1865,0.007480010043388496,1.0,0.48305375991858956,outer_03,none,0.0
1855,2018-03-16,1856,1866,0.02070351857673458,1.0,0.44208388587281033,outer_03,none,0.0
1856,2018-03-19,1857,1867,0.011532725525490228,1.0,0.4490041273860965,outer_03,none,0.0
1857,2018-03-20,1858,1868,0.016305037849665638,1.0,0.36427891198102486,outer_03,none,0.0
1858,2018-03-21,1859,1869,-0.0034448038638270617,0.0,0.30059330153359287,outer_03,none,0.0
1859,2018-03-22,1860,1870,0.0021620818452037227,1.0,0.403233032804045,outer_03,none,0.0
1860,2018-03-23,1861,1871,-0.008596724527042632,0.0,0.4877961978940941,outer_03,none,0.0
1861,2018-03-26,1862,1872,-0.009924165181744549,0.0,0.6658061460584835,outer_03,none,0.0
1862,2018-03-27,1863,1873,0.005159044568651794,1.0,0.6734786314614847,outer_03,none,0.0
1863,2018-03-28,1864,1874,0.008406380569366156,1.0,0.5512649452880549,outer_03,none,0.0
1864,2018-03-29,1865,1875,0.01265901356358956,1.0,0.6578050968278503,outer_03,none,0.0
1865,2018-04-02,1866,1876,0.003930769996960848,1.0,0.6928234039753624,outer_03,none,0.0
1866,2018-04-03,1867,1877,0.010852067540781718,1.0,0.6729275982300902,outer_03,none,0.0
1867,2018-04-04,1868,1878,0.01198253142189909,1.0,0.5994783125774737,outer_03,none,0.0
1868,2018-04-05,1869,1879,0.013790329019745862,1.0,0.5101540731905846,outer_03,none,0.0
1869,2018-04-06,1870,1880,0.0008994896003331476,1.0,0.5391333914047006,outer_03,none,0.0
1870,2018-04-09,1871,1881,-0.00889014982020786,0.0,0.5213343441949384,outer_03,none,0.0
1871,2018-04-10,1872,1882,-0.007102217447366499,0.0,0.5292722325356787,outer_03,none,0.0
1872,2018-04-11,1873,1883,-0.02279266862566587,0.0,0.7068953546296918,outer_03,none,0.0
1873,2018-04-12,1874,1884,-0.013705970520830668,0.0,0.46951897052777447,outer_03,none,0.0
1874,2018-04-13,1875,1885,-0.01493948182114746,0.0,0.6830031148984882,outer_03,none,0.0
1875,2018-04-16,1876,1886,-0.022375088221323836,0.0,0.6774153629482761,outer_03,none,0.0
1876,2018-04-17,1877,1887,-0.032064834784704566,0.0,0.6838167040140024,outer_03,none,0.0
1877,2018-04-18,1878,1888,-0.032819224047294426,0.0,0.5790129913178863,outer_03,none,0.0
1878,2018-04-19,1879,1889,-0.025087658210641628,0.0,0.5565641122853614,outer_03,none,0.0
1879,2018-04-20,1880,1890,-0.014946043208787785,0.0,0.4182609702754564,outer_03,none,0.0
1880,2018-04-23,1881,1891,-0.007942203410720161,0.0,0.37374688420802804,outer_03,none,0.0
1881,2018-04-24,1882,1892,-0.011394992959990802,0.0,0.4117338411862996,outer_03,none,0.0
1882,2018-04-25,1883,1893,-0.007516320670843513,0.0,0.36568891378361,outer_03,none,0.0
1883,2018-04-26,1884,1894,0.0029712297879820326,1.0,0.2938365700681818,outer_03,none,0.0
1884,2018-04-27,1885,1895,-0.0035366901822984076,0.0,0.2845664726151428,outer_03,none,0.0
1885,2018-04-30,1886,1896,-0.0014979567481185896,0.0,0.3495988579790125,outer_03,none,0.0
1886,2018-05-01,1887,1897,-0.010727186440008474,0.0,0.28662754618407976,outer_03,none,0.0
1887,2018-05-02,1888,1898,-0.01128423686113944,0.0,0.25426308350173177,outer_03,none,0.0
1888,2018-05-03,1889,1899,-0.016789812078760846,0.0,0.25638838963939614,outer_03,none,0.0
1889,2018-05-04,1890,1900,-0.017933192637744177,0.0,0.2507932182027189,outer_03,none,0.0
1890,2018-05-07,1891,1901,-0.01663303808816785,0.0,0.2787841160155718,outer_03,none,0.0
1891,2018-05-08,1892,1902,-0.01823380857369461,0.0,0.25087068720052674,outer_03,none,0.0
1892,2018-05-09,1893,1903,-0.014036583770317357,0.0,0.3436229110743328,outer_03,none,0.0
1893,2018-05-10,1894,1904,-0.012520535821567869,0.0,0.2849983639761988,outer_03,none,0.0
1894,2018-05-11,1895,1905,-0.01428857709098974,0.0,0.3413421357386518,outer_03,none,0.0
1895,2018-05-14,1896,1906,-0.012635229243516122,0.0,0.30656881747523784,outer_03,none,0.0
1896,2018-05-15,1897,1907,0.006941121225302993,1.0,0.16096310288171142,outer_03,none,0.0
1897,2018-05-16,1898,1908,0.008284974839318338,1.0,0.3374261644433814,outer_03,none,0.0
1898,2018-05-17,1899,1909,0.006488062367397518,1.0,0.327482097970876,outer_03,none,0.0
1899,2018-05-18,1900,1910,0.001176215816419024,1.0,0.33172384076864636,outer_03,none,0.0
1900,2018-05-21,1901,1911,-0.0003404518757736952,0.0,0.3208236831653956,outer_03,none,0.0
1901,2018-05-22,1902,1912,0.004335283656556221,1.0,0.40580134266434964,outer_03,none,0.0
1902,2018-05-23,1903,1913,0.002092252868037825,1.0,0.2981945029587539,outer_03,none,0.0
1903,2018-05-24,1904,1914,-0.005795246299190815,0.0,0.3005401895461594,outer_03,none,0.0
1904,2018-05-25,1905,1915,-0.00023859827475813944,0.0,0.37313021184760714,outer_03,none,0.0
1905,2018-05-28,1906,1916,0.0017554940679209707,1.0,0.4832947169356608,outer_03,none,0.0
1906,2018-05-29,1907,1917,-0.0032676745374278227,0.0,0.29825740872141265,outer_03,none,0.0
1907,2018-05-30,1908,1918,-0.0014222292954881866,0.0,0.30060087063377483,outer_03,none,0.0
1908,2018-05-31,1909,1919,0.002514370521721432,1.0,0.2876302364093957,outer_03,none,0.0
1909,2018-06-01,1910,1920,-0.010815875780158635,0.0,0.26561042519828676,outer_03,none,0.0
1910,2018-06-04,1911,1921,-0.010346019646312321,0.0,0.30458821466813024,outer_03,none,0.0
1911,2018-06-05,1912,1922,-0.017031417441378593,0.0,0.3030343627141417,outer_03,none,0.0
1912,2018-06-06,1913,1923,-0.02227287879354556,0.0,0.2634523586709681,outer_03,none,0.0
1913,2018-06-07,1914,1924,-0.02333340414975993,0.0,0.2337157158572261,outer_03,none,0.0
1914,2018-06-08,1915,1925,-0.02157665781363516,0.0,0.24817934686705445,outer_03,none,0.0
1915,2018-06-11,1916,1926,-0.026408805312909678,0.0,0.23545555937612792,outer_03,none,0.0
1916,2018-06-12,1917,1927,-0.028977547130901726,0.0,0.1940588781839291,outer_03,none,0.0
1917,2018-06-13,1918,1928,-0.03725902733178721,0.0,0.20468316837277478,outer_03,none,0.0
1918,2018-06-14,1919,1929,-0.04247414136546013,0.0,0.17132995290197656,outer_03,none,0.0
1919,2018-06-15,1920,1930,-0.020854989486270625,0.0,0.38766120434044055,outer_03,none,0.0
1920,2018-06-18,1921,1931,-0.0293502821342555,0.0,0.658602769809462,outer_03,none,0.0
1921,2018-06-19,1922,1932,-0.01778151708534015,0.0,0.5808926084645124,outer_03,none,0.0
1922,2018-06-20,1923,1933,-0.009357154819701563,0.0,0.5709402035304171,outer_03,none,0.0
1923,2018-06-21,1924,1934,-0.008064751503793488,0.0,0.617448457135491,outer_03,none,0.0
1924,2018-06-22,1925,1935,-0.01276030327323685,0.0,0.5493892608266318,outer_03,none,0.0
1925,2018-06-25,1926,1936,-0.006656969996712725,0.0,0.5942620486869092,outer_03,none,0.0
1926,2018-06-26,1927,1937,-0.002179672639395669,0.0,0.6678661388069612,outer_03,none,0.0
1927,2018-06-27,1928,1938,-0.007896560551520437,0.0,0.5985643689059655,outer_03,none,0.0
1928,2018-06-28,1929,1939,-0.0009459525163864058,0.0,0.48544364085847375,outer_03,none,0.0
1929,2018-06-29,1930,1940,-0.009190120816024994,0.0,0.4528337885002621,outer_03,none,0.0
1930,2018-07-02,1931,1941,-0.0009344966885125316,0.0,0.5110735007890813,outer_03,none,0.0
1931,2018-07-03,1932,1942,-0.019999537625242425,0.0,0.48326886234362565,outer_03,none,0.0
1932,2018-07-04,1933,1943,-0.023567266917131846,0.0,0.6080719738859818,outer_03,none,0.0
1933,2018-07-05,1934,1944,-0.026967111078692874,0.0,0.5866110617079108,outer_03,none,0.0
1934,2018-07-06,1935,1945,-0.020003563634694466,0.0,0.5702279273803684,outer_03,none,0.0
1935,2018-07-09,1936,1946,-0.02650020726621438,0.0,0.5580094365701392,outer_03,none,0.0
1936,2018-07-10,1937,1947,-0.025225923525868943,0.0,0.5994916293458964,outer_03,none,0.0
1937,2018-07-11,1938,1948,-0.008892827975111928,0.0,0.5445058320884554,outer_03,none,0.0
1938,2018-07-12,1939,1949,-0.018831515041494384,0.0,0.6169810293332993,outer_03,none,0.0
1939,2018-07-13,1940,1950,-0.01455022606216172,0.0,0.5837863210123891,outer_03,none,0.0
1940,2018-07-16,1941,1951,-0.015587558270300228,0.0,0.5400950847006327,outer_03,none,0.0
1941,2018-07-17,1942,1952,-0.002887676368307446,0.0,0.6034529639062685,outer_03,none,0.0
1942,2018-07-18,1943,1953,-0.00856154196283132,0.0,0.6464931627609812,outer_03,none,0.0
1943,2018-07-19,1944,1954,-0.012391059819276684,0.0,0.6101657995129259,outer_03,none,0.0
1944,2018-07-20,1945,1955,-0.01373180333248225,0.0,0.5079000324275784,outer_03,none,0.0
1945,2018-07-23,1946,1956,-0.013696141487899993,0.0,0.6435554629537918,outer_03,none,0.0
1946,2018-07-24,1947,1957,-0.011012540311735819,0.0,0.6190353727984242,outer_03,none,0.0
1947,2018-07-25,1948,1958,-0.014592828525447743,0.0,0.5609722482448181,outer_03,none,0.0
1948,2018-07-26,1949,1959,-0.00904723508508809,0.0,0.6443771896400052,outer_03,none,0.0
1949,2018-07-27,1950,1960,-0.008892231756628455,0.0,0.6167281509929357,outer_03,none,0.0
1950,2018-07-30,1951,1961,-0.022794967657785214,0.0,0.5854387665947423,outer_03,none,0.0
1951,2018-07-31,1952,1962,-0.024703640891647893,0.0,0.6239016141277232,outer_03,none,0.0
1952,2018-08-01,1953,1963,-0.03425820052975137,0.0,0.6200384234804498,outer_03,none,0.0
1953,2018-08-02,1954,1964,-0.02937622302041376,0.0,0.6714848711833834,outer_03,none,0.0
1954,2018-08-03,1955,1965,-0.02515703762137811,0.0,0.6415837356425322,outer_03,none,0.0
1955,2018-08-06,1956,1966,-0.014776416882425814,0.0,0.7430090512854614,outer_03,none,0.0
1956,2018-08-07,1957,1967,-0.012430261500517403,0.0,0.7187974661909626,outer_03,none,0.0
1957,2018-08-08,1958,1968,-0.014716950756427316,0.0,0.6256407381658572,outer_03,none,0.0
1958,2018-08-09,1959,1969,-0.02272967298935935,0.0,0.6115823824174638,outer_03,none,0.0
1959,2018-08-10,1960,1970,-0.004388962746669556,0.0,0.5543973439934534,outer_03,none,0.0
1960,2018-08-13,1961,1971,0.013972166988915014,1.0,0.7274571124666573,outer_03,none,0.0
1961,2018-08-14,1962,1972,0.006019060384626407,1.0,0.8104618122204468,outer_03,none,0.0
1962,2018-08-15,1963,1973,0.02632725111315537,1.0,0.8546262900233249,outer_03,none,0.0
1963,2018-08-16,1964,1974,0.022168924771062137,1.0,0.8664876939363121,outer_03,none,0.0
1964,2018-08-17,1965,1975,0.014445711621570823,1.0,0.8573960266649826,outer_03,none,0.0
1965,2018-08-20,1966,1976,0.008615551151004652,1.0,0.8822242122294922,outer_03,none,0.0
1966,2018-08-21,1967,1977,-0.0036268189535286766,0.0,0.858349131911103,outer_03,none,0.0
1967,2018-08-22,1968,1978,0.0010363474697090425,1.0,0.8810881426509964,outer_03,none,0.0
1968,2018-08-23,1969,1979,0.012600611885067892,1.0,0.9128449798281689,outer_03,none,0.0
1969,2018-08-24,1970,1980,-0.00902837361395381,0.0,0.8364837086504878,outer_03,none,0.0
1970,2018-08-27,1971,1981,-0.012758508580996697,0.0,0.9024976120567816,outer_03,none,0.0
1971,2018-08-28,1972,1982,-0.0029006546806371603,0.0,0.904167245409936,outer_03,none,0.0
1972,2018-08-29,1973,1983,-0.0003646338370879576,0.0,0.8692516714035373,outer_03,none,0.0
1973,2018-08-30,1974,1984,0.0013574116331671604,1.0,0.8780380947569169,outer_03,none,0.0
1974,2018-08-31,1975,1985,-0.005855468105350425,0.0,0.8289078331347217,outer_03,none,0.0
1975,2018-09-03,1976,1986,0.000591161733249912,1.0,0.8058445359560642,outer_03,none,0.0
1976,2018-09-04,1977,1987,0.005214120874101447,1.0,0.8090672808394453,outer_03,none,0.0
1977,2018-09-05,1978,1988,0.005564501600571425,1.0,0.7984628679955721,outer_03,none,0.0
1978,2018-09-06,1979,1989,0.005334276570079233,1.0,0.680814673057233,outer_03,none,0.0
1979,2018-09-07,1980,1990,0.002112532776314957,1.0,0.6730272590980148,outer_03,none,0.0
1980,2018-09-10,1981,1991,0.002898443803458939,1.0,0.6616678851861013,outer_03,none,0.0
1981,2018-09-11,1982,1992,0.0027841239663386474,1.0,0.6467827699558412,outer_03,none,0.0
1982,2018-09-12,1983,1993,-0.009694824611496067,0.0,0.6970770809537403,outer_03,none,0.0
1983,2018-09-13,1984,1994,-0.015338019820959836,0.0,0.6614761116289463,outer_03,none,0.0
1984,2018-09-14,1985,1995,-0.0014923123546148886,0.0,0.6386058561554642,outer_03,none,0.0
1985,2018-09-17,1986,1996,-0.010518089260621366,0.0,0.6507734074804375,outer_03,none,0.0
1986,2018-09-18,1987,1997,0.0050209728577472745,1.0,0.5940987620221737,outer_03,none,0.0
1987,2018-09-19,1988,1998,-0.0048630694812947795,0.0,0.5545195862593528,outer_03,none,0.0
1988,2018-09-20,1989,1999,-0.005900947974171622,0.0,0.4929444665712633,outer_03,none,0.0
1989,2018-09-21,1990,2000,0.003580264100996544,1.0,0.6409375418550942,outer_03,none,0.0
1990,2018-09-24,1991,2001,-0.008989935416591877,0.0,0.6539594138063327,outer_03,none,0.0
1991,2018-09-25,1992,2002,-0.009929853758504414,0.0,0.5582589983678925,outer_03,none,0.0
1992,2018-09-26,1993,2003,-0.0005441584723708814,0.0,0.6213568307090559,outer_03,none,0.0
1993,2018-09-27,1994,2004,0.03313760227109519,1.0,0.740122936660173,outer_03,none,0.0
1994,2018-09-28,1995,2005,0.021489246493774594,1.0,0.6568906497587567,outer_03,none,0.0
1995,2018-10-01,1996,2006,0.031774196176769465,1.0,0.7142206461254806,outer_03,none,0.0
1996,2018-10-02,1997,2007,0.01720198046334609,1.0,0.5810695796572903,outer_03,none,0.0
1997,2018-10-03,1998,2008,0.0198276693459567,1.0,0.6700514128985555,outer_03,none,0.0
1998,2018-10-04,1999,2009,0.02129459629794006,1.0,0.6143786165042295,outer_03,none,0.0
1999,2018-10-05,2000,2010,0.020418777990090398,1.0,0.5974236585267524,outer_03,none,0.0
2000,2018-10-08,2001,2011,0.028090219503119407,1.0,0.7698530650300243,outer_03,none,0.0
2001,2018-10-09,2002,2012,0.03422181380582501,1.0,0.7018361015621388,outer_03,none,0.0
2002,2018-10-10,2003,2013,0.032736336182887626,1.0,0.6744493340983109,outer_03,none,0.0
2003,2018-10-11,2004,2014,0.007225247190815409,1.0,0.5954841138748879,outer_03,none,0.0
2004,2018-10-12,2005,2015,0.012388253456152576,1.0,0.7929861082326348,outer_03,none,0.0
2005,2018-10-15,2006,2016,0.001921245818388151,1.0,0.836763075169426,outer_03,none,0.0
2006,2018-10-16,2007,2017,-0.0020185764862059585,0.0,0.8480938220026096,outer_03,none,0.0
2007,2018-10-17,2008,2018,-0.005465167094819812,0.0,0.8357406877946995,outer_03,none,0.0
2008,2018-10-18,2009,2019,0.007171462094611947,1.0,0.777559400777687,outer_03,none,0.0
2009,2018-10-19,2010,2020,0.004176932212737405,1.0,0.7777020445770392,outer_03,none,0.0
2010,2018-10-22,2011,2021,0.007548866838690493,1.0,0.7651549771784202,outer_03,none,0.0
2011,2018-10-23,2012,2022,-0.002994233460045237,0.0,0.769507860363785,outer_03,none,0.0
2012,2018-10-24,2013,2023,-0.006121198964220476,0.0,0.8349867368198222,outer_03,none,0.0
2013,2018-10-25,2014,2024,-0.007192546880976813,0.0,0.7590981966559921,outer_03,none,0.0
2014,2018-10-26,2015,2025,-0.019285145069940945,0.0,0.6714864949718863,outer_03,none,0.0
2015,2018-10-29,2016,2026,-0.023410445206704544,0.0,0.6708756507263502,outer_03,none,0.0
2016,2018-10-30,2017,2027,-0.016305314167492035,0.0,0.5652541515585969,outer_03,none,0.0
2017,2018-10-31,2018,2028,-0.0035527529960726056,0.0,0.39112782904005683,outer_03,none,0.0
2018,2018-11-01,2019,2029,-0.017193196673656708,0.0,0.6388857673972688,outer_03,none,0.0
2019,2018-11-02,2020,2030,-0.009124002230054273,0.0,0.6292357675944548,outer_03,none,0.0
2020,2018-11-05,2021,2031,-0.00609335772602293,0.0,0.6308681285256552,outer_03,none,0.0
2021,2018-11-06,2022,2032,-0.004360899342403357,0.0,0.5503551144020714,outer_03,none,0.0
2022,2018-11-07,2023,2033,-0.0007912522182458304,0.0,0.5686574967099504,outer_03,none,0.0
2023,2018-11-08,2024,2034,0.0030446144903333305,1.0,0.5449314451895122,outer_03,none,0.0
2024,2018-11-09,2025,2035,0.011484882424035447,1.0,0.5822398773399474,outer_03,none,0.0
2025,2018-11-12,2026,2036,0.017561974461419716,1.0,0.5915231687680128,outer_03,none,0.0
2026,2018-11-13,2027,2037,0.010167405740698854,1.0,0.5773974117986405,outer_03,none,0.0
2027,2018-11-14,2028,2038,0.007830597282143081,1.0,0.554100809423649,outer_03,none,0.0
2028,2018-11-15,2029,2039,0.008886832128232491,1.0,0.5119748905661342,outer_03,none,0.0
2029,2018-11-16,2030,2040,0.0007935047556264507,1.0,0.4971627236893878,outer_03,none,0.0
2030,2018-11-19,2031,2041,0.005573450972583771,1.0,0.556009609615131,outer_03,none,0.0
2031,2018-11-20,2032,2042,0.013567162935144594,1.0,0.5573285238428632,outer_03,none,0.0
2032,2018-11-21,2033,2043,0.00961561488062479,1.0,0.5949707611800975,outer_03,none,0.0
2033,2018-11-22,2034,2044,0.008715111760460914,1.0,0.629792287362174,outer_03,none,0.0
2034,2018-11-23,2035,2045,0.021845980315379876,1.0,0.579830316112405,outer_03,none,0.0
2035,2018-11-26,2036,2046,0.018159029435143026,1.0,0.5210781941960846,outer_03,none,0.0
2036,2018-11-27,2037,2047,0.022970250028904182,1.0,0.4754655724985585,outer_03,none,0.0
2037,2018-11-28,2038,2048,0.020452899284221893,1.0,0.48655715263950994,outer_03,none,0.0
2038,2018-11-29,2039,2049,0.014299920451883885,1.0,0.48045191481281313,outer_03,none,0.0
2039,2018-11-30,2040,2050,0.011722567823437835,1.0,0.4480327768140318,outer_03,none,0.0
2040,2018-12-03,2041,2051,0.012130856734818174,1.0,0.4740049285167769,outer_03,none,0.0
2041,2018-12-04,2042,2052,0.009034269265026929,1.0,0.5478970405994807,outer_03,none,0.0
2042,2018-12-05,2043,2053,0.005617607429122096,1.0,0.6870282675706763,outer_03,none,0.0
2043,2018-12-06,2044,2054,0.018245423536256133,1.0,0.4741683009223454,outer_03,none,0.0
2044,2018-12-07,2045,2055,0.006441143406981986,1.0,0.5086080627317119,outer_03,none,0.0
2045,2018-12-10,2046,2056,0.021930354966877452,1.0,0.4627804354994293,outer_03,none,0.0
2046,2018-12-11,2047,2057,0.01872713905069734,1.0,0.4493372699792376,outer_03,none,0.0
2047,2018-12-12,2048,2058,0.023498947278478788,1.0,0.5196776340415453,outer_03,none,0.0
2048,2018-12-13,2049,2059,0.030308114095014993,1.0,0.5060650297851287,outer_03,none,0.0
2049,2018-12-14,2050,2060,0.03562931934921387,1.0,0.3945086331871372,outer_03,none,0.0
2050,2018-12-17,2051,2061,0.03315255634638081,1.0,0.47292593118304727,outer_03,none,0.0
2051,2018-12-18,2052,2062,0.03450787456998672,1.0,0.4588972918236424,outer_03,none,0.0
2052,2018-12-19,2053,2063,0.032506410101515115,1.0,0.3355421447509076,outer_03,none,0.0
2053,2018-12-20,2054,2064,0.022474442510167947,1.0,0.5816464347183331,outer_03,none,0.0
2054,2018-12-21,2055,2065,0.020558311236977822,1.0,0.6324324086211363,outer_03,none,0.0
2055,2018-12-24,2056,2066,0.016060469324243876,1.0,0.7567733136349385,outer_03,none,0.0
2056,2018-12-26,2057,2067,0.015744039467799453,1.0,0.7369227127767458,outer_03,none,0.0
2057,2018-12-27,2058,2068,0.009901032357169548,1.0,0.7091819454392329,outer_03,none,0.0
2058,2018-12-28,2059,2069,0.009703378989886602,1.0,0.7252372352617553,outer_03,none,0.0
2059,2018-12-31,2060,2070,0.005731432329190156,1.0,0.7518865184770679,outer_03,none,0.0
2060,2019-01-02,2061,2071,0.0046641803326457065,1.0,0.7003678217985243,outer_03,none,0.0
2061,2019-01-03,2062,2072,-0.001098263771013741,0.0,0.6425632113363049,outer_03,none,0.0
2062,2019-01-04,2063,2073,-0.002188585186661207,0.0,0.6951296899420251,outer_03,none,0.0
2063,2019-01-07,2064,2074,-0.007021396533797741,0.0,0.7724207013813327,outer_03,none,0.0
2064,2019-01-08,2065,2075,0.00021793953820825607,1.0,0.7480725283862178,outer_03,none,0.0
2065,2019-01-09,2066,2076,-0.00792003394558538,0.0,0.7370364811898499,outer_03,none,0.0
2066,2019-01-10,2067,2077,-0.005001802347132767,0.0,0.682388553059592,outer_03,none,0.0
2067,2019-01-11,2068,2078,0.010987212458843487,1.0,0.6986790537341282,outer_03,none,0.0
2068,2019-01-14,2069,2079,0.008260434099006453,1.0,0.6751367156000868,outer_03,none,0.0
2069,2019-01-15,2070,2080,0.01686256118765428,1.0,0.6566000870705878,outer_03,none,0.0
2070,2019-01-16,2071,2081,0.020352653561299228,1.0,0.6341881738143298,outer_03,none,0.0
2071,2019-01-17,2072,2082,0.021974028086939157,1.0,0.6082062490870005,outer_03,none,0.0
2072,2019-01-18,2073,2083,0.026977210279224728,1.0,0.5018757305983162,outer_03,none,0.0
2073,2019-01-21,2074,2084,0.024400300008959874,1.0,0.5781195245388047,outer_03,none,0.0
2074,2019-01-22,2075,2085,0.022851542540040626,1.0,0.5789634352086516,outer_03,none,0.0
2075,2019-01-23,2076,2086,0.019018483115382345,1.0,0.5911435085927078,outer_03,none,0.0
2076,2019-01-24,2077,2087,0.02287874519213773,1.0,0.5963188901149595,outer_03,none,0.0
2077,2019-01-25,2078,2088,0.00831232012432448,1.0,0.38782488628446377,outer_03,none,0.0
2078,2019-01-28,2079,2089,0.0032713943314792715,1.0,0.5969394818184113,outer_03,none,0.0
2079,2019-01-29,2080,2090,-0.0002974113793214883,0.0,0.6126747487571074,outer_03,none,0.0
2080,2019-01-30,2081,2091,-0.010537794143191448,0.0,0.6363084510390367,outer_03,none,0.0
2081,2019-01-31,2082,2092,-0.006333653214674939,0.0,0.5943619451399075,outer_03,none,0.0
2082,2019-02-01,2083,2093,-0.0001821659536878073,0.0,0.5982468883672264,outer_03,none,0.0
2083,2019-02-04,2084,2094,0.010970583759772445,1.0,0.6723886095974392,outer_03,none,0.0
2084,2019-02-05,2085,2095,0.019070010680762195,1.0,0.6696145773409342,outer_03,none,0.0
2085,2019-02-06,2086,2096,0.023897390301949706,1.0,0.6481411382467316,outer_03,none,0.0
2086,2019-02-07,2087,2097,0.010827004457512501,1.0,0.6124866216153183,outer_03,none,0.0
2087,2019-02-08,2088,2098,0.010853659324816078,1.0,0.5652959458383061,outer_03,none,0.0
2088,2019-02-11,2089,2099,0.015053745700731369,1.0,0.576197652396565,outer_03,none,0.0
2089,2019-02-12,2090,2100,0.013567619066329861,1.0,0.5701951041562234,outer_03,none,0.0
2090,2019-02-13,2091,2101,0.010302971452180287,1.0,0.5405724627305925,outer_03,none,0.0
2091,2019-02-14,2092,2102,0.0011725473027164313,1.0,0.5447547595755245,outer_03,none,0.0
2092,2019-02-15,2093,2103,-0.017072707803069243,0.0,0.6136262306630744,outer_03,none,0.0
2093,2019-02-18,2094,2104,-0.03011964654562682,0.0,0.6361651573384028,outer_03,none,0.0
2094,2019-02-19,2095,2105,-0.04010982470216273,0.0,0.6275007733711333,outer_03,none,0.0
2095,2019-02-20,2096,2106,-0.040004572563726803,0.0,0.5997085504137991,outer_03,none,0.0
2096,2019-02-21,2097,2107,-0.03043849914585639,0.0,0.6832399488461167,outer_03,none,0.0
2097,2019-02-22,2098,2108,-0.023336627865855775,0.0,0.7449080387873841,outer_03,none,0.0
2098,2019-02-25,2099,2109,-0.026090493980007068,0.0,0.7463282904774772,outer_03,none,0.0
2099,2019-02-26,2100,2110,-0.021385333258000294,0.0,0.7264814644621235,outer_03,none,0.0
2100,2019-02-27,2101,2111,-0.007757341792733463,0.0,0.7358997524183143,outer_03,none,0.0
2101,2019-02-28,2102,2112,-0.013838028834972427,0.0,0.6981516971521254,outer_03,none,0.0
2102,2019-03-01,2103,2113,0.005528832472057488,1.0,0.773583325778023,outer_03,none,0.0
2103,2019-03-04,2104,2114,0.012717188797565449,1.0,0.8266879861874026,outer_03,none,0.0
2104,2019-03-05,2105,2115,0.014958680690109638,1.0,0.7897367613760126,outer_03,none,0.0
2105,2019-03-06,2106,2116,0.02124917012433425,1.0,0.767363138826568,outer_03,none,0.0
2106,2019-03-07,2107,2117,0.01899296394635641,1.0,0.7496296125343406,outer_03,none,0.0
2107,2019-03-08,2108,2118,0.011759249967401075,1.0,0.6522982723838423,outer_03,none,0.0
2108,2019-03-11,2109,2119,0.022066495586437362,1.0,0.757204807889831,outer_03,none,0.0
2109,2019-03-12,2110,2120,0.011958254723225537,1.0,0.7529766609454152,outer_03,none,0.0
2110,2019-03-13,2111,2121,-0.0003665381278867841,0.0,0.7868325863220994,outer_03,none,0.0
2111,2019-03-14,2112,2122,-0.0039116905687066605,0.0,0.7914863713266633,outer_03,none,0.0
2112,2019-03-15,2113,2123,-0.0077783609039521195,0.0,0.7866492187601227,outer_03,none,0.0
2113,2019-03-18,2114,2124,-0.012352031057019985,0.0,0.7684299894012411,outer_03,none,0.0
2114,2019-03-19,2115,2125,-0.011112850144197495,0.0,0.770340295403361,outer_03,none,0.0
2115,2019-03-20,2116,2126,-0.0182455705345399,0.0,0.7656781718713717,outer_03,none,0.0
2116,2019-03-21,2117,2127,-0.012614074837158817,0.0,0.7166093729315347,outer_03,none,0.0
2117,2019-03-22,2118,2128,-0.015374521458059398,0.0,0.6739652603080094,outer_03,none,0.0
2118,2019-03-25,2119,2129,-0.01840741831469117,0.0,0.7022420874700246,outer_03,none,0.0
2119,2019-03-26,2120,2130,-0.009309775282206445,0.0,0.7196733003203606,outer_03,none,0.0
2120,2019-03-27,2121,2131,-0.0009628022872920639,0.0,0.6070828557191261,outer_03,none,0.0
2121,2019-03-28,2122,2132,0.0010760805389145034,1.0,0.5089267948566263,outer_03,none,0.0
2122,2019-03-29,2123,2133,-0.0007199898118930292,0.0,0.5779383030383447,outer_03,none,0.0
2123,2019-04-01,2124,2134,0.00036502444904140674,1.0,0.5508615067422523,outer_03,none,0.0
2124,2019-04-02,2125,2135,-0.012044164263056878,0.0,0.6354809382125768,outer_03,none,0.0
2125,2019-04-03,2126,2136,-0.012578880303005135,0.0,0.6591284953188937,outer_03,none,0.0
2126,2019-04-04,2127,2137,-0.013253271710208736,0.0,0.6452272544018129,outer_03,none,0.0
2127,2019-04-05,2128,2138,-0.013180737831129719,0.0,0.6539264516133579,outer_03,none,0.0
2128,2019-04-08,2129,2139,-0.01995459063662608,0.0,0.6338115368502196,outer_03,none,0.0
2129,2019-04-09,2130,2140,-0.022280164095724864,0.0,0.6026776866982483,outer_03,none,0.0
2130,2019-04-10,2131,2141,-0.023765516770335893,0.0,0.6654145987461274,outer_03,none,0.0
2131,2019-04-11,2132,2142,-0.005042014451309917,0.0,0.48890659858147606,outer_03,none,0.0
2132,2019-04-12,2133,2143,-0.00879774492126284,0.0,0.5871841797342745,outer_03,none,0.0
2133,2019-04-15,2134,2144,-0.0036484608432569843,0.0,0.5543448775430013,outer_03,none,0.0
2134,2019-04-16,2135,2145,0.0002662719592203544,1.0,0.43003658948897866,outer_03,none,0.0
2135,2019-04-17,2136,2146,-0.0029393524726968323,0.0,0.4510766940736435,outer_03,none,0.0
2136,2019-04-18,2137,2147,0.0053473554878218366,1.0,0.47845975647820227,outer_03,none,0.0
2137,2019-04-22,2138,2148,0.004756363158838539,1.0,0.5204027529199364,outer_03,none,0.0
2138,2019-04-23,2139,2149,0.009209587598627778,1.0,0.5839531094348579,outer_03,none,0.0
2139,2019-04-24,2140,2150,0.004388219099591417,1.0,0.4762044843191444,outer_03,none,0.0
2140,2019-04-25,2141,2151,0.005543078336279095,1.0,0.4266687311152143,outer_03,none,0.0
2141,2019-04-26,2142,2152,0.0009405181315518263,1.0,0.3871363286307021,outer_03,none,0.0
2142,2019-04-29,2143,2153,0.016028244704835437,1.0,0.4808256531085205,outer_03,none,0.0
2143,2019-04-30,2144,2154,0.010782339739725089,1.0,0.5139063143060967,outer_03,none,0.0
2144,2019-05-01,2145,2155,0.015069198816606288,1.0,0.43415672401797034,outer_03,none,0.0
2145,2019-05-02,2146,2156,0.012530178878584763,1.0,0.38610747681587565,outer_03,none,0.0
2146,2019-05-03,2147,2157,-0.0033348333227340987,0.0,0.40562735482495216,outer_03,none,0.0
2147,2019-05-06,2148,2158,-0.0029622472195995897,0.0,0.43403914607582617,outer_03,none,0.0
2148,2019-05-07,2149,2159,-0.007356164519131347,0.0,0.4484617970108818,outer_03,none,0.0
2149,2019-05-08,2150,2160,-0.0059416113766834755,0.0,0.4067679243375857,outer_03,none,0.0
2150,2019-05-09,2151,2161,-0.0007321100672799119,0.0,0.3609354979155648,outer_03,none,0.0
2151,2019-05-10,2152,2162,-0.0014928044943935959,0.0,0.27936887328620463,outer_03,none,0.0
2152,2019-05-13,2153,2163,-0.011903659404755018,0.0,0.28814732916438546,outer_03,none,0.0
2153,2019-05-14,2154,2164,-0.013701343420149392,0.0,0.44564661727743465,outer_03,none,0.0
2154,2019-05-15,2155,2165,-0.01276968195309447,0.0,0.4317019058868823,outer_03,none,0.0
2155,2019-05-16,2156,2166,0.0013593132513305406,1.0,0.43190682180353007,outer_03,none,0.0
2156,2019-05-17,2157,2167,0.021897442672053735,1.0,0.4024749448264315,outer_03,none,0.0
2157,2019-05-20,2158,2168,0.036393083363866374,1.0,0.3992609335300149,outer_03,none,0.0
2158,2019-05-21,2159,2169,0.03903963027719026,1.0,0.39572903832990364,outer_03,none,0.0
2159,2019-05-22,2160,2170,0.044930248952145924,1.0,0.4087929577150936,outer_03,none,0.0
2160,2019-05-23,2161,2171,0.04002229191087103,1.0,0.3037080706794327,outer_03,none,0.0
2161,2019-05-24,2162,2172,0.037724478019178775,1.0,0.3704753606526069,outer_03,none,0.0
2162,2019-05-27,2163,2173,0.032804882496948906,1.0,0.507049171649748,outer_03,none,0.0
2163,2019-05-28,2164,2174,0.036439383376283274,1.0,0.34884550507626355,outer_03,none,0.0
2164,2019-05-29,2165,2175,0.041066964512656234,1.0,0.3644896214979646,outer_03,none,0.0
2165,2019-05-30,2166,2176,0.04104645294539644,1.0,0.4730907122959761,outer_03,none,0.0
2166,2019-05-31,2167,2177,0.026561495056742324,1.0,0.5365911429977392,outer_03,none,0.0
2167,2019-06-03,2168,2178,0.011370027139560257,1.0,0.7622403968675676,outer_03,none,0.0
2168,2019-06-04,2169,2179,0.015647662589524103,1.0,0.8196909959167799,outer_03,none,0.0
2169,2019-06-05,2170,2180,0.020285726308423513,1.0,0.8313736417636652,outer_03,none,0.0
2170,2019-06-06,2171,2181,0.03782626995543481,1.0,0.8242570035938087,outer_03,none,0.0
2171,2019-06-07,2172,2182,0.04773276802825599,1.0,0.7880281343039102,outer_03,none,0.0
2172,2019-06-10,2173,2183,0.0655281973534203,1.0,0.7791733279213949,outer_03,none,0.0
2173,2019-06-11,2174,2184,0.06761575270513731,1.0,0.8169344855193889,outer_03,none,0.0
2174,2019-06-12,2175,2185,0.05420060074731836,1.0,0.7991193972448539,outer_03,none,0.0
2175,2019-06-13,2176,2186,0.04830508272070855,1.0,0.7686574785218253,outer_03,none,0.0
2176,2019-06-14,2177,2187,0.03652227984116063,1.0,0.6774780888896048,outer_03,none,0.0
2177,2019-06-17,2178,2188,0.032235039391006914,1.0,0.6637086066020893,outer_03,none,0.0
2178,2019-06-18,2179,2189,0.05523791620900376,1.0,0.6662687135032603,outer_03,none,0.0
2179,2019-06-19,2180,2190,0.043660540392101765,1.0,0.7405419282225769,outer_03,none,0.0
2180,2019-06-20,2181,2191,0.020679889109125327,1.0,0.8134915428298817,outer_03,none,0.0
2181,2019-06-21,2182,2192,-0.0005573498872379901,0.0,0.8664462192831313,outer_03,none,0.0
2182,2019-06-24,2183,2193,-0.01657525975384555,0.0,0.8810543211956602,outer_03,none,0.0
2183,2019-06-25,2184,2194,-0.017056786218176967,0.0,0.8384639762602966,outer_03,none,0.0
2184,2019-06-26,2185,2195,0.00787408428414249,1.0,0.8578558650698308,outer_03,none,0.0
2185,2019-06-27,2186,2196,-0.0029788057757897946,0.0,0.8647630266737937,outer_03,none,0.0
2186,2019-06-28,2187,2197,0.01769869465548979,1.0,0.834892430332414,outer_03,none,0.0
2187,2019-07-01,2188,2198,0.021799189389770213,1.0,0.8041186322779906,outer_03,none,0.0
2188,2019-07-02,2189,2199,-0.011389024757353816,0.0,0.8195560935074898,outer_03,none,0.0
2189,2019-07-03,2190,2200,0.004328220244601333,1.0,0.8726347479988968,outer_03,none,0.0
2190,2019-07-04,2191,2201,0.02216168786096606,1.0,0.8643526982995898,outer_03,none,0.0
2191,2019-07-05,2192,2202,0.019359804518769508,1.0,0.7094105001350077,outer_03,none,0.0
2192,2019-07-08,2193,2203,0.021296115881873412,1.0,0.7808587961546397,outer_03,none,0.0
2193,2019-07-09,2194,2204,0.015294286114423628,1.0,0.7199359491313013,outer_03,none,0.0
2194,2019-07-10,2195,2205,0.0043384931163696905,1.0,0.7033227469055527,outer_03,none,0.0
2195,2019-07-11,2196,2206,0.00732796298854943,1.0,0.6902715854920033,outer_03,none,0.0
2196,2019-07-12,2197,2207,0.0029817416981829936,1.0,0.6978548527940754,outer_03,none,0.0
2197,2019-07-15,2198,2208,0.007950270207063959,1.0,0.6835807583772089,outer_03,none,0.0
2198,2019-07-16,2199,2209,0.016982837097586412,1.0,0.7201551168670076,outer_03,none,0.0
2199,2019-07-17,2200,2210,-0.007353621090312679,0.0,0.5822223338045652,outer_03,none,0.0
2200,2019-07-18,2201,2211,-0.001755526210089009,0.0,0.6001682799107994,outer_03,none,0.0
2201,2019-07-19,2202,2212,0.009662652402382399,1.0,0.6611490278706923,outer_03,none,0.0
2202,2019-07-22,2203,2213,0.029639687514891655,1.0,0.6588159464840596,outer_03,none,0.0
2203,2019-07-23,2204,2214,0.039697165664104084,1.0,0.6607186076224605,outer_03,none,0.0
2204,2019-07-24,2205,2215,0.050351255006344076,1.0,0.6099620580691022,outer_03,none,0.0
2205,2019-07-25,2206,2216,0.0626664170122666,1.0,0.6008818063659104,outer_03,none,0.0
2206,2019-07-26,2207,2217,0.051643400258566174,1.0,0.5606555809274084,outer_03,none,0.0
2207,2019-07-29,2208,2218,0.057763378895666406,1.0,0.5246662718270091,outer_03,none,0.0
2208,2019-07-30,2209,2219,0.04847155907774514,1.0,0.5257205756722029,outer_03,none,0.0
2209,2019-07-31,2210,2220,0.07005221530587669,1.0,0.5450258315059004,outer_03,none,0.0
2210,2019-08-01,2211,2221,0.05140915732010143,1.0,0.4720380368791116,outer_03,none,0.0
2211,2019-08-02,2212,2222,0.046887613917536264,1.0,0.5030887623433903,outer_03,none,0.0
2212,2019-08-05,2213,2223,0.01954780523496069,1.0,0.5597209313133027,outer_03,none,0.0
2213,2019-08-06,2214,2224,0.02142915182364291,1.0,0.5598293624418971,outer_03,none,0.0
2214,2019-08-07,2215,2225,0.0020128643447590022,1.0,0.6195155390924109,outer_03,none,0.0
2215,2019-08-08,2216,2226,-0.005191566730804453,0.0,0.6078339403891483,outer_03,none,0.0
2216,2019-08-09,2217,2227,0.032674458630507,1.0,0.5960491695021817,outer_03,none,0.0
2217,2019-08-12,2218,2228,0.011034485747891232,1.0,0.6483583553969031,outer_03,none,0.0
2218,2019-08-13,2219,2229,0.025861073502688292,1.0,0.7240867197443878,outer_03,none,0.0
2219,2019-08-14,2220,2230,0.013363577461090514,1.0,0.6202011520589865,outer_03,none,0.0
2220,2019-08-15,2221,2231,0.0037253517561177674,1.0,0.5249573299672226,outer_03,none,0.0
2221,2019-08-16,2222,2232,0.013136866976462436,1.0,0.6207258449228977,outer_03,none,0.0
2222,2019-08-19,2223,2233,0.020090308415435132,1.0,0.6060672268918645,outer_03,none,0.0
2223,2019-08-20,2224,2234,0.026211356291989674,1.0,0.6212227880229113,outer_03,none,0.0
2224,2019-08-21,2225,2235,0.0324791919627323,1.0,0.533966738726455,outer_03,none,0.0
2225,2019-08-22,2226,2236,0.013198776952386915,1.0,0.48181901886519907,outer_03,none,0.0
2226,2019-08-23,2227,2237,-0.027700385512516412,0.0,0.49467186334366364,outer_03,none,0.0
2227,2019-08-26,2228,2238,-0.01913734745550144,0.0,0.5396572569621149,outer_03,none,0.0
2228,2019-08-27,2229,2239,-0.03612924498184089,0.0,0.6460860211304663,outer_03,none,0.0
2229,2019-08-28,2230,2240,-0.027856440565363627,0.0,0.5249739758454606,outer_03,none,0.0
2230,2019-08-29,2231,2241,-0.019774870452414106,0.0,0.607785369843357,outer_03,none,0.0
2231,2019-08-30,2232,2242,-0.01893063364016445,0.0,0.5823786968677442,outer_03,none,0.0
2232,2019-09-02,2233,2243,-0.018788150990943997,0.0,0.5213462215194351,outer_03,none,0.0
2233,2019-09-03,2234,2244,-0.02956908337526709,0.0,0.35141336580891575,outer_03,none,0.0
2234,2019-09-04,2235,2245,-0.03846969322317051,0.0,0.37896996146269935,outer_03,none,0.0
2235,2019-09-05,2236,2246,-0.012765115475078304,0.0,0.4587015571108522,outer_03,none,0.0
2236,2019-09-06,2237,2247,0.006047483070906523,1.0,0.568757112882969,outer_03,none,0.0
2237,2019-09-09,2238,2248,0.016396685621218765,1.0,0.6455913910648355,outer_03,none,0.0
2238,2019-09-10,2239,2249,0.031139399709451787,1.0,0.6583843928563257,outer_03,none,0.0
2239,2019-09-11,2240,2250,0.004612726483051333,1.0,0.6663362563443758,outer_03,none,0.0
2240,2019-09-12,2241,2251,0.004217798941308359,1.0,0.6919941631000204,outer_03,none,0.0
2241,2019-09-13,2242,2252,-0.0029763515645671035,0.0,0.7620520098058525,outer_03,none,0.0
2242,2019-09-16,2243,2253,-0.01720432012483819,0.0,0.6399021706844432,outer_03,none,0.0
2243,2019-09-17,2244,2254,-0.014362000726845459,0.0,0.6707218997034267,outer_03,none,0.0
2244,2019-09-18,2245,2255,0.004057695625443003,1.0,0.6740828491615883,outer_03,none,0.0
2245,2019-09-19,2246,2256,0.004558727194291734,1.0,0.5206616787393847,outer_03,none,0.0
2246,2019-09-20,2247,2257,-0.0027141909180583568,0.0,0.5597637259419975,outer_03,none,0.0
2247,2019-09-23,2248,2258,-0.019705855031901365,0.0,0.5846837685473978,outer_03,none,0.0
2248,2019-09-24,2249,2259,-0.017659864032707695,0.0,0.5397204582016367,outer_03,none,0.0
2249,2019-09-25,2250,2260,0.0013557702052793275,1.0,0.6232871787654845,outer_03,none,0.0
2250,2019-09-26,2251,2261,-0.006330042714790984,0.0,0.6826343745684569,outer_03,none,0.0
2251,2019-09-27,2252,2262,-0.006584706023817333,0.0,0.6222413032954089,outer_03,none,0.0
2252,2019-09-30,2253,2263,0.013111846025982032,1.0,0.6861856569469603,outer_03,none,0.0
2253,2019-10-01,2254,2264,0.000695675694605491,1.0,0.7442891335404683,outer_03,none,0.0
2254,2019-10-02,2255,2265,-0.00600212578267012,0.0,0.6779250445652454,outer_03,none,0.0
2255,2019-10-03,2256,2266,-0.009379592583959706,0.0,0.6207892865755862,outer_03,none,0.0
2256,2019-10-04,2257,2267,-0.011252776912567874,0.0,0.5820348821804463,outer_03,none,0.0
2257,2019-10-07,2258,2268,-0.005937087186777212,0.0,0.6802737234881128,outer_03,none,0.0
2258,2019-10-08,2259,2269,-0.012369997231729712,0.0,0.6336425841292534,outer_03,none,0.0
2259,2019-10-09,2260,2270,-0.00958956708587344,0.0,0.6031767622294998,outer_03,none,0.0
2260,2019-10-10,2261,2271,0.005718133072089238,1.0,0.6534210330527145,outer_03,none,0.0
2261,2019-10-11,2262,2272,0.01127876773110259,1.0,0.6661332356625366,outer_03,none,0.0
2262,2019-10-14,2263,2273,-0.00037531248555655594,0.0,0.5887829154174598,outer_04,none,0.0
2263,2019-10-15,2264,2274,0.004244602933986208,1.0,0.5999416981673562,outer_04,none,0.0
2264,2019-10-16,2265,2275,0.0038717158916119487,1.0,0.5377746665351215,outer_04,none,0.0
2265,2019-10-17,2266,2276,0.0136532024647682,1.0,0.5294341730303395,outer_04,none,0.0
2266,2019-10-18,2267,2277,0.014006633056128592,1.0,0.5889489030844964,outer_04,none,0.0
2267,2019-10-21,2268,2278,0.016236292208390957,1.0,0.573934282316664,outer_04,none,0.0
2268,2019-10-22,2269,2279,-0.0028401844347039074,0.0,0.6056767999790774,outer_04,none,0.0
2269,2019-10-23,2270,2280,-0.001033168833853182,0.0,0.5299098060557053,outer_04,none,0.0
2270,2019-10-24,2271,2281,-0.023507211386298188,0.0,0.45144184247442065,outer_04,none,0.0
2271,2019-10-25,2272,2282,-0.029068930297412976,0.0,0.43432797389868205,outer_04,none,0.0
2272,2019-10-28,2273,2283,-0.024991120080290585,0.0,0.503268354593127,outer_04,none,0.0
2273,2019-10-29,2274,2284,-0.02044435959451807,0.0,0.5488660331800715,outer_04,none,0.0
2274,2019-10-30,2275,2285,-0.02147553950236425,0.0,0.5259519921171129,outer_04,none,0.0
2275,2019-10-31,2276,2286,-0.02766531077043055,0.0,0.41358248563851396,outer_04,none,0.0
2276,2019-11-01,2277,2287,-0.030090777732963758,0.0,0.44791701051567695,outer_04,none,0.0
2277,2019-11-04,2278,2288,-0.025630036120382726,0.0,0.5024349191073476,outer_04,none,0.0
2278,2019-11-05,2279,2289,-0.006789819753758586,0.0,0.5484277008055722,outer_04,none,0.0
2279,2019-11-06,2280,2290,-0.01004497954381467,0.0,0.6078013536761387,outer_04,none,0.0
2280,2019-11-07,2281,2291,-0.0025507434170357612,0.0,0.5411381956810459,outer_04,none,0.0
2281,2019-11-08,2282,2292,0.00011641403692586039,1.0,0.5722653475778922,outer_04,none,0.0
2282,2019-11-11,2283,2293,-3.436508782339587e-05,0.0,0.6113473914466451,outer_04,none,0.0
2283,2019-11-12,2284,2294,0.0026178743020990325,1.0,0.6014074669921071,outer_04,none,0.0
2284,2019-11-13,2285,2295,-0.0056443531796057655,0.0,0.6077898072102554,outer_04,none,0.0
2285,2019-11-14,2286,2296,-0.010818082616389724,0.0,0.5822937156726573,outer_04,none,0.0
2286,2019-11-15,2287,2297,-0.003699309404566975,0.0,0.6142401850582818,outer_04,none,0.0
2287,2019-11-18,2288,2298,-0.006165912054568068,0.0,0.5462636822198563,outer_04,none,0.0
2288,2019-11-19,2289,2299,0.001898215569940298,1.0,0.5717007601086658,outer_04,none,0.0
2289,2019-11-20,2290,2300,-0.00035941097675351585,0.0,0.5624545940616278,outer_04,none,0.0
2290,2019-11-21,2291,2301,0.007937710233933082,1.0,0.5098650117009635,outer_04,none,0.0
2291,2019-11-22,2292,2302,-0.0012401636412731065,0.0,0.4963894884076297,outer_04,none,0.0
2292,2019-11-25,2293,2303,0.004437060445312113,1.0,0.45136240905399716,outer_04,none,0.0
2293,2019-11-26,2294,2304,0.002085278353940012,1.0,0.4469316954085238,outer_04,none,0.0
2294,2019-11-27,2295,2305,0.013062179004555752,1.0,0.4782656377056186,outer_04,none,0.0
2295,2019-11-28,2296,2306,0.007652435049162243,1.0,0.5546902111805599,outer_04,none,0.0
2296,2019-11-29,2297,2307,0.008456853974720957,1.0,0.45193755244015,outer_04,none,0.0
2297,2019-12-02,2298,2308,0.009722629780400283,1.0,0.4895478232453406,outer_04,none,0.0
2298,2019-12-03,2299,2309,-0.0004809923438813257,0.0,0.47249186993979253,outer_04,none,0.0
2299,2019-12-04,2300,2310,0.0006305790348184459,1.0,0.4831564395097989,outer_04,none,0.0
2300,2019-12-05,2301,2311,0.0019627888723654507,1.0,0.46014358501278,outer_04,none,0.0
2301,2019-12-06,2302,2312,0.013199398864754741,1.0,0.5574658756829337,outer_04,none,0.0
2302,2019-12-09,2303,2313,0.016147720215695216,1.0,0.6043065370851992,outer_04,none,0.0
2303,2019-12-10,2304,2314,0.026361036171007157,1.0,0.5384891689942246,outer_04,none,0.0
2304,2019-12-11,2305,2315,0.024036043889974934,1.0,0.5117046228100157,outer_04,none,0.0
2305,2019-12-12,2306,2316,0.029951226830521094,1.0,0.4517353998005066,outer_04,none,0.0
2306,2019-12-13,2307,2317,0.02661489500599945,1.0,0.3838778345940703,outer_04,none,0.0
2307,2019-12-16,2308,2318,0.029620175206088284,1.0,0.4612330487819034,outer_04,none,0.0
2308,2019-12-17,2309,2319,0.034950178595510195,1.0,0.4366753304262017,outer_04,none,0.0
2309,2019-12-18,2310,2320,0.0659588331040677,1.0,0.4513142180896589,outer_04,none,0.0
2310,2019-12-19,2311,2321,0.056259844443927065,1.0,0.4135548040769288,outer_04,none,0.0
2311,2019-12-20,2312,2322,0.06422088767756673,1.0,0.40551885044652525,outer_04,none,0.0
2312,2019-12-23,2313,2323,0.045765317681073725,1.0,0.4402175852217411,outer_04,none,0.0
2313,2019-12-24,2314,2324,0.03248785478101901,1.0,0.5780414483693952,outer_04,none,0.0
2314,2019-12-26,2315,2325,0.03177786348032896,1.0,0.512548601808001,outer_04,none,0.0
2315,2019-12-27,2316,2326,0.024170183146016377,1.0,0.58416074175592,outer_04,none,0.0
2316,2019-12-30,2317,2327,0.02073906411601989,1.0,0.5993466511047384,outer_04,none,0.0
2317,2019-12-31,2318,2328,0.02270992169711139,1.0,0.6451680267185789,outer_04,none,0.0
2318,2020-01-02,2319,2329,0.01560797004908654,1.0,0.6676557548688771,outer_04,none,0.0
2319,2020-01-03,2320,2330,-0.01077560196981242,0.0,0.718606637941162,outer_04,none,0.0
2320,2020-01-06,2321,2331,-0.002335694618863293,0.0,0.7379496585978752,outer_04,none,0.0
2321,2020-01-07,2322,2332,-0.01147428032469655,0.0,0.8123670697975587,outer_04,none,0.0
2322,2020-01-08,2323,2333,0.0024411408390259126,1.0,0.7598712629868437,outer_04,none,0.0
2323,2020-01-09,2324,2334,0.005702009220496684,1.0,0.831107215904668,outer_04,none,0.0
2324,2020-01-10,2325,2335,0.013476795082377535,1.0,0.8164401360054524,outer_04,none,0.0
2325,2020-01-13,2326,2336,0.020952879641149558,1.0,0.7462982797390322,outer_04,none,0.0
2326,2020-01-14,2327,2337,0.014305128018967217,1.0,0.7101400068504932,outer_04,none,0.0
2327,2020-01-15,2328,2338,0.012822695280986451,1.0,0.7398615475811039,outer_04,none,0.0
2328,2020-01-16,2329,2339,0.014562106814302922,1.0,0.7103988727227615,outer_04,none,0.0
2329,2020-01-17,2330,2340,0.018840008900011362,1.0,0.6287819934369369,outer_04,none,0.0
2330,2020-01-20,2331,2341,0.01126327428372953,1.0,0.6925545422580155,outer_04,none,0.0
2331,2020-01-21,2332,2342,-0.00310492376249627,0.0,0.5978951414961934,outer_04,none,0.0
2332,2020-01-22,2333,2343,-0.0024925973807716773,0.0,0.5880772711024436,outer_04,none,0.0
2333,2020-01-23,2334,2344,0.0025706626255157516,1.0,0.5992875748699747,outer_04,none,0.0
2334,2020-01-24,2335,2345,-0.0072635701161898325,0.0,0.5978088181401878,outer_04,none,0.0
2335,2020-01-27,2336,2346,-0.0055946863342004605,0.0,0.5068780367740776,outer_04,none,0.0
2336,2020-01-28,2337,2347,-0.0007397629269743078,0.0,0.6574079887635825,outer_04,none,0.0
2337,2020-01-29,2338,2348,-0.005806381668360672,0.0,0.6207530652104799,outer_04,none,0.0
2338,2020-01-30,2339,2349,0.0005395164159720522,1.0,0.5768651940909858,outer_04,none,0.0
2339,2020-01-31,2340,2350,-0.004668925481957409,0.0,0.5313945311681375,outer_04,none,0.0
2340,2020-02-03,2341,2351,0.0032445281051636243,1.0,0.5330982033728753,outer_04,none,0.0
2341,2020-02-04,2342,2352,0.03043016986202307,1.0,0.6955112308949668,outer_04,none,0.0
2342,2020-02-05,2343,2353,0.035573177587401084,1.0,0.6664017198416415,outer_04,none,0.0
2343,2020-02-06,2344,2354,0.03383768492724393,1.0,0.663913825723393,outer_04,none,0.0
2344,2020-02-07,2345,2355,0.055827469184813516,1.0,0.6263117275772078,outer_04,none,0.0
2345,2020-02-10,2346,2356,0.052886399089986824,1.0,0.6321612448270101,outer_04,none,0.0
2346,2020-02-11,2347,2357,0.04407973344173932,1.0,0.6419179378959651,outer_04,none,0.0
2347,2020-02-12,2348,2358,0.046771327405296326,1.0,0.7041294770600437,outer_04,none,0.0
2348,2020-02-13,2349,2359,0.04102731511614177,1.0,0.5552051850812942,outer_04,none,0.0
2349,2020-02-14,2350,2360,0.0003414436777564589,1.0,0.5411054756479587,outer_04,none,0.0
2350,2020-02-17,2351,2361,0.004259427889380163,1.0,0.6135571369730415,outer_04,none,0.0
2351,2020-02-18,2352,2362,0.025235208721281488,1.0,0.4194246735226642,outer_04,none,0.0
2352,2020-02-19,2353,2363,0.0157661062100507,1.0,0.5330262296627752,outer_04,none,0.0
2353,2020-02-20,2354,2364,0.03154628695592976,1.0,0.5863778065273235,outer_04,none,0.0
2354,2020-02-21,2355,2365,0.02178735418490696,1.0,0.671582299746304,outer_04,none,0.0
2355,2020-02-24,2356,2366,0.006171076963943811,1.0,0.7308980434462049,outer_04,none,0.0
2356,2020-02-25,2357,2367,0.008388953958673007,1.0,0.7559832858976407,outer_04,none,0.0
2357,2020-02-26,2358,2368,-0.0006217199900380166,0.0,0.8503130886930369,outer_04,none,0.0
2358,2020-02-27,2359,2369,-0.040779869671840885,0.0,0.821303497660751,outer_04,none,0.0
2359,2020-02-28,2360,2370,-0.024802620600835823,0.0,0.7108024980102693,outer_04,none,0.0
2360,2020-03-02,2361,2371,-0.050749074886594414,0.0,0.8408615577754233,outer_04,none,0.0
2361,2020-03-03,2362,2372,-0.06594869472995235,0.0,0.7655975870725418,outer_04,none,0.0
2362,2020-03-04,2363,2373,-0.0969858162042172,0.0,0.8213795362237684,outer_04,none,0.0
2363,2020-03-05,2364,2374,-0.13024740428514203,0.0,0.7275111823342483,outer_04,none,0.0
2364,2020-03-06,2365,2375,-0.12931502730836986,0.0,0.7818359758650143,outer_04,none,0.0
2365,2020-03-09,2366,2376,-0.06456850245920975,0.0,0.7900494067224303,outer_04,none,0.0
2366,2020-03-10,2367,2377,-0.01302078722142852,0.0,0.7903267269505022,outer_04,none,0.0
2367,2020-03-11,2368,2378,-0.017033463326051823,0.0,0.7868498660053709,outer_04,none,0.0
2368,2020-03-12,2369,2379,0.033622378027859945,1.0,0.7700931717771122,outer_04,none,0.0
2369,2020-03-13,2370,2380,0.048653133983689756,1.0,0.7541310457012153,outer_04,none,0.0
2370,2020-03-16,2371,2381,0.07023789293984262,1.0,0.6754342522372794,outer_04,none,0.0
2371,2020-03-17,2372,2382,0.02195217948735273,1.0,0.7253308265846644,outer_04,none,0.0
2372,2020-03-18,2373,2383,0.06834363364510043,1.0,0.7170317797863265,outer_04,none,0.0
2373,2020-03-19,2374,2384,0.09541734676528701,1.0,0.739770760930104,outer_04,none,0.0
2374,2020-03-20,2375,2385,0.08018929573347844,1.0,0.7688213379523187,outer_04,none,0.0
2375,2020-03-23,2376,2386,0.06281608493547797,1.0,0.7366921605552181,outer_04,none,0.0
2376,2020-03-24,2377,2387,0.010195858087707066,1.0,0.47852903719838513,outer_04,none,0.0
2377,2020-03-25,2378,2388,0.020265841022882647,1.0,0.7166772479399266,outer_04,none,0.0
2378,2020-03-26,2379,2389,0.028583999269975457,1.0,0.7088062700920201,outer_04,none,0.0
2379,2020-03-27,2380,2390,0.05540066454157344,1.0,0.6598093451774014,outer_04,none,0.0
2380,2020-03-30,2381,2391,0.0626135927279865,1.0,0.6325363184876367,outer_04,none,0.0
2381,2020-03-31,2382,2392,0.08830820259890437,1.0,0.5735132036892172,outer_04,none,0.0
2382,2020-04-01,2383,2393,0.07747977348513313,1.0,0.4798814981977542,outer_04,none,0.0
2383,2020-04-02,2384,2394,0.04163262233306675,1.0,0.40709182997790855,outer_04,none,0.0
2384,2020-04-03,2385,2395,0.048819066321199145,1.0,0.39062768616700455,outer_04,none,0.0
2385,2020-04-06,2386,2396,0.011336202149389685,1.0,0.29003052678066893,outer_04,none,0.0
2386,2020-04-07,2387,2397,0.040095438048813214,1.0,0.24334039021758486,outer_04,none,0.0
2387,2020-04-08,2388,2398,0.05045546226854114,1.0,0.2953581451790547,outer_04,none,0.0
2388,2020-04-09,2389,2399,0.026385513222741075,1.0,0.3008962407920153,outer_04,none,0.0
2389,2020-04-13,2390,2400,0.001546474784086982,1.0,0.49163229387880303,outer_04,none,0.0
2390,2020-04-14,2391,2401,-0.010784600939319766,0.0,0.3736006772568741,outer_04,none,0.0
2391,2020-04-15,2392,2402,-0.0020644777324054786,0.0,0.4045264995986304,outer_04,none,0.0
2392,2020-04-16,2393,2403,-0.019069457278074076,0.0,0.2708966890256313,outer_04,none,0.0
2393,2020-04-17,2394,2404,0.008878956898248802,1.0,0.2153512199129732,outer_04,none,0.0
2394,2020-04-20,2395,2405,0.003374034933248282,1.0,0.1975113549668133,outer_04,none,0.0
2395,2020-04-21,2396,2406,0.012230474445554584,1.0,0.20000600361056778,outer_04,none,0.0
2396,2020-04-22,2397,2407,-0.017336493143415233,0.0,0.23874573875317665,outer_04,none,0.0
2397,2020-04-23,2398,2408,-0.008728813895261922,0.0,0.18297725559855393,outer_04,none,0.0
2398,2020-04-24,2399,2409,-0.011644947195058819,0.0,0.16123119172663386,outer_04,none,0.0
2399,2020-04-27,2400,2410,-0.010098047168249025,0.0,0.14321362866223472,outer_04,none,0.0
2400,2020-04-28,2401,2411,-0.0034778971806330716,0.0,0.18610258418742281,outer_04,none,0.0
2401,2020-04-29,2402,2412,0.0013767919427305486,1.0,0.163085329750577,outer_04,none,0.0
2402,2020-04-30,2403,2413,0.02578536808369325,1.0,0.14921163432171436,outer_04,none,0.0
2403,2020-05-01,2404,2414,0.028637321889676493,1.0,0.12025500509244132,outer_04,none,0.0
2404,2020-05-04,2405,2415,0.01801294195842118,1.0,0.15448170281953139,outer_04,none,0.0
2405,2020-05-05,2406,2416,0.02294378289424781,1.0,0.15426241743828303,outer_04,none,0.0
2406,2020-05-06,2407,2417,0.03615908298793258,1.0,0.19811014600500146,outer_04,none,0.0
2407,2020-05-07,2408,2418,0.006495830779211786,1.0,0.08928201665732943,outer_04,none,0.0
2408,2020-05-08,2409,2419,0.01731304654027621,1.0,0.12957360426191733,outer_04,none,0.0
2409,2020-05-11,2410,2420,0.016584631801867644,1.0,0.16841356940889635,outer_04,none,0.0
2410,2020-05-12,2411,2421,0.004876200138085096,1.0,0.17553405444603823,outer_04,none,0.0
2411,2020-05-13,2412,2422,-0.0035274435188563658,0.0,0.1475018649499212,outer_04,none,0.0
2412,2020-05-14,2413,2423,-0.00609927679325839,0.0,0.10000035510914858,outer_04,none,0.0
2413,2020-05-15,2414,2424,-0.006868143090028589,0.0,0.089472655319275,outer_04,none,0.0
2414,2020-05-18,2415,2425,0.003320021724692701,1.0,0.10692004048369498,outer_04,none,0.0
2415,2020-05-19,2416,2426,-0.009812501847833666,0.0,0.0940568452985101,outer_04,none,0.0
2416,2020-05-20,2417,2427,-0.02789750353689069,0.0,0.1054827616513037,outer_04,none,0.0
2417,2020-05-21,2418,2428,-0.006944775038953743,0.0,0.1293706904838135,outer_04,none,0.0
2418,2020-05-22,2419,2429,-0.030237049184074216,0.0,0.0904040639062372,outer_04,none,0.0
2419,2020-05-25,2420,2430,-0.015160163676276817,0.0,0.15024893542782958,outer_04,none,0.0
2420,2020-05-26,2421,2431,0.0029015225608102213,1.0,0.13500121563090298,outer_04,none,0.0
2421,2020-05-27,2422,2432,0.01663412502592454,1.0,0.1458030340914461,outer_04,none,0.0
2422,2020-05-28,2423,2433,0.005613626590609044,1.0,0.14588284575800248,outer_04,none,0.0
2423,2020-05-29,2424,2434,-0.002677315975970096,0.0,0.10630714242649442,outer_04,none,0.0
2424,2020-06-01,2425,2435,-0.007242139834326089,0.0,0.08484225101368978,outer_04,none,0.0
2425,2020-06-02,2426,2436,-0.0011819099648180398,0.0,0.143207568044654,outer_04,none,0.0
2426,2020-06-03,2427,2437,0.0155450201187044,1.0,0.24083873643834527,outer_04,none,0.0
2427,2020-06-04,2428,2438,0.004689381287973582,1.0,0.18912094560699105,outer_04,none,0.0
2428,2020-06-05,2429,2439,0.0391859247810169,1.0,0.2992649379927344,outer_04,none,0.0
2429,2020-06-08,2430,2440,0.03120059920358642,1.0,0.2547950019004053,outer_04,none,0.0
2430,2020-06-09,2431,2441,0.030825007027143414,1.0,0.20204025031090825,outer_04,none,0.0
2431,2020-06-10,2432,2442,0.012363273987149093,1.0,0.17678180896665668,outer_04,none,0.0
2432,2020-06-11,2433,2443,0.019998548196464405,1.0,0.21471480915132474,outer_04,none,0.0
2433,2020-06-12,2434,2444,0.022599702804191324,1.0,0.24641305821185733,outer_04,none,0.0
2434,2020-06-15,2435,2445,0.026668857207682528,1.0,0.27972838018126445,outer_04,none,0.0
2435,2020-06-16,2436,2446,0.03229039939414147,1.0,0.37264105789525037,outer_04,none,0.0
2436,2020-06-17,2437,2447,0.026085277732248002,1.0,0.3855682126632579,outer_04,none,0.0
2437,2020-06-18,2438,2448,0.03068282873195738,1.0,0.3592679383874314,outer_04,none,0.0
2438,2020-06-19,2439,2449,0.014592497050316844,1.0,0.19116694185644412,outer_04,none,0.0
2439,2020-06-22,2440,2450,0.01765986689585919,1.0,0.2213925800674959,outer_04,none,0.0
2440,2020-06-23,2441,2451,0.014617805271022632,1.0,0.29550006495566794,outer_04,none,0.0
2441,2020-06-24,2442,2452,0.02791494059540689,1.0,0.26493473075414664,outer_04,none,0.0
2442,2020-06-25,2443,2453,0.021261466986220334,1.0,0.29112530065227493,outer_04,none,0.0
2443,2020-06-26,2444,2454,0.0161317769742384,1.0,0.28796344052087863,outer_04,none,0.0
2444,2020-06-29,2445,2455,0.016916881466519484,1.0,0.3924618417566614,outer_04,none,0.0
2445,2020-06-30,2446,2456,0.014687219034502874,1.0,0.4162614962047719,outer_04,none,0.0
2446,2020-07-01,2447,2457,0.02184942570121695,1.0,0.4359203967834815,outer_04,none,0.0
2447,2020-07-02,2448,2458,0.012085482996815777,1.0,0.4802292954024831,outer_04,none,0.0
2448,2020-07-03,2449,2459,0.019361694455647616,1.0,0.390760348748557,outer_04,none,0.0
2449,2020-07-06,2450,2460,0.01815133344987352,1.0,0.3381770121639818,outer_04,none,0.0
2450,2020-07-07,2451,2461,0.0252043000133666,1.0,0.40705918549476017,outer_04,none,0.0
2451,2020-07-08,2452,2462,0.035080456759947864,1.0,0.5231118858653776,outer_04,none,0.0
2452,2020-07-09,2453,2463,0.04746117176823361,1.0,0.43531915342969674,outer_04,none,0.0
2453,2020-07-10,2454,2464,0.055950297251593284,1.0,0.4129782431207287,outer_04,none,0.0
2454,2020-07-13,2455,2465,0.07540796841542541,1.0,0.38230082686493166,outer_04,none,0.0
2455,2020-07-14,2456,2466,0.08184123834557688,1.0,0.3731541150048909,outer_04,none,0.0
2456,2020-07-15,2457,2467,0.08494170213696428,1.0,0.3907813086052526,outer_04,none,0.0
2457,2020-07-16,2458,2468,0.08392092479939084,1.0,0.33230099782353273,outer_04,none,0.0
2458,2020-07-17,2459,2469,0.09263470001823926,1.0,0.33103848530112867,outer_04,none,0.0
2459,2020-07-20,2460,2470,0.08406963130668199,1.0,0.41162599592498483,outer_04,none,0.0
2460,2020-07-21,2461,2471,0.09340470413798041,1.0,0.37742971581810353,outer_04,none,0.0
2461,2020-07-22,2462,2472,0.0850278781892877,1.0,0.41448382824527724,outer_04,none,0.0
2462,2020-07-23,2463,2473,0.08948892343910853,1.0,0.47365756245785784,outer_04,none,0.0
2463,2020-07-24,2464,2474,0.06297400954905452,1.0,0.5925961576439347,outer_04,none,0.0
2464,2020-07-27,2465,2475,0.042001982264832094,1.0,0.6287552511034998,outer_04,none,0.0
2465,2020-07-28,2466,2476,-0.02414031273662154,0.0,0.7396390263419219,outer_04,none,0.0
2466,2020-07-29,2467,2477,-0.026381980159884577,0.0,0.6828413998589964,outer_04,none,0.0
2467,2020-07-30,2468,2478,-0.0021091006262032863,0.0,0.6719040264876619,outer_04,none,0.0
2468,2020-07-31,2469,2479,-0.019662382131068412,0.0,0.5855136574148732,outer_04,none,0.0
2469,2020-08-03,2470,2480,0.002933952863755529,1.0,0.6141241641885967,outer_04,none,0.0
2470,2020-08-04,2471,2481,-0.007992512040948974,0.0,0.6402273740872616,outer_04,none,0.0
2471,2020-08-05,2472,2482,-0.05477979562225599,0.0,0.6891382279998277,outer_04,none,0.0
2472,2020-08-06,2473,2483,-0.05903627803768785,0.0,0.646898037530449,outer_04,none,0.0
2473,2020-08-07,2474,2484,-0.04523607466445689,0.0,0.482095878143474,outer_04,none,0.0
2474,2020-08-10,2475,2485,-0.04868309612413313,0.0,0.5660921553754183,outer_04,none,0.0
2475,2020-08-11,2476,2486,0.006722819338602193,1.0,0.4470077684404703,outer_04,none,0.0
2476,2020-08-12,2477,2487,0.016634161472850018,1.0,0.6322788124513853,outer_04,none,0.0
2477,2020-08-13,2478,2488,-0.011027174418427599,0.0,0.5625756046766123,outer_04,none,0.0
2478,2020-08-14,2479,2489,0.012345646559971613,1.0,0.5861258378817951,outer_04,none,0.0
2479,2020-08-17,2480,2490,-0.007500946211187021,0.0,0.3984612060033901,outer_04,none,0.0
2480,2020-08-18,2481,2491,-0.018569434572206944,0.0,0.44439166258741675,outer_04,none,0.0
2481,2020-08-19,2482,2492,0.0054162614692252475,1.0,0.6012144225581484,outer_04,none,0.0
2482,2020-08-20,2483,2493,-0.008661276615042901,0.0,0.5426880788603066,outer_04,none,0.0
2483,2020-08-21,2484,2494,-0.002388363297877838,0.0,0.6773602905836626,outer_04,none,0.0
2484,2020-08-24,2485,2495,-0.00041452066460934134,0.0,0.7261208471782015,outer_04,none,0.0
2485,2020-08-25,2486,2496,0.0017150840890334251,1.0,0.5808804831577787,outer_04,none,0.0
2486,2020-08-26,2487,2497,-0.0028833692781002895,0.0,0.5623159203474521,outer_04,none,0.0
2487,2020-08-27,2488,2498,0.008430769952928685,1.0,0.5429197145562696,outer_04,none,0.0
2488,2020-08-28,2489,2499,-0.016039004524470712,0.0,0.44625355152002333,outer_04,none,0.0
2489,2020-08-31,2490,2500,-0.0054355296675785425,0.0,0.5016184839287858,outer_04,none,0.0
2490,2020-09-01,2491,2501,-0.006979861259685194,0.0,0.5296415070237193,outer_04,none,0.0
2491,2020-09-02,2492,2502,0.008950509325818423,1.0,0.5527968383331963,outer_04,none,0.0
2492,2020-09-03,2493,2503,0.006785879470379008,1.0,0.604913706237237,outer_04,none,0.0
2493,2020-09-04,2494,2504,0.009109192210445372,1.0,0.5362715274139158,outer_04,none,0.0
2494,2020-09-07,2495,2505,-0.007908716831499518,0.0,0.6657011504434321,outer_04,none,0.0
2495,2020-09-08,2496,2506,-0.016163349216107292,0.0,0.6445697398490102,outer_04,none,0.0
2496,2020-09-09,2497,2507,-0.04322687746071274,0.0,0.5856689722543896,outer_04,none,0.0
2497,2020-09-10,2498,2508,-0.040124981472103194,0.0,0.6175008735133313,outer_04,none,0.0
2498,2020-09-11,2499,2509,-0.039387932228206246,0.0,0.5778808089844544,outer_04,none,0.0
2499,2020-09-14,2500,2510,-0.039828964791993826,0.0,0.601216787271049,outer_04,none,0.0
2500,2020-09-15,2501,2511,-0.029507281967524612,0.0,0.6630563763249631,outer_04,none,0.0
2501,2020-09-16,2502,2512,-0.03751619515710658,0.0,0.505063227172613,outer_04,none,0.0
2502,2020-09-17,2503,2513,-0.02063385884571911,0.0,0.5047300431950601,outer_04,none,0.0
2503,2020-09-18,2504,2514,-0.024022622953544293,0.0,0.47188844370552185,outer_04,none,0.0
2504,2020-09-21,2505,2515,-0.0012440218001401604,0.0,0.688397969077306,outer_04,none,0.0
2505,2020-09-22,2506,2516,-0.012036667751506691,0.0,0.7223332338984423,outer_04,none,0.0
2506,2020-09-23,2507,2517,0.012428083605889206,1.0,0.7583142325695569,outer_04,none,0.0
2507,2020-09-24,2508,2518,0.012838606613948755,1.0,0.74632188606395,outer_04,none,0.0
2508,2020-09-25,2509,2519,0.03377289093981606,1.0,0.8191245577510073,outer_04,none,0.0
2509,2020-09-28,2510,2520,0.022412846349747717,1.0,0.747344970785233,outer_04,none,0.0
2510,2020-09-29,2511,2521,-0.0025008982496483867,0.0,0.7203191158277814,outer_04,none,0.0
2511,2020-09-30,2512,2522,0.00750625083394052,1.0,0.766016267713447,outer_04,none,0.0
2512,2020-10-01,2513,2523,0.002108322357692316,1.0,0.702281507707239,outer_04,none,0.0
2513,2020-10-02,2514,2524,-0.0019772933308637164,0.0,0.6831863076356053,outer_04,none,0.0
2514,2020-10-05,2515,2525,-0.004434597067866086,0.0,0.5854882154203559,outer_04,none,0.0
2515,2020-10-06,2516,2526,0.017033056820714876,1.0,0.6954707846892192,outer_04,none,0.0
2516,2020-10-07,2517,2527,0.019612792615431474,1.0,0.6741718102539893,outer_04,none,0.0
2517,2020-10-08,2518,2528,0.005728230808162316,1.0,0.627872626565712,outer_04,none,0.0
2518,2020-10-09,2519,2529,-0.01333262528292245,0.0,0.5129544092456577,outer_04,none,0.0
2519,2020-10-12,2520,2530,-0.011406470869084195,0.0,0.542556669913388,outer_04,none,0.0
2520,2020-10-13,2521,2531,0.0077880784101491685,1.0,0.6281475747442171,outer_04,none,0.0
2521,2020-10-14,2522,2532,-0.012616460572486332,0.0,0.5985864480348283,outer_04,none,0.0
2522,2020-10-15,2523,2533,-0.020986306916206843,0.0,0.532452057412282,outer_04,none,0.0
2523,2020-10-16,2524,2534,-0.010817839381684458,0.0,0.5225426778491772,outer_04,none,0.0
2524,2020-10-19,2525,2535,-0.004501843878395917,0.0,0.4232578873078206,outer_04,none,0.0
2525,2020-10-20,2526,2536,-0.0005079451633172027,0.0,0.4045990045697361,outer_04,none,0.0
2526,2020-10-21,2527,2537,-0.011196944458538027,0.0,0.3216039190592988,outer_04,none,0.0
2527,2020-10-22,2528,2538,0.02154273022738895,1.0,0.4149949994209654,outer_04,none,0.0
2528,2020-10-23,2529,2539,0.028929982730454107,1.0,0.36378671317994576,outer_04,none,0.0
2529,2020-10-26,2530,2540,-0.02183965220218287,0.0,0.3567164978563682,outer_04,none,0.0
2530,2020-10-27,2531,2541,-0.017033251041259412,0.0,0.38104608470537504,outer_04,none,0.0
2531,2020-10-28,2532,2542,-0.005843315793592652,0.0,0.4370777697609421,outer_04,none,0.0
2532,2020-10-29,2533,2543,0.004281655776899207,1.0,0.5104893771956907,outer_04,none,0.0
2533,2020-10-30,2534,2544,0.004576399751728744,1.0,0.4104784480421119,outer_04,none,0.0
2534,2020-11-02,2535,2545,-0.002880209154612956,0.0,0.39056595317535986,outer_04,none,0.0
2535,2020-11-03,2536,2546,-0.01456737264553798,0.0,0.3100566037084647,outer_04,none,0.0
2536,2020-11-04,2537,2547,-0.015562723915115484,0.0,0.3112253514465627,outer_04,none,0.0
2537,2020-11-05,2538,2548,-0.04463371033971342,0.0,0.318897033555344,outer_04,none,0.0
2538,2020-11-06,2539,2549,-0.045106443504646876,0.0,0.43495677480342226,outer_04,none,0.0
2539,2020-11-09,2540,2550,-0.012049934296514131,0.0,0.39439860779065555,outer_04,none,0.0
2540,2020-11-10,2541,2551,-0.03685809495790693,0.0,0.5235826674650724,outer_04,none,0.0
2541,2020-11-11,2542,2552,-0.03142457350918093,0.0,0.6406668250329545,outer_04,none,0.0
2542,2020-11-12,2543,2553,-0.036279254194240274,0.0,0.5799630003719644,outer_04,none,0.0
2543,2020-11-13,2544,2554,-0.053629732636310656,0.0,0.47059692930348607,outer_04,none,0.0
2544,2020-11-16,2545,2555,-0.061402577163445216,0.0,0.5934509766521101,outer_04,none,0.0
2545,2020-11-17,2546,2556,-0.037134835516400067,0.0,0.6444344128470706,outer_04,none,0.0
2546,2020-11-18,2547,2557,-0.02401828574464382,0.0,0.7342276146019429,outer_04,none,0.0
2547,2020-11-19,2548,2558,-0.010830304018421444,0.0,0.6738238226885362,outer_04,none,0.0
2548,2020-11-20,2549,2559,-0.01834062608139675,0.0,0.5392121085526468,outer_04,none,0.0
2549,2020-11-23,2550,2560,0.013091858405511303,1.0,0.349794169518455,outer_04,none,0.0
2550,2020-11-24,2551,2561,0.03355758567051659,1.0,0.3908078184005127,outer_04,none,0.0
2551,2020-11-25,2552,2562,0.016164848213789718,1.0,0.4474928919839861,outer_04,none,0.0
2552,2020-11-26,2553,2563,0.014690703901400148,1.0,0.4918717426138898,outer_04,none,0.0
2553,2020-11-27,2554,2564,0.02634184043616017,1.0,0.4718280324979488,outer_04,none,0.0
2554,2020-11-30,2555,2565,0.02853160083149131,1.0,0.4987140127306593,outer_04,none,0.0
2555,2020-12-01,2556,2566,0.02231435565341755,1.0,0.5368771782113109,outer_04,none,0.0
2556,2020-12-02,2557,2567,0.01846879581285421,1.0,0.5828794916864798,outer_04,none,0.0
2557,2020-12-03,2558,2568,0.023312980969603103,1.0,0.6000126952702551,outer_04,none,0.0
2558,2020-12-04,2559,2569,0.024548400647965707,1.0,0.5905844268712759,outer_04,none,0.0
2559,2020-12-07,2560,2570,0.008764906922687388,1.0,0.5370442371613219,outer_04,none,0.0
2560,2020-12-08,2561,2571,-0.00447142575814663,0.0,0.5374666504504527,outer_04,none,0.0
2561,2020-12-09,2562,2572,0.01880504136267014,1.0,0.5941317429386677,outer_04,none,0.0
2562,2020-12-10,2563,2573,0.027579772615940357,1.0,0.5594494242163531,outer_04,none,0.0
2563,2020-12-11,2564,2574,0.020559407452144463,1.0,0.5528190038208615,outer_04,none,0.0
2564,2020-12-14,2565,2575,0.02639863365766626,1.0,0.5220651042059788,outer_04,none,0.0
2565,2020-12-15,2566,2576,0.021130384428645677,1.0,0.42160689389873207,outer_04,none,0.0
2566,2020-12-16,2567,2577,0.024181237762565644,1.0,0.4262534943939939,outer_04,none,0.0
2567,2020-12-17,2568,2578,0.029681756609017285,1.0,0.46297458464568947,outer_04,none,0.0
2568,2020-12-18,2569,2579,0.03516696796533125,1.0,0.4876515591806293,outer_04,none,0.0
2569,2020-12-21,2570,2580,0.021909961369736664,1.0,0.4905105917477044,outer_04,none,0.0
2570,2020-12-22,2571,2581,0.0292142697554878,1.0,0.544945897046483,outer_04,none,0.0
2571,2020-12-23,2572,2582,-0.010005099379556626,0.0,0.532029931776121,outer_04,none,0.0
2572,2020-12-24,2573,2583,-0.02189112314453201,0.0,0.5385500691205098,outer_04,none,0.0
2573,2020-12-28,2574,2584,-0.010825059396869285,0.0,0.4570800344798155,outer_04,none,0.0
2574,2020-12-29,2575,2585,-0.016001114587655962,0.0,0.4470542545598528,outer_04,none,0.0
2575,2020-12-30,2576,2586,-0.024420794159711434,0.0,0.46164659444942624,outer_04,none,0.0
2576,2020-12-31,2577,2587,-0.043180414286370095,0.0,0.4912447709279106,outer_04,none,0.0
2577,2021-01-04,2578,2588,-0.05455465190943176,0.0,0.4418492131966857,outer_04,none,0.0
2578,2021-01-05,2579,2589,-0.057730253599782344,0.0,0.5748777868147041,outer_04,none,0.0
2579,2021-01-06,2580,2590,-0.02603165565740362,0.0,0.5228502210823055,outer_04,none,0.0
2580,2021-01-07,2581,2591,-0.024523540472361383,0.0,0.5578578034141338,outer_04,none,0.0
2581,2021-01-08,2582,2592,0.0017668800856025513,1.0,0.41518611994252436,outer_04,none,0.0
2582,2021-01-11,2583,2593,0.004186061417266629,1.0,0.49603848158585695,outer_04,none,0.0
2583,2021-01-12,2584,2594,-0.0018669305215892606,0.0,0.5586928225179745,outer_04,none,0.0
2584,2021-01-13,2585,2595,-0.002628606699755842,0.0,0.6167365950677673,outer_04,none,0.0
2585,2021-01-14,2586,2596,-0.0025305425990262975,0.0,0.593699547750778,outer_04,none,0.0
2586,2021-01-15,2587,2597,0.014756128289576509,1.0,0.6024960921262749,outer_04,none,0.0
2587,2021-01-18,2588,2598,0.0113366530624317,1.0,0.5819154297629692,outer_04,none,0.0
2588,2021-01-19,2589,2599,-0.001702063278476551,0.0,0.49603582949768077,outer_04,none,0.0
2589,2021-01-20,2590,2600,-0.020218191462573643,0.0,0.4749649136212477,outer_04,none,0.0
2590,2021-01-21,2591,2601,-0.040710355407275856,0.0,0.4243759307145561,outer_04,none,0.0
2591,2021-01-22,2592,2602,-0.02213200852579522,0.0,0.3009456261625866,outer_04,none,0.0
2592,2021-01-25,2593,2603,-0.013233584244786378,0.0,0.31002982090543163,outer_04,none,0.0
2593,2021-01-26,2594,2604,-0.007040355135833565,0.0,0.3861026444748589,outer_04,none,0.0
2594,2021-01-27,2595,2605,0.0006781371561661587,1.0,0.3035490535288054,outer_04,none,0.0
2595,2021-01-28,2596,2606,-0.009271766477510823,0.0,0.29907875882513507,outer_04,none,0.0
2596,2021-01-29,2597,2607,-0.01667769503938299,0.0,0.25989441554019,outer_04,none,0.0
2597,2021-02-01,2598,2608,-0.0216100325926174,0.0,0.2855667809370151,outer_04,none,0.0
2598,2021-02-02,2599,2609,-0.024645671851005524,0.0,0.25733341245369473,outer_04,none,0.0
2599,2021-02-03,2600,2610,-0.031666390979648185,0.0,0.2740618918930831,outer_04,none,0.0
2600,2021-02-04,2601,2611,-0.010477104934714987,0.0,0.267158842406746,outer_04,none,0.0
2601,2021-02-05,2602,2612,-0.016964278831920865,0.0,0.27935735186528554,outer_04,none,0.0
2602,2021-02-08,2603,2613,-0.011795965108438722,0.0,0.3136167351755345,outer_04,none,0.0
2603,2021-02-09,2604,2614,-0.017552347778202027,0.0,0.34366101617237,outer_04,none,0.0
2604,2021-02-10,2605,2615,-0.022075927488225844,0.0,0.3059156715356485,outer_04,none,0.0
2605,2021-02-11,2606,2616,-0.02993809556922855,0.0,0.37570667102352223,outer_04,none,0.0
2606,2021-02-12,2607,2617,-0.048900040443651704,0.0,0.2932079842646725,outer_04,none,0.0
2607,2021-02-15,2608,2618,-0.054543319194195305,0.0,0.34534537160484147,outer_04,none,0.0
2608,2021-02-16,2609,2619,-0.030873642780854915,0.0,0.23246864880766396,outer_04,none,0.0
2609,2021-02-17,2610,2620,-0.037890553440369956,0.0,0.23288265695933022,outer_04,none,0.0
2610,2021-02-18,2611,2621,-0.04527165495053875,0.0,0.20602276825345125,outer_04,none,0.0
2611,2021-02-19,2612,2622,-0.04612299811054754,0.0,0.2319510375075758,outer_04,none,0.0
2612,2021-02-22,2613,2623,-0.07151464185618117,0.0,0.2127560378778881,outer_04,none,0.0
2613,2021-02-23,2614,2624,-0.051841143800950285,0.0,0.30078090041815153,outer_04,none,0.0
2614,2021-02-24,2615,2625,-0.04368139988036113,0.0,0.2805120160574582,outer_04,none,0.0
2615,2021-02-25,2616,2626,-0.028978409268928473,0.0,0.2404278706316487,outer_04,none,0.0
2616,2021-02-26,2617,2627,-0.005325499049016358,0.0,0.20111048254254094,outer_04,none,0.0
2617,2021-03-01,2618,2628,0.005111606578633854,1.0,0.26410986602028563,outer_04,none,0.0
2618,2021-03-02,2619,2629,-0.00334246097093871,0.0,0.27722782414563857,outer_04,none,0.0
2619,2021-03-03,2620,2630,0.021887670584729513,1.0,0.3109209896352888,outer_04,none,0.0
2620,2021-03-04,2621,2631,0.02210015389011666,1.0,0.32682041016446783,outer_04,none,0.0
2621,2021-03-05,2622,2632,0.021774520883480086,1.0,0.38277576162297117,outer_04,none,0.0
2622,2021-03-08,2623,2633,0.03216304802609571,1.0,0.4867301589373185,outer_04,none,0.0
2623,2021-03-09,2624,2634,0.006867169279477281,1.0,0.40233855912409294,outer_04,none,0.0
2624,2021-03-10,2625,2635,0.004824549221228658,1.0,0.419933477145406,outer_04,none,0.0
2625,2021-03-11,2626,2636,0.003658431072749657,1.0,0.37100360689142886,outer_04,none,0.0
2626,2021-03-12,2627,2637,0.0015087885442657267,1.0,0.34942643878459595,outer_04,none,0.0
2627,2021-03-15,2628,2638,-0.011136580344753177,0.0,0.3724423486482531,outer_04,none,0.0
2628,2021-03-16,2629,2639,-0.02781419974021837,0.0,0.4080636904250003,outer_04,none,0.0
2629,2021-03-17,2630,2640,-0.023923783016869926,0.0,0.35695400231752955,outer_04,none,0.0
2630,2021-03-18,2631,2641,-0.004104577077425731,0.0,0.40573375474950246,outer_04,none,0.0
2631,2021-03-19,2632,2642,-0.008691174388004264,0.0,0.36714557562636185,outer_04,none,0.0
2632,2021-03-22,2633,2643,0.00212469142711047,1.0,0.4425559445980791,outer_04,none,0.0
2633,2021-03-23,2634,2644,0.006009179022548494,1.0,0.41675092748126125,outer_04,none,0.0
2634,2021-03-24,2635,2645,0.011883619863509942,1.0,0.36746817811783483,outer_04,none,0.0
2635,2021-03-25,2636,2646,0.00851142533348348,1.0,0.3534620556004497,outer_04,none,0.0
2636,2021-03-26,2637,2647,0.0011892392580454825,1.0,0.27201300527372796,outer_04,none,0.0
2637,2021-03-29,2638,2648,0.01907331252193689,1.0,0.41695270735931916,outer_04,none,0.0
2638,2021-03-30,2639,2649,0.03006870610221668,1.0,0.5671840586668071,outer_04,none,0.0
2639,2021-03-31,2640,2650,0.03259520504319191,1.0,0.4498334838274612,outer_04,none,0.0
2640,2021-04-01,2641,2651,0.02683127459010315,1.0,0.36792759199580405,outer_04,none,0.0
2641,2021-04-05,2642,2652,0.024112426309043755,1.0,0.43942971627548727,outer_04,none,0.0
2642,2021-04-06,2643,2653,0.01981072558784458,1.0,0.32337774013419596,outer_04,none,0.0
2643,2021-04-07,2644,2654,0.03193806233348351,1.0,0.4426599653614098,outer_04,none,0.0
2644,2021-04-08,2645,2655,0.016108557516890443,1.0,0.3454088232583664,outer_04,none,0.0
2645,2021-04-09,2646,2656,0.018629436014713008,1.0,0.4130444775162297,outer_04,none,0.0
2646,2021-04-12,2647,2657,0.027339873284375926,1.0,0.527734354456139,outer_04,none,0.0
2647,2021-04-13,2648,2658,0.017788214053049423,1.0,0.39593074182675786,outer_04,none,0.0
2648,2021-04-14,2649,2659,0.025980507498506,1.0,0.46479849265653755,outer_04,none,0.0
2649,2021-04-15,2650,2660,0.004886086099652687,1.0,0.29271981870286023,outer_04,none,0.0
2650,2021-04-16,2651,2661,-0.005002155819790133,0.0,0.2982997288325303,outer_04,none,0.0
2651,2021-04-19,2652,2662,0.012168030967577792,1.0,0.3473101556405614,outer_04,none,0.0
2652,2021-04-20,2653,2663,0.00010122311269711304,1.0,0.34110976839151025,outer_04,none,0.0
2653,2021-04-21,2654,2664,-0.00399358207233913,0.0,0.3759420121910965,outer_04,none,0.0
2654,2021-04-22,2655,2665,0.016939384701071702,1.0,0.40760815311724063,outer_04,none,0.0
2655,2021-04-23,2656,2666,0.03190498186394297,1.0,0.397994273825978,outer_04,none,0.0
2656,2021-04-26,2657,2667,0.030300824791198444,1.0,0.3898044209386667,outer_04,none,0.0
2657,2021-04-27,2658,2668,0.03312033806767989,1.0,0.46433509389345184,outer_04,none,0.0
2658,2021-04-28,2659,2669,0.01829995769967052,1.0,0.396910841913947,outer_04,none,0.0
2659,2021-04-29,2660,2670,0.03028791994701585,1.0,0.3471912571394482,outer_04,none,0.0
2660,2021-04-30,2661,2671,0.04250112688747176,1.0,0.32477795632181367,outer_04,none,0.0
2661,2021-05-03,2662,2672,0.040510886094675236,1.0,0.27234820984028485,outer_04,none,0.0
2662,2021-05-04,2663,2673,0.04978738696273677,1.0,0.3278057121676554,outer_04,none,0.0
2663,2021-05-05,2664,2674,0.045544205417435535,1.0,0.3295625184991593,outer_04,none,0.0
2664,2021-05-06,2665,2675,0.03420845251137905,1.0,0.3216153141979336,outer_04,none,0.0
2665,2021-05-07,2666,2676,0.02604570496345371,1.0,0.4270099111677323,outer_04,none,0.0
2666,2021-05-10,2667,2677,0.02405916658115803,1.0,0.376039403078706,outer_04,none,0.0
2667,2021-05-11,2668,2678,0.033165048355582094,1.0,0.4070107234937867,outer_04,none,0.0
2668,2021-05-12,2669,2679,0.04396987763663507,1.0,0.4395793757536571,outer_04,none,0.0
2669,2021-05-13,2670,2680,0.03774357129270989,1.0,0.46005042417837455,outer_04,none,0.0
2670,2021-05-14,2671,2681,0.03214358486101254,1.0,0.46206775917591786,outer_04,none,0.0
2671,2021-05-17,2672,2682,0.02150084813072084,1.0,0.46556521905599046,outer_04,none,0.0
2672,2021-05-18,2673,2683,0.016201926807428713,1.0,0.5643232407804349,outer_04,none,0.0
2673,2021-05-19,2674,2684,0.020320878361419936,1.0,0.5253332981729181,outer_04,none,0.0
2674,2021-05-20,2675,2685,-0.003446145438504189,0.0,0.47857738248552745,outer_04,none,0.0
2675,2021-05-21,2676,2686,0.0046558573869646125,1.0,0.3490738541753401,outer_04,none,0.0
2676,2021-05-24,2677,2687,0.009693505323740581,1.0,0.3885336114597431,outer_04,none,0.0
2677,2021-05-25,2678,2688,-0.003719839983410189,0.0,0.3692080030712133,outer_04,none,0.0
2678,2021-05-26,2679,2689,-0.003994362488761283,0.0,0.4215859813336077,outer_04,none,0.0
2679,2021-05-27,2680,2690,0.000395199646828992,1.0,0.399864273530619,outer_04,none,0.0
2680,2021-05-28,2681,2691,-0.014641209102154384,0.0,0.33581599905901277,outer_04,none,0.0
2681,2021-05-31,2682,2692,-0.021050954972755775,0.0,0.3370987705589946,outer_04,none,0.0
2682,2021-06-01,2683,2693,-0.021561022312992506,0.0,0.26537231228466973,outer_04,none,0.0
2683,2021-06-02,2684,2694,-0.05101065798085891,0.0,0.2800120600778563,outer_04,none,0.0
2684,2021-06-03,2685,2695,-0.05257296683999435,0.0,0.33442926485792396,outer_04,none,0.0
2685,2021-06-04,2686,2696,-0.06646646345660745,0.0,0.369028489779943,outer_04,none,0.0
2686,2021-06-07,2687,2697,-0.06249402906716117,0.0,0.3870398191309873,outer_04,none,0.0
2687,2021-06-08,2688,2698,-0.06100794438177637,0.0,0.4337622438143317,outer_04,none,0.0
2688,2021-06-09,2689,2699,-0.06015719458788116,0.0,0.4331038130875553,outer_04,none,0.0
2689,2021-06-10,2690,2700,-0.06636969737200094,0.0,0.3880848262862692,outer_04,none,0.0
2690,2021-06-11,2691,2701,-0.05186941233676201,0.0,0.5010952404416684,outer_04,none,0.0
2691,2021-06-14,2692,2702,-0.04879016416943216,0.0,0.5439647677057623,outer_04,none,0.0
2692,2021-06-15,2693,2703,-0.05360803183461815,0.0,0.6077385218749295,outer_04,none,0.0
2693,2021-06-16,2694,2704,-0.024284240699177673,0.0,0.658348330158489,outer_04,none,0.0
2694,2021-06-17,2695,2705,0.000444848632106698,1.0,0.412447203618603,outer_04,none,0.0
2695,2021-06-18,2696,2706,0.010388900299966863,1.0,0.4700162905447873,outer_04,none,0.0
2696,2021-06-21,2697,2707,0.004038804814310737,1.0,0.5302321434117213,outer_04,none,0.0
2697,2021-06-22,2698,2708,0.009256037023247288,1.0,0.5830086105149246,outer_04,none,0.0
2698,2021-06-23,2699,2709,0.013996861946847794,1.0,0.624234340950259,outer_04,none,0.0
2699,2021-06-24,2700,2710,0.014908635545775262,1.0,0.6298087162690144,outer_04,none,0.0
2700,2021-06-25,2701,2711,0.014894917927989582,1.0,0.6125662779199355,outer_04,none,0.0
2701,2021-06-28,2702,2712,0.015431871212056691,1.0,0.6587412391539963,outer_04,none,0.0
2702,2021-06-29,2703,2713,0.025693002190699588,1.0,0.6216567305379533,outer_04,none,0.0
2703,2021-06-30,2704,2714,0.03191958477083201,1.0,0.4441711228055542,outer_04,none,0.0
2704,2021-07-01,2705,2715,0.029723636277653398,1.0,0.288224228041718,outer_04,none,0.0
2705,2021-07-02,2706,2716,0.013439508642171916,1.0,0.31008109444541865,outer_04,none,0.0
2706,2021-07-05,2707,2717,0.011864997457865734,1.0,0.3554520668194774,outer_04,none,0.0
2707,2021-07-06,2708,2718,0.007813254561201965,1.0,0.3410906161225963,outer_04,none,0.0
2708,2021-07-07,2709,2719,8.31598526884747e-05,1.0,0.4219614652640947,outer_04,none,0.0
2709,2021-07-08,2710,2720,0.0022382776829745765,1.0,0.4286845859848495,outer_04,none,0.0
2710,2021-07-09,2711,2721,-0.003163236005028658,0.0,0.41805219293377943,outer_04,none,0.0
2711,2021-07-12,2712,2722,-0.004589034896758548,0.0,0.4326153742340139,outer_04,none,0.0
2712,2021-07-13,2713,2723,-0.004118094649677495,0.0,0.3886329388470868,outer_04,none,0.0
2713,2021-07-14,2714,2724,-0.011059929288150805,0.0,0.34059742733803855,outer_04,none,0.0
2714,2021-07-15,2715,2725,-0.0005903801016602372,0.0,0.38701879164849995,outer_04,none,0.0
2715,2021-07-16,2716,2726,0.0018257591484909241,1.0,0.3208483031171509,outer_04,none,0.0
2716,2021-07-19,2717,2727,0.0004633025834772653,1.0,0.3049550045810846,outer_04,none,0.0
2717,2021-07-20,2718,2728,-7.733396677345183e-05,0.0,0.37133028879091223,outer_04,none,0.0
2718,2021-07-21,2719,2729,0.0045355816083514355,1.0,0.3496069698729042,outer_04,none,0.0
2719,2021-07-22,2720,2730,-0.0012902763147115692,0.0,0.3154102295720727,outer_04,none,0.0
2720,2021-07-23,2721,2731,-0.0231141756910489,0.0,0.3417495989590161,outer_04,none,0.0
2721,2021-07-26,2722,2732,-0.03917822216231048,0.0,0.31663199182991664,outer_04,none,0.0
2722,2021-07-27,2723,2733,-0.040121747670252006,0.0,0.3565527579347583,outer_04,none,0.0
2723,2021-07-28,2724,2734,-0.0314863617581187,0.0,0.3109625842931333,outer_04,none,0.0
2724,2021-07-29,2725,2735,-0.04222896812827415,0.0,0.2670347375922321,outer_04,none,0.0
2725,2021-07-30,2726,2736,-0.019768680997017007,0.0,0.3244798183627877,outer_04,none,0.0
2726,2021-08-02,2727,2737,-0.014591825567023875,0.0,0.37282809609481865,outer_04,none,0.0
2727,2021-08-03,2728,2738,-0.013324039897715245,0.0,0.4249760152300429,outer_04,none,0.0
2728,2021-08-04,2729,2739,-0.013702498106582084,0.0,0.3973775850029618,outer_04,none,0.0
2729,2021-08-05,2730,2740,-0.013674654269000719,0.0,0.40580395236228944,outer_04,none,0.0
2730,2021-08-06,2731,2741,0.011539675279374606,1.0,0.5180271675397135,outer_04,none,0.0
2731,2021-08-09,2732,2742,0.043296560668927064,1.0,0.48920726528621145,outer_04,none,0.0
2732,2021-08-10,2733,2743,0.04117644198996118,1.0,0.519203541459208,outer_05,sigmoid,0.0
2733,2021-08-11,2734,2744,0.022421084037841155,1.0,0.5177730939539704,outer_05,sigmoid,0.0
2734,2021-08-12,2735,2745,0.022141084242516484,1.0,0.5175077022023596,outer_05,sigmoid,0.0
2735,2021-08-13,2736,2746,0.021739623998746183,1.0,0.5118566385456423,outer_05,sigmoid,0.0
2736,2021-08-16,2737,2747,0.01266550531820343,1.0,0.5119933498477456,outer_05,sigmoid,0.0
2737,2021-08-17,2738,2748,0.015646972581309093,1.0,0.5140203077596996,outer_05,sigmoid,0.0
2738,2021-08-18,2739,2749,0.014772547850161466,1.0,0.5125820570826126,outer_05,sigmoid,0.0
2739,2021-08-19,2740,2750,0.016353024721379228,1.0,0.5147914061197154,outer_05,sigmoid,0.0
2740,2021-08-20,2741,2751,0.025914171280211562,1.0,0.5132852322200833,outer_05,sigmoid,0.0
2741,2021-08-23,2742,2752,0.009986470204205844,1.0,0.5084369773716313,outer_05,sigmoid,0.0
2742,2021-08-24,2743,2753,-0.004058334316947132,0.0,0.5130484383586058,outer_05,sigmoid,0.0
2743,2021-08-25,2744,2754,-0.0008322697704601367,0.0,0.5153711392086899,outer_05,sigmoid,0.0
2744,2021-08-26,2745,2755,0.000808635151653192,1.0,0.515739510515329,outer_05,sigmoid,0.0
2745,2021-08-27,2746,2756,-0.01710192477416239,0.0,0.5131897668448047,outer_05,sigmoid,0.0
2746,2021-08-30,2747,2757,-0.009224737805892502,0.0,0.5158553432205367,outer_05,sigmoid,0.0
2747,2021-08-31,2748,2758,-0.005864600746535942,0.0,0.5143111850675686,outer_05,sigmoid,0.0
2748,2021-09-01,2749,2759,-0.011003162487003948,0.0,0.5150196257755686,outer_05,sigmoid,0.0
2749,2021-09-02,2750,2760,-0.03139132765689645,0.0,0.518644682770917,outer_05,sigmoid,0.0
2750,2021-09-03,2751,2761,-0.04135679009679638,0.0,0.514930852550042,outer_05,sigmoid,0.0
2751,2021-09-06,2752,2762,-0.032929488444708,0.0,0.5196057132937452,outer_05,sigmoid,0.0
2752,2021-09-07,2753,2763,-0.01135032549612447,0.0,0.5150348941822891,outer_05,sigmoid,0.0
2753,2021-09-08,2754,2764,-0.011759022111521134,0.0,0.5133594292590037,outer_05,sigmoid,0.0
2754,2021-09-09,2755,2765,-0.027827066596941563,0.0,0.5151040567341387,outer_05,sigmoid,0.0
2755,2021-09-10,2756,2766,-0.02122686536841112,0.0,0.5111260037958033,outer_05,sigmoid,0.0
2756,2021-09-13,2757,2767,-0.02410353566465684,0.0,0.5115287641747559,outer_05,sigmoid,0.0
2757,2021-09-14,2758,2768,-0.039382601346551915,0.0,0.5129972024658263,outer_05,sigmoid,0.0
2758,2021-09-15,2759,2769,-0.038337327563121804,0.0,0.5143008589338708,outer_05,sigmoid,0.0
2759,2021-09-16,2760,2770,0.0012822743031080108,1.0,0.5095154294217037,outer_05,sigmoid,0.0
2760,2021-09-17,2761,2771,0.003738258298597863,1.0,0.5092270080279353,outer_05,sigmoid,0.0
2761,2021-09-20,2762,2772,0.002349232768452225,1.0,0.5089253525280604,outer_05,sigmoid,0.0
2762,2021-09-21,2763,2773,-0.008396373955426917,0.0,0.5114353871244373,outer_05,sigmoid,0.0
2763,2021-09-22,2764,2774,-0.003211039210231803,0.0,0.5088555212764133,outer_05,sigmoid,0.0
2764,2021-09-23,2765,2775,0.006456095418324814,1.0,0.511213764247966,outer_05,sigmoid,0.0
2765,2021-09-24,2766,2776,0.004083523887734586,1.0,0.5142652362943657,outer_05,sigmoid,0.0
2766,2021-09-27,2767,2777,0.0017805886352411093,1.0,0.5127147136030562,outer_05,sigmoid,0.0
2767,2021-09-28,2768,2778,0.015165245289338714,1.0,0.5098951541641872,outer_05,sigmoid,0.0
2768,2021-09-29,2769,2779,0.03772960274896686,1.0,0.508887070842671,outer_05,sigmoid,0.0
2769,2021-09-30,2770,2780,0.02263712141136942,1.0,0.5079646500794415,outer_05,sigmoid,0.0
2770,2021-10-01,2771,2781,0.0036224837442899727,1.0,0.5105396521382175,outer_05,sigmoid,0.0
2771,2021-10-04,2772,2782,-0.002082897791145122,0.0,0.5104169759483557,outer_05,sigmoid,0.0
2772,2021-10-05,2773,2783,0.005332288201523205,1.0,0.5092799828120729,outer_05,sigmoid,0.0
2773,2021-10-06,2774,2784,0.011112478973592133,1.0,0.5093250768889849,outer_05,sigmoid,0.0
2774,2021-10-07,2775,2785,0.0155005067118541,1.0,0.5124612858595886,outer_05,sigmoid,0.0
2775,2021-10-08,2776,2786,0.02026041864671857,1.0,0.5087968890807417,outer_05,sigmoid,0.0
2776,2021-10-11,2777,2787,0.030137851708452956,1.0,0.5098163322912027,outer_05,sigmoid,0.0
2777,2021-10-12,2778,2788,0.018223354336110553,1.0,0.5078874929774008,outer_05,sigmoid,0.0
2778,2021-10-13,2779,2789,0.002072551148869728,1.0,0.507452847840741,outer_05,sigmoid,0.0
2779,2021-10-14,2780,2790,0.00193018574684789,1.0,0.5084622443487236,outer_05,sigmoid,0.0
2780,2021-10-15,2781,2791,0.009114169677467032,1.0,0.5068911475853082,outer_05,sigmoid,0.0
2781,2021-10-18,2782,2792,0.015678769634280165,1.0,0.5067507334598228,outer_05,sigmoid,0.0
2782,2021-10-19,2783,2793,0.01023325939087183,1.0,0.5088863193872302,outer_05,sigmoid,0.0
2783,2021-10-20,2784,2794,-0.006359053505164525,0.0,0.50834667941814,outer_05,sigmoid,0.0
2784,2021-10-21,2785,2795,0.004330706618575597,1.0,0.5060093101405085,outer_05,sigmoid,0.0
2785,2021-10-22,2786,2796,0.012614407614556455,1.0,0.5066253814983506,outer_05,sigmoid,0.0
2786,2021-10-25,2787,2797,0.009268376491925245,1.0,0.5092384159608089,outer_05,sigmoid,0.0
2787,2021-10-26,2788,2798,0.021255090214430616,1.0,0.510620109059766,outer_05,sigmoid,0.0
2788,2021-10-27,2789,2799,0.02865465832242009,1.0,0.508469521746362,outer_05,sigmoid,0.0
2789,2021-10-28,2790,2800,0.03401361418630433,1.0,0.5068198926473124,outer_05,sigmoid,0.0
2790,2021-10-29,2791,2801,0.04572115291990997,1.0,0.5066422873793629,outer_05,sigmoid,0.0
2791,2021-11-01,2792,2802,0.03843586554286116,1.0,0.5070646801008256,outer_05,sigmoid,0.0
2792,2021-11-02,2793,2803,0.034424640191535794,1.0,0.5072745807842834,outer_05,sigmoid,0.0
2793,2021-11-03,2794,2804,0.05218374378472923,1.0,0.5067874598871743,outer_05,sigmoid,0.0
2794,2021-11-04,2795,2805,0.03730536960882702,1.0,0.5082231150545061,outer_05,sigmoid,0.0
2795,2021-11-05,2796,2806,0.014489520503449427,1.0,0.5140802882889781,outer_05,sigmoid,0.0
2796,2021-11-08,2797,2807,-0.008964126672819539,0.0,0.514293705977641,outer_05,sigmoid,0.0
2797,2021-11-09,2798,2808,-0.02347720168716272,0.0,0.5144226988103751,outer_05,sigmoid,0.0
2798,2021-11-10,2799,2809,-0.03357560959203276,0.0,0.517809070332761,outer_05,sigmoid,0.0
2799,2021-11-11,2800,2810,-0.039038750388977306,0.0,0.519604591441648,outer_05,sigmoid,0.0
2800,2021-11-12,2801,2811,-0.04282632490986682,0.0,0.5161506297780113,outer_05,sigmoid,0.0
2801,2021-11-15,2802,2812,-0.04274002485653128,0.0,0.5135714990392916,outer_05,sigmoid,0.0
2802,2021-11-16,2803,2813,-0.04100239279554163,0.0,0.518525812342678,outer_05,sigmoid,0.0
2803,2021-11-17,2804,2814,-0.046481232011783113,0.0,0.5169384792526063,outer_05,sigmoid,0.0
2804,2021-11-18,2805,2815,-0.04934782047795494,0.0,0.5186976002179917,outer_05,sigmoid,0.0
2805,2021-11-19,2806,2816,-0.03321875221638848,0.0,0.5155867286640944,outer_05,sigmoid,0.0
2806,2021-11-22,2807,2817,-0.016209202008722556,0.0,0.5068318423022272,outer_05,sigmoid,0.0
2807,2021-11-23,2808,2818,-0.002518399629725998,0.0,0.5095722367663733,outer_05,sigmoid,0.0
2808,2021-11-24,2809,2819,-0.002716320022682517,0.0,0.5106322387466038,outer_05,sigmoid,0.0
2809,2021-11-25,2810,2820,-0.008120141296144467,0.0,0.5156819635937414,outer_05,sigmoid,0.0
2810,2021-11-26,2811,2821,-0.003225718922815979,0.0,0.5125309395398356,outer_05,sigmoid,0.0
2811,2021-11-29,2812,2822,0.00046484667897672693,1.0,0.5146738170568664,outer_05,sigmoid,0.0
2812,2021-11-30,2813,2823,-0.0025201924624784766,0.0,0.5136421164968874,outer_05,sigmoid,0.0
2813,2021-12-01,2814,2824,-0.0017641345991386004,0.0,0.511854027225864,outer_05,sigmoid,0.0
2814,2021-12-02,2815,2825,0.01609873167800746,1.0,0.5114650819947429,outer_05,sigmoid,0.0
2815,2021-12-03,2816,2826,0.010222543247179416,1.0,0.505153510250752,outer_05,sigmoid,0.0
2816,2021-12-06,2817,2827,0.006650387423411175,1.0,0.5046244843685355,outer_05,sigmoid,0.0
2817,2021-12-07,2818,2828,0.0023898351083255776,1.0,0.5075752248697601,outer_05,sigmoid,0.0
2818,2021-12-08,2819,2829,0.011181837599967714,1.0,0.5075307206472646,outer_05,sigmoid,0.0
2819,2021-12-09,2820,2830,0.016739829637647752,1.0,0.5109227028714,outer_05,sigmoid,0.0
2820,2021-12-10,2821,2831,0.01601449792109566,1.0,0.5088591848775347,outer_05,sigmoid,0.0
2821,2021-12-13,2822,2832,0.011473997908366229,1.0,0.5125070794690815,outer_05,sigmoid,0.0
2822,2021-12-14,2823,2833,0.018052879690106494,1.0,0.5115258464253962,outer_05,sigmoid,0.0
2823,2021-12-15,2824,2834,0.020206756028915862,1.0,0.5126748041726731,outer_05,sigmoid,0.0
2824,2021-12-16,2825,2835,0.017768349700189034,1.0,0.5126373911263038,outer_05,sigmoid,0.0
2825,2021-12-17,2826,2836,0.0011935262341058461,1.0,0.5114567084341525,outer_05,sigmoid,0.0
2826,2021-12-20,2827,2837,0.012783697551577156,1.0,0.507962359261124,outer_05,sigmoid,0.0
2827,2021-12-21,2828,2838,0.011775858307343512,1.0,0.5101691708896373,outer_05,sigmoid,0.0
2828,2021-12-22,2829,2839,-0.006649423132988552,0.0,0.5135802976286933,outer_05,sigmoid,0.0
2829,2021-12-23,2830,2840,-0.00612067716206699,0.0,0.5155257808632615,outer_05,sigmoid,0.0
2830,2021-12-27,2831,2841,-0.006168415664880023,0.0,0.5155622297286392,outer_05,sigmoid,0.0
2831,2021-12-28,2832,2842,0.00748893675712381,1.0,0.515688857894551,outer_05,sigmoid,0.0
2832,2021-12-29,2833,2843,0.012161638148660003,1.0,0.5173302363210722,outer_05,sigmoid,0.0
2833,2021-12-30,2834,2844,0.0037677465346392935,1.0,0.5157697011764681,outer_05,sigmoid,0.0
2834,2021-12-31,2835,2845,-0.0072807738331786,0.0,0.5189833182814099,outer_05,sigmoid,0.0
2835,2022-01-03,2836,2846,0.008733101049631209,1.0,0.5108977241191189,outer_05,sigmoid,0.0
2836,2022-01-04,2837,2847,0.00013230721755164154,1.0,0.5133682719302429,outer_05,sigmoid,0.0
2837,2022-01-05,2838,2848,0.01651426746654039,1.0,0.5151894052231105,outer_05,sigmoid,0.0
2838,2022-01-06,2839,2849,0.02648869627313477,1.0,0.508364205645722,outer_05,sigmoid,0.0
2839,2022-01-07,2840,2850,0.020922245596588063,1.0,0.5096374576075877,outer_05,sigmoid,0.0
2840,2022-01-10,2841,2851,0.02329886959333205,1.0,0.5099968822160333,outer_05,sigmoid,0.0
2841,2022-01-11,2842,2852,0.014914539898479795,1.0,0.5135791104806484,outer_05,sigmoid,0.0
2842,2022-01-12,2843,2853,-0.003231233284815005,0.0,0.515355280065561,outer_05,sigmoid,0.0
2843,2022-01-13,2844,2854,-0.013369308694774595,0.0,0.5161547785130108,outer_05,sigmoid,0.0
2844,2022-01-14,2845,2855,-0.01574495065364445,0.0,0.5134800880988124,outer_05,sigmoid,0.0
2845,2022-01-17,2846,2856,-0.0114831256996073,0.0,0.5196998033747835,outer_05,sigmoid,0.0
2846,2022-01-18,2847,2857,-0.0072252810799433576,0.0,0.5124919795373536,outer_05,sigmoid,0.0
2847,2022-01-19,2848,2858,-0.01823945451316966,0.0,0.5119492382498061,outer_05,sigmoid,0.0
2848,2022-01-20,2849,2859,-0.018913534492631,0.0,0.5137446933909292,outer_05,sigmoid,0.0
2849,2022-01-21,2850,2860,-0.013385051390361724,0.0,0.5130569368223312,outer_05,sigmoid,0.0
2850,2022-01-24,2851,2861,-0.011817661857318917,0.0,0.5122152837789232,outer_05,sigmoid,0.0
2851,2022-01-25,2852,2862,-0.011837099587596711,0.0,0.5139246928140105,outer_05,sigmoid,0.0
2852,2022-01-26,2853,2863,0.007036055123408325,1.0,0.5112131859998048,outer_05,sigmoid,0.0
2853,2022-01-27,2854,2864,0.016542983582390036,1.0,0.5099142276392395,outer_05,sigmoid,0.0
2854,2022-01-28,2855,2865,0.0367137550675416,1.0,0.5112275783873629,outer_05,sigmoid,0.0
2855,2022-01-31,2856,2866,0.03984082337479933,1.0,0.511494013524489,outer_05,sigmoid,0.0
2856,2022-02-01,2857,2867,0.028900598230303665,1.0,0.5131123582441358,outer_05,sigmoid,0.0
2857,2022-02-02,2858,2868,0.03422340689249026,1.0,0.511874503957684,outer_05,sigmoid,0.0
2858,2022-02-03,2859,2869,0.05071439237029196,1.0,0.5125074650575915,outer_05,sigmoid,0.0
2859,2022-02-04,2860,2870,0.050675474894527284,1.0,0.5120021708296131,outer_05,sigmoid,0.0
2860,2022-02-07,2861,2871,0.048654190150719145,1.0,0.5128517332850511,outer_05,sigmoid,0.0
2861,2022-02-08,2862,2872,0.03928917582403635,1.0,0.5133889697993762,outer_05,sigmoid,0.0
2862,2022-02-09,2863,2873,0.0411811735447456,1.0,0.5158011590642032,outer_05,sigmoid,0.0
2863,2022-02-10,2864,2874,0.04244057795724032,1.0,0.5122238012655955,outer_05,sigmoid,0.0
2864,2022-02-11,2865,2875,0.03386760457334592,1.0,0.5179485925941827,outer_05,sigmoid,0.0
2865,2022-02-14,2866,2876,0.01996959611600513,1.0,0.5235082275182176,outer_05,sigmoid,0.0
2866,2022-02-15,2867,2877,0.046969107677381494,1.0,0.524020379379076,outer_05,sigmoid,0.0
2867,2022-02-16,2868,2878,0.031283479279216486,1.0,0.5246023849292046,outer_05,sigmoid,0.0
2868,2022-02-17,2869,2879,0.019831645850966417,1.0,0.5279183974488518,outer_05,sigmoid,0.0
2869,2022-02-18,2870,2880,0.040245335806098126,1.0,0.5282214324899953,outer_05,sigmoid,0.0
2870,2022-02-21,2871,2881,0.04361140593173474,1.0,0.5279598415815638,outer_05,sigmoid,0.0
2871,2022-02-22,2872,2882,0.07656463384508161,1.0,0.5233017416031502,outer_05,sigmoid,0.0
2872,2022-02-23,2873,2883,0.04208060761876098,1.0,0.5250803985483126,outer_05,sigmoid,0.0
2873,2022-02-24,2874,2884,0.04655220165579088,1.0,0.5238583660332333,outer_05,sigmoid,0.0
2874,2022-02-25,2875,2885,0.030744666713905744,1.0,0.5208516506674672,outer_05,sigmoid,0.0
2875,2022-02-28,2876,2886,0.023297217423060346,1.0,0.5148481872749952,outer_05,sigmoid,0.0
2876,2022-03-01,2877,2887,-0.011840400916291571,0.0,0.5253418861778949,outer_05,sigmoid,0.0
2877,2022-03-02,2878,2888,-0.0018313835692378433,0.0,0.5268658103455784,outer_05,sigmoid,0.0
2878,2022-03-03,2879,2889,0.0028100841149703015,1.0,0.5247821800719891,outer_05,sigmoid,0.0
2879,2022-03-04,2880,2890,-0.028452062341629336,0.0,0.5253565463116391,outer_05,sigmoid,0.0
2880,2022-03-07,2881,2891,-0.03107008520060539,0.0,0.5252782822296457,outer_05,sigmoid,0.0
2881,2022-03-08,2882,2892,-0.06486865531653141,0.0,0.5292780784071456,outer_05,sigmoid,0.0
2882,2022-03-09,2883,2893,-0.024135878842589165,0.0,0.52948127708766,outer_05,sigmoid,0.0
2883,2022-03-10,2884,2894,-0.019443315682899254,0.0,0.5321791263267613,outer_05,sigmoid,0.0
2884,2022-03-11,2885,2895,-0.012248079606584028,0.0,0.5325423966889377,outer_05,sigmoid,0.0
2885,2022-03-14,2886,2896,-0.015961614847135763,0.0,0.5334980255873205,outer_05,sigmoid,0.0
2886,2022-03-15,2887,2897,1.0416015665981604e-05,1.0,0.531963458989956,outer_05,sigmoid,0.0
2887,2022-03-16,2888,2898,0.0038404873462143385,1.0,0.5321964380221883,outer_05,sigmoid,0.0
2888,2022-03-17,2889,2899,-0.00258808389205889,0.0,0.5315791722597285,outer_05,sigmoid,0.0
2889,2022-03-18,2890,2900,-0.0005403748462304847,0.0,0.5321333525202133,outer_05,sigmoid,0.0
2890,2022-03-21,2891,2901,-0.0018869832229393424,0.0,0.5296625703937397,outer_05,sigmoid,0.0
2891,2022-03-22,2892,2902,0.0009208510979066276,1.0,0.5268535389488485,outer_05,sigmoid,0.0
2892,2022-03-23,2893,2903,-0.010490085725377796,0.0,0.5251089208023667,outer_05,sigmoid,0.0
2893,2022-03-24,2894,2904,-0.013967188537288955,0.0,0.5226716274749411,outer_05,sigmoid,0.0
2894,2022-03-25,2895,2905,-0.004114546838721367,0.0,0.5208617541057771,outer_05,sigmoid,0.0
2895,2022-03-28,2896,2906,0.01544440215109244,1.0,0.5205193891906204,outer_05,sigmoid,0.0
2896,2022-03-29,2897,2907,0.02401496447472873,1.0,0.5237335702812671,outer_05,sigmoid,0.0
2897,2022-03-30,2898,2908,0.02249550142125578,1.0,0.5221708106941454,outer_05,sigmoid,0.0
2898,2022-03-31,2899,2909,0.018028184623685384,1.0,0.5233917455211298,outer_05,sigmoid,0.0
2899,2022-04-01,2900,2910,0.027410913897079503,1.0,0.5239314082151376,outer_05,sigmoid,0.0
2900,2022-04-04,2901,2911,0.008927779793634905,1.0,0.5239668524824056,outer_05,sigmoid,0.0
2901,2022-04-05,2902,2912,0.01702004194974638,1.0,0.5293120645717411,outer_05,sigmoid,0.0
2902,2022-04-06,2903,2913,0.01352502059055638,1.0,0.5264394176511887,outer_05,sigmoid,0.0
2903,2022-04-07,2904,2914,0.000517539422177471,1.0,0.5241704526534986,outer_05,sigmoid,0.0
2904,2022-04-08,2905,2915,-0.02550740840197907,0.0,0.5187686288452946,outer_05,sigmoid,0.0
2905,2022-04-11,2906,2916,-0.023970253220456428,0.0,0.5125471477835895,outer_05,sigmoid,0.0
2906,2022-04-12,2907,2917,-0.04222542616160663,0.0,0.5133079366980284,outer_05,sigmoid,0.0
2907,2022-04-13,2908,2918,-0.042369413879789874,0.0,0.5140264312431139,outer_05,sigmoid,0.0
2908,2022-04-14,2909,2919,-0.03776587326493264,0.0,0.5159659789869262,outer_05,sigmoid,0.0
2909,2022-04-18,2910,2920,-0.05942940607418645,0.0,0.5125522688041616,outer_05,sigmoid,0.0
2910,2022-04-19,2911,2921,-0.04285823881965456,0.0,0.5181976420088049,outer_05,sigmoid,0.0
2911,2022-04-20,2912,2922,-0.038635004129651485,0.0,0.5172099019823997,outer_05,sigmoid,0.0
2912,2022-04-21,2913,2923,-0.03867119950003328,0.0,0.5170701540182107,outer_05,sigmoid,0.0
2913,2022-04-22,2914,2924,-0.025817826307480196,0.0,0.5199289690134558,outer_05,sigmoid,0.0
2914,2022-04-25,2915,2925,-0.02416577027898903,0.0,0.5211594480783737,outer_05,sigmoid,0.0
2915,2022-04-26,2916,2926,-0.03581147479004798,0.0,0.5210854347796816,outer_05,sigmoid,0.0
2916,2022-04-27,2917,2927,-0.018245722075574733,0.0,0.5248930969983352,outer_05,sigmoid,0.0
2917,2022-04-28,2918,2928,-0.038996371396483376,0.0,0.5245621690309872,outer_05,sigmoid,0.0
2918,2022-04-29,2919,2929,-0.04576387856437947,0.0,0.5233331824537933,outer_05,sigmoid,0.0
2919,2022-05-02,2920,2930,-0.02087165254209289,0.0,0.5251757499718733,outer_05,sigmoid,0.0
2920,2022-05-03,2921,2931,-0.02914641625901737,0.0,0.5252828878124368,outer_05,sigmoid,0.0
2921,2022-05-04,2922,2932,-0.03547493433216786,0.0,0.5212701482336323,outer_05,sigmoid,0.0
2922,2022-05-05,2923,2933,-0.01849867580661524,0.0,0.5205934584223743,outer_05,sigmoid,0.0
2923,2022-05-06,2924,2934,-0.019033594289373568,0.0,0.515864978889788,outer_05,sigmoid,0.0
2924,2022-05-09,2925,2935,4.316717568642048e-05,1.0,0.5182162622308504,outer_05,sigmoid,0.0
2925,2022-05-10,2926,2936,0.01417866105623844,1.0,0.5196473367242732,outer_05,sigmoid,0.0
2926,2022-05-11,2927,2937,0.0007181212529623338,1.0,0.5197839446269555,outer_05,sigmoid,0.0
2927,2022-05-12,2928,2938,0.015245608713384762,1.0,0.5227996957288866,outer_05,sigmoid,0.0
2928,2022-05-13,2929,2939,0.020679463900660444,1.0,0.5241051268934135,outer_05,sigmoid,0.0
2929,2022-05-16,2930,2940,0.01688720862761084,1.0,0.5229900121620915,outer_05,sigmoid,0.0
2930,2022-05-17,2931,2941,0.012264984251991962,1.0,0.526155193740091,outer_05,sigmoid,0.0
2931,2022-05-18,2932,2942,0.016826112690881523,1.0,0.5264839856455062,outer_05,sigmoid,0.0
2932,2022-05-19,2933,2943,0.014493436947194738,1.0,0.5226697719912259,outer_05,sigmoid,0.0
2933,2022-05-20,2934,2944,0.001411379411307756,1.0,0.5218970601665991,outer_05,sigmoid,0.0
2934,2022-05-23,2935,2945,-0.006773006517550861,0.0,0.5195355462583174,outer_05,sigmoid,0.0
2935,2022-05-24,2936,2946,-0.0068212648159109435,0.0,0.5207595639765392,outer_05,sigmoid,0.0
2936,2022-05-25,2937,2947,1.0794881068143525e-05,1.0,0.5238891640297016,outer_05,sigmoid,0.0
2937,2022-05-26,2938,2948,-0.0015682630108297957,0.0,0.5237444989386544,outer_05,sigmoid,0.0
2938,2022-05-27,2939,2949,0.013918153927570565,1.0,0.5238736327613747,outer_05,sigmoid,0.0
2939,2022-05-30,2940,2950,-0.022326782479744622,0.0,0.5230368341338677,outer_05,sigmoid,0.0
2940,2022-05-31,2941,2951,-0.016152709144508393,0.0,0.5240465995975002,outer_05,sigmoid,0.0
2941,2022-06-01,2942,2952,-0.007640926257395542,0.0,0.5211131837574088,outer_05,sigmoid,0.0
2942,2022-06-02,2943,2953,-0.008177609388367202,0.0,0.5170286282023794,outer_05,sigmoid,0.0
2943,2022-06-03,2944,2954,-0.007948024598760206,0.0,0.5207635304931242,outer_05,sigmoid,0.0
2944,2022-06-06,2945,2955,-0.0016419472176556482,0.0,0.5192661271135608,outer_05,sigmoid,0.0
2945,2022-06-07,2946,2956,-0.010952798004143283,0.0,0.5193980036390059,outer_05,sigmoid,0.0
2946,2022-06-08,2947,2957,-0.008439280312920516,0.0,0.5196902061822855,outer_05,sigmoid,0.0
2947,2022-06-09,2948,2958,-0.01301917309497469,0.0,0.5191410094362755,outer_05,sigmoid,0.0
2948,2022-06-10,2949,2959,-0.022822623211921744,0.0,0.5163662718824522,outer_05,sigmoid,0.0
2949,2022-06-13,2950,2960,0.004178470493858555,1.0,0.511932070588997,outer_05,sigmoid,0.0
2950,2022-06-14,2951,2961,0.006524309980043164,1.0,0.5199273124737143,outer_05,sigmoid,0.0
2951,2022-06-15,2952,2962,-0.008271662921019995,0.0,0.5173579932071185,outer_05,sigmoid,0.0
2952,2022-06-16,2953,2963,-0.025644602614761425,0.0,0.5186633616023424,outer_05,sigmoid,0.0
2953,2022-06-17,2954,2964,-0.013434723853675834,0.0,0.5194678226533079,outer_05,sigmoid,0.0
2954,2022-06-20,2955,2965,-0.016359273365595506,0.0,0.5237290219699525,outer_05,sigmoid,0.0
2955,2022-06-21,2956,2966,-0.036830618280291993,0.0,0.5241492432060003,outer_05,sigmoid,0.0
2956,2022-06-22,2957,2967,-0.05431824267162266,0.0,0.5227233009464372,outer_05,sigmoid,0.0
2957,2022-06-23,2958,2968,-0.046714549342778966,0.0,0.5245989574917078,outer_05,sigmoid,0.0
2958,2022-06-24,2959,2969,-0.05297989429802463,0.0,0.521079086069367,outer_05,sigmoid,0.0
2959,2022-06-27,2960,2970,-0.050108619980310465,0.0,0.5175900812778675,outer_05,sigmoid,0.0
2960,2022-06-28,2961,2971,-0.05264997345967792,0.0,0.5187001548517737,outer_05,sigmoid,0.0
2961,2022-06-29,2962,2972,-0.046321226519238756,0.0,0.5201046249568951,outer_05,sigmoid,0.0
2962,2022-06-30,2963,2973,-0.057176321697509636,0.0,0.516796247352099,outer_05,sigmoid,0.0
2963,2022-07-01,2964,2974,-0.05953800684930943,0.0,0.5127619956013971,outer_05,sigmoid,0.0
2964,2022-07-04,2965,2975,-0.05570023620575704,0.0,0.5158994882856456,outer_05,sigmoid,0.0
2965,2022-07-05,2966,2976,-0.031438242639860725,0.0,0.5180415513639433,outer_05,sigmoid,0.0
2966,2022-07-06,2967,2977,-0.025275958952602373,0.0,0.5197932211181836,outer_05,sigmoid,0.0
2967,2022-07-07,2968,2978,-0.013069133388067478,0.0,0.5225351862460282,outer_05,sigmoid,0.0
2968,2022-07-08,2969,2979,-0.008334030409852033,0.0,0.5247579406107686,outer_05,sigmoid,0.0
2969,2022-07-11,2970,2980,-0.008376151014624966,0.0,0.522546812204768,outer_05,sigmoid,0.0
2970,2022-07-12,2971,2981,-0.004914014802428923,0.0,0.5243234007050134,outer_05,sigmoid,0.0
2971,2022-07-13,2972,2982,-0.0007377351865391901,0.0,0.5236550221459632,outer_05,sigmoid,0.0
2972,2022-07-14,2973,2983,0.028336105480955887,1.0,0.5274882701945585,outer_05,sigmoid,0.0
2973,2022-07-15,2974,2984,0.033441496607474086,1.0,0.5279654682915174,outer_05,sigmoid,0.0
2974,2022-07-18,2975,2985,0.03545181139019604,1.0,0.524763595380011,outer_05,sigmoid,0.0
2975,2022-07-19,2976,2986,0.028694010039402862,1.0,0.5238589141970407,outer_05,sigmoid,0.0
2976,2022-07-20,2977,2987,0.03969416984123608,1.0,0.5269975878129367,outer_05,sigmoid,0.0
2977,2022-07-21,2978,2988,0.041591202500923075,1.0,0.5224340802268248,outer_05,sigmoid,0.0
2978,2022-07-22,2979,2989,0.0255589988370577,1.0,0.5235326663019035,outer_05,sigmoid,0.0
2979,2022-07-25,2980,2990,0.03972710819069469,1.0,0.5264755365987889,outer_05,sigmoid,0.0
2980,2022-07-26,2981,2991,0.043937703031420305,1.0,0.5275151918532226,outer_05,sigmoid,0.0
2981,2022-07-27,2982,2992,0.03269868368601525,1.0,0.5252640144275135,outer_05,sigmoid,0.0
2982,2022-07-28,2983,2993,0.01947538353537226,1.0,0.5229722287210194,outer_05,sigmoid,0.0
2983,2022-07-29,2984,2994,0.020832626457186976,1.0,0.5222600281416456,outer_05,sigmoid,0.0
2984,2022-08-01,2985,2995,0.004465914753497557,1.0,0.5193582152931985,outer_05,sigmoid,0.0
2985,2022-08-02,2986,2996,0.00817642001390606,1.0,0.5192029014737997,outer_05,sigmoid,0.0
2986,2022-08-03,2987,2997,-0.0016157519452972835,0.0,0.5203114356530812,outer_05,sigmoid,0.0
2987,2022-08-04,2988,2998,-0.018034850440562522,0.0,0.5182795178922072,outer_05,sigmoid,0.0
2988,2022-08-05,2989,2999,-0.014111085632076303,0.0,0.5204422556011956,outer_05,sigmoid,0.0
2989,2022-08-08,2990,3000,-0.030082704254830617,0.0,0.5197930689291489,outer_05,sigmoid,0.0
2990,2022-08-09,2991,3001,-0.026465548357279545,0.0,0.5195581016039009,outer_05,sigmoid,0.0
2991,2022-08-10,2992,3002,-0.022939038141578827,0.0,0.5201387868169736,outer_05,sigmoid,0.0
2992,2022-08-11,2993,3003,-0.01761986311592434,0.0,0.5192983680329785,outer_05,sigmoid,0.0
2993,2022-08-12,2994,3004,-0.03728684977057206,0.0,0.5142409404076163,outer_05,sigmoid,0.0
2994,2022-08-15,2995,3005,-0.02376237963861172,0.0,0.5180336501463394,outer_05,sigmoid,0.0
2995,2022-08-16,2996,3006,-0.029929758667318396,0.0,0.5190949514254787,outer_05,sigmoid,0.0
2996,2022-08-17,2997,3007,-0.029603343251409342,0.0,0.5181110646421547,outer_05,sigmoid,0.0
2997,2022-08-18,2998,3008,-0.03550764741389312,0.0,0.5188941330590975,outer_05,sigmoid,0.0
2998,2022-08-19,2999,3009,-0.020220001332365456,0.0,0.516970057691906,outer_05,sigmoid,0.0
2999,2022-08-22,3000,3010,-0.014589395264693827,0.0,0.519580966913809,outer_05,sigmoid,0.0
3000,2022-08-23,3001,3011,-0.026485624678060482,0.0,0.520542022650359,outer_05,sigmoid,0.0
3001,2022-08-24,3002,3012,-0.018922809357618142,0.0,0.519963075267597,outer_05,sigmoid,0.0
3002,2022-08-25,3003,3013,-0.028768463252769827,0.0,0.516676752721576,outer_05,sigmoid,0.0
3003,2022-08-26,3004,3014,-0.010056445530050695,0.0,0.5175083659964962,outer_05,sigmoid,0.0
3004,2022-08-29,3005,3015,-0.007694167429439069,0.0,0.5195829419014588,outer_05,sigmoid,0.0
3005,2022-08-30,3006,3016,-0.012918325792142582,0.0,0.517903194811015,outer_05,sigmoid,0.0
3006,2022-08-31,3007,3017,-0.007915291236622934,0.0,0.5174323350992769,outer_05,sigmoid,0.0
3007,2022-09-01,3008,3018,-0.01955277338167072,0.0,0.514672550124875,outer_05,sigmoid,0.0
3008,2022-09-02,3009,3019,-0.021580129836941353,0.0,0.514709404763516,outer_05,sigmoid,0.0
3009,2022-09-05,3010,3020,-0.020511389308137673,0.0,0.5199839856229528,outer_05,sigmoid,0.0
3010,2022-09-06,3011,3021,-0.022111441665267684,0.0,0.5162907686763885,outer_05,sigmoid,0.0
3011,2022-09-07,3012,3022,-0.027932502579145257,0.0,0.51350544819425,outer_05,sigmoid,0.0
3012,2022-09-08,3013,3023,-0.022023646608348102,0.0,0.5181705740752484,outer_05,sigmoid,0.0
3013,2022-09-09,3014,3024,-0.04442690091668133,0.0,0.5163841218600875,outer_05,sigmoid,0.0
3014,2022-09-12,3015,3025,-0.06040719490363511,0.0,0.5154096835329353,outer_05,sigmoid,0.0
3015,2022-09-13,3016,3026,-0.04286276052041149,0.0,0.5194365822960286,outer_05,sigmoid,0.0
3016,2022-09-14,3017,3027,-0.022543012480777058,0.0,0.518577173519297,outer_05,sigmoid,0.0
3017,2022-09-15,3018,3028,-0.002279268373676757,0.0,0.5205130772862278,outer_05,sigmoid,0.0
3018,2022-09-16,3019,3029,-0.007069623002861292,0.0,0.5204217400260579,outer_05,sigmoid,0.0
3019,2022-09-19,3020,3030,0.013512918234437343,1.0,0.5217328005536485,outer_05,sigmoid,0.0
3020,2022-09-20,3021,3031,0.03554049420461691,1.0,0.5239103560372468,outer_05,sigmoid,0.0
3021,2022-09-21,3022,3032,0.02652337094156021,1.0,0.5203268272787648,outer_05,sigmoid,0.0
3022,2022-09-22,3023,3033,0.023842110653941262,1.0,0.5208763307652324,outer_05,sigmoid,0.0
3023,2022-09-23,3024,3034,0.031525309717782335,1.0,0.52215080425395,outer_05,sigmoid,0.0
3024,2022-09-26,3025,3035,0.02714988910828886,1.0,0.5201411273815725,outer_05,sigmoid,0.0
3025,2022-09-27,3026,3036,0.022087204373115732,1.0,0.5214976200138947,outer_05,sigmoid,0.0
3026,2022-09-28,3027,3037,0.008614847208120224,1.0,0.5143185540795169,outer_05,sigmoid,0.0
3027,2022-09-29,3028,3038,0.003149911834150032,1.0,0.5157411944580392,outer_05,sigmoid,0.0
3028,2022-09-30,3029,3039,-0.01050459031755313,0.0,0.5168564606674607,outer_05,sigmoid,0.0
3029,2022-10-03,3030,3040,-0.02880315680741763,0.0,0.5122772536067678,outer_05,sigmoid,0.0
3030,2022-10-04,3031,3041,-0.04328326201736932,0.0,0.5179958393101021,outer_05,sigmoid,0.0
3031,2022-10-05,3032,3042,-0.05197558839437022,0.0,0.520531214379094,outer_05,sigmoid,0.0
3032,2022-10-06,3033,3043,-0.049996939500741355,0.0,0.5192145012838241,outer_05,sigmoid,0.0
3033,2022-10-07,3034,3044,-0.021899664068898872,0.0,0.5220337956127317,outer_05,sigmoid,0.0
3034,2022-10-10,3035,3045,-0.011043175350370582,0.0,0.5235109819977067,outer_05,sigmoid,0.0
3035,2022-10-11,3036,3046,-0.008497968848851123,0.0,0.5185379183138803,outer_05,sigmoid,0.0
3036,2022-10-12,3037,3047,-0.005847129048029309,0.0,0.5175056935688821,outer_05,sigmoid,0.0
3037,2022-10-13,3038,3048,-0.0021389354337726374,0.0,0.5173773233328183,outer_05,sigmoid,0.0
3038,2022-10-14,3039,3049,-0.0017392260573316776,0.0,0.5190426235494159,outer_05,sigmoid,0.0
3039,2022-10-17,3040,3050,-0.01072701730455794,0.0,0.5161748013977845,outer_05,sigmoid,0.0
3040,2022-10-18,3041,3051,-0.0028674593545279237,0.0,0.5147826521385521,outer_05,sigmoid,0.0
3041,2022-10-19,3042,3052,0.003223298764075011,1.0,0.5187465868709903,outer_05,sigmoid,0.0
3042,2022-10-20,3043,3053,0.0003806904050600579,1.0,0.5163600373375834,outer_05,sigmoid,0.0
3043,2022-10-21,3044,3054,0.008757778967441787,1.0,0.5070158378467017,outer_05,sigmoid,0.0
3044,2022-10-24,3045,3055,0.015099393557793661,1.0,0.5095509757014707,outer_05,sigmoid,0.0
3045,2022-10-25,3046,3056,0.03570098648937847,1.0,0.5129289564537212,outer_05,sigmoid,0.0
3046,2022-10-26,3047,3057,0.024863765776407476,1.0,0.511364285365994,outer_05,sigmoid,0.0
3047,2022-10-27,3048,3058,0.05328247308570422,1.0,0.511371505804305,outer_05,sigmoid,0.0
3048,2022-10-28,3049,3059,0.07069807178678111,1.0,0.5137051441115401,outer_05,sigmoid,0.0
3049,2022-10-31,3050,3060,0.0810079846205003,1.0,0.516838760063288,outer_05,sigmoid,0.0
3050,2022-11-01,3051,3061,0.07628378494017607,1.0,0.5171561751602136,outer_05,sigmoid,0.0
3051,2022-11-02,3052,3062,0.08171389910821603,1.0,0.5198045149709669,outer_05,sigmoid,0.0
3052,2022-11-03,3053,3063,0.0776858624087371,1.0,0.5199196866168551,outer_05,sigmoid,0.0
3053,2022-11-04,3054,3064,0.04481782281909208,1.0,0.5063497536046403,outer_05,sigmoid,0.0
3054,2022-11-07,3055,3065,0.037470513180319465,1.0,0.5121001602569883,outer_05,sigmoid,0.0
3055,2022-11-08,3056,3066,0.016071257208138512,1.0,0.5157680008269965,outer_05,sigmoid,0.0
3056,2022-11-09,3057,3067,0.025158232007652437,1.0,0.5165616081062757,outer_05,sigmoid,0.0
3057,2022-11-10,3058,3068,0.0007239664555402925,1.0,0.5211480638059799,outer_05,sigmoid,0.0
3058,2022-11-11,3059,3069,-0.005151221583900245,0.0,0.5217969074129936,outer_05,sigmoid,0.0
3059,2022-11-14,3060,3070,-0.01742146776111131,0.0,0.5223821579227044,outer_05,sigmoid,0.0
3060,2022-11-15,3061,3071,-0.016098513021560734,0.0,0.5163985271879874,outer_05,sigmoid,0.0
3061,2022-11-16,3062,3072,-0.0025912088452439974,0.0,0.5166039076148481,outer_05,sigmoid,0.0
3062,2022-11-17,3063,3073,0.023354529686342218,1.0,0.5221304428385354,outer_05,sigmoid,0.0
3063,2022-11-18,3064,3074,0.02528368696703165,1.0,0.5177279000171341,outer_05,sigmoid,0.0
3064,2022-11-21,3065,3075,0.016726793805314166,1.0,0.5154796051882922,outer_05,sigmoid,0.0
3065,2022-11-22,3066,3076,0.017648254066727098,1.0,0.5132352679813236,outer_05,sigmoid,0.0
3066,2022-11-23,3067,3077,0.02044466376688181,1.0,0.5125816720482606,outer_05,sigmoid,0.0
3067,2022-11-24,3068,3078,0.019642163658728506,1.0,0.5105662613531491,outer_05,sigmoid,0.0
3068,2022-11-25,3069,3079,0.02402670193297407,1.0,0.5079873015245385,outer_05,sigmoid,0.0
3069,2022-11-28,3070,3080,0.02341261160771868,1.0,0.5085811778337047,outer_05,sigmoid,0.0
3070,2022-11-29,3071,3081,0.03444141293645231,1.0,0.5065345817627327,outer_05,sigmoid,0.0
3071,2022-11-30,3072,3082,0.02124711165486204,1.0,0.5048373650530993,outer_05,sigmoid,0.0
3072,2022-12-01,3073,3083,-0.01423980962761906,0.0,0.5067642995655728,outer_05,sigmoid,0.0
3073,2022-12-02,3074,3084,-0.0018781650782004888,0.0,0.5071855081303167,outer_05,sigmoid,0.0
3074,2022-12-05,3075,3085,0.010867226598104018,1.0,0.5093583447576127,outer_05,sigmoid,0.0
3075,2022-12-06,3076,3086,0.026116354077424297,1.0,0.5108495277772164,outer_05,sigmoid,0.0
3076,2022-12-07,3077,3087,0.015606956133638938,1.0,0.5101859896340074,outer_05,sigmoid,0.0
3077,2022-12-08,3078,3088,0.0021043179758244435,1.0,0.5091086905953165,outer_05,sigmoid,0.0
3078,2022-12-09,3079,3089,0.0017458900965765523,1.0,0.5043997014370439,outer_05,sigmoid,0.0
3079,2022-12-12,3080,3090,0.018268294656672346,1.0,0.5083833070491655,outer_05,sigmoid,0.0
3080,2022-12-13,3081,3091,-0.0035242570952043195,0.0,0.5054404067694551,outer_05,sigmoid,0.0
3081,2022-12-14,3082,3092,0.0041913732451117625,1.0,0.5055575769584589,outer_05,sigmoid,0.0
3082,2022-12-15,3083,3093,0.02771595116734904,1.0,0.5048898216575735,outer_05,sigmoid,0.0
3083,2022-12-16,3084,3094,0.02541319453837243,1.0,0.5053011319671371,outer_05,sigmoid,0.0
3084,2022-12-19,3085,3095,0.03678633772527551,1.0,0.5074285363299561,outer_05,sigmoid,0.0
3085,2022-12-20,3086,3096,0.007939528461347933,1.0,0.502964881861492,outer_05,sigmoid,0.0
3086,2022-12-21,3087,3097,0.029228186350811924,1.0,0.5058639941886983,outer_05,sigmoid,0.0
3087,2022-12-22,3088,3098,0.04233213925158541,1.0,0.509468274330987,outer_05,sigmoid,0.0
3088,2022-12-23,3089,3099,0.04183832158073564,1.0,0.5093455527751769,outer_05,sigmoid,0.0
3089,2022-12-27,3090,3100,0.0329921576394403,1.0,0.5097262324751974,outer_05,sigmoid,0.0
3090,2022-12-28,3091,3101,0.04944210102667679,1.0,0.51078359101239,outer_05,sigmoid,0.0
3091,2022-12-29,3092,3102,0.05590609468048857,1.0,0.5087813374138617,outer_05,sigmoid,0.0
3092,2022-12-30,3093,3103,0.04729861895943532,1.0,0.5071062384568439,outer_05,sigmoid,0.0
3093,2023-01-03,3094,3104,0.03708467943854821,1.0,0.5054417893344471,outer_05,sigmoid,0.0
3094,2023-01-04,3095,3105,0.026352603057872237,1.0,0.5067047659294578,outer_05,sigmoid,0.0
3095,2023-01-05,3096,3106,0.05280255165469416,1.0,0.5098133770580692,outer_05,sigmoid,0.0
3096,2023-01-06,3097,3107,0.030659378055972297,1.0,0.5086293337630424,outer_05,sigmoid,0.0
3097,2023-01-09,3098,3108,0.031518512924122,1.0,0.5096073141445528,outer_05,sigmoid,0.0
3098,2023-01-10,3099,3109,0.03150192974112098,1.0,0.511732098934532,outer_05,sigmoid,0.0
3099,2023-01-11,3100,3110,0.0374299538689149,1.0,0.5109755188760307,outer_05,sigmoid,0.0
3100,2023-01-12,3101,3111,0.017034708017175326,1.0,0.5087953828109026,outer_05,sigmoid,0.0
3101,2023-01-13,3102,3112,0.004258766404447556,1.0,0.5092501784027978,outer_05,sigmoid,0.0
3102,2023-01-16,3103,3113,0.00414795646371946,1.0,0.5143875298548589,outer_05,sigmoid,0.0
3103,2023-01-17,3104,3114,0.010312272062398264,1.0,0.5110041457640914,outer_05,sigmoid,0.0
3104,2023-01-18,3105,3115,0.024625998361035073,1.0,0.510756187994586,outer_05,sigmoid,0.0
3105,2023-01-19,3106,3116,-0.01025612657500119,0.0,0.5091173910515203,outer_05,sigmoid,0.0
3106,2023-01-20,3107,3117,-0.03371589375818562,0.0,0.5081578941826086,outer_05,sigmoid,0.0
3107,2023-01-23,3108,3118,-0.033369513313521004,0.0,0.5052716948225604,outer_05,sigmoid,0.0
3108,2023-01-24,3109,3119,-0.033138866210149054,0.0,0.5046626388999613,outer_05,sigmoid,0.0
3109,2023-01-25,3110,3120,-0.03733395694074293,0.0,0.5050031460925487,outer_05,sigmoid,0.0
3110,2023-01-26,3111,3121,-0.0345310304606814,0.0,0.5055991541932415,outer_05,sigmoid,0.0
3111,2023-01-27,3112,3122,-0.03297352682550425,0.0,0.5080773969284259,outer_05,sigmoid,0.0
3112,2023-01-30,3113,3123,-0.03671900883321566,0.0,0.5076654466962043,outer_05,sigmoid,0.0
3113,2023-01-31,3114,3124,-0.03915909711392196,0.0,0.505815788746384,outer_05,sigmoid,0.0
3114,2023-02-01,3115,3125,-0.060819365779987145,0.0,0.5051445648550223,outer_05,sigmoid,0.0
3115,2023-02-02,3116,3126,-0.04029496381401909,0.0,0.5039521215541667,outer_05,sigmoid,0.0
3116,2023-02-03,3117,3127,-0.011412769605715134,0.0,0.5095445486043537,outer_05,sigmoid,0.0
3117,2023-02-06,3118,3128,-0.014068827914790916,0.0,0.5146300338878876,outer_05,sigmoid,0.0
3118,2023-02-07,3119,3129,-0.02112971137629671,0.0,0.5153745022188783,outer_05,sigmoid,0.0
3119,2023-02-08,3120,3130,-0.02669231751831269,0.0,0.5170056346591849,outer_05,sigmoid,0.0
3120,2023-02-09,3121,3131,-0.021920217324503888,0.0,0.5238313278307558,outer_05,sigmoid,0.0
3121,2023-02-10,3122,3132,-0.028316144152841893,0.0,0.5214532056721874,outer_05,sigmoid,0.0
3122,2023-02-13,3123,3133,-0.019892614998999747,0.0,0.5263099582535724,outer_05,sigmoid,0.0
3123,2023-02-14,3124,3134,-0.01486749587015801,0.0,0.5240411614999468,outer_05,sigmoid,0.0
3124,2023-02-15,3125,3135,0.0004573320201233244,1.0,0.5233709792548231,outer_05,sigmoid,0.0
3125,2023-02-16,3126,3136,-0.0001143588418335284,0.0,0.520353998119321,outer_05,sigmoid,0.0
3126,2023-02-17,3127,3137,0.0072041858607097,1.0,0.517233537189088,outer_05,sigmoid,0.0
3127,2023-02-20,3128,3138,0.002689923093599944,1.0,0.5236920172784179,outer_05,sigmoid,0.0
3128,2023-02-21,3129,3139,-0.011401507023402147,0.0,0.5219426956476991,outer_05,sigmoid,0.0
3129,2023-02-22,3130,3140,-0.0063848124810492735,0.0,0.5230210428389195,outer_05,sigmoid,0.0
3130,2023-02-23,3131,3141,0.00487705716483422,1.0,0.5226153807093683,outer_05,sigmoid,0.0
3131,2023-02-24,3132,3142,0.03976970379222777,1.0,0.5211680794690136,outer_05,sigmoid,0.0
3132,2023-02-27,3133,3143,0.05104232186772428,1.0,0.521936940812843,outer_05,sigmoid,0.0
3133,2023-02-28,3134,3144,0.041778719691046184,1.0,0.5211672865800691,outer_05,sigmoid,0.0
3134,2023-03-01,3135,3145,0.04373963525935043,1.0,0.5208993821395395,outer_05,sigmoid,0.0
3135,2023-03-02,3136,3146,0.04433478575365868,1.0,0.5170390951524344,outer_05,sigmoid,0.0
3136,2023-03-03,3137,3147,0.0690216346011363,1.0,0.5144664674743729,outer_05,sigmoid,0.0
3137,2023-03-06,3138,3148,0.06930839074075568,1.0,0.5188141818863505,outer_05,sigmoid,0.0
3138,2023-03-07,3139,3149,0.0670629790112045,1.0,0.5216879824496179,outer_05,sigmoid,0.0
3139,2023-03-08,3140,3150,0.08225956678424584,1.0,0.5227702215850216,outer_05,sigmoid,0.0
3140,2023-03-09,3141,3151,0.08497258458178791,1.0,0.5187478218699647,outer_05,sigmoid,0.0
3141,2023-03-10,3142,3152,0.04751288282617949,1.0,0.5092849638625008,outer_05,sigmoid,0.0
3142,2023-03-13,3143,3153,0.022911551816770626,1.0,0.5074104899082675,outer_05,sigmoid,0.0
3143,2023-03-14,3144,3154,0.035639043955179694,1.0,0.5152453384458658,outer_05,sigmoid,0.0
3144,2023-03-15,3145,3155,0.022696755016405668,1.0,0.5177042377387789,outer_05,sigmoid,0.0
3145,2023-03-16,3146,3156,0.031224650654963604,1.0,0.5185290290704406,outer_05,sigmoid,0.0
3146,2023-03-17,3147,3157,-0.009934928545650479,0.0,0.5204405575091968,outer_05,sigmoid,0.0
3147,2023-03-20,3148,3158,0.0026897812162101076,1.0,0.523194573533261,outer_05,sigmoid,0.0
3148,2023-03-21,3149,3159,0.04107271575749216,1.0,0.5265257012537924,outer_05,sigmoid,0.0
3149,2023-03-22,3150,3160,0.025597636624388187,1.0,0.5275452095037078,outer_05,sigmoid,0.0
3150,2023-03-23,3151,3161,0.0017539028825224179,1.0,0.5263969165400024,outer_05,sigmoid,0.0
3151,2023-03-24,3152,3162,0.006616283605906048,1.0,0.522726343134453,outer_05,sigmoid,0.0
3152,2023-03-27,3153,3163,0.023487232939470637,1.0,0.5225614237822376,outer_05,sigmoid,0.0
3153,2023-03-28,3154,3164,0.02046168758114497,1.0,0.5233755764146986,outer_05,sigmoid,0.0
3154,2023-03-29,3155,3165,0.038375846471328856,1.0,0.5245268714034853,outer_05,sigmoid,0.0
3155,2023-03-30,3156,3166,0.009523570396073211,1.0,0.5203077991181916,outer_05,sigmoid,0.0
3156,2023-03-31,3157,3167,0.013983700107000452,1.0,0.5136281986393136,outer_05,sigmoid,0.0
3157,2023-04-03,3158,3168,0.010457965537911562,1.0,0.511836788195559,outer_05,sigmoid,0.0
3158,2023-04-04,3159,3169,-0.013318787123245635,0.0,0.5121594412565623,outer_05,sigmoid,0.0
3159,2023-04-05,3160,3170,-0.008223750989725609,0.0,0.5115588430054162,outer_05,sigmoid,0.0
3160,2023-04-06,3161,3171,-0.007498125428415214,0.0,0.5136299855880074,outer_05,sigmoid,0.0
3161,2023-04-10,3162,3172,-0.0009496891612590375,0.0,0.5180800898485228,outer_05,sigmoid,0.0
3162,2023-04-11,3163,3173,-0.0031400025799328546,0.0,0.5137123963413752,outer_05,sigmoid,0.0
3163,2023-04-12,3164,3174,-0.01228700764624957,0.0,0.5089162861390994,outer_05,sigmoid,0.0
3164,2023-04-13,3165,3175,-0.026165633114792364,0.0,0.5100235874224494,outer_05,sigmoid,0.0
3165,2023-04-14,3166,3176,-0.004888661295636254,0.0,0.5128101542025782,outer_05,sigmoid,0.0
3166,2023-04-17,3167,3177,-0.006356763374066432,0.0,0.5184465222791412,outer_05,sigmoid,0.0
3167,2023-04-18,3168,3178,0.005436296224261561,1.0,0.5173424893577037,outer_05,sigmoid,0.0
3168,2023-04-19,3169,3179,0.03450691240301662,1.0,0.5188082443619272,outer_05,sigmoid,0.0
3169,2023-04-20,3170,3180,0.022111771032239602,1.0,0.513700198692471,outer_05,sigmoid,0.0
3170,2023-04-21,3171,3181,0.01737260844024835,1.0,0.51738082134971,outer_05,sigmoid,0.0
3171,2023-04-24,3172,3182,0.015954058143022642,1.0,0.5162492202645926,outer_05,sigmoid,0.0
3172,2023-04-25,3173,3183,0.018624988307312407,1.0,0.5130942648446856,outer_05,sigmoid,0.0
3173,2023-04-26,3174,3184,0.019912591664287937,1.0,0.5158523178810003,outer_05,sigmoid,0.0
3174,2023-04-27,3175,3185,0.013811242372654853,1.0,0.512318922422321,outer_05,sigmoid,0.0
3175,2023-04-28,3176,3186,0.009255665712909256,1.0,0.510025429318883,outer_05,sigmoid,0.0
3176,2023-05-01,3177,3187,0.017216192505495442,1.0,0.514833378096321,outer_05,sigmoid,0.0
3177,2023-05-02,3178,3188,-0.013553536881230954,0.0,0.5099557782293079,outer_05,sigmoid,0.0
3178,2023-05-03,3179,3189,-0.04092049592640201,0.0,0.5113152804360279,outer_05,sigmoid,0.0
3179,2023-05-04,3180,3190,-0.045377027368755485,0.0,0.5060599606473353,outer_05,sigmoid,0.0
3180,2023-05-05,3181,3191,-0.019589573924810644,0.0,0.5142348407019723,outer_05,sigmoid,0.0
3181,2023-05-08,3182,3192,-0.024689149255828546,0.0,0.5151817986824735,outer_05,sigmoid,0.0
3182,2023-05-09,3183,3193,-0.029526213311302563,0.0,0.5128714645634295,outer_05,sigmoid,0.0
3183,2023-05-10,3184,3194,-0.03582369331223223,0.0,0.513042724388387,outer_05,sigmoid,0.0
3184,2023-05-11,3185,3195,-0.0372230274556804,0.0,0.5133567709143833,outer_05,sigmoid,0.0
3185,2023-05-12,3186,3196,-0.03300830183144754,0.0,0.5129984049715969,outer_05,sigmoid,0.0
3186,2023-05-15,3187,3197,-0.03680008804946766,0.0,0.5125019618396119,outer_05,sigmoid,0.0
3187,2023-05-16,3188,3198,-0.015203812826083407,0.0,0.5152819296076029,outer_05,sigmoid,0.0
3188,2023-05-17,3189,3199,-0.00934917932419932,0.0,0.5172242139777307,outer_05,sigmoid,0.0
3189,2023-05-18,3190,3200,0.009580589002450068,1.0,0.5198290388605739,outer_05,sigmoid,0.0
3190,2023-05-19,3191,3201,-0.015442256896862183,0.0,0.5147405699391346,outer_05,sigmoid,0.0
3191,2023-05-22,3192,3202,-0.005247327367196242,0.0,0.5169451457760332,outer_05,sigmoid,0.0
3192,2023-05-23,3193,3203,-0.0059410338452421385,0.0,0.5160113981857891,outer_05,sigmoid,0.0
3193,2023-05-24,3194,3204,-0.009295377721993958,0.0,0.5187617998543528,outer_05,sigmoid,0.0
3194,2023-05-25,3195,3205,0.012382521917696288,1.0,0.5222537235529094,outer_05,sigmoid,0.0
3195,2023-05-26,3196,3206,0.008900790241828993,1.0,0.5204207266764551,outer_05,sigmoid,0.0
3196,2023-05-29,3197,3207,0.0068296049787468505,1.0,0.523814546342806,outer_05,sigmoid,0.0
3197,2023-05-30,3198,3208,-0.008031636500204442,0.0,0.5157135945021212,outer_05,sigmoid,0.0
3198,2023-05-31,3199,3209,-0.010553876914676685,0.0,0.5154204535248789,outer_05,sigmoid,0.0
3199,2023-06-01,3200,3210,-0.010086306429574421,0.0,0.5147337484994516,outer_05,sigmoid,0.0
3200,2023-06-02,3201,3211,0.005090529006731792,1.0,0.517289878578585,outer_05,sigmoid,0.0
3201,2023-06-05,3202,3212,-0.005603057478938744,0.0,0.5179755526716304,outer_05,sigmoid,0.0
