row_id,date,entry_row_index,exit_row_index,executable_forward_log_return,executable_direction_binary,probability_up,outer_fold,selected_calibration,selected_margin
842,2014-04-11,843,844,0.0034649258455150544,1.0,0.5548136425722107,outer_01,none,0.0
843,2014-04-14,844,845,-0.018604551003488012,0.0,0.5251684188875129,outer_01,none,0.0
844,2014-04-15,845,846,-0.00040698009814832403,0.0,0.49779012827946845,outer_01,none,0.0
845,2014-04-16,846,847,-0.005877408220003488,0.0,0.5379012247804605,outer_01,none,0.0
846,2014-04-17,847,848,-0.0033198326466239436,0.0,0.6440506520377198,outer_01,none,0.0
847,2014-04-21,848,849,-0.004840818326617757,0.0,0.5281815717199291,outer_01,none,0.0
848,2014-04-22,849,850,0.0,0.0,0.530608793221719,outer_01,none,0.0
849,2014-04-23,850,851,0.00779747682724885,1.0,0.49125236066315237,outer_01,none,0.0
850,2014-04-24,851,852,0.007852173892492154,1.0,0.5628281205061423,outer_01,none,0.0
851,2014-04-25,852,853,-0.006137914233447006,0.0,0.4916548104171697,outer_01,none,0.0
852,2014-04-28,853,854,-0.0005865329128207364,0.0,0.44137621687122824,outer_01,none,0.0
853,2014-04-29,854,855,-0.003146905758192986,0.0,0.3120776161757106,outer_01,none,0.0
854,2014-04-30,855,856,-0.00517093941623159,0.0,0.4545498145424268,outer_01,none,0.0
855,2014-05-01,856,857,0.012746908563552317,1.0,0.4419517887829981,outer_01,none,0.0
856,2014-05-02,857,858,0.006412316416199992,1.0,0.4619645099506455,outer_01,none,0.0
857,2014-05-05,858,859,-0.0011155598821872559,0.0,0.38932397390201523,outer_01,none,0.0
858,2014-05-06,859,860,-0.013802453802848724,0.0,0.4573584216440322,outer_01,none,0.0
859,2014-05-07,860,861,0.00022476351485245516,1.0,0.3947958888284753,outer_01,none,0.0
860,2014-05-08,861,862,-0.0013493394937675873,0.0,0.40768228303564963,outer_01,none,0.0
861,2014-05-09,862,863,0.005278404899652145,1.0,0.3564659454732055,outer_01,none,0.0
862,2014-05-12,863,864,-0.000957639954252798,0.0,0.412032241180715,outer_01,none,0.0
863,2014-05-13,864,865,0.008294779865108737,1.0,0.39330843881437977,outer_01,none,0.0
864,2014-05-14,865,866,-0.007090155816920074,0.0,0.33037492322078793,outer_01,none,0.0
865,2014-05-15,866,867,-0.003742166316058615,0.0,0.3588836564323047,outer_01,none,0.0
866,2014-05-16,867,868,0.0012850487145152911,1.0,0.27201057092229364,outer_01,none,0.0
867,2014-05-19,868,869,0.0011056773399449327,1.0,0.2800836496498386,outer_01,none,0.0
868,2014-05-20,869,870,-0.001430654130177622,0.0,0.3440588422932439,outer_01,none,0.0
869,2014-05-21,870,871,0.001021000204717737,1.0,0.37539231430239495,outer_01,none,0.0
870,2014-05-22,871,872,-0.0012454505924495152,0.0,0.3985264049925766,outer_01,none,0.0
871,2014-05-23,872,873,0.0002554051087164666,1.0,0.301920198171174,outer_01,none,0.0
872,2014-05-26,873,874,-0.021637264648189714,0.0,0.1916229115136144,outer_01,none,0.0
873,2014-05-27,874,875,-0.004136428605396425,0.0,0.3276384157841116,outer_01,none,0.0
874,2014-05-28,875,876,-0.0028786380550736013,0.0,0.32830510002849994,outer_01,none,0.0
875,2014-05-29,876,877,-0.004925587436507506,0.0,0.534707760716143,outer_01,none,0.0
876,2014-05-30,877,878,-0.0045720415567291894,0.0,0.4846889095760224,outer_01,none,0.0
877,2014-06-02,878,879,0.0008196919381786572,1.0,0.39963483861908666,outer_01,none,0.0
878,2014-06-03,879,880,-0.0005222750419022759,0.0,0.36683759031290486,outer_01,none,0.0
879,2014-06-04,880,881,0.007350972388422861,1.0,0.44724184507842524,outer_01,none,0.0
880,2014-06-05,881,882,-0.0011575137898969245,0.0,0.48403944425038625,outer_01,none,0.0
881,2014-06-06,882,883,0.00020765280525747443,1.0,0.4698142538625435,outer_01,none,0.0
882,2014-06-09,883,884,0.005709500660955769,1.0,0.3247818879327992,outer_01,none,0.0
883,2014-06-10,884,885,0.0013013705901823158,1.0,0.3979265490165452,outer_01,none,0.0
884,2014-06-11,885,886,0.009698815349225676,1.0,0.46748190565726744,outer_01,none,0.0
885,2014-06-12,886,887,0.0035434898082016275,1.0,0.42813219824889515,outer_01,none,0.0
886,2014-06-13,887,888,-0.005217682872892482,0.0,0.41628545202030204,outer_01,none,0.0
887,2014-06-16,888,889,7.866613698226388e-06,1.0,0.4959337608057466,outer_01,none,0.0
888,2014-06-17,889,890,0.005561911031095157,1.0,0.45135657979259336,outer_01,none,0.0
889,2014-06-18,890,891,0.03322150605746366,1.0,0.5341291744715898,outer_01,none,0.0
890,2014-06-19,891,892,-0.005379681771940703,0.0,0.6049758891600892,outer_01,none,0.0
891,2014-06-20,892,893,0.002522721012081952,1.0,0.6769624794230249,outer_01,none,0.0
892,2014-06-23,893,894,0.00032627294158871223,1.0,0.5741142791063067,outer_01,none,0.0
893,2014-06-24,894,895,0.00024273870056834568,1.0,0.7322605419630793,outer_01,none,0.0
894,2014-06-25,895,896,-0.0015788558095684024,0.0,0.8665558368845623,outer_01,none,0.0
895,2014-06-26,896,897,-0.0003419076198927229,0.0,0.7940799683691817,outer_01,none,0.0
896,2014-06-27,897,898,0.008113389141940708,1.0,0.7035198088123639,outer_01,none,0.0
897,2014-06-30,898,899,-0.00042220815488924757,0.0,0.779224538484461,outer_01,none,0.0
898,2014-07-01,899,900,0.0007839590330656065,1.0,0.8261354221416415,outer_01,none,0.0
899,2014-07-02,900,901,-0.005432475912789947,0.0,0.8397823640823245,outer_01,none,0.0
900,2014-07-03,901,902,-0.00017426684844590312,0.0,0.7364118654921573,outer_01,none,0.0
901,2014-07-04,902,903,-3.7888116397155613e-05,0.0,0.6888367484697083,outer_01,none,0.0
902,2014-07-07,903,904,-0.00030315662060953485,0.0,0.7585729436338164,outer_01,none,0.0
903,2014-07-08,904,905,0.006294342668019759,1.0,0.7787002267357092,outer_01,none,0.0
904,2014-07-09,905,906,0.005977968476776674,1.0,0.8461579684777433,outer_01,none,0.0
905,2014-07-10,906,907,0.0025649572299215606,1.0,0.8097720827218713,outer_01,none,0.0
906,2014-07-11,907,908,-0.023982617267718,0.0,0.7608060197013155,outer_01,none,0.0
907,2014-07-14,908,909,-0.009469127229134955,0.0,0.6369068642303973,outer_01,none,0.0
908,2014-07-15,909,910,0.002976445116796178,1.0,0.6297950610815615,outer_01,none,0.0
909,2014-07-16,910,911,0.01557738865118452,1.0,0.7181967422246708,outer_01,none,0.0
910,2014-07-17,911,912,-0.00708248967646341,0.0,0.62413595897183,outer_01,none,0.0
911,2014-07-18,912,913,0.001662916589008745,1.0,0.5899927260059569,outer_01,none,0.0
912,2014-07-21,913,914,-0.0036039376861189965,0.0,0.3913979042951163,outer_01,none,0.0
913,2014-07-22,914,915,-0.002343410043230243,0.0,0.4562895175876425,outer_01,none,0.0
914,2014-07-23,915,916,-0.007967188250244561,0.0,0.5437305423216668,outer_01,none,0.0
915,2014-07-24,916,917,0.008986404002209625,1.0,0.551865017254627,outer_01,none,0.0
916,2014-07-25,917,918,-0.0012415887798002956,0.0,0.408817309338228,outer_01,none,0.0
917,2014-07-28,918,919,-0.003610888820663405,0.0,0.56376030379046,outer_01,none,0.0
918,2014-07-29,919,920,-0.0023965211841394662,0.0,0.556052475058619,outer_01,none,0.0
919,2014-07-30,920,921,-0.01011143505305867,0.0,0.6059282102925472,outer_01,none,0.0
920,2014-07-31,921,922,0.007771024065433174,1.0,0.6247686578140412,outer_01,none,0.0
921,2014-08-01,922,923,-0.003858555583823531,0.0,0.6401954648690501,outer_01,none,0.0
922,2014-08-04,923,924,5.4340021050869325e-05,1.0,0.6096654398390499,outer_01,none,0.0
923,2014-08-05,924,925,0.013692296251652358,1.0,0.6678683366192018,outer_01,none,0.0
924,2014-08-06,925,926,0.004842846420259228,1.0,0.6336677518831344,outer_01,none,0.0
925,2014-08-07,926,927,-0.0025177975717065593,0.0,0.6923872578660696,outer_01,none,0.0
926,2014-08-08,927,928,-0.000840676564831,0.0,0.566330686817373,outer_01,none,0.0
927,2014-08-11,928,929,0.00023698947036798756,1.0,0.4634051677534877,outer_01,none,0.0
928,2014-08-12,929,930,0.0030529014804541177,1.0,0.6317035889289009,outer_01,none,0.0
929,2014-08-13,930,931,-0.0002438894278400383,0.0,0.738399285496973,outer_01,none,0.0
930,2014-08-14,931,932,-0.007782259543220427,0.0,0.7171953116902388,outer_01,none,0.0
931,2014-08-15,932,933,-0.0025459887530177028,0.0,0.5353526913606698,outer_01,none,0.0
932,2014-08-18,933,934,-0.0023054365286849787,0.0,0.50069408006495,outer_01,none,0.0
933,2014-08-19,934,935,-0.003626961005457119,0.0,0.5923480904049224,outer_01,none,0.0
934,2014-08-20,935,936,-0.01080384238545573,0.0,0.645692609370506,outer_01,none,0.0
935,2014-08-21,936,937,0.001009765061043666,1.0,0.7111230805875294,outer_01,none,0.0
936,2014-08-22,937,938,-0.0016599983453433609,0.0,0.621050847849591,outer_01,none,0.0
937,2014-08-25,938,939,0.003746743585789858,1.0,0.639340107910709,outer_01,none,0.0
938,2014-08-26,939,940,0.0011860176171767378,1.0,0.6845346649409335,outer_01,none,0.0
939,2014-08-27,940,941,0.0057230102394960625,1.0,0.7091800347587861,outer_01,none,0.0
940,2014-08-28,941,942,-0.0017460882369206843,0.0,0.7018794894569669,outer_01,none,0.0
941,2014-08-29,942,943,-0.0008780757496502645,0.0,0.5540433831614268,outer_01,none,0.0
942,2014-09-01,943,944,-0.016033444064176727,0.0,0.48615065427381665,outer_01,none,0.0
943,2014-09-02,944,945,0.0027768153906517767,1.0,0.7312340756481034,outer_01,none,0.0
944,2014-09-03,945,946,-0.006330060373625379,0.0,0.6434392402113547,outer_01,none,0.0
945,2014-09-04,946,947,0.006180372158141267,1.0,0.7592324903082116,outer_01,none,0.0
946,2014-09-05,947,948,-0.009809938411156516,0.0,0.6875253095210863,outer_01,none,0.0
947,2014-09-08,948,949,-0.001831691959718107,0.0,0.6565340882876528,outer_01,none,0.0
948,2014-09-09,949,950,-0.004337743110344405,0.0,0.6379772138230657,outer_01,none,0.0
949,2014-09-10,950,951,-0.0071184399056232195,0.0,0.6751871344667308,outer_01,none,0.0
950,2014-09-11,951,952,-0.00914483707475977,0.0,0.6838949862968591,outer_01,none,0.0
951,2014-09-12,952,953,0.002884504098382479,1.0,0.7099103823879035,outer_01,none,0.0
952,2014-09-15,953,954,0.001281136656806403,1.0,0.6214139256307084,outer_01,none,0.0
953,2014-09-16,954,955,-0.010017022973073608,0.0,0.7572199005034177,outer_01,none,0.0
954,2014-09-17,955,956,0.003048296990768584,1.0,0.7563824333401171,outer_01,none,0.0
955,2014-09-18,956,957,-0.007921952846933422,0.0,0.8071744004913942,outer_01,none,0.0
956,2014-09-19,957,958,-0.0007981273230983632,0.0,0.7640571710243077,outer_01,none,0.0
957,2014-09-22,958,959,0.006203656736820662,1.0,0.7627177826711389,outer_01,none,0.0
958,2014-09-23,959,960,-0.004714881904254398,0.0,0.753826061694069,outer_01,none,0.0
959,2014-09-24,960,961,0.003388762899490416,1.0,0.8209550861748725,outer_01,none,0.0
960,2014-09-25,961,962,-0.0023865283255872782,0.0,0.7863742268991218,outer_01,none,0.0
961,2014-09-26,962,963,-0.0024663155079185373,0.0,0.7497870602306503,outer_01,none,0.0
962,2014-09-29,963,964,-0.0055136122509296115,0.0,0.7789503559728856,outer_01,none,0.0
963,2014-09-30,964,965,0.004030897953639645,1.0,0.7775213951537568,outer_01,none,0.0
964,2014-10-01,965,966,0.0003626443405417845,1.0,0.8058221563120065,outer_01,none,0.0
965,2014-10-02,966,967,-0.021876913800877418,0.0,0.8441485339135664,outer_01,none,0.0
966,2014-10-03,967,968,0.01588468987119107,1.0,0.8494793102210656,outer_01,none,0.0
967,2014-10-06,968,969,0.002285412451612956,1.0,0.6964818904010145,outer_01,none,0.0
968,2014-10-07,969,970,0.008868452632142976,1.0,0.8197543361857433,outer_01,none,0.0
969,2014-10-08,970,971,0.003282005540524935,1.0,0.8303765048606453,outer_01,none,0.0
970,2014-10-09,971,972,0.00271729319328351,1.0,0.781005167003039,outer_01,none,0.0
971,2014-10-10,972,973,0.007161679250593522,1.0,0.7615464076631122,outer_01,none,0.0
972,2014-10-13,973,974,-0.0029412858327981795,0.0,0.7180505627796593,outer_01,none,0.0
973,2014-10-14,974,975,0.006051406726228059,1.0,0.7756964617064537,outer_01,none,0.0
974,2014-10-15,975,976,-0.0013882613451938752,0.0,0.8076655039993278,outer_01,none,0.0
975,2014-10-16,976,977,-0.0007191018808576644,0.0,0.7448810474006549,outer_01,none,0.0
976,2014-10-17,977,978,0.007657258028272551,1.0,0.7710895440663652,outer_01,none,0.0
977,2014-10-20,978,979,0.001683002873676287,1.0,0.6709958231881425,outer_01,none,0.0
978,2014-10-21,979,980,-0.005878779499515652,0.0,0.770300966752275,outer_01,none,0.0
979,2014-10-22,980,981,-0.00767334400458175,0.0,0.7639337391025868,outer_01,none,0.0
980,2014-10-23,981,982,-0.002950753851097332,0.0,0.7018651989178419,outer_01,none,0.0
981,2014-10-24,982,983,-0.001800737892639681,0.0,0.6831152668220152,outer_01,none,0.0
982,2014-10-27,983,984,0.0016297664078237517,1.0,0.6551393417687428,outer_01,none,0.0
983,2014-10-28,984,985,-0.01427699501511448,0.0,0.7507770115965536,outer_01,none,0.0
984,2014-10-29,985,986,-0.00884337495521681,0.0,0.7206341521248644,outer_01,none,0.0
985,2014-10-30,986,987,-0.02770293023743786,0.0,0.744122630139483,outer_01,none,0.0
986,2014-10-31,987,988,-0.0018177925691507113,0.0,0.7494837964474491,outer_01,none,0.0
987,2014-11-03,988,989,0.0030506377720902478,1.0,0.780866873915795,outer_01,none,0.0
988,2014-11-04,989,990,-0.02310990850825423,0.0,0.8358801037516927,outer_01,none,0.0
989,2014-11-05,990,991,-0.0012704533722045497,0.0,0.8972599004257221,outer_01,none,0.0
990,2014-11-06,991,992,0.0292455131634064,1.0,0.8876284387546624,outer_01,none,0.0
991,2014-11-07,992,993,-0.020003762938323177,0.0,0.811452360277973,outer_01,none,0.0
992,2014-11-10,993,994,0.011100523014592412,1.0,0.905582524812701,outer_01,none,0.0
993,2014-11-11,994,995,-0.0020294797396314124,0.0,0.8385938327780922,outer_01,none,0.0
994,2014-11-12,995,996,0.000585187879214466,1.0,0.8897303997034064,outer_01,none,0.0
995,2014-11-13,996,997,0.019037156859016413,1.0,0.9215301870388484,outer_01,none,0.0
996,2014-11-14,997,998,0.0015940693885747592,1.0,0.8237737031151232,outer_01,none,0.0
997,2014-11-17,998,999,0.0077234074601069125,1.0,0.8314831056789705,outer_01,none,0.0
998,2014-11-18,999,1000,-0.011362277263733844,0.0,0.7545545901735067,outer_01,none,0.0
999,2014-11-19,1000,1001,0.008984453525592961,1.0,0.8785358945976272,outer_01,none,0.0
1000,2014-11-20,1001,1002,0.007174836269797424,1.0,0.8968696463380023,outer_01,none,0.0
1001,2014-11-21,1002,1003,-0.0029505676656569335,0.0,0.8025206173157338,outer_01,none,0.0
1002,2014-11-24,1003,1004,0.0028340437406662033,1.0,0.8317600896885619,outer_01,none,0.0
1003,2014-11-25,1004,1005,-0.0036273466360725592,0.0,0.8048180155497442,outer_01,none,0.0
1004,2014-11-26,1005,1006,-0.006814864784293384,0.0,0.7613103141369358,outer_01,none,0.0
1005,2014-11-27,1006,1007,-0.025927899012050837,0.0,0.7560568913720414,outer_01,none,0.0
1006,2014-11-28,1007,1008,0.04436206157721312,1.0,0.7912698775153219,outer_01,none,0.0
1007,2014-12-01,1008,1009,-0.011602590180581629,0.0,0.7567066288365424,outer_01,none,0.0
1008,2014-12-02,1009,1010,0.00954438951103942,1.0,0.8437418870997089,outer_01,none,0.0
1009,2014-12-03,1010,1011,-0.0031243162490763865,0.0,0.854576233031185,outer_01,none,0.0
1010,2014-12-04,1011,1012,-0.014581466653371677,0.0,0.8792319751867168,outer_01,none,0.0
1011,2014-12-05,1012,1013,0.013127863330733902,1.0,0.7921129850788804,outer_01,none,0.0
1012,2014-12-08,1013,1014,0.026713307724826052,1.0,0.7676667370339262,outer_01,none,0.0
1013,2014-12-09,1014,1015,-0.007710125897741449,0.0,0.831672180764964,outer_01,none,0.0
1014,2014-12-10,1015,1016,0.0008967440641365343,1.0,0.9204627049134657,outer_01,none,0.0
1015,2014-12-11,1016,1017,-0.00465550189078634,0.0,0.8979047570302713,outer_01,none,0.0
1016,2014-12-12,1017,1018,-0.023549599633010843,0.0,0.8769917711157235,outer_01,none,0.0
1017,2014-12-15,1018,1019,0.00205140299938833,1.0,0.7814433125471917,outer_01,none,0.0
1018,2014-12-16,1019,1020,-0.005645206722918239,0.0,0.8112868784665717,outer_01,none,0.0
1019,2014-12-17,1020,1021,0.007608932749948671,1.0,0.8654626608808379,outer_01,none,0.0
1020,2014-12-18,1021,1022,-0.003227562482422286,0.0,0.8443362123009578,outer_01,none,0.0
1021,2014-12-19,1022,1023,-0.014713840075341267,0.0,0.8392495490235391,outer_01,none,0.0
1022,2014-12-22,1023,1024,-3.399741619958263e-05,0.0,0.7533734024352943,outer_01,none,0.0
1023,2014-12-23,1024,1025,0.008337155188300471,1.0,0.7446760836466053,outer_01,none,0.0
1024,2014-12-24,1025,1026,0.00816790199779227,1.0,0.779306939374393,outer_01,none,0.0
1025,2014-12-26,1026,1027,-0.011291479933807302,0.0,0.6997928033614232,outer_01,none,0.0
1026,2014-12-29,1027,1028,0.014396709561313337,1.0,0.8759433789390138,outer_01,none,0.0
1027,2014-12-30,1028,1029,-0.010809647819972845,0.0,0.7062655148634452,outer_01,none,0.0
1028,2014-12-31,1029,1030,0.0006653556318507725,1.0,0.716237216871615,outer_01,none,0.0
1029,2015-01-02,1030,1031,0.012666445595081122,1.0,0.737370700345508,outer_01,none,0.0
1030,2015-01-05,1031,1032,0.01222061620005288,1.0,0.6787138858243646,outer_01,none,0.0
1031,2015-01-06,1032,1033,-0.005509292828798529,0.0,0.7800038412725199,outer_01,none,0.0
1032,2015-01-07,1033,1034,-0.0028695848045652284,0.0,0.847583362467829,outer_01,none,0.0
1033,2015-01-08,1034,1035,0.01349037486156579,1.0,0.7530691318871484,outer_01,none,0.0
1034,2015-01-09,1035,1036,0.006474623045890304,1.0,0.7569276060949198,outer_01,none,0.0
1035,2015-01-12,1036,1037,-0.00025168568650180134,0.0,0.7517998717425355,outer_01,none,0.0
1036,2015-01-13,1037,1038,-0.0018367866283570677,0.0,0.727596262752226,outer_01,none,0.0
1037,2015-01-14,1038,1039,0.027037457979939283,1.0,0.7169849128059206,outer_01,none,0.0
1038,2015-01-15,1039,1040,0.012307460257056313,1.0,0.686283113953859,outer_01,none,0.0
1039,2015-01-16,1040,1041,0.012536352419109775,1.0,0.7242568250216556,outer_01,none,0.0
1040,2015-01-19,1041,1042,-0.002141717516708219,0.0,0.6151760151504692,outer_01,none,0.0
1041,2015-01-21,1042,1043,0.006680577187410108,1.0,0.6345842375573235,outer_01,none,0.0
1042,2015-01-22,1043,1044,-0.004631546666782782,0.0,0.6477268701068531,outer_01,none,0.0
1043,2015-01-23,1044,1045,-0.010927542654924238,0.0,0.6899881310587445,outer_01,none,0.0
1044,2015-01-26,1045,1046,0.009126165235482375,1.0,0.599898061851005,outer_01,none,0.0
1045,2015-01-27,1046,1047,-0.005921746480766821,0.0,0.4604472429319275,outer_01,none,0.0
1046,2015-01-28,1047,1048,-0.02078812044138978,0.0,0.6565128399531198,outer_01,none,0.0
1047,2015-01-29,1048,1049,0.017482177654677855,1.0,0.6751420129907909,outer_01,none,0.0
1048,2015-01-30,1049,1050,-0.004430223512506437,0.0,0.44808404939548085,outer_01,none,0.0
1049,2015-02-02,1050,1051,-0.010266204891254738,0.0,0.5824317556647297,outer_01,none,0.0
1050,2015-02-03,1051,1052,0.006533053748717599,1.0,0.58984601902437,outer_01,none,0.0
1051,2015-02-04,1052,1053,-0.0024754829581983273,0.0,0.43807265453566696,outer_01,none,0.0
1052,2015-02-05,1053,1054,-0.023771277222167875,0.0,0.5386184632760078,outer_01,none,0.0
1053,2015-02-06,1054,1055,0.0012036952469420825,1.0,0.5282887620403377,outer_01,none,0.0
1054,2015-02-09,1055,1056,-0.0036883696531209154,0.0,0.42324751671678784,outer_01,none,0.0
1055,2015-02-10,1056,1057,-0.012836895490478284,0.0,0.5256809828940976,outer_01,none,0.0
1056,2015-02-11,1057,1058,0.004218292320332218,1.0,0.6258736350967276,outer_01,none,0.0
1057,2015-02-12,1058,1059,0.003988927668317821,1.0,0.6386156574013455,outer_01,none,0.0
1058,2015-02-13,1059,1060,0.00286155792371634,1.0,0.48237837725237304,outer_01,none,0.0
1059,2015-02-16,1060,1061,-0.01881436706478201,0.0,0.44280446934508,outer_01,none,0.0
1060,2015-02-17,1061,1062,0.002948746029556304,1.0,0.6136383464057177,outer_01,none,0.0
1061,2015-02-18,1062,1063,-0.004264856988048571,0.0,0.5501865641714488,outer_01,none,0.0
1062,2015-02-19,1063,1064,-0.0036843762894154253,0.0,0.5523629818508802,outer_01,none,0.0
1063,2015-02-20,1064,1065,-0.0005904292425666924,0.0,0.5800124949525438,outer_01,none,0.0
1064,2015-02-23,1065,1066,-0.0008321821960546316,0.0,0.4731092876859237,outer_01,none,0.0
1065,2015-02-24,1066,1067,0.0029179139759749617,1.0,0.4707519068165945,outer_01,none,0.0
1066,2015-02-25,1067,1068,0.004050986598023165,1.0,0.5456699411325437,outer_01,none,0.0
1067,2015-02-26,1068,1069,0.0035404694057010744,1.0,0.5940669988821877,outer_01,none,0.0
1068,2015-02-27,1069,1070,-0.006579242987524658,0.0,0.4095785095995408,outer_01,none,0.0
1069,2015-03-02,1070,1071,-0.000979009453454971,0.0,0.31379746886665116,outer_01,none,0.0
1070,2015-03-03,1071,1072,-0.0037090056490871604,0.0,0.3262782097098411,outer_01,none,0.0
1071,2015-03-04,1072,1073,-0.0009752723408098518,0.0,0.3875585108864396,outer_01,none,0.0
1072,2015-03-05,1073,1074,-0.025816605277169558,0.0,0.40746633613912625,outer_01,none,0.0
1073,2015-03-06,1074,1075,-0.0059740615771533,0.0,0.4718301123417112,outer_01,none,0.0
1074,2015-03-09,1075,1076,0.0007229040401561804,1.0,0.4681262181900533,outer_01,none,0.0
1075,2015-03-10,1076,1077,-0.006429780280510222,0.0,0.5372242033795585,outer_01,none,0.0
1076,2015-03-11,1077,1078,-0.0007015751081365096,0.0,0.6096853683536055,outer_01,none,0.0
1077,2015-03-12,1078,1079,0.002198354716450801,1.0,0.5272754434907732,outer_01,none,0.0
1078,2015-03-13,1079,1080,-0.0017652255245685922,0.0,0.35957162686760874,outer_01,none,0.0
1079,2015-03-16,1080,1081,-0.004574640900505855,0.0,0.32784336933662495,outer_01,none,0.0
1080,2015-03-17,1081,1082,0.015822035922866462,1.0,0.35155626270324464,outer_01,none,0.0
1081,2015-03-18,1082,1083,0.0025316902281931064,1.0,0.3479775269105388,outer_01,none,0.0
1082,2015-03-19,1083,1084,0.012849959963404878,1.0,0.3180656729870568,outer_01,none,0.0
1083,2015-03-20,1084,1085,0.003174244993824793,1.0,0.24879959099729462,outer_01,none,0.0
1084,2015-03-23,1085,1086,0.00219166666924675,1.0,0.22286478813669167,outer_01,none,0.0
1085,2015-03-24,1086,1087,0.002471402123316757,1.0,0.31377147791299875,outer_01,none,0.0
1086,2015-03-25,1087,1088,0.007660126226566533,1.0,0.37080279972695607,outer_01,none,0.0
1087,2015-03-26,1088,1089,-0.005770904257937914,0.0,0.38821346905048687,outer_01,none,0.0
1088,2015-03-27,1089,1090,-0.009524161226533323,0.0,0.36313160793121774,outer_01,none,0.0
1089,2015-03-30,1090,1091,-0.0019242136074719696,0.0,0.3327776351529825,outer_01,none,0.0
1090,2015-03-31,1091,1092,0.0168123276921035,1.0,0.34292757220663966,outer_01,none,0.0
1091,2015-04-01,1092,1093,-0.0020122738825216757,0.0,0.26078404665118676,outer_01,none,0.0
1092,2015-04-02,1093,1094,0.011774820058441549,1.0,0.33312549875474995,outer_01,none,0.0
1093,2015-04-03,1094,1095,-0.0008888157938438113,0.0,0.06640799151153799,outer_01,none,0.0
1094,2015-04-06,1095,1096,-0.0050102248798840066,0.0,0.6543969753911596,outer_01,none,0.0
1095,2015-04-07,1096,1097,-0.004727788242914421,0.0,0.30135197783051804,outer_01,none,0.0
1096,2015-04-08,1097,1098,-0.006840827885337575,0.0,0.4107401511777059,outer_01,none,0.0
1097,2015-04-09,1098,1099,0.010459179177841449,1.0,0.36323929705878866,outer_01,none,0.0
1098,2015-04-10,1099,1100,-0.0068327170999307185,0.0,0.2974344075417429,outer_01,none,0.0
1099,2015-04-13,1100,1101,-0.0051511591094257625,0.0,0.3617050467815828,outer_01,none,0.0
1100,2015-04-14,1101,1102,0.008016275798897965,1.0,0.4083318617184366,outer_01,none,0.0
1101,2015-04-15,1102,1103,-0.0028734574947772984,0.0,0.33081492174078114,outer_01,none,0.0
1102,2015-04-16,1103,1104,0.005299050337331579,1.0,0.41254852711944545,outer_01,none,0.0
1103,2015-04-17,1104,1105,-0.00720257242690181,0.0,0.41031127439351384,outer_01,none,0.0
1104,2015-04-20,1105,1106,0.004843512630505309,1.0,0.22293096074716434,outer_01,none,0.0
1105,2015-04-21,1106,1107,-0.012485622326280144,0.0,0.25498703806019035,outer_01,none,0.0
1106,2015-04-22,1107,1108,0.005458620517462265,1.0,0.2936877933446191,outer_01,none,0.0
1107,2015-04-23,1108,1109,-0.012209608317474974,0.0,0.3255573076655755,outer_01,none,0.0
1108,2015-04-24,1109,1110,0.01867093808452225,1.0,0.24954692835010656,outer_01,none,0.0
1109,2015-04-27,1110,1111,0.00861667178749137,1.0,0.27781620335332413,outer_01,none,0.0
1110,2015-04-28,1111,1112,-0.005625568084333565,0.0,0.45430643383833613,outer_01,none,0.0
1111,2015-04-29,1112,1113,-0.017423618123550533,0.0,0.38094467501466,outer_01,none,0.0
1112,2015-04-30,1113,1114,-0.003941741836257506,0.0,0.33389722475227185,outer_01,none,0.0
1113,2015-05-01,1114,1115,0.007102500520538513,1.0,0.30609986315179566,outer_01,none,0.0
1114,2015-05-04,1115,1116,0.0042575232155970255,1.0,0.3484755723029793,outer_01,none,0.0
1115,2015-05-05,1116,1117,-0.0015598272257921764,0.0,0.4150156896397343,outer_01,none,0.0
1116,2015-05-06,1117,1118,-0.006196192677042411,0.0,0.463582142632607,outer_01,none,0.0
1117,2015-05-07,1118,1119,0.003784578794753024,1.0,0.3606843784130044,outer_01,none,0.0
1118,2015-05-08,1119,1120,-0.004063298543852234,0.0,0.3652035089356623,outer_01,none,0.0
1119,2015-05-11,1120,1121,0.008017980249909407,1.0,0.3059093993075805,outer_01,none,0.0
1120,2015-05-12,1121,1122,0.01809481836450022,1.0,0.39783726219088095,outer_01,none,0.0
1121,2015-05-13,1122,1123,0.004974685386669897,1.0,0.48436156333527663,outer_01,none,0.0
1122,2015-05-14,1123,1124,0.00207776134693205,1.0,0.5971367983116347,outer_01,none,0.0
1123,2015-05-15,1124,1125,0.0012658074478135717,1.0,0.4734480459253623,outer_01,none,0.0
1124,2015-05-18,1125,1126,-0.013772805657860765,0.0,0.49676440478970196,outer_01,none,0.0
1125,2015-05-19,1126,1127,0.0006700112332769237,1.0,0.44730215076124347,outer_01,none,0.0
1126,2015-05-20,1127,1128,-0.002541802404260274,0.0,0.5441316444936243,outer_01,none,0.0
1127,2015-05-21,1128,1129,-0.0011529769230316234,0.0,0.5681961136869654,outer_01,none,0.0
1128,2015-05-22,1129,1130,0.0013270521488362164,1.0,0.5685130921326983,outer_01,none,0.0
1129,2015-05-25,1130,1131,-0.016143128929297923,0.0,0.38926443574086644,outer_01,none,0.0
1130,2015-05-26,1131,1132,0.00021056443981315454,1.0,0.4619475748100538,outer_01,none,0.0
1131,2015-05-27,1132,1133,0.0003536484771036186,1.0,0.28941155610779107,outer_01,none,0.0
1132,2015-05-28,1133,1134,0.0022200740733469004,1.0,0.3195927038006571,outer_01,none,0.0
1133,2015-05-29,1134,1135,-0.0011346493680308711,0.0,0.37185120587925263,outer_01,none,0.0
1134,2015-06-01,1135,1136,0.003509040630246041,1.0,0.3302036994498416,outer_01,none,0.0
1135,2015-06-02,1136,1137,-0.006794167029512188,0.0,0.4028465436979147,outer_01,none,0.0
1136,2015-06-03,1137,1138,-0.006840643685305459,0.0,0.3488786840076852,outer_01,none,0.0
1137,2015-06-04,1138,1139,-0.006101113032189076,0.0,0.4030815502748295,outer_01,none,0.0
1138,2015-06-05,1139,1140,0.0035067248092097714,1.0,0.4352920063283991,outer_01,none,0.0
1139,2015-06-08,1140,1141,0.002288515463661156,1.0,0.3514278269628868,outer_01,none,0.0
1140,2015-06-09,1141,1142,0.008225901974343586,1.0,0.44736031659304554,outer_01,none,0.0
1141,2015-06-10,1142,1143,-0.004045254881953397,0.0,0.493528492957375,outer_01,none,0.0
1142,2015-06-11,1143,1144,0.0003891906575681503,1.0,0.5170877849783988,outer_01,none,0.0
1143,2015-06-12,1144,1145,0.002973150940475122,1.0,0.4732344351533682,outer_01,none,0.0
1144,2015-06-15,1145,1146,-0.0032946453847744195,0.0,0.4417393125262422,outer_01,none,0.0
1145,2015-06-16,1146,1147,0.0020540917869373843,1.0,0.3994859702285844,outer_01,none,0.0
1146,2015-06-17,1147,1148,0.014960740678295004,1.0,0.4462291198141307,outer_01,none,0.0
1147,2015-06-18,1148,1149,-0.001148679145432041,0.0,0.4827363661874112,outer_01,none,0.0
1148,2015-06-19,1149,1150,-0.012596809978167478,0.0,0.4841324419270933,outer_01,none,0.0
1149,2015-06-22,1150,1151,-0.006048652845831448,0.0,0.4292160760817245,outer_01,none,0.0
1150,2015-06-23,1151,1152,-0.0030849139996345087,0.0,0.39535850444319515,outer_01,none,0.0
1151,2015-06-24,1152,1153,-0.0009963425687651295,0.0,0.5029266606421521,outer_01,none,0.0
1152,2015-06-25,1153,1154,0.010627398789602616,1.0,0.6076319346486931,outer_01,none,0.0
1153,2015-06-26,1154,1155,-0.005248734733877214,0.0,0.4551978947809474,outer_01,none,0.0
1154,2015-06-29,1155,1156,-0.00501237148609146,0.0,0.4128874285812535,outer_01,none,0.0
1155,2015-06-30,1156,1157,-0.0049434676701016755,0.0,0.2605001698844952,outer_01,none,0.0
1156,2015-07-01,1157,1158,-0.002287889328468573,0.0,0.33504543128804487,outer_01,none,0.0
1157,2015-07-02,1158,1159,0.00540708343135865,1.0,0.33312302178182596,outer_01,none,0.0
1158,2015-07-03,1159,1160,-0.0014259308320898612,0.0,0.3263927692800619,outer_01,none,0.0
1159,2015-07-06,1160,1161,-0.014701716866937886,0.0,0.41378989322342213,outer_01,none,0.0
1160,2015-07-07,1161,1162,0.005042543541274647,1.0,0.31046955497391654,outer_01,none,0.0
1161,2015-07-08,1162,1163,0.0004744017236442133,1.0,0.4389195172676935,outer_01,none,0.0
1162,2015-07-09,1163,1164,0.0026696996514044002,1.0,0.4864771853670445,outer_01,none,0.0
1163,2015-07-10,1164,1165,-0.004015861998196257,0.0,0.4990063944831297,outer_01,none,0.0
1164,2015-07-13,1165,1166,-0.00209187013335832,0.0,0.43313452269302727,outer_01,none,0.0
1165,2015-07-14,1166,1167,-0.005753551085049935,0.0,0.45654497059776505,outer_01,none,0.0
1166,2015-07-15,1167,1168,-0.003434901594400408,0.0,0.6126707348945148,outer_01,none,0.0
1167,2015-07-16,1168,1169,-0.010993946457006132,0.0,0.6680038261326062,outer_01,none,0.0
1168,2015-07-17,1169,1170,-0.03075344787686074,0.0,0.6421763181629473,outer_01,none,0.0
1169,2015-07-20,1170,1171,0.003998333298600443,1.0,0.5044797183106238,outer_01,none,0.0
1170,2015-07-21,1171,1172,-0.007491762734703755,0.0,0.5802253329149475,outer_01,none,0.0
1171,2015-07-22,1172,1173,-0.0029281793933755296,0.0,0.7741527369512693,outer_01,none,0.0
1172,2015-07-23,1173,1174,0.003978403004866848,1.0,0.7994497043397935,outer_01,none,0.0
1173,2015-07-24,1174,1175,-0.0008218202867729119,0.0,0.7459723455014232,outer_01,none,0.0
1174,2015-07-27,1175,1176,0.0003744685558668692,1.0,0.5934169368496216,outer_01,none,0.0
1175,2015-07-28,1176,1177,0.000930996781375093,1.0,0.624412015080476,outer_01,none,0.0
1176,2015-07-29,1177,1178,-0.006829151936909916,0.0,0.7575441838425564,outer_01,none,0.0
1177,2015-07-30,1178,1179,0.006473284917920985,1.0,0.782412315339521,outer_01,none,0.0
1178,2015-07-31,1179,1180,-0.009536807049674856,0.0,0.6321299556810368,outer_01,none,0.0
1179,2015-08-03,1180,1181,0.0018318816885543043,1.0,0.6973090587197971,outer_01,none,0.0
1180,2015-08-04,1181,1182,-0.002292681460778212,0.0,0.7061467763942391,outer_01,none,0.0
1181,2015-08-05,1182,1183,0.004552590188958483,1.0,0.7776657158295047,outer_01,none,0.0
1182,2015-08-06,1183,1184,0.0029961402469229625,1.0,0.819278668437301,outer_01,none,0.0
1183,2015-08-07,1184,1185,0.010266955879406403,1.0,0.7755674331761233,outer_01,none,0.0
1184,2015-08-10,1185,1186,0.004075644437041781,1.0,0.5869550021480854,outer_01,none,0.0
1185,2015-08-11,1186,1187,0.014708714700892855,1.0,0.5345146731022029,outer_01,none,0.0
1186,2015-08-12,1187,1188,-0.008998293204999008,0.0,0.4890285133057706,outer_01,none,0.0
1187,2015-08-13,1188,1189,-0.0004305164469959877,0.0,0.6237585989605664,outer_01,none,0.0
1188,2015-08-14,1189,1190,0.0024192476294704335,1.0,0.5131162533847814,outer_01,none,0.0
1189,2015-08-17,1190,1191,0.0005368166899959448,1.0,0.5841858046157459,outer_01,none,0.0
1190,2015-08-18,1191,1192,0.013733526681771302,1.0,0.6134020125440702,outer_01,none,0.0
1191,2015-08-19,1192,1193,0.01778594142597356,1.0,0.6372129213794101,outer_01,none,0.0
1192,2015-08-20,1193,1194,0.009076382775987213,1.0,0.5848986303465984,outer_01,none,0.0
1193,2015-08-21,1194,1195,-0.009362435125517266,0.0,0.5419867675452472,outer_01,none,0.0
1194,2015-08-24,1195,1196,-0.011465865719698876,0.0,0.4487335845308399,outer_01,none,0.0
1195,2015-08-25,1196,1197,-0.01273509076738133,0.0,0.4462991735442273,outer_01,none,0.0
1196,2015-08-26,1197,1198,-0.00039087832633200037,0.0,0.529915796253547,outer_01,none,0.0
1197,2015-08-27,1198,1199,0.007365407187224449,1.0,0.6832098433460627,outer_01,none,0.0
1198,2015-08-28,1199,1200,0.0007318030453955515,1.0,0.6328804513721983,outer_01,none,0.0
1199,2015-08-31,1200,1201,0.0044936781695641415,1.0,0.6142428190167528,outer_01,none,0.0
1200,2015-09-01,1201,1202,-0.005304865545416426,0.0,0.5957535884774207,outer_01,none,0.0
1201,2015-09-02,1202,1203,-0.00760594607792342,0.0,0.5922552124465937,outer_01,none,0.0
1202,2015-09-03,1203,1204,-0.0018682614593972247,0.0,0.5751097952960121,outer_01,none,0.0
1203,2015-09-04,1204,1205,-0.0025143114941545974,0.0,0.5474198398743331,outer_01,none,0.0
1204,2015-09-07,1205,1206,0.0013114404973526561,1.0,0.522119619622541,outer_01,none,0.0
1205,2015-09-08,1206,1207,-0.013156313284397925,0.0,0.6042492666527242,outer_01,none,0.0
1206,2015-09-09,1207,1208,0.0036519262772394256,1.0,0.6067457925459852,outer_01,none,0.0
1207,2015-09-10,1208,1209,-0.0032364675958538314,0.0,0.5848749110290457,outer_01,none,0.0
1208,2015-09-11,1209,1210,0.000929640711201607,1.0,0.562212305444364,outer_01,none,0.0
1209,2015-09-14,1210,1211,-0.0029000846985010043,0.0,0.5684291347973934,outer_01,none,0.0
1210,2015-09-15,1211,1212,0.012542477872712787,1.0,0.5539521623399286,outer_01,none,0.0
1211,2015-09-16,1212,1213,0.010373011426383805,1.0,0.634764111226556,outer_01,none,0.0
1212,2015-09-17,1213,1214,0.00725116503655876,1.0,0.5929396885695065,outer_01,none,0.0
1213,2015-09-18,1214,1215,-0.005422405300269162,0.0,0.5739696980343884,outer_01,none,0.0
1214,2015-09-21,1215,1216,-0.007219608371165975,0.0,0.5051072721528671,outer_01,none,0.0
1215,2015-09-22,1216,1217,0.005249355886143725,1.0,0.5412235092759397,outer_01,none,0.0
1216,2015-09-23,1217,1218,0.01651596348740103,1.0,0.6073882143075082,outer_01,none,0.0
1217,2015-09-24,1218,1219,-0.0036777563590293383,0.0,0.788981828949377,outer_01,none,0.0
1218,2015-09-25,1219,1220,-0.011697991424544973,0.0,0.7412670895350679,outer_01,none,0.0
1219,2015-09-28,1220,1221,-0.004213775345177417,0.0,0.6017071427442848,outer_01,none,0.0
1220,2015-09-29,1221,1222,-0.010424517335884786,0.0,0.6238352599784881,outer_01,none,0.0
1221,2015-09-30,1222,1223,-0.0018662748122206807,0.0,0.7402320061272281,outer_01,none,0.0
1222,2015-10-01,1223,1224,0.020709458230845357,1.0,0.7749329583998333,outer_01,none,0.0
1223,2015-10-02,1224,1225,-0.0010121413813299895,0.0,0.6800599759839561,outer_01,none,0.0
1224,2015-10-05,1225,1226,0.009901244493729422,1.0,0.7173305677070784,outer_01,none,0.0
1225,2015-10-06,1226,1227,-0.0016055709769302595,0.0,0.5955102164755349,outer_01,none,0.0
1226,2015-10-07,1227,1228,-0.005367671213912573,0.0,0.7538897190609379,outer_01,none,0.0
1227,2015-10-08,1228,1229,0.014703135289093616,1.0,0.6815296851144725,outer_01,none,0.0
1228,2015-10-09,1229,1230,0.006631192514420903,1.0,0.710592184884572,outer_01,none,0.0
1229,2015-10-12,1230,1231,0.003911482084303586,1.0,0.7296876994272854,outer_01,none,0.0
1230,2015-10-13,1231,1232,0.01399313835835958,1.0,0.7939026419771077,outer_01,none,0.0
1231,2015-10-14,1232,1233,-0.0020958344526222916,0.0,0.7399420787381518,outer_01,none,0.0
1232,2015-10-15,1233,1234,-0.0046807513595652495,0.0,0.8030974823691007,outer_01,none,0.0
1233,2015-10-16,1234,1235,-0.0055656319756574035,0.0,0.6707035897584875,outer_01,none,0.0
1234,2015-10-19,1235,1236,0.005268105270441303,1.0,0.6381616163145061,outer_01,none,0.0
1235,2015-10-20,1236,1237,-0.00731291204718687,0.0,0.7107769331863066,outer_01,none,0.0
1236,2015-10-21,1237,1238,-0.0013884010766398447,0.0,0.7696978129995204,outer_01,none,0.0
1237,2015-10-22,1238,1239,-0.002662202611439568,0.0,0.6787943427783973,outer_01,none,0.0
1238,2015-10-23,1239,1240,0.0007650353449815128,1.0,0.5657899442547487,outer_01,none,0.0
1239,2015-10-26,1240,1241,0.0028486869837012208,1.0,0.5868959530840687,outer_01,none,0.0
1240,2015-10-27,1241,1242,-0.00838041798976441,0.0,0.7108594073700693,outer_01,none,0.0
1241,2015-10-28,1242,1243,-0.010186756839973832,0.0,0.6315874428764853,outer_01,none,0.0
1242,2015-10-29,1243,1244,-0.0036640488023209627,0.0,0.6722049623673043,outer_01,none,0.0
1243,2015-10-30,1244,1245,-0.00679512277634764,0.0,0.5196566181652467,outer_01,none,0.0
1244,2015-11-02,1245,1246,-0.013864501362095716,0.0,0.6049575354095225,outer_01,none,0.0
1245,2015-11-03,1246,1247,-0.009137324640749789,0.0,0.6268775025859261,outer_01,none,0.0
1246,2015-11-04,1247,1248,-0.0030644230282348417,0.0,0.7053036759756587,outer_01,none,0.0
1247,2015-11-05,1248,1249,-0.012957609491653699,0.0,0.7850582536264966,outer_01,none,0.0
1248,2015-11-06,1249,1250,0.00177769679364026,1.0,0.7853369396141324,outer_01,none,0.0
1249,2015-11-09,1250,1251,-0.0021905010706504413,0.0,0.7415535525732995,outer_01,none,0.0
1250,2015-11-10,1251,1252,-0.0031060777230456083,0.0,0.7230565800847892,outer_01,none,0.0
1251,2015-11-11,1252,1253,-0.0013815337219238444,0.0,0.7205654745777118,outer_01,none,0.0
1252,2015-11-12,1253,1254,0.002862259271946499,1.0,0.7138905057405014,outer_01,none,0.0
1253,2015-11-13,1254,1255,-0.003922729205574349,0.0,0.6731392620872222,outer_01,none,0.0
1254,2015-11-16,1255,1256,-0.011394654283077621,0.0,0.6942656291391323,outer_01,none,0.0
1255,2015-11-17,1256,1257,0.0,0.0,0.6821434973473381,outer_01,none,0.0
1256,2015-11-18,1257,1258,0.009593891935672616,1.0,0.7924205450984696,outer_01,none,0.0
1257,2015-11-19,1258,1259,-0.005328897483338757,0.0,0.7746000336468939,outer_01,none,0.0
1258,2015-11-20,1259,1260,-0.006600745570326971,0.0,0.8250230685524105,outer_01,none,0.0
1259,2015-11-23,1260,1261,0.00617320448269254,1.0,0.7690533705224719,outer_01,none,0.0
1260,2015-11-24,1261,1262,-0.004201471569628801,0.0,0.6926174518800955,outer_01,none,0.0
1261,2015-11-25,1262,1263,0.0005413124158053506,1.0,0.7987750965653906,outer_01,none,0.0
1262,2015-11-26,1263,1264,-0.012647759030202543,0.0,0.7999172582836016,outer_01,none,0.0
1263,2015-11-27,1264,1265,0.006141981533285268,1.0,0.8111240810401079,outer_01,none,0.0
1264,2015-11-30,1265,1266,0.0038056361779048586,1.0,0.7050852832018097,outer_01,none,0.0
1265,2015-12-01,1266,1267,-0.01416137972814635,0.0,0.7991181526051995,outer_01,none,0.0
1266,2015-12-02,1267,1268,0.008983666047564398,1.0,0.8600275298753902,outer_01,none,0.0
1267,2015-12-03,1268,1269,0.019989772625214286,1.0,0.7774373575516058,outer_01,none,0.0
1268,2015-12-04,1269,1270,-0.012858632116707902,0.0,0.6961015879474809,outer_01,none,0.0
1269,2015-12-07,1270,1271,0.0033279141779409827,1.0,0.7937509294177516,outer_01,none,0.0
1270,2015-12-08,1271,1272,-0.0021707442621465844,0.0,0.7408922571089251,outer_01,none,0.0
1271,2015-12-09,1272,1273,-0.00041978591535052345,0.0,0.7842320056705167,outer_01,none,0.0
1272,2015-12-10,1273,1274,0.0018364279655704863,1.0,0.8410126079799679,outer_01,none,0.0
1273,2015-12-11,1274,1275,-0.011766605068013192,0.0,0.8455715099788587,outer_01,none,0.0
1274,2015-12-14,1275,1276,4.711713792548977e-05,1.0,0.7175270034008918,outer_01,none,0.0
1275,2015-12-15,1276,1277,0.010088310650961496,1.0,0.704901994886943,outer_01,none,0.0
1276,2015-12-16,1277,1278,-0.01983210616757347,0.0,0.7911071261037941,outer_01,none,0.0
1277,2015-12-17,1278,1279,0.014397437274514147,1.0,0.8264814522549077,outer_01,none,0.0
1278,2015-12-18,1279,1280,0.01109972127567449,1.0,0.5904701653107451,outer_01,none,0.0
1279,2015-12-21,1280,1281,-0.004825828894781559,0.0,0.6606162047840546,outer_01,none,0.0
1280,2015-12-22,1281,1282,-0.002342260184419409,0.0,0.7212391876479121,outer_01,none,0.0
1281,2015-12-23,1282,1283,0.005125301264381932,1.0,0.7202082635745173,outer_01,none,0.0
1282,2015-12-24,1283,1284,-0.0065838179499460026,0.0,0.6760775014690037,outer_01,none,0.0
1283,2015-12-28,1284,1285,0.00019646273586104712,1.0,0.7041973725579986,outer_01,none,0.0
1284,2015-12-29,1285,1286,-0.007172460080144383,0.0,0.7037220803080962,outer_01,none,0.0
1285,2015-12-30,1286,1287,0.003301590300666568,1.0,0.7054833609825664,outer_01,none,0.0
1286,2015-12-31,1287,1288,0.007736132088909997,1.0,0.7366461245089171,outer_01,none,0.0
1287,2016-01-04,1288,1289,0.004277285799569874,1.0,0.7908475233343997,outer_01,none,0.0
1288,2016-01-05,1289,1290,0.014590327629495192,1.0,0.6082936136416742,outer_01,none,0.0
1289,2016-01-06,1290,1291,0.013650136338377195,1.0,0.5789684153541049,outer_01,none,0.0
1290,2016-01-07,1291,1292,-0.0011010732062493034,0.0,0.5921178543037907,outer_01,none,0.0
1291,2016-01-08,1292,1293,-0.011087061208687743,0.0,0.6084994038492529,outer_01,none,0.0
1292,2016-01-11,1293,1294,-0.0070647711910512,0.0,0.5566842926773348,outer_01,none,0.0
1293,2016-01-12,1294,1295,0.005282671223421076,1.0,0.5597506515858138,outer_01,none,0.0
1294,2016-01-13,1295,1296,-0.013834230932777025,0.0,0.6860813520073611,outer_01,none,0.0
1295,2016-01-14,1296,1297,0.010994595062632229,1.0,0.7378008889616411,outer_01,none,0.0
1296,2016-01-15,1297,1298,-0.0006515046776325306,0.0,0.6360908482445329,outer_01,none,0.0
1297,2016-01-18,1298,1299,-0.0015248946552155473,0.0,0.676411147404408,outer_01,none,0.0
1298,2016-01-19,1299,1300,0.012025548126979757,1.0,0.7479580339661553,outer_01,none,0.0
1299,2016-01-20,1300,1301,0.0001725664725791276,1.0,0.659976963267543,outer_01,none,0.0
1300,2016-01-21,1301,1302,-0.003083432417748888,0.0,0.6815262265551191,outer_01,none,0.0
1301,2016-01-22,1302,1303,0.009546806627916737,1.0,0.6151330268076652,outer_01,none,0.0
1302,2016-01-25,1303,1304,0.010421389304475781,1.0,0.5508775984614764,outer_01,none,0.0
1303,2016-01-26,1304,1305,0.005076966869212107,1.0,0.7281763007544341,outer_01,none,0.0
1304,2016-01-27,1305,1306,-0.009139248761933949,0.0,0.7661706450631629,outer_01,none,0.0
1305,2016-01-28,1306,1307,0.00047508281228303417,1.0,0.785950894048604,outer_01,none,0.0
1306,2016-01-29,1307,1308,0.01089166448565404,1.0,0.796415492471222,outer_01,none,0.0
1307,2016-02-01,1308,1309,3.545784948588704e-05,1.0,0.7705026748016762,outer_01,none,0.0
1308,2016-02-02,1309,1310,0.011843217627905744,1.0,0.8374456018648244,outer_01,none,0.0
1309,2016-02-03,1310,1311,0.012137402708069622,1.0,0.76811845879457,outer_01,none,0.0
1310,2016-02-04,1311,1312,0.011153491757284861,1.0,0.6860873530729729,outer_01,none,0.0
1311,2016-02-05,1312,1313,0.01883793000214684,1.0,0.5043020814885828,outer_01,none,0.0
1312,2016-02-08,1313,1314,-0.0010671866362468307,0.0,0.31465375883759966,outer_01,none,0.0
1313,2016-02-09,1314,1315,0.006127095228585233,1.0,0.3388010624929899,outer_01,none,0.0
1314,2016-02-10,1315,1316,0.04189368424440776,1.0,0.2875300409627228,outer_01,none,0.0
1315,2016-02-11,1316,1317,-0.01283930021714852,0.0,0.18943996794180676,outer_01,none,0.0
1316,2016-02-12,1317,1318,-0.01879566691852741,0.0,0.5406520225190709,outer_02,none,0.05
1317,2016-02-15,1318,1319,-0.005407211714993032,0.0,0.6654603496489896,outer_02,none,0.05
1318,2016-02-16,1319,1320,0.004538391146247989,1.0,0.489032288700398,outer_02,none,0.05
1319,2016-02-17,1320,1321,0.018901209251552586,1.0,0.5661466946279053,outer_02,none,0.05
1320,2016-02-18,1321,1322,-0.005000051133904115,0.0,0.46478017166596697,outer_02,none,0.05
1321,2016-02-19,1322,1323,-0.01302406669497902,0.0,0.4645867253679591,outer_02,none,0.05
1322,2016-02-22,1323,1324,0.01474514626090695,1.0,0.3654207960051893,outer_02,none,0.05
1323,2016-02-23,1324,1325,-0.00019561337079743168,0.0,0.17783770479644456,outer_02,none,0.05
1324,2016-02-24,1325,1326,0.0045137991266406274,1.0,0.38826112538873886,outer_02,none,0.05
1325,2016-02-25,1326,1327,-0.010900357589829213,0.0,0.3538837374293371,outer_02,none,0.05
1326,2016-02-26,1327,1328,0.016330513484214215,1.0,0.33821308232418773,outer_02,none,0.05
1327,2016-02-29,1328,1329,-0.00623382847761178,0.0,0.2522583800682036,outer_02,none,0.05
1328,2016-03-01,1329,1330,0.00816892281255921,1.0,0.39281505875176403,outer_02,none,0.05
1329,2016-03-02,1330,1331,0.016718776852129302,1.0,0.37651855872030926,outer_02,none,0.05
1330,2016-03-03,1331,1332,-0.002053787738648616,0.0,0.27335711651700273,outer_02,none,0.05
1331,2016-03-04,1332,1333,0.005248981852155943,1.0,0.33902247214507053,outer_02,none,0.05
1332,2016-03-07,1333,1334,-0.003805339180553702,0.0,0.2583495312123999,outer_02,none,0.05
1333,2016-03-08,1334,1335,-0.007087461209881241,0.0,0.3046599083773923,outer_02,none,0.05
1334,2016-03-09,1335,1336,0.013644809949634684,1.0,0.40681711350365773,outer_02,none,0.05
1335,2016-03-10,1336,1337,-0.014651143546266177,0.0,0.18055937724822282,outer_02,none,0.05
1336,2016-03-11,1337,1338,-0.013078179823934555,0.0,0.31483493339367846,outer_02,none,0.05
1337,2016-03-14,1338,1339,-0.0019449267869395825,0.0,0.2748145653875473,outer_02,none,0.05
1338,2016-03-15,1339,1340,0.02141127601132986,1.0,0.24042877561136128,outer_02,none,0.05
1339,2016-03-16,1340,1341,-0.0006195048924571012,0.0,0.20833965976868252,outer_02,none,0.05
1340,2016-03-17,1341,1342,-0.003286610232745346,0.0,0.2956690330461168,outer_02,none,0.05
1341,2016-03-18,1342,1343,-0.008790667147529518,0.0,0.2047993565909453,outer_02,none,0.05
1342,2016-03-21,1343,1344,0.003331610401535734,1.0,0.26090730367273973,outer_02,none,0.05
1343,2016-03-22,1344,1345,-0.020329967931561832,0.0,0.23206226753837275,outer_02,none,0.05
1344,2016-03-23,1345,1346,-0.0068201387914390565,0.0,0.5062518465754036,outer_02,none,0.05
1345,2016-03-24,1346,1347,0.005338602470419396,1.0,0.3673776376105957,outer_02,none,0.05
1346,2016-03-28,1347,1348,0.01674144883821338,1.0,0.27335966713913207,outer_02,none,0.05
1347,2016-03-29,1348,1349,-0.012613349460284695,0.0,0.2627584342867242,outer_02,none,0.05
1348,2016-03-30,1349,1350,0.004647177537502323,1.0,0.48416441426388074,outer_02,none,0.05
1349,2016-03-31,1350,1351,-0.00918492830783002,0.0,0.2742864758954266,outer_02,none,0.05
1350,2016-04-01,1351,1352,-0.0037766875760452123,0.0,0.29597902217343897,outer_02,none,0.05
1351,2016-04-04,1352,1353,0.012027404594835645,1.0,0.37767639390057406,outer_02,none,0.05
1352,2016-04-05,1353,1354,-0.006081474379554308,0.0,0.3020762613378414,outer_02,none,0.05
1353,2016-04-06,1354,1355,0.01333721319741521,1.0,0.34904608839351614,outer_02,none,0.05
1354,2016-04-07,1355,1356,0.004355621482562633,1.0,0.25619695246640206,outer_02,none,0.05
1355,2016-04-08,1356,1357,0.00909268019192222,1.0,0.27871066389072713,outer_02,none,0.05
1356,2016-04-11,1357,1358,-0.00042201316829704183,0.0,0.23946120610962127,outer_02,none,0.05
1357,2016-04-12,1358,1359,-0.01056033512506449,0.0,0.29194142086467045,outer_02,none,0.05
1358,2016-04-13,1359,1360,-0.012203618144582151,0.0,0.4275888756553689,outer_02,none,0.05
1359,2016-04-14,1360,1361,0.005930107304362053,1.0,0.3891204955971794,outer_02,none,0.05
1360,2016-04-15,1361,1362,-0.002343469162003231,0.0,0.34354124261243557,outer_02,none,0.05
1361,2016-04-18,1362,1363,0.014443361185916714,1.0,0.40371327392106016,outer_02,none,0.05
1362,2016-04-19,1363,1364,-0.004748430793737768,0.0,0.29710474024148514,outer_02,none,0.05
1363,2016-04-20,1364,1365,0.0031227071690125285,1.0,0.3157408263127975,outer_02,none,0.05
1364,2016-04-21,1365,1366,-0.012452376334479709,0.0,0.28349592134271345,outer_02,none,0.05
1365,2016-04-22,1366,1367,0.004542425980219811,1.0,0.3270295095695026,outer_02,none,0.05
1366,2016-04-25,1367,1368,0.0040150982732027884,1.0,0.3586627312237097,outer_02,none,0.05
1367,2016-04-26,1368,1369,0.002081818604872332,1.0,0.3560820792601781,outer_02,none,0.05
1368,2016-04-27,1369,1370,0.016358165777740297,1.0,0.4767833651898463,outer_02,none,0.05
1369,2016-04-28,1370,1371,0.02087944559133703,1.0,0.4037986170635415,outer_02,none,0.05
1370,2016-04-29,1371,1372,-0.00043331244826383397,0.0,0.3306066393366327,outer_02,none,0.05
1371,2016-05-02,1372,1373,-0.005082198840161922,0.0,0.5133024617609332,outer_02,none,0.05
1372,2016-05-03,1373,1374,-0.004615704681446786,0.0,0.4588402455538222,outer_02,none,0.05
1373,2016-05-04,1374,1375,-0.001665943578983864,0.0,0.6013429794995925,outer_02,none,0.05
1374,2016-05-05,1375,1376,0.005230954121984155,1.0,0.6226018090727107,outer_02,none,0.05
1375,2016-05-06,1376,1377,-0.015823139778190054,0.0,0.6521849864837365,outer_02,none,0.05
1376,2016-05-09,1377,1378,0.0016046863436534053,1.0,0.5178507333983275,outer_02,none,0.05
1377,2016-05-10,1378,1379,0.008987499312552494,1.0,0.4190699873491651,outer_02,none,0.05
1378,2016-05-11,1379,1380,-0.010544719554903992,0.0,0.5276931719527933,outer_02,none,0.05
1379,2016-05-12,1380,1381,0.006803846793316026,1.0,0.637578987458472,outer_02,none,0.05
1380,2016-05-13,1381,1382,0.0010680070121500407,1.0,0.5236357020763137,outer_02,none,0.05
1381,2016-05-16,1382,1383,0.004854454482235759,1.0,0.5474819186387707,outer_02,none,0.05
1382,2016-05-17,1383,1384,-0.01705497617434748,0.0,0.559774207380672,outer_02,none,0.05
1383,2016-05-18,1384,1385,-0.0023545331642811362,0.0,0.5082548982446343,outer_02,none,0.05
1384,2016-05-19,1385,1386,-0.00425378034168844,0.0,0.5043618305126327,outer_02,none,0.05
1385,2016-05-20,1386,1387,-0.001280471388362514,0.0,0.5790791422166051,outer_02,none,0.05
1386,2016-05-23,1387,1388,-0.017179902471208486,0.0,0.5918224266756053,outer_02,none,0.05
1387,2016-05-24,1388,1389,-0.0033376206595949753,0.0,0.6716103476732167,outer_02,none,0.05
1388,2016-05-25,1389,1390,-0.002660109364369667,0.0,0.6214317820729173,outer_02,none,0.05
1389,2016-05-26,1390,1391,-0.005918490310230062,0.0,0.6879635678918988,outer_02,none,0.05
1390,2016-05-27,1391,1392,-0.004834700183040219,0.0,0.6752323014048933,outer_02,none,0.05
1391,2016-05-30,1392,1393,0.00737901082502912,1.0,0.6460858350784805,outer_02,none,0.05
1392,2016-05-31,1393,1394,-0.0026185138847054645,0.0,0.5227244834930598,outer_02,none,0.05
1393,2016-06-01,1394,1395,-0.0020799294379916233,0.0,0.6093896144501564,outer_02,none,0.05
1394,2016-06-02,1395,1396,0.027447206862545315,1.0,0.5970236960277786,outer_02,none,0.05
1395,2016-06-03,1396,1397,0.000755341667289855,1.0,0.3567832995906337,outer_02,none,0.05
1396,2016-06-06,1397,1398,-0.00024903899195560797,0.0,0.5375570586545756,outer_02,none,0.05
1397,2016-06-07,1398,1399,0.013542459674369844,1.0,0.5491717751798091,outer_02,none,0.05
1398,2016-06-08,1399,1400,0.006069053904863786,1.0,0.4480170028068386,outer_02,none,0.05
1399,2016-06-09,1400,1401,0.0042532012212772585,1.0,0.6904077296465982,outer_02,none,0.05
1400,2016-06-10,1401,1402,0.0067007033488923895,1.0,0.6493830879491479,outer_02,none,0.05
1401,2016-06-13,1402,1403,0.0012226987337626838,1.0,0.5251351302682582,outer_02,none,0.05
1402,2016-06-14,1403,1404,0.00647015445670629,1.0,0.47590673199975386,outer_02,none,0.05
1403,2016-06-15,1404,1405,-0.011033683074326284,0.0,0.5884008878963565,outer_02,none,0.05
1404,2016-06-16,1405,1406,0.0055437225566628,1.0,0.538918863320272,outer_02,none,0.05
1405,2016-06-17,1406,1407,0.0028262863266803606,1.0,0.49720761076772285,outer_02,none,0.05
1406,2016-06-20,1407,1408,-0.015731003911148456,0.0,0.5212051873584745,outer_02,none,0.05
1407,2016-06-21,1408,1409,-0.004784584792457913,0.0,0.5722384513976745,outer_02,none,0.05
1408,2016-06-22,1409,1410,-0.008336726089977375,0.0,0.4612470467566443,outer_02,none,0.05
1409,2016-06-23,1410,1411,0.05666926523478999,1.0,0.4837202197639715,outer_02,none,0.05
1410,2016-06-24,1411,1412,-0.0015621760435955423,0.0,0.691043210702887,outer_02,none,0.05
1411,2016-06-27,1412,1413,-0.009264559582984333,0.0,0.7024422159437668,outer_02,none,0.05
1412,2016-06-28,1413,1414,0.0044039699237945484,1.0,0.5679470911138857,outer_02,none,0.05
1413,2016-06-29,1414,1415,0.00375729553453219,1.0,0.4354621227760975,outer_02,none,0.05
1414,2016-06-30,1415,1416,0.012794152410785742,1.0,0.7461883253381302,outer_02,none,0.05
1415,2016-07-01,1416,1417,0.007140709152525737,1.0,0.6248302421405378,outer_02,none,0.05
1416,2016-07-04,1417,1418,0.005705559167433982,1.0,0.5465766307299419,outer_02,none,0.05
1417,2016-07-05,1418,1419,0.004155166282989953,1.0,0.5927472727164683,outer_02,none,0.05
1418,2016-07-06,1419,1420,-0.0024763128103968413,0.0,0.5712093531533142,outer_02,none,0.05
1419,2016-07-07,1420,1421,0.00676044867770198,1.0,0.671900260622993,outer_02,none,0.05
1420,2016-07-08,1421,1422,-0.009722431391428366,0.0,0.5708334838423448,outer_02,none,0.05
1421,2016-07-11,1422,1423,-0.015849677479028657,0.0,0.5143169514345262,outer_02,none,0.05
1422,2016-07-12,1423,1424,0.006761805643279217,1.0,0.5512593035752523,outer_02,none,0.05
1423,2016-07-13,1424,1425,-0.005637898524530449,0.0,0.4913323833141716,outer_02,none,0.05
1424,2016-07-14,1425,1426,-0.000951492678987087,0.0,0.5434609108300866,outer_02,none,0.05
1425,2016-07-15,1426,1427,-0.004477406381613314,0.0,0.39980025473532166,outer_02,none,0.05
1426,2016-07-18,1427,1428,0.00302219511921642,1.0,0.3681247301434373,outer_02,none,0.05
1427,2016-07-19,1428,1429,-0.013832210985028404,0.0,0.40213738051210335,outer_02,none,0.05
1428,2016-07-20,1429,1430,0.01283334120190105,1.0,0.442673642248074,outer_02,none,0.05
1429,2016-07-21,1430,1431,-0.006838574345531256,0.0,0.47314734341169185,outer_02,none,0.05
1430,2016-07-22,1431,1432,-0.004967795456646051,0.0,0.48599378354273653,outer_02,none,0.05
1431,2016-07-25,1432,1433,0.0030746013007796336,1.0,0.44073132238600443,outer_02,none,0.05
1432,2016-07-26,1433,1434,0.014403788952867203,1.0,0.3750096782411592,outer_02,none,0.05
1433,2016-07-27,1434,1435,-0.0022739352601419682,0.0,0.3689529622847185,outer_02,none,0.05
1434,2016-07-28,1435,1436,0.011347935237570717,1.0,0.5883437684459367,outer_02,none,0.05
1435,2016-07-29,1436,1437,0.001790179643953671,1.0,0.4198324322655877,outer_02,none,0.05
1436,2016-08-01,1437,1438,0.007466347916665228,1.0,0.40696341307022177,outer_02,none,0.05
1437,2016-08-02,1438,1439,-0.004057605849349777,0.0,0.37602505621126253,outer_02,none,0.05
1438,2016-08-03,1439,1440,0.00244241685151092,1.0,0.45144447931272497,outer_02,none,0.05
1439,2016-08-04,1440,1441,-0.020848163649263896,0.0,0.4004158452346178,outer_02,none,0.05
1440,2016-08-05,1441,1442,0.0015368298605844544,1.0,0.38728438423840683,outer_02,none,0.05
1441,2016-08-08,1442,1443,0.003753415749025102,1.0,0.29250923884870117,outer_02,none,0.05
1442,2016-08-09,1443,1444,0.0052178626942778195,1.0,0.36398261783249447,outer_02,none,0.05
1443,2016-08-10,1444,1445,-0.006666716187856636,0.0,0.3455456310913877,outer_02,none,0.05
1444,2016-08-11,1445,1446,-0.00066538327408594,0.0,0.3145398586779308,outer_02,none,0.05
1445,2016-08-12,1446,1447,0.0018455359345681543,1.0,0.18034642493819555,outer_02,none,0.05
1446,2016-08-15,1447,1448,0.00440949349912767,1.0,0.26418627749792006,outer_02,none,0.05
1447,2016-08-16,1448,1449,0.00302028718228442,1.0,0.2763870807678148,outer_02,none,0.05
1448,2016-08-17,1449,1450,0.0018654926385712756,1.0,0.3830130352988774,outer_02,none,0.05
1449,2016-08-18,1450,1451,-0.01023629521963798,0.0,0.2965506946869618,outer_02,none,0.05
1450,2016-08-19,1451,1452,0.00037352737269369385,1.0,0.4122454167239428,outer_02,none,0.05
1451,2016-08-22,1452,1453,-0.0008144692016749389,0.0,0.3724979030770036,outer_02,none,0.05
1452,2016-08-23,1453,1454,-0.00933515849583788,0.0,0.40556502820259527,outer_02,none,0.05
1453,2016-08-24,1454,1455,-0.002614104043047405,0.0,0.4802884365064367,outer_02,none,0.05
1454,2016-08-25,1455,1456,-0.0017642230828007754,0.0,0.5099529798417065,outer_02,none,0.05
1455,2016-08-26,1456,1457,0.0028605610461349684,1.0,0.3527328562805899,outer_02,none,0.05
1456,2016-08-29,1457,1458,-0.009079032705517243,0.0,0.34822070775924047,outer_02,none,0.05
1457,2016-08-30,1458,1459,-0.001190321908934422,0.0,0.39222600376145805,outer_02,none,0.05
1458,2016-08-31,1459,1460,0.0030340476704466823,1.0,0.4501045970891569,outer_02,none,0.05
1459,2016-09-01,1460,1461,0.008307798398901056,1.0,0.41829149855062997,outer_02,none,0.05
1460,2016-09-02,1461,1462,0.001109044864008979,1.0,0.330114702633475,outer_02,none,0.05
1461,2016-09-05,1462,1463,0.016437824780263455,1.0,0.378630041322219,outer_02,none,0.05
1462,2016-09-06,1463,1464,-0.0023317823443580465,0.0,0.2857940632134311,outer_02,none,0.05
1463,2016-09-07,1464,1465,-0.005068434570459246,0.0,0.41448681071708576,outer_02,none,0.05
1464,2016-09-08,1465,1466,-0.007312358915089412,0.0,0.4220395964263752,outer_02,none,0.05
1465,2016-09-09,1466,1467,-0.0008132836774938923,0.0,0.33978746495736994,outer_02,none,0.05
1466,2016-09-12,1467,1468,-0.00647711286643915,0.0,0.38119355426990265,outer_02,none,0.05
1467,2016-09-13,1468,1469,0.002899858553576884,1.0,0.3889025920425686,outer_02,none,0.05
1468,2016-09-14,1469,1470,-0.005633262430033703,0.0,0.31478147964435393,outer_02,none,0.05
1469,2016-09-15,1470,1471,-0.004121800682887589,0.0,0.2882137037742464,outer_02,none,0.05
1470,2016-09-16,1471,1472,0.002554318757027829,1.0,0.2672375695972928,outer_02,none,0.05
1471,2016-09-19,1472,1473,0.001240491941767452,1.0,0.24932049422378133,outer_02,none,0.05
1472,2016-09-20,1473,1474,0.014407316824400773,1.0,0.23431712989697107,outer_02,none,0.05
1473,2016-09-21,1474,1475,0.0026503766469208045,1.0,0.2971957724600689,outer_02,none,0.05
1474,2016-09-22,1475,1476,-0.000628267572890806,0.0,0.3602230399634032,outer_02,none,0.05
1475,2016-09-23,1476,1477,0.0012113056662785837,1.0,0.3747361977140885,outer_02,none,0.05
1476,2016-09-26,1477,1478,-0.008577945947989107,0.0,0.3261737853638245,outer_02,none,0.05
1477,2016-09-27,1478,1479,-0.0038437333756915493,0.0,0.3367750241644073,outer_02,none,0.05
1478,2016-09-28,1479,1480,-0.00031782547108960557,0.0,0.3489449819128798,outer_02,none,0.05
1479,2016-09-29,1480,1481,-0.003092715638715049,0.0,0.3739112423165871,outer_02,none,0.05
1480,2016-09-30,1481,1482,-0.004130932670252996,0.0,0.3234865344819916,outer_02,none,0.05
1481,2016-10-03,1482,1483,-0.03365290379580621,0.0,0.2771072000714927,outer_02,none,0.05
1482,2016-10-04,1483,1484,-0.0005126082011264188,0.0,0.21530399314364976,outer_02,none,0.05
1483,2016-10-05,1484,1485,-0.009909312525858027,0.0,0.2352729377045937,outer_02,none,0.05
1484,2016-10-06,1485,1486,0.0017511745301383996,1.0,0.36153956203276116,outer_02,none,0.05
1485,2016-10-07,1486,1487,0.0015019731117522639,1.0,0.3881177350414159,outer_02,none,0.05
1486,2016-10-10,1487,1488,-0.004887688640091703,0.0,0.3315943919909322,outer_02,none,0.05
1487,2016-10-11,1488,1489,0.0019452001956139497,1.0,0.35395556459196426,outer_02,none,0.05
1488,2016-10-12,1489,1490,0.0019414237365946718,1.0,0.36739554057357166,outer_02,none,0.05
1489,2016-10-13,1490,1491,-0.00546789183133356,0.0,0.4695086802835843,outer_02,none,0.05
1490,2016-10-14,1491,1492,0.003239709185326234,1.0,0.5274360203337567,outer_02,none,0.05
1491,2016-10-17,1492,1493,0.005933462737811368,1.0,0.426320772366816,outer_02,none,0.05
1492,2016-10-18,1493,1494,0.005189646595733954,1.0,0.542728236409653,outer_02,none,0.05
1493,2016-10-19,1494,1495,-0.002816603241965865,0.0,0.5537636159337529,outer_02,none,0.05
1494,2016-10-20,1495,1496,0.00015010329504949738,1.0,0.586297768640404,outer_02,none,0.05
1495,2016-10-21,1496,1497,-0.0011065532788387955,0.0,0.5091253362249243,outer_02,none,0.05
1496,2016-10-24,1497,1498,0.007280724930747162,1.0,0.47135637978942657,outer_02,none,0.05
1497,2016-10-25,1498,1499,-0.005684517559041424,0.0,0.5040597177872518,outer_02,none,0.05
1498,2016-10-26,1499,1500,0.0011599968157973706,1.0,0.5409295230301844,outer_02,none,0.05
1499,2016-10-27,1500,1501,0.007252928435169004,1.0,0.4793075970461006,outer_02,none,0.05
1500,2016-10-28,1501,1502,-0.00045421796978040163,0.0,0.391190810232804,outer_02,none,0.05
1501,2016-10-31,1502,1503,0.009107488467045677,1.0,0.3513817958134287,outer_02,none,0.05
1502,2016-11-01,1503,1504,0.007701327024577154,1.0,0.3300233823974357,outer_02,none,0.05
1503,2016-11-02,1504,1505,0.0043885169865385265,1.0,0.36034717668000465,outer_02,none,0.05
1504,2016-11-03,1505,1506,-0.009020764107874335,0.0,0.39914444913111097,outer_02,none,0.05
1505,2016-11-04,1506,1507,-0.007612455879325353,0.0,0.3763165647371937,outer_02,none,0.05
1506,2016-11-07,1507,1508,-0.007333034890867118,0.0,0.34352243520031134,outer_02,none,0.05
1507,2016-11-08,1508,1509,0.0041857135663061484,1.0,0.3529362447623868,outer_02,none,0.05
1508,2016-11-09,1509,1510,-0.015211636407173934,0.0,0.4483364668219648,outer_02,none,0.05
1509,2016-11-10,1510,1511,-0.02425252804813116,0.0,0.39616506732045903,outer_02,none,0.05
1510,2016-11-11,1511,1512,-0.006203240669274024,0.0,0.41650820747287765,outer_02,none,0.05
1511,2016-11-14,1512,1513,0.005454365981240272,1.0,0.4314391533149862,outer_02,none,0.05
1512,2016-11-15,1513,1514,-0.0022173500350035624,0.0,0.43526724737773187,outer_02,none,0.05
1513,2016-11-16,1514,1515,-0.007199431555956259,0.0,0.5599813149017835,outer_02,none,0.05
1514,2016-11-17,1515,1516,-0.007508348048434144,0.0,0.5443352959220434,outer_02,none,0.05
1515,2016-11-18,1516,1517,0.004866229854982862,1.0,0.43328423948377937,outer_02,none,0.05
1516,2016-11-21,1517,1518,-0.0001813356197581939,0.0,0.44135197328285347,outer_02,none,0.05
1517,2016-11-22,1518,1519,-0.020613104765185852,0.0,0.5956613054664887,outer_02,none,0.05
1518,2016-11-23,1519,1520,-0.0029158224985170733,0.0,0.7447105639651362,outer_02,none,0.05
1519,2016-11-24,1520,1521,0.0006918021721773471,1.0,0.6756537237660467,outer_02,none,0.05
1520,2016-11-25,1521,1522,0.00635563299558406,1.0,0.7546664023852073,outer_02,none,0.05
1521,2016-11-28,1522,1523,-0.004274677195796883,0.0,0.72413304889045,outer_02,none,0.05
1522,2016-11-29,1523,1524,-0.012244428820979536,0.0,0.7475365251351591,outer_02,none,0.05
1523,2016-11-30,1524,1525,-0.001108193927986889,0.0,0.6989832010982621,outer_02,none,0.05
1524,2016-12-01,1525,1526,0.011010188243442798,1.0,0.6486075991372953,outer_02,none,0.05
1525,2016-12-02,1526,1527,-0.013213170844518451,0.0,0.622534306806169,outer_02,none,0.05
1526,2016-12-05,1527,1528,-0.0004018416370552558,0.0,0.7113365570838003,outer_02,none,0.05
1527,2016-12-06,1528,1529,0.004096337804017303,1.0,0.5941941614213964,outer_02,none,0.05
1528,2016-12-07,1529,1530,-0.0035064555496351346,0.0,0.5880006485318823,outer_02,none,0.05
1529,2016-12-08,1530,1531,-0.009972039191725734,0.0,0.6408287895098732,outer_02,none,0.05
1530,2016-12-09,1531,1532,0.0039801219009154565,1.0,0.6933992280766115,outer_02,none,0.05
1531,2016-12-12,1532,1533,-0.003971489788594518,0.0,0.6208653350820856,outer_02,none,0.05
1532,2016-12-13,1533,1534,-0.0141789625015738,0.0,0.6545341287341944,outer_02,none,0.05
1533,2016-12-14,1534,1535,-0.012182543016812097,0.0,0.741933474925868,outer_02,none,0.05
1534,2016-12-15,1535,1536,0.006589780573454718,1.0,0.7963941839073976,outer_02,none,0.05
1535,2016-12-16,1536,1537,0.002348027900797689,1.0,0.7225104597491439,outer_02,none,0.05
1536,2016-12-19,1537,1538,-0.005195914852163419,0.0,0.7010742730070958,outer_02,none,0.05
1537,2016-12-20,1538,1539,-0.0010777862256272641,0.0,0.7382466203937381,outer_02,none,0.05
1538,2016-12-21,1539,1540,-0.0026906957162147194,0.0,0.7451235336492097,outer_02,none,0.05
1539,2016-12-22,1540,1541,0.005382986361886388,1.0,0.7664298211130558,outer_02,none,0.05
1540,2016-12-23,1541,1542,0.004152194221549443,1.0,0.6894643563069125,outer_02,none,0.05
1541,2016-12-27,1542,1543,0.002857796008469471,1.0,0.689888469846397,outer_02,none,0.05
1542,2016-12-28,1543,1544,0.013477058573137413,1.0,0.6602400650918787,outer_02,none,0.05
1543,2016-12-29,1544,1545,-0.0053690474239651564,0.0,0.49909332879243234,outer_02,none,0.05
1544,2016-12-30,1545,1546,0.006128774994587083,1.0,0.6451258800859047,outer_02,none,0.05
1545,2017-01-03,1546,1547,0.0037470164649286986,1.0,0.5766964366483627,outer_02,none,0.05
1546,2017-01-04,1547,1548,0.014120452821135387,1.0,0.5964910816675549,outer_02,none,0.05
1547,2017-01-05,1548,1549,-0.005755570593883874,0.0,0.5913223043711437,outer_02,none,0.05
1548,2017-01-06,1549,1550,0.007644193265689658,1.0,0.5636808346601775,outer_02,none,0.05
1549,2017-01-09,1550,1551,0.00477758990964805,1.0,0.45274063005803683,outer_02,none,0.05
1550,2017-01-10,1551,1552,0.003966758430751227,1.0,0.49427960120426434,outer_02,none,0.05
1551,2017-01-11,1552,1553,0.0017681988676390148,1.0,0.5417592712691839,outer_02,none,0.05
1552,2017-01-12,1553,1554,0.0036605280939401297,1.0,0.4835738073845754,outer_02,none,0.05
1553,2017-01-13,1554,1555,0.0035058682112429906,1.0,0.4484809124749474,outer_02,none,0.05
1554,2017-01-16,1555,1556,0.0111845691289707,1.0,0.4783706988510939,outer_02,none,0.05
1555,2017-01-17,1556,1557,-0.009838785713253806,0.0,0.5229287502055598,outer_02,none,0.05
1556,2017-01-18,1557,1558,2.4904842748085798e-05,1.0,0.5688246294627813,outer_02,none,0.05
1557,2017-01-19,1558,1559,0.005282387530462174,1.0,0.4931076289181212,outer_02,none,0.05
1558,2017-01-20,1559,1560,0.00660090134118807,1.0,0.4795088816811607,outer_02,none,0.05
1559,2017-01-23,1560,1561,-0.007980901477560032,0.0,0.4893001042327101,outer_02,none,0.05
1560,2017-01-24,1561,1562,-0.007170214704347977,0.0,0.4962100463805177,outer_02,none,0.05
1561,2017-01-25,1562,1563,-0.009750295892186678,0.0,0.455846051430703,outer_02,none,0.05
1562,2017-01-26,1563,1564,0.0032327297674381583,1.0,0.509369011415002,outer_02,none,0.05
1563,2017-01-27,1564,1565,0.0020182993682142936,1.0,0.44123008684475884,outer_02,none,0.05
1564,2017-01-30,1565,1566,0.012636507600486624,1.0,0.49824757014011617,outer_02,none,0.05
1565,2017-01-31,1566,1567,-0.0012978479867875592,0.0,0.41883527975088364,outer_02,none,0.05
1566,2017-02-01,1567,1568,0.004959103828935163,1.0,0.5055044279083887,outer_02,none,0.05
1567,2017-02-02,1568,1569,0.006023373072057581,1.0,0.3971225874765096,outer_02,none,0.05
1568,2017-02-03,1569,1570,0.009826708671238471,1.0,0.4563492094007559,outer_02,none,0.05
1569,2017-02-06,1570,1571,-0.00046189564410870076,0.0,0.46276463274127916,outer_02,none,0.05
1570,2017-02-07,1571,1572,0.005730211548642394,1.0,0.5733278347220939,outer_02,none,0.05
1571,2017-02-08,1572,1573,-0.010018995820860077,0.0,0.6331026733088003,outer_02,none,0.05
1572,2017-02-09,1573,1574,0.0018542319198235901,1.0,0.677950612171708,outer_02,none,0.05
1573,2017-02-10,1574,1575,-0.00450328327517191,0.0,0.6429010628338486,outer_02,none,0.05
1574,2017-02-13,1575,1576,0.002575787405656449,1.0,0.6519154253077316,outer_02,none,0.05
1575,2017-02-14,1576,1577,0.004094537408419363,1.0,0.5440892118147997,outer_02,none,0.05
1576,2017-02-15,1577,1578,0.004231243848651367,1.0,0.6121916209730675,outer_02,none,0.05
1577,2017-02-16,1578,1579,-0.0024249098500170874,0.0,0.5972718981536213,outer_02,none,0.05
1578,2017-02-17,1579,1580,0.0011404400422376781,1.0,0.5487617150567284,outer_02,none,0.05
1579,2017-02-20,1580,1581,-0.001010962967590956,0.0,0.4215584606322744,outer_02,none,0.05
1580,2017-02-21,1581,1582,0.0008169373394304458,1.0,0.4823300043322342,outer_02,none,0.05
1581,2017-02-22,1582,1583,0.010071761365587406,1.0,0.5229249297994664,outer_02,none,0.05
1582,2017-02-23,1583,1584,0.005483795875766084,1.0,0.574120867370432,outer_02,none,0.05
1583,2017-02-24,1584,1585,-0.0029177549219578935,0.0,0.5400866463692497,outer_02,none,0.05
1584,2017-02-27,1585,1586,-0.0032466262834391912,0.0,0.6023315758769167,outer_02,none,0.05
1585,2017-02-28,1586,1587,-8.009643611472939e-06,0.0,0.48426430313529556,outer_02,none,0.05
1586,2017-03-01,1587,1588,-0.011511834189250614,0.0,0.5382590216273953,outer_02,none,0.05
1587,2017-03-02,1588,1589,-0.0008348971251415094,0.0,0.5558784392152063,outer_02,none,0.05
1588,2017-03-03,1589,1590,-0.006173888446505238,0.0,0.47467363815608216,outer_02,none,0.05
1589,2017-03-06,1590,1591,-0.007970780661251453,0.0,0.4700596841012934,outer_02,none,0.05
1590,2017-03-07,1591,1592,-0.006262112530266428,0.0,0.5320690061159147,outer_02,none,0.05
1591,2017-03-08,1592,1593,-0.006193306804549437,0.0,0.5575513181962553,outer_02,none,0.05
1592,2017-03-09,1593,1594,0.004412303422042463,1.0,0.5744125855146208,outer_02,none,0.05
1593,2017-03-10,1594,1595,-0.003355234068928681,0.0,0.49364752346994606,outer_02,none,0.05
1594,2017-03-13,1595,1596,-0.002465455733728028,0.0,0.4972618250464631,outer_02,none,0.05
1595,2017-03-14,1596,1597,0.016352789351601338,1.0,0.5716003463621929,outer_02,none,0.05
1596,2017-03-15,1597,1598,0.0061751058077099685,1.0,0.4484927079647757,outer_02,none,0.05
1597,2017-03-16,1598,1599,0.003337460769163414,1.0,0.5294516860027467,outer_02,none,0.05
1598,2017-03-17,1599,1600,0.003156253254084085,1.0,0.49925324602554394,outer_02,none,0.05
1599,2017-03-20,1600,1601,0.008823420606397292,1.0,0.47262817822425635,outer_02,none,0.05
1600,2017-03-21,1601,1602,0.0016607900992813285,1.0,0.5569786656901888,outer_02,none,0.05
1601,2017-03-22,1602,1603,-0.002126627369867684,0.0,0.6244053571528688,outer_02,none,0.05
1602,2017-03-23,1603,1604,0.002655575256791387,1.0,0.5729536590802619,outer_02,none,0.05
1603,2017-03-24,1604,1605,0.004413006322359969,1.0,0.5265909407315963,outer_02,none,0.05
1604,2017-03-27,1605,1606,-0.0021321203501392105,0.0,0.5779025704554485,outer_02,none,0.05
1605,2017-03-28,1606,1607,0.0014378836833195408,1.0,0.5419303621770962,outer_02,none,0.05
1606,2017-03-29,1607,1608,-0.007346876988100881,0.0,0.47606694671714034,outer_02,none,0.05
1607,2017-03-30,1608,1609,0.003507916469325245,1.0,0.4877111633477901,outer_02,none,0.05
1608,2017-03-31,1609,1610,0.004963860413613297,1.0,0.46745251585873066,outer_02,none,0.05
1609,2017-04-03,1610,1611,0.0012590245021355528,1.0,0.5226486165319585,outer_02,none,0.05
1610,2017-04-04,1611,1612,2.389020063908731e-05,1.0,0.5702967163541297,outer_02,none,0.05
1611,2017-04-05,1612,1613,-0.0032303505301101154,0.0,0.5885181449347398,outer_02,none,0.05
1612,2017-04-06,1613,1614,0.002306180225801313,1.0,0.5736224135471402,outer_02,none,0.05
1613,2017-04-07,1614,1615,0.0003825188915342892,1.0,0.5609552517469576,outer_02,none,0.05
1614,2017-04-10,1615,1616,0.014758139117788893,1.0,0.530356380268802,outer_02,none,0.05
1615,2017-04-11,1616,1617,0.008879081641129716,1.0,0.5746673619552531,outer_02,none,0.05
1616,2017-04-12,1617,1618,0.004797438151928901,1.0,0.580427438410668,outer_02,none,0.05
1617,2017-04-13,1618,1619,-0.005287792579030004,0.0,0.5925220631783774,outer_02,none,0.05
1618,2017-04-17,1619,1620,0.0039006094615583464,1.0,0.5020570742454769,outer_02,none,0.05
1619,2017-04-18,1620,1621,-0.007824309164937482,0.0,0.5543164728042403,outer_02,none,0.05
1620,2017-04-19,1621,1622,0.0015853742811620108,1.0,0.5553384506903638,outer_02,none,0.05
1621,2017-04-20,1622,1623,-0.010259476778944787,0.0,0.513013372421841,outer_02,none,0.05
1622,2017-04-21,1623,1624,0.005582038803579437,1.0,0.49561063425642554,outer_02,none,0.05
1623,2017-04-24,1624,1625,-0.009531834204732803,0.0,0.43002543163599327,outer_02,none,0.05
1624,2017-04-25,1625,1626,0.004296631705778431,1.0,0.40578273705948187,outer_02,none,0.05
1625,2017-04-26,1626,1627,-0.0038297431926466174,0.0,0.42028549351518646,outer_02,none,0.05
1626,2017-04-27,1627,1628,0.0036169260845007045,1.0,0.4724802908124358,outer_02,none,0.05
1627,2017-04-28,1628,1629,-0.010125505431006765,0.0,0.4902928527635366,outer_02,none,0.05
1628,2017-05-01,1629,1630,0.00035827883233974234,1.0,0.5285328998340784,outer_02,none,0.05
1629,2017-05-02,1630,1631,-0.014723011629381944,0.0,0.4553395226814084,outer_02,none,0.05
1630,2017-05-03,1631,1632,-0.007508711610963559,0.0,0.47787138355161907,outer_02,none,0.05
1631,2017-05-04,1632,1633,-0.0029589317273632787,0.0,0.45385554324165023,outer_02,none,0.05
1632,2017-05-05,1633,1634,0.0011585312426687366,1.0,0.4268678397955943,outer_02,none,0.05
1633,2017-05-08,1634,1635,-0.004486566237330791,0.0,0.44522653994320166,outer_02,none,0.05
1634,2017-05-09,1635,1636,-0.0014836007491734193,0.0,0.4905043619271028,outer_02,none,0.05
1635,2017-05-10,1636,1637,0.005105474917976416,1.0,0.4684063163002943,outer_02,none,0.05
1636,2017-05-11,1637,1638,0.003738900688812663,1.0,0.559683291312805,outer_02,none,0.05
1637,2017-05-12,1638,1639,0.0009426986256961811,1.0,0.5272363250569274,outer_02,none,0.05
1638,2017-05-15,1639,1640,0.004441461958673898,1.0,0.5271389565343518,outer_02,none,0.05
1639,2017-05-16,1640,1641,0.018651248477485893,1.0,0.4512496458636394,outer_02,none,0.05
1640,2017-05-17,1641,1642,-0.010709201093282772,0.0,0.465951412514426,outer_02,none,0.05
1641,2017-05-18,1642,1643,0.006883979421464126,1.0,0.5327030699158488,outer_02,none,0.05
1642,2017-05-19,1643,1644,0.004198212387087175,1.0,0.4090402006204701,outer_02,none,0.05
1643,2017-05-22,1644,1645,-0.007030815526614553,0.0,0.4491081358537963,outer_02,none,0.05
1644,2017-05-23,1645,1646,0.005196265925988541,1.0,0.623521340044693,outer_02,none,0.05
1645,2017-05-24,1646,1647,-0.0019494191734317212,0.0,0.5537725456024587,outer_02,none,0.05
1646,2017-05-25,1647,1648,0.009299074084482939,1.0,0.4904316472688798,outer_02,none,0.05
1647,2017-05-26,1648,1649,-0.00042619690942036215,0.0,0.42415678568307513,outer_02,none,0.05
1648,2017-05-29,1649,1650,-0.003344841747821903,0.0,0.46181453358080204,outer_02,none,0.05
1649,2017-05-30,1650,1651,0.0048593840067097105,1.0,0.4831967934633556,outer_02,none,0.05
1650,2017-05-31,1651,1652,-0.002359580474098344,0.0,0.43036796112241005,outer_02,none,0.05
1651,2017-06-01,1652,1653,0.010883295843017393,1.0,0.5588612334067788,outer_02,none,0.05
1652,2017-06-02,1653,1654,0.00042194093453051806,1.0,0.6089409199666503,outer_02,none,0.05
1653,2017-06-05,1654,1655,0.010962526023355679,1.0,0.5924638523299328,outer_02,none,0.05
1654,2017-06-06,1655,1656,-0.005881982418459053,0.0,0.5479216293312594,outer_02,none,0.05
1655,2017-06-07,1656,1657,-0.00518991860500595,0.0,0.6090595674351973,outer_02,none,0.05
1656,2017-06-08,1657,1658,-0.010548198476517001,0.0,0.5810559499838879,outer_02,none,0.05
1657,2017-06-09,1658,1659,-0.0006555642233543324,0.0,0.5032934641723047,outer_02,none,0.05
1658,2017-06-12,1659,1660,0.0006081884465798382,1.0,0.5177202473335262,outer_02,none,0.05
1659,2017-06-13,1660,1661,-0.005082220829534023,0.0,0.550085626606721,outer_02,none,0.05
1660,2017-06-14,1661,1662,-0.004534000783226411,0.0,0.5466446005255258,outer_02,none,0.05
1661,2017-06-15,1662,1663,-0.0007816052015749975,0.0,0.5118094277637819,outer_02,none,0.05
1662,2017-06-16,1663,1664,-0.007592540077544285,0.0,0.40809750466132894,outer_02,none,0.05
1663,2017-06-19,1664,1665,-0.0001286401133802073,0.0,0.4494217732351519,outer_02,none,0.05
1664,2017-06-20,1665,1666,0.002104401544477774,1.0,0.4533948950198869,outer_02,none,0.05
1665,2017-06-21,1666,1667,0.0037400286256730197,1.0,0.461696147479068,outer_02,none,0.05
1666,2017-06-22,1667,1668,0.005079046938227805,1.0,0.4407716787301734,outer_02,none,0.05
1667,2017-06-23,1668,1669,-0.010449198665893888,0.0,0.4553012496635488,outer_02,none,0.05
1668,2017-06-26,1669,1670,0.002231713725697304,1.0,0.49983680654532747,outer_02,none,0.05
1669,2017-06-27,1670,1671,0.0017785900953599665,1.0,0.44364080445303516,outer_02,none,0.05
1670,2017-06-28,1671,1672,-0.0027493354392085223,0.0,0.4761696571405303,outer_02,none,0.05
1671,2017-06-29,1672,1673,-0.00300645730037008,0.0,0.528394976648181,outer_02,none,0.05
1672,2017-06-30,1673,1674,-0.016739985485863862,0.0,0.43029727743771923,outer_02,none,0.05
1673,2017-07-03,1674,1675,0.0020609121102630468,1.0,0.375245075024526,outer_02,none,0.05
1674,2017-07-04,1675,1676,0.002358289579385442,1.0,0.39043679540109283,outer_02,none,0.05
1675,2017-07-05,1676,1677,-0.0017294126756022266,0.0,0.4994066917608585,outer_02,none,0.05
1676,2017-07-06,1677,1678,-0.009277135933578151,0.0,0.5840246371392531,outer_02,none,0.05
1677,2017-07-07,1678,1679,0.0007578628631019768,1.0,0.46117240183545477,outer_02,none,0.05
1678,2017-07-10,1679,1680,0.0018921481520379757,1.0,0.41102464749422213,outer_02,none,0.05
1679,2017-07-11,1680,1681,0.0014372833716693734,1.0,0.4853993113290966,outer_02,none,0.05
1680,2017-07-12,1681,1682,-0.000870336366026514,0.0,0.5813605147394594,outer_02,none,0.05
1681,2017-07-13,1682,1683,0.009939025968103365,1.0,0.5877946848864349,outer_02,none,0.05
1682,2017-07-14,1683,1684,0.003564053149789359,1.0,0.4535408479746141,outer_02,none,0.05
1683,2017-07-17,1684,1685,0.007146550222622672,1.0,0.5306565062222898,outer_02,none,0.05
1684,2017-07-18,1685,1686,-0.001401056657940103,0.0,0.5244552548255401,outer_02,none,0.05
1685,2017-07-19,1686,1687,0.0025510320561830113,1.0,0.5131386153325804,outer_02,none,0.05
1686,2017-07-20,1687,1688,0.008865760286358437,1.0,0.504550519078437,outer_02,none,0.05
1687,2017-07-21,1688,1689,-0.0005418499526976817,0.0,0.46805940788853007,outer_02,none,0.05
1688,2017-07-24,1689,1690,-0.0039212134912816055,0.0,0.5405938698169553,outer_02,none,0.05
1689,2017-07-25,1690,1691,0.008279558495464023,1.0,0.4910287999217023,outer_02,none,0.05
1690,2017-07-26,1691,1692,-0.000746250917827318,0.0,0.44265862163926606,outer_02,none,0.05
1691,2017-07-27,1692,1693,0.008997174974645361,1.0,0.536011085394112,outer_02,none,0.05
1692,2017-07-28,1693,1694,-0.0008425164178831324,0.0,0.5432570415297665,outer_02,none,0.05
1693,2017-07-31,1694,1695,-0.000677677640509522,0.0,0.5831488618949816,outer_02,none,0.05
1694,2017-08-01,1695,1696,-0.001956808817746847,0.0,0.510328835986447,outer_02,none,0.05
1695,2017-08-02,1696,1697,0.0017991435250692689,1.0,0.4701752223774674,outer_02,none,0.05
1696,2017-08-03,1697,1698,-0.008924847900265931,0.0,0.49114660386377956,outer_02,none,0.05
1697,2017-08-04,1698,1699,-5.568349502915737e-05,0.0,0.4366429399300416,outer_02,none,0.05
1698,2017-08-07,1699,1700,0.003050066304679966,1.0,0.43339439752105796,outer_02,none,0.05
1699,2017-08-08,1700,1701,0.01293045046401975,1.0,0.4685942052987646,outer_02,none,0.05
1700,2017-08-09,1701,1702,0.006873576380619362,1.0,0.558786177400279,outer_02,none,0.05
1701,2017-08-10,1702,1703,0.002469482198040218,1.0,0.580718815537895,outer_02,none,0.05
1702,2017-08-11,1703,1704,-0.006489588114706457,0.0,0.4887462105172389,outer_02,none,0.05
1703,2017-08-14,1704,1705,-0.007538275416203888,0.0,0.5031128541229892,outer_02,none,0.05
1704,2017-08-15,1705,1706,0.009628254419348892,1.0,0.5028822207897911,outer_02,none,0.05
1705,2017-08-16,1706,1707,0.0038410148924512555,1.0,0.5651759266420548,outer_02,none,0.05
1706,2017-08-17,1707,1708,-0.004355305961356137,0.0,0.6446049315825321,outer_02,none,0.05
1707,2017-08-18,1708,1709,0.006030153406765493,1.0,0.6025810218340052,outer_02,none,0.05
1708,2017-08-21,1709,1710,-0.004814982315399341,0.0,0.5130651932577239,outer_02,none,0.05
1709,2017-08-22,1710,1711,0.00451278674607547,1.0,0.5815420923647039,outer_02,none,0.05
1710,2017-08-23,1711,1712,-0.0033379681826408714,0.0,0.5654326663786694,outer_02,none,0.05
1711,2017-08-24,1712,1713,0.004979572367254548,1.0,0.5833809689265795,outer_02,none,0.05
1712,2017-08-25,1713,1714,0.016611996326797218,1.0,0.5408104307046198,outer_02,none,0.05
1713,2017-08-28,1714,1715,-0.0029645231799673155,0.0,0.4895158830920548,outer_02,none,0.05
1714,2017-08-29,1715,1716,-0.0014053098576498613,0.0,0.612419125141505,outer_02,none,0.05
1715,2017-08-30,1716,1717,0.010227253862018948,1.0,0.5344794016660646,outer_02,none,0.05
1716,2017-08-31,1717,1718,0.010033843679832621,1.0,0.48124045739456306,outer_02,none,0.05
1717,2017-09-01,1718,1719,-0.001266548674746737,0.0,0.6239683651538687,outer_02,none,0.05
1718,2017-09-04,1719,1720,0.004578961275753635,1.0,0.5433670546282197,outer_02,none,0.05
1719,2017-09-05,1720,1721,-0.004159098774552561,0.0,0.604658125775035,outer_02,none,0.05
1720,2017-09-06,1721,1722,0.01083275896370317,1.0,0.6071169291305423,outer_02,none,0.05
1721,2017-09-07,1722,1723,-0.007181399490866269,0.0,0.5735225762787272,outer_02,none,0.05
1722,2017-09-08,1723,1724,-0.008610978882040321,0.0,0.5498427115783674,outer_02,none,0.05
1723,2017-09-11,1724,1725,0.004329759532198274,1.0,0.48450332772068855,outer_02,none,0.05
1724,2017-09-12,1725,1726,-0.007634774387351051,0.0,0.5364557163936519,outer_02,none,0.05
1725,2017-09-13,1726,1727,0.005660143613478219,1.0,0.5702951916182176,outer_02,none,0.05
1726,2017-09-14,1727,1728,-0.009249153296214452,0.0,0.5193543622504163,outer_02,none,0.05
1727,2017-09-15,1728,1729,-0.008118856477658198,0.0,0.49572698476946575,outer_02,none,0.05
1728,2017-09-18,1729,1730,0.002261010014895426,1.0,0.44852271236650154,outer_02,none,0.05
1729,2017-09-19,1730,1731,-0.00705964555873706,0.0,0.44353138992410573,outer_02,none,0.05
1730,2017-09-20,1731,1732,-0.007543305444300152,0.0,0.5608886026684616,outer_02,none,0.05
1731,2017-09-21,1732,1733,0.0033544628765076467,1.0,0.53862180887701,outer_02,none,0.05
1732,2017-09-22,1733,1734,0.01042411723509229,1.0,0.42582791358264604,outer_02,none,0.05
1733,2017-09-25,1734,1735,-0.012517404420524514,0.0,0.4603978774064825,outer_02,none,0.05
1734,2017-09-26,1735,1736,-0.007793618285015569,0.0,0.5554933625318765,outer_02,none,0.05
1735,2017-09-27,1736,1737,0.0026538529496802354,1.0,0.5950725786623384,outer_02,none,0.05
1736,2017-09-28,1737,1738,-0.00598696820213096,0.0,0.5634564901954641,outer_02,none,0.05
1737,2017-09-29,1738,1739,-0.006495108375850656,0.0,0.6646013768906134,outer_02,none,0.05
1738,2017-10-02,1739,1740,0.0006057959911638378,1.0,0.6497676087016792,outer_02,none,0.05
1739,2017-10-03,1740,1741,0.002772532515376902,1.0,0.5617195884036112,outer_02,none,0.05
1740,2017-10-04,1741,1742,-0.00491413071359581,0.0,0.6396362066604684,outer_02,none,0.05
1741,2017-10-05,1742,1743,0.0056511313114659956,1.0,0.6499618779804283,outer_02,none,0.05
1742,2017-10-06,1743,1744,0.0061102532622454575,1.0,0.5666747999007071,outer_02,none,0.05
1743,2017-10-09,1744,1745,0.0032042584909639515,1.0,0.5194883397562696,outer_02,none,0.05
1744,2017-10-10,1745,1746,0.0028534008148062284,1.0,0.5542634889025331,outer_02,none,0.05
1745,2017-10-11,1746,1747,0.0016478483066890703,1.0,0.5674628121801106,outer_02,none,0.05
1746,2017-10-12,1747,1748,0.007447117386758073,1.0,0.5799974681427197,outer_02,none,0.05
1747,2017-10-13,1748,1749,-0.005732526730604981,0.0,0.5813077044820698,outer_02,none,0.05
1748,2017-10-16,1749,1750,-0.008485758895321105,0.0,0.5488286123013357,outer_02,none,0.05
1749,2017-10-17,1750,1751,-0.0027744240997309433,0.0,0.5144346757434908,outer_02,none,0.05
1750,2017-10-18,1751,1752,0.0062781975385837185,1.0,0.518490579141515,outer_02,none,0.05
1751,2017-10-19,1752,1753,-0.009514345129503887,0.0,0.5842513844261793,outer_02,none,0.05
1752,2017-10-20,1753,1754,0.0033688092920716173,1.0,0.5372186526168014,outer_02,none,0.05
1753,2017-10-23,1754,1755,-0.004081542575948838,0.0,0.4205562832011791,outer_02,none,0.05
1754,2017-10-24,1755,1756,0.0012919443207337622,1.0,0.4051917174382762,outer_02,none,0.05
1755,2017-10-25,1756,1757,-0.008155421621856007,0.0,0.4631703221419418,outer_02,none,0.05
1756,2017-10-26,1757,1758,0.00447878837686666,1.0,0.4768252771762959,outer_02,none,0.05
1757,2017-10-27,1758,1759,0.0021260996448662084,1.0,0.43320974648082045,outer_02,none,0.05
1758,2017-10-30,1759,1760,-0.004453510665588745,0.0,0.4643342532924153,outer_02,none,0.05
1759,2017-10-31,1760,1761,0.003951813507684143,1.0,0.48488595754076774,outer_02,none,0.05
1760,2017-11-01,1761,1762,0.0014886784853818114,1.0,0.48347564382867597,outer_02,none,0.05
1761,2017-11-02,1762,1763,-0.006149225987626572,0.0,0.5294894863526621,outer_02,none,0.05
1762,2017-11-03,1763,1764,0.009151174816744323,1.0,0.461995008371982,outer_02,none,0.05
1763,2017-11-06,1764,1765,-0.0034483197237502594,0.0,0.4513313586611794,outer_02,none,0.05
1764,2017-11-07,1765,1766,0.003752701655178825,1.0,0.5695932635157269,outer_02,none,0.05
1765,2017-11-08,1766,1767,0.002945372521326206,1.0,0.5587937948842093,outer_02,none,0.05
1766,2017-11-09,1767,1768,-0.008054070355482779,0.0,0.5536468620105239,outer_02,none,0.05
1767,2017-11-10,1768,1769,0.002303318108296537,1.0,0.5026672740766869,outer_02,none,0.05
1768,2017-11-13,1769,1770,0.0015247898549182182,1.0,0.48158936452953754,outer_02,none,0.05
1769,2017-11-14,1770,1771,-0.0011492411973943462,0.0,0.49630221795967944,outer_02,none,0.05
1770,2017-11-15,1771,1772,0.00011733003779745843,1.0,0.49253841492246997,outer_02,none,0.05
1771,2017-11-16,1772,1773,0.011370210298284888,1.0,0.48897179131552543,outer_02,none,0.05
1772,2017-11-17,1773,1774,-0.01198047687852899,0.0,0.45802752994656315,outer_02,none,0.05
1773,2017-11-20,1774,1775,0.002298294489667896,1.0,0.4470083219792565,outer_02,none,0.05
1774,2017-11-21,1775,1776,0.008475088243716122,1.0,0.5019178780691553,outer_02,none,0.05
1775,2017-11-22,1776,1777,-0.0005188790779691033,0.0,0.564300897413213,outer_02,none,0.05
1776,2017-11-23,1777,1778,-0.0021791316140440387,0.0,0.7340814061685428,outer_02,none,0.05
1777,2017-11-24,1778,1779,0.004994879995344981,1.0,0.6481823146682425,outer_02,none,0.05
1778,2017-11-27,1779,1780,-0.0008732713839894046,0.0,0.5251838051255169,outer_02,none,0.05
1779,2017-11-28,1780,1781,-0.007114982666020175,0.0,0.6062879593268938,outer_02,none,0.05
1780,2017-11-29,1781,1782,-0.0072130256033693385,0.0,0.5122858217446211,outer_02,none,0.05
1781,2017-11-30,1782,1783,-0.0008395548498798533,0.0,0.48769449248313657,outer_02,none,0.05
1782,2017-12-01,1783,1784,0.001905636317942161,1.0,0.48332901739330814,outer_02,none,0.05
1783,2017-12-04,1784,1785,-0.008173521433300301,0.0,0.4852654097359353,outer_02,none,0.05
1784,2017-12-05,1785,1786,-0.0018421525973231212,0.0,0.47809609993959035,outer_02,none,0.05
1785,2017-12-06,1786,1787,-0.012806597355388583,0.0,0.47274148293952906,outer_02,none,0.05
1786,2017-12-07,1787,1788,0.000120225543263075,1.0,0.4780822014861982,outer_02,none,0.05
1787,2017-12-08,1788,1789,-0.004522404819173431,0.0,0.4946743824230747,outer_02,none,0.05
1788,2017-12-11,1789,1790,0.0013677141196408726,1.0,0.5170434475843576,outer_02,none,0.05
1789,2017-12-12,1790,1791,0.00817520697293972,1.0,0.4773783514411454,outer_02,none,0.05
1790,2017-12-13,1791,1792,-0.0008456457727037403,0.0,0.47014292726138834,outer_03,none,0.05
1791,2017-12-14,1792,1793,0.0009493078344755546,1.0,0.5947518781404563,outer_03,none,0.05
1792,2017-12-15,1793,1794,0.00597823546912668,1.0,0.5564358822905395,outer_03,none,0.05
1793,2017-12-18,1794,1795,-0.00017438864932639575,0.0,0.5656208177090326,outer_03,none,0.05
1794,2017-12-19,1795,1796,0.0034188067487859186,1.0,0.6742185192569797,outer_03,none,0.05
1795,2017-12-20,1796,1797,0.0003554544522543779,1.0,0.67843885292249,outer_03,none,0.05
1796,2017-12-21,1797,1798,0.009377709378280308,1.0,0.7046133950518915,outer_03,none,0.05
1797,2017-12-22,1798,1799,0.003226048626490119,1.0,0.6668492300912692,outer_03,none,0.05
1798,2017-12-26,1799,1800,0.003930593208791855,1.0,0.6920127226990801,outer_03,none,0.05
1799,2017-12-27,1800,1801,0.0052220248986101225,1.0,0.7148553217506445,outer_03,none,0.05
1800,2017-12-28,1801,1802,0.012097525670692555,1.0,0.6322296093811639,outer_03,none,0.05
1801,2017-12-29,1802,1803,0.00567932461263343,1.0,0.6906489565325837,outer_03,none,0.05
1802,2018-01-02,1803,1804,-0.003444857228532605,0.0,0.644387941938793,outer_03,none,0.05
1803,2018-01-03,1804,1805,0.0069989278754851725,1.0,0.6896097566323705,outer_03,none,0.05
1804,2018-01-04,1805,1806,-0.0009611564889571156,0.0,0.6602062850100386,outer_03,none,0.05
1805,2018-01-05,1806,1807,-0.0009090289924422734,0.0,0.6766753093237329,outer_03,none,0.05
1806,2018-01-08,1807,1808,-0.005829812316420657,0.0,0.6665755643418546,outer_03,none,0.05
1807,2018-01-09,1808,1809,0.004039641089425672,1.0,0.6076824765214841,outer_03,none,0.05
1808,2018-01-10,1809,1810,0.0039553296902514745,1.0,0.5880987370934779,outer_03,none,0.05
1809,2018-01-11,1810,1811,0.010307042796338983,1.0,0.621548166903645,outer_03,none,0.05
1810,2018-01-12,1811,1812,0.002519184877610492,1.0,0.5301217405052767,outer_03,none,0.05
1811,2018-01-15,1812,1813,-0.00016426368838740046,0.0,0.5326667909248065,outer_03,none,0.05
1812,2018-01-16,1813,1814,-0.008767413690804027,0.0,0.4714613078330775,outer_03,none,0.05
1813,2018-01-17,1814,1815,2.2598444474830615e-05,1.0,0.47398215904046415,outer_03,none,0.05
1814,2018-01-18,1815,1816,0.005641138827635395,1.0,0.5767588398063865,outer_03,none,0.05
1815,2018-01-19,1816,1817,-0.0012366731325572644,0.0,0.6128593107782175,outer_03,none,0.05
1816,2018-01-22,1817,1818,0.005623874345761948,1.0,0.598373267058669,outer_03,none,0.05
1817,2018-01-23,1818,1819,0.012104648255838235,1.0,0.5925964811261138,outer_03,none,0.05
1818,2018-01-24,1819,1820,-0.007580696375196538,0.0,0.4885273890273374,outer_03,none,0.05
1819,2018-01-25,1820,1821,0.0029873670767921467,1.0,0.6076383982909112,outer_03,none,0.05
1820,2018-01-26,1821,1822,-0.0072279715791108146,0.0,0.5937420946063502,outer_03,none,0.05
1821,2018-01-29,1822,1823,-0.0028969080108689482,0.0,0.5917976915559399,outer_03,none,0.05
1822,2018-01-30,1823,1824,0.00445388510856759,1.0,0.5636771579512121,outer_03,none,0.05
1823,2018-01-31,1824,1825,0.0032847829772908455,1.0,0.5998119937016492,outer_03,none,0.05
1824,2018-02-01,1825,1826,-0.012069787682562172,0.0,0.5617405245650323,outer_03,none,0.05
1825,2018-02-02,1826,1827,0.005444584792656748,1.0,0.42479660590543067,outer_03,none,0.05
1826,2018-02-05,1827,1828,-0.010715125702633443,0.0,0.42945197981079275,outer_03,none,0.05
1827,2018-02-06,1828,1829,-0.005526172474907831,0.0,0.4288033598022838,outer_03,none,0.05
1828,2018-02-07,1829,1830,0.00134271483694004,1.0,0.48566966607720913,outer_03,none,0.05
1829,2018-02-08,1830,1831,-0.0028316695013987925,0.0,0.5405209148602432,outer_03,none,0.05
1830,2018-02-09,1831,1832,0.006252364997313187,1.0,0.5432705380532624,outer_03,none,0.05
1831,2018-02-12,1832,1833,0.004590431487792479,1.0,0.555489973305167,outer_03,none,0.05
1832,2018-02-13,1833,1834,0.015610160432703246,1.0,0.5580140431798832,outer_03,none,0.05
1833,2018-02-14,1834,1835,0.002329512262835287,1.0,0.41322582662808166,outer_03,none,0.05
1834,2018-02-15,1835,1836,-0.0030331299978483273,0.0,0.6011445004728623,outer_03,none,0.05
1835,2018-02-16,1836,1837,-0.0013271106897008167,0.0,0.6244567473366068,outer_03,none,0.05
1836,2018-02-19,1837,1838,-0.01375241571410779,0.0,0.5921740799241936,outer_03,none,0.05
1837,2018-02-20,1838,1839,-0.0038434339744766177,0.0,0.632357539606248,outer_03,none,0.05
1838,2018-02-21,1839,1840,0.005564417238261399,1.0,0.6590632617766987,outer_03,none,0.05
1839,2018-02-22,1840,1841,-0.0014652787965889758,0.0,0.5953365324066926,outer_03,none,0.05
1840,2018-02-23,1841,1842,0.002605957624100874,1.0,0.5734924029834941,outer_03,none,0.05
1841,2018-02-26,1842,1843,-0.01124577694642781,0.0,0.48991341125933524,outer_03,none,0.05
1842,2018-02-27,1843,1844,0.0004777414296466276,1.0,0.5263391128386299,outer_03,none,0.05
1843,2018-02-28,1844,1845,-0.0019351246225562946,0.0,0.5323747116231509,outer_03,none,0.05
1844,2018-03-01,1845,1846,0.005484488290967704,1.0,0.48758647188488297,outer_03,none,0.05
1845,2018-03-02,1846,1847,-0.002390083807410903,0.0,0.4670555144938044,outer_03,none,0.05
1846,2018-03-05,1847,1848,0.014285420183338005,1.0,0.5378641321683324,outer_03,none,0.05
1847,2018-03-06,1848,1849,-0.010438374976786235,0.0,0.475326459007967,outer_03,none,0.05
1848,2018-03-07,1849,1850,-0.003264124758683984,0.0,0.595887850952161,outer_03,none,0.05
1849,2018-03-08,1850,1851,0.0011648224962925724,1.0,0.5475697165154106,outer_03,none,0.05
1850,2018-03-09,1851,1852,0.0005139056945031584,1.0,0.6126512701370727,outer_03,none,0.05
1851,2018-03-12,1852,1853,0.0017437980707706302,1.0,0.6164188586519922,outer_03,none,0.05
1852,2018-03-13,1853,1854,-0.0015473744902436692,0.0,0.5733898125493335,outer_03,none,0.05
1853,2018-03-14,1854,1855,-0.005970347920920105,0.0,0.5329864212053612,outer_03,none,0.05
1854,2018-03-15,1855,1856,-0.0021148250980393968,0.0,0.46928729965489335,outer_03,none,0.05
1855,2018-03-16,1856,1857,0.0031629715699184047,1.0,0.4903551631607311,outer_03,none,0.05
1856,2018-03-19,1857,1858,-0.004382167965816031,0.0,0.4555682280677693,outer_03,none,0.05
1857,2018-03-20,1858,1859,0.015351917057642162,1.0,0.38506896276864305,outer_03,none,0.05
1858,2018-03-21,1859,1860,-0.0009164526414782159,0.0,0.398362787804516,outer_03,none,0.05
1859,2018-03-22,1860,1861,0.013095798559803917,1.0,0.5615273723011072,outer_03,none,0.05
1860,2018-03-23,1861,1862,0.003517154363381181,1.0,0.4564388114215067,outer_03,none,0.05
1861,2018-03-26,1862,1863,-0.0054029947892324515,0.0,0.5768785830830715,outer_03,none,0.05
1862,2018-03-27,1863,1864,-0.015918117958874767,0.0,0.6923343178620626,outer_03,none,0.05
1863,2018-03-28,1864,1865,0.0010867269460836937,1.0,0.578673126582352,outer_03,none,0.05
1864,2018-03-29,1865,1866,0.011108683435306688,1.0,0.641471651945564,outer_03,none,0.05
1865,2018-04-02,1866,1867,-0.006007821481325948,0.0,0.6176807171001673,outer_03,none,0.05
1866,2018-04-03,1867,1868,0.0003901443583593789,1.0,0.6314296541369832,outer_03,none,0.05
1867,2018-04-04,1868,1869,-0.004397924655850538,0.0,0.5604586498222505,outer_03,none,0.05
1868,2018-04-05,1869,1870,0.0046904330675525685,1.0,0.48711195563455284,outer_03,none,0.05
1869,2018-04-06,1870,1871,0.0023369921875575628,1.0,0.5083250866325847,outer_03,none,0.05
1870,2018-04-09,1871,1872,0.002189713708679264,1.0,0.5484325981560206,outer_03,none,0.05
1871,2018-04-10,1872,1873,0.009680214961163891,1.0,0.5344218626447588,outer_03,none,0.05
1872,2018-04-11,1873,1874,-0.012670781958160404,0.0,0.5695199598821641,outer_03,none,0.05
1873,2018-04-12,1874,1875,0.005339359940307098,1.0,0.5269090910887985,outer_03,none,0.05
1874,2018-04-13,1875,1876,0.002380439868677975,1.0,0.6543937346279213,outer_03,none,0.05
1875,2018-04-16,1876,1877,0.0009134760624949223,1.0,0.6497295602003532,outer_03,none,0.05
1876,2018-04-17,1877,1878,0.0015206082394767506,1.0,0.6590661247125414,outer_03,none,0.05
1877,2018-04-18,1878,1879,-0.002590127058003766,0.0,0.7033071621857501,outer_03,none,0.05
1878,2018-04-19,1879,1880,-0.008200406351860146,0.0,0.6193593155944958,outer_03,none,0.05
1879,2018-04-20,1880,1881,-0.007452647232983445,0.0,0.5581372960223892,outer_03,none,0.05
1880,2018-04-23,1881,1882,0.003977646081520625,1.0,0.47886818797917513,outer_03,none,0.05
1881,2018-04-24,1882,1883,-0.006010236217135478,0.0,0.48630294073881963,outer_03,none,0.05
1882,2018-04-25,1883,1884,-0.003584083853325204,0.0,0.4930826904843789,outer_03,none,0.05
1883,2018-04-26,1884,1885,0.004105848639990306,1.0,0.4657870706782753,outer_03,none,0.05
1884,2018-04-27,1885,1886,-0.005055166531498401,0.0,0.45910345503425887,outer_03,none,0.05
1885,2018-04-30,1886,1887,-0.008776270500885808,0.0,0.48603967881672777,outer_03,none,0.05
1886,2018-05-01,1887,1888,0.0007662189768868899,1.0,0.4460277371446825,outer_03,none,0.05
1887,2018-05-02,1888,1889,0.005141438778649032,1.0,0.41174108371193924,outer_03,none,0.05
1888,2018-05-03,1889,1890,0.0019412086499936976,1.0,0.4455211798284021,outer_03,none,0.05
1889,2018-05-04,1890,1891,-0.0004488074349158211,0.0,0.5187680980063746,outer_03,none,0.05
1890,2018-05-07,1891,1892,0.0005248565322499843,1.0,0.5506771400796572,outer_03,none,0.05
1891,2018-05-08,1892,1893,-0.0021315639279881893,0.0,0.4631157873155609,outer_03,none,0.05
1892,2018-05-09,1893,1894,0.006903466605500341,1.0,0.41795968727631955,outer_03,none,0.05
1893,2018-05-10,1894,1895,-0.002402071330290134,0.0,0.5592340460584008,outer_03,none,0.05
1894,2018-05-11,1895,1896,-0.0030164330973185827,0.0,0.6157834426876803,outer_03,none,0.05
1895,2018-05-14,1896,1897,-0.018005500192775692,0.0,0.5303205534487782,outer_03,none,0.05
1896,2018-05-15,1897,1898,0.00020916855575592308,1.0,0.2908183641858706,outer_03,none,0.05
1897,2018-05-16,1898,1899,-0.00036413643897237336,0.0,0.44576759128812626,outer_03,none,0.05
1898,2018-05-17,1899,1900,0.0007978280910103663,1.0,0.5024280448875491,outer_03,none,0.05
1899,2018-05-18,1900,1901,0.0008513471146605056,1.0,0.44003419398966626,outer_03,none,0.05
1900,2018-05-21,1901,1902,-0.0010759139532767747,0.0,0.4982329031572152,outer_03,none,0.05
1901,2018-05-22,1902,1903,0.0020656608753890637,1.0,0.44038039149991337,outer_03,none,0.05
1902,2018-05-23,1903,1904,0.00841951455424983,1.0,0.477750672523571,outer_03,none,0.05
1903,2018-05-24,1904,1905,-0.004170112599712006,0.0,0.43908218464084176,outer_03,none,0.05
1904,2018-05-25,1905,1906,-0.0013630852498449642,0.0,0.5666856508640951,outer_03,none,0.05
1905,2018-05-28,1906,1907,0.0015708502760434229,1.0,0.5588675534922316,outer_03,none,0.05
1906,2018-05-29,1907,1908,0.0015530221697712676,1.0,0.4854805951564593,outer_03,none,0.05
1907,2018-05-30,1908,1909,-0.002161048910893193,0.0,0.483738634334173,outer_03,none,0.05
1908,2018-05-31,1909,1910,-0.004514018459968128,0.0,0.47960374425122504,outer_03,none,0.05
1909,2018-06-01,1910,1911,-0.0006653205775322135,0.0,0.4628006991221543,outer_03,none,0.05
1910,2018-06-04,1911,1912,0.003599821579053142,1.0,0.46605726227139915,outer_03,none,0.05
1911,2018-06-05,1912,1913,-0.0001773699131293327,0.0,0.45481594642249634,outer_03,none,0.05
1912,2018-06-06,1913,1914,0.0005320153870211897,1.0,0.5320829780146872,outer_03,none,0.05
1913,2018-06-07,1914,1915,0.0013865354247206696,1.0,0.5386497658310185,outer_03,none,0.05
1914,2018-06-08,1915,1916,0.000631007092834146,1.0,0.5342549809560709,outer_03,none,0.05
1915,2018-06-11,1916,1917,-0.0034523183293053705,0.0,0.47190055185071905,outer_03,none,0.05
1916,2018-06-12,1917,1918,0.0033984674117109037,1.0,0.44000522968608874,outer_03,none,0.05
1917,2018-06-13,1918,1919,0.0017755509063164254,1.0,0.542964155923254,outer_03,none,0.05
1918,2018-06-14,1919,1920,-0.017844264761848194,0.0,0.6072082178162764,outer_03,none,0.05
1919,2018-06-15,1920,1921,-0.00019546444368589988,0.0,0.4168005552649189,outer_03,none,0.05
1920,2018-06-18,1921,1922,-0.0030855762160131306,0.0,0.5485616965914775,outer_03,none,0.05
1921,2018-06-19,1922,1923,-0.005418831265296298,0.0,0.569886286271428,outer_03,none,0.05
1922,2018-06-20,1923,1924,-0.0005285099691931805,0.0,0.6123790121863064,outer_03,none,0.05
1923,2018-06-21,1924,1925,0.00314328176084544,1.0,0.5217238401999389,outer_03,none,0.05
1924,2018-06-22,1925,1926,-0.0042011404064403735,0.0,0.5193166593562797,outer_03,none,0.05
1925,2018-06-25,1926,1927,-0.006021060147297419,0.0,0.5750507882632396,outer_03,none,0.05
1926,2018-06-26,1927,1928,-0.004883012789174579,0.0,0.5755327052110217,outer_03,none,0.05
1927,2018-06-27,1928,1929,-0.003439563127356493,0.0,0.614383461697208,outer_03,none,0.05
1928,2018-06-28,1929,1930,0.003774887117341308,1.0,0.6477518787097544,outer_03,none,0.05
1929,2018-06-29,1930,1931,-0.008690757091670775,0.0,0.6045417234933563,outer_03,none,0.05
1930,2018-07-02,1931,1932,0.008483188832902222,1.0,0.6485397128948441,outer_03,none,0.05
1931,2018-07-03,1932,1933,0.0030055310003422875,1.0,0.5183117535176829,outer_03,none,0.05
1932,2018-07-04,1933,1934,0.0007638933467148945,1.0,0.6786135830200968,outer_03,none,0.05
1933,2018-07-05,1934,1935,-0.0015522700085979224,0.0,0.677598591126344,outer_03,none,0.05
1934,2018-07-06,1935,1936,0.001902192870083752,1.0,0.6932256591926191,outer_03,none,0.05
1935,2018-07-09,1936,1937,-0.001543762789980363,0.0,0.6289573764615088,outer_03,none,0.05
1936,2018-07-10,1937,1938,-0.010599900701299347,0.0,0.6296251544296898,outer_03,none,0.05
1937,2018-07-11,1938,1939,0.0035110449077775385,1.0,0.5124281981370034,outer_03,none,0.05
1938,2018-07-12,1939,1940,-0.00446928118229728,0.0,0.5038802092249919,outer_03,none,0.05
1939,2018-07-13,1940,1941,-0.0004351329641583135,0.0,0.55440387924609,outer_03,none,0.05
1940,2018-07-16,1941,1942,-0.010581852103827671,0.0,0.5263547869202301,outer_03,none,0.05
1941,2018-07-17,1942,1943,-0.0005621982915471335,0.0,0.5375021901317414,outer_03,none,0.05
1942,2018-07-18,1943,1944,-0.002635950814846133,0.0,0.6060290600676492,outer_03,none,0.05
1943,2018-07-19,1944,1945,0.0054112774354004856,1.0,0.6292454498755307,outer_03,none,0.05
1944,2018-07-20,1945,1946,-0.004594450761436164,0.0,0.5377338881375252,outer_03,none,0.05
1945,2018-07-23,1946,1947,-0.0002694790496349242,0.0,0.6018616235243499,outer_03,none,0.05
1946,2018-07-24,1947,1948,0.005733194849457668,1.0,0.5478097420802182,outer_03,none,0.05
1947,2018-07-25,1948,1949,-0.006427642158604918,0.0,0.5842464769698558,outer_03,none,0.05
1948,2018-07-26,1949,1950,-0.00018799220296461527,0.0,0.6454960061373477,outer_03,none,0.05
1949,2018-07-27,1950,1951,-0.0014724651722968218,0.0,0.6470023450224706,outer_03,none,0.05
1950,2018-07-30,1951,1952,0.002118029798165111,1.0,0.6576955629660779,outer_03,none,0.05
1951,2018-07-31,1952,1953,-0.006236063886071008,0.0,0.6346997997549069,outer_03,none,0.05
1952,2018-08-01,1953,1954,-0.006465468671291497,0.0,0.6254744768949652,outer_03,none,0.05
1953,2018-08-02,1954,1955,0.004070533922194919,1.0,0.6434842162385205,outer_03,none,0.05
1954,2018-08-03,1955,1956,-0.004558788916853906,0.0,0.5503258350185161,outer_03,none,0.05
1955,2018-08-06,1956,1957,0.00241412212652925,1.0,0.6258782047165227,outer_03,none,0.05
1956,2018-08-07,1957,1958,0.002152906635745744,1.0,0.5942469896266511,outer_03,none,0.05
1957,2018-08-08,1958,1959,-0.0008820487182452652,0.0,0.6186104947228325,outer_03,none,0.05
1958,2018-08-09,1959,1960,-3.2988874504980004e-05,0.0,0.6248153221519919,outer_03,none,0.05
1959,2018-08-10,1960,1961,-0.015375201073453582,0.0,0.6268911977268776,outer_03,none,0.05
1960,2018-08-13,1961,1962,0.000209356564302432,1.0,0.5994843803478294,outer_03,none,0.05
1961,2018-08-14,1962,1963,-0.015790623524174485,0.0,0.6816585004576291,outer_03,none,0.05
1962,2018-08-15,1963,1964,-0.0015834911619538872,0.0,0.7557700721385936,outer_03,none,0.05
1963,2018-08-16,1964,1965,0.008289719321230571,1.0,0.7700540383426883,outer_03,none,0.05
1964,2018-08-17,1965,1966,0.005821831822098389,1.0,0.6765920110952967,outer_03,none,0.05
1965,2018-08-20,1966,1967,0.00476027750843766,1.0,0.687017613945283,outer_03,none,0.05
1966,2018-08-21,1967,1968,-0.00013378262016416897,0.0,0.6647992969582014,outer_03,none,0.05
1967,2018-08-22,1968,1969,-0.0088947709511773,0.0,0.6812275631489998,outer_03,none,0.05
1968,2018-08-23,1969,1970,0.018307721368184815,1.0,0.7548813014775044,outer_03,none,0.05
1969,2018-08-24,1970,1971,0.0029859286621309877,1.0,0.5733229531597864,outer_03,none,0.05
1970,2018-08-27,1971,1972,-0.007743750039986175,0.0,0.7124055052166183,outer_03,none,0.05
1971,2018-08-28,1972,1973,0.004517567204354478,1.0,0.7390149463795529,outer_03,none,0.05
1972,2018-08-29,1973,1974,-0.00574181750404712,0.0,0.6889896501326732,outer_03,none,0.05
1973,2018-08-30,1974,1975,0.0005665061717392561,1.0,0.7427018092910994,outer_03,none,0.05
1974,2018-08-31,1975,1976,-8.328648467781363e-06,0.0,0.6797140737128804,outer_03,none,0.05
1975,2018-09-03,1976,1977,-0.007482092596095669,0.0,0.6702371018039592,outer_03,none,0.05
1976,2018-09-04,1977,1978,0.00452938380307355,1.0,0.6248129348814767,outer_03,none,0.05
1977,2018-09-05,1978,1979,0.0026694934641815493,1.0,0.6009124913560093,outer_03,none,0.05
1978,2018-09-06,1979,1980,-0.0033212641308368873,0.0,0.6498841036284382,outer_03,none,0.05
1979,2018-09-07,1980,1981,-0.0007442063049118985,0.0,0.584706987374557,outer_03,none,0.05
1980,2018-09-10,1981,1982,0.002114103860373362,1.0,0.5625312020604154,outer_03,none,0.05
1981,2018-09-11,1982,1983,0.0070535880479036805,1.0,0.5817947080905402,outer_03,none,0.05
1982,2018-09-12,1983,1984,-0.004019772033792002,0.0,0.6660713799059625,outer_03,none,0.05
1983,2018-09-13,1984,1985,-0.00664637356677833,0.0,0.6911660499193624,outer_03,none,0.05
1984,2018-09-14,1985,1986,0.006438301190132556,1.0,0.5891350080354263,outer_03,none,0.05
1985,2018-09-17,1986,1987,-0.002859133455244134,0.0,0.5442695358340521,outer_03,none,0.05
1986,2018-09-18,1987,1988,0.004879764529543529,1.0,0.5447692687285716,outer_03,none,0.05
1987,2018-09-19,1988,1989,0.0024392684336893566,1.0,0.5984352147780876,outer_03,none,0.05
1988,2018-09-20,1989,1990,-0.006543007924601163,0.0,0.6650167550205157,outer_03,none,0.05
1989,2018-09-21,1990,1991,4.170472223208321e-05,1.0,0.5912565483903334,outer_03,none,0.05
1990,2018-09-24,1991,1992,0.0019997840232530706,1.0,0.6148365731003641,outer_03,none,0.05
1991,2018-09-25,1992,1993,-0.005425360529931034,0.0,0.6271729388802243,outer_03,none,0.05
1992,2018-09-26,1993,1994,-0.009662967243255771,0.0,0.5644587326031275,outer_03,none,0.05
1993,2018-09-27,1994,1995,0.007199333899566618,1.0,0.6125674666018422,outer_03,none,0.05
1994,2018-09-28,1995,1996,-0.0025874757158739214,0.0,0.5764800228362692,outer_03,none,0.05
1995,2018-10-01,1996,1997,0.012679928663124507,1.0,0.649363269613192,outer_03,none,0.05
1996,2018-10-02,1997,1998,-0.005004277809498525,0.0,0.578398083987482,outer_03,none,0.05
1997,2018-10-03,1998,1999,0.0014013899408125141,1.0,0.679918768363072,outer_03,none,0.05
1998,2018-10-04,1999,2000,0.002938204150567003,1.0,0.621763560089234,outer_03,none,0.05
1999,2018-10-05,2000,2001,-0.012528494795356337,0.0,0.6693893368593169,outer_03,none,0.05
2000,2018-10-08,2001,2002,0.0010598656813405327,1.0,0.6877040709011562,outer_03,none,0.05
2001,2018-10-09,2002,2003,0.003960334756202499,1.0,0.6220882986016784,outer_03,none,0.05
2002,2018-10-10,2003,2004,0.0240187935002103,1.0,0.5863611426497868,outer_03,none,0.05
2003,2018-10-11,2004,2005,-0.004449021877753978,0.0,0.6002223083226461,outer_03,none,0.05
2004,2018-10-12,2005,2006,0.007697473967120949,1.0,0.7924217937468159,outer_03,none,0.05
2005,2018-10-15,2006,2007,-0.0018922870502988687,0.0,0.7536583124569778,outer_03,none,0.05
2006,2018-10-16,2007,2008,-0.0023785889268879146,0.0,0.7956123654478341,outer_03,none,0.05
2007,2018-10-17,2008,2009,0.0028683168927958747,1.0,0.807089152522171,outer_03,none,0.05
2008,2018-10-18,2009,2010,0.0020623858427173403,1.0,0.8077216954620531,outer_03,none,0.05
2009,2018-10-19,2010,2011,-0.004857053282327328,0.0,0.7938610187783861,outer_03,none,0.05
2010,2018-10-22,2011,2012,0.0071914599840461335,1.0,0.7473193873914659,outer_03,none,0.05
2011,2018-10-23,2012,2013,0.002474857133265118,1.0,0.728168148555942,outer_03,none,0.05
2012,2018-10-24,2013,2014,-0.001492295491861917,0.0,0.8058453759111027,outer_03,none,0.05
2013,2018-10-25,2014,2015,0.0007139843875831886,1.0,0.7701008352744353,outer_03,none,0.05
2014,2018-10-26,2015,2016,-0.002769533670643476,0.0,0.7319876897216778,outer_03,none,0.05
2015,2018-10-29,2016,2017,-0.005832109354892978,0.0,0.6582795121241533,outer_03,none,0.05
2016,2018-10-30,2017,2018,-0.005825179535501768,0.0,0.6192161586713739,outer_03,none,0.05
2017,2018-10-31,2018,2019,0.015504946082227633,1.0,0.6150495115827496,outer_03,none,0.05
2018,2018-11-01,2019,2020,-0.0009321440391572011,0.0,0.6744021732851441,outer_03,none,0.05
2019,2018-11-02,2020,2021,-0.0014851186563742402,0.0,0.7383895873431621,outer_03,none,0.05
2020,2018-11-05,2021,2022,-0.0033516403146895968,0.0,0.7509351047894203,outer_03,none,0.05
2021,2018-11-06,2022,2023,-0.0006521083709101205,0.0,0.7040256009691984,outer_03,none,0.05
2022,2018-11-07,2023,2024,-0.0025636434086182547,0.0,0.6969783309585006,outer_03,none,0.05
2023,2018-11-08,2024,2025,-0.011378613801380943,0.0,0.6286357205145137,outer_03,none,0.05
2024,2018-11-09,2025,2026,-0.006894833807407075,0.0,0.653021510887552,outer_03,none,0.05
2025,2018-11-12,2026,2027,0.0012730216843195308,1.0,0.6533389070559468,outer_03,none,0.05
2026,2018-11-13,2027,2028,0.006927381635917662,1.0,0.6234003528830224,outer_03,none,0.05
2027,2018-11-14,2028,2029,0.001864502404643531,1.0,0.6412775409889224,outer_03,none,0.05
2028,2018-11-15,2029,2030,0.007137050404445233,1.0,0.6721137309813098,outer_03,none,0.05
2029,2018-11-16,2030,2031,0.0015455258476571032,1.0,0.5931475688372905,outer_03,none,0.05
2030,2018-11-19,2031,2032,-0.001619181931070024,0.0,0.6183698411164718,outer_03,none,0.05
2031,2018-11-20,2032,2033,0.002917538753247406,1.0,0.6554248727571277,outer_03,none,0.05
2032,2018-11-21,2033,2034,0.0012722232999609062,1.0,0.6954069670998893,outer_03,none,0.05
2033,2018-11-22,2034,2035,-0.0029383458676788266,0.0,0.7775851872443242,outer_03,none,0.05
2034,2018-11-23,2035,2036,-0.0008177417700228062,0.0,0.7359719804298465,outer_03,none,0.05
2035,2018-11-26,2036,2037,-0.006121547036401331,0.0,0.668042052684962,outer_03,none,0.05
2036,2018-11-27,2037,2038,0.00459057317736189,1.0,0.5749000928585988,outer_03,none,0.05
2037,2018-11-28,2038,2039,0.002920737250732941,1.0,0.6002892970743688,outer_03,none,0.05
2038,2018-11-29,2039,2040,-0.0009562769681608074,0.0,0.6915192070722708,outer_03,none,0.05
2039,2018-11-30,2040,2041,0.006325472064614424,1.0,0.6529100114191326,outer_03,none,0.05
2040,2018-12-03,2041,2042,0.006374530031490799,1.0,0.5749796888382174,outer_03,none,0.05
2041,2018-12-04,2042,2043,-0.0010340093012723983,0.0,0.5988936872832271,outer_03,none,0.05
2042,2018-12-05,2043,2044,0.0003717201797970304,1.0,0.6832716619842119,outer_03,none,0.05
2043,2018-12-06,2044,2045,0.010192522687240135,1.0,0.6353091193015601,outer_03,none,0.05
2044,2018-12-07,2045,2046,-0.004504692650259656,0.0,0.5697809834196514,outer_03,none,0.05
2045,2018-12-10,2046,2047,-0.001310326442640175,0.0,0.6184202968827617,outer_03,none,0.05
2046,2018-12-11,2047,2048,0.0020732224326796,1.0,0.6048361889515026,outer_03,none,0.05
2047,2018-12-12,2048,2049,-0.0032322415816050665,0.0,0.5996273970393996,outer_03,none,0.05
2048,2018-12-13,2049,2050,-0.0035336295966068576,0.0,0.5875020696721523,outer_03,none,0.05
2049,2018-12-14,2050,2051,0.0067337609759947625,1.0,0.5023039899560675,outer_03,none,0.05
2050,2018-12-17,2051,2052,0.003277942561699554,1.0,0.5210480734053081,outer_03,none,0.05
2051,2018-12-18,2052,2053,-0.004450671137177231,0.0,0.5543504453824344,outer_03,none,0.05
2052,2018-12-19,2053,2054,0.012999536286931068,1.0,0.502838908759823,outer_03,none,0.05
2053,2018-12-20,2054,2055,-0.001611757442034012,0.0,0.5441499654728079,outer_03,none,0.05
2054,2018-12-21,2055,2056,0.01098451890963581,1.0,0.662141853675614,outer_03,none,0.05
2055,2018-12-24,2056,2057,-0.004513542358820288,0.0,0.5841083741160045,outer_03,none,0.05
2056,2018-12-26,2057,2058,0.006845030660461049,1.0,0.7247280058878302,outer_03,none,0.05
2057,2018-12-27,2058,2059,0.0035769252349311387,1.0,0.6421180798944062,outer_03,none,0.05
2058,2018-12-28,2059,2060,0.001787575657592022,1.0,0.6492212444300941,outer_03,none,0.05
2059,2018-12-31,2060,2061,0.0042569979731617025,1.0,0.6894043573352782,outer_03,none,0.05
2060,2019-01-02,2061,2062,0.00463326078530546,1.0,0.6395860341403595,outer_03,none,0.05
2061,2019-01-03,2062,2063,-0.006452135605648834,0.0,0.5874232608489093,outer_03,none,0.05
2062,2019-01-04,2063,2064,0.0029675686955839,1.0,0.5843756958934893,outer_03,none,0.05
2063,2019-01-07,2064,2065,-0.0035278887152241367,0.0,0.5247809845960002,outer_03,none,0.05
2064,2019-01-08,2065,2066,0.006486676996901863,1.0,0.4779329219629362,outer_03,none,0.05
2065,2019-01-09,2066,2067,-0.004829972215264711,0.0,0.5221581000259348,outer_03,none,0.05
2066,2019-01-10,2067,2068,0.0010020235498311436,1.0,0.5916474811258163,outer_03,none,0.05
2067,2019-01-11,2068,2069,0.0033792718676481925,1.0,0.4979542623702678,outer_03,none,0.05
2068,2019-01-14,2069,2070,-0.002184371003104424,0.0,0.4921230471116016,outer_03,none,0.05
2069,2019-01-15,2070,2071,0.003189745976617253,1.0,0.5420162941269147,outer_03,none,0.05
2070,2019-01-16,2071,2072,-0.0011291833183539879,0.0,0.6001066564859525,outer_03,none,0.05
2071,2019-01-17,2072,2073,-0.0075424570212963005,0.0,0.5882636952335515,outer_03,none,0.05
2072,2019-01-18,2073,2074,-0.0018652426515526344,0.0,0.46579595192547996,outer_03,none,0.05
2073,2019-01-21,2074,2075,0.0037114473567818607,1.0,0.44251176012688265,outer_03,none,0.05
2074,2019-01-22,2075,2076,-0.0016512964868917734,0.0,0.523237565171392,outer_03,none,0.05
2075,2019-01-23,2076,2077,-0.0019117406168120965,0.0,0.47562358928676474,outer_03,none,0.05
2076,2019-01-24,2077,2078,0.016991038355807397,1.0,0.4358465264493735,outer_03,none,0.05
2077,2019-01-25,2078,2079,0.0006524935078111582,1.0,0.4260556156760368,outer_03,none,0.05
2078,2019-01-28,2079,2080,0.006417756085543402,1.0,0.5360779871811889,outer_03,none,0.05
2079,2019-01-29,2080,2081,0.006679838350262202,1.0,0.4412486142073509,outer_03,none,0.05
2080,2019-01-30,2081,2082,0.0004921912072859413,1.0,0.4375482440809305,outer_03,none,0.05
2081,2019-01-31,2082,2083,-0.002539274829010729,0.0,0.43188500482190734,outer_03,none,0.05
2082,2019-02-01,2083,2084,-0.004442152921817488,0.0,0.4800525843852601,outer_03,none,0.05
2083,2019-02-04,2084,2085,0.002162689887862612,1.0,0.46008506491380996,outer_03,none,0.05
2084,2019-02-05,2085,2086,-0.005484355911550054,0.0,0.49531874975545875,outer_03,none,0.05
2085,2019-02-06,2086,2087,0.0019485214599432865,1.0,0.5574238372866333,outer_03,none,0.05
2086,2019-02-07,2087,2088,0.0024246132879941484,1.0,0.5803719066477172,outer_03,none,0.05
2087,2019-02-08,2088,2089,-0.00438843228503405,0.0,0.5142741785793729,outer_03,none,0.05
2088,2019-02-11,2089,2090,0.0028489503747426426,1.0,0.4527154098754602,outer_03,none,0.05
2089,2019-02-12,2090,2091,-0.003560544413607758,0.0,0.46151439035393604,outer_03,none,0.05
2090,2019-02-13,2091,2092,0.00469633213580245,1.0,0.39684144767141327,outer_03,none,0.05
2091,2019-02-14,2092,2093,0.0036122124319764026,1.0,0.40634770856581226,outer_03,none,0.05
2092,2019-02-15,2093,2094,0.0067105967916427645,1.0,0.5713617098841511,outer_03,none,0.05
2093,2019-02-18,2094,2095,0.010262116808852362,1.0,0.5858915496021048,outer_03,none,0.05
2094,2019-02-19,2095,2096,-0.0006569762903625431,0.0,0.4279443594873152,outer_03,none,0.05
2095,2019-02-20,2096,2097,-0.011121864384493918,0.0,0.4449332188314607,outer_03,none,0.05
2096,2019-02-21,2097,2098,0.0024512681552977256,1.0,0.4457744340069439,outer_03,none,0.05
2097,2019-02-22,2098,2099,-0.00018834590911875893,0.0,0.4617864913955802,outer_03,none,0.05
2098,2019-02-25,2099,2100,0.0013628237403411347,1.0,0.5059390730068817,outer_03,none,0.05
2099,2019-02-26,2100,2101,-0.006825192027757332,0.0,0.4769012857465962,outer_03,none,0.05
2100,2019-02-27,2101,2102,-0.004434092013661406,0.0,0.4705483526746966,outer_03,none,0.05
2101,2019-02-28,2102,2103,-0.014633042673809271,0.0,0.414362995478172,outer_03,none,0.05
2102,2019-03-01,2103,2104,-0.0063363419509148144,0.0,0.3863044553026332,outer_03,none,0.05
2103,2019-03-04,2104,2105,0.0002719386523164502,1.0,0.47059936582864637,outer_03,none,0.05
2104,2019-03-05,2105,2106,-0.0005517241519266136,0.0,0.4428826396898129,outer_03,none,0.05
2105,2019-03-06,2106,2107,-0.0015557909666235048,0.0,0.478955318856929,outer_03,none,0.05
2106,2019-03-07,2107,2108,0.009553139435298341,1.0,0.5006531375124356,outer_03,none,0.05
2107,2019-03-08,2108,2109,-0.002942212023270052,0.0,0.4051712414949415,outer_03,none,0.05
2108,2019-03-11,2109,2110,0.0060679844623479084,1.0,0.5660936292111027,outer_03,none,0.05
2109,2019-03-12,2110,2111,0.006802799437509499,1.0,0.4775240159873658,outer_03,none,0.05
2110,2019-03-13,2111,2112,-0.01051477905590037,0.0,0.5459010093732419,outer_03,none,0.05
2111,2019-03-14,2112,2113,0.004733818633220643,1.0,0.6028922396683868,outer_03,none,0.05
2112,2019-03-15,2113,2114,0.0008520143745931463,1.0,0.5544677107739575,outer_03,none,0.05
2113,2019-03-18,2114,2115,0.0025134305448606398,1.0,0.5874897365481381,outer_03,none,0.05
2114,2019-03-19,2115,2116,0.005738765282297997,1.0,0.5529320794513292,outer_03,none,0.05
2115,2019-03-20,2116,2117,-0.0038119971446013423,0.0,0.541790442008963,outer_03,none,0.05
2116,2019-03-21,2117,2118,0.002319425456343005,1.0,0.5426697619818655,outer_03,none,0.05
2117,2019-03-22,2118,2119,0.007365033595766235,1.0,0.4828084319260229,outer_03,none,0.05
2118,2019-03-25,2119,2120,-0.0040402564008639175,0.0,0.4855913822540168,outer_03,none,0.05
2119,2019-03-26,2120,2121,-0.0055219934136028215,0.0,0.5138585356027151,outer_03,none,0.05
2120,2019-03-27,2121,2122,-0.014059931496720246,0.0,0.38616397206996095,outer_03,none,0.05
2121,2019-03-28,2122,2123,0.0008671482979751843,1.0,0.34565389548098413,outer_03,none,0.05
2122,2019-03-29,2123,2124,-0.0037216557784747195,0.0,0.38092059169304765,outer_03,none,0.05
2123,2019-04-01,2124,2125,0.0037526114576831304,1.0,0.39381343438367206,outer_03,none,0.05
2124,2019-04-02,2125,2126,-0.001393955108044409,0.0,0.3978394893004042,outer_03,none,0.05
2125,2019-04-03,2126,2127,0.0018194985527797414,1.0,0.43391171109702203,outer_03,none,0.05
2126,2019-04-04,2127,2128,-0.0004410211645575757,0.0,0.41407360247498964,outer_03,none,0.05
2127,2019-04-05,2128,2129,0.004332136739134462,1.0,0.44125473163964446,outer_03,none,0.05
2128,2019-04-08,2129,2130,0.005057386631620808,1.0,0.4052362074961131,outer_03,none,0.05
2129,2019-04-09,2130,2131,0.0028249795813115597,1.0,0.4310895004240883,outer_03,none,0.05
2130,2019-04-10,2131,2132,-0.012021048670513679,0.0,0.43899958956999385,outer_03,none,0.05
2131,2019-04-11,2132,2133,-0.0009289220528323483,0.0,0.39291222083258837,outer_03,none,0.05
2132,2019-04-12,2133,2134,-0.0026366415175402835,0.0,0.41613579644068227,outer_03,none,0.05
2133,2019-04-15,2134,2135,-0.008656577254415154,0.0,0.42795828387510204,outer_03,none,0.05
2134,2019-04-16,2135,2136,-0.0019286711479926666,0.0,0.3666819878801978,outer_03,none,0.05
2135,2019-04-17,2136,2137,0.0011451071455761408,1.0,0.36633822786756304,outer_03,none,0.05
2136,2019-04-18,2137,2138,-0.00036848728547855814,0.0,0.4029949365916302,outer_03,none,0.05
2137,2019-04-22,2138,2139,-0.0024417160663618986,0.0,0.39340658996998035,outer_03,none,0.05
2138,2019-04-23,2139,2140,0.002731813172522024,1.0,0.36160288003191354,outer_03,none,0.05
2139,2019-04-24,2140,2141,0.0013396269067005306,1.0,0.42252378308255245,outer_03,none,0.05
2140,2019-04-25,2141,2142,0.0067024536485122965,1.0,0.4355680226286034,outer_03,none,0.05
2141,2019-04-26,2142,2143,-0.004684652522785271,0.0,0.37952710511930693,outer_03,none,0.05
2142,2019-04-29,2143,2144,0.002512642560465572,1.0,0.4234535302894255,outer_03,none,0.05
2143,2019-04-30,2144,2145,-0.0047418444519378156,0.0,0.41584140443002726,outer_03,none,0.05
2144,2019-05-01,2145,2146,-0.005134295579909853,0.0,0.3815615535313386,outer_03,none,0.05
2145,2019-05-02,2146,2147,0.00943181510609481,1.0,0.3825442138279925,outer_03,none,0.05
2146,2019-05-03,2147,2148,-0.0009594796144618556,0.0,0.39982999569954597,outer_03,none,0.05
2147,2019-05-06,2148,2149,0.00201150837342734,1.0,0.4574649298162752,outer_03,none,0.05
2148,2019-05-07,2149,2150,-0.0020895553265143363,0.0,0.4779872084041634,outer_03,none,0.05
2149,2019-05-08,2150,2151,0.002494486143388208,1.0,0.4369442652245144,outer_03,none,0.05
2150,2019-05-09,2151,2152,0.002099893443785028,1.0,0.45494332734979054,outer_03,none,0.05
2151,2019-05-10,2152,2153,0.01040307405049834,1.0,0.46815449430751527,outer_03,none,0.05
2152,2019-05-13,2153,2154,-0.002733262404644776,0.0,0.40995402600419184,outer_03,none,0.05
2153,2019-05-14,2154,2155,-0.00045498537505661574,0.0,0.476551469152543,outer_03,none,0.05
2154,2019-05-15,2155,2156,-0.007673315517931378,0.0,0.4919578426803736,outer_03,none,0.05
2155,2019-05-16,2156,2157,-0.0064331970952240525,0.0,0.4831491483484678,outer_03,none,0.05
2156,2019-05-17,2157,2158,-0.0005868935113273466,0.0,0.3999014909956235,outer_03,none,0.05
2157,2019-05-20,2158,2159,-0.002382408926104418,0.0,0.399027796359726,outer_03,none,0.05
2158,2019-05-21,2159,2160,-0.0006750021840664644,0.0,0.4187345092878909,outer_03,none,0.05
2159,2019-05-22,2160,2161,0.007703987452791772,1.0,0.4393360160747039,outer_03,none,0.05
2160,2019-05-23,2161,2162,0.0013391990166713441,1.0,0.4127754341224911,outer_03,none,0.05
2161,2019-05-24,2162,2163,-7.780859863082412e-06,0.0,0.46010070361952443,outer_03,none,0.05
2162,2019-05-27,2163,2164,-0.00453094642003915,0.0,0.4729806189341462,outer_03,none,0.05
2163,2019-05-28,2164,2165,0.00047667609199830707,1.0,0.4401724798806537,outer_03,none,0.05
2164,2019-05-29,2165,2166,0.006455679686493632,1.0,0.42086160999445443,outer_03,none,0.05
2165,2019-05-30,2166,2167,0.014104932325499142,1.0,0.55986806850893,outer_03,none,0.05
2166,2019-05-31,2167,2168,0.013908747180485292,1.0,0.5667732008971141,outer_03,none,0.05
2167,2019-06-03,2168,2169,0.00026413798721947046,1.0,0.5635806679522329,outer_03,none,0.05
2168,2019-06-04,2169,2170,0.005215616490889197,1.0,0.5907604899696751,outer_03,none,0.05
2169,2019-06-05,2170,2171,0.002796030411516881,1.0,0.6266132924586088,outer_03,none,0.05
2170,2019-06-06,2171,2172,-0.0009586148750209134,0.0,0.6534063898858823,outer_03,none,0.05
2171,2019-06-07,2172,2173,-0.004927376382092952,0.0,0.6704148277474975,outer_03,none,0.05
2172,2019-06-10,2173,2174,-0.0008964455407047822,0.0,0.5571483431102141,outer_03,none,0.05
2173,2019-06-11,2174,2175,0.005104257228371267,1.0,0.553879887334447,outer_03,none,0.05
2174,2019-06-12,2175,2176,0.006435168119233836,1.0,0.5693151879126361,outer_03,none,0.05
2175,2019-06-13,2176,2177,-0.00038002556315497316,0.0,0.6120401903374119,outer_03,none,0.05
2176,2019-06-14,2177,2178,-0.0012827207366967741,0.0,0.5907703503773959,outer_03,none,0.05
2177,2019-06-17,2178,2179,0.004541773437183316,1.0,0.48029562799370595,outer_03,none,0.05
2178,2019-06-18,2179,2180,0.009853680209788607,1.0,0.49261112302256416,outer_03,none,0.05
2179,2019-06-19,2180,2181,0.02033657405852818,1.0,0.4980107885755192,outer_03,none,0.05
2180,2019-06-20,2181,2182,0.008947883197800266,1.0,0.4434846113420833,outer_03,none,0.05
2181,2019-06-21,2182,2183,0.012868052943071362,1.0,0.4723871677487074,outer_03,none,0.05
2182,2019-06-24,2183,2184,0.0011911098110122254,1.0,0.3221524680187673,outer_03,none,0.05
2183,2019-06-25,2184,2185,-0.008310894729447682,0.0,0.3666258932743966,outer_03,none,0.05
2184,2019-06-26,2185,2186,0.0005396500926240222,1.0,0.48561454233070794,outer_03,none,0.05
2185,2019-06-27,2186,2187,-0.012162828442702889,0.0,0.5474533277809149,outer_03,none,0.05
2186,2019-06-28,2187,2188,-0.005569961186850492,0.0,0.5460418246885568,outer_03,none,0.05
2187,2019-07-01,2188,2189,0.02754465025518016,1.0,0.49185094407087593,outer_03,none,0.05
2188,2019-07-02,2189,2190,-0.0017236956071133847,0.0,0.4053063558856801,outer_03,none,0.05
2189,2019-07-03,2190,2191,-0.00264407722444826,0.0,0.6007860089685837,outer_03,none,0.05
2190,2019-07-04,2191,2192,-0.01228935579856305,0.0,0.5677284318104767,outer_03,none,0.05
2191,2019-07-05,2192,2193,-0.0031498569235361984,0.0,0.517234252104152,outer_03,none,0.05
2192,2019-07-08,2193,2194,0.0007095833466808088,1.0,0.47134823236054996,outer_03,none,0.05
2193,2019-07-09,2194,2195,0.016619975772871776,1.0,0.4544650946764609,outer_03,none,0.05
2194,2019-07-10,2195,2196,-0.010313239967308263,0.0,0.4597961403600886,outer_03,none,0.05
2195,2019-07-11,2196,2197,0.008514671988576694,1.0,0.6325948675056496,outer_03,none,0.05
2196,2019-07-12,2197,2198,-0.0014694664525700674,0.0,0.5254107219324361,outer_03,none,0.05
2197,2019-07-15,2198,2199,-0.00564356389194387,0.0,0.6032149388974268,outer_03,none,0.05
2198,2019-07-16,2199,2200,0.013993549394841764,1.0,0.5136436160781815,outer_03,none,0.05
2199,2019-07-17,2200,2201,0.015189390391916469,1.0,0.4859706483469301,outer_03,none,0.05
2200,2019-07-18,2201,2202,-0.015091239140759605,0.0,0.4750714523241848,outer_03,none,0.05
2201,2019-07-19,2202,2203,-0.0012135455604322942,0.0,0.5807013763167019,outer_03,none,0.05
2202,2019-07-22,2203,2204,-0.005292246420768976,0.0,0.513902619664274,outer_03,none,0.05
2203,2019-07-23,2204,2205,0.005664182774817839,1.0,0.5518767128777562,outer_03,none,0.05
2204,2019-07-24,2205,2206,-0.007323770095128523,0.0,0.5804229707869044,outer_03,none,0.05
2205,2019-07-25,2206,2207,0.004168450698210258,1.0,0.5593750421634776,outer_03,none,0.05
2206,2019-07-26,2207,2208,0.0034990620563108976,1.0,0.4676848512337093,outer_03,none,0.05
2207,2019-07-29,2208,2209,0.003389002998578583,1.0,0.5381254956824673,outer_03,none,0.05
2208,2019-07-30,2209,2210,-0.010342908793057326,0.0,0.5567327053769306,outer_03,none,0.05
2209,2019-07-31,2210,2211,0.020787485272140138,1.0,0.5256178005677229,outer_03,none,0.05
2210,2019-08-01,2211,2212,-0.0036730605282881967,0.0,0.41684594587272794,outer_03,none,0.05
2211,2019-08-02,2212,2213,0.018763489552076962,1.0,0.6552942928146525,outer_03,none,0.05
2212,2019-08-05,2213,2214,0.004765231728443453,1.0,0.5491809977511335,outer_03,none,0.05
2213,2019-08-06,2214,2215,0.01631827211705783,1.0,0.5876118658786256,outer_03,none,0.05
2214,2019-08-07,2215,2216,0.0049913919107940075,1.0,0.3889103308517353,outer_03,none,0.05
2215,2019-08-08,2216,2217,-0.006854566055490174,0.0,0.5342047658522843,outer_03,none,0.05
2216,2019-08-09,2217,2218,0.00961904069341113,1.0,0.5917439893108329,outer_03,none,0.05
2217,2019-08-12,2218,2219,-0.005902816819342682,0.0,0.522595126239689,outer_03,none,0.05
2218,2019-08-13,2219,2220,0.011237747435074219,1.0,0.5507222629332839,outer_03,none,0.05
2219,2019-08-14,2220,2221,0.0021444272863648806,1.0,0.5551539028544067,outer_03,none,0.05
2220,2019-08-15,2221,2222,-0.008194603930853361,0.0,0.4836824236300071,outer_03,none,0.05
2221,2019-08-16,2222,2223,-0.00857631913049861,0.0,0.5372182057147025,outer_03,none,0.05
2222,2019-08-19,2223,2224,0.006646578317125673,1.0,0.44291904608175614,outer_03,none,0.05
2223,2019-08-20,2224,2225,-0.0030980153618260786,0.0,0.4328621943533056,outer_03,none,0.05
2224,2019-08-21,2225,2226,-0.002213039164769448,0.0,0.5416574945107893,outer_03,none,0.05
2225,2019-08-22,2226,2227,0.031011459305821276,1.0,0.5374665767599269,outer_03,none,0.05
2226,2019-08-23,2227,2228,-0.012020932189204636,0.0,0.5017407218671212,outer_03,none,0.05
2227,2019-08-26,2228,2229,0.008923770935454378,1.0,0.5721708098994921,outer_03,none,0.05
2228,2019-08-27,2229,2230,-0.0012597486065235586,0.0,0.5450867593619222,outer_03,none,0.05
2229,2019-08-28,2230,2231,-0.0074937984186078666,0.0,0.649098338262692,outer_03,none,0.05
2230,2019-08-29,2231,2232,0.001216911289491307,1.0,0.6009942903251319,outer_03,none,0.05
2231,2019-08-30,2232,2233,-0.0016228776915259147,0.0,0.6237292557658674,outer_03,none,0.05
2232,2019-09-02,2233,2234,0.012767626193680215,1.0,0.6017349117688401,outer_03,none,0.05
2233,2019-09-03,2234,2235,0.003169820308916549,1.0,0.5427861951716543,outer_03,none,0.05
2234,2019-09-04,2235,2236,-0.021493454175114834,0.0,0.5249441962105392,outer_03,none,0.05
2235,2019-09-05,2236,2237,-0.00988770315908205,0.0,0.5651766738590943,outer_03,none,0.05
2236,2019-09-06,2237,2238,-0.003457894132189665,0.0,0.5098535869601232,outer_03,none,0.05
2237,2019-09-09,2238,2239,-0.008068126590885072,0.0,0.5863723354994664,outer_03,none,0.05
2238,2019-09-10,2239,2240,0.0070130558099537055,1.0,0.5875132789385472,outer_03,none,0.05
2239,2019-09-11,2240,2241,0.0005877716943416544,1.0,0.5455756611843507,outer_03,none,0.05
2240,2019-09-12,2241,2242,0.0020611481017409616,1.0,0.5508992203587104,outer_03,none,0.05
2241,2019-09-13,2242,2243,-0.0014803950423054602,0.0,0.5773721192828947,outer_03,none,0.05
2242,2019-09-16,2243,2244,0.0019866938093571207,1.0,0.5818982885555151,outer_03,none,0.05
2243,2019-09-17,2244,2245,-0.005730789538986869,0.0,0.6059301205439445,outer_03,none,0.05
2244,2019-09-18,2245,2246,0.004211123572977371,1.0,0.6512588432698806,outer_03,none,0.05
2245,2019-09-19,2246,2247,0.008924895386902776,1.0,0.6361892500709481,outer_03,none,0.05
2246,2019-09-20,2247,2248,0.006891308418122577,1.0,0.5877589459447234,outer_03,none,0.05
2247,2019-09-23,2248,2249,0.00667458749734795,1.0,0.6217924331394684,outer_03,none,0.05
2248,2019-09-24,2249,2250,-0.01951361741644675,0.0,0.5767646782413924,outer_03,none,0.05
2249,2019-09-25,2250,2251,0.00019284415259868126,1.0,0.626914458941371,outer_03,none,0.05
2250,2019-09-26,2251,2252,-0.005133002404134501,0.0,0.6529066504720736,outer_03,none,0.05
2251,2019-09-27,2252,2253,-0.015708363602576547,0.0,0.7024744492766458,outer_03,none,0.05
2252,2019-09-30,2253,2254,0.004829013207349853,1.0,0.6680303533590441,outer_03,none,0.05
2253,2019-10-01,2254,2255,0.012688906813301593,1.0,0.5537827569016126,outer_03,none,0.05
2254,2019-10-02,2255,2256,0.004712155141826102,1.0,0.4900879186842623,outer_03,none,0.05
2255,2019-10-03,2256,2257,0.001651977274552685,1.0,0.5165773739299111,outer_03,none,0.05
2256,2019-10-04,2257,2258,-0.010100355695720431,0.0,0.5070408844152577,outer_03,none,0.05
2257,2019-10-07,2258,2259,0.00872057849654162,1.0,0.5160122570638589,outer_03,none,0.05
2258,2019-10-08,2259,2260,-0.0004979831784597266,0.0,0.5347088098238943,outer_03,none,0.05
2259,2019-10-09,2260,2261,-0.0074929687674716305,0.0,0.6655093235437569,outer_03,none,0.05
2260,2019-10-10,2261,2262,-0.00538766571316085,0.0,0.5737786612892614,outer_03,none,0.05
2261,2019-10-11,2262,2263,0.003988188447222818,1.0,0.5317340251758582,outer_03,none,0.05
2262,2019-10-14,2263,2264,-0.007587157124026689,0.0,0.5391059327347758,outer_03,none,0.05
2263,2019-10-15,2264,2265,0.005991105336025981,1.0,0.5478449628857595,outer_03,none,0.05
2264,2019-10-16,2265,2266,0.0013346883405365162,1.0,0.5058556459173759,outer_04,none,0.05
2265,2019-10-17,2266,2267,-0.00022120705405548335,0.0,0.5827268056424653,outer_04,none,0.05
2266,2019-10-18,2267,2268,-0.004784665969929769,0.0,0.6125090602284133,outer_04,none,0.05
2267,2019-10-21,2268,2269,0.00228766845158912,1.0,0.6047098185275265,outer_04,none,0.05
2268,2019-10-22,2269,2270,0.0022824469673965453,1.0,0.555531343352021,outer_04,none,0.05
2269,2019-10-23,2270,2271,0.007814731390491048,1.0,0.5865639587352974,outer_04,none,0.05
2270,2019-10-24,2271,2272,0.000172968945852503,1.0,0.5742748383100424,outer_04,none,0.05
2271,2019-10-25,2272,2273,-0.007665891769436328,0.0,0.5620139647477551,outer_04,none,0.05
2272,2019-10-28,2273,2274,-0.002967241704483925,0.0,0.5546874362163519,outer_04,none,0.05
2273,2019-10-29,2274,2275,0.005618218293651722,1.0,0.5720205521659716,outer_04,none,0.05
2274,2019-10-30,2275,2276,0.011116174913692767,1.0,0.5784819499189093,outer_04,none,0.05
2275,2019-10-31,2276,2277,0.00013222353730490966,1.0,0.5992422920574235,outer_04,none,0.05
2276,2019-11-01,2277,2278,-0.0025550068176674046,0.0,0.6131063954414551,outer_04,none,0.05
2277,2019-11-04,2278,2279,-0.016788808191505744,0.0,0.6130312550541185,outer_04,none,0.05
2278,2019-11-05,2279,2280,0.004089462568247271,1.0,0.5132773887155958,outer_04,none,0.05
2279,2019-11-06,2280,2281,-0.014659311161953958,0.0,0.5009368410480968,outer_04,none,0.05
2280,2019-11-07,2281,2282,-0.005388749965262285,0.0,0.5099921806715177,outer_04,none,0.05
2281,2019-11-08,2282,2283,-0.0035880815523139376,0.0,0.5148625460929311,outer_04,none,0.05
2282,2019-11-11,2283,2284,0.0015795187812885914,1.0,0.573337198864016,outer_04,none,0.05
2283,2019-11-12,2284,2285,0.004587038385805542,1.0,0.5035636996186541,outer_04,none,0.05
2284,2019-11-13,2285,2286,0.004926403645626465,1.0,0.514178230242373,outer_04,none,0.05
2285,2019-11-14,2286,2287,-0.0022932434252282974,0.0,0.516345413010983,outer_04,none,0.05
2286,2019-11-15,2287,2288,0.0019057347949136272,1.0,0.585022888180691,outer_04,none,0.05
2287,2019-11-18,2288,2289,0.0020514081751183966,1.0,0.5058159013536087,outer_04,none,0.05
2288,2019-11-19,2289,2290,0.0008343027781911871,1.0,0.5644103361290305,outer_04,none,0.05
2289,2019-11-20,2290,2291,-0.00716507503517505,0.0,0.6304444106985225,outer_04,none,0.05
2290,2019-11-21,2291,2292,-0.0027215925113006634,0.0,0.6128676929446785,outer_04,none,0.05
2291,2019-11-22,2292,2293,-0.003738860677063194,0.0,0.5967307330781031,outer_04,none,0.05
2292,2019-11-25,2293,2294,0.00423175817121102,1.0,0.6004587903984863,outer_04,none,0.05
2293,2019-11-26,2294,2295,-0.003675189095899256,0.0,0.5694211367109713,outer_04,none,0.05
2294,2019-11-27,2295,2296,-0.0002473257911574933,0.0,0.6245431939525716,outer_04,none,0.05
2295,2019-11-28,2296,2297,0.004825529786594451,1.0,0.5622120683231041,outer_04,none,0.05
2296,2019-11-29,2297,2298,-0.0005608678550874657,0.0,0.5380197004834398,outer_04,none,0.05
2297,2019-12-02,2298,2299,0.010115535799626763,1.0,0.5895362116466012,outer_04,none,0.05
2298,2019-12-03,2299,2300,-0.0014233237685026268,0.0,0.5086066523223711,outer_04,none,0.05
2299,2019-12-04,2300,2301,0.0011320461755115474,1.0,0.5579403748302686,outer_04,none,0.05
2300,2019-12-05,2301,2302,-0.011899466386506852,0.0,0.5841454045890622,outer_04,none,0.05
2301,2019-12-06,2302,2303,0.001938363409522026,1.0,0.587802258397262,outer_04,none,0.05
2302,2019-12-09,2303,2304,0.0018799760798389187,1.0,0.5402102728053916,outer_04,none,0.05
2303,2019-12-10,2304,2305,0.0073017115547164835,1.0,0.5183507235712552,outer_04,none,0.05
2304,2019-12-11,2305,2306,-0.005657069746551002,0.0,0.5495496289186433,outer_04,none,0.05
2305,2019-12-12,2306,2307,0.0056299487121531655,1.0,0.5716237184307865,outer_04,none,0.05
2306,2019-12-13,2307,2308,0.0007049079505918598,1.0,0.47871975003838824,outer_04,none,0.05
2307,2019-12-16,2308,2309,-8.808632465484578e-05,0.0,0.47881431273299524,outer_04,none,0.05
2308,2019-12-17,2309,2310,-0.00031175238980285513,0.0,0.5383550184729029,outer_04,none,0.05
2309,2019-12-18,2310,2311,0.0024642560130585522,1.0,0.5853834651951035,outer_04,none,0.05
2310,2019-12-19,2311,2312,-0.0006628563941175614,0.0,0.5961512585946869,outer_04,none,0.05
2311,2019-12-20,2312,2313,0.004886684760462501,1.0,0.6015616190207748,outer_04,none,0.05
2312,2019-12-23,2313,2314,0.01209329203515086,1.0,0.561379314120536,outer_04,none,0.05
2313,2019-12-24,2314,2315,0.00497671927368426,1.0,0.5616551225385246,outer_04,none,0.05
2314,2019-12-26,2315,2316,0.00025811319399515753,1.0,0.5335865503907528,outer_04,none,0.05
2315,2019-12-27,2316,2317,0.002293616887631522,1.0,0.6248627030400284,outer_04,none,0.05
2316,2019-12-30,2317,2318,0.0037101881506806933,1.0,0.5698543594397202,outer_04,none,0.05
2317,2019-12-31,2318,2319,0.005241917064767065,1.0,0.579683104959603,outer_04,none,0.05
2318,2020-01-02,2319,2320,0.030696902118754643,1.0,0.5946577977337351,outer_04,none,0.05
2319,2020-01-03,2320,2321,-0.007234732647082076,0.0,0.4999696573600662,outer_04,none,0.05
2320,2020-01-06,2321,2322,0.007298186839522103,1.0,0.4574199042104289,outer_04,none,0.05
2321,2020-01-07,2322,2323,-0.013568885236030503,0.0,0.4673362259890921,outer_04,none,0.05
2322,2020-01-08,2323,2324,-0.0011841708649038551,0.0,0.5154652032190978,outer_04,none,0.05
2323,2020-01-09,2324,2325,0.004266727972994211,1.0,0.5404965871717216,outer_04,none,0.05
2324,2020-01-10,2325,2326,-0.007349567140317426,0.0,0.5273521514373616,outer_04,none,0.05
2325,2020-01-13,2326,2327,-0.0011375021423649656,0.0,0.5621288703018138,outer_04,none,0.05
2326,2020-01-14,2327,2328,0.005681045731772194,1.0,0.5077456636373036,outer_04,none,0.05
2327,2020-01-15,2328,2329,-0.0018600345832577858,0.0,0.4723771037336734,outer_04,none,0.05
2328,2020-01-16,2329,2330,0.004313330099855683,1.0,0.5217872133940239,outer_04,none,0.05
2329,2020-01-17,2330,2331,0.0012051747038670513,1.0,0.4660205595050076,outer_04,none,0.05
2330,2020-01-20,2331,2332,-0.0018403988663111548,0.0,0.4392973435005395,outer_04,none,0.05
2331,2020-01-21,2332,2333,0.00034653592769195996,1.0,0.5107981201483666,outer_04,none,0.05
2332,2020-01-22,2333,2334,0.0020766975165669166,1.0,0.49562513019207416,outer_04,none,0.05
2333,2020-01-23,2334,2335,0.012041513834875062,1.0,0.5488016342518565,outer_04,none,0.05
2334,2020-01-24,2335,2336,0.00012651741845459696,1.0,0.509857460303114,outer_04,none,0.05
2335,2020-01-27,2336,2337,-0.007785253764547306,0.0,0.4406887588647203,outer_04,none,0.05
2336,2020-01-28,2337,2338,0.0041986129937914285,1.0,0.48322824360768823,outer_04,none,0.05
2337,2020-01-29,2338,2339,-0.00012062304994131523,0.0,0.4816417811595718,outer_04,none,0.05
2338,2020-01-30,2339,2340,0.008591232185564124,1.0,0.5535374201769693,outer_04,none,0.05
2339,2020-01-31,2340,2341,-0.0063715599124147815,0.0,0.5064548310854982,outer_04,none,0.05
2340,2020-02-03,2341,2342,-0.016208596912536954,0.0,0.46233636939686557,outer_04,none,0.05
2341,2020-02-04,2342,2343,0.0009588623094165527,1.0,0.4296670853840891,outer_04,none,0.05
2342,2020-02-05,2343,2344,0.0071399575228543455,1.0,0.3715033095258604,outer_04,none,0.05
2343,2020-02-06,2344,2345,0.0022072810931694775,1.0,0.419934403117086,outer_04,none,0.05
2344,2020-02-07,2345,2346,0.001795401200443969,1.0,0.4332716351249598,outer_04,none,0.05
2345,2020-02-10,2346,2347,-0.0029303303573211537,0.0,0.3766413239614582,outer_04,none,0.05
2346,2020-02-11,2347,2348,-0.0008680057475949354,0.0,0.38329989707004114,outer_04,none,0.05
2347,2020-02-12,2348,2349,0.006225275034391409,1.0,0.41832445504106863,outer_04,none,0.05
2348,2020-02-13,2349,2350,0.0033827902876346627,1.0,0.5011244902906168,outer_04,none,0.05
2349,2020-02-14,2350,2351,0.0015418936747062517,1.0,0.5146897376915041,outer_04,none,0.05
2350,2020-02-17,2351,2352,0.010977044844322492,1.0,0.5752562531978874,outer_04,none,0.05
2351,2020-02-18,2352,2353,0.006101870034794565,1.0,0.4486077654435623,outer_04,none,0.05
2352,2020-02-19,2353,2354,0.005404464862697189,1.0,0.4686234064427129,outer_04,none,0.05
2353,2020-02-20,2354,2355,0.024197065350739067,1.0,0.4998313188228557,outer_04,none,0.05
2354,2020-02-21,2355,2356,-0.0011456688943827231,0.0,0.4126923259031499,outer_04,none,0.05
2355,2020-02-24,2356,2357,-0.011736996005568656,0.0,0.41204370351156144,outer_04,none,0.05
2356,2020-02-25,2357,2358,0.0018235882159620687,1.0,0.48096064040774716,outer_04,none,0.05
2357,2020-02-26,2358,2359,0.00048126274523685453,1.0,0.4455892731109839,outer_04,none,0.05
2358,2020-02-27,2359,2360,-0.03730308115075065,0.0,0.4558701908081871,outer_04,none,0.05
2359,2020-02-28,2360,2361,0.005459877886329956,1.0,0.4422074467541859,outer_04,none,0.05
2360,2020-03-02,2361,2362,0.03195282567622382,1.0,0.34790767248983734,outer_04,none,0.05
2361,2020-03-03,2362,2363,-0.0033672324764362216,0.0,0.2853896030238349,outer_04,none,0.05
2362,2020-03-04,2363,2364,0.021184645608576247,1.0,0.4860986805723602,outer_04,none,0.05
2363,2020-03-05,2364,2365,0.014438132579716267,1.0,0.36299834435891304,outer_04,none,0.05
2364,2020-03-06,2365,2366,-0.01676194611534587,0.0,0.37514334145063816,outer_04,none,0.05
2365,2020-03-09,2366,2367,-0.00951911901083946,0.0,0.38963825611902275,outer_04,none,0.05
2366,2020-03-10,2367,2368,-0.007187085732748955,0.0,0.5086313052476992,outer_04,none,0.05
2367,2020-03-11,2368,2369,-0.039676886936566014,0.0,0.570419508851859,outer_04,none,0.05
2368,2020-03-12,2369,2370,-0.021325832079745588,0.0,0.6494265756015958,outer_04,none,0.05
2369,2020-03-13,2370,2371,-0.020486576399428635,0.0,0.6032314475326308,outer_04,none,0.05
2370,2020-03-16,2371,2372,0.01675320583286588,1.0,0.46317858580237625,outer_04,none,0.05
2371,2020-03-17,2372,2373,-0.03440435395070107,0.0,0.34041271084803365,outer_04,none,0.05
2372,2020-03-18,2373,2374,-0.012076942472348584,0.0,0.5481342557828979,outer_04,none,0.05
2373,2020-03-19,2374,2375,0.015370509556488443,1.0,0.4828943156534683,outer_04,none,0.05
2374,2020-03-20,2375,2376,0.04798457873381423,1.0,0.3533049571072796,outer_04,none,0.05
2375,2020-03-23,2376,2377,0.04202859622694177,1.0,0.24633212849361347,outer_04,none,0.05
2376,2020-03-24,2377,2378,-0.011199761837372257,0.0,0.16974561407053643,outer_04,none,0.05
2377,2020-03-25,2378,2379,0.010978954417345754,1.0,0.5303973811994411,outer_04,none,0.05
2378,2020-03-26,2379,2380,-0.006295076123915777,0.0,0.3507029980542027,outer_04,none,0.05
2379,2020-03-27,2380,2381,0.0010981825567242254,1.0,0.5567711557977897,outer_04,none,0.05
2380,2020-03-30,2381,2382,-0.031532507619624006,0.0,0.6518097319485733,outer_04,none,0.05
2381,2020-03-31,2382,2383,0.01198710020704663,1.0,0.6842909143839639,outer_04,none,0.05
2382,2020-04-01,2383,2384,0.014996770647837998,1.0,0.45015823814979267,outer_04,none,0.05
2383,2020-04-02,2384,2385,0.00014245852467986708,1.0,0.4030628831383994,outer_04,none,0.05
2384,2020-04-03,2385,2386,0.03061136793581376,1.0,0.3867333669963793,outer_04,none,0.05
2385,2020-04-06,2386,2387,-0.010591630620829129,0.0,0.18410190587040143,outer_04,none,0.05
2386,2020-04-07,2387,2388,-0.0011297789021966764,0.0,0.20910641129572932,outer_04,none,0.05
2387,2020-04-08,2388,2389,0.019297112664438565,1.0,0.23636406866864262,outer_04,none,0.05
2388,2020-04-09,2389,2390,0.020521589147682207,1.0,0.23065445586511016,outer_04,none,0.05
2389,2020-04-13,2390,2391,0.008311110743137284,1.0,0.3332318497110732,outer_04,none,0.05
2390,2020-04-14,2391,2392,-0.005837897748706133,0.0,0.3641852459168707,outer_04,none,0.05
2391,2020-04-15,2392,2393,0.0011586710932753874,1.0,0.3472004266843116,outer_04,none,0.05
2392,2020-04-16,2393,2394,-0.020850380504228383,0.0,0.3292972463959483,outer_04,none,0.05
2393,2020-04-17,2394,2395,0.007328902512812263,1.0,0.3923245241331285,outer_04,none,0.05
2394,2020-04-20,2395,2396,-0.0068714962359957,0.0,0.338703001245126,outer_04,none,0.05
2395,2020-04-21,2396,2397,0.0181676052785944,1.0,0.31645778642640443,outer_04,none,0.05
2396,2020-04-22,2397,2398,0.00923024531753125,1.0,0.18182449109126841,outer_04,none,0.05
2397,2020-04-23,2398,2399,-0.0047728363813615005,0.0,0.23095505003143346,outer_04,none,0.05
2398,2020-04-24,2399,2400,-0.0043174492909718865,0.0,0.19990589865033861,outer_04,none,0.05
2399,2020-04-27,2400,2401,-0.004019964980269464,0.0,0.2028776769173635,outer_04,none,0.05
2400,2020-04-28,2401,2402,0.002882225458208154,1.0,0.21389681364418406,outer_04,none,0.05
2401,2020-04-29,2402,2403,-0.01584630845239321,0.0,0.30439475463421434,outer_04,none,0.05
2402,2020-04-30,2403,2404,0.007098033672094495,1.0,0.35012845391607594,outer_04,none,0.05
2403,2020-05-01,2404,2405,0.0018239805478117432,1.0,0.25330820296891077,outer_04,none,0.05
2404,2020-05-04,2405,2406,0.0019849432763106023,1.0,0.30920213267886587,outer_04,none,0.05
2405,2020-05-05,2406,2407,-0.011399362310375416,0.0,0.2923375561823582,outer_04,none,0.05
2406,2020-05-06,2407,2408,0.01783792456568456,1.0,0.37035293735848557,outer_04,none,0.05
2407,2020-05-07,2408,2409,-0.007688969681158397,0.0,0.24486330884923502,outer_04,none,0.05
2408,2020-05-08,2409,2410,-0.002770549264162092,0.0,0.3364631806435288,outer_04,none,0.05
2409,2020-05-11,2410,2411,0.0026001850073464894,1.0,0.2949463805779445,outer_04,none,0.05
2410,2020-05-12,2411,2412,0.007736914581571774,1.0,0.2996269824890589,outer_04,none,0.05
2411,2020-05-13,2412,2413,0.008562267688569491,1.0,0.2842307271115172,outer_04,none,0.05
2412,2020-05-14,2413,2414,0.009949987478077738,1.0,0.2972930850965267,outer_04,none,0.05
2413,2020-05-15,2414,2415,-0.008800399383443569,0.0,0.2928296941878601,outer_04,none,0.05
2414,2020-05-18,2415,2416,0.006915784212137233,1.0,0.29800141788474566,outer_04,none,0.05
2415,2020-05-19,2416,2417,0.0018159377833093515,1.0,0.27246503686089,outer_04,none,0.05
2416,2020-05-20,2417,2418,-0.011825327643036232,0.0,0.35001040831687025,outer_04,none,0.05
2417,2020-05-21,2418,2419,0.0031282460799060274,1.0,0.3598265248606474,outer_04,none,0.05
2418,2020-05-22,2419,2420,-0.003498964002570659,0.0,0.3000997265429669,outer_04,none,0.05
2419,2020-05-25,2420,2421,-0.009108246656436059,0.0,0.3804382249077587,outer_04,none,0.05
2420,2020-05-26,2421,2422,-0.0006667290753696875,0.0,0.35937999706484053,outer_04,none,0.05
2421,2020-05-27,2422,2423,0.005990434414167467,1.0,0.3169288594387393,outer_04,none,0.05
2422,2020-05-28,2423,2424,0.009181121181307539,1.0,0.3424226882867531,outer_04,none,0.05
2423,2020-05-29,2424,2425,0.001387765431277721,1.0,0.3356794132190716,outer_04,none,0.05
2424,2020-06-01,2425,2426,-0.006216739360389134,0.0,0.3034994441084041,outer_04,none,0.05
2425,2020-06-02,2426,2427,-0.01626906390574767,0.0,0.34995230287412427,outer_04,none,0.05
2426,2020-06-03,2427,2428,0.009127400854900714,1.0,0.3969032398655716,outer_04,none,0.05
2427,2020-06-04,2428,2429,-0.020164028065214445,0.0,0.2877631759815004,outer_04,none,0.05
2428,2020-06-05,2429,2430,0.01157792150522674,1.0,0.41872338476531895,outer_04,none,0.05
2429,2020-06-08,2430,2431,0.00895343958065098,1.0,0.2877127304579602,outer_04,none,0.05
2430,2020-06-09,2431,2432,0.013065873389744631,1.0,0.326348040492948,outer_04,none,0.05
2431,2020-06-10,2432,2433,-0.0050300640211480285,0.0,0.2858632318805617,outer_04,none,0.05
2432,2020-06-11,2433,2434,0.0008901786147283985,1.0,0.36620185641011077,outer_04,none,0.05
2433,2020-06-12,2434,2435,-0.003177058427078272,0.0,0.3199592875706213,outer_04,none,0.05
2434,2020-06-15,2435,2436,-0.0001565094908810849,0.0,0.3463082999782381,outer_04,none,0.05
2435,2020-06-16,2436,2437,0.00045786617777476835,1.0,0.3646756184160809,outer_04,none,0.05
2436,2020-06-17,2437,2438,-0.0017282379758301047,0.0,0.4390602070030931,outer_04,none,0.05
2437,2020-06-18,2438,2439,0.014332515427828874,1.0,0.4177556551506595,outer_04,none,0.05
2438,2020-06-19,2439,2440,0.0035925959277962605,1.0,0.3422488454832566,outer_04,none,0.05
2439,2020-06-22,2440,2441,0.008577847404207972,1.0,0.3286580164720122,outer_04,none,0.05
2440,2020-06-23,2441,2442,-0.00539585965024969,0.0,0.3534850208101276,outer_04,none,0.05
2441,2020-06-24,2442,2443,0.002605210188167284,1.0,0.37474908349926234,outer_04,none,0.05
2442,2020-06-25,2443,2444,0.0034913332224553173,1.0,0.37980315842600476,outer_04,none,0.05
2443,2020-06-26,2444,2445,0.0008920959764129321,1.0,0.3669758804871719,outer_04,none,0.05
2444,2020-06-29,2445,2446,0.005465032695577854,1.0,0.4190419979613656,outer_04,none,0.05
2445,2020-06-30,2446,2447,-0.005747255484118696,0.0,0.41172224069296687,outer_04,none,0.05
2446,2020-07-01,2447,2448,0.002869313023879272,1.0,0.44630141183851346,outer_04,none,0.05
2447,2020-07-02,2448,2449,-0.0017578162538116615,0.0,0.4211672994857884,outer_04,none,0.05
2448,2020-07-03,2449,2450,0.006659965773338605,1.0,0.4912072375895279,outer_04,none,0.05
2449,2020-07-06,2450,2451,0.005535785779371416,1.0,0.48252145039161604,outer_04,none,0.05
2450,2020-07-07,2451,2452,0.007901275674134567,1.0,0.43742714229607094,outer_04,none,0.05
2451,2020-07-08,2452,2453,-0.004048263421019271,0.0,0.38810452565292225,outer_04,none,0.05
2452,2020-07-09,2453,2454,-0.0016383567895266182,0.0,0.4450361052871528,outer_04,none,0.05
2453,2020-07-10,2454,2455,0.0016772004686940178,1.0,0.4341851090544444,outer_04,none,0.05
2454,2020-07-13,2455,2456,0.0032353702635612436,1.0,0.3921163230207618,outer_04,none,0.05
2455,2020-07-14,2456,2457,0.0014149511825953809,1.0,0.3996375173441166,outer_04,none,0.05
2456,2020-07-15,2457,2458,-0.006894629680521902,0.0,0.4172419360964154,outer_04,none,0.05
2457,2020-07-16,2458,2459,0.005518395205020177,1.0,0.4098854694568527,outer_04,none,0.05
2458,2020-07-17,2459,2460,0.005449604767564509,1.0,0.3235836897706142,outer_04,none,0.05
2459,2020-07-20,2460,2461,0.012588752342864495,1.0,0.36050641596585303,outer_04,none,0.05
2460,2020-07-21,2461,2462,0.017777432420715833,1.0,0.3282732807095116,outer_04,none,0.05
2461,2020-07-22,2462,2463,0.008332451587266476,1.0,0.33169908633523026,outer_04,none,0.05
2462,2020-07-23,2463,2464,0.006850768693833054,1.0,0.3405966896312981,outer_04,none,0.05
2463,2020-07-24,2464,2465,0.021134871632526142,1.0,0.30146476310269693,outer_04,none,0.05
2464,2020-07-27,2465,2466,0.009668640193712719,1.0,0.27528560131831786,outer_04,none,0.05
2465,2020-07-28,2466,2467,0.004515414973982779,1.0,0.3301613721498707,outer_04,none,0.05
2466,2020-07-29,2467,2468,-0.007915407018095344,0.0,0.27994816165349273,outer_04,none,0.05
2467,2020-07-30,2468,2469,0.014232170423868595,1.0,0.3768410581171158,outer_04,none,0.05
2468,2020-07-31,2469,2470,-0.003115463943992758,0.0,0.27582813267115025,outer_04,none,0.05
2469,2020-08-03,2470,2471,0.021923825174162914,1.0,0.2997493453113504,outer_04,none,0.05
2470,2020-08-04,2471,2472,0.00940060647202312,1.0,0.22113050469348836,outer_04,none,0.05
2471,2020-08-05,2472,2473,0.012793496837087304,1.0,0.23179789186874553,outer_04,none,0.05
2472,2020-08-06,2473,2474,-0.01966414519622095,0.0,0.14937604966730111,outer_04,none,0.05
2473,2020-08-07,2474,2475,0.00016284434830371453,1.0,0.1803036529389445,outer_04,none,0.05
2474,2020-08-10,2475,2476,-0.056473654807740914,0.0,0.1825415260426792,outer_04,none,0.05
2475,2020-08-11,2476,2477,0.0022737475507197402,1.0,0.32617594402111993,outer_04,none,0.05
2476,2020-08-12,2477,2478,0.016357472515585947,1.0,0.23167529651569158,outer_04,none,0.05
2477,2020-08-13,2478,2479,-0.0033211110809965305,0.0,0.22285527692631715,outer_04,none,0.05
2478,2020-08-14,2479,2480,0.019480871050831183,1.0,0.27872316333741876,outer_04,none,0.05
2479,2020-08-17,2480,2481,0.010997360269458412,1.0,0.13855012802532002,outer_04,none,0.05
2480,2020-08-18,2481,2482,-0.037386677109283895,0.0,0.1094141020028715,outer_04,none,0.05
2481,2020-08-19,2482,2483,0.008537014421655442,1.0,0.3452347067096135,outer_04,none,0.05
2482,2020-08-20,2483,2484,-0.005863941822989993,0.0,0.19394005090752106,outer_04,none,0.05
2483,2020-08-21,2484,2485,-0.0032841771113725216,0.0,0.4201695914387217,outer_04,none,0.05
2484,2020-08-24,2485,2486,-0.0010677393450055916,0.0,0.40993627108832453,outer_04,none,0.05
2485,2020-08-25,2486,2487,0.012185089684967565,1.0,0.3380644481767487,outer_04,none,0.05
2486,2020-08-26,2487,2488,-0.01130386337569167,0.0,0.26575707349721805,outer_04,none,0.05
2487,2020-08-27,2488,2489,0.02005170989740268,1.0,0.33340614104776345,outer_04,none,0.05
2488,2020-08-28,2489,2490,-0.0003657217203274499,0.0,0.2078939952506825,outer_04,none,0.05
2489,2020-08-31,2490,2491,-7.112809156151201e-05,0.0,0.344242791170023,outer_04,none,0.05
2490,2020-09-01,2491,2492,-0.013400981067851703,0.0,0.3506197179368414,outer_04,none,0.05
2491,2020-09-02,2492,2493,-0.005540523662612706,0.0,0.4223102727568067,outer_04,none,0.05
2492,2020-09-03,2493,2494,0.00040897149417506995,1.0,0.3764917877481974,outer_04,none,0.05
2493,2020-09-04,2494,2495,-0.001310334478104025,0.0,0.3291858417614896,outer_04,none,0.05
2494,2020-09-07,2495,2496,0.0010618654086371748,1.0,0.33746412984581636,outer_04,none,0.05
2495,2020-09-08,2496,2497,0.00758663631783385,1.0,0.33857683793254884,outer_04,none,0.05
2496,2020-09-09,2497,2498,1.0275855337305018e-05,1.0,0.3156276854401935,outer_04,none,0.05
2497,2020-09-10,2498,2499,-0.004418064579996717,0.0,0.3454779248268045,outer_04,none,0.05
2498,2020-09-11,2499,2500,0.01023775313656472,1.0,0.3052289026326757,outer_04,none,0.05
2499,2020-09-14,2500,2501,-0.0016154596836681634,0.0,0.3057945086101969,outer_04,none,0.05
2500,2020-09-15,2501,2502,0.0025293895176519143,1.0,0.3916951672082,outer_04,none,0.05
2501,2020-09-16,2502,2503,-0.007705153518052121,0.0,0.41562100159931464,outer_04,none,0.05
2502,2020-09-17,2503,2504,0.0027322842342414333,1.0,0.37434385325062036,outer_04,none,0.05
2503,2020-09-18,2504,2505,-0.018328243520048915,0.0,0.36789185587520506,outer_04,none,0.05
2504,2020-09-21,2505,2506,-0.007192766975970599,0.0,0.40770734395301994,outer_04,none,0.05
2505,2020-09-22,2506,2507,-0.0194768919267716,0.0,0.4220047953510179,outer_04,none,0.05
2506,2020-09-23,2507,2508,0.0031121718439468538,1.0,0.4541285791519291,outer_04,none,0.05
2507,2020-09-24,2508,2509,-0.003681015336099769,0.0,0.4093743462247281,outer_04,none,0.05
2508,2020-09-25,2509,2510,0.00979672057277714,1.0,0.5024295168433074,outer_04,none,0.05
2509,2020-09-28,2510,2511,0.00870622314080105,1.0,0.3612521604811189,outer_04,none,0.05
2510,2020-09-29,2511,2512,-0.005479523671930053,0.0,0.3592992779909638,outer_04,none,0.05
2511,2020-09-30,2512,2513,0.009177182793335348,1.0,0.4406208405669732,outer_04,none,0.05
2512,2020-10-01,2513,2514,-0.0006564798735837485,0.0,0.4347023641722867,outer_04,none,0.05
2513,2020-10-02,2514,2515,0.0044503576333552175,1.0,0.5251913672082623,outer_04,none,0.05
2514,2020-10-05,2515,2516,-0.01798541292733713,0.0,0.48783318304577766,outer_04,none,0.05
2515,2020-10-06,2516,2517,0.004987859430624297,1.0,0.6247758769333628,outer_04,none,0.05
2516,2020-10-07,2517,2518,0.0035226948520064028,1.0,0.5418431255538115,outer_04,none,0.05
2517,2020-10-08,2518,2519,0.017253268989767534,1.0,0.5705188764910879,outer_04,none,0.05
2518,2020-10-09,2519,2520,-0.001563324017291201,0.0,0.41414273831998777,outer_04,none,0.05
2519,2020-10-12,2520,2521,-0.016207521458595053,0.0,0.5431787031287117,outer_04,none,0.05
2520,2020-10-13,2521,2522,0.004527625411658853,1.0,0.5409051873644019,outer_04,none,0.05
2521,2020-10-14,2522,2523,0.003779254317087144,1.0,0.4565525329779116,outer_04,none,0.05
2522,2020-10-15,2523,2524,-0.004742095562139781,0.0,0.5087287106180288,outer_04,none,0.05
2523,2020-10-16,2524,2525,0.0019930538963528477,1.0,0.5519413165822742,outer_04,none,0.05
2524,2020-10-19,2525,2526,0.003482240961243832,1.0,0.45973831610432553,outer_04,none,0.05
2525,2020-10-20,2526,2527,0.007567595225340895,1.0,0.42284100588159185,outer_04,none,0.05
2526,2020-10-21,2527,2528,-0.010361866955262755,0.0,0.4127587097178455,outer_04,none,0.05
2527,2020-10-22,2528,2529,-0.0018075871013172318,0.0,0.5619152349288787,outer_04,none,0.05
2528,2020-10-23,2529,2530,0.0003628303965470536,1.0,0.49332938299278056,outer_04,none,0.05
2529,2020-10-26,2530,2531,0.0029870278206383105,1.0,0.44336250750069306,outer_04,none,0.05
2530,2020-10-27,2531,2532,-0.015876913570976647,0.0,0.4578067775277383,outer_04,none,0.05
2531,2020-10-28,2532,2533,-0.004590592026633367,0.0,0.458989732199175,outer_04,none,0.05
2532,2020-10-29,2533,2534,0.005426371972382604,1.0,0.4136083795349034,outer_04,none,0.05
2533,2020-10-30,2534,2535,0.008309049399641388,1.0,0.37695520837787266,outer_04,none,0.05
2534,2020-11-02,2535,2536,0.007476139676322546,1.0,0.4009305867841229,outer_04,none,0.05
2535,2020-11-03,2536,2537,-0.0031214040698799295,0.0,0.46518378063493593,outer_04,none,0.05
2536,2020-11-04,2537,2538,0.022377807730664223,1.0,0.37491397384564273,outer_04,none,0.05
2537,2020-11-05,2538,2539,0.005579665401747924,1.0,0.4111662222453782,outer_04,none,0.05
2538,2020-11-06,2539,2540,-0.05040680453608992,0.0,0.49216741061844915,outer_04,none,0.05
2539,2020-11-09,2540,2541,0.0077934289815617674,1.0,0.4514237041750204,outer_04,none,0.05
2540,2020-11-10,2541,2542,-0.004686978323309887,0.0,0.37421323100206066,outer_04,none,0.05
2541,2020-11-11,2542,2543,0.005534379543858492,1.0,0.5700146232875358,outer_04,none,0.05
2542,2020-11-12,2543,2544,0.005721115947212141,1.0,0.5384991375878383,outer_04,none,0.05
2543,2020-11-13,2544,2545,0.0008524404932996887,1.0,0.4826468136416391,outer_04,none,0.05
2544,2020-11-16,2545,2546,-0.004211023814602477,0.0,0.43334853309543736,outer_04,none,0.05
2545,2020-11-17,2546,2547,-0.004116755339457434,0.0,0.4522250142983791,outer_04,none,0.05
2546,2020-11-18,2547,2548,-0.00669317869393371,0.0,0.5248169069273565,outer_04,none,0.05
2547,2020-11-19,2548,2549,0.005106932236814465,1.0,0.5766937409984971,outer_04,none,0.05
2548,2020-11-20,2549,2550,-0.017350295327957177,0.0,0.5082801160564046,outer_04,none,0.05
2549,2020-11-23,2550,2551,-0.01701473167983103,0.0,0.5599164115658515,outer_04,none,0.05
2550,2020-11-24,2551,2552,0.0007465431254161103,1.0,0.5174376792172172,outer_04,none,0.05
2551,2020-11-25,2552,2553,0.0006796988587991493,1.0,0.5097479516528234,outer_04,none,0.05
2552,2020-11-26,2553,2554,-0.011629362494858242,0.0,0.6047810211576136,outer_04,none,0.05
2553,2020-11-27,2554,2555,-0.0069204040338348705,0.0,0.6891861130345341,outer_04,none,0.05
2554,2020-11-30,2555,2556,0.020056717832442672,1.0,0.5929671736250784,outer_04,none,0.05
2555,2020-12-01,2556,2557,0.008999794432298813,1.0,0.4649369144876664,outer_04,none,0.05
2556,2020-12-02,2557,2558,0.006494803032288665,1.0,0.6351230925188491,outer_04,none,0.05
2557,2020-12-03,2558,2559,-0.00240338982616084,0.0,0.6099233755761428,outer_04,none,0.05
2558,2020-12-04,2559,2560,0.014082189158950875,1.0,0.5614812813057246,outer_04,none,0.05
2559,2020-12-07,2560,2561,0.0034509955851742546,1.0,0.4796142192697328,outer_04,none,0.05
2560,2020-12-08,2561,2562,-0.01664619433131076,0.0,0.5480358479324879,outer_04,none,0.05
2561,2020-12-09,2562,2563,-0.00079444545359042,0.0,0.6343203132738596,outer_04,none,0.05
2562,2020-12-10,2563,2564,2.1774039901778508e-05,1.0,0.561262776689511,outer_04,none,0.05
2563,2020-12-11,2564,2565,-0.004730643638503729,0.0,0.5693426764868478,outer_04,none,0.05
2564,2020-12-14,2565,2566,0.013839472654368912,1.0,0.6008812305706558,outer_04,none,0.05
2565,2020-12-15,2566,2567,0.005154234591735474,1.0,0.4510766239648442,outer_04,none,0.05
2566,2020-12-16,2567,2568,0.011338988189037558,1.0,0.46568220620322337,outer_04,none,0.05
2567,2020-12-17,2568,2569,-0.0011679701477982363,0.0,0.43286785562001007,outer_04,none,0.05
2568,2020-12-18,2569,2570,-0.001701304566327444,0.0,0.5129664388383692,outer_04,none,0.05
2569,2020-12-21,2570,2571,-0.009785337095659763,0.0,0.4684718543333685,outer_04,none,0.05
2570,2020-12-22,2571,2572,0.006630272789506009,1.0,0.533530561084289,outer_04,none,0.05
2571,2020-12-23,2572,2573,0.007980285799679798,1.0,0.5530874435554172,outer_04,none,0.05
2572,2020-12-24,2573,2574,-0.006998591123894116,0.0,0.6307594957986609,outer_04,none,0.05
2573,2020-12-28,2574,2575,0.0011085825670180682,1.0,0.5626506892163207,outer_04,none,0.05
2574,2020-12-29,2575,2576,0.008571223425348329,1.0,0.555331013080332,outer_04,none,0.05
2575,2020-12-30,2576,2577,0.008205087925655441,1.0,0.5233838447526598,outer_04,none,0.05
2576,2020-12-31,2577,2578,0.0168395070354892,1.0,0.5881410779507141,outer_04,none,0.05
2577,2021-01-04,2578,2579,0.004317241208515732,1.0,0.4678431319233257,outer_04,none,0.05
2578,2021-01-05,2579,2580,-0.014958311161922033,0.0,0.5629829596186606,outer_04,none,0.05
2579,2021-01-06,2580,2581,-0.002481028709908628,0.0,0.5916897082734585,outer_04,none,0.05
2580,2021-01-07,2581,2582,-0.032589096345538415,0.0,0.5580738774255141,outer_04,none,0.05
2581,2021-01-08,2582,2583,-0.003905737965295586,0.0,0.5668372784699204,outer_04,none,0.05
2582,2021-01-11,2583,2584,0.004067472623768609,1.0,0.5210707504625814,outer_04,none,0.05
2583,2021-01-12,2584,2585,-0.004067472623768609,0.0,0.5164655783700102,outer_04,none,0.05
2584,2021-01-13,2585,2586,0.00015154385329285702,1.0,0.5942709550771074,outer_04,none,0.05
2585,2021-01-14,2586,2587,-0.01055453220100322,0.0,0.4814895361092511,outer_04,none,0.05
2586,2021-01-15,2587,2588,0.005465269412427531,1.0,0.5050278845387595,outer_04,none,0.05
2587,2021-01-18,2588,2589,0.0011416395181651495,1.0,0.43871006538962787,outer_04,none,0.05
2588,2021-01-19,2589,2590,0.016740286780456692,1.0,0.49698630009070593,outer_04,none,0.05
2589,2021-01-20,2590,2591,-0.0009729135248663923,0.0,0.4563729717837974,outer_04,none,0.05
2590,2021-01-21,2591,2592,-0.006298675787574481,0.0,0.5742596766159908,outer_04,none,0.05
2591,2021-01-22,2592,2593,-0.0014865566336315084,0.0,0.527916981105319,outer_04,none,0.05
2592,2021-01-25,2593,2594,-0.0019855193150872807,0.0,0.46083950121776174,outer_04,none,0.05
2593,2021-01-26,2594,2595,-0.00482914880193519,0.0,0.5252144754768543,outer_04,none,0.05
2594,2021-01-27,2595,2596,0.00024960795402240166,1.0,0.5978988156246173,outer_04,none,0.05
2595,2021-01-28,2596,2597,0.006732138687599587,1.0,0.5531236778382395,outer_04,none,0.05
2596,2021-01-29,2597,2598,0.0020457941852827233,1.0,0.5275890692704492,outer_04,none,0.05
2597,2021-02-01,2598,2599,-0.011897076822743102,0.0,0.4877185545960721,outer_04,none,0.05
2598,2021-02-02,2599,2600,-0.001775841403640399,0.0,0.4639523277452635,outer_04,none,0.05
2599,2021-02-03,2600,2601,-0.021465077469568605,0.0,0.41818318670021415,outer_04,none,0.05
2600,2021-02-04,2601,2602,0.012279671093906153,1.0,0.39896081247916104,outer_04,none,0.05
2601,2021-02-05,2602,2603,0.007411867647377335,1.0,0.32688079334136305,outer_04,none,0.05
2602,2021-02-08,2603,2604,0.004207709793865533,1.0,0.4480835127270963,outer_04,none,0.05
2603,2021-02-09,2604,2605,0.002889343490064533,1.0,0.4388752860431726,outer_04,none,0.05
2604,2021-02-10,2605,2606,-0.00970029567965458,0.0,0.4171976437173436,outer_04,none,0.05
2605,2021-02-11,2606,2607,-0.000673789874272579,0.0,0.4831966421987497,outer_04,none,0.05
2606,2021-02-12,2607,2608,-0.0028865433679516883,0.0,0.4548355511474089,outer_04,none,0.05
2607,2021-02-15,2608,2609,-0.014932716081131225,0.0,0.4912204640405104,outer_04,none,0.05
2608,2021-02-16,2609,2610,-0.00879656053228306,0.0,0.47879380168471836,outer_04,none,0.05
2609,2021-02-17,2610,2611,-0.0002757914246354076,0.0,0.4137078691667219,outer_04,none,0.05
2610,2021-02-18,2611,2612,0.005792497196700275,1.0,0.4321492688597981,outer_04,none,0.05
2611,2021-02-19,2612,2613,0.012580181370859478,1.0,0.4488334791355945,outer_04,none,0.05
2612,2021-02-22,2613,2614,-0.001548672875897772,0.0,0.37562739180970045,outer_04,none,0.05
2613,2021-02-23,2614,2615,-0.0016342362199592841,0.0,0.4660434479684992,outer_04,none,0.05
2614,2021-02-24,2615,2616,-0.017562463760657288,0.0,0.4613534034278848,outer_04,none,0.05
2615,2021-02-25,2616,2617,-0.019635734748695732,0.0,0.462441330043042,outer_04,none,0.05
2616,2021-02-26,2617,2618,-0.00852982211849529,0.0,0.44681835951682475,outer_04,none,0.05
2617,2021-03-01,2618,2619,0.008736960332209165,1.0,0.4421448641389114,outer_04,none,0.05
2618,2021-03-02,2619,2620,-0.0158134711917981,0.0,0.46889061821510636,outer_04,none,0.05
2619,2021-03-03,2620,2621,-0.007656892934804205,0.0,0.546210645756136,outer_04,none,0.05
2620,2021-03-04,2621,2622,0.004941154036691486,1.0,0.46770092258788326,outer_04,none,0.05
2621,2021-03-05,2622,2623,-0.012811462374774152,0.0,0.4951157026613117,outer_04,none,0.05
2622,2021-03-08,2623,2624,0.018124825179333115,1.0,0.6122073023469625,outer_04,none,0.05
2623,2021-03-09,2624,2625,0.006525507700629873,1.0,0.43859538888209726,outer_04,none,0.05
2624,2021-03-10,2625,2626,-0.002859473149224634,0.0,0.4880885774524335,outer_04,none,0.05
2625,2021-03-11,2626,2627,0.004017175471216383,1.0,0.5856818034597494,outer_04,none,0.05
2626,2021-03-12,2627,2628,0.0019072835091549223,1.0,0.572645076040632,outer_04,none,0.05
2627,2021-03-15,2628,2629,0.0002828927826366012,1.0,0.6174216724586481,outer_04,none,0.05
2628,2021-03-16,2629,2630,0.009416660363870122,1.0,0.6329551756694374,outer_04,none,0.05
2629,2021-03-17,2630,2631,-0.007444409629417059,0.0,0.587344708429691,outer_04,none,0.05
2630,2021-03-18,2631,2632,0.004615521030054914,1.0,0.6661447366589623,outer_04,none,0.05
2631,2021-03-19,2632,2633,-0.0024229352321585296,0.0,0.5523801517370807,outer_04,none,0.05
2632,2021-03-22,2633,2634,-0.007171053567285313,0.0,0.5675854050779939,outer_04,none,0.05
2633,2021-03-23,2634,2635,0.00448288764238125,1.0,0.5834592938950707,outer_04,none,0.05
2634,2021-03-24,2635,2636,-0.0040255912977036346,0.0,0.5342554089429415,outer_04,none,0.05
2635,2021-03-25,2636,2637,0.0018675329427324527,1.0,0.5315196511136202,outer_04,none,0.05
2636,2021-03-26,2637,2638,-0.010738085379863982,0.0,0.45839854543774006,outer_04,none,0.05
2637,2021-03-29,2638,2639,-0.016394726612828592,0.0,0.5163842882967964,outer_04,none,0.05
2638,2021-03-30,2639,2640,0.013307077087218566,1.0,0.5553413983804488,outer_04,none,0.05
2639,2021-03-31,2640,2641,0.012374796310027136,1.0,0.3473016814784043,outer_04,none,0.05
2640,2021-04-01,2641,2642,2.8923719476381393e-05,1.0,0.38222815421860956,outer_04,none,0.05
2641,2021-04-05,2642,2643,0.008392930582956204,1.0,0.5152488569463702,outer_04,none,0.05
2642,2021-04-06,2643,2644,-0.0032865659718472884,0.0,0.4195844595059106,outer_04,none,0.05
2643,2021-04-07,2644,2645,0.010357328483342698,1.0,0.4788537998689293,outer_04,none,0.05
2644,2021-04-08,2645,2646,-0.007397785827730097,0.0,0.43727511474451575,outer_04,none,0.05
2645,2021-04-09,2646,2647,-0.005454653132705545,0.0,0.5606650067528403,outer_04,none,0.05
2646,2021-04-12,2647,2648,0.007145987884027427,1.0,0.5479132161060805,outer_04,none,0.05
2647,2021-04-13,2648,2649,-0.005399333032548803,0.0,0.4453156967455717,outer_04,none,0.05
2648,2021-04-14,2649,2650,0.015833576028193797,1.0,0.539922640470976,outer_04,none,0.05
2649,2021-04-15,2650,2651,0.006610865856938375,1.0,0.46413931554670146,outer_04,none,0.05
2650,2021-04-16,2651,2652,-0.0026899245615830125,0.0,0.483858404226958,outer_04,none,0.05
2651,2021-04-19,2652,2653,0.004091229861757029,1.0,0.4624614510285949,outer_04,none,0.05
2652,2021-04-20,2653,2654,0.00884077077379164,1.0,0.39756990890547184,outer_04,none,0.05
2653,2021-04-21,2654,2655,-0.005472176333250367,0.0,0.5045109942602922,outer_04,none,0.05
2654,2021-04-22,2655,2656,-0.004876907329907532,0.0,0.5810419933834114,outer_04,none,0.05
2655,2021-04-23,2656,2657,0.0032557841369573737,1.0,0.5065982813315387,outer_04,none,0.05
2656,2021-04-26,2657,2658,-0.0024056713472990765,0.0,0.46251872283944445,outer_04,none,0.05
2657,2021-04-27,2658,2659,0.0027929604129077745,1.0,0.5253660591658912,outer_04,none,0.05
2658,2021-04-28,2659,2660,-0.005260845370659517,0.0,0.5277244634424454,outer_04,none,0.05
2659,2021-04-29,2660,2661,-0.0032773760625044446,0.0,0.4108320658706211,outer_04,none,0.05
2660,2021-04-30,2661,2662,0.014480262225784912,1.0,0.38470023136375286,outer_04,none,0.05
2661,2021-05-03,2662,2663,-0.00797557799312365,0.0,0.3832380506084325,outer_04,none,0.05
2662,2021-05-04,2663,2664,0.004745965588755396,1.0,0.43087861597618415,outer_04,none,0.05
2663,2021-05-05,2664,2665,0.015460790440160466,1.0,0.5162115898320246,outer_04,none,0.05
2664,2021-05-06,2665,2666,0.010088689832963738,1.0,0.40200838066003314,outer_04,none,0.05
2665,2021-05-07,2666,2667,0.001651627064212846,1.0,0.4547401197502846,outer_04,none,0.05
2666,2021-05-10,2667,2668,0.00041384192918236806,1.0,0.46760863813397935,outer_04,none,0.05
2667,2021-05-11,2668,2669,-0.012027419955101593,0.0,0.4263200737564915,outer_04,none,0.05
2668,2021-05-12,2669,2670,0.0067271168766858125,1.0,0.45148608251355304,outer_04,none,0.05
2669,2021-05-13,2670,2671,0.008935830877951467,1.0,0.4546260571403358,outer_04,none,0.05
2670,2021-05-14,2671,2672,0.012490021432988385,1.0,0.5202792442483412,outer_04,none,0.05
2671,2021-05-17,2672,2673,0.001300922874937882,1.0,0.4421862132238621,outer_04,none,0.05
2672,2021-05-18,2673,2674,0.0005027840434541631,1.0,0.48097197490419846,outer_04,none,0.05
2673,2021-05-19,2674,2675,0.004125037534103981,1.0,0.3449751326388494,outer_04,none,0.05
2674,2021-05-20,2675,2676,0.0019259422850383956,1.0,0.3256363819612379,outer_04,none,0.05
2675,2021-05-21,2676,2677,-0.00033491131808283114,0.0,0.3309184525891331,outer_04,none,0.05
2676,2021-05-24,2677,2678,0.00951972370360643,1.0,0.36312983607583543,outer_04,none,0.05
2677,2021-05-25,2678,2679,-0.001222590674048618,0.0,0.29791715882983544,outer_04,none,0.05
2678,2021-05-26,2679,2680,0.0005008105327606316,1.0,0.40020672021017595,outer_04,none,0.05
2679,2021-05-27,2680,2681,0.0033358444462541215,1.0,0.4213173483559962,outer_04,none,0.05
2680,2021-05-28,2681,2682,0.0018472847026966832,1.0,0.38063304787792135,outer_04,none,0.05
2681,2021-05-31,2682,2683,-0.003997998448354245,0.0,0.36640451193068346,outer_04,none,0.05
2682,2021-06-01,2683,2684,0.004621735597445387,1.0,0.35811548709795826,outer_04,none,0.05
2683,2021-06-02,2684,2685,-0.019641986265820144,0.0,0.3695707194000963,outer_04,none,0.05
2684,2021-06-03,2685,2686,0.010027945110507197,1.0,0.34129851341369816,outer_04,none,0.05
2685,2021-06-04,2686,2687,0.004702736618693137,1.0,0.2594409079796724,outer_04,none,0.05
2686,2021-06-07,2687,2688,-0.0038936216035443394,0.0,0.30821680079751806,outer_04,none,0.05
2687,2021-06-08,2688,2689,-0.0014971131793997117,0.0,0.3607773307339257,outer_04,none,0.05
2688,2021-06-09,2689,2690,0.004890372668350906,1.0,0.3796240522634514,outer_04,none,0.05
2689,2021-06-10,2690,2691,-0.011700564302729255,0.0,0.3540254889683438,outer_04,none,0.05
2690,2021-06-11,2691,2692,-0.004562461167904708,0.0,0.3959249536101864,outer_04,none,0.05
2691,2021-06-14,2692,2693,-0.004508065788590976,0.0,0.335813251487282,outer_04,none,0.05
2692,2021-06-15,2693,2694,-0.024827900070421016,0.0,0.3794639802575926,outer_04,none,0.05
2693,2021-06-16,2694,2695,-0.021204295124955586,0.0,0.5333670433237986,outer_04,none,0.05
2694,2021-06-17,2695,2696,-0.003865551506105902,0.0,0.4531853308018103,outer_04,none,0.05
2695,2021-06-18,2696,2697,0.008675171008139415,1.0,0.4400745186240407,outer_04,none,0.05
2696,2021-06-21,2697,2698,-0.0024075369181595363,0.0,0.4152960428643047,outer_04,none,0.05
2697,2021-06-22,2698,2699,-0.0006463633855045003,0.0,0.4857660522664968,outer_04,none,0.05
2698,2021-06-23,2699,2700,-0.0013221301157688714,0.0,0.4950250595757306,outer_04,none,0.05
2699,2021-06-24,2700,2701,0.0027997207325096696,1.0,0.4812539108067203,outer_04,none,0.05
2700,2021-06-25,2701,2702,-0.0014832130005748567,0.0,0.4961865167944997,outer_04,none,0.05
2701,2021-06-28,2702,2703,-0.009325933453776969,0.0,0.5872035775713497,outer_04,none,0.05
2702,2021-06-29,2703,2704,0.004495891065019464,1.0,0.6334363165815998,outer_04,none,0.05
2703,2021-06-30,2704,2705,0.003524794206328785,1.0,0.4787932151868347,outer_04,none,0.05
2704,2021-07-01,2705,2706,0.006078500161754263,1.0,0.49520379789831026,outer_04,none,0.05
2705,2021-07-02,2706,2707,0.0023250755224832886,1.0,0.4845101283361285,outer_04,none,0.05
2706,2021-07-05,2707,2708,0.0028096952907770145,1.0,0.4108103475341126,outer_04,none,0.05
2707,2021-07-06,2708,2709,0.004094461538096006,1.0,0.42164759086307263,outer_04,none,0.05
2708,2021-07-07,2709,2710,-0.0004103565168414036,0.0,0.4235395239415339,outer_04,none,0.05
2709,2021-07-08,2710,2711,0.0027860031147239894,1.0,0.4778495052039062,outer_04,none,0.05
2710,2021-07-09,2711,2712,-0.0009462597165077469,0.0,0.38557143792602716,outer_04,none,0.05
2711,2021-07-12,2712,2713,0.0009351975248659272,1.0,0.38400387834356475,outer_04,none,0.05
2712,2021-07-13,2713,2714,0.010722473645151887,1.0,0.3561348624274938,outer_04,none,0.05
2713,2021-07-14,2714,2715,0.001328845713150173,1.0,0.3001914649249621,outer_04,none,0.05
2714,2021-07-15,2715,2716,-0.010205627473727219,0.0,0.4020627637321956,outer_04,none,0.05
2715,2021-07-16,2716,2717,0.0007505643381771065,1.0,0.3885466674562802,outer_04,none,0.05
2716,2021-07-19,2717,2718,-0.0012420476058867536,0.0,0.2822487295384492,outer_04,none,0.05
2717,2021-07-20,2718,2719,-0.003635633170417485,0.0,0.32091600498812617,outer_04,none,0.05
2718,2021-07-21,2719,2720,0.0017447613134446982,1.0,0.33571434354110063,outer_04,none,0.05
2719,2021-07-22,2720,2721,-0.002615510573279245,0.0,0.31649947701325354,outer_04,none,0.05
2720,2021-07-23,2721,2722,-0.002372058608237637,0.0,0.30712911061393716,outer_04,none,0.05
2721,2021-07-26,2722,2723,0.0014061377719469803,1.0,0.274672273079027,outer_04,none,0.05
2722,2021-07-27,2723,2724,0.0037806390066785767,1.0,0.3304036727194386,outer_04,none,0.05
2723,2021-07-28,2724,2725,0.01179839489964074,1.0,0.3941650315462778,outer_04,none,0.05
2724,2021-07-29,2725,2726,-0.007789488223576058,0.0,0.38504407467000973,outer_04,none,0.05
2725,2021-07-30,2726,2727,-0.0006118922268365523,0.0,0.42534807162839927,outer_04,none,0.05
2726,2021-08-02,2727,2728,-0.0017826841561374707,0.0,0.37702814915720545,outer_04,none,0.05
2727,2021-08-03,2728,2729,0.0009772824047074025,1.0,0.42244016498625386,outer_04,none,0.05
2728,2021-08-04,2729,2730,-0.0040810966096183066,0.0,0.4396135507621099,outer_04,none,0.05
2729,2021-08-05,2730,2731,-0.024439409949616575,0.0,0.45039352480812794,outer_04,none,0.05
2730,2021-08-06,2731,2732,-0.01843610507949922,0.0,0.41486746803729446,outer_04,none,0.05
2731,2021-08-09,2732,2733,0.0004626122640054575,1.0,0.3256665872134818,outer_04,none,0.05
2732,2021-08-10,2733,2734,0.012416024918811885,1.0,0.41336280219179145,outer_04,none,0.05
2733,2021-08-11,2734,2735,0.001055788529485291,1.0,0.37315139997161345,outer_04,none,0.05
2734,2021-08-12,2735,2736,0.014670798907681082,1.0,0.45542801094134583,outer_04,none,0.05
2735,2021-08-13,2736,2737,0.00456496320315658,1.0,0.2599450852217377,outer_04,none,0.05
2736,2021-08-16,2737,2738,-0.0005148984868288409,0.0,0.2689970015408173,outer_04,none,0.05
2737,2021-08-17,2738,2739,0.0005988241958405638,1.0,0.349176342883353,outer_04,none,0.05
2738,2021-08-18,2739,2740,-0.0040532527720369416,0.0,0.3832404958719429,outer_05,none,0.05
2739,2021-08-19,2740,2741,0.0007749195987587498,1.0,0.44613199997001785,outer_05,none,0.05
2740,2021-08-20,2741,2742,0.013320780310053237,1.0,0.46032012861901805,outer_05,none,0.05
2741,2021-08-23,2742,2743,-0.0016575064149604302,0.0,0.39305483723949464,outer_05,none,0.05
2742,2021-08-24,2743,2744,-0.006339333033308137,0.0,0.48647045571667674,outer_05,none,0.05
2743,2021-08-25,2744,2745,0.0007757887341606207,1.0,0.4872571098222622,outer_05,none,0.05
2744,2021-08-26,2745,2746,0.01426933866391078,1.0,0.43783932379475154,outer_05,none,0.05
2745,2021-08-27,2746,2747,-0.004509155477386173,0.0,0.3815641321609391,outer_05,none,0.05
2746,2021-08-30,2747,2748,0.002466568776276823,1.0,0.48153714120186175,outer_05,none,0.05
2747,2021-08-31,2748,2749,-0.0002756005353070634,0.0,0.4446006014576445,outer_05,none,0.05
2748,2021-09-01,2749,2750,-0.0024727759008191796,0.0,0.4410080277714606,outer_05,none,0.05
2749,2021-09-02,2750,2751,0.010336066157591084,1.0,0.48709685591515717,outer_05,none,0.05
2750,2021-09-03,2751,2752,-0.0026069207659524807,0.0,0.47622769147938476,outer_05,none,0.05
2751,2021-09-06,2752,2753,-0.015702310936113406,0.0,0.5702077467363512,outer_05,none,0.05
2752,2021-09-07,2753,2754,-0.0031132684868211413,0.0,0.5071826364308204,outer_05,none,0.05
2753,2021-09-08,2754,2755,0.0024166936562739494,1.0,0.4179510984501661,outer_05,none,0.05
2754,2021-09-09,2755,2756,-0.0036412212619048034,0.0,0.4447712253124385,outer_05,none,0.05
2755,2021-09-10,2756,2757,0.003368031490883716,1.0,0.4067082085997733,outer_05,none,0.05
2756,2021-09-13,2757,2758,0.005826705835633383,1.0,0.4232454720154843,outer_05,none,0.05
2757,2021-09-14,2758,2759,-0.00541416227577507,0.0,0.42064941764900743,outer_05,none,0.05
2758,2021-09-15,2759,2760,-0.022860941070711682,0.0,0.4442446811108668,outer_05,none,0.05
2759,2021-09-16,2760,2761,0.00037060371769115363,1.0,0.37172241196803113,outer_05,none,0.05
2760,2021-09-17,2761,2762,0.005820380886135901,1.0,0.35321675805656905,outer_05,none,0.05
2761,2021-09-20,2762,2763,0.005876852012470124,1.0,0.3899073863373649,outer_05,none,0.05
2762,2021-09-21,2763,2764,-0.0035219651022178056,0.0,0.42163172093760737,outer_05,none,0.05
2763,2021-09-22,2764,2765,-0.01365135082914648,0.0,0.45695764699030317,outer_05,none,0.05
2764,2021-09-23,2765,2766,0.002958979966625641,1.0,0.38439552300374596,outer_05,none,0.05
2765,2021-09-24,2766,2767,0.0004913611946379959,1.0,0.37584439889410154,outer_05,none,0.05
2766,2021-09-27,2767,2768,-0.009452359846261693,0.0,0.42390974141757026,outer_05,none,0.05
2767,2021-09-28,2768,2769,-0.004368888492344958,0.0,0.44840484779808526,outer_05,none,0.05
2768,2021-09-29,2769,2770,0.016758660795518132,1.0,0.43781803963664706,outer_05,none,0.05
2769,2021-09-30,2770,2771,0.0028265877131810058,1.0,0.3635397023748682,outer_05,none,0.05
2770,2021-10-01,2771,2772,0.004431355355990263,1.0,0.44762241900480343,outer_05,none,0.05
2771,2021-10-04,2772,2773,-0.004868754711409018,0.0,0.4061979729213378,outer_05,none,0.05
2772,2021-10-05,2773,2774,0.0016633696429773082,1.0,0.3948170879129329,outer_05,none,0.05
2773,2021-10-06,2774,2775,-0.003984216200589863,0.0,0.40470011648138215,outer_05,none,0.05
2774,2021-10-07,2775,2776,0.0005864084360354127,1.0,0.4718295148183072,outer_05,none,0.05
2775,2021-10-08,2776,2777,-0.0018115740578554806,0.0,0.4312320606977257,outer_05,none,0.05
2776,2021-10-11,2777,2778,0.003932296807835911,1.0,0.4496004564974944,outer_05,none,0.05
2777,2021-10-12,2778,2779,0.01819546896728319,1.0,0.47038380626758963,outer_05,none,0.05
2778,2021-10-13,2779,2780,0.0016661794579206912,1.0,0.3666129818046063,outer_05,none,0.05
2779,2021-10-14,2780,2781,-0.016188049953898442,0.0,0.456560823876864,outer_05,none,0.05
2780,2021-10-15,2781,2782,-0.0012740261794448315,0.0,0.414006273443963,outer_05,none,0.05
2781,2021-10-18,2782,2783,0.0025464312812593093,1.0,0.3382445262686139,outer_05,none,0.05
2782,2021-10-19,2783,2784,0.007443560415046235,1.0,0.41411107508379785,outer_05,none,0.05
2783,2021-10-20,2784,2785,0.0004038115376721052,1.0,0.4642934298071844,outer_05,none,0.05
2784,2021-10-21,2785,2786,0.005346320370899882,1.0,0.48217085818231215,outer_05,none,0.05
2785,2021-10-22,2786,2787,0.008065859003878906,1.0,0.38302443298846,outer_05,none,0.05
2786,2021-10-25,2787,2788,-0.007982200564506492,0.0,0.35472759711236895,outer_05,none,0.05
2787,2021-10-26,2788,2789,0.002044665780042365,1.0,0.4442666559881937,outer_05,none,0.05
2788,2021-10-27,2789,2790,0.0015238140558988533,1.0,0.44558488969674587,outer_05,none,0.05
2789,2021-10-28,2790,2791,-0.0090040660232793,0.0,0.41938372792837697,outer_05,none,0.05
2790,2021-10-29,2791,2792,0.0052905737773683015,1.0,0.4108046615665418,outer_05,none,0.05
2791,2021-11-01,2792,2793,-0.0028990789621490265,0.0,0.4224272991240091,outer_05,none,0.05
2792,2021-11-02,2793,2794,-0.009148752480990119,0.0,0.4615497462785683,outer_05,none,0.05
2793,2021-11-03,2794,2795,0.011093571661412227,1.0,0.43481227685506085,outer_05,none,0.05
2794,2021-11-04,2795,2796,0.01363002136688074,1.0,0.436582829826313,outer_05,none,0.05
2795,2021-11-05,2796,2797,0.004719827881247696,1.0,0.4573278705255646,outer_05,none,0.05
2796,2021-11-08,2797,2798,0.004004513157998879,1.0,0.5121882620065391,outer_05,none,0.05
2797,2021-11-09,2798,2799,0.009444233888031839,1.0,0.48796601289702346,outer_05,none,0.05
2798,2021-11-10,2799,2800,0.006882769919783094,1.0,0.3973857478650005,outer_05,none,0.05
2799,2021-11-11,2800,2801,0.002703472710326338,1.0,0.487388774103849,outer_05,none,0.05
2800,2021-11-12,2801,2802,-0.0019947135996805088,0.0,0.4949814879446806,outer_05,none,0.05
2801,2021-11-15,2802,2803,-0.006910304313474391,0.0,0.5234602033229198,outer_05,none,0.05
2802,2021-11-16,2803,2804,0.008610351112203318,1.0,0.5114104896379621,outer_05,none,0.05
2803,2021-11-17,2804,2805,-0.003784802514489982,0.0,0.5336581601894994,outer_05,none,0.05
2804,2021-11-18,2805,2806,-0.009185827738496855,0.0,0.5720259397057841,outer_05,none,0.05
2805,2021-11-19,2806,2807,-0.01873381929502127,0.0,0.46807411779382185,outer_05,none,0.05
2806,2021-11-22,2807,2808,-0.0105085618563443,0.0,0.3132704976741544,outer_05,none,0.05
2807,2021-11-23,2808,2809,-0.0006541740168382049,0.0,0.318975215622663,outer_05,none,0.05
2808,2021-11-24,2809,2810,0.0014196291228385505,1.0,0.3198367740369265,outer_05,none,0.05
2809,2021-11-25,2810,2811,-0.0010841018105631761,0.0,0.4054270416682387,outer_05,none,0.05
2810,2021-11-26,2811,2812,-0.001908413546344967,0.0,0.42594063319816666,outer_05,none,0.05
2811,2021-11-29,2812,2813,-0.005172672252484745,0.0,0.36735741244306996,outer_05,none,0.05
2812,2021-11-30,2813,2814,0.003131511895961836,1.0,0.37568449807778503,outer_05,none,0.05
2813,2021-12-01,2814,2815,-0.006651390980661809,0.0,0.40414197629204995,outer_05,none,0.05
2814,2021-12-02,2815,2816,0.006943240523069605,1.0,0.4386416058338904,outer_05,none,0.05
2815,2021-12-03,2816,2817,-0.0017242690873553457,0.0,0.3889854823093989,outer_05,none,0.05
2816,2021-12-06,2817,2818,0.0031822405226522577,1.0,0.4149442806107164,outer_05,none,0.05
2817,2021-12-07,2818,2819,-0.0008520944097947236,0.0,0.4126325029536111,outer_05,none,0.05
2818,2021-12-08,2819,2820,-0.0039841921506234,0.0,0.44646749286451626,outer_05,none,0.05
2819,2021-12-09,2820,2821,0.0038103205627653125,1.0,0.48352000302665266,outer_05,none,0.05
2820,2021-12-10,2821,2822,0.0017821520554477388,1.0,0.4722346986521849,outer_05,none,0.05
2821,2021-12-13,2822,2823,-0.008157711393939948,0.0,0.49040768797558715,outer_05,none,0.05
2822,2021-12-14,2823,2824,0.0038875697593017122,1.0,0.46241148096683726,outer_05,none,0.05
2823,2021-12-15,2824,2825,0.011211475296484252,1.0,0.447243099938875,outer_05,none,0.05
2824,2021-12-16,2825,2826,0.0010670520922415605,1.0,0.4127104214546011,outer_05,none,0.05
2825,2021-12-17,2826,2827,-0.005296424911123587,0.0,0.4601806811180003,outer_05,none,0.05
2826,2021-12-20,2827,2828,-0.0010783117924333396,0.0,0.39709730564884166,outer_05,none,0.05
2827,2021-12-21,2828,2829,0.007939908081847413,1.0,0.39624304822610096,outer_05,none,0.05
2828,2021-12-22,2829,2830,0.0015737998870566372,1.0,0.46851247583665573,outer_05,none,0.05
2829,2021-12-23,2830,2831,0.0030849888462132213,1.0,0.5434124884939406,outer_05,none,0.05
2830,2021-12-27,2831,2832,-0.0027583479572816927,0.0,0.5044663205521394,outer_05,none,0.05
2831,2021-12-28,2832,2833,-0.0015788296121996837,0.0,0.5018660684839956,outer_05,none,0.05
2832,2021-12-29,2833,2834,0.006041446098111081,1.0,0.4775536852589404,outer_05,none,0.05
2833,2021-12-30,2834,2835,0.008773068967757425,1.0,0.4771049734118269,outer_05,none,0.05
2834,2021-12-31,2835,2836,-0.015507771373841628,0.0,0.5083834236287699,outer_05,none,0.05
2835,2022-01-03,2836,2837,0.006293746406347722,1.0,0.46565328448275767,outer_05,none,0.05
2836,2022-01-04,2837,2838,-0.0020861510366669833,0.0,0.4292542892089259,outer_05,none,0.05
2837,2022-01-05,2838,2839,-0.010485373358484651,0.0,0.44704440480855623,outer_05,none,0.05
2838,2022-01-06,2839,2840,0.0021025458579781997,1.0,0.3620488530981326,outer_05,none,0.05
2839,2022-01-07,2840,2841,0.0030372503434001885,1.0,0.35218647186057367,outer_05,none,0.05
2840,2022-01-10,2841,2842,0.01089900446472214,1.0,0.3569749909862374,outer_05,none,0.05
2841,2022-01-11,2842,2843,0.00309387177933651,1.0,0.4138005288541693,outer_05,none,0.05
2842,2022-01-12,2843,2844,-0.002352445515909629,0.0,0.461300409647375,outer_05,none,0.05
2843,2022-01-13,2844,2845,-0.0022754514000604686,0.0,0.4704502516507373,outer_05,none,0.05
2844,2022-01-14,2845,2846,0.0005061035089681809,1.0,0.4295337735817141,outer_05,none,0.05
2845,2022-01-17,2846,2847,-0.002307047425731845,0.0,0.4836388160459309,outer_05,none,0.05
2846,2022-01-18,2847,2848,0.014295809212321764,1.0,0.4680647808264819,outer_05,none,0.05
2847,2022-01-19,2848,2849,-0.0005109445518902689,0.0,0.4838388691917579,outer_05,none,0.05
2848,2022-01-20,2849,2850,-0.0034639048185685084,0.0,0.5347140634515132,outer_05,none,0.05
2849,2022-01-21,2850,2851,0.005413874340144176,1.0,0.4558193307508414,outer_05,none,0.05
2850,2022-01-24,2851,2852,0.0025146747698698846,1.0,0.4480032059056963,outer_05,none,0.05
2851,2022-01-25,2852,2853,-0.01505190140395829,0.0,0.5142235517340341,outer_05,none,0.05
2852,2022-01-26,2853,2854,-0.01249052092586922,0.0,0.4574912272098136,outer_05,none,0.05
2853,2022-01-27,2854,2855,-0.004651093358930325,0.0,0.4258294354479066,outer_05,none,0.05
2854,2022-01-28,2855,2856,0.004767928463005333,1.0,0.40152513758636416,outer_05,none,0.05
2855,2022-01-31,2856,2857,0.0019507971939320967,1.0,0.37716191744267225,outer_05,none,0.05
2856,2022-02-01,2857,2858,0.0032816357790954598,1.0,0.47707886565356783,outer_05,none,0.05
2857,2022-02-02,2858,2859,-0.0011850245313516083,0.0,0.4470293930240875,outer_05,none,0.05
2858,2022-02-03,2859,2860,0.0020645782837007687,1.0,0.4611874930147712,outer_05,none,0.05
2859,2022-02-04,2860,2861,0.0069812638731869825,1.0,0.4414435029054377,outer_05,none,0.05
2860,2022-02-07,2861,2862,0.002495237039592091,1.0,0.44559749564011913,outer_05,none,0.05
2861,2022-02-08,2862,2863,0.003821253307046746,1.0,0.4950842655770292,outer_05,none,0.05
2862,2022-02-09,2863,2864,-0.002983592466887508,0.0,0.5215877153736113,outer_05,none,0.05
2863,2022-02-10,2864,2865,0.015519678126221237,1.0,0.5449613646789011,outer_05,none,0.05
2864,2022-02-11,2865,2866,0.007894996770263063,1.0,0.5156428721458098,outer_05,none,0.05
2865,2022-02-14,2866,2867,-0.008989427950563567,0.0,0.5278105373730844,outer_05,none,0.05
2866,2022-02-15,2867,2868,0.008604444441282055,1.0,0.6164109763437498,outer_05,none,0.05
2867,2022-02-16,2868,2869,0.015305960946450092,1.0,0.5517891599274998,outer_05,none,0.05
2868,2022-02-17,2869,2870,0.0020256608079360916,1.0,0.5751129832838644,outer_05,none,0.05
2869,2022-02-18,2870,2871,0.004959979129378844,1.0,0.6464858969409094,outer_05,none,0.05
2870,2022-02-21,2871,2872,-0.006869777287090706,0.0,0.6193408501898229,outer_05,none,0.05
2871,2022-02-22,2872,2873,0.0057132510277559945,1.0,0.553156806174876,outer_05,none,0.05
2872,2022-02-23,2873,2874,-0.0017241880543927834,0.0,0.60293350971601,outer_05,none,0.05
2873,2022-02-24,2874,2875,0.006946704742326837,1.0,0.5651346452032956,outer_05,none,0.05
2874,2022-02-25,2875,2876,-0.006003011687077731,0.0,0.48897101157935935,outer_05,none,0.05
2875,2022-02-28,2876,2877,0.0180100836108128,1.0,0.5048599392688811,outer_05,none,0.05
2876,2022-03-01,2877,2878,-0.007081183956882953,0.0,0.5226125921075107,outer_05,none,0.05
2877,2022-03-02,2878,2879,0.0038541275182000234,1.0,0.604905933599029,outer_05,none,0.05
2878,2022-03-03,2879,2880,0.0224393507630678,1.0,0.5518109774024985,outer_05,none,0.05
2879,2022-03-04,2880,2881,0.008326049255015455,1.0,0.5178098289487899,outer_05,none,0.05
2880,2022-03-07,2881,2882,0.026083450626256166,1.0,0.5612878834264753,outer_05,none,0.05
2881,2022-03-08,2882,2883,-0.028770775198564635,0.0,0.4949820878732913,outer_05,none,0.05
2882,2022-03-09,2883,2884,0.002747405982637119,1.0,0.649041582686592,outer_05,none,0.05
2883,2022-03-10,2884,2885,-0.0088608301995583,0.0,0.6388922706596721,outer_05,none,0.05
2884,2022-03-11,2885,2886,-0.013450460977923129,0.0,0.706173378196556,outer_05,none,0.05
2885,2022-03-14,2886,2887,-0.017127534728539118,0.0,0.7775453733173758,outer_05,none,0.05
2886,2022-03-15,2887,2888,0.0029278333901707754,1.0,0.7422611820348808,outer_05,none,0.05
2887,2022-03-16,2888,2889,0.008495595202408168,1.0,0.6257700047699384,outer_05,none,0.05
2888,2022-03-17,2889,2890,-0.008822795693531837,0.0,0.5666455491655921,outer_05,none,0.05
2889,2022-03-18,2890,2891,0.005708026396039401,1.0,0.6625447928537569,outer_05,none,0.05
2890,2022-03-21,2891,2892,-0.007715119489669853,0.0,0.566082380224895,outer_05,none,0.05
2891,2022-03-22,2892,2893,0.01196200127537761,1.0,0.5644068743406163,outer_05,none,0.05
2892,2022-03-23,2893,2894,0.00743996914232703,1.0,0.5429220099015256,outer_05,none,0.05
2893,2022-03-24,2894,2895,-0.0016655941232430749,0.0,0.6212488339418895,outer_05,none,0.05
2894,2022-03-25,2895,2896,-0.017163996218474864,0.0,0.59127642215341,outer_05,none,0.05
2895,2022-03-28,2896,2897,-0.0011555038657373728,0.0,0.6070012370717958,outer_05,none,0.05
2896,2022-03-29,2897,2898,0.006757904720719132,1.0,0.5402451703442114,outer_05,none,0.05
2897,2022-03-30,2898,2899,0.0020670239641349397,1.0,0.5704641326365516,outer_05,none,0.05
2898,2022-03-31,2899,2900,-0.006775086647703432,0.0,0.6391598640402575,outer_05,none,0.05
2899,2022-04-01,2900,2901,0.004361418019330543,1.0,0.631708071467771,outer_05,none,0.05
2900,2022-04-04,2901,2902,-0.004907285168823883,0.0,0.5426944258594327,outer_05,none,0.05
2901,2022-04-05,2902,2903,0.0005510644520931862,1.0,0.5805134136210743,outer_05,none,0.05
2902,2022-04-06,2903,2904,0.003962866330415871,1.0,0.5450694898667752,outer_05,none,0.05
2903,2022-04-07,2904,2905,0.008187047575324513,1.0,0.5297396472578513,outer_05,none,0.05
2904,2022-04-08,2905,2906,0.002394952771338943,1.0,0.4864580765828905,outer_05,none,0.05
2905,2022-04-11,2906,2907,0.007415058457898915,1.0,0.43247444309846866,outer_05,none,0.05
2906,2022-04-12,2907,2908,0.005238441667246185,1.0,0.4161713312520672,outer_05,none,0.05
2907,2022-04-13,2908,2909,-0.002400292833435458,0.0,0.4409145678978774,outer_05,none,0.05
2908,2022-04-14,2909,2910,0.002607642625690687,1.0,0.4970428072246759,outer_05,none,0.05
2909,2022-04-18,2910,2911,-0.014121716084114055,0.0,0.47663890563790373,outer_05,none,0.05
2910,2022-04-19,2911,2912,0.003184976987287591,1.0,0.5278821568487205,outer_05,none,0.05
2911,2022-04-20,2912,2913,-0.002943956907096812,0.0,0.4941872689063389,outer_05,none,0.05
2912,2022-04-21,2913,2914,-0.009044614837963039,0.0,0.4598877539035493,outer_05,none,0.05
2913,2022-04-22,2914,2915,-0.017837900248832028,0.0,0.4930905752527707,outer_05,none,0.05
2914,2022-04-25,2915,2916,0.003932107952861585,1.0,0.48262040563346836,outer_05,none,0.05
2915,2022-04-26,2916,2917,-0.010840114483251284,0.0,0.4428898345427781,outer_05,none,0.05
2916,2022-04-27,2917,2918,0.005094453949062938,1.0,0.5191852632524739,outer_05,none,0.05
2917,2022-04-28,2918,2919,0.00220324778142178,1.0,0.518833528985801,outer_05,none,0.05
2918,2022-04-29,2919,2920,-0.01905589018356313,0.0,0.5391572150713757,outer_05,none,0.05
2919,2022-05-02,2920,2921,0.002449451170417838,1.0,0.5496213996846567,outer_05,none,0.05
2920,2022-05-03,2921,2922,0.007408211677290666,1.0,0.5460621298111478,outer_05,none,0.05
2921,2022-05-04,2922,2923,-0.0029801522774786093,0.0,0.5135562104364066,outer_05,none,0.05
2922,2022-05-05,2923,2924,0.003808758354590047,1.0,0.5878468473955748,outer_05,none,0.05
2923,2022-05-06,2924,2925,-0.01618584422034086,0.0,0.5385680777647377,outer_05,none,0.05
2924,2022-05-09,2925,2926,-0.0077135965581973664,0.0,0.5111847361812808,outer_05,none,0.05
2925,2022-05-10,2926,2927,0.006725638231221964,1.0,0.5705257381804099,outer_05,none,0.05
2926,2022-05-11,2927,2928,-0.015656195371845705,0.0,0.5714326980049361,outer_05,none,0.05
2927,2022-05-12,2928,2929,-0.004564259386474312,0.0,0.6639282328530776,outer_05,none,0.05
2928,2022-05-13,2929,2930,0.00583633583872345,1.0,0.6673794767027743,outer_05,none,0.05
2929,2022-05-16,2930,2931,-0.005825312546506645,0.0,0.5876187303492699,outer_05,none,0.05
2930,2022-05-17,2931,2932,0.001079693604140175,1.0,0.6971397532931508,outer_05,none,0.05
2931,2022-05-18,2932,2933,0.013996106248074014,1.0,0.7107720664827474,outer_05,none,0.05
2932,2022-05-19,2933,2934,0.0032738398718317185,1.0,0.5663539757394266,outer_05,none,0.05
2933,2022-05-20,2934,2935,0.0028909172447191267,1.0,0.598745987682941,outer_05,none,0.05
2934,2022-05-23,2935,2936,0.006421897322354653,1.0,0.5515331438162193,outer_05,none,0.05
2935,2022-05-24,2936,2937,-0.006734901572054142,0.0,0.5069702206687723,outer_05,none,0.05
2936,2022-05-25,2937,2938,-0.0011287079114232768,0.0,0.6173028510668681,outer_05,none,0.05
2937,2022-05-26,2938,2939,0.0008695958008013704,1.0,0.6461551635821592,outer_05,none,0.05
2938,2022-05-27,2939,2940,0.0020440805656738448,1.0,0.6576649247619937,outer_05,none,0.05
2939,2022-05-30,2940,2941,-0.010447536922125522,0.0,0.6327900454757295,outer_05,none,0.05
2940,2022-05-31,2941,2942,0.005640822043029736,1.0,0.6471275645323391,outer_05,none,0.05
2941,2022-06-01,2942,2943,0.011663430504387229,1.0,0.574721727957883,outer_05,none,0.05
2942,2022-06-02,2943,2944,-0.009808217664055263,0.0,0.5151130256135055,outer_05,none,0.05
2943,2022-06-03,2944,2945,-0.005293468684139491,0.0,0.6096400218755952,outer_05,none,0.05
2944,2022-06-06,2945,2946,0.006373639023994571,1.0,0.5603872606904831,outer_05,none,0.05
2945,2022-06-07,2946,2947,9.715812492494535e-05,1.0,0.550054275371187,outer_05,none,0.05
2946,2022-06-08,2947,2948,-0.002707765803321216,0.0,0.6223059075278213,outer_05,none,0.05
2947,2022-06-09,2948,2949,0.01635601273920173,1.0,0.6377990676678714,outer_05,none,0.05
2948,2022-06-10,2949,2950,-0.03420085584164134,0.0,0.5641535018136813,outer_05,none,0.05
2949,2022-06-13,2950,2951,-0.004273463586889292,0.0,0.47592070455412394,outer_05,none,0.05
2950,2022-06-14,2951,2952,0.014152604930142587,1.0,0.46771473737052394,outer_05,none,0.05
2951,2022-06-15,2952,2953,0.011126747373415569,1.0,0.5083672603321047,outer_05,none,0.05
2952,2022-06-16,2953,2954,-0.009578632874448267,0.0,0.5456218150983112,outer_05,none,0.05
2953,2022-06-17,2954,2955,0.0010126086969650672,1.0,0.6027522222147437,outer_05,none,0.05
2954,2022-06-20,2955,2956,-0.002937211762493064,0.0,0.5027711435861051,outer_05,none,0.05
2955,2022-06-21,2956,2957,0.0026106758161477117,1.0,0.5579534602502065,outer_05,none,0.05
2956,2022-06-22,2957,2958,-0.0072876585853753895,0.0,0.5630909779349242,outer_05,none,0.05
2957,2022-06-23,2958,2959,0.006552562622254676,1.0,0.5804863765223917,outer_05,none,0.05
2958,2022-06-24,2959,2960,-0.007199762135861043,0.0,0.549799442611013,outer_05,none,0.05
2959,2022-06-27,2960,2961,-0.0019276241007046835,0.0,0.5595630128203322,outer_05,none,0.05
2960,2022-06-28,2961,2962,-0.000643367970920572,0.0,0.5427511508277529,outer_05,none,0.05
2961,2022-06-29,2962,2963,-0.006246192320325861,0.0,0.5624901554768825,outer_05,none,0.05
2962,2022-06-30,2963,2964,0.0026312458866373234,1.0,0.5577131969022243,outer_05,none,0.05
2963,2022-07-01,2964,2965,-0.0019119408149546047,0.0,0.5162854190004764,outer_05,none,0.05
2964,2022-07-04,2965,2966,-0.02340855667718955,0.0,0.5427456503926695,outer_05,none,0.05
2965,2022-07-05,2966,2967,-0.014876948575182958,0.0,0.6323732726975206,outer_05,none,0.05
2966,2022-07-06,2967,2968,0.0003160347434683075,1.0,0.6088741833993846,outer_05,none,0.05
2967,2022-07-07,2968,2969,0.00028721766700900986,1.0,0.6286586991257147,outer_05,none,0.05
2968,2022-07-08,2969,2970,-0.0043284878181468756,0.0,0.6643590698345645,outer_05,none,0.05
2969,2022-07-11,2970,2971,-0.004468977580072142,0.0,0.6945432199451456,outer_05,none,0.05
2970,2022-07-12,2971,2972,0.005685378969518595,1.0,0.6503007990173995,outer_05,none,0.05
2971,2022-07-13,2972,2973,-0.01710128749859674,0.0,0.5918002885187098,outer_05,none,0.05
2972,2022-07-14,2973,2974,0.0002695607348375262,1.0,0.6734934207693619,outer_05,none,0.05
2973,2022-07-15,2974,2975,0.0019258298285977915,1.0,0.6490793680669581,outer_05,none,0.05
2974,2022-07-18,2975,2976,0.00085343688870676,1.0,0.6524709089454033,outer_05,none,0.05
2975,2022-07-19,2976,2977,-0.008714664887924606,0.0,0.7058637694030699,outer_05,none,0.05
2976,2022-07-20,2977,2978,0.012522860308003203,1.0,0.7646796352712595,outer_05,none,0.05
2977,2022-07-21,2978,2979,0.005022320645224454,1.0,0.6313727096228483,outer_05,none,0.05
2978,2022-07-22,2979,2980,-0.004370608422919808,0.0,0.6431643815433455,outer_05,none,0.05
2979,2022-07-25,2980,2981,-0.001006841367876099,0.0,0.6952451440432893,outer_05,none,0.05
2980,2022-07-26,2981,2982,0.009861658585408328,1.0,0.6869509485783248,outer_05,none,0.05
2981,2022-07-27,2982,2983,0.011972553168898337,1.0,0.662965476977125,outer_05,none,0.05
2982,2022-07-28,2983,2984,0.005374951861355726,1.0,0.6462433667228943,outer_05,none,0.05
2983,2022-07-29,2984,2985,0.003936144611319747,1.0,0.6094377746082612,outer_05,none,0.05
2984,2022-08-01,2985,2986,-0.00590436446208642,0.0,0.54500403635141,outer_05,none,0.05
2985,2022-08-02,2986,2987,0.0022854949139086145,1.0,0.5617887701214624,outer_05,none,0.05
2986,2022-08-03,2987,2988,0.014419892967690195,1.0,0.6179936215647793,outer_05,none,0.05
2987,2022-08-04,2988,2989,-0.01100988301864092,0.0,0.5945281631911121,outer_05,none,0.05
2988,2022-08-05,2989,2990,0.009797500930717185,1.0,0.6358442453191072,outer_05,none,0.05
2989,2022-08-08,2990,2991,0.003203753472849513,1.0,0.5674441560114624,outer_05,none,0.05
2990,2022-08-09,2991,2992,-0.0013773607599967264,0.0,0.5856250532018021,outer_05,none,0.05
2991,2022-08-10,2992,2993,-0.0012507469817446548,0.0,0.6267448847328768,outer_05,none,0.05
2992,2022-08-11,2993,2994,0.006732194783170442,1.0,0.6165754114811909,outer_05,none,0.05
2993,2022-08-12,2994,2995,-0.012430567092369671,0.0,0.5602143861651306,outer_05,none,0.05
2994,2022-08-15,2995,2996,-0.002193859201677917,0.0,0.5817893950389724,outer_05,none,0.05
2995,2022-08-16,2996,2997,-0.00750667704529473,0.0,0.5834248945704049,outer_05,none,0.05
2996,2022-08-17,2997,2998,-0.001999205527575043,0.0,0.5563022107347729,outer_05,none,0.05
2997,2022-08-18,2998,2999,-0.0070861182101547016,0.0,0.5646795292561366,outer_05,none,0.05
2998,2022-08-19,2999,3000,-0.006174117692037129,0.0,0.519002107959216,outer_05,none,0.05
2999,2022-08-22,3000,3001,0.006820909370400585,1.0,0.48210258481437573,outer_05,none,0.05
3000,2022-08-23,3001,3002,0.0021491494557039914,1.0,0.5242098907835137,outer_05,none,0.05
3001,2022-08-24,3002,3003,0.004068428043909833,1.0,0.584349697572332,outer_05,none,0.05
3002,2022-08-25,3003,3004,-0.01293479187147728,0.0,0.5530100265912995,outer_05,none,0.05
3003,2022-08-26,3004,3005,0.0010939030395906713,1.0,0.5214772607559174,outer_05,none,0.05
3004,2022-08-29,3005,3006,-0.008361238230384593,0.0,0.5075287789708308,outer_05,none,0.05
3005,2022-08-30,3006,3007,-0.007180261629385676,0.0,0.5302986720157402,outer_05,none,0.05
3006,2022-08-31,3007,3008,-0.007903509690058819,0.0,0.5494417037917804,outer_05,none,0.05
3007,2022-09-01,3008,3009,0.00820152787137296,1.0,0.4958390318515578,outer_05,none,0.05
3008,2022-09-02,3009,3010,-0.0005435116243655003,0.0,0.46586485874800937,outer_05,none,0.05
3009,2022-09-05,3010,3011,-0.005075320042966069,0.0,0.5900322704121365,outer_05,none,0.05
3010,2022-09-06,3011,3012,0.009711964776146331,1.0,0.5174042322530285,outer_05,none,0.05
3011,2022-09-07,3012,3013,-0.005777225851241852,0.0,0.4505890560987154,outer_05,none,0.05
3012,2022-09-08,3013,3014,0.005777225851241852,1.0,0.5222740151167874,outer_05,none,0.05
3013,2022-09-09,3014,3015,0.003456181140202297,1.0,0.5035884654659798,outer_05,none,0.05
3014,2022-09-12,3015,3016,-0.013585396593088106,0.0,0.46517745944856564,outer_05,none,0.05
3015,2022-09-13,3016,3017,-0.002177227073866028,0.0,0.5149267704354118,outer_05,none,0.05
3016,2022-09-14,3017,3018,-0.019540991835106603,0.0,0.4911565883472184,outer_05,none,0.05
3017,2022-09-15,3018,3019,0.006174171416102325,1.0,0.5305978578997586,outer_05,none,0.05
3018,2022-09-16,3019,3020,0.0005252289044381797,1.0,0.4971793242133469,outer_05,none,0.05
3019,2022-09-19,3020,3021,-0.00667537240009608,0.0,0.5351281446834272,outer_05,none,0.05
3020,2022-09-20,3021,3022,0.0038909038622687575,1.0,0.5667138893967202,outer_05,none,0.05
3021,2022-09-21,3022,3023,0.0001316301195553038,1.0,0.538366180358174,outer_05,none,0.05
3022,2022-09-22,3023,3024,-0.01662602845709138,0.0,0.5020678230490684,outer_05,none,0.05
3023,2022-09-23,3024,3025,-0.012524112846751478,0.0,0.5193700718731907,outer_05,none,0.05
3024,2022-09-26,3025,3026,0.003959037790135511,1.0,0.47659226352588835,outer_05,none,0.05
3025,2022-09-27,3026,3027,0.018142520965768405,1.0,0.5141542826259067,outer_05,none,0.05
3026,2022-09-28,3027,3028,0.0007227522719936985,1.0,0.4869311210283181,outer_05,none,0.05
3027,2022-09-29,3028,3029,0.0013838167869177909,1.0,0.5725667285316867,outer_05,none,0.05
3028,2022-09-30,3029,3030,0.021107770141736815,1.0,0.5080269936111191,outer_05,none,0.05
3029,2022-10-03,3030,3031,0.015352203570083489,1.0,0.2749849276688427,outer_05,none,0.05
3030,2022-10-04,3031,3032,-0.005126219400787946,0.0,0.3487416940424167,outer_05,none,0.05
3031,2022-10-05,3032,3033,-0.0025496301680636435,0.0,0.5130551269929552,outer_05,none,0.05
3032,2022-10-06,3033,3034,-0.008942829393250307,0.0,0.5166578339599652,outer_05,none,0.05
3033,2022-10-07,3034,3035,-0.016899533456244953,0.0,0.5721834730564913,outer_05,none,0.05
3034,2022-10-10,3035,3036,-0.0011036469450376174,0.0,0.6360285505799488,outer_05,none,0.05
3035,2022-10-11,3036,3037,0.004670163800772897,1.0,0.49196718416635593,outer_05,none,0.05
3036,2022-10-12,3037,3038,-0.004742183101976494,0.0,0.48790661370565896,outer_05,none,0.05
3037,2022-10-13,3038,3039,-0.012270685364785372,0.0,0.5163177855446294,outer_05,none,0.05
3038,2022-10-14,3039,3040,0.0028092036518723162,1.0,0.46693958794455154,outer_05,none,0.05
3039,2022-10-17,3040,3041,0.0008720983601318011,1.0,0.36208865406779217,outer_05,none,0.05
3040,2022-10-18,3041,3042,-0.013818545777788849,0.0,0.4127997749302941,outer_05,none,0.05
3041,2022-10-19,3042,3043,-0.0005709812744347786,0.0,0.5558415383034866,outer_05,none,0.05
3042,2022-10-20,3043,3044,0.019154446038592177,1.0,0.5046130921793446,outer_05,none,0.05
3043,2022-10-21,3044,3045,-0.006043044737716663,0.0,0.3950011301175814,outer_05,none,0.05
3044,2022-10-24,3045,3046,0.0014415595564818418,1.0,0.46038604291040347,outer_05,none,0.05
3045,2022-10-25,3046,3047,0.007321003601594711,1.0,0.433427789470572,outer_05,none,0.05
3046,2022-10-26,3047,3048,-0.001033989487719822,0.0,0.3791896133218325,outer_05,none,0.05
3047,2022-10-27,3048,3049,-0.011870975988344412,0.0,0.44316938821310486,outer_05,none,0.05
3048,2022-10-28,3049,3050,-0.006178587595353946,0.0,0.44143203093256494,outer_05,none,0.05
3049,2022-10-31,3050,3051,0.008731656310161817,1.0,0.46995696163081424,outer_05,none,0.05
3050,2022-11-01,3051,3052,-0.007727787659185914,0.0,0.4374721719123815,outer_05,none,0.05
3051,2022-11-02,3052,3053,-0.0034135896334497318,0.0,0.5084384656070094,outer_05,none,0.05
3052,2022-11-03,3053,3054,0.027531534600973906,1.0,0.4696239106923506,outer_05,none,0.05
3053,2022-11-04,3054,3055,0.00029856985263521096,1.0,0.25422059618481324,outer_05,none,0.05
3054,2022-11-07,3055,3056,0.022043152488066653,1.0,0.40145324848758496,outer_05,none,0.05
3055,2022-11-08,3056,3057,-0.0035162171113762852,0.0,0.36161161702004346,outer_05,none,0.05
3056,2022-11-09,3057,3058,0.02738471782157692,1.0,0.45785475623124416,outer_05,none,0.05
3057,2022-11-10,3058,3059,0.005544622712732483,1.0,0.41162671297752107,outer_05,none,0.05
3058,2022-11-11,3059,3060,0.0041313252383652355,1.0,0.5439467764939692,outer_05,none,0.05
3059,2022-11-14,3060,3061,0.004007456629837591,1.0,0.5583298128519677,outer_05,none,0.05
3060,2022-11-15,3061,3062,-0.0022976734911459573,0.0,0.46642326761843395,outer_05,none,0.05
3061,2022-11-16,3062,3063,-0.007441626332928664,0.0,0.5432025204212724,outer_05,none,0.05
3062,2022-11-17,3063,3064,-0.005336504988671109,0.0,0.5731937920346936,outer_05,none,0.05
3063,2022-11-18,3064,3065,-0.0070487397861374035,0.0,0.5172500016614737,outer_05,none,0.05
3064,2022-11-21,3065,3066,0.0006438965158857002,1.0,0.4737267839478672,outer_05,none,0.05
3065,2022-11-22,3066,3067,0.00557075768813764,1.0,0.4291707366847723,outer_05,none,0.05
3066,2022-11-23,3067,3068,0.002950452269464776,1.0,0.437216743901261,outer_05,none,0.05
3067,2022-11-24,3068,3069,-0.0003305653267080544,0.0,0.47172809460047016,outer_05,none,0.05
3068,2022-11-25,3069,3070,-0.008138920938845828,0.0,0.4781893476519237,outer_05,none,0.05
3069,2022-11-28,3070,3071,0.005330411369388166,1.0,0.4546174130149997,outer_05,none,0.05
3070,2022-11-29,3071,3072,0.01120963068517078,1.0,0.43554503791852106,outer_05,none,0.05
3071,2022-11-30,3072,3073,0.018504112198657552,1.0,0.49175317952375397,outer_05,none,0.05
3072,2022-12-01,3073,3074,-0.0034073477079816783,0.0,0.48800435598210795,outer_05,none,0.05
3073,2022-12-02,3074,3075,-0.015605632947854886,0.0,0.497224047030874,outer_05,none,0.05
3074,2022-12-05,3075,3076,0.001565356777298632,1.0,0.4632860571352284,outer_05,none,0.05
3075,2022-12-06,3076,3077,0.008367167388292351,1.0,0.4421817223640195,outer_05,none,0.05
3076,2022-12-07,3077,3078,0.0021479521613114727,1.0,0.4865736763605195,outer_05,none,0.05
3077,2022-12-08,3078,3079,0.00405397294753751,1.0,0.4696665233133796,outer_05,none,0.05
3078,2022-12-09,3079,3080,-0.008753011264101218,0.0,0.3771133419256226,outer_05,none,0.05
3079,2022-12-12,3080,3081,0.016359212698121794,1.0,0.36001132226010696,outer_05,none,0.05
3080,2022-12-13,3081,3082,-0.001984670596419491,0.0,0.2982276687284417,outer_05,none,0.05
3081,2022-12-14,3082,3083,-0.016982809083823547,0.0,0.3602206417347469,outer_05,none,0.05
3082,2022-12-15,3083,3084,0.008954296841436893,1.0,0.3588233086530103,outer_05,none,0.05
3083,2022-12-16,3084,3085,-0.002860241271550379,0.0,0.32263717278791326,outer_05,none,0.05
3084,2022-12-19,3085,3086,0.01681448425661891,1.0,0.3952520614800459,outer_05,none,0.05
3085,2022-12-20,3086,3087,-0.0021422305554930077,0.0,0.3736508911749123,outer_05,none,0.05
3086,2022-12-21,3087,3088,-0.011354685996503022,0.0,0.4149770164874943,outer_05,none,0.05
3087,2022-12-22,3088,3089,0.0036955450682896185,1.0,0.43001041159347286,outer_05,none,0.05
3088,2022-12-23,3089,3090,0.0077693932959945755,1.0,0.36087568634395956,outer_05,none,0.05
3089,2022-12-27,3090,3091,-0.005433339053754871,0.0,0.38999607630651434,outer_05,none,0.05
3090,2022-12-28,3091,3092,0.005730959743896591,1.0,0.46724758799965227,outer_05,none,0.05
3091,2022-12-29,3092,3093,0.006541768838413731,1.0,0.41078689190088014,outer_05,none,0.05
3092,2022-12-30,3093,3094,0.006651540212460283,1.0,0.3521700750205899,outer_05,none,0.05
3093,2023-01-03,3094,3095,0.0085129019153527,1.0,0.3430464168738521,outer_05,none,0.05
3094,2023-01-04,3095,3096,-0.012032325007308664,0.0,0.3799116603384553,outer_05,none,0.05
3095,2023-01-05,3096,3097,0.019146427333970983,1.0,0.40617659791935384,outer_05,none,0.05
3096,2023-01-06,3097,3098,0.0017492669042704634,1.0,0.34399848189661303,outer_05,none,0.05
3097,2023-01-09,3098,3099,0.0032017273974398464,1.0,0.41967663039983094,outer_05,none,0.05
3098,2023-01-10,3099,3100,-0.001076770645300762,0.0,0.4426709883588472,outer_05,none,0.05
3099,2023-01-11,3100,3101,0.011016604333481617,1.0,0.45586555575984644,outer_05,none,0.05
3100,2023-01-12,3101,3102,0.012194953397708375,1.0,0.3805556782942494,outer_05,none,0.05
3101,2023-01-13,3102,3103,-0.0020657068826395175,0.0,0.3632809835680129,outer_05,none,0.05
3102,2023-01-16,3103,3104,-0.0035623993084268335,0.0,0.4801104387488134,outer_05,none,0.05
3103,2023-01-17,3104,3105,-0.0022191744653232703,0.0,0.443807040751613,outer_05,none,0.05
3104,2023-01-18,3105,3106,0.014417623589513262,1.0,0.4394499259274845,outer_05,none,0.05
3105,2023-01-19,3106,3107,-0.0029967462647508825,0.0,0.40117389150009314,outer_05,none,0.05
3106,2023-01-20,3107,3108,0.002608401772420166,1.0,0.440855386637459,outer_05,none,0.05
3107,2023-01-23,3108,3109,0.0031851442144388287,1.0,0.4137286246327598,outer_05,none,0.05
3108,2023-01-24,3109,3110,0.004851253482493156,1.0,0.3835469564883609,outer_05,none,0.05
3109,2023-01-25,3110,3111,-0.009378641518257957,0.0,0.41504619475645327,outer_05,none,0.05
3110,2023-01-26,3111,3112,-0.0005809882150193957,0.0,0.43979554247783365,outer_05,none,0.05
3111,2023-01-27,3112,3113,-0.0021765168233676135,0.0,0.429203262748519,outer_05,none,0.05
3112,2023-01-30,3113,3114,0.002601916290251971,1.0,0.4412649134659117,outer_05,none,0.05
3113,2023-01-31,3114,3115,0.012094551833313538,1.0,0.4194067363491001,outer_05,none,0.05
3114,2023-02-01,3115,3116,-0.020464501346523,0.0,0.4280681222564002,outer_05,none,0.05
3115,2023-02-02,3116,3117,-0.026456513447935315,0.0,0.4081936275655576,outer_05,none,0.05
3116,2023-02-03,3117,3118,0.0029547822170847837,1.0,0.38888913520346713,outer_05,none,0.05
3117,2023-02-06,3118,3119,0.003415791317810779,1.0,0.4087043647924935,outer_05,none,0.05
3118,2023-02-07,3119,3120,0.0006561627518992807,1.0,0.4619041532616529,outer_05,none,0.05
3119,2023-02-08,3120,3121,-0.006575715038196428,0.0,0.5417205091906918,outer_05,none,0.05
3120,2023-02-09,3121,3122,0.0009765154201577531,1.0,0.6042599765335683,outer_05,none,0.05
3121,2023-02-10,3122,3123,-0.005921998831079023,0.0,0.4750890183045913,outer_05,none,0.05
3122,2023-02-13,3123,3124,0.00016182800954567256,1.0,0.5823520582559257,outer_05,none,0.05
3123,2023-02-14,3124,3125,-0.009565716832751647,0.0,0.563322139096829,outer_05,none,0.05
3124,2023-02-15,3125,3126,5.990061944505243e-05,1.0,0.6236406936474002,outer_05,none,0.05
3125,2023-02-16,3126,3127,0.0024256807603686426,1.0,0.6042882877579226,outer_05,none,0.05
3126,2023-02-17,3127,3128,0.00029872390800900206,1.0,0.5800400806450419,outer_05,none,0.05
3127,2023-02-20,3128,3129,-0.0036450921436950168,0.0,0.634382910924296,outer_05,none,0.05
3128,2023-02-21,3129,3130,-0.004906443390116699,0.0,0.660136672826977,outer_05,none,0.05
3129,2023-02-22,3130,3131,-0.0018036148443876243,0.0,0.6461832763300743,outer_05,none,0.05
3130,2023-02-23,3131,3132,-0.0054194114081802525,0.0,0.6322707104795352,outer_05,none,0.05
3131,2023-02-24,3132,3133,0.0025015303227631236,1.0,0.6302522298752483,outer_05,none,0.05
3132,2023-02-27,3133,3134,0.00518694713838741,1.0,0.6154396972228462,outer_05,none,0.05
3133,2023-02-28,3134,3135,0.005759111057529687,1.0,0.6592764374117442,outer_05,none,0.05
3134,2023-03-01,3135,3136,-0.0005117902425118004,0.0,0.6604144508422716,outer_05,none,0.05
3135,2023-03-02,3136,3137,0.00974422546291187,1.0,0.6292558917728612,outer_05,none,0.05
3136,2023-03-03,3137,3138,-0.004215538859100754,0.0,0.4818588218804213,outer_05,none,0.05
3137,2023-03-06,3138,3139,-0.017736522260697107,0.0,0.5892758053596424,outer_05,none,0.05
3138,2023-03-07,3139,3140,0.00011025115223617377,1.0,0.6014491833360722,outer_05,none,0.05
3139,2023-03-08,3140,3141,0.009458254801495869,1.0,0.5994812346176663,outer_05,none,0.05
3140,2023-03-09,3141,3142,0.0294732352192133,1.0,0.5685896348015659,outer_05,none,0.05
3141,2023-03-10,3142,3143,0.013774148398259634,1.0,0.5040109304696831,outer_05,none,0.05
3142,2023-03-13,3143,3144,-0.0040766550382906885,0.0,0.45452465177423645,outer_05,none,0.05
3143,2023-03-14,3144,3145,0.007720026625833931,1.0,0.4656981151064682,outer_05,none,0.05
3144,2023-03-15,3145,3146,8.336025179644935e-05,1.0,0.4789343137187698,outer_05,none,0.05
3145,2023-03-16,3146,3147,0.0344310743103895,1.0,0.5405853162439194,outer_05,none,0.05
3146,2023-03-17,3147,3148,-0.003928782719481383,0.0,0.5179054655300059,outer_05,none,0.05
3147,2023-03-20,3148,3149,-0.01998193399024828,0.0,0.6616817513386904,outer_05,none,0.05
3148,2023-03-21,3149,3150,0.01530683892527751,1.0,0.6909612928315532,outer_05,none,0.05
3149,2023-03-22,3150,3151,0.012171272599037941,1.0,0.6186437024347227,outer_05,none,0.05
3150,2023-03-23,3151,3152,-0.00798646653639512,0.0,0.6679847061858246,outer_05,none,0.05
3151,2023-03-24,3152,3153,-0.010827182611149233,0.0,0.6640573914199954,outer_05,none,0.05
3152,2023-03-27,3153,3154,0.00865083710011838,1.0,0.6044631129443904,outer_05,none,0.05
3153,2023-03-28,3154,3155,-0.005222262312940096,0.0,0.5114720811000737,outer_05,none,0.05
3154,2023-03-29,3155,3156,0.008611255890354386,1.0,0.6040833105334821,outer_05,none,0.05
3155,2023-03-30,3156,3157,-0.006728504890224585,0.0,0.567628474383637,outer_05,none,0.05
3156,2023-03-31,3157,3158,0.008695927042379203,1.0,0.546634833658682,outer_05,none,0.05
3157,2023-04-03,3158,3159,0.018401000551033775,1.0,0.4834002543775399,outer_05,none,0.05
3158,2023-04-04,3159,3160,-0.00016824020782646443,0.0,0.4775723326976764,outer_05,none,0.05
3159,2023-04-05,3160,3161,-0.011672461142827828,0.0,0.5929849466268763,outer_05,none,0.05
3160,2023-04-06,3161,3162,-0.00312408581301149,0.0,0.6355333920633468,outer_05,none,0.05
3161,2023-04-10,3162,3163,0.006043766722415356,1.0,0.5803016132857942,outer_05,none,0.05
3162,2023-04-11,3163,3164,0.005625291741792715,1.0,0.5896398408651122,outer_05,none,0.05
3163,2023-04-12,3164,3165,0.012691896577243789,1.0,0.5987670481859791,outer_05,none,0.05
3164,2023-04-13,3165,3166,-0.02024102018490126,0.0,0.5917688681026876,outer_05,none,0.05
3165,2023-04-14,3166,3167,-0.002268375179297344,0.0,0.5395598035919491,outer_05,none,0.05
3166,2023-04-17,3167,3168,0.005170192473290314,1.0,0.4685429554067377,outer_05,none,0.05
3167,2023-04-18,3168,3169,-0.005375752110123422,0.0,0.49425452966886646,outer_05,none,0.05
3168,2023-04-19,3169,3170,0.004926795925693561,1.0,0.5874923537947251,outer_05,none,0.05
3169,2023-04-20,3170,3171,-0.010946835581517433,0.0,0.5255329809502495,outer_05,none,0.05
3170,2023-04-21,3171,3172,0.0034243504541446868,1.0,0.4795925814267467,outer_05,none,0.05
3171,2023-04-24,3172,3173,0.0038534533037415386,1.0,0.47248538983885496,outer_05,none,0.05
3172,2023-04-25,3173,3174,-0.0035217133245240007,0.0,0.46631384612806037,outer_05,none,0.05
3173,2023-04-26,3174,3175,-0.0011867288912990048,0.0,0.5028170323532414,outer_05,none,0.05
3174,2023-04-27,3175,3176,0.0010359516342548503,1.0,0.48458649883271726,outer_05,none,0.05
3175,2023-04-28,3176,3177,-0.003736477257727522,0.0,0.4403359234638893,outer_05,none,0.05
3176,2023-05-01,3177,3178,0.016963252071618307,1.0,0.4612153265373979,outer_05,none,0.05
3177,2023-05-02,3178,3179,0.023694864068631638,1.0,0.4277299106230001,outer_05,none,0.05
3178,2023-05-03,3179,3180,-0.0074683454450834574,0.0,0.45064126288780093,outer_05,none,0.05
3179,2023-05-04,3180,3181,-0.015685998173508686,0.0,0.451146606150228,outer_05,none,0.05
3180,2023-05-05,3181,3182,0.00200580015691898,1.0,0.47146485319513454,outer_05,none,0.05
3181,2023-05-08,3182,3183,0.006524383468031303,1.0,0.43216111975594385,outer_05,none,0.05
3182,2023-05-09,3183,3184,-0.00223410996754847,0.0,0.49576653033817436,outer_05,none,0.05
3183,2023-05-10,3184,3185,-0.0072880781829320895,0.0,0.540769027805678,outer_05,none,0.05
3184,2023-05-11,3185,3186,-0.003519625025490747,0.0,0.5163304831919234,outer_05,none,0.05
3185,2023-05-12,3186,3187,0.004224049534858665,1.0,0.40928069077271806,outer_05,none,0.05
3186,2023-05-15,3187,3188,-0.01380647731510809,0.0,0.40294615777430526,outer_05,none,0.05
3187,2023-05-16,3188,3189,-0.0036720949765394195,0.0,0.472760890112365,outer_05,none,0.05
3188,2023-05-17,3189,3190,-0.01192487688743693,0.0,0.5017564394933192,outer_05,none,0.05
3189,2023-05-18,3190,3191,0.010101455270436155,1.0,0.5503629193972923,outer_05,none,0.05
3190,2023-05-19,3191,3192,-0.0030937751740989228,0.0,0.4636150904942501,outer_05,none,0.05
3191,2023-05-22,3192,3193,0.0016873194125572866,1.0,0.5257888139986611,outer_05,none,0.05
3192,2023-05-23,3193,3194,-0.008531589968478137,0.0,0.5125903382997397,outer_05,none,0.05
3193,2023-05-24,3194,3195,-0.008687412326380262,0.0,0.5621750335773111,outer_05,none,0.05
3194,2023-05-25,3195,3196,0.0006951005987421155,1.0,0.5959071895705471,outer_05,none,0.05
3195,2023-05-26,3196,3197,0.0004322633168385437,1.0,0.5503982847871167,outer_05,none,0.05
3196,2023-05-29,3197,3198,0.007789797908276164,1.0,0.5855702986989864,outer_05,none,0.05
3197,2023-05-30,3198,3199,0.0021825385253446683,1.0,0.5784275745511838,outer_05,none,0.05
3198,2023-05-31,3199,3200,0.007004891439212457,1.0,0.5584566875135529,outer_05,none,0.05
3199,2023-06-01,3200,3201,-0.014921390628876097,0.0,0.47367410646776026,outer_05,none,0.05
3200,2023-06-02,3201,3202,0.007101154355567019,1.0,0.5410947307903624,outer_05,none,0.05
3201,2023-06-05,3202,3203,0.0009936129345113898,1.0,0.4504995506773367,outer_05,none,0.05
3202,2023-06-06,3203,3204,-0.011885933845229957,0.0,0.5470343808056185,outer_05,none,0.05
3203,2023-06-07,3204,3205,0.012990487313309984,1.0,0.6009753447658196,outer_05,none,0.05
3204,2023-06-08,3205,3206,-0.002786631077125179,0.0,0.49741226006021627,outer_05,none,0.05
3205,2023-06-09,3206,3207,-0.0016389219462435989,0.0,0.5390438450668057,outer_05,none,0.05
3206,2023-06-12,3207,3208,-0.007071443570675129,0.0,0.49929033182072957,outer_05,none,0.05
3207,2023-06-13,3208,3209,-0.00033970188912757493,0.0,0.407191744464744,outer_05,none,0.05
3208,2023-06-14,3209,3210,0.007472461924314722,1.0,0.41174203319768576,outer_05,none,0.05
3209,2023-06-15,3210,3211,0.00025544480743011633,1.0,0.3914969971079822,outer_05,none,0.05
3210,2023-06-16,3211,3212,-0.003592432130103518,0.0,0.45064226549173575,outer_05,none,0.05
