row_id,date,entry_row_index,exit_row_index,executable_forward_log_return,executable_direction_binary,probability_up,outer_fold,selected_calibration,selected_margin
846,2014-04-17,847,852,0.007488999746499303,1.0,0.5152767974034114,outer_01,sigmoid,0.05
847,2014-04-21,848,853,0.004670918159676241,1.0,0.5121466112597055,outer_01,sigmoid,0.05
848,2014-04-22,849,854,0.008925203573473262,1.0,0.5169373826412677,outer_01,sigmoid,0.05
849,2014-04-23,850,855,0.0057782978152802755,1.0,0.5156895426752873,outer_01,sigmoid,0.05
850,2014-04-24,851,856,-0.007190118428200165,0.0,0.5205180272679724,outer_01,sigmoid,0.05
851,2014-04-25,852,857,-0.0022953837571400015,0.0,0.5164445583500539,outer_01,sigmoid,0.05
852,2014-04-28,853,858,0.010254846892506997,1.0,0.5164955843188286,outer_01,sigmoid,0.05
853,2014-04-29,854,859,0.009725819923140477,1.0,0.5138598701839945,outer_01,sigmoid,0.05
854,2014-04-30,855,860,-0.0009297281215152609,0.0,0.5154251004467698,outer_01,sigmoid,0.05
855,2014-05-01,856,861,0.0044659748095687846,1.0,0.5138674722571968,outer_01,sigmoid,0.05
856,2014-05-02,857,862,-0.00963027324775112,0.0,0.5202941475103636,outer_01,sigmoid,0.05
857,2014-05-05,858,863,-0.010764184764298967,0.0,0.5180539048687769,outer_01,sigmoid,0.05
858,2014-05-06,859,864,-0.01060626483636451,0.0,0.5197898623860704,outer_01,sigmoid,0.05
859,2014-05-07,860,865,0.011490968831592951,1.0,0.5201830958726568,outer_01,sigmoid,0.05
860,2014-05-08,861,866,0.004176049499820422,1.0,0.5189801768709986,outer_01,sigmoid,0.05
861,2014-05-09,862,867,0.0017832226775293947,1.0,0.5168219174161901,outer_01,sigmoid,0.05
862,2014-05-12,863,868,-0.002210133507607459,0.0,0.5187336524173575,outer_01,sigmoid,0.05
863,2014-05-13,864,869,-0.0001468162134097284,0.0,0.520746225804584,outer_01,sigmoid,0.05
864,2014-05-14,865,870,-0.009872250208696087,0.0,0.5199907542457418,outer_01,sigmoid,0.05
865,2014-05-15,866,871,-0.0017610941870582764,0.0,0.5225066495666107,outer_01,sigmoid,0.05
866,2014-05-16,867,872,0.0007356215365508234,1.0,0.5192324543601711,outer_01,sigmoid,0.05
867,2014-05-19,868,873,-0.0002940220692480011,0.0,0.5185012787873046,outer_01,sigmoid,0.05
868,2014-05-20,869,874,-0.023036964057382647,0.0,0.5162005434432678,outer_01,sigmoid,0.05
869,2014-05-21,870,875,-0.02574273853260145,0.0,0.5191897896177134,outer_01,sigmoid,0.05
870,2014-05-22,871,876,-0.02964237679239279,0.0,0.5196128812297327,outer_01,sigmoid,0.05
871,2014-05-23,872,877,-0.03332251363645078,0.0,0.5185570828658942,outer_01,sigmoid,0.05
872,2014-05-26,873,878,-0.038149960301896435,0.0,0.5131097895900695,outer_01,sigmoid,0.05
873,2014-05-27,874,879,-0.015693003715528064,0.0,0.5246136954547685,outer_01,sigmoid,0.05
874,2014-05-28,875,880,-0.012078850152033915,0.0,0.5201287617534742,outer_01,sigmoid,0.05
875,2014-05-29,876,881,-0.0018492397085374535,0.0,0.5249304573462252,outer_01,sigmoid,0.05
876,2014-05-30,877,882,0.0019188339380731279,1.0,0.5234561867866815,outer_01,sigmoid,0.05
877,2014-06-02,878,883,0.006698528300059792,1.0,0.5227046464601811,outer_01,sigmoid,0.05
878,2014-06-03,879,884,0.011588337022836903,1.0,0.5130416924845236,outer_01,sigmoid,0.05
879,2014-06-04,880,885,0.013411982654921495,1.0,0.5140320396218632,outer_01,sigmoid,0.05
880,2014-06-05,881,886,0.01575982561572431,1.0,0.5178125621663332,outer_01,sigmoid,0.05
881,2014-06-06,882,887,0.020460829213822862,1.0,0.5159064769059595,outer_01,sigmoid,0.05
882,2014-06-09,883,888,0.015035493535672906,1.0,0.5120474876977041,outer_01,sigmoid,0.05
883,2014-06-10,884,889,0.009333859488415364,1.0,0.5214910377646532,outer_01,sigmoid,0.05
884,2014-06-11,885,890,0.013594399929328205,1.0,0.5200711299293419,outer_01,sigmoid,0.05
885,2014-06-12,886,891,0.037117090637566186,1.0,0.525476832814162,outer_01,sigmoid,0.05
886,2014-06-13,887,892,0.028193919057423855,1.0,0.5246802483009047,outer_01,sigmoid,0.05
887,2014-06-16,888,893,0.03593432294239829,1.0,0.5225209429181132,outer_01,sigmoid,0.05
888,2014-06-17,889,894,0.036252729270288775,1.0,0.519130287865049,outer_01,sigmoid,0.05
889,2014-06-18,890,895,0.030933556939761964,1.0,0.5211463481061251,outer_01,sigmoid,0.05
890,2014-06-19,891,896,-0.0038668049272700955,0.0,0.5204781173763231,outer_01,sigmoid,0.05
891,2014-06-20,892,897,0.0011709692247778847,1.0,0.5175065310878483,outer_01,sigmoid,0.05
892,2014-06-23,893,898,0.00676163735463664,1.0,0.5147410492624267,outer_01,sigmoid,0.05
893,2014-06-24,894,899,0.006013156258158681,1.0,0.5130949247059253,outer_01,sigmoid,0.05
894,2014-06-25,895,900,0.0065543765906559415,1.0,0.5111609293930486,outer_01,sigmoid,0.05
895,2014-06-26,896,901,0.002700756487434397,1.0,0.5066405838432239,outer_01,sigmoid,0.05
896,2014-06-27,897,902,0.0028683972588812168,1.0,0.5053042506831475,outer_01,sigmoid,0.05
897,2014-06-30,898,903,-0.005282879999456647,0.0,0.5061075626041268,outer_01,sigmoid,0.05
898,2014-07-01,899,904,-0.005163828465176934,0.0,0.5076247827876266,outer_01,sigmoid,0.05
899,2014-07-02,900,905,0.00034655516977721845,1.0,0.5095578714267325,outer_01,sigmoid,0.05
900,2014-07-03,901,906,0.01175699955934384,1.0,0.5117278247717443,outer_01,sigmoid,0.05
901,2014-07-04,902,907,0.014496223637711303,1.0,0.5073334832614145,outer_01,sigmoid,0.05
902,2014-07-07,903,908,-0.00944850551360954,0.0,0.5115894369218508,outer_01,sigmoid,0.05
903,2014-07-08,904,909,-0.01861447612213496,0.0,0.5082163528894389,outer_01,sigmoid,0.05
904,2014-07-09,905,910,-0.02193237367335854,0.0,0.5124944319529005,outer_01,sigmoid,0.05
905,2014-07-10,906,911,-0.012332953498950694,0.0,0.512987123963538,outer_01,sigmoid,0.05
906,2014-07-11,907,912,-0.021980400405335665,0.0,0.5115319195460235,outer_01,sigmoid,0.05
907,2014-07-14,908,913,0.0036651334513910783,1.0,0.5125970355010244,outer_01,sigmoid,0.05
908,2014-07-15,909,914,0.009530322994407037,1.0,0.5141847896772317,outer_01,sigmoid,0.05
909,2014-07-16,910,915,0.004210467834380616,1.0,0.5156495349666177,outer_01,sigmoid,0.05
910,2014-07-17,911,916,-0.019334109067048466,0.0,0.5214115698354956,outer_01,sigmoid,0.05
911,2014-07-18,912,917,-0.003265215388375431,0.0,0.5207439697726645,outer_01,sigmoid,0.05
912,2014-07-21,913,918,-0.0061697207571844714,0.0,0.5181255177524257,outer_01,sigmoid,0.05
913,2014-07-22,914,919,-0.00617667189172888,0.0,0.5183283504935434,outer_01,sigmoid,0.05
914,2014-07-23,915,920,-0.006229783032638103,0.0,0.5147013526121692,outer_01,sigmoid,0.05
915,2014-07-24,916,921,-0.008374029835452212,0.0,0.515217277620347,outer_01,sigmoid,0.05
916,2014-07-25,917,922,-0.009589409772228663,0.0,0.5141551884063875,outer_01,sigmoid,0.05
917,2014-07-28,918,923,-0.012206376576251898,0.0,0.5202978766259148,outer_01,sigmoid,0.05
918,2014-07-29,919,924,-0.008541147734537624,0.0,0.5164539136995538,outer_01,sigmoid,0.05
919,2014-07-30,920,925,0.0075476697012542004,1.0,0.5160146075287196,outer_01,sigmoid,0.05
920,2014-07-31,921,926,0.0225019511745721,1.0,0.5132903115382114,outer_01,sigmoid,0.05
921,2014-08-01,922,927,0.012213129537432366,1.0,0.516184216780071,outer_01,sigmoid,0.05
922,2014-08-04,923,928,0.015231008556424896,1.0,0.5118329795503387,outer_01,sigmoid,0.05
923,2014-08-05,924,929,0.015413658005742015,1.0,0.5143589281068186,outer_01,sigmoid,0.05
924,2014-08-06,925,930,0.004774263234543774,1.0,0.5220729583531577,outer_01,sigmoid,0.05
925,2014-08-07,926,931,-0.0003124726135554923,0.0,0.5213432310864274,outer_01,sigmoid,0.05
926,2014-08-08,927,932,-0.00557693458506936,0.0,0.5189852548488071,outer_01,sigmoid,0.05
927,2014-08-11,928,933,-0.0072822467732560625,0.0,0.5163766259754267,outer_01,sigmoid,0.05
928,2014-08-12,929,934,-0.009824672772309029,0.0,0.514284177287838,outer_01,sigmoid,0.05
929,2014-08-13,930,935,-0.016504535258220265,0.0,0.5154586380142018,outer_01,sigmoid,0.05
930,2014-08-14,931,936,-0.027064488215835958,0.0,0.5188090207615343,outer_01,sigmoid,0.05
931,2014-08-15,932,937,-0.018272463611571865,0.0,0.5185143894397521,outer_01,sigmoid,0.05
932,2014-08-18,933,938,-0.017386473203897523,0.0,0.5162508220160763,outer_01,sigmoid,0.05
933,2014-08-19,934,939,-0.011334293089422687,0.0,0.5159106970231551,outer_01,sigmoid,0.05
934,2014-08-20,935,940,-0.00652131446678883,0.0,0.517116001677286,outer_01,sigmoid,0.05
935,2014-08-21,936,941,0.010005538158162963,1.0,0.5223523901606233,outer_01,sigmoid,0.05
936,2014-08-22,937,942,0.007249684860198613,1.0,0.516148348101063,outer_01,sigmoid,0.05
937,2014-08-25,938,943,0.00803160745589171,1.0,0.5138063591840017,outer_01,sigmoid,0.05
938,2014-08-26,939,944,-0.011748580194074876,0.0,0.5161987784674887,outer_01,sigmoid,0.05
939,2014-08-27,940,945,-0.010157782420599837,0.0,0.5144521656948076,outer_01,sigmoid,0.05
940,2014-08-28,941,946,-0.02221085303372128,0.0,0.5221228739996605,outer_01,sigmoid,0.05
941,2014-08-29,942,947,-0.014284392638659327,0.0,0.51562668985361,outer_01,sigmoid,0.05
942,2014-09-01,943,948,-0.023216255300165578,0.0,0.5091351503968917,outer_01,sigmoid,0.05
943,2014-09-02,944,949,-0.009014503195706958,0.0,0.5203307498396861,outer_01,sigmoid,0.05
944,2014-09-03,945,950,-0.01612906169670314,0.0,0.5161005203781357,outer_01,sigmoid,0.05
945,2014-09-04,946,951,-0.01691744122870098,0.0,0.516996506281243,outer_01,sigmoid,0.05
946,2014-09-05,947,952,-0.03224265046160202,0.0,0.5166338917769567,outer_01,sigmoid,0.05
947,2014-09-08,948,953,-0.019548207952063024,0.0,0.5148959848755869,outer_01,sigmoid,0.05
948,2014-09-09,949,954,-0.016435379335538514,0.0,0.5152081875125515,outer_01,sigmoid,0.05
949,2014-09-10,950,955,-0.022114659198267717,0.0,0.5152291669333454,outer_01,sigmoid,0.05
950,2014-09-11,951,956,-0.011947922301875913,0.0,0.5153186903200856,outer_01,sigmoid,0.05
951,2014-09-12,952,957,-0.010725038074049564,0.0,0.5139907853091532,outer_01,sigmoid,0.05
952,2014-09-15,953,958,-0.014407669495530406,0.0,0.5113085581636767,outer_01,sigmoid,0.05
953,2014-09-16,954,959,-0.009485149415516148,0.0,0.5145401355225078,outer_01,sigmoid,0.05
954,2014-09-17,955,960,-0.004183008346696937,0.0,0.5100459036109849,outer_01,sigmoid,0.05
955,2014-09-18,956,961,-0.003842542437975105,0.0,0.5153383742525287,outer_01,sigmoid,0.05
956,2014-09-19,957,962,0.001692882083371039,1.0,0.5089334296031894,outer_01,sigmoid,0.05
957,2014-09-22,958,963,2.46938985508649e-05,1.0,0.5069174279261521,outer_01,sigmoid,0.05
958,2014-09-23,959,964,-0.011692575089199408,0.0,0.5113145036116375,outer_01,sigmoid,0.05
959,2014-09-24,960,965,-0.002946795231305366,0.0,0.5069749885398718,outer_01,sigmoid,0.05
960,2014-09-25,961,966,-0.0059729137902539975,0.0,0.5119075312753357,outer_01,sigmoid,0.05
961,2014-09-26,962,967,-0.025463299265544137,0.0,0.5078833040884561,outer_01,sigmoid,0.05
962,2014-09-29,963,968,-0.007112293886434529,0.0,0.5066803500189808,outer_01,sigmoid,0.05
963,2014-09-30,964,969,0.0006867308161080388,1.0,0.5053140409333012,outer_01,sigmoid,0.05
964,2014-10-01,965,970,0.0055242854946113695,1.0,0.5082114230346396,outer_01,sigmoid,0.05
965,2014-10-02,966,971,0.00844364669459452,1.0,0.510064532459724,outer_01,sigmoid,0.05
966,2014-10-03,967,972,0.03303785368875545,1.0,0.5066469600527891,outer_01,sigmoid,0.05
967,2014-10-06,968,973,0.0243148430681579,1.0,0.5116484590987594,outer_01,sigmoid,0.05
968,2014-10-07,969,974,0.019088144783746763,1.0,0.5136397651043854,outer_01,sigmoid,0.05
969,2014-10-08,970,975,0.016271098877831847,1.0,0.51823802018613,outer_01,sigmoid,0.05
970,2014-10-09,971,976,0.011600831992113037,1.0,0.5193037231497156,outer_01,sigmoid,0.05
971,2014-10-10,972,977,0.008164436917971862,1.0,0.5143900664335658,outer_01,sigmoid,0.05
972,2014-10-13,973,978,0.008660015695650891,1.0,0.5162441979466668,outer_01,sigmoid,0.05
973,2014-10-14,974,979,0.013284304402125358,1.0,0.5136015722756447,outer_01,sigmoid,0.05
974,2014-10-15,975,980,0.0013541181763816468,1.0,0.515126000795881,outer_01,sigmoid,0.05
975,2014-10-16,976,981,-0.004930964483006228,0.0,0.5142573919770532,outer_01,sigmoid,0.05
976,2014-10-17,977,982,-0.007162616453245896,0.0,0.5132513521231392,outer_01,sigmoid,0.05
977,2014-10-20,978,983,-0.016620612374158128,0.0,0.5134358244816533,outer_01,sigmoid,0.05
978,2014-10-21,979,984,-0.016673848840010663,0.0,0.5183451838146745,outer_01,sigmoid,0.05
979,2014-10-22,980,985,-0.02507206435560949,0.0,0.5155650168394023,outer_01,sigmoid,0.05
980,2014-10-23,981,986,-0.02624209530624455,0.0,0.516478044830847,outer_01,sigmoid,0.05
981,2014-10-24,982,987,-0.05099427169258508,0.0,0.5145036798091558,outer_01,sigmoid,0.05
982,2014-10-27,983,988,-0.05101132636909611,0.0,0.513867917577208,outer_01,sigmoid,0.05
983,2014-10-28,984,989,-0.049590455004829614,0.0,0.5148537129618234,outer_01,sigmoid,0.05
984,2014-10-29,985,990,-0.058423368497969363,0.0,0.5156080864943523,outer_01,sigmoid,0.05
985,2014-10-30,986,991,-0.050850446914957104,0.0,0.5145800895468883,outer_01,sigmoid,0.05
986,2014-10-31,987,992,0.006097996485887158,1.0,0.512957890060063,outer_01,sigmoid,0.05
987,2014-11-03,988,993,-0.012087973883285308,0.0,0.50616485774047,outer_01,sigmoid,0.05
988,2014-11-04,989,994,-0.004038088640783144,0.0,0.5076257226343648,outer_01,sigmoid,0.05
989,2014-11-05,990,995,0.017042340127839672,1.0,0.5050534914039314,outer_01,sigmoid,0.05
990,2014-11-06,991,996,0.018897981379258688,1.0,0.5042588572328817,outer_01,sigmoid,0.05
991,2014-11-07,992,997,0.008689625074868701,1.0,0.5182477831605955,outer_01,sigmoid,0.05
992,2014-11-10,993,998,0.030287457401766638,1.0,0.5075368525093207,outer_01,sigmoid,0.05
993,2014-11-11,994,999,0.02691034184728114,1.0,0.5136616940589572,outer_01,sigmoid,0.05
994,2014-11-12,995,1000,0.017577544323178707,1.0,0.5097345761154248,outer_01,sigmoid,0.05
995,2014-11-13,996,1001,0.025976809969557202,1.0,0.5066796594081734,outer_01,sigmoid,0.05
996,2014-11-14,997,1002,0.014114489380338213,1.0,0.5178188957620745,outer_01,sigmoid,0.05
997,2014-11-17,998,1003,0.00956985232610652,1.0,0.5136826918201065,outer_01,sigmoid,0.05
998,2014-11-18,999,1004,0.004680488606665811,1.0,0.5113844747224872,outer_01,sigmoid,0.05
999,2014-11-19,1000,1005,0.012415419234327096,1.0,0.5142901718278851,outer_01,sigmoid,0.05
1000,2014-11-20,1001,1006,-0.003383899075559249,0.0,0.5145056266279013,outer_01,sigmoid,0.05
1001,2014-11-21,1002,1007,-0.03648663435740751,0.0,0.5149954981733887,outer_01,sigmoid,0.05
1002,2014-11-24,1003,1008,0.010825994885462542,1.0,0.5159736287458443,outer_01,sigmoid,0.05
1003,2014-11-25,1004,1009,-0.0036106390357852902,0.0,0.5198256750596145,outer_01,sigmoid,0.05
1004,2014-11-26,1005,1010,0.009561097111326688,1.0,0.5162553024241451,outer_01,sigmoid,0.05
1005,2014-11-27,1006,1011,0.013251645646543686,1.0,0.5162955509393555,outer_01,sigmoid,0.05
1006,2014-11-28,1007,1012,0.024598078005222845,1.0,0.5196281138816573,outer_01,sigmoid,0.05
1007,2014-12-01,1008,1013,-0.006636120241256371,0.0,0.5233738498407863,outer_01,sigmoid,0.05
1008,2014-12-02,1009,1014,0.03167977766415131,1.0,0.5157393299219059,outer_01,sigmoid,0.05
1009,2014-12-03,1010,1015,0.014425262255370441,1.0,0.5145330597184895,outer_01,sigmoid,0.05
1010,2014-12-04,1011,1016,0.018446322568583362,1.0,0.5191873468785074,outer_01,sigmoid,0.05
1011,2014-12-05,1012,1017,0.0283722873311687,1.0,0.5122675509697973,outer_01,sigmoid,0.05
1012,2014-12-08,1013,1018,-0.008305175632576045,0.0,0.508533302372665,outer_01,sigmoid,0.05
1013,2014-12-09,1014,1019,-0.03296708035801377,0.0,0.5094745019623484,outer_01,sigmoid,0.05
1014,2014-12-10,1015,1020,-0.030902161183190557,0.0,0.5098513752103329,outer_01,sigmoid,0.05
1015,2014-12-11,1016,1021,-0.02418997249737842,0.0,0.513627011804489,outer_01,sigmoid,0.05
1016,2014-12-12,1017,1022,-0.022762033089014366,0.0,0.5168995274484329,outer_01,sigmoid,0.05
1017,2014-12-15,1018,1023,-0.01392627353134479,0.0,0.5140773280463784,outer_01,sigmoid,0.05
1018,2014-12-16,1019,1024,-0.016011673946932703,0.0,0.514656592201027,outer_01,sigmoid,0.05
1019,2014-12-17,1020,1025,-0.0020293120357139927,0.0,0.5123790857797516,outer_01,sigmoid,0.05
1020,2014-12-18,1021,1026,-0.0014703427878703934,0.0,0.5126451514873477,outer_01,sigmoid,0.05
1021,2014-12-19,1022,1027,-0.00953426023925541,0.0,0.5211363454545381,outer_01,sigmoid,0.05
1022,2014-12-22,1023,1028,0.019576289397399194,1.0,0.5150882791773289,outer_01,sigmoid,0.05
1023,2014-12-23,1024,1029,0.008800638993625931,1.0,0.51602116493521,outer_01,sigmoid,0.05
1024,2014-12-24,1025,1030,0.0011288394371762323,1.0,0.5091586957369155,outer_01,sigmoid,0.05
1025,2014-12-26,1026,1031,0.005627383034465083,1.0,0.5071644975809542,outer_01,sigmoid,0.05
1026,2014-12-29,1027,1032,0.029139479168325266,1.0,0.5216623557763622,outer_01,sigmoid,0.05
1027,2014-12-30,1028,1033,0.0092334767782134,1.0,0.5221492422481216,outer_01,sigmoid,0.05
1028,2014-12-31,1029,1034,0.017173539793621018,1.0,0.5177786743927506,outer_01,sigmoid,0.05
1029,2015-01-02,1030,1035,0.029998559023336036,1.0,0.5201213376658992,outer_01,sigmoid,0.05
1030,2015-01-05,1031,1036,0.023806736474145218,1.0,0.5193692082715552,outer_01,sigmoid,0.05
1031,2015-01-06,1032,1037,0.011334434587590536,1.0,0.5113787261018188,outer_01,sigmoid,0.05
1032,2015-01-07,1033,1038,0.015006940788031997,1.0,0.5180593333261252,outer_01,sigmoid,0.05
1033,2015-01-08,1034,1039,0.04491398357253651,1.0,0.5180121876263237,outer_01,sigmoid,0.05
1034,2015-01-09,1035,1040,0.04373106896802703,1.0,0.519263541161036,outer_01,sigmoid,0.05
1035,2015-01-12,1036,1041,0.0497927983412465,1.0,0.5155077754476599,outer_01,sigmoid,0.05
1036,2015-01-13,1037,1042,0.047902766511040085,1.0,0.5187907945993308,outer_01,sigmoid,0.05
1037,2015-01-14,1038,1043,0.05642013032680726,1.0,0.5168191267598546,outer_01,sigmoid,0.05
1038,2015-01-15,1039,1044,0.024751125680085195,1.0,0.5152150879955906,outer_01,sigmoid,0.05
1039,2015-01-16,1040,1045,0.001516122768104644,1.0,0.5115577849897327,outer_01,sigmoid,0.05
1040,2015-01-19,1041,1046,-0.001894064415522756,0.0,0.5140846099573727,outer_01,sigmoid,0.05
1041,2015-01-21,1042,1047,-0.0056740933795813575,0.0,0.5184431503706206,outer_01,sigmoid,0.05
1042,2015-01-22,1043,1048,-0.033142791008381245,0.0,0.5175347133495746,outer_01,sigmoid,0.05
1043,2015-01-23,1044,1049,-0.011029066686920608,0.0,0.5147958790936534,outer_01,sigmoid,0.05
1044,2015-01-26,1045,1050,-0.004531747544502807,0.0,0.5173682171473373,outer_01,sigmoid,0.05
1045,2015-01-27,1046,1051,-0.02392411767123992,0.0,0.5161981408185264,outer_01,sigmoid,0.05
1046,2015-01-28,1047,1052,-0.0114693174417555,0.0,0.5166811698441426,outer_01,sigmoid,0.05
1047,2015-01-29,1048,1053,0.006843320041435952,1.0,0.5184738336555846,outer_01,sigmoid,0.05
1048,2015-01-30,1049,1054,-0.03441013483540978,0.0,0.5182243003006973,outer_01,sigmoid,0.05
1049,2015-02-02,1050,1055,-0.02877621607596126,0.0,0.5160575709195735,outer_01,sigmoid,0.05
1050,2015-02-03,1051,1056,-0.022198380837827436,0.0,0.5182372651145879,outer_01,sigmoid,0.05
1051,2015-02-04,1052,1057,-0.04156833007702332,0.0,0.5192723715662785,outer_01,sigmoid,0.05
1052,2015-02-05,1053,1058,-0.034874554798492774,0.0,0.5128203070610394,outer_01,sigmoid,0.05
1053,2015-02-06,1054,1059,-0.007114349908007078,0.0,0.5152255671407728,outer_01,sigmoid,0.05
1054,2015-02-09,1055,1060,-0.0054564872312328205,0.0,0.5156803261643345,outer_01,sigmoid,0.05
1055,2015-02-10,1056,1061,-0.020582484642893917,0.0,0.5133786107086176,outer_01,sigmoid,0.05
1056,2015-02-11,1057,1062,-0.004796843122859329,0.0,0.5135078919657522,outer_01,sigmoid,0.05
1057,2015-02-12,1058,1063,-0.013279992431240117,0.0,0.5190702366752731,outer_01,sigmoid,0.05
1058,2015-02-13,1059,1064,-0.020953296388973364,0.0,0.515396578678693,outer_01,sigmoid,0.05
1059,2015-02-16,1060,1065,-0.024405283555256396,0.0,0.5114628000644879,outer_01,sigmoid,0.05
1060,2015-02-17,1061,1066,-0.006423098686529016,0.0,0.5179620662735949,outer_01,sigmoid,0.05
1061,2015-02-18,1062,1067,-0.0064539307401103585,0.0,0.5152357970296713,outer_01,sigmoid,0.05
1062,2015-02-19,1063,1068,0.0018619128459613776,1.0,0.5126556888872187,outer_01,sigmoid,0.05
1063,2015-02-20,1064,1069,0.009086758541077877,1.0,0.5127103232426086,outer_01,sigmoid,0.05
1064,2015-02-23,1065,1070,0.0030979447961199114,1.0,0.5137458569688065,outer_01,sigmoid,0.05
1065,2015-02-24,1066,1071,0.002951117538719572,1.0,0.5122254508195856,outer_01,sigmoid,0.05
1066,2015-02-25,1067,1072,-0.00367580208634255,0.0,0.5138712160794159,outer_01,sigmoid,0.05
1067,2015-02-26,1068,1073,-0.008702061025175567,0.0,0.5184814951237692,outer_01,sigmoid,0.05
1068,2015-02-27,1069,1074,-0.0380591357080462,0.0,0.5147803132287128,outer_01,sigmoid,0.05
1069,2015-03-02,1070,1075,-0.03745395429767484,0.0,0.5125662321260751,outer_01,sigmoid,0.05
1070,2015-03-03,1071,1076,-0.03575204080406369,0.0,0.5138352960020763,outer_01,sigmoid,0.05
1071,2015-03-04,1072,1077,-0.03847281543548675,0.0,0.5094490758372737,outer_01,sigmoid,0.05
1072,2015-03-05,1073,1078,-0.03819911820281341,0.0,0.5111522730275976,outer_01,sigmoid,0.05
1073,2015-03-06,1074,1079,-0.01018415820919305,0.0,0.5173562421507902,outer_01,sigmoid,0.05
1074,2015-03-09,1075,1080,-0.0059753221566083425,0.0,0.5150587064620022,outer_01,sigmoid,0.05
1075,2015-03-10,1076,1081,-0.011272867097270378,0.0,0.5174239369169912,outer_01,sigmoid,0.05
1076,2015-03-11,1077,1082,0.010978949106106306,1.0,0.5143086810714357,outer_01,sigmoid,0.05
1077,2015-03-12,1078,1083,0.014212214442435922,1.0,0.5139233858579573,outer_01,sigmoid,0.05
1078,2015-03-13,1079,1084,0.02486381968939,1.0,0.5057952592604895,outer_01,sigmoid,0.05
1079,2015-03-16,1080,1085,0.029803290207783384,1.0,0.5055678611104046,outer_01,sigmoid,0.05
1080,2015-03-17,1081,1086,0.03656959777753599,1.0,0.5049116667701967,outer_01,sigmoid,0.05
1081,2015-03-18,1082,1087,0.023218963977986284,1.0,0.513769154756139,outer_01,sigmoid,0.05
1082,2015-03-19,1083,1088,0.02834739997635971,1.0,0.5138362184045692,outer_01,sigmoid,0.05
1083,2015-03-20,1084,1089,0.009726535755016918,1.0,0.5200264077965991,outer_01,sigmoid,0.05
1084,2015-03-23,1085,1090,-0.0029718704653411976,0.0,0.5208215258498887,outer_01,sigmoid,0.05
1085,2015-03-24,1086,1091,-0.007087750742059917,0.0,0.5228876832515488,outer_01,sigmoid,0.05
1086,2015-03-25,1087,1092,0.007253174826726827,1.0,0.5217674220389965,outer_01,sigmoid,0.05
1087,2015-03-26,1088,1093,-0.0024192252823613813,0.0,0.5229932764713777,outer_01,sigmoid,0.05
1088,2015-03-27,1089,1094,0.015126499034018082,1.0,0.5169857792602922,outer_01,sigmoid,0.05
1089,2015-03-30,1090,1095,0.023761844466707593,1.0,0.5124795718219101,outer_01,sigmoid,0.05
1090,2015-03-31,1091,1096,0.020675833194295556,1.0,0.5131657021037536,outer_01,sigmoid,0.05
1091,2015-04-01,1092,1097,-0.0008642827407223663,0.0,0.5170124143082756,outer_01,sigmoid,0.05
1092,2015-04-02,1093,1098,-0.005692836743538265,0.0,0.519013941737518,outer_01,sigmoid,0.05
1093,2015-04-03,1094,1099,-0.007008477624138365,0.0,0.5001390073038879,outer_01,sigmoid,0.05
1094,2015-04-06,1095,1100,-0.012952378930225272,0.0,0.5277052691225403,outer_01,sigmoid,0.05
1095,2015-04-07,1096,1101,-0.013093313159767028,0.0,0.5090228931126359,outer_01,sigmoid,0.05
1096,2015-04-08,1097,1102,-0.000349249117954642,0.0,0.5080709333138587,outer_01,sigmoid,0.05
1097,2015-04-09,1098,1103,0.0036181212726056344,1.0,0.5052768247065618,outer_01,sigmoid,0.05
1098,2015-04-10,1099,1104,-0.0015420075679042355,0.0,0.5067967811052112,outer_01,sigmoid,0.05
1099,2015-04-13,1100,1105,-0.001911862894875327,0.0,0.5079275228473169,outer_01,sigmoid,0.05
1100,2015-04-14,1101,1106,0.008082808845055744,1.0,0.5065745784194308,outer_01,sigmoid,0.05
1101,2015-04-15,1102,1107,-0.012419089280122364,0.0,0.5084554310807601,outer_01,sigmoid,0.05
1102,2015-04-16,1103,1108,-0.004087011267882801,0.0,0.5083694101680211,outer_01,sigmoid,0.05
1103,2015-04-17,1104,1109,-0.021595669922689353,0.0,0.5111625636829816,outer_01,sigmoid,0.05
1104,2015-04-20,1105,1110,0.004277840588734705,1.0,0.5091505246153851,outer_01,sigmoid,0.05
1105,2015-04-21,1106,1111,0.008050999745720766,1.0,0.5100178579054754,outer_01,sigmoid,0.05
1106,2015-04-22,1107,1112,0.014911053987667344,1.0,0.5146434271484882,outer_01,sigmoid,0.05
1107,2015-04-23,1108,1113,-0.007971184653345453,0.0,0.5153923426983739,outer_01,sigmoid,0.05
1108,2015-04-24,1109,1114,0.000296681827872014,1.0,0.5143090574470199,outer_01,sigmoid,0.05
1109,2015-04-27,1110,1115,-0.011271755736111722,0.0,0.5140279210084515,outer_01,sigmoid,0.05
1110,2015-04-28,1111,1116,-0.015630904308006066,0.0,0.5132574160271886,outer_01,sigmoid,0.05
1111,2015-04-29,1112,1117,-0.011565163449464677,0.0,0.5156275444101835,outer_01,sigmoid,0.05
1112,2015-04-30,1113,1118,-0.00033773800295655576,0.0,0.5182619368000425,outer_01,sigmoid,0.05
1113,2015-05-01,1114,1119,0.007388582628053975,1.0,0.5142681758191319,outer_01,sigmoid,0.05
1114,2015-05-04,1115,1120,-0.003777216436336772,0.0,0.511957705286268,outer_01,sigmoid,0.05
1115,2015-05-05,1116,1121,-1.675940202439108e-05,0.0,0.5110723652334743,outer_01,sigmoid,0.05
1116,2015-05-06,1117,1122,0.019637886188268006,1.0,0.5135279601458197,outer_01,sigmoid,0.05
1117,2015-05-07,1118,1123,0.030808764251980314,1.0,0.5126950135042326,outer_01,sigmoid,0.05
1118,2015-05-08,1119,1124,0.02910194680415934,1.0,0.5122175350293623,outer_01,sigmoid,0.05
1119,2015-05-11,1120,1125,0.034431052795825146,1.0,0.5081628549004208,outer_01,sigmoid,0.05
1120,2015-05-12,1121,1126,0.012640266888054974,1.0,0.5113570393755739,outer_01,sigmoid,0.05
1121,2015-05-13,1122,1127,-0.004784540243168323,0.0,0.5080111275466389,outer_01,sigmoid,0.05
1122,2015-05-14,1123,1128,-0.012301028034098493,0.0,0.5084862541117139,outer_01,sigmoid,0.05
1123,2015-05-15,1124,1129,-0.015531766304062167,0.0,0.5092010879978526,outer_01,sigmoid,0.05
1124,2015-05-18,1125,1130,-0.015470521603039522,0.0,0.5129886675468514,outer_01,sigmoid,0.05
1125,2015-05-19,1126,1131,-0.01784084487447668,0.0,0.5098322644868959,outer_01,sigmoid,0.05
1126,2015-05-20,1127,1132,-0.01830029166794045,0.0,0.5075618230237169,outer_01,sigmoid,0.05
1127,2015-05-21,1128,1133,-0.015404840786576557,0.0,0.5073711086546251,outer_01,sigmoid,0.05
1128,2015-05-22,1129,1134,-0.012031789790198033,0.0,0.508039969054594,outer_01,sigmoid,0.05
1129,2015-05-25,1130,1135,-0.01449349130706512,0.0,0.5082497995795867,outer_01,sigmoid,0.05
1130,2015-05-26,1131,1136,0.005158678252478843,1.0,0.5127180932525774,outer_01,sigmoid,0.05
1131,2015-05-27,1132,1137,-0.0018460532168464994,0.0,0.5129006649360789,outer_01,sigmoid,0.05
1132,2015-05-28,1133,1138,-0.009040345379255577,0.0,0.5167809308253816,outer_01,sigmoid,0.05
1133,2015-05-29,1134,1139,-0.017361532484791553,0.0,0.5189040596688203,outer_01,sigmoid,0.05
1134,2015-06-01,1135,1140,-0.01272015830755091,0.0,0.5194172433601757,outer_01,sigmoid,0.05
1135,2015-06-02,1136,1141,-0.013940683474135795,0.0,0.5195753800028662,outer_01,sigmoid,0.05
1136,2015-06-03,1137,1142,0.0010793855297199784,1.0,0.5137042993454012,outer_01,sigmoid,0.05
1137,2015-06-04,1138,1143,0.0038747743330720397,1.0,0.5152545393053863,outer_01,sigmoid,0.05
1138,2015-06-05,1139,1144,0.010365078022829266,1.0,0.5138074036299016,outer_01,sigmoid,0.05
1139,2015-06-08,1140,1145,0.009831504154094617,1.0,0.5163836414511449,outer_01,sigmoid,0.05
1140,2015-06-09,1141,1146,0.004248343305659041,1.0,0.5169513039896272,outer_01,sigmoid,0.05
1141,2015-06-10,1142,1147,-0.00192346688174716,0.0,0.5183638892473187,outer_01,sigmoid,0.05
1142,2015-06-11,1143,1148,0.01708252867850124,1.0,0.515828007657343,outer_01,sigmoid,0.05
1143,2015-06-12,1144,1149,0.01554465887550105,1.0,0.5123061057965583,outer_01,sigmoid,0.05
1144,2015-06-15,1145,1150,-2.5302043141550712e-05,0.0,0.5139958003606999,outer_01,sigmoid,0.05
1145,2015-06-16,1146,1151,-0.0027793095041985794,0.0,0.5146947014023936,outer_01,sigmoid,0.05
1146,2015-06-17,1147,1152,-0.007918315290770472,0.0,0.5170293844276683,outer_01,sigmoid,0.05
1147,2015-06-18,1148,1153,-0.023875398537830606,0.0,0.5185882619555185,outer_01,sigmoid,0.05
1148,2015-06-19,1149,1154,-0.012099320602795949,0.0,0.5156255107867129,outer_01,sigmoid,0.05
1149,2015-06-22,1150,1155,-0.004751245358505685,0.0,0.5178625536294025,outer_01,sigmoid,0.05
1150,2015-06-23,1151,1156,-0.003714963998765697,0.0,0.5206525318209814,outer_01,sigmoid,0.05
1151,2015-06-24,1152,1157,-0.005573517669232864,0.0,0.5194877038945511,outer_01,sigmoid,0.05
1152,2015-06-25,1153,1158,-0.006865064428936307,0.0,0.5232673645913021,outer_01,sigmoid,0.05
1153,2015-06-26,1154,1159,-0.012085379787180273,0.0,0.5205658884320046,outer_01,sigmoid,0.05
1154,2015-06-29,1155,1160,-0.00826257588539292,0.0,0.5190724831189756,outer_01,sigmoid,0.05
1155,2015-06-30,1156,1161,-0.017951921266239346,0.0,0.516012256956208,outer_01,sigmoid,0.05
1156,2015-07-01,1157,1162,-0.007965910054863024,0.0,0.5164843357578607,outer_01,sigmoid,0.05
1157,2015-07-02,1158,1163,-0.005203619002750237,0.0,0.5171015798104732,outer_01,sigmoid,0.05
1158,2015-07-03,1159,1164,-0.007941002782704487,0.0,0.5155872345390803,outer_01,sigmoid,0.05
1159,2015-07-06,1160,1165,-0.010530933948810883,0.0,0.5227728310204517,outer_01,sigmoid,0.05
1160,2015-07-07,1161,1166,0.002078912784768683,1.0,0.5196084706403525,outer_01,sigmoid,0.05
1161,2015-07-08,1162,1167,-0.008717181841555899,0.0,0.5198360701684159,outer_01,sigmoid,0.05
1162,2015-07-09,1163,1168,-0.01262648515960052,0.0,0.5193471719417749,outer_01,sigmoid,0.05
1163,2015-07-10,1164,1169,-0.026290131268011052,0.0,0.5199332705935297,outer_01,sigmoid,0.05
1164,2015-07-13,1165,1170,-0.053027717146675535,0.0,0.5173177182158614,outer_01,sigmoid,0.05
1165,2015-07-14,1166,1171,-0.04693751371471677,0.0,0.514521027727666,outer_01,sigmoid,0.05
1166,2015-07-15,1167,1172,-0.04867572536437059,0.0,0.5156689428086929,outer_01,sigmoid,0.05
1167,2015-07-16,1168,1173,-0.048169003163345714,0.0,0.5145068324527173,outer_01,sigmoid,0.05
1168,2015-07-17,1169,1174,-0.033196653701472734,0.0,0.5183494315572041,outer_01,sigmoid,0.05
1169,2015-07-20,1170,1175,-0.0032650261113849055,0.0,0.5225015649191915,outer_01,sigmoid,0.05
1170,2015-07-21,1171,1176,-0.006888890854118479,0.0,0.5173741579932364,outer_01,sigmoid,0.05
1171,2015-07-22,1172,1177,0.0015338686619603692,1.0,0.5142387561508981,outer_01,sigmoid,0.05
1172,2015-07-23,1173,1178,-0.0023671038815740175,0.0,0.5110600726395631,outer_01,sigmoid,0.05
1173,2015-07-24,1174,1179,0.00012777803148011913,1.0,0.5136966986834057,outer_01,sigmoid,0.05
1174,2015-07-27,1175,1180,-0.008587208731421825,0.0,0.505131529456945,outer_01,sigmoid,0.05
1175,2015-07-28,1176,1181,-0.00712979559873439,0.0,0.5045121487609336,outer_01,sigmoid,0.05
1176,2015-07-29,1177,1182,-0.010353473840887695,0.0,0.5059236199291518,outer_01,sigmoid,0.05
1177,2015-07-30,1178,1183,0.0010282682849807045,1.0,0.502892780953945,outer_01,sigmoid,0.05
1178,2015-07-31,1179,1184,-0.002448876386017318,0.0,0.5072768208079231,outer_01,sigmoid,0.05
1179,2015-08-03,1180,1185,0.01735488654306394,1.0,0.507750281285012,outer_01,sigmoid,0.05
1180,2015-08-04,1181,1186,0.019598649291551418,1.0,0.5081501759907454,outer_01,sigmoid,0.05
1181,2015-08-05,1182,1187,0.036600045453222485,1.0,0.5076223252850905,outer_01,sigmoid,0.05
1182,2015-08-06,1183,1188,0.023049162059264994,1.0,0.5087198349195975,outer_01,sigmoid,0.05
1183,2015-08-07,1184,1189,0.019622505365346044,1.0,0.5141764215728062,outer_01,sigmoid,0.05
1184,2015-08-10,1185,1190,0.011774797115410074,1.0,0.5178724168203204,outer_01,sigmoid,0.05
1185,2015-08-11,1186,1191,0.008235969368364238,1.0,0.5192732525779743,outer_01,sigmoid,0.05
1186,2015-08-12,1187,1192,0.007260781349242684,1.0,0.5263829035587535,outer_01,sigmoid,0.05
1187,2015-08-13,1188,1193,0.034045015980215254,1.0,0.521850879690927,outer_01,sigmoid,0.05
1188,2015-08-14,1189,1194,0.043551915203198455,1.0,0.519372707780133,outer_01,sigmoid,0.05
1189,2015-08-17,1190,1195,0.031770232448210756,1.0,0.5160650710008055,outer_01,sigmoid,0.05
1190,2015-08-18,1191,1196,0.019767550038515935,1.0,0.5153142770485163,outer_01,sigmoid,0.05
1191,2015-08-19,1192,1197,-0.006701067410636696,0.0,0.5185948402795086,outer_01,sigmoid,0.05
1192,2015-08-20,1193,1198,-0.024877887162942258,0.0,0.5226424948459285,outer_01,sigmoid,0.05
1193,2015-08-21,1194,1199,-0.026588862751705022,0.0,0.525110900768866,outer_01,sigmoid,0.05
1194,2015-08-24,1195,1200,-0.016494624580792205,0.0,0.5222364473384152,outer_01,sigmoid,0.05
1195,2015-08-25,1196,1201,-0.0005350806915291884,0.0,0.5164423782142535,outer_01,sigmoid,0.05
1196,2015-08-26,1197,1202,0.006895144530435715,1.0,0.5143736952366681,outer_01,sigmoid,0.05
1197,2015-08-27,1198,1203,-0.0003199232211557046,0.0,0.5159304105887972,outer_01,sigmoid,0.05
1198,2015-08-28,1199,1204,-0.009553591867777378,0.0,0.5156421835939039,outer_01,sigmoid,0.05
1199,2015-08-31,1200,1205,-0.012799706407327527,0.0,0.5135059447003132,outer_01,sigmoid,0.05
1200,2015-09-01,1201,1206,-0.015981944079539012,0.0,0.516752455365673,outer_01,sigmoid,0.05
1201,2015-09-02,1202,1207,-0.02383339181852051,0.0,0.515743866951845,outer_01,sigmoid,0.05
1202,2015-09-03,1203,1208,-0.012575519463357665,0.0,0.5133066020698037,outer_01,sigmoid,0.05
1203,2015-09-04,1204,1209,-0.013943725599814272,0.0,0.512955381957448,outer_01,sigmoid,0.05
1204,2015-09-07,1205,1210,-0.010499773394458067,0.0,0.5137042677384676,outer_01,sigmoid,0.05
1205,2015-09-08,1206,1211,-0.014711298590311728,0.0,0.5180184258815442,outer_01,sigmoid,0.05
1206,2015-09-09,1207,1212,0.010987492566798984,1.0,0.5172901279163774,outer_01,sigmoid,0.05
1207,2015-09-10,1208,1213,0.017708577715943363,1.0,0.5190349923762152,outer_01,sigmoid,0.05
1208,2015-09-11,1209,1214,0.028196210348355955,1.0,0.5179403884038913,outer_01,sigmoid,0.05
1209,2015-09-14,1210,1215,0.021844164336885186,1.0,0.5161681284747902,outer_01,sigmoid,0.05
1210,2015-09-15,1211,1216,0.017524640664220215,1.0,0.5151183568117453,outer_01,sigmoid,0.05
1211,2015-09-16,1212,1217,0.010231518677651152,1.0,0.5229173254843941,outer_01,sigmoid,0.05
1212,2015-09-17,1213,1218,0.01637447073866838,1.0,0.523482920779719,outer_01,sigmoid,0.05
1213,2015-09-18,1214,1219,0.00544554934308028,1.0,0.5242874044780389,outer_01,sigmoid,0.05
1214,2015-09-21,1215,1220,-0.0008300367811955311,0.0,0.5188079042892094,outer_01,sigmoid,0.05
1215,2015-09-22,1216,1221,0.002175796244793027,1.0,0.5183056347343983,outer_01,sigmoid,0.05
1216,2015-09-23,1217,1222,-0.013498076977235485,0.0,0.5186255094231167,outer_01,sigmoid,0.05
1217,2015-09-24,1218,1223,-0.031880315276857196,0.0,0.5213891054363623,outer_01,sigmoid,0.05
1218,2015-09-25,1219,1224,-0.007493100686982501,0.0,0.52219777924574,outer_01,sigmoid,0.05
1219,2015-09-28,1220,1225,0.0031927493562324827,1.0,0.5231429216284734,outer_01,sigmoid,0.05
1220,2015-09-29,1221,1226,0.017307769195139322,1.0,0.5223862529178465,outer_01,sigmoid,0.05
1221,2015-09-30,1222,1227,0.02612671555409385,1.0,0.5213660844296629,outer_01,sigmoid,0.05
1222,2015-10-01,1223,1228,0.022625319152401957,1.0,0.5221247391600478,outer_01,sigmoid,0.05
1223,2015-10-02,1224,1229,0.016618996210650216,1.0,0.5213273038415948,outer_01,sigmoid,0.05
1224,2015-10-05,1225,1230,0.02426233010640111,1.0,0.5199983497773075,outer_01,sigmoid,0.05
1225,2015-10-06,1226,1231,0.018272567696975273,1.0,0.5173250758782432,outer_01,sigmoid,0.05
1226,2015-10-07,1227,1232,0.03387127703226511,1.0,0.5156297678330547,outer_01,sigmoid,0.05
1227,2015-10-08,1228,1233,0.03714311379355539,1.0,0.5135397059419191,outer_01,sigmoid,0.05
1228,2015-10-09,1229,1234,0.017759227144896528,1.0,0.5131439923699513,outer_01,sigmoid,0.05
1229,2015-10-12,1230,1235,0.0055624026548182215,1.0,0.5092925336600307,outer_01,sigmoid,0.05
1230,2015-10-13,1231,1236,0.006919025840955939,1.0,0.5103692380625903,outer_01,sigmoid,0.05
1231,2015-10-14,1232,1237,-0.014387024564590511,0.0,0.513757673959916,outer_01,sigmoid,0.05
1232,2015-10-15,1233,1238,-0.013679591188608065,0.0,0.5142424728681003,outer_01,sigmoid,0.05
1233,2015-10-16,1234,1239,-0.011661042440482383,0.0,0.5147744016148433,outer_01,sigmoid,0.05
1234,2015-10-19,1235,1240,-0.005330375119843467,0.0,0.5127904832602069,outer_01,sigmoid,0.05
1235,2015-10-20,1236,1241,-0.007749793406583549,0.0,0.5108533924934834,outer_01,sigmoid,0.05
1236,2015-10-21,1237,1242,-0.00881729934916109,0.0,0.5169696285885653,outer_01,sigmoid,0.05
1237,2015-10-22,1238,1243,-0.017615655112495077,0.0,0.5220532575345507,outer_01,sigmoid,0.05
1238,2015-10-23,1239,1244,-0.01861750130337647,0.0,0.519257365692844,outer_01,sigmoid,0.05
1239,2015-10-26,1240,1245,-0.026177659424705624,0.0,0.5144311425394211,outer_01,sigmoid,0.05
1240,2015-10-27,1241,1246,-0.04289084777050256,0.0,0.5141873917700007,outer_01,sigmoid,0.05
1241,2015-10-28,1242,1247,-0.04364775442148794,0.0,0.5092511157930237,outer_01,sigmoid,0.05
1242,2015-10-29,1243,1248,-0.03652542060974895,0.0,0.5119653124362259,outer_01,sigmoid,0.05
1243,2015-10-30,1244,1249,-0.045818981299081685,0.0,0.5171200321433416,outer_01,sigmoid,0.05
1244,2015-11-02,1245,1250,-0.037246161729093785,0.0,0.516778907913553,outer_01,sigmoid,0.05
1245,2015-11-03,1246,1251,-0.02557216143764851,0.0,0.5187420040703569,outer_01,sigmoid,0.05
1246,2015-11-04,1247,1252,-0.01954091451994433,0.0,0.5188694144594803,outer_01,sigmoid,0.05
1247,2015-11-05,1248,1253,-0.017858025213633333,0.0,0.5198902318358933,outer_01,sigmoid,0.05
1248,2015-11-06,1249,1254,-0.002038156450033135,0.0,0.5170952757746153,outer_01,sigmoid,0.05
1249,2015-11-09,1250,1255,-0.007738582449247744,0.0,0.5144442071083171,outer_01,sigmoid,0.05
1250,2015-11-10,1251,1256,-0.016942735661674924,0.0,0.5115528628413551,outer_01,sigmoid,0.05
1251,2015-11-11,1252,1257,-0.013836657938629315,0.0,0.511844551117487,outer_01,sigmoid,0.05
1252,2015-11-12,1253,1258,-0.002861232281032855,0.0,0.5118459093321818,outer_01,sigmoid,0.05
1253,2015-11-13,1254,1259,-0.011052389036318111,0.0,0.5087560376934132,outer_01,sigmoid,0.05
1254,2015-11-16,1255,1260,-0.013730405401070733,0.0,0.5100549110732708,outer_01,sigmoid,0.05
1255,2015-11-17,1256,1261,0.003837453364699428,1.0,0.5122371094278402,outer_01,sigmoid,0.05
1256,2015-11-18,1257,1262,-0.00036401820492937276,0.0,0.5092140092128962,outer_01,sigmoid,0.05
1257,2015-11-19,1258,1263,-0.009416597724796638,0.0,0.5127026347997093,outer_01,sigmoid,0.05
1258,2015-11-20,1259,1264,-0.016735459271660424,0.0,0.5105745734393273,outer_01,sigmoid,0.05
1259,2015-11-23,1260,1265,-0.003992732168048185,0.0,0.5067040656045392,outer_01,sigmoid,0.05
1260,2015-11-24,1261,1266,-0.006360300472835867,0.0,0.5101330194994452,outer_01,sigmoid,0.05
1261,2015-11-25,1262,1267,-0.016320208631353417,0.0,0.5075329190927304,outer_01,sigmoid,0.05
1262,2015-11-26,1263,1268,-0.00787785499959437,0.0,0.5060296282636212,outer_01,sigmoid,0.05
1263,2015-11-27,1264,1269,0.02475967665582246,1.0,0.5089817110308833,outer_01,sigmoid,0.05
1264,2015-11-30,1265,1270,0.00575906300582929,1.0,0.5080503064194971,outer_01,sigmoid,0.05
1265,2015-12-01,1266,1271,0.005281341005865414,1.0,0.5090354485753623,outer_01,sigmoid,0.05
1266,2015-12-02,1267,1272,0.01727197647186518,1.0,0.5068566301223073,outer_01,sigmoid,0.05
1267,2015-12-03,1268,1273,0.007868524508950259,1.0,0.5124964489656857,outer_01,sigmoid,0.05
1268,2015-12-04,1269,1274,-0.010284820150693541,0.0,0.5216455411136022,outer_01,sigmoid,0.05
1269,2015-12-07,1270,1275,-0.00919279310199883,0.0,0.5140379498146759,outer_01,sigmoid,0.05
1270,2015-12-08,1271,1276,-0.012473590142014324,0.0,0.517395411018063,outer_01,sigmoid,0.05
1271,2015-12-09,1272,1277,-0.000214535228906243,0.0,0.5142934440920527,outer_01,sigmoid,0.05
1272,2015-12-10,1273,1278,-0.01962685548112919,0.0,0.5109919791629132,outer_01,sigmoid,0.05
1273,2015-12-11,1274,1279,-0.00706584617218553,0.0,0.5137396984809628,outer_01,sigmoid,0.05
1274,2015-12-14,1275,1280,0.01580048017150215,1.0,0.5077752632306927,outer_01,sigmoid,0.05
1275,2015-12-15,1276,1281,0.010927534138795103,1.0,0.509636007356529,outer_01,sigmoid,0.05
1276,2015-12-16,1277,1282,-0.0015030366965858022,0.0,0.5150057740296826,outer_01,sigmoid,0.05
1277,2015-12-17,1278,1283,0.0234543707353696,1.0,0.512708121355752,outer_01,sigmoid,0.05
1278,2015-12-18,1279,1284,0.0024731155109094516,1.0,0.5161478002512137,outer_01,sigmoid,0.05
1279,2015-12-21,1280,1285,-0.008430143028903991,0.0,0.5195333430118408,outer_01,sigmoid,0.05
1280,2015-12-22,1281,1286,-0.010776774214266815,0.0,0.5149105131102762,outer_01,sigmoid,0.05
1281,2015-12-23,1282,1287,-0.005132923729180838,0.0,0.5161445027041924,outer_01,sigmoid,0.05
1282,2015-12-24,1283,1288,-0.002522092904652773,0.0,0.5098261512736084,outer_01,sigmoid,0.05
1283,2015-12-28,1284,1289,0.008339010844863104,1.0,0.5114860376948398,outer_01,sigmoid,0.05
1284,2015-12-29,1285,1290,0.02273287573849725,1.0,0.5118358802611337,outer_01,sigmoid,0.05
1285,2015-12-30,1286,1291,0.043555472157018826,1.0,0.5077134358659382,outer_01,sigmoid,0.05
1286,2015-12-31,1287,1292,0.039152808650102955,1.0,0.5083939483937948,outer_01,sigmoid,0.05
1287,2016-01-04,1288,1293,0.020329615352505215,1.0,0.5202458672294483,outer_01,sigmoid,0.05
1288,2016-01-05,1289,1294,0.00898755836188414,1.0,0.514834616360102,outer_01,sigmoid,0.05
1289,2016-01-06,1290,1295,-0.0003200980441899759,0.0,0.5159642715122988,outer_01,sigmoid,0.05
1290,2016-01-07,1291,1296,-0.027804465315344196,0.0,0.5184580136168212,outer_01,sigmoid,0.05
1291,2016-01-08,1292,1297,-0.015708797046462664,0.0,0.5144368151669674,outer_01,sigmoid,0.05
1292,2016-01-11,1293,1298,-0.005273240515407451,0.0,0.511676225871465,outer_01,sigmoid,0.05
1293,2016-01-12,1294,1299,0.00026663602042820145,1.0,0.5107681867790167,outer_01,sigmoid,0.05
1294,2016-01-13,1295,1300,0.0070095129239868825,1.0,0.5086378793319675,outer_01,sigmoid,0.05
1295,2016-01-14,1296,1301,0.021016310329343035,1.0,0.5116777575098514,outer_01,sigmoid,0.05
1296,2016-01-15,1297,1302,0.006938282848961919,1.0,0.5128738901123422,outer_01,sigmoid,0.05
1297,2016-01-18,1298,1303,0.017136594154511187,1.0,0.5090429433567714,outer_01,sigmoid,0.05
1298,2016-01-19,1299,1304,0.029082878114202515,1.0,0.5147158841602264,outer_01,sigmoid,0.05
1299,2016-01-20,1300,1305,0.022134296856434865,1.0,0.5181264556616718,outer_01,sigmoid,0.05
1300,2016-01-21,1301,1306,0.012822481621921789,1.0,0.5160728199403465,outer_01,sigmoid,0.05
1301,2016-01-22,1302,1307,0.01638099685195371,1.0,0.5138613557876156,outer_01,sigmoid,0.05
1302,2016-01-25,1303,1308,0.017725854709691014,1.0,0.5129214329854624,outer_01,sigmoid,0.05
1303,2016-01-26,1304,1309,0.0073399232547011195,1.0,0.508609886385004,outer_01,sigmoid,0.05
1304,2016-01-27,1305,1310,0.014106174013394757,1.0,0.5073473638998,outer_01,sigmoid,0.05
1305,2016-01-28,1306,1311,0.03538282548339833,1.0,0.509514229522596,outer_01,sigmoid,0.05
1306,2016-01-29,1307,1312,0.046061234428400155,1.0,0.5086542335975207,outer_01,sigmoid,0.05
1307,2016-02-01,1308,1313,0.054007499944892956,1.0,0.5064410584171893,outer_01,sigmoid,0.05
1308,2016-02-02,1309,1314,0.05290485545916024,1.0,0.5056857597294587,outer_01,sigmoid,0.05
1309,2016-02-03,1310,1315,0.04718873305983973,1.0,0.5102185020309444,outer_01,sigmoid,0.05
1310,2016-02-04,1311,1316,0.07694501459617786,1.0,0.5149825441791273,outer_01,sigmoid,0.05
1311,2016-02-05,1312,1317,0.05295222262174448,1.0,0.5117880707586538,outer_01,sigmoid,0.05
1312,2016-02-08,1313,1318,0.015318625701070232,1.0,0.5149261627630655,outer_01,sigmoid,0.05
1313,2016-02-09,1314,1319,0.01097860062232403,1.0,0.5137648635409061,outer_01,sigmoid,0.05
1314,2016-02-10,1315,1320,0.009389896539986786,1.0,0.5142994818636684,outer_01,sigmoid,0.05
1315,2016-02-11,1316,1321,-0.013602578452868386,0.0,0.5170840086897159,outer_01,sigmoid,0.05
1316,2016-02-12,1317,1322,-0.005763329369623982,0.0,0.5175114512274087,outer_01,sigmoid,0.05
1317,2016-02-15,1318,1323,8.270853924408073e-06,1.0,0.5208491150803775,outer_01,sigmoid,0.05
1318,2016-02-16,1319,1324,0.02016062882982439,1.0,0.5203130388565803,outer_01,sigmoid,0.05
1319,2016-02-17,1320,1325,0.01542662431277897,1.0,0.4766210438248988,outer_02,none,0.05
1320,2016-02-18,1321,1326,0.0010392141878670103,1.0,0.4291202817066428,outer_02,none,0.05
1321,2016-02-19,1322,1327,-0.004861092268058087,0.0,0.3084556254062254,outer_02,none,0.05
1322,2016-02-22,1323,1328,0.024493487911135148,1.0,0.3811905053777439,outer_02,none,0.05
1323,2016-02-23,1324,1329,0.003514513172616418,1.0,0.37034506754279267,outer_02,none,0.05
1324,2016-02-24,1325,1330,0.01187904935597306,1.0,0.3925838162258633,outer_02,none,0.05
1325,2016-02-25,1326,1331,0.024084027081461734,1.0,0.27305944340675586,outer_02,none,0.05
1326,2016-02-26,1327,1332,0.03293059693264233,1.0,0.3202045093075994,outer_02,none,0.05
1327,2016-02-29,1328,1333,0.02184906530058406,1.0,0.2261737007694603,outer_02,none,0.05
1328,2016-03-01,1329,1334,0.024277554597642137,1.0,0.2609135440853374,outer_02,none,0.05
1329,2016-03-02,1330,1335,0.009021170575201687,1.0,0.23223141909898617,outer_02,none,0.05
1330,2016-03-03,1331,1336,0.005947203672707069,1.0,0.1712680826616719,outer_02,none,0.05
1331,2016-03-04,1332,1337,-0.006650152134910492,0.0,0.2188932758353695,outer_02,none,0.05
1332,2016-03-07,1333,1338,-0.02497731381100099,0.0,0.19686888468392832,outer_02,none,0.05
1333,2016-03-08,1334,1339,-0.02311690141738687,0.0,0.18082456908719857,outer_02,none,0.05
1334,2016-03-09,1335,1340,0.005381835803824231,1.0,0.20964404468672565,outer_02,none,0.05
1335,2016-03-10,1336,1341,-0.008882479038267554,0.0,0.13187690080835504,outer_02,none,0.05
1336,2016-03-11,1337,1342,0.002482054275253276,1.0,0.21666360702175538,outer_02,none,0.05
1337,2016-03-14,1338,1343,0.006769566951658312,1.0,0.30143964471335083,outer_02,none,0.05
1338,2016-03-15,1339,1344,0.012046104140133629,1.0,0.2346062260141376,outer_02,none,0.05
1339,2016-03-16,1340,1345,-0.029695139802758064,0.0,0.16525255194362942,outer_02,none,0.05
1340,2016-03-17,1341,1346,-0.03589577370174002,0.0,0.11160264697649391,outer_02,none,0.05
1341,2016-03-18,1342,1347,-0.027270560998575277,0.0,0.16194617661762412,outer_02,none,0.05
1342,2016-03-21,1343,1348,-0.0017384450128323792,0.0,0.25834398699936817,outer_02,none,0.05
1343,2016-03-22,1344,1349,-0.01768340487465281,0.0,0.2595633124858234,outer_02,none,0.05
1344,2016-03-23,1345,1350,0.0072937405944113465,1.0,0.30743003080600556,outer_02,none,0.05
1345,2016-03-24,1346,1351,0.004928951078020383,1.0,0.3579401990709357,outer_02,none,0.05
1346,2016-03-28,1347,1352,-0.004186338968444225,0.0,0.2696302220128415,outer_02,none,0.05
1347,2016-03-29,1348,1353,-0.00890038321182196,0.0,0.17430755680348164,outer_02,none,0.05
1348,2016-03-30,1349,1354,-0.0023685081310915734,0.0,0.2005608881343901,outer_02,none,0.05
1349,2016-03-31,1350,1355,0.0063215275288213135,1.0,0.16582763579009321,outer_02,none,0.05
1350,2016-04-01,1351,1356,0.019862077319213967,1.0,0.21931519318188064,outer_02,none,0.05
1351,2016-04-04,1352,1357,0.0327314450871814,1.0,0.2980191352044122,outer_02,none,0.05
1352,2016-04-05,1353,1358,0.020282027324048713,1.0,0.18832040255863147,outer_02,none,0.05
1353,2016-04-06,1354,1359,0.01580316657853853,1.0,0.2662024759422293,outer_02,none,0.05
1354,2016-04-07,1355,1360,-0.009737664763458831,0.0,0.09524781095759904,outer_02,none,0.05
1355,2016-04-08,1356,1361,-0.00816317894165941,0.0,0.11860255494649362,outer_02,none,0.05
1356,2016-04-11,1357,1362,-0.01959932829558486,0.0,0.11981143178617985,outer_02,none,0.05
1357,2016-04-12,1358,1363,-0.004733953941371105,0.0,0.1286882087875837,outer_02,none,0.05
1358,2016-04-13,1359,1364,0.0010779503899556175,1.0,0.15169180702247248,outer_02,none,0.05
1359,2016-04-14,1360,1365,0.016404275703550297,1.0,0.19312663038738512,outer_02,none,0.05
1360,2016-04-15,1361,1366,-0.001978207935291465,0.0,0.20007877519052775,outer_02,none,0.05
1361,2016-04-18,1362,1367,0.004907687206931577,1.0,0.17420869286854976,outer_02,none,0.05
1362,2016-04-19,1363,1368,-0.005520575705782349,0.0,0.1099647089977077,outer_02,none,0.05
1363,2016-04-20,1364,1369,0.0013096736928277508,1.0,0.1267583158757253,outer_02,none,0.05
1364,2016-04-21,1365,1370,0.014545132301555519,1.0,0.15706387406503625,outer_02,none,0.05
1365,2016-04-22,1366,1371,0.04787695422737226,1.0,0.23566699713569597,outer_02,none,0.05
1366,2016-04-25,1367,1372,0.042901215798888614,1.0,0.23833037205661153,outer_02,none,0.05
1367,2016-04-26,1368,1373,0.033803918685523904,1.0,0.21444786316847464,outer_02,none,0.05
1368,2016-04-27,1369,1374,0.027106395399204786,1.0,0.1808329822461083,outer_02,none,0.05
1369,2016-04-28,1370,1375,0.009082286042480625,1.0,0.14985315715569353,outer_02,none,0.05
1370,2016-04-29,1371,1376,-0.006566205426872251,0.0,0.2478614314442575,outer_02,none,0.05
1371,2016-05-02,1372,1377,-0.02195603275679847,0.0,0.352923111204596,outer_02,none,0.05
1372,2016-05-03,1373,1378,-0.015269147572983144,0.0,0.4084975232947029,outer_02,none,0.05
1373,2016-05-04,1374,1379,-0.001665943578983864,0.0,0.4359165073126996,outer_02,none,0.05
1374,2016-05-05,1375,1380,-0.010544719554903992,0.0,0.45603680442762135,outer_02,none,0.05
1375,2016-05-06,1376,1381,-0.00897182688357212,0.0,0.36577400237739527,outer_02,none,0.05
1376,2016-05-09,1377,1382,0.007919319906767974,1.0,0.3261838148461077,outer_02,none,0.05
1377,2016-05-10,1378,1383,0.011169088045350328,1.0,0.34438420530913416,outer_02,none,0.05
1378,2016-05-11,1379,1384,-0.014873387441549646,0.0,0.43789531512162666,outer_02,none,0.05
1379,2016-05-12,1380,1385,-0.00668320105092679,0.0,0.4569398755657508,outer_02,none,0.05
1380,2016-05-13,1381,1386,-0.017740828185931257,0.0,0.36587257844757853,outer_02,none,0.05
1381,2016-05-16,1382,1387,-0.02008930658644381,0.0,0.39764577550692354,outer_02,none,0.05
1382,2016-05-17,1383,1388,-0.04212366353988806,0.0,0.40236286500724505,outer_02,none,0.05
1383,2016-05-18,1384,1389,-0.02840630802513555,0.0,0.42054263793624763,outer_02,none,0.05
1384,2016-05-19,1385,1390,-0.028711884225224082,0.0,0.46930085686498946,outer_02,none,0.05
1385,2016-05-20,1386,1391,-0.030376594193765705,0.0,0.5004657391542782,outer_02,none,0.05
1386,2016-05-23,1387,1392,-0.03393082298844341,0.0,0.451786157163052,outer_02,none,0.05
1387,2016-05-24,1388,1393,-0.009371909692205804,0.0,0.29536906582577943,outer_02,none,0.05
1388,2016-05-25,1389,1394,-0.008652802917316293,0.0,0.3152707926857853,outer_02,none,0.05
1389,2016-05-26,1390,1395,-0.00807262299093825,0.0,0.2857987451070072,outer_02,none,0.05
1390,2016-05-27,1391,1396,0.025293074181837127,1.0,0.33116997022240685,outer_02,none,0.05
1391,2016-05-30,1392,1397,0.0308831160321672,1.0,0.44701053705714183,outer_02,none,0.05
1392,2016-05-31,1393,1398,0.023255066215182474,1.0,0.6130260133871636,outer_02,none,0.05
1393,2016-06-01,1394,1399,0.03941603977425778,1.0,0.5768737086048398,outer_02,none,0.05
1394,2016-06-02,1395,1400,0.04756502311711319,1.0,0.48883846310316376,outer_02,none,0.05
1395,2016-06-03,1396,1401,0.024371017475845136,1.0,0.4783142465705209,outer_02,none,0.05
1396,2016-06-06,1397,1402,0.03031637915744767,1.0,0.4997763429883926,outer_02,none,0.05
1397,2016-06-07,1398,1403,0.03178811688316596,1.0,0.4463517548952048,outer_02,none,0.05
1398,2016-06-08,1399,1404,0.024715811665502407,1.0,0.46548097338995775,outer_02,none,0.05
1399,2016-06-09,1400,1405,0.007613074686312338,1.0,0.48847887653257743,outer_02,none,0.05
1400,2016-06-10,1401,1406,0.00890359602169788,1.0,0.4427509067997618,outer_02,none,0.05
1401,2016-06-13,1402,1407,0.0050291789994858505,1.0,0.35425100954472327,outer_02,none,0.05
1402,2016-06-14,1403,1408,-0.011924523645425289,0.0,0.3408325122085739,outer_02,none,0.05
1403,2016-06-15,1404,1409,-0.023179262894589492,0.0,0.41730934601898717,outer_02,none,0.05
1404,2016-06-16,1405,1410,-0.020482305910240584,0.0,0.5502071856218052,outer_02,none,0.05
1405,2016-06-17,1406,1411,0.030643236767886606,1.0,0.39671764210381755,outer_02,none,0.05
1406,2016-06-20,1407,1412,0.026254774397610703,1.0,0.39492106606726674,outer_02,none,0.05
1407,2016-06-21,1408,1413,0.032721218725774825,1.0,0.5523293535381929,outer_02,none,0.05
1408,2016-06-22,1409,1414,0.04190977344202729,1.0,0.44029789596038327,outer_02,none,0.05
1409,2016-06-23,1410,1415,0.05400379506653685,1.0,0.3812473277695437,outer_02,none,0.05
1410,2016-06-24,1411,1416,0.010128682242532605,1.0,0.3192853235503648,outer_02,none,0.05
1411,2016-06-27,1412,1417,0.018831567438653884,1.0,0.5721800826773554,outer_02,none,0.05
1412,2016-06-28,1413,1418,0.0338016861890722,1.0,0.6330709752301483,outer_02,none,0.05
1413,2016-06-29,1414,1419,0.033552882548267604,1.0,0.48894720980292855,outer_02,none,0.05
1414,2016-06-30,1415,1420,0.027319274203338573,1.0,0.49050388573369613,outer_02,none,0.05
1415,2016-07-01,1416,1421,0.02128557047025481,1.0,0.5614048063781456,outer_02,none,0.05
1416,2016-07-04,1417,1422,0.004422429926300708,1.0,0.5670830990075877,outer_02,none,0.05
1417,2016-07-05,1418,1423,-0.01713280672016193,0.0,0.38028323202726955,outer_02,none,0.05
1418,2016-07-06,1419,1424,-0.014526167359872666,0.0,0.4197040896451483,outer_02,none,0.05
1419,2016-07-07,1420,1425,-0.017687753074006274,0.0,0.4911268598686308,outer_02,none,0.05
1420,2016-07-08,1421,1426,-0.02539969443069534,0.0,0.4188223579038325,outer_02,none,0.05
1421,2016-07-11,1422,1427,-0.02015466942088029,0.0,0.46759624933329946,outer_02,none,0.05
1422,2016-07-12,1423,1428,-0.0012827968226352127,0.0,0.47844063313654756,outer_02,none,0.05
1423,2016-07-13,1424,1429,-0.021876813450942834,0.0,0.40118333409827256,outer_02,none,0.05
1424,2016-07-14,1425,1430,-0.003405573724511335,0.0,0.4150758611792247,outer_02,none,0.05
1425,2016-07-15,1426,1431,-0.009292655391055504,0.0,0.2790278369913053,outer_02,none,0.05
1426,2016-07-18,1427,1432,-0.009783044466088242,0.0,0.32434222450155764,outer_02,none,0.05
1427,2016-07-19,1428,1433,-0.009730638284525028,0.0,0.4346886378431685,outer_02,none,0.05
1428,2016-07-20,1429,1434,0.018505361653370578,1.0,0.526321999076743,outer_02,none,0.05
1429,2016-07-21,1430,1435,0.00339808519132756,1.0,0.29746345793496315,outer_02,none,0.05
1430,2016-07-22,1431,1436,0.021584594774429533,1.0,0.3632985133340723,outer_02,none,0.05
1431,2016-07-25,1432,1437,0.028342569875029255,1.0,0.490671142116661,outer_02,none,0.05
1432,2016-07-26,1433,1438,0.03273431649091485,1.0,0.32036628780591003,outer_02,none,0.05
1433,2016-07-27,1434,1439,0.01427292168869787,1.0,0.29246011991734255,outer_02,none,0.05
1434,2016-07-28,1435,1440,0.01898927380035076,1.0,0.26678103026479344,outer_02,none,0.05
1435,2016-07-29,1436,1441,-0.013206825086483853,0.0,0.23676637321868305,outer_02,none,0.05
1436,2016-08-01,1437,1442,-0.01346017486985307,0.0,0.24771759392520493,outer_02,none,0.05
1437,2016-08-02,1438,1443,-0.017173107037493196,0.0,0.23095398159798755,outer_02,none,0.05
1438,2016-08-03,1439,1444,-0.0078976384938656,0.0,0.1876619517642412,outer_02,none,0.05
1439,2016-08-04,1440,1445,-0.017006771533233156,0.0,0.17216128484506868,outer_02,none,0.05
1440,2016-08-05,1441,1446,0.0031760088419447996,1.0,0.2681359633744511,outer_02,none,0.05
1441,2016-08-08,1442,1447,0.0034847149159284996,1.0,0.21054533545549411,outer_02,none,0.05
1442,2016-08-09,1443,1448,0.004140792666031068,1.0,0.20281702907022672,outer_02,none,0.05
1443,2016-08-10,1444,1449,0.0019432171540376686,1.0,0.17087287357120262,outer_02,none,0.05
1444,2016-08-11,1445,1450,0.01047542598046558,1.0,0.16543136230519379,outer_02,none,0.05
1445,2016-08-12,1446,1451,0.0009045140349135394,1.0,0.20486067027674199,outer_02,none,0.05
1446,2016-08-15,1447,1452,-0.0005674945269609211,0.0,0.22240495656615134,outer_02,none,0.05
1447,2016-08-16,1448,1453,-0.00579145722776353,0.0,0.2264198284080635,outer_02,none,0.05
1448,2016-08-17,1449,1454,-0.01814690290588583,0.0,0.181161837449536,outer_02,none,0.05
1449,2016-08-18,1450,1455,-0.02262649958750451,0.0,0.13519887149971063,outer_02,none,0.05
1450,2016-08-19,1451,1456,-0.014154427450667306,0.0,0.2589874777765689,outer_02,none,0.05
1451,2016-08-22,1452,1457,-0.011667393777226032,0.0,0.3015214339515938,outer_02,none,0.05
1452,2016-08-23,1453,1458,-0.019931957281068335,0.0,0.3330933455373959,outer_02,none,0.05
1453,2016-08-24,1454,1459,-0.011787120694164877,0.0,0.298075378727556,outer_02,none,0.05
1454,2016-08-25,1455,1460,-0.006138968980670789,0.0,0.21219301268808566,outer_02,none,0.05
1455,2016-08-26,1456,1461,0.003933052501031042,1.0,0.2980297203248651,outer_02,none,0.05
1456,2016-08-29,1457,1462,0.002181536318905053,1.0,0.28149573479247597,outer_02,none,0.05
1457,2016-08-30,1458,1463,0.02769839380468575,1.0,0.25128206952174603,outer_02,none,0.05
1458,2016-08-31,1459,1464,0.026556933369262126,1.0,0.3935364449698428,outer_02,none,0.05
1459,2016-09-01,1460,1465,0.018454451128356197,1.0,0.4174639442702939,outer_02,none,0.05
1460,2016-09-02,1461,1466,0.0028342938143657292,1.0,0.2341541569873257,outer_02,none,0.05
1461,2016-09-05,1462,1467,0.000911965272862858,1.0,0.22592295771846926,outer_02,none,0.05
1462,2016-09-06,1463,1468,-0.022002972373839746,0.0,0.24185279704119245,outer_02,none,0.05
1463,2016-09-07,1464,1469,-0.016771331475904816,0.0,0.24701957994982932,outer_02,none,0.05
1464,2016-09-08,1465,1470,-0.017336159335479273,0.0,0.20936716917767448,outer_02,none,0.05
1465,2016-09-09,1466,1471,-0.01414560110327745,0.0,0.18832280713279495,outer_02,none,0.05
1466,2016-09-12,1467,1472,-0.010777998668755728,0.0,0.19268202444671986,outer_02,none,0.05
1467,2016-09-13,1468,1473,-0.0030603938605491265,0.0,0.1392864611404265,outer_02,none,0.05
1468,2016-09-14,1469,1474,0.008447064410274763,1.0,0.14920958875018803,outer_02,none,0.05
1469,2016-09-15,1470,1475,0.01673070348722927,1.0,0.14120865279245556,outer_02,none,0.05
1470,2016-09-16,1471,1476,0.020224236597226053,1.0,0.16991186363428248,outer_02,none,0.05
1471,2016-09-19,1472,1477,0.018881223506476807,1.0,0.18578544105815006,outer_02,none,0.05
1472,2016-09-20,1473,1478,0.009062785616720248,1.0,0.16252616449852028,outer_02,none,0.05
1473,2016-09-21,1474,1479,-0.009188264583372074,0.0,0.1809036034873803,outer_02,none,0.05
1474,2016-09-22,1475,1480,-0.012156466701382485,0.0,0.2352352080197791,outer_02,none,0.05
1475,2016-09-23,1476,1481,-0.014620914767206727,0.0,0.26016280321211194,outer_02,none,0.05
1476,2016-09-26,1477,1482,-0.019963153103738307,0.0,0.2468600914225945,outer_02,none,0.05
1477,2016-09-27,1478,1483,-0.04503811095155541,0.0,0.30890329218895096,outer_02,none,0.05
1478,2016-09-28,1479,1484,-0.04170698577699028,0.0,0.33001134810605764,outer_02,none,0.05
1479,2016-09-29,1480,1485,-0.0512984728317587,0.0,0.23548747041296708,outer_02,none,0.05
1480,2016-09-30,1481,1486,-0.04645458266290525,0.0,0.16221972364275927,outer_02,none,0.05
1481,2016-10-03,1482,1487,-0.04082167688089999,0.0,0.1704951849689234,outer_02,none,0.05
1482,2016-10-04,1483,1488,-0.012056461725185486,0.0,0.08544296888513533,outer_02,none,0.05
1483,2016-10-05,1484,1489,-0.009598653328445117,0.0,0.13649458634203687,outer_02,none,0.05
1484,2016-10-06,1485,1490,0.002252082934007582,1.0,0.18997363026073397,outer_02,none,0.05
1485,2016-10-07,1486,1491,-0.004966983427464378,0.0,0.3477395314573803,outer_02,none,0.05
1486,2016-10-10,1487,1492,-0.0032292473538904076,0.0,0.408431265148631,outer_02,none,0.05
1487,2016-10-11,1488,1493,0.007591904024012663,1.0,0.5258925336977225,outer_02,none,0.05
1488,2016-10-12,1489,1494,0.010836350424132668,1.0,0.3966701553152668,outer_02,none,0.05
1489,2016-10-13,1490,1495,0.006078323445572131,1.0,0.4596922127855094,outer_02,none,0.05
1490,2016-10-14,1491,1496,0.011696318571955189,1.0,0.7076943260785181,outer_02,none,0.05
1491,2016-10-17,1492,1497,0.007350056107790159,1.0,0.6809906583036321,outer_02,none,0.05
1492,2016-10-18,1493,1498,0.008697318300725954,1.0,0.41525882762215005,outer_02,none,0.05
1493,2016-10-19,1494,1499,-0.002176845854049425,0.0,0.44269429429180873,outer_02,none,0.05
1494,2016-10-20,1495,1500,0.0017997542037138103,1.0,0.4549683544276552,outer_02,none,0.05
1495,2016-10-21,1496,1501,0.008902579343833317,1.0,0.4596174923703126,outer_02,none,0.05
1496,2016-10-24,1497,1502,0.00955491465289171,1.0,0.503178867360502,outer_02,none,0.05
1497,2016-10-25,1498,1503,0.011381678189190225,1.0,0.4303780429474064,outer_02,none,0.05
1498,2016-10-26,1499,1504,0.024767522772808803,1.0,0.550519524491696,outer_02,none,0.05
1499,2016-10-27,1500,1505,0.02799604294354996,1.0,0.4240569383614291,outer_02,none,0.05
1500,2016-10-28,1501,1506,0.01172235040050662,1.0,0.36813968171074224,outer_02,none,0.05
1501,2016-10-31,1502,1507,0.004564112490961669,1.0,0.3357843756561925,outer_02,none,0.05
1502,2016-11-01,1503,1508,-0.011876410866951126,0.0,0.21174065515282378,outer_02,none,0.05
1503,2016-11-02,1504,1509,-0.015392024325222131,0.0,0.18338991858942438,outer_02,none,0.05
1504,2016-11-03,1505,1510,-0.03499217771893459,0.0,0.24307763700025878,outer_02,none,0.05
1505,2016-11-04,1506,1511,-0.05022394165919142,0.0,0.25603470661051114,outer_02,none,0.05
1506,2016-11-07,1507,1512,-0.04881472644914009,0.0,0.3795584560152039,outer_02,none,0.05
1507,2016-11-08,1508,1513,-0.0360273255770327,0.0,0.42368798397340834,outer_02,none,0.05
1508,2016-11-09,1509,1514,-0.04243038917834241,0.0,0.5463325130081902,outer_02,none,0.05
1509,2016-11-10,1510,1515,-0.034418184327124735,0.0,0.5572878829292438,outer_02,none,0.05
1510,2016-11-11,1511,1516,-0.017674004327427717,0.0,0.5500248740893351,outer_02,none,0.05
1511,2016-11-14,1512,1517,-0.006604533803170831,0.0,0.5770095167190312,outer_02,none,0.05
1512,2016-11-15,1513,1518,-0.012240235404169297,0.0,0.5324420026530343,outer_02,none,0.05
1513,2016-11-16,1514,1519,-0.030635990134351587,0.0,0.6397136066432083,outer_02,none,0.05
1514,2016-11-17,1515,1520,-0.0263523810769124,0.0,0.7075027913511179,outer_02,none,0.05
1515,2016-11-18,1516,1521,-0.01815223085630091,0.0,0.8287669188155348,outer_02,none,0.05
1516,2016-11-21,1517,1522,-0.016662827715699713,0.0,0.7580300687211041,outer_02,none,0.05
1517,2016-11-22,1518,1523,-0.020756169291738402,0.0,0.8093703679740563,outer_02,none,0.05
1518,2016-11-23,1519,1524,-0.012387493347532086,0.0,0.8825909367727643,outer_02,none,0.05
1519,2016-11-24,1520,1525,-0.010579864777001902,0.0,0.8736156743033915,outer_02,none,0.05
1520,2016-11-25,1521,1526,-0.00026147870573645093,0.0,0.8769594268941757,outer_02,none,0.05
1521,2016-11-28,1522,1527,-0.019830282545838962,0.0,0.75014179077257,outer_02,none,0.05
1522,2016-11-29,1523,1528,-0.015957446987097335,0.0,0.7963538946141967,outer_02,none,0.05
1523,2016-11-30,1524,1529,0.0003833196378995041,1.0,0.8726518364145297,outer_02,none,0.05
1524,2016-12-01,1525,1530,-0.0020149419837487414,0.0,0.8417452796227823,outer_02,none,0.05
1525,2016-12-02,1526,1531,-0.022997169418917274,0.0,0.8233730608059374,outer_02,none,0.05
1526,2016-12-05,1527,1532,-0.005803876673483366,0.0,0.899224210086716,outer_02,none,0.05
1527,2016-12-06,1528,1533,-0.009373524825022628,0.0,0.8670379950582117,outer_02,none,0.05
1528,2016-12-07,1529,1534,-0.02764882513061373,0.0,0.7734992922276676,outer_02,none,0.05
1529,2016-12-08,1530,1535,-0.03632491259779069,0.0,0.7943315176161623,outer_02,none,0.05
1530,2016-12-09,1531,1536,-0.01976309283261024,0.0,0.8761933742755161,outer_02,none,0.05
1531,2016-12-12,1532,1537,-0.021395186832728008,0.0,0.881435204873995,outer_02,none,0.05
1532,2016-12-13,1533,1538,-0.02261961189629691,0.0,0.8512192884489018,outer_02,none,0.05
1533,2016-12-14,1534,1539,-0.009518435620350374,0.0,0.87838126039874,outer_02,none,0.05
1534,2016-12-15,1535,1540,-2.6588319752995915e-05,0.0,0.896391577911312,outer_02,none,0.05
1535,2016-12-16,1536,1541,-0.0012333825313213254,0.0,0.9307858838422098,outer_02,none,0.05
1536,2016-12-19,1537,1542,0.0005707837894304291,1.0,0.8583028366171548,outer_02,none,0.05
1537,2016-12-20,1538,1543,0.008624494650063319,1.0,0.8813399644878696,outer_02,none,0.05
1538,2016-12-21,1539,1544,0.023179339448827996,1.0,0.8945044711022856,outer_02,none,0.05
1539,2016-12-22,1540,1545,0.02050098774107756,1.0,0.9213895058334006,outer_02,none,0.05
1540,2016-12-23,1541,1546,0.021246776373778253,1.0,0.9149394407339861,outer_02,none,0.05
1541,2016-12-27,1542,1547,0.02084159861715751,1.0,0.8636761292552813,outer_02,none,0.05
1542,2016-12-28,1543,1548,0.032104255429823425,1.0,0.8226078224684992,outer_02,none,0.05
1543,2016-12-29,1544,1549,0.012871626262802138,1.0,0.6426846319898974,outer_02,none,0.05
1544,2016-12-30,1545,1550,0.025884866952456953,1.0,0.6772151391440129,outer_02,none,0.05
1545,2017-01-03,1546,1551,0.02453368186751792,1.0,0.6466514936566243,outer_02,none,0.05
1546,2017-01-04,1547,1552,0.02475342383334045,1.0,0.6011157041067078,outer_02,none,0.05
1547,2017-01-05,1548,1553,0.012401169879844076,1.0,0.5056108967303947,outer_02,none,0.05
1548,2017-01-06,1549,1554,0.02181726856766808,1.0,0.5960439870812434,outer_02,none,0.05
1549,2017-01-09,1550,1555,0.017678943513221412,1.0,0.5827207045362703,outer_02,none,0.05
1550,2017-01-10,1551,1556,0.024085922732544063,1.0,0.5683290795145376,outer_02,none,0.05
1551,2017-01-11,1552,1557,0.01028037858853903,1.0,0.5579890139991159,outer_02,none,0.05
1552,2017-01-12,1553,1558,0.0085370845636481,1.0,0.5028466084330042,outer_02,none,0.05
1553,2017-01-13,1554,1559,0.010158944000170145,1.0,0.44303804088203,outer_02,none,0.05
1554,2017-01-16,1555,1560,0.013253977130115224,1.0,0.5575498511174903,outer_02,none,0.05
1555,2017-01-17,1556,1561,-0.005911493476415508,0.0,0.42729233226260926,outer_02,none,0.05
1556,2017-01-18,1557,1562,-0.003242922467509679,0.0,0.5725301977080741,outer_02,none,0.05
1557,2017-01-19,1558,1563,-0.013018123202444443,0.0,0.4715900021641016,outer_02,none,0.05
1558,2017-01-20,1559,1564,-0.015067780965468458,0.0,0.470911702653003,outer_02,none,0.05
1559,2017-01-23,1560,1565,-0.019650382938442235,0.0,0.329471768985345,outer_02,none,0.05
1560,2017-01-24,1561,1566,0.0009670261396044211,1.0,0.41645857883361287,outer_02,none,0.05
1561,2017-01-25,1562,1567,0.006839392857164839,1.0,0.44870466047784796,outer_02,none,0.05
1562,2017-01-26,1563,1568,0.02154879257828668,1.0,0.5018321751741287,outer_02,none,0.05
1563,2017-01-27,1564,1569,0.024339435882906102,1.0,0.4689760803819875,outer_02,none,0.05
1564,2017-01-30,1565,1570,0.03214784518593028,1.0,0.37758594497862785,outer_02,none,0.05
1565,2017-01-31,1566,1571,0.019049441941334955,1.0,0.2411447598126065,outer_02,none,0.05
1566,2017-02-01,1567,1572,0.026077501476764908,1.0,0.28998424250459126,outer_02,none,0.05
1567,2017-02-02,1568,1573,0.011099401826969668,1.0,0.2843418205395266,outer_02,none,0.05
1568,2017-02-03,1569,1574,0.006930260674735678,1.0,0.2921320021281272,outer_02,none,0.05
1569,2017-02-06,1570,1575,-0.007399731271674703,0.0,0.3059200981907765,outer_02,none,0.05
1570,2017-02-07,1571,1576,-0.0043620482219095535,0.0,0.3813601154330203,outer_02,none,0.05
1571,2017-02-08,1572,1577,-0.005997722362132585,0.0,0.3999221140708158,outer_02,none,0.05
1572,2017-02-09,1573,1578,0.00825251730737886,1.0,0.47431725747204045,outer_02,none,0.05
1573,2017-02-10,1574,1579,0.003973375537538182,1.0,0.4991238159958456,outer_02,none,0.05
1574,2017-02-13,1575,1580,0.00961709885494777,1.0,0.5033168338613628,outer_02,none,0.05
1575,2017-02-14,1576,1581,0.006030348481700365,1.0,0.4808133810086859,outer_02,none,0.05
1576,2017-02-15,1577,1582,0.0027527484127114477,1.0,0.4504787363210652,outer_02,none,0.05
1577,2017-02-16,1578,1583,0.008593265929647487,1.0,0.36496756461481356,outer_02,none,0.05
1578,2017-02-17,1579,1584,0.01650197165543066,1.0,0.38357429821381955,outer_02,none,0.05
1579,2017-02-20,1580,1585,0.012443776691235087,1.0,0.427565563464172,outer_02,none,0.05
1580,2017-02-21,1581,1586,0.010208113375386851,1.0,0.4680686377182882,outer_02,none,0.05
1581,2017-02-22,1582,1587,0.009383166392344933,1.0,0.44402320705903275,outer_02,none,0.05
1582,2017-02-23,1583,1588,-0.012200429162493087,0.0,0.43359025759110553,outer_02,none,0.05
1583,2017-02-24,1584,1589,-0.01851912216340068,0.0,0.5040702184247869,outer_02,none,0.05
1584,2017-02-27,1585,1590,-0.021775255687948025,0.0,0.5109962169161651,outer_02,none,0.05
1585,2017-02-28,1586,1591,-0.026499410065760287,0.0,0.4623503794325785,outer_02,none,0.05
1586,2017-03-01,1587,1592,-0.03275351295241524,0.0,0.4037863436911585,outer_02,none,0.05
1587,2017-03-02,1588,1593,-0.027434985567714065,0.0,0.505793837943843,outer_02,none,0.05
1588,2017-03-03,1589,1594,-0.022187785020530093,0.0,0.4247966730781077,outer_02,none,0.05
1589,2017-03-06,1590,1595,-0.019369130642953536,0.0,0.4607741659099804,outer_02,none,0.05
1590,2017-03-07,1591,1596,-0.01386380571543011,0.0,0.49645912042385393,outer_02,none,0.05
1591,2017-03-08,1592,1597,0.008751096166437655,1.0,0.4888050008132726,outer_02,none,0.05
1592,2017-03-09,1593,1598,0.02111950877869706,1.0,0.49833744194872626,outer_02,none,0.05
1593,2017-03-10,1594,1599,0.02004466612581801,1.0,0.5119204935475189,outer_02,none,0.05
1594,2017-03-13,1595,1600,0.026556153448830777,1.0,0.5430036589077541,outer_02,none,0.05
1595,2017-03-14,1596,1601,0.0378450297889561,1.0,0.5854831227837032,outer_02,none,0.05
1596,2017-03-15,1597,1602,0.023153030536636088,1.0,0.4466139697967778,outer_02,none,0.05
1597,2017-03-16,1598,1603,0.014851297359058435,1.0,0.4943888857669749,outer_02,none,0.05
1598,2017-03-17,1599,1604,0.014169411846686408,1.0,0.49892609212440625,outer_02,none,0.05
1599,2017-03-20,1600,1605,0.015426164914962293,1.0,0.4571699804151485,outer_02,none,0.05
1600,2017-03-21,1601,1606,0.00447062395842579,1.0,0.4269120346083265,outer_02,none,0.05
1601,2017-03-22,1602,1607,0.004247717542464002,1.0,0.4098001899997829,outer_02,none,0.05
1602,2017-03-23,1603,1608,-0.0009725320757691946,0.0,0.5170305245726395,outer_02,none,0.05
1603,2017-03-24,1604,1609,-0.00012019086323533656,0.0,0.5747603184686471,outer_02,none,0.05
1604,2017-03-27,1605,1610,0.0004306632280179912,1.0,0.5885146366776746,outer_02,none,0.05
1605,2017-03-28,1606,1611,0.0038218080802927545,1.0,0.5650911273915727,outer_02,none,0.05
1606,2017-03-29,1607,1612,0.002407814597612301,1.0,0.44036713259230786,outer_02,none,0.05
1607,2017-03-30,1608,1613,0.006524341055603067,1.0,0.459572349358459,outer_02,none,0.05
1608,2017-03-31,1609,1614,0.005322604812079135,1.0,0.5058200800282785,outer_02,none,0.05
1609,2017-04-03,1610,1615,0.000741263290000127,1.0,0.45700881256288234,outer_02,none,0.05
1610,2017-04-04,1611,1616,0.014240377905653467,1.0,0.43717318004400013,outer_02,none,0.05
1611,2017-04-05,1612,1617,0.023095569346144096,1.0,0.4381144345353643,outer_02,none,0.05
1612,2017-04-06,1613,1618,0.031123358028183112,1.0,0.5456169211677677,outer_02,none,0.05
1613,2017-04-07,1614,1619,0.023529385223351795,1.0,0.5030039497253067,outer_02,none,0.05
1614,2017-04-10,1615,1620,0.027047475793375853,1.0,0.5283389368091929,outer_02,none,0.05
1615,2017-04-11,1616,1621,0.0044650275106494774,1.0,0.44136922394357236,outer_02,none,0.05
1616,2017-04-12,1617,1622,-0.0028286798493182275,0.0,0.482064145533203,outer_02,none,0.05
1617,2017-04-13,1618,1623,-0.017885594780191916,0.0,0.4073104973225273,outer_02,none,0.05
1618,2017-04-17,1619,1624,-0.007015763397582475,0.0,0.49540970463765854,outer_02,none,0.05
1619,2017-04-18,1620,1625,-0.020448207063873625,0.0,0.4939793530558558,outer_02,none,0.05
1620,2017-04-19,1621,1626,-0.008327266193157712,0.0,0.4972145197380265,outer_02,none,0.05
1621,2017-04-20,1622,1627,-0.01374238366696634,0.0,0.43437920441955846,outer_02,none,0.05
1622,2017-04-21,1623,1628,0.0001340191964791515,1.0,0.4067903966266418,outer_02,none,0.05
1623,2017-04-24,1624,1629,-0.01557352503810705,0.0,0.3899224377338096,outer_02,none,0.05
1624,2017-04-25,1625,1630,-0.005683412001034505,0.0,0.43227107678780363,outer_02,none,0.05
1625,2017-04-26,1626,1631,-0.02470305533619488,0.0,0.3800100200491822,outer_02,none,0.05
1626,2017-04-27,1627,1632,-0.02838202375451182,0.0,0.3677376841916707,outer_02,none,0.05
1627,2017-04-28,1628,1633,-0.034957881566375804,0.0,0.4208986336631871,outer_02,none,0.05
1628,2017-05-01,1629,1634,-0.023673844892700302,0.0,0.42900301318752854,outer_02,none,0.05
1629,2017-05-02,1630,1635,-0.028518689962370836,0.0,0.4221432256043132,outer_02,none,0.05
1630,2017-05-03,1631,1636,-0.015279279082162311,0.0,0.26502951580185674,outer_02,none,0.05
1631,2017-05-04,1632,1637,-0.002665092553222337,0.0,0.2942883747535157,outer_02,none,0.05
1632,2017-05-05,1633,1638,0.004032739862953605,1.0,0.3031249959342828,outer_02,none,0.05
1633,2017-05-08,1634,1639,0.0038169072459810494,1.0,0.31125690888495716,outer_02,none,0.05
1634,2017-05-09,1635,1640,0.012744935441985739,1.0,0.2621960560905334,outer_02,none,0.05
1635,2017-05-10,1636,1641,0.03287978466864505,1.0,0.36875282774712226,outer_02,none,0.05
1636,2017-05-11,1637,1642,0.017065108657385863,1.0,0.3753704426490025,outer_02,none,0.05
1637,2017-05-12,1638,1643,0.020210187390037326,1.0,0.3182084134986966,outer_02,none,0.05
1638,2017-05-15,1639,1644,0.02346570115142832,1.0,0.29961932475840025,outer_02,none,0.05
1639,2017-05-16,1640,1645,0.011993423666139869,1.0,0.308642332630217,outer_02,none,0.05
1640,2017-05-17,1641,1646,-0.0014615588853574835,0.0,0.14452276865849628,outer_02,none,0.05
1641,2017-05-18,1642,1647,0.007298223034493567,1.0,0.23904480005024503,outer_02,none,0.05
1642,2017-05-19,1643,1648,0.00971331769751238,1.0,0.2249301752464451,outer_02,none,0.05
1643,2017-05-22,1644,1649,0.0050889084010048435,1.0,0.3223636689930378,outer_02,none,0.05
1644,2017-05-23,1645,1650,0.008774882179797494,1.0,0.3526641432097033,outer_02,none,0.05
1645,2017-05-24,1646,1651,0.008438000260518663,1.0,0.3277967932710217,outer_02,none,0.05
1646,2017-05-25,1647,1652,0.00802783895985204,1.0,0.27617159960820464,outer_02,none,0.05
1647,2017-05-26,1648,1653,0.009612060718386495,1.0,0.2568158079425719,outer_02,none,0.05
1648,2017-05-29,1649,1654,0.010460198562337375,1.0,0.2959541818964436,outer_02,none,0.05
1649,2017-05-30,1650,1655,0.024767566333514957,1.0,0.26841904120278903,outer_02,none,0.05
1650,2017-05-31,1651,1656,0.014026199908346193,1.0,0.27567248234307473,outer_02,none,0.05
1651,2017-06-01,1652,1657,0.011195861777438587,1.0,0.26552468665572226,outer_02,none,0.05
1652,2017-06-02,1653,1658,-0.010235632542095807,0.0,0.3484922760768084,outer_02,none,0.05
1653,2017-06-05,1654,1659,-0.011313137699980658,0.0,0.3989956032083854,outer_02,none,0.05
1654,2017-06-06,1655,1660,-0.021667475276756498,0.0,0.3782136063889462,outer_02,none,0.05
1655,2017-06-07,1656,1661,-0.02086771368783147,0.0,0.38033346578412985,outer_02,none,0.05
1656,2017-06-08,1657,1662,-0.02021179586605193,0.0,0.38422578760482307,outer_02,none,0.05
1657,2017-06-09,1658,1663,-0.010445202591109926,0.0,0.37332614551066656,outer_02,none,0.05
1658,2017-06-12,1659,1664,-0.01738217844529988,0.0,0.35078399395311477,outer_02,none,0.05
1659,2017-06-13,1660,1665,-0.018119007005259924,0.0,0.3774749482900122,outer_02,none,0.05
1660,2017-06-14,1661,1666,-0.010932384631248127,0.0,0.4234962699897116,outer_02,none,0.05
1661,2017-06-15,1662,1667,-0.002658355222348696,0.0,0.35447518365005304,outer_02,none,0.05
1662,2017-06-16,1663,1668,0.003202296917454106,1.0,0.2681372974294324,outer_02,none,0.05
1663,2017-06-19,1664,1669,0.00034563832910450287,1.0,0.3190918555462055,outer_02,none,0.05
1664,2017-06-20,1665,1670,0.0027059921681820143,1.0,0.2916195091650403,outer_02,none,0.05
1665,2017-06-21,1666,1671,0.0023801807190642066,1.0,0.26850383875494194,outer_02,none,0.05
1666,2017-06-22,1667,1672,-0.0041091833458173355,0.0,0.22116800738852066,outer_02,none,0.05
1667,2017-06-23,1668,1673,-0.01219468758441522,0.0,0.2308117630712521,outer_02,none,0.05
1668,2017-06-26,1669,1674,-0.018485474404385194,0.0,0.312284499135659,outer_02,none,0.05
1669,2017-06-27,1670,1675,-0.01865627601981945,0.0,0.27822681197796634,outer_02,none,0.05
1670,2017-06-28,1671,1676,-0.018076576535793976,0.0,0.24163911971786206,outer_02,none,0.05
1671,2017-06-29,1672,1677,-0.01705665377218768,0.0,0.26274687857440676,outer_02,none,0.05
1672,2017-06-30,1673,1678,-0.02332733240539575,0.0,0.2693346854859446,outer_02,none,0.05
1673,2017-07-03,1674,1679,-0.005829484056429912,0.0,0.158871993748445,outer_02,none,0.05
1674,2017-07-04,1675,1680,-0.005998248014654983,0.0,0.2273462549521933,outer_02,none,0.05
1675,2017-07-05,1676,1681,-0.006919254222371052,0.0,0.19931349245788021,outer_02,none,0.05
1676,2017-07-06,1677,1682,-0.006060177912795339,0.0,0.23056719183662017,outer_02,none,0.05
1677,2017-07-07,1678,1683,0.013155983988886177,1.0,0.19451626091936927,outer_02,none,0.05
1678,2017-07-10,1679,1684,0.01596217427557356,1.0,0.2423328690565018,outer_02,none,0.05
1679,2017-07-11,1680,1685,0.021216576346158256,1.0,0.291125603374818,outer_02,none,0.05
1680,2017-07-12,1681,1686,0.01837823631654878,1.0,0.2590437384599774,outer_02,none,0.05
1681,2017-07-13,1682,1687,0.021799604738758305,1.0,0.2361128404038364,outer_02,none,0.05
1682,2017-07-14,1683,1688,0.020726339057013377,1.0,0.20668148990600496,outer_02,none,0.05
1683,2017-07-17,1684,1689,0.016620435954526336,1.0,0.2791927078491645,outer_02,none,0.05
1684,2017-07-18,1685,1690,0.0055526722406220586,1.0,0.23432227972264671,outer_02,none,0.05
1685,2017-07-19,1686,1691,0.015233287394026185,1.0,0.266581245806138,outer_02,none,0.05
1686,2017-07-20,1687,1692,0.011936004420015855,1.0,0.20151849391126636,outer_02,none,0.05
1687,2017-07-21,1688,1693,0.01206741910830278,1.0,0.24417942872408083,outer_02,none,0.05
1688,2017-07-24,1689,1694,0.011766752643117329,1.0,0.28806952084216375,outer_02,none,0.05
1689,2017-07-25,1690,1695,0.015010288493889412,1.0,0.23593715659181744,outer_02,none,0.05
1690,2017-07-26,1691,1696,0.004773921180678542,1.0,0.20525172239087539,outer_02,none,0.05
1691,2017-07-27,1692,1697,0.007319315623575129,1.0,0.2680602715725477,outer_02,none,0.05
1692,2017-07-28,1693,1698,-0.010602707251336163,0.0,0.3185359264944023,outer_02,none,0.05
1693,2017-07-31,1694,1699,-0.009815874328482188,0.0,0.38796769027966643,outer_02,none,0.05
1694,2017-08-01,1695,1700,-0.0060881303832927,0.0,0.3241343240388298,outer_02,none,0.05
1695,2017-08-02,1696,1701,0.008799128898473896,1.0,0.25582231678256745,outer_02,none,0.05
1696,2017-08-03,1697,1702,0.013873561754023989,1.0,0.26755862814174,outer_02,none,0.05
1697,2017-08-04,1698,1703,0.025267891852330138,1.0,0.3351984758879501,outer_02,none,0.05
1698,2017-08-07,1699,1704,0.018833987232652838,1.0,0.3434930165778956,outer_02,none,0.05
1699,2017-08-08,1700,1705,0.008245645511768984,1.0,0.3305783437811885,outer_02,none,0.05
1700,2017-08-09,1701,1706,0.004943449467098127,1.0,0.2855143303462024,outer_02,none,0.05
1701,2017-08-10,1702,1707,0.0019108879789300204,1.0,0.3566841303517521,outer_02,none,0.05
1702,2017-08-11,1703,1708,-0.004913900180466335,0.0,0.37576890452089245,outer_02,none,0.05
1703,2017-08-14,1704,1709,0.007605841341005615,1.0,0.33523787447959646,outer_02,none,0.05
1704,2017-08-15,1705,1710,0.010329134441810162,1.0,0.4136085100058347,outer_02,none,0.05
1705,2017-08-16,1706,1711,0.00521366676853674,1.0,0.41485362410369936,outer_02,none,0.05
1706,2017-08-17,1707,1712,-0.001965316306555387,0.0,0.34207723367518067,outer_02,none,0.05
1707,2017-08-18,1708,1713,0.007369562022055298,1.0,0.326032823381278,outer_02,none,0.05
1708,2017-08-21,1709,1714,0.017951404942087024,1.0,0.46912417829933295,outer_02,none,0.05
1709,2017-08-22,1710,1715,0.01980186407751905,1.0,0.45536836048617074,outer_02,none,0.05
1710,2017-08-23,1711,1716,0.013883767473793718,1.0,0.40522070764674584,outer_02,none,0.05
1711,2017-08-24,1712,1717,0.027448989518453537,1.0,0.37188186766444287,outer_02,none,0.05
1712,2017-08-25,1713,1718,0.03250326083103161,1.0,0.3661172806819448,outer_02,none,0.05
1713,2017-08-28,1714,1719,0.014624715829487656,1.0,0.5609658845119725,outer_02,none,0.05
1714,2017-08-29,1715,1720,0.022168200285208606,1.0,0.4526496690974136,outer_02,none,0.05
1715,2017-08-30,1716,1721,0.019414411368305906,1.0,0.42672172284816484,outer_02,none,0.05
1716,2017-08-31,1717,1722,0.02001991646999013,1.0,0.5856688722266579,outer_02,none,0.05
1717,2017-09-01,1718,1723,0.002804673299291238,1.0,0.6461146170232807,outer_02,none,0.05
1718,2017-09-04,1719,1724,-0.004539756908002346,0.0,0.7258446657589261,outer_02,none,0.05
1719,2017-09-05,1720,1725,-0.0047889586515577065,0.0,0.6167096276868937,outer_02,none,0.05
1720,2017-09-06,1721,1726,-0.008264634264356197,0.0,0.5349818281114826,outer_02,none,0.05
1721,2017-09-07,1722,1727,-0.013437249614581148,0.0,0.5057579159348654,outer_02,none,0.05
1722,2017-09-08,1723,1728,-0.01550500341992933,0.0,0.49288313506298387,outer_02,none,0.05
1723,2017-09-11,1724,1729,-0.015012881015547208,0.0,0.533403842696354,outer_02,none,0.05
1724,2017-09-12,1725,1730,-0.017081630532850056,0.0,0.5802214915134677,outer_02,none,0.05
1725,2017-09-13,1726,1731,-0.016506501704236065,0.0,0.6453549565984724,outer_02,none,0.05
1726,2017-09-14,1727,1732,-0.029709950762014437,0.0,0.5269084253175664,outer_02,none,0.05
1727,2017-09-15,1728,1733,-0.017106334589292338,0.0,0.4968010456272856,outer_02,none,0.05
1728,2017-09-18,1729,1734,0.00143663912345815,1.0,0.5374605355274222,outer_02,none,0.05
1729,2017-09-19,1730,1735,-0.01334177531196179,0.0,0.5104366787493797,outer_02,none,0.05
1730,2017-09-20,1731,1736,-0.014075748038240299,0.0,0.5110426684048615,outer_02,none,0.05
1731,2017-09-21,1732,1737,-0.003878589644259911,0.0,0.49131957654251734,outer_02,none,0.05
1732,2017-09-22,1733,1738,-0.013220020722898518,0.0,0.44518537438989886,outer_02,none,0.05
1733,2017-09-25,1734,1739,-0.030139246333841463,0.0,0.3886773004797133,outer_02,none,0.05
1734,2017-09-26,1735,1740,-0.01701604592215311,0.0,0.5022831358809833,outer_02,none,0.05
1735,2017-09-27,1736,1741,-0.00644989512176064,0.0,0.5855822734318746,outer_02,none,0.05
1736,2017-09-28,1737,1742,-0.014017878785036686,0.0,0.6467218602191896,outer_02,none,0.05
1737,2017-09-29,1738,1743,-0.0023797792714397303,0.0,0.6737797899065432,outer_02,none,0.05
1738,2017-10-02,1739,1744,0.010225582366656383,1.0,0.6444490962128218,outer_02,none,0.05
1739,2017-10-03,1740,1745,0.012824044866456497,1.0,0.6983412817753831,outer_02,none,0.05
1740,2017-10-04,1741,1746,0.012904913165885823,1.0,0.6814840133819032,outer_02,none,0.05
1741,2017-10-05,1742,1747,0.019466892186170703,1.0,0.588877960495608,outer_02,none,0.05
1742,2017-10-06,1743,1748,0.02126287826146278,1.0,0.5169136155284483,outer_02,none,0.05
1743,2017-10-09,1744,1749,0.009420098268612342,1.0,0.5004364018074335,outer_02,none,0.05
1744,2017-10-10,1745,1750,-0.002269919117672714,0.0,0.4995345803407306,outer_02,none,0.05
1745,2017-10-11,1746,1751,-0.007897744032209886,0.0,0.4625832383513909,outer_02,none,0.05
1746,2017-10-12,1747,1752,-0.0032673948003152375,0.0,0.3579279778569603,outer_02,none,0.05
1747,2017-10-13,1748,1753,-0.020228857316577198,0.0,0.32576919497588375,outer_02,none,0.05
1748,2017-10-16,1749,1754,-0.0111275212939006,0.0,0.4868952189990269,outer_02,none,0.05
1749,2017-10-17,1750,1755,-0.006723304974528332,0.0,0.5300466112598601,outer_02,none,0.05
1750,2017-10-18,1751,1756,-0.002656936554063627,0.0,0.4888971503238262,outer_02,none,0.05
1751,2017-10-19,1752,1757,-0.017090555714503353,0.0,0.3716463400895745,outer_02,none,0.05
1752,2017-10-20,1753,1758,-0.003097422208132805,0.0,0.3802436544619598,outer_02,none,0.05
1753,2017-10-23,1754,1759,-0.004340131855338214,0.0,0.4091526355512632,outer_02,none,0.05
1754,2017-10-24,1755,1760,-0.004712099944978121,0.0,0.4171996216318457,outer_02,none,0.05
1755,2017-10-25,1756,1761,-0.00205223075802774,0.0,0.35280699417810807,outer_02,none,0.05
1756,2017-10-26,1757,1762,0.007591869349210079,1.0,0.42255332068776563,outer_02,none,0.05
1757,2017-10-27,1758,1763,-0.0030361450152831537,0.0,0.3683744169184039,outer_02,none,0.05
1758,2017-10-30,1759,1764,0.003988930156594961,1.0,0.3458543970276616,outer_02,none,0.05
1759,2017-10-31,1760,1765,0.004994121098433446,1.0,0.3751565338223467,outer_02,none,0.05
1760,2017-11-01,1761,1766,0.004795009245928128,1.0,0.3023748171395242,outer_02,none,0.05
1761,2017-11-02,1762,1767,0.006251703281872523,1.0,0.2878467864766473,outer_02,none,0.05
1762,2017-11-03,1763,1768,0.004346858914016316,1.0,0.4014596286916919,outer_02,none,0.05
1763,2017-11-06,1764,1769,-0.00250099779443147,0.0,0.2886465637291729,outer_02,none,0.05
1764,2017-11-07,1765,1770,0.0024721117842370077,1.0,0.3806691187283218,outer_02,none,0.05
1765,2017-11-08,1766,1771,-0.0024298310683361635,0.0,0.3358002394319478,outer_02,none,0.05
1766,2017-11-09,1767,1772,-0.005257873551864911,0.0,0.3163658167157146,outer_02,none,0.05
1767,2017-11-10,1768,1773,0.014166407101902756,1.0,0.4846233935300272,outer_02,none,0.05
1768,2017-11-13,1769,1774,-0.00011738788492277052,0.0,0.45326453065697275,outer_02,none,0.05
1769,2017-11-14,1770,1775,0.0006561167498269072,1.0,0.40878285424203636,outer_02,none,0.05
1770,2017-11-15,1771,1776,0.010280446190937376,1.0,0.3785965659033882,outer_02,none,0.05
1771,2017-11-16,1772,1777,0.009644237075170814,1.0,0.36262791079177364,outer_02,none,0.05
1772,2017-11-17,1773,1778,-0.003905104837158113,0.0,0.312472021696984,outer_02,none,0.05
1773,2017-11-20,1774,1779,0.013070252036715857,1.0,0.43273341544931415,outer_02,none,0.05
1774,2017-11-21,1775,1780,0.009898686163058557,1.0,0.4705124352814134,outer_02,none,0.05
1775,2017-11-22,1776,1781,-0.005691384746677741,0.0,0.4899998066590319,outer_02,none,0.05
1776,2017-11-23,1777,1782,-0.012385531272077976,0.0,0.5800886610821776,outer_02,none,0.05
1777,2017-11-24,1778,1783,-0.011045954507913791,0.0,0.4699167540638903,outer_02,none,0.05
1778,2017-11-27,1779,1784,-0.014135198185316611,0.0,0.5202445765215324,outer_02,none,0.05
1779,2017-11-28,1780,1785,-0.021435448234627508,0.0,0.5376758631719826,outer_02,none,0.05
1780,2017-11-29,1781,1786,-0.016162618165930454,0.0,0.4783591761187374,outer_02,none,0.05
1781,2017-11-30,1782,1787,-0.021756189917949698,0.0,0.4654426775126083,outer_02,none,0.05
1782,2017-12-01,1783,1788,-0.02079640952480677,0.0,0.5280524594514888,outer_02,none,0.05
1783,2017-12-04,1784,1789,-0.02722445066192236,0.0,0.46118885936829546,outer_02,none,0.05
1784,2017-12-05,1785,1790,-0.017683215108981187,0.0,0.4740931691849019,outer_02,none,0.05
1785,2017-12-06,1786,1791,-0.007665855538718347,0.0,0.4347915466133274,outer_02,none,0.05
1786,2017-12-07,1787,1792,0.004295096043966495,1.0,0.3510121184407555,outer_02,none,0.05
1787,2017-12-08,1788,1793,0.005124178335178975,1.0,0.3514515834352272,outer_02,none,0.05
1788,2017-12-11,1789,1794,0.015624818623479086,1.0,0.36336105120166073,outer_02,none,0.05
1789,2017-12-12,1790,1795,0.014082715854511818,1.0,0.37751904726885144,outer_02,none,0.05
1790,2017-12-13,1791,1796,0.009326315630358017,1.0,0.321613590716629,outer_02,none,0.05
1791,2017-12-14,1792,1797,0.010527415855316136,1.0,0.44580400826036864,outer_03,none,0.05
1792,2017-12-15,1793,1798,0.01895581739912089,1.0,0.5371738375345252,outer_03,none,0.05
1793,2017-12-18,1794,1799,0.016203630556484327,1.0,0.542519243396105,outer_03,none,0.05
1794,2017-12-19,1795,1800,0.020308612414602578,1.0,0.5935291796667441,outer_03,none,0.05
1795,2017-12-20,1796,1801,0.022111830564426782,1.0,0.6564194605729973,outer_03,none,0.05
1796,2017-12-21,1797,1802,0.03385390178286496,1.0,0.5660011725244145,outer_03,none,0.05
1797,2017-12-22,1798,1803,0.03015551701721808,1.0,0.5736366620410503,outer_03,none,0.05
1798,2017-12-26,1799,1804,0.023484611162195357,1.0,0.7570180568467059,outer_03,none,0.05
1799,2017-12-27,1800,1805,0.026552945828888674,1.0,0.7156765570078909,outer_03,none,0.05
1800,2017-12-28,1801,1806,0.020369764441321436,1.0,0.6543703750116071,outer_03,none,0.05
1801,2017-12-29,1802,1807,0.007363209778186608,1.0,0.8430443061665671,outer_03,none,0.05
1802,2018-01-02,1803,1808,-0.004145927150867479,0.0,0.8806674714585836,outer_03,none,0.05
1803,2018-01-03,1804,1809,0.003338571167090798,1.0,0.8389118965144076,outer_03,none,0.05
1804,2018-01-04,1805,1810,0.0002949729818571001,1.0,0.8680484141525566,outer_03,none,0.05
1805,2018-01-05,1806,1811,0.011563172267153199,1.0,0.8005644136728702,outer_03,none,0.05
1806,2018-01-08,1807,1812,0.014991386137205964,1.0,0.7973737531490094,outer_03,none,0.05
1807,2018-01-09,1808,1813,0.02065693476523922,1.0,0.7288971560163892,outer_03,none,0.05
1808,2018-01-10,1809,1814,0.007849879985009522,1.0,0.6797074573254542,outer_03,none,0.05
1809,2018-01-11,1810,1815,0.0039171487392328785,1.0,0.6319858460160633,outer_03,none,0.05
1810,2018-01-12,1811,1816,-0.00074875522947071,0.0,0.6049483047718264,outer_03,none,0.05
1811,2018-01-15,1812,1817,-0.004504613239638466,0.0,0.6045826732736418,outer_03,none,0.05
1812,2018-01-16,1813,1818,0.0012835247945108819,1.0,0.5360688113907977,outer_03,none,0.05
1813,2018-01-17,1814,1819,0.022155586741153144,1.0,0.567721718104053,outer_03,none,0.05
1814,2018-01-18,1815,1820,0.014552291921481775,1.0,0.6034720551388281,outer_03,none,0.05
1815,2018-01-19,1816,1821,0.011898520170638527,1.0,0.6665864837955667,outer_03,none,0.05
1816,2018-01-22,1817,1822,0.005907221724084977,1.0,0.6570640836239614,outer_03,none,0.05
1817,2018-01-23,1818,1823,-0.0026135606325459193,0.0,0.6292933265270156,outer_03,none,0.05
1818,2018-01-24,1819,1824,-0.010264323779816564,0.0,0.5146331216786839,outer_03,none,0.05
1819,2018-01-25,1820,1825,0.0006011555726708195,1.0,0.6106332965561846,outer_03,none,0.05
1820,2018-01-26,1821,1826,-0.0144559991866835,0.0,0.6079605657703212,outer_03,none,0.05
1821,2018-01-29,1822,1827,-0.0017834428149159365,0.0,0.6554035859849169,outer_03,none,0.05
1822,2018-01-30,1823,1828,-0.009601660506680432,0.0,0.677599459218572,outer_03,none,0.05
1823,2018-01-31,1824,1829,-0.019581718090155853,0.0,0.6245436848112382,outer_03,none,0.05
1824,2018-02-01,1825,1830,-0.02152378623050666,0.0,0.6442187571488398,outer_03,none,0.05
1825,2018-02-02,1826,1831,-0.012285668049343279,0.0,0.5424228663564366,outer_03,none,0.05
1826,2018-02-05,1827,1832,-0.01147788784468684,0.0,0.5949510702627687,outer_03,none,0.05
1827,2018-02-06,1828,1833,0.003827669345739082,1.0,0.5908188350411757,outer_03,none,0.05
1828,2018-02-07,1829,1834,0.02496400225335016,1.0,0.6852131009706991,outer_03,none,0.05
1829,2018-02-08,1830,1835,0.025950799679245407,1.0,0.6089484939603924,outer_03,none,0.05
1830,2018-02-09,1831,1836,0.025749339182795872,1.0,0.6845616398390492,outer_03,none,0.05
1831,2018-02-12,1832,1837,0.01816986349578187,1.0,0.7136607457628782,outer_03,none,0.05
1832,2018-02-13,1833,1838,-0.00017298370611840141,0.0,0.6695132152905484,outer_03,none,0.05
1833,2018-02-14,1834,1839,-0.019626578113298265,0.0,0.6628900657404878,outer_03,none,0.05
1834,2018-02-15,1835,1840,-0.016391673137872154,0.0,0.7024923034467058,outer_03,none,0.05
1835,2018-02-16,1836,1841,-0.014823821936612802,0.0,0.732239988763103,outer_03,none,0.05
1836,2018-02-19,1837,1842,-0.010890753622811111,0.0,0.7701925443025784,outer_03,none,0.05
1837,2018-02-20,1838,1843,-0.00838411485513113,0.0,0.717369691756924,outer_03,none,0.05
1838,2018-02-21,1839,1844,-0.004062939451007885,0.0,0.7526223490223228,outer_03,none,0.05
1839,2018-02-22,1840,1845,-0.011562481311825579,0.0,0.6558615467885417,outer_03,none,0.05
1840,2018-02-23,1841,1846,-0.004612714224268899,0.0,0.6939532838036153,outer_03,none,0.05
1841,2018-02-26,1842,1847,-0.009608755655780676,0.0,0.6868449286447781,outer_03,none,0.05
1842,2018-02-27,1843,1848,0.01592244147398514,1.0,0.7827054825169906,outer_03,none,0.05
1843,2018-02-28,1844,1849,0.005006325067552275,1.0,0.764639441458106,outer_03,none,0.05
1844,2018-03-01,1845,1850,0.003677324931424586,1.0,0.7681617355603511,outer_03,none,0.05
1845,2018-03-02,1846,1851,-0.0006423408632505456,0.0,0.6834542015793735,outer_03,none,0.05
1846,2018-03-05,1847,1852,0.002261648638663516,1.0,0.6102423316337894,outer_03,none,0.05
1847,2018-03-06,1848,1853,-0.010279973473903858,0.0,0.5837263606272516,outer_03,none,0.05
1848,2018-03-07,1849,1854,-0.0013889729873612922,0.0,0.6502873685351994,outer_03,none,0.05
1849,2018-03-08,1850,1855,-0.004095196149597413,0.0,0.6759356015903591,outer_03,none,0.05
1850,2018-03-09,1851,1856,-0.007374843743929382,0.0,0.6687239266525626,outer_03,none,0.05
1851,2018-03-12,1852,1857,-0.004725777868514136,0.0,0.7498694849524268,outer_03,none,0.05
1852,2018-03-13,1853,1858,-0.010851743905100797,0.0,0.6317619230668553,outer_03,none,0.05
1853,2018-03-14,1854,1859,0.006047547642785034,1.0,0.622433040526799,outer_03,none,0.05
1854,2018-03-15,1855,1860,0.011101442922226923,1.0,0.5767855879553413,outer_03,none,0.05
1855,2018-03-16,1856,1861,0.026312066580070237,1.0,0.5609480742088575,outer_03,none,0.05
1856,2018-03-19,1857,1862,0.026666249373533013,1.0,0.6492434619309275,outer_03,none,0.05
1857,2018-03-20,1858,1863,0.025645422550116592,1.0,0.570763551919002,outer_03,none,0.05
1858,2018-03-21,1859,1864,-0.005624612466400336,0.0,0.49004776509608594,outer_03,none,0.05
1859,2018-03-22,1860,1865,-0.0036214328788384265,0.0,0.5369482546147163,outer_03,none,0.05
1860,2018-03-23,1861,1866,-0.005608548003335656,0.0,0.6505984470065849,outer_03,none,0.05
1861,2018-03-26,1862,1867,-0.015133523848042785,0.0,0.8035085847934933,outer_03,none,0.05
1862,2018-03-27,1863,1868,-0.009340384700450954,0.0,0.8004130155416492,outer_03,none,0.05
1863,2018-03-28,1864,1869,0.0021798086025732744,1.0,0.631645230671154,outer_03,none,0.05
1864,2018-03-29,1865,1870,0.005783514724042149,1.0,0.6621355333595204,outer_03,none,0.05
1865,2018-04-02,1866,1871,-0.0029881765237069757,0.0,0.7785167427475616,outer_03,none,0.05
1866,2018-04-03,1867,1872,0.005209358666298236,1.0,0.6774698226205527,outer_03,none,0.05
1867,2018-04-04,1868,1873,0.014499429269102748,1.0,0.6661834490132821,outer_03,none,0.05
1868,2018-04-05,1869,1874,0.006226571966792882,1.0,0.6096782153004922,outer_03,none,0.05
1869,2018-04-06,1870,1875,0.0068754988395474115,1.0,0.6490691946287759,outer_03,none,0.05
1870,2018-04-09,1871,1876,0.0069189465206678236,1.0,0.6805880620240217,outer_03,none,0.05
1871,2018-04-10,1872,1877,0.005642708874483482,1.0,0.6436959274524577,outer_03,none,0.05
1872,2018-04-11,1873,1878,-0.0025168978472036585,0.0,0.7684273351164533,outer_03,none,0.05
1873,2018-04-12,1874,1879,0.00756375705295298,1.0,0.5410783102924835,outer_03,none,0.05
1874,2018-04-13,1875,1880,-0.005976009239214264,0.0,0.7645976909121815,outer_03,none,0.05
1875,2018-04-16,1876,1881,-0.015809096340875683,0.0,0.7597560417221845,outer_03,none,0.05
1876,2018-04-17,1877,1882,-0.01274492632184998,0.0,0.8143763297069995,outer_03,none,0.05
1877,2018-04-18,1878,1883,-0.02027577077846221,0.0,0.7016554436532219,outer_03,none,0.05
1878,2018-04-19,1879,1884,-0.021269727573783648,0.0,0.6916367409701661,outer_03,none,0.05
1879,2018-04-20,1880,1885,-0.008963472581933196,0.0,0.5692889569254997,outer_03,none,0.05
1880,2018-04-23,1881,1886,-0.006565991880448152,0.0,0.5428144985295802,outer_03,none,0.05
1881,2018-04-24,1882,1887,-0.019319908462854585,0.0,0.5839695705728513,outer_03,none,0.05
1882,2018-04-25,1883,1888,-0.012543453268832216,0.0,0.5125717012351805,outer_03,none,0.05
1883,2018-04-26,1884,1889,-0.00381793063685798,0.0,0.3798879703792075,outer_03,none,0.05
1884,2018-04-27,1885,1890,-0.005982570626854589,0.0,0.4283616993833358,outer_03,none,0.05
1885,2018-04-30,1886,1891,-0.001376211530272009,0.0,0.5614555733469008,outer_03,none,0.05
1886,2018-05-01,1887,1892,0.007924915502863783,1.0,0.42305526125751747,outer_03,none,0.05
1887,2018-05-02,1888,1893,0.005027132597988704,1.0,0.3899965319698672,outer_03,none,0.05
1888,2018-05-03,1889,1894,0.006789160424840013,1.0,0.3807693013255939,outer_03,none,0.05
1889,2018-05-04,1890,1895,0.002445880444556181,1.0,0.40474878566522166,outer_03,none,0.05
1890,2018-05-07,1891,1896,-0.00012174521784658054,0.0,0.49215309590662426,outer_03,none,0.05
1891,2018-05-08,1892,1897,-0.018652101942872257,0.0,0.40773172019146364,outer_03,none,0.05
1892,2018-05-09,1893,1898,-0.016311369459128144,0.0,0.5461852718624107,outer_03,none,0.05
1893,2018-05-10,1894,1899,-0.02357897250360086,0.0,0.47225278408834986,outer_03,none,0.05
1894,2018-05-11,1895,1900,-0.02037907308230036,0.0,0.5775617029398044,outer_03,none,0.05
1895,2018-05-14,1896,1901,-0.01651129287032127,0.0,0.5328211308862592,outer_03,none,0.05
1896,2018-05-15,1897,1902,0.0004182933691776469,1.0,0.23259760283942932,outer_03,none,0.05
1897,2018-05-16,1898,1903,0.0022747856888107876,1.0,0.34235238360708375,outer_03,none,0.05
1898,2018-05-17,1899,1904,0.01105843668203299,1.0,0.3792043103622223,outer_03,none,0.05
1899,2018-05-18,1900,1905,0.006090495991310618,1.0,0.4928718298723601,outer_03,none,0.05
1900,2018-05-21,1901,1906,0.0038760636268051485,1.0,0.48958273465739105,outer_03,none,0.05
1901,2018-05-22,1902,1907,0.006522827856125346,1.0,0.5748915601693384,outer_03,none,0.05
1902,2018-05-23,1903,1908,0.00601018915050755,1.0,0.5059706040033795,outer_03,none,0.05
1903,2018-05-24,1904,1909,-0.0045703743146354725,0.0,0.4967738916304102,outer_03,none,0.05
1904,2018-05-25,1905,1910,-0.004914280174891594,0.0,0.5819415000893078,outer_03,none,0.05
1905,2018-05-28,1906,1911,-0.004216515502578844,0.0,0.6980874791293804,outer_03,none,0.05
1906,2018-05-29,1907,1912,-0.0021875441995691247,0.0,0.4114729795727241,outer_03,none,0.05
1907,2018-05-30,1908,1913,-0.003917936282469725,0.0,0.40296547748470674,outer_03,none,0.05
1908,2018-05-31,1909,1914,-0.0012248719845553424,0.0,0.4278803199473158,outer_03,none,0.05
1909,2018-06-01,1910,1915,0.004675681900133455,1.0,0.41684227943418156,outer_03,none,0.05
1910,2018-06-04,1911,1916,0.005972009570499814,1.0,0.5074431903516721,outer_03,none,0.05
1911,2018-06-05,1912,1917,-0.001080130337858698,0.0,0.4937620727582759,outer_03,none,0.05
1912,2018-06-06,1913,1918,0.0024957069869815385,1.0,0.42636279326989446,outer_03,none,0.05
1913,2018-06-07,1914,1919,0.0037392425062767742,1.0,0.4463350989912639,outer_03,none,0.05
1914,2018-06-08,1915,1920,-0.01549155768029209,0.0,0.49192459350684625,outer_03,none,0.05
1915,2018-06-11,1916,1921,-0.016318029216812135,0.0,0.5348279117238923,outer_03,none,0.05
1916,2018-06-12,1917,1922,-0.015951287103519896,0.0,0.42073034645543833,outer_03,none,0.05
1917,2018-06-13,1918,1923,-0.024768585780527097,0.0,0.3998416041498294,outer_03,none,0.05
1918,2018-06-14,1919,1924,-0.027072646656036703,0.0,0.3650013289828333,outer_03,none,0.05
1919,2018-06-15,1920,1925,-0.006085100133343069,0.0,0.4174993046857043,outer_03,none,0.05
1920,2018-06-18,1921,1926,-0.010090776096097542,0.0,0.6187335959458908,outer_03,none,0.05
1921,2018-06-19,1922,1927,-0.01302626002738183,0.0,0.5826301237984388,outer_03,none,0.05
1922,2018-06-20,1923,1928,-0.012490441551260112,0.0,0.5110671923635938,outer_03,none,0.05
1923,2018-06-21,1924,1929,-0.015401494709423424,0.0,0.38813295497769407,outer_03,none,0.05
1924,2018-06-22,1925,1930,-0.014769889352927557,0.0,0.6090644889670792,outer_03,none,0.05
1925,2018-06-25,1926,1931,-0.01925950603815796,0.0,0.6856807787168102,outer_03,none,0.05
1926,2018-06-26,1927,1932,-0.0047552570579583175,0.0,0.6232180781460538,outer_03,none,0.05
1927,2018-06-27,1928,1933,0.003133286731558549,1.0,0.5932569123075149,outer_03,none,0.05
1928,2018-06-28,1929,1934,0.007336743205629936,1.0,0.7200441188459704,outer_03,none,0.05
1929,2018-06-29,1930,1935,0.002009586079690706,1.0,0.5517969916034341,outer_03,none,0.05
1930,2018-07-02,1931,1936,0.012602536041445234,1.0,0.5970772305070937,outer_03,none,0.05
1931,2018-07-03,1932,1937,0.0025755844185626486,1.0,0.5344341362365316,outer_03,none,0.05
1932,2018-07-04,1933,1938,-0.011029847283078986,0.0,0.6458591497791936,outer_03,none,0.05
1933,2018-07-05,1934,1939,-0.008282695722016342,0.0,0.516274041504153,outer_03,none,0.05
1934,2018-07-06,1935,1940,-0.0111997068957157,0.0,0.5667453077489991,outer_03,none,0.05
1935,2018-07-09,1936,1941,-0.013537032729957765,0.0,0.5774668020337175,outer_03,none,0.05
1936,2018-07-10,1937,1942,-0.022575122043805074,0.0,0.6252339632740632,outer_03,none,0.05
1937,2018-07-11,1938,1943,-0.01253741963405286,0.0,0.43204225615299435,outer_03,none,0.05
1938,2018-07-12,1939,1944,-0.01868441535667653,0.0,0.41913333202881586,outer_03,none,0.05
1939,2018-07-13,1940,1945,-0.008803856738978766,0.0,0.5495659207898533,outer_03,none,0.05
1940,2018-07-16,1941,1946,-0.012963174536256616,0.0,0.4763354732875094,outer_03,none,0.05
1941,2018-07-17,1942,1947,-0.0026508014820638692,0.0,0.4858297515081809,outer_03,none,0.05
1942,2018-07-18,1943,1948,0.003644591658940932,1.0,0.5768263045335347,outer_03,none,0.05
1943,2018-07-19,1944,1949,-0.00014709968481785296,0.0,0.5573860418811093,outer_03,none,0.05
1944,2018-07-20,1945,1950,-0.005746369323182954,0.0,0.4463272371087016,outer_03,none,0.05
1945,2018-07-23,1946,1951,-0.0026243837340436116,0.0,0.5824766704814903,outer_03,none,0.05
1946,2018-07-24,1947,1952,-0.00023687488624357655,0.0,0.5708227513831589,outer_03,none,0.05
1947,2018-07-25,1948,1953,-0.012206133621772253,0.0,0.48948298482761876,outer_03,none,0.05
1948,2018-07-26,1949,1954,-0.012243960134458831,0.0,0.6032462528321371,outer_03,none,0.05
1949,2018-07-27,1950,1955,-0.007985434009299297,0.0,0.6209761560278872,outer_03,none,0.05
1950,2018-07-30,1951,1956,-0.011071757753856382,0.0,0.669422208590662,outer_03,none,0.05
1951,2018-07-31,1952,1957,-0.010775665425492242,0.0,0.6307942747623778,outer_03,none,0.05
1952,2018-08-01,1953,1958,-0.0023866949036754903,0.0,0.5643343871598786,outer_03,none,0.05
1953,2018-08-02,1954,1959,0.003196725049370741,1.0,0.5445004781209862,outer_03,none,0.05
1954,2018-08-03,1955,1960,-0.0009067977473291577,0.0,0.6032866123579631,outer_03,none,0.05
1955,2018-08-06,1956,1961,-0.011723209903928833,0.0,0.6622602196708282,outer_03,none,0.05
1956,2018-08-07,1957,1962,-0.013927975466155651,0.0,0.6967272950783483,outer_03,none,0.05
1957,2018-08-08,1958,1963,-0.03187150562607588,0.0,0.6433616275823107,outer_03,none,0.05
1958,2018-08-09,1959,1964,-0.0325729480697845,0.0,0.6177365594873828,outer_03,none,0.05
1959,2018-08-10,1960,1965,-0.02425023987404895,0.0,0.5643029340764765,outer_03,none,0.05
1960,2018-08-13,1961,1966,-0.0030532069784969806,0.0,0.7026896374846537,outer_03,none,0.05
1961,2018-08-14,1962,1967,0.0014977139656382477,1.0,0.7858703690890021,outer_03,none,0.05
1962,2018-08-15,1963,1968,0.017154554869648564,1.0,0.740115433843587,outer_03,none,0.05
1963,2018-08-16,1964,1969,0.009843275080425151,1.0,0.7901702410928956,outer_03,none,0.05
1964,2018-08-17,1965,1970,0.019861277127379395,1.0,0.7511054627457963,outer_03,none,0.05
1965,2018-08-20,1966,1971,0.017025373967411994,1.0,0.7892506794101226,outer_03,none,0.05
1966,2018-08-21,1967,1972,0.004521346418988159,1.0,0.7213549885094922,outer_03,none,0.05
1967,2018-08-22,1968,1973,0.009172696243506806,1.0,0.7987101092826001,outer_03,none,0.05
1968,2018-08-23,1969,1974,0.012325649690636986,1.0,0.8306742187879996,outer_03,none,0.05
1969,2018-08-24,1970,1975,-0.005415565505808573,0.0,0.7406322163638072,outer_03,none,0.05
1970,2018-08-27,1971,1976,-0.008409822816407342,0.0,0.8301016457738195,outer_03,none,0.05
1971,2018-08-28,1972,1977,-0.008148165372516836,0.0,0.795349256043934,outer_03,none,0.05
1972,2018-08-29,1973,1978,-0.008136348773797764,0.0,0.690543860132787,outer_03,none,0.05
1973,2018-08-30,1974,1979,0.0002749621944309055,1.0,0.7397625672076985,outer_03,none,0.05
1974,2018-08-31,1975,1980,-0.003612808108145238,0.0,0.6930351602983864,outer_03,none,0.05
1975,2018-09-03,1976,1981,-0.004348685764589355,0.0,0.6926465184714249,outer_03,none,0.05
1976,2018-09-04,1977,1982,0.0052475106918796754,1.0,0.6763591533867258,outer_03,none,0.05
1977,2018-09-05,1978,1983,0.007771714936709806,1.0,0.6500364304462404,outer_03,none,0.05
1978,2018-09-06,1979,1984,0.0010824494387362549,1.0,0.5770983018475159,outer_03,none,0.05
1979,2018-09-07,1980,1985,-0.0022426599972051875,0.0,0.5823612042103139,outer_03,none,0.05
1980,2018-09-10,1981,1986,0.004939847497839267,1.0,0.5784372965980394,outer_03,none,0.05
1981,2018-09-11,1982,1987,-3.33898177782288e-05,0.0,0.6379707481373018,outer_03,none,0.05
1982,2018-09-12,1983,1988,-0.0022072133361383806,0.0,0.6460238427964972,outer_03,none,0.05
1983,2018-09-13,1984,1989,0.004251827131342978,1.0,0.5729205834514841,outer_03,none,0.05
1984,2018-09-14,1985,1990,0.0043551927735201446,1.0,0.5470574660330056,outer_03,none,0.05
1985,2018-09-17,1986,1991,-0.002041403694380328,0.0,0.5777101172957296,outer_03,none,0.05
1986,2018-09-18,1987,1992,0.0028175137841168763,1.0,0.4923422899975487,outer_03,none,0.05
1987,2018-09-19,1988,1993,-0.007487611275357686,0.0,0.5157631130480668,outer_03,none,0.05
1988,2018-09-20,1989,1994,-0.019589846952302814,0.0,0.45972916913981376,outer_03,none,0.05
1989,2018-09-21,1990,1995,-0.005847505128135033,0.0,0.5620338778119807,outer_03,none,0.05
1990,2018-09-24,1991,1996,-0.008476685566241038,0.0,0.6398637401408029,outer_03,none,0.05
1991,2018-09-25,1992,1997,0.0022034590736303983,1.0,0.5540673402350885,outer_03,none,0.05
1992,2018-09-26,1993,1998,0.0026245417940629068,1.0,0.5137128592248899,outer_03,none,0.05
1993,2018-09-27,1994,1999,0.013688898978131192,1.0,0.5774467719764239,outer_03,none,0.05
1994,2018-09-28,1995,2000,0.009427769229131577,1.0,0.5485241777520489,outer_03,none,0.05
1995,2018-10-01,1996,2001,-0.0005132498503508387,0.0,0.6583463481964064,outer_03,none,0.05
1996,2018-10-02,1997,2002,-0.012133312832134813,0.0,0.5204586907309031,outer_03,none,0.05
1997,2018-10-03,1998,2003,-0.003168700266433788,0.0,0.5798939576873885,outer_03,none,0.05
1998,2018-10-04,1999,2004,0.019448703292963998,1.0,0.5628850818365838,outer_03,none,0.05
1999,2018-10-05,2000,2005,0.012061477264643017,1.0,0.5528284690795918,outer_03,none,0.05
2000,2018-10-08,2001,2006,0.0322874460271203,1.0,0.7405849686917237,outer_03,none,0.05
2001,2018-10-09,2002,2007,0.029335293295480902,1.0,0.6116378671278384,outer_03,none,0.05
2002,2018-10-10,2003,2008,0.022996369612390488,1.0,0.5902923959718919,outer_03,none,0.05
2003,2018-10-11,2004,2009,0.0018458930049760625,1.0,0.6194556695000496,outer_03,none,0.05
2004,2018-10-12,2005,2010,0.00835730072544738,1.0,0.7248146023519121,outer_03,none,0.05
2005,2018-10-15,2006,2011,-0.004197226524000897,0.0,0.8118245193411341,outer_03,none,0.05
2006,2018-10-16,2007,2012,0.004886520510344106,1.0,0.8160547642003478,outer_03,none,0.05
2007,2018-10-17,2008,2013,0.009739966570497138,1.0,0.8163831632567884,outer_03,none,0.05
2008,2018-10-18,2009,2014,0.005379354185839347,1.0,0.8053884924249506,outer_03,none,0.05
2009,2018-10-19,2010,2015,0.004030952730705195,1.0,0.806522298107768,outer_03,none,0.05
2010,2018-10-22,2011,2016,0.0061184723423890475,1.0,0.7472984296020992,outer_03,none,0.05
2011,2018-10-23,2012,2017,-0.006905096996550064,0.0,0.806873575991233,outer_03,none,0.05
2012,2018-10-24,2013,2018,-0.01520513366531695,0.0,0.7902325503888518,outer_03,none,0.05
2013,2018-10-25,2014,2019,0.0017921079087726,1.0,0.7220553879375271,outer_03,none,0.05
2014,2018-10-26,2015,2020,0.00014597948203221023,1.0,0.6412282910696413,outer_03,none,0.05
2015,2018-10-29,2016,2021,0.0014303944963014459,1.0,0.618960758119935,outer_03,none,0.05
2016,2018-10-30,2017,2022,0.003910863536504827,1.0,0.6383349966530806,outer_03,none,0.05
2017,2018-10-31,2018,2023,0.009083934701096474,1.0,0.4985378540528215,outer_03,none,0.05
2018,2018-11-01,2019,2024,-0.008984654789749413,0.0,0.6608481830489095,outer_03,none,0.05
2019,2018-11-02,2020,2025,-0.019431124551973156,0.0,0.6199655047100021,outer_03,none,0.05
2020,2018-11-05,2021,2026,-0.02484083970300599,0.0,0.6906036503041741,outer_03,none,0.05
2021,2018-11-06,2022,2027,-0.020216177703996863,0.0,0.6618094743819027,outer_03,none,0.05
2022,2018-11-07,2023,2028,-0.01263668769716908,0.0,0.6144425785120324,outer_03,none,0.05
2023,2018-11-08,2024,2029,-0.008208541883907294,0.0,0.5051928795820159,outer_03,none,0.05
2024,2018-11-09,2025,2030,0.010307122321918882,1.0,0.6051993529546359,outer_03,none,0.05
2025,2018-11-12,2026,2031,0.01874748197698306,1.0,0.6356558916934189,outer_03,none,0.05
2026,2018-11-13,2027,2032,0.015855278361593506,1.0,0.6235309356851808,outer_03,none,0.05
2027,2018-11-14,2028,2033,0.01184543547892325,1.0,0.5579643799892186,outer_03,none,0.05
2028,2018-11-15,2029,2034,0.011253156374240625,1.0,0.5106837462464546,outer_03,none,0.05
2029,2018-11-16,2030,2035,0.0011777601021165651,1.0,0.49600343701275296,outer_03,none,0.05
2030,2018-11-19,2031,2036,-0.0011855075155633443,0.0,0.47305150072280056,outer_03,none,0.05
2031,2018-11-20,2032,2037,-0.005687872620894652,0.0,0.5355176042564554,outer_03,none,0.05
2032,2018-11-21,2033,2038,-0.004014838196780168,0.0,0.6449678498294537,outer_03,none,0.05
2033,2018-11-22,2034,2039,-0.0023663242460081335,0.0,0.7599882800007705,outer_03,none,0.05
2034,2018-11-23,2035,2040,-0.0003842553464901144,0.0,0.6990513654561805,outer_03,none,0.05
2035,2018-11-26,2036,2041,0.006758958488147115,1.0,0.6298631135385241,outer_03,none,0.05
2036,2018-11-27,2037,2042,0.019255035556039246,1.0,0.5920411908603167,outer_03,none,0.05
2037,2018-11-28,2038,2043,0.013630453077404958,1.0,0.5233696586894374,outer_03,none,0.05
2038,2018-11-29,2039,2044,0.011081436006469048,1.0,0.4990426903201725,outer_03,none,0.05
2039,2018-11-30,2040,2045,0.02223023566186999,1.0,0.5023532008690756,outer_03,none,0.05
2040,2018-12-03,2041,2046,0.01140007094699591,1.0,0.5179277254549003,outer_03,none,0.05
2041,2018-12-04,2042,2047,0.003715214472864936,1.0,0.5474548236234843,outer_03,none,0.05
2042,2018-12-05,2043,2048,0.0068224462068169345,1.0,0.7385683186460396,outer_03,none,0.05
2043,2018-12-06,2044,2049,0.0032184844454148376,1.0,0.5017931968672341,outer_03,none,0.05
2044,2018-12-07,2045,2050,-0.010507667838432155,0.0,0.5062864268843523,outer_03,none,0.05
2045,2018-12-10,2046,2051,0.0007307857878222634,1.0,0.5649337526419688,outer_03,none,0.05
2046,2018-12-11,2047,2052,0.005319054792161992,1.0,0.5349459866429618,outer_03,none,0.05
2047,2018-12-12,2048,2053,-0.0012048387776948388,0.0,0.5335479637381713,outer_03,none,0.05
2048,2018-12-13,2049,2054,0.015026939090841296,1.0,0.5098473518872254,outer_03,none,0.05
2049,2018-12-14,2050,2055,0.01694881124541414,1.0,0.4268935905529152,outer_03,none,0.05
2050,2018-12-17,2051,2056,0.02119956917905519,1.0,0.5942965603621625,outer_03,none,0.05
2051,2018-12-18,2052,2057,0.013408084258535347,1.0,0.5799009064000245,outer_03,none,0.05
2052,2018-12-19,2053,2058,0.024703786056173627,1.0,0.45938141243311564,outer_03,none,0.05
2053,2018-12-20,2054,2059,0.015281175004173697,1.0,0.6168012617092873,outer_03,none,0.05
2054,2018-12-21,2055,2060,0.01868050810379973,1.0,0.6809011513539994,outer_03,none,0.05
2055,2018-12-24,2056,2061,0.011952987167325624,1.0,0.765740834221175,outer_03,none,0.05
2056,2018-12-26,2057,2062,0.021099790311451372,1.0,0.8130613605557618,outer_03,none,0.05
2057,2018-12-27,2058,2063,0.007802624045341489,1.0,0.7479901050995055,outer_03,none,0.05
2058,2018-12-28,2059,2064,0.00719326750599425,1.0,0.7627698340075292,outer_03,none,0.05
2059,2018-12-31,2060,2065,0.0018778031331780909,1.0,0.8075898385996166,outer_03,none,0.05
2060,2019-01-02,2061,2066,0.004107482156918252,1.0,0.8159253021992322,outer_03,none,0.05
2061,2019-01-03,2062,2067,-0.0053557508436519186,0.0,0.7215988100073868,outer_03,none,0.05
2062,2019-01-04,2063,2068,0.0020984083118280594,1.0,0.6664264950564892,outer_03,none,0.05
2063,2019-01-07,2064,2069,0.002510111483892352,1.0,0.744875355969664,outer_03,none,0.05
2064,2019-01-08,2065,2070,0.003853629196012065,1.0,0.7319968345796778,outer_03,none,0.05
2065,2019-01-09,2066,2071,0.0005566981757274547,1.0,0.7033809781190654,outer_03,none,0.05
2066,2019-01-10,2067,2072,0.0042574870726381775,1.0,0.6877465167183922,outer_03,none,0.05
2067,2019-01-11,2068,2073,-0.004286993498489267,0.0,0.7314177048341878,outer_03,none,0.05
2068,2019-01-14,2069,2074,-0.009531508017690093,0.0,0.7172836360228045,outer_03,none,0.05
2069,2019-01-15,2070,2075,-0.003635689657803809,0.0,0.6919179020812126,outer_03,none,0.05
2070,2019-01-16,2071,2076,-0.008476732121312835,0.0,0.697367027301397,outer_03,none,0.05
2071,2019-01-17,2072,2077,-0.009259289419770944,0.0,0.6967772583935493,outer_03,none,0.05
2072,2019-01-18,2073,2078,0.015274205957332754,1.0,0.566273747187238,outer_03,none,0.05
2073,2019-01-21,2074,2079,0.017791942116696546,1.0,0.6453006097912751,outer_03,none,0.05
2074,2019-01-22,2075,2080,0.020498250845458088,1.0,0.6173943032201804,outer_03,none,0.05
2075,2019-01-23,2076,2081,0.028829385682612063,1.0,0.5884745502752549,outer_03,none,0.05
2076,2019-01-24,2077,2082,0.0312333175067101,1.0,0.5350479348181675,outer_03,none,0.05
2077,2019-01-25,2078,2083,0.011703004321891974,1.0,0.49018649954542437,outer_03,none,0.05
2078,2019-01-28,2079,2084,0.006608357892263328,1.0,0.637939148269193,outer_03,none,0.05
2079,2019-01-29,2080,2085,0.0023532916945825377,1.0,0.5846438352238664,outer_03,none,0.05
2080,2019-01-30,2081,2086,-0.009810902567229718,0.0,0.5372506445792475,outer_03,none,0.05
2081,2019-01-31,2082,2087,-0.008354572314572373,0.0,0.4193984977978429,outer_03,none,0.05
2082,2019-02-01,2083,2088,-0.003390684197567495,0.0,0.5372128922271968,outer_03,none,0.05
2083,2019-02-04,2084,2089,-0.0033369635607840564,0.0,0.647140088494395,outer_03,none,0.05
2084,2019-02-05,2085,2090,-0.002650703073904026,0.0,0.6824946690770584,outer_03,none,0.05
2085,2019-02-06,2086,2091,-0.00072689157596173,0.0,0.6759955622213888,outer_03,none,0.05
2086,2019-02-07,2087,2092,0.0020209190998974336,1.0,0.677261608965746,outer_03,none,0.05
2087,2019-02-08,2088,2093,0.0032085182438796878,1.0,0.668263002435554,outer_03,none,0.05
2088,2019-02-11,2089,2094,0.014307547320556502,1.0,0.618876544236902,outer_03,none,0.05
2089,2019-02-12,2090,2095,0.02172071375466622,1.0,0.591572351186872,outer_03,none,0.05
2090,2019-02-13,2091,2096,0.024624281877911436,1.0,0.5587325762655849,outer_03,none,0.05
2091,2019-02-14,2092,2097,0.008806085357615068,1.0,0.5496211655584939,outer_03,none,0.05
2092,2019-02-15,2093,2098,0.007645141080936391,1.0,0.5816096770344276,outer_03,none,0.05
2093,2019-02-18,2094,2099,0.0007461983801748673,1.0,0.6506412054231002,outer_03,none,0.05
2094,2019-02-19,2095,2100,-0.00815309468833636,0.0,0.5924188605217737,outer_03,none,0.05
2095,2019-02-20,2096,2101,-0.014321310425731149,0.0,0.49048202989029016,outer_03,none,0.05
2096,2019-02-21,2097,2102,-0.0076335380548986365,0.0,0.4977064417712263,outer_03,none,0.05
2097,2019-02-22,2098,2103,-0.024717848884005633,0.0,0.5934153501135458,outer_03,none,0.05
2098,2019-02-25,2099,2104,-0.03086584492580169,0.0,0.6281086166906905,outer_03,none,0.05
2099,2019-02-26,2100,2105,-0.03195673001382637,0.0,0.6140324340780922,outer_03,none,0.05
2100,2019-02-27,2101,2106,-0.025683262137995655,0.0,0.6495639066568123,outer_03,none,0.05
2101,2019-02-28,2102,2107,-0.022804961090957754,0.0,0.6204469686422921,outer_03,none,0.05
2102,2019-03-01,2103,2108,0.0013812210181498585,1.0,0.6113658994383516,outer_03,none,0.05
2103,2019-03-04,2104,2109,0.004775350945794621,1.0,0.6642136204712618,outer_03,none,0.05
2104,2019-03-05,2105,2110,0.010571396755826079,1.0,0.625786665508633,outer_03,none,0.05
2105,2019-03-06,2106,2111,0.017925920345262192,1.0,0.6204755116124127,outer_03,none,0.05
2106,2019-03-07,2107,2112,0.008966932255985327,1.0,0.5756549749292632,outer_03,none,0.05
2107,2019-03-08,2108,2113,0.004147611453907629,1.0,0.5684665119426661,outer_03,none,0.05
2108,2019-03-11,2109,2114,0.007941837851770828,1.0,0.6987774619527506,outer_03,none,0.05
2109,2019-03-12,2110,2115,0.004387283934283559,1.0,0.6985166769575857,outer_03,none,0.05
2110,2019-03-13,2111,2116,0.003323249779072057,1.0,0.6971888921295254,outer_03,none,0.05
2111,2019-03-14,2112,2117,0.010026031690371084,1.0,0.6985983304987261,outer_03,none,0.05
2112,2019-03-15,2113,2118,0.007611638513493446,1.0,0.6386264596875199,outer_03,none,0.05
2113,2019-03-18,2114,2119,0.014124657734666535,1.0,0.6409443341207054,outer_03,none,0.05
2114,2019-03-19,2115,2120,0.0075709707889419775,1.0,0.6276154729565753,outer_03,none,0.05
2115,2019-03-20,2116,2121,-0.0036897879069588413,0.0,0.685395515907765,outer_03,none,0.05
2116,2019-03-21,2117,2122,-0.013937722259077745,0.0,0.6808813632874211,outer_03,none,0.05
2117,2019-03-22,2118,2123,-0.015389999417445566,0.0,0.6080044094904168,outer_03,none,0.05
2118,2019-03-25,2119,2124,-0.02647668879168652,0.0,0.7202251111565607,outer_03,none,0.05
2119,2019-03-26,2120,2125,-0.018683820933139472,0.0,0.7360301267700391,outer_03,none,0.05
2120,2019-03-27,2121,2126,-0.01455578262758106,0.0,0.46746169781455515,outer_03,none,0.05
2121,2019-03-28,2122,2127,0.0013236474219189276,1.0,0.46516836069318346,outer_03,none,0.05
2122,2019-03-29,2123,2128,1.5477959386167583e-05,1.0,0.49579992150233826,outer_03,none,0.05
2123,2019-04-01,2124,2129,0.00806927047699535,1.0,0.39854557707582183,outer_03,none,0.05
2124,2019-04-02,2125,2130,0.009374045650933027,1.0,0.5384845322786563,outer_03,none,0.05
2125,2019-04-03,2126,2131,0.013592980340288996,1.0,0.5291650744639361,outer_03,none,0.05
2126,2019-04-04,2127,2132,-0.0002475668830044242,0.0,0.5622402682857334,outer_03,none,0.05
2127,2019-04-05,2128,2133,-0.0007354677712791968,0.0,0.6100442780320947,outer_03,none,0.05
2128,2019-04-08,2129,2134,-0.007704246027953943,0.0,0.6355794970972024,outer_03,none,0.05
2129,2019-04-09,2130,2135,-0.021418209913989905,0.0,0.5252167723896631,outer_03,none,0.05
2130,2019-04-10,2131,2136,-0.02617186064329413,0.0,0.592083706987104,outer_03,none,0.05
2131,2019-04-11,2132,2137,-0.013005704827204312,0.0,0.4007241433722409,outer_03,none,0.05
2132,2019-04-12,2133,2138,-0.012445270059850522,0.0,0.4140987851463056,outer_03,none,0.05
2133,2019-04-15,2134,2139,-0.012250344608672137,0.0,0.48542083419616566,outer_03,none,0.05
2134,2019-04-16,2135,2140,-0.0008619541817349585,0.0,0.35901356778654175,outer_03,none,0.05
2135,2019-04-17,2136,2141,0.0024063438729582387,1.0,0.25334518000408546,outer_03,none,0.05
2136,2019-04-18,2137,2142,0.007963690375894394,1.0,0.43072647980428636,outer_03,none,0.05
2137,2019-04-22,2138,2143,0.0036475251385876817,1.0,0.5256488516575856,outer_03,none,0.05
2138,2019-04-23,2139,2144,0.008601883765415153,1.0,0.44806822238913846,outer_03,none,0.05
2139,2019-04-24,2140,2145,0.001128226140955313,1.0,0.5231364901179081,outer_03,none,0.05
2140,2019-04-25,2141,2146,-0.005345696345655071,0.0,0.5711367707953364,outer_03,none,0.05
2141,2019-04-26,2142,2147,-0.002616334888072558,0.0,0.4046407405043763,outer_03,none,0.05
2142,2019-04-29,2143,2148,0.0011088380202508574,1.0,0.5039975955621039,outer_03,none,0.05
2143,2019-04-30,2144,2149,0.000607703833212625,1.0,0.40515160465805194,outer_03,none,0.05
2144,2019-05-01,2145,2150,0.0032599929586361043,1.0,0.3740292346403459,outer_03,none,0.05
2145,2019-05-02,2146,2151,0.010888774681934166,1.0,0.3681806382720969,outer_03,none,0.05
2146,2019-05-03,2147,2152,0.003556853019624384,1.0,0.3487063834844928,outer_03,none,0.05
2147,2019-05-06,2148,2153,0.01491940668458458,1.0,0.3909551861380786,outer_03,none,0.05
2148,2019-05-07,2149,2154,0.010174635906512464,1.0,0.4231736664265088,outer_03,none,0.05
2149,2019-05-08,2150,2155,0.011809205857970184,1.0,0.3824636320104955,outer_03,none,0.05
2150,2019-05-09,2151,2156,0.0016414041966505977,1.0,0.34692875154424124,outer_03,none,0.05
2151,2019-05-10,2152,2157,-0.006891686342358483,0.0,0.29456241049440496,outer_03,none,0.05
2152,2019-05-13,2153,2158,-0.01788165390418417,0.0,0.35432967905945095,outer_03,none,0.05
2153,2019-05-14,2154,2159,-0.01753080042564381,0.0,0.4792409715954685,outer_03,none,0.05
2154,2019-05-15,2155,2160,-0.01775081723465366,0.0,0.41492107936767314,outer_03,none,0.05
2155,2019-05-16,2156,2161,-0.0023735142639305096,0.0,0.39593544269615144,outer_03,none,0.05
2156,2019-05-17,2157,2162,0.005398881847964887,1.0,0.3169707680421059,outer_03,none,0.05
2157,2019-05-20,2158,2163,0.005977994499429151,1.0,0.36913242967244053,outer_03,none,0.05
2158,2019-05-21,2159,2164,0.003829457005494419,1.0,0.3911670289157956,outer_03,none,0.05
2159,2019-05-22,2160,2165,0.00498113528155919,1.0,0.37177746102229503,outer_03,none,0.05
2160,2019-05-23,2161,2166,0.00373282751526105,1.0,0.29776052660800884,outer_03,none,0.05
2161,2019-05-24,2162,2167,0.016498560824088848,1.0,0.4112562370055207,outer_03,none,0.05
2162,2019-05-27,2163,2168,0.030415088864437223,1.0,0.5583818022097525,outer_03,none,0.05
2163,2019-05-28,2164,2169,0.035210173271695844,1.0,0.3505645699132036,outer_03,none,0.05
2164,2019-05-29,2165,2170,0.03994911367058673,1.0,0.2705010953746566,outer_03,none,0.05
2165,2019-05-30,2166,2171,0.03628946439560998,1.0,0.3842712026926091,outer_03,none,0.05
2166,2019-05-31,2167,2172,0.021225917195089927,1.0,0.44693940041725927,outer_03,none,0.05
2167,2019-06-03,2168,2173,0.002389793632511683,1.0,0.6004678749696454,outer_03,none,0.05
2168,2019-06-04,2169,2174,0.0012292101045874304,1.0,0.5870466037740467,outer_03,none,0.05
2169,2019-06-05,2170,2175,0.001117850842069501,1.0,0.6918781103362294,outer_03,none,0.05
2170,2019-06-06,2171,2176,0.004756988549786456,1.0,0.7021838687522423,outer_03,none,0.05
2171,2019-06-07,2172,2177,0.005335577861652396,1.0,0.7471627818843362,outer_03,none,0.05
2172,2019-06-10,2173,2178,0.008980233507048574,1.0,0.6361164148901458,outer_03,none,0.05
2173,2019-06-11,2174,2179,0.014418452484936672,1.0,0.703682710718649,outer_03,none,0.05
2174,2019-06-12,2175,2180,0.019167875466354012,1.0,0.6922568044409735,outer_03,none,0.05
2175,2019-06-13,2176,2181,0.033069281405648354,1.0,0.7322289273110058,outer_03,none,0.05
2176,2019-06-14,2177,2182,0.04239719016660359,1.0,0.6250599588300166,outer_03,none,0.05
2177,2019-06-17,2178,2183,0.05654796384637173,1.0,0.6043999547925464,outer_03,none,0.05
2178,2019-06-18,2179,2184,0.05319730022020064,1.0,0.5698792425725984,outer_03,none,0.05
2179,2019-06-19,2180,2185,0.03503272528096435,1.0,0.5371883940570771,outer_03,none,0.05
2180,2019-06-20,2181,2186,0.015235801315060193,1.0,0.5758186278808948,outer_03,none,0.05
2181,2019-06-21,2182,2187,-0.005874910325442961,0.0,0.6263748365061904,outer_03,none,0.05
2182,2019-06-24,2183,2188,-0.024312924455364815,0.0,0.5290571647481347,outer_03,none,0.05
2183,2019-06-25,2184,2189,0.0020406159888031183,1.0,0.47106115662552206,outer_03,none,0.05
2184,2019-06-26,2185,2190,0.008627815111137416,1.0,0.5376863447742417,outer_03,none,0.05
2185,2019-06-27,2186,2191,0.005444087794065133,1.0,0.5837121062635229,outer_03,none,0.05
2186,2019-06-28,2187,2192,0.005317560438204971,1.0,0.6267628011223595,outer_03,none,0.05
2187,2019-07-01,2188,2193,0.0077376647015192646,1.0,0.5024871464904557,outer_03,none,0.05
2188,2019-07-02,2189,2194,-0.019097402206980085,0.0,0.6669079418077476,outer_03,none,0.05
2189,2019-07-03,2190,2195,-0.000753730826994925,0.0,0.6810532906867326,outer_03,none,0.05
2190,2019-07-04,2191,2196,-0.008422893569854928,0.0,0.6723434996657613,outer_03,none,0.05
2191,2019-07-05,2192,2197,0.012381134217284817,1.0,0.5932145983666317,outer_03,none,0.05
2192,2019-07-08,2193,2198,0.014061524688250948,1.0,0.6044520813969918,outer_03,none,0.05
2193,2019-07-09,2194,2199,0.007708377449626269,1.0,0.5714200688136327,outer_03,none,0.05
2194,2019-07-10,2195,2200,0.005081951071596258,1.0,0.5452229770065133,outer_03,none,0.05
2195,2019-07-11,2196,2201,0.03058458143082099,1.0,0.6148088330145829,outer_03,none,0.05
2196,2019-07-12,2197,2202,0.006978670301484691,1.0,0.6040025291838426,outer_03,none,0.05
2197,2019-07-15,2198,2203,0.007234591193622464,1.0,0.5171629189275289,outer_03,none,0.05
2198,2019-07-16,2199,2204,0.007585908664797358,1.0,0.5613183725978723,outer_03,none,0.05
2199,2019-07-17,2200,2205,-0.0007434579552265674,0.0,0.48171676142494535,outer_03,none,0.05
2200,2019-07-18,2201,2206,-0.02325661844227156,0.0,0.48598526738395253,outer_03,none,0.05
2201,2019-07-19,2202,2207,-0.003996928603301697,0.0,0.4562615318160934,outer_03,none,0.05
2202,2019-07-22,2203,2208,0.0007156790134414948,1.0,0.4064202268431971,outer_03,none,0.05
2203,2019-07-23,2204,2209,0.009396928432789053,1.0,0.4854864278236142,outer_03,none,0.05
2204,2019-07-24,2205,2210,-0.006610163135086111,0.0,0.4251024709965203,outer_03,none,0.05
2205,2019-07-25,2206,2211,0.02150109223218255,1.0,0.37614284473865117,outer_03,none,0.05
2206,2019-07-26,2207,2212,0.013659581005684096,1.0,0.46219724786230054,outer_03,none,0.05
2207,2019-07-29,2208,2213,0.02892400850145016,1.0,0.44146053260254,outer_03,none,0.05
2208,2019-07-30,2209,2214,0.03030023723131503,1.0,0.4531682728728435,outer_03,none,0.05
2209,2019-07-31,2210,2215,0.05696141814143019,1.0,0.3663150112469433,outer_03,none,0.05
2210,2019-08-01,2211,2216,0.041165324780084056,1.0,0.38849417201588876,outer_03,none,0.05
2211,2019-08-02,2212,2217,0.03798381925288208,1.0,0.3611782785089766,outer_03,none,0.05
2212,2019-08-05,2213,2218,0.028839370394216246,1.0,0.40291694424651714,outer_03,none,0.05
2213,2019-08-06,2214,2219,0.01817132184643011,1.0,0.35444847551708675,outer_03,none,0.05
2214,2019-08-07,2215,2220,0.0130907971644465,1.0,0.4326580089480478,outer_03,none,0.05
2215,2019-08-08,2216,2221,0.010243832540017372,1.0,0.3934941674262166,outer_03,none,0.05
2216,2019-08-09,2217,2222,0.008903794664654185,1.0,0.37771153769563326,outer_03,none,0.05
2217,2019-08-12,2218,2223,-0.009291565159255555,0.0,0.4850865697687908,outer_03,none,0.05
2218,2019-08-13,2219,2224,0.0032578299772128005,1.0,0.5210319242062208,outer_03,none,0.05
2219,2019-08-14,2220,2225,-0.011077932819687497,0.0,0.39404248671394965,outer_03,none,0.05
2220,2019-08-15,2221,2226,-0.015435399270821826,0.0,0.29966124202558125,outer_03,none,0.05
2221,2019-08-16,2222,2227,0.023770663965852812,1.0,0.4049341539065791,outer_03,none,0.05
2222,2019-08-19,2223,2228,0.020326050907146787,1.0,0.3267394833341465,outer_03,none,0.05
2223,2019-08-20,2224,2229,0.02260324352547549,1.0,0.3468852625282498,outer_03,none,0.05
2224,2019-08-21,2225,2230,0.02444151028077801,1.0,0.33007789850219493,outer_03,none,0.05
2225,2019-08-22,2226,2231,0.019160751026939593,1.0,0.24939074712188566,outer_03,none,0.05
2226,2019-08-23,2227,2232,-0.010633796989390376,0.0,0.34548023020635266,outer_03,none,0.05
2227,2019-08-26,2228,2233,-0.00023574249171165462,0.0,0.39568433760004224,outer_03,none,0.05
2228,2019-08-27,2229,2234,0.003608112766514182,1.0,0.4115331143563917,outer_03,none,0.05
2229,2019-08-28,2230,2235,0.00803768168195429,1.0,0.4107452668971013,outer_03,none,0.05
2230,2019-08-29,2231,2236,-0.005961974074552678,0.0,0.4079461167067011,outer_03,none,0.05
2231,2019-08-30,2232,2237,-0.017066588523126036,0.0,0.3502641508940632,outer_03,none,0.05
2232,2019-09-02,2233,2238,-0.018901604963789786,0.0,0.3900789061746266,outer_03,none,0.05
2233,2019-09-03,2234,2239,-0.03973735774835507,0.0,0.24889630829305898,outer_03,none,0.05
2234,2019-09-04,2235,2240,-0.03589412224731792,0.0,0.2508302605534153,outer_03,none,0.05
2235,2019-09-05,2236,2241,-0.013812896377861428,0.0,0.32283168347950386,outer_03,none,0.05
2236,2019-09-06,2237,2242,-0.0018640451170384154,0.0,0.29039749009507415,outer_03,none,0.05
2237,2019-09-09,2238,2243,0.00011345397284578951,1.0,0.4141769174486369,outer_03,none,0.05
2238,2019-09-10,2239,2244,0.010168274373087982,1.0,0.39271092896443316,outer_03,none,0.05
2239,2019-09-11,2240,2245,-0.0025755709758525924,0.0,0.30832886258155906,outer_03,none,0.05
2240,2019-09-12,2241,2246,0.0010477809027831242,1.0,0.4402765656585206,outer_03,none,0.05
2241,2019-09-13,2242,2247,0.007911528187944938,1.0,0.5379812681019971,outer_03,none,0.05
2242,2019-09-16,2243,2248,0.016283231648372976,1.0,0.43004708627237936,outer_03,none,0.05
2243,2019-09-17,2244,2249,0.020971125336363805,1.0,0.536037025949832,outer_03,none,0.05
2244,2019-09-18,2245,2250,0.007188297458903925,1.0,0.6228613622318101,outer_03,none,0.05
2245,2019-09-19,2246,2251,0.0031700180385252352,1.0,0.41502491241230133,outer_03,none,0.05
2246,2019-09-20,2247,2252,-0.010887879752512042,0.0,0.3905495175268799,outer_03,none,0.05
2247,2019-09-23,2248,2253,-0.033487551773211166,0.0,0.3923132992608095,outer_03,none,0.05
2248,2019-09-24,2249,2254,-0.035333126063209264,0.0,0.4145385393604084,outer_03,none,0.05
2249,2019-09-25,2250,2255,-0.003130601833460922,0.0,0.4441665869642186,outer_03,none,0.05
2250,2019-09-26,2251,2256,0.0013887091557664988,1.0,0.45631360633248186,outer_03,none,0.05
2251,2019-09-27,2252,2257,0.008173688834453685,1.0,0.512267172370261,outer_03,none,0.05
2252,2019-09-30,2253,2258,0.013781696741309801,1.0,0.5785137209496006,outer_03,none,0.05
2253,2019-10-01,2254,2259,0.01767326203050157,1.0,0.5550589882338276,outer_03,none,0.05
2254,2019-10-02,2255,2260,0.0044863720387402495,1.0,0.5674458076324129,outer_03,none,0.05
2255,2019-10-03,2256,2261,-0.007718751870557483,0.0,0.5033300464336224,outer_03,none,0.05
2256,2019-10-04,2257,2262,-0.014758394858271018,0.0,0.42218628322874485,outer_03,none,0.05
2257,2019-10-07,2258,2263,-0.0006698507153277689,0.0,0.5442924482367095,outer_03,none,0.05
2258,2019-10-08,2259,2264,-0.016977586335896078,0.0,0.48203756819606824,outer_03,none,0.05
2259,2019-10-09,2260,2265,-0.01048849782141037,0.0,0.4927462757781696,outer_03,none,0.05
2260,2019-10-10,2261,2266,-0.001660840713402223,0.0,0.4708794403762709,outer_03,none,0.05
2261,2019-10-11,2262,2267,0.0035056179457031433,1.0,0.4591743374441548,outer_03,none,0.05
2262,2019-10-14,2263,2268,-0.0052672364714494435,0.0,0.5090169466268181,outer_03,none,0.05
2263,2019-10-15,2264,2269,0.004607589104166365,1.0,0.5099962107436767,outer_04,sigmoid,0.0
2264,2019-10-16,2265,2270,0.0008989307355369291,1.0,0.50293782274572,outer_04,sigmoid,0.0
2265,2019-10-17,2266,2271,0.0073789737854914605,1.0,0.5057388089742193,outer_04,sigmoid,0.0
2266,2019-10-18,2267,2272,0.007773149785399447,1.0,0.5114844417239515,outer_04,sigmoid,0.0
2267,2019-10-21,2268,2273,0.004891923985892888,1.0,0.5122425444664367,outer_04,sigmoid,0.0
2268,2019-10-22,2269,2274,-0.00036298617018015733,0.0,0.5121939780115503,outer_04,sigmoid,0.0
2269,2019-10-23,2270,2275,0.0029727851560750196,1.0,0.5064422687682337,outer_04,sigmoid,0.0
2270,2019-10-24,2271,2276,0.006274228679276739,1.0,0.49984780209641333,outer_04,sigmoid,0.0
2271,2019-10-25,2272,2277,0.006233483270729145,1.0,0.49986745251982295,outer_04,sigmoid,0.0
2272,2019-10-28,2273,2278,0.011344368222498069,1.0,0.49940964459073517,outer_04,sigmoid,0.0
2273,2019-10-29,2274,2279,-0.00247719826452375,0.0,0.5032890294451287,outer_04,sigmoid,0.0
2274,2019-10-30,2275,2280,-0.0040059539899282015,0.0,0.5022412057137807,outer_04,sigmoid,0.0
2275,2019-10-31,2276,2281,-0.029781440065574927,0.0,0.49803311738678113,outer_04,sigmoid,0.0
2276,2019-11-01,2277,2282,-0.03530241356814212,0.0,0.5015768382662072,outer_04,sigmoid,0.0
2277,2019-11-04,2278,2283,-0.036335488302788654,0.0,0.5063430759382899,outer_04,sigmoid,0.0
2278,2019-11-05,2279,2284,-0.01796716132999432,0.0,0.5059902328729631,outer_04,sigmoid,0.0
2279,2019-11-06,2280,2285,-0.017469585512436048,0.0,0.5072550066025724,outer_04,sigmoid,0.0
2280,2019-11-07,2281,2286,0.0021161292951443755,1.0,0.5045088169790277,outer_04,sigmoid,0.0
2281,2019-11-08,2282,2287,0.005211635835178363,1.0,0.5004402229041898,outer_04,sigmoid,0.0
2282,2019-11-11,2283,2288,0.010705452182405928,1.0,0.5071843281526828,outer_04,sigmoid,0.0
2283,2019-11-12,2284,2289,0.011177341576235733,1.0,0.5045723232193587,outer_04,sigmoid,0.0
2284,2019-11-13,2285,2290,0.007424605968621378,1.0,0.5029408011624523,outer_04,sigmoid,0.0
2285,2019-11-14,2286,2291,-0.004666872712180137,0.0,0.5050321538948093,outer_04,sigmoid,0.0
2286,2019-11-15,2287,2292,-0.005095221798252503,0.0,0.5117560083017261,outer_04,sigmoid,0.0
2287,2019-11-18,2288,2293,-0.010739817270229324,0.0,0.5059929605394349,outer_04,sigmoid,0.0
2288,2019-11-19,2289,2294,-0.0085594672741367,0.0,0.5043928340194632,outer_04,sigmoid,0.0
2289,2019-11-20,2290,2295,-0.013068959148227144,0.0,0.5078674774366246,outer_04,sigmoid,0.0
2290,2019-11-21,2291,2296,-0.006151209904209587,0.0,0.5053994276620972,outer_04,sigmoid,0.0
2291,2019-11-22,2292,2297,0.0013959123936855278,1.0,0.5082164077677407,outer_04,sigmoid,0.0
2292,2019-11-25,2293,2298,0.004573905215661256,1.0,0.5068013407154563,outer_04,sigmoid,0.0
2293,2019-11-26,2294,2299,0.010457682844076999,1.0,0.5052621722732856,outer_04,sigmoid,0.0
2294,2019-11-27,2295,2300,0.012709548171473628,1.0,0.5078811369558607,outer_04,sigmoid,0.0
2295,2019-11-28,2296,2301,0.014088920138142669,1.0,0.5149028018456672,outer_04,sigmoid,0.0
2296,2019-11-29,2297,2302,-0.0026360760349586343,0.0,0.5088882118728156,outer_04,sigmoid,0.0
2297,2019-12-02,2298,2303,-0.00013684477034914266,0.0,0.5124086563359732,outer_04,sigmoid,0.0
2298,2019-12-03,2299,2304,-0.008372404490136987,0.0,0.5023433218564727,outer_04,sigmoid,0.0
2299,2019-12-04,2300,2305,0.00035263083308212373,1.0,0.5031149179012053,outer_04,sigmoid,0.0
2300,2019-12-05,2301,2306,-0.006436485088980426,0.0,0.5001499339758801,outer_04,sigmoid,0.0
2301,2019-12-06,2302,2307,0.011092930009679591,1.0,0.5041687711608347,outer_04,sigmoid,0.0
2302,2019-12-09,2303,2308,0.009859474550749425,1.0,0.5079903154050324,outer_04,sigmoid,0.0
2303,2019-12-10,2304,2309,0.00789141214625566,1.0,0.5028692641437363,outer_04,sigmoid,0.0
2304,2019-12-11,2305,2310,0.0002779482017363222,1.0,0.5004478604927458,outer_04,sigmoid,0.0
2305,2019-12-12,2306,2311,0.008399273961345877,1.0,0.49972978977506216,outer_04,sigmoid,0.0
2306,2019-12-13,2307,2312,0.00210646885507515,1.0,0.4928879051121535,outer_04,sigmoid,0.0
2307,2019-12-16,2308,2313,0.006288245664945791,1.0,0.49980690488017604,outer_04,sigmoid,0.0
2308,2019-12-17,2309,2314,0.018469624024751496,1.0,0.499974744654222,outer_04,sigmoid,0.0
2309,2019-12-18,2310,2315,0.023758095688238612,1.0,0.5058319165080237,outer_04,sigmoid,0.0
2310,2019-12-19,2311,2316,0.021551952869175217,1.0,0.5022964845249313,outer_04,sigmoid,0.0
2311,2019-12-20,2312,2317,0.0245084261509243,1.0,0.504556383275574,outer_04,sigmoid,0.0
2312,2019-12-23,2313,2318,0.023331929541142493,1.0,0.503957351214354,outer_04,sigmoid,0.0
2313,2019-12-24,2314,2319,0.0164805545707587,1.0,0.510000012608149,outer_04,sigmoid,0.0
2314,2019-12-26,2315,2320,0.04220073741582908,1.0,0.5072049258441701,outer_04,sigmoid,0.0
2315,2019-12-27,2316,2321,0.03470789157475185,1.0,0.5138663312571753,outer_04,sigmoid,0.0
2316,2019-12-30,2317,2322,0.03971246152664243,1.0,0.5122057455773037,outer_04,sigmoid,0.0
2317,2019-12-31,2318,2323,0.022433388139931232,1.0,0.5134541011591892,outer_04,sigmoid,0.0
2318,2020-01-02,2319,2324,0.01600730021026031,1.0,0.5140926996622894,outer_04,sigmoid,0.0
2319,2020-01-03,2320,2325,-0.010422873935500121,0.0,0.5104892372211801,outer_04,sigmoid,0.0
2320,2020-01-06,2321,2326,-0.01053770842873547,0.0,0.5032179910031986,outer_04,sigmoid,0.0
2321,2020-01-07,2322,2327,-0.01897339741062254,0.0,0.511323043274645,outer_04,sigmoid,0.0
2322,2020-01-08,2323,2328,0.0002765335571801586,1.0,0.5156818141955593,outer_04,sigmoid,0.0
2323,2020-01-09,2324,2329,-0.00039933016117377207,0.0,0.5172273566331874,outer_04,sigmoid,0.0
2324,2020-01-10,2325,2330,-0.0003527280343122996,0.0,0.5181737986231092,outer_04,sigmoid,0.0
2325,2020-01-13,2326,2331,0.008202013809872177,1.0,0.5131340939614283,outer_04,sigmoid,0.0
2326,2020-01-14,2327,2332,0.007499117085925988,1.0,0.508108702388401,outer_04,sigmoid,0.0
2327,2020-01-15,2328,2333,0.002164607281845754,1.0,0.5139094147602639,outer_04,sigmoid,0.0
2328,2020-01-16,2329,2334,0.006101339381670456,1.0,0.5158434964688419,outer_04,sigmoid,0.0
2329,2020-01-17,2330,2335,0.013829523116689835,1.0,0.5108125112666895,outer_04,sigmoid,0.0
2330,2020-01-20,2331,2336,0.01275086583127738,1.0,0.5157508054412635,outer_04,sigmoid,0.0
2331,2020-01-21,2332,2337,0.006806010933041229,1.0,0.5137459972552934,outer_04,sigmoid,0.0
2332,2020-01-22,2333,2338,0.010658087999140697,1.0,0.5076323066873693,outer_04,sigmoid,0.0
2333,2020-01-23,2334,2339,0.008460767432632466,1.0,0.50364707792637,outer_04,sigmoid,0.0
2334,2020-01-24,2335,2340,0.005010485783321528,1.0,0.5011958169205037,outer_04,sigmoid,0.0
2335,2020-01-27,2336,2341,-0.0014875915475478507,0.0,0.49590277787544895,outer_04,sigmoid,0.0
2336,2020-01-28,2337,2342,-0.009910934695537499,0.0,0.5006087281776451,outer_04,sigmoid,0.0
2337,2020-01-29,2338,2343,-0.013150685379912375,0.0,0.5000059861657549,outer_04,sigmoid,0.0
2338,2020-01-30,2339,2344,-0.005890104807116714,0.0,0.5025950431210177,outer_04,sigmoid,0.0
2339,2020-01-31,2340,2345,-0.01227405589951136,0.0,0.4992249852254368,outer_04,sigmoid,0.0
2340,2020-02-03,2341,2346,-0.00410709478665261,0.0,0.4972817322003775,outer_04,sigmoid,0.0
2341,2020-02-04,2342,2347,0.009171171768563191,1.0,0.5057943144234689,outer_04,sigmoid,0.0
2342,2020-02-05,2343,2348,0.007344303711551703,1.0,0.500104535893785,outer_04,sigmoid,0.0
2343,2020-02-06,2344,2349,0.006429621223088766,1.0,0.5017875704964729,outer_04,sigmoid,0.0
2344,2020-02-07,2345,2350,0.007605130417553951,1.0,0.4990996156473228,outer_04,sigmoid,0.0
2345,2020-02-10,2346,2351,0.007351622891816234,1.0,0.49547765569700314,outer_04,sigmoid,0.0
2346,2020-02-11,2347,2352,0.02125899809345988,1.0,0.49954003073422043,outer_04,sigmoid,0.0
2347,2020-02-12,2348,2353,0.02822887387584938,1.0,0.5061865721037409,outer_04,sigmoid,0.0
2348,2020-02-13,2349,2354,0.02740806370415516,1.0,0.5024405826080593,outer_04,sigmoid,0.0
2349,2020-02-14,2350,2355,0.048222338767259565,1.0,0.5027060627691855,outer_04,sigmoid,0.0
2350,2020-02-17,2351,2356,0.04553477619817059,1.0,0.5070084792865998,outer_04,sigmoid,0.0
2351,2020-02-18,2352,2357,0.02282073534827944,1.0,0.4934524980237103,outer_04,sigmoid,0.0
2352,2020-02-19,2353,2358,0.018542453529446945,1.0,0.4962872859236,outer_04,sigmoid,0.0
2353,2020-02-20,2354,2359,0.01361925141198661,1.0,0.4986180166528279,outer_04,sigmoid,0.0
2354,2020-02-21,2355,2360,-0.047880895089503106,0.0,0.501567598742246,outer_04,sigmoid,0.0
2355,2020-02-24,2356,2361,-0.04127534830879043,0.0,0.4995806584317502,outer_04,sigmoid,0.0
2356,2020-02-25,2357,2362,0.0024144733730020462,1.0,0.5019835892060011,outer_04,sigmoid,0.0
2357,2020-02-26,2358,2363,-0.002776347319396244,0.0,0.5105884504350032,outer_04,sigmoid,0.0
2358,2020-02-27,2359,2364,0.01792703554394315,1.0,0.5067858942391239,outer_04,sigmoid,0.0
2359,2020-02-28,2360,2365,0.06966824927441007,1.0,0.5078933856248687,outer_04,sigmoid,0.0
2360,2020-03-02,2361,2366,0.04744642527273424,1.0,0.5125980696950408,outer_04,sigmoid,0.0
2361,2020-03-03,2362,2367,0.00597448058567096,1.0,0.5085087891533445,outer_04,sigmoid,0.0
2362,2020-03-04,2363,2368,0.0021546273293582274,1.0,0.5107234169871596,outer_04,sigmoid,0.0
2363,2020-03-05,2364,2369,-0.05870690521578403,0.0,0.506766697136035,outer_04,sigmoid,0.0
2364,2020-03-06,2365,2370,-0.09447086987524589,0.0,0.5178727002570134,outer_04,sigmoid,0.0
2365,2020-03-09,2366,2371,-0.09819550015932865,0.0,0.5174759169288893,outer_04,sigmoid,0.0
2366,2020-03-10,2367,2372,-0.07192317531562331,0.0,0.5155517362318507,outer_04,sigmoid,0.0
2367,2020-03-11,2368,2373,-0.09914044353357543,0.0,0.51697952033139,outer_04,sigmoid,0.0
2368,2020-03-12,2369,2374,-0.071540499069358,0.0,0.5180374831939618,outer_04,sigmoid,0.0
2369,2020-03-13,2370,2375,-0.03484415743312397,0.0,0.5152458953157685,outer_04,sigmoid,0.0
2370,2020-03-16,2371,2376,0.0336269977001189,1.0,0.5099187977901446,outer_04,sigmoid,0.0
2371,2020-03-17,2372,2377,0.05890238809419479,1.0,0.5093878323636386,outer_04,sigmoid,0.0
2372,2020-03-18,2373,2378,0.0821069802075236,1.0,0.5080887018715617,outer_04,sigmoid,0.0
2373,2020-03-19,2374,2379,0.10516287709721794,1.0,0.5078699516300944,outer_04,sigmoid,0.0
2374,2020-03-20,2375,2380,0.08349729141681372,1.0,0.5206088363458479,outer_04,sigmoid,0.0
2375,2020-03-23,2376,2381,0.03661089523972372,1.0,0.5261699512713358,outer_04,sigmoid,0.0
2376,2020-03-24,2377,2382,-0.03695020860684206,0.0,0.5183960691275834,outer_04,sigmoid,0.0
2377,2020-03-25,2378,2383,-0.013763346562423173,0.0,0.5239717631635918,outer_04,sigmoid,0.0
2378,2020-03-26,2379,2384,-0.00974553033193093,0.0,0.5215746671250618,outer_04,sigmoid,0.0
2379,2020-03-27,2380,2385,-0.0033079956833352853,0.0,0.514955664095375,outer_04,sigmoid,0.0
2380,2020-03-30,2381,2386,0.02620518969575425,1.0,0.5140997964904971,outer_04,sigmoid,0.0
2381,2020-03-31,2382,2387,0.04714606669454913,1.0,0.510535924703113,outer_04,sigmoid,0.0
2382,2020-04-01,2383,2388,0.03402918758530582,1.0,0.49985399486774584,outer_04,sigmoid,0.0
2383,2020-04-02,2384,2389,0.03832952960190639,1.0,0.49830505640618905,outer_04,sigmoid,0.0
2384,2020-04-03,2385,2390,0.058708660224908726,1.0,0.4973178822851769,outer_04,sigmoid,0.0
2385,2020-04-06,2386,2391,0.03640840303223225,1.0,0.49235258448541674,outer_04,sigmoid,0.0
2386,2020-04-07,2387,2392,0.041162135904355246,1.0,0.4876721821122073,outer_04,sigmoid,0.0
2387,2020-04-08,2388,2393,0.04345058589982731,1.0,0.49267793079112254,outer_04,sigmoid,0.0
2388,2020-04-09,2389,2394,0.003303092731160362,1.0,0.5013070308219362,outer_04,sigmoid,0.0
2389,2020-04-13,2390,2395,-0.009889593903709581,0.0,0.5143706096092896,outer_04,sigmoid,0.0
2390,2020-04-14,2391,2396,-0.025072200882842566,0.0,0.5080624883892634,outer_04,sigmoid,0.0
2391,2020-04-15,2392,2397,-0.0010666978555420314,0.0,0.4993756757866793,outer_04,sigmoid,0.0
2392,2020-04-16,2393,2398,0.0070048763687138305,1.0,0.49874309773228087,outer_04,sigmoid,0.0
2393,2020-04-17,2394,2399,0.023082420491580713,1.0,0.495695206697594,outer_04,sigmoid,0.0
2394,2020-04-20,2395,2400,0.011436068687796563,1.0,0.49336265933580237,outer_04,sigmoid,0.0
2395,2020-04-21,2396,2401,0.0142875999435228,1.0,0.48720105015726284,outer_04,sigmoid,0.0
2396,2020-04-22,2397,2402,-0.0009977798768634472,0.0,0.4858384994873035,outer_04,sigmoid,0.0
2397,2020-04-23,2398,2403,-0.026074333646787906,0.0,0.4830519244746859,outer_04,sigmoid,0.0
2398,2020-04-24,2399,2404,-0.014203463593331911,0.0,0.4846703955571859,outer_04,sigmoid,0.0
2399,2020-04-27,2400,2405,-0.008062033754548281,0.0,0.48348046944965384,outer_04,sigmoid,0.0
2400,2020-04-28,2401,2406,-0.002057125497968215,0.0,0.4902532338928388,outer_04,sigmoid,0.0
2401,2020-04-29,2402,2407,-0.016338713266551785,0.0,0.4883021455319882,outer_04,sigmoid,0.0
2402,2020-04-30,2403,2408,0.017345519751525984,1.0,0.48781391793804146,outer_04,sigmoid,0.0
2403,2020-05-01,2404,2409,0.002558516398273092,1.0,0.48222056280424735,outer_04,sigmoid,0.0
2404,2020-05-04,2405,2410,-0.0020360134137007435,0.0,0.4839267963626026,outer_04,sigmoid,0.0
2405,2020-05-05,2406,2411,-0.0014207716826648564,0.0,0.4829101246342419,outer_04,sigmoid,0.0
2406,2020-05-06,2407,2412,0.017715505209282334,1.0,0.48724852008526487,outer_04,sigmoid,0.0
2407,2020-05-07,2408,2413,0.008439848332167266,1.0,0.47973983726417624,outer_04,sigmoid,0.0
2408,2020-05-08,2409,2414,0.0260788054914034,1.0,0.4809297608215623,outer_04,sigmoid,0.0
2409,2020-05-11,2410,2415,0.020048955372121924,1.0,0.4817692341255068,outer_04,sigmoid,0.0
2410,2020-05-12,2411,2416,0.024364554576912667,1.0,0.48365396277353007,outer_04,sigmoid,0.0
2411,2020-05-13,2412,2417,0.018443577778650244,1.0,0.4801884679366686,outer_04,sigmoid,0.0
2412,2020-05-14,2413,2418,-0.0019440175529554793,0.0,0.47885613937665444,outer_04,sigmoid,0.0
2413,2020-05-15,2414,2419,-0.00876575895112719,0.0,0.47741353564982736,outer_04,sigmoid,0.0
2414,2020-05-18,2415,2420,-0.0034643235702542796,0.0,0.4806487856038074,outer_04,sigmoid,0.0
2415,2020-05-19,2416,2421,-0.01948835443882757,0.0,0.47688457444193183,outer_04,sigmoid,0.0
2416,2020-05-20,2417,2422,-0.02197102129750661,0.0,0.47783729393819285,outer_04,sigmoid,0.0
2417,2020-05-21,2418,2423,-0.004155259240302911,0.0,0.48017455451487473,outer_04,sigmoid,0.0
2418,2020-05-22,2419,2424,0.0018976158610986005,1.0,0.4776634196235912,outer_04,sigmoid,0.0
2419,2020-05-25,2420,2425,0.006784345294946981,1.0,0.4840555489871504,outer_04,sigmoid,0.0
2420,2020-05-26,2421,2426,0.009675852590993905,1.0,0.48264082862748303,outer_04,sigmoid,0.0
2421,2020-05-27,2422,2427,-0.005926482239384079,0.0,0.48281303706251555,outer_04,sigmoid,0.0
2422,2020-05-28,2423,2428,-0.0027895157986508323,0.0,0.48594644463705017,outer_04,sigmoid,0.0
2423,2020-05-29,2424,2429,-0.03213466504517282,0.0,0.4818391921828482,outer_04,sigmoid,0.0
2424,2020-06-01,2425,2430,-0.021944508971223797,0.0,0.47890508575523594,outer_04,sigmoid,0.0
2425,2020-06-02,2426,2431,-0.006774330030183684,0.0,0.48518973072499544,outer_04,sigmoid,0.0
2426,2020-06-03,2427,2432,0.02256060726530862,1.0,0.49163931528879623,outer_04,sigmoid,0.0
2427,2020-06-04,2428,2433,0.008403142389259877,1.0,0.48471099055960415,outer_04,sigmoid,0.0
2428,2020-06-05,2429,2434,0.02945734906920272,1.0,0.49391528593110917,outer_04,sigmoid,0.0
2429,2020-06-08,2430,2435,0.014702369136897708,1.0,0.4831096404921976,outer_04,sigmoid,0.0
2430,2020-06-09,2431,2436,0.005592420065365644,1.0,0.4812452662687788,outer_04,sigmoid,0.0
2431,2020-06-10,2432,2437,-0.0070155871466042186,0.0,0.47940320080476323,outer_04,sigmoid,0.0
2432,2020-06-11,2433,2438,-0.0037137611012862948,0.0,0.4802908607229635,outer_04,sigmoid,0.0
2433,2020-06-12,2434,2439,0.00972857571181418,1.0,0.4846864042809974,outer_04,sigmoid,0.0
2434,2020-06-15,2435,2440,0.016498230066688713,1.0,0.49050750912181246,outer_04,sigmoid,0.0
2435,2020-06-16,2436,2441,0.02523258696177777,1.0,0.4912818889933841,outer_04,sigmoid,0.0
2436,2020-06-17,2437,2442,0.01937886113375331,1.0,0.4961038115998055,outer_04,sigmoid,0.0
2437,2020-06-18,2438,2443,0.0237123092977507,1.0,0.492903285106746,outer_04,sigmoid,0.0
2438,2020-06-19,2439,2444,0.012871127092377144,1.0,0.4853297941981957,outer_04,sigmoid,0.0
2439,2020-06-22,2440,2445,0.010170627140993815,1.0,0.4877003927962113,outer_04,sigmoid,0.0
2440,2020-06-23,2441,2446,0.007057812432363697,1.0,0.4927216251643224,outer_04,sigmoid,0.0
2441,2020-06-24,2442,2447,0.006706416598494691,1.0,0.48954239203681565,outer_04,sigmoid,0.0
2442,2020-06-25,2443,2448,0.006970519434206679,1.0,0.4911073760722662,outer_04,sigmoid,0.0
2443,2020-06-26,2444,2449,0.0017213699579397002,1.0,0.4937178022607132,outer_04,sigmoid,0.0
2444,2020-06-29,2445,2450,0.007489239754865373,1.0,0.4980247180179954,outer_04,sigmoid,0.0
2445,2020-06-30,2446,2451,0.0075599928386589355,1.0,0.4999948254982822,outer_04,sigmoid,0.0
2446,2020-07-01,2447,2452,0.0212085239969122,1.0,0.49869074442557515,outer_04,sigmoid,0.0
2447,2020-07-02,2448,2453,0.014290947552013655,1.0,0.5044014641546753,outer_04,sigmoid,0.0
2448,2020-07-03,2449,2454,0.014410407016298699,1.0,0.5084694104147988,outer_04,sigmoid,0.0
2449,2020-07-06,2450,2455,0.009427641711654111,1.0,0.5048550419694406,outer_04,sigmoid,0.0
2450,2020-07-07,2451,2456,0.007127226195843939,1.0,0.505834920501519,outer_04,sigmoid,0.0
2451,2020-07-08,2452,2457,0.0006409017043047527,1.0,0.5115750072379187,outer_04,sigmoid,0.0
2452,2020-07-09,2453,2458,-0.002205464555197878,0.0,0.5070770517023613,outer_04,sigmoid,0.0
2453,2020-07-10,2454,2459,0.004951287439348917,1.0,0.5076087776987201,outer_04,sigmoid,0.0
2454,2020-07-13,2455,2460,0.008723691738219408,1.0,0.5055339712248734,outer_04,sigmoid,0.0
2455,2020-07-14,2456,2461,0.01807707381752266,1.0,0.5051555983998589,outer_04,sigmoid,0.0
2456,2020-07-15,2457,2462,0.03443955505564311,1.0,0.5039387828744764,outer_04,sigmoid,0.0
2457,2020-07-16,2458,2463,0.04966663632343149,1.0,0.49940587952790466,outer_04,sigmoid,0.0
2458,2020-07-17,2459,2464,0.05099900981224437,1.0,0.4989874844048763,outer_04,sigmoid,0.0
2459,2020-07-20,2460,2465,0.066684276677206,1.0,0.49536741880560414,outer_04,sigmoid,0.0
2460,2020-07-21,2461,2466,0.06376416452805422,1.0,0.4953471724911457,outer_04,sigmoid,0.0
2461,2020-07-22,2462,2467,0.05050214708132117,1.0,0.49020934716363307,outer_04,sigmoid,0.0
2462,2020-07-23,2463,2468,0.03425428847595935,1.0,0.4896992732943751,outer_04,sigmoid,0.0
2463,2020-07-24,2464,2469,0.04163569020599489,1.0,0.49850409325952344,outer_04,sigmoid,0.0
2464,2020-07-27,2465,2470,0.01738535462947599,1.0,0.5001561214089446,outer_04,sigmoid,0.0
2465,2020-07-28,2466,2471,0.029640539609926186,1.0,0.5111343329106633,outer_04,sigmoid,0.0
2466,2020-07-29,2467,2472,0.03452573110796653,1.0,0.4972471707295902,outer_04,sigmoid,0.0
2467,2020-07-30,2468,2473,0.055234634963149176,1.0,0.5046523409838869,outer_04,sigmoid,0.0
2468,2020-07-31,2469,2474,0.02133831934305963,1.0,0.49679005946107246,outer_04,sigmoid,0.0
2469,2020-08-03,2470,2475,0.024616627635356103,1.0,0.4975565618451607,outer_04,sigmoid,0.0
2470,2020-08-04,2471,2476,-0.053780852346547725,0.0,0.49890785321690256,outer_04,sigmoid,0.0
2471,2020-08-05,2472,2477,-0.060907711267851106,0.0,0.4977875779441634,outer_04,sigmoid,0.0
2472,2020-08-06,2473,2478,-0.05734373558935246,0.0,0.48360530789269673,outer_04,sigmoid,0.0
2473,2020-08-07,2474,2479,-0.04100070147412804,0.0,0.48172212345597615,outer_04,sigmoid,0.0
2474,2020-08-10,2475,2480,-0.021682674771600574,0.0,0.4874696218474877,outer_04,sigmoid,0.0
2475,2020-08-11,2476,2481,0.04578834030559875,1.0,0.4923027296442316,outer_04,sigmoid,0.0
2476,2020-08-12,2477,2482,0.006127915645595117,1.0,0.4925786127778551,outer_04,sigmoid,0.0
2477,2020-08-13,2478,2483,-0.001692542448335388,0.0,0.4835927088733233,outer_04,sigmoid,0.0
2478,2020-08-14,2479,2484,-0.0042353731903288505,0.0,0.4836533443608157,outer_04,sigmoid,0.0
2479,2020-08-17,2480,2485,-0.027000421352532555,0.0,0.4798250897422739,outer_04,sigmoid,0.0
2480,2020-08-18,2481,2486,-0.03906552096699656,0.0,0.4868310567068335,outer_04,sigmoid,0.0
2481,2020-08-19,2482,2487,0.0105062458272549,1.0,0.49971394272067127,outer_04,sigmoid,0.0
2482,2020-08-20,2483,2488,-0.009334631970092211,0.0,0.49111375428478127,outer_04,sigmoid,0.0
2483,2020-08-21,2484,2489,0.016581019750300463,1.0,0.5081137570067442,outer_04,sigmoid,0.0
2484,2020-08-24,2485,2490,0.019499475141345535,1.0,0.5083317654780175,outer_04,sigmoid,0.0
2485,2020-08-25,2486,2491,0.020496086394789614,1.0,0.488668367075623,outer_04,sigmoid,0.0
2486,2020-08-26,2487,2492,-0.005089984358029653,0.0,0.5031276839465179,outer_04,sigmoid,0.0
2487,2020-08-27,2488,2493,0.0006733553550493099,1.0,0.5019162483308454,outer_04,sigmoid,0.0
2488,2020-08-28,2489,2494,-0.0189693830481783,0.0,0.4976147323260466,outer_04,sigmoid,0.0
2489,2020-08-31,2490,2495,-0.019913995805954876,0.0,0.501133647309293,outer_04,sigmoid,0.0
2490,2020-09-01,2491,2496,-0.01878100230575619,0.0,0.49728866103252733,outer_04,sigmoid,0.0
2491,2020-09-02,2492,2497,0.002206615079929364,1.0,0.49720589686607003,outer_04,sigmoid,0.0
2492,2020-09-03,2493,2498,0.007757414597879375,1.0,0.5023303530574696,outer_04,sigmoid,0.0
2493,2020-09-04,2494,2499,0.0029303785237075886,1.0,0.4983339183124719,outer_04,sigmoid,0.0
2494,2020-09-07,2495,2500,0.014478466138376334,1.0,0.5067996201468861,outer_04,sigmoid,0.0
2495,2020-09-08,2496,2501,0.011801141046070995,1.0,0.5005043873453503,outer_04,sigmoid,0.0
2496,2020-09-09,2497,2502,0.006743894245889059,1.0,0.496598565379568,outer_04,sigmoid,0.0
2497,2020-09-10,2498,2503,-0.000971535127500367,0.0,0.4989311846759987,outer_04,sigmoid,0.0
2498,2020-09-11,2499,2504,0.006178813686737783,1.0,0.49468311835396933,outer_04,sigmoid,0.0
2499,2020-09-14,2500,2505,-0.022387182969875852,0.0,0.49924327226029724,outer_04,sigmoid,0.0
2500,2020-09-15,2501,2506,-0.027964490262178288,0.0,0.5054369931547313,outer_04,sigmoid,0.0
2501,2020-09-16,2502,2507,-0.0499707717066018,0.0,0.49099170675800335,outer_04,sigmoid,0.0
2502,2020-09-17,2503,2508,-0.03915344634460283,0.0,0.49122351727494196,outer_04,sigmoid,0.0
2503,2020-09-18,2504,2509,-0.04556674591494403,0.0,0.49076513643331215,outer_04,sigmoid,0.0
2504,2020-09-21,2505,2510,-0.017441781822117974,0.0,0.5095211728539047,outer_04,sigmoid,0.0
2505,2020-09-22,2506,2511,-0.0015427917053463247,0.0,0.5042333250244303,outer_04,sigmoid,0.0
2506,2020-09-23,2507,2512,0.012454576549495222,1.0,0.5104887101592959,outer_04,sigmoid,0.0
2507,2020-09-24,2508,2513,0.018519587498883716,1.0,0.5025499409255674,outer_04,sigmoid,0.0
2508,2020-09-25,2509,2514,0.021544122961399736,1.0,0.5048211023710685,outer_04,sigmoid,0.0
2509,2020-09-28,2510,2515,0.016197760021977814,1.0,0.5083235487655562,outer_04,sigmoid,0.0
2510,2020-09-29,2511,2516,-0.010493876046160366,0.0,0.5052192767666661,outer_04,sigmoid,0.0
2511,2020-09-30,2512,2517,-2.649294360601573e-05,0.0,0.5115663138840473,outer_04,sigmoid,0.0
2512,2020-10-01,2513,2518,-0.005680980884934961,0.0,0.5070928079476629,outer_04,sigmoid,0.0
2513,2020-10-02,2514,2519,0.012228767978416322,1.0,0.5131870399627226,outer_04,sigmoid,0.0
2514,2020-10-05,2515,2520,0.006215086327769903,1.0,0.5069289151967703,outer_04,sigmoid,0.0
2515,2020-10-06,2516,2521,0.00799297779651198,1.0,0.5106146723071652,outer_04,sigmoid,0.0
2516,2020-10-07,2517,2522,0.007532743777546536,1.0,0.5074829240818344,outer_04,sigmoid,0.0
2517,2020-10-08,2518,2523,0.007789303242627277,1.0,0.5054074090557541,outer_04,sigmoid,0.0
2518,2020-10-09,2519,2524,-0.014206061309280038,0.0,0.4946824174487713,outer_04,sigmoid,0.0
2519,2020-10-12,2520,2525,-0.01064968339563599,0.0,0.49796432192398965,outer_04,sigmoid,0.0
2520,2020-10-13,2521,2526,0.009040079024202896,1.0,0.5069270550723439,outer_04,sigmoid,0.0
2521,2020-10-14,2522,2527,0.012080048837884938,1.0,0.5065481609811445,outer_04,sigmoid,0.0
2522,2020-10-15,2523,2528,-0.002061072434464961,0.0,0.500481658220973,outer_04,sigmoid,0.0
2523,2020-10-16,2524,2529,0.000873436026357588,1.0,0.5037132830149554,outer_04,sigmoid,0.0
2524,2020-10-19,2525,2530,-0.0007567874734482061,0.0,0.4961455719299132,outer_04,sigmoid,0.0
2525,2020-10-20,2526,2531,-0.0012520006140537276,0.0,0.49519430268073994,outer_04,sigmoid,0.0
2526,2020-10-21,2527,2532,-0.02469650941037127,0.0,0.4899655516960672,outer_04,sigmoid,0.0
2527,2020-10-22,2528,2533,-0.01892523448174188,0.0,0.5001434558573175,outer_04,sigmoid,0.0
2528,2020-10-23,2529,2534,-0.011691275408042046,0.0,0.49754140575558753,outer_04,sigmoid,0.0
2529,2020-10-26,2530,2535,-0.003745056404947711,0.0,0.4944105560949021,outer_04,sigmoid,0.0
2530,2020-10-27,2531,2536,0.0007440554507365249,1.0,0.4951102505591203,outer_04,sigmoid,0.0
2531,2020-10-28,2532,2537,0.013499564951833243,1.0,0.4961550401312034,outer_04,sigmoid,0.0
2532,2020-10-29,2533,2538,0.04046796470913083,1.0,0.4989489707656149,outer_04,sigmoid,0.0
2533,2020-10-30,2534,2539,0.04062125813849615,1.0,0.49344213199794634,outer_04,sigmoid,0.0
2534,2020-11-02,2535,2540,-0.018094595797235158,0.0,0.49499529414712173,outer_04,sigmoid,0.0
2535,2020-11-03,2536,2541,-0.017777306491995937,0.0,0.4922921939898116,outer_04,sigmoid,0.0
2536,2020-11-04,2537,2542,-0.019342880745425894,0.0,0.49255940603040244,outer_04,sigmoid,0.0
2537,2020-11-05,2538,2543,-0.036186308932231626,0.0,0.48859589089881916,outer_04,sigmoid,0.0
2538,2020-11-06,2539,2544,-0.03604485838676741,0.0,0.49547704612951704,outer_04,sigmoid,0.0
2539,2020-11-09,2540,2545,0.015214386642622202,1.0,0.5025952519825362,outer_04,sigmoid,0.0
2540,2020-11-10,2541,2546,0.0032099338464579574,1.0,0.48988334710389386,outer_04,sigmoid,0.0
2541,2020-11-11,2542,2547,0.0037801568303104105,1.0,0.5001592785121453,outer_04,sigmoid,0.0
2542,2020-11-12,2543,2548,-0.008447401407481792,0.0,0.4998466466321435,outer_04,sigmoid,0.0
2543,2020-11-13,2544,2549,-0.009061585117879467,0.0,0.49566622646032993,outer_04,sigmoid,0.0
2544,2020-11-16,2545,2550,-0.027264320939136333,0.0,0.5110482582480971,outer_04,sigmoid,0.0
2545,2020-11-17,2546,2551,-0.040068028804364886,0.0,0.5105595945518875,outer_04,sigmoid,0.0
2546,2020-11-18,2547,2552,-0.03520473033949134,0.0,0.5206759251880402,outer_04,sigmoid,0.0
2547,2020-11-19,2548,2553,-0.027831852786758482,0.0,0.5179733626253091,outer_04,sigmoid,0.0
2548,2020-11-20,2549,2554,-0.04456814751843119,0.0,0.5154350925095312,outer_04,sigmoid,0.0
2549,2020-11-23,2550,2555,-0.03413825622430888,0.0,0.5031891654817714,outer_04,sigmoid,0.0
2550,2020-11-24,2551,2556,0.0029331932879648193,1.0,0.5047538084410782,outer_04,sigmoid,0.0
2551,2020-11-25,2552,2557,0.011186444594847522,1.0,0.5058491781605015,outer_04,sigmoid,0.0
2552,2020-11-26,2553,2558,0.017001548768337038,1.0,0.5117168151620526,outer_04,sigmoid,0.0
2553,2020-11-27,2554,2559,0.02622752143703444,1.0,0.5134715153946156,outer_04,sigmoid,0.0
2554,2020-11-30,2555,2560,0.047230114629820186,1.0,0.5125988738750668,outer_04,sigmoid,0.0
2555,2020-12-01,2556,2561,0.03062439238255177,1.0,0.515660544710304,outer_04,sigmoid,0.0
2556,2020-12-02,2557,2562,0.004978403618942195,1.0,0.5125851371179,outer_04,sigmoid,0.0
2557,2020-12-03,2558,2563,-0.0023108448669368897,0.0,0.5120889080753226,outer_04,sigmoid,0.0
2558,2020-12-04,2559,2564,0.00011431899912572874,1.0,0.5164236838686039,outer_04,sigmoid,0.0
2559,2020-12-07,2560,2565,-0.018698513798328875,0.0,0.5052953204852123,outer_04,sigmoid,0.0
2560,2020-12-08,2561,2566,-0.008310036729134218,0.0,0.4999030913434414,outer_04,sigmoid,0.0
2561,2020-12-09,2562,2567,0.013490392193912015,1.0,0.5061443206903321,outer_04,sigmoid,0.0
2562,2020-12-10,2563,2568,0.025623825836539993,1.0,0.49942129702203325,outer_04,sigmoid,0.0
2563,2020-12-11,2564,2569,0.024434081648839978,1.0,0.5011307074978849,outer_04,sigmoid,0.0
2564,2020-12-14,2565,2570,0.027463420721016263,1.0,0.5025891901308646,outer_04,sigmoid,0.0
2565,2020-12-15,2566,2571,0.003838610970987588,1.0,0.4955100942893265,outer_04,sigmoid,0.0
2566,2020-12-16,2567,2572,0.005314649168758123,1.0,0.49583951479417504,outer_04,sigmoid,0.0
2567,2020-12-17,2568,2573,0.0019559467794003638,1.0,0.4942408668955019,outer_04,sigmoid,0.0
2568,2020-12-18,2569,2574,-0.0038746741966955156,0.0,0.4986751851634844,outer_04,sigmoid,0.0
2569,2020-12-21,2570,2575,-0.0010647870633500034,0.0,0.505586320091319,outer_04,sigmoid,0.0
2570,2020-12-22,2571,2576,0.01729177345765809,1.0,0.5046888133167065,outer_04,sigmoid,0.0
2571,2020-12-23,2572,2577,0.01886658859380752,1.0,0.5007600837758028,outer_04,sigmoid,0.0
2572,2020-12-24,2573,2578,0.02772580982961692,1.0,0.5064560561942004,outer_04,sigmoid,0.0
2573,2020-12-28,2574,2579,0.03904164216202677,1.0,0.5032311009338792,outer_04,sigmoid,0.0
2574,2020-12-29,2575,2580,0.022974748433086667,1.0,0.49948557185963166,outer_04,sigmoid,0.0
2575,2020-12-30,2576,2581,0.01192249629782971,1.0,0.49896750328970774,outer_04,sigmoid,0.0
2576,2020-12-31,2577,2582,-0.028871687973364146,0.0,0.5035270602432221,outer_04,sigmoid,0.0
2577,2021-01-04,2578,2583,-0.04961693297414893,0.0,0.4976437287801571,outer_04,sigmoid,0.0
2578,2021-01-05,2579,2584,-0.049866701558896054,0.0,0.5015112822649402,outer_04,sigmoid,0.0
2579,2021-01-06,2580,2585,-0.03897586302074263,0.0,0.5007946362632699,outer_04,sigmoid,0.0
2580,2021-01-07,2581,2586,-0.036343290457541144,0.0,0.49767272916781996,outer_04,sigmoid,0.0
2581,2021-01-08,2582,2587,-0.014308726313005948,0.0,0.49972872042437133,outer_04,sigmoid,0.0
2582,2021-01-11,2583,2588,-0.004937718935282831,0.0,0.4941811793554185,outer_04,sigmoid,0.0
2583,2021-01-12,2584,2589,-0.00786355204088629,0.0,0.493994541134041,outer_04,sigmoid,0.0
2584,2021-01-13,2585,2590,0.012944207363339011,1.0,0.49550079914744133,outer_04,sigmoid,0.0
2585,2021-01-14,2586,2591,0.011819749985179762,1.0,0.49507032614357915,outer_04,sigmoid,0.0
2586,2021-01-15,2587,2592,0.0160756063986085,1.0,0.5049425046170806,outer_04,sigmoid,0.0
2587,2021-01-18,2588,2593,0.00912378035254946,1.0,0.5066284415456747,outer_04,sigmoid,0.0
2588,2021-01-19,2589,2594,0.00599662151929703,1.0,0.502025295838868,outer_04,sigmoid,0.0
2589,2021-01-20,2590,2595,-0.015572814063094853,0.0,0.49775313141820454,outer_04,sigmoid,0.0
2590,2021-01-21,2591,2596,-0.014350292584206059,0.0,0.49557422624487363,outer_04,sigmoid,0.0
2591,2021-01-22,2592,2597,-0.0013194781090319907,0.0,0.4893632946898266,outer_04,sigmoid,0.0
2592,2021-01-25,2593,2598,0.002212872709882241,1.0,0.48944121216232384,outer_04,sigmoid,0.0
2593,2021-01-26,2594,2599,-0.007698684797773581,0.0,0.49383601012815037,outer_04,sigmoid,0.0
2594,2021-01-27,2595,2600,-0.0046453773994787895,0.0,0.4906621543426425,outer_04,sigmoid,0.0
2595,2021-01-28,2596,2601,-0.026360062823069796,0.0,0.4903111773990618,outer_04,sigmoid,0.0
2596,2021-01-29,2597,2602,-0.02081253041676323,0.0,0.48999686911669,outer_04,sigmoid,0.0
2597,2021-02-01,2598,2603,-0.01544645695466862,0.0,0.4903150431237239,outer_04,sigmoid,0.0
2598,2021-02-02,2599,2604,0.0006583296619400159,1.0,0.4941912240105101,outer_04,sigmoid,0.0
2599,2021-02-03,2600,2605,0.005323514555644948,1.0,0.4924119232797943,outer_04,sigmoid,0.0
2600,2021-02-04,2601,2606,0.017088296345558973,1.0,0.4922272163535482,outer_04,sigmoid,0.0
2601,2021-02-05,2602,2607,0.0041348353773802415,1.0,0.48513727142986957,outer_04,sigmoid,0.0
2602,2021-02-08,2603,2608,-0.006163575637948782,0.0,0.48744633339880156,outer_04,sigmoid,0.0
2603,2021-02-09,2604,2609,-0.02530400151294554,0.0,0.48740281972802146,outer_04,sigmoid,0.0
2604,2021-02-10,2605,2610,-0.03698990553529313,0.0,0.4826536900921266,outer_04,sigmoid,0.0
2605,2021-02-11,2606,2611,-0.02756540128027396,0.0,0.49329472716925704,outer_04,sigmoid,0.0
2606,2021-02-12,2607,2612,-0.021099114209301106,0.0,0.48964405955566737,outer_04,sigmoid,0.0
2607,2021-02-15,2608,2613,-0.00563238947048994,0.0,0.4961404408029687,outer_04,sigmoid,0.0
2608,2021-02-16,2609,2614,0.007751653734743513,1.0,0.48689476101075896,outer_04,sigmoid,0.0
2609,2021-02-17,2610,2615,0.014913978047067289,1.0,0.47827203461384366,outer_04,sigmoid,0.0
2610,2021-02-18,2611,2616,-0.002372694288954591,0.0,0.47645407250050015,outer_04,sigmoid,0.0
2611,2021-02-19,2612,2617,-0.027800926234350598,0.0,0.48331930752129176,outer_04,sigmoid,0.0
2612,2021-02-22,2613,2618,-0.048910929723705365,0.0,0.48071938106275997,outer_04,sigmoid,0.0
2613,2021-02-23,2614,2619,-0.03862529651559843,0.0,0.4879373957052237,outer_04,sigmoid,0.0
2614,2021-02-24,2615,2620,-0.052804531487437245,0.0,0.49134301906686517,outer_04,sigmoid,0.0
2615,2021-02-25,2616,2621,-0.04289896066158416,0.0,0.4879150091464455,outer_04,sigmoid,0.0
2616,2021-02-26,2617,2622,-0.018322071876196944,0.0,0.4874872110192334,outer_04,sigmoid,0.0
2617,2021-03-01,2618,2623,-0.022603712132475806,0.0,0.48406120018386417,outer_04,sigmoid,0.0
2618,2021-03-02,2619,2624,-0.013215847285351856,0.0,0.4863292451726229,outer_04,sigmoid,0.0
2619,2021-03-03,2620,2625,0.009123131607076118,1.0,0.4855638829121614,outer_04,sigmoid,0.0
2620,2021-03-04,2621,2626,0.013920551392655689,1.0,0.4834598511057147,outer_04,sigmoid,0.0
2621,2021-03-05,2622,2627,0.012996572827180586,1.0,0.4927209481226932,outer_04,sigmoid,0.0
2622,2021-03-08,2623,2628,0.02771531871110966,1.0,0.49928475406143663,outer_04,sigmoid,0.0
2623,2021-03-09,2624,2629,0.009873386314413146,1.0,0.49382716114046427,outer_04,sigmoid,0.0
2624,2021-03-10,2625,2630,0.012764538977653395,1.0,0.49598272574362817,outer_04,sigmoid,0.0
2625,2021-03-11,2626,2631,0.00817960249746097,1.0,0.4952567915999188,outer_04,sigmoid,0.0
2626,2021-03-12,2627,2632,0.0087779480562995,1.0,0.49424273224775767,outer_04,sigmoid,0.0
2627,2021-03-15,2628,2633,0.004447729314986049,1.0,0.4973005144297539,outer_04,sigmoid,0.0
2628,2021-03-16,2629,2634,-0.0030062170349358652,0.0,0.5021527342906534,outer_04,sigmoid,0.0
2629,2021-03-17,2630,2635,-0.007939989756424737,0.0,0.4966333684061584,outer_04,sigmoid,0.0
2630,2021-03-18,2631,2636,-0.004521171424711312,0.0,0.500667747080339,outer_04,sigmoid,0.0
2631,2021-03-19,2632,2637,-0.007269159512033774,0.0,0.4942908256532441,outer_04,sigmoid,0.0
2632,2021-03-22,2633,2638,-0.015584309659739226,0.0,0.4992272783748576,outer_04,sigmoid,0.0
2633,2021-03-23,2634,2639,-0.024807982705282505,0.0,0.5001635686267241,outer_04,sigmoid,0.0
2634,2021-03-24,2635,2640,-0.01598379326044519,0.0,0.4971077117074712,outer_04,sigmoid,0.0
2635,2021-03-25,2636,2641,0.00041659434728558153,1.0,0.49742453341128773,outer_04,sigmoid,0.0
2636,2021-03-26,2637,2642,-0.0014220148759704898,0.0,0.48968383384200187,outer_04,sigmoid,0.0
2637,2021-03-29,2638,2643,0.017709001086849696,1.0,0.4993697634595414,outer_04,sigmoid,0.0
2638,2021-03-30,2639,2644,0.030817161727831,1.0,0.5069906485186964,outer_04,sigmoid,0.0
2639,2021-03-31,2640,2645,0.02786741312395513,1.0,0.4951528370124661,outer_04,sigmoid,0.0
2640,2021-04-01,2641,2646,0.008094830986197898,1.0,0.4923551284381609,outer_04,sigmoid,0.0
2641,2021-04-05,2642,2647,0.0026112541340159723,1.0,0.49868274505003407,outer_04,sigmoid,0.0
2642,2021-04-06,2643,2648,0.0013643114350871954,1.0,0.49155926503875597,outer_04,sigmoid,0.0
2643,2021-04-07,2644,2649,-0.0007484556256143193,0.0,0.4984573367512682,outer_04,sigmoid,0.0
2644,2021-04-08,2645,2650,0.004727791919236779,1.0,0.4975518030897896,outer_04,sigmoid,0.0
2645,2021-04-09,2646,2651,0.01873644360390525,1.0,0.4997660713761284,outer_04,sigmoid,0.0
2646,2021-04-12,2647,2652,0.021501172175027783,1.0,0.5008026239402411,outer_04,sigmoid,0.0
2647,2021-04-13,2648,2653,0.018446414152757384,1.0,0.49315516226571143,outer_04,sigmoid,0.0
2648,2021-04-14,2649,2654,0.03268651795909783,1.0,0.4948168884185805,outer_04,sigmoid,0.0
2649,2021-04-15,2650,2655,0.011380765597653664,1.0,0.49012501273902936,outer_04,sigmoid,0.0
2650,2021-04-16,2651,2656,-0.00010700758919224285,0.0,0.49173113668384294,outer_04,sigmoid,0.0
2651,2021-04-19,2652,2657,0.005838701109348143,1.0,0.49263755051133684,outer_04,sigmoid,0.0
2652,2021-04-20,2653,2658,-0.0006582000997079618,0.0,0.493426943083315,outer_04,sigmoid,0.0
2653,2021-04-21,2654,2659,-0.006706010460591827,0.0,0.4992218086602099,outer_04,sigmoid,0.0
2654,2021-04-22,2655,2660,-0.006494679498000977,0.0,0.5010194933133518,outer_04,sigmoid,0.0
2655,2021-04-23,2656,2661,-0.00489514823059789,0.0,0.49868498728634414,outer_04,sigmoid,0.0
2656,2021-04-26,2657,2662,0.006329329858229649,1.0,0.49980373627210817,outer_04,sigmoid,0.0
2657,2021-04-27,2658,2663,0.0007594232124050748,1.0,0.5038225752156409,outer_04,sigmoid,0.0
2658,2021-04-28,2659,2664,0.0027124283882526967,1.0,0.5018040536499395,outer_04,sigmoid,0.0
2659,2021-04-29,2660,2665,0.02343406419907268,1.0,0.500276163254353,outer_04,sigmoid,0.0
2660,2021-04-30,2661,2666,0.03680013009454086,1.0,0.4973096236892312,outer_04,sigmoid,0.0
2661,2021-05-03,2662,2667,0.023971494932968795,1.0,0.49495348224116636,outer_04,sigmoid,0.0
2662,2021-05-04,2663,2668,0.032360914855274814,1.0,0.4962457442508486,outer_04,sigmoid,0.0
2663,2021-05-05,2664,2669,0.015587529311417825,1.0,0.49665492208976186,outer_04,sigmoid,0.0
2664,2021-05-06,2665,2670,0.006853855747943172,1.0,0.49336684644888507,outer_04,sigmoid,0.0
2665,2021-05-07,2666,2671,0.005700996792930901,1.0,0.4986723403430873,outer_04,sigmoid,0.0
2666,2021-05-10,2667,2672,0.01653939116170644,1.0,0.4944228456252374,outer_04,sigmoid,0.0
2667,2021-05-11,2668,2673,0.017426472107461954,1.0,0.4951958622833308,outer_04,sigmoid,0.0
2668,2021-05-12,2669,2674,0.02995667610601771,1.0,0.4979555048883252,outer_04,sigmoid,0.0
2669,2021-05-13,2670,2675,0.02735459676343588,1.0,0.4988662025549218,outer_04,sigmoid,0.0
2670,2021-05-14,2671,2676,0.020344708170522807,1.0,0.5078928552826989,outer_04,sigmoid,0.0
2671,2021-05-17,2672,2677,0.007519775419451591,1.0,0.5022577325554085,outer_04,sigmoid,0.0
2672,2021-05-18,2673,2678,0.01573857624812014,1.0,0.5076986943427041,outer_04,sigmoid,0.0
2673,2021-05-19,2674,2679,0.014013201530617359,1.0,0.49972254397877974,outer_04,sigmoid,0.0
2674,2021-05-20,2675,2680,0.010388974529274009,1.0,0.49431896181039536,outer_04,sigmoid,0.0
2675,2021-05-21,2676,2681,0.011798876690489735,1.0,0.4938250125458507,outer_04,sigmoid,0.0
2676,2021-05-24,2677,2682,0.013981072711269249,1.0,0.5013673377767924,outer_04,sigmoid,0.0
2677,2021-05-25,2678,2683,0.00046335055930857294,1.0,0.4961894502537916,outer_04,sigmoid,0.0
2678,2021-05-26,2679,2684,0.006307676830802578,1.0,0.5007094100244468,outer_04,sigmoid,0.0
2679,2021-05-27,2680,2685,-0.013835119967778198,0.0,0.4973929940053124,outer_04,sigmoid,0.0
2680,2021-05-28,2681,2686,-0.007143019303525122,0.0,0.49276818756262036,outer_04,sigmoid,0.0
2681,2021-05-31,2682,2687,-0.004287567387528668,0.0,0.49569608682516214,outer_04,sigmoid,0.0
2682,2021-06-01,2683,2688,-0.004183190542718762,0.0,0.488211441214834,outer_04,sigmoid,0.0
2683,2021-06-02,2684,2689,-0.01030203931956386,0.0,0.48737734399696275,outer_04,sigmoid,0.0
2684,2021-06-03,2685,2690,0.01423031961460719,1.0,0.48703089684351214,outer_04,sigmoid,0.0
2685,2021-06-04,2686,2691,-0.007498189798629262,0.0,0.485830604256301,outer_04,sigmoid,0.0
2686,2021-06-07,2687,2692,-0.016763387585227107,0.0,0.48840607881617576,outer_04,sigmoid,0.0
2687,2021-06-08,2688,2693,-0.017377831770273744,0.0,0.4932806428093926,outer_04,sigmoid,0.0
2688,2021-06-09,2689,2694,-0.04070861866129505,0.0,0.49376210492627437,outer_04,sigmoid,0.0
2689,2021-06-10,2690,2695,-0.06680328645460154,0.0,0.4970171973821104,outer_04,sigmoid,0.0
2690,2021-06-11,2691,2696,-0.05896827365797819,0.0,0.4982656972267381,outer_04,sigmoid,0.0
2691,2021-06-14,2692,2697,-0.045730641481934065,0.0,0.49741335170097645,outer_04,sigmoid,0.0
2692,2021-06-15,2693,2698,-0.043630112611502625,0.0,0.5022871443367378,outer_04,sigmoid,0.0
2693,2021-06-16,2694,2699,-0.01944857592658611,0.0,0.5078332770509781,outer_04,sigmoid,0.0
2694,2021-06-17,2695,2700,0.000433589082600605,1.0,0.487383436968644,outer_04,sigmoid,0.0
2695,2021-06-18,2696,2701,0.007098861321216177,1.0,0.4913155219312479,outer_04,sigmoid,0.0
2696,2021-06-21,2697,2702,-0.003059522687498095,0.0,0.4968320976728762,outer_04,sigmoid,0.0
2697,2021-06-22,2698,2703,-0.009977919223115528,0.0,0.4990343121184741,outer_04,sigmoid,0.0
2698,2021-06-23,2699,2704,-0.004835664772591564,0.0,0.5058835389399625,outer_04,sigmoid,0.0
2699,2021-06-24,2700,2705,1.125954950609298e-05,1.0,0.516241355713289,outer_04,sigmoid,0.0
2700,2021-06-25,2701,2706,0.0032900389787506867,1.0,0.5167996530052177,outer_04,sigmoid,0.0
2701,2021-06-28,2702,2707,0.007098327501808832,1.0,0.5130593336005912,outer_04,sigmoid,0.0
2702,2021-06-29,2703,2708,0.019233956246362816,1.0,0.515765723924509,outer_04,sigmoid,0.0
2703,2021-06-30,2704,2709,0.018832526719439358,1.0,0.5048052877617991,outer_04,sigmoid,0.0
2704,2021-07-01,2705,2710,0.014897375996269169,1.0,0.4928059126409067,outer_04,sigmoid,0.0
2705,2021-07-02,2706,2711,0.011604878949238895,1.0,0.4923295687156332,outer_04,sigmoid,0.0
2706,2021-07-05,2707,2712,0.00833354371024786,1.0,0.49120522239964987,outer_04,sigmoid,0.0
2707,2021-07-06,2708,2713,0.006459045944336772,1.0,0.4885596838037055,outer_04,sigmoid,0.0
2708,2021-07-07,2709,2714,0.013087058051392653,1.0,0.4916474649907468,outer_04,sigmoid,0.0
2709,2021-07-08,2710,2715,0.01482626028138423,1.0,0.5003058199583591,outer_04,sigmoid,0.0
2710,2021-07-09,2711,2716,0.0018346296929330208,1.0,0.4985716738694112,outer_04,sigmoid,0.0
2711,2021-07-12,2712,2717,0.0035314537476178742,1.0,0.5024406630192015,outer_04,sigmoid,0.0
2712,2021-07-13,2713,2718,0.0013542086168651934,1.0,0.5025384825095297,outer_04,sigmoid,0.0
2713,2021-07-14,2714,2719,-0.013003898198704178,0.0,0.4943857431598768,outer_04,sigmoid,0.0
2714,2021-07-15,2715,2720,-0.012587982598409653,0.0,0.4951614221241683,outer_04,sigmoid,0.0
2715,2021-07-16,2716,2721,-0.004997865697961679,0.0,0.49125664535884633,outer_04,sigmoid,0.0
2716,2021-07-19,2717,2722,-0.008120488644376422,0.0,0.4875902318347443,outer_04,sigmoid,0.0
2717,2021-07-20,2718,2723,-0.0054723032665426885,0.0,0.4929265387589811,outer_04,sigmoid,0.0
2718,2021-07-21,2719,2724,0.001943968910553373,1.0,0.49202072514955214,outer_04,sigmoid,0.0
2719,2021-07-22,2720,2725,0.011997602496749415,1.0,0.48894184872644014,outer_04,sigmoid,0.0
2720,2021-07-23,2721,2726,0.006823624846452603,1.0,0.4938039321039581,outer_04,sigmoid,0.0
2721,2021-07-26,2722,2727,0.008583791227853688,1.0,0.489443567177617,outer_04,sigmoid,0.0
2722,2021-07-27,2723,2728,0.005394969299769237,1.0,0.49437744497927527,outer_04,sigmoid,0.0
2723,2021-07-28,2724,2729,0.0025916126977980625,1.0,0.4926808254212519,outer_04,sigmoid,0.0
2724,2021-07-29,2725,2730,-0.013287878811460985,0.0,0.48796581473666145,outer_04,sigmoid,0.0
2725,2021-07-30,2726,2731,-0.029937800537501502,0.0,0.48999779493798185,outer_04,sigmoid,0.0
2726,2021-08-02,2727,2732,-0.04776201339016417,0.0,0.49188741242561995,outer_04,sigmoid,0.0
2727,2021-08-03,2728,2733,-0.04551671697002124,0.0,0.4952141253264946,outer_04,sigmoid,0.0
2728,2021-08-04,2729,2734,-0.03407797445591676,0.0,0.495832067348397,outer_04,sigmoid,0.0
2729,2021-08-05,2730,2735,-0.028941089316813162,0.0,0.4933081869372814,outer_04,sigmoid,0.0
2730,2021-08-06,2731,2736,0.010169119540484495,1.0,0.4990656923698744,outer_04,sigmoid,0.0
2731,2021-08-09,2732,2737,0.033170187823140296,1.0,0.5023294550735733,outer_04,sigmoid,0.0
2732,2021-08-10,2733,2738,0.032192677072306,1.0,0.499000021239772,outer_04,sigmoid,0.0
2733,2021-08-11,2734,2739,0.020375476349334676,1.0,0.4972969365305097,outer_04,sigmoid,0.0
2734,2021-08-12,2735,2740,0.015266435047812443,1.0,0.5018506556756116,outer_04,sigmoid,0.0
2735,2021-08-13,2736,2741,0.0013705557388901113,1.0,0.36275639525259107,outer_05,none,0.0
2736,2021-08-16,2737,2742,0.010126372845786769,1.0,0.3329394430163692,outer_05,none,0.0
2737,2021-08-17,2738,2743,0.00898376491765518,1.0,0.3981200294414766,outer_05,none,0.0
2738,2021-08-18,2739,2744,0.002045607688506479,1.0,0.42433953918672507,outer_05,none,0.0
2739,2021-08-19,2740,2745,0.006874649194704041,1.0,0.5066054749716219,outer_05,none,0.0
2740,2021-08-20,2741,2746,0.02036906825985607,1.0,0.4863757936817615,outer_05,none,0.0
2741,2021-08-23,2742,2747,0.002539132472416661,1.0,0.3928775309566828,outer_05,none,0.0
2742,2021-08-24,2743,2748,0.006663207663653914,1.0,0.4486413845506682,outer_05,none,0.0
2743,2021-08-25,2744,2749,0.012726940161654987,1.0,0.44400266770407903,outer_05,none,0.0
2744,2021-08-26,2745,2750,0.009478375526675187,1.0,0.507605714520306,outer_05,none,0.0
2745,2021-08-27,2746,2751,0.005545103020355491,1.0,0.44898694796246513,outer_05,none,0.0
2746,2021-08-30,2747,2752,0.007447337731789183,1.0,0.49084212054119425,outer_05,none,0.0
2747,2021-08-31,2748,2753,-0.010721541980601046,0.0,0.46177262767022925,outer_05,none,0.0
2748,2021-09-01,2749,2754,-0.013559209932115124,0.0,0.48949434326468444,outer_05,none,0.0
2749,2021-09-02,2750,2755,-0.008669740375021995,0.0,0.5714498883908873,outer_05,none,0.0
2750,2021-09-03,2751,2756,-0.022647027794517882,0.0,0.5575607712885241,outer_05,none,0.0
2751,2021-09-06,2752,2757,-0.016672075537681685,0.0,0.741020929345489,outer_05,none,0.0
2752,2021-09-07,2753,2758,0.004856941234065104,1.0,0.5285356456643471,outer_05,none,0.0
2753,2021-09-08,2754,2759,0.002556047445111176,1.0,0.4650059330740143,outer_05,none,0.0
2754,2021-09-09,2755,2760,-0.022721587281874456,0.0,0.5270207070269474,outer_05,none,0.0
2755,2021-09-10,2756,2761,-0.0187097623022785,0.0,0.42097775486981653,outer_05,none,0.0
2756,2021-09-13,2757,2762,-0.016257412907026314,0.0,0.468550058991596,outer_05,none,0.0
2757,2021-09-14,2758,2763,-0.016207266730189573,0.0,0.5216126615547697,outer_05,none,0.0
2758,2021-09-15,2759,2764,-0.01431506955663231,0.0,0.4693293633847621,outer_05,none,0.0
2759,2021-09-16,2760,2765,-0.005105479315067107,0.0,0.40419418629655435,outer_05,none,0.0
2760,2021-09-17,2761,2766,-0.00251710306613262,0.0,0.37488960233950536,outer_05,none,0.0
2761,2021-09-20,2762,2767,-0.007846122757630525,0.0,0.4247155549347657,outer_05,none,0.0
2762,2021-09-21,2763,2768,-0.023175334616362342,0.0,0.4640213631494054,outer_05,none,0.0
2763,2021-09-22,2764,2769,-0.024022258006489494,0.0,0.41547973609430655,outer_05,none,0.0
2764,2021-09-23,2765,2770,0.006387753618175118,1.0,0.4362370233879701,outer_05,none,0.0
2765,2021-09-24,2766,2771,0.006255361364730483,1.0,0.5044938167574865,outer_05,none,0.0
2766,2021-09-27,2767,2772,0.01019535552608275,1.0,0.504604529359083,outer_05,none,0.0
2767,2021-09-28,2768,2773,0.014778960660935425,1.0,0.46849463928822704,outer_05,none,0.0
2768,2021-09-29,2769,2774,0.02081121879625769,1.0,0.4721491085747944,outer_05,none,0.0
2769,2021-09-30,2770,2775,6.834180014969604e-05,1.0,0.37396621593840046,outer_05,none,0.0
2770,2021-10-01,2771,2776,-0.002171837476995897,0.0,0.4151248454306335,outer_05,none,0.0
2771,2021-10-04,2772,2777,-0.00841476689084164,0.0,0.38143505751558593,outer_05,none,0.0
2772,2021-10-05,2773,2778,0.00038628462840328837,1.0,0.37059302354193596,outer_05,none,0.0
2773,2021-10-06,2774,2779,0.01691838395270917,1.0,0.35944075074798104,outer_05,none,0.0
2774,2021-10-07,2775,2780,0.022568779611219725,1.0,0.4636489974939836,outer_05,none,0.0
2775,2021-10-08,2776,2781,0.00579432122128587,1.0,0.42324919761265883,outer_05,none,0.0
2776,2021-10-11,2777,2782,0.006331869099696519,1.0,0.4356769926833557,outer_05,none,0.0
2777,2021-10-12,2778,2783,0.004946003573119917,1.0,0.44797059572348363,outer_05,none,0.0
2778,2021-10-13,2779,2784,-0.005805904979117038,0.0,0.3170718354233242,outer_05,none,0.0
2779,2021-10-14,2780,2785,-0.007068272899365624,0.0,0.3208829695681558,outer_05,none,0.0
2780,2021-10-15,2781,2786,0.0144660974254327,1.0,0.27578668177159243,outer_05,none,0.0
2781,2021-10-18,2782,2787,0.023805982608756437,1.0,0.2704229120752258,outer_05,none,0.0
2782,2021-10-19,2783,2788,0.013277350762990636,1.0,0.39261212756393316,outer_05,none,0.0
2783,2021-10-20,2784,2789,0.007878456127986766,1.0,0.37237241293564766,outer_05,none,0.0
2784,2021-10-21,2785,2790,0.008998458646213514,1.0,0.3241859474516393,outer_05,none,0.0
2785,2021-10-22,2786,2791,-0.005351927747965668,0.0,0.31514334152058426,outer_05,none,0.0
2786,2021-10-25,2787,2792,-0.008127212974476272,0.0,0.3265902485792787,outer_05,none,0.0
2787,2021-10-26,2788,2793,-0.0030440913721188068,0.0,0.398158786107055,outer_05,none,0.0
2788,2021-10-27,2789,2794,-0.01423750963315129,0.0,0.31876912413126035,outer_05,none,0.0
2789,2021-10-28,2790,2795,-0.004667752027637917,0.0,0.29425069884560456,outer_05,none,0.0
2790,2021-10-29,2791,2796,0.017966335362522123,1.0,0.30421546832372276,outer_05,none,0.0
2791,2021-11-01,2792,2797,0.017395589466401518,1.0,0.41161174374154313,outer_05,none,0.0
2792,2021-11-02,2793,2798,0.024299181586549423,1.0,0.37848014883701003,outer_05,none,0.0
2793,2021-11-03,2794,2799,0.04289216795557138,1.0,0.34745184029389975,outer_05,none,0.0
2794,2021-11-04,2795,2800,0.03868136621394225,1.0,0.369012447365605,outer_05,none,0.0
2795,2021-11-05,2796,2801,0.027754817557387845,1.0,0.42320835244144817,outer_05,none,0.0
2796,2021-11-08,2797,2802,0.02104027607645964,1.0,0.36114850469135734,outer_05,none,0.0
2797,2021-11-09,2798,2803,0.01012545860498637,1.0,0.33482131374961976,outer_05,none,0.0
2798,2021-11-10,2799,2804,0.00929157582915785,1.0,0.37226089698551496,outer_05,none,0.0
2799,2021-11-11,2800,2805,-0.0013759966051152261,0.0,0.41367026595272127,outer_05,none,0.0
2800,2021-11-12,2801,2806,-0.013265297053938419,0.0,0.46048809096724663,outer_05,none,0.0
2801,2021-11-15,2802,2807,-0.03000440274927918,0.0,0.4539576107292047,outer_05,none,0.0
2802,2021-11-16,2803,2808,-0.03360266029214909,0.0,0.47871987159806284,outer_05,none,0.0
2803,2021-11-17,2804,2809,-0.04286718542119061,0.0,0.5296982920416373,outer_05,none,0.0
2804,2021-11-18,2805,2810,-0.03766275378386208,0.0,0.5021583823792387,outer_05,none,0.0
2805,2021-11-19,2806,2811,-0.0295610278559284,0.0,0.3849039303714476,outer_05,none,0.0
2806,2021-11-22,2807,2812,-0.012735622107252098,0.0,0.29666912074841734,outer_05,none,0.0
2807,2021-11-23,2808,2813,-0.007399732503392542,0.0,0.3443585744024364,outer_05,none,0.0
2808,2021-11-24,2809,2814,-0.0036140465905925012,0.0,0.30442844548937026,outer_05,none,0.0
2809,2021-11-25,2810,2815,-0.01168506669409286,0.0,0.43325544475429517,outer_05,none,0.0
2810,2021-11-26,2811,2816,-0.0036577243604600795,0.0,0.5021004053077006,outer_05,none,0.0
2811,2021-11-29,2812,2817,-0.0034735799014704583,0.0,0.5212836196880096,outer_05,none,0.0
2812,2021-11-30,2813,2818,0.004881332873666544,1.0,0.5319508597115403,outer_05,none,0.0
2813,2021-12-01,2814,2819,0.0008977265679099844,1.0,0.5440170919939472,outer_05,none,0.0
2814,2021-12-02,2815,2820,0.003564925397948393,1.0,0.5442074345590804,outer_05,none,0.0
2815,2021-12-03,2816,2821,0.0004320054376441007,1.0,0.4128076278150643,outer_05,none,0.0
2816,2021-12-06,2817,2822,0.003938426580447185,1.0,0.394856445850192,outer_05,none,0.0
2817,2021-12-07,2818,2823,-0.007401525336145021,0.0,0.41272168860612396,outer_05,none,0.0
2818,2021-12-08,2819,2824,-0.0026618611670485848,0.0,0.40771826418385937,outer_05,none,0.0
2819,2021-12-09,2820,2825,0.012533806280059068,1.0,0.373229040359521,outer_05,none,0.0
2820,2021-12-10,2821,2826,0.009790537809535316,1.0,0.440495813141982,outer_05,none,0.0
2821,2021-12-13,2822,2827,0.0027119608429639896,1.0,0.49113237414726757,outer_05,none,0.0
2822,2021-12-14,2823,2828,0.009791360444470598,1.0,0.506879458168116,outer_05,none,0.0
2823,2021-12-15,2824,2829,0.0138436987670163,1.0,0.4222205130718435,outer_05,none,0.0
2824,2021-12-16,2825,2830,0.004206023357588684,1.0,0.3667616155398158,outer_05,none,0.0
2825,2021-12-17,2826,2831,0.006223960111560345,1.0,0.40226391594593935,outer_05,none,0.0
2826,2021-12-20,2827,2832,0.00876203706540224,1.0,0.28191864616717577,outer_05,none,0.0
2827,2021-12-21,2828,2833,0.008261519245635895,1.0,0.3464262845113366,outer_05,none,0.0
2828,2021-12-22,2829,2834,0.006363057261899563,1.0,0.4516857326212286,outer_05,none,0.0
2829,2021-12-23,2830,2835,0.01356232634260035,1.0,0.48317224310186735,outer_05,none,0.0
2830,2021-12-27,2831,2836,-0.005030433877454499,0.0,0.4757428207954611,outer_05,none,0.0
2831,2021-12-28,2832,2837,0.004021660486174916,1.0,0.4780077851601482,outer_05,none,0.0
2832,2021-12-29,2833,2838,0.0035143390617076165,1.0,0.49600584953509297,outer_05,none,0.0
2833,2021-12-30,2834,2839,-0.013012480394888115,0.0,0.5142504630963275,outer_05,none,0.0
2834,2021-12-31,2835,2840,-0.01968300350466734,0.0,0.5470068145239,outer_05,none,0.0
2835,2022-01-03,2836,2841,-0.0011379817874255238,0.0,0.3670037070948434,outer_05,none,0.0
2836,2022-01-04,2837,2842,0.0034672762709488936,1.0,0.39330323607983164,outer_05,none,0.0
2837,2022-01-05,2838,2843,0.008647299086952387,1.0,0.4708024387846651,outer_05,none,0.0
2838,2022-01-06,2839,2844,0.01678022692952741,1.0,0.33994192910471216,outer_05,none,0.0
2839,2022-01-07,2840,2845,0.01240222967148874,1.0,0.36444808383968413,outer_05,none,0.0
2840,2022-01-10,2841,2846,0.009871082837056733,1.0,0.38412706698776966,outer_05,none,0.0
2841,2022-01-11,2842,2847,-0.003334969053397252,0.0,0.45677518021521646,outer_05,none,0.0
2842,2022-01-12,2843,2848,0.007866968379588002,1.0,0.4784065224895026,outer_05,none,0.0
2843,2022-01-13,2844,2849,0.009708469343607362,1.0,0.4768791302753747,outer_05,none,0.0
2844,2022-01-14,2845,2850,0.008520015925099322,1.0,0.4368219441700571,outer_05,none,0.0
2845,2022-01-17,2846,2851,0.013427786756275317,1.0,0.5949816530815912,outer_05,none,0.0
2846,2022-01-18,2847,2852,0.018249508951877047,1.0,0.4492329786001877,outer_05,none,0.0
2847,2022-01-19,2848,2853,-0.011098201664403007,0.0,0.4132099756532584,outer_05,none,0.0
2848,2022-01-20,2849,2854,-0.023077778038381958,0.0,0.40414031253940025,outer_05,none,0.0
2849,2022-01-21,2850,2855,-0.024264966578743774,0.0,0.3826544985793369,outer_05,none,0.0
2850,2022-01-24,2851,2856,-0.024910912455882617,0.0,0.38995813081513836,outer_05,none,0.0
2851,2022-01-25,2852,2857,-0.025474790031820405,0.0,0.4855393132097028,outer_05,none,0.0
2852,2022-01-26,2853,2858,-0.007141252848766655,0.0,0.4015499295560279,outer_05,none,0.0
2853,2022-01-27,2854,2859,0.004164243545750956,1.0,0.37509472564684343,outer_05,none,0.0
2854,2022-01-28,2855,2860,0.01087991518838205,1.0,0.4248646008276434,outer_05,none,0.0
2855,2022-01-31,2856,2861,0.0130932505985637,1.0,0.36708562449876925,outer_05,none,0.0
2856,2022-02-01,2857,2862,0.013637690444223693,1.0,0.4168029408371436,outer_05,none,0.0
2857,2022-02-02,2858,2863,0.01417730797217498,1.0,0.4351893473170215,outer_05,none,0.0
2858,2022-02-03,2859,2864,0.01237874003663908,1.0,0.4332512491256775,outer_05,none,0.0
2859,2022-02-04,2860,2865,0.025833839879159548,1.0,0.4145661018629503,outer_05,none,0.0
2860,2022-02-07,2861,2866,0.02674757277623563,1.0,0.4107108309894706,outer_05,none,0.0
2861,2022-02-08,2862,2867,0.015262907786079971,1.0,0.43581418934486255,outer_05,none,0.0
2862,2022-02-09,2863,2868,0.02004609892031528,1.0,0.45968973173777233,outer_05,none,0.0
2863,2022-02-10,2864,2869,0.03833565233365288,1.0,0.3878528235073188,outer_05,none,0.0
2864,2022-02-11,2865,2870,0.024841635015367736,1.0,0.5011157097971316,outer_05,none,0.0
2865,2022-02-14,2866,2871,0.021906617374483517,1.0,0.5975963181610803,outer_05,none,0.0
2866,2022-02-15,2867,2872,0.024026268037956378,1.0,0.5812936813486591,outer_05,none,0.0
2867,2022-02-16,2868,2873,0.021135074624430317,1.0,0.5968895633074479,outer_05,none,0.0
2868,2022-02-17,2869,2874,0.004104925623587441,1.0,0.6590677231429817,outer_05,none,0.0
2869,2022-02-18,2870,2875,0.009025969557978186,1.0,0.6481728133937095,outer_05,none,0.0
2870,2022-02-21,2871,2876,-0.0019370212584783886,0.0,0.6678551739020808,outer_05,none,0.0
2871,2022-02-22,2872,2877,0.022942839639425117,1.0,0.5931535767710028,outer_05,none,0.0
2872,2022-02-23,2873,2878,0.01014840465478617,1.0,0.683587440733322,outer_05,none,0.0
2873,2022-02-24,2874,2879,0.015726720227378976,1.0,0.8085511838016214,outer_05,none,0.0
2874,2022-02-25,2875,2880,0.03121936624811994,1.0,0.6453070425357028,outer_05,none,0.0
2875,2022-02-28,2876,2881,0.045548427190213125,1.0,0.5698917209228764,outer_05,none,0.0
2876,2022-03-01,2877,2882,0.05362179420565649,1.0,0.6647952629852119,outer_05,none,0.0
2877,2022-03-02,2878,2883,0.03193220296397481,1.0,0.6909768724960814,outer_05,none,0.0
2878,2022-03-03,2879,2884,0.030825481428411905,1.0,0.6326871991379653,outer_05,none,0.0
2879,2022-03-04,2880,2885,-0.00047469953421419575,0.0,0.6657067145574805,outer_05,none,0.0
2880,2022-03-07,2881,2886,-0.02225120976715278,0.0,0.6627422013145697,outer_05,none,0.0
2881,2022-03-08,2882,2887,-0.06546219512194806,0.0,0.7325483011793407,outer_05,none,0.0
2882,2022-03-09,2883,2888,-0.03376358653321265,0.0,0.6705496581265781,outer_05,none,0.0
2883,2022-03-10,2884,2889,-0.028015397313441603,0.0,0.7657446764320459,outer_05,none,0.0
2884,2022-03-11,2885,2890,-0.02797736280741514,0.0,0.8376073835115492,outer_05,none,0.0
2885,2022-03-14,2886,2891,-0.008818875433452611,0.0,0.8448161815775687,outer_05,none,0.0
2886,2022-03-15,2887,2892,0.0005935398054166541,1.0,0.8291073900661201,outer_05,none,0.0
2887,2022-03-16,2888,2893,0.009627707690623488,1.0,0.8353773104087203,outer_05,none,0.0
2888,2022-03-17,2889,2894,0.00857208163054235,1.0,0.8145963301920673,outer_05,none,0.0
2889,2022-03-18,2890,2895,0.015729283200831112,1.0,0.7940442215758905,outer_05,none,0.0
2890,2022-03-21,2891,2896,-0.007142739413683152,0.0,0.7652265214064061,outer_05,none,0.0
2891,2022-03-22,2892,2897,-0.0005831237897506725,0.0,0.7719910802902525,outer_05,none,0.0
2892,2022-03-23,2893,2898,-0.00578722034440915,0.0,0.7552256561290813,outer_05,none,0.0
2893,2022-03-24,2894,2899,-0.01116016552260124,0.0,0.6876763136188624,outer_05,none,0.0
2894,2022-03-25,2895,2900,-0.016269658047061597,0.0,0.6286848889569172,outer_05,none,0.0
2895,2022-03-28,2896,2901,0.00525575619074381,1.0,0.632795873497209,outer_05,none,0.0
2896,2022-03-29,2897,2902,0.0015039748876573,1.0,0.7391162510425936,outer_05,none,0.0
2897,2022-03-30,2898,2903,-0.004702865380968646,0.0,0.7036692030278772,outer_05,none,0.0
2898,2022-03-31,2899,2904,-0.002807023014687715,0.0,0.6789254937380631,outer_05,none,0.0
2899,2022-04-01,2900,2905,0.01215511120834023,1.0,0.6845177624024575,outer_05,none,0.0
2900,2022-04-04,2901,2906,0.01018864596034863,1.0,0.7071770669438584,outer_05,none,0.0
2901,2022-04-05,2902,2907,0.02251098958707143,1.0,0.8339699377953745,outer_05,none,0.0
2902,2022-04-06,2903,2908,0.027198366802224427,1.0,0.7399902547708748,outer_05,none,0.0
2903,2022-04-07,2904,2909,0.0208352076383731,1.0,0.7253681333795264,outer_05,none,0.0
2904,2022-04-08,2905,2910,0.015255802688739273,1.0,0.5713723870563906,outer_05,none,0.0
2905,2022-04-11,2906,2911,-0.0012608661667137255,0.0,0.42688642489742945,outer_05,none,0.0
2906,2022-04-12,2907,2912,-0.00549094763732505,0.0,0.40820020094871096,outer_05,none,0.0
2907,2022-04-13,2908,2913,-0.013673346211668047,0.0,0.41337160064455414,outer_05,none,0.0
2908,2022-04-14,2909,2914,-0.020317668216195628,0.0,0.5148622491663382,outer_05,none,0.0
2909,2022-04-18,2910,2915,-0.04076321109071834,0.0,0.5366121167940542,outer_05,none,0.0
2910,2022-04-19,2911,2916,-0.022709387053742702,0.0,0.5836583848154617,outer_05,none,0.0
2911,2022-04-20,2912,2917,-0.03673447852428158,0.0,0.593791858590446,outer_05,none,0.0
2912,2022-04-21,2913,2918,-0.028696067668121827,0.0,0.5676588968414484,outer_05,none,0.0
2913,2022-04-22,2914,2919,-0.01744820504873701,0.0,0.6074164762312402,outer_05,none,0.0
2914,2022-04-25,2915,2920,-0.01866619498346811,0.0,0.6257527908585311,outer_05,none,0.0
2915,2022-04-26,2916,2921,-0.020148851765911857,0.0,0.5517976351334128,outer_05,none,0.0
2916,2022-04-27,2917,2922,-0.0019005256053699071,0.0,0.6102534610600708,outer_05,none,0.0
2917,2022-04-28,2918,2923,-0.009975131831911455,0.0,0.6185549624652731,outer_05,none,0.0
2918,2022-04-29,2919,2924,-0.008369621258743187,0.0,0.6428277319432254,outer_05,none,0.0
2919,2022-05-02,2920,2925,-0.00549957529552092,0.0,0.6990360498251398,outer_05,none,0.0
2920,2022-05-03,2921,2926,-0.015662623024136124,0.0,0.6995452753526296,outer_05,none,0.0
2921,2022-05-04,2922,2927,-0.016345196470204826,0.0,0.6161831596002632,outer_05,none,0.0
2922,2022-05-05,2923,2928,-0.02902123956457192,0.0,0.6442167145899563,outer_05,none,0.0
2923,2022-05-06,2924,2929,-0.03739425730563628,0.0,0.5855012082036838,outer_05,none,0.0
2924,2022-05-09,2925,2930,-0.015372077246571969,0.0,0.6594536181042177,outer_05,none,0.0
2925,2022-05-10,2926,2931,-0.013483793234881247,0.0,0.7077952999473935,outer_05,none,0.0
2926,2022-05-11,2927,2932,-0.019129737861963036,0.0,0.6835917152678536,outer_05,none,0.0
2927,2022-05-12,2928,2933,0.010522563757956682,1.0,0.6582452913591491,outer_05,none,0.0
2928,2022-05-13,2929,2934,0.018360663016262713,1.0,0.6837021988712364,outer_05,none,0.0
2929,2022-05-16,2930,2935,0.01541524442225839,1.0,0.6793545546102878,outer_05,none,0.0
2930,2022-05-17,2931,2936,0.027662454291119687,1.0,0.6921822522170269,outer_05,none,0.0
2931,2022-05-18,2932,2937,0.01984785911492537,1.0,0.7126548169358329,outer_05,none,0.0
2932,2022-05-19,2933,2938,0.0047230449554280796,1.0,0.712165023359231,outer_05,none,0.0
2933,2022-05-20,2934,2939,0.0023188008843977315,1.0,0.6787224819349129,outer_05,none,0.0
2934,2022-05-23,2935,2940,0.0014719642053524495,1.0,0.5665103319676635,outer_05,none,0.0
2935,2022-05-24,2936,2941,-0.015397470039127725,0.0,0.5623379040313776,outer_05,none,0.0
2936,2022-05-25,2937,2942,-0.0030217464240438474,0.0,0.6574039386829895,outer_05,none,0.0
2937,2022-05-26,2938,2943,0.009770391991766658,1.0,0.6532610915705858,outer_05,none,0.0
2938,2022-05-27,2939,2944,-0.0009074214730899754,0.0,0.7158639112540102,outer_05,none,0.0
2939,2022-05-30,2940,2945,-0.008244970722903311,0.0,0.7117993672632135,outer_05,none,0.0
2940,2022-05-31,2941,2946,0.008576205223216782,1.0,0.7115020583529339,outer_05,none,0.0
2941,2022-06-01,2942,2947,0.003032541305111991,1.0,0.6901157684248539,outer_05,none,0.0
2942,2022-06-02,2943,2948,-0.011338655002596454,0.0,0.5369429736581995,outer_05,none,0.0
2943,2022-06-03,2944,2949,0.01482557540066054,1.0,0.6423994210888045,outer_05,none,0.0
2944,2022-06-06,2945,2950,-0.014081811756841311,0.0,0.618014439458733,outer_05,none,0.0
2945,2022-06-07,2946,2951,-0.024728914367725174,0.0,0.6055240000272575,outer_05,none,0.0
2946,2022-06-08,2947,2952,-0.010673467562507533,0.0,0.6033485918420869,outer_05,none,0.0
2947,2022-06-09,2948,2953,0.003161045614229252,1.0,0.596729030175889,outer_05,none,0.0
2948,2022-06-10,2949,2954,-0.022773599999420746,0.0,0.5298697308090037,outer_05,none,0.0
2949,2022-06-13,2950,2955,0.012439864539185663,1.0,0.47119230060397327,outer_05,none,0.0
2950,2022-06-14,2951,2956,0.013776116363581892,1.0,0.5556685836557188,outer_05,none,0.0
2951,2022-06-15,2952,2957,0.0022341872495870163,1.0,0.5372157200852159,outer_05,none,0.0
2952,2022-06-16,2953,2958,-0.016180218709203942,0.0,0.582997023357035,outer_05,none,0.0
2953,2022-06-17,2954,2959,-4.902321250099817e-05,0.0,0.5236602726151348,outer_05,none,0.0
2954,2022-06-20,2955,2960,-0.008261394045327108,0.0,0.6315502511271709,outer_05,none,0.0
2955,2022-06-21,2956,2961,-0.007251806383538728,0.0,0.7014441293506447,outer_05,none,0.0
2956,2022-06-22,2957,2962,-0.010505850170607012,0.0,0.7041204744043613,outer_05,none,0.0
2957,2022-06-23,2958,2963,-0.009464383905557483,0.0,0.7097494525944131,outer_05,none,0.0
2958,2022-06-24,2959,2964,-0.013385700641174836,0.0,0.6838804921215866,outer_05,none,0.0
2959,2022-06-27,2960,2965,-0.008097879320268397,0.0,0.6069459558496911,outer_05,none,0.0
2960,2022-06-28,2961,2966,-0.029578811896753265,0.0,0.6305162548460456,outer_05,none,0.0
2961,2022-06-29,2962,2967,-0.04381239250101565,0.0,0.6631439348018473,outer_05,none,0.0
2962,2022-06-30,2963,2968,-0.03725016543722148,0.0,0.6851412712343912,outer_05,none,0.0
2963,2022-07-01,2964,2969,-0.039594193656849797,0.0,0.5613388948495293,outer_05,none,0.0
2964,2022-07-04,2965,2970,-0.04201074066004207,0.0,0.6196972845910438,outer_05,none,0.0
2965,2022-07-05,2966,2971,-0.023071161562924658,0.0,0.6404845691723159,outer_05,none,0.0
2966,2022-07-06,2967,2972,-0.002508834018223105,0.0,0.6981618558967863,outer_05,none,0.0
2967,2022-07-07,2968,2973,-0.019926156260288153,0.0,0.6769746025114638,outer_05,none,0.0
2968,2022-07-08,2969,2974,-0.019943813192459636,0.0,0.6640041345927291,outer_05,none,0.0
2969,2022-07-11,2970,2975,-0.01368949554571497,0.0,0.6809541888052987,outer_05,none,0.0
2970,2022-07-12,2971,2976,-0.008367081076936067,0.0,0.7246111748423381,outer_05,none,0.0
2971,2022-07-13,2972,2977,-0.022767124934379268,0.0,0.6757957553751959,outer_05,none,0.0
2972,2022-07-14,2973,2978,0.006857022872220675,1.0,0.7174031006347088,outer_05,none,0.0
2973,2022-07-15,2974,2979,0.011609782782607603,1.0,0.7144868121448928,outer_05,none,0.0
2974,2022-07-18,2975,2980,0.005313344531090003,1.0,0.7458464293050889,outer_05,none,0.0
2975,2022-07-19,2976,2981,0.003453066274507144,1.0,0.7301609971187935,outer_05,none,0.0
2976,2022-07-20,2977,2982,0.022029389747840078,1.0,0.7761577209665289,outer_05,none,0.0
2977,2022-07-21,2978,2983,0.02147908260873521,1.0,0.6733385929255294,outer_05,none,0.0
2978,2022-07-22,2979,2984,0.021831713824866483,1.0,0.6234482165004889,outer_05,none,0.0
2979,2022-07-25,2980,2985,0.03013846685910604,1.0,0.6807197646819223,outer_05,none,0.0
2980,2022-07-26,2981,2986,0.025240943764895718,1.0,0.7068221776484285,outer_05,none,0.0
2981,2022-07-27,2982,2987,0.017664780093396004,1.0,0.7522990959860337,outer_05,none,0.0
2982,2022-07-28,2983,2988,0.020112119892187863,1.0,0.5999851303229219,outer_05,none,0.0
2983,2022-07-29,2984,2989,0.003727285012191217,1.0,0.6019511100459295,outer_05,none,0.0
2984,2022-08-01,2985,2990,0.009588641331588654,1.0,0.557912098642799,outer_05,none,0.0
2985,2022-08-02,2986,2991,0.018696759266524587,1.0,0.5277191277112523,outer_05,none,0.0
2986,2022-08-03,2987,2992,0.015033903592619247,1.0,0.6041749026805291,outer_05,none,0.0
2987,2022-08-04,2988,2993,-0.0006367363568156037,0.0,0.6087856756736822,outer_05,none,0.0
2988,2022-08-05,2989,2994,0.01710534144499576,1.0,0.585617518668621,outer_05,none,0.0
2989,2022-08-08,2990,2995,-0.005122726578091097,0.0,0.600424904267101,outer_05,none,0.0
2990,2022-08-09,2991,2996,-0.010520339252618527,0.0,0.636866645810389,outer_05,none,0.0
2991,2022-08-10,2992,2997,-0.01664965553791653,0.0,0.6349881147182013,outer_05,none,0.0
2992,2022-08-11,2993,2998,-0.01739811408374692,0.0,0.5968470864017396,outer_05,none,0.0
2993,2022-08-12,2994,2999,-0.031216427077072062,0.0,0.6175891696474846,outer_05,none,0.0
2994,2022-08-15,2995,3000,-0.02495997767673952,0.0,0.5566477616958883,outer_05,none,0.0
2995,2022-08-16,2996,3001,-0.015945209104661018,0.0,0.5619825765913831,outer_05,none,0.0
2996,2022-08-17,2997,3002,-0.006289382603662297,0.0,0.5821403945210927,outer_05,none,0.0
2997,2022-08-18,2998,3003,-0.0002217490321774207,0.0,0.5703384105582477,outer_05,none,0.0
2998,2022-08-19,2999,3004,-0.006070422693499999,0.0,0.4425480922909014,outer_05,none,0.0
2999,2022-08-22,3000,3005,0.0011975980381278006,1.0,0.5495259996743908,outer_05,none,0.0
3000,2022-08-23,3001,3006,-0.013984549562657378,0.0,0.6585148009306357,outer_05,none,0.0
3001,2022-08-24,3002,3007,-0.023313960647747045,0.0,0.5953500854425529,outer_05,none,0.0
3002,2022-08-25,3003,3008,-0.0352858983817157,0.0,0.4880279633958757,outer_05,none,0.0
3003,2022-08-26,3004,3009,-0.014149578638865457,0.0,0.5440159797122776,outer_05,none,0.0
3004,2022-08-29,3005,3010,-0.015786993302821628,0.0,0.6080029107626206,outer_05,none,0.0
3005,2022-08-30,3006,3011,-0.012501075115403104,0.0,0.6132097366634467,outer_05,none,0.0
3006,2022-08-31,3007,3012,0.004391151290128903,1.0,0.5306162743154001,outer_05,none,0.0
3007,2022-09-01,3008,3013,0.00651743512894587,1.0,0.3198021845324561,outer_05,none,0.0
3008,2022-09-02,3009,3014,0.0040931331088147616,1.0,0.40472709658944744,outer_05,none,0.0
3009,2022-09-05,3010,3015,0.008092825873382559,1.0,0.5175736815405136,outer_05,none,0.0
3010,2022-09-06,3011,3016,-0.0004172506767394779,0.0,0.3548574072695479,outer_05,none,0.0
3011,2022-09-07,3012,3017,-0.012306442526751837,0.0,0.4422853303442164,outer_05,none,0.0
3012,2022-09-08,3013,3018,-0.026070208510616588,0.0,0.5944498613948861,outer_05,none,0.0
3013,2022-09-09,3014,3019,-0.025673262945756115,0.0,0.4977872292819699,outer_05,none,0.0
3014,2022-09-12,3015,3020,-0.02860421518152023,0.0,0.46915806828557916,outer_05,none,0.0
3015,2022-09-13,3016,3021,-0.021694190988528206,0.0,0.571457053467826,outer_05,none,0.0
3016,2022-09-14,3017,3022,-0.01562606005239342,0.0,0.5036985883616223,outer_05,none,0.0
3017,2022-09-15,3018,3023,0.004046561902268486,1.0,0.5976740264784085,outer_05,none,0.0
3018,2022-09-16,3019,3024,-0.01875363797092522,0.0,0.5805622164257904,outer_05,none,0.0
3019,2022-09-19,3020,3025,-0.03180297972211488,0.0,0.6438638372245478,outer_05,none,0.0
3020,2022-09-20,3021,3026,-0.021168569531883286,0.0,0.6414091463552957,outer_05,none,0.0
3021,2022-09-21,3022,3027,-0.006916952428383638,0.0,0.6098617844917539,outer_05,none,0.0
3022,2022-09-22,3023,3028,-0.006325830275945243,0.0,0.5972850805730419,outer_05,none,0.0
3023,2022-09-23,3024,3029,0.011684014968063927,1.0,0.5981402319087067,outer_05,none,0.0
3024,2022-09-26,3025,3030,0.04531589795655222,1.0,0.5025715255546398,outer_05,none,0.0
3025,2022-09-27,3026,3031,0.0567090637365002,1.0,0.6210841351639453,outer_05,none,0.0
3026,2022-09-28,3027,3032,0.03344032336994385,1.0,0.5049725886420252,outer_05,none,0.0
3027,2022-09-29,3028,3033,0.030167940929886505,1.0,0.4679714508616639,outer_05,none,0.0
3028,2022-09-30,3029,3034,0.019841294749718408,1.0,0.43313145272577475,outer_05,none,0.0
3029,2022-10-03,3030,3035,-0.01816600884826336,0.0,0.24390175036870332,outer_05,none,0.0
3030,2022-10-04,3031,3036,-0.034621859363384466,0.0,0.36719373746382417,outer_05,none,0.0
3031,2022-10-05,3032,3037,-0.024825476161823623,0.0,0.4636575707525198,outer_05,none,0.0
3032,2022-10-06,3033,3038,-0.027018029095736473,0.0,0.47414380996168254,outer_05,none,0.0
3033,2022-10-07,3034,3039,-0.03034588506727154,0.0,0.554831255611918,outer_05,none,0.0
3034,2022-10-10,3035,3040,-0.01063714795915427,0.0,0.5998562739885979,outer_05,none,0.0
3035,2022-10-11,3036,3041,-0.008661402653984851,0.0,0.43099969592746434,outer_05,none,0.0
3036,2022-10-12,3037,3042,-0.027150112232546597,0.0,0.4849761049402773,outer_05,none,0.0
3037,2022-10-13,3038,3043,-0.022978910405004882,0.0,0.47438328617524944,outer_05,none,0.0
3038,2022-10-14,3039,3044,0.008446220998372667,1.0,0.491662591083923,outer_05,none,0.0
3039,2022-10-17,3040,3045,-0.0004060273912163126,0.0,0.49272691167615773,outer_05,none,0.0
3040,2022-10-18,3041,3046,0.00016343380513372807,1.0,0.4756230640117734,outer_05,none,0.0
3041,2022-10-19,3042,3047,0.021302983184517288,1.0,0.5178631138803147,outer_05,none,0.0
3042,2022-10-20,3043,3048,0.020839974971232245,1.0,0.5183030465719889,outer_05,none,0.0
3043,2022-10-21,3044,3049,-0.010185447055704344,0.0,0.3471791755011037,outer_05,none,0.0
3044,2022-10-24,3045,3050,-0.010320989913341627,0.0,0.3617794675029818,outer_05,none,0.0
3045,2022-10-25,3046,3051,-0.0030308931596616517,0.0,0.3743804875938853,outer_05,none,0.0
3046,2022-10-26,3047,3052,-0.018079684420442277,0.0,0.3623539508813523,outer_05,none,0.0
3047,2022-10-27,3048,3053,-0.020459284566172187,0.0,0.36387163504121667,outer_05,none,0.0
3048,2022-10-28,3049,3054,0.01894322602314613,1.0,0.3858778875555413,outer_05,none,0.0
3049,2022-10-31,3050,3055,0.02542038347113529,1.0,0.4684955206104021,outer_05,none,0.0
3050,2022-11-01,3051,3056,0.038731879649040124,1.0,0.523235083878892,outer_05,none,0.0
3051,2022-11-02,3052,3057,0.04294345019684975,1.0,0.53070259777258,outer_05,none,0.0
3052,2022-11-03,3053,3058,0.0737417576518764,1.0,0.5141876609702543,outer_05,none,0.0
3053,2022-11-04,3054,3059,0.05175484576363498,1.0,0.22481694094084986,outer_05,none,0.0
3054,2022-11-07,3055,3060,0.05558760114936501,1.0,0.32228595493400813,outer_05,none,0.0
3055,2022-11-08,3056,3061,0.037551905291135945,1.0,0.4015124693054651,outer_05,none,0.0
3056,2022-11-09,3057,3062,0.03877044891136627,1.0,0.4306550409158074,outer_05,none,0.0
3057,2022-11-10,3058,3063,0.003944104756860689,1.0,0.5157496168919602,outer_05,none,0.0
3058,2022-11-11,3059,3064,-0.006937022944542903,0.0,0.505204406110068,outer_05,none,0.0
3059,2022-11-14,3060,3065,-0.018117087969045542,0.0,0.5315846198075617,outer_05,none,0.0
3060,2022-11-15,3061,3066,-0.021480648082997433,0.0,0.43502061690753524,outer_05,none,0.0
3061,2022-11-16,3062,3067,-0.013612216903713836,0.0,0.5862681335855773,outer_05,none,0.0
3062,2022-11-17,3063,3068,-0.0032201383013203966,0.0,0.6045955747014208,outer_05,none,0.0
3063,2022-11-18,3064,3069,0.0017858013606426582,1.0,0.5474611293953667,outer_05,none,0.0
3064,2022-11-21,3065,3070,0.0006956202079342333,1.0,0.49645622351935587,outer_05,none,0.0
3065,2022-11-22,3066,3071,0.005382135061436699,1.0,0.4454638962962678,outer_05,none,0.0
3066,2022-11-23,3067,3072,0.011021008058469839,1.0,0.5260407347153202,outer_05,none,0.0
3067,2022-11-24,3068,3073,0.026574667987662615,1.0,0.5048889299088787,outer_05,none,0.0
3068,2022-11-25,3069,3074,0.02349788560638899,1.0,0.4412616741276241,outer_05,none,0.0
3069,2022-11-28,3070,3075,0.016031173597379933,1.0,0.4469381365456222,outer_05,none,0.0
3070,2022-11-29,3071,3076,0.012266119005290399,1.0,0.43079613317899235,outer_05,none,0.0
3071,2022-11-30,3072,3077,0.009423655708411971,1.0,0.4533935683575708,outer_05,none,0.0
3072,2022-12-01,3073,3078,-0.006932504328934108,0.0,0.36067964490459614,outer_05,none,0.0
3073,2022-12-02,3074,3079,0.0005288163265850798,1.0,0.38004714160964187,outer_05,none,0.0
3074,2022-12-05,3075,3080,0.007381438010338748,1.0,0.33460589998282414,outer_05,none,0.0
3075,2022-12-06,3076,3081,0.02217529393116191,1.0,0.3801136868308338,outer_05,none,0.0
3076,2022-12-07,3077,3082,0.011823455946450068,1.0,0.4209763550361061,outer_05,none,0.0
3077,2022-12-08,3078,3083,-0.007307305298684952,0.0,0.37794730375806507,outer_05,none,0.0
3078,2022-12-09,3079,3084,-0.0024069814047855687,0.0,0.2782074062246544,outer_05,none,0.0
3079,2022-12-12,3080,3085,0.0034857885877652706,1.0,0.3440380751249319,outer_05,none,0.0
3080,2022-12-13,3081,3086,0.003941060146262387,1.0,0.3168665608500029,outer_05,none,0.0
3081,2022-12-14,3082,3087,0.0037835001871888707,1.0,0.30563814699910097,outer_05,none,0.0
3082,2022-12-15,3083,3088,0.009411623274509395,1.0,0.27564090864104257,outer_05,none,0.0
3083,2022-12-16,3084,3089,0.004152871501362121,1.0,0.2872902623236171,outer_05,none,0.0
3084,2022-12-19,3085,3090,0.014782506068907075,1.0,0.3566544879777398,outer_05,none,0.0
3085,2022-12-20,3086,3091,-0.007465317241466707,0.0,0.2358641879355109,outer_05,none,0.0
3086,2022-12-21,3087,3092,0.00040787305792289175,1.0,0.26781482463532114,outer_05,none,0.0
3087,2022-12-22,3088,3093,0.018304327892839645,1.0,0.37172496629976765,outer_05,none,0.0
3088,2022-12-23,3089,3094,0.02126032303701031,1.0,0.38006692476480175,outer_05,none,0.0
3089,2022-12-27,3090,3095,0.022003831656368433,1.0,0.47853217607059495,outer_05,none,0.0
3090,2022-12-28,3091,3096,0.01540484570281464,1.0,0.45920936532906664,outer_05,none,0.0
3091,2022-12-29,3092,3097,0.028820313292889033,1.0,0.3868002562926725,outer_05,none,0.0
3092,2022-12-30,3093,3098,0.024027811358745765,1.0,0.334889180325956,outer_05,none,0.0
3093,2023-01-03,3094,3099,0.02057799854372533,1.0,0.3123175073279671,outer_05,none,0.0
3094,2023-01-04,3095,3100,0.010988325983071867,1.0,0.33205622073481267,outer_05,none,0.0
3095,2023-01-05,3096,3101,0.03403725532386215,1.0,0.37374878739265216,outer_05,none,0.0
3096,2023-01-06,3097,3102,0.02708578138759954,1.0,0.41260759423917565,outer_05,none,0.0
3097,2023-01-09,3098,3103,0.023270807600689558,1.0,0.45512232761139415,outer_05,none,0.0
3098,2023-01-10,3099,3104,0.016506680894822878,1.0,0.4773095586087304,outer_05,none,0.0
3099,2023-01-11,3100,3105,0.01536427707480037,1.0,0.45325621233903957,outer_05,none,0.0
3100,2023-01-12,3101,3106,0.018765296330832015,1.0,0.43914294402627446,outer_05,none,0.0
3101,2023-01-13,3102,3107,0.0035735966683727582,1.0,0.4118607333520785,outer_05,none,0.0
3102,2023-01-16,3103,3108,0.008247705323432442,1.0,0.5952286768575668,outer_05,none,0.0
3103,2023-01-17,3104,3109,0.014995248846298104,1.0,0.4282399761782427,outer_05,none,0.0
3104,2023-01-18,3105,3110,0.02206567679411453,1.0,0.4358936163925325,outer_05,none,0.0
3105,2023-01-19,3106,3111,-0.001730588313656689,0.0,0.41139314885971934,outer_05,none,0.0
3106,2023-01-20,3107,3112,0.0006851697360747977,1.0,0.36098418901267365,outer_05,none,0.0
3107,2023-01-23,3108,3113,-0.004099748859712982,0.0,0.41935187857610995,outer_05,none,0.0
3108,2023-01-24,3109,3114,-0.004682976783899839,0.0,0.41514437231550694,outer_05,none,0.0
3109,2023-01-25,3110,3115,0.0025603215669205426,1.0,0.42454099910610066,outer_05,none,0.0
3110,2023-01-26,3111,3116,-0.0085255382613445,0.0,0.42657941855970166,outer_05,none,0.0
3111,2023-01-27,3112,3117,-0.03440106349426042,0.0,0.5176828832500011,outer_05,none,0.0
3112,2023-01-30,3113,3118,-0.029269764453808023,0.0,0.418738904976417,outer_05,none,0.0
3113,2023-01-31,3114,3119,-0.028455889426249215,0.0,0.38407015369014585,outer_05,none,0.0
3114,2023-02-01,3115,3120,-0.03989427850766347,0.0,0.33796122146842533,outer_05,none,0.0
3115,2023-02-02,3116,3121,-0.0260054921993369,0.0,0.3364633826844345,outer_05,none,0.0
3116,2023-02-03,3117,3122,0.0014275366687561686,1.0,0.3931929789650792,outer_05,none,0.0
3117,2023-02-06,3118,3123,-0.007449244379407638,0.0,0.44835718564916704,outer_05,none,0.0
3118,2023-02-07,3119,3124,-0.010703207687672744,0.0,0.46909998051632384,outer_05,none,0.0
3119,2023-02-08,3120,3125,-0.020925087272323672,0.0,0.5011990274988185,outer_05,none,0.0
3120,2023-02-09,3121,3126,-0.014289471614682192,0.0,0.6567992480368231,outer_05,none,0.0
3121,2023-02-10,3122,3127,-0.012840306274471303,0.0,0.6428483968924882,outer_05,none,0.0
3122,2023-02-13,3123,3128,-0.006619583535383278,0.0,0.7545330905373581,outer_05,none,0.0
3123,2023-02-14,3124,3129,-0.010426503688623967,0.0,0.74535040417456,outer_05,none,0.0
3124,2023-02-15,3125,3130,-0.005767230245989019,0.0,0.778220618871546,outer_05,none,0.0
3125,2023-02-16,3126,3131,-0.007630745709821696,0.0,0.7746689468063781,outer_05,none,0.0
3126,2023-02-17,3127,3132,-0.01547583787837059,0.0,0.7256962807099926,outer_05,none,0.0
3127,2023-02-20,3128,3133,-0.01327303146361647,0.0,0.8014604171395927,outer_05,none,0.0
3128,2023-02-21,3129,3134,-0.0044409921815340425,0.0,0.6902774622420519,outer_05,none,0.0
3129,2023-02-22,3130,3135,0.006224562266112343,1.0,0.7496189555363298,outer_05,none,0.0
3130,2023-02-23,3131,3136,0.007516386867988167,1.0,0.7111073347815189,outer_05,none,0.0
3131,2023-02-24,3132,3137,0.02268002373908029,1.0,0.6725275776282151,outer_05,none,0.0
3132,2023-02-27,3133,3138,0.015962954557216413,1.0,0.7068468221955237,outer_05,none,0.0
3133,2023-02-28,3134,3139,-0.006960514841868104,0.0,0.7489060478911564,outer_05,none,0.0
3134,2023-03-01,3135,3140,-0.012609374747161617,0.0,0.6777608470011411,outer_05,none,0.0
3135,2023-03-02,3136,3141,-0.0026393297031539475,0.0,0.6833861982526916,outer_05,none,0.0
3136,2023-03-03,3137,3142,0.017089680053147482,1.0,0.46221537320612643,outer_05,none,0.0
3137,2023-03-06,3138,3143,0.03507936731050787,1.0,0.5989177781655743,outer_05,none,0.0
3138,2023-03-07,3139,3144,0.04873923453291429,1.0,0.6871551666281717,outer_05,none,0.0
3139,2023-03-08,3140,3145,0.056349010006512046,1.0,0.701015399270839,outer_05,none,0.0
3140,2023-03-09,3141,3146,0.046974115456812626,1.0,0.6422848596488085,outer_05,none,0.0
3141,2023-03-10,3142,3147,0.05193195454798882,1.0,0.4058684549143176,outer_05,none,0.0
3142,2023-03-13,3143,3148,0.03422902343024781,1.0,0.2439376603635521,outer_05,none,0.0
3143,2023-03-14,3144,3149,0.018323744478290216,1.0,0.40612323898139524,outer_05,none,0.0
3144,2023-03-15,3145,3150,0.025910556777733795,1.0,0.564166772476879,outer_05,none,0.0
3145,2023-03-16,3146,3151,0.03799846912497529,1.0,0.638955150301993,outer_05,none,0.0
3146,2023-03-17,3147,3152,-0.004419071721809331,0.0,0.7302084472870699,outer_05,none,0.0
3147,2023-03-20,3148,3153,-0.011317471613477181,0.0,0.7102026610968727,outer_05,none,0.0
3148,2023-03-21,3149,3154,0.01731529947688948,1.0,0.7187920318588109,outer_05,none,0.0
3149,2023-03-22,3150,3155,-0.0032138017613281278,0.0,0.7970303817499087,outer_05,none,0.0
3150,2023-03-23,3151,3156,-0.006773818470011683,0.0,0.7976901215510821,outer_05,none,0.0
3151,2023-03-24,3152,3157,-0.005515856823841148,0.0,0.6829197882028641,outer_05,none,0.0
3152,2023-03-27,3153,3158,0.014007252829687289,1.0,0.6804224682365174,outer_05,none,0.0
3153,2023-03-28,3154,3159,0.023757416280602683,1.0,0.7564416784163294,outer_05,none,0.0
3154,2023-03-29,3155,3160,0.028811438385716315,1.0,0.7635744645698879,outer_05,none,0.0
3155,2023-03-30,3156,3161,0.008527721352534101,1.0,0.7369298063988335,outer_05,none,0.0
3156,2023-03-31,3157,3162,0.012132140429747196,1.0,0.6274990762048185,outer_05,none,0.0
3157,2023-04-03,3158,3163,0.009479980109783348,1.0,0.618708180066498,outer_05,none,0.0
3158,2023-04-04,3159,3164,-0.0032957286994577117,0.0,0.5923634711433896,outer_05,none,0.0
3159,2023-04-05,3160,3165,0.009564408085612541,1.0,0.5493496413519038,outer_05,none,0.0
3160,2023-04-06,3161,3166,0.0009958490435391099,1.0,0.5054605899153508,outer_05,none,0.0
3161,2023-04-10,3162,3167,0.001851559677253256,1.0,0.608034573799519,outer_05,none,0.0
3162,2023-04-11,3163,3168,0.000977985428128214,1.0,0.5709725973905045,outer_05,none,0.0
3163,2023-04-12,3164,3169,-0.010023058423787923,0.0,0.49256112032240335,outer_05,none,0.0
3164,2023-04-13,3165,3170,-0.01778815907533815,0.0,0.48832404960309683,outer_05,none,0.0
3165,2023-04-14,3166,3171,-0.008493974471954324,0.0,0.4631895093429357,outer_05,none,0.0
3166,2023-04-17,3167,3172,-0.0028012488385122936,0.0,0.5312737607906345,outer_05,none,0.0
3167,2023-04-18,3168,3173,-0.004117988008061069,0.0,0.5813757232975044,outer_05,none,0.0
3168,2023-04-19,3169,3174,-0.0022639492224616475,0.0,0.6149289712099429,outer_05,none,0.0
3169,2023-04-20,3170,3175,-0.008377474039454214,0.0,0.5220059364167083,outer_05,none,0.0
3170,2023-04-21,3171,3176,0.00360531317631807,1.0,0.5579052277357175,outer_05,none,0.0
3171,2023-04-24,3172,3177,-0.0035555145355541384,0.0,0.5383420034416653,outer_05,none,0.0
3172,2023-04-25,3173,3178,0.00955428423232263,1.0,0.510009458644711,outer_05,none,0.0
3173,2023-04-26,3174,3179,0.03677086162547827,1.0,0.5245620073253932,outer_05,none,0.0
3174,2023-04-27,3175,3180,0.030489245071693816,1.0,0.5351678591404844,outer_05,none,0.0
3175,2023-04-28,3176,3181,0.01376729526393028,1.0,0.4445246989217873,outer_05,none,0.0
3176,2023-05-01,3177,3182,0.01950957267857678,1.0,0.565742658775321,outer_05,none,0.0
3177,2023-05-02,3178,3183,0.009070704074989777,1.0,0.3910370095445573,outer_05,none,0.0
3178,2023-05-03,3179,3184,-0.01685826996119033,0.0,0.37601815690239737,outer_05,none,0.0
3179,2023-05-04,3180,3185,-0.016678002699038963,0.0,0.2505600801709478,outer_05,none,0.0
3180,2023-05-05,3181,3186,-0.004511629551021024,0.0,0.4141343919941514,outer_05,none,0.0
3181,2023-05-08,3182,3187,-0.0022933801730813386,0.0,0.4386866700227209,outer_05,none,0.0
3182,2023-05-09,3183,3188,-0.02262424095622073,0.0,0.4785752823475989,outer_05,none,0.0
3183,2023-05-10,3184,3189,-0.02406222596521168,0.0,0.4720075548254066,outer_05,none,0.0
3184,2023-05-11,3185,3190,-0.028699024669716522,0.0,0.4827616327207157,outer_05,none,0.0
3185,2023-05-12,3186,3191,-0.01507794437378962,0.0,0.4665155276379148,outer_05,none,0.0
3186,2023-05-15,3187,3192,-0.022395769082747208,0.0,0.5204881202201462,outer_05,none,0.0
3187,2023-05-16,3188,3193,-0.006901972355081831,0.0,0.5182742721667346,outer_05,none,0.0
3188,2023-05-17,3189,3194,-0.011761467347020549,0.0,0.5434046456152187,outer_05,none,0.0
3189,2023-05-18,3190,3195,-0.00852400278596388,0.0,0.6429630794391911,outer_05,none,0.0
3190,2023-05-19,3191,3196,-0.01793035745765792,0.0,0.46883179765679767,outer_05,none,0.0
3191,2023-05-22,3192,3197,-0.014404318966720453,0.0,0.5268940071380979,outer_05,none,0.0
3192,2023-05-23,3193,3198,-0.008301840471001576,0.0,0.5669878590534764,outer_05,none,0.0
3193,2023-05-24,3194,3199,0.0024122880228212296,1.0,0.5999394631675898,outer_05,none,0.0
3194,2023-05-25,3195,3200,0.01810459178841395,1.0,0.644475615472348,outer_05,none,0.0
3195,2023-05-26,3196,3201,0.0024881005607957363,1.0,0.6029792148636024,outer_05,none,0.0
3196,2023-05-29,3197,3202,0.009156991599524211,1.0,0.7330109149687888,outer_05,none,0.0
3197,2023-05-30,3198,3203,0.0023608066257594373,1.0,0.5923306179506478,outer_05,none,0.0
3198,2023-05-31,3199,3204,-0.011707665744815188,0.0,0.536324645054893,outer_05,none,0.0
3199,2023-06-01,3200,3205,-0.005722069870717661,0.0,0.4568823504581981,outer_05,none,0.0
3200,2023-06-02,3201,3206,0.006412689681033257,1.0,0.5245277415254543,outer_05,none,0.0
3201,2023-06-05,3202,3207,-0.002327386620777361,0.0,0.5119338409981925,outer_05,none,0.0
3202,2023-06-06,3203,3208,-0.01039244312596388,0.0,0.5327533042128841,outer_05,none,0.0
3203,2023-06-07,3204,3209,0.0011537888301385024,1.0,0.5682646232056356,outer_05,none,0.0
3204,2023-06-08,3205,3210,-0.00436423655885676,0.0,0.4837151829810764,outer_05,none,0.0
3205,2023-06-09,3206,3211,-0.0013221606743014647,0.0,0.5449308443742628,outer_05,none,0.0
3206,2023-06-12,3207,3212,-0.0032756708581613836,0.0,0.4983118758943624,outer_05,none,0.0
