row_id,date,entry_row_index,exit_row_index,executable_forward_log_return,executable_direction_binary,probability_up,outer_fold,selected_calibration,selected_margin
861,2014-05-09,862,882,-0.028884835484297433,0.0,0.45724134408924,outer_01,sigmoid,0.0
862,2014-05-12,863,883,-0.033955587578692104,0.0,0.4550412198909181,outer_01,sigmoid,0.0
863,2014-05-13,864,884,-0.027288446963483537,0.0,0.4557308653175397,outer_01,sigmoid,0.0
864,2014-05-14,865,885,-0.03428185623840996,0.0,0.46065753529221176,outer_01,sigmoid,0.0
865,2014-05-15,866,886,-0.017492885072264208,0.0,0.4625143463041623,outer_01,sigmoid,0.0
866,2014-05-16,867,887,-0.010207228948003966,0.0,0.46306683347392075,outer_01,sigmoid,0.0
867,2014-05-19,868,888,-0.01670996053541174,0.0,0.4629503131536256,outer_01,sigmoid,0.0
868,2014-05-20,869,889,-0.017807771261658445,0.0,0.4540292427398053,outer_01,sigmoid,0.0
869,2014-05-21,870,890,-0.010815206100385666,0.0,0.46268303332700084,outer_01,sigmoid,0.0
870,2014-05-22,871,891,0.021385299752360254,1.0,0.4566161474652897,outer_01,sigmoid,0.0
871,2014-05-23,872,892,0.017251068572869066,1.0,0.4597743456324792,outer_01,sigmoid,0.0
872,2014-05-26,873,893,0.01951838447623455,1.0,0.4618129883327616,outer_01,sigmoid,0.0
873,2014-05-27,874,894,0.04148192206601298,1.0,0.45973488062222123,outer_01,sigmoid,0.0
874,2014-05-28,875,895,0.04586108937197775,1.0,0.4583872020109927,outer_01,sigmoid,0.0
875,2014-05-29,876,896,0.04716087161748295,1.0,0.45774420703236396,outer_01,sigmoid,0.0
876,2014-05-30,877,897,0.05174455143409773,1.0,0.44669057892009123,outer_01,sigmoid,0.0
877,2014-06-02,878,898,0.06442998213276763,1.0,0.4405245607722544,outer_01,sigmoid,0.0
878,2014-06-03,879,899,0.06318808203969972,1.0,0.435337633506063,outer_01,sigmoid,0.0
879,2014-06-04,880,900,0.0644943161146676,1.0,0.4345886357980641,outer_01,sigmoid,0.0
880,2014-06-05,881,901,0.0517108678134548,1.0,0.4329994347049928,outer_01,sigmoid,0.0
881,2014-06-06,882,902,0.05269411475490582,1.0,0.4336643080722462,outer_01,sigmoid,0.0
882,2014-06-09,883,903,0.05244857383325119,1.0,0.43568104442557765,outer_01,sigmoid,0.0
883,2014-06-10,884,904,0.046435916551685885,1.0,0.4381249187366889,outer_01,sigmoid,0.0
884,2014-06-11,885,905,0.05142888862952333,1.0,0.4274814905148433,outer_01,sigmoid,0.0
885,2014-06-12,886,906,0.047708041757074326,1.0,0.4387616045925926,outer_01,sigmoid,0.0
886,2014-06-13,887,907,0.04672950917879426,1.0,0.4328038141688156,outer_01,sigmoid,0.0
887,2014-06-16,888,908,0.027964574783968743,1.0,0.42808748443520445,outer_01,sigmoid,0.0
888,2014-06-17,889,909,0.018487580941135562,1.0,0.42032870499049085,outer_01,sigmoid,0.0
889,2014-06-18,890,910,0.015902115026836583,1.0,0.4253022883634313,outer_01,sigmoid,0.0
890,2014-06-19,891,911,-0.0017420023794425532,0.0,0.41740192373206136,outer_01,sigmoid,0.0
891,2014-06-20,892,912,-0.0034448102839652606,0.0,0.4220148138335164,outer_01,sigmoid,0.0
892,2014-06-23,893,913,-0.004304614707038468,0.0,0.42955199892793766,outer_01,sigmoid,0.0
893,2014-06-24,894,914,-0.008234825334746176,0.0,0.4213267942121089,outer_01,sigmoid,0.0
894,2014-06-25,895,915,-0.010820974078544765,0.0,0.41536909315455506,outer_01,sigmoid,0.0
895,2014-06-26,896,916,-0.017209306519220924,0.0,0.4218026608414204,outer_01,sigmoid,0.0
896,2014-06-27,897,917,-0.007880994897118576,0.0,0.42218199412522456,outer_01,sigmoid,0.0
897,2014-06-30,898,918,-0.01723597281885958,0.0,0.41526855586453415,outer_01,sigmoid,0.0
898,2014-07-01,899,919,-0.020424653484633737,0.0,0.4163157412574558,outer_01,sigmoid,0.0
899,2014-07-02,900,920,-0.02360513370183881,0.0,0.42806279220410626,outer_01,sigmoid,0.0
900,2014-07-03,901,921,-0.028284092842107533,0.0,0.4280622270736858,outer_01,sigmoid,0.0
901,2014-07-04,902,922,-0.020338801928228456,0.0,0.4258952233297625,outer_01,sigmoid,0.0
902,2014-07-07,903,923,-0.02415946939565483,0.0,0.4214161183622038,outer_01,sigmoid,0.0
903,2014-07-08,904,924,-0.023801972753994427,0.0,0.4242550061548883,outer_01,sigmoid,0.0
904,2014-07-09,905,925,-0.016404019170361828,0.0,0.41991615797090176,outer_01,sigmoid,0.0
905,2014-07-10,906,926,-0.017539141226879273,0.0,0.4205215965954866,outer_01,sigmoid,0.0
906,2014-07-11,907,927,-0.022621896028507393,0.0,0.4208716556479797,outer_01,sigmoid,0.0
907,2014-07-14,908,928,0.000520044674379605,1.0,0.4210115918249568,outer_01,sigmoid,0.0
908,2014-07-15,909,929,0.010226161373882547,1.0,0.44025395332605366,outer_01,sigmoid,0.0
909,2014-07-16,910,930,0.010302617737540487,1.0,0.43955261328560113,outer_01,sigmoid,0.0
910,2014-07-17,911,931,-0.005518660341484072,0.0,0.44966047348347493,outer_01,sigmoid,0.0
911,2014-07-18,912,932,-0.006218430208241088,0.0,0.4513463434139305,outer_01,sigmoid,0.0
912,2014-07-21,913,933,-0.010427335550267536,0.0,0.4598044854013021,outer_01,sigmoid,0.0
913,2014-07-22,914,934,-0.009128834392833518,0.0,0.4580411301180008,outer_01,sigmoid,0.0
914,2014-07-23,915,935,-0.010412385355060394,0.0,0.4498358009750035,outer_01,sigmoid,0.0
915,2014-07-24,916,936,-0.013249039490271564,0.0,0.4398807689478795,outer_01,sigmoid,0.0
916,2014-07-25,917,937,-0.021225678431437522,0.0,0.4537160069301392,outer_01,sigmoid,0.0
917,2014-07-28,918,938,-0.021644087996980588,0.0,0.4504388563166411,outer_01,sigmoid,0.0
918,2014-07-29,919,939,-0.014286455590527325,0.0,0.4368298215594536,outer_01,sigmoid,0.0
919,2014-07-30,920,940,-0.010703916789211121,0.0,0.4282644613362342,outer_01,sigmoid,0.0
920,2014-07-31,921,941,0.005130528503343612,1.0,0.4249127972625541,outer_01,sigmoid,0.0
921,2014-08-01,922,942,-0.004386583799010246,0.0,0.4231968667922486,outer_01,sigmoid,0.0
922,2014-08-04,923,943,-0.00140610396483698,0.0,0.4333520026592959,outer_01,sigmoid,0.0
923,2014-08-05,924,944,-0.017493888050064577,0.0,0.42809288385806665,outer_01,sigmoid,0.0
924,2014-08-06,925,945,-0.028409368911065158,0.0,0.4304868130716752,outer_01,sigmoid,0.0
925,2014-08-07,926,946,-0.039582275704949765,0.0,0.4369453918242555,outer_01,sigmoid,0.0
926,2014-08-08,927,947,-0.03088410597510194,0.0,0.4340787003704242,outer_01,sigmoid,0.0
927,2014-08-11,928,948,-0.039853367821427454,0.0,0.43557328707831483,outer_01,sigmoid,0.0
928,2014-08-12,929,949,-0.04192204925151355,0.0,0.432430265293919,outer_01,sigmoid,0.0
929,2014-08-13,930,950,-0.04931269384231207,0.0,0.43553607999733607,outer_01,sigmoid,0.0
930,2014-08-14,931,951,-0.05618724432009525,0.0,0.44476610449412995,outer_01,sigmoid,0.0
931,2014-08-15,932,952,-0.0575498218516346,0.0,0.445549637923775,outer_01,sigmoid,0.0
932,2014-08-18,933,953,-0.052119329000234416,0.0,0.44299807394934054,outer_01,sigmoid,0.0
933,2014-08-19,934,954,-0.048532755814743034,0.0,0.44293558978874303,outer_01,sigmoid,0.0
934,2014-08-20,935,955,-0.05492281778235952,0.0,0.42909360872031793,outer_01,sigmoid,0.0
935,2014-08-21,936,956,-0.04107067840613521,0.0,0.42783556077124946,outer_01,sigmoid,0.0
936,2014-08-22,937,957,-0.050002396314112296,0.0,0.41582666492638914,outer_01,sigmoid,0.0
937,2014-08-25,938,958,-0.0491405252918673,0.0,0.4121498734603523,outer_01,sigmoid,0.0
938,2014-08-26,939,959,-0.046683612140836495,0.0,0.4143944726489345,outer_01,sigmoid,0.0
939,2014-08-27,940,960,-0.05258451166226763,0.0,0.4144368698772412,outer_01,sigmoid,0.0
940,2014-08-28,941,961,-0.054918759002273276,0.0,0.43520283686434236,outer_01,sigmoid,0.0
941,2014-08-29,942,962,-0.05555919909093987,0.0,0.4323861278077021,outer_01,sigmoid,0.0
942,2014-09-01,943,963,-0.05714743884920814,0.0,0.42991498694556834,outer_01,sigmoid,0.0
943,2014-09-02,944,964,-0.04662760703596103,0.0,0.43297767398119114,outer_01,sigmoid,0.0
944,2014-09-03,945,965,-0.04537352447297316,0.0,0.42678019437646925,outer_01,sigmoid,0.0
945,2014-09-04,946,966,-0.038680819758805995,0.0,0.42333198037451125,outer_01,sigmoid,0.0
946,2014-09-05,947,967,-0.06673810571782468,0.0,0.4238930784527849,outer_01,sigmoid,0.0
947,2014-09-08,948,968,-0.041043477435477094,0.0,0.4255792968287652,outer_01,sigmoid,0.0
948,2014-09-09,949,969,-0.03692637302414603,0.0,0.4314631666644375,outer_01,sigmoid,0.0
949,2014-09-10,950,970,-0.02372017728165865,0.0,0.4301006420739793,outer_01,sigmoid,0.0
950,2014-09-11,951,971,-0.013319731835510495,0.0,0.4285284713699317,outer_01,sigmoid,0.0
951,2014-09-12,952,972,-0.001457601567467215,0.0,0.41511004368682464,outer_01,sigmoid,0.0
952,2014-09-15,953,973,0.0028195735847438286,1.0,0.4143387557242366,outer_01,sigmoid,0.0
953,2014-09-16,954,974,-0.001402848904860754,0.0,0.41712951250996094,outer_01,sigmoid,0.0
954,2014-09-17,955,975,0.014665580794440913,1.0,0.4080488775663549,outer_01,sigmoid,0.0
955,2014-09-18,956,976,0.010229022458478454,1.0,0.40932281774843815,outer_01,sigmoid,0.0
956,2014-09-19,957,977,0.017431873424554212,1.0,0.40521031908869226,outer_01,sigmoid,0.0
957,2014-09-22,958,978,0.025887258775925126,1.0,0.4041805806276332,outer_01,sigmoid,0.0
958,2014-09-23,959,979,0.02136660491278075,1.0,0.40619096683273576,outer_01,sigmoid,0.0
959,2014-09-24,960,980,0.020202707317519497,1.0,0.4047809101034244,outer_01,sigmoid,0.0
960,2014-09-25,961,981,0.00914060041344733,1.0,0.405295950714679,outer_01,sigmoid,0.0
961,2014-09-26,962,982,0.008576374887937277,1.0,0.40496320710908945,outer_01,sigmoid,0.0
962,2014-09-29,963,983,0.009241952503216133,1.0,0.4048844342289713,outer_01,sigmoid,0.0
963,2014-09-30,964,984,0.016385331161969496,1.0,0.4039484856784611,outer_01,sigmoid,0.0
964,2014-10-01,965,985,-0.0019225618067846284,0.0,0.4054897535218716,outer_01,sigmoid,0.0
965,2014-10-02,966,986,-0.011128581102543222,0.0,0.4061814811685456,outer_01,sigmoid,0.0
966,2014-10-03,967,987,-0.016954597539103666,0.0,0.4034557915075517,outer_01,sigmoid,0.0
967,2014-10-06,968,988,-0.03465707997944545,0.0,0.40788421225164595,outer_01,sigmoid,0.0
968,2014-10-07,969,989,-0.03389185465896816,0.0,0.41051394154373083,outer_01,sigmoid,0.0
969,2014-10-08,970,990,-0.06587021579936536,0.0,0.41715759325277435,outer_01,sigmoid,0.0
970,2014-10-09,971,991,-0.07042267471209485,0.0,0.41664014279882344,outer_01,sigmoid,0.0
971,2014-10-10,972,992,-0.043894454741971956,0.0,0.418458148978632,outer_01,sigmoid,0.0
972,2014-10-13,973,993,-0.07105989693088866,0.0,0.43627123696497866,outer_01,sigmoid,0.0
973,2014-10-14,974,994,-0.057018088083498064,0.0,0.43153104401306436,outer_01,sigmoid,0.0
974,2014-10-15,975,995,-0.06509897454935754,0.0,0.42846829491120064,outer_01,sigmoid,0.0
975,2014-10-16,976,996,-0.0631255253249492,0.0,0.41941024060340015,outer_01,sigmoid,0.0
976,2014-10-17,977,997,-0.04336926658507512,0.0,0.43338740237381485,outer_01,sigmoid,0.0
977,2014-10-20,978,998,-0.04943245522477291,0.0,0.43672078587199603,outer_01,sigmoid,0.0
978,2014-10-21,979,999,-0.04339205063834228,0.0,0.4396664456090477,outer_01,sigmoid,0.0
979,2014-10-22,980,1000,-0.048875548402560476,0.0,0.4371977389420627,outer_01,sigmoid,0.0
980,2014-10-23,981,1001,-0.032217750872385764,0.0,0.43662391561229696,outer_01,sigmoid,0.0
981,2014-10-24,982,1002,-0.022092160751491008,0.0,0.435667822924615,outer_01,sigmoid,0.0
982,2014-10-27,983,1003,-0.02324199052450826,0.0,0.43533554833387234,outer_01,sigmoid,0.0
983,2014-10-28,984,1004,-0.02203771319166581,0.0,0.42813827073755484,outer_01,sigmoid,0.0
984,2014-10-29,985,1005,-0.011388064812623888,0.0,0.4309247886305953,outer_01,sigmoid,0.0
985,2014-10-30,986,1006,-0.009359554641700463,0.0,0.41575617478231053,outer_01,sigmoid,0.0
986,2014-10-31,987,1007,-0.007584523416313438,0.0,0.411133775025861,outer_01,sigmoid,0.0
987,2014-11-03,988,1008,0.03859533073005039,1.0,0.41543274634269917,outer_01,sigmoid,0.0
988,2014-11-04,989,1009,0.023942102777378516,1.0,0.419062039087117,outer_01,sigmoid,0.0
989,2014-11-05,990,1010,0.056596400796672164,1.0,0.4085033071663681,outer_01,sigmoid,0.0
990,2014-11-06,991,1011,0.05474253791980033,1.0,0.4091754745224461,outer_01,sigmoid,0.0
991,2014-11-07,992,1012,0.01091555810302225,1.0,0.44235686010873393,outer_01,sigmoid,0.0
992,2014-11-10,993,1013,0.04404718437207933,1.0,0.4328606337463649,outer_01,sigmoid,0.0
993,2014-11-11,994,1014,0.05965996908231297,1.0,0.45261944536694976,outer_01,sigmoid,0.0
994,2014-11-12,995,1015,0.05397932292420293,1.0,0.44178541224664203,outer_01,sigmoid,0.0
995,2014-11-13,996,1016,0.054290879109125,1.0,0.4252490828233921,outer_01,sigmoid,0.0
996,2014-11-14,997,1017,0.030598220359322248,1.0,0.46177703357323824,outer_01,sigmoid,0.0
997,2014-11-17,998,1018,0.005454551337736646,1.0,0.46337760058623356,outer_01,sigmoid,0.0
998,2014-11-18,999,1019,-0.00021745312298193653,0.0,0.45756622980485523,outer_01,sigmoid,0.0
999,2014-11-19,1000,1020,0.005499617417833669,1.0,0.43756319230863566,outer_01,sigmoid,0.0
1000,2014-11-20,1001,1021,0.004124096642189379,1.0,0.44673221142516417,outer_01,sigmoid,0.0
1001,2014-11-21,1002,1022,-0.0062783021100303316,0.0,0.4526846262839454,outer_01,sigmoid,0.0
1002,2014-11-24,1003,1023,-0.018041574519714665,0.0,0.4547022090036131,outer_01,sigmoid,0.0
1003,2014-11-25,1004,1024,-0.02090961567658045,0.0,0.45654970941591266,outer_01,sigmoid,0.0
1004,2014-11-26,1005,1025,-0.00894511385220742,0.0,0.4599945677510468,outer_01,sigmoid,0.0
1005,2014-11-27,1006,1026,0.006037652929878234,1.0,0.46504224850980314,outer_01,sigmoid,0.0
1006,2014-11-28,1007,1027,0.02067407200812177,1.0,0.45602656570733124,outer_01,sigmoid,0.0
1007,2014-12-01,1008,1028,-0.009291280007778013,0.0,0.46813100849120876,outer_01,sigmoid,0.0
1008,2014-12-02,1009,1029,-0.00849833764716923,0.0,0.46574687918439783,outer_01,sigmoid,0.0
1009,2014-12-03,1010,1030,-0.017377371526357877,0.0,0.46893117507722765,outer_01,sigmoid,0.0
1010,2014-12-04,1011,1031,-0.0015866096822003684,0.0,0.46738186380973235,outer_01,sigmoid,0.0
1011,2014-12-05,1012,1032,0.02521547317122419,1.0,0.46581441958506314,outer_01,sigmoid,0.0
1012,2014-12-08,1013,1033,0.006578317011691759,1.0,0.4687761879966848,outer_01,sigmoid,0.0
1013,2014-12-09,1014,1034,-0.02300457551769952,0.0,0.46788932040490233,outer_01,sigmoid,0.0
1014,2014-12-10,1015,1035,-0.0018040747583922823,0.0,0.46339072915962326,outer_01,sigmoid,0.0
1015,2014-12-11,1016,1036,0.0037738042233614877,1.0,0.46315869978165364,outer_01,sigmoid,0.0
1016,2014-12-12,1017,1037,0.008177620427646026,1.0,0.46905616429684194,outer_01,sigmoid,0.0
1017,2014-12-15,1018,1038,0.0298904334322998,1.0,0.4667000175715449,outer_01,sigmoid,0.0
1018,2014-12-16,1019,1039,0.054876488412850755,1.0,0.47002217614789515,outer_01,sigmoid,0.0
1019,2014-12-17,1020,1040,0.0728291553928253,1.0,0.46667111012502044,outer_01,sigmoid,0.0
1020,2014-12-18,1021,1041,0.07775657506198641,1.0,0.4666086364848983,outer_01,sigmoid,0.0
1021,2014-12-19,1022,1042,0.07884242002770048,1.0,0.4706850503413332,outer_01,sigmoid,0.0
1022,2014-12-22,1023,1043,0.10023683729045185,1.0,0.47017320289725223,outer_01,sigmoid,0.0
1023,2014-12-23,1024,1044,0.09563928803986865,1.0,0.4684135403644628,outer_01,sigmoid,0.0
1024,2014-12-24,1025,1045,0.07637459019664394,1.0,0.46495617196280004,outer_01,sigmoid,0.0
1025,2014-12-26,1026,1046,0.07733285343433405,1.0,0.4660939960234403,outer_01,sigmoid,0.0
1026,2014-12-29,1027,1047,0.08270258688737453,1.0,0.4695594574282151,outer_01,sigmoid,0.0
1027,2014-12-30,1028,1048,0.047517756884671414,1.0,0.470606004156809,outer_01,sigmoid,0.0
1028,2014-12-31,1029,1049,0.07580958235932211,1.0,0.4699054722573883,outer_01,sigmoid,0.0
1029,2015-01-02,1030,1050,0.0707140032149649,1.0,0.4709151605643512,outer_01,sigmoid,0.0
1030,2015-01-05,1031,1051,0.047781352728629045,1.0,0.47054065508016163,outer_01,sigmoid,0.0
1031,2015-01-06,1032,1052,0.04209379027729376,1.0,0.4670052470185907,outer_01,sigmoid,0.0
1032,2015-01-07,1033,1053,0.045127600147893965,1.0,0.46919315559719715,outer_01,sigmoid,0.0
1033,2015-01-08,1034,1054,0.02422590773029132,1.0,0.4692944716525396,outer_01,sigmoid,0.0
1034,2015-01-09,1035,1055,0.01193922811566761,1.0,0.4700948938124252,outer_01,sigmoid,0.0
1035,2015-01-12,1036,1056,0.001776235416656391,1.0,0.4687036019662534,outer_01,sigmoid,0.0
1036,2015-01-13,1037,1057,-0.010808974387320092,0.0,0.4706597558279002,outer_01,sigmoid,0.0
1037,2015-01-14,1038,1058,-0.004753895438630806,0.0,0.4693046669456316,outer_01,sigmoid,0.0
1038,2015-01-15,1039,1059,-0.02780242575025227,0.0,0.46711819023069356,outer_01,sigmoid,0.0
1039,2015-01-16,1040,1060,-0.03724832808359224,0.0,0.46789515084293565,outer_01,sigmoid,0.0
1040,2015-01-19,1041,1061,-0.06859904756748403,0.0,0.46850181708697297,outer_01,sigmoid,0.0
1041,2015-01-21,1042,1062,-0.0635085840212195,0.0,0.4689457633945203,outer_01,sigmoid,0.0
1042,2015-01-22,1043,1063,-0.07445401819667818,0.0,0.4689233873962879,outer_01,sigmoid,0.0
1043,2015-01-23,1044,1064,-0.07350684781931083,0.0,0.4688228008238072,outer_01,sigmoid,0.0
1044,2015-01-26,1045,1065,-0.06316973440695328,0.0,0.47028440879062133,outer_01,sigmoid,0.0
1045,2015-01-27,1046,1066,-0.07312808183849029,0.0,0.4711701398503428,outer_01,sigmoid,0.0
1046,2015-01-28,1047,1067,-0.0642884213817485,0.0,0.47043611970310933,outer_01,sigmoid,0.0
1047,2015-01-29,1048,1068,-0.03944931434233556,0.0,0.47029757275935635,outer_01,sigmoid,0.0
1048,2015-01-30,1049,1069,-0.05339102259131234,0.0,0.4712163330283271,outer_01,sigmoid,0.0
1049,2015-02-02,1050,1070,-0.055540042066330564,0.0,0.4711658305078999,outer_01,sigmoid,0.0
1050,2015-02-03,1051,1071,-0.0462528466285308,0.0,0.47136865855153015,outer_01,sigmoid,0.0
1051,2015-02-04,1052,1072,-0.056494906026335556,0.0,0.4715233164417025,outer_01,sigmoid,0.0
1052,2015-02-05,1053,1073,-0.05499469540894708,0.0,0.4714897420692196,outer_01,sigmoid,0.0
1053,2015-02-06,1054,1074,-0.057040023463948764,0.0,0.47160572683272367,outer_01,sigmoid,0.0
1054,2015-02-09,1055,1075,-0.06421778028804415,0.0,0.4717586955719601,outer_01,sigmoid,0.0
1055,2015-02-10,1056,1076,-0.05980650659476705,0.0,0.4714621954892875,outer_01,sigmoid,0.0
1056,2015-02-11,1057,1077,-0.05339939138479899,0.0,0.47120515888115394,outer_01,sigmoid,0.0
1057,2015-02-12,1058,1078,-0.058319258813267716,0.0,0.4715812735191523,outer_01,sigmoid,0.0
1058,2015-02-13,1059,1079,-0.060109831765134736,0.0,0.47135760503188784,outer_01,sigmoid,0.0
1059,2015-02-16,1060,1080,-0.06473661521341967,0.0,0.47070998870873665,outer_01,sigmoid,0.0
1060,2015-02-17,1061,1081,-0.05049688904914351,0.0,0.4708390132329545,outer_01,sigmoid,0.0
1061,2015-02-18,1062,1082,-0.037623599155833354,0.0,0.4699069109053611,outer_01,sigmoid,0.0
1062,2015-02-19,1063,1083,-0.030827051939591676,0.0,0.46877027903998547,outer_01,sigmoid,0.0
1063,2015-02-20,1064,1084,-0.014292715686771373,0.0,0.46604265952203167,outer_01,sigmoid,0.0
1064,2015-02-23,1065,1085,-0.010528041450379888,0.0,0.4683818477165682,outer_01,sigmoid,0.0
1065,2015-02-24,1066,1086,-0.007504192585078506,0.0,0.4661718639376597,outer_01,sigmoid,0.0
1066,2015-02-25,1067,1087,-0.007950704437736711,0.0,0.46500515350439026,outer_01,sigmoid,0.0
1067,2015-02-26,1068,1088,-0.004341564809193343,0.0,0.4675751877344379,outer_01,sigmoid,0.0
1068,2015-02-27,1069,1089,-0.013652938472832332,0.0,0.4648731116564922,outer_01,sigmoid,0.0
1069,2015-03-02,1070,1090,-0.016597856711840997,0.0,0.4628963079444005,outer_01,sigmoid,0.0
1070,2015-03-03,1071,1091,-0.017543060865857996,0.0,0.4634531584568161,outer_01,sigmoid,0.0
1071,2015-03-04,1072,1092,0.002978272475332666,1.0,0.458792784206434,outer_01,sigmoid,0.0
1072,2015-03-05,1073,1093,0.0019412709336208422,1.0,0.45821715407105185,outer_01,sigmoid,0.0
1073,2015-03-06,1074,1094,0.03953269626923195,1.0,0.4377328770551189,outer_01,sigmoid,0.0
1074,2015-03-09,1075,1095,0.04461794205254144,1.0,0.4492945880835547,outer_01,sigmoid,0.0
1075,2015-03-10,1076,1096,0.03888481313250125,1.0,0.44238261113413774,outer_01,sigmoid,0.0
1076,2015-03-11,1077,1097,0.04058680517009705,1.0,0.437697181280097,outer_01,sigmoid,0.0
1077,2015-03-12,1078,1098,0.034447552392895986,1.0,0.44764032036295737,outer_01,sigmoid,0.0
1078,2015-03-13,1079,1099,0.042708376854286634,1.0,0.4442485350037692,outer_01,sigmoid,0.0
1079,2015-03-16,1080,1100,0.03764088527892451,1.0,0.4438983170601196,outer_01,sigmoid,0.0
1080,2015-03-17,1081,1101,0.0370643670700046,1.0,0.43915636184552764,outer_01,sigmoid,0.0
1081,2015-03-18,1082,1102,0.029258606946036103,1.0,0.4360507839903858,outer_01,sigmoid,0.0
1082,2015-03-19,1083,1103,0.0238534592230657,1.0,0.4405342947246695,outer_01,sigmoid,0.0
1083,2015-03-20,1084,1104,0.0163025495969924,1.0,0.45041883649954084,outer_01,sigmoid,0.0
1084,2015-03-23,1085,1105,0.005925732176265797,1.0,0.45745973469880263,outer_01,sigmoid,0.0
1085,2015-03-24,1086,1106,0.008577578137524355,1.0,0.4613753878695979,outer_01,sigmoid,0.0
1086,2015-03-25,1087,1107,-0.006379446312072545,0.0,0.4654244524247619,outer_01,sigmoid,0.0
1087,2015-03-26,1088,1108,-0.008580952021176813,0.0,0.4664134337649511,outer_01,sigmoid,0.0
1088,2015-03-27,1089,1109,-0.015019656080713872,0.0,0.45816809815786674,outer_01,sigmoid,0.0
1089,2015-03-30,1090,1110,0.013175443230341699,1.0,0.45064772691530675,outer_01,sigmoid,0.0
1090,2015-03-31,1091,1111,0.02371632862530504,1.0,0.4539504633483163,outer_01,sigmoid,0.0
1091,2015-04-01,1092,1112,0.001278432848867972,1.0,0.45949006538129283,outer_01,sigmoid,0.0
1092,2015-04-02,1093,1113,-0.014132911392160885,0.0,0.4583733361395187,outer_01,sigmoid,0.0
1093,2015-04-03,1094,1114,-0.02984947328685994,0.0,0.42089162229250493,outer_01,sigmoid,0.0
1094,2015-04-06,1095,1115,-0.021858156972477616,0.0,0.45592405407864894,outer_01,sigmoid,0.0
1095,2015-04-07,1096,1116,-0.012590408876996584,0.0,0.44287349838611373,outer_01,sigmoid,0.0
1096,2015-04-08,1097,1117,-0.009422447859874339,0.0,0.44686414440513245,outer_01,sigmoid,0.0
1097,2015-04-09,1098,1118,-0.008777812651579175,0.0,0.4386779882103806,outer_01,sigmoid,0.0
1098,2015-04-10,1099,1119,-0.0154524130346676,0.0,0.44318669467223354,outer_01,sigmoid,0.0
1099,2015-04-13,1100,1120,-0.012682994478589116,0.0,0.44869167436312646,outer_01,sigmoid,0.0
1100,2015-04-14,1101,1121,0.00048614488074605333,1.0,0.44644853095463066,outer_01,sigmoid,0.0
1101,2015-04-15,1102,1122,0.010564687446348309,1.0,0.44652134254272235,outer_01,sigmoid,0.0
1102,2015-04-16,1103,1123,0.018412830327795504,1.0,0.44578627966858636,outer_01,sigmoid,0.0
1103,2015-04-17,1104,1124,0.015191541337395975,1.0,0.4486744105571738,outer_01,sigmoid,0.0
1104,2015-04-20,1105,1125,0.023659921212111357,1.0,0.45159280441854566,outer_01,sigmoid,0.0
1105,2015-04-21,1106,1126,0.005043602923745283,1.0,0.44975108536525843,outer_01,sigmoid,0.0
1106,2015-04-22,1107,1127,0.01819923648330235,1.0,0.4579480503502937,outer_01,sigmoid,0.0
1107,2015-04-23,1108,1128,0.010198813561579811,1.0,0.4556741742001089,outer_01,sigmoid,0.0
1108,2015-04-24,1109,1129,0.021255444956023162,1.0,0.45478920399355827,outer_01,sigmoid,0.0
1109,2015-04-27,1110,1130,0.00391155902033713,1.0,0.4535788941257914,outer_01,sigmoid,0.0
1110,2015-04-28,1111,1131,-0.020848241696452163,0.0,0.4543385831198017,outer_01,sigmoid,0.0
1111,2015-04-29,1112,1132,-0.015012109172305443,0.0,0.4546231501863001,outer_01,sigmoid,0.0
1112,2015-04-30,1113,1133,0.002765157428348708,1.0,0.4455721330283234,outer_01,sigmoid,0.0
1113,2015-05-01,1114,1134,0.008926973337953115,1.0,0.43403409988633174,outer_01,sigmoid,0.0
1114,2015-05-04,1115,1135,0.0006898234493837307,1.0,0.43744755410208214,outer_01,sigmoid,0.0
1115,2015-05-05,1116,1136,-5.865913596725392e-05,0.0,0.44091016060864524,outer_01,sigmoid,0.0
1116,2015-05-06,1117,1137,-0.005292998939687266,0.0,0.4354721829416689,outer_01,sigmoid,0.0
1117,2015-05-07,1118,1138,-0.005937449947950313,0.0,0.4436566711577974,outer_01,sigmoid,0.0
1118,2015-05-08,1119,1139,-0.015823141774892413,0.0,0.43822028333233065,outer_01,sigmoid,0.0
1119,2015-05-11,1120,1140,-0.008253118421830408,0.0,0.4416173049822719,outer_01,sigmoid,0.0
1120,2015-05-12,1121,1141,-0.013982583208078658,0.0,0.4425449506236983,outer_01,sigmoid,0.0
1121,2015-05-13,1122,1142,-0.023851499598235293,0.0,0.4170311333784075,outer_01,sigmoid,0.0
1122,2015-05-14,1123,1143,-0.03287143986685859,0.0,0.4236585125119164,outer_01,sigmoid,0.0
1123,2015-05-15,1124,1144,-0.03456001055622249,0.0,0.43659928966551337,outer_01,sigmoid,0.0
1124,2015-05-18,1125,1145,-0.032852667063560936,0.0,0.44233949265192946,outer_01,sigmoid,0.0
1125,2015-05-19,1126,1146,-0.02237450679047459,0.0,0.43276847223436254,outer_01,sigmoid,0.0
1126,2015-05-20,1127,1147,-0.02099042623681413,0.0,0.44219448376532633,outer_01,sigmoid,0.0
1127,2015-05-21,1128,1148,-0.003487883154258853,0.0,0.43988377562164016,outer_01,sigmoid,0.0
1128,2015-05-22,1129,1149,-0.0034835853766592706,0.0,0.441190872687783,outer_01,sigmoid,0.0
1129,2015-05-25,1130,1150,-0.017407447503662965,0.0,0.45980244274718074,outer_01,sigmoid,0.0
1130,2015-05-26,1131,1151,-0.00731297142019649,0.0,0.43856187710302114,outer_01,sigmoid,0.0
1131,2015-05-27,1132,1152,-0.010608449859644153,0.0,0.44901377574182444,outer_01,sigmoid,0.0
1132,2015-05-28,1133,1153,-0.011958440905512902,0.0,0.4414186962954565,outer_01,sigmoid,0.0
1133,2015-05-29,1134,1154,-0.0035511161892571863,0.0,0.44863623825554394,outer_01,sigmoid,0.0
1134,2015-06-01,1135,1155,-0.007665201555103529,0.0,0.44557504516105206,outer_01,sigmoid,0.0
1135,2015-06-02,1136,1156,-0.01618661367144103,0.0,0.4473057180601005,outer_01,sigmoid,0.0
1136,2015-06-03,1137,1157,-0.014335914312030518,0.0,0.43411595746678144,outer_01,sigmoid,0.0
1137,2015-06-04,1138,1158,-0.009783159955193632,0.0,0.42697702201354915,outer_01,sigmoid,0.0
1138,2015-06-05,1139,1159,0.0017250365083540942,1.0,0.420203174124928,outer_01,sigmoid,0.0
1139,2015-06-08,1140,1160,-0.0032076191329455384,0.0,0.4348762764620963,outer_01,sigmoid,0.0
1140,2015-06-09,1141,1161,-0.02019785146354458,0.0,0.43303997258464416,outer_01,sigmoid,0.0
1141,2015-06-10,1142,1162,-0.02338120989661352,0.0,0.4221904286589247,outer_01,sigmoid,0.0
1142,2015-06-11,1143,1163,-0.01886155329101591,0.0,0.41835283031315507,outer_01,sigmoid,0.0
1143,2015-06-12,1144,1164,-0.01658104429717966,0.0,0.4130367189361072,outer_01,sigmoid,0.0
1144,2015-06-15,1145,1165,-0.02357005723585104,0.0,0.41345953174210676,outer_01,sigmoid,0.0
1145,2015-06-16,1146,1166,-0.02236728198443494,0.0,0.42362952333301035,outer_01,sigmoid,0.0
1146,2015-06-17,1147,1167,-0.03017492485642226,0.0,0.42154330577888055,outer_01,sigmoid,0.0
1147,2015-06-18,1148,1168,-0.04857056712911767,0.0,0.41573070312335075,outer_01,sigmoid,0.0
1148,2015-06-19,1149,1169,-0.05841583444069176,0.0,0.41749664727072416,outer_01,sigmoid,0.0
1149,2015-06-22,1150,1170,-0.07657247233938502,0.0,0.4220427742587522,outer_01,sigmoid,0.0
1150,2015-06-23,1151,1171,-0.06652548619495313,0.0,0.43982995112987483,outer_01,sigmoid,0.0
1151,2015-06-24,1152,1172,-0.07093233493002238,0.0,0.43748377047491244,outer_01,sigmoid,0.0
1152,2015-06-25,1153,1173,-0.07286417175463278,0.0,0.4350450419298311,outer_01,sigmoid,0.0
1153,2015-06-26,1154,1174,-0.07951316753936855,0.0,0.42997759936458796,outer_01,sigmoid,0.0
1154,2015-06-29,1155,1175,-0.07508625309226424,0.0,0.42350511852052747,outer_01,sigmoid,0.0
1155,2015-06-30,1156,1176,-0.06969941305030591,0.0,0.428547610712989,outer_01,sigmoid,0.0
1156,2015-07-01,1157,1177,-0.06382494859882915,0.0,0.43915962739295555,outer_01,sigmoid,0.0
1157,2015-07-02,1158,1178,-0.06836621120727049,0.0,0.44127914346594665,outer_01,sigmoid,0.0
1158,2015-07-03,1159,1179,-0.06730000972070815,0.0,0.433256311556109,outer_01,sigmoid,0.0
1159,2015-07-06,1160,1180,-0.07541088593829315,0.0,0.43538357754231605,outer_01,sigmoid,0.0
1160,2015-07-07,1161,1181,-0.05887728738280096,0.0,0.4348985591819997,outer_01,sigmoid,0.0
1161,2015-07-08,1162,1182,-0.06621251238485382,0.0,0.42301722212294424,outer_01,sigmoid,0.0
1162,2015-07-09,1163,1183,-0.06213432391953955,0.0,0.42026513551390887,outer_01,sigmoid,0.0
1163,2015-07-10,1164,1184,-0.061807883324020985,0.0,0.42128063498446233,outer_01,sigmoid,0.0
1164,2015-07-13,1165,1185,-0.047525065446418324,0.0,0.42034295461684595,outer_01,sigmoid,0.0
1165,2015-07-14,1166,1186,-0.04135755087601822,0.0,0.4215127118551361,outer_01,sigmoid,0.0
1166,2015-07-15,1167,1187,-0.020895285090075433,0.0,0.4179350852061858,outer_01,sigmoid,0.0
1167,2015-07-16,1168,1188,-0.026458676700674033,0.0,0.40778661801202826,outer_01,sigmoid,0.0
1168,2015-07-17,1169,1189,-0.01589524669066389,0.0,0.4083260302780959,outer_01,sigmoid,0.0
1169,2015-07-20,1170,1190,0.017277448815667285,1.0,0.41097175031702027,outer_01,sigmoid,0.0
1170,2015-07-21,1171,1191,0.013815932207062787,1.0,0.4130241972131028,outer_01,sigmoid,0.0
1171,2015-07-22,1172,1192,0.035041221623537844,1.0,0.4117441621960227,outer_01,sigmoid,0.0
1172,2015-07-23,1173,1193,0.055755342442886935,1.0,0.40934294632699864,outer_01,sigmoid,0.0
1173,2015-07-24,1174,1194,0.0608533222140073,1.0,0.40924642897360797,outer_01,sigmoid,0.0
1174,2015-07-27,1175,1195,0.052312707375262946,1.0,0.4116975322372118,outer_01,sigmoid,0.0
1175,2015-07-28,1176,1196,0.0404723730996972,1.0,0.40662114547562606,outer_01,sigmoid,0.0
1176,2015-07-29,1177,1197,0.026806285550940778,1.0,0.40490834638094686,outer_01,sigmoid,0.0
1177,2015-07-30,1178,1198,0.033244559161518694,1.0,0.4036499246954679,outer_01,sigmoid,0.0
1178,2015-07-31,1179,1199,0.03413668143082216,1.0,0.4090533862018326,outer_01,sigmoid,0.0
1179,2015-08-03,1180,1200,0.044405291525892565,1.0,0.40861268981965954,outer_01,sigmoid,0.0
1180,2015-08-04,1181,1201,0.0470670880069024,1.0,0.4082124884471816,outer_01,sigmoid,0.0
1181,2015-08-05,1182,1202,0.04405490392226419,1.0,0.40411795756248026,outer_01,sigmoid,0.0
1182,2015-08-06,1183,1203,0.031896367655382285,1.0,0.40379492670187095,outer_01,sigmoid,0.0
1183,2015-08-07,1184,1204,0.027031965949062098,1.0,0.4062070498036617,outer_01,sigmoid,0.0
1184,2015-08-10,1185,1205,0.014250698575501097,1.0,0.4140576022211843,outer_01,sigmoid,0.0
1185,2015-08-11,1186,1206,0.011486494635811972,1.0,0.4170544011774249,outer_01,sigmoid,0.0
1186,2015-08-12,1187,1207,-0.016378533349478808,0.0,0.4326856253213655,outer_01,sigmoid,0.0
1187,2015-08-13,1188,1208,-0.0037283138672403737,0.0,0.43572979656948424,outer_01,sigmoid,0.0
1188,2015-08-14,1189,1209,-0.006534265016098217,0.0,0.4313262592993163,outer_01,sigmoid,0.0
1189,2015-08-17,1190,1210,-0.008023871934367044,0.0,0.41991389062892887,outer_01,sigmoid,0.0
1190,2015-08-18,1191,1211,-0.011460773322863993,0.0,0.42003614195448913,outer_01,sigmoid,0.0
1191,2015-08-19,1192,1212,-0.012651822131922508,0.0,0.42840748076794727,outer_01,sigmoid,0.0
1192,2015-08-20,1193,1213,-0.020064752131512265,0.0,0.4391312353558213,outer_01,sigmoid,0.0
1193,2015-08-21,1194,1214,-0.021889969870940718,0.0,0.4441423021032926,outer_01,sigmoid,0.0
1194,2015-08-24,1195,1215,-0.017949940045692614,0.0,0.43437813116270557,outer_01,sigmoid,0.0
1195,2015-08-25,1196,1216,-0.013703682697159714,0.0,0.42917346104036286,outer_01,sigmoid,0.0
1196,2015-08-26,1197,1217,0.004280763956365341,1.0,0.42604758690927313,outer_01,sigmoid,0.0
1197,2015-08-27,1198,1218,0.021187605770098372,1.0,0.4202616259944353,outer_01,sigmoid,0.0
1198,2015-08-28,1199,1219,0.010144442223844585,1.0,0.42050105523907527,outer_01,sigmoid,0.0
1199,2015-08-31,1200,1220,-0.0022853522460959397,0.0,0.42085368097543957,outer_01,sigmoid,0.0
1200,2015-09-01,1201,1221,-0.010992805760837498,0.0,0.43151813354853824,outer_01,sigmoid,0.0
1201,2015-09-02,1202,1222,-0.01611245755130586,0.0,0.4412951774715141,outer_01,sigmoid,0.0
1202,2015-09-03,1203,1223,-0.01037278628560312,0.0,0.4391848229378971,outer_01,sigmoid,0.0
1203,2015-09-04,1204,1224,0.012204933404639462,1.0,0.4497483706880977,outer_01,sigmoid,0.0
1204,2015-09-07,1205,1225,0.01370710351746407,1.0,0.45274193345984715,outer_01,sigmoid,0.0
1205,2015-09-08,1206,1226,0.022296907513840836,1.0,0.4403111999705147,outer_01,sigmoid,0.0
1206,2015-09-09,1207,1227,0.0338476498213085,1.0,0.4335044117291647,outer_01,sigmoid,0.0
1207,2015-09-10,1208,1228,0.024828052330156503,1.0,0.4417580586065121,outer_01,sigmoid,0.0
1208,2015-09-11,1209,1229,0.04276765521510395,1.0,0.44634790751785053,outer_01,sigmoid,0.0
1209,2015-09-14,1210,1230,0.048469207018323246,1.0,0.4348139881349808,outer_01,sigmoid,0.0
1210,2015-09-15,1211,1231,0.055280773801127836,1.0,0.44134953099487934,outer_01,sigmoid,0.0
1211,2015-09-16,1212,1232,0.05673143428677463,1.0,0.44681477926888347,outer_01,sigmoid,0.0
1212,2015-09-17,1213,1233,0.04426258840776853,1.0,0.45134659549604456,outer_01,sigmoid,0.0
1213,2015-09-18,1214,1234,0.03233067201164452,1.0,0.4528153313951743,outer_01,sigmoid,0.0
1214,2015-09-21,1215,1235,0.03218744533625628,1.0,0.4375504273206629,outer_01,sigmoid,0.0
1215,2015-09-22,1216,1236,0.04467515897786356,1.0,0.4269513290282728,outer_01,sigmoid,0.0
1216,2015-09-23,1217,1237,0.032112891044532965,1.0,0.4439403192949387,outer_01,sigmoid,0.0
1217,2015-09-24,1218,1238,0.01420852648049209,1.0,0.4373499774231767,outer_01,sigmoid,0.0
1218,2015-09-25,1219,1239,0.01522408022808186,1.0,0.4504973651271492,outer_01,sigmoid,0.0
1219,2015-09-28,1220,1240,0.027687106997608346,1.0,0.45275301568911896,outer_01,sigmoid,0.0
1220,2015-09-29,1221,1241,0.034749569326486984,1.0,0.455767805222339,outer_01,sigmoid,0.0
1221,2015-09-30,1222,1242,0.03679366867260736,1.0,0.44243270485531727,outer_01,sigmoid,0.0
1222,2015-10-01,1223,1243,0.02847318664485421,1.0,0.4561201917525369,outer_01,sigmoid,0.0
1223,2015-10-02,1224,1244,0.00409967961168789,1.0,0.4580757812236548,outer_01,sigmoid,0.0
1224,2015-10-05,1225,1245,-0.0016833017833297603,0.0,0.46311054410285013,outer_01,sigmoid,0.0
1225,2015-10-06,1226,1246,-0.025449047639154898,0.0,0.460442410368666,outer_01,sigmoid,0.0
1226,2015-10-07,1227,1247,-0.03298080130297443,0.0,0.4592828336247684,outer_01,sigmoid,0.0
1227,2015-10-08,1228,1248,-0.030677553117296696,0.0,0.46175959393567334,outer_01,sigmoid,0.0
1228,2015-10-09,1229,1249,-0.05833829789804401,0.0,0.45713845854545626,outer_01,sigmoid,0.0
1229,2015-10-12,1230,1250,-0.06319179361882465,0.0,0.4554128024771905,outer_01,sigmoid,0.0
1230,2015-10-13,1231,1251,-0.06929377677377868,0.0,0.43464992295498606,outer_01,sigmoid,0.0
1231,2015-10-14,1232,1252,-0.08639299285518387,0.0,0.43686547764416483,outer_01,sigmoid,0.0
1232,2015-10-15,1233,1253,-0.08567869212448542,0.0,0.44508511600793893,outer_01,sigmoid,0.0
1233,2015-10-16,1234,1254,-0.07813568149297367,0.0,0.44427804627640377,outer_01,sigmoid,0.0
1234,2015-10-19,1235,1255,-0.07649277872289062,0.0,0.4428828624552921,outer_01,sigmoid,0.0
1235,2015-10-20,1236,1256,-0.09315553827640954,0.0,0.44972511909382235,outer_01,sigmoid,0.0
1236,2015-10-21,1237,1257,-0.08584262622922267,0.0,0.4613123936374424,outer_01,sigmoid,0.0
1237,2015-10-22,1238,1258,-0.07486033321691021,0.0,0.46572711720648774,outer_01,sigmoid,0.0
1238,2015-10-23,1239,1259,-0.0775270280888094,0.0,0.46066344685159305,outer_01,sigmoid,0.0
1239,2015-10-26,1240,1260,-0.08489280900411789,0.0,0.4588932173947407,outer_01,sigmoid,0.0
1240,2015-10-27,1241,1261,-0.08156829150512657,0.0,0.4588203724893665,outer_01,sigmoid,0.0
1241,2015-10-28,1242,1262,-0.07738934508499096,0.0,0.4582285677922914,outer_01,sigmoid,0.0
1242,2015-10-29,1243,1263,-0.06666127582921177,0.0,0.4537650017778974,outer_01,sigmoid,0.0
1243,2015-10-30,1244,1264,-0.07564498605709336,0.0,0.45931691118829465,outer_01,sigmoid,0.0
1244,2015-11-02,1245,1265,-0.06270788174746045,0.0,0.46528364086837465,outer_01,sigmoid,0.0
1245,2015-11-03,1246,1266,-0.04503774420745987,0.0,0.4666739579052532,outer_01,sigmoid,0.0
1246,2015-11-04,1247,1267,-0.050061799294856435,0.0,0.46425705483619745,outer_01,sigmoid,0.0
1247,2015-11-05,1248,1268,-0.038013710219057195,0.0,0.4648443238009077,outer_01,sigmoid,0.0
1248,2015-11-06,1249,1269,-0.00506632810218921,0.0,0.4616546542147063,outer_01,sigmoid,0.0
1249,2015-11-09,1250,1270,-0.019702657012537372,0.0,0.45095076301921017,outer_01,sigmoid,0.0
1250,2015-11-10,1251,1271,-0.014184241763945948,0.0,0.46012786186124377,outer_01,sigmoid,0.0
1251,2015-11-11,1252,1272,-0.013248908303046925,0.0,0.4525507490597586,outer_01,sigmoid,0.0
1252,2015-11-12,1253,1273,-0.012287160496473604,0.0,0.45058131268782026,outer_01,sigmoid,0.0
1253,2015-11-13,1254,1274,-0.013312991802849616,0.0,0.4407606508710682,outer_01,sigmoid,0.0
1254,2015-11-16,1255,1275,-0.02115686766528846,0.0,0.44050870494206423,outer_01,sigmoid,0.0
1255,2015-11-17,1256,1276,-0.009715096244285348,0.0,0.4368834302914013,outer_01,sigmoid,0.0
1256,2015-11-18,1257,1277,0.0003732144066761478,1.0,0.417572352959018,outer_01,sigmoid,0.0
1257,2015-11-19,1258,1278,-0.02905278369656994,0.0,0.4185722139732682,outer_01,sigmoid,0.0
1258,2015-11-20,1259,1279,-0.009326448938717036,0.0,0.4142746714752059,outer_01,sigmoid,0.0
1259,2015-11-23,1260,1280,0.008374017907284426,1.0,0.408948022054432,outer_01,sigmoid,0.0
1260,2015-11-24,1261,1281,-0.0026250154701896733,0.0,0.41418263693458174,outer_01,sigmoid,0.0
1261,2015-11-25,1262,1282,-0.0007658040849802816,0.0,0.41478428252165905,outer_01,sigmoid,0.0
1262,2015-11-26,1263,1283,0.0038181847635962995,1.0,0.4097870025901254,outer_01,sigmoid,0.0
1263,2015-11-27,1264,1284,0.00988212584385284,1.0,0.4077831375008124,outer_01,sigmoid,0.0
1264,2015-11-30,1265,1285,0.00393660704642862,1.0,0.40799821567019506,outer_01,sigmoid,0.0
1265,2015-12-01,1266,1286,-0.007041489211620622,0.0,0.4099669446510976,outer_01,sigmoid,0.0
1266,2015-12-02,1267,1287,0.010421480817192297,1.0,0.40549196629259093,outer_01,sigmoid,0.0
1267,2015-12-03,1268,1288,0.009173946858537896,1.0,0.41076478299572455,outer_01,sigmoid,0.0
1268,2015-12-04,1269,1289,-0.006538539967106516,0.0,0.4435482187263576,outer_01,sigmoid,0.0
1269,2015-12-07,1270,1290,0.02091041977909658,1.0,0.43747674464715,outer_01,sigmoid,0.0
1270,2015-12-08,1271,1291,0.03123264193953279,1.0,0.45183551586339393,outer_01,sigmoid,0.0
1271,2015-12-09,1272,1292,0.03230231299543007,1.0,0.4497298193973032,outer_01,sigmoid,0.0
1272,2015-12-10,1273,1293,0.021635037702092852,1.0,0.4349638311541812,outer_01,sigmoid,0.0
1273,2015-12-11,1274,1294,0.012733838545471166,1.0,0.45427463173673094,outer_01,sigmoid,0.0
1274,2015-12-14,1275,1295,0.029783114836905433,1.0,0.44785819030669627,outer_01,sigmoid,0.0
1275,2015-12-15,1276,1296,0.01590176676620292,1.0,0.4483566385998014,outer_01,sigmoid,0.0
1276,2015-12-16,1277,1297,0.01680805117787365,1.0,0.45793102748917264,outer_01,sigmoid,0.0
1277,2015-12-17,1278,1298,0.03598865266781459,1.0,0.4458960347241329,outer_01,sigmoid,0.0
1278,2015-12-18,1279,1299,0.020066320738084897,1.0,0.4611553147303395,outer_01,sigmoid,0.0
1279,2015-12-21,1280,1300,0.020992147589390164,1.0,0.4678017452604975,outer_01,sigmoid,0.0
1280,2015-12-22,1281,1301,0.02599054295675085,1.0,0.4635740706072008,outer_01,sigmoid,0.0
1281,2015-12-23,1282,1302,0.02524937072342137,1.0,0.46151976366737146,outer_01,sigmoid,0.0
1282,2015-12-24,1283,1303,0.029670876086956177,1.0,0.46142495567932074,outer_01,sigmoid,0.0
1283,2015-12-28,1284,1304,0.04667608334137796,1.0,0.4610392061809815,outer_01,sigmoid,0.0
1284,2015-12-29,1285,1305,0.05155658747472902,1.0,0.46150928320628215,outer_01,sigmoid,0.0
1285,2015-12-30,1286,1306,0.049589798792939455,1.0,0.45713210449253705,outer_01,sigmoid,0.0
1286,2015-12-31,1287,1307,0.04676329130455592,1.0,0.44941550775945804,outer_01,sigmoid,0.0
1287,2016-01-04,1288,1308,0.049918823701299964,1.0,0.4632578919118137,outer_01,sigmoid,0.0
1288,2016-01-05,1289,1309,0.045676995751215976,1.0,0.46424163692704956,outer_01,sigmoid,0.0
1289,2016-01-06,1290,1310,0.04292988574962653,1.0,0.46329039651683807,outer_01,sigmoid,0.0
1290,2016-01-07,1291,1311,0.041417152119318956,1.0,0.46265856938432826,outer_01,sigmoid,0.0
1291,2016-01-08,1292,1312,0.05367171708285312,1.0,0.45987219888546155,outer_01,sigmoid,0.0
1292,2016-01-11,1293,1313,0.0835967082936877,1.0,0.452004264944448,outer_01,sigmoid,0.0
1293,2016-01-12,1294,1314,0.08959429284849207,1.0,0.4525266909296543,outer_01,sigmoid,0.0
1294,2016-01-13,1295,1315,0.09043871685365623,1.0,0.44093542368658284,outer_01,sigmoid,0.0
1295,2016-01-14,1296,1316,0.14616663203084101,1.0,0.43980302614863376,outer_01,sigmoid,0.0
1296,2016-01-15,1297,1317,0.12233273675106027,1.0,0.4547864201031088,outer_01,sigmoid,0.0
1297,2016-01-18,1298,1318,0.10418857451016539,1.0,0.44495054855375915,outer_01,sigmoid,0.0
1298,2016-01-19,1299,1319,0.1003062574503879,1.0,0.45319383482826636,outer_01,sigmoid,0.0
1299,2016-01-20,1300,1320,0.09281910046965614,1.0,0.45835705789494646,outer_01,sigmoid,0.0
1300,2016-01-21,1301,1321,0.1115477432486296,1.0,0.4577179325001977,outer_01,sigmoid,0.0
1301,2016-01-22,1302,1322,0.10963112453247437,1.0,0.45918910928840295,outer_01,sigmoid,0.0
1302,2016-01-25,1303,1323,0.08706025120957861,1.0,0.4570708395928064,outer_01,sigmoid,0.0
1303,2016-01-26,1304,1324,0.09138400816600978,1.0,0.4430311057476924,outer_01,sigmoid,0.0
1304,2016-01-27,1305,1325,0.08611142792600024,1.0,0.44728291355043787,outer_01,sigmoid,0.0
1305,2016-01-28,1306,1326,0.09976447581457482,1.0,0.4468780072450209,outer_01,sigmoid,0.0
1306,2016-01-29,1307,1327,0.08838903541246257,1.0,0.44443224159833644,outer_01,sigmoid,0.0
1307,2016-02-01,1308,1328,0.09382788441102274,1.0,0.438970592451069,outer_01,sigmoid,0.0
1308,2016-02-02,1309,1329,0.08755859808392508,1.0,0.4506069011087083,outer_01,sigmoid,0.0
1309,2016-02-03,1310,1330,0.08388430326857854,1.0,0.45116212316432064,outer_01,sigmoid,0.0
1310,2016-02-04,1311,1331,0.08846567741263822,1.0,0.45514954814259434,outer_01,sigmoid,0.0
1311,2016-02-05,1312,1332,0.07525839791670474,1.0,0.4651688812786386,outer_01,sigmoid,0.0
1312,2016-02-08,1313,1333,0.061669449766713846,1.0,0.46905865602954955,outer_01,sigmoid,0.0
1313,2016-02-09,1314,1334,0.058931297222406975,1.0,0.4669081949319629,outer_01,sigmoid,0.0
1314,2016-02-10,1315,1335,0.0457167407839405,1.0,0.4672146797486831,outer_01,sigmoid,0.0
1315,2016-02-11,1316,1336,0.017467866489167427,1.0,0.46904250795613484,outer_01,sigmoid,0.0
1316,2016-02-12,1317,1337,0.01565602316004977,1.0,0.471221715796164,outer_01,sigmoid,0.0
1317,2016-02-15,1318,1338,0.021373510254642625,1.0,0.4712629130452016,outer_01,sigmoid,0.0
1318,2016-02-16,1319,1339,0.024835795182696074,1.0,0.47138650751029154,outer_01,sigmoid,0.0
1319,2016-02-17,1320,1340,0.041708680047777946,1.0,0.4713292721509056,outer_01,sigmoid,0.0
1320,2016-02-18,1321,1341,0.02218796590376826,1.0,0.47183968763284495,outer_01,sigmoid,0.0
1321,2016-02-19,1322,1342,0.023901406804927028,1.0,0.4718825755812431,outer_01,sigmoid,0.0
1322,2016-02-22,1323,1343,0.02813480635237653,1.0,0.471865058478288,outer_01,sigmoid,0.0
1323,2016-02-23,1324,1344,0.016721270493005314,1.0,0.47192890071647575,outer_01,sigmoid,0.0
1324,2016-02-24,1325,1345,-0.003413084067759087,0.0,0.4719512660813752,outer_01,sigmoid,0.0
1325,2016-02-25,1326,1346,-0.01474702198583877,0.0,0.4719391318101592,outer_01,sigmoid,0.0
1326,2016-02-26,1327,1347,0.0014919380744098376,1.0,0.4719038101874332,outer_01,sigmoid,0.0
1327,2016-02-29,1328,1348,0.001902873428409002,1.0,0.4719319601498798,outer_01,sigmoid,0.0
1328,2016-03-01,1329,1349,-0.004476647554263913,0.0,0.47732426928522115,outer_02,sigmoid,0.0
1329,2016-03-02,1330,1350,-0.0079983928293208,0.0,0.47760756404058363,outer_02,sigmoid,0.0
1330,2016-03-03,1331,1351,-0.03390209798928012,0.0,0.477443478098046,outer_02,sigmoid,0.0
1331,2016-03-04,1332,1352,-0.03562499782667672,0.0,0.47701783435009926,outer_02,sigmoid,0.0
1332,2016-03-07,1333,1353,-0.028846575083997017,0.0,0.4777097584499238,outer_02,sigmoid,0.0
1333,2016-03-08,1334,1354,-0.031122710282997623,0.0,0.4782966457943341,outer_02,sigmoid,0.0
1334,2016-03-09,1335,1355,-0.010698035875701173,0.0,0.4780881170014996,outer_02,sigmoid,0.0
1335,2016-03-10,1336,1356,-0.019987224342773224,0.0,0.4790736373464157,outer_02,sigmoid,0.0
1336,2016-03-11,1337,1357,0.003756599395415172,1.0,0.47891109550391225,outer_02,sigmoid,0.0
1337,2016-03-14,1338,1358,0.016412766051052685,1.0,0.47749870913775727,outer_02,sigmoid,0.0
1338,2016-03-15,1339,1359,0.007797357712927777,1.0,0.47653925192943486,outer_02,sigmoid,0.0
1339,2016-03-16,1340,1360,-0.025817536442984235,0.0,0.47934779112538367,outer_02,sigmoid,0.0
1340,2016-03-17,1341,1361,-0.01926792424616508,0.0,0.47943343372125236,outer_02,sigmoid,0.0
1341,2016-03-18,1342,1362,-0.018324783175422965,0.0,0.4794881815202226,outer_02,sigmoid,0.0
1342,2016-03-21,1343,1363,0.004909245158023268,1.0,0.47936328824295316,outer_02,sigmoid,0.0
1343,2016-03-22,1344,1364,-0.003170796037250234,0.0,0.47824939833436575,outer_02,sigmoid,0.0
1344,2016-03-23,1345,1365,0.020281879063324126,1.0,0.47823805332748975,outer_02,sigmoid,0.0
1345,2016-03-24,1346,1366,0.014649641520283474,1.0,0.47673976104474824,outer_02,sigmoid,0.0
1346,2016-03-28,1347,1367,0.013853465030083889,1.0,0.4770732005897432,outer_02,sigmoid,0.0
1347,2016-03-29,1348,1368,0.0011271144650732978,1.0,0.4783680343520214,outer_02,sigmoid,0.0
1348,2016-03-30,1349,1369,0.015822282530230325,1.0,0.47811249272966627,outer_02,sigmoid,0.0
1349,2016-03-31,1350,1370,0.0275332707704683,1.0,0.47746824718263225,outer_02,sigmoid,0.0
1350,2016-04-01,1351,1371,0.05759764466963535,1.0,0.4768757269899319,outer_02,sigmoid,0.0
1351,2016-04-04,1352,1372,0.06094101979741673,1.0,0.471552559466362,outer_02,sigmoid,0.0
1352,2016-04-05,1353,1373,0.04383141636241916,1.0,0.4766946540642588,outer_02,sigmoid,0.0
1353,2016-04-06,1354,1374,0.045297186060526684,1.0,0.4772942907044885,outer_02,sigmoid,0.0
1354,2016-04-07,1355,1375,0.03029402928412761,1.0,0.4791064020573391,outer_02,sigmoid,0.0
1355,2016-04-08,1356,1376,0.031169361923549133,1.0,0.4787966989436609,outer_02,sigmoid,0.0
1356,2016-04-11,1357,1377,0.006253541953436859,1.0,0.47845666987664087,outer_02,sigmoid,0.0
1357,2016-04-12,1358,1378,0.008280241465387306,1.0,0.4791442316373779,outer_02,sigmoid,0.0
1358,2016-04-13,1359,1379,0.02782807590300429,1.0,0.4780643262555737,outer_02,sigmoid,0.0
1359,2016-04-14,1360,1380,0.02948697449268245,1.0,0.47470686876613283,outer_02,sigmoid,0.0
1360,2016-04-15,1361,1381,0.030360713981636422,1.0,0.4740347203753874,outer_02,sigmoid,0.0
1361,2016-04-18,1362,1382,0.033772190155789694,1.0,0.47695170968651807,outer_02,sigmoid,0.0
1362,2016-04-19,1363,1383,0.02418328345210874,1.0,0.47955890944754015,outer_02,sigmoid,0.0
1363,2016-04-20,1364,1384,0.011876738071499027,1.0,0.4794797967332952,outer_02,sigmoid,0.0
1364,2016-04-21,1365,1385,0.006399497738205362,1.0,0.47779977482252,outer_02,sigmoid,0.0
1365,2016-04-22,1366,1386,0.01459809373099663,1.0,0.47686962806346334,outer_02,sigmoid,0.0
1366,2016-04-25,1367,1387,0.008775196362414306,1.0,0.47777307085244125,outer_02,sigmoid,0.0
1367,2016-04-26,1368,1388,-0.012419804381996968,0.0,0.4788638423660534,outer_02,sigmoid,0.0
1368,2016-04-27,1369,1389,-0.017839243646464276,0.0,0.4779671426887686,outer_02,sigmoid,0.0
1369,2016-04-28,1370,1390,-0.03685751878857424,0.0,0.4791204488768431,outer_02,sigmoid,0.0
1370,2016-04-29,1371,1391,-0.06365545469014133,0.0,0.4771555285222134,outer_02,sigmoid,0.0
1371,2016-05-02,1372,1392,-0.06805684242491772,0.0,0.4742154839037919,outer_02,sigmoid,0.0
1372,2016-05-03,1373,1393,-0.055595632759726676,0.0,0.46722594551035035,outer_02,sigmoid,0.0
1373,2016-05-04,1374,1394,-0.053598441962985355,0.0,0.46445915479027944,outer_02,sigmoid,0.0
1374,2016-05-05,1375,1395,-0.054012427821993114,0.0,0.46010410382588396,outer_02,sigmoid,0.0
1375,2016-05-06,1376,1396,-0.031796175081431954,0.0,0.4660519851690111,outer_02,sigmoid,0.0
1376,2016-05-09,1377,1397,-0.015217693635952045,0.0,0.4728480354095342,outer_02,sigmoid,0.0
1377,2016-05-10,1378,1398,-0.01707141897156106,0.0,0.47519289056977404,outer_02,sigmoid,0.0
1378,2016-05-11,1379,1399,-0.012516458609743708,0.0,0.47447500199715587,outer_02,sigmoid,0.0
1379,2016-05-12,1380,1400,0.00409731485002407,1.0,0.4746306343268639,outer_02,sigmoid,0.0
1380,2016-05-13,1381,1401,0.001546669277985302,1.0,0.473055901752817,outer_02,sigmoid,0.0
1381,2016-05-16,1382,1402,0.007179365614727651,1.0,0.47293543552706657,outer_02,sigmoid,0.0
1382,2016-05-17,1383,1403,0.003547609866254575,1.0,0.4730869743928481,outer_02,sigmoid,0.0
1383,2016-05-18,1384,1404,0.027072740497308345,1.0,0.47465547780407646,outer_02,sigmoid,0.0
1384,2016-05-19,1385,1405,0.018393590587263198,1.0,0.4717581764079306,outer_02,sigmoid,0.0
1385,2016-05-20,1386,1406,0.028191093485614438,1.0,0.47081256585404635,outer_02,sigmoid,0.0
1386,2016-05-23,1387,1407,0.03229785120065731,1.0,0.4714222552267906,outer_02,sigmoid,0.0
1387,2016-05-24,1388,1408,0.03374674976071734,1.0,0.4758664949796652,outer_02,sigmoid,0.0
1388,2016-05-25,1389,1409,0.032299785627854405,1.0,0.4724251940798724,outer_02,sigmoid,0.0
1389,2016-05-26,1390,1410,0.026623168902246697,1.0,0.4705849013703294,outer_02,sigmoid,0.0
1390,2016-05-27,1391,1411,0.08921092444726675,1.0,0.46635250973252196,outer_02,sigmoid,0.0
1391,2016-05-30,1392,1412,0.09248344858671143,1.0,0.47352191236579494,outer_02,sigmoid,0.0
1392,2016-05-31,1393,1413,0.07583987817869797,1.0,0.47318700173355166,outer_02,sigmoid,0.0
1393,2016-06-01,1394,1414,0.08286236198719799,1.0,0.47654724154402284,outer_02,sigmoid,0.0
1394,2016-06-02,1395,1415,0.0886995869597218,1.0,0.47655664749867543,outer_02,sigmoid,0.0
1395,2016-06-03,1396,1416,0.07404653250796223,1.0,0.46725867248237407,outer_02,sigmoid,0.0
1396,2016-06-06,1397,1417,0.08043189999319811,1.0,0.46502311230345306,outer_02,sigmoid,0.0
1397,2016-06-07,1398,1418,0.0863864981525877,1.0,0.46908708103385127,outer_02,sigmoid,0.0
1398,2016-06-08,1399,1419,0.0769992047612078,1.0,0.4569934666855083,outer_02,sigmoid,0.0
1399,2016-06-09,1400,1420,0.06845383804594718,1.0,0.4491694343460235,outer_02,sigmoid,0.0
1400,2016-06-10,1401,1421,0.0709610855023719,1.0,0.45455227819760263,outer_02,sigmoid,0.0
1401,2016-06-13,1402,1422,0.054537950762051146,1.0,0.46967591221987687,outer_02,sigmoid,0.0
1402,2016-06-14,1403,1423,0.037465574549259806,1.0,0.4734377528863519,outer_02,sigmoid,0.0
1403,2016-06-15,1404,1424,0.03775722573583273,1.0,0.4729531148062672,outer_02,sigmoid,0.0
1404,2016-06-16,1405,1425,0.04315301028562857,1.0,0.4678524435487813,outer_02,sigmoid,0.0
1405,2016-06-17,1406,1426,0.03665779504997868,1.0,0.47093563243610387,outer_02,sigmoid,0.0
1406,2016-06-20,1407,1427,0.029354102341685007,1.0,0.46936695047283367,outer_02,sigmoid,0.0
1407,2016-06-21,1408,1428,0.04810730137204988,1.0,0.4613355423632754,outer_02,sigmoid,0.0
1408,2016-06-22,1409,1429,0.03905967517947939,1.0,0.4621190160403615,outer_02,sigmoid,0.0
1409,2016-06-23,1410,1430,0.06022974247135782,1.0,0.4671724859538685,outer_02,sigmoid,0.0
1410,2016-06-24,1411,1431,-0.003278097108963429,0.0,0.4773009210345733,outer_02,sigmoid,0.0
1411,2016-06-27,1412,1432,-0.006683716522013938,0.0,0.47022474567908734,outer_02,sigmoid,0.0
1412,2016-06-28,1413,1433,0.005655444361750028,1.0,0.45928673617360766,outer_02,sigmoid,0.0
1413,2016-06-29,1414,1434,0.015655263390822682,1.0,0.4699724794337608,outer_02,sigmoid,0.0
1414,2016-06-30,1415,1435,0.009624032596148524,1.0,0.46245273726166997,outer_02,sigmoid,0.0
1415,2016-07-01,1416,1436,0.008177815422933499,1.0,0.46087427151117893,outer_02,sigmoid,0.0
1416,2016-07-04,1417,1437,0.0028272859143614326,1.0,0.4627125411295808,outer_02,sigmoid,0.0
1417,2016-07-05,1418,1438,0.004588074663592678,1.0,0.47075973932772774,outer_02,sigmoid,0.0
1418,2016-07-06,1419,1439,-0.0036246974687470512,0.0,0.4723548901912996,outer_02,sigmoid,0.0
1419,2016-07-07,1420,1440,0.0012940321931607102,1.0,0.47347149395273164,outer_02,sigmoid,0.0
1420,2016-07-08,1421,1441,-0.026314580133805165,0.0,0.4718706298450366,outer_02,sigmoid,0.0
1421,2016-07-11,1422,1442,-0.015055318881792346,0.0,0.46599271025849764,outer_02,sigmoid,0.0
1422,2016-07-12,1423,1443,0.004547774346261413,1.0,0.4650821738659886,outer_02,sigmoid,0.0
1423,2016-07-13,1424,1444,0.003003831397260015,1.0,0.4689133193047711,outer_02,sigmoid,0.0
1424,2016-07-14,1425,1445,0.001975013733933828,1.0,0.46843222042865423,outer_02,sigmoid,0.0
1425,2016-07-15,1426,1446,0.002261123138834975,1.0,0.47470440398412583,outer_02,sigmoid,0.0
1426,2016-07-18,1427,1447,0.008584065455016443,1.0,0.4736262021925665,outer_02,sigmoid,0.0
1427,2016-07-19,1428,1448,0.009971363834927693,1.0,0.4659238469739785,outer_02,sigmoid,0.0
1428,2016-07-20,1429,1449,0.026823862002240517,1.0,0.4674391969292719,outer_02,sigmoid,0.0
1429,2016-07-21,1430,1450,0.015856013438910743,1.0,0.4708879644644325,outer_02,sigmoid,0.0
1430,2016-07-22,1431,1451,0.012458292564804019,1.0,0.4733675595177587,outer_02,sigmoid,0.0
1431,2016-07-25,1432,1452,0.017799615394143764,1.0,0.4692941271391453,outer_02,sigmoid,0.0
1432,2016-07-26,1433,1453,0.013910544891689192,1.0,0.4735997915308022,outer_02,sigmoid,0.0
1433,2016-07-27,1434,1454,-0.009828402557015892,0.0,0.4753465080666832,outer_02,sigmoid,0.0
1434,2016-07-28,1435,1455,-0.010168571339921328,0.0,0.4748365226399889,outer_02,sigmoid,0.0
1435,2016-07-29,1436,1456,-0.02328072966029282,0.0,0.4735439782391424,outer_02,sigmoid,0.0
1436,2016-08-01,1437,1457,-0.022210348258111523,0.0,0.4759643058043131,outer_02,sigmoid,0.0
1437,2016-08-02,1438,1458,-0.038755728880293994,0.0,0.47622430710875135,outer_02,sigmoid,0.0
1438,2016-08-03,1439,1459,-0.03588844493987864,0.0,0.4784465673088474,outer_02,sigmoid,0.0
1439,2016-08-04,1440,1460,-0.035296814120942877,0.0,0.47713460840689903,outer_02,sigmoid,0.0
1440,2016-08-05,1441,1461,-0.006140852072777925,0.0,0.4759031283301685,outer_02,sigmoid,0.0
1441,2016-08-08,1442,1462,-0.0065686370693534,0.0,0.4769480212502219,outer_02,sigmoid,0.0
1442,2016-08-09,1443,1463,0.006115771961884953,1.0,0.47809488271466627,outer_02,sigmoid,0.0
1443,2016-08-10,1444,1464,-0.0014338730767509134,0.0,0.4780789944946801,outer_02,sigmoid,0.0
1444,2016-08-11,1445,1465,0.0001644085406464768,1.0,0.4793296169441812,outer_02,sigmoid,0.0
1445,2016-08-12,1446,1466,-0.006482567100356995,0.0,0.4780439143619924,outer_02,sigmoid,0.0
1446,2016-08-15,1447,1467,-0.009141386712419042,0.0,0.47807924400098684,outer_02,sigmoid,0.0
1447,2016-08-16,1448,1468,-0.02002799307798586,0.0,0.4753506552985407,outer_02,sigmoid,0.0
1448,2016-08-17,1449,1469,-0.020148421706693398,0.0,0.4773426604864442,outer_02,sigmoid,0.0
1449,2016-08-18,1450,1470,-0.027647176775298377,0.0,0.47726797134425764,outer_02,sigmoid,0.0
1450,2016-08-19,1451,1471,-0.021532682238547984,0.0,0.4703431267782447,outer_02,sigmoid,0.0
1451,2016-08-22,1452,1472,-0.01935189085421385,0.0,0.46033761598244755,outer_02,sigmoid,0.0
1452,2016-08-23,1453,1473,-0.017296929710771458,0.0,0.46610308649641274,outer_02,sigmoid,0.0
1453,2016-08-24,1454,1474,0.006445545609467196,1.0,0.46976698506173387,outer_02,sigmoid,0.0
1454,2016-08-25,1455,1475,0.011710026299435405,1.0,0.4694858932457978,outer_02,sigmoid,0.0
1455,2016-08-26,1456,1476,0.012845981809345375,1.0,0.4623360966080454,outer_02,sigmoid,0.0
1456,2016-08-29,1457,1477,0.01119672642948899,1.0,0.4674594346177643,outer_02,sigmoid,0.0
1457,2016-08-30,1458,1478,0.011697813187017125,1.0,0.4679162241845563,outer_02,sigmoid,0.0
1458,2016-08-31,1459,1479,0.009044401720259998,1.0,0.4652115521752387,outer_02,sigmoid,0.0
1459,2016-09-01,1460,1480,0.00569252857872371,1.0,0.4638256011822982,outer_02,sigmoid,0.0
1460,2016-09-02,1461,1481,-0.005707985458892395,0.0,0.47122862047793723,outer_02,sigmoid,0.0
1461,2016-09-05,1462,1482,-0.01094796299315437,0.0,0.47461784207126506,outer_02,sigmoid,0.0
1462,2016-09-06,1463,1483,-0.061038691569224035,0.0,0.46445820030342716,outer_02,sigmoid,0.0
1463,2016-09-07,1464,1484,-0.05921951742599241,0.0,0.468936759763258,outer_02,sigmoid,0.0
1464,2016-09-08,1465,1485,-0.06406039538139119,0.0,0.4721181199475881,outer_02,sigmoid,0.0
1465,2016-09-09,1466,1486,-0.05499686193616338,0.0,0.47347497670017685,outer_02,sigmoid,0.0
1466,2016-09-12,1467,1487,-0.05268160514691722,0.0,0.46814998991551493,outer_02,sigmoid,0.0
1467,2016-09-13,1468,1488,-0.051092180920569774,0.0,0.47134561687600257,outer_02,sigmoid,0.0
1468,2016-09-14,1469,1489,-0.05204683927853271,0.0,0.474882391807436,outer_02,sigmoid,0.0
1469,2016-09-15,1470,1490,-0.04447215311190433,0.0,0.47674654710395004,outer_02,sigmoid,0.0
1470,2016-09-16,1471,1491,-0.045818244260350305,0.0,0.47678224023408927,outer_02,sigmoid,0.0
1471,2016-09-19,1472,1492,-0.0451328538320519,0.0,0.47715376783141755,outer_02,sigmoid,0.0
1472,2016-09-20,1473,1493,-0.040439883036007984,0.0,0.47835434658937026,outer_02,sigmoid,0.0
1473,2016-09-21,1474,1494,-0.0496575532646748,0.0,0.4742861498065222,outer_02,sigmoid,0.0
1474,2016-09-22,1475,1495,-0.05512453315356147,0.0,0.47090107062465875,outer_02,sigmoid,0.0
1475,2016-09-23,1476,1496,-0.05434616228562117,0.0,0.4634408860138765,outer_02,sigmoid,0.0
1476,2016-09-26,1477,1497,-0.05666402123073855,0.0,0.46833037942704026,outer_02,sigmoid,0.0
1477,2016-09-27,1478,1498,-0.04080535035200228,0.0,0.47043295283372794,outer_02,sigmoid,0.0
1478,2016-09-28,1479,1499,-0.042646134535352154,0.0,0.4684378701666198,outer_02,sigmoid,0.0
1479,2016-09-29,1480,1500,-0.04116831224846518,0.0,0.46407036694476805,outer_02,sigmoid,0.0
1480,2016-09-30,1481,1501,-0.030822668174581125,0.0,0.46751559911826895,outer_02,sigmoid,0.0
1481,2016-10-03,1482,1502,-0.02714595347410853,0.0,0.46973750765856664,outer_02,sigmoid,0.0
1482,2016-10-04,1483,1503,0.015614438788743357,1.0,0.474066275368556,outer_02,sigmoid,0.0
1483,2016-10-05,1484,1504,0.02382837401444693,1.0,0.469276003953057,outer_02,sigmoid,0.0
1484,2016-10-06,1485,1505,0.03812620352684348,1.0,0.47492576146298765,outer_02,sigmoid,0.0
1485,2016-10-07,1486,1506,0.027354264888830748,1.0,0.4712371689745773,outer_02,sigmoid,0.0
1486,2016-10-10,1487,1507,0.01823983589775313,1.0,0.46506698872389884,outer_02,sigmoid,0.0
1487,2016-10-11,1488,1508,0.015794489646977716,1.0,0.46314075557046275,outer_02,sigmoid,0.0
1488,2016-10-12,1489,1509,0.018035003017669915,1.0,0.46455167491402716,outer_02,sigmoid,0.0
1489,2016-10-13,1490,1510,0.0008819428739013091,1.0,0.4602499974867739,outer_02,sigmoid,0.0
1490,2016-10-14,1491,1511,-0.017902693342896292,0.0,0.4297971283638598,outer_02,sigmoid,0.0
1491,2016-10-17,1492,1512,-0.02734564319749655,0.0,0.43812506846674787,outer_02,sigmoid,0.0
1492,2016-10-18,1493,1513,-0.027824739954067645,0.0,0.45410332925927493,outer_02,sigmoid,0.0
1493,2016-10-19,1494,1514,-0.03523173658480516,0.0,0.45063153149980273,outer_02,sigmoid,0.0
1494,2016-10-20,1495,1515,-0.03961456489879556,0.0,0.446552052840206,outer_02,sigmoid,0.0
1495,2016-10-21,1496,1516,-0.0472730162422792,0.0,0.4478921301116565,outer_02,sigmoid,0.0
1496,2016-10-24,1497,1517,-0.04130023310845754,0.0,0.4481102044510772,outer_02,sigmoid,0.0
1497,2016-10-25,1498,1518,-0.048762293658962896,0.0,0.46097067246991197,outer_02,sigmoid,0.0
1498,2016-10-26,1499,1519,-0.06369088086510732,0.0,0.46093049694335897,outer_02,sigmoid,0.0
1499,2016-10-27,1500,1520,-0.06776670017942177,0.0,0.45601995394833184,outer_02,sigmoid,0.0
1500,2016-10-28,1501,1521,-0.07432782644241342,0.0,0.46953515480430874,outer_02,sigmoid,0.0
1501,2016-10-31,1502,1522,-0.06751797547704896,0.0,0.471412663214362,outer_02,sigmoid,0.0
1502,2016-11-01,1503,1523,-0.08090014113989152,0.0,0.47016010583724493,outer_02,sigmoid,0.0
1503,2016-11-02,1504,1524,-0.10084589698544821,0.0,0.4678094669416836,outer_02,sigmoid,0.0
1504,2016-11-03,1505,1525,-0.10634260789997363,0.0,0.47377158967199606,outer_02,sigmoid,0.0
1505,2016-11-04,1506,1526,-0.0863116555486565,0.0,0.47162401345641597,outer_02,sigmoid,0.0
1506,2016-11-07,1507,1527,-0.0919123705138496,0.0,0.46123550895850934,outer_02,sigmoid,0.0
1507,2016-11-08,1508,1528,-0.08498117726003773,0.0,0.45071996499694045,outer_02,sigmoid,0.0
1508,2016-11-09,1509,1529,-0.08507055302232658,0.0,0.4653410470189475,outer_02,sigmoid,0.0
1509,2016-11-10,1510,1530,-0.07336537216478778,0.0,0.4452468204390103,outer_02,sigmoid,0.0
1510,2016-11-11,1511,1531,-0.05908488330838235,0.0,0.40626805411725514,outer_02,sigmoid,0.0
1511,2016-11-14,1512,1532,-0.04890152073819287,0.0,0.3888740557039547,outer_02,sigmoid,0.0
1512,2016-11-15,1513,1533,-0.05832737650802766,0.0,0.40359916685442904,outer_02,sigmoid,0.0
1513,2016-11-16,1514,1534,-0.0702889889745979,0.0,0.3938472135922999,outer_02,sigmoid,0.0
1514,2016-11-17,1515,1535,-0.07527210043545374,0.0,0.39419609756553853,outer_02,sigmoid,0.0
1515,2016-11-18,1516,1536,-0.061173971813564876,0.0,0.394175094955125,outer_02,sigmoid,0.0
1516,2016-11-21,1517,1537,-0.06369217376775005,0.0,0.39828547231257755,outer_02,sigmoid,0.0
1517,2016-11-22,1518,1538,-0.06870675300015527,0.0,0.394435473945486,outer_02,sigmoid,0.0
1518,2016-11-23,1519,1539,-0.049171434460596686,0.0,0.38865546983160837,outer_02,sigmoid,0.0
1519,2016-11-24,1520,1540,-0.04894630767829433,0.0,0.3777371205122568,outer_02,sigmoid,0.0
1520,2016-11-25,1521,1541,-0.04425512348858529,0.0,0.3725287657956287,outer_02,sigmoid,0.0
1521,2016-11-28,1522,1542,-0.04645856226261991,0.0,0.3743321812288355,outer_02,sigmoid,0.0
1522,2016-11-29,1523,1543,-0.03932608905835355,0.0,0.37673322241748236,outer_02,sigmoid,0.0
1523,2016-11-30,1524,1544,-0.013604601664236604,0.0,0.37227204306883627,outer_02,sigmoid,0.0
1524,2016-12-01,1525,1545,-0.01786545516021487,0.0,0.3726484949586648,outer_02,sigmoid,0.0
1525,2016-12-02,1526,1546,-0.022746868409070586,0.0,0.37018901692777045,outer_02,sigmoid,0.0
1526,2016-12-05,1527,1547,-0.005786681099623436,0.0,0.3701211225049557,outer_02,sigmoid,0.0
1527,2016-12-06,1528,1548,0.008735613358567207,1.0,0.3733420360322091,outer_02,sigmoid,0.0
1528,2016-12-07,1529,1549,-0.00111629503933397,0.0,0.37371696731427845,outer_02,sigmoid,0.0
1529,2016-12-08,1530,1550,0.010034353775990823,1.0,0.3703587463056821,outer_02,sigmoid,0.0
1530,2016-12-09,1531,1551,0.024783982877364608,1.0,0.3668095357315181,outer_02,sigmoid,0.0
1531,2016-12-12,1532,1552,0.024770619407200378,1.0,0.368064847622404,outer_02,sigmoid,0.0
1532,2016-12-13,1533,1553,0.03051030806343391,1.0,0.3677535991005333,outer_02,sigmoid,0.0
1533,2016-12-14,1534,1554,0.04834979865894784,1.0,0.366019385715156,outer_02,sigmoid,0.0
1534,2016-12-15,1535,1555,0.06403820988700293,1.0,0.36536347291542604,outer_02,sigmoid,0.0
1535,2016-12-16,1536,1556,0.06863299844251891,1.0,0.36536022553638775,outer_02,sigmoid,0.0
1536,2016-12-19,1537,1557,0.056446184828467416,1.0,0.3659137266362799,outer_02,sigmoid,0.0
1537,2016-12-20,1538,1558,0.06166700452337892,1.0,0.36586032284929265,outer_02,sigmoid,0.0
1538,2016-12-21,1539,1559,0.06802717827946836,1.0,0.3656663194792889,outer_02,sigmoid,0.0
1539,2016-12-22,1540,1560,0.07731877533687115,1.0,0.36573063294464464,outer_02,sigmoid,0.0
1540,2016-12-23,1541,1561,0.06395488749742473,1.0,0.3662573179520333,outer_02,sigmoid,0.0
1541,2016-12-27,1542,1562,0.05263247857152731,1.0,0.3675439358501692,outer_02,sigmoid,0.0
1542,2016-12-28,1543,1563,0.04002438667087116,1.0,0.36915210605537724,outer_02,sigmoid,0.0
1543,2016-12-29,1544,1564,0.029780057865171905,1.0,0.37390902679286697,outer_02,sigmoid,0.0
1544,2016-12-30,1545,1565,0.037167404657351355,1.0,0.3755402537075296,outer_02,sigmoid,0.0
1545,2017-01-03,1546,1566,0.043675137263250896,1.0,0.3751715487560233,outer_02,sigmoid,0.0
1546,2017-01-04,1547,1567,0.03863027281153464,1.0,0.3776906263838401,outer_02,sigmoid,0.0
1547,2017-01-05,1548,1568,0.029468923819334414,1.0,0.3868393833064275,outer_02,sigmoid,0.0
1548,2017-01-06,1549,1569,0.04124786748527587,1.0,0.3836859454082658,outer_02,sigmoid,0.0
1549,2017-01-09,1550,1570,0.04343038289082468,1.0,0.39905704069172354,outer_02,sigmoid,0.0
1550,2017-01-10,1551,1571,0.03819089733706793,1.0,0.40128596625951896,outer_02,sigmoid,0.0
1551,2017-01-11,1552,1572,0.0399543504549591,1.0,0.40652950844850955,outer_02,sigmoid,0.0
1552,2017-01-12,1553,1573,0.028167155766460006,1.0,0.41695034565221273,outer_02,sigmoid,0.0
1553,2017-01-13,1554,1574,0.026360859592343466,1.0,0.40892838405979287,outer_02,sigmoid,0.0
1554,2017-01-16,1555,1575,0.018351708105928566,1.0,0.4273313511304241,outer_02,sigmoid,0.0
1555,2017-01-17,1556,1576,0.009742926382614314,1.0,0.4384534554755847,outer_02,sigmoid,0.0
1556,2017-01-18,1557,1577,0.023676249504287483,1.0,0.4261370601045242,outer_02,sigmoid,0.0
1557,2017-01-19,1558,1578,0.027882588510190764,1.0,0.42406228963895054,outer_02,sigmoid,0.0
1558,2017-01-20,1559,1579,0.020175291129711503,1.0,0.4508291448451381,outer_02,sigmoid,0.0
1559,2017-01-23,1560,1580,0.014714829830761111,1.0,0.4596335712289461,outer_02,sigmoid,0.0
1560,2017-01-24,1561,1581,0.021684768340730187,1.0,0.45514194539377417,outer_02,sigmoid,0.0
1561,2017-01-25,1562,1582,0.02967192038450861,1.0,0.435544617039243,outer_02,sigmoid,0.0
1562,2017-01-26,1563,1583,0.049493977642282694,1.0,0.4141532185410523,outer_02,sigmoid,0.0
1563,2017-01-27,1564,1584,0.05174504375061062,1.0,0.4103964243003857,outer_02,sigmoid,0.0
1564,2017-01-30,1565,1585,0.04680898946043843,1.0,0.41815284415030396,outer_02,sigmoid,0.0
1565,2017-01-31,1566,1586,0.030925855576512618,1.0,0.4360966811912481,outer_02,sigmoid,0.0
1566,2017-02-01,1567,1587,0.032215693919688704,1.0,0.43787579101358437,outer_02,sigmoid,0.0
1567,2017-02-02,1568,1588,0.015744755901502927,1.0,0.43734794217219725,outer_02,sigmoid,0.0
1568,2017-02-03,1569,1589,0.008886485704303837,1.0,0.4449458940266451,outer_02,sigmoid,0.0
1569,2017-02-06,1570,1590,-0.007114111413439872,0.0,0.44406364539755616,outer_02,sigmoid,0.0
1570,2017-02-07,1571,1591,-0.014622996430582624,0.0,0.4424099711685255,outer_02,sigmoid,0.0
1571,2017-02-08,1572,1592,-0.026615320509491447,0.0,0.4431216628957767,outer_02,sigmoid,0.0
1572,2017-02-09,1573,1593,-0.022789631493180806,0.0,0.44494674786262844,outer_02,sigmoid,0.0
1573,2017-02-10,1574,1594,-0.020231559990961934,0.0,0.4367979029934246,outer_02,sigmoid,0.0
1574,2017-02-13,1575,1595,-0.019083510784718705,0.0,0.4499547534934323,outer_02,sigmoid,0.0
1575,2017-02-14,1576,1596,-0.02412475392410318,0.0,0.4491387895408964,outer_02,sigmoid,0.0
1576,2017-02-15,1577,1597,-0.011866501980921207,0.0,0.46254337389235145,outer_02,sigmoid,0.0
1577,2017-02-16,1578,1598,-0.009922640021862605,0.0,0.4627628680099354,outer_02,sigmoid,0.0
1578,2017-02-17,1579,1599,-0.004160269402682104,0.0,0.4665009850438233,outer_02,sigmoid,0.0
1579,2017-02-20,1580,1600,-0.0021444561908356974,0.0,0.46222332981142195,outer_02,sigmoid,0.0
1580,2017-02-21,1581,1601,0.0076899273831525505,1.0,0.46060882274554943,outer_02,sigmoid,0.0
1581,2017-02-22,1582,1602,0.008533780143003433,1.0,0.4518847141780984,outer_02,sigmoid,0.0
1582,2017-02-23,1583,1603,-0.003664608592451657,0.0,0.45215988758698256,outer_02,sigmoid,0.0
1583,2017-02-24,1584,1604,-0.006492829211426354,0.0,0.4417491152365239,outer_02,sigmoid,0.0
1584,2017-02-27,1585,1605,0.0008379320328915085,1.0,0.45062176710196955,outer_02,sigmoid,0.0
1585,2017-02-28,1586,1606,0.0019524379661914892,1.0,0.4473631445746917,outer_02,sigmoid,0.0
1586,2017-03-01,1587,1607,0.003398331293122503,1.0,0.444881280990768,outer_02,sigmoid,0.0
1587,2017-03-02,1588,1608,0.007563288494272236,1.0,0.4370823864220228,outer_02,sigmoid,0.0
1588,2017-03-03,1589,1609,0.01190610208873899,1.0,0.44289443589930455,outer_02,sigmoid,0.0
1589,2017-03-06,1590,1610,0.023043850948857525,1.0,0.4443509794663022,outer_02,sigmoid,0.0
1590,2017-03-07,1591,1611,0.03227365611224453,1.0,0.43558465466113905,outer_02,sigmoid,0.0
1591,2017-03-08,1592,1612,0.038559658843150046,1.0,0.43576711892914577,outer_02,sigmoid,0.0
1592,2017-03-09,1593,1613,0.04152261511758937,1.0,0.42368956832518156,outer_02,sigmoid,0.0
1593,2017-03-10,1594,1614,0.03941649192134822,1.0,0.41924820832087123,outer_02,sigmoid,0.0
1594,2017-03-13,1595,1615,0.04315424488181119,1.0,0.43944730466918885,outer_02,sigmoid,0.0
1595,2017-03-14,1596,1616,0.06037783973332811,1.0,0.4262126863834849,outer_02,sigmoid,0.0
1596,2017-03-15,1597,1617,0.05290413202285649,1.0,0.4316693934365987,outer_02,sigmoid,0.0
1597,2017-03-16,1598,1618,0.05152646436707542,1.0,0.42160365766963337,outer_02,sigmoid,0.0
1598,2017-03-17,1599,1619,0.042901211018882,1.0,0.42880056148022805,outer_02,sigmoid,0.0
1599,2017-03-20,1600,1620,0.04364556722635626,1.0,0.4304015038460398,outer_02,sigmoid,0.0
1600,2017-03-21,1601,1621,0.02699783745502149,1.0,0.415014528625876,outer_02,sigmoid,0.0
1601,2017-03-22,1602,1622,0.026922421636902172,1.0,0.4216457404367756,outer_02,sigmoid,0.0
1602,2017-03-23,1603,1623,0.01878957222782507,1.0,0.41842965577387226,outer_02,sigmoid,0.0
1603,2017-03-24,1604,1624,0.02171603577461312,1.0,0.41006439485583523,outer_02,sigmoid,0.0
1604,2017-03-27,1605,1625,0.007771195247520346,1.0,0.4165245072712579,outer_02,sigmoid,0.0
1605,2017-03-28,1606,1626,0.014199947303437988,1.0,0.4455564431491286,outer_02,sigmoid,0.0
1606,2017-03-29,1607,1627,0.00893232042747183,1.0,0.46149187939657854,outer_02,sigmoid,0.0
1607,2017-03-30,1608,1628,0.019896123500073415,1.0,0.4573047879771853,outer_02,sigmoid,0.0
1608,2017-03-31,1609,1629,0.006262701599741405,1.0,0.4459409597852354,outer_02,sigmoid,0.0
1609,2017-04-03,1610,1630,0.0016571200184678503,1.0,0.454516663255047,outer_02,sigmoid,0.0
1610,2017-04-04,1611,1631,-0.014324916113049646,0.0,0.4527327969018974,outer_02,sigmoid,0.0
1611,2017-04-05,1612,1632,-0.021857517924652292,0.0,0.43419884745807913,outer_02,sigmoid,0.0
1612,2017-04-06,1613,1633,-0.021586099121905455,0.0,0.44897767351101553,outer_02,sigmoid,0.0
1613,2017-04-07,1614,1634,-0.022733748105038032,0.0,0.4415059438791463,outer_02,sigmoid,0.0
1614,2017-04-10,1615,1635,-0.027602833233903112,0.0,0.4575098754738262,outer_02,sigmoid,0.0
1615,2017-04-11,1616,1636,-0.043844573100865425,0.0,0.4506230883223538,outer_02,sigmoid,0.0
1616,2017-04-12,1617,1637,-0.047618179824018725,0.0,0.45028161327147304,outer_02,sigmoid,0.0
1617,2017-04-13,1618,1638,-0.04867671728713496,0.0,0.4646450849223078,outer_02,sigmoid,0.0
1618,2017-04-17,1619,1639,-0.04244622608240878,0.0,0.4674340103072061,outer_02,sigmoid,0.0
1619,2017-04-18,1620,1640,-0.041905373585293226,0.0,0.4567105878747237,outer_02,sigmoid,0.0
1620,2017-04-19,1621,1641,-0.015429815942869851,0.0,0.45674794313796935,outer_02,sigmoid,0.0
1621,2017-04-20,1622,1642,-0.027724391317314634,0.0,0.46401876032241696,outer_02,sigmoid,0.0
1622,2017-04-21,1623,1643,-0.01058093511690572,0.0,0.4710240959715869,outer_02,sigmoid,0.0
1623,2017-04-24,1624,1644,-0.011964761533397983,0.0,0.4669886668594082,outer_02,sigmoid,0.0
1624,2017-04-25,1625,1645,-0.009463742855279733,0.0,0.47170295246070687,outer_02,sigmoid,0.0
1625,2017-04-26,1626,1646,-0.008564108635069623,0.0,0.4652061391839119,outer_02,sigmoid,0.0
1626,2017-04-27,1627,1647,-0.0066837846158547265,0.0,0.46918549077545224,outer_02,sigmoid,0.0
1627,2017-04-28,1628,1648,-0.001001636615872492,0.0,0.45881828635295807,outer_02,sigmoid,0.0
1628,2017-05-01,1629,1649,0.00869767190571391,1.0,0.4681138668191517,outer_02,sigmoid,0.0
1629,2017-05-02,1630,1650,0.0049945513255522656,1.0,0.46687703736752706,outer_02,sigmoid,0.0
1630,2017-05-03,1631,1651,0.02457694696164392,1.0,0.4756168631126306,outer_02,sigmoid,0.0
1631,2017-05-04,1632,1652,0.029726078098509134,1.0,0.47300345123334014,outer_02,sigmoid,0.0
1632,2017-05-05,1633,1653,0.043568305668889806,1.0,0.4716201580593027,outer_02,sigmoid,0.0
1633,2017-05-08,1634,1654,0.04283171536075159,1.0,0.47520376184005625,outer_02,sigmoid,0.0
1634,2017-05-09,1635,1655,0.05828080762143806,1.0,0.4781532947967281,outer_02,sigmoid,0.0
1635,2017-05-10,1636,1656,0.053882425952152424,1.0,0.4741551838350085,outer_02,sigmoid,0.0
1636,2017-05-11,1637,1657,0.04358703242917006,1.0,0.46482628139310356,outer_02,sigmoid,0.0
1637,2017-05-12,1638,1658,0.029299933263840394,1.0,0.46912372312622036,outer_02,sigmoid,0.0
1638,2017-05-15,1639,1659,0.02770167041478988,1.0,0.4709357061135337,outer_02,sigmoid,0.0
1639,2017-05-16,1640,1660,0.02386839690269582,1.0,0.4728176850325307,outer_02,sigmoid,0.0
1640,2017-05-17,1641,1661,0.0001349275956759044,1.0,0.4733535511560536,outer_02,sigmoid,0.0
1641,2017-05-18,1642,1662,0.006310127905732266,1.0,0.46988838888447415,outer_02,sigmoid,0.0
1642,2017-05-19,1643,1663,-0.0013554567173068577,0.0,0.47431530776064357,outer_02,sigmoid,0.0
1643,2017-05-22,1644,1664,-0.013146209181938318,0.0,0.4735105782585915,outer_02,sigmoid,0.0
1644,2017-05-23,1645,1665,-0.0062440337687039715,0.0,0.47174410369773706,outer_02,sigmoid,0.0
1645,2017-05-24,1646,1666,-0.009335898150214739,0.0,0.47671833068373887,outer_02,sigmoid,0.0
1646,2017-05-25,1647,1667,-0.0036464503511099977,0.0,0.47755956926699294,outer_02,sigmoid,0.0
1647,2017-05-26,1648,1668,-0.007866477497365132,0.0,0.47733191540372116,outer_02,sigmoid,0.0
1648,2017-05-29,1649,1669,-0.017889479253838658,0.0,0.47677452607608456,outer_02,sigmoid,0.0
1649,2017-05-30,1650,1670,-0.012312923780319451,0.0,0.4776356386654462,outer_02,sigmoid,0.0
1650,2017-05-31,1651,1671,-0.015393717691669195,0.0,0.47520785220408057,outer_02,sigmoid,0.0
1651,2017-06-01,1652,1672,-0.015783472656779374,0.0,0.47376888681995055,outer_02,sigmoid,0.0
1652,2017-06-02,1653,1673,-0.029673225800166847,0.0,0.45402261375687863,outer_02,sigmoid,0.0
1653,2017-06-05,1654,1674,-0.04683515222056123,0.0,0.45311615579885745,outer_02,sigmoid,0.0
1654,2017-06-06,1655,1675,-0.05573676613365386,0.0,0.46567418523797394,outer_02,sigmoid,0.0
1655,2017-06-07,1656,1676,-0.047496494135809364,0.0,0.4679608422726137,outer_02,sigmoid,0.0
1656,2017-06-08,1657,1677,-0.04403598820640564,0.0,0.4640576641736495,outer_02,sigmoid,0.0
1657,2017-06-09,1658,1678,-0.04276492566346679,0.0,0.4691381767324124,outer_02,sigmoid,0.0
1658,2017-06-12,1659,1679,-0.04135149857701048,0.0,0.46838898888290736,outer_02,sigmoid,0.0
1659,2017-06-13,1660,1680,-0.040067538871552344,0.0,0.46678610447050023,outer_02,sigmoid,0.0
1660,2017-06-14,1661,1681,-0.03354803467034895,0.0,0.46366735418470634,outer_02,sigmoid,0.0
1661,2017-06-15,1662,1682,-0.02988437025314905,0.0,0.46709961561264335,outer_02,sigmoid,0.0
1662,2017-06-16,1663,1683,-0.019163739083470688,0.0,0.4744491587484169,outer_02,sigmoid,0.0
1663,2017-06-19,1664,1684,-0.008007145856137043,0.0,0.4755966317575798,outer_02,sigmoid,0.0
1664,2017-06-20,1665,1685,-0.0007319555201341643,0.0,0.4770299779298248,outer_02,sigmoid,0.0
1665,2017-06-21,1666,1686,-0.004237413722552041,0.0,0.4758440956856669,outer_02,sigmoid,0.0
1666,2017-06-22,1667,1687,-0.00542641029204205,0.0,0.47593536586306096,outer_02,sigmoid,0.0
1667,2017-06-23,1668,1688,-0.0016396969439114173,0.0,0.4714220342815021,outer_02,sigmoid,0.0
1668,2017-06-26,1669,1689,0.00826765176928479,1.0,0.46915677703038056,outer_02,sigmoid,0.0
1669,2017-06-27,1670,1690,0.00211472455230588,1.0,0.4711680491620709,outer_02,sigmoid,0.0
1670,2017-06-28,1671,1691,0.008615692952409937,1.0,0.4713398097712251,outer_02,sigmoid,0.0
1671,2017-06-29,1672,1692,0.010618777473791141,1.0,0.472083677531386,outer_02,sigmoid,0.0
1672,2017-06-30,1673,1693,0.022622409748806582,1.0,0.47182120697868396,outer_02,sigmoid,0.0
1673,2017-07-03,1674,1694,0.03851987881678731,1.0,0.4738175942641026,outer_02,sigmoid,0.0
1674,2017-07-04,1675,1695,0.03578128906601474,1.0,0.4732712111797507,outer_02,sigmoid,0.0
1675,2017-07-05,1676,1696,0.031466190668882454,1.0,0.4708292802784621,outer_02,sigmoid,0.0
1676,2017-07-06,1677,1697,0.03499474686955395,1.0,0.460258925094516,outer_02,sigmoid,0.0
1677,2017-07-07,1678,1698,0.03534703490286617,1.0,0.46856068601684897,outer_02,sigmoid,0.0
1678,2017-07-10,1679,1699,0.034533488544735036,1.0,0.4669222905912492,outer_02,sigmoid,0.0
1679,2017-07-11,1680,1700,0.035691406697377026,1.0,0.4690872533052073,outer_02,sigmoid,0.0
1680,2017-07-12,1681,1701,0.0471845737897274,1.0,0.467983315799255,outer_02,sigmoid,0.0
1681,2017-07-13,1682,1702,0.05492848653637328,1.0,0.47072898575194483,outer_02,sigmoid,0.0
1682,2017-07-14,1683,1703,0.04745894276631013,1.0,0.47039886765974964,outer_02,sigmoid,0.0
1683,2017-07-17,1684,1704,0.037405301501814314,1.0,0.46859626682567157,outer_02,sigmoid,0.0
1684,2017-07-18,1685,1705,0.022720475862987755,1.0,0.46827605024956975,outer_02,sigmoid,0.0
1685,2017-07-19,1686,1706,0.03374978694027675,1.0,0.4701712732551904,outer_02,sigmoid,0.0
1686,2017-07-20,1687,1707,0.03503976977654499,1.0,0.47338343140076117,outer_02,sigmoid,0.0
1687,2017-07-21,1688,1708,0.02181870352883042,1.0,0.47434759442837654,outer_02,sigmoid,0.0
1688,2017-07-24,1689,1709,0.028390706888293593,1.0,0.47382032786039213,outer_02,sigmoid,0.0
1689,2017-07-25,1690,1710,0.027496938064175858,1.0,0.4736751932970041,outer_02,sigmoid,0.0
1690,2017-07-26,1691,1711,0.023730166314787304,1.0,0.4730470277048775,outer_02,sigmoid,0.0
1691,2017-07-27,1692,1712,0.02113844904997375,1.0,0.4682050556983717,outer_02,sigmoid,0.0
1692,2017-07-28,1693,1713,0.017120846442582938,1.0,0.46083212200683177,outer_02,sigmoid,0.0
1693,2017-07-31,1694,1714,0.03457535918726329,1.0,0.4626624168352205,outer_02,sigmoid,0.0
1694,2017-08-01,1695,1715,0.032288513647805495,1.0,0.4663111332084676,outer_02,sigmoid,0.0
1695,2017-08-02,1696,1716,0.03284001260790248,1.0,0.47097254620738616,outer_02,sigmoid,0.0
1696,2017-08-03,1697,1717,0.04126812294485216,1.0,0.4673221499047256,outer_02,sigmoid,0.0
1697,2017-08-04,1698,1718,0.06022681452495071,1.0,0.47074412667146287,outer_02,sigmoid,0.0
1698,2017-08-07,1699,1719,0.05901594934523313,1.0,0.4716776166989624,outer_02,sigmoid,0.0
1699,2017-08-08,1700,1720,0.0605448443163068,1.0,0.4725257729706328,outer_02,sigmoid,0.0
1700,2017-08-09,1701,1721,0.04345529507773449,1.0,0.4663784409656958,outer_02,sigmoid,0.0
1701,2017-08-10,1702,1722,0.0474144776608183,1.0,0.46653920445573355,outer_02,sigmoid,0.0
1702,2017-08-11,1703,1723,0.03776359597191181,1.0,0.46683866801941315,outer_02,sigmoid,0.0
1703,2017-08-14,1704,1724,0.03564220520457795,1.0,0.4637215506524891,outer_02,sigmoid,0.0
1704,2017-08-15,1705,1725,0.04751024015298011,1.0,0.46334436796567763,outer_02,sigmoid,0.0
1705,2017-08-16,1706,1726,0.030247211346280167,1.0,0.4649613533992913,outer_02,sigmoid,0.0
1706,2017-08-17,1707,1727,0.03206634006730713,1.0,0.465788209913437,outer_02,sigmoid,0.0
1707,2017-08-18,1708,1728,0.027172492732448816,1.0,0.46613063307617664,outer_02,sigmoid,0.0
1708,2017-08-21,1709,1729,0.013023482848025125,1.0,0.46554824090700864,outer_02,sigmoid,0.0
1709,2017-08-22,1710,1730,0.020099475178319892,1.0,0.4689060189814437,outer_02,sigmoid,0.0
1710,2017-08-23,1711,1731,0.008527042873507362,1.0,0.4689334204921921,outer_02,sigmoid,0.0
1711,2017-08-24,1712,1732,0.004321705611848081,1.0,0.4692627895769079,outer_02,sigmoid,0.0
1712,2017-08-25,1713,1733,0.00269659612110118,1.0,0.4633894879236204,outer_02,sigmoid,0.0
1713,2017-08-28,1714,1734,-0.0034912829706037485,0.0,0.4355853137143741,outer_02,sigmoid,0.0
1714,2017-08-29,1715,1735,-0.013044164211160947,0.0,0.45530880654451705,outer_02,sigmoid,0.0
1715,2017-08-30,1716,1736,-0.019432472638526654,0.0,0.4599780552424829,outer_02,sigmoid,0.0
1716,2017-08-31,1717,1737,-0.027005873550865367,0.0,0.43952020967164335,outer_02,sigmoid,0.0
1717,2017-09-01,1718,1738,-0.04302668543282895,0.0,0.4439246880346285,outer_02,sigmoid,0.0
1718,2017-09-04,1719,1739,-0.04825524513393287,0.0,0.4378193363738556,outer_02,sigmoid,0.0
1719,2017-09-05,1720,1740,-0.052228410418522664,0.0,0.4452362415869479,outer_02,sigmoid,0.0
1720,2017-09-06,1721,1741,-0.0452967791285932,0.0,0.432233197061019,outer_02,sigmoid,0.0
1721,2017-09-07,1722,1742,-0.06104366880589218,0.0,0.4303015423443678,outer_02,sigmoid,0.0
1722,2017-09-08,1723,1743,-0.04821113800355992,0.0,0.4401948258021918,outer_02,sigmoid,0.0
1723,2017-09-11,1724,1744,-0.03348990585927414,0.0,0.4362809450577144,outer_02,sigmoid,0.0
1724,2017-09-12,1725,1745,-0.03461540690050846,0.0,0.4199011024610584,outer_02,sigmoid,0.0
1725,2017-09-13,1726,1746,-0.02412723169835118,0.0,0.43458965321927273,outer_02,sigmoid,0.0
1726,2017-09-14,1727,1747,-0.02813952700514033,0.0,0.4477866232580685,outer_02,sigmoid,0.0
1727,2017-09-15,1728,1748,-0.011443256322167805,0.0,0.45687889443065965,outer_02,sigmoid,0.0
1728,2017-09-18,1729,1749,-0.009056926575114588,0.0,0.45974571217441434,outer_02,sigmoid,0.0
1729,2017-09-19,1730,1750,-0.01980369548533112,0.0,0.4554863534980218,outer_02,sigmoid,0.0
1730,2017-09-20,1731,1751,-0.015518474026325002,0.0,0.4594967308251289,outer_02,sigmoid,0.0
1731,2017-09-21,1732,1752,-0.0016969710434411311,0.0,0.45477855352844726,outer_02,sigmoid,0.0
1732,2017-09-22,1733,1753,-0.014565779049452665,0.0,0.45512142099496894,outer_02,sigmoid,0.0
1733,2017-09-25,1734,1754,-0.021621086992473337,0.0,0.4593696711480738,outer_02,sigmoid,0.0
1734,2017-09-26,1735,1755,-0.013185225147897661,0.0,0.45279750922233875,outer_02,sigmoid,0.0
1735,2017-09-27,1736,1756,-0.00409966254214833,0.0,0.42894971913874874,outer_02,sigmoid,0.0
1736,2017-09-28,1737,1757,-0.014908937113684573,0.0,0.41268364596993395,outer_02,sigmoid,0.0
1737,2017-09-29,1738,1758,-0.004443180534686952,0.0,0.41224732733179587,outer_02,sigmoid,0.0
1738,2017-10-02,1739,1759,0.004178027486029912,1.0,0.4181079261928938,outer_02,sigmoid,0.0
1739,2017-10-03,1740,1760,-0.0008812791707226708,0.0,0.4137885905385269,outer_02,sigmoid,0.0
1740,2017-10-04,1741,1761,0.00029800182158457034,1.0,0.4074164676044844,outer_02,sigmoid,0.0
1741,2017-10-05,1742,1762,0.006700811020562192,1.0,0.4121817362155338,outer_02,sigmoid,0.0
1742,2017-10-06,1743,1763,-0.005099546278530376,0.0,0.41666127079612536,outer_02,sigmoid,0.0
1743,2017-10-09,1744,1764,-0.0020586247240315103,0.0,0.4235934100484638,outer_02,sigmoid,0.0
1744,2017-10-10,1745,1765,-0.008711202938745721,0.0,0.4235729577467038,outer_02,sigmoid,0.0
1745,2017-10-11,1746,1766,-0.007811902098373125,0.0,0.43608188462128117,outer_02,sigmoid,0.0
1746,2017-10-12,1747,1767,-0.006514377883735989,0.0,0.4233434495836056,outer_02,sigmoid,0.0
1747,2017-10-13,1748,1768,-0.02201556562597684,0.0,0.44255362660565295,outer_02,sigmoid,0.0
1748,2017-10-16,1749,1769,-0.013979720787075323,0.0,0.44044185642580985,outer_02,sigmoid,0.0
1749,2017-10-17,1750,1770,-0.0039691720368359995,0.0,0.42750323733141327,outer_02,sigmoid,0.0
1750,2017-10-18,1751,1771,-0.0023439891344994024,0.0,0.42449074922492386,outer_02,sigmoid,0.0
1751,2017-10-19,1752,1772,-0.008504856635285662,0.0,0.4466310597531874,outer_02,sigmoid,0.0
1752,2017-10-20,1753,1773,0.012379698792503113,1.0,0.44067731200480814,outer_02,sigmoid,0.0
1753,2017-10-23,1754,1774,-0.0029695873780974935,0.0,0.4412033217654678,outer_02,sigmoid,0.0
1754,2017-10-24,1755,1775,0.00341024968751924,1.0,0.4407467073548179,outer_02,sigmoid,0.0
1755,2017-10-25,1756,1776,0.0105933936105016,1.0,0.4451539533057215,outer_02,sigmoid,0.0
1756,2017-10-26,1757,1777,0.018229936154388504,1.0,0.44625435182014106,outer_02,sigmoid,0.0
1757,2017-10-27,1758,1778,0.011572016163477805,1.0,0.4464630003025796,outer_02,sigmoid,0.0
1758,2017-10-30,1759,1779,0.014440796513956577,1.0,0.44702608011817363,outer_02,sigmoid,0.0
1759,2017-10-31,1760,1780,0.018021035795555918,1.0,0.4512493172995951,outer_02,sigmoid,0.0
1760,2017-11-01,1761,1781,0.006954239621851599,1.0,0.46028490915255627,outer_02,sigmoid,0.0
1761,2017-11-02,1762,1782,-0.001747464466899551,0.0,0.4538673776910111,outer_02,sigmoid,0.0
1762,2017-11-03,1763,1783,0.003562206670847168,1.0,0.4577736653081825,outer_02,sigmoid,0.0
1763,2017-11-06,1764,1784,-0.0036833318279549943,0.0,0.4537720102445091,outer_02,sigmoid,0.0
1764,2017-11-07,1765,1785,-0.008408533537505036,0.0,0.45559508033559337,outer_02,sigmoid,0.0
1765,2017-11-08,1766,1786,-0.014003387790006983,0.0,0.45451042827254434,outer_02,sigmoid,0.0
1766,2017-11-09,1767,1787,-0.02975535766672177,0.0,0.44368164095895385,outer_02,sigmoid,0.0
1767,2017-11-10,1768,1788,-0.021581061767975918,0.0,0.4298721215929375,outer_02,sigmoid,0.0
1768,2017-11-13,1769,1789,-0.028406784695445886,0.0,0.4436702761040361,outer_02,sigmoid,0.0
1769,2017-11-14,1770,1790,-0.02856386043072323,0.0,0.4531414159428516,outer_02,sigmoid,0.0
1770,2017-11-15,1771,1791,-0.019239412260389166,0.0,0.4425858260255062,outer_02,sigmoid,0.0
1771,2017-11-16,1772,1792,-0.020202388070890365,0.0,0.45285694124168824,outer_02,sigmoid,0.0
1772,2017-11-17,1773,1793,-0.0306232905346997,0.0,0.4503789658068788,outer_02,sigmoid,0.0
1773,2017-11-20,1774,1794,-0.012664578187044029,0.0,0.44403181667758435,outer_02,sigmoid,0.0
1774,2017-11-21,1775,1795,-0.01513726132603832,0.0,0.44089965446221163,outer_02,sigmoid,0.0
1775,2017-11-22,1776,1796,-0.020193542820968524,0.0,0.4433852846997897,outer_02,sigmoid,0.0
1776,2017-11-23,1777,1797,-0.019319209290745043,0.0,0.4529006957446883,outer_02,sigmoid,0.0
1777,2017-11-24,1778,1798,-0.0077623682984206965,0.0,0.4480638678006234,outer_02,sigmoid,0.0
1778,2017-11-27,1779,1799,-0.009531199667275558,0.0,0.4417017726582092,outer_02,sigmoid,0.0
1779,2017-11-28,1780,1800,-0.004727335074494299,0.0,0.448425434957813,outer_02,sigmoid,0.0
1780,2017-11-29,1781,1801,0.007609672490135999,1.0,0.45432720235241314,outer_02,sigmoid,0.0
1781,2017-11-30,1782,1802,0.026920223764197893,1.0,0.4480910051908792,outer_02,sigmoid,0.0
1782,2017-12-01,1783,1803,0.033439103226711175,1.0,0.43188049592134814,outer_02,sigmoid,0.0
1783,2017-12-04,1784,1804,0.02808860968023641,1.0,0.4376927364391915,outer_02,sigmoid,0.0
1784,2017-12-05,1785,1805,0.04326105898902188,1.0,0.4523832662075836,outer_02,sigmoid,0.0
1785,2017-12-06,1786,1806,0.04414205509738789,1.0,0.4621986402887532,outer_02,sigmoid,0.0
1786,2017-12-07,1787,1807,0.0560396234603342,1.0,0.4633107853260357,outer_02,sigmoid,0.0
1787,2017-12-08,1788,1808,0.050089585600650466,1.0,0.45418866753292697,outer_02,sigmoid,0.0
1788,2017-12-11,1789,1809,0.05865163150924957,1.0,0.4668541446013692,outer_02,sigmoid,0.0
1789,2017-12-12,1790,1810,0.06123924707986017,1.0,0.45772922414664446,outer_02,sigmoid,0.0
1790,2017-12-13,1791,1811,0.06337108290325943,1.0,0.4507296021808907,outer_02,sigmoid,0.0
1791,2017-12-14,1792,1812,0.06673591355357367,1.0,0.45304650242359806,outer_02,sigmoid,0.0
1792,2017-12-15,1793,1813,0.06562234203071071,1.0,0.45045611090583726,outer_02,sigmoid,0.0
1793,2017-12-18,1794,1814,0.050876692870780005,1.0,0.4478886179069991,outer_02,sigmoid,0.0
1794,2017-12-19,1795,1815,0.05107367996458123,1.0,0.455853491729838,outer_03,none,0.0
1795,2017-12-20,1796,1816,0.05329601204343071,1.0,0.4640828320561318,outer_03,none,0.0
1796,2017-12-21,1797,1817,0.051703884458619065,1.0,0.3622237292397232,outer_03,none,0.0
1797,2017-12-22,1798,1818,0.047950049426100705,1.0,0.42601883212144237,outer_03,none,0.0
1798,2017-12-26,1799,1819,0.05682864905544882,1.0,0.48286570453971006,outer_03,none,0.0
1799,2017-12-27,1800,1820,0.04531735947146043,1.0,0.5896773441525739,outer_03,none,0.0
1800,2017-12-28,1801,1821,0.04308270164964245,1.0,0.5218129840465907,outer_03,none,0.0
1801,2017-12-29,1802,1822,0.023757204399839082,1.0,0.6420696660196257,outer_03,none,0.0
1802,2018-01-02,1803,1823,0.015180971776336705,1.0,0.7266350318393721,outer_03,none,0.0
1803,2018-01-03,1804,1824,0.0230797141134369,1.0,0.8224417300094825,outer_03,none,0.0
1804,2018-01-04,1805,1825,0.019365569215242573,1.0,0.8689553190715668,outer_03,none,0.0
1805,2018-01-05,1806,1826,0.008256938021637517,1.0,0.8429966321431476,outer_03,none,0.0
1806,2018-01-08,1807,1827,0.014610551806736538,1.0,0.9239058233484603,outer_03,none,0.0
1807,2018-01-09,1808,1828,0.009725238420523752,1.0,0.8118502503825984,outer_03,none,0.0
1808,2018-01-10,1809,1829,0.00015942485619024893,1.0,0.8377022782230282,outer_03,none,0.0
1809,2018-01-11,1810,1830,-0.0024531899971211857,0.0,0.7876028687258645,outer_03,none,0.0
1810,2018-01-12,1811,1831,-0.015591902294858961,0.0,0.7846699521198905,outer_03,none,0.0
1811,2018-01-15,1812,1832,-0.011858722175156267,0.0,0.847577000132634,outer_03,none,0.0
1812,2018-01-16,1813,1833,-0.007104026998976387,0.0,0.770622667707963,outer_03,none,0.0
1813,2018-01-17,1814,1834,0.017273547124530886,1.0,0.5774117748177614,outer_03,none,0.0
1814,2018-01-18,1815,1835,0.019580460942891342,1.0,0.6626387568833765,outer_03,none,0.0
1815,2018-01-19,1816,1836,0.01090619211740762,1.0,0.6452864800098403,outer_03,none,0.0
1816,2018-01-22,1817,1837,0.010815754560264068,1.0,0.6204822447991307,outer_03,none,0.0
1817,2018-01-23,1818,1838,-0.00856053549960567,0.0,0.5617647428094125,outer_03,none,0.0
1818,2018-01-24,1819,1839,-0.024508617729920523,0.0,0.49170001844149164,outer_03,none,0.0
1819,2018-01-25,1820,1840,-0.011363504116462586,0.0,0.7056609565217263,outer_03,none,0.0
1820,2018-01-26,1821,1841,-0.01581614998984371,0.0,0.752705195672908,outer_03,none,0.0
1821,2018-01-29,1822,1842,-0.00598222078663202,0.0,0.6939608431554035,outer_03,none,0.0
1822,2018-01-30,1823,1843,-0.014331089722190882,0.0,0.7017016522885233,outer_03,none,0.0
1823,2018-01-31,1824,1844,-0.018307233401111844,0.0,0.6034024332874838,outer_03,none,0.0
1824,2018-02-01,1825,1845,-0.023527141000958984,0.0,0.5451080504034134,outer_03,none,0.0
1825,2018-02-02,1826,1846,-0.005972865027429108,0.0,0.5501035317133917,outer_03,none,0.0
1826,2018-02-05,1827,1847,-0.01380753362749676,0.0,0.6605918050920182,outer_03,none,0.0
1827,2018-02-06,1828,1848,0.011193012258474688,1.0,0.7454411080536221,outer_03,none,0.0
1828,2018-02-07,1829,1849,0.006280809756596284,1.0,0.805268132964309,outer_03,none,0.0
1829,2018-02-08,1830,1850,0.0016739701609722601,1.0,0.7708104147687795,outer_03,none,0.0
1830,2018-02-09,1831,1851,0.005670462158663625,1.0,0.8066002097071877,outer_03,none,0.0
1831,2018-02-12,1832,1852,-6.799714414640334e-05,0.0,0.7010977716000449,outer_03,none,0.0
1832,2018-02-13,1833,1853,-0.002914630561168252,0.0,0.5609648515070883,outer_03,none,0.0
1833,2018-02-14,1834,1854,-0.020072165484115168,0.0,0.4809497589631842,outer_03,none,0.0
1834,2018-02-15,1835,1855,-0.02837202566787056,0.0,0.6618902323473542,outer_03,none,0.0
1835,2018-02-16,1836,1856,-0.02745372076806163,0.0,0.6500222009940241,outer_03,none,0.0
1836,2018-02-19,1837,1857,-0.022963638508442408,0.0,0.5625923121171258,outer_03,none,0.0
1837,2018-02-20,1838,1858,-0.013593390760150648,0.0,0.5586717886392555,outer_03,none,0.0
1838,2018-02-21,1839,1859,0.005601960271968132,1.0,0.8002308333678607,outer_03,none,0.0
1839,2018-02-22,1840,1860,-0.0008789096077714831,0.0,0.656741370892744,outer_03,none,0.0
1840,2018-02-23,1841,1861,0.01368216774862141,1.0,0.6531033731680352,outer_03,none,0.0
1841,2018-02-26,1842,1862,0.014593364487901717,1.0,0.5329439570429236,outer_03,none,0.0
1842,2018-02-27,1843,1863,0.020436146645097075,1.0,0.6427589569574628,outer_03,none,0.0
1843,2018-02-28,1844,1864,0.004040287256575681,1.0,0.7240434616259354,outer_03,none,0.0
1844,2018-03-01,1845,1865,0.007062138825215669,1.0,0.6432421403626079,outer_03,none,0.0
1845,2018-03-02,1846,1866,0.012686333969554653,1.0,0.5250579421974723,outer_03,none,0.0
1846,2018-03-05,1847,1867,0.009068596295639608,1.0,0.48705039914803744,outer_03,none,0.0
1847,2018-03-06,1848,1868,-0.0048266795293390174,0.0,0.3909118749851765,outer_03,none,0.0
1848,2018-03-07,1849,1869,0.00121377079159668,1.0,0.5100830397508215,outer_03,none,0.0
1849,2018-03-08,1850,1870,0.009168328617833232,1.0,0.5976541298096892,outer_03,none,0.0
1850,2018-03-09,1851,1871,0.010340498309098223,1.0,0.6242192061696853,outer_03,none,0.0
1851,2018-03-12,1852,1872,0.012016306323274328,1.0,0.573989542627757,outer_03,none,0.0
1852,2018-03-13,1853,1873,0.01995272321366759,1.0,0.5398685368662751,outer_03,none,0.0
1853,2018-03-14,1854,1874,0.008829315745750854,1.0,0.4908572180323838,outer_03,none,0.0
1854,2018-03-15,1855,1875,0.020139023606978057,1.0,0.5442245334819942,outer_03,none,0.0
1855,2018-03-16,1856,1876,0.02463428857369543,1.0,0.5948322003775222,outer_03,none,0.0
1856,2018-03-19,1857,1877,0.022384793066271946,1.0,0.5773147037882244,outer_03,none,0.0
1857,2018-03-20,1858,1878,0.028287569271564728,1.0,0.5029987279860689,outer_03,none,0.0
1858,2018-03-21,1859,1879,0.0103455251559188,1.0,0.3052128350064818,outer_03,none,0.0
1859,2018-03-22,1860,1880,0.0030615714455368703,1.0,0.5175415552486217,outer_03,none,0.0
1860,2018-03-23,1861,1881,-0.01748687434725049,0.0,0.5248489164149476,outer_03,none,0.0
1861,2018-03-26,1862,1882,-0.017026382629111048,0.0,0.7266534516595834,outer_03,none,0.0
1862,2018-03-27,1863,1883,-0.017633624057014075,0.0,0.77177831103374,outer_03,none,0.0
1863,2018-03-28,1864,1884,-0.005299589951464512,0.0,0.6628547366022942,outer_03,none,0.0
1864,2018-03-29,1865,1885,-0.0022804682575578994,0.0,0.6850547913119605,outer_03,none,0.0
1865,2018-04-02,1866,1886,-0.018444318224362988,0.0,0.7224812347943368,outer_03,none,0.0
1866,2018-04-03,1867,1887,-0.021212767243922848,0.0,0.6965556454150089,outer_03,none,0.0
1867,2018-04-04,1868,1888,-0.020836692625395337,0.0,0.6548551020454851,outer_03,none,0.0
1868,2018-04-05,1869,1889,-0.011297329190895766,0.0,0.5214125202677238,outer_03,none,0.0
1869,2018-04-06,1870,1890,-0.014046553608454637,0.0,0.5981078952318584,outer_03,none,0.0
1870,2018-04-09,1871,1891,-0.01683235323092802,0.0,0.5722861682994314,outer_03,none,0.0
1871,2018-04-10,1872,1892,-0.0184972104073573,0.0,0.5430137542256506,outer_03,none,0.0
1872,2018-04-11,1873,1893,-0.03030898929650938,0.0,0.6576973654552541,outer_03,none,0.0
1873,2018-04-12,1874,1894,-0.010734740732848636,0.0,0.48283863715973485,outer_03,none,0.0
1874,2018-04-13,1875,1895,-0.018476172003445868,0.0,0.8037572508967323,outer_03,none,0.0
1875,2018-04-16,1876,1896,-0.023873044969442425,0.0,0.7966176730500757,outer_03,none,0.0
1876,2018-04-17,1877,1897,-0.04279202122471304,0.0,0.726450492328902,outer_03,none,0.0
1877,2018-04-18,1878,1898,-0.04410346090843387,0.0,0.6708068755781613,outer_03,none,0.0
1878,2018-04-19,1879,1899,-0.041877470289402474,0.0,0.49660565122325556,outer_03,none,0.0
1879,2018-04-20,1880,1900,-0.03287923584653196,0.0,0.36025161287203183,outer_03,none,0.0
1880,2018-04-23,1881,1901,-0.024575241498888012,0.0,0.435886820840988,outer_03,none,0.0
1881,2018-04-24,1882,1902,-0.02962880153368541,0.0,0.4608277666847895,outer_03,none,0.0
1882,2018-04-25,1883,1903,-0.02155290444116087,0.0,0.392146118296686,outer_03,none,0.0
1883,2018-04-26,1884,1904,-0.009549306033585836,0.0,0.3173068394646994,outer_03,none,0.0
1884,2018-04-27,1885,1905,-0.017825267273288148,0.0,0.35118331043807194,outer_03,none,0.0
1885,2018-04-30,1886,1906,-0.014133185991634711,0.0,0.3551533015186631,outer_03,none,0.0
1886,2018-05-01,1887,1907,-0.0037860652147054807,0.0,0.2557751706206876,outer_03,none,0.0
1887,2018-05-02,1888,1908,-0.002999262021821103,0.0,0.31499368286192564,outer_03,none,0.0
1888,2018-05-03,1889,1909,-0.010301749711363328,0.0,0.3507684910661388,outer_03,none,0.0
1889,2018-05-04,1890,1910,-0.016756976821325154,0.0,0.3562108976278212,outer_03,none,0.0
1890,2018-05-07,1891,1911,-0.016973489963941546,0.0,0.35921073860353037,outer_03,none,0.0
1891,2018-05-08,1892,1912,-0.013898524917138388,0.0,0.33215694457140893,outer_03,none,0.0
1892,2018-05-09,1893,1913,-0.011944330902279532,0.0,0.3036829289374063,outer_03,none,0.0
1893,2018-05-10,1894,1914,-0.018315782120758684,0.0,0.3802415055517575,outer_03,none,0.0
1894,2018-05-11,1895,1915,-0.01452717536574788,0.0,0.38721536461936706,outer_03,none,0.0
1895,2018-05-14,1896,1916,-0.010879735175595151,0.0,0.31867760340472645,outer_03,none,0.0
1896,2018-05-15,1897,1917,0.0036734466878751704,1.0,0.4037910440123132,outer_03,none,0.0
1897,2018-05-16,1898,1918,0.006862745543830151,1.0,0.7277258953087731,outer_03,none,0.0
1898,2018-05-17,1899,1919,0.00900243288911895,1.0,0.6705403989544682,outer_03,none,0.0
1899,2018-05-18,1900,1920,-0.00963965996373961,0.0,0.4166627248000001,outer_03,none,0.0
1900,2018-05-21,1901,1921,-0.010686471522086016,0.0,0.43082781585878527,outer_03,none,0.0
1901,2018-05-22,1902,1922,-0.012696133784822372,0.0,0.3530231496400304,outer_03,none,0.0
1902,2018-05-23,1903,1923,-0.020180625925507734,0.0,0.45169366977945014,outer_03,none,0.0
1903,2018-05-24,1904,1924,-0.029128650448950744,0.0,0.37805051197882733,outer_03,none,0.0
1904,2018-05-25,1905,1925,-0.021815256088393298,0.0,0.49330189833440974,outer_03,none,0.0
1905,2018-05-28,1906,1926,-0.024653311244988707,0.0,0.4992558716185268,outer_03,none,0.0
1906,2018-05-29,1907,1927,-0.03224522166832955,0.0,0.32892829914854227,outer_03,none,0.0
1907,2018-05-30,1908,1928,-0.038681256627275395,0.0,0.2333656278554696,outer_03,none,0.0
1908,2018-05-31,1909,1929,-0.039959770843738696,0.0,0.23638086268190434,outer_03,none,0.0
1909,2018-06-01,1910,1930,-0.03167086526642926,0.0,0.28627997411167183,outer_03,none,0.0
1910,2018-06-04,1911,1931,-0.03969630178056782,0.0,0.35529583211423715,outer_03,none,0.0
1911,2018-06-05,1912,1932,-0.03481293452671874,0.0,0.30979819202861,outer_03,none,0.0
1912,2018-06-06,1913,1933,-0.03163003361324712,0.0,0.30233198657010624,outer_03,none,0.0
1913,2018-06-07,1914,1934,-0.03139815565355342,0.0,0.32408061343715566,outer_03,none,0.0
1914,2018-06-08,1915,1935,-0.03433696108687201,0.0,0.28456823315746793,outer_03,none,0.0
1915,2018-06-11,1916,1936,-0.0330657753096224,0.0,0.24078841414094343,outer_03,none,0.0
1916,2018-06-12,1917,1937,-0.031157219770297395,0.0,0.26079693299026085,outer_03,none,0.0
1917,2018-06-13,1918,1938,-0.045155587883307646,0.0,0.31360465287106043,outer_03,none,0.0
1918,2018-06-14,1919,1939,-0.04342009388184653,0.0,0.2743581756681087,outer_03,none,0.0
1919,2018-06-15,1920,1940,-0.03004511030229562,0.0,0.5131130827706051,outer_03,none,0.0
1920,2018-06-18,1921,1941,-0.030284778822768033,0.0,0.84004778822673,outer_03,none,0.0
1921,2018-06-19,1922,1942,-0.03778105471058257,0.0,0.8057093850429353,outer_03,none,0.0
1922,2018-06-20,1923,1943,-0.03292442173683341,0.0,0.7824704178023787,outer_03,none,0.0
1923,2018-06-21,1924,1944,-0.03503186258248636,0.0,0.7968330415826105,outer_03,none,0.0
1924,2018-06-22,1925,1945,-0.032763866907931316,0.0,0.6985432057755673,outer_03,none,0.0
1925,2018-06-25,1926,1946,-0.03315717726292711,0.0,0.6769645560592232,outer_03,none,0.0
1926,2018-06-26,1927,1947,-0.027405596165264612,0.0,0.7849930565102806,outer_03,none,0.0
1927,2018-06-27,1928,1948,-0.016789388526632365,0.0,0.8029208582418249,outer_03,none,0.0
1928,2018-06-28,1929,1949,-0.01977746755788079,0.0,0.7630955921694271,outer_03,none,0.0
1929,2018-06-29,1930,1950,-0.023740346878186713,0.0,0.759293699414936,outer_03,none,0.0
1930,2018-07-02,1931,1951,-0.01652205495881276,0.0,0.7315853686152046,outer_03,none,0.0
1931,2018-07-03,1932,1952,-0.02288721399354987,0.0,0.6761469911111785,outer_03,none,0.0
1932,2018-07-04,1933,1953,-0.03212880887996317,0.0,0.7227085188711903,outer_03,none,0.0
1933,2018-07-05,1934,1954,-0.03935817089796956,0.0,0.7356871050762077,outer_03,none,0.0
1934,2018-07-06,1935,1955,-0.033735366967176716,0.0,0.6952257046423281,outer_03,none,0.0
1935,2018-07-09,1936,1956,-0.040196348754114375,0.0,0.6317554722733238,outer_03,none,0.0
1936,2018-07-10,1937,1957,-0.03623846383760476,0.0,0.5548270761777508,outer_03,none,0.0
1937,2018-07-11,1938,1958,-0.02348565650055967,0.0,0.7147287347882274,outer_03,none,0.0
1938,2018-07-12,1939,1959,-0.027878750126582474,0.0,0.8129960679557351,outer_03,none,0.0
1939,2018-07-13,1940,1960,-0.023442457818790174,0.0,0.7998944271818061,outer_03,none,0.0
1940,2018-07-16,1941,1961,-0.03838252592808544,0.0,0.8032321942331803,outer_03,none,0.0
1941,2018-07-17,1942,1962,-0.02759131725995534,0.0,0.8078455067012803,outer_03,none,0.0
1942,2018-07-18,1943,1963,-0.04281974249258269,0.0,0.8170035884719471,outer_03,none,0.0
1943,2018-07-19,1944,1964,-0.041767282839690445,0.0,0.8402111283540147,outer_03,none,0.0
1944,2018-07-20,1945,1965,-0.03888884095386036,0.0,0.7710706912307081,outer_03,none,0.0
1945,2018-07-23,1946,1966,-0.028472558370325807,0.0,0.8168354493897956,outer_03,none,0.0
1946,2018-07-24,1947,1967,-0.023442801812253222,0.0,0.810689185792669,outer_03,none,0.0
1947,2018-07-25,1948,1968,-0.02930977928187506,0.0,0.7779762293297886,outer_03,none,0.0
1948,2018-07-26,1949,1969,-0.03177690807444744,0.0,0.7960586059175334,outer_03,none,0.0
1949,2018-07-27,1950,1970,-0.01328119450329801,0.0,0.8266881311952287,outer_03,none,0.0
1950,2018-07-30,1951,1971,-0.008822800668870201,0.0,0.7843938557361755,outer_03,none,0.0
1951,2018-07-31,1952,1972,-0.018684580507021487,0.0,0.8257792468589725,outer_03,none,0.0
1952,2018-08-01,1953,1973,-0.007930949416596,0.0,0.7614433729696349,outer_03,none,0.0
1953,2018-08-02,1954,1974,-0.0072072982493516236,0.0,0.8913538416081022,outer_03,none,0.0
1954,2018-08-03,1955,1975,-0.010711325999807286,0.0,0.8358762376864016,outer_03,none,0.0
1955,2018-08-06,1956,1976,-0.006160865731421161,0.0,0.924523101778915,outer_03,none,0.0
1956,2018-08-07,1957,1977,-0.01605708045404608,0.0,0.8747065232731501,outer_03,none,0.0
1957,2018-08-08,1958,1978,-0.013680603286718274,0.0,0.8174439665113049,outer_03,none,0.0
1958,2018-08-09,1959,1979,-0.010129061104291459,0.0,0.8045026012171891,outer_03,none,0.0
1959,2018-08-10,1960,1980,-0.013417336360623366,0.0,0.8202593854110188,outer_03,none,0.0
1960,2018-08-13,1961,1981,0.0012136584079183166,1.0,0.9001245142990618,outer_03,none,0.0
1961,2018-08-14,1962,1982,0.0031184057039892465,1.0,0.9375714672343987,outer_03,none,0.0
1962,2018-08-15,1963,1983,0.025962617276067412,1.0,0.971284054820723,outer_03,none,0.0
1963,2018-08-16,1964,1984,0.023526336404229298,1.0,0.9765733127008253,outer_03,none,0.0
1964,2018-08-17,1965,1985,0.008590243516220397,1.0,0.9452704177500997,outer_03,none,0.0
1965,2018-08-20,1966,1986,0.009206712884254564,1.0,0.9345555212933297,outer_03,none,0.0
1966,2018-08-21,1967,1987,0.00158730192057277,1.0,0.9185088522259682,outer_03,none,0.0
1967,2018-08-22,1968,1988,0.006600849070280468,1.0,0.924642132746082,outer_03,none,0.0
1968,2018-08-23,1969,1989,0.017934888455147124,1.0,0.9340195544323773,outer_03,none,0.0
1969,2018-08-24,1970,1990,-0.006915840837638854,0.0,0.8631850461956673,outer_03,none,0.0
1970,2018-08-27,1971,1991,-0.009860064777537758,0.0,0.921499797941423,outer_03,none,0.0
1971,2018-08-28,1972,1992,-0.0001165307142985128,0.0,0.950022812467545,outer_03,none,0.0
1972,2018-08-29,1973,1993,-0.010059458448584024,0.0,0.9220449252911473,outer_03,none,0.0
1973,2018-08-30,1974,1994,-0.013980608187792676,0.0,0.8902504382164337,outer_03,none,0.0
1974,2018-08-31,1975,1995,-0.007347780459965314,0.0,0.8811316248479778,outer_03,none,0.0
1975,2018-09-03,1976,1996,-0.009926927527371454,0.0,0.8538209602592327,outer_03,none,0.0
1976,2018-09-04,1977,1997,0.010235093731848721,1.0,0.8752606829348866,outer_03,none,0.0
1977,2018-09-05,1978,1998,0.000701432119276646,1.0,0.8301167791029712,outer_03,none,0.0
1978,2018-09-06,1979,1999,-0.0005666714040923893,0.0,0.7849616278730039,outer_03,none,0.0
1979,2018-09-07,1980,2000,0.005692796877311501,1.0,0.8266157254560337,outer_03,none,0.0
1980,2018-09-10,1981,2001,-0.006091491613132938,0.0,0.8086283844163568,outer_03,none,0.0
1981,2018-09-11,1982,2002,-0.007145729792165767,0.0,0.7236357062429079,outer_03,none,0.0
1982,2018-09-12,1983,2003,-0.010238983083866948,0.0,0.7464405466103854,outer_03,none,0.0
1983,2018-09-13,1984,2004,0.017799582450135354,1.0,0.7852438375162846,outer_03,none,0.0
1984,2018-09-14,1985,2005,0.019996934139159706,1.0,0.7726134387048232,outer_03,none,0.0
1985,2018-09-17,1986,2006,0.0212561069161481,1.0,0.6718818022413717,outer_03,none,0.0
1986,2018-09-18,1987,2007,0.022222953321093364,1.0,0.6632201326742838,outer_03,none,0.0
1987,2018-09-19,1988,2008,0.01496459986466192,1.0,0.5642194442869323,outer_03,none,0.0
1988,2018-09-20,1989,2009,0.015393648323768439,1.0,0.55063991815657,outer_03,none,0.0
1989,2018-09-21,1990,2010,0.023999042091086942,1.0,0.6684040622942748,outer_03,none,0.0
1990,2018-09-24,1991,2011,0.01910028408652753,1.0,0.6872615975534789,outer_03,none,0.0
1991,2018-09-25,1992,2012,0.024291960047320593,1.0,0.5771969771632881,outer_03,none,0.0
1992,2018-09-26,1993,2013,0.032192177710516745,1.0,0.7516156513777026,outer_03,none,0.0
1993,2018-09-27,1994,2014,0.0403628494619106,1.0,0.8269502391061929,outer_03,none,0.0
1994,2018-09-28,1995,2015,0.03387749994992717,1.0,0.7792513391440226,outer_03,none,0.0
1995,2018-10-01,1996,2016,0.033695441995157616,1.0,0.7891519216391085,outer_03,none,0.0
1996,2018-10-02,1997,2017,0.01518340397714013,1.0,0.6405102916961304,outer_03,none,0.0
1997,2018-10-03,1998,2018,0.014362502251136888,1.0,0.6794057082003572,outer_03,none,0.0
1998,2018-10-04,1999,2019,0.028466058392552007,1.0,0.6167434996005567,outer_03,none,0.0
1999,2018-10-05,2000,2020,0.024595710202827803,1.0,0.6060963848387169,outer_03,none,0.0
2000,2018-10-08,2001,2021,0.0356390863418099,1.0,0.6428786003939557,outer_03,none,0.0
2001,2018-10-09,2002,2022,0.03122758034577977,1.0,0.7305558192722638,outer_03,none,0.0
2002,2018-10-10,2003,2023,0.02661513721866715,1.0,0.6594147396082871,outer_03,none,0.0
2003,2018-10-11,2004,2024,3.270030983859584e-05,1.0,0.5051167501020086,outer_03,none,0.0
2004,2018-10-12,2005,2025,-0.00689689161378837,0.0,0.8314089204876747,outer_03,none,0.0
2005,2018-10-15,2006,2026,-0.021489199388316393,0.0,0.8634365136313119,outer_03,none,0.0
2006,2018-10-16,2007,2027,-0.018323890653697994,0.0,0.8859945089895839,outer_03,none,0.0
2007,2018-10-17,2008,2028,-0.009017920090892417,0.0,0.8413572819499224,outer_03,none,0.0
2008,2018-10-18,2009,2029,-0.010021734579044761,0.0,0.8244905823881209,outer_03,none,0.0
2009,2018-10-19,2010,2030,-0.004947070017316868,0.0,0.8304003325461216,outer_03,none,0.0
2010,2018-10-22,2011,2031,0.0014555091126675634,1.0,0.5514889939975498,outer_03,none,0.0
2011,2018-10-23,2012,2032,-0.007355132802448594,0.0,0.8233020673351393,outer_03,none,0.0
2012,2018-10-24,2013,2033,-0.006912451182466306,0.0,0.8081978333699247,outer_03,none,0.0
2013,2018-10-25,2014,2034,-0.004147932390643483,0.0,0.8204567567937927,outer_03,none,0.0
2014,2018-10-26,2015,2035,-0.007800262645905498,0.0,0.7606192462479279,outer_03,none,0.0
2015,2018-10-29,2016,2036,-0.005848470745284828,0.0,0.6814106500888812,outer_03,none,0.0
2016,2018-10-30,2017,2037,-0.006137908426793182,0.0,0.5771516778638522,outer_03,none,0.0
2017,2018-10-31,2018,2038,0.004277844286070476,1.0,0.5617862604380048,outer_03,none,0.0
2018,2018-11-01,2019,2039,-0.008306364545424216,0.0,0.6754112777088837,outer_03,none,0.0
2019,2018-11-02,2020,2040,-0.008330497474427823,0.0,0.6666586161725516,outer_03,none,0.0
2020,2018-11-05,2021,2041,-0.0005199067534391588,0.0,0.647634772574398,outer_03,none,0.0
2021,2018-11-06,2022,2042,0.009206263592741237,1.0,0.5900699034513881,outer_03,none,0.0
2022,2018-11-07,2023,2043,0.00882436266237896,1.0,0.5597370377097369,outer_03,none,0.0
2023,2018-11-08,2024,2044,0.011759726250794245,1.0,0.4435783619127101,outer_03,none,0.0
2024,2018-11-09,2025,2045,0.03333086273941532,1.0,0.5924750035797537,outer_03,none,0.0
2025,2018-11-12,2026,2046,0.03572100389656274,1.0,0.7192983463583255,outer_03,none,0.0
2026,2018-11-13,2027,2047,0.033137655769603036,1.0,0.6821455800610335,outer_03,none,0.0
2027,2018-11-14,2028,2048,0.028283496566364974,1.0,0.5578932565072883,outer_03,none,0.0
2028,2018-11-15,2029,2049,0.023186752580116377,1.0,0.559200500761454,outer_03,none,0.0
2029,2018-11-16,2030,2050,0.012516072579064286,1.0,0.5309960642318556,outer_03,none,0.0
2030,2018-11-19,2031,2051,0.017704307707401945,1.0,0.5299515016397122,outer_03,none,0.0
2031,2018-11-20,2032,2052,0.022601432200171523,1.0,0.4855039774368624,outer_03,none,0.0
2032,2018-11-21,2033,2053,0.015233222309746886,1.0,0.45565496879482725,outer_03,none,0.0
2033,2018-11-22,2034,2054,0.026960535296717048,1.0,0.554770094415376,outer_03,none,0.0
2034,2018-11-23,2035,2055,0.028287123722361862,1.0,0.478433468148474,outer_03,none,0.0
2035,2018-11-26,2036,2056,0.04008938440202048,1.0,0.41088345907015766,outer_03,none,0.0
2036,2018-11-27,2037,2057,0.04169738907960152,1.0,0.3983288874389249,outer_03,none,0.0
2037,2018-11-28,2038,2058,0.04395184656270068,1.0,0.3169784302452198,outer_03,none,0.0
2038,2018-11-29,2039,2059,0.04460803454689888,1.0,0.31796271874700016,outer_03,none,0.0
2039,2018-11-30,2040,2060,0.04735188717265171,1.0,0.33633138218574077,outer_03,none,0.0
2040,2018-12-03,2041,2061,0.04528341308119899,1.0,0.2612567204510857,outer_03,none,0.0
2041,2018-12-04,2042,2062,0.04354214383501365,1.0,0.30309379193471725,outer_03,none,0.0
2042,2018-12-05,2043,2063,0.03812401753063721,1.0,0.3956468203292741,outer_03,none,0.0
2043,2018-12-06,2044,2064,0.04071986604642408,1.0,0.3053274211100158,outer_03,none,0.0
2044,2018-12-07,2045,2065,0.026999454643959808,1.0,0.36841239388113656,outer_03,none,0.0
2045,2018-12-10,2046,2066,0.03799082429112133,1.0,0.28130879416586985,outer_03,none,0.0
2046,2018-12-11,2047,2067,0.03447117851849679,1.0,0.22395418896709737,outer_03,none,0.0
2047,2018-12-12,2048,2068,0.033399979635648336,1.0,0.2831090891275868,outer_03,none,0.0
2048,2018-12-13,2049,2069,0.040011493084901595,1.0,0.21326329228982796,outer_03,none,0.0
2049,2018-12-14,2050,2070,0.04136075167840403,1.0,0.16847498046421205,outer_03,none,0.0
2050,2018-12-17,2051,2071,0.03781673667902652,1.0,0.24734113480246345,outer_03,none,0.0
2051,2018-12-18,2052,2072,0.03340961079897298,1.0,0.3203315744417215,outer_03,none,0.0
2052,2018-12-19,2053,2073,0.030317824914853908,1.0,0.20852263974473598,outer_03,none,0.0
2053,2018-12-20,2054,2074,0.015453045976370205,1.0,0.3037437571453668,outer_03,none,0.0
2054,2018-12-21,2055,2075,0.020776250775186078,1.0,0.4567766673389982,outer_03,none,0.0
2055,2018-12-24,2056,2076,0.008140435378658495,1.0,0.6116659838350823,outer_03,none,0.0
2056,2018-12-26,2057,2077,0.010742237120666687,1.0,0.5669224864664053,outer_03,none,0.0
2057,2018-12-27,2058,2078,0.020888244816013035,1.0,0.4764310107525672,outer_03,none,0.0
2058,2018-12-28,2059,2079,0.017963813088893055,1.0,0.49230626322802323,outer_03,none,0.0
2059,2018-12-31,2060,2080,0.022593993516844435,1.0,0.48567482639369197,outer_03,none,0.0
2060,2019-01-02,2061,2081,0.025016833893944934,1.0,0.545400278906741,outer_03,none,0.0
2061,2019-01-03,2062,2082,0.020875764315925416,1.0,0.504161549862028,outer_03,none,0.0
2062,2019-01-04,2063,2083,0.02478862509256352,1.0,0.3968478934601474,outer_03,none,0.0
2063,2019-01-07,2064,2084,0.017378903475162133,1.0,0.6641188553142751,outer_03,none,0.0
2064,2019-01-08,2065,2085,0.023069482078248882,1.0,0.4854719810958325,outer_03,none,0.0
2065,2019-01-09,2066,2086,0.011098449169796964,1.0,0.5485032468695364,outer_03,none,0.0
2066,2019-01-10,2067,2087,0.01787694284500496,1.0,0.48375935840247947,outer_03,none,0.0
2067,2019-01-11,2068,2088,0.019299532583167966,1.0,0.5516117766779839,outer_03,none,0.0
2068,2019-01-14,2069,2089,0.011531828430485724,1.0,0.5476138150426374,outer_03,none,0.0
2069,2019-01-15,2070,2090,0.01656514980833279,1.0,0.5450583165377596,outer_03,none,0.0
2070,2019-01-16,2071,2091,0.00981485941810778,1.0,0.5547587817238332,outer_03,none,0.0
2071,2019-01-17,2072,2092,0.015640374872264218,1.0,0.4874669466451016,outer_03,none,0.0
2072,2019-01-18,2073,2093,0.02679504432553692,1.0,0.35701673192302724,outer_03,none,0.0
2073,2019-01-21,2074,2094,0.03537088376873232,1.0,0.4491534999056098,outer_03,none,0.0
2074,2019-01-22,2075,2095,0.04192155322080282,1.0,0.4978141509621016,outer_03,none,0.0
2075,2019-01-23,2076,2096,0.04291587341733205,1.0,0.41032884268545805,outer_03,none,0.0
2076,2019-01-24,2077,2097,0.03370574964965023,1.0,0.4115859590160458,outer_03,none,0.0
2077,2019-01-25,2078,2098,0.019165979449140558,1.0,0.19676832320387083,outer_03,none,0.0
2078,2019-01-28,2079,2099,0.01832514003221064,1.0,0.34501965467683093,outer_03,none,0.0
2079,2019-01-29,2080,2100,0.013270207687008373,1.0,0.36007934178759804,outer_03,none,0.0
2080,2019-01-30,2081,2101,-0.0002348226910111606,0.0,0.40096984752284287,outer_03,none,0.0
2081,2019-01-31,2082,2102,-0.005161105911958508,0.0,0.42713634865006983,outer_03,none,0.0
2082,2019-02-01,2083,2103,-0.01725487375675705,0.0,0.440953127189096,outer_03,none,0.0
2083,2019-02-04,2084,2104,-0.019149062785854376,0.0,0.32737324930026807,outer_03,none,0.0
2084,2019-02-05,2085,2105,-0.021039814021400538,0.0,0.46676683137350683,outer_03,none,0.0
2085,2019-02-06,2086,2106,-0.016107182261777098,0.0,0.38513438358156404,outer_03,none,0.0
2086,2019-02-07,2087,2107,-0.01961149468834389,0.0,0.4832036165755507,outer_03,none,0.0
2087,2019-02-08,2088,2108,-0.012482968541039696,0.0,0.5036154604533221,outer_03,none,0.0
2088,2019-02-11,2089,2109,-0.011036748279275699,0.0,0.4416459373917119,outer_03,none,0.0
2089,2019-02-12,2090,2110,-0.007817714191670433,0.0,0.5205599948235843,outer_03,none,0.0
2090,2019-02-13,2091,2111,0.002545629659446824,1.0,0.4297530994712428,outer_03,none,0.0
2091,2019-02-14,2092,2112,-0.012665481532255995,0.0,0.43835159150188424,outer_03,none,0.0
2092,2019-02-15,2093,2113,-0.011543875331011755,0.0,0.5007057160702365,outer_03,none,0.0
2093,2019-02-18,2094,2114,-0.017402457748061373,0.0,0.4838493926501356,outer_03,none,0.0
2094,2019-02-19,2095,2115,-0.025151144012053095,0.0,0.4585121969080851,outer_03,none,0.0
2095,2019-02-20,2096,2116,-0.018755402439392554,0.0,0.29122686259244923,outer_03,none,0.0
2096,2019-02-21,2097,2117,-0.011445535199499979,0.0,0.5502183873797097,outer_03,none,0.0
2097,2019-02-22,2098,2118,-0.0115773778984547,0.0,0.7018532690183641,outer_03,none,0.0
2098,2019-02-25,2099,2119,-0.0040239983935697055,0.0,0.6434642585008838,outer_03,none,0.0
2099,2019-02-26,2100,2120,-0.009427078534774758,0.0,0.5827741191349625,outer_03,none,0.0
2100,2019-02-27,2101,2121,-0.008123879920620247,0.0,0.46862097147686577,outer_03,none,0.0
2101,2019-02-28,2102,2122,-0.017749719403679087,0.0,0.6409974383394595,outer_03,none,0.0
2102,2019-03-01,2103,2123,-0.002249528431894632,0.0,0.7135888909237242,outer_03,none,0.0
2103,2019-03-04,2104,2124,0.00036515774054546313,1.0,0.6861523431494393,outer_03,none,0.0
2104,2019-03-05,2105,2125,0.0038458305459121434,1.0,0.6188803784831963,outer_03,none,0.0
2105,2019-03-06,2106,2126,0.003003599589794348,1.0,0.555336232051002,outer_03,none,0.0
2106,2019-03-07,2107,2127,0.006378889109197594,1.0,0.47525444170117453,outer_03,none,0.0
2107,2019-03-08,2108,2128,-0.0036152714906583228,0.0,0.5243200668510803,outer_03,none,0.0
2108,2019-03-11,2109,2129,0.0036590772717461917,1.0,0.550154602756724,outer_03,none,0.0
2109,2019-03-12,2110,2130,0.0026484794410190915,1.0,0.4723710568269224,outer_03,none,0.0
2110,2019-03-13,2111,2131,-0.001329340415178848,0.0,0.42533482182591503,outer_03,none,0.0
2111,2019-03-14,2112,2132,-0.002835610029792157,0.0,0.4523277009748276,outer_03,none,0.0
2112,2019-03-15,2113,2133,-0.008498350715845149,0.0,0.5339599744023922,outer_03,none,0.0
2113,2019-03-18,2114,2134,-0.011987006607978579,0.0,0.45299183956658096,outer_03,none,0.0
2114,2019-03-19,2115,2135,-0.023157014407254373,0.0,0.43295299960162786,outer_03,none,0.0
2115,2019-03-20,2116,2136,-0.030824450837545037,0.0,0.5834686480075884,outer_03,none,0.0
2116,2019-03-21,2117,2137,-0.025867346547367553,0.0,0.4677258489892933,outer_03,none,0.0
2117,2019-03-22,2118,2138,-0.028555259289189117,0.0,0.43068338680340884,outer_03,none,0.0
2118,2019-03-25,2119,2139,-0.03836200895131725,0.0,0.38570178226839136,outer_03,none,0.0
2119,2019-03-26,2120,2140,-0.03158993937793131,0.0,0.42001640099896353,outer_03,none,0.0
2120,2019-03-27,2121,2141,-0.024728319057627957,0.0,0.2580651281276907,outer_03,none,0.0
2121,2019-03-28,2122,2142,-0.003965933912395414,0.0,0.291441470459568,outer_03,none,0.0
2122,2019-03-29,2123,2143,-0.00951773473315587,0.0,0.3999255828460718,outer_03,none,0.0
2123,2019-04-01,2124,2144,-0.0032834363942155775,0.0,0.3903896848064616,outer_03,none,0.0
2124,2019-04-02,2125,2145,-0.011777892303836524,0.0,0.3965318970863209,outer_03,none,0.0
2125,2019-04-03,2126,2146,-0.015518232775701968,0.0,0.31060839916342015,outer_03,none,0.0
2126,2019-04-04,2127,2147,-0.0079059162223869,0.0,0.36159542844145937,outer_03,none,0.0
2127,2019-04-05,2128,2148,-0.00842437467229118,0.0,0.33610335484694276,outer_03,none,0.0
2128,2019-04-08,2129,2149,-0.010745003037998302,0.0,0.38073618290573824,outer_03,none,0.0
2129,2019-04-09,2130,2150,-0.017891944996133446,0.0,0.2307982415759651,outer_03,none,0.0
2130,2019-04-10,2131,2151,-0.018222438434056798,0.0,0.28713921595236114,outer_03,none,0.0
2131,2019-04-11,2132,2152,-0.004101496319758091,0.0,0.27825740640775914,outer_03,none,0.0
2132,2019-04-12,2133,2153,0.007230499783572597,1.0,0.31173925355665333,outer_03,none,0.0
2133,2019-04-15,2134,2154,0.007133878896468104,1.0,0.30073123040931765,outer_03,none,0.0
2134,2019-04-16,2135,2155,0.015335470775826643,1.0,0.27447572452193564,outer_03,none,0.0
2135,2019-04-17,2136,2156,0.009590826405887931,1.0,0.2781365213944249,outer_03,none,0.0
2136,2019-04-18,2137,2157,0.002012522165087738,1.0,0.2916679368748462,outer_03,none,0.0
2137,2019-04-22,2138,2158,0.0017941159392389494,1.0,0.28863969844080967,outer_03,none,0.0
2138,2019-04-23,2139,2159,0.0018534230794964301,1.0,0.33982325359613846,outer_03,none,0.0
2139,2019-04-24,2140,2160,-0.0015533922770920583,0.0,0.30906733554190513,outer_03,none,0.0
2140,2019-04-25,2141,2161,0.004810968268999183,1.0,0.27486111582175665,outer_03,none,0.0
2141,2019-04-26,2142,2162,-0.0005522863628417696,0.0,0.16102477786382657,outer_03,none,0.0
2142,2019-04-29,2143,2163,0.004124585300080419,1.0,0.22482824792480244,outer_03,none,0.0
2143,2019-04-30,2144,2164,-0.0029190036804243036,0.0,0.23411488731717095,outer_03,none,0.0
2144,2019-05-01,2145,2165,0.002299516863511819,1.0,0.21276221812316118,outer_03,none,0.0
2145,2019-05-02,2146,2166,0.013889492129915304,1.0,0.21379230093359083,outer_03,none,0.0
2146,2019-05-03,2147,2167,0.018562609349319636,1.0,0.20600977654423264,outer_03,none,0.0
2147,2019-05-06,2148,2168,0.033430836144266785,1.0,0.2329095107169938,outer_03,none,0.0
2148,2019-05-07,2149,2169,0.031683465758058915,1.0,0.21641419954198626,outer_03,none,0.0
2149,2019-05-08,2150,2170,0.03898863757546245,1.0,0.20102686936621195,outer_03,none,0.0
2150,2019-05-09,2151,2171,0.03929018184359112,1.0,0.20461740348617263,outer_03,none,0.0
2151,2019-05-10,2152,2172,0.03623167352478518,1.0,0.17533241793606122,outer_03,none,0.0
2152,2019-05-13,2153,2173,0.020901223092193888,1.0,0.12298106459130133,outer_03,none,0.0
2153,2019-05-14,2154,2174,0.022738039956133882,1.0,0.19840506530353297,outer_03,none,0.0
2154,2019-05-15,2155,2175,0.028297282559561765,1.0,0.24992383090807957,outer_03,none,0.0
2155,2019-05-16,2156,2176,0.04240576619672698,1.0,0.24196434742496126,outer_03,none,0.0
2156,2019-05-17,2157,2177,0.04845893772879606,1.0,0.2844665454796617,outer_03,none,0.0
2157,2019-05-20,2158,2178,0.04776311050342663,1.0,0.2372954053308265,outer_03,none,0.0
2158,2019-05-21,2159,2179,0.054687292866714365,1.0,0.23178759509331265,outer_03,none,0.0
2159,2019-05-22,2160,2180,0.06521597526056944,1.0,0.20442947020711444,outer_03,none,0.0
2160,2019-05-23,2161,2181,0.07784856186630584,1.0,0.19381147412477978,outer_03,none,0.0
2161,2019-05-24,2162,2182,0.08545724604743477,1.0,0.17092424108234064,outer_03,none,0.0
2162,2019-05-27,2163,2183,0.09833307985036921,1.0,0.27194360075380014,outer_03,none,0.0
2163,2019-05-28,2164,2184,0.10405513608142059,1.0,0.17586673285807927,outer_03,none,0.0
2164,2019-05-29,2165,2185,0.0952675652599746,1.0,0.12202175480524785,outer_03,none,0.0
2165,2019-05-30,2166,2186,0.08935153566610499,1.0,0.25576004759521437,outer_03,none,0.0
2166,2019-05-31,2167,2187,0.06308377489790296,1.0,0.3793024937300237,outer_03,none,0.0
2167,2019-06-03,2168,2188,0.04360506653056717,1.0,0.6380778171709244,outer_03,none,0.0
2168,2019-06-04,2169,2189,0.07088557879852786,1.0,0.7035663580792676,outer_03,none,0.0
2169,2019-06-05,2170,2190,0.06394626670052528,1.0,0.7266416150724492,outer_03,none,0.0
2170,2019-06-06,2171,2191,0.05850615906456014,1.0,0.7367562998515468,outer_03,none,0.0
2171,2019-06-07,2172,2192,0.047175418141018,1.0,0.6778238806362752,outer_03,none,0.0
2172,2019-06-10,2173,2193,0.04895293759957475,1.0,0.5351619464345262,outer_03,none,0.0
2173,2019-06-11,2174,2194,0.050558966486960344,1.0,0.5547168819530075,outer_03,none,0.0
2174,2019-06-12,2175,2195,0.06207468503146085,1.0,0.5705863515496152,outer_03,none,0.0
2175,2019-06-13,2176,2196,0.04532627694491875,1.0,0.4931322100598165,outer_03,none,0.0
2176,2019-06-14,2177,2197,0.05422097449665042,1.0,0.45865659887060034,outer_03,none,0.0
2177,2019-06-17,2178,2198,0.05403422878077713,1.0,0.4293134526495759,outer_03,none,0.0
2178,2019-06-18,2179,2199,0.04384889145164994,1.0,0.4651861643232887,outer_03,none,0.0
2179,2019-06-19,2180,2200,0.0479887606367031,1.0,0.526931489651311,outer_03,none,0.0
2180,2019-06-20,2181,2201,0.04284157697009139,1.0,0.647036909493847,outer_03,none,0.0
2181,2019-06-21,2182,2202,0.018802454631531518,1.0,0.8285589618663483,outer_03,none,0.0
2182,2019-06-24,2183,2203,0.004720856128027862,1.0,0.8375855719796945,outer_03,none,0.0
2183,2019-06-25,2184,2204,-0.0017625001037533394,0.0,0.8413022648727678,outer_03,none,0.0
2184,2019-06-26,2185,2205,0.012212577400512181,1.0,0.7856617641693903,outer_03,none,0.0
2185,2019-06-27,2186,2206,0.004349157212759636,1.0,0.7940988758495983,outer_03,none,0.0
2186,2019-06-28,2187,2207,0.020680436353672782,1.0,0.7127800222026723,outer_03,none,0.0
2187,2019-07-01,2188,2208,0.02974945959683417,1.0,0.5778501178262914,outer_03,none,0.0
2188,2019-07-02,2189,2209,0.005593812340232596,1.0,0.49900356036571153,outer_03,none,0.0
2189,2019-07-03,2190,2210,-0.0030254008457113457,0.0,0.6609266376008642,outer_03,none,0.0
2190,2019-07-04,2191,2211,0.020406161650877053,1.0,0.5781135228017984,outer_03,none,0.0
2191,2019-07-05,2192,2212,0.029022456921151907,1.0,0.5543853678003944,outer_03,none,0.0
2192,2019-07-08,2193,2213,0.05093580339676507,1.0,0.588944487625385,outer_03,none,0.0
2193,2019-07-09,2194,2214,0.05499145177852771,1.0,0.49163424089494184,outer_03,none,0.0
2194,2019-07-10,2195,2215,0.054689748122713766,1.0,0.4179088193749278,outer_03,none,0.0
2195,2019-07-11,2196,2216,0.06999438000081604,1.0,0.5575596147018683,outer_03,none,0.0
2196,2019-07-12,2197,2217,0.05462514195674917,1.0,0.711046603381103,outer_03,none,0.0
2197,2019-07-15,2198,2218,0.06571364910273036,1.0,0.4075421862526792,outer_03,none,0.0
2198,2019-07-16,2199,2219,0.06545439617533155,1.0,0.46354521928050285,outer_03,none,0.0
2199,2019-07-17,2200,2220,0.06269859421556401,1.0,0.3310538008973497,outer_03,none,0.0
2200,2019-07-18,2201,2221,0.04965363111001242,1.0,0.3685566632096801,outer_03,none,0.0
2201,2019-07-19,2202,2222,0.05655026631991866,1.0,0.5227345427598875,outer_03,none,0.0
2202,2019-07-22,2203,2223,0.049187492749852346,1.0,0.471477009502304,outer_03,none,0.0
2203,2019-07-23,2204,2224,0.061126317487746995,1.0,0.4057898713322262,outer_03,none,0.0
2204,2019-07-24,2205,2225,0.05236411935110308,1.0,0.34968964102650535,outer_03,none,0.0
2205,2019-07-25,2206,2226,0.05747485028146215,1.0,0.3045804397443554,outer_03,none,0.0
2206,2019-07-26,2207,2227,0.08431785888907317,1.0,0.25444509422068873,outer_03,none,0.0
2207,2019-07-29,2208,2228,0.06879786464355764,1.0,0.278120719016943,outer_03,none,0.0
2208,2019-07-30,2209,2229,0.07433263258043343,1.0,0.3222721407311933,outer_03,none,0.0
2209,2019-07-31,2210,2230,0.0834157927669672,1.0,0.3174344341941191,outer_03,none,0.0
2210,2019-08-01,2211,2231,0.055134509076219196,1.0,0.2456973580917848,outer_03,none,0.0
2211,2019-08-02,2212,2232,0.0600244808939987,1.0,0.4040573396659225,outer_03,none,0.0
2212,2019-08-05,2213,2233,0.03963811365039582,1.0,0.42950805343100873,outer_03,none,0.0
2213,2019-08-06,2214,2234,0.047640508115632585,1.0,0.31258765945092065,outer_03,none,0.0
2214,2019-08-07,2215,2235,0.0344920563074913,1.0,0.38901106067562075,outer_03,none,0.0
2215,2019-08-08,2216,2236,0.008007210221582461,1.0,0.38214631915290664,outer_03,none,0.0
2216,2019-08-09,2217,2237,0.004974073117990585,1.0,0.3731767808313075,outer_03,none,0.0
2217,2019-08-12,2218,2238,-0.00810286170761021,0.0,0.4721569209901881,outer_03,none,0.0
2218,2019-08-13,2219,2239,-0.010268171479152599,0.0,0.5134307568340728,outer_03,none,0.0
2219,2019-08-14,2220,2240,-0.014492863104273113,0.0,0.5462365261621697,outer_03,none,0.0
2220,2019-08-15,2221,2241,-0.01604951869629634,0.0,0.46626464435370674,outer_03,none,0.0
2221,2019-08-16,2222,2242,-0.005793766663702016,0.0,0.4753231495989956,outer_03,none,0.0
2222,2019-08-19,2223,2243,0.001302157424491135,1.0,0.3562407222025583,outer_03,none,0.0
2223,2019-08-20,2224,2244,-0.0033577270832774175,0.0,0.3498801207593437,outer_03,none,0.0
2224,2019-08-21,2225,2245,-0.005990501260438208,0.0,0.293536362857505,outer_03,none,0.0
2225,2019-08-22,2226,2246,0.00043366147730861115,1.0,0.27918827543586466,outer_03,none,0.0
2226,2019-08-23,2227,2247,-0.02165290244160989,0.0,0.40983749449073503,outer_03,none,0.0
2227,2019-08-26,2228,2248,-0.002740661834282676,0.0,0.3966596815799689,outer_03,none,0.0
2228,2019-08-27,2229,2249,-0.004989845272389104,0.0,0.44300967666306035,outer_03,none,0.0
2229,2019-08-28,2230,2250,-0.023243714082312295,0.0,0.35285452752080326,outer_03,none,0.0
2230,2019-08-29,2231,2251,-0.015557071511105747,0.0,0.32958469055970885,outer_03,none,0.0
2231,2019-08-30,2232,2252,-0.021906985204731555,0.0,0.3432320050820459,outer_03,none,0.0
2232,2019-09-02,2233,2253,-0.03599247111578219,0.0,0.23959813622133164,outer_03,none,0.0
2233,2019-09-03,2234,2254,-0.04393108410211255,0.0,0.20842776683210984,outer_03,none,0.0
2234,2019-09-04,2235,2255,-0.034411997597727506,0.0,0.1696915065140136,outer_03,none,0.0
2235,2019-09-05,2236,2256,-0.00820638828078657,0.0,0.2607254700409897,outer_03,none,0.0
2236,2019-09-06,2237,2257,0.0033332921528481663,1.0,0.5437792781360016,outer_03,none,0.0
2237,2019-09-09,2238,2258,-0.0033091694106825997,0.0,0.5801148689551722,outer_03,none,0.0
2238,2019-09-10,2239,2259,0.013479535676744092,1.0,0.5921296881945527,outer_03,none,0.0
2239,2019-09-11,2240,2260,0.00596849668833066,1.0,0.3929858916223025,outer_03,none,0.0
2240,2019-09-12,2241,2261,-0.002112243773482625,0.0,0.4266133693060199,outer_03,none,0.0
2241,2019-09-13,2242,2262,-0.009561057588384436,0.0,0.5255313150776882,outer_03,none,0.0
2242,2019-09-16,2243,2263,-0.004092474098856158,0.0,0.4714324975643378,outer_03,none,0.0
2243,2019-09-17,2244,2264,-0.013666325032239968,0.0,0.6358036904688082,outer_03,none,0.0
2244,2019-09-18,2245,2265,-0.0019444301572271172,0.0,0.4270449354526502,outer_03,none,0.0
2245,2019-09-19,2246,2266,-0.004820865389667972,0.0,0.42014677475397133,outer_03,none,0.0
2246,2019-09-20,2247,2267,-0.013966967830626231,0.0,0.25951223692530695,outer_03,none,0.0
2247,2019-09-23,2248,2268,-0.025642942218678577,0.0,0.29927205754046377,outer_03,none,0.0
2248,2019-09-24,2249,2269,-0.030029861264437407,0.0,0.2175942203914578,outer_03,none,0.0
2249,2019-09-25,2250,2270,-0.008233796880594113,0.0,0.3642669347339588,outer_03,none,0.0
2250,2019-09-26,2251,2271,-0.0006119096427017467,0.0,0.6288496008293989,outer_03,none,0.0
2251,2019-09-27,2252,2272,0.0046940617072852575,1.0,0.6511958622075154,outer_03,none,0.0
2252,2019-09-30,2253,2273,0.012736533540425476,1.0,0.760979230369874,outer_03,none,0.0
2253,2019-10-01,2254,2274,0.004940278628591699,1.0,0.6844722086395544,outer_03,none,0.0
2254,2019-10-02,2255,2275,-0.0021304098910581715,0.0,0.527239421627004,outer_03,none,0.0
2255,2019-10-03,2256,2276,0.004273609880808493,1.0,0.47690094961919316,outer_03,none,0.0
2256,2019-10-04,2257,2277,0.002753856143560718,1.0,0.4627174299490025,outer_03,none,0.0
2257,2019-10-07,2258,2278,0.010299205021613744,1.0,0.5731252247489192,outer_03,none,0.0
2258,2019-10-08,2259,2279,-0.01521018166643362,0.0,0.573173609776429,outer_03,none,0.0
2259,2019-10-09,2260,2280,-0.010622735919726622,0.0,0.4094919729226814,outer_03,none,0.0
2260,2019-10-10,2261,2281,-0.01778907831420895,0.0,0.4706148006630758,outer_04,sigmoid,0.05
2261,2019-10-11,2262,2282,-0.017790162566310386,0.0,0.4660368970699881,outer_04,sigmoid,0.05
2262,2019-10-14,2263,2283,-0.02536643256584714,0.0,0.4695384066622366,outer_04,sigmoid,0.05
2263,2019-10-15,2264,2284,-0.01619975666053186,0.0,0.4658896551652943,outer_04,sigmoid,0.05
2264,2019-10-16,2265,2285,-0.0176038236107523,0.0,0.4705844339728329,outer_04,sigmoid,0.05
2265,2019-10-17,2266,2286,-0.014012108305662352,0.0,0.4697045895426155,outer_04,sigmoid,0.05
2266,2019-10-18,2267,2287,-0.016084144676835166,0.0,0.466538757373849,outer_04,sigmoid,0.05
2267,2019-10-21,2268,2288,-0.00939374391199177,0.0,0.4673151911900411,outer_04,sigmoid,0.05
2268,2019-10-22,2269,2289,-0.009630004188462493,0.0,0.4687262862991238,outer_04,sigmoid,0.05
2269,2019-10-23,2270,2290,-0.011078148377667851,0.0,0.47821276413093333,outer_04,sigmoid,0.05
2270,2019-10-24,2271,2291,-0.02605795480333395,0.0,0.4835174458608306,outer_04,sigmoid,0.05
2271,2019-10-25,2272,2292,-0.028952516260487116,0.0,0.48315141281317087,outer_04,sigmoid,0.05
2272,2019-10-28,2273,2293,-0.02502548516811398,0.0,0.47447834953772183,outer_04,sigmoid,0.05
2273,2019-10-29,2274,2294,-0.017826485292419036,0.0,0.46876434707209486,outer_04,sigmoid,0.05
2274,2019-10-30,2275,2295,-0.027119892681970015,0.0,0.4739692834549093,outer_04,sigmoid,0.05
2275,2019-10-31,2276,2296,-0.038483393386820275,0.0,0.4796316874063543,outer_04,sigmoid,0.05
2276,2019-11-01,2277,2297,-0.03379008713753073,0.0,0.47751118573440343,outer_04,sigmoid,0.05
2277,2019-11-04,2278,2298,-0.031795948174950794,0.0,0.4753545823718571,outer_04,sigmoid,0.05
2278,2019-11-05,2279,2299,-0.004891604183818288,0.0,0.4734760537150119,outer_04,sigmoid,0.05
2279,2019-11-06,2280,2300,-0.010404390520568185,0.0,0.4739177475262206,outer_04,sigmoid,0.05
2280,2019-11-07,2281,2301,0.005386966816897321,1.0,0.47101173397536106,outer_04,sigmoid,0.05
2281,2019-11-08,2282,2302,-0.0011237496043472461,0.0,0.46551351818913755,outer_04,sigmoid,0.05
2282,2019-11-11,2283,2303,0.004402695357488717,1.0,0.46872724088702444,outer_04,sigmoid,0.05
2283,2019-11-12,2284,2304,0.004703152656039045,1.0,0.47049011056939705,outer_04,sigmoid,0.05
2284,2019-11-13,2285,2305,0.007417825824949986,1.0,0.4771584844570842,outer_04,sigmoid,0.05
2285,2019-11-14,2286,2306,-0.003165647567227481,0.0,0.4750482723640975,outer_04,sigmoid,0.05
2286,2019-11-15,2287,2307,0.004757544570153982,1.0,0.47577550658089873,outer_04,sigmoid,0.05
2287,2019-11-18,2288,2308,0.0035567177258322147,1.0,0.47711880832240283,outer_04,sigmoid,0.05
2288,2019-11-19,2289,2309,0.0014172232260589723,1.0,0.47629231496351104,outer_04,sigmoid,0.05
2289,2019-11-20,2290,2310,0.00027116805806493005,1.0,0.4753486418448074,outer_04,sigmoid,0.05
2290,2019-11-21,2291,2311,0.009900499106298533,1.0,0.47651975294317744,outer_04,sigmoid,0.05
2291,2019-11-22,2292,2312,0.011959235223481635,1.0,0.47426855450287786,outer_04,sigmoid,0.05
2292,2019-11-25,2293,2313,0.02058478066100733,1.0,0.47390297474903675,outer_04,sigmoid,0.05
2293,2019-11-26,2294,2314,0.02844631452494717,1.0,0.47461476780278583,outer_04,sigmoid,0.05
2294,2019-11-27,2295,2315,0.037098222894530686,1.0,0.4768779724889911,outer_04,sigmoid,0.05
2295,2019-11-28,2296,2316,0.03760366187968334,1.0,0.47674036015689064,outer_04,sigmoid,0.05
2296,2019-11-29,2297,2317,0.03507174898072041,1.0,0.4740242793414005,outer_04,sigmoid,0.05
2297,2019-12-02,2298,2318,0.039342804986488566,1.0,0.4729149074882483,outer_04,sigmoid,0.05
2298,2019-12-03,2299,2319,0.03446918625162887,1.0,0.4812483981692295,outer_04,sigmoid,0.05
2299,2019-12-04,2300,2320,0.06658941213888614,1.0,0.4809314531164137,outer_04,sigmoid,0.05
2300,2019-12-05,2301,2321,0.058222633316292516,1.0,0.4810070388135613,outer_04,sigmoid,0.05
2301,2019-12-06,2302,2322,0.07742028654232147,1.0,0.476805241807119,outer_04,sigmoid,0.05
2302,2019-12-09,2303,2323,0.06191303789676894,1.0,0.47300943489537756,outer_04,sigmoid,0.05
2303,2019-12-10,2304,2324,0.05884889095202617,1.0,0.4791682476617578,outer_04,sigmoid,0.05
2304,2019-12-11,2305,2325,0.055813907370303895,1.0,0.4804190505692166,outer_04,sigmoid,0.05
2305,2019-12-12,2306,2326,0.05412140997653747,1.0,0.47782545996397663,outer_04,sigmoid,0.05
2306,2019-12-13,2307,2327,0.04735395912201934,1.0,0.4813809391910823,outer_04,sigmoid,0.05
2307,2019-12-16,2308,2328,0.052330096903199674,1.0,0.4832153606660454,outer_04,sigmoid,0.05
2308,2019-12-17,2309,2329,0.050558148644596734,1.0,0.48251201441739183,outer_04,sigmoid,0.05
2309,2019-12-18,2310,2330,0.05518323113425527,1.0,0.48313299473656374,outer_04,sigmoid,0.05
2310,2019-12-19,2311,2331,0.05392414982506377,1.0,0.4777418882383514,outer_04,sigmoid,0.05
2311,2019-12-20,2312,2332,0.05274660735287018,1.0,0.4826380954047687,outer_04,sigmoid,0.05
2312,2019-12-23,2313,2333,0.04820645852009964,1.0,0.47915093788288354,outer_04,sigmoid,0.05
2313,2019-12-24,2314,2334,0.038189864001515694,1.0,0.47505431033926954,outer_04,sigmoid,0.05
2314,2019-12-26,2315,2335,0.045254658562706496,1.0,0.47858860948259624,outer_04,sigmoid,0.05
2315,2019-12-27,2316,2336,0.045123062787165935,1.0,0.4751033373042392,outer_04,sigmoid,0.05
2316,2019-12-30,2317,2337,0.03504419213498711,1.0,0.47222175807641087,outer_04,sigmoid,0.05
2317,2019-12-31,2318,2338,0.03553261697809784,1.0,0.4657502654138352,outer_04,sigmoid,0.05
2318,2020-01-02,2319,2339,0.03017007686338946,1.0,0.46408541963909744,outer_04,sigmoid,0.05
2319,2020-01-03,2320,2340,0.008064406930198942,1.0,0.46093740929732707,outer_04,sigmoid,0.05
2320,2020-01-06,2321,2341,0.008927579664866236,1.0,0.4584030910783978,outer_04,sigmoid,0.05
2321,2020-01-07,2322,2342,-0.01457920408719282,0.0,0.45149532855755437,outer_04,sigmoid,0.05
2322,2020-01-08,2323,2343,-5.145654174576464e-05,0.0,0.45729359061740515,outer_04,sigmoid,0.05
2323,2020-01-09,2324,2344,0.008272671846012436,1.0,0.45843050252005485,outer_04,sigmoid,0.05
2324,2020-01-10,2325,2345,0.006213224966187703,1.0,0.4585006698669719,outer_04,sigmoid,0.05
2325,2020-01-13,2326,2346,0.015358193306949097,1.0,0.46600119918622585,outer_04,sigmoid,0.05
2326,2020-01-14,2327,2347,0.01356536509199291,1.0,0.4688198072599794,outer_04,sigmoid,0.05
2327,2020-01-15,2328,2348,0.00701631361262578,1.0,0.46798630338890757,outer_04,sigmoid,0.05
2328,2020-01-16,2329,2349,0.015101623230274974,1.0,0.47363193954585064,outer_04,sigmoid,0.05
2329,2020-01-17,2330,2350,0.014171083418053954,1.0,0.4710219894608966,outer_04,sigmoid,0.05
2330,2020-01-20,2331,2351,0.014507802388893154,1.0,0.47138143628953055,outer_04,sigmoid,0.05
2331,2020-01-21,2332,2352,0.0273252460995268,1.0,0.47242425628964124,outer_04,sigmoid,0.05
2332,2020-01-22,2333,2353,0.033080580206629406,1.0,0.47774269485242704,outer_04,sigmoid,0.05
2333,2020-01-23,2334,2354,0.03640834755275968,1.0,0.467954242070294,outer_04,sigmoid,0.05
2334,2020-01-24,2335,2355,0.048563899068623684,1.0,0.46746397562138775,outer_04,sigmoid,0.05
2335,2020-01-27,2336,2356,0.047291712755786364,1.0,0.47706896056779247,outer_04,sigmoid,0.05
2336,2020-01-28,2337,2357,0.043339970514765014,1.0,0.47080914141720487,outer_04,sigmoid,0.05
2337,2020-01-29,2338,2358,0.040964945736935654,1.0,0.4690067009504143,outer_04,sigmoid,0.05
2338,2020-01-30,2339,2359,0.041566831532113824,1.0,0.47013534751830277,outer_04,sigmoid,0.05
2339,2020-01-31,2340,2360,-0.00432748180420095,0.0,0.47426597997473546,outer_04,sigmoid,0.05
2340,2020-02-03,2341,2361,0.007503955994543787,1.0,0.476088081727076,outer_04,sigmoid,0.05
2341,2020-02-04,2342,2362,0.05566537858330456,1.0,0.46772570399186486,outer_04,sigmoid,0.05
2342,2020-02-05,2343,2363,0.051339283797451785,1.0,0.46863323898511583,outer_04,sigmoid,0.05
2343,2020-02-06,2344,2364,0.06538397188317369,1.0,0.4701148107987463,outer_04,sigmoid,0.05
2344,2020-02-07,2345,2365,0.07761482336972048,1.0,0.47419173254442215,outer_04,sigmoid,0.05
2345,2020-02-10,2346,2366,0.059057476053930635,1.0,0.47295110200525065,outer_04,sigmoid,0.05
2346,2020-02-11,2347,2367,0.05246868740041233,1.0,0.47563641140223045,outer_04,sigmoid,0.05
2347,2020-02-12,2348,2368,0.04614960741525831,1.0,0.47760414110389765,outer_04,sigmoid,0.05
2348,2020-02-13,2349,2369,0.00024744544430088666,1.0,0.4764312403023002,outer_04,sigmoid,0.05
2349,2020-02-14,2350,2370,-0.024461176923079364,0.0,0.47803381029812936,outer_04,sigmoid,0.05
2350,2020-02-17,2351,2371,-0.04648964699721425,0.0,0.4783205845626029,outer_04,sigmoid,0.05
2351,2020-02-18,2352,2372,-0.04071348600867086,0.0,0.48268610070741147,outer_04,sigmoid,0.05
2352,2020-02-19,2353,2373,-0.0812197099941665,0.0,0.47840879048445045,outer_04,sigmoid,0.05
2353,2020-02-20,2354,2374,-0.09870111732921227,0.0,0.4712288999867898,outer_04,sigmoid,0.05
2354,2020-02-21,2355,2375,-0.1075276731234629,0.0,0.46383924268737736,outer_04,sigmoid,0.05
2355,2020-02-24,2356,2376,-0.05839742549526594,0.0,0.4575096981681362,outer_04,sigmoid,0.05
2356,2020-02-25,2357,2377,-0.004631833262755514,0.0,0.4582944345353785,outer_04,sigmoid,0.05
2357,2020-02-26,2358,2378,-0.01765518331608984,0.0,0.45706553636023756,outer_04,sigmoid,0.05
2358,2020-02-27,2359,2379,-0.00715749164398094,0.0,0.4592379014268645,outer_04,sigmoid,0.05
2359,2020-02-28,2360,2380,0.023850513382853933,1.0,0.47527711470610984,outer_04,sigmoid,0.05
2360,2020-03-02,2361,2381,0.019488818053248202,1.0,0.4650330883537717,outer_04,sigmoid,0.05
2361,2020-03-03,2362,2382,-0.04399651524259962,0.0,0.471385997631861,outer_04,sigmoid,0.05
2362,2020-03-04,2363,2383,-0.02864218255911677,0.0,0.4688214753418321,outer_04,sigmoid,0.05
2363,2020-03-05,2364,2384,-0.03483005751985502,0.0,0.46461424052414063,outer_04,sigmoid,0.05
2364,2020-03-06,2365,2385,-0.04912573157489142,0.0,0.46270402989289805,outer_04,sigmoid,0.05
2365,2020-03-09,2366,2386,-0.0017524175237317863,0.0,0.4621223464150324,outer_04,sigmoid,0.05
2366,2020-03-10,2367,2387,-0.0028249291337214544,0.0,0.4638704244466022,outer_04,sigmoid,0.05
2367,2020-03-11,2368,2388,0.0032323776968308238,1.0,0.46094447436302327,outer_04,sigmoid,0.05
2368,2020-03-12,2369,2389,0.0622063772978354,1.0,0.4580439850491996,outer_04,sigmoid,0.05
2369,2020-03-13,2370,2390,0.1040537985252632,1.0,0.450888617714576,outer_04,sigmoid,0.05
2370,2020-03-16,2371,2391,0.13285148566782912,1.0,0.45317136761390975,outer_04,sigmoid,0.05
2371,2020-03-17,2372,2392,0.1102603820862571,1.0,0.45134354782558844,outer_04,sigmoid,0.05
2372,2020-03-18,2373,2393,0.14582340713023356,1.0,0.45698996854984797,outer_04,sigmoid,0.05
2373,2020-03-19,2374,2394,0.13704996909835376,1.0,0.4581632925570983,outer_04,sigmoid,0.05
2374,2020-03-20,2375,2395,0.12900836205467758,1.0,0.4558778529584186,outer_04,sigmoid,0.05
2375,2020-03-23,2376,2396,0.07415228708486765,1.0,0.45546389206103594,outer_04,sigmoid,0.05
2376,2020-03-24,2377,2397,0.05029129613652028,1.0,0.45824678241552236,outer_04,sigmoid,0.05
2377,2020-03-25,2378,2398,0.07072130329142379,1.0,0.46000525180140744,outer_04,sigmoid,0.05
2378,2020-03-26,2379,2399,0.05496951249271653,1.0,0.45661618573271556,outer_04,sigmoid,0.05
2379,2020-03-27,2380,2400,0.05694713932566042,1.0,0.46044474714581146,outer_04,sigmoid,0.05
2380,2020-03-30,2381,2401,0.051828991788666734,1.0,0.46431525675773044,outer_04,sigmoid,0.05
2381,2020-03-31,2382,2402,0.0862437248664989,1.0,0.47573905585900333,outer_04,sigmoid,0.05
2382,2020-04-01,2383,2403,0.058410316207059054,1.0,0.4759485854948475,outer_04,sigmoid,0.05
2383,2020-04-02,2384,2404,0.05051157923131555,1.0,0.48580993305184245,outer_04,sigmoid,0.05
2384,2020-04-03,2385,2405,0.05219310125444743,1.0,0.4904161565925588,outer_04,sigmoid,0.05
2385,2020-04-06,2386,2406,0.02356667659494427,1.0,0.4865132223344474,outer_04,sigmoid,0.05
2386,2020-04-07,2387,2407,0.022758944905397982,1.0,0.49238213887276866,outer_04,sigmoid,0.05
2387,2020-04-08,2388,2408,0.04172664837327922,1.0,0.49356530180859043,outer_04,sigmoid,0.05
2388,2020-04-09,2389,2409,0.014740566027682256,1.0,0.4897768494171261,outer_04,sigmoid,0.05
2389,2020-04-13,2390,2410,-0.008551572384162043,0.0,0.47562337482692174,outer_04,sigmoid,0.05
2390,2020-04-14,2391,2411,-0.014262498119952838,0.0,0.48272786970288156,outer_04,sigmoid,0.05
2391,2020-04-15,2392,2412,-0.00068768578967493,0.0,0.48423439643185207,outer_04,sigmoid,0.05
2392,2020-04-16,2393,2413,0.006715910805619174,1.0,0.4910618116139044,outer_04,sigmoid,0.05
2393,2020-04-17,2394,2414,0.037516278787925295,1.0,0.49558656765177467,outer_04,sigmoid,0.05
2394,2020-04-20,2395,2415,0.021386976891669462,1.0,0.4967091088041343,outer_04,sigmoid,0.05
2395,2020-04-21,2396,2416,0.035174257339802395,1.0,0.4957386706991882,outer_04,sigmoid,0.05
2396,2020-04-22,2397,2417,0.018822589844517346,1.0,0.49989893332837954,outer_04,sigmoid,0.05
2397,2020-04-23,2398,2418,-0.0022329831160501357,0.0,0.49966677859928493,outer_04,sigmoid,0.05
2398,2020-04-24,2399,2419,0.005668099345217392,1.0,0.500723421226967,outer_04,sigmoid,0.05
2399,2020-04-27,2400,2420,0.0064865846336186195,1.0,0.49862319666012633,outer_04,sigmoid,0.05
2400,2020-04-28,2401,2421,0.0013983029574520245,1.0,0.49976137895298495,outer_04,sigmoid,0.05
2401,2020-04-29,2402,2422,-0.002150651576125817,0.0,0.5006810222407772,outer_04,sigmoid,0.05
2402,2020-04-30,2403,2423,0.01968609129043486,1.0,0.49936501513937104,outer_04,sigmoid,0.05
2403,2020-05-01,2404,2424,0.021769178799647904,1.0,0.5006343721386275,outer_04,sigmoid,0.05
2404,2020-05-04,2405,2425,0.02133296368311388,1.0,0.4994655297349517,outer_04,sigmoid,0.05
2405,2020-05-05,2406,2426,0.013131281046414145,1.0,0.5003076853455264,outer_04,sigmoid,0.05
2406,2020-05-06,2407,2427,0.00826157945104189,1.0,0.49863285727374973,outer_04,sigmoid,0.05
2407,2020-05-07,2408,2428,-0.00044894425974195684,0.0,0.5003498390245996,outer_04,sigmoid,0.05
2408,2020-05-08,2409,2429,-0.012924002643798005,0.0,0.5008423784580893,outer_04,sigmoid,0.05
2409,2020-05-11,2410,2430,0.0014244681255908276,1.0,0.49933052473025136,outer_04,sigmoid,0.05
2410,2020-05-12,2411,2431,0.007777722698895317,1.0,0.5005513495871022,outer_04,sigmoid,0.05
2411,2020-05-13,2412,2432,0.013106681507068174,1.0,0.503192401731247,outer_04,sigmoid,0.05
2412,2020-05-14,2413,2433,-0.0004856502026493459,0.0,0.5042700726452096,outer_04,sigmoid,0.05
2413,2020-05-15,2414,2434,-0.009545459065998685,0.0,0.5031676120910286,outer_04,sigmoid,0.05
2414,2020-05-18,2415,2435,-0.003922118109633388,0.0,0.5019666133266858,outer_04,sigmoid,0.05
2415,2020-05-19,2416,2436,-0.010994411812651705,0.0,0.501785441065263,outer_04,sigmoid,0.05
2416,2020-05-20,2417,2437,-0.012352483418186289,0.0,0.5029127183874106,outer_04,sigmoid,0.05
2417,2020-05-21,2418,2438,-0.0022553937509801614,0.0,0.5023425232831168,outer_04,sigmoid,0.05
2418,2020-05-22,2419,2439,0.008948875596942685,1.0,0.5028018479814006,outer_04,sigmoid,0.05
2419,2020-05-25,2420,2440,0.016040435527309604,1.0,0.502611654826973,outer_04,sigmoid,0.05
2420,2020-05-26,2421,2441,0.033726529587953635,1.0,0.49985640831026207,outer_04,sigmoid,0.05
2421,2020-05-27,2422,2442,0.028997399013073633,1.0,0.5001390592711116,outer_04,sigmoid,0.05
2422,2020-05-28,2423,2443,0.02561217478707345,1.0,0.4987796666678419,outer_04,sigmoid,0.05
2423,2020-05-29,2424,2444,0.019922386828221228,1.0,0.5014504770685483,outer_04,sigmoid,0.05
2424,2020-06-01,2425,2445,0.01942671737335644,1.0,0.5025322133708817,outer_04,sigmoid,0.05
2425,2020-06-02,2426,2446,0.031108489429323427,1.0,0.5012668524876108,outer_04,sigmoid,0.05
2426,2020-06-03,2427,2447,0.0416302978509524,1.0,0.49331960730572005,outer_04,sigmoid,0.05
2427,2020-06-04,2428,2448,0.03537221001993096,1.0,0.4979565462313021,outer_04,sigmoid,0.05
2428,2020-06-05,2429,2449,0.053778421831333745,1.0,0.48911444976337926,outer_04,sigmoid,0.05
2429,2020-06-08,2430,2450,0.04886046609944561,1.0,0.4920997365451381,outer_04,sigmoid,0.05
2430,2020-06-09,2431,2451,0.045442812298166047,1.0,0.49607634563657377,outer_04,sigmoid,0.05
2431,2020-06-10,2432,2452,0.04027821458255598,1.0,0.4989266573159675,outer_04,sigmoid,0.05
2432,2020-06-11,2433,2453,0.04126001518268474,1.0,0.496642663834286,outer_04,sigmoid,0.05
2433,2020-06-12,2434,2454,0.03873147977842972,1.0,0.49633677903842677,outer_04,sigmoid,0.05
2434,2020-06-15,2435,2455,0.04358573867420201,1.0,0.494370828873469,outer_04,sigmoid,0.05
2435,2020-06-16,2436,2456,0.04697761842864434,1.0,0.49429526921266065,outer_04,sigmoid,0.05
2436,2020-06-17,2437,2457,0.047934703433464954,1.0,0.49672601851029796,outer_04,sigmoid,0.05
2437,2020-06-18,2438,2458,0.042768311728773156,1.0,0.49615119822520437,outer_04,sigmoid,0.05
2438,2020-06-19,2439,2459,0.03395419150596446,1.0,0.4961919929302189,outer_04,sigmoid,0.05
2439,2020-06-22,2440,2460,0.03581120034573271,1.0,0.4951680152961317,outer_04,sigmoid,0.05
2440,2020-06-23,2441,2461,0.03982210528438923,1.0,0.4909794157228069,outer_04,sigmoid,0.05
2441,2020-06-24,2442,2462,0.06299539735535475,1.0,0.4883116877457653,outer_04,sigmoid,0.05
2442,2020-06-25,2443,2463,0.06872263875445395,1.0,0.48605455629215516,outer_04,sigmoid,0.05
2443,2020-06-26,2444,2464,0.07208207422583168,1.0,0.48638731142804487,outer_04,sigmoid,0.05
2444,2020-06-29,2445,2465,0.09232484988194489,1.0,0.4837898562220229,outer_04,sigmoid,0.05
2445,2020-06-30,2446,2466,0.09652845738007976,1.0,0.4805448808807907,outer_04,sigmoid,0.05
2446,2020-07-01,2447,2467,0.10679112783818123,1.0,0.4815917853251523,outer_04,sigmoid,0.05
2447,2020-07-02,2448,2468,0.09600640779620662,1.0,0.4820142867883154,outer_04,sigmoid,0.05
2448,2020-07-03,2449,2469,0.11199639447388687,1.0,0.485596052337293,outer_04,sigmoid,0.05
2449,2020-07-06,2450,2470,0.10222096475655551,1.0,0.48158453892833936,outer_04,sigmoid,0.05
2450,2020-07-07,2451,2471,0.11860900415134701,1.0,0.47743360164835064,outer_04,sigmoid,0.05
2451,2020-07-08,2452,2472,0.12010833494923556,1.0,0.4744118612688699,outer_04,sigmoid,0.05
2452,2020-07-09,2453,2473,0.13695009520734214,1.0,0.4765631753615807,outer_04,sigmoid,0.05
2453,2020-07-10,2454,2474,0.1189243068006478,1.0,0.4771569279791002,outer_04,sigmoid,0.05
2454,2020-07-13,2455,2475,0.1174099506802575,1.0,0.4770681780464461,outer_04,sigmoid,0.05
2455,2020-07-14,2456,2476,0.057700925608955345,1.0,0.4775619088706444,outer_04,sigmoid,0.05
2456,2020-07-15,2457,2477,0.058559721977079704,1.0,0.477451629303693,outer_04,sigmoid,0.05
2457,2020-07-16,2458,2478,0.08181182417318755,1.0,0.4822537351961848,outer_04,sigmoid,0.05
2458,2020-07-17,2459,2479,0.07297231788717085,1.0,0.48122779905285584,outer_04,sigmoid,0.05
2459,2020-07-20,2460,2480,0.08700358417043752,1.0,0.4736397998958144,outer_04,sigmoid,0.05
2460,2020-07-21,2461,2481,0.08541219209703144,1.0,0.48067972161927136,outer_04,sigmoid,0.05
2461,2020-07-22,2462,2482,0.03024808256703171,1.0,0.47429065311343166,outer_04,sigmoid,0.05
2462,2020-07-23,2463,2483,0.030452645401420675,1.0,0.46663994449723084,outer_04,sigmoid,0.05
2463,2020-07-24,2464,2484,0.017737934884597628,1.0,0.46214783141046106,outer_04,sigmoid,0.05
2464,2020-07-27,2465,2485,-0.0066811138593010355,0.0,0.45875625258029956,outer_04,sigmoid,0.05
2465,2020-07-28,2466,2486,-0.017417493398019346,0.0,0.4536668409127897,outer_04,sigmoid,0.05
2466,2020-07-29,2467,2487,-0.00974781868703456,0.0,0.4546528928912987,outer_04,sigmoid,0.05
2467,2020-07-30,2468,2488,-0.013136275044630885,0.0,0.45905812845901467,outer_04,sigmoid,0.05
2468,2020-07-31,2469,2489,-0.0073167355710968,0.0,0.4610854479025188,outer_04,sigmoid,0.05
2469,2020-08-03,2470,2490,-0.004566993347431492,0.0,0.4679572015921434,outer_04,sigmoid,0.05
2470,2020-08-04,2471,2491,-0.026561946613155918,0.0,0.46169652008335804,outer_04,sigmoid,0.05
2471,2020-08-05,2472,2492,-0.04936353415303074,0.0,0.4612090870495687,outer_04,sigmoid,0.05
2472,2020-08-06,2473,2493,-0.06769755465273075,0.0,0.4591834765903175,outer_04,sigmoid,0.05
2473,2020-08-07,2474,2494,-0.04762443796233473,0.0,0.46748071550798564,outer_04,sigmoid,0.05
2474,2020-08-10,2475,2495,-0.04909761678874247,0.0,0.46690398966550156,outer_04,sigmoid,0.05
2475,2020-08-11,2476,2496,0.008437903427635618,1.0,0.4837156670052764,outer_04,sigmoid,0.05
2476,2020-08-12,2477,2497,0.013750792194749728,1.0,0.4691859264999747,outer_04,sigmoid,0.05
2477,2020-08-13,2478,2498,-0.002596404465498914,0.0,0.4803929273073878,outer_04,sigmoid,0.05
2478,2020-08-14,2479,2499,-0.0036933579644991,0.0,0.4787996598849371,outer_04,sigmoid,0.05
2479,2020-08-17,2480,2500,-0.012936475878765563,0.0,0.4890914610309681,outer_04,sigmoid,0.05
2480,2020-08-18,2481,2501,-0.025549295831892138,0.0,0.49543537256471604,outer_04,sigmoid,0.05
2481,2020-08-19,2482,2502,0.01436677079504367,1.0,0.48222335415540857,outer_04,sigmoid,0.05
2482,2020-08-20,2483,2503,-0.0018753971446638928,0.0,0.479375992106487,outer_04,sigmoid,0.05
2483,2020-08-21,2484,2504,0.0067208289125675336,1.0,0.47115214662364785,outer_04,sigmoid,0.05
2484,2020-08-24,2485,2505,-0.00832323749610886,0.0,0.4647017250634186,outer_04,sigmoid,0.05
2485,2020-08-25,2486,2506,-0.014448265127073867,0.0,0.4763989985241014,outer_04,sigmoid,0.05
2486,2020-08-26,2487,2507,-0.04611024673881303,0.0,0.48591548684541586,outer_04,sigmoid,0.05
2487,2020-08-27,2488,2508,-0.03169421151917451,0.0,0.48128409218842827,outer_04,sigmoid,0.05
2488,2020-08-28,2489,2509,-0.05542693675267696,0.0,0.48045980046602604,outer_04,sigmoid,0.05
2489,2020-08-31,2490,2510,-0.04526449445957237,0.0,0.48139620139970785,outer_04,sigmoid,0.05
2490,2020-09-01,2491,2511,-0.036487143227209806,0.0,0.4847186862364777,outer_04,sigmoid,0.05
2491,2020-09-02,2492,2512,-0.028565685831288157,0.0,0.4810643411838761,outer_04,sigmoid,0.05
2492,2020-09-03,2493,2513,-0.013847979375340103,0.0,0.46808393881172633,outer_04,sigmoid,0.05
2493,2020-09-04,2494,2514,-0.014913430743098921,0.0,0.4723457014756969,outer_04,sigmoid,0.05
2494,2020-09-07,2495,2515,-0.009152738631639679,0.0,0.46965237383635067,outer_04,sigmoid,0.05
2495,2020-09-08,2496,2516,-0.028200016967613983,0.0,0.46958368564799735,outer_04,sigmoid,0.05
2496,2020-09-09,2497,2517,-0.030798793854823536,0.0,0.46885564480149655,outer_04,sigmoid,0.05
2497,2020-09-10,2498,2518,-0.02728637485815444,0.0,0.47353904113149925,outer_04,sigmoid,0.05
2498,2020-09-11,2499,2519,-0.005615041288390188,0.0,0.47011686807805986,outer_04,sigmoid,0.05
2499,2020-09-14,2500,2520,-0.01741611844224611,0.0,0.47267175947299517,outer_04,sigmoid,0.05
2500,2020-09-15,2501,2521,-0.032008180217173,0.0,0.46902220505230974,outer_04,sigmoid,0.05
2501,2020-09-16,2502,2522,-0.03000994432316606,0.0,0.47118778347203844,outer_04,sigmoid,0.05
2502,2020-09-17,2503,2523,-0.018525536488026795,0.0,0.47370920809637923,outer_04,sigmoid,0.05
2503,2020-09-18,2504,2524,-0.02599991628440801,0.0,0.4737514089649901,outer_04,sigmoid,0.05
2504,2020-09-21,2505,2525,-0.005678618868006247,0.0,0.45386301002091783,outer_04,sigmoid,0.05
2505,2020-09-22,2506,2526,0.004996389069208185,1.0,0.4509782400391386,outer_04,sigmoid,0.05
2506,2020-09-23,2507,2527,0.03204087622132068,1.0,0.44987662496671665,outer_04,sigmoid,0.05
2507,2020-09-24,2508,2528,0.01856683742211107,1.0,0.45141569608342197,outer_04,sigmoid,0.05
2508,2020-09-25,2509,2529,0.020440265656893608,1.0,0.4505788021534855,outer_04,sigmoid,0.05
2509,2020-09-28,2510,2530,0.011006375480663522,1.0,0.458207351429056,outer_04,sigmoid,0.05
2510,2020-09-29,2511,2531,0.005287180160500782,1.0,0.4614751911155665,outer_04,sigmoid,0.05
2511,2020-09-30,2512,2532,-0.005110209738545812,0.0,0.4630548880846794,outer_04,sigmoid,0.05
2512,2020-10-01,2513,2533,-0.018877984558514527,0.0,0.46550193579415144,outer_04,sigmoid,0.05
2513,2020-10-02,2514,2534,-0.012795132712548174,0.0,0.46726844297370695,outer_04,sigmoid,0.05
2514,2020-10-05,2515,2535,-0.008936440946262003,0.0,0.47490910676476966,outer_04,sigmoid,0.05
2515,2020-10-06,2516,2536,0.016525111657397673,1.0,0.4681029312005658,outer_04,sigmoid,0.05
2516,2020-10-07,2517,2537,0.008415848156893446,1.0,0.46414037151976656,outer_04,sigmoid,0.05
2517,2020-10-08,2518,2538,0.027270961035551267,1.0,0.4684305584572077,outer_04,sigmoid,0.05
2518,2020-10-09,2519,2539,0.015597357447531657,1.0,0.4798267936142192,outer_04,sigmoid,0.05
2519,2020-10-12,2520,2540,-0.033246123071267064,0.0,0.4780012856507521,outer_04,sigmoid,0.05
2520,2020-10-13,2521,2541,-0.009245172631110243,0.0,0.4683409580206339,outer_04,sigmoid,0.05
2521,2020-10-14,2522,2542,-0.018459776366078984,0.0,0.46962493215215273,outer_04,sigmoid,0.05
2522,2020-10-15,2523,2543,-0.016704651139307636,0.0,0.4793534973350466,outer_04,sigmoid,0.05
2523,2020-10-16,2524,2544,-0.006241439629955714,0.0,0.48191383870580135,outer_04,sigmoid,0.05
2524,2020-10-19,2525,2545,-0.007382053033008873,0.0,0.48209989278799226,outer_04,sigmoid,0.05
2525,2020-10-20,2526,2546,-0.015075317808855182,0.0,0.4870760092398038,outer_04,sigmoid,0.05
2526,2020-10-21,2527,2547,-0.02675966837365351,0.0,0.489172144293143,outer_04,sigmoid,0.05
2527,2020-10-22,2528,2548,-0.023090980112324466,0.0,0.4831733311338027,outer_04,sigmoid,0.05
2528,2020-10-23,2529,2549,-0.01617646077419277,0.0,0.47505733314244036,outer_04,sigmoid,0.05
2529,2020-10-26,2530,2550,-0.033889586498697,0.0,0.47673442992941134,outer_04,sigmoid,0.05
2530,2020-10-27,2531,2551,-0.05389134599916634,0.0,0.4838160093780136,outer_04,sigmoid,0.05
2531,2020-10-28,2532,2552,-0.03726788930277358,0.0,0.4733434326710358,outer_04,sigmoid,0.05
2532,2020-10-29,2533,2553,-0.03199759841734107,0.0,0.46299292994853314,outer_04,sigmoid,0.05
2533,2020-10-30,2534,2554,-0.04905333288458191,0.0,0.46924196673998736,outer_04,sigmoid,0.05
2534,2020-11-02,2535,2555,-0.06428278631805817,0.0,0.47729767030236553,outer_04,sigmoid,0.05
2535,2020-11-03,2536,2556,-0.051702208161938046,0.0,0.4786065478265031,outer_04,sigmoid,0.05
2536,2020-11-04,2537,2557,-0.0395810096597593,0.0,0.4765464306419766,outer_04,sigmoid,0.05
2537,2020-11-05,2538,2558,-0.05546401435813486,0.0,0.48406200616135836,outer_04,sigmoid,0.05
2538,2020-11-06,2539,2559,-0.06344706958604363,0.0,0.4793035295169825,outer_04,sigmoid,0.05
2539,2020-11-09,2540,2560,0.001041924108997172,1.0,0.4750622753019233,outer_04,sigmoid,0.05
2540,2020-11-10,2541,2561,-0.0033005092873903408,0.0,0.471883909423115,outer_04,sigmoid,0.05
2541,2020-11-11,2542,2562,-0.015259725295391213,0.0,0.4730605750161119,outer_04,sigmoid,0.05
2542,2020-11-12,2543,2563,-0.021588550292840125,0.0,0.4749502266216192,outer_04,sigmoid,0.05
2543,2020-11-13,2544,2564,-0.027287892200150488,0.0,0.48737958082092836,outer_04,sigmoid,0.05
2544,2020-11-16,2545,2565,-0.032870976331953905,0.0,0.4908806352815863,outer_04,sigmoid,0.05
2545,2020-11-17,2546,2566,-0.014820479862982516,0.0,0.49162099975410506,outer_04,sigmoid,0.05
2546,2020-11-18,2547,2567,-0.0055494899317896085,0.0,0.48984706645665926,outer_04,sigmoid,0.05
2547,2020-11-19,2548,2568,0.01248267695118166,1.0,0.4857201989398104,outer_04,sigmoid,0.05
2548,2020-11-20,2549,2569,0.006207774566568958,1.0,0.4885827434791357,outer_04,sigmoid,0.05
2549,2020-11-23,2550,2570,0.02185676532819869,1.0,0.4876033300615548,outer_04,sigmoid,0.05
2550,2020-11-24,2551,2571,0.029086159912369958,1.0,0.4796653554032723,outer_04,sigmoid,0.05
2551,2020-11-25,2552,2572,0.034969889576459856,1.0,0.4769353175768905,outer_04,sigmoid,0.05
2552,2020-11-26,2553,2573,0.042270476517340505,1.0,0.47614801128961454,outer_04,sigmoid,0.05
2553,2020-11-27,2554,2574,0.04690124788830463,1.0,0.48024941444991914,outer_04,sigmoid,0.05
2554,2020-11-30,2555,2575,0.05493023448915757,1.0,0.47804599702756645,outer_04,sigmoid,0.05
2555,2020-12-01,2556,2576,0.04344474008206323,1.0,0.4756641040254051,outer_04,sigmoid,0.05
2556,2020-12-02,2557,2577,0.042650033575419855,1.0,0.4749506090420544,outer_04,sigmoid,0.05
2557,2020-12-03,2558,2578,0.05299473757862039,1.0,0.4756614684863355,outer_04,sigmoid,0.05
2558,2020-12-04,2559,2579,0.05971536861329696,1.0,0.4718069460242102,outer_04,sigmoid,0.05
2559,2020-12-07,2560,2580,0.03067486829242405,1.0,0.46800896355755267,outer_04,sigmoid,0.05
2560,2020-12-08,2561,2581,0.02474284399734117,1.0,0.47344602519625906,outer_04,sigmoid,0.05
2561,2020-12-09,2562,2582,0.008799941983113513,1.0,0.47068442704991953,outer_04,sigmoid,0.05
2562,2020-12-10,2563,2583,0.005688649471408347,1.0,0.4688849790929895,outer_04,sigmoid,0.05
2563,2020-12-11,2564,2584,0.009734348055275177,1.0,0.46804707603642365,outer_04,sigmoid,0.05
2564,2020-12-14,2565,2585,0.010397519070010297,1.0,0.4695185349048757,outer_04,sigmoid,0.05
2565,2020-12-15,2566,2586,-0.0032904097310657576,0.0,0.47630942162938594,outer_04,sigmoid,0.05
2566,2020-12-16,2567,2587,-0.01899917652380445,0.0,0.47989242290111495,outer_04,sigmoid,0.05
2567,2020-12-17,2568,2588,-0.024872895300414477,0.0,0.4759256860197871,outer_04,sigmoid,0.05
2568,2020-12-18,2569,2589,-0.02256328563445109,0.0,0.4793187275975491,outer_04,sigmoid,0.05
2569,2020-12-21,2570,2590,-0.004121694287666955,0.0,0.47338715093025724,outer_04,sigmoid,0.05
2570,2020-12-22,2571,2591,0.004690729283126416,1.0,0.47360891678068556,outer_04,sigmoid,0.05
2571,2020-12-23,2572,2592,-0.008238219293954074,0.0,0.4723585524616937,outer_04,sigmoid,0.05
2572,2020-12-24,2573,2593,-0.01770506172726538,0.0,0.47670292643751483,outer_04,sigmoid,0.05
2573,2020-12-28,2574,2594,-0.012691989918458546,0.0,0.4770941182919863,outer_04,sigmoid,0.05
2574,2020-12-29,2575,2595,-0.018629721287411805,0.0,0.4774939490264892,outer_04,sigmoid,0.05
2575,2020-12-30,2576,2596,-0.02695133675873773,0.0,0.4780191468223894,outer_04,sigmoid,0.05
2576,2020-12-31,2577,2597,-0.028424285996793586,0.0,0.48121148433877337,outer_04,sigmoid,0.05
2577,2021-01-04,2578,2598,-0.04321799884700006,0.0,0.4830757845825228,outer_04,sigmoid,0.05
2578,2021-01-05,2579,2599,-0.059432316878258895,0.0,0.47333366031704754,outer_04,sigmoid,0.05
2579,2021-01-06,2580,2600,-0.04624984711997726,0.0,0.4721932946492343,outer_04,sigmoid,0.05
2580,2021-01-07,2581,2601,-0.06523389587963724,0.0,0.47484952143883824,outer_04,sigmoid,0.05
2581,2021-01-08,2582,2602,-0.02036512844019267,0.0,0.4804134496737045,outer_04,sigmoid,0.05
2582,2021-01-11,2583,2603,-0.00904752282751975,0.0,0.47642103564431304,outer_04,sigmoid,0.05
2583,2021-01-12,2584,2604,-0.008907285657422825,0.0,0.481477014470508,outer_04,sigmoid,0.05
2584,2021-01-13,2585,2605,-0.0019504695435896835,0.0,0.48129301071544517,outer_04,sigmoid,0.05
2585,2021-01-14,2586,2606,-0.01180230907653712,0.0,0.4914043146481925,outer_04,sigmoid,0.05
2586,2021-01-15,2587,2607,-0.0019215667498064803,0.0,0.4928921320221843,outer_04,sigmoid,0.05
2587,2021-01-18,2588,2608,-0.0102733795301857,0.0,0.4880289403865919,outer_04,sigmoid,0.05
2588,2021-01-19,2589,2609,-0.026347735129482075,0.0,0.49235443074055,outer_04,sigmoid,0.05
2589,2021-01-20,2590,2610,-0.05188458244222183,0.0,0.48994197924992156,outer_04,sigmoid,0.05
2590,2021-01-21,2591,2611,-0.05118746034199084,0.0,0.49337010982961915,outer_04,sigmoid,0.05
2591,2021-01-22,2592,2612,-0.039096287357716086,0.0,0.4926920125314848,outer_04,sigmoid,0.05
2592,2021-01-25,2593,2613,-0.0250295493532251,0.0,0.4937579042047914,outer_04,sigmoid,0.05
2593,2021-01-26,2594,2614,-0.02459270291403559,0.0,0.49304001731289787,outer_04,sigmoid,0.05
2594,2021-01-27,2595,2615,-0.021397790332059685,0.0,0.49280367411056336,outer_04,sigmoid,0.05
2595,2021-01-28,2596,2616,-0.039209862046739374,0.0,0.49212762790690706,outer_04,sigmoid,0.05
2596,2021-01-29,2597,2617,-0.0655777354830347,0.0,0.4930043537481172,outer_04,sigmoid,0.05
2597,2021-02-01,2598,2618,-0.0761533517868127,0.0,0.49330718108845656,outer_04,sigmoid,0.05
2598,2021-02-02,2599,2619,-0.05551931463186044,0.0,0.4924361731247095,outer_04,sigmoid,0.05
2599,2021-02-03,2600,2620,-0.06955694442001814,0.0,0.49203258933685295,outer_04,sigmoid,0.05
2600,2021-02-04,2601,2621,-0.05574875988525374,0.0,0.48621000010924553,outer_04,sigmoid,0.05
2601,2021-02-05,2602,2622,-0.0630872769424684,0.0,0.4870349046856813,outer_04,sigmoid,0.05
2602,2021-02-08,2603,2623,-0.0833106069646199,0.0,0.4886727975329888,outer_04,sigmoid,0.05
2603,2021-02-09,2604,2624,-0.06939349157915231,0.0,0.4901388788500839,outer_04,sigmoid,0.05
2604,2021-02-10,2605,2625,-0.06575732736858697,0.0,0.4908378895723686,outer_04,sigmoid,0.05
2605,2021-02-11,2606,2626,-0.058916504838157024,0.0,0.4914466187287173,outer_04,sigmoid,0.05
2606,2021-02-12,2607,2627,-0.05422553949266806,0.0,0.49563755096093187,outer_04,sigmoid,0.05
2607,2021-02-15,2608,2628,-0.04943171261556145,0.0,0.49443364953786145,outer_04,sigmoid,0.05
2608,2021-02-16,2609,2629,-0.034216103751793625,0.0,0.490984727940671,outer_04,sigmoid,0.05
2609,2021-02-17,2610,2630,-0.016002882855640443,0.0,0.4876228602355417,outer_04,sigmoid,0.05
2610,2021-02-18,2611,2631,-0.023171501060422095,0.0,0.4853849879545796,outer_04,sigmoid,0.05
2611,2021-02-19,2612,2632,-0.024348477227067455,0.0,0.48636440734482983,outer_04,sigmoid,0.05
2612,2021-02-22,2613,2633,-0.03935159383008546,0.0,0.4918391481747969,outer_04,sigmoid,0.05
2613,2021-02-23,2614,2634,-0.044973974521473004,0.0,0.48945937533094086,outer_04,sigmoid,0.05
2614,2021-02-24,2615,2635,-0.03885685065913247,0.0,0.491027969334211,outer_04,sigmoid,0.05
2615,2021-02-25,2616,2636,-0.025319978196178816,0.0,0.4900453373418354,outer_04,sigmoid,0.05
2616,2021-02-26,2617,2637,-0.003816710504750631,0.0,0.48790950823626733,outer_04,sigmoid,0.05
2617,2021-03-01,2618,2638,-0.006024973766119324,0.0,0.4751231342844607,outer_04,sigmoid,0.05
2618,2021-03-02,2619,2639,-0.03115666071115708,0.0,0.47814444360383984,outer_04,sigmoid,0.05
2619,2021-03-03,2620,2640,-0.0020361124321404134,0.0,0.4844135585000474,outer_04,sigmoid,0.05
2620,2021-03-04,2621,2641,0.017995576812690928,1.0,0.48613414049056536,outer_04,sigmoid,0.05
2621,2021-03-05,2622,2642,0.013083346495475823,1.0,0.4820894606183986,outer_04,sigmoid,0.05
2622,2021-03-08,2623,2643,0.03428773945320618,1.0,0.46358213623656086,outer_04,sigmoid,0.05
2623,2021-03-09,2624,2644,0.012876348302025775,1.0,0.4785803221588997,outer_04,sigmoid,0.05
2624,2021-03-10,2625,2645,0.0167081690847386,1.0,0.4802088845862744,outer_04,sigmoid,0.05
2625,2021-03-11,2626,2646,0.012169856406233137,1.0,0.4814678291416855,outer_04,sigmoid,0.05
2626,2021-03-12,2627,2647,0.002698027802311209,1.0,0.4786081310741043,outer_04,sigmoid,0.05
2627,2021-03-15,2628,2648,0.007936732177183714,1.0,0.4783202375709867,outer_04,sigmoid,0.05
2628,2021-03-16,2629,2649,0.0022545063619983097,1.0,0.48371080010192313,outer_04,sigmoid,0.05
2629,2021-03-17,2630,2650,0.008671422026321984,1.0,0.48451664017730567,outer_04,sigmoid,0.05
2630,2021-03-18,2631,2651,0.02272669751267742,1.0,0.47834672237690296,outer_04,sigmoid,0.05
2631,2021-03-19,2632,2652,0.015421251921039492,1.0,0.4785223625243436,outer_04,sigmoid,0.05
2632,2021-03-22,2633,2653,0.02193541701495505,1.0,0.4828182949263292,outer_04,sigmoid,0.05
2633,2021-03-23,2634,2654,0.037947241356032,1.0,0.4787866718088785,outer_04,sigmoid,0.05
2634,2021-03-24,2635,2655,0.027992177380400385,1.0,0.4741404185981554,outer_04,sigmoid,0.05
2635,2021-03-25,2636,2656,0.027140861348196488,1.0,0.47248006711207935,outer_04,sigmoid,0.05
2636,2021-03-26,2637,2657,0.02852911254242141,1.0,0.4827710957817521,outer_04,sigmoid,0.05
2637,2021-03-29,2638,2658,0.036861526574986314,1.0,0.47297507073552736,outer_04,sigmoid,0.05
2638,2021-03-30,2639,2659,0.05604921360072268,1.0,0.45902433416651733,outer_04,sigmoid,0.05
2639,2021-03-31,2640,2660,0.0374812911428446,1.0,0.469414277189276,outer_04,sigmoid,0.05
2640,2021-04-01,2641,2661,0.021829118770313016,1.0,0.4760156975160985,outer_04,sigmoid,0.05
2641,2021-04-05,2642,2662,0.03628045727662155,1.0,0.4757288819839852,outer_04,sigmoid,0.05
2642,2021-04-06,2643,2663,0.019911948700541693,1.0,0.47450002812928277,outer_04,sigmoid,0.05
2643,2021-04-07,2644,2664,0.027944480261144378,1.0,0.4827370572518405,outer_04,sigmoid,0.05
2644,2021-04-08,2645,2665,0.033047942217962145,1.0,0.48442260326787306,outer_04,sigmoid,0.05
2645,2021-04-09,2646,2666,0.05053441787865598,1.0,0.4809805255165034,outer_04,sigmoid,0.05
2646,2021-04-12,2647,2667,0.05764069807557437,1.0,0.47295717133811516,outer_04,sigmoid,0.05
2647,2021-04-13,2648,2668,0.05090855212072931,1.0,0.47751042808677246,outer_04,sigmoid,0.05
2648,2021-04-14,2649,2669,0.04428046519817652,1.0,0.47872799999197524,outer_04,sigmoid,0.05
2649,2021-04-15,2650,2670,0.03517400604666854,1.0,0.4863100378846051,outer_04,sigmoid,0.05
2650,2021-04-16,2651,2671,0.03749897106768163,1.0,0.48341697890074675,outer_04,sigmoid,0.05
2651,2021-04-19,2652,2672,0.05267891706225303,1.0,0.48249679514552035,outer_04,sigmoid,0.05
2652,2021-04-20,2653,2673,0.04988861007543388,1.0,0.4835758546620584,outer_04,sigmoid,0.05
2653,2021-04-21,2654,2674,0.041550623345096405,1.0,0.4802888645863746,outer_04,sigmoid,0.05
2654,2021-04-22,2655,2675,0.05114783721245075,1.0,0.48025499085930756,outer_04,sigmoid,0.05
2655,2021-04-23,2656,2676,0.05795068682739668,1.0,0.4793767737050967,outer_04,sigmoid,0.05
2656,2021-04-26,2657,2677,0.054359991372356475,1.0,0.4831709676817228,outer_04,sigmoid,0.05
2657,2021-04-27,2658,2678,0.06628538642326198,1.0,0.48187496735936225,outer_04,sigmoid,0.05
2658,2021-04-28,2659,2679,0.06226983533630559,1.0,0.47847408840076255,outer_04,sigmoid,0.05
2659,2021-04-29,2660,2680,0.06803149123972574,1.0,0.481238885865841,outer_04,sigmoid,0.05
2660,2021-04-30,2661,2681,0.0746447117484843,1.0,0.48422835233234207,outer_04,sigmoid,0.05
2661,2021-05-03,2662,2682,0.062011734225396076,1.0,0.48465568126354613,outer_04,sigmoid,0.05
2662,2021-05-04,2663,2683,0.06598931377016548,1.0,0.4805575778905692,outer_04,sigmoid,0.05
2663,2021-05-05,2664,2684,0.06586508377885547,1.0,0.48044755152887947,outer_04,sigmoid,0.05
2664,2021-05-06,2665,2685,0.03076230707287486,1.0,0.48585652448167305,outer_04,sigmoid,0.05
2665,2021-05-07,2666,2686,0.03070156235041832,1.0,0.4752183071715934,outer_04,sigmoid,0.05
2666,2021-05-10,2667,2687,0.03375267190489861,1.0,0.4709850864914052,outer_04,sigmoid,0.05
2667,2021-05-11,2668,2688,0.029445208372171905,1.0,0.4682896723963321,outer_04,sigmoid,0.05
2668,2021-05-12,2669,2689,0.039975515147873786,1.0,0.4733059763860549,outer_04,sigmoid,0.05
2669,2021-05-13,2670,2690,0.03813877093953888,1.0,0.4757829770476664,outer_04,sigmoid,0.05
2670,2021-05-14,2671,2691,0.017502375758858157,1.0,0.4751257131591203,outer_04,sigmoid,0.05
2671,2021-05-17,2672,2692,0.00044989315796506446,1.0,0.4698891861412305,outer_04,sigmoid,0.05
2672,2021-05-18,2673,2693,-0.0053590955055637934,0.0,0.47129486801592135,outer_04,sigmoid,0.05
2673,2021-05-19,2674,2694,-0.030689779619438973,0.0,0.4725916802580006,outer_04,sigmoid,0.05
2674,2021-05-20,2675,2695,-0.05601911227849854,0.0,0.47106087797071466,outer_04,sigmoid,0.05
2675,2021-05-21,2676,2696,-0.06181060606964284,0.0,0.4756982980112765,outer_04,sigmoid,0.05
2676,2021-05-24,2677,2697,-0.05280052374342059,0.0,0.4827007152773764,outer_04,sigmoid,0.05
2677,2021-05-25,2678,2698,-0.06472778436518656,0.0,0.4775461759130636,outer_04,sigmoid,0.05
2678,2021-05-26,2679,2699,-0.06415155707664244,0.0,0.4801934037488487,outer_04,sigmoid,0.05
2679,2021-05-27,2680,2700,-0.06597449772517194,0.0,0.4773783864966778,outer_04,sigmoid,0.05
2680,2021-05-28,2681,2701,-0.0665106214389164,0.0,0.47967204433600535,outer_04,sigmoid,0.05
2681,2021-05-31,2682,2702,-0.06984111914218794,0.0,0.4819631850608334,outer_04,sigmoid,0.05
2682,2021-06-01,2683,2703,-0.07516905414761066,0.0,0.48517634923734376,outer_04,sigmoid,0.05
2683,2021-06-02,2684,2704,-0.07529489868003658,0.0,0.48554121454826793,outer_04,sigmoid,0.05
2684,2021-06-03,2685,2705,-0.05212811820788765,0.0,0.4877226423348592,outer_04,sigmoid,0.05
2685,2021-06-04,2686,2706,-0.056077563156640586,0.0,0.48534478548099286,outer_04,sigmoid,0.05
2686,2021-06-07,2687,2707,-0.058455224252850435,0.0,0.48354244616778375,outer_04,sigmoid,0.05
2687,2021-06-08,2688,2708,-0.05175190735852908,0.0,0.48153187372714773,outer_04,sigmoid,0.05
2688,2021-06-09,2689,2709,-0.046160332641033364,0.0,0.4796936939855082,outer_04,sigmoid,0.05
2689,2021-06-10,2690,2710,-0.051461061826225674,0.0,0.48404602644552874,outer_04,sigmoid,0.05
2690,2021-06-11,2691,2711,-0.03697449440877243,0.0,0.4806520813762776,outer_04,sigmoid,0.05
2691,2021-06-14,2692,2712,-0.03335829295737547,0.0,0.4755555779813606,outer_04,sigmoid,0.05
2692,2021-06-15,2693,2713,-0.027915029643918565,0.0,0.4728468329115995,outer_04,sigmoid,0.05
2693,2021-06-16,2694,2714,0.0076353440716543375,1.0,0.4644642762255221,outer_04,sigmoid,0.05
2694,2021-06-17,2695,2715,0.030168484909760096,1.0,0.46400141206892226,outer_04,sigmoid,0.05
2695,2021-06-18,2696,2716,0.02382840894213878,1.0,0.4639211531930252,outer_04,sigmoid,0.05
2696,2021-06-21,2697,2717,0.01590380227217647,1.0,0.4668237142329102,outer_04,sigmoid,0.05
2697,2021-06-22,2698,2718,0.017069291584449253,1.0,0.4736072165017651,outer_04,sigmoid,0.05
2698,2021-06-23,2699,2719,0.014080021799536269,1.0,0.47659665423772707,outer_04,sigmoid,0.05
2699,2021-06-24,2700,2720,0.017146913228749838,1.0,0.4776722504651715,outer_04,sigmoid,0.05
2700,2021-06-25,2701,2721,0.011731681922960924,1.0,0.4765717365824077,outer_04,sigmoid,0.05
2701,2021-06-28,2702,2722,0.010842836315298143,1.0,0.4695420505849927,outer_04,sigmoid,0.05
2702,2021-06-29,2703,2723,0.021574907541022093,1.0,0.46826035166184726,outer_04,sigmoid,0.05
2703,2021-06-30,2704,2724,0.020859655482681205,1.0,0.4740194938506863,outer_04,sigmoid,0.05
2704,2021-07-01,2705,2725,0.02913325617599316,1.0,0.49117606949690845,outer_04,sigmoid,0.05
2705,2021-07-02,2706,2726,0.01526526779066284,1.0,0.48845313610489,outer_04,sigmoid,0.05
2706,2021-07-05,2707,2727,0.012328300041342999,1.0,0.4880202387253786,outer_04,sigmoid,0.05
2707,2021-07-06,2708,2728,0.007735920594428514,1.0,0.48632604045054045,outer_04,sigmoid,0.05
2708,2021-07-07,2709,2729,0.00461874146103991,1.0,0.48477139796050966,outer_04,sigmoid,0.05
2709,2021-07-08,2710,2730,0.0009480013682630073,1.0,0.4837174878204075,outer_04,sigmoid,0.05
2710,2021-07-09,2711,2731,-0.026277411696077557,0.0,0.4864228680361442,outer_04,sigmoid,0.05
2711,2021-07-12,2712,2732,-0.04376725705906903,0.0,0.4887832165246892,outer_04,sigmoid,0.05
2712,2021-07-13,2713,2733,-0.0442398423199295,0.0,0.48628055054758773,outer_04,sigmoid,0.05
2713,2021-07-14,2714,2734,-0.0425462910462695,0.0,0.49239874287299784,outer_04,sigmoid,0.05
2714,2021-07-15,2715,2735,-0.042819348229934384,0.0,0.48571806597926886,outer_04,sigmoid,0.05
2715,2021-07-16,2716,2736,-0.017942921848526083,0.0,0.4881808061867541,outer_04,sigmoid,0.05
2716,2021-07-19,2717,2737,-0.01412852298354661,0.0,0.48732468940814566,outer_04,sigmoid,0.05
2717,2021-07-20,2718,2738,-0.013401373864488697,0.0,0.48650844736582705,outer_04,sigmoid,0.05
2718,2021-07-21,2719,2739,-0.009166916498230648,0.0,0.48766458609359103,outer_04,sigmoid,0.05
2719,2021-07-22,2720,2740,-0.014964930583712288,0.0,0.4904414959529837,outer_04,sigmoid,0.05
2720,2021-07-23,2721,2741,-0.011574500411674293,0.0,0.4903929390662602,outer_04,sigmoid,0.05
2721,2021-07-26,2722,2742,0.004118338506616581,1.0,0.48818393389148185,outer_04,sigmoid,0.05
2722,2021-07-27,2723,2743,0.0010546943197091707,1.0,0.48538441312763875,outer_04,sigmoid,0.05
2723,2021-07-28,2724,2744,-0.009065277720277543,0.0,0.48474878169939567,outer_04,sigmoid,0.05
2724,2021-07-29,2725,2745,-0.020087883885757662,0.0,0.488794265155222,outer_04,sigmoid,0.05
2725,2021-07-30,2726,2746,0.001970943001729175,1.0,0.4864479130446884,outer_04,sigmoid,0.05
2726,2021-08-02,2727,2747,-0.0019263202488204456,0.0,0.49136314757459676,outer_05,sigmoid,0.0
2727,2021-08-03,2728,2748,0.002322932683593848,1.0,0.49081037038911995,outer_05,sigmoid,0.0
2728,2021-08-04,2729,2749,0.001070049743579382,1.0,0.492184039210291,outer_05,sigmoid,0.0
2729,2021-08-05,2730,2750,0.002678370452378509,1.0,0.4890829128640758,outer_05,sigmoid,0.0
2730,2021-08-06,2731,2751,0.03745384655958617,1.0,0.4922684924686683,outer_05,sigmoid,0.0
2731,2021-08-09,2732,2752,0.05328303087313291,1.0,0.508121646615942,outer_05,sigmoid,0.0
2732,2021-08-10,2733,2753,0.037118107673014045,1.0,0.5054893888537229,outer_05,sigmoid,0.0
2733,2021-08-11,2734,2754,0.021588814267381018,1.0,0.49842152901043946,outer_05,sigmoid,0.0
2734,2021-08-12,2735,2755,0.022949719394169676,1.0,0.4950096259266923,outer_05,sigmoid,0.0
2735,2021-08-13,2736,2756,0.004637699224583791,1.0,0.4887222326650316,outer_05,sigmoid,0.0
2736,2021-08-16,2737,2757,0.003440767512310927,1.0,0.48475606223201423,outer_05,sigmoid,0.0
2737,2021-08-17,2738,2758,0.009782371834773151,1.0,0.48591691446731455,outer_05,sigmoid,0.0
2738,2021-08-18,2739,2759,0.003769385363157518,1.0,0.48520463394329355,outer_05,sigmoid,0.0
2739,2021-08-19,2740,2760,-0.015038302935517223,0.0,0.48662938577588555,outer_05,sigmoid,0.0
2740,2021-08-20,2741,2761,-0.015442618816584819,0.0,0.48358766646433143,outer_05,sigmoid,0.0
2741,2021-08-23,2742,2762,-0.022943018240502155,0.0,0.4837769233918048,outer_05,sigmoid,0.0
2742,2021-08-24,2743,2763,-0.015408659813071601,0.0,0.48394616418068787,outer_05,sigmoid,0.0
2743,2021-08-25,2744,2764,-0.01259129188198127,0.0,0.4881286137336697,outer_05,sigmoid,0.0
2744,2021-08-26,2745,2765,-0.02701843144528837,0.0,0.49174740715355536,outer_05,sigmoid,0.0
2745,2021-08-27,2746,2766,-0.03832879014257351,0.0,0.4899348302408192,outer_05,sigmoid,0.0
2746,2021-08-30,2747,2767,-0.03332827347054934,0.0,0.4896899772527728,outer_05,sigmoid,0.0
2747,2021-08-31,2748,2768,-0.04524720209308786,0.0,0.49141771297447245,outer_05,sigmoid,0.0
2748,2021-09-01,2749,2769,-0.04934049005012575,0.0,0.48985654068391266,outer_05,sigmoid,0.0
2749,2021-09-02,2750,2770,-0.03010905335378844,0.0,0.48849655604813425,outer_05,sigmoid,0.0
2750,2021-09-03,2751,2771,-0.03761853179819852,0.0,0.4937373512389177,outer_05,sigmoid,0.0
2751,2021-09-06,2752,2772,-0.030580255676255774,0.0,0.4976460969452783,outer_05,sigmoid,0.0
2752,2021-09-07,2753,2773,-0.019746699451551386,0.0,0.4929215232550983,outer_05,sigmoid,0.0
2753,2021-09-08,2754,2774,-0.014970061321752937,0.0,0.491626640879247,outer_05,sigmoid,0.0
2754,2021-09-09,2755,2775,-0.02137097117861675,0.0,0.4930956079934422,outer_05,sigmoid,0.0
2755,2021-09-10,2756,2776,-0.017143341480676533,0.0,0.4863180447594166,outer_05,sigmoid,0.0
2756,2021-09-13,2757,2777,-0.02232294702941573,0.0,0.4873563742347634,outer_05,sigmoid,0.0
2757,2021-09-14,2758,2778,-0.024217356057213202,0.0,0.48913052345800995,outer_05,sigmoid,0.0
2758,2021-09-15,2759,2779,-0.0006077248141549418,0.0,0.48670657130382977,outer_05,sigmoid,0.0
2759,2021-09-16,2760,2780,0.02391939571447743,1.0,0.484440025245611,outer_05,sigmoid,0.0
2760,2021-09-17,2761,2781,0.007360742042887836,1.0,0.4881333005385158,outer_05,sigmoid,0.0
2761,2021-09-20,2762,2782,0.0002663349773071033,1.0,0.4877227936002241,outer_05,sigmoid,0.0
2762,2021-09-21,2763,2783,-0.0030640857539037114,0.0,0.4866873987280799,outer_05,sigmoid,0.0
2763,2021-09-22,2764,2784,0.00790143976336033,1.0,0.48481457307927267,outer_05,sigmoid,0.0
2764,2021-09-23,2765,2785,0.021956602130178915,1.0,0.4850616390322187,outer_05,sigmoid,0.0
2765,2021-09-24,2766,2786,0.024343942534453156,1.0,0.48731172298701697,outer_05,sigmoid,0.0
2766,2021-09-27,2767,2787,0.031918440343694066,1.0,0.4862675530596354,outer_05,sigmoid,0.0
2767,2021-09-28,2768,2788,0.03338859962544927,1.0,0.48583182232418437,outer_05,sigmoid,0.0
2768,2021-09-29,2769,2789,0.03980215389783659,1.0,0.48397590041477356,outer_05,sigmoid,0.0
2769,2021-09-30,2770,2790,0.02456730715821731,1.0,0.47919791449135446,outer_05,sigmoid,0.0
2770,2021-10-01,2771,2791,0.012736653421757005,1.0,0.4823500778145488,outer_05,sigmoid,0.0
2771,2021-10-04,2772,2792,0.013595871843135043,1.0,0.4852921091572836,outer_05,sigmoid,0.0
2772,2021-10-05,2773,2793,0.015565547592395035,1.0,0.48305729543786746,outer_05,sigmoid,0.0
2773,2021-10-06,2774,2794,0.004753425468427608,1.0,0.4829742706837724,outer_05,sigmoid,0.0
2774,2021-10-07,2775,2795,0.019831213330429698,1.0,0.4821635635937116,outer_05,sigmoid,0.0
2775,2021-10-08,2776,2796,0.032874826261275025,1.0,0.482883945515878,outer_05,sigmoid,0.0
2776,2021-10-11,2777,2797,0.0394062282003782,1.0,0.48160707672227526,outer_05,sigmoid,0.0
2777,2021-10-12,2778,2798,0.03947844455054117,1.0,0.4834327364806515,outer_05,sigmoid,0.0
2778,2021-10-13,2779,2799,0.030727209471289818,1.0,0.47884486153448236,outer_05,sigmoid,0.0
2779,2021-10-14,2780,2800,0.03594379993315222,1.0,0.48431512508308605,outer_05,sigmoid,0.0
2780,2021-10-15,2781,2801,0.054835322597377,1.0,0.48286826627727825,outer_05,sigmoid,0.0
2781,2021-10-18,2782,2802,0.054114635177141324,1.0,0.48440549699079477,outer_05,sigmoid,0.0
2782,2021-10-19,2783,2803,0.04465789958240762,1.0,0.4846513062735314,outer_05,sigmoid,0.0
2783,2021-10-20,2784,2804,0.045824690279564706,1.0,0.4827130775257826,outer_05,sigmoid,0.0
2784,2021-10-21,2785,2805,0.04163607622740262,1.0,0.48103591853603844,outer_05,sigmoid,0.0
2785,2021-10-22,2786,2806,0.027103928118005882,1.0,0.4817443190180227,outer_05,sigmoid,0.0
2786,2021-10-25,2787,2807,0.00030424981910570637,1.0,0.48392017476493016,outer_05,sigmoid,0.0
2787,2021-10-26,2788,2808,-0.0022221114727321023,0.0,0.483622161163391,outer_05,sigmoid,0.0
2788,2021-10-27,2789,2809,-0.004920951269612672,0.0,0.48668730240454566,outer_05,sigmoid,0.0
2789,2021-10-28,2790,2810,-0.005025136202672975,0.0,0.4836203693353629,outer_05,sigmoid,0.0
2790,2021-10-29,2791,2811,0.002894828010043149,1.0,0.48099149710961414,outer_05,sigmoid,0.0
2791,2021-11-01,2792,2812,-0.0043041593136701195,0.0,0.48091025559439576,outer_05,sigmoid,0.0
2792,2021-11-02,2793,2813,-0.006577752604005838,0.0,0.4796987836772621,outer_05,sigmoid,0.0
2793,2021-11-03,2794,2814,0.005702511772946117,1.0,0.48062759887960715,outer_05,sigmoid,0.0
2794,2021-11-04,2795,2815,-0.012042450869127919,0.0,0.4849135778607261,outer_05,sigmoid,0.0
2795,2021-11-05,2796,2816,-0.018729231712939054,0.0,0.4896173151620911,outer_05,sigmoid,0.0
2796,2021-11-08,2797,2817,-0.025173328681542095,0.0,0.49038897679054505,outer_05,sigmoid,0.0
2797,2021-11-09,2798,2818,-0.025995601316888717,0.0,0.49012242644910775,outer_05,sigmoid,0.0
2798,2021-11-10,2799,2819,-0.03629192961471528,0.0,0.4943839215531604,outer_05,sigmoid,0.0
2799,2021-11-11,2800,2820,-0.04715889168512177,0.0,0.4976464072464252,outer_05,sigmoid,0.0
2800,2021-11-12,2801,2821,-0.0460520438326828,0.0,0.4947376492359241,outer_05,sigmoid,0.0
2801,2021-11-15,2802,2822,-0.04227517817755455,0.0,0.49058698346733703,outer_05,sigmoid,0.0
2802,2021-11-16,2803,2823,-0.04352258525802011,0.0,0.4920489236618987,outer_05,sigmoid,0.0
2803,2021-11-17,2804,2824,-0.048245366610921714,0.0,0.4915054972711334,outer_05,sigmoid,0.0
2804,2021-11-18,2805,2825,-0.03324908879994748,0.0,0.4903112418142031,outer_05,sigmoid,0.0
2805,2021-11-19,2806,2826,-0.022996208969209064,0.0,0.49071818802987605,outer_05,sigmoid,0.0
2806,2021-11-22,2807,2827,-0.009558814585311382,0.0,0.48196143036858374,outer_05,sigmoid,0.0
2807,2021-11-23,2808,2828,-0.00012856452140042052,0.0,0.48556526944327366,outer_05,sigmoid,0.0
2808,2021-11-24,2809,2829,0.008465517577285198,1.0,0.48598476035720534,outer_05,sigmoid,0.0
2809,2021-11-25,2810,2830,0.008619688341503284,1.0,0.4872932236247731,outer_05,sigmoid,0.0
2810,2021-11-26,2811,2831,0.012788778998279682,1.0,0.4844287483987152,outer_05,sigmoid,0.0
2811,2021-11-29,2812,2832,0.011938844587342956,1.0,0.479173502676128,outer_05,sigmoid,0.0
2812,2021-11-30,2813,2833,0.015532687227628017,1.0,0.4804766676307468,outer_05,sigmoid,0.0
2813,2021-12-01,2814,2834,0.01844262142977726,1.0,0.48286914021045213,outer_05,sigmoid,0.0
2814,2021-12-02,2815,2835,0.033867081378196495,1.0,0.484501738799799,outer_05,sigmoid,0.0
2815,2021-12-03,2816,2836,0.011416069481285263,1.0,0.4814791027183107,outer_05,sigmoid,0.0
2816,2021-12-06,2817,2837,0.01943408497498833,1.0,0.48124144073197583,outer_05,sigmoid,0.0
2817,2021-12-07,2818,2838,0.01416569341566909,1.0,0.48369361518990805,outer_05,sigmoid,0.0
2818,2021-12-08,2819,2839,0.004532414466979162,1.0,0.4839640246919076,outer_05,sigmoid,0.0
2819,2021-12-09,2820,2840,0.010619152475580762,1.0,0.48678910290706745,outer_05,sigmoid,0.0
2820,2021-12-10,2821,2841,0.009846082256215638,1.0,0.48824170724524124,outer_05,sigmoid,0.0
2821,2021-12-13,2822,2842,0.01896293466549004,1.0,0.4889646053230971,outer_05,sigmoid,0.0
2822,2021-12-14,2823,2843,0.030214517838766497,1.0,0.4870329445025326,outer_05,sigmoid,0.0
2823,2021-12-15,2824,2844,0.023974502563555156,1.0,0.49167501095782756,outer_05,sigmoid,0.0
2824,2021-12-16,2825,2845,0.010487575867010435,1.0,0.4857281272576979,outer_05,sigmoid,0.0
2825,2021-12-17,2826,2846,0.009926627283737055,1.0,0.489519028308905,outer_05,sigmoid,0.0
2826,2021-12-20,2827,2847,0.012916004769128797,1.0,0.48886963676301787,outer_05,sigmoid,0.0
2827,2021-12-21,2828,2848,0.0282901257738839,1.0,0.488757637749544,outer_05,sigmoid,0.0
2828,2021-12-22,2829,2849,0.01983927314014622,1.0,0.4935735279751,outer_05,sigmoid,0.0
2829,2021-12-23,2830,2850,0.014801568434521073,1.0,0.4934379844932208,outer_05,sigmoid,0.0
2830,2021-12-27,2831,2851,0.017130453928452027,1.0,0.4944941698824384,outer_05,sigmoid,0.0
2831,2021-12-28,2832,2852,0.022403476655603605,1.0,0.49195308303905044,outer_05,sigmoid,0.0
2832,2021-12-29,2833,2853,0.008930404863844998,1.0,0.4926592545755557,outer_05,sigmoid,0.0
2833,2021-12-30,2834,2854,-0.009601562160135302,0.0,0.49500660691120674,outer_05,sigmoid,0.0
2834,2021-12-31,2835,2855,-0.02302572448682305,0.0,0.5010061488726478,outer_05,sigmoid,0.0
2835,2022-01-03,2836,2856,-0.0027500246499760905,0.0,0.4878629955202374,outer_05,sigmoid,0.0
2836,2022-01-04,2837,2857,-0.007092973862391716,0.0,0.49042016476848177,outer_05,sigmoid,0.0
2837,2022-01-05,2838,2858,-0.001725187046629273,0.0,0.4909786553397871,outer_05,sigmoid,0.0
2838,2022-01-06,2839,2859,0.00757516178050377,1.0,0.48767493520273286,outer_05,sigmoid,0.0
2839,2022-01-07,2840,2860,0.007537194206226339,1.0,0.48571757358401957,outer_05,sigmoid,0.0
2840,2022-01-10,2841,2861,0.011481207736013133,1.0,0.4844515957509893,outer_05,sigmoid,0.0
2841,2022-01-11,2842,2862,0.003077440310883084,1.0,0.4891875370058868,outer_05,sigmoid,0.0
2842,2022-01-12,2843,2863,0.0038048218385933197,1.0,0.4915799434511234,outer_05,sigmoid,0.0
2843,2022-01-13,2844,2864,0.003173674887615441,1.0,0.49251390610532114,outer_05,sigmoid,0.0
2844,2022-01-14,2845,2865,0.020968804413897146,1.0,0.4909255647888577,outer_05,sigmoid,0.0
2845,2022-01-17,2846,2866,0.02835769767519203,1.0,0.49240639200554187,outer_05,sigmoid,0.0
2846,2022-01-18,2847,2867,0.021675317150360307,1.0,0.4870262678008683,outer_05,sigmoid,0.0
2847,2022-01-19,2848,2868,0.0159839523793206,1.0,0.4885816701667812,outer_05,sigmoid,0.0
2848,2022-01-20,2849,2869,0.03180085787766096,1.0,0.4889100875047497,outer_05,sigmoid,0.0
2849,2022-01-21,2850,2870,0.03729042350416556,1.0,0.48956925521594424,outer_05,sigmoid,0.0
2850,2022-01-24,2851,2871,0.03683652829340023,1.0,0.48871510808632324,outer_05,sigmoid,0.0
2851,2022-01-25,2852,2872,0.027452076236439638,1.0,0.49199390644334534,outer_05,sigmoid,0.0
2852,2022-01-26,2853,2873,0.04821722866815392,1.0,0.48441993230942054,outer_05,sigmoid,0.0
2853,2022-01-27,2854,2874,0.05898356153963036,1.0,0.48792778732860276,outer_05,sigmoid,0.0
2854,2022-01-28,2855,2875,0.07058135964088752,1.0,0.49115968784402,outer_05,sigmoid,0.0
2855,2022-01-31,2856,2876,0.059810419490804456,1.0,0.4884214135059178,outer_05,sigmoid,0.0
2856,2022-02-01,2857,2877,0.07586970590768516,1.0,0.487088358525965,outer_05,sigmoid,0.0
2857,2022-02-02,2858,2878,0.06550688617170675,1.0,0.4882891694368293,outer_05,sigmoid,0.0
2858,2022-02-03,2859,2879,0.07054603822125838,1.0,0.48949951142902093,outer_05,sigmoid,0.0
2859,2022-02-04,2860,2880,0.09092081070062541,1.0,0.49026573908015497,outer_05,sigmoid,0.0
2860,2022-02-07,2861,2881,0.09226559608245388,1.0,0.4943022667073814,outer_05,sigmoid,0.0
2861,2022-02-08,2862,2882,0.11585380966911796,1.0,0.4927886079889822,outer_05,sigmoid,0.0
2862,2022-02-09,2863,2883,0.08326178116350658,1.0,0.4932179477239194,outer_05,sigmoid,0.0
2863,2022-02-10,2864,2884,0.0889927796130312,1.0,0.4924396195635516,outer_05,sigmoid,0.0
2864,2022-02-11,2865,2885,0.06461227128725167,1.0,0.4993868546537315,outer_05,sigmoid,0.0
2865,2022-02-14,2866,2886,0.043266813539065474,1.0,0.5049920414660596,outer_05,sigmoid,0.0
2866,2022-02-15,2867,2887,0.03512870676108992,1.0,0.5056395371592077,outer_05,sigmoid,0.0
2867,2022-02-16,2868,2888,0.029452095709978643,1.0,0.5067733556959193,outer_05,sigmoid,0.0
2868,2022-02-17,2869,2889,0.02264172996593672,1.0,0.5100451962926023,outer_05,sigmoid,0.0
2869,2022-02-18,2870,2890,0.01179327346446879,1.0,0.5099921040308573,outer_05,sigmoid,0.0
2870,2022-02-21,2871,2891,0.012541320731129346,1.0,0.5107933887102042,outer_05,sigmoid,0.0
2871,2022-02-22,2872,2892,0.0116959785285502,1.0,0.504328920951248,outer_05,sigmoid,0.0
2872,2022-02-23,2873,2893,0.017944728776171814,1.0,0.5076043682419055,outer_05,sigmoid,0.0
2873,2022-02-24,2874,2894,0.027108885972891628,1.0,0.5082831025796319,outer_05,sigmoid,0.0
2874,2022-02-25,2875,2895,0.018496587107321716,1.0,0.5017499184350694,outer_05,sigmoid,0.0
2875,2022-02-28,2876,2896,0.007335602575924582,1.0,0.5013177998010161,outer_05,sigmoid,0.0
2876,2022-03-01,2877,2897,-0.01182998490062559,0.0,0.50885149241414,outer_05,sigmoid,0.0
2877,2022-03-02,2878,2898,0.0020091037769764952,1.0,0.5090670623732498,outer_05,sigmoid,0.0
2878,2022-03-03,2879,2899,0.00022200022291141153,1.0,0.510476179480322,outer_05,sigmoid,0.0
2879,2022-03-04,2880,2900,-0.02899243718785982,0.0,0.5118919797483655,outer_05,sigmoid,0.0
2880,2022-03-07,2881,2901,-0.03295706842354473,0.0,0.5116402457138977,outer_05,sigmoid,0.0
2881,2022-03-08,2882,2902,-0.06394780421862478,0.0,0.5137744280662921,outer_05,sigmoid,0.0
2882,2022-03-09,2883,2903,-0.03462596456796696,0.0,0.5146779345423628,outer_05,sigmoid,0.0
2883,2022-03-10,2884,2904,-0.03341050422018821,0.0,0.5182126237618772,outer_05,sigmoid,0.0
2884,2022-03-11,2885,2905,-0.016362626445305395,0.0,0.5171607372585956,outer_05,sigmoid,0.0
2885,2022-03-14,2886,2906,-0.0005172126960433232,0.0,0.5177320668835664,outer_05,sigmoid,0.0
2886,2022-03-15,2887,2907,0.02402538049039471,1.0,0.5146088551120135,outer_05,sigmoid,0.0
2887,2022-03-16,2888,2908,0.02633598876747012,1.0,0.5143254936915486,outer_05,sigmoid,0.0
2888,2022-03-17,2889,2909,0.015440100731626494,1.0,0.5121114296358019,outer_05,sigmoid,0.0
2889,2022-03-18,2890,2910,0.02687053905084902,1.0,0.5082505859251619,outer_05,sigmoid,0.0
2890,2022-03-21,2891,2911,0.007040796570695562,1.0,0.5100875889220319,outer_05,sigmoid,0.0
2891,2022-03-22,2892,2912,0.017940893047653006,1.0,0.5062642068290248,outer_05,sigmoid,0.0
2892,2022-03-23,2893,2913,0.0030349348651785846,1.0,0.5081324238867324,outer_05,sigmoid,0.0
2893,2022-03-24,2894,2914,-0.013449649115111484,0.0,0.5066466612367501,outer_05,sigmoid,0.0
2894,2022-03-25,2895,2915,-0.029621955240700437,0.0,0.5058145875919136,outer_05,sigmoid,0.0
2895,2022-03-28,2896,2916,-0.008525851069363988,0.0,0.5068979065258392,outer_05,sigmoid,0.0
2896,2022-03-29,2897,2917,-0.0182104616868779,0.0,0.5079056445675675,outer_05,sigmoid,0.0
2897,2022-03-30,2898,2918,-0.019873912458534093,0.0,0.5055759047493725,outer_05,sigmoid,0.0
2898,2022-03-31,2899,2919,-0.019737688641247253,0.0,0.5080521871667539,outer_05,sigmoid,0.0
2899,2022-04-01,2900,2920,-0.03201849217710695,0.0,0.507572590913918,outer_05,sigmoid,0.0
2900,2022-04-04,2901,2921,-0.033930459026019655,0.0,0.5073077969244951,outer_05,sigmoid,0.0
2901,2022-04-05,2902,2922,-0.021614962179905106,0.0,0.5125597452165703,outer_05,sigmoid,0.0
2902,2022-04-06,2903,2923,-0.0251461789094769,0.0,0.5109512650806892,outer_05,sigmoid,0.0
2903,2022-04-07,2904,2924,-0.025300286885302725,0.0,0.5098403980711922,outer_05,sigmoid,0.0
2904,2022-04-08,2905,2925,-0.0496731786809681,0.0,0.5051276117950981,outer_05,sigmoid,0.0
2905,2022-04-11,2906,2926,-0.05978172801050441,0.0,0.4966777766340201,outer_05,sigmoid,0.0
2906,2022-04-12,2907,2927,-0.06047114823718136,0.0,0.5008105804338273,outer_05,sigmoid,0.0
2907,2022-04-13,2908,2928,-0.08136578527627325,0.0,0.5002905713119383,outer_05,sigmoid,0.0
2908,2022-04-14,2909,2929,-0.0835297518293121,0.0,0.5006218795430235,outer_05,sigmoid,0.0
2909,2022-04-18,2910,2930,-0.08030105861627934,0.0,0.4984723246901277,outer_05,sigmoid,0.0
2910,2022-04-19,2911,2931,-0.07200465507867193,0.0,0.5022904230615949,outer_05,sigmoid,0.0
2911,2022-04-20,2912,2932,-0.07410993846181935,0.0,0.5009022707555486,outer_05,sigmoid,0.0
2912,2022-04-21,2913,2933,-0.05716987530664852,0.0,0.4988349083135151,outer_05,sigmoid,0.0
2913,2022-04-22,2914,2934,-0.044851420596853764,0.0,0.5069821587783002,outer_05,sigmoid,0.0
2914,2022-04-25,2915,2935,-0.02412260310330261,0.0,0.5105356026301319,outer_05,sigmoid,0.0
2915,2022-04-26,2916,2936,-0.02163281373380954,0.0,0.5036895888568538,outer_05,sigmoid,0.0
2916,2022-04-27,2917,2937,-0.0175276008226124,0.0,0.508818328906234,outer_05,sigmoid,0.0
2917,2022-04-28,2918,2938,-0.023750762683098614,0.0,0.5070520280075799,outer_05,sigmoid,0.0
2918,2022-04-29,2919,2939,-0.025084414663719024,0.0,0.504089742652169,outer_05,sigmoid,0.0
2919,2022-05-02,2920,2940,-0.00398444391448205,0.0,0.5061288271045454,outer_05,sigmoid,0.0
2920,2022-05-03,2921,2941,-0.01688143200702541,0.0,0.5062018084636748,outer_05,sigmoid,0.0
2921,2022-05-04,2922,2942,-0.01864882164128634,0.0,0.5014389737865209,outer_05,sigmoid,0.0
2922,2022-05-05,2923,2943,-0.004005238859420501,0.0,0.5051325794678234,outer_05,sigmoid,0.0
2923,2022-05-06,2924,2944,-0.01762221487806581,0.0,0.5017621271780462,outer_05,sigmoid,0.0
2924,2022-05-09,2925,2945,-0.006729839341864441,0.0,0.5015332926693424,outer_05,sigmoid,0.0
2925,2022-05-10,2926,2946,0.007357396240327496,1.0,0.5069876840660873,outer_05,sigmoid,0.0
2926,2022-05-11,2927,2947,0.0007289161340304773,1.0,0.5040013471067558,outer_05,sigmoid,0.0
2927,2022-05-12,2928,2948,0.013677345702554966,1.0,0.5115160594505305,outer_05,sigmoid,0.0
2928,2022-05-13,2929,2949,0.03459761782823101,1.0,0.5109591419759216,outer_05,sigmoid,0.0
2929,2022-05-16,2930,2950,-0.005439573852133783,0.0,0.5100974987513966,outer_05,sigmoid,0.0
2930,2022-05-17,2931,2951,-0.003887724892516431,0.0,0.5111556632155067,outer_05,sigmoid,0.0
2931,2022-05-18,2932,2952,0.009185186433485981,1.0,0.5109604345002963,outer_05,sigmoid,0.0
2932,2022-05-19,2933,2953,0.006315827558827536,1.0,0.5091073642711919,outer_05,sigmoid,0.0
2933,2022-05-20,2934,2954,-0.00653664518745245,0.0,0.5093343734160644,outer_05,sigmoid,0.0
2934,2022-05-23,2935,2955,-0.00841495373520651,0.0,0.506071418145476,outer_05,sigmoid,0.0
2935,2022-05-24,2936,2956,-0.017774062820054226,0.0,0.5079556427969455,outer_05,sigmoid,0.0
2936,2022-05-25,2937,2957,-0.008428485431852373,0.0,0.5068508123088893,outer_05,sigmoid,0.0
2937,2022-05-26,2938,2958,-0.014587436105804485,0.0,0.5076407303223629,outer_05,sigmoid,0.0
2938,2022-05-27,2939,2959,-0.00890446928435118,0.0,0.5083866895720371,outer_05,sigmoid,0.0
2939,2022-05-30,2940,2960,-0.018148311985886068,0.0,0.5090674267522927,outer_05,sigmoid,0.0
2940,2022-05-31,2941,2961,-0.009628399164465229,0.0,0.5062940621593931,outer_05,sigmoid,0.0
2941,2022-06-01,2942,2962,-0.015912589178415537,0.0,0.5050939528625861,outer_05,sigmoid,0.0
2942,2022-06-02,2943,2963,-0.03382221200312863,0.0,0.5030724474484257,outer_05,sigmoid,0.0
2943,2022-06-03,2944,2964,-0.02138274845243604,0.0,0.5086064810675989,outer_05,sigmoid,0.0
2944,2022-06-06,2945,2965,-0.018001220583251154,0.0,0.5109412519373833,outer_05,sigmoid,0.0
2945,2022-06-07,2946,2966,-0.047783416284435276,0.0,0.5093756701692786,outer_05,sigmoid,0.0
2946,2022-06-08,2947,2967,-0.06275752298454318,0.0,0.5051918210267352,outer_05,sigmoid,0.0
2947,2022-06-09,2948,2968,-0.059733722437753656,0.0,0.5039302133438128,outer_05,sigmoid,0.0
2948,2022-06-10,2949,2969,-0.07580251750994638,0.0,0.5050912813844176,outer_05,sigmoid,0.0
2949,2022-06-13,2950,2970,-0.04593014948645191,0.0,0.49913566362829037,outer_05,sigmoid,0.0
2950,2022-06-14,2951,2971,-0.04612566347963476,0.0,0.5081872710130017,outer_05,sigmoid,0.0
2951,2022-06-15,2952,2972,-0.05459288944025875,0.0,0.5042922869597544,outer_05,sigmoid,0.0
2952,2022-06-16,2953,2973,-0.08282092431227106,0.0,0.5034768866336593,outer_05,sigmoid,0.0
2953,2022-06-17,2954,2974,-0.07297273070298527,0.0,0.5058576315091161,outer_05,sigmoid,0.0
2954,2022-06-20,2955,2975,-0.07205950957135254,0.0,0.50623559638664,outer_05,sigmoid,0.0
2955,2022-06-21,2956,2976,-0.06826886092015272,0.0,0.5064561662163045,outer_05,sigmoid,0.0
2956,2022-06-22,2957,2977,-0.07959420162422504,0.0,0.5040569213278593,outer_05,sigmoid,0.0
2957,2022-06-23,2958,2978,-0.059783682730846444,0.0,0.5031904171577729,outer_05,sigmoid,0.0
2958,2022-06-24,2959,2979,-0.061313924707876666,0.0,0.5044773240417201,outer_05,sigmoid,0.0
2959,2022-06-27,2960,2980,-0.05848477099493543,0.0,0.4992365530383814,outer_05,sigmoid,0.0
2960,2022-06-28,2961,2981,-0.05756398826210685,0.0,0.5004600701429734,outer_05,sigmoid,0.0
2961,2022-06-29,2962,2982,-0.047058961705777946,0.0,0.5017672390570391,outer_05,sigmoid,0.0
2962,2022-06-30,2963,2983,-0.02884021621655375,0.0,0.5030848469111987,outer_05,sigmoid,0.0
2963,2022-07-01,2964,2984,-0.026096510241835347,0.0,0.4998388890882677,outer_05,sigmoid,0.0
2964,2022-07-04,2965,2985,-0.020248424815560995,0.0,0.5012189097872959,outer_05,sigmoid,0.0
2965,2022-07-05,2966,2986,-0.002744232600457863,0.0,0.5062316910003001,outer_05,sigmoid,0.0
2966,2022-07-06,2967,2987,0.014418210888633709,1.0,0.5105917246178489,outer_05,sigmoid,0.0
2967,2022-07-07,2968,2988,0.028522069112855597,1.0,0.5110340391939079,outer_05,sigmoid,0.0
2968,2022-07-08,2969,2989,0.017224968427205667,1.0,0.5146673943733772,outer_05,sigmoid,0.0
2969,2022-07-11,2970,2990,0.03135095717606973,1.0,0.5080266341522424,outer_05,sigmoid,0.0
2970,2022-07-12,2971,2991,0.03902368822899138,1.0,0.5067558218752849,outer_05,sigmoid,0.0
2971,2022-07-13,2972,2992,0.03196094849947606,1.0,0.5082284614545135,outer_05,sigmoid,0.0
2972,2022-07-14,2973,2993,0.047811489016328146,1.0,0.5140994815057331,outer_05,sigmoid,0.0
2973,2022-07-15,2974,2994,0.05427412306466106,1.0,0.5157204933057598,outer_05,sigmoid,0.0
2974,2022-07-18,2975,2995,0.0399177261436936,1.0,0.5156739413252799,outer_05,sigmoid,0.0
2975,2022-07-19,2976,2996,0.03687043005330892,1.0,0.5148471912593785,outer_05,sigmoid,0.0
2976,2022-07-20,2977,2997,0.0380784178959388,1.0,0.5138790415628092,outer_05,sigmoid,0.0
2977,2022-07-21,2978,2998,0.023556352060360553,1.0,0.5105097899079145,outer_05,sigmoid,0.0
2978,2022-07-22,2979,2999,0.011447913204981397,1.0,0.5109908920869369,outer_05,sigmoid,0.0
2979,2022-07-25,2980,3000,0.009644403935864077,1.0,0.513236132731771,outer_05,sigmoid,0.0
2980,2022-07-26,2981,3001,0.01747215467414076,1.0,0.5144274546132115,outer_05,sigmoid,0.0
2981,2022-07-27,2982,3002,0.009759645544436424,1.0,0.5100215574064256,outer_05,sigmoid,0.0
2982,2022-07-28,2983,3003,0.0018555204194479202,1.0,0.5035924844574129,outer_05,sigmoid,0.0
2983,2022-07-29,2984,3004,-0.016454223313385086,0.0,0.5019638592476706,outer_05,sigmoid,0.0
2984,2022-08-01,2985,3005,-0.019296464885114162,0.0,0.5013757323977324,outer_05,sigmoid,0.0
2985,2022-08-02,2986,3006,-0.021753338653412335,0.0,0.503172137875597,outer_05,sigmoid,0.0
2986,2022-08-03,2987,3007,-0.031219095196706625,0.0,0.5025006066928941,outer_05,sigmoid,0.0
2987,2022-08-04,2988,3008,-0.05354249785445564,0.0,0.503730747428001,outer_05,sigmoid,0.0
2988,2022-08-05,2989,3009,-0.03433108696444176,0.0,0.5028919608563588,outer_05,sigmoid,0.0
2989,2022-08-08,2990,3010,-0.044672099519524444,0.0,0.5033848306268226,outer_05,sigmoid,0.0
2990,2022-08-09,2991,3011,-0.05295117303534003,0.0,0.5011456797857584,outer_05,sigmoid,0.0
2991,2022-08-10,2992,3012,-0.04186184749919697,0.0,0.4984776074299268,outer_05,sigmoid,0.0
2992,2022-08-11,2993,3013,-0.046388326368694166,0.0,0.5015189047252913,outer_05,sigmoid,0.0
2993,2022-08-12,2994,3014,-0.047343295300622756,0.0,0.49817802970261504,outer_05,sigmoid,0.0
2994,2022-08-15,2995,3015,-0.03145654706805079,0.0,0.49640639453347235,outer_05,sigmoid,0.0
2995,2022-08-16,2996,3016,-0.04284808445946098,0.0,0.5006818663662197,outer_05,sigmoid,0.0
2996,2022-08-17,2997,3017,-0.037518634488032276,0.0,0.5041034710605539,outer_05,sigmoid,0.0
2997,2022-08-18,2998,3018,-0.055060420795563836,0.0,0.5044782755516874,outer_05,sigmoid,0.0
2998,2022-08-19,2999,3019,-0.04180013116930681,0.0,0.49982507557699524,outer_05,sigmoid,0.0
2999,2022-08-22,3000,3020,-0.0351007845728315,0.0,0.5031823482494472,outer_05,sigmoid,0.0
3000,2022-08-23,3001,3021,-0.048597066343328166,0.0,0.5013157497465327,outer_05,sigmoid,0.0
3001,2022-08-24,3002,3022,-0.0468553119367634,0.0,0.5006171551977718,outer_05,sigmoid,0.0
3002,2022-08-25,3003,3023,-0.05079210986111793,0.0,0.4982911977228343,outer_05,sigmoid,0.0
3003,2022-08-26,3004,3024,-0.05448334644673203,0.0,0.5014788810951407,outer_05,sigmoid,0.0
3004,2022-08-29,3005,3025,-0.06810136233307418,0.0,0.5041115504750999,outer_05,sigmoid,0.0
3005,2022-08-30,3006,3026,-0.05578108631255407,0.0,0.5056512504471535,outer_05,sigmoid,0.0
3006,2022-08-31,3007,3027,-0.030458303717399993,0.0,0.5070524710111876,outer_05,sigmoid,0.0
3007,2022-09-01,3008,3028,-0.021832041755347475,0.0,0.5047511385163483,outer_05,sigmoid,0.0
3008,2022-09-02,3009,3029,-0.028649752839802645,0.0,0.4988251550294732,outer_05,sigmoid,0.0
3009,2022-09-05,3010,3030,-0.00699847107370033,0.0,0.5007855704287827,outer_05,sigmoid,0.0
3010,2022-09-06,3011,3031,0.013429052539349229,1.0,0.5005091152539248,outer_05,sigmoid,0.0
3011,2022-09-07,3012,3032,-0.0014091316375850482,0.0,0.4941367676011855,outer_05,sigmoid,0.0
3012,2022-09-08,3013,3033,0.00181846404559316,1.0,0.49987641402468164,outer_05,sigmoid,0.0
3013,2022-09-09,3014,3034,-0.012901591198898998,0.0,0.5014628798484053,outer_05,sigmoid,0.0
3014,2022-09-12,3015,3035,-0.03325730579534625,0.0,0.499270268707124,outer_05,sigmoid,0.0
3015,2022-09-13,3016,3036,-0.02077555614729576,0.0,0.5032940677047459,outer_05,sigmoid,0.0
3016,2022-09-14,3017,3037,-0.013928165272656834,0.0,0.5035748897334298,outer_05,sigmoid,0.0
3017,2022-09-15,3018,3038,0.0008706434604732749,1.0,0.506428152332316,outer_05,sigmoid,0.0
3018,2022-09-16,3019,3039,-0.017574213320414422,0.0,0.5068974983061179,outer_05,sigmoid,0.0
3019,2022-09-19,3020,3040,-0.015290238572980286,0.0,0.504412930205315,outer_05,sigmoid,0.0
3020,2022-09-20,3021,3041,-0.007742767812752405,0.0,0.5057017141472537,outer_05,sigmoid,0.0
3021,2022-09-21,3022,3042,-0.02545221745281001,0.0,0.5025002872132126,outer_05,sigmoid,0.0
3022,2022-09-22,3023,3043,-0.026154828846800093,0.0,0.5020802961990941,outer_05,sigmoid,0.0
3023,2022-09-23,3024,3044,0.009625645648883463,1.0,0.5050036774214243,outer_05,sigmoid,0.0
3024,2022-09-26,3025,3045,0.01610671375791828,1.0,0.5112010968292003,outer_05,sigmoid,0.0
3025,2022-09-27,3026,3046,0.013589235524264609,1.0,0.5092914127949159,outer_05,sigmoid,0.0
3026,2022-09-28,3027,3047,0.002767718160090915,1.0,0.4961463940253912,outer_05,sigmoid,0.0
3027,2022-09-29,3028,3048,0.0010109764003773947,1.0,0.49738893447277926,outer_05,sigmoid,0.0
3028,2022-09-30,3029,3049,-0.012243816374884808,0.0,0.5001116172855485,outer_05,sigmoid,0.0
3029,2022-10-03,3030,3050,-0.03953017411197557,0.0,0.49185573073735334,outer_05,sigmoid,0.0
3030,2022-10-04,3031,3051,-0.04615072137189724,0.0,0.49920143726824445,outer_05,sigmoid,0.0
3031,2022-10-05,3032,3052,-0.04875228963029521,0.0,0.4984759288335279,outer_05,sigmoid,0.0
3032,2022-10-06,3033,3053,-0.0496162490956813,0.0,0.49953104855992075,outer_05,sigmoid,0.0
3033,2022-10-07,3034,3054,-0.013141885101457085,0.0,0.501615923499457,outer_05,sigmoid,0.0
3034,2022-10-10,3035,3055,0.004056218207423079,1.0,0.5028316130927818,outer_05,sigmoid,0.0
3035,2022-10-11,3036,3056,0.02720301764052735,1.0,0.4985743428922095,outer_05,sigmoid,0.0
3036,2022-10-12,3037,3057,0.019016636728378167,1.0,0.49472529263737114,outer_05,sigmoid,0.0
3037,2022-10-13,3038,3058,0.05114353765193158,1.0,0.4924343818042948,outer_05,sigmoid,0.0
3038,2022-10-14,3039,3059,0.06895884572944944,1.0,0.4892363412230772,outer_05,sigmoid,0.0
3039,2022-10-17,3040,3060,0.07028096731594236,1.0,0.4882561918471468,outer_05,sigmoid,0.0
3040,2022-10-18,3041,3061,0.07341632558564815,1.0,0.4901376021015529,outer_05,sigmoid,0.0
3041,2022-10-19,3042,3062,0.08493719787229104,1.0,0.49287980598901726,outer_05,sigmoid,0.0
3042,2022-10-20,3043,3063,0.07806655281379715,1.0,0.49538104659463944,outer_05,sigmoid,0.0
3043,2022-10-21,3044,3064,0.053575601786533866,1.0,0.4834713070094417,outer_05,sigmoid,0.0
3044,2022-10-24,3045,3065,0.052569906738113126,1.0,0.488464057030397,outer_05,sigmoid,0.0
3045,2022-10-25,3046,3066,0.051772243697516984,1.0,0.49379460247987045,outer_05,sigmoid,0.0
3046,2022-10-26,3047,3067,0.05002199778405991,1.0,0.4884922680586993,outer_05,sigmoid,0.0
3047,2022-10-27,3048,3068,0.05400643954124451,1.0,0.48791447607315797,outer_05,sigmoid,0.0
3048,2022-10-28,3049,3069,0.06554685020288087,1.0,0.4903081507449506,outer_05,sigmoid,0.0
3049,2022-10-31,3050,3070,0.06358651685938899,1.0,0.4970358530095947,outer_05,sigmoid,0.0
3050,2022-11-01,3051,3071,0.060185271918615335,1.0,0.4997487563132289,outer_05,sigmoid,0.0
3051,2022-11-02,3052,3072,0.07912269026297203,1.0,0.5012399952224639,outer_05,sigmoid,0.0
3052,2022-11-03,3053,3073,0.10104039209507931,1.0,0.5034016767488145,outer_05,sigmoid,0.0
3053,2022-11-04,3054,3074,0.07010150978612373,1.0,0.48333502811443707,outer_05,sigmoid,0.0
3054,2022-11-07,3055,3075,0.05419730698563363,1.0,0.48972850457642864,outer_05,sigmoid,0.0
3055,2022-11-08,3056,3076,0.03371951127486561,1.0,0.4964280783219474,outer_05,sigmoid,0.0
3056,2022-11-09,3057,3077,0.04560289577453425,1.0,0.4929610661829259,outer_05,sigmoid,0.0
3057,2022-11-10,3058,3078,0.0203661301142688,1.0,0.499512782777739,outer_05,sigmoid,0.0
3058,2022-11-11,3059,3079,0.018875480349073825,1.0,0.5020560377216516,outer_05,sigmoid,0.0
3059,2022-11-14,3060,3080,0.005991143846607372,1.0,0.5007269823014959,outer_05,sigmoid,0.0
3060,2022-11-15,3061,3081,0.018342899914891575,1.0,0.4945424490131204,outer_05,sigmoid,0.0
3061,2022-11-16,3062,3082,0.01865590280961804,1.0,0.4892564213266879,outer_05,sigmoid,0.0
3062,2022-11-17,3063,3083,0.009114720058723158,1.0,0.4871490870791532,outer_05,sigmoid,0.0
3063,2022-11-18,3064,3084,0.02340552188883116,1.0,0.48581423767742826,outer_05,sigmoid,0.0
3064,2022-11-21,3065,3085,0.027594020403418185,1.0,0.48592979882330123,outer_05,sigmoid,0.0
3065,2022-11-22,3066,3086,0.043764608144151396,1.0,0.4835816208701272,outer_05,sigmoid,0.0
3066,2022-11-23,3067,3087,0.03605161990052075,1.0,0.4838558679385129,outer_05,sigmoid,0.0
3067,2022-11-24,3068,3088,0.02174648163455295,1.0,0.48367919186662817,outer_05,sigmoid,0.0
3068,2022-11-25,3069,3089,0.025772592029550623,1.0,0.4834766413372709,outer_05,sigmoid,0.0
3069,2022-11-28,3070,3090,0.04168090626439103,1.0,0.4824373685822307,outer_05,sigmoid,0.0
3070,2022-11-29,3071,3091,0.03091715584124799,1.0,0.4819958995096213,outer_05,sigmoid,0.0
3071,2022-11-30,3072,3092,0.0254384848999738,1.0,0.48063055611608246,outer_05,sigmoid,0.0
3072,2022-12-01,3073,3093,0.01347614153972998,1.0,0.48212802118611486,outer_05,sigmoid,0.0
3073,2022-12-02,3074,3094,0.02353502946017194,1.0,0.4832780134356943,outer_05,sigmoid,0.0
3074,2022-12-05,3075,3095,0.04765356432337953,1.0,0.48903320765162783,outer_05,sigmoid,0.0
3075,2022-12-06,3076,3096,0.03405588253877223,1.0,0.4887136382668088,outer_05,sigmoid,0.0
3076,2022-12-07,3077,3097,0.04483514248445086,1.0,0.4875983401806168,outer_05,sigmoid,0.0
3077,2022-12-08,3078,3098,0.044436457227409853,1.0,0.4834302535316602,outer_05,sigmoid,0.0
3078,2022-12-09,3079,3099,0.04358421167731219,1.0,0.48037766514521113,outer_05,sigmoid,0.0
3079,2022-12-12,3080,3100,0.051260452296112646,1.0,0.47846159662097065,outer_05,sigmoid,0.0
3080,2022-12-13,3081,3101,0.04591784393147247,1.0,0.4779678194505946,outer_05,sigmoid,0.0
3081,2022-12-14,3082,3102,0.060097467925600334,1.0,0.4769508205641708,outer_05,sigmoid,0.0
3082,2022-12-15,3083,3103,0.07501457012678436,1.0,0.4794308946412604,outer_05,sigmoid,0.0
3083,2022-12-16,3084,3104,0.06249787397692064,1.0,0.4800359789733582,outer_05,sigmoid,0.0
3084,2022-12-19,3085,3105,0.06313894078314775,1.0,0.4802769846872849,outer_05,sigmoid,0.0
3085,2022-12-20,3086,3106,0.060742080116042096,1.0,0.4761455982446812,outer_05,sigmoid,0.0
3086,2022-12-21,3087,3107,0.05988756440678422,1.0,0.47803189839640836,outer_05,sigmoid,0.0
3087,2022-12-22,3088,3108,0.07385065217570741,1.0,0.4810075662349116,outer_05,sigmoid,0.0
3088,2022-12-23,3089,3109,0.07334025132185662,1.0,0.48196945746133335,outer_05,sigmoid,0.0
3089,2022-12-27,3090,3110,0.0704221115083552,1.0,0.48317078552606624,outer_05,sigmoid,0.0
3090,2022-12-28,3091,3111,0.06647680904385211,1.0,0.4825867194475835,outer_05,sigmoid,0.0
3091,2022-12-29,3092,3112,0.06016486108493613,1.0,0.48395957310161836,outer_05,sigmoid,0.0
3092,2022-12-30,3093,3113,0.05144657542315478,1.0,0.4812152284781628,outer_05,sigmoid,0.0
3093,2023-01-03,3094,3114,0.04739695150094647,1.0,0.48061067985399963,outer_05,sigmoid,0.0
3094,2023-01-04,3095,3115,0.05097860141890731,1.0,0.48167566485213476,outer_05,sigmoid,0.0
3095,2023-01-05,3096,3116,0.04254642507969297,1.0,0.4870581100386649,outer_05,sigmoid,0.0
3096,2023-01-06,3097,3117,-0.003056515702213325,0.0,0.4879775807435699,outer_05,sigmoid,0.0
3097,2023-01-09,3098,3118,-0.0018510003893990046,0.0,0.4846764839379005,outer_05,sigmoid,0.0
3098,2023-01-10,3099,3119,-0.0016369364690280719,0.0,0.48476080143174455,outer_05,sigmoid,0.0
3099,2023-01-11,3100,3120,9.599692817197081e-05,1.0,0.48545407262204116,outer_05,sigmoid,0.0
3100,2023-01-12,3101,3121,-0.017496322443506074,0.0,0.482078857747814,outer_05,sigmoid,0.0
3101,2023-01-13,3102,3122,-0.028714760421056695,0.0,0.48071393372741367,outer_05,sigmoid,0.0
3102,2023-01-16,3103,3123,-0.0325710523694962,0.0,0.4849032959735261,outer_05,sigmoid,0.0
3103,2023-01-17,3104,3124,-0.028846825051523695,0.0,0.4849923860140062,outer_05,sigmoid,0.0
3104,2023-01-18,3105,3125,-0.03619336741895207,0.0,0.48430818453761904,outer_05,sigmoid,0.0
3105,2023-01-19,3106,3126,-0.05055109038902028,0.0,0.4812062002901697,outer_05,sigmoid,0.0
3106,2023-01-20,3107,3127,-0.045128663363900756,0.0,0.48287214326755423,outer_05,sigmoid,0.0
3107,2023-01-23,3108,3128,-0.04743834122831192,0.0,0.4808818690104122,outer_05,sigmoid,0.0
3108,2023-01-24,3109,3129,-0.054268577586445765,0.0,0.47856668077850456,outer_05,sigmoid,0.0
3109,2023-01-25,3110,3130,-0.06402627445905562,0.0,0.47977380133606295,outer_05,sigmoid,0.0
3110,2023-01-26,3111,3131,-0.05645124778518529,0.0,0.47857538521215864,outer_05,sigmoid,0.0
3111,2023-01-27,3112,3132,-0.061289670978346145,0.0,0.4822974203285036,outer_05,sigmoid,0.0
3112,2023-01-30,3113,3133,-0.05661162383221541,0.0,0.4821551320337749,outer_05,sigmoid,0.0
3113,2023-01-31,3114,3134,-0.05402659298407997,0.0,0.4814526900986817,outer_05,sigmoid,0.0
3114,2023-02-01,3115,3135,-0.06036203375986382,0.0,0.480189015825622,outer_05,sigmoid,0.0
3115,2023-02-02,3116,3136,-0.04040932265585262,0.0,0.48296731764357126,outer_05,sigmoid,0.0
3116,2023-02-03,3117,3137,-0.004208583745005434,0.0,0.49289535608981544,outer_05,sigmoid,0.0
3117,2023-02-06,3118,3138,-0.011378904821190972,0.0,0.49818963728931004,outer_05,sigmoid,0.0
3118,2023-02-07,3119,3139,-0.03253121839969886,0.0,0.4976808286839201,outer_05,sigmoid,0.0
3119,2023-02-08,3120,3140,-0.033077129999361965,0.0,0.49301953554496136,outer_05,sigmoid,0.0
3120,2023-02-09,3121,3141,-0.017043160159669668,0.0,0.49676942269564467,outer_05,sigmoid,0.0
3121,2023-02-10,3122,3142,0.01145355963938588,1.0,0.49558944635735824,outer_05,sigmoid,0.0
3122,2023-02-13,3123,3143,0.031149706868724536,1.0,0.4976314697034097,outer_05,sigmoid,0.0
3123,2023-02-14,3124,3144,0.026911223820888175,1.0,0.5003895479796843,outer_05,sigmoid,0.0
3124,2023-02-15,3125,3145,0.04419696727947375,1.0,0.5040096477519075,outer_05,sigmoid,0.0
3125,2023-02-16,3126,3146,0.04422042691182515,1.0,0.505801361938651,outer_05,sigmoid,0.0
3126,2023-02-17,3127,3147,0.076225820461846,1.0,0.49940178648433914,outer_05,sigmoid,0.0
3127,2023-02-20,3128,3148,0.07199831383435562,1.0,0.504864351776043,outer_05,sigmoid,0.0
3128,2023-02-21,3129,3149,0.05566147198780236,1.0,0.5042789574522116,outer_05,sigmoid,0.0
3129,2023-02-22,3130,3150,0.07587475430319657,1.0,0.5068324596336129,outer_05,sigmoid,0.0
3130,2023-02-23,3131,3151,0.08984964174662213,1.0,0.5076810356405993,outer_05,sigmoid,0.0
3131,2023-02-24,3132,3152,0.08728258661840727,1.0,0.5099995073371517,outer_05,sigmoid,0.0
3132,2023-02-27,3133,3153,0.07395387368449491,1.0,0.5077684536538785,outer_05,sigmoid,0.0
3133,2023-02-28,3134,3154,0.07741776364622588,1.0,0.5070394564891649,outer_05,sigmoid,0.0
3134,2023-03-01,3135,3155,0.0664363902757561,1.0,0.5071450709441975,outer_05,sigmoid,0.0
3135,2023-03-02,3136,3156,0.07555943640862228,1.0,0.5024774399089129,outer_05,sigmoid,0.0
3136,2023-03-03,3137,3157,0.05908670605548583,1.0,0.4981868095295261,outer_05,sigmoid,0.0
3137,2023-03-06,3138,3158,0.07199817195696578,1.0,0.5035137049800946,outer_05,sigmoid,0.0
3138,2023-03-07,3139,3159,0.10813569476869667,1.0,0.5081376642771641,outer_05,sigmoid,0.0
3139,2023-03-08,3140,3160,0.10785720340863403,1.0,0.5112589598699258,outer_05,sigmoid,0.0
3140,2023-03-09,3141,3161,0.08672648746431033,1.0,0.5037087885771011,outer_05,sigmoid,0.0
3141,2023-03-10,3142,3162,0.05412916643208554,1.0,0.48549765777531045,outer_05,sigmoid,0.0
3142,2023-03-13,3143,3163,0.04639878475624126,1.0,0.4804637750839244,outer_05,sigmoid,0.0
3143,2023-03-14,3144,3164,0.056100731536324666,1.0,0.49063167351603065,outer_05,sigmoid,0.0
3144,2023-03-15,3145,3165,0.061072601487734524,1.0,0.4965430055233718,outer_05,sigmoid,0.0
3145,2023-03-16,3146,3166,0.040748221051036815,1.0,0.4974599493400424,outer_05,sigmoid,0.0
3146,2023-03-17,3147,3167,0.004048771561349973,1.0,0.49996309225657526,outer_05,sigmoid,0.0
3147,2023-03-20,3148,3168,0.01314774675412167,1.0,0.503370641263662,outer_05,sigmoid,0.0
3148,2023-03-21,3149,3169,0.027753928634246527,1.0,0.5047934815091764,outer_05,sigmoid,0.0
3149,2023-03-22,3150,3170,0.017373885634662578,1.0,0.5090553953281329,outer_05,sigmoid,0.0
3150,2023-03-23,3151,3171,-0.0057442225458927965,0.0,0.5056125551116204,outer_05,sigmoid,0.0
3151,2023-03-24,3152,3172,0.005666594444647011,1.0,0.5004857657603439,outer_05,sigmoid,0.0
3152,2023-03-27,3153,3173,0.020347230359537782,1.0,0.5012263822236227,outer_05,sigmoid,0.0
3153,2023-03-28,3154,3174,0.008174679934895401,1.0,0.5005132743322865,outer_05,sigmoid,0.0
3154,2023-03-29,3155,3175,0.012210213356536492,1.0,0.49674959713284217,outer_05,sigmoid,0.0
3155,2023-03-30,3156,3176,0.004634909100436957,1.0,0.49501861936950187,outer_05,sigmoid,0.0
3156,2023-03-31,3157,3177,0.00762693673293402,1.0,0.4893462212768773,outer_05,sigmoid,0.0
3157,2023-04-03,3158,3178,0.015894261762173123,1.0,0.4916967539897229,outer_05,sigmoid,0.0
3158,2023-04-04,3159,3179,0.021188125279770986,1.0,0.491170400883895,outer_05,sigmoid,0.0
3159,2023-04-05,3160,3180,0.013888020042513993,1.0,0.4908810033752505,outer_05,sigmoid,0.0
3160,2023-04-06,3161,3181,0.009874483011833135,1.0,0.497598363383652,outer_05,sigmoid,0.0
3161,2023-04-10,3162,3182,0.015004368981763605,1.0,0.501746173214799,outer_05,sigmoid,0.0
3162,2023-04-11,3163,3183,0.015484985727379552,1.0,0.4947398377707714,outer_05,sigmoid,0.0
3163,2023-04-12,3164,3184,0.007625584018038367,1.0,0.48969168186324497,outer_05,sigmoid,0.0
3164,2023-04-13,3165,3185,-0.012354390742137511,0.0,0.49224829469737563,outer_05,sigmoid,0.0
3165,2023-04-14,3166,3186,0.004367004417273002,1.0,0.4973600254681861,outer_05,sigmoid,0.0
3166,2023-04-17,3167,3187,0.01085942913142901,1.0,0.500105715862451,outer_05,sigmoid,0.0
3167,2023-04-18,3168,3188,-0.008117240656969393,0.0,0.49902653208012054,outer_05,sigmoid,0.0
3168,2023-04-19,3169,3189,-0.006413583523385391,0.0,0.5058610905433059,outer_05,sigmoid,0.0
3169,2023-04-20,3170,3190,-0.023265256336515883,0.0,0.4963347848017333,outer_05,sigmoid,0.0
3170,2023-04-21,3171,3191,-0.0022169654845622944,0.0,0.4963354736708626,outer_05,sigmoid,0.0
3171,2023-04-24,3172,3192,-0.008735091112805904,0.0,0.49542118966426424,outer_05,sigmoid,0.0
3172,2023-04-25,3173,3193,-0.010901225003990156,0.0,0.4939314911644889,outer_05,sigmoid,0.0
3173,2023-04-26,3174,3194,-0.015911101647944292,0.0,0.4952312510385445,outer_05,sigmoid,0.0
3174,2023-04-27,3175,3195,-0.02341178508302555,0.0,0.49717822382665183,outer_05,sigmoid,0.0
3175,2023-04-28,3176,3196,-0.023752636118538284,0.0,0.4932048861850947,outer_05,sigmoid,0.0
3176,2023-05-01,3177,3197,-0.01958389554397222,0.0,0.49677722594286444,outer_05,sigmoid,0.0
3177,2023-05-02,3178,3198,-0.02875734970731436,0.0,0.4919075491035396,outer_05,sigmoid,0.0
3178,2023-05-03,3179,3199,-0.05026967525060133,0.0,0.4897445598916488,outer_05,sigmoid,0.0
3179,2023-05-04,3180,3200,-0.035796438366305416,0.0,0.4858441364428493,outer_05,sigmoid,0.0
3180,2023-05-05,3181,3201,-0.03503183082167283,0.0,0.49650376877237695,outer_05,sigmoid,0.0
3181,2023-05-08,3182,3202,-0.029936476623024788,0.0,0.4987000033369843,outer_05,sigmoid,0.0
3182,2023-05-09,3183,3203,-0.0354672471565447,0.0,0.4964076363974102,outer_05,sigmoid,0.0
3183,2023-05-10,3184,3204,-0.04511907103422619,0.0,0.4907572705153297,outer_05,sigmoid,0.0
3184,2023-05-11,3185,3205,-0.024840505537984114,0.0,0.48969749973563326,outer_05,sigmoid,0.0
3185,2023-05-12,3186,3206,-0.024107511589618547,0.0,0.4875521540988804,outer_05,sigmoid,0.0
3186,2023-05-15,3187,3207,-0.02997048307072081,0.0,0.48944940391630404,outer_05,sigmoid,0.0
3187,2023-05-16,3188,3208,-0.02323544932628785,0.0,0.4918115578414125,outer_05,sigmoid,0.0
3188,2023-05-17,3189,3209,-0.019903056238876005,0.0,0.4973992661112431,outer_05,sigmoid,0.0
3189,2023-05-18,3190,3210,-0.0005057174271243525,0.0,0.5037456637567657,outer_05,sigmoid,0.0
3190,2023-05-19,3191,3211,-0.010351727890130391,0.0,0.49767919242270686,outer_05,sigmoid,0.0
3191,2023-05-22,3192,3212,-0.010850384846134986,0.0,0.4947718835756361,outer_05,sigmoid,0.0
