<DATE>	<OPEN>	<HIGH>	<LOW>	<CLOSE>	<TICKVOL>	<VOL>	<SPREAD>
2011.01.03	1415.71	1423.77	1412.90	1414.54	35547	0	0
2011.01.04	1415.88	1417.04	1374.80	1380.30	45266	0	0
2011.01.05	1384.36	1384.58	1363.90	1377.98	50511	0	0
2011.01.06	1374.82	1379.64	1364.72	1371.31	45803	0	0
2011.01.07	1370.23	1378.46	1352.79	1368.78	49262	0	0
2011.01.10	1369.34	1375.90	1365.58	1375.19	41563	0	0
2011.01.11	1375.11	1386.50	1373.18	1381.22	43849	0	0
2011.01.12	1382.98	1388.61	1376.73	1387.52	43495	0	0
2011.01.13	1386.01	1393.00	1369.53	1373.27	61125	0	0
2011.01.14	1374.86	1377.91	1354.95	1361.78	84605	0	0
2011.01.17	1363.49	1365.62	1357.12	1362.24	57256	0	0
2011.01.18	1361.77	1376.04	1361.33	1367.91	83109	0	0
2011.01.19	1368.27	1378.77	1367.10	1369.68	85403	0	0
2011.01.20	1369.62	1370.90	1343.32	1345.88	93850	0	0
2011.01.21	1348.61	1350.06	1337.61	1342.35	91479	0	0
2011.01.24	1345.82	1353.08	1332.58	1334.02	78134	0	0
2011.01.25	1337.65	1338.32	1322.63	1331.98	89964	0	0
2011.01.26	1331.85	1346.49	1324.94	1345.44	79421	0	0
2011.01.27	1344.52	1347.80	1310.15	1313.45	65449	0	0
2011.01.28	1314.08	1346.87	1307.88	1336.31	87339	0	50
2011.01.31	1344.47	1344.80	1322.96	1332.40	93965	0	50
2011.02.01	1332.31	1342.74	1325.25	1340.96	94821	0	50
2011.02.02	1341.46	1342.76	1326.64	1334.82	88458	0	50
2011.02.03	1333.23	1355.63	1324.82	1353.95	91206	0	50
2011.02.04	1352.90	1357.87	1345.02	1348.65	84660	0	50
2011.02.07	1346.52	1352.96	1344.99	1350.90	74814	0	50
2011.02.08	1350.54	1367.71	1348.25	1363.52	82309	0	50
2011.02.09	1361.82	1366.92	1358.02	1363.31	83779	0	50
2011.02.10	1363.39	1365.75	1351.03	1363.44	80774	0	50
2011.02.11	1363.51	1368.00	1353.96	1356.63	76985	0	50
2011.02.14	1354.10	1366.49	1354.10	1361.48	35646	0	50
2011.02.15	1361.18	1376.30	1361.18	1373.45	31833	0	50
2011.02.16	1372.10	1381.66	1368.05	1374.10	37279	0	50
2011.02.17	1374.92	1384.74	1374.10	1383.67	59138	0	50
2011.02.18	1383.83	1391.65	1381.68	1389.79	43367	0	50
2011.02.21	1391.40	1408.26	1390.63	1405.83	46727	0	50
2011.02.22	1408.72	1410.78	1392.64	1398.78	94483	0	50
2011.02.23	1398.75	1416.46	1395.41	1411.30	83475	0	50
2011.02.24	1413.26	1417.94	1392.39	1402.47	93655	0	50
2011.02.25	1402.99	1411.27	1399.66	1410.15	83188	0	50
2011.02.28	1413.85	1416.23	1404.67	1411.12	87312	0	50
2011.03.01	1410.87	1434.63	1409.10	1433.00	87012	0	50
2011.03.02	1432.17	1440.01	1427.48	1434.10	86396	0	50
2011.03.03	1432.74	1436.07	1410.07	1415.70	93874	0	50
2011.03.04	1414.85	1431.82	1414.59	1430.64	85960	0	50
2011.03.07	1434.65	1444.48	1428.03	1431.71	94758	0	50
2011.03.08	1430.90	1436.55	1423.16	1428.67	91083	0	50
2011.03.09	1428.14	1436.01	1422.92	1430.64	80707	0	50
2011.03.10	1429.10	1431.34	1402.87	1411.45	89163	0	50
2011.03.11	1412.49	1423.90	1404.65	1417.20	92354	0	50
2011.03.14	1425.68	1430.23	1418.60	1423.88	89425	0	50
2011.03.15	1425.73	1425.93	1380.88	1399.83	112299	0	50
2011.03.16	1393.20	1405.75	1392.20	1399.39	100625	0	50
2011.03.17	1387.71	1404.87	1387.67	1402.10	99243	0	50
2011.03.18	1409.27	1423.59	1405.71	1418.16	37391	0	50
2011.03.21	1424.28	1434.65	1423.61	1426.75	13798	0	50
2011.03.22	1427.35	1431.93	1419.32	1428.31	17610	0	50
2011.03.23	1426.96	1440.75	1425.51	1437.75	13992	0	50
2011.03.24	1437.65	1447.40	1423.80	1430.75	15512	0	50
2011.03.25	1432.50	1437.70	1422.35	1429.32	15086	0	50
2011.03.28	1424.90	1427.95	1410.08	1419.92	19710	0	50
2011.03.29	1420.42	1423.00	1410.95	1418.15	18171	0	50
2011.03.30	1416.78	1429.80	1411.80	1422.60	18458	0	50
2011.03.31	1423.20	1439.30	1420.25	1431.90	17917	0	50
2011.04.01	1432.48	1435.83	1412.74	1428.35	17715	0	50
2011.04.04	1428.45	1438.53	1427.60	1433.65	14163	0	50
2011.04.05	1435.55	1456.95	1429.75	1455.60	18764	0	50
2011.04.06	1454.43	1462.00	1451.20	1459.35	19194	0	50
2011.04.07	1459.15	1464.70	1452.40	1457.80	14932	0	50
2011.04.08	1457.85	1474.83	1456.25	1474.53	14841	0	50
2011.04.11	1475.20	1476.20	1459.25	1462.90	16904	0	50
2011.04.12	1462.50	1467.20	1445.63	1452.60	20122	0	50
2011.04.13	1452.35	1462.10	1451.10	1456.97	22590	0	50
2011.04.14	1456.18	1474.55	1452.30	1473.75	23550	0	50
2011.04.15	1476.85	1487.85	1471.34	1486.35	18501	0	50
2011.04.18	1485.30	1497.40	1477.30	1495.00	15084	0	50
2011.04.19	1495.90	1498.95	1489.40	1496.65	2327	0	50
2011.04.20	1499.55	1505.65	1495.83	1502.10	2330	0	50
2011.04.21	1507.60	1507.95	1501.95	1504.95	905	0	0
2011.04.25	1516.23	1517.98	1503.18	1508.43	1242	0	75
2011.04.26	1499.50	1506.10	1493.15	1505.90	9995	0	50
2011.04.27	1506.25	1530.00	1502.80	1526.65	18203	0	50
2011.04.28	1528.30	1538.20	1523.78	1535.75	17125	0	50
2011.04.29	1535.13	1569.00	1531.50	1563.30	15433	0	50
2011.05.02	1547.25	1575.13	1538.85	1545.05	19236	0	50
2011.05.03	1538.93	1550.85	1527.00	1535.55	29298	0	50
2011.05.04	1535.72	1542.95	1505.90	1515.82	32536	0	50
2011.05.05	1517.50	1521.80	1462.35	1473.90	42383	0	50
2011.05.06	1473.62	1498.10	1470.90	1495.00	39330	0	50
2011.05.09	1494.25	1513.70	1489.80	1512.85	31069	0	50
2011.05.11	1515.90	1526.37	1495.60	1501.45	30165	0	50
2011.05.12	1499.93	1507.75	1478.08	1506.30	28782	0	50
2011.05.13	1506.20	1516.30	1482.70	1494.60	27193	0	50
2011.05.16	1490.50	1504.26	1487.10	1489.60	19289	0	50
2011.05.17	1490.50	1497.50	1471.68	1485.20	21095	0	50
2011.05.18	1487.15	1499.60	1484.75	1496.15	19117	0	50
2011.05.19	1496.93	1499.50	1486.15	1493.40	22276	0	50
2011.05.20	1494.80	1515.65	1486.78	1512.85	30150	0	50
2011.05.23	1512.15	1518.75	1503.80	1516.15	31318	0	50
2011.05.24	1517.15	1527.50	1513.05	1525.86	28901	0	50
2011.05.25	1525.89	1532.10	1520.95	1524.75	25571	0	50
2011.05.26	1526.25	1530.80	1514.50	1519.15	23919	0	50
2011.05.27	1519.55	1538.15	1519.45	1535.96	13241	0	50
2011.05.30	1535.95	1539.00	1534.05	1537.95	4742	0	50
2011.05.31	1538.40	1540.45	1532.15	1535.60	10067	0	50
2011.06.01	1535.05	1549.88	1529.20	1539.38	12673	0	50
2011.06.02	1540.35	1544.15	1519.55	1533.15	21289	0	50
2011.06.03	1533.25	1545.43	1523.85	1542.15	22351	0	50
2011.06.06	1541.90	1553.43	1540.15	1544.60	19128	0	50
2011.06.07	1544.40	1549.90	1536.00	1543.55	21188	0	50
2011.06.08	1544.60	1546.15	1530.80	1537.00	18384	0	50
2011.06.09	1537.83	1549.30	1533.00	1543.85	16216	0	50
2011.06.10	1544.70	1545.20	1525.90	1531.12	16432	0	50
2011.06.13	1528.83	1532.58	1510.83	1515.70	18680	0	50
2011.06.14	1515.13	1525.95	1511.97	1523.60	16027	0	50
2011.06.15	1524.85	1534.33	1513.93	1530.60	20462	0	50
2011.06.16	1530.10	1532.73	1521.60	1529.25	35796	0	50
2011.06.17	1529.00	1541.90	1522.40	1539.38	36176	0	50
2011.06.20	1539.70	1546.68	1532.84	1540.33	29359	0	50
2011.06.21	1539.60	1547.95	1538.53	1545.64	26662	0	50
2011.06.22	1546.90	1557.86	1541.09	1548.82	32433	0	50
2011.06.23	1546.98	1548.58	1512.73	1521.22	45425	0	50
2011.06.24	1522.45	1525.38	1498.37	1502.29	42159	0	50
2011.06.27	1498.70	1505.23	1490.96	1498.17	76104	0	50
2011.06.28	1497.14	1506.17	1495.63	1500.86	69010	0	50
2011.06.29	1501.60	1512.73	1500.04	1511.62	67644	0	50
2011.06.30	1511.25	1513.97	1498.48	1500.00	69531	0	50
2011.07.01	1500.75	1502.47	1478.05	1487.25	71512	0	50
2011.07.05	1494.85	1516.31	1492.85	1515.51	61618	0	50
2011.07.06	1514.67	1533.57	1509.98	1528.48	69438	0	0
2011.07.07	1528.63	1534.32	1522.85	1531.34	71537	0	0
2011.07.08	1531.85	1545.20	1524.64	1543.75	65289	0	0
2011.07.11	1542.46	1556.66	1541.65	1553.43	67288	0	0
2011.07.12	1552.50	1573.18	1540.43	1567.89	81740	0	0
2011.07.13	1565.89	1587.61	1564.11	1581.35	77887	0	0
2011.07.14	1583.83	1594.07	1578.80	1587.09	76915	0	0
2011.07.15	1586.65	1593.41	1575.63	1592.79	70732	0	0
2011.07.18	1593.55	1607.03	1495.75	1604.86	22017	0	25
2011.07.19	1604.93	1609.75	1582.33	1588.03	64950	0	30
2011.07.20	1588.64	1601.39	1580.88	1600.83	72007	0	50
2011.07.21	1600.48	1604.28	1584.73	1590.49	78670	0	50
2011.07.22	1588.46	1606.73	1583.23	1600.85	65830	0	50
2011.07.25	1608.45	1623.68	1603.09	1613.93	73255	0	50
2011.07.26	1613.95	1620.02	1607.79	1619.03	69023	0	50
2011.07.27	1618.18	1628.32	1608.71	1612.98	67132	0	50
2011.07.28	1614.51	1619.91	1603.00	1616.23	69601	0	50
2011.07.29	1616.27	1632.35	1610.42	1626.27	70502	0	50
2011.08.01	1610.20	1631.65	1607.88	1619.78	76259	0	50
2011.08.02	1619.02	1658.74	1616.20	1658.29	76314	0	50
2011.08.03	1660.73	1672.35	1651.73	1660.87	49384	0	50
2011.08.04	1663.05	1681.80	1641.37	1646.86	29184	0	0
2011.08.05	1647.84	1669.69	1641.70	1665.12	60872	0	50
2011.08.08	1684.10	1720.03	1682.30	1717.90	58940	0	50
2011.08.09	1715.08	1777.10	1714.72	1738.40	48973	0	50
2011.08.10	1742.38	1796.69	1737.10	1792.09	67366	0	60
2011.08.11	1797.68	1813.77	1732.56	1763.58	89772	0	66
2011.08.12	1761.94	1767.51	1723.37	1742.98	63173	0	65
2011.08.15	1744.97	1765.70	1727.67	1765.33	52719	0	60
2011.08.16	1765.04	1786.63	1760.84	1784.41	44030	0	60
2011.08.17	1787.08	1794.46	1778.97	1790.62	40552	0	60
2011.08.18	1789.73	1828.24	1783.73	1823.92	42692	0	60
2011.08.19	1824.91	1876.66	1820.90	1851.51	72950	0	60
2011.08.22	1865.66	1897.88	1858.04	1896.45	81448	0	60
2011.08.23	1907.64	1911.63	1823.34	1829.31	83113	0	65
2011.08.24	1834.50	1853.69	1749.68	1759.89	85981	0	50
2011.08.25	1749.66	1773.79	1702.55	1770.07	82737	0	50
2011.08.26	1770.62	1826.88	1757.00	1825.27	70551	0	60
2011.08.29	1832.26	1834.21	1775.74	1786.78	81685	0	60
2011.08.30	1786.48	1839.60	1783.58	1834.24	69194	0	60
2011.08.31	1835.55	1838.90	1812.49	1824.56	59982	0	55
2011.09.01	1824.75	1830.50	1813.41	1825.93	48095	0	50
2011.09.02	1825.85	1884.33	1824.14	1881.92	44810	0	70
2011.09.05	1880.85	1902.70	1874.11	1899.54	34948	0	70
2011.09.06	1901.20	1920.61	1858.38	1875.63	71042	0	70
2011.09.07	1869.05	1880.21	1792.41	1816.93	69380	0	70
2011.09.08	1815.95	1870.28	1813.50	1868.77	62811	0	70
2011.09.09	1868.06	1885.84	1822.77	1857.02	68244	0	70
2011.09.12	1857.46	1861.28	1801.08	1815.87	70654	0	70
2011.09.13	1815.49	1843.55	1794.28	1833.37	66541	0	70
2011.09.14	1833.54	1844.38	1808.41	1819.30	62063	0	70
2011.09.15	1820.99	1826.21	1772.58	1788.28	60712	0	70
2011.09.16	1787.81	1821.43	1762.44	1808.80	54755	0	70
2011.09.19	1818.58	1827.68	1770.62	1777.55	56151	0	70
2011.09.20	1776.90	1811.34	1769.65	1803.48	57122	0	70
2011.09.21	1803.21	1816.36	1778.45	1781.87	59658	0	70
2011.09.22	1780.81	1786.17	1720.81	1740.10	74742	0	70
2011.09.23	1739.20	1755.09	1628.82	1653.92	78455	0	70
2011.09.26	1647.36	1663.46	1531.94	1627.65	94756	0	70
2011.09.27	1623.97	1677.00	1614.67	1650.17	76097	0	70
2011.09.28	1651.42	1669.05	1598.41	1608.16	73791	0	70
2011.09.29	1609.18	1634.83	1582.84	1614.23	76436	0	70
2011.09.30	1614.13	1640.26	1606.40	1623.68	62291	0	70
2011.10.03	1623.68	1664.24	1621.38	1657.46	58964	0	70
2011.10.04	1662.35	1678.35	1595.65	1621.57	70454	0	70
2011.10.05	1626.31	1646.78	1597.30	1640.25	65153	0	70
2011.10.06	1641.73	1654.83	1631.28	1652.20	54977	0	70
2011.10.07	1651.25	1666.03	1625.80	1636.48	51764	0	70
2011.10.10	1638.97	1677.51	1638.83	1676.07	44255	0	70
2011.10.11	1682.12	1684.38	1653.76	1661.90	53298	0	70
2011.10.12	1662.69	1692.03	1660.30	1677.47	56187	0	0
2011.10.13	1676.11	1684.37	1652.82	1667.82	53578	0	0
2011.10.14	1667.14	1683.40	1661.07	1680.62	45937	0	0
2011.10.17	1682.44	1694.79	1664.77	1670.31	54565	0	0
2011.10.18	1670.90	1676.42	1626.74	1657.98	58352	0	70
2011.10.19	1655.13	1664.99	1639.58	1640.68	53664	0	70
2011.10.20	1642.97	1644.56	1603.52	1621.73	62883	0	70
2011.10.21	1619.24	1648.32	1611.20	1641.77	52974	0	70
2011.10.24	1638.80	1661.87	1635.28	1653.36	50228	0	0
2011.10.25	1652.73	1708.73	1643.54	1704.59	53172	0	70
2011.10.26	1705.38	1726.46	1694.73	1724.14	53934	0	70
2011.10.27	1723.13	1749.72	1705.82	1744.28	56922	0	70
2011.10.28	1744.85	1752.22	1732.17	1743.07	48636	0	70
2011.10.31	1741.49	1744.76	1704.14	1713.95	54161	0	70
2011.11.01	1710.93	1723.96	1680.97	1719.15	55272	0	70
2011.11.02	1715.47	1744.00	1714.15	1735.59	50653	0	70
2011.11.03	1738.85	1767.41	1722.55	1763.07	51937	0	70
2011.11.04	1759.63	1763.61	1748.80	1754.18	45819	0	70
2011.11.07	1753.00	1798.18	1752.80	1794.77	46463	0	70
2011.11.08	1794.05	1802.79	1776.66	1785.25	46849	0	70
2011.11.09	1786.01	1799.55	1763.70	1770.67	56077	0	70
2011.11.10	1770.44	1775.20	1735.47	1758.18	56627	0	70
2011.11.11	1757.39	1788.45	1744.06	1787.98	46713	0	70
2011.11.14	1787.96	1796.01	1773.60	1780.12	46490	0	70
2011.11.15	1780.17	1786.04	1760.07	1781.15	51571	0	70
2011.11.16	1780.58	1783.37	1753.09	1762.98	57110	0	70
2011.11.17	1763.67	1766.79	1710.32	1721.15	59902	0	70
2011.11.18	1722.48	1737.38	1710.59	1723.60	52611	0	70
2011.11.21	1722.09	1726.23	1666.33	1677.18	61740	0	70
2011.11.22	1678.23	1705.35	1667.73	1699.57	58385	0	70
2011.11.23	1699.52	1709.97	1677.06	1692.42	56955	0	70
2011.11.24	1691.14	1701.67	1687.44	1694.67	33485	0	70
2011.11.25	1693.79	1697.73	1671.84	1682.33	44297	0	50
2011.11.28	1687.71	1720.46	1686.84	1712.21	52245	0	50
2011.11.29	1710.87	1719.84	1703.48	1715.05	49956	0	50
2011.11.30	1715.63	1749.93	1700.70	1746.03	58799	0	50
2011.12.01	1747.83	1754.12	1733.50	1744.49	52149	0	50
2011.12.02	1745.32	1763.03	1737.91	1745.82	48977	0	50
2011.12.05	1750.16	1754.50	1717.70	1722.71	55787	0	50
2011.12.06	1722.37	1732.85	1701.95	1728.65	59554	0	50
2011.12.07	1727.12	1742.64	1719.95	1741.60	52071	0	50
2011.12.08	1741.57	1755.87	1703.78	1707.94	55200	0	50
2011.12.09	1705.77	1723.71	1703.05	1710.48	56433	0	100
2011.12.12	1713.53	1714.48	1657.28	1666.51	58222	0	50
2011.12.13	1664.41	1677.70	1622.16	1631.42	65548	0	50
2011.12.14	1627.62	1641.35	1563.56	1573.40	74935	0	50
2011.12.15	1577.82	1593.71	1560.08	1569.41	69101	0	50
2011.12.16	1571.38	1600.86	1570.99	1598.64	60041	0	50
2011.12.19	1601.92	1608.65	1583.25	1593.86	58478	0	50
2011.12.20	1592.92	1618.35	1592.11	1614.55	49735	0	50
2011.12.21	1614.91	1641.61	1605.65	1614.81	50179	0	50
2011.12.22	1613.80	1616.75	1597.69	1605.73	49420	0	50
2011.12.23	1607.41	1613.71	1602.58	1606.56	29734	0	50
2011.12.27	1605.06	1605.43	1589.47	1593.01	33050	0	50
2011.12.28	1589.58	1592.86	1549.55	1555.75	48073	0	50
2011.12.29	1556.20	1561.00	1522.64	1545.38	50727	0	50
2011.12.30	1546.71	1581.27	1546.47	1563.95	44912	0	50
2012.01.03	1567.37	1607.27	1566.07	1603.13	51031	0	50
2012.01.04	1605.82	1618.45	1592.70	1611.60	63985	0	50
2012.01.05	1611.27	1625.60	1596.68	1621.88	65571	0	50
2012.01.06	1620.83	1631.14	1608.43	1616.55	56818	0	50
2012.01.09	1614.34	1623.61	1605.03	1610.63	59646	0	50
2012.01.10	1610.63	1640.11	1608.13	1632.45	56115	0	50
2012.01.11	1631.11	1647.08	1630.06	1640.51	56817	0	50
2012.01.12	1641.41	1661.98	1640.05	1649.55	55918	0	40
2012.01.13	1648.49	1649.55	1625.26	1638.21	63083	0	40
2012.01.16	1635.47	1647.05	1631.45	1643.38	36726	0	40
2012.01.17	1641.78	1667.63	1641.57	1651.75	59203	0	40
2012.01.18	1651.66	1662.34	1642.52	1659.67	64897	0	40
2012.01.19	1660.29	1670.05	1649.14	1657.45	59636	0	40
2012.01.20	1656.23	1666.90	1644.92	1666.81	52346	0	40
2012.01.23	1666.22	1681.40	1662.56	1677.15	47488	0	40
2012.01.24	1675.70	1679.55	1661.39	1665.65	50616	0	40
2012.01.25	1665.84	1713.01	1648.99	1709.91	58687	0	40
2012.01.26	1709.94	1730.30	1702.88	1720.52	54931	0	40
2012.01.27	1718.54	1739.73	1714.26	1738.65	50975	0	40
2012.01.30	1735.59	1739.88	1716.16	1729.55	58603	0	40
2012.01.31	1731.16	1747.52	1726.18	1738.18	62784	0	40
2012.02.01	1738.07	1751.14	1732.53	1743.75	67023	0	40
2012.02.02	1744.08	1761.00	1740.98	1759.19	59691	0	40
2012.02.03	1756.59	1763.16	1723.46	1725.37	53709	0	40
2012.02.06	1728.59	1738.04	1711.68	1719.79	54108	0	40
2012.02.07	1720.53	1749.81	1710.07	1745.05	55427	0	40
2012.02.08	1744.19	1752.02	1723.98	1733.10	53484	0	40
2012.02.09	1731.09	1752.59	1725.80	1729.99	57648	0	40
2012.02.10	1730.52	1734.61	1704.64	1721.39	56582	0	40
2012.02.13	1727.96	1733.25	1716.07	1722.75	51573	0	40
2012.02.14	1720.42	1727.66	1712.00	1720.59	57911	0	40
2012.02.15	1721.02	1737.27	1718.36	1727.95	53426	0	40
2012.02.16	1728.12	1729.84	1705.23	1728.26	55861	0	40
2012.02.17	1727.81	1735.80	1717.06	1722.87	44870	0	40
2012.02.20	1727.67	1737.14	1727.67	1734.44	31515	0	40
2012.02.21	1733.29	1760.10	1730.76	1759.45	50455	0	40
2012.02.22	1759.62	1781.61	1749.25	1776.05	48572	0	40
2012.02.23	1775.53	1787.26	1772.21	1779.85	49904	0	40
2012.02.24	1778.21	1782.79	1770.41	1772.05	49370	0	40
2012.02.27	1773.98	1779.34	1761.47	1767.15	50095	0	40
2012.02.28	1767.78	1790.31	1765.80	1784.05	49743	0	40
2012.02.29	1785.06	1790.56	1685.96	1696.35	61980	0	40
2012.03.02	1716.46	1724.10	1704.75	1711.38	53046	0	40
2012.03.05	1711.98	1716.70	1693.59	1706.25	57170	0	40
2012.03.06	1704.81	1708.89	1662.86	1674.24	60974	0	0
2012.03.07	1674.22	1688.08	1671.12	1684.55	50529	0	0
2012.03.08	1684.93	1703.86	1682.70	1699.80	49632	0	0
2012.03.09	1701.74	1714.85	1676.60	1713.69	53569	0	0
2012.03.12	1713.40	1713.55	1691.93	1700.97	48985	0	0
2012.03.13	1699.85	1705.62	1661.90	1673.67	57032	0	0
2012.03.14	1676.08	1682.24	1634.44	1644.17	60523	0	0
2012.03.15	1643.65	1666.48	1636.02	1658.21	54224	0	0
2012.03.16	1657.96	1664.66	1639.57	1659.31	50651	0	0
2012.03.19	1660.42	1669.72	1652.30	1663.86	44920	0	0
2012.03.20	1663.15	1664.26	1641.50	1650.51	47570	0	0
2012.03.21	1649.97	1661.80	1646.54	1650.05	53492	0	0
2012.03.22	1651.17	1656.26	1628.08	1645.54	67241	0	0
2012.03.23	1646.68	1666.46	1642.06	1661.26	61072	0	0
2012.03.26	1664.21	1693.50	1655.47	1690.66	62521	0	0
2012.03.27	1690.17	1696.95	1679.47	1680.27	54161	0	0
2012.03.28	1680.25	1684.19	1654.62	1663.18	90547	52977550	0
2012.03.29	1662.42	1664.84	1645.19	1661.28	121511	55026800	0
2012.03.30	1661.44	1670.92	1659.90	1666.95	133179	40215368	25
2012.04.02	1671.34	1683.46	1662.81	1677.61	144753	43649214	25
2012.04.03	1676.46	1680.94	1639.00	1645.11	156737	48265490	25
2012.04.04	1645.64	1647.92	1612.39	1620.56	184611	55788542	25
2012.04.05	1620.50	1631.27	1619.88	1630.65	95258	28720351	25
2012.04.09	1644.61	1648.44	1635.40	1640.23	130647	39380342	35
2012.04.10	1640.91	1662.73	1631.80	1659.03	165306	50185170	35
2012.04.11	1659.30	1662.63	1652.92	1658.22	143643	42572515	35
2012.04.12	1658.67	1679.85	1650.83	1675.47	125416	41475389	34
2012.04.13	1675.08	1677.83	1649.19	1655.57	80028	55991946	39
2012.04.16	1653.14	1657.69	1641.31	1651.41	128918	39264470	25
2012.04.17	1652.53	1657.39	1634.62	1649.26	110932	34000110	25
2012.04.18	1649.57	1654.34	1637.81	1641.52	131064	39595130	25
2012.04.19	1642.36	1653.66	1631.09	1642.56	153586	46511704	35
2012.04.20	1642.28	1647.11	1638.55	1642.56	122406	38385310	35
2012.04.23	1639.87	1643.19	1623.21	1637.77	129102	38984330	35
2012.04.24	1637.18	1649.17	1633.94	1641.72	108684	32847190	34
2012.04.25	1641.40	1646.21	1624.41	1644.18	153265	46260260	35
2012.04.26	1644.20	1660.57	1642.18	1656.74	130509	39321850	34
2012.04.27	1655.35	1667.44	1650.54	1662.37	130160	39408100	31
2012.04.30	1664.05	1665.96	1647.29	1664.42	107133	32337500	29
2012.05.01	1664.55	1671.45	1657.59	1661.56	91896	27781100	32
2012.05.02	1662.77	1663.00	1646.91	1653.00	138048	41683200	32
2012.05.03	1652.86	1653.39	1631.06	1636.24	133544	40340200	34
2012.05.04	1635.83	1647.11	1626.43	1641.17	127511	38566800	34
2012.05.07	1639.73	1642.60	1632.13	1638.37	111256	33477100	35
2012.05.08	1638.09	1638.92	1595.42	1604.99	148959	45010584	34
2012.05.09	1605.35	1606.52	1579.67	1589.78	165716	50051225	32
2012.05.10	1590.02	1601.86	1585.64	1593.63	137373	41408290	35
2012.05.11	1593.46	1594.88	1574.42	1579.11	140440	42443390	35
2012.05.14	1582.16	1585.62	1556.10	1556.26	148002	44634900	34
2012.05.15	1556.90	1564.12	1541.39	1543.75	149458	45026370	35
2012.05.16	1544.33	1552.22	1526.96	1538.13	172312	53384800	35
2012.05.17	1539.31	1579.81	1538.29	1573.60	150189	47371690	35
2012.05.18	1574.09	1597.59	1567.94	1592.18	160080	50411798	35
2012.05.21	1592.76	1599.13	1584.79	1593.42	126073	39602488	35
2012.05.22	1593.14	1594.37	1561.30	1568.14	135978	42688640	35
2012.05.23	1567.00	1568.65	1533.14	1561.07	168631	52706323	32
2012.05.24	1561.84	1577.73	1551.38	1558.73	152857	47834080	35
2012.05.25	1557.86	1574.07	1551.24	1572.56	131247	41192298	35
2012.05.28	1575.45	1583.94	1571.44	1573.74	78616	24493581	35
2012.05.29	1573.64	1582.66	1549.16	1554.86	141054	43833994	35
2012.05.30	1555.05	1569.28	1533.21	1562.61	151124	47361389	35
2012.05.31	1562.83	1572.99	1552.17	1560.90	155376	48716190	35
2012.06.01	1559.49	1629.53	1544.92	1623.04	172942	54765128	35
2012.06.04	1623.78	1628.11	1608.62	1618.89	173636	54066297	35
2012.06.05	1618.71	1623.55	1611.45	1617.26	152323	47546100	35
2012.06.06	1617.51	1640.63	1615.31	1618.74	168418	52352937	35
2012.06.07	1621.64	1629.13	1578.64	1589.47	173909	54257614	35
2012.06.08	1589.66	1594.87	1560.99	1592.32	176272	55178925	34
2012.06.11	1600.94	1608.10	1581.74	1597.29	114303	35804900	35
2012.06.12	1594.09	1617.53	1586.16	1609.30	119688	36608398	35
2012.06.13	1609.61	1624.76	1605.97	1616.77	104974	31930550	32
2012.06.14	1617.94	1627.89	1609.26	1622.67	109007	33170555	35
2012.06.15	1623.49	1633.63	1619.23	1623.99	99103	30404748	35
2012.06.18	1623.08	1629.92	1602.62	1627.65	121507	37136260	35
2012.06.19	1626.93	1633.18	1617.39	1618.10	109008	33048790	35
2012.06.20	1618.59	1622.41	1589.86	1605.88	132427	40160333	35
2012.06.21	1606.63	1606.99	1564.32	1566.50	136805	41517761	34
2012.06.22	1565.65	1573.20	1558.10	1571.29	104895	31891378	35
2012.06.25	1572.36	1588.22	1566.29	1584.69	105081	31804930	35
2012.06.26	1585.72	1586.69	1567.74	1571.87	100995	30589478	29
2012.06.27	1572.26	1583.08	1562.69	1574.13	93578	28366575	29
2012.06.28	1574.37	1578.87	1547.90	1552.53	110459	33529700	35
2012.06.29	1552.27	1606.79	1551.06	1596.56	129228	39407800	35
2012.07.02	1597.61	1602.37	1587.08	1597.02	99385	29886895	35
2012.07.03	1596.91	1624.93	1594.82	1617.13	107664	32631946	35
2012.07.04	1617.24	1620.29	1611.44	1614.98	59289	18002259	35
2012.07.05	1615.65	1623.76	1597.49	1604.00	106394	32239056	35
2012.07.06	1604.50	1609.68	1576.39	1582.50	110068	33452376	35
2012.07.09	1579.15	1592.77	1576.40	1587.42	89122	26895709	35
2012.07.10	1588.95	1601.17	1564.42	1566.21	105834	31987549	35
2012.07.11	1567.13	1583.18	1566.82	1575.71	99764	30166468	35
2012.07.12	1576.62	1577.86	1554.94	1571.38	102781	23782960	0
2012.07.13	1572.39	1596.72	1565.89	1588.72	97740	29559600	0
2012.07.16	1590.57	1594.71	1577.87	1589.12	92880	28185219	35
2012.07.17	1589.11	1598.93	1571.56	1582.68	117861	35785033	35
2012.07.18	1583.45	1585.95	1567.70	1573.18	115463	35211650	35
2012.07.19	1573.27	1591.57	1572.46	1580.87	104505	31733514	35
2012.07.20	1581.93	1586.86	1573.65	1583.53	112762	34273346	35
2012.07.23	1580.48	1582.84	1563.16	1576.97	108718	32956740	35
2012.07.24	1576.23	1584.47	1568.78	1580.53	109055	32938298	35
2012.07.25	1581.14	1610.38	1578.68	1604.18	123573	37351554	35
2012.07.26	1604.92	1621.82	1601.20	1615.43	110485	38340410	35
2012.07.27	1615.17	1629.38	1611.74	1622.35	107737	32816376	29
2012.07.30	1624.04	1625.90	1614.26	1621.88	58472	16970548	0
2012.07.31	1621.70	1627.89	1610.81	1613.98	111388	33683628	32
2012.08.01	1614.74	1618.50	1591.65	1599.51	119830	36295086	32
2012.08.02	1599.28	1614.95	1583.83	1588.33	115818	35025976	32
2012.08.03	1589.04	1606.52	1585.58	1602.24	100929	30613865	32
2012.08.06	1601.38	1615.33	1600.74	1610.38	85735	26058835	32
2012.08.07	1610.64	1618.23	1608.82	1612.00	97035	29562495	32
2012.08.08	1611.71	1616.62	1603.32	1611.83	104482	31732730	32
2012.08.09	1612.39	1618.21	1609.52	1616.75	91781	27728163	32
2012.08.10	1617.53	1626.39	1605.46	1619.48	94934	28861822	32
2012.08.13	1620.09	1625.60	1607.49	1609.53	96904	29328778	32
2012.08.14	1609.96	1616.26	1589.20	1598.99	96586	29244071	32
2012.08.15	1599.27	1606.34	1589.93	1603.17	91678	27934430	32
2012.08.16	1603.39	1618.60	1600.50	1614.74	85960	25951594	25
2012.08.17	1614.83	1620.13	1611.70	1614.76	82956	25143855	35
2012.08.20	1617.42	1622.28	1609.75	1620.13	70901	21341880	35
2012.08.21	1620.30	1641.22	1618.43	1637.33	85318	25682675	35
2012.08.22	1637.23	1655.63	1634.22	1653.94	90086	27024530	35
2012.08.23	1652.78	1674.81	1652.27	1670.55	112335	33792054	35
2012.08.24	1669.93	1673.49	1662.44	1669.44	89266	26890937	35
2012.08.27	1671.38	1676.88	1663.08	1664.20	86543	26154563	35
2012.08.28	1664.63	1672.28	1657.12	1666.56	88862	26938824	35
2012.08.29	1666.77	1669.88	1652.29	1656.03	83303	25227718	34
2012.08.30	1656.91	1664.11	1651.28	1655.08	80152	24155738	34
2012.08.31	1655.76	1692.78	1645.91	1690.80	94195	28554770	35
2012.09.03	1689.15	1692.30	1685.35	1692.30	56152	16935590	35
2012.09.04	1692.83	1698.97	1688.08	1695.72	92490	27828131	35
2012.09.05	1695.35	1695.76	1687.21	1692.80	93582	26619024	20
2012.09.06	1693.66	1713.44	1691.48	1700.04	139128	35326747	19
2012.09.07	1701.30	1741.75	1689.07	1735.70	131384	33635517	17
2012.09.10	1734.91	1739.99	1724.77	1726.00	127647	33712310	19
2012.09.11	1726.40	1738.10	1725.69	1732.03	117213	29493726	14
2012.09.12	1732.00	1747.11	1725.10	1730.64	148435	39394512	22
2012.09.13	1731.15	1772.66	1715.46	1766.12	160892	42334651	19
2012.09.14	1768.72	1777.72	1765.51	1770.35	175216	44266436	18
2012.09.17	1775.13	1776.34	1753.91	1761.14	135419	36823049	25
2012.09.18	1761.85	1773.32	1751.84	1771.25	171114	46623770	18
2012.09.19	1771.68	1779.25	1761.85	1770.02	150312	40018064	24
2012.09.20	1770.16	1772.18	1755.22	1768.50	156624	42984578	22
2012.09.21	1768.62	1787.39	1766.62	1773.03	160805	42436143	21
2012.09.24	1771.81	1772.19	1755.54	1764.15	158366	42380113	18
2012.09.25	1765.22	1775.00	1758.78	1760.84	161061	41166220	12
2012.09.26	1760.39	1765.50	1736.63	1752.21	145510	38024446	13
2012.09.27	1752.99	1780.31	1750.82	1777.05	157068	38266822	16
2012.09.28	1776.65	1783.24	1767.19	1771.68	162521	41517258	15
2012.10.01	1769.47	1791.61	1763.33	1775.27	168002	44966920	20
2012.10.02	1776.04	1784.28	1770.34	1774.74	138240	38190326	21
2012.10.03	1773.49	1781.81	1770.83	1777.46	143819	38043190	20
2012.10.04	1778.12	1795.10	1777.54	1790.09	162727	42711040	20
2012.10.05	1790.94	1795.87	1772.41	1780.29	142514	38511413	18
2012.10.08	1777.25	1779.55	1766.35	1774.86	126756	35279743	23
2012.10.09	1775.73	1779.70	1760.45	1764.16	142475	37389357	24
2012.10.10	1765.14	1768.20	1756.92	1762.32	139677	38487938	24
2012.10.11	1761.36	1774.82	1758.45	1767.13	136189	35410425	27
2012.10.12	1767.08	1773.26	1752.06	1754.19	132198	36317745	10
2012.10.15	1751.86	1751.97	1728.48	1737.87	151692	40245905	11
2012.10.16	1736.89	1748.13	1734.73	1747.52	120542	30181169	10
2012.10.17	1748.42	1753.46	1742.76	1749.86	122340	32922609	26
2012.10.18	1749.90	1752.11	1738.04	1741.07	124278	32448970	12
2012.10.19	1741.72	1743.30	1715.52	1721.75	157592	43235274	10
2012.10.22	1718.34	1729.35	1713.41	1728.14	142482	36127548	17
2012.10.23	1729.03	1730.03	1703.84	1707.30	161766	42967031	19
2012.10.24	1707.71	1714.33	1698.50	1701.71	151119	41166453	18
2012.10.25	1701.92	1717.94	1701.82	1711.43	142505	38010799	22
2012.10.26	1711.72	1718.75	1700.70	1710.89	151344	41253850	11
2012.10.29	1711.77	1717.19	1705.94	1709.14	95666	26955228	19
2012.10.30	1706.97	1715.14	1704.73	1708.62	97493	24947032	16
2012.10.31	1710.56	1725.90	1709.24	1720.32	144852	37891346	16
2012.11.01	1719.89	1726.98	1713.58	1713.97	130774	33893223	22
2012.11.02	1716.02	1716.82	1674.43	1677.42	153443	42140821	10
2012.11.05	1677.93	1686.16	1672.63	1684.46	141593	37627831	19
2012.11.06	1685.40	1720.84	1683.54	1716.02	148794	40113950	12
2012.11.07	1714.92	1731.69	1703.09	1717.18	216439	56293564	20
2012.11.08	1717.62	1734.99	1712.68	1731.57	154076	41048314	20
2012.11.09	1730.83	1738.77	1727.09	1730.84	163350	41290919	22
2012.11.12	1733.65	1737.96	1725.57	1728.47	131432	35216836	21
2012.11.13	1728.20	1732.90	1717.80	1725.20	155848	40315665	18
2012.11.14	1724.97	1734.00	1720.68	1726.72	157114	42539968	27
2012.11.15	1726.65	1727.86	1704.68	1716.05	149793	39884600	16
2012.11.16	1717.16	1717.21	1705.75	1713.57	152735	39201260	17
2012.11.19	1714.57	1735.50	1714.29	1731.63	127858	31594616	0
2012.11.20	1731.10	1735.60	1722.11	1727.63	138086	37254738	17
2012.11.21	1727.75	1731.84	1720.50	1728.60	130964	34897600	22
2012.11.22	1729.03	1732.50	1728.43	1729.74	66040	18299525	19
2012.11.23	1728.84	1754.28	1727.95	1751.13	113929	30211520	15
2012.11.26	1750.35	1752.19	1745.86	1748.56	137326	37366331	18
2012.11.27	1749.15	1751.71	1740.37	1742.01	144757	39869543	22
2012.11.28	1741.65	1743.05	1705.59	1719.30	172014	47652882	18
2012.11.29	1719.60	1728.48	1718.00	1725.70	146770	39172774	11
2012.11.30	1725.45	1731.65	1708.43	1714.13	152626	43491523	10
2012.12.03	1714.96	1722.51	1712.51	1715.53	136912	35436073	17
2012.12.04	1716.31	1717.33	1691.21	1697.38	176274	48211556	11
2012.12.05	1696.47	1706.86	1684.75	1693.74	151181	41456598	18
2012.12.06	1693.68	1703.21	1685.90	1699.87	157345	39806867	16
2012.12.07	1699.52	1705.47	1684.01	1703.59	149382	38450992	16
2012.12.10	1703.68	1717.21	1702.61	1712.85	100668	27123825	19
2012.12.11	1712.88	1714.31	1704.75	1709.91	118936	33172561	40
2012.12.12	1710.11	1723.27	1707.11	1711.51	161501	45652841	40
2012.12.13	1709.82	1711.12	1689.39	1697.22	189210	53531460	40
2012.12.14	1696.93	1700.41	1693.18	1695.38	133276	36509446	40
2012.12.17	1699.48	1699.78	1686.49	1698.01	126095	34108092	40
2012.12.18	1698.36	1703.07	1660.87	1670.48	161717	43980411	40
2012.12.19	1672.30	1676.72	1663.22	1666.83	144253	39771675	40
2012.12.20	1666.15	1671.78	1635.48	1647.15	151079	39828501	30
2012.12.21	1647.92	1659.61	1635.44	1657.04	145715	38376521	40
2012.12.24	1657.22	1665.80	1651.81	1658.25	74438	18081468	40
2012.12.26	1655.61	1667.89	1655.23	1659.96	57474	12647723	40
2012.12.27	1658.74	1665.35	1652.54	1663.86	90747	23217744	40
2012.12.28	1664.37	1666.08	1653.49	1655.16	79163	20548310	41
2012.12.31	1656.02	1680.40	1655.82	1676.12	65531	16062718	40
2013.01.02	1673.25	1694.77	1670.10	1686.61	121942	30154810	40
2013.01.03	1686.12	1689.84	1660.56	1663.17	127633	36191423	40
2013.01.04	1663.98	1664.09	1625.80	1655.75	199229	54119315	40
2013.01.07	1658.60	1662.47	1642.67	1646.98	146348	39939587	40
2013.01.08	1647.98	1662.41	1646.44	1658.65	142439	36580920	40
2013.01.09	1659.86	1665.81	1651.34	1657.57	129482	36574698	40
2013.01.10	1657.83	1678.77	1653.72	1674.68	122697	33106357	40
2013.01.11	1675.71	1676.79	1653.26	1662.71	133068	36460160	40
2013.01.14	1661.58	1674.70	1659.88	1667.59	112886	29384110	40
2013.01.15	1667.90	1685.06	1666.33	1679.12	141704	36637228	40
2013.01.16	1679.73	1684.76	1673.39	1679.41	121528	33158843	40
2013.01.17	1680.72	1696.10	1666.69	1687.60	141169	36125049	40
2013.01.18	1687.14	1695.17	1683.31	1683.31	118053	32204941	40
2013.01.21	1688.48	1691.20	1685.81	1689.62	70152	19974060	0
2013.01.22	1690.19	1695.99	1686.59	1691.93	115627	30672696	40
2013.01.23	1693.10	1694.94	1683.62	1685.73	105834	29175215	40
2013.01.24	1684.31	1685.98	1664.86	1667.77	139703	36761710	40
2013.01.25	1668.41	1672.27	1655.87	1658.91	138587	35823745	40
2013.01.28	1659.66	1662.29	1651.89	1655.67	122762	32163020	40
2013.01.29	1654.94	1665.94	1654.73	1663.65	110621	29331630	40
2013.01.30	1663.39	1683.74	1662.65	1676.71	132974	34446279	40
2013.01.31	1675.85	1680.72	1657.77	1663.44	137208	36860460	40
2013.02.01	1663.93	1682.11	1659.85	1667.11	139169	36838054	10
2013.02.04	1668.80	1677.60	1661.48	1674.16	125535	31884690	11
2013.02.05	1674.50	1684.97	1666.62	1672.74	146739	39425020	8
2013.02.06	1672.91	1679.87	1668.31	1677.47	122385	33080120	7
2013.02.07	1677.39	1683.16	1664.16	1671.40	152000	39547020	10
2013.02.08	1672.09	1673.64	1665.03	1666.97	131363	36800450	8
2013.02.11	1667.36	1669.54	1643.77	1647.84	124151	34208980	1
2013.02.12	1647.29	1653.30	1639.21	1650.85	139816	36894873	7
2013.02.13	1652.38	1653.46	1640.48	1642.35	140446	38357890	5
2013.02.14	1641.86	1650.07	1632.79	1634.25	152328	40532770	6
2013.02.15	1634.03	1635.99	1597.87	1609.23	184006	51600773	4
2013.02.18	1609.22	1618.79	1607.03	1609.63	115595	32783880	0
2013.02.19	1610.13	1615.20	1600.72	1604.65	167865	45019220	0
2013.02.20	1604.55	1609.53	1558.65	1563.94	260459	70557460	2
2013.02.21	1567.62	1584.98	1555.04	1575.91	261657	70944110	4
2013.02.22	1577.73	1587.24	1569.85	1580.46	195115	53865820	6
2013.02.25	1580.91	1596.99	1575.17	1593.83	203098	56394290	6
2013.02.26	1592.22	1620.10	1584.44	1613.66	262603	74528310	11
2013.02.27	1613.52	1614.83	1592.15	1597.05	192184	54074580	6
2013.02.28	1596.96	1603.01	1574.99	1579.99	213561	57783152	8
2013.03.01	1580.61	1587.28	1564.81	1576.23	232669	64766250	5
2013.03.04	1580.20	1584.89	1569.38	1573.63	174637	48233670	6
2013.03.05	1574.39	1586.51	1571.95	1575.30	157433	40772740	6
2013.03.06	1575.28	1584.91	1567.39	1583.46	162306	42332906	7
2013.03.07	1584.45	1585.46	1574.91	1578.76	152290	42500358	5
2013.03.08	1578.08	1583.74	1561.41	1578.55	186289	50172330	7
2013.03.11	1578.60	1583.39	1575.50	1581.59	110858	28975540	13
2013.03.12	1582.01	1598.39	1580.02	1592.74	124806	33076880	8
2013.03.13	1593.07	1599.35	1585.63	1587.54	121773	33352440	13
2013.03.14	1589.23	1593.34	1576.31	1590.13	131809	36839020	11
2013.03.15	1590.66	1599.08	1588.52	1591.95	108479	29217410	10
2013.03.18	1604.62	1611.24	1591.67	1605.01	158229	43884110	10
2013.03.19	1605.75	1615.60	1600.02	1612.23	131548	34446590	1
2013.03.20	1613.17	1614.77	1602.90	1605.95	118753	31682070	4
2013.03.21	1606.43	1616.84	1604.49	1614.49	98144	26262680	14
2013.03.22	1615.76	1616.15	1603.52	1608.42	97728	26446200	10
2013.03.25	1608.32	1613.79	1589.65	1605.14	138710	36214948	4
2013.03.26	1604.08	1606.01	1594.61	1599.22	104342	29094321	11
2013.03.27	1600.65	1608.35	1591.29	1605.11	119550	31691573	9
2013.03.28	1605.01	1607.64	1593.97	1596.10	115801	31146985	8
2013.04.01	1600.84	1601.04	1594.79	1599.50	77759	21832390	16
2013.04.02	1599.28	1603.92	1573.59	1575.96	120557	33463614	7
2013.04.03	1576.18	1577.14	1549.44	1557.20	163329	44635991	5
2013.04.04	1557.26	1559.51	1540.12	1554.66	181377	45664313	6
2013.04.05	1553.80	1581.25	1549.31	1580.79	163789	44297560	14
2013.04.08	1582.24	1582.65	1567.35	1573.53	110719	29198740	11
2013.04.09	1572.43	1590.38	1570.39	1585.19	119805	31471700	13
2013.04.10	1585.01	1588.61	1555.70	1557.91	160924	43373725	11
2013.04.11	1557.75	1568.40	1553.38	1560.99	131732	36139740	11
2013.04.12	1559.95	1564.71	1481.75	1482.33	272307	74387099	2
2013.04.15	1482.82	1495.57	1337.09	1348.00	679039	183025424	30
2013.04.16	1362.17	1403.44	1321.54	1366.31	455308	125329600	29
2013.04.17	1372.33	1395.12	1364.88	1375.74	313402	85211886	17
2013.04.18	1376.33	1402.07	1336.14	1390.50	297097	79050980	11
2013.04.19	1394.58	1425.11	1385.80	1403.53	190129	51128780	18
2013.04.22	1405.88	1439.05	1403.60	1425.50	241280	65789660	25
2013.04.23	1426.06	1432.84	1404.93	1414.16	247837	66175017	23
2013.04.24	1413.42	1433.37	1412.23	1431.45	204051	53624256	23
2013.04.25	1430.77	1469.19	1427.08	1466.52	211507	55352700	14
2013.04.26	1466.07	1485.21	1447.91	1461.01	272635	73511539	17
2013.04.29	1466.69	1478.76	1462.14	1474.77	185912	48566248	12
2013.04.30	1474.78	1479.94	1461.00	1476.59	181769	48947025	16
2013.05.01	1475.67	1478.07	1440.41	1457.02	217896	56019800	25
2013.05.02	1457.65	1473.87	1448.84	1466.96	198148	51479713	13
2013.05.03	1466.32	1488.08	1456.11	1470.45	218120	56388450	14
2013.05.06	1470.21	1478.85	1464.48	1469.15	146696	40700382	4
2013.05.07	1469.37	1470.65	1441.37	1452.07	210295	56694293	23
2013.05.08	1451.43	1476.68	1447.67	1473.65	179310	47670054	10
2013.05.09	1472.38	1475.82	1453.33	1457.13	183774	47969866	12
2013.05.10	1457.32	1462.18	1419.74	1447.39	266105	72963994	22
2013.05.13	1445.98	1446.74	1425.87	1430.81	186957	50286416	17
2013.05.14	1430.66	1445.47	1421.23	1425.56	229154	62800776	9
2013.05.15	1425.51	1430.80	1388.37	1392.86	281001	77583970	10
2013.05.16	1395.60	1398.31	1369.62	1386.09	298414	78947209	15
2013.05.17	1384.84	1393.06	1355.26	1358.89	300378	79551082	15
2013.05.20	1364.59	1399.54	1337.95	1393.41	359215	91942078	19
2013.05.21	1393.33	1401.66	1359.70	1376.38	300552	81130522	17
2013.05.22	1376.41	1414.31	1354.44	1369.50	364182	91879072	19
2013.05.23	1369.42	1398.07	1356.61	1390.80	323679	82668287	22
2013.05.24	1391.37	1398.45	1382.36	1385.79	192075	52958030	16
2013.05.27	1387.90	1396.83	1384.33	1394.40	70881	17727100	14
2013.05.28	1393.86	1399.48	1373.69	1380.98	201753	53580853	18
2013.05.29	1381.97	1395.35	1380.09	1393.51	183294	46324634	10
2013.05.30	1393.21	1418.05	1388.78	1413.95	208596	51150906	17
2013.05.31	1412.93	1421.90	1384.72	1387.64	204066	54836180	17
2013.06.03	1389.50	1417.04	1388.97	1411.29	198957	50498476	17
2013.06.04	1410.80	1415.07	1389.07	1399.40	186024	53790671	13
2013.06.05	1399.20	1410.52	1395.81	1403.74	214874	55064470	15
2013.06.06	1402.06	1423.89	1391.78	1413.53	236314	60605650	18
2013.06.07	1413.11	1417.97	1377.78	1381.96	252501	64735537	12
2013.06.10	1379.18	1388.95	1375.79	1386.28	195907	50885250	12
2013.06.11	1386.30	1387.53	1365.29	1377.88	223123	56368490	14
2013.06.12	1378.26	1394.63	1373.12	1388.46	167941	44733950	18
2013.06.13	1388.08	1394.88	1374.46	1385.12	214407	61344100	9
2013.06.14	1386.32	1392.34	1378.43	1390.25	176340	45058002	11
2013.06.17	1389.19	1391.93	1380.47	1385.09	122530	34191500	14
2013.06.18	1384.87	1386.06	1361.13	1367.92	167719	45924485	6
2013.06.19	1368.24	1376.66	1349.01	1351.03	176042	44018900	17
2013.06.20	1350.93	1351.15	1276.13	1284.42	464971	116635003	12
2013.06.21	1281.77	1302.47	1269.43	1295.57	316104	76312061	7
2013.06.24	1298.87	1301.51	1276.05	1282.52	278098	71333776	13
2013.06.25	1282.54	1289.56	1271.72	1277.47	234815	63890509	19
2013.06.26	1277.08	1277.97	1221.58	1226.89	409813	110612366	15
2013.06.27	1224.69	1244.63	1196.48	1200.29	332479	92643187	23
2013.06.28	1202.43	1235.14	1180.17	1234.86	384719	103104400	25
2013.07.01	1235.51	1261.74	1225.05	1252.20	267695	72336555	22
2013.07.02	1254.16	1267.47	1239.55	1243.18	205129	58318778	21
2013.07.03	1244.34	1260.02	1236.82	1252.93	201581	56246590	19
2013.07.04	1251.81	1257.88	1244.79	1249.45	111143	32493450	24
2013.07.05	1249.75	1250.54	1208.14	1222.92	246470	68797082	26
2013.07.08	1223.59	1238.76	1215.65	1236.73	196308	53389463	24
2013.07.09	1236.78	1260.57	1233.58	1251.14	222144	60284592	21
2013.07.10	1251.21	1265.88	1243.97	1257.61	220319	57339692	21
2013.07.11	1265.34	1298.83	1265.12	1285.80	274363	74077336	23
2013.07.12	1286.44	1288.57	1267.84	1285.31	159915	43726326	24
2013.07.15	1288.52	1294.77	1273.92	1284.53	149170	40722534	25
2013.07.16	1283.20	1295.62	1277.17	1291.93	179612	48277844	17
2013.07.17	1292.27	1300.55	1270.27	1275.24	246382	66284508	24
2013.07.18	1275.94	1288.70	1274.10	1284.11	173641	49440000	16
2013.07.19	1284.39	1297.89	1282.37	1295.75	150950	40277800	16
2013.07.22	1296.70	1339.58	1296.42	1335.54	196173	55284530	24
2013.07.23	1335.30	1346.68	1326.53	1342.55	160980	43925230	20
2013.07.24	1345.58	1346.60	1313.19	1322.07	167793	43650102	0
2013.07.25	1321.71	1337.72	1308.90	1333.97	182019	50163062	25
2013.07.26	1333.87	1340.72	1312.40	1333.06	180726	50293782	19
2013.07.29	1333.38	1338.29	1322.88	1328.09	157575	42237605	16
2013.07.30	1327.33	1330.13	1317.25	1326.16	131899	37588178	17
2013.07.31	1326.47	1339.07	1305.61	1325.06	243108	66070786	25
2013.08.01	1324.21	1331.09	1307.67	1310.73	188985	52505800	24
2013.08.02	1306.18	1318.46	1283.10	1312.43	203919	55751317	25
2013.08.05	1312.02	1320.72	1297.52	1302.85	131839	38247200	19
2013.08.06	1303.55	1306.98	1279.33	1283.08	167142	46958890	24
2013.08.07	1282.12	1289.43	1272.80	1287.24	158382	44307030	25
2013.08.08	1286.71	1314.32	1282.93	1312.92	173845	48277950	25
2013.08.09	1312.54	1317.25	1304.84	1314.24	145968	41870200	22
2013.08.12	1317.59	1344.10	1316.41	1337.07	177886	49321788	18
2013.08.13	1337.85	1341.34	1318.79	1321.41	188514	54919500	25
2013.08.14	1321.35	1336.08	1315.89	1335.53	176056	49155690	25
2013.08.15	1335.83	1370.10	1318.90	1365.61	277666	74797342	25
2013.08.16	1365.78	1379.57	1357.74	1376.56	257507	68834472	22
2013.08.19	1378.68	1384.40	1362.34	1365.90	205007	59102080	23
2013.08.20	1365.69	1377.61	1352.35	1371.13	205744	56949921	21
2013.08.21	1369.10	1379.17	1359.84	1366.56	234762	62186130	24
2013.08.22	1366.98	1381.74	1355.10	1375.72	212015	55539242	24
2013.08.23	1376.98	1400.01	1368.66	1397.68	201757	51946390	19
2013.08.26	1398.85	1406.97	1389.45	1404.39	172225	47985640	11
2013.08.27	1404.39	1423.76	1395.79	1414.40	215977	57931545	20
2013.08.28	1417.50	1433.73	1413.37	1417.73	241082	65635515	25
2013.08.29	1417.71	1418.33	1402.47	1407.53	233359	61647495	23
2013.08.30	1406.19	1411.20	1392.18	1394.81	185698	51057620	24
2013.09.02	1391.41	1398.30	1373.80	1391.84	129325	34424136	16
2013.09.03	1390.94	1416.35	1384.50	1412.69	191613	50967080	21
2013.09.04	1411.85	1414.98	1384.71	1391.28	185437	52260200	24
2013.09.05	1392.61	1399.88	1364.74	1367.94	183418	49521260	0
2013.09.06	1366.25	1393.33	1359.91	1391.13	180053	49437350	0
2013.09.09	1389.90	1391.95	1382.07	1386.84	108928	28904600	0
2013.09.10	1386.78	1391.11	1357.78	1363.67	144399	39514000	21
2013.09.11	1364.58	1368.58	1356.68	1365.09	129079	34163500	23
2013.09.12	1365.52	1365.81	1320.59	1322.01	200585	54018558	21
2013.09.13	1323.63	1330.88	1304.91	1326.15	214768	55421280	16
2013.09.16	1329.26	1334.71	1303.86	1310.68	202495	53686980	20
2013.09.17	1311.25	1323.95	1306.19	1310.41	166844	46386550	19
2013.09.18	1310.33	1367.38	1291.79	1364.02	268937	70390263	15
2013.09.19	1365.21	1375.08	1358.64	1366.09	210450	54053432	23
2013.09.20	1365.68	1368.21	1324.67	1325.65	202740	52153650	16
2013.09.23	1325.71	1331.87	1313.36	1322.32	209825	56946327	18
2013.09.24	1322.91	1329.32	1305.80	1323.04	215358	59928972	17
2013.09.25	1322.68	1338.09	1316.66	1334.03	196197	51053800	19
2013.09.26	1332.89	1339.23	1318.82	1323.79	183902	50692176	15
2013.09.27	1323.93	1344.09	1319.72	1336.46	296527	69378212	11
2013.09.30	1347.77	1347.77	1322.60	1328.65	148122	42241350	17
2013.10.01	1327.47	1337.67	1282.30	1288.68	225411	59068000	14
2013.10.02	1289.15	1323.88	1277.81	1316.07	234825	60357282	18
2013.10.03	1316.76	1322.03	1301.97	1316.72	230403	62937670	16
2013.10.04	1316.65	1324.39	1305.75	1310.51	169465	45238637	20
2013.10.07	1313.89	1328.97	1308.56	1322.60	193364	52057850	15
2013.10.08	1323.04	1330.09	1315.52	1319.18	233068	64284916	13
2013.10.09	1318.36	1321.45	1294.76	1304.64	281427	77014360	17
2013.10.10	1306.20	1311.78	1282.49	1286.74	252216	69927315	14
2013.10.11	1285.59	1294.58	1262.13	1272.08	309224	84814992	16
2013.10.14	1273.80	1289.30	1268.71	1271.90	101248	51387644	7
2013.10.15	1272.45	1288.11	1251.67	1282.95	114622	52744686	0
2013.10.16	1282.15	1288.30	1269.30	1282.52	109251	55408814	10
2013.10.17	1282.21	1324.41	1274.54	1320.20	116379	59275130	8
2013.10.18	1319.57	1327.19	1311.76	1316.08	79989	39468142	8
2013.10.21	1315.07	1324.15	1313.24	1315.92	63105	30232320	16
2013.10.22	1314.88	1344.73	1310.19	1340.09	63115	34746436	10
2013.10.23	1339.89	1342.27	1329.27	1333.40	70451	36985690	7
2013.10.24	1330.99	1352.07	1330.36	1346.60	71623	37580363	10
2013.10.25	1347.87	1355.80	1336.66	1350.44	67910	36781533	3
2013.10.28	1352.65	1361.77	1346.43	1352.85	61623	31994582	13
2013.10.29	1352.04	1360.61	1340.29	1344.85	71743	37604354	8
2013.10.30	1344.09	1359.59	1334.81	1344.35	77548	38850049	8
2013.10.31	1341.25	1342.03	1319.15	1322.87	78977	42324469	6
2013.11.01	1323.33	1327.45	1306.15	1315.85	75449	40358259	16
2013.11.04	1314.57	1322.54	1311.19	1314.30	55519	28511466	2
2013.11.05	1314.11	1320.14	1305.95	1311.15	65231	33316605	16
2013.11.06	1312.02	1322.05	1309.19	1317.69	58506	33290043	17
2013.11.07	1317.41	1326.34	1296.77	1307.41	73015	37027678	13
2013.11.08	1308.05	1313.74	1281.07	1287.80	70658	38324971	14
2013.11.11	1288.43	1288.63	1279.09	1283.71	55663	34491906	29
2013.11.12	1282.21	1285.27	1261.33	1268.87	74718	42176785	32
2013.11.13	1266.12	1279.66	1265.80	1273.35	70325	35900519	34
2013.11.14	1283.86	1294.25	1278.12	1287.65	79407	45983889	32
2013.11.15	1287.56	1291.13	1280.37	1287.97	62234	32721796	2
2013.11.18	1288.78	1289.54	1269.98	1273.64	61528	31681938	32
2013.11.19	1274.96	1278.79	1269.15	1274.11	68876	38683942	28
2013.11.20	1274.79	1276.35	1241.05	1244.35	82387	46489282	34
2013.11.21	1243.85	1250.37	1236.71	1243.18	77287	46474610	25
2013.11.22	1243.78	1248.90	1241.08	1243.15	56544	35611661	24
2013.11.25	1237.81	1253.83	1226.77	1248.74	71394	42995320	0
2013.11.26	1250.82	1257.87	1239.60	1242.89	58114	31099084	26
2013.11.27	1242.91	1254.63	1236.28	1237.99	57746	30497933	11
2013.11.28	1238.15	1245.65	1234.72	1244.33	32794	20061275	20
2013.11.29	1244.65	1254.75	1240.74	1252.92	45457	28696919	25
2013.12.02	1249.50	1249.75	1217.77	1219.77	72753	45779896	37
2013.12.03	1221.03	1226.12	1215.19	1223.12	63882	35365984	32
2013.12.04	1223.50	1251.49	1211.71	1243.48	80149	47118644	33
2013.12.05	1242.42	1242.69	1217.04	1224.81	84767	44062415	33
2013.12.06	1225.22	1244.53	1212.70	1228.61	75545	41083963	33
2013.12.09	1231.01	1243.03	1225.24	1240.34	64453	34661227	33
2013.12.10	1239.55	1267.76	1237.85	1260.87	74341	43727041	34
2013.12.11	1261.59	1263.28	1251.08	1251.08	76643	46096076	32
2013.12.12	1253.61	1256.92	1223.89	1225.35	78399	43267559	36
2013.12.13	1225.85	1238.65	1220.54	1238.41	74626	43454182	34
2013.12.16	1237.69	1251.86	1227.75	1241.16	76261	41194915	26
2013.12.17	1240.02	1248.00	1227.41	1230.89	73800	43442878	29
2013.12.18	1230.25	1244.45	1216.06	1217.81	80200	45342935	30
2013.12.19	1217.33	1226.46	1187.14	1189.70	93007	54124205	30
2013.12.20	1189.77	1207.43	1188.76	1202.93	73918	42086479	29
2013.12.23	1203.57	1206.12	1192.65	1198.56	51198	28036680	27
2013.12.24	1197.99	1203.02	1196.10	1202.91	29499	18668477	31
2013.12.26	1204.44	1215.78	1204.13	1210.39	26179	18890022	28
2013.12.27	1211.31	1219.02	1208.94	1213.13	52244	31954309	28
2013.12.30	1215.12	1216.11	1195.12	1196.29	63728	33186289	33
2013.12.31	1197.61	1214.54	1182.42	1206.79	50267	34513822	30
2014.01.02	1225.12	1230.78	1213.57	1224.56	56084	33009471	35
2014.01.03	1223.18	1240.14	1223.06	1236.05	69468	42763648	28
2014.01.06	1237.32	1248.33	1214.21	1237.71	75944	40620959	29
2014.01.07	1237.74	1245.25	1224.90	1231.71	72697	41047076	27
2014.01.08	1231.36	1232.34	1218.43	1225.28	70972	34911233	26
2014.01.09	1225.89	1231.32	1223.49	1227.65	57225	21628933	34
2014.01.10	1227.98	1248.84	1227.16	1247.78	62281	26303152	33
2014.01.13	1250.10	1254.99	1243.57	1252.93	57297	21915282	31
2014.01.14	1252.61	1255.19	1241.64	1245.06	56805	22772316	32
2014.01.15	1244.88	1244.89	1234.21	1241.60	60147	24804056	32
2014.01.16	1241.63	1245.30	1236.31	1242.10	55870	26186720	35
2014.01.17	1242.91	1254.87	1237.72	1253.75	55856	30766165	34
2014.01.20	1257.35	1259.81	1250.15	1250.81	32501	15392188	29
2014.01.21	1255.06	1255.68	1235.58	1241.05	56561	26883785	29
2014.01.22	1242.06	1243.54	1235.89	1236.50	48609	21983270	31
2014.01.23	1236.49	1265.43	1231.48	1264.43	70176	38598484	29
2014.01.24	1263.84	1272.48	1256.85	1269.22	70477	37252077	27
2014.01.27	1270.50	1278.93	1251.92	1256.64	72596	31948006	32
2014.01.28	1255.23	1261.88	1248.83	1256.28	54266	29501313	22
2014.01.29	1249.56	1270.10	1248.91	1267.59	62342	30130187	25
2014.01.30	1266.80	1267.67	1238.00	1243.44	66659	48335199	0
2014.01.31	1243.84	1254.86	1238.45	1243.85	61265	33435502	30
2014.02.03	1243.65	1266.23	1240.76	1257.41	59308	31426775	28
2014.02.04	1257.39	1260.91	1247.21	1254.66	59226	37308963	19
2014.02.05	1254.47	1274.27	1252.37	1258.01	59242	40538598	13
2014.02.06	1258.40	1266.75	1252.75	1257.66	54893	41724596	32
2014.02.07	1257.03	1271.83	1256.16	1267.35	60100	40292871	12
2014.02.10	1269.36	1277.83	1265.10	1274.59	52263	31514379	31
2014.02.11	1274.35	1293.78	1273.68	1291.52	67858	42085694	0
2014.02.12	1290.74	1296.25	1283.93	1290.83	64046	35379815	32
2014.02.13	1290.91	1302.83	1286.18	1302.72	64628	34481733	28
2014.02.14	1301.44	1321.10	1299.77	1318.14	73839	50174040	33
2014.02.17	1320.16	1329.71	1319.06	1328.33	49578	28804979	29
2014.02.18	1330.02	1331.99	1312.61	1321.43	73479	42223169	26
2014.02.19	1322.51	1322.82	1308.86	1311.47	67577	41185372	30
2014.02.20	1311.81	1324.93	1307.28	1322.56	67835	31549263	26
2014.02.21	1322.74	1328.43	1316.03	1324.09	57957	27665590	22
2014.02.24	1324.66	1338.87	1318.76	1336.73	63215	29093114	22
2014.02.25	1335.21	1343.57	1331.21	1340.41	59966	28567811	25
2014.02.26	1340.46	1345.32	1322.38	1330.90	66732	40978631	27
2014.02.27	1330.65	1336.13	1323.80	1330.96	65985	30858667	21
2014.02.28	1331.07	1333.24	1319.77	1326.21	69871	34481908	27
2014.03.03	1335.44	1354.66	1330.65	1350.44	75595	36207430	27
2014.03.04	1350.08	1352.48	1331.18	1334.71	74057	36662648	28
2014.03.05	1335.09	1341.74	1332.59	1336.84	62470	31664075	29
2014.03.06	1336.74	1353.52	1331.11	1351.02	59534	22153050	24
2014.03.07	1349.96	1352.88	1327.97	1340.17	70377	37382228	25
2014.03.10	1338.85	1344.53	1328.07	1339.22	63089	28765829	29
2014.03.11	1340.04	1352.50	1337.56	1348.43	59016	22778741	21
2014.03.12	1348.61	1370.76	1345.38	1363.65	74332	25948821	25
2014.03.13	1366.54	1374.95	1364.44	1366.30	77119	31538156	24
2014.03.14	1371.00	1387.90	1367.80	1382.27	70716	37797778	25
2014.03.17	1388.30	1388.91	1361.88	1366.68	70795	45902999	28
2014.03.18	1366.12	1367.49	1350.66	1355.44	70973	41811395	0
2014.03.19	1356.38	1359.61	1327.68	1327.90	78253	37808904	23
2014.03.20	1327.77	1334.56	1320.48	1327.56	73825	30691251	0
2014.03.21	1330.63	1342.32	1329.11	1333.55	56856	29576968	27
2014.03.24	1330.15	1334.19	1307.84	1308.58	61443	0	0
2014.03.25	1309.38	1317.26	1305.67	1310.86	64500	0	0
2014.03.26	1310.22	1316.29	1298.59	1304.27	61815	0	0
2014.03.27	1304.10	1306.73	1288.99	1291.13	61099	0	0
2014.03.28	1291.75	1298.62	1285.68	1294.83	57031	0	0
2014.03.31	1293.58	1298.47	1282.38	1283.82	60645	28171362	0
2014.04.01	1284.67	1287.91	1277.63	1279.17	60498	30282602	27
2014.04.02	1279.48	1294.43	1279.48	1289.77	56373	31162699	25
2014.04.03	1290.52	1293.82	1281.54	1286.49	55898	28765910	29
2014.04.04	1286.64	1306.68	1284.12	1303.90	57004	28386965	29
2014.04.07	1302.75	1304.09	1295.55	1297.16	44423	18615112	23
2014.04.08	1297.17	1314.28	1296.86	1308.41	54772	27644278	28
2014.04.09	1308.72	1314.98	1300.79	1311.47	64491	38948692	28
2014.04.10	1312.35	1324.42	1310.70	1318.89	67550	29305528	28
2014.04.11	1318.25	1323.79	1314.12	1318.16	60075	32078071	28
2014.04.14	1322.41	1331.04	1318.67	1327.06	58274	26431040	27
2014.04.15	1327.00	1328.18	1284.61	1302.33	78538	42953334	29
2014.04.16	1302.54	1307.00	1293.49	1302.54	65808	33322174	25
2014.04.17	1302.01	1304.06	1293.08	1294.74	57204	35662391	26
2014.04.21	1294.38	1301.69	1281.82	1289.80	55797	30029342	21
2014.04.22	1290.09	1292.78	1277.42	1283.96	57735	29655282	30
2014.04.23	1283.86	1288.90	1280.79	1283.52	56574	28944930	28
2014.04.24	1283.86	1298.58	1268.41	1292.98	75110	39130714	26
2014.04.25	1293.91	1305.00	1290.31	1302.55	61518	27962152	30
2014.04.28	1304.11	1306.40	1291.90	1296.49	59788	26768047	29
2014.04.29	1296.13	1301.29	1286.20	1295.76	55704	34618843	22
2014.04.30	1295.37	1298.07	1284.88	1291.08	65230	34412339	27
2014.05.01	1291.30	1292.80	1277.21	1283.97	52867	26431924	25
2014.05.02	1284.64	1304.54	1273.21	1300.05	64729	28159207	18
2014.05.05	1301.12	1315.55	1299.36	1310.06	59529	24852979	29
2014.05.06	1309.49	1313.95	1304.28	1308.07	58709	27423188	32
2014.05.07	1308.03	1314.38	1286.50	1289.97	68032	22755202	29
2014.05.08	1290.10	1295.27	1284.91	1289.05	66108	25058370	27
2014.05.09	1290.39	1294.28	1285.41	1288.62	57325	20217477	30
2014.05.12	1288.65	1303.84	1277.58	1295.80	66233	25221074	26
2014.05.13	1295.47	1298.68	1288.96	1293.32	64877	22586885	28
2014.05.14	1294.23	1308.92	1291.50	1305.90	61965	20494358	31
2014.05.15	1305.01	1307.03	1290.80	1295.93	66219	22211310	29
2014.05.16	1295.79	1298.20	1287.68	1293.28	53307	20383494	3
2014.05.19	1290.95	1305.34	1290.49	1292.90	57997	20656367	30
2014.05.20	1292.61	1296.79	1285.83	1294.02	65831	20566416	29
2014.05.21	1294.04	1296.23	1283.26	1291.83	62017	23652463	29
2014.05.22	1292.19	1303.60	1289.97	1293.58	59324	23070074	26
2014.05.23	1293.51	1295.40	1286.58	1292.13	53585	17408372	29
2014.05.26	1291.90	1294.07	1290.76	1291.34	26074	11069734	29
2014.05.27	1292.23	1293.32	1264.28	1264.77	65129	26690176	28
2014.05.28	1264.57	1267.10	1255.86	1258.23	61410	24701698	25
2014.05.29	1259.35	1260.40	1251.43	1255.59	61927	20007025	29
2014.05.30	1255.73	1260.31	1242.15	1249.23	59344	24568186	28
2014.06.02	1249.56	1250.70	1240.93	1243.83	52985	29555347	24
2014.06.03	1243.86	1247.59	1240.56	1244.75	53962	16722262	28
2014.06.04	1244.88	1248.94	1242.77	1243.53	51074	20991061	31
2014.06.05	1244.23	1257.53	1240.99	1253.66	60050	23630298	30
2014.06.06	1253.41	1257.68	1245.80	1253.04	56409	19632908	27
2014.06.09	1251.96	1256.92	1251.46	1252.43	42339	14393956	21
2014.06.10	1252.22	1263.41	1250.31	1260.00	47982	13623435	27
2014.06.11	1259.39	1265.20	1258.51	1260.99	46230	19160087	31
2014.06.12	1261.03	1274.76	1259.80	1272.63	59044	25316062	29
2014.06.13	1273.32	1277.81	1270.68	1276.63	57820	24505154	21
2014.06.16	1277.84	1284.82	1270.58	1272.07	58072	21911351	26
2014.06.17	1271.19	1273.20	1258.54	1270.46	55424	21959333	30
2014.06.18	1271.20	1278.35	1266.23	1277.46	55701	21207628	29
2014.06.19	1278.29	1321.51	1275.87	1319.67	74218	44099978	19
2014.06.20	1321.47	1321.88	1306.37	1314.90	69958	34837718	24
2014.06.23	1314.38	1318.49	1309.87	1317.37	55402	23627208	28
2014.06.24	1317.70	1325.88	1313.77	1317.81	56548	27398349	28
2014.06.25	1318.13	1324.77	1310.49	1319.08	56494	20201610	30
2014.06.26	1318.45	1319.68	1306.17	1316.76	53087	16539091	30
2014.06.27	1316.37	1322.19	1312.61	1315.88	52011	15751173	26
2014.06.30	1315.92	1329.34	1310.28	1327.17	54785	15992965	24
2014.07.01	1326.64	1332.26	1323.69	1325.71	55968	15236304	24
2014.07.02	1326.08	1331.93	1321.23	1326.41	50337	15643478	29
2014.07.03	1327.12	1327.37	1309.25	1319.61	53727	16815312	25
2014.07.04	1319.93	1323.18	1318.54	1319.60	31876	11615171	16
2014.07.07	1319.70	1319.84	1311.41	1319.57	54212	17598239	14
2014.07.08	1319.65	1324.75	1313.40	1319.26	48534	16670822	25
2014.07.09	1319.25	1332.10	1317.73	1327.75	50754	23118477	29
2014.07.10	1327.58	1345.05	1326.32	1335.04	54372	35329964	39
2014.07.11	1335.54	1339.04	1333.57	1337.83	39497	20590261	0
2014.07.14	1338.97	1338.97	1302.39	1306.79	59526	30685092	35
2014.07.15	1307.24	1313.59	1291.97	1294.51	59116	36989409	41
2014.07.16	1294.92	1303.58	1293.83	1298.44	49165	29481442	39
2014.07.17	1298.78	1323.83	1297.53	1318.93	65549	37141045	39
2014.07.18	1319.17	1324.53	1304.41	1310.34	53316	27467748	40
2014.07.21	1309.86	1318.23	1307.31	1312.18	39390	23941903	41
2014.07.22	1312.04	1315.69	1301.86	1307.14	47564	25582683	40
2014.07.23	1307.32	1311.21	1302.98	1304.72	39782	21068643	40
2014.07.24	1304.26	1305.01	1287.51	1293.44	54442	28320598	37
2014.07.25	1293.91	1308.42	1290.77	1307.03	41474	30628531	37
2014.07.28	1305.59	1309.06	1301.21	1303.91	49003	25793251	35
2014.07.29	1303.97	1312.04	1296.02	1298.67	46206	20020670	31
2014.07.30	1299.27	1303.48	1291.65	1295.90	48943	23275609	23
2014.07.31	1296.16	1297.15	1280.48	1282.96	47183	18036449	27
2014.08.01	1283.12	1296.99	1279.37	1292.90	52921	28509916	34
2014.08.04	1293.13	1295.29	1285.97	1288.03	35298	15569069	35
2014.08.05	1288.15	1293.83	1282.38	1288.49	45772	23502929	39
2014.08.06	1288.22	1309.40	1287.31	1305.72	67174	41309337	4
2014.08.07	1305.98	1314.67	1301.79	1312.00	66727	30651966	44
2014.08.08	1312.32	1322.53	1305.61	1310.35	80896	41594688	45
2014.08.11	1309.02	1311.30	1305.01	1307.97	52257	28414403	41
2014.08.12	1307.92	1317.67	1305.56	1309.19	55379	27331933	46
2014.08.13	1308.23	1314.84	1304.71	1312.05	59739	33312035	49
2014.08.14	1312.23	1319.19	1308.59	1313.12	63212	36190752	49
2014.08.15	1311.91	1314.98	1292.41	1304.40	73646	34714695	45
2014.08.18	1301.74	1303.47	1295.39	1298.37	49779	22472618	46
2014.08.19	1298.43	1302.15	1293.68	1295.41	43801	16115543	45
2014.08.20	1295.44	1297.74	1287.63	1291.44	52697	26837844	50
2014.08.21	1290.75	1290.95	1272.61	1276.41	53644	22910927	0
2014.08.22	1276.88	1282.75	1274.06	1279.80	45645	21765835	44
2014.08.25	1278.17	1280.73	1273.52	1276.63	39531	21913481	47
2014.08.26	1276.05	1290.76	1275.26	1281.40	60499	24883429	45
2014.08.27	1280.84	1287.22	1279.97	1282.31	44394	18077720	48
2014.08.28	1282.36	1296.30	1281.97	1288.86	65129	34212025	49
2014.08.29	1289.72	1291.17	1283.24	1286.66	42890	18552608	46
2014.09.01	1287.47	1289.71	1284.32	1285.77	16622	6444562	40
2014.09.02	1286.34	1287.35	1262.34	1265.19	64550	29984370	47
2014.09.03	1265.88	1271.46	1261.08	1269.07	58213	34505984	34
2014.09.04	1269.40	1277.17	1260.40	1260.94	69108	31520621	37
2014.09.05	1261.39	1273.56	1257.12	1268.65	60246	28355038	45
2014.09.08	1269.21	1271.63	1251.29	1254.87	64119	27362546	47
2014.09.09	1256.82	1257.98	1247.38	1255.12	72752	30973525	43
2014.09.10	1254.52	1257.58	1243.62	1249.41	71148	37796646	43
2014.09.11	1249.09	1249.98	1234.80	1240.49	73403	39296660	47
2014.09.12	1240.23	1241.45	1225.70	1229.12	69860	32190572	41
2014.09.15	1228.94	1238.34	1225.43	1232.98	54992	23723300	43
2014.09.16	1232.49	1241.89	1231.60	1235.24	63541	24959863	41
2014.09.17	1234.07	1239.05	1221.26	1222.37	60890	24438473	41
2014.09.18	1221.77	1227.78	1215.58	1224.52	73403	28250987	42
2014.09.19	1225.50	1228.44	1213.64	1215.33	79517	32466510	36
2014.09.22	1215.83	1220.28	1207.82	1214.45	68817	28917613	45
2014.09.23	1214.86	1234.99	1213.42	1223.72	74248	30640120	34
2014.09.24	1222.42	1225.92	1215.52	1216.59	59344	21362244	45
2014.09.25	1216.67	1224.31	1206.77	1221.50	69866	28953358	44
2014.09.26	1220.80	1231.14	1212.13	1217.49	58411	24303825	42
2014.09.29	1217.89	1223.12	1214.75	1215.78	58959	26872186	41
2014.09.30	1214.89	1219.96	1204.31	1207.83	70749	27404424	41
2014.10.01	1208.21	1219.17	1204.46	1213.46	66509	29825380	44
2014.10.02	1213.09	1222.28	1208.48	1213.91	71184	30382705	43
2014.10.03	1213.53	1215.08	1189.82	1191.77	58486	22876226	40
2014.10.06	1187.27	1208.93	1182.77	1206.72	63091	24094033	46
2014.10.07	1206.28	1213.31	1202.81	1208.60	58484	24776731	38
2014.10.08	1209.04	1223.91	1204.79	1221.10	71493	30595178	37
2014.10.09	1219.81	1233.19	1218.62	1224.28	69176	32862575	42
2014.10.10	1223.82	1225.32	1217.20	1222.75	56374	26205067	39
2014.10.13	1227.15	1237.58	1224.90	1235.46	62288	27019582	42
2014.10.14	1235.97	1238.13	1230.81	1231.74	68773	32778172	36
2014.10.15	1232.34	1249.51	1221.70	1241.85	107837	45517990	39
2014.10.16	1239.82	1245.07	1235.28	1238.27	97876	35750143	36
2014.10.17	1238.10	1241.57	1231.53	1238.31	59385	22258860	0
2014.10.20	1237.21	1248.61	1234.54	1246.81	46916	20476738	39
2014.10.21	1246.72	1255.13	1245.22	1248.32	60820	25234004	39
2014.10.22	1248.82	1249.61	1239.73	1241.35	44683	17412231	37
2014.10.23	1241.50	1244.48	1226.14	1231.22	52644	21428738	41
2014.10.24	1232.01	1234.14	1228.54	1230.09	45530	19686277	20
2014.10.27	1228.38	1231.92	1224.42	1224.77	38134	13410131	0
2014.10.28	1226.17	1235.39	1222.38	1227.12	52668	21500247	40
2014.10.29	1228.17	1230.44	1208.20	1210.77	46141	18179262	33
2014.10.30	1210.76	1215.53	1195.78	1197.97	75379	31284861	42
2014.10.31	1200.10	1202.55	1161.42	1171.52	108601	50517355	21
2014.11.03	1167.31	1173.66	1161.49	1165.70	53361	23576410	40
2014.11.04	1165.19	1174.51	1163.75	1168.31	55361	22879135	36
2014.11.05	1168.75	1169.53	1137.58	1141.25	93902	46440040	45
2014.11.06	1142.05	1149.47	1137.96	1141.32	73976	30590302	42
2014.11.07	1140.60	1178.58	1131.44	1176.24	103963	54665970	45
2014.11.10	1174.45	1177.14	1147.18	1151.32	70330	28492662	10
2014.11.11	1151.19	1173.10	1145.95	1164.10	82043	43397846	25
2014.11.12	1164.04	1170.00	1157.15	1162.31	71623	32820120	24
2014.11.13	1161.68	1167.96	1153.79	1162.02	72072	26850518	34
2014.11.14	1162.36	1193.45	1146.72	1188.33	91906	43887911	44
2014.11.17	1184.70	1194.06	1181.22	1186.13	88995	43985801	42
2014.11.18	1186.59	1204.52	1183.23	1197.11	69725	31717569	41
2014.11.19	1195.79	1202.08	1174.94	1182.78	103255	51415609	45
2014.11.20	1182.28	1196.96	1176.65	1193.41	92150	42100394	28
2014.11.21	1192.95	1207.63	1186.71	1201.13	85954	46467343	46
2014.11.24	1201.54	1204.08	1192.62	1196.81	56866	26784989	40
2014.11.25	1198.00	1202.82	1190.22	1200.72	70479	36706758	40
2014.11.26	1201.40	1201.53	1192.82	1197.56	45665	21794805	42
2014.11.27	1197.05	1199.47	1185.49	1190.62	49330	23684549	40
2014.11.28	1188.92	1190.64	1165.06	1165.88	68177	29132746	43
2014.12.01	1158.49	1220.80	1141.74	1210.80	138509	78024756	34
2014.12.02	1211.04	1212.51	1191.85	1198.50	104111	50774050	50
2014.12.03	1197.07	1214.96	1194.22	1209.47	66233	39484490	36
2014.12.04	1208.55	1213.28	1201.17	1205.45	64223	25134702	38
2014.12.05	1204.78	1207.37	1186.15	1191.87	63803	24518863	43
2014.12.08	1187.34	1208.71	1186.96	1203.22	53036	25736459	35
2014.12.09	1203.03	1238.09	1199.26	1230.62	92301	41532013	35
2014.12.10	1235.60	1238.25	1224.62	1226.72	145586	60490140	18
2014.12.11	1226.11	1232.72	1215.88	1227.57	173327	73557450	13
2014.12.12	1227.21	1228.08	1214.29	1222.36	155771	69943500	14
2014.12.15	1221.51	1224.03	1190.46	1192.14	90298	46321889	34
2014.12.16	1193.08	1223.34	1187.34	1196.30	116306	60534307	37
2014.12.17	1195.53	1202.81	1183.40	1188.83	92997	41422850	35
2014.12.18	1188.80	1213.69	1188.66	1197.92	72089	33632255	34
2014.12.19	1197.88	1201.15	1193.39	1195.19	61040	29063060	39
2014.12.22	1194.02	1203.21	1170.48	1175.50	58005	28094650	38
2014.12.23	1176.58	1184.77	1172.47	1175.75	76141	29400300	30
2014.12.24	1176.54	1180.95	1172.71	1174.38	32710	11802400	33
2014.12.26	1186.39	1198.92	1185.31	1195.13	19984	9332456	31
2014.12.29	1196.12	1197.37	1178.82	1182.94	79360	33688100	26
2014.12.30	1182.69	1210.69	1180.63	1200.19	113497	50137590	25
2014.12.31	1199.84	1203.71	1182.63	1188.37	53006	21733000	26
2015.01.02	1186.94	1195.03	1167.33	1188.82	97717	45295200	26
2015.01.05	1187.73	1207.28	1178.00	1204.32	122133	50613483	26
2015.01.06	1202.87	1222.92	1201.52	1218.35	82011	35436894	35
2015.01.07	1217.66	1218.48	1208.85	1210.52	68404	28500364	41
2015.01.08	1210.97	1216.54	1204.42	1208.69	57032	28182020	38
2015.01.09	1207.50	1223.91	1206.16	1222.36	65797	27082586	38
2015.01.12	1223.90	1235.74	1217.40	1233.25	73360	27889264	38
2015.01.13	1231.85	1244.02	1227.14	1230.77	95428	40384474	37
2015.01.14	1231.54	1244.24	1224.89	1228.89	121171	74324358	37
2015.01.15	1229.28	1266.64	1225.87	1262.31	120658	57956569	41
2015.01.16	1262.97	1282.01	1254.87	1280.04	80934	43116020	38
2015.01.19	1278.61	1279.03	1271.89	1276.66	42909	8734700	31
2015.01.21	1294.74	1305.07	1284.48	1293.47	109869	63720616	42
2015.01.22	1291.97	1307.53	1279.29	1301.38	106626	62381206	36
2015.01.23	1300.63	1302.07	1284.29	1293.76	82625	48983229	44
2015.01.26	1294.62	1299.00	1275.71	1281.22	89401	51103015	30
2015.01.27	1280.55	1297.42	1272.07	1292.25	95348	58193572	31
2015.01.28	1292.29	1293.80	1279.57	1284.72	80657	42515744	31
2015.01.29	1284.66	1285.75	1251.88	1257.30	95034	38834151	36
2015.01.30	1258.23	1284.63	1256.95	1283.56	74027	33677473	37
2015.02.02	1280.42	1283.27	1266.30	1274.98	77955	33964013	38
2015.02.03	1274.76	1285.55	1255.38	1259.87	105590	48328829	40
2015.02.04	1261.74	1272.33	1256.54	1269.31	87281	42872114	34
2015.02.05	1270.01	1273.82	1256.18	1264.52	90532	43869153	39
2015.02.06	1266.87	1268.62	1228.21	1233.12	95637	46846008	40
2015.02.09	1237.11	1243.65	1235.04	1239.27	55517	11253850	26
2015.02.10	1238.60	1245.82	1230.84	1233.22	65180	13256000	25
2015.02.11	1234.04	1238.59	1216.41	1217.18	63716	27094906	28
2015.02.12	1218.30	1232.82	1218.02	1222.17	73926	33130470	31
2015.02.13	1223.45	1234.82	1222.71	1228.99	68326	36792505	31
2015.02.16	1228.34	1236.59	1228.02	1230.79	35267	7109000	25
2015.02.17	1231.86	1233.84	1203.64	1209.18	72887	34459379	39
2015.02.18	1208.90	1213.30	1197.42	1211.83	68036	33760639	42
2015.02.19	1212.47	1222.81	1205.25	1206.77	72715	36237516	41
2015.02.20	1207.31	1215.29	1198.19	1201.66	69188	36178940	41
2015.02.23	1202.87	1210.22	1190.61	1201.03	55869	30910037	39
2015.02.24	1202.16	1204.42	1190.30	1199.81	71241	34458614	41
2015.02.25	1201.16	1211.77	1200.99	1204.51	65546	36905388	40
2015.02.26	1204.67	1219.84	1203.49	1209.12	76917	46257236	41
2015.02.27	1209.56	1219.17	1204.34	1212.78	65614	39762915	39
2015.03.02	1213.85	1223.18	1204.54	1206.79	71880	14675500	25
2015.03.03	1205.89	1214.76	1195.34	1203.40	75616	15447950	28
2015.03.04	1204.71	1209.01	1198.21	1200.13	63251	12941300	27
2015.03.05	1200.25	1209.35	1196.35	1198.47	60201	12340200	27
2015.03.06	1199.08	1200.66	1163.81	1167.13	88859	18146680	27
2015.03.09	1168.52	1175.29	1165.66	1166.60	45427	9194400	27
2015.03.10	1161.56	1170.45	1154.93	1161.63	66091	13385000	26
2015.03.11	1162.40	1165.19	1147.42	1154.43	67577	13675850	25
2015.03.12	1154.95	1166.58	1148.57	1153.52	76027	15376150	25
2015.03.13	1154.14	1161.83	1151.32	1158.18	60693	12334310	22
2015.03.16	1156.68	1163.97	1150.23	1154.52	62438	34455600	40
2015.03.17	1154.64	1159.74	1142.70	1149.24	71071	36401748	38
2015.03.18	1149.37	1175.50	1145.84	1167.43	90075	52433199	42
2015.03.19	1167.70	1177.71	1159.49	1170.81	93514	52822300	40
2015.03.20	1170.66	1187.88	1168.65	1182.22	82335	42738889	37
2015.03.23	1185.80	1191.47	1179.23	1189.32	72883	39697105	42
2015.03.24	1189.57	1194.91	1185.34	1193.10	64761	39236173	36
2015.03.25	1192.18	1199.57	1186.52	1195.17	50113	35867445	40
2015.03.26	1195.13	1219.57	1194.39	1204.54	73302	47744852	42
2015.03.27	1204.32	1206.05	1192.45	1198.09	61539	44445723	31
2015.03.30	1197.39	1198.30	1182.23	1185.61	60605	36856200	40
2015.03.31	1186.04	1190.62	1178.29	1183.57	68597	48449783	42
2015.04.01	1183.76	1208.51	1180.74	1204.14	71308	99167907	40
2015.04.02	1203.83	1207.21	1194.75	1202.07	64259	37567223	44
2015.04.03	1201.41	1201.45	1199.64	1199.64	187	187200	76
2015.04.06	1215.64	1224.13	1213.82	1214.39	64905	38793974	44
2015.04.07	1214.56	1215.66	1207.34	1208.91	55668	33407065	43
2015.04.08	1208.49	1212.21	1197.34	1202.03	67118	43338803	43
2015.04.09	1202.79	1203.18	1192.52	1194.15	54080	41006649	41
2015.04.10	1194.59	1210.59	1193.19	1207.24	59690	39116927	39
2015.04.13	1207.15	1209.41	1196.32	1198.39	70491	43029260	41
2015.04.14	1198.93	1201.34	1183.87	1192.30	90844	50876730	43
2015.04.15	1192.77	1204.48	1188.78	1202.35	81129	51004392	42
2015.04.16	1202.37	1209.08	1194.63	1198.23	93585	60451205	37
2015.04.17	1198.92	1207.60	1197.30	1204.27	82165	48284070	39
2015.04.20	1205.29	1209.02	1191.27	1195.69	76852	48586995	40
2015.04.21	1196.64	1204.15	1192.97	1202.05	58186	40933198	25
2015.04.22	1202.45	1204.71	1185.68	1186.88	73714	48104252	22
2015.04.23	1187.53	1197.91	1184.26	1193.80	77614	49978384	32
2015.04.24	1194.03	1195.88	1175.14	1179.24	71395	47271830	30
2015.04.27	1179.54	1207.12	1178.57	1201.79	86334	57477496	31
2015.04.28	1201.77	1214.96	1199.16	1212.06	82779	59635160	30
2015.04.29	1212.17	1213.99	1201.32	1204.92	78816	46749209	26
2015.04.30	1205.37	1207.22	1177.00	1183.97	97740	55357781	27
2015.05.01	1184.55	1185.13	1169.66	1178.40	67626	41505675	31
2015.05.04	1179.89	1192.76	1177.65	1188.28	63292	32633588	38
2015.05.05	1188.30	1199.86	1185.65	1192.83	60501	31020856	32
2015.05.06	1193.37	1197.55	1188.16	1192.01	65582	34316789	36
2015.05.07	1191.51	1192.72	1178.77	1184.22	63976	32957474	35
2015.05.08	1184.15	1193.46	1181.60	1188.38	80920	41046625	28
2015.05.11	1188.64	1191.67	1178.83	1183.66	60876	32556926	23
2015.05.12	1183.82	1196.98	1180.73	1193.65	70032	38593013	31
2015.05.13	1193.35	1218.80	1191.22	1215.69	85419	44649981	33
2015.05.14	1215.14	1227.08	1212.26	1220.86	83993	43926227	33
2015.05.15	1221.20	1226.09	1210.94	1223.78	77268	40926375	37
2015.05.18	1223.74	1232.22	1221.53	1225.35	68208	36502226	23
2015.05.19	1225.29	1225.39	1205.67	1207.63	75362	38587975	33
2015.05.20	1208.53	1213.30	1203.19	1209.74	65451	35024796	32
2015.05.21	1209.34	1212.67	1201.38	1206.03	69744	42828981	28
2015.05.22	1206.27	1214.82	1201.36	1206.26	66112	40694173	30
2015.05.25	1204.88	1209.15	1202.73	1206.55	24986	15743561	25
2015.05.26	1206.48	1207.45	1185.53	1187.18	69773	40505573	31
2015.05.27	1187.16	1190.86	1183.53	1187.98	60957	36441564	27
2015.05.28	1187.41	1192.14	1180.30	1188.13	69227	40197799	30
2015.05.29	1187.83	1193.95	1185.58	1190.42	68364	42840292	27
2015.06.01	1190.47	1204.20	1184.50	1189.15	67199	41917845	26
2015.06.02	1189.12	1196.25	1185.92	1192.77	68701	42250779	28
2015.06.03	1193.30	1195.48	1179.37	1184.81	70355	45212531	26
2015.06.04	1185.22	1186.17	1172.86	1176.43	72095	46878826	29
2015.06.05	1177.14	1178.53	1162.63	1171.52	63942	39015666	26
2015.06.08	1169.98	1177.57	1169.05	1173.78	73659	46165562	25
2015.06.09	1174.09	1182.87	1172.40	1176.79	62860	38612774	31
2015.06.10	1176.78	1192.23	1175.19	1185.85	71533	44296092	24
2015.06.11	1186.50	1187.89	1175.55	1182.04	58556	38197315	28
2015.06.12	1181.71	1183.91	1176.96	1181.47	51919	32234069	24
2015.06.15	1182.17	1190.37	1172.73	1186.11	63610	40688605	29
2015.06.16	1185.69	1187.84	1175.98	1182.04	54648	34155329	28
2015.06.17	1181.79	1189.05	1174.56	1184.82	57742	38058060	29
2015.06.18	1184.22	1205.68	1183.54	1201.95	78952	48734188	33
2015.06.19	1202.07	1204.11	1198.28	1200.19	59800	36141330	31
2015.06.22	1200.69	1200.88	1182.10	1185.78	57493	35372633	32
2015.06.23	1185.66	1188.02	1176.14	1178.42	54363	33209042	35
2015.06.24	1178.51	1180.22	1169.82	1175.07	50909	32422019	32
2015.06.25	1174.88	1178.05	1171.54	1172.74	52058	33528906	31
2015.06.26	1173.71	1178.57	1168.50	1175.18	64773	47058346	32
2015.06.29	1186.25	1187.90	1173.76	1179.32	99179	69078966	33
2015.06.30	1180.04	1180.47	1166.69	1171.83	94345	72837797	27
2015.07.01	1174.14	1175.00	1167.53	1168.48	56887	42080716	25
2015.07.02	1168.35	1169.51	1155.98	1165.63	59037	38058029	27
2015.07.03	1165.68	1170.18	1164.65	1168.58	38511	28273326	25
2015.07.06	1172.00	1174.67	1162.84	1170.05	74428	50280406	24
2015.07.07	1170.33	1170.33	1147.84	1156.74	82425	60948639	25
2015.07.08	1153.25	1164.64	1147.13	1157.40	95010	61352465	26
2015.07.09	1159.08	1167.69	1155.93	1159.73	75095	53280010	26
2015.07.10	1159.63	1165.33	1157.39	1163.59	61457	38404305	25
2015.07.13	1162.73	1164.13	1151.07	1157.78	60970	34529281	31
2015.07.14	1158.07	1159.75	1152.88	1155.35	51921	35120533	28
2015.07.15	1155.65	1156.71	1143.21	1149.34	55067	37763550	26
2015.07.16	1149.02	1149.39	1142.22	1145.23	67261	46880588	29
2015.07.17	1145.08	1145.68	1131.06	1134.23	68800	42950330	27
2015.07.20	1132.56	1133.10	1069.72	1096.70	106589	69704541	29
2015.07.21	1098.26	1109.82	1096.91	1100.92	76602	46713831	27
2015.07.22	1102.66	1103.33	1087.02	1094.01	80466	47356978	24
2015.07.23	1094.43	1105.72	1087.23	1090.63	82598	43336335	24
2015.07.24	1091.23	1101.48	1077.20	1099.08	105882	60422071	26
2015.07.27	1095.58	1104.93	1088.34	1094.13	91614	53931141	28
2015.07.28	1094.68	1098.94	1091.55	1095.23	68617	40737284	29
2015.07.29	1095.09	1101.89	1090.36	1096.78	83814	54666318	28
2015.07.30	1096.11	1098.57	1082.47	1088.53	79155	38890837	27
2015.07.31	1088.65	1103.46	1079.98	1095.48	87334	46218943	24
2015.08.03	1095.72	1097.68	1085.79	1086.66	78529	45055072	29
2015.08.04	1085.32	1094.78	1080.94	1087.61	85679	48701076	26
2015.08.05	1087.31	1092.48	1082.92	1084.77	85935	60934619	29
2015.08.06	1084.82	1094.00	1083.46	1089.33	79616	53788191	31
2015.08.07	1089.77	1099.43	1082.74	1094.17	96112	67301205	28
2015.08.10	1093.04	1108.84	1089.58	1104.43	84692	61704334	29
2015.08.11	1104.32	1119.32	1093.75	1108.75	112515	84907077	27
2015.08.12	1108.83	1125.75	1101.74	1123.91	120939	90243270	29
2015.08.13	1125.26	1126.71	1113.60	1115.09	87464	65117959	27
2015.08.14	1115.18	1121.01	1111.69	1114.82	80491	59144143	28
2015.08.17	1114.70	1122.74	1113.48	1117.34	76335	56100375	26
2015.08.18	1117.40	1121.12	1109.63	1117.49	82628	61918710	28
2015.08.19	1118.00	1134.56	1116.24	1134.19	98777	70452071	29
2015.08.20	1133.46	1153.95	1132.58	1152.08	110294	82724615	24
2015.08.21	1153.80	1168.16	1148.91	1160.54	121955	89312622	25
2015.08.24	1164.32	1170.01	1145.63	1154.97	176042	130590255	30
2015.08.25	1153.47	1156.53	1134.58	1140.50	133208	104643201	30
2015.08.26	1140.32	1146.36	1117.68	1124.77	131153	99620090	28
2015.08.27	1125.89	1129.19	1118.23	1124.56	127737	94949648	27
2015.08.28	1125.45	1140.76	1123.72	1134.02	121671	86745000	29
2015.08.31	1133.77	1136.56	1125.64	1134.71	91804	67118628	31
2015.09.01	1134.60	1147.85	1134.31	1139.97	104063	76825057	0
2015.09.02	1139.71	1142.36	1132.03	1133.78	95659	70089695	29
2015.09.03	1133.68	1134.24	1121.83	1125.11	80486	61078000	27
2015.09.04	1125.09	1132.86	1116.72	1122.33	82854	62245048	25
2015.09.07	1122.99	1124.73	1116.04	1118.94	54303	40137551	30
2015.09.08	1120.17	1126.67	1118.58	1121.27	81389	58235927	29
2015.09.09	1121.64	1125.32	1101.23	1107.35	92344	67955608	25
2015.09.10	1106.98	1114.97	1103.79	1110.37	93059	66183717	27
2015.09.11	1111.03	1112.83	1098.71	1107.68	74422	53321379	31
2015.09.14	1107.44	1110.40	1103.46	1108.77	63897	46203069	27
2015.09.15	1108.47	1109.31	1102.15	1105.24	53198	38101577	28
2015.09.16	1105.26	1124.11	1103.92	1119.15	91657	62929371	24
2015.09.17	1119.21	1135.13	1115.35	1132.34	95941	72508047	0
2015.09.18	1130.88	1141.68	1127.47	1139.04	108457	74690669	31
2015.09.21	1139.11	1139.81	1129.56	1133.30	63532	44456625	26
2015.09.22	1132.95	1136.51	1121.28	1124.30	81592	62304126	29
2015.09.23	1124.80	1134.14	1121.79	1129.98	70573	49927775	29
2015.09.24	1130.72	1156.65	1130.31	1153.98	116270	78652271	27
2015.09.25	1149.55	1151.14	1140.71	1145.56	107930	78518822	27
2015.09.28	1145.33	1148.14	1127.95	1132.17	105853	76224870	24
2015.09.29	1132.01	1134.63	1124.17	1127.11	93689	68693157	27
2015.09.30	1127.25	1128.08	1111.30	1114.47	103649	74273408	27
2015.10.01	1115.56	1119.13	1110.99	1113.52	79819	58539178	24
2015.10.02	1113.48	1141.21	1104.59	1138.72	111053	70255889	24
2015.10.05	1136.78	1141.92	1130.06	1135.43	97787	62520043	24
2015.10.06	1135.63	1151.18	1134.92	1146.97	81553	55582421	24
2015.10.07	1146.93	1153.57	1141.72	1145.32	82711	61774994	24
2015.10.08	1145.09	1151.21	1136.56	1139.07	86977	62214117	18
2015.10.09	1138.96	1159.61	1138.91	1156.53	94980	65951602	24
2015.10.12	1155.83	1168.90	1154.73	1163.78	66859	47470444	18
2015.10.13	1163.52	1168.60	1151.74	1168.09	97325	66659258	24
2015.10.14	1168.08	1189.70	1163.35	1184.58	103600	73996997	24
2015.10.15	1184.54	1191.44	1174.23	1182.70	97094	72225440	24
2015.10.16	1182.06	1184.34	1174.24	1177.14	93245	67559649	24
2015.10.19	1176.54	1178.13	1167.59	1170.20	81620	60303217	24
2015.10.20	1170.01	1180.67	1167.31	1176.35	83433	57887409	24
2015.10.21	1176.19	1179.13	1163.61	1166.95	93387	67475718	22
2015.10.22	1167.62	1171.72	1162.55	1165.43	102747	71654937	24
2015.10.23	1166.00	1179.29	1158.88	1164.37	112174	79554466	24
2015.10.26	1162.90	1169.59	1162.04	1163.00	82136	59497532	24
2015.10.27	1163.79	1168.63	1160.73	1166.50	81801	54191553	20
2015.10.28	1167.11	1182.86	1152.26	1155.77	112193	77327325	24
2015.10.29	1157.37	1162.59	1144.63	1145.78	118823	79957123	24
2015.10.30	1145.64	1149.97	1139.23	1141.74	113135	78140899	24
2015.11.02	1141.45	1142.94	1131.75	1133.46	92777	62439438	24
2015.11.03	1133.72	1138.25	1114.33	1117.61	101549	68652821	24
2015.11.04	1118.11	1122.76	1106.35	1107.51	110560	72283777	24
2015.11.05	1107.94	1111.45	1102.90	1103.57	93864	67461357	24
2015.11.06	1104.55	1110.38	1085.39	1088.62	88325	63255512	24
2015.11.09	1090.33	1095.59	1088.31	1091.95	90911	61816823	24
2015.11.10	1092.27	1094.79	1085.22	1089.60	78402	53572570	24
2015.11.11	1089.88	1093.58	1083.63	1085.84	81301	55593287	24
2015.11.12	1086.50	1089.52	1074.08	1084.90	100179	66398338	24
2015.11.13	1085.00	1088.54	1079.57	1083.54	112851	75949073	24
2015.11.16	1088.11	1098.01	1081.06	1082.68	110988	78436750	24
2015.11.17	1083.85	1085.01	1065.44	1070.06	107652	75365154	24
2015.11.18	1071.57	1075.39	1064.64	1070.87	113223	75616756	24
2015.11.19	1071.57	1087.38	1069.46	1082.04	113813	75828291	24
2015.11.20	1081.90	1088.01	1075.76	1077.98	109573	82581759	24
2015.11.23	1076.15	1076.65	1066.62	1068.92	112286	76616244	24
2015.11.24	1069.07	1081.01	1068.93	1075.31	104757	68919866	24
2015.11.25	1075.69	1080.74	1067.83	1071.10	83010	54311273	24
2015.11.26	1071.18	1074.80	1069.60	1071.65	49265	30767997	24
2015.11.27	1071.76	1073.73	1052.67	1058.04	75931	54356067	24
2015.11.30	1058.29	1069.68	1053.13	1064.37	87131	53126700	24
2015.12.01	1064.81	1074.58	1063.18	1069.24	88831	59203998	24
2015.12.02	1068.87	1071.36	1050.58	1053.49	96810	67447317	24
2015.12.03	1053.84	1065.39	1046.23	1062.10	134210	84376567	24
2015.12.04	1063.35	1088.78	1058.07	1086.76	144622	91121606	24
2015.12.07	1084.82	1086.55	1066.11	1070.76	131150	84289047	24
2015.12.08	1070.96	1079.03	1067.57	1074.52	125801	80153084	24
2015.12.09	1074.53	1085.30	1069.29	1072.67	125041	87266618	24
2015.12.10	1072.20	1076.42	1069.35	1071.21	116928	76769091	24
2015.12.11	1071.75	1079.53	1062.36	1074.66	129556	91039718	24
2015.12.14	1073.72	1077.48	1058.53	1060.12	112737	77040980	24
2015.12.15	1061.16	1068.60	1058.89	1060.80	111635	69136685	24
2015.12.16	1061.21	1078.27	1060.83	1072.18	108314	64029948	24
2015.12.17	1071.97	1072.84	1047.58	1051.55	117110	77547248	24
2015.12.18	1050.92	1071.49	1050.84	1065.85	103210	70498922	24
2015.12.21	1066.16	1081.71	1063.91	1078.28	101161	65433090	24
2015.12.22	1078.06	1080.69	1071.69	1072.60	88689	57077564	24
2015.12.23	1072.87	1075.43	1068.26	1070.20	74958	50041021	24
2015.12.24	1070.36	1076.74	1070.02	1076.05	56102	32746707	24
2015.12.28	1075.86	1076.86	1066.37	1068.90	87797	61608517	24
2015.12.29	1068.80	1075.17	1067.43	1068.62	92881	55106529	24
2015.12.30	1069.01	1072.01	1059.33	1061.08	63758	42273974	0
2015.12.31	1061.37	1063.46	1058.13	1060.91	65469	41647211	24
2016.01.04	1064.88	1083.44	1061.66	1074.43	146168	84194847	24
2016.01.05	1073.15	1081.90	1072.56	1078.07	124692	73250314	24
2016.01.06	1077.75	1095.13	1074.89	1093.01	138043	80639263	24
2016.01.07	1093.59	1110.01	1091.33	1108.93	185177	119648301	24
2016.01.08	1108.62	1113.12	1091.78	1103.85	165997	114617793	24
2016.01.11	1107.40	1108.42	1094.20	1095.40	144178	90442854	24
2016.01.12	1095.19	1099.14	1083.41	1089.48	143643	96419261	24
2016.01.13	1087.48	1095.40	1079.71	1093.65	138239	88949537	24
2016.01.14	1093.24	1095.15	1071.33	1077.18	154005	104642604	24
2016.01.15	1078.22	1097.34	1076.20	1088.72	164366	105557122	24
2016.01.18	1090.14	1093.22	1087.47	1088.88	108815	69358458	24
2016.01.19	1089.43	1094.45	1082.45	1087.18	169169	110976991	24
2016.01.20	1087.77	1109.56	1087.52	1100.83	190135	108379635	24
2016.01.21	1100.93	1104.44	1092.36	1101.16	193393	121860775	24
2016.01.22	1101.12	1102.78	1093.97	1097.78	149487	93944959	0
2016.01.25	1097.73	1108.88	1097.13	1107.67	128236	78481640	0
2016.01.26	1108.26	1122.84	1106.91	1120.09	138683	80889441	0
2016.01.27	1119.87	1127.94	1114.81	1124.76	137199	82232433	0
2016.01.28	1125.57	1125.75	1111.49	1114.28	133401	80891601	24
2016.01.29	1115.33	1118.38	1108.32	1117.99	138404	80361159	24
2016.02.01	1115.86	1129.65	1115.86	1128.37	139905	91562792	24
2016.02.02	1128.08	1131.00	1122.25	1128.62	128083	82289988	24
2016.02.03	1128.12	1145.45	1124.33	1142.34	181192	113969209	24
2016.02.04	1141.56	1157.29	1139.51	1155.36	203585	130933765	24
2016.02.05	1155.50	1174.40	1145.15	1173.06	186487	122883656	24
2016.02.08	1168.46	1200.81	1164.23	1190.02	190763	114709290	24
2016.02.09	1190.68	1198.82	1185.59	1188.76	194216	119514134	24
2016.02.10	1189.41	1197.65	1181.40	1197.41	182466	124830695	24
2016.02.11	1196.72	1263.34	1196.72	1248.70	185283	122716349	24
2016.02.12	1247.92	1248.19	1232.37	1238.13	165315	104473238	24
2016.02.15	1232.00	1234.76	1202.13	1209.07	94178	56870970	24
2016.02.16	1209.06	1216.90	1190.80	1199.53	172139	114509478	24
2016.02.17	1202.54	1213.66	1195.60	1208.31	172778	117545105	24
2016.02.18	1208.01	1239.84	1200.64	1230.65	170619	104926585	24
2016.02.19	1231.06	1234.44	1219.87	1227.29	140207	97646710	24
2016.02.22	1224.92	1226.16	1201.83	1208.42	113870	73429722	24
2016.02.23	1209.07	1228.10	1207.10	1226.44	101351	69040308	24
2016.02.24	1227.03	1253.24	1221.76	1229.17	149975	101306697	24
2016.02.25	1226.79	1242.71	1221.04	1233.20	166869	120735622	24
2016.02.26	1232.34	1240.25	1211.39	1223.32	120019	83236496	24
2016.02.29	1218.98	1241.00	1217.23	1238.30	136668	90575658	24
2016.03.01	1239.05	1248.47	1227.10	1231.57	143242	96649736	18
2016.03.02	1231.35	1243.98	1224.68	1240.09	114608	80838856	24
2016.03.03	1241.45	1268.24	1237.34	1265.51	150269	109862019	24
2016.03.04	1262.38	1279.71	1250.43	1258.78	159469	115322874	24
2016.03.07	1259.79	1273.10	1256.65	1267.22	135619	88282054	24
2016.03.08	1266.42	1278.04	1260.15	1261.50	128480	86521306	24
2016.03.09	1261.61	1264.88	1242.91	1252.88	108836	81651700	24
2016.03.10	1252.70	1273.27	1236.99	1271.98	119537	80771463	24
2016.03.11	1269.91	1283.36	1248.16	1249.23	115894	85895528	22
2016.03.14	1251.44	1261.01	1229.30	1235.00	76556	54162083	24
2016.03.15	1235.18	1238.00	1225.60	1232.44	87463	64122909	24
2016.03.16	1232.78	1263.86	1226.64	1262.04	110458	77508996	24
2016.03.17	1259.46	1270.84	1254.33	1257.72	145518	100837753	24
2016.03.18	1258.68	1266.88	1247.78	1255.04	112531	78129727	24
2016.03.21	1254.55	1255.32	1240.54	1243.44	86977	61499206	24
2016.03.22	1243.57	1260.12	1242.31	1248.00	98128	65596365	24
2016.03.23	1247.72	1249.31	1215.31	1220.13	82257	63940529	22
2016.03.24	1222.61	1223.71	1211.95	1217.12	70495	52438295	24
2016.03.28	1214.30	1223.05	1208.15	1221.34	53591	42096245	24
2016.03.29	1220.80	1242.90	1215.24	1240.72	87832	65066849	24
2016.03.30	1241.41	1243.99	1223.18	1224.46	71663	47842857	24
2016.03.31	1225.85	1240.32	1223.75	1232.44	70316	42947893	24
2016.04.01	1231.56	1235.21	1208.93	1222.16	85293	65569708	24
2016.04.04	1220.30	1222.54	1214.56	1215.55	65611	48687168	24
2016.04.05	1215.70	1236.74	1214.69	1230.47	77987	54437385	24
2016.04.06	1230.41	1232.10	1216.64	1222.03	77187	60355884	24
2016.04.07	1222.95	1243.19	1222.64	1240.60	91066	60124538	24
2016.04.08	1239.37	1242.60	1229.54	1240.49	76674	57629628	24
2016.04.11	1244.78	1258.78	1243.93	1257.51	94207	71745412	24
2016.04.12	1256.15	1262.54	1251.11	1255.41	79903	60987893	24
2016.04.13	1255.62	1256.63	1239.71	1243.16	81251	58928278	24
2016.04.14	1242.43	1244.04	1223.77	1226.33	91796	68279584	24
2016.04.15	1227.36	1235.79	1225.20	1233.73	70227	50638608	24
2016.04.18	1234.66	1241.55	1230.04	1232.57	76137	59467127	24
2016.04.19	1231.77	1256.62	1227.66	1250.21	89050	56585005	24
2016.04.20	1249.69	1257.91	1242.34	1243.70	83005	59853599	24
2016.04.21	1243.77	1270.19	1242.78	1248.77	104691	71640523	14
2016.04.22	1247.66	1252.48	1227.32	1232.73	93741	68197412	24
2016.04.25	1232.22	1242.23	1229.94	1237.50	71029	51879825	24
2016.04.26	1237.83	1244.79	1231.27	1243.68	65550	55450744	22
2016.04.27	1242.81	1252.65	1239.34	1245.98	79779	77274543	15
2016.04.28	1245.40	1269.47	1237.68	1266.29	96276	69892613	24
2016.04.29	1265.94	1296.62	1264.91	1293.68	96260	74812175	24
2016.05.02	1292.65	1303.65	1287.56	1291.24	99573	85225652	24
2016.05.03	1292.09	1301.69	1282.19	1286.33	102238	85069093	24
2016.05.04	1285.54	1289.74	1271.71	1279.71	98352	76324451	20
2016.05.05	1279.62	1286.37	1268.79	1278.09	96196	73584762	24
2016.05.06	1277.49	1295.47	1274.38	1288.80	102388	74610613	24
2016.05.09	1284.19	1287.46	1261.21	1263.09	97003	72420823	24
2016.05.10	1264.03	1269.61	1256.78	1266.15	91871	70421653	24
2016.05.11	1266.06	1279.02	1264.72	1277.12	87560	64628869	24
2016.05.12	1277.49	1280.78	1261.78	1263.42	93154	74639910	19
2016.05.13	1264.09	1276.26	1262.88	1273.30	90666	69340509	24
2016.05.16	1272.72	1288.62	1270.92	1273.62	92709	71277876	24
2016.05.17	1274.08	1282.27	1269.02	1279.26	94512	73289625	24
2016.05.18	1280.28	1281.27	1254.97	1257.88	103039	84100564	24
2016.05.19	1258.63	1261.23	1243.66	1254.20	100952	78773244	24
2016.05.20	1255.67	1260.12	1248.74	1251.91	82646	63225307	24
2016.05.23	1250.34	1255.94	1243.08	1249.00	78212	62606635	24
2016.05.24	1248.74	1252.09	1226.19	1226.70	86416	71186997	24
2016.05.25	1227.47	1230.08	1217.74	1224.33	84697	68704164	24
2016.05.26	1223.38	1234.17	1218.30	1219.62	86862	68355782	24
2016.05.27	1220.13	1223.50	1206.67	1211.64	80518	59196682	17
2016.05.30	1212.93	1213.36	1199.62	1207.40	62275	51340429	24
2016.05.31	1207.08	1218.15	1207.03	1215.08	83400	63183232	24
2016.06.01	1216.02	1220.32	1205.91	1212.57	73712	57605489	24
2016.06.02	1212.84	1217.57	1209.75	1211.03	80205	64955577	24
2016.06.03	1210.32	1244.59	1206.85	1244.51	95631	70933431	24
2016.06.06	1244.00	1248.65	1239.92	1244.89	85410	68013175	24
2016.06.07	1244.94	1246.53	1234.72	1244.29	69612	54056927	21
2016.06.08	1244.63	1264.31	1242.98	1261.84	80598	59344033	24
2016.06.09	1261.60	1271.68	1256.74	1269.32	73697	59460063	21
2016.06.10	1269.28	1278.09	1264.51	1274.07	79722	65498089	24
2016.06.13	1274.69	1287.09	1272.35	1283.87	91171	70441259	24
2016.06.14	1283.26	1289.73	1276.31	1285.87	76419	56835696	24
2016.06.15	1284.83	1296.76	1278.38	1291.51	83156	64680980	24
2016.06.16	1293.17	1315.54	1277.97	1278.75	137515	104770521	24
2016.06.17	1278.98	1299.50	1276.48	1298.55	92427	67142673	24
2016.06.20	1286.09	1292.20	1277.93	1289.75	83392	67831187	24
2016.06.21	1289.73	1294.12	1264.44	1267.18	94042	75295404	24
2016.06.22	1269.60	1270.60	1261.13	1266.06	71310	59604278	24
2016.06.23	1263.54	1271.38	1254.37	1255.96	79791	59366382	24
2016.06.24	1253.05	1358.25	1250.34	1315.67	222646	109683461	24
2016.06.27	1326.11	1335.23	1317.57	1324.88	207364	113857441	24
2016.06.28	1324.04	1325.94	1305.40	1312.01	179206	85348878	24
2016.06.29	1311.83	1327.78	1311.41	1318.60	145541	83027699	24
2016.06.30	1317.62	1324.06	1312.73	1321.58	154092	90712995	24
2016.07.01	1322.58	1344.49	1320.47	1342.28	142338	79818973	24
2016.07.04	1339.61	1357.31	1339.50	1350.83	100936	45590569	24
2016.07.05	1349.21	1357.38	1338.05	1356.03	171227	104362111	24
2016.07.06	1356.93	1375.05	1355.94	1363.68	151669	105750556	24
2016.07.07	1362.58	1370.65	1350.69	1360.28	179163	122038992	24
2016.07.08	1359.21	1370.18	1335.17	1364.93	160798	114887781	24
2016.07.11	1368.43	1374.83	1350.57	1354.57	199384	119529243	24
2016.07.12	1355.19	1357.59	1330.31	1332.68	173382	93932745	24
2016.07.13	1333.88	1345.17	1327.46	1342.48	172647	108093228	24
2016.07.14	1342.93	1347.03	1320.08	1334.53	201433	118993814	24
2016.07.15	1335.38	1338.64	1322.41	1338.29	165966	102371833	24
2016.07.18	1334.11	1335.36	1323.38	1328.37	141084	88375515	24
2016.07.19	1328.15	1334.89	1325.45	1331.93	150346	93713520	24
2016.07.20	1332.17	1338.25	1312.53	1315.34	144970	94057470	24
2016.07.21	1313.87	1333.79	1310.77	1331.12	148769	108733164	24
2016.07.22	1330.84	1333.75	1319.58	1322.39	129787	103991368	24
2016.07.25	1321.77	1323.69	1312.25	1315.76	104376	75897109	24
2016.07.26	1315.22	1324.46	1313.76	1320.20	107188	81855013	24
2016.07.27	1319.27	1342.32	1315.67	1339.46	129785	94621266	24
2016.07.28	1338.41	1345.52	1332.36	1335.32	130598	87700237	24
2016.07.29	1335.37	1354.90	1328.27	1351.11	160832	99424452	24
2016.08.01	1350.61	1354.77	1346.17	1352.73	110164	81871862	24
2016.08.02	1353.03	1367.21	1347.01	1363.67	125971	93024178	24
2016.08.03	1363.17	1366.33	1354.07	1358.15	114393	73685599	24
2016.08.04	1357.65	1364.93	1349.05	1360.96	121496	86849783	24
2016.08.05	1360.97	1364.59	1334.61	1336.87	118610	80123694	24
2016.08.08	1332.89	1338.20	1329.77	1334.97	116933	74794416	24
2016.08.09	1334.94	1342.51	1330.42	1340.45	103197	69594569	24
2016.08.10	1339.96	1357.11	1339.87	1346.00	132126	90446756	24
2016.08.11	1346.97	1353.22	1335.68	1338.46	110730	82114002	24
2016.08.12	1338.02	1356.27	1333.08	1336.58	125937	103406586	0
2016.08.15	1337.13	1343.73	1335.70	1339.20	85943	75049429	24
2016.08.16	1339.60	1357.94	1339.24	1346.37	119844	106301391	24
2016.08.17	1345.52	1351.57	1335.57	1348.44	112144	99447833	24
2016.08.18	1349.59	1355.95	1345.98	1352.17	122309	103871503	23
2016.08.19	1352.11	1352.71	1337.71	1340.92	106137	94495200	24
2016.08.22	1338.34	1339.95	1331.66	1338.63	131365	119528272	24
2016.08.23	1338.84	1344.58	1335.19	1338.06	105543	93470681	24
2016.08.24	1337.75	1339.99	1323.65	1323.90	104373	94338763	24
2016.08.25	1325.32	1326.98	1317.93	1321.46	89477	81265463	24
2016.08.26	1321.86	1342.12	1318.29	1321.85	120480	104346170	24
2016.08.29	1319.53	1324.99	1314.87	1323.25	106883	99566307	24
2016.08.30	1323.31	1325.34	1309.18	1310.36	103213	90044508	24
2016.08.31	1311.35	1315.99	1304.16	1308.81	104367	86191157	24
2016.09.01	1309.79	1315.01	1302.41	1312.94	100334	83438719	0
2016.09.02	1313.77	1329.99	1303.19	1324.80	105971	68576861	15
2016.09.05	1324.73	1328.50	1321.68	1326.81	59069	51102354	24
2016.09.06	1326.20	1352.45	1324.73	1350.26	110106	93750131	24
2016.09.07	1348.18	1352.51	1342.62	1344.74	94448	80899210	24
2016.09.08	1345.04	1349.28	1335.49	1337.65	107701	91366625	19
2016.09.09	1338.24	1339.46	1326.83	1327.83	100365	90694457	24
2016.09.12	1328.49	1330.14	1320.30	1327.38	121848	93753663	24
2016.09.13	1327.41	1331.88	1315.51	1317.84	128347	102436290	24
2016.09.14	1318.84	1325.85	1313.29	1321.98	114114	83708637	24
2016.09.15	1322.67	1327.95	1309.19	1314.41	121637	89332251	24
2016.09.16	1315.24	1317.98	1306.14	1309.66	92003	75269153	24
2016.09.19	1309.83	1318.27	1309.32	1313.21	82810	67197550	24
2016.09.20	1313.18	1317.80	1311.94	1314.86	70921	59989599	24
2016.09.21	1314.81	1335.92	1307.78	1335.92	128719	101032717	24
2016.09.22	1333.89	1343.55	1331.10	1337.72	93926	71009527	24
2016.09.23	1337.43	1340.56	1333.73	1338.72	74257	63917912	24
2016.09.26	1336.59	1342.02	1332.61	1337.86	115599	73648668	24
2016.09.27	1338.21	1339.42	1324.63	1326.87	115461	76897394	24
2016.09.28	1326.78	1327.45	1317.92	1321.47	80672	54893108	24
2016.09.29	1321.69	1325.71	1315.94	1320.40	125920	87407994	24
2016.09.30	1321.27	1327.97	1313.13	1315.89	146441	89929260	24
2016.10.03	1317.19	1319.52	1309.28	1311.73	106678	83540775	24
2016.10.04	1311.76	1312.97	1266.92	1268.45	138909	0	0
2016.10.05	1268.35	1277.05	1262.05	1266.69	116982	92519727	24
2016.10.06	1267.70	1269.32	1249.75	1254.39	111795	85058710	24
2016.10.07	1255.20	1265.28	1241.30	1256.54	119172	84483944	24
2016.10.10	1257.40	1264.85	1256.55	1259.47	74438	60909586	24
2016.10.11	1259.29	1262.15	1250.91	1252.59	98085	77895815	24
2016.10.12	1253.15	1258.82	1249.69	1255.24	99118	73432025	21
2016.10.13	1255.59	1262.23	1253.03	1257.68	109705	82862724	21
2016.10.14	1258.03	1259.33	1246.03	1250.43	117267	84284636	24
2016.10.17	1251.17	1257.11	1250.03	1254.92	104418	67520034	24
2016.10.18	1255.23	1264.61	1254.92	1262.52	100588	67063756	24
2016.10.19	1262.70	1273.23	1260.17	1269.58	95687	57665513	24
2016.10.20	1269.27	1274.52	1264.67	1265.66	94414	68394510	20
2016.10.21	1265.70	1267.93	1261.03	1266.79	79411	61610784	24
2016.10.24	1265.89	1271.81	1260.28	1264.16	83283	60875551	24
2016.10.25	1264.49	1276.51	1262.01	1273.87	104884	73164128	24
2016.10.26	1273.73	1276.37	1264.57	1266.48	51006	30448313	22
2016.10.27	1266.51	1272.69	1264.99	1268.52	104928	71375298	24
2016.10.28	1267.98	1284.07	1261.88	1275.71	120056	79480199	24
2016.10.31	1277.21	1279.41	1271.11	1276.87	101226	75027737	24
2016.11.01	1276.63	1291.80	1275.59	1288.04	107918	59385270	24
2016.11.02	1288.31	1307.96	1287.24	1296.69	124558	77948800	24
2016.11.03	1298.27	1306.70	1285.50	1301.84	119604	80063929	24
2016.11.04	1303.98	1307.09	1294.67	1304.27	103461	58657253	24
2016.11.07	1292.27	1295.77	1278.09	1281.38	122663	71645717	24
2016.11.08	1282.47	1290.57	1272.76	1275.54	122511	74273421	24
2016.11.09	1273.10	1337.16	1267.91	1277.11	339333	154129839	24
2016.11.10	1278.44	1292.13	1252.18	1259.29	202991	116045687	24
2016.11.11	1259.14	1265.31	1219.03	1227.24	173763	100375323	24
2016.11.14	1228.97	1231.15	1211.44	1220.09	199718	95214333	24
2016.11.15	1221.37	1231.45	1218.77	1228.35	156186	68897848	24
2016.11.16	1228.05	1232.96	1221.39	1224.81	136213	71019595	24
2016.11.17	1225.33	1231.33	1210.95	1216.73	151950	89756023	24
2016.11.18	1216.54	1217.63	1202.74	1208.51	139676	74430707	24
2016.11.21	1207.44	1217.53	1205.47	1213.94	116054	55423334	24
2016.11.22	1213.33	1220.95	1206.04	1211.85	116763	60476772	24
2016.11.23	1213.11	1214.87	1181.58	1186.87	130610	67854948	24
2016.11.24	1188.36	1190.80	1180.23	1184.03	74544	39835161	24
2016.11.25	1184.90	1193.14	1170.11	1183.71	113243	45655625	24
2016.11.28	1185.72	1197.53	1182.91	1192.84	155438	90363281	24
2016.11.29	1193.28	1194.94	1180.98	1188.15	144061	84553873	24
2016.11.30	1188.19	1194.83	1170.63	1172.62	161280	101833281	24
2016.12.01	1173.73	1176.60	1160.63	1171.29	156452	92738986	24
2016.12.02	1172.43	1178.04	1166.60	1176.87	125907	82798650	24
2016.12.05	1185.41	1187.93	1157.04	1170.03	189670	112043677	24
2016.12.06	1169.85	1175.24	1166.68	1169.44	119117	59939509	24
2016.12.07	1169.38	1180.17	1165.51	1173.50	112045	57547700	24
2016.12.08	1174.18	1178.57	1169.12	1170.35	125955	70650993	24
2016.12.09	1170.07	1171.96	1156.16	1158.35	108360	62005846	24
2016.12.12	1158.46	1165.72	1151.14	1161.83	120294	64586741	24
2016.12.13	1163.08	1164.87	1154.51	1158.06	126057	66680239	22
2016.12.14	1158.47	1165.09	1139.04	1142.94	148724	77818441	24
2016.12.15	1142.16	1144.28	1122.62	1127.96	150441	88548214	23
2016.12.16	1128.33	1141.16	1126.54	1134.65	79262	43054696	23
2016.12.19	1135.79	1142.24	1134.73	1138.47	91901	48926381	24
2016.12.20	1138.46	1139.73	1125.67	1131.73	91025	50936702	24
2016.12.21	1132.56	1137.03	1129.25	1131.59	80731	45967940	22
2016.12.22	1131.34	1134.03	1127.37	1128.20	72957	42285882	21
2016.12.23	1128.30	1135.72	1126.77	1133.39	38821	24749576	20
2016.12.27	1134.39	1150.69	1131.58	1138.86	58095	28826993	0
2016.12.28	1139.11	1144.41	1136.45	1141.55	67686	42080810	22
2016.12.29	1142.37	1159.40	1141.65	1157.83	77501	40241330	21
2016.12.30	1157.87	1163.15	1146.41	1152.12	73722	42717134	23
2017.01.03	1151.67	1164.35	1145.95	1159.09	133304	84991697	22
2017.01.04	1158.75	1167.83	1156.07	1162.64	130369	89907858	23
2017.01.05	1163.10	1184.94	1162.87	1180.30	155316	97283346	24
2017.01.06	1179.64	1182.92	1170.84	1172.59	125240	78902801	23
2017.01.09	1172.87	1186.08	1172.38	1181.01	126697	68573173	15
2017.01.10	1181.87	1190.53	1180.11	1187.41	113962	89294626	21
2017.01.11	1187.53	1198.17	1177.11	1191.44	155211	128739504	23
2017.01.12	1192.25	1206.88	1191.87	1195.38	143183	115800626	22
2017.01.13	1194.36	1201.18	1187.86	1197.33	124284	105234418	22
2017.01.16	1198.74	1208.48	1198.07	1202.50	77904	61716734	22
2017.01.17	1202.95	1218.77	1202.77	1216.56	141768	116929503	19
2017.01.18	1216.48	1217.41	1202.26	1203.59	115042	95781872	19
2017.01.19	1204.57	1206.41	1195.79	1204.73	155941	127369078	19
2017.01.20	1204.60	1214.87	1198.53	1209.94	146157	110694192	21
2017.01.23	1210.98	1219.39	1209.19	1217.80	140358	107355504	18
2017.01.24	1219.00	1219.40	1206.52	1208.67	100602	81735730	18
2017.01.25	1209.31	1209.73	1193.22	1199.60	108302	92917282	19
2017.01.26	1200.67	1202.52	1184.31	1188.38	119209	98216215	24
2017.01.27	1189.02	1191.59	1180.48	1191.49	124536	113328963	24
2017.01.30	1192.87	1199.33	1188.20	1195.20	141904	110715620	24
2017.01.31	1195.28	1215.23	1193.65	1210.36	164411	133821569	24
2017.02.01	1210.48	1213.14	1198.10	1209.70	165205	143872816	24
2017.02.02	1208.91	1225.21	1208.26	1215.74	174513	127934828	24
2017.02.03	1214.92	1221.31	1207.00	1219.95	142672	115932755	24
2017.02.06	1222.26	1235.55	1219.11	1235.45	148432	122901026	20
2017.02.07	1234.33	1235.71	1227.68	1233.49	139312	129287243	24
2017.02.08	1233.76	1244.64	1229.99	1241.68	143583	128434156	24
2017.02.09	1240.85	1244.44	1225.40	1227.53	131164	121663125	24
2017.02.10	1228.48	1237.04	1221.57	1233.68	135270	116349441	24
2017.02.13	1230.76	1232.22	1219.26	1225.20	108526	103009217	24
2017.02.14	1225.23	1234.42	1221.84	1228.57	119784	105215242	24
2017.02.15	1228.39	1233.16	1216.64	1232.81	98959	86069213	24
2017.02.16	1233.43	1242.30	1231.99	1239.01	113850	92331404	24
2017.02.17	1238.66	1243.71	1234.24	1234.83	99356	79331953	24
2017.02.20	1235.66	1238.89	1232.70	1237.42	53883	47429322	24
2017.02.21	1237.07	1238.75	1226.04	1235.75	86656	70916974	24
2017.02.22	1235.82	1240.54	1231.14	1237.45	105695	92230315	24
2017.02.23	1236.83	1251.03	1235.69	1249.19	100511	64995482	24
2017.02.24	1249.35	1260.05	1247.68	1256.98	81651	61815285	24
2017.02.27	1256.22	1263.79	1250.91	1252.70	89506	72701055	24
2017.02.28	1252.56	1258.32	1247.58	1248.00	82704	52313614	24
2017.03.01	1248.50	1250.57	1236.86	1249.23	134415	84407867	24
2017.03.02	1248.49	1248.92	1230.93	1234.17	86241	56502618	24
2017.03.03	1234.20	1236.21	1222.84	1234.42	96769	62990815	24
2017.03.06	1233.17	1236.76	1224.81	1225.18	78325	52406760	24
2017.03.07	1225.58	1227.12	1214.12	1215.72	71988	47793752	24
2017.03.08	1215.85	1218.49	1206.59	1207.75	74632	47598127	24
2017.03.09	1208.26	1208.92	1199.17	1200.24	95199	62163970	24
2017.03.10	1200.80	1206.25	1194.91	1204.43	100924	68000720	24
2017.03.13	1206.11	1211.11	1202.39	1203.70	66176	44401491	24
2017.03.14	1202.07	1207.53	1197.23	1198.47	74402	49014280	24
2017.03.15	1199.11	1221.97	1197.47	1218.59	86424	55713910	24
2017.03.16	1218.88	1233.67	1218.54	1226.01	80643	46888583	24
2017.03.17	1226.43	1231.60	1224.42	1229.25	64890	40735398	24
2017.03.20	1230.53	1235.45	1229.29	1234.12	56183	33438735	24
2017.03.21	1234.42	1247.53	1226.82	1244.85	81053	46912582	24
2017.03.22	1245.36	1251.23	1243.89	1248.78	90917	53781470	24
2017.03.23	1247.43	1253.22	1242.71	1245.37	85149	51128302	24
2017.03.24	1244.78	1251.77	1240.92	1245.57	74402	44953888	24
2017.03.27	1248.09	1260.97	1248.04	1254.09	81982	47882427	24
2017.03.28	1253.61	1258.33	1247.61	1251.47	79819	44434994	24
2017.03.29	1250.94	1254.57	1247.25	1253.07	77876	48930060	24
2017.03.30	1252.74	1253.74	1242.32	1243.43	68366	40732361	24
2017.03.31	1243.57	1250.50	1239.61	1248.96	70404	41860290	24
2017.04.03	1247.94	1253.62	1244.41	1252.80	64214	35195858	24
2017.04.04	1254.15	1261.22	1253.95	1255.98	65300	33467605	24
2017.04.05	1255.73	1257.24	1243.65	1255.21	85894	49080823	6
2017.04.06	1255.76	1258.82	1249.72	1251.77	74106	41128532	24
2017.04.07	1251.71	1270.83	1250.52	1254.30	127140	66056283	24
2017.04.10	1254.60	1257.01	1247.08	1254.63	74496	43357666	24
2017.04.11	1255.08	1275.06	1253.00	1273.93	90396	50792277	24
2017.04.12	1273.74	1286.62	1271.82	1286.55	92969	52281368	24
2017.04.13	1285.10	1288.54	1281.78	1287.44	81149	46535983	24
2017.04.17	1291.28	1295.45	1281.31	1284.84	66665	39137839	24
2017.04.18	1284.47	1292.24	1278.90	1289.80	83455	46437257	24
2017.04.19	1289.49	1290.61	1273.98	1279.14	78687	42934110	24
2017.04.20	1279.44	1283.36	1276.58	1281.43	80568	42639157	24
2017.04.21	1281.47	1288.18	1278.42	1284.29	85988	47300143	24
2017.04.24	1268.39	1277.34	1265.40	1275.39	90180	49754322	24
2017.04.25	1275.49	1278.05	1261.56	1263.32	76278	44903406	7
2017.04.26	1263.39	1270.54	1260.00	1269.20	83165	49807008	24
2017.04.27	1268.83	1269.49	1261.12	1264.23	74163	42102041	24
2017.04.28	1263.98	1268.46	1262.95	1267.99	61037	34646325	24
2017.05.01	1268.56	1271.15	1254.15	1256.87	53720	31916823	24
2017.05.02	1255.78	1257.70	1251.92	1256.75	59440	34405576	24
2017.05.03	1256.23	1256.87	1235.81	1238.55	70561	44289327	24
2017.05.04	1237.87	1241.22	1225.68	1227.46	76896	48449546	24
2017.05.05	1228.61	1235.51	1226.01	1227.56	83390	50496165	24
2017.05.08	1224.98	1236.50	1224.98	1226.21	68262	40228868	24
2017.05.09	1226.40	1228.54	1214.23	1221.26	68323	41352996	24
2017.05.10	1220.91	1225.58	1217.51	1218.99	63870	37798694	24
2017.05.11	1219.10	1227.65	1216.92	1224.83	63881	37908119	24
2017.05.12	1225.34	1231.69	1224.36	1228.48	60295	36982770	24
2017.05.15	1229.93	1237.27	1226.90	1230.08	59349	35648519	24
2017.05.16	1231.09	1239.05	1230.23	1236.95	60443	35294838	24
2017.05.17	1236.57	1261.12	1236.39	1260.41	101591	58307811	24
2017.05.18	1259.85	1265.00	1245.96	1246.56	122842	75121405	24
2017.05.19	1246.43	1256.33	1246.43	1255.33	75658	47320091	24
2017.05.22	1255.04	1262.48	1251.74	1260.09	60685	35302222	24
2017.05.23	1260.32	1263.72	1249.92	1251.33	79338	45821843	24
2017.05.24	1251.49	1258.87	1247.85	1258.33	74541	45433033	24
2017.05.25	1258.01	1259.58	1253.77	1255.69	72024	41129480	24
2017.05.26	1255.56	1269.39	1253.12	1266.94	71672	42355251	24
2017.05.29	1267.29	1269.10	1264.94	1266.50	28242	14402633	24
2017.05.30	1266.75	1270.41	1259.31	1263.10	58126	34705824	24
2017.05.31	1262.52	1274.08	1259.51	1268.70	61833	32900581	24
2017.06.01	1268.67	1270.24	1261.45	1265.62	60651	36660052	24
2017.06.02	1265.68	1279.40	1258.93	1278.56	70272	35840604	24
2017.06.05	1279.53	1283.34	1277.70	1279.43	49310	27838746	24
2017.06.06	1280.07	1296.01	1279.58	1293.92	66589	37057822	24
2017.06.07	1294.18	1294.37	1282.63	1286.83	69730	42115505	24
2017.06.08	1286.59	1288.85	1271.29	1278.69	76531	47398954	24
2017.06.09	1279.93	1280.67	1264.57	1266.60	77130	45503080	24
2017.06.12	1266.50	1270.26	1263.51	1265.66	71986	42088085	24
2017.06.13	1265.67	1268.87	1259.11	1266.26	58240	33554440	24
2017.06.14	1266.44	1280.85	1257.16	1261.83	93813	52848681	24
2017.06.15	1260.02	1266.64	1251.36	1253.91	76330	45212730	24
2017.06.16	1254.32	1257.07	1251.76	1253.38	56158	32664218	24
2017.06.19	1253.34	1255.58	1242.97	1243.25	57682	34201827	24
2017.06.20	1243.86	1248.04	1241.25	1242.82	59374	35247258	24
2017.06.21	1243.70	1247.76	1240.78	1246.08	62840	35458090	24
2017.06.22	1246.32	1254.68	1246.08	1250.40	69114	39452943	24
2017.06.23	1250.99	1258.80	1249.76	1256.61	51307	26957919	24
2017.06.26	1257.36	1258.03	1236.01	1244.30	65624	39069349	24
2017.06.27	1244.29	1253.06	1241.26	1246.80	65405	36960567	24
2017.06.28	1247.07	1254.76	1247.02	1248.85	78622	45602796	24
2017.06.29	1249.29	1253.11	1239.75	1245.10	84567	47961585	24
2017.06.30	1245.86	1248.15	1239.17	1241.43	82053	45168710	24
2017.07.03	1242.12	1242.63	1218.41	1219.46	73040	40579593	24
2017.07.04	1221.50	1226.46	1220.53	1223.38	44915	24791502	24
2017.07.05	1224.02	1228.76	1217.38	1226.83	69538	41947734	24
2017.07.06	1226.91	1229.09	1222.45	1224.60	70069	42728949	24
2017.07.07	1224.79	1228.33	1207.26	1212.20	71105	43938041	24
2017.07.10	1213.48	1215.50	1204.81	1214.25	58142	34852632	24
2017.07.11	1214.40	1217.35	1208.13	1217.21	58263	35976247	24
2017.07.12	1216.70	1225.67	1213.39	1220.14	67796	40946250	24
2017.07.13	1218.45	1224.36	1216.47	1217.50	57211	33607573	24
2017.07.14	1217.39	1232.77	1214.73	1228.81	63232	35920991	24
2017.07.17	1229.55	1235.95	1228.19	1233.61	51972	28536928	24
2017.07.18	1233.94	1244.51	1232.75	1242.03	68233	36279691	24
2017.07.19	1242.79	1243.95	1235.84	1241.13	56719	30288459	24
2017.07.20	1241.05	1247.50	1235.23	1244.62	71926	35636777	24
2017.07.21	1244.22	1255.63	1243.33	1254.70	68626	33071778	24
2017.07.24	1255.30	1258.74	1251.86	1255.31	62675	28987569	24
2017.07.25	1254.62	1257.68	1249.05	1249.71	70347	32709896	24
2017.07.26	1249.71	1263.46	1243.69	1260.84	91151	46065706	24
2017.07.27	1260.10	1265.17	1254.44	1258.42	102405	46227813	24
2017.07.28	1259.16	1270.76	1257.29	1268.91	87469	39478470	24
2017.07.31	1270.54	1271.04	1265.70	1269.37	61954	30279087	24
2017.08.01	1269.47	1274.04	1262.57	1268.92	75766	31193615	24
2017.08.02	1268.61	1272.75	1262.79	1266.18	67133	31734289	24
2017.08.03	1266.13	1270.75	1256.77	1268.85	72462	31712576	24
2017.08.04	1268.41	1270.10	1254.12	1258.73	69628	30244372	24
2017.08.07	1257.14	1259.82	1255.69	1257.67	56774	27172125	24
2017.08.08	1257.07	1265.12	1251.44	1260.74	70930	32639596	24
2017.08.09	1260.91	1278.64	1260.71	1277.39	92934	39629040	24
2017.08.10	1277.32	1287.76	1274.57	1286.25	86767	35558128	24
2017.08.11	1286.13	1291.93	1281.23	1290.41	84718	35304736	24
2017.08.14	1289.31	1289.43	1278.54	1281.30	71753	34013161	24
2017.08.15	1280.97	1281.87	1267.23	1271.52	69919	34911683	24
2017.08.16	1271.35	1283.75	1267.70	1283.08	73242	38202507	24
2017.08.17	1283.65	1290.08	1281.74	1287.74	93880	41922344	24
2017.08.18	1288.59	1300.74	1283.40	1284.62	102322	47009555	24
2017.08.21	1282.99	1293.68	1280.51	1291.59	69793	34362130	24
2017.08.22	1290.75	1292.49	1281.90	1284.96	64648	32611110	24
2017.08.23	1284.55	1291.42	1282.72	1290.44	63985	31886129	24
2017.08.24	1290.36	1291.10	1284.40	1286.15	69416	32380507	24
2017.08.25	1286.06	1294.52	1276.37	1291.47	81136	44400660	24
2017.08.28	1292.48	1312.03	1291.78	1309.61	68351	35559013	24
2017.08.29	1314.13	1325.94	1304.97	1309.48	117617	63843863	24
2017.08.30	1310.24	1313.68	1305.11	1308.15	81145	44015436	24
2017.08.31	1308.40	1323.53	1298.78	1321.41	87456	46854743	24
2017.09.01	1321.85	1328.76	1316.35	1324.59	86568	47347808	24
2017.09.04	1335.18	1339.72	1331.73	1333.96	57399	29405006	24
2017.09.05	1333.49	1344.25	1326.22	1339.95	103529	52809623	24
2017.09.06	1339.61	1342.39	1331.55	1334.01	87303	39694360	24
2017.09.07	1334.05	1349.78	1332.48	1349.31	100395	49105499	24
2017.09.08	1348.58	1357.42	1342.71	1346.48	101482	53131756	24
2017.09.11	1338.93	1339.96	1326.34	1327.25	82571	41941127	0
2017.09.12	1327.45	1331.80	1322.52	1331.26	123378	8335652	3
2017.09.13	1333.21	1334.59	1320.77	1323.00	89613	28407088	24
2017.09.14	1323.07	1330.55	1315.60	1329.56	82761	40559635	24
2017.09.15	1330.58	1334.24	1319.49	1320.29	84096	41704221	24
2017.09.18	1318.33	1319.59	1304.56	1307.19	68214	35157956	24
2017.09.19	1307.67	1311.60	1305.06	1310.90	69038	34622608	24
2017.09.20	1310.63	1315.94	1295.91	1300.08	83133	42348656	24
2017.09.21	1301.41	1301.61	1288.08	1291.22	82325	42260006	24
2017.09.22	1291.63	1298.61	1291.20	1296.89	69255	36190401	24
2017.09.25	1295.97	1311.88	1289.64	1310.28	89776	44722035	24
2017.09.26	1309.55	1313.56	1292.06	1293.80	80101	37642909	24
2017.09.27	1293.26	1296.14	1281.40	1282.16	78717	39618451	24
2017.09.28	1283.22	1288.71	1277.65	1286.98	74155	36498122	24
2017.09.29	1286.63	1290.25	1275.92	1279.37	70719	33560514	24
2017.10.02	1278.95	1279.12	1269.52	1270.95	64725	32722539	24
2017.10.03	1270.67	1274.68	1268.22	1271.54	54823	27535735	24
2017.10.04	1271.44	1282.12	1270.44	1274.64	58351	27481414	24
2017.10.05	1274.97	1278.92	1266.09	1267.57	53983	24446148	24
2017.10.06	1268.72	1276.24	1260.54	1276.17	72197	37165979	24
2017.10.09	1275.91	1285.36	1275.16	1283.94	60064	27024697	24
2017.10.10	1283.73	1294.13	1282.02	1287.92	71848	30796818	24
2017.10.11	1287.85	1293.42	1284.49	1291.32	70881	30764076	24
2017.10.12	1291.53	1297.39	1289.52	1293.27	105473	183622901	24
2017.10.13	1293.66	1303.64	1290.82	1303.30	153698	368480873	31
2017.10.16	1303.33	1305.91	1290.31	1294.57	144870	355016308	27
2017.10.17	1295.88	1296.11	1281.22	1285.14	157205	377730107	28
2017.10.18	1284.93	1288.78	1276.85	1280.81	132752	183995020	26
2017.10.19	1281.37	1290.18	1276.45	1289.36	188744	460968641	27
2017.10.20	1289.44	1290.90	1277.83	1280.11	176660	438754227	27
2017.10.23	1277.23	1283.13	1272.39	1281.93	151365	367212369	30
2017.10.24	1281.54	1283.51	1273.60	1276.47	158853	381883778	26
2017.10.25	1276.32	1279.95	1270.88	1277.36	187287	446519996	28
2017.10.26	1277.97	1282.38	1265.60	1266.90	182439	450339007	26
2017.10.27	1267.59	1273.66	1263.62	1273.43	181680	440648817	26
2017.10.30	1273.28	1278.67	1268.80	1276.01	143512	337071200	29
2017.10.31	1275.99	1278.01	1267.53	1271.00	140265	344868180	29
2017.11.01	1270.32	1280.71	1267.85	1274.52	175134	428471370	27
2017.11.02	1275.35	1283.96	1273.28	1276.15	179636	428406780	28
2017.11.03	1277.25	1280.05	1265.37	1270.03	141945	400994850	27
2017.11.06	1269.42	1282.79	1265.98	1281.49	153332	635903160	28
2017.11.07	1281.09	1281.30	1271.71	1275.23	158607	653646010	29
2017.11.08	1276.68	1287.07	1275.84	1281.16	156748	628206640	30
2017.11.09	1281.48	1288.31	1279.82	1284.63	209614	885282350	29
2017.11.10	1285.26	1286.93	1273.32	1275.60	171018	714220710	29
2017.11.13	1274.95	1279.62	1274.19	1277.94	136413	512745110	29
2017.11.14	1277.89	1283.45	1269.80	1280.32	166046	662673380	29
2017.11.15	1279.84	1289.39	1276.57	1278.34	203934	835398820	30
2017.11.16	1278.37	1281.67	1274.99	1278.30	159701	640043240	29
2017.11.17	1278.52	1296.77	1278.16	1294.11	182172	746259890	32
2017.11.20	1293.14	1294.62	1274.46	1276.65	180838	708477920	30
2017.11.21	1277.74	1284.60	1276.18	1280.37	165420	679956800	29
2017.11.22	1280.68	1294.52	1278.93	1291.94	164566	681331140	29
2017.11.23	1291.58	1293.44	1286.82	1290.93	81132	337321620	31
2017.11.24	1290.91	1293.13	1285.49	1288.27	119111	441101340	36
2017.11.27	1288.10	1299.08	1286.62	1294.26	151911	242794277	28
2017.11.28	1294.55	1297.28	1290.53	1293.75	149381	59293997	29
2017.11.29	1293.42	1296.54	1281.90	1283.24	182085	72277914	29
2017.11.30	1284.25	1285.16	1270.22	1274.70	193088	76794690	29
2017.12.01	1275.02	1289.07	1271.50	1279.88	220669	90094989	29
2017.12.04	1273.95	1277.02	1270.89	1275.94	176483	74544559	29
2017.12.05	1276.38	1276.90	1260.86	1265.66	172981	69249522	29
2017.12.06	1265.99	1269.13	1262.43	1263.12	173278	66917681	31
2017.12.07	1263.66	1264.31	1243.78	1246.64	167975	67066811	29
2017.12.08	1247.58	1252.23	1243.60	1248.04	152913	64673257	31
2017.12.11	1247.73	1251.40	1240.58	1241.54	128072	55153383	31
2017.12.12	1242.10	1246.09	1236.37	1243.77	132124	55701727	29
2017.12.13	1243.80	1256.92	1240.12	1255.51	154282	61048338	29
2017.12.14	1254.01	1258.95	1250.35	1252.50	162850	67920971	29
2017.12.15	1252.95	1261.72	1252.94	1255.33	145091	56540269	29
2017.12.18	1254.14	1263.83	1252.62	1261.62	134877	53692887	28
2017.12.19	1261.66	1265.11	1259.11	1261.64	127118	50626857	32
2017.12.20	1261.44	1267.70	1261.25	1265.37	125012	46025434	30
2017.12.21	1265.76	1268.80	1262.64	1266.52	116013	42022984	30
2017.12.22	1266.21	1276.02	1264.84	1275.28	100209	33928542	33
2017.12.26	1278.14	1283.58	1276.92	1283.08	56366	20337969	31
2017.12.27	1282.27	1288.80	1281.22	1287.01	109234	30233568	30
2017.12.28	1287.32	1295.07	1286.59	1294.86	104991	28073269	30
2017.12.29	1294.06	1307.41	1293.73	1302.54	110171	39989677	29
2018.01.02	1309.81	1318.80	1308.40	1317.82	102756	40861963	29
2018.01.03	1317.27	1321.24	1307.31	1312.78	142608	57085649	29
2018.01.04	1312.74	1325.84	1305.70	1322.69	152296	62588238	29
2018.01.05	1321.96	1323.26	1313.55	1319.90	136451	55476346	29
2018.01.08	1320.69	1322.00	1314.65	1320.27	112662	43344684	31
2018.01.09	1319.49	1320.04	1308.26	1312.61	145888	58244725	29
2018.01.10	1311.82	1327.60	1307.96	1316.59	189693	77984745	31
2018.01.11	1317.13	1323.79	1315.58	1322.34	160215	66048285	29
2018.01.12	1322.35	1339.21	1321.62	1338.17	178769	72842724	31
2018.01.15	1336.05	1344.60	1335.92	1339.93	114164	43484423	0
2018.01.16	1339.42	1342.13	1331.66	1338.37	172974	72394747	29
2018.01.17	1339.20	1343.82	1326.28	1326.61	201855	81300568	23
2018.01.18	1327.51	1332.96	1324.14	1327.04	183421	72448238	25
2018.01.19	1327.54	1337.86	1326.66	1331.43	174257	67234814	24
2018.01.22	1335.05	1335.44	1328.27	1333.87	142831	54525287	15
2018.01.23	1333.40	1341.64	1331.24	1341.11	167436	66124556	20
2018.01.24	1340.92	1362.02	1339.42	1357.97	196584	74537661	22
2018.01.25	1357.25	1365.92	1342.33	1348.22	245829	91848981	24
2018.01.26	1347.00	1356.96	1344.46	1350.00	215417	81349533	15
2018.01.29	1351.03	1352.39	1337.57	1340.32	177086	67936216	15
2018.01.30	1341.30	1348.90	1334.44	1338.59	207310	82011687	15
2018.01.31	1337.42	1347.57	1332.75	1344.94	214777	88172430	15
2018.02.01	1343.39	1350.97	1337.24	1348.39	211212	83808978	5
2018.02.02	1347.81	1350.06	1327.43	1332.57	233006	90739932	13
2018.02.05	1331.64	1341.59	1328.99	1339.56	249575	101473731	12
2018.02.06	1338.91	1346.08	1320.18	1324.40	352486	123614560	12
2018.02.07	1324.64	1332.30	1311.38	1318.29	259360	103829136	12
2018.02.08	1317.34	1322.02	1307.04	1318.34	286441	112081828	12
2018.02.09	1319.11	1322.63	1311.12	1315.64	294243	112165860	14
2018.02.12	1315.38	1326.69	1315.13	1322.86	145037	0	14
2018.02.13	1323.63	1331.02	1321.59	1328.99	156092	0	14
2018.02.14	1329.72	1355.50	1317.30	1350.14	193377	0	14
2018.02.15	1350.64	1357.07	1348.53	1353.07	175472	0	14
2018.02.16	1353.79	1361.69	1344.71	1347.43	166978	0	14
2018.02.19	1349.69	1351.34	1345.78	1346.60	87111	0	14
2018.02.20	1347.90	1348.09	1328.44	1329.33	141385	0	0
2018.02.21	1329.49	1336.22	1322.14	1324.37	158486	0	14
2018.02.22	1324.39	1332.07	1320.93	1331.85	148422	0	14
2018.02.23	1331.78	1332.13	1325.78	1328.78	120542	0	14
2018.02.26	1329.83	1341.00	1326.65	1332.93	137233	0	14
2018.02.27	1333.30	1336.70	1313.41	1318.29	156960	0	14
2018.02.28	1318.39	1322.49	1315.59	1318.08	143439	0	14
2018.03.01	1319.02	1321.07	1302.76	1317.16	191255	0	14
2018.03.02	1316.47	1325.42	1315.20	1322.12	162142	0	14
2018.03.05	1323.71	1327.73	1317.53	1319.88	175312	0	14
2018.03.06	1320.55	1338.46	1320.21	1334.30	187973	0	14
2018.03.07	1339.55	1340.37	1322.20	1325.35	206718	0	14
2018.03.08	1325.64	1329.00	1318.87	1322.14	183100	0	14
2018.03.09	1321.32	1325.14	1312.83	1323.36	181330	0	14
2018.03.12	1322.86	1324.13	1315.04	1322.70	117427	0	14
2018.03.13	1323.54	1328.28	1313.73	1326.31	152139	0	14
2018.03.14	1325.85	1330.01	1321.46	1324.74	143936	0	14
2018.03.15	1323.80	1327.88	1314.93	1316.44	131712	0	14
2018.03.16	1315.92	1321.72	1309.60	1313.47	122528	0	14
2018.03.19	1313.14	1319.58	1307.76	1317.02	128966	0	14
2018.03.20	1317.30	1318.24	1307.17	1311.06	120441	0	14
2018.03.21	1311.54	1336.60	1309.79	1331.80	146322	0	14
2018.03.22	1331.83	1334.86	1324.77	1328.61	167242	0	14
2018.03.23	1330.61	1350.20	1330.61	1347.51	174572	0	14
2018.03.26	1348.15	1355.87	1343.46	1353.44	136353	0	14
2018.03.27	1352.90	1356.84	1339.84	1344.59	143930	0	14
2018.03.28	1345.61	1346.99	1323.44	1324.83	175573	0	14
2018.03.29	1324.36	1328.30	1321.21	1325.04	144155	0	14
2018.04.02	1325.80	1344.84	1324.81	1341.04	139842	0	14
2018.04.03	1340.61	1342.45	1328.88	1332.54	162340	0	14
2018.04.04	1332.58	1348.22	1331.49	1333.24	177158	0	14
2018.04.05	1333.10	1334.85	1322.72	1326.37	144548	0	14
2018.04.06	1327.25	1335.42	1319.50	1332.69	191077	0	14
2018.04.09	1333.49	1337.95	1326.85	1336.06	152343	0	14
2018.04.10	1336.61	1342.53	1331.06	1339.08	167225	0	14
2018.04.11	1339.54	1365.20	1339.49	1353.08	184524	0	14
2018.04.12	1352.57	1353.15	1333.71	1334.87	179163	0	14
2018.04.13	1335.54	1347.10	1333.05	1345.07	155453	0	14
2018.04.16	1342.69	1350.48	1340.11	1345.59	141294	0	14
2018.04.17	1345.89	1349.36	1337.65	1347.17	141939	0	14
2018.04.18	1347.12	1355.67	1342.27	1349.21	148681	0	14
2018.04.19	1349.17	1354.65	1340.93	1345.70	167626	0	14
2018.04.20	1345.68	1346.15	1334.94	1335.44	137570	0	14
2018.04.23	1334.69	1335.43	1322.11	1324.76	142291	0	14
2018.04.24	1324.78	1332.64	1322.11	1330.77	150264	0	14
2018.04.25	1330.06	1332.03	1318.76	1322.88	132330	0	14
2018.04.26	1322.09	1326.57	1315.26	1317.01	137917	0	14
2018.04.27	1317.36	1325.19	1315.37	1322.91	124480	0	14
2018.04.30	1322.78	1324.88	1310.18	1314.98	119515	0	14
2018.05.01	1316.11	1316.32	1301.74	1304.00	121525	0	14
2018.05.02	1304.61	1313.43	1303.88	1304.92	164714	0	14
2018.05.03	1305.61	1318.06	1305.39	1312.19	161484	0	14
2018.05.04	1312.34	1315.32	1307.93	1314.60	138486	0	14
2018.05.07	1314.89	1318.86	1310.21	1314.20	117778	0	14
2018.05.08	1314.30	1317.77	1305.92	1314.67	157331	0	14
2018.05.09	1314.99	1317.38	1304.28	1312.36	150024	0	14
2018.05.10	1312.19	1322.82	1310.72	1321.05	151330	0	14
2018.05.11	1321.28	1325.90	1316.86	1317.93	121865	0	14
2018.05.14	1318.11	1322.29	1312.91	1313.13	113839	0	14
2018.05.15	1314.14	1314.84	1288.66	1290.77	155008	0	14
2018.05.16	1290.69	1296.87	1286.38	1290.48	149270	0	14
2018.05.17	1290.96	1294.34	1284.93	1290.77	142011	0	14
2018.05.18	1290.49	1294.18	1286.06	1292.48	119227	0	14
2018.05.21	1291.52	1293.12	1282.00	1292.48	122414	0	14
2018.05.22	1292.62	1296.09	1287.90	1291.02	125944	0	14
2018.05.23	1291.23	1298.28	1287.54	1293.18	169357	0	14
2018.05.24	1293.90	1306.59	1292.72	1304.25	146932	0	14
2018.05.25	1304.84	1307.75	1299.83	1300.52	145825	0	14
2018.05.28	1299.41	1300.30	1295.48	1298.02	94074	0	14
2018.05.29	1297.64	1306.57	1292.48	1298.64	188420	0	14
2018.05.30	1299.68	1304.28	1295.86	1301.55	187898	0	14
2018.05.31	1301.70	1306.43	1297.26	1298.24	173824	0	10
2018.06.01	1298.89	1300.54	1289.34	1293.27	148261	0	12
2018.06.04	1293.04	1298.08	1290.15	1291.81	104639	0	14
2018.06.05	1292.18	1300.50	1289.69	1296.49	98789	0	14
2018.06.06	1296.84	1301.76	1293.73	1295.95	110400	0	14
2018.06.07	1296.61	1303.09	1294.82	1296.71	121216	0	14
2018.06.08	1297.30	1300.51	1292.05	1298.60	109659	0	14
2018.06.11	1299.10	1302.20	1294.02	1300.35	92238	0	10
2018.06.12	1299.92	1300.23	1292.76	1295.52	101378	0	14
2018.06.13	1295.44	1301.20	1291.82	1299.46	96092	0	14
2018.06.14	1299.85	1309.28	1297.48	1302.25	121003	0	14
2018.06.15	1302.16	1303.07	1275.33	1280.19	129675	0	13
2018.06.18	1279.13	1282.39	1276.99	1278.20	85837	0	14
2018.06.19	1278.88	1283.99	1270.31	1274.46	111610	0	14
2018.06.20	1274.94	1276.38	1267.56	1267.56	94109	0	14
2018.06.21	1268.05	1270.06	1261.29	1267.24	100373	0	14
2018.06.22	1267.38	1271.03	1266.58	1269.21	91474	0	14
2018.06.25	1271.37	1272.56	1264.40	1265.32	86382	0	14
2018.06.26	1266.04	1267.61	1254.71	1258.45	96159	0	14
2018.06.27	1258.44	1260.05	1250.59	1251.79	120092	0	14
2018.06.28	1252.31	1254.24	1245.84	1248.14	107121	0	14
2018.06.29	1248.01	1255.57	1245.99	1252.74	105028	0	14
2018.07.02	1252.73	1254.15	1239.63	1241.49	92846	0	13
2018.07.03	1241.89	1256.85	1237.82	1252.78	99797	0	14
2018.07.04	1252.47	1261.07	1252.34	1256.47	66160	0	14
2018.07.05	1256.24	1259.68	1251.24	1257.17	96710	0	12
2018.07.06	1257.20	1258.94	1252.69	1254.56	84745	0	14
2018.07.09	1255.25	1265.84	1254.83	1257.41	85737	0	14
2018.07.10	1257.64	1260.24	1247.28	1255.93	92226	0	14
2018.07.11	1255.70	1256.84	1241.41	1242.18	107273	0	14
2018.07.12	1242.46	1248.50	1241.24	1246.94	124630	0	14
2018.07.13	1246.83	1248.04	1236.30	1241.06	87152	0	14
2018.07.16	1241.27	1245.51	1238.28	1240.80	85141	0	14
2018.07.17	1240.73	1244.94	1226.02	1227.28	94291	0	14
2018.07.18	1227.67	1229.10	1220.98	1227.50	83759	0	14
2018.07.19	1226.98	1228.98	1211.45	1222.86	110290	0	12
2018.07.20	1223.75	1232.22	1215.63	1231.59	123284	0	14
2018.07.23	1230.39	1235.15	1222.19	1224.42	106778	0	14
2018.07.24	1224.75	1229.45	1218.10	1224.45	111426	0	15
2018.07.25	1224.42	1234.14	1223.16	1231.57	115521	0	15
2018.07.26	1231.46	1235.18	1222.29	1222.84	98777	0	15
2018.07.27	1223.57	1227.32	1217.51	1222.81	94003	0	15
2018.07.30	1223.34	1225.03	1218.96	1221.28	66294	0	14
2018.07.31	1221.54	1228.53	1213.93	1223.94	101959	0	10
2018.08.01	1224.13	1224.76	1215.69	1216.05	90683	0	15
2018.08.02	1216.52	1221.05	1206.97	1207.72	94114	0	15
2018.08.03	1208.68	1219.98	1204.40	1213.14	97934	0	15
2018.08.06	1213.61	1217.85	1206.48	1207.10	73287	0	15
2018.08.07	1208.09	1216.10	1207.65	1210.58	74692	0	15
2018.08.08	1211.01	1215.82	1206.35	1213.38	76923	0	13
2018.08.09	1213.62	1217.31	1210.72	1212.16	86741	0	15
2018.08.10	1212.55	1217.09	1205.70	1211.38	118336	0	15
2018.08.13	1212.51	1213.80	1191.60	1193.64	90397	0	15
2018.08.14	1194.01	1198.67	1191.99	1193.93	62151	0	15
2018.08.15	1194.26	1194.66	1173.07	1174.65	77457	0	15
2018.08.16	1175.55	1182.02	1160.07	1173.93	93034	0	14
2018.08.17	1173.69	1185.00	1171.79	1184.17	64952	0	15
2018.08.20	1183.46	1190.79	1182.60	1190.36	53212	0	15
2018.08.21	1190.37	1196.91	1187.65	1196.12	69290	0	15
2018.08.22	1196.05	1201.52	1192.54	1195.42	68635	0	15
2018.08.23	1195.89	1196.54	1183.80	1185.27	64778	0	15
2018.08.24	1185.30	1208.49	1183.18	1205.88	68650	0	15
2018.08.27	1207.20	1212.33	1203.11	1211.07	48250	0	12
2018.08.28	1210.81	1214.21	1199.53	1200.96	64378	0	15
2018.08.29	1201.47	1207.26	1201.29	1206.53	58304	0	12
2018.08.30	1206.91	1207.81	1196.17	1199.61	60868	0	11
2018.08.31	1200.00	1208.77	1198.21	1200.78	75806	0	15
2018.09.03	1200.68	1203.84	1195.60	1201.25	59262	0	15
2018.09.04	1200.67	1201.93	1189.56	1191.03	76229	0	15
2018.09.05	1191.72	1198.37	1190.79	1196.48	65696	0	15
2018.09.06	1197.13	1206.95	1195.74	1199.97	88985	0	15
2018.09.07	1200.33	1203.48	1193.41	1195.83	79092	0	15
2018.09.10	1196.35	1198.49	1191.44	1195.57	60154	0	15
2018.09.11	1195.46	1199.32	1187.66	1198.37	64425	0	15
2018.09.12	1197.99	1208.43	1192.63	1206.06	67159	0	15
2018.09.13	1206.47	1212.60	1200.07	1201.26	74782	0	15
2018.09.14	1201.63	1208.52	1192.84	1193.43	74488	0	15
2018.09.17	1193.67	1204.77	1192.75	1200.93	61098	0	13
2018.09.18	1201.38	1203.48	1195.82	1198.04	80695	0	15
2018.09.19	1197.95	1206.16	1197.92	1203.68	69378	0	15
2018.09.20	1203.81	1208.40	1201.23	1207.07	69611	0	14
2018.09.21	1206.75	1211.03	1191.78	1199.10	70594	0	15
2018.09.24	1198.88	1204.12	1194.36	1198.66	52248	0	15
2018.09.25	1198.93	1203.34	1197.01	1201.06	55189	0	15
2018.09.26	1201.33	1202.44	1190.47	1194.22	87291	0	15
2018.09.27	1194.83	1198.52	1181.84	1182.52	62745	0	15
2018.09.28	1183.34	1193.94	1180.66	1191.51	64208	0	15
2018.10.01	1191.89	1192.15	1184.51	1188.66	52576	0	15
2018.10.02	1188.81	1208.19	1188.67	1202.74	69784	0	15
2018.10.03	1203.98	1208.25	1196.43	1196.85	61515	0	15
2018.10.04	1197.97	1206.74	1195.95	1199.72	70104	0	15
2018.10.05	1199.65	1205.76	1197.20	1202.75	72912	0	15
2018.10.08	1203.18	1204.04	1183.33	1187.96	37667	0	15
2018.10.09	1188.20	1191.81	1183.16	1189.48	60546	0	15
2018.10.10	1189.46	1194.75	1185.25	1194.03	60583	0	15
2018.10.11	1194.18	1226.30	1191.22	1224.82	84466	0	15
2018.10.12	1223.21	1223.67	1215.80	1217.76	63032	0	13
2018.10.15	1217.78	1233.22	1217.74	1226.81	62824	0	15
2018.10.16	1227.19	1232.36	1223.40	1224.42	58611	0	15
2018.10.17	1224.87	1229.43	1220.53	1222.21	53881	0	12
2018.10.18	1221.96	1230.10	1218.63	1225.75	61042	0	13
2018.10.19	1225.47	1230.75	1223.02	1226.38	59969	0	15
2018.10.22	1228.00	1229.51	1219.97	1221.86	50370	0	15
2018.10.23	1222.05	1239.71	1221.65	1230.34	57126	0	15
2018.10.24	1230.87	1233.57	1225.55	1233.33	59709	0	15
2018.10.25	1233.92	1239.14	1228.05	1231.86	58668	0	15
2018.10.26	1232.08	1243.36	1229.98	1233.53	84231	0	15
2018.10.29	1232.96	1235.34	1224.25	1229.47	68326	0	15
2018.10.30	1229.55	1230.53	1219.80	1222.97	52328	0	12
2018.10.31	1222.40	1222.96	1211.93	1214.48	58086	0	15
2018.11.01	1215.30	1237.33	1215.26	1233.04	66877	0	15
2018.11.02	1234.29	1236.37	1229.67	1232.75	70496	0	15
2018.11.05	1233.14	1235.10	1226.82	1231.36	51254	0	10
2018.11.06	1231.31	1235.89	1223.44	1227.03	57608	0	15
2018.11.07	1227.19	1236.43	1222.93	1226.36	86968	0	12
2018.11.08	1226.39	1227.03	1219.98	1223.37	56146	0	12
2018.11.09	1223.25	1223.44	1206.65	1209.32	58787	0	13
2018.11.12	1209.41	1211.39	1200.16	1200.16	51033	0	15
2018.11.13	1201.10	1205.11	1196.21	1201.99	59864	0	12
2018.11.14	1202.63	1216.49	1197.64	1210.54	76536	0	15
2018.11.15	1210.99	1216.42	1207.66	1212.69	68387	0	15
2018.11.16	1213.25	1225.23	1213.10	1221.20	59300	0	15
2018.11.19	1221.94	1225.16	1217.97	1223.85	50688	0	15
2018.11.20	1223.83	1228.70	1219.93	1221.52	66031	0	15
2018.11.21	1221.85	1230.03	1219.65	1225.82	51457	0	12
2018.11.22	1225.42	1229.06	1224.81	1226.96	34363	0	15
2018.11.23	1226.98	1228.49	1219.88	1222.51	43894	0	15
2018.11.26	1223.38	1228.07	1221.65	1222.15	47348	0	15
2018.11.27	1222.38	1225.21	1211.82	1214.47	50906	0	15
2018.11.28	1214.92	1226.65	1211.15	1221.06	51784	0	15
2018.11.29	1220.51	1228.91	1220.42	1224.03	60007	0	15
2018.11.30	1224.08	1225.49	1216.62	1221.96	52149	0	15
2018.12.03	1222.91	1234.86	1221.25	1230.84	60510	0	15
2018.12.04	1230.67	1241.89	1230.38	1238.54	65890	0	15
2018.12.05	1238.54	1239.20	1233.25	1237.06	29802	0	16
2018.12.06	1237.26	1244.29	1234.68	1237.76	76720	0	14
2018.12.07	1237.72	1249.98	1237.24	1248.41	61676	0	15
2018.12.10	1250.40	1250.49	1241.55	1244.09	70502	0	15
2018.12.11	1244.78	1249.46	1240.96	1242.83	75476	0	15
2018.12.12	1243.15	1247.19	1241.93	1245.39	59387	0	16
2018.12.13	1245.73	1246.68	1240.05	1242.00	62080	0	15
2018.12.14	1241.71	1242.95	1232.89	1238.00	64452	0	15
2018.12.17	1237.33	1248.06	1235.47	1245.80	45136	0	12
2018.12.18	1245.69	1250.33	1244.97	1249.37	57195	0	15
2018.12.19	1249.78	1257.99	1241.61	1242.98	77529	0	15
2018.12.20	1244.23	1266.43	1242.68	1259.69	61651	0	15
2018.12.21	1260.51	1262.70	1253.85	1255.38	49285	0	15
2018.12.24	1258.48	1269.75	1257.89	1268.30	35322	0	15
2018.12.26	1272.38	1279.05	1264.46	1266.78	40974	0	15
2018.12.27	1266.65	1278.92	1265.51	1275.50	51120	0	15
2018.12.28	1275.35	1282.10	1274.20	1280.59	44994	0	15
2018.12.31	1279.92	1284.02	1277.38	1280.23	29951	0	15
2019.01.02	1282.21	1288.70	1278.64	1284.60	39271	0	14
2019.01.03	1287.68	1294.96	1284.50	1293.97	57318	0	12
2019.01.04	1293.66	1298.52	1276.54	1284.53	61565	0	15
2019.01.07	1285.34	1295.03	1282.56	1288.72	46553	0	15
2019.01.08	1289.16	1290.18	1279.31	1285.04	43237	0	15
2019.01.09	1284.62	1293.90	1280.01	1292.93	50186	0	14
2019.01.10	1292.98	1297.03	1286.03	1286.10	42686	0	15
2019.01.11	1286.75	1295.12	1286.72	1287.39	37019	0	15
2019.01.14	1288.04	1295.79	1287.77	1291.37	37149	0	15
2019.01.15	1292.40	1294.59	1286.71	1288.92	42365	0	15
2019.01.16	1289.58	1294.95	1287.78	1293.62	37703	0	12
2019.01.17	1293.70	1295.33	1288.67	1291.78	37454	0	15
2019.01.18	1292.24	1292.40	1280.56	1281.18	36426	0	15
2019.01.21	1282.53	1283.47	1276.76	1280.03	22469	0	15
2019.01.22	1280.14	1285.41	1277.35	1284.97	33935	0	15
2019.01.23	1284.90	1286.47	1278.59	1282.42	29596	0	14
2019.01.24	1282.78	1284.71	1276.70	1280.75	33915	0	13
2019.01.25	1280.33	1303.91	1279.89	1302.79	39372	0	13
2019.01.28	1302.27	1304.35	1297.56	1303.21	30687	0	13
2019.01.29	1303.12	1311.94	1302.66	1311.66	36066	0	13
2019.01.30	1311.51	1323.37	1308.92	1319.59	44860	0	15
2019.01.31	1320.30	1326.25	1317.36	1321.05	43609	0	12
2019.02.01	1320.95	1323.44	1316.06	1317.71	40010	0	12
2019.02.04	1317.60	1317.89	1308.53	1311.96	32119	0	9
2019.02.05	1311.76	1316.77	1310.66	1314.87	30404	0	15
2019.02.06	1314.60	1315.74	1305.53	1306.33	28894	0	15
2019.02.07	1307.41	1311.90	1302.73	1309.95	34320	0	15
2019.02.08	1309.96	1315.60	1307.72	1313.95	28521	0	15
2019.02.11	1313.14	1314.80	1303.59	1308.10	30756	0	15
2019.02.12	1307.39	1314.68	1306.45	1310.57	31972	0	15
2019.02.13	1311.12	1318.11	1304.94	1305.88	38150	0	15
2019.02.14	1306.46	1314.31	1302.34	1312.21	42537	0	15
2019.02.15	1312.61	1322.57	1311.29	1321.26	39684	0	15
2019.02.18	1317.36	1327.61	1315.81	1326.06	24647	0	16
2019.02.19	1326.23	1341.81	1322.81	1341.16	40578	0	15
2019.02.20	1339.91	1346.66	1336.83	1338.20	44124	0	15
2019.02.21	1339.03	1341.43	1320.88	1323.30	45926	0	15
2019.02.22	1324.22	1333.05	1321.50	1327.56	42277	0	15
2019.02.25	1327.47	1332.51	1325.07	1327.24	39118	0	15
2019.02.26	1327.22	1330.15	1323.43	1328.69	37082	0	15
2019.02.27	1329.03	1329.81	1316.57	1319.62	30907	0	0
2019.02.28	1319.99	1327.22	1312.55	1313.08	44328	0	13
2019.03.01	1314.15	1315.17	1290.12	1293.42	44869	0	8
2019.03.04	1295.06	1296.96	1282.80	1286.46	40156	0	15
2019.03.05	1286.88	1289.55	1281.13	1287.38	37932	0	15
2019.03.06	1287.23	1290.86	1283.49	1286.15	36348	0	15
2019.03.07	1286.52	1288.99	1280.77	1285.33	39802	0	12
2019.03.08	1284.52	1300.69	1284.41	1298.23	44398	0	15
2019.03.11	1296.85	1299.04	1290.42	1293.27	32454	0	15
2019.03.12	1293.04	1302.19	1291.96	1301.15	31873	0	15
2019.03.13	1300.91	1311.19	1300.87	1309.10	31237	0	15
2019.03.14	1309.79	1310.31	1292.73	1296.08	33687	0	15
2019.03.15	1296.09	1306.36	1293.93	1301.92	33130	0	12
2019.03.18	1302.24	1306.67	1298.13	1303.41	29029	0	15
2019.03.19	1303.35	1310.87	1302.27	1306.41	32840	0	15
2019.03.20	1306.63	1316.98	1298.57	1312.34	40670	0	15
2019.03.21	1314.15	1320.35	1303.16	1309.28	40550	0	15
2019.03.22	1309.15	1314.92	1306.79	1313.07	42107	0	15
2019.03.25	1312.19	1324.49	1310.91	1322.01	36116	0	15
2019.03.26	1321.89	1323.21	1312.63	1315.10	33737	0	12
2019.03.27	1316.56	1319.27	1308.02	1309.63	49515	0	14
2019.03.28	1309.31	1312.24	1288.48	1289.87	40599	0	15
2019.03.29	1291.03	1299.71	1286.66	1292.16	36253	0	8
2019.04.01	1292.15	1296.97	1286.37	1287.30	35818	0	14
2019.04.02	1287.35	1292.41	1285.24	1292.34	25835	0	12
2019.04.03	1292.19	1294.52	1288.34	1289.66	27327	0	14
2019.04.04	1290.39	1294.35	1280.88	1292.38	27632	0	13
2019.04.05	1292.74	1293.53	1284.35	1291.49	27455	0	13
2019.04.08	1292.17	1303.66	1291.39	1297.49	23309	0	10
2019.04.09	1297.78	1306.15	1296.55	1303.90	33090	0	13
2019.04.10	1304.36	1310.53	1300.90	1307.94	33655	0	15
2019.04.11	1308.05	1309.13	1289.53	1292.26	40410	0	15
2019.04.12	1292.42	1295.76	1290.01	1290.46	35036	0	9
2019.04.15	1291.22	1291.89	1282.43	1287.57	30511	0	11
2019.04.16	1287.82	1288.72	1272.89	1276.69	37582	0	15
2019.04.17	1276.72	1279.71	1272.93	1273.76	32860	0	13
2019.04.18	1274.26	1277.65	1271.09	1275.47	31394	0	12
2019.04.22	1275.72	1279.77	1273.74	1274.70	21624	0	15
2019.04.23	1275.25	1276.44	1266.21	1272.10	30666	0	14
2019.04.24	1272.14	1278.49	1268.72	1275.50	32797	0	14
2019.04.25	1275.62	1282.53	1273.31	1277.18	34181	0	12
2019.04.26	1277.33	1288.67	1274.15	1285.95	38920	0	10
2019.04.29	1285.92	1286.65	1278.01	1279.49	30175	0	11
2019.04.30	1279.91	1286.14	1279.85	1283.29	36375	0	9
2019.05.01	1283.13	1287.23	1272.83	1276.48	42936	0	8
2019.05.02	1277.06	1277.91	1266.20	1270.48	37990	0	12
2019.05.03	1270.52	1282.52	1268.13	1278.97	39549	0	15
2019.05.06	1282.56	1285.77	1276.93	1280.20	39892	0	12
2019.05.07	1281.33	1286.03	1278.13	1284.28	39904	0	12
2019.05.08	1283.91	1291.44	1279.27	1280.49	42097	0	13
2019.05.09	1281.23	1288.17	1279.56	1283.40	46217	0	15
2019.05.10	1284.43	1289.37	1283.11	1285.66	48490	0	14
2019.05.13	1287.13	1301.19	1281.90	1299.79	44745	0	15
2019.05.14	1300.59	1303.23	1293.65	1296.76	32675	0	12
2019.05.15	1297.04	1300.84	1292.99	1296.35	38680	0	15
2019.05.16	1296.45	1298.72	1283.97	1286.31	36934	0	14
2019.05.17	1286.54	1288.89	1274.72	1277.48	38861	0	15
2019.05.20	1278.29	1278.95	1273.61	1277.63	30684	0	15
2019.05.21	1277.54	1277.86	1269.41	1274.69	29422	0	13
2019.05.22	1274.50	1277.26	1272.43	1273.41	28455	0	10
2019.05.23	1273.64	1287.27	1272.78	1283.56	42712	0	14
2019.05.24	1283.49	1285.20	1280.71	1284.80	32122	0	12
2019.05.27	1285.21	1287.33	1283.72	1284.95	15551	0	14
2019.05.28	1285.20	1286.51	1276.09	1279.40	38161	0	12
2019.05.29	1279.39	1285.51	1279.11	1280.20	45534	0	15
2019.05.30	1280.00	1289.17	1274.95	1288.41	37312	0	10
2019.05.31	1288.29	1306.92	1287.93	1305.13	47039	0	12
2019.06.03	1306.59	1327.92	1306.49	1324.48	50885	0	13
2019.06.04	1324.89	1329.00	1319.87	1325.59	49993	0	15
2019.06.05	1325.24	1344.04	1324.49	1330.09	65031	0	9
2019.06.06	1332.17	1339.79	1327.18	1335.52	55111	0	15
2019.06.07	1335.90	1348.23	1330.23	1340.24	52484	0	15
2019.06.10	1334.62	1337.65	1325.03	1327.84	47974	0	15
2019.06.11	1328.06	1329.84	1319.83	1326.65	46762	0	15
2019.06.12	1326.87	1338.38	1325.98	1333.23	50814	0	15
2019.06.13	1333.66	1343.09	1332.38	1341.81	43496	0	15
2019.06.14	1342.27	1358.12	1337.73	1340.82	62043	0	15
2019.06.17	1341.76	1343.47	1332.93	1339.48	49206	0	15
2019.06.18	1340.04	1354.57	1338.59	1346.51	71328	0	15
2019.06.19	1346.14	1362.54	1341.31	1359.64	72466	0	15
2019.06.20	1359.47	1393.90	1357.65	1388.35	102246	0	15
2019.06.21	1387.40	1411.76	1382.48	1398.68	118183	0	15
2019.06.24	1399.87	1421.41	1399.42	1419.11	78266	0	15
2019.06.25	1418.00	1439.21	1411.82	1423.19	130617	0	15
2019.06.26	1419.69	1422.04	1401.82	1408.67	109233	0	15
2019.06.27	1407.94	1412.12	1398.59	1409.10	76489	0	15
2019.06.28	1408.70	1424.60	1405.63	1409.91	80301	0	15
2019.07.01	1391.67	1397.72	1381.66	1383.75	91450	0	15
2019.07.02	1383.94	1420.97	1383.74	1418.00	79268	0	15
2019.07.03	1422.59	1437.73	1411.96	1418.41	97900	0	15
2019.07.04	1420.14	1421.61	1410.13	1415.29	37381	0	15
2019.07.05	1416.39	1424.15	1386.63	1398.09	77113	0	15
2019.07.08	1399.09	1407.53	1391.68	1395.28	58768	0	15
2019.07.09	1394.69	1399.93	1385.69	1397.51	51415	0	15
2019.07.10	1395.68	1418.55	1389.81	1417.87	68331	0	15
2019.07.11	1419.07	1427.07	1400.73	1403.73	65404	0	15
2019.07.12	1404.51	1416.84	1403.08	1414.83	53268	0	15
2019.07.15	1416.52	1419.73	1407.63	1413.70	48080	0	15
2019.07.16	1414.44	1418.22	1400.68	1405.82	54713	0	15
2019.07.17	1406.48	1426.75	1400.01	1426.21	51546	0	15
2019.07.18	1426.30	1448.07	1414.56	1445.65	78476	0	15
2019.07.19	1448.13	1452.92	1420.13	1424.96	91707	0	15
2019.07.22	1426.44	1429.98	1422.18	1424.67	61460	0	15
2019.07.23	1424.71	1430.21	1414.13	1417.60	61934	0	15
2019.07.24	1417.19	1429.51	1416.27	1425.11	58410	0	15
2019.07.25	1425.24	1433.73	1411.00	1414.11	70765	0	15
2019.07.26	1414.84	1424.79	1413.40	1418.31	47512	0	15
2019.07.29	1420.75	1428.11	1414.80	1426.62	36670	0	15
2019.07.30	1425.73	1433.20	1422.26	1430.61	45064	0	15
2019.07.31	1430.57	1434.47	1410.17	1412.23	75264	0	15
2019.08.01	1415.85	1445.95	1400.44	1444.89	91909	0	15
2019.08.02	1445.59	1447.93	1430.29	1440.32	109809	0	15
2019.08.05	1440.29	1469.72	1436.67	1463.72	111163	0	15
2019.08.06	1467.57	1474.81	1456.33	1474.27	98081	0	15
2019.08.07	1474.58	1510.33	1472.18	1501.25	134373	0	15
2019.08.08	1498.84	1509.53	1489.97	1500.88	101100	0	15
2019.08.09	1506.34	1508.09	1494.74	1497.02	88737	0	15
2019.08.12	1496.05	1519.99	1487.20	1511.72	77110	0	15
2019.08.13	1510.51	1534.95	1479.77	1501.35	121062	0	15
2019.08.14	1501.62	1524.03	1493.78	1516.18	121466	0	14
2019.08.15	1518.59	1526.97	1507.81	1523.42	135399	0	14
2019.08.16	1521.85	1527.97	1503.63	1512.10	87768	0	14
2019.08.19	1509.43	1512.90	1493.18	1495.79	77501	0	14
2019.08.20	1496.54	1508.55	1492.93	1507.36	63548	0	14
2019.08.21	1506.52	1508.03	1496.43	1502.31	61239	0	14
2019.08.22	1501.86	1504.55	1492.43	1498.16	66041	0	14
2019.08.23	1498.54	1530.20	1493.47	1526.25	98456	0	14
2019.08.26	1545.74	1555.21	1524.93	1527.38	127966	0	14
2019.08.27	1527.27	1544.65	1525.63	1542.63	83672	0	14
2019.08.28	1540.96	1546.83	1531.79	1541.01	89182	0	14
2019.08.29	1539.02	1550.30	1519.52	1526.87	107263	0	14
2019.08.30	1527.53	1533.11	1516.93	1520.55	92368	0	14
2019.09.02	1529.39	1533.77	1519.22	1528.96	50614	0	14
2019.09.03	1526.91	1549.68	1521.61	1548.70	100722	0	14
2019.09.04	1546.53	1556.98	1533.78	1552.60	95612	0	14
2019.09.05	1551.44	1552.95	1506.19	1518.89	103092	0	14
2019.09.06	1518.45	1527.81	1502.47	1506.38	109340	0	14
2019.09.09	1503.51	1515.43	1497.54	1498.81	81607	0	14
2019.09.10	1498.32	1500.97	1484.45	1485.77	87411	0	14
2019.09.11	1486.28	1498.23	1485.99	1496.52	66314	0	14
2019.09.12	1496.74	1524.13	1489.16	1498.97	93718	0	14
2019.09.13	1497.62	1508.94	1485.71	1488.55	73329	0	14
2019.09.16	1500.71	1512.09	1495.83	1498.40	84660	0	14
2019.09.17	1498.49	1507.03	1493.39	1501.32	67403	0	14
2019.09.18	1501.47	1511.54	1482.97	1493.24	65272	0	14
2019.09.19	1492.89	1504.45	1488.92	1498.47	74260	0	14
2019.09.20	1499.19	1517.01	1497.89	1516.27	60729	0	14
2019.09.23	1512.63	1526.77	1511.48	1522.12	71616	0	14
2019.09.24	1523.09	1535.63	1515.55	1531.17	77381	0	14
2019.09.25	1533.29	1535.08	1500.40	1503.64	84604	0	14
2019.09.26	1503.66	1512.25	1500.25	1504.56	74798	0	14
2019.09.27	1503.95	1507.34	1486.79	1496.61	87365	0	14
2019.09.30	1496.25	1500.41	1464.43	1472.29	85679	0	14
2019.10.01	1472.93	1487.19	1459.03	1479.38	91422	0	14
2019.10.02	1480.06	1505.02	1474.44	1499.92	90625	0	14
2019.10.03	1498.96	1519.48	1495.76	1504.83	93063	0	14
2019.10.04	1506.04	1515.54	1495.77	1504.50	88317	0	14
2019.10.07	1508.53	1509.25	1487.97	1493.27	86523	0	14
2019.10.08	1493.37	1509.65	1486.81	1505.48	107974	0	14
2019.10.09	1506.45	1512.34	1499.80	1505.42	86218	0	14
2019.10.10	1505.70	1516.98	1491.02	1493.39	115499	0	14
2019.10.11	1494.46	1503.13	1473.93	1487.93	118368	0	14
2019.10.14	1486.43	1497.06	1482.77	1493.03	74909	0	14
2019.10.15	1492.37	1498.53	1477.13	1481.00	85309	0	14
2019.10.16	1481.09	1491.51	1476.96	1489.52	91869	0	14
2019.10.17	1489.99	1497.31	1483.37	1492.23	81532	0	14
2019.10.18	1491.98	1494.17	1484.81	1489.93	72019	0	14
2019.10.21	1491.65	1495.17	1481.42	1484.06	73746	0	14
2019.10.22	1484.53	1488.93	1480.78	1487.77	69834	0	14
2019.10.23	1487.93	1496.23	1487.62	1491.75	65293	0	14
2019.10.24	1491.33	1503.96	1487.93	1502.90	67974	0	14
2019.10.25	1503.03	1517.93	1500.55	1504.16	76377	0	14
2019.10.28	1503.29	1508.17	1489.93	1492.54	76826	0	14
2019.10.29	1491.81	1494.71	1483.33	1487.90	73054	0	14
2019.10.30	1487.39	1496.52	1481.08	1495.60	74557	0	14
2019.10.31	1495.77	1514.19	1493.89	1512.13	70127	0	14
2019.11.01	1512.49	1516.09	1503.22	1513.90	72696	0	14
2019.11.04	1512.69	1514.77	1504.34	1509.48	60931	0	14
2019.11.05	1508.83	1509.61	1479.31	1483.78	86931	0	14
2019.11.06	1483.71	1494.13	1482.91	1490.14	70392	0	14
2019.11.07	1489.79	1492.21	1460.46	1468.52	100691	0	14
2019.11.08	1468.11	1472.87	1456.12	1458.72	83604	0	14
2019.11.11	1460.22	1466.36	1448.15	1455.65	62464	0	14
2019.11.12	1454.99	1460.32	1445.57	1456.30	88273	0	14
2019.11.13	1457.29	1467.00	1456.64	1463.26	84024	0	14
2019.11.14	1463.99	1474.55	1461.07	1470.97	79413	0	14
2019.11.15	1471.22	1471.31	1462.37	1467.37	63220	0	14
2019.11.18	1467.85	1473.89	1456.28	1470.78	65688	0	14
2019.11.19	1470.65	1475.23	1464.72	1472.31	70981	0	15
2019.11.20	1473.67	1478.75	1465.88	1471.05	80216	0	14
2019.11.21	1474.90	1475.59	1462.28	1464.32	84627	0	14
2019.11.22	1464.37	1473.18	1461.25	1461.81	69819	0	14
2019.11.25	1460.39	1462.08	1454.00	1454.94	58527	0	14
2019.11.26	1454.94	1462.87	1450.02	1461.30	55649	0	14
2019.11.27	1461.11	1461.75	1452.45	1453.93	57103	0	14
2019.11.28	1455.75	1458.26	1454.16	1455.74	31775	0	16
2019.11.29	1455.39	1466.53	1452.94	1463.83	48203	0	14
2019.12.02	1462.43	1465.29	1453.89	1462.45	65523	0	14
2019.12.03	1461.61	1481.73	1459.78	1477.32	65924	0	14
2019.12.04	1476.47	1484.01	1471.35	1474.33	79731	0	14
2019.12.05	1474.37	1480.29	1472.86	1475.76	68940	0	14
2019.12.06	1476.04	1479.82	1458.66	1459.53	63328	0	14
2019.12.09	1458.58	1465.35	1458.48	1461.71	46080	0	16
2019.12.10	1461.41	1469.17	1459.95	1464.35	66086	0	14
2019.12.11	1464.16	1478.84	1462.63	1474.72	63369	0	14
2019.12.12	1474.89	1486.69	1463.89	1469.40	80536	0	14
2019.12.13	1466.57	1478.00	1461.73	1475.44	92543	0	14
2019.12.16	1474.85	1479.85	1473.09	1475.90	55769	0	14
2019.12.17	1475.89	1480.49	1474.12	1475.99	55358	0	10
2019.12.18	1475.76	1479.24	1470.38	1475.45	51047	0	14
2019.12.19	1475.30	1481.64	1473.19	1478.70	49593	0	10
2019.12.20	1478.94	1480.94	1475.78	1477.93	44501	0	12
2019.12.23	1477.96	1486.09	1477.46	1485.38	44323	0	10
2019.12.24	1485.20	1500.44	1484.33	1498.99	39618	0	14
2019.12.26	1503.27	1512.56	1502.27	1511.04	42592	0	14
2019.12.27	1510.77	1515.29	1507.28	1510.63	54172	0	14
2019.12.30	1511.16	1516.07	1510.70	1514.96	57637	0	10
2019.12.31	1514.63	1525.23	1514.54	1520.21	52009	0	14
2020.01.02	1520.26	1531.32	1518.38	1528.77	55524	0	14
2020.01.03	1528.25	1553.43	1527.86	1551.44	95044	0	14
2020.01.06	1575.89	1582.09	1560.70	1565.63	118721	0	14
2020.01.07	1564.53	1577.32	1555.23	1573.24	96091	0	7
2020.01.08	1575.99	1611.35	1552.22	1556.36	156878	0	7
2020.01.09	1554.75	1561.29	1540.20	1552.08	87919	0	7
2020.01.10	1552.91	1563.13	1545.73	1561.76	78711	0	7
2020.01.13	1559.55	1560.60	1546.51	1548.34	72777	0	7
2020.01.14	1548.13	1548.85	1535.96	1546.25	85110	0	7
2020.01.15	1546.37	1558.17	1546.27	1556.22	73629	0	7
2020.01.16	1555.18	1558.06	1547.98	1552.46	65408	0	7
2020.01.17	1552.29	1561.21	1549.33	1556.83	64606	0	7
2020.01.20	1559.00	1562.76	1556.35	1560.50	31344	0	7
2020.01.21	1560.88	1568.59	1546.30	1557.91	84727	0	7
2020.01.22	1558.01	1559.22	1550.15	1558.60	68635	0	7
2020.01.23	1558.55	1567.91	1551.85	1562.80	80486	0	7
2020.01.24	1561.79	1575.95	1556.49	1570.90	81710	0	7
2020.01.27	1580.71	1588.28	1575.87	1581.88	105097	0	7
2020.01.28	1580.91	1583.03	1565.44	1567.78	83057	0	7
2020.01.29	1568.65	1578.00	1563.35	1577.11	72438	0	7
2020.01.30	1575.25	1585.99	1572.22	1573.85	96702	0	7
2020.01.31	1575.06	1590.48	1570.87	1588.83	97516	0	7
2020.02.03	1588.65	1592.00	1569.28	1576.30	91040	0	7
2020.02.04	1578.56	1579.61	1548.97	1552.74	81029	0	7
2020.02.05	1553.18	1562.41	1547.38	1556.41	84219	0	7
2020.02.06	1554.67	1568.23	1552.46	1566.46	71100	0	7
2020.02.07	1565.81	1574.05	1560.08	1570.00	97707	0	7
2020.02.10	1569.27	1577.01	1567.96	1571.87	72137	0	8
2020.02.11	1572.09	1574.05	1561.92	1567.63	75255	0	7
2020.02.12	1567.49	1570.46	1561.95	1565.73	65805	0	7
2020.02.13	1566.13	1578.33	1565.51	1575.98	80200	0	7
2020.02.14	1575.91	1585.01	1573.02	1583.69	60275	0	7
2020.02.17	1581.25	1583.78	1578.85	1580.86	30617	0	7
2020.02.18	1583.69	1605.05	1583.23	1601.35	78332	0	7
2020.02.19	1601.17	1612.91	1599.53	1611.34	81876	0	7
2020.02.20	1610.97	1623.73	1603.84	1619.26	105222	0	7
2020.02.21	1619.70	1649.23	1618.92	1643.73	115265	0	7
2020.02.24	1659.37	1689.25	1650.83	1658.50	156168	0	7
2020.02.25	1657.47	1658.77	1624.98	1635.26	176551	0	7
2020.02.26	1638.13	1654.95	1624.73	1640.50	161690	0	7
2020.02.27	1641.12	1660.37	1635.19	1644.23	163430	0	7
2020.02.28	1641.91	1649.46	1562.93	1584.70	186323	0	7
2020.03.02	1581.79	1610.94	1575.31	1589.75	171570	0	7
2020.03.03	1590.45	1649.29	1589.58	1639.48	146391	0	7
2020.03.04	1642.09	1653.13	1631.81	1635.73	124231	0	7
2020.03.05	1636.57	1674.57	1634.97	1671.58	121017	0	7
2020.03.06	1671.61	1692.09	1641.97	1674.06	164891	0	7
2020.03.09	1695.92	1703.44	1657.41	1678.15	151869	0	7
2020.03.10	1667.73	1671.42	1641.49	1649.37	143340	0	7
2020.03.11	1651.93	1671.24	1632.94	1636.63	128334	0	7
2020.03.12	1640.10	1650.07	1560.59	1578.63	158775	0	7
2020.03.13	1576.30	1597.91	1504.62	1529.78	192149	0	2
2020.03.16	1543.04	1562.94	1451.13	1509.09	219115	0	2
2020.03.17	1511.75	1553.85	1465.42	1527.80	208552	0	2
2020.03.18	1537.29	1543.29	1472.61	1484.63	192152	0	2
2020.03.19	1485.30	1500.77	1461.89	1474.34	137143	0	2
2020.03.20	1467.47	1515.93	1465.83	1498.64	104650	0	5
2020.03.23	1490.20	1561.08	1485.00	1552.39	110268	0	2
2020.03.24	1563.45	1632.30	1557.62	1625.33	74427	0	2
2020.03.25	1630.56	1638.85	1594.95	1616.35	63879	0	2
2020.03.26	1612.40	1644.37	1595.26	1628.93	52710	0	2
2020.03.27	1630.20	1631.06	1613.83	1622.55	58020	0	0
2020.03.30	1619.97	1632.25	1610.39	1620.31	65237	0	2
2020.03.31	1621.75	1622.22	1574.19	1576.78	83749	0	2
2020.04.01	1571.41	1599.96	1569.33	1591.26	72363	0	2
2020.04.02	1590.36	1620.17	1582.65	1611.66	100031	0	2
2020.04.03	1614.39	1626.04	1605.85	1615.70	68469	0	0
2020.04.06	1614.62	1669.88	1608.35	1658.19	94932	0	2
2020.04.07	1664.81	1674.02	1642.16	1647.94	113280	0	2
2020.04.08	1647.27	1656.87	1641.58	1645.40	70588	0	18
2020.04.09	1645.41	1690.43	1643.86	1683.56	100976	0	18
2020.04.13	1677.47	1723.27	1674.98	1711.98	79657	0	18
2020.04.14	1712.25	1747.40	1708.56	1726.54	121755	0	18
2020.04.15	1726.54	1731.11	1707.52	1716.50	101927	0	18
2020.04.16	1716.49	1738.66	1708.01	1718.38	120139	0	18
2020.04.17	1718.48	1718.52	1680.10	1682.14	126136	0	18
2020.04.20	1683.02	1702.70	1671.55	1695.28	149666	0	18
2020.04.21	1695.40	1697.86	1660.03	1683.54	159877	0	18
2020.04.22	1683.79	1718.74	1680.29	1714.87	96972	0	18
2020.04.23	1714.66	1738.78	1707.00	1730.31	135452	0	18
2020.04.24	1730.56	1736.35	1710.36	1726.41	124540	0	18
2020.04.27	1722.32	1727.59	1705.87	1714.94	122739	0	18
2020.04.28	1714.90	1716.16	1691.54	1707.65	120584	0	18
2020.04.29	1708.02	1717.67	1697.76	1712.89	123365	0	18
2020.04.30	1712.95	1721.72	1681.24	1685.98	131530	0	18
2020.05.01	1686.02	1705.47	1670.40	1699.60	146791	0	18
2020.05.04	1698.03	1713.44	1691.64	1701.00	90399	0	18
2020.05.05	1701.13	1712.04	1689.63	1704.71	93525	0	18
2020.05.06	1704.51	1708.06	1681.14	1685.19	86078	0	18
2020.05.07	1685.19	1722.01	1684.14	1715.25	93033	0	18
2020.05.08	1715.52	1723.60	1701.09	1702.09	112340	0	18
2020.05.11	1702.38	1711.80	1691.53	1697.64	112436	0	18
2020.05.12	1697.67	1710.95	1693.61	1702.26	101722	0	18
2020.05.13	1702.09	1718.08	1698.93	1715.30	133767	0	18
2020.05.14	1715.31	1736.39	1711.00	1730.06	124146	0	18
2020.05.15	1730.06	1751.68	1728.61	1741.85	144595	0	18
2020.05.18	1747.36	1765.08	1727.50	1732.20	145651	0	18
2020.05.19	1732.05	1748.03	1725.60	1744.24	150585	0	18
2020.05.20	1744.07	1753.80	1742.30	1747.21	120833	0	18
2020.05.21	1747.24	1748.79	1717.10	1726.76	126972	0	18
2020.05.22	1726.70	1740.09	1724.25	1735.45	99319	0	18
2020.05.25	1732.11	1733.34	1721.55	1728.22	64718	0	18
2020.05.26	1726.06	1735.41	1708.65	1710.31	112094	0	18
2020.05.27	1710.41	1715.99	1693.62	1709.57	91160	0	0
2020.05.28	1709.27	1727.57	1707.27	1718.68	91368	0	5
2020.05.29	1719.54	1737.69	1712.75	1730.41	86023	0	5
2020.06.01	1735.40	1744.51	1726.84	1739.48	86512	0	5
2020.06.02	1737.81	1745.09	1721.30	1727.45	83030	0	5
2020.06.03	1727.04	1731.75	1689.21	1698.26	97747	0	5
2020.06.04	1699.17	1721.73	1696.99	1712.80	90044	0	5
2020.06.05	1714.75	1716.04	1670.55	1684.30	107874	0	5
2020.06.08	1680.52	1700.67	1677.22	1698.39	86257	0	5
2020.06.09	1700.09	1720.83	1692.11	1714.16	95378	0	5
2020.06.10	1715.38	1739.75	1708.20	1737.83	97211	0	5
2020.06.11	1737.94	1744.63	1721.27	1728.56	113901	0	5
2020.06.12	1729.22	1743.03	1722.14	1730.57	99214	0	5
2020.06.15	1730.76	1734.13	1704.11	1725.24	114171	0	5
2020.06.16	1725.27	1732.84	1716.41	1726.41	101815	0	5
2020.06.17	1725.00	1730.23	1712.60	1726.19	75069	0	5
2020.06.18	1725.79	1737.59	1717.30	1722.48	80514	0	5
2020.06.19	1722.81	1745.28	1721.17	1742.26	74320	0	5
2020.06.22	1747.68	1763.20	1742.74	1754.55	94028	0	5
2020.06.23	1753.97	1771.07	1747.29	1766.95	91526	0	5
2020.06.24	1769.08	1779.43	1760.68	1761.28	97480	0	5
2020.06.25	1759.56	1768.87	1755.26	1763.63	80846	0	5
2020.06.26	1764.15	1772.03	1747.43	1769.57	77404	0	5
2020.06.29	1770.32	1775.43	1765.61	1772.60	65040	0	5
2020.06.30	1771.90	1785.94	1764.69	1780.54	64578	0	5
2020.07.01	1781.61	1789.08	1759.22	1769.84	83087	0	5
2020.07.02	1771.40	1779.39	1757.43	1774.97	71827	0	5
2020.07.03	1776.49	1777.10	1772.66	1774.90	30087	0	5
2020.07.06	1773.37	1787.00	1769.86	1784.25	60393	0	5
2020.07.07	1785.22	1797.34	1773.47	1794.60	71877	0	5
2020.07.08	1795.13	1817.92	1791.52	1808.45	69808	0	5
2020.07.09	1809.37	1815.91	1795.42	1802.32	76806	0	5
2020.07.10	1802.06	1810.43	1793.98	1798.57	62639	0	5
2020.07.13	1799.11	1813.31	1797.73	1802.27	71138	0	5
2020.07.14	1802.13	1810.84	1790.63	1808.99	80509	0	5
2020.07.15	1807.97	1815.04	1802.45	1809.97	65442	0	5
2020.07.16	1810.53	1813.29	1794.90	1796.84	63581	0	5
2020.07.17	1798.09	1811.95	1795.75	1809.68	48289	0	5
2020.07.20	1808.04	1820.53	1805.62	1817.21	69408	0	5
2020.07.21	1817.92	1843.47	1815.59	1841.48	84616	0	5
2020.07.22	1840.95	1872.02	1840.74	1871.22	126022	0	5
2020.07.23	1873.97	1898.36	1863.64	1885.97	137686	0	5
2020.07.24	1889.65	1906.50	1881.29	1901.63	97339	0	5
2020.07.27	1902.64	1945.62	1902.54	1940.96	137360	0	5
2020.07.28	1943.28	1981.16	1906.63	1957.98	162655	0	5
2020.07.29	1962.16	1980.75	1941.33	1970.82	110719	0	5
2020.07.30	1971.04	1971.32	1939.44	1957.54	124775	0	5
2020.07.31	1955.50	1983.97	1955.33	1975.02	123851	0	5
2020.08.03	1983.53	1984.90	1960.39	1975.98	93017	0	5
2020.08.04	1977.36	2019.82	1966.66	2018.53	99875	0	5
2020.08.05	2021.19	2055.57	2009.39	2038.96	153351	0	5
2020.08.06	2040.28	2069.74	2034.44	2063.25	135426	0	5
2020.08.07	2066.55	2074.87	2015.37	2033.15	188063	0	5
2020.08.10	2026.31	2049.85	2019.15	2027.61	134556	0	5
2020.08.11	2026.64	2029.92	1901.25	1912.57	198468	0	5
2020.08.12	1915.36	1949.48	1862.58	1918.98	193909	0	5
2020.08.13	1919.72	1966.16	1912.66	1953.64	155604	0	5
2020.08.14	1951.38	1962.37	1932.07	1943.57	134787	0	5
2020.08.17	1944.91	1990.68	1929.40	1984.43	137410	0	5
2020.08.18	1983.17	2015.57	1975.86	2002.22	149175	0	5
2020.08.19	2005.10	2006.37	1924.51	1927.66	168877	0	5
2020.08.20	1931.52	1955.26	1924.54	1946.17	169910	0	5
2020.08.21	1948.08	1955.97	1911.26	1938.98	149830	0	5
2020.08.24	1936.69	1961.88	1923.74	1928.38	131802	0	5
2020.08.25	1930.34	1937.49	1914.19	1926.87	131524	0	5
2020.08.26	1928.28	1954.82	1902.64	1953.14	134650	0	5
2020.08.27	1951.92	1976.53	1909.79	1928.32	159239	0	5
2020.08.28	1929.98	1973.78	1923.15	1964.34	148365	0	5
2020.08.31	1969.07	1976.54	1954.23	1968.22	99691	0	5
2020.09.01	1968.35	1992.29	1963.35	1970.63	110904	0	5
2020.09.02	1968.21	1973.26	1932.39	1943.08	115889	0	5
2020.09.03	1942.01	1950.94	1921.75	1930.45	121698	0	5
2020.09.04	1931.28	1948.36	1916.27	1933.09	122132	0	5
2020.09.07	1932.07	1941.37	1924.44	1928.29	53826	0	5
2020.09.08	1929.54	1940.84	1906.54	1931.51	127513	0	5
2020.09.09	1931.59	1950.84	1919.95	1947.37	106929	0	5
2020.09.10	1946.30	1966.53	1941.35	1946.01	125077	0	5
2020.09.11	1946.32	1954.80	1937.12	1940.48	115707	0	5
2020.09.14	1937.74	1962.56	1937.36	1956.52	94840	0	5
2020.09.15	1957.68	1972.21	1948.29	1953.34	101514	0	5
2020.09.16	1954.52	1973.64	1949.87	1959.15	114101	0	5
2020.09.17	1959.47	1960.96	1932.87	1944.20	116066	0	5
2020.09.18	1944.43	1960.10	1943.93	1950.42	104181	0	5
2020.09.21	1949.75	1955.62	1882.71	1911.92	140739	0	5
2020.09.22	1914.34	1920.03	1894.64	1900.34	138128	0	5
2020.09.23	1900.62	1905.39	1855.67	1862.74	170439	0	5
2020.09.24	1863.96	1877.15	1848.75	1868.66	185366	0	5
2020.09.25	1869.77	1875.18	1852.37	1860.14	143312	0	5
2020.09.28	1862.90	1882.96	1848.93	1881.84	121920	0	5
2020.09.29	1881.24	1899.12	1875.49	1897.48	121758	0	5
2020.09.30	1897.69	1902.27	1881.34	1885.23	124684	0	5
2020.10.01	1887.32	1912.12	1884.67	1905.94	129822	0	5
2020.10.02	1904.72	1917.10	1889.76	1900.58	110455	0	5
2020.10.05	1903.47	1918.73	1887.05	1913.65	96742	0	5
2020.10.06	1911.96	1921.09	1876.78	1877.56	103229	0	5
2020.10.07	1877.88	1898.01	1872.94	1887.83	94014	0	5
2020.10.08	1887.27	1900.62	1882.00	1893.50	89931	0	5
2020.10.09	1893.93	1930.41	1893.58	1929.87	93245	0	5
2020.10.12	1926.89	1933.18	1918.20	1922.63	89130	0	5
2020.10.13	1923.88	1925.37	1886.37	1891.07	98934	0	5
2020.10.14	1892.95	1912.94	1882.46	1900.49	88039	0	5
2020.10.15	1901.54	1908.90	1889.48	1907.92	100016	0	5
2020.10.16	1908.74	1913.92	1897.76	1898.76	79358	0	5
2020.10.19	1899.71	1918.47	1896.98	1903.44	81201	0	5
2020.10.20	1903.50	1914.03	1894.81	1907.53	80173	0	5
2020.10.21	1910.14	1931.36	1908.41	1924.60	87121	0	5
2020.10.22	1924.65	1925.94	1894.50	1903.67	83858	0	5
2020.10.23	1904.81	1914.19	1894.29	1901.41	72918	0	5
2020.10.26	1901.37	1908.52	1891.21	1901.68	84997	0	5
2020.10.27	1902.06	1911.42	1897.84	1907.35	70872	0	5
2020.10.28	1907.75	1910.87	1869.36	1876.81	107560	0	5
2020.10.29	1877.70	1884.97	1859.92	1867.11	101170	0	5
2020.10.30	1869.10	1889.79	1864.45	1878.37	102452	0	5
2020.11.02	1879.27	1896.02	1873.41	1895.06	91898	0	5
2020.11.03	1894.95	1910.55	1886.86	1908.94	83912	0	5
2020.11.04	1909.17	1916.31	1881.82	1903.27	138750	0	5
2020.11.05	1903.22	1952.76	1902.45	1949.17	136181	0	5
2020.11.06	1946.29	1960.29	1935.59	1951.81	129291	0	5
2020.11.09	1957.18	1965.46	1850.52	1863.13	178171	0	5
2020.11.10	1860.97	1890.35	1860.69	1877.39	145814	0	5
2020.11.11	1875.53	1884.41	1856.43	1865.50	110216	0	5
2020.11.12	1866.76	1883.81	1862.69	1876.71	108861	0	5
2020.11.13	1877.12	1896.75	1873.97	1889.28	91972	0	5
2020.11.16	1887.89	1899.01	1864.46	1888.66	117953	0	5
2020.11.17	1889.50	1893.43	1876.84	1880.19	92151	0	5
2020.11.18	1881.56	1884.82	1863.47	1871.97	88323	0	5
2020.11.19	1873.83	1874.13	1852.69	1866.84	88459	0	5
2020.11.20	1861.33	1879.75	1860.76	1870.90	69867	0	5
2020.11.23	1870.86	1876.14	1830.95	1837.49	90322	0	5
2020.11.24	1838.68	1838.95	1800.25	1807.71	115098	0	5
2020.11.25	1807.66	1817.63	1801.73	1807.07	80615	0	5
2020.11.26	1809.01	1818.22	1805.70	1810.20	48151	0	5
2020.11.27	1810.24	1813.88	1774.33	1786.76	77501	0	5
2020.11.30	1789.31	1789.86	1764.38	1777.64	99038	0	5
2020.12.01	1776.97	1817.27	1775.74	1815.42	84421	0	5
2020.12.02	1812.97	1832.55	1807.43	1830.72	80494	0	5
2020.12.03	1829.36	1843.91	1823.64	1840.98	89559	0	5
2020.12.04	1841.28	1848.17	1829.11	1838.60	74001	0	5
2020.12.07	1836.86	1868.50	1821.99	1863.10	80761	0	5
2020.12.08	1862.91	1875.28	1860.17	1870.83	75510	0	5
2020.12.09	1869.35	1870.53	1825.40	1839.41	99377	0	5
2020.12.10	1838.49	1849.98	1828.62	1835.96	90853	0	5
2020.12.11	1837.03	1847.66	1823.91	1839.91	75786	0	5
2020.12.14	1837.07	1839.02	1818.34	1827.82	77212	0	5
2020.12.15	1828.40	1855.32	1825.46	1853.67	74189	0	5
2020.12.16	1853.88	1865.77	1844.71	1864.06	101568	0	5
2020.12.17	1863.46	1896.19	1862.01	1886.04	95207	0	5
2020.12.18	1884.71	1889.58	1877.38	1880.55	78474	0	5
2020.12.21	1882.51	1906.70	1854.99	1876.25	133851	0	5
2020.12.22	1879.31	1884.21	1858.93	1859.91	101321	0	5
2020.12.23	1861.01	1878.56	1857.06	1872.63	98019	0	5
2020.12.24	1873.39	1883.46	1869.50	1879.30	55919	0	5
2020.12.28	1888.40	1900.20	1869.12	1873.05	85663	0	5
2020.12.29	1875.23	1886.44	1871.71	1878.17	75438	0	5
2020.12.30	1877.31	1894.04	1876.08	1893.81	63365	0	5
2020.12.31	1893.47	1900.38	1885.41	1893.68	64248	0	5
2021.01.04	1909.07	1944.43	1907.72	1943.23	110285	0	5
2021.01.05	1941.49	1953.09	1934.31	1950.03	95998	0	5
2021.01.06	1949.89	1959.29	1900.83	1918.79	143511	0	5
2021.01.07	1920.94	1927.64	1906.77	1913.51	105316	0	5
2021.01.08	1916.18	1917.48	1828.27	1849.04	155562	0	5
2021.01.11	1854.74	1855.59	1817.00	1844.45	120645	0	5
2021.01.12	1847.51	1863.80	1836.70	1855.31	105679	0	5
2021.01.13	1855.04	1862.94	1841.91	1844.68	88213	0	5
2021.01.14	1847.51	1857.45	1830.94	1846.46	102850	0	5
2021.01.15	1847.79	1856.85	1823.39	1827.65	125252	0	5
2021.01.18	1828.39	1840.72	1810.29	1837.52	89033	0	5
2021.01.19	1838.41	1845.51	1833.12	1839.63	109648	0	5
2021.01.20	1840.51	1871.73	1832.49	1871.42	125615	0	5
2021.01.21	1871.58	1875.01	1858.32	1869.80	118950	0	5
2021.01.22	1869.76	1870.81	1837.40	1854.67	132569	0	5
2021.01.25	1858.02	1867.93	1847.11	1855.94	137306	0	5
2021.01.26	1855.26	1861.73	1848.40	1851.43	110758	0	5
2021.01.27	1851.58	1853.11	1831.35	1843.83	143666	0	5
2021.01.28	1842.66	1864.00	1834.00	1842.61	171059	0	5
2021.01.29	1843.12	1875.69	1839.59	1847.59	192328	0	5
2021.02.01	1855.57	1871.78	1849.15	1860.55	220293	0	5
2021.02.02	1859.37	1864.05	1829.53	1837.65	180506	0	5
2021.02.03	1837.38	1844.98	1829.81	1834.21	128024	0	5
2021.02.04	1834.12	1834.74	1784.90	1793.12	158695	0	5
2021.02.05	1795.17	1815.20	1791.98	1813.40	127304	0	5
2021.02.08	1817.35	1839.19	1807.77	1830.13	136422	0	5
2021.02.09	1830.87	1848.56	1828.83	1837.64	123760	0	5
2021.02.10	1838.59	1855.31	1834.05	1842.35	123670	0	5
2021.02.11	1843.91	1847.54	1821.20	1825.47	105907	0	5
2021.02.12	1826.11	1830.68	1810.52	1824.17	110731	0	5
2021.02.15	1824.88	1827.02	1816.07	1818.72	71964	0	5
2021.02.16	1819.62	1826.42	1789.48	1794.56	149750	0	5
2021.02.17	1792.65	1795.15	1769.47	1776.70	153764	0	5
2021.02.18	1776.95	1789.62	1768.42	1775.44	148265	0	5
2021.02.19	1776.46	1791.63	1760.64	1783.05	159459	0	5
2021.02.22	1786.78	1812.69	1780.68	1809.04	177046	0	5
2021.02.23	1809.40	1816.01	1795.60	1805.07	158899	0	5
2021.02.24	1806.60	1813.94	1783.63	1805.33	162824	0	5
2021.02.25	1803.65	1804.23	1765.28	1770.25	225865	0	5
2021.02.26	1772.25	1775.76	1717.18	1733.84	243495	0	5
2021.03.01	1737.79	1759.89	1719.63	1724.79	188016	0	5
2021.03.02	1723.03	1738.77	1707.20	1738.77	181720	0	5
2021.03.03	1738.15	1740.49	1701.86	1711.71	175583	0	5
2021.03.04	1710.88	1723.19	1690.54	1698.60	218170	0	5
2021.03.05	1697.83	1707.62	1687.28	1700.76	192230	0	5
2021.03.08	1706.24	1714.29	1676.82	1682.53	185032	0	5
2021.03.09	1684.52	1720.58	1680.12	1715.59	160257	0	5
2021.03.10	1715.33	1726.57	1708.20	1726.33	149898	0	5
2021.03.11	1726.56	1739.82	1719.27	1722.38	142465	0	5
2021.03.12	1721.63	1727.96	1699.21	1726.92	149733	0	5
2021.03.15	1728.56	1734.54	1721.66	1732.11	132634	0	5
2021.03.16	1731.86	1741.21	1726.25	1731.85	125856	0	5
2021.03.17	1732.35	1751.63	1724.17	1744.54	136197	0	5
2021.03.18	1748.74	1755.46	1719.25	1736.49	161388	0	5
2021.03.19	1735.77	1746.72	1728.50	1745.14	139589	0	5
2021.03.22	1743.80	1744.33	1727.39	1738.68	129700	0	5
2021.03.23	1739.58	1742.60	1724.68	1726.89	126605	0	5
2021.03.24	1727.15	1738.47	1723.79	1733.83	111264	0	5
2021.03.25	1734.91	1745.43	1721.76	1726.98	131827	0	5
2021.03.26	1727.94	1736.65	1721.63	1732.70	105918	0	5
2021.03.29	1731.17	1732.84	1705.65	1711.81	109038	0	5
2021.03.30	1712.68	1714.36	1678.77	1685.06	135333	0	5
2021.03.31	1684.83	1715.34	1677.86	1707.70	130802	0	5
2021.04.01	1707.40	1730.40	1705.76	1729.49	115912	0	5
2021.04.05	1728.66	1733.57	1721.25	1728.36	88124	0	5
2021.04.06	1728.71	1745.47	1727.16	1743.06	109667	0	5
2021.04.07	1743.28	1744.32	1730.57	1737.57	103223	0	5
2021.04.08	1737.56	1758.66	1733.14	1756.14	102546	0	5
2021.04.09	1755.65	1757.32	1731.26	1743.46	110017	0	5
2021.04.12	1742.71	1745.00	1727.48	1732.34	110257	0	5
2021.04.13	1733.23	1748.99	1723.70	1745.39	122156	0	5
2021.04.14	1745.66	1749.31	1732.58	1736.25	106297	0	5
2021.04.15	1736.26	1769.68	1734.35	1763.50	103270	0	5
2021.04.16	1763.97	1783.79	1759.72	1776.67	100215	0	5
2021.04.19	1775.67	1790.03	1766.76	1770.78	113432	0	5
2021.04.20	1770.90	1780.41	1763.53	1778.55	110180	0	5
2021.04.21	1778.16	1797.63	1776.24	1793.92	102562	0	5
2021.04.22	1793.95	1797.88	1777.45	1784.36	104081	0	5
2021.04.23	1784.16	1795.95	1770.01	1776.48	102335	0	5
2021.04.26	1775.48	1783.50	1768.84	1781.39	95870	0	5
2021.04.27	1781.27	1785.55	1773.76	1776.70	90326	0	0
2021.04.28	1776.99	1782.54	1762.62	1781.47	104594	0	0
2021.04.29	1781.96	1789.98	1756.19	1772.28	105898	0	0
2021.04.30	1772.61	1773.62	1764.24	1768.97	97490	0	0
2021.05.03	1766.81	1797.91	1766.04	1793.04	90768	0	0
2021.05.04	1792.58	1799.09	1771.01	1779.28	107458	0	0
2021.05.05	1778.34	1787.97	1770.49	1787.66	86898	0	0
2021.05.06	1786.80	1818.12	1782.00	1815.22	110093	0	0
2021.05.07	1814.64	1843.30	1812.85	1830.85	126630	0	0
2021.05.10	1833.04	1845.49	1829.97	1835.54	124892	0	0
2021.05.11	1836.07	1841.80	1818.09	1836.80	120851	0	0
2021.05.12	1836.83	1843.68	1813.24	1816.11	137693	0	0
2021.05.13	1814.87	1828.80	1808.77	1826.93	122267	0	0
2021.05.14	1827.12	1845.93	1819.77	1842.56	101155	0	0
2021.05.17	1843.52	1868.41	1843.52	1866.65	105152	0	0
2021.05.18	1866.69	1875.03	1863.20	1869.64	95130	0	0
2021.05.19	1869.12	1890.09	1852.23	1870.15	155875	0	0
2021.05.20	1870.06	1883.94	1863.86	1877.28	147676	0	0
2021.05.21	1877.79	1889.41	1870.10	1881.74	139975	0	0
2021.05.24	1881.41	1887.02	1875.17	1881.35	128610	0	0
2021.05.25	1880.78	1900.21	1872.71	1899.18	121916	0	0
2021.05.26	1898.77	1912.74	1890.77	1896.50	122351	0	0
2021.05.27	1896.45	1903.67	1888.28	1896.43	124764	0	0
2021.05.28	1897.40	1905.95	1882.27	1903.18	131825	0	0
2021.05.31	1903.74	1910.65	1902.14	1906.62	68155	0	0
2021.06.01	1907.26	1916.58	1892.37	1899.87	123400	0	0
2021.06.02	1899.65	1909.09	1894.37	1908.66	106790	0	0
2021.06.03	1908.45	1909.64	1865.37	1870.70	132560	0	0
2021.06.04	1871.33	1896.14	1855.50	1891.51	127130	0	0
2021.06.07	1890.19	1900.13	1881.57	1898.78	104532	0	0
2021.06.08	1899.10	1903.67	1883.84	1893.06	105052	0	0
2021.06.09	1891.72	1898.95	1887.33	1888.89	97129	0	0
2021.06.10	1888.89	1899.86	1869.84	1899.64	126781	0	0
2021.06.11	1898.15	1903.03	1874.44	1876.16	118817	0	0
2021.06.14	1876.07	1877.62	1844.77	1866.31	118581	0	0
2021.06.15	1867.53	1869.16	1851.65	1858.89	94645	0	0
2021.06.16	1859.13	1862.91	1803.33	1810.21	112002	0	0
2021.06.17	1813.54	1825.33	1767.30	1772.78	186319	0	0
2021.06.18	1775.49	1797.14	1760.91	1764.52	136136	0	0
2021.06.21	1768.64	1786.61	1766.40	1783.25	142895	0	0
2021.06.22	1784.05	1790.09	1772.44	1778.63	126279	0	0
2021.06.23	1779.76	1794.95	1773.33	1778.40	104888	0	0
2021.06.24	1778.61	1787.97	1772.85	1774.96	110374	0	0
2021.06.25	1776.26	1790.34	1773.70	1781.11	94761	0	0
2021.06.28	1781.24	1785.74	1770.67	1779.03	87814	0	0
2021.06.29	1778.60	1778.96	1750.69	1761.08	81852	0	0
2021.06.30	1762.09	1774.39	1753.33	1769.65	80009	0	0
2021.07.01	1770.03	1782.78	1765.64	1776.52	74755	0	0
2021.07.02	1776.28	1795.04	1774.33	1787.33	79540	0	0
2021.07.05	1787.11	1794.34	1784.47	1791.73	40542	0	0
2021.07.06	1791.27	1814.97	1790.11	1797.05	88151	0	0
2021.07.07	1796.31	1809.72	1793.85	1803.59	83421	0	0
2021.07.08	1803.68	1818.33	1793.83	1802.35	105013	0	0
2021.07.09	1802.94	1812.33	1796.38	1808.04	77370	0	0
2021.07.12	1807.97	1810.82	1791.65	1806.17	66869	0	0
2021.07.13	1806.26	1817.14	1798.60	1807.14	78097	0	0
2021.07.14	1807.95	1829.73	1804.55	1827.99	80677	0	0
2021.07.15	1827.44	1834.07	1820.22	1829.45	76139	0	0
2021.07.16	1829.87	1832.00	1808.96	1811.51	90910	0	0
2021.07.19	1811.29	1817.27	1794.98	1812.61	117655	0	5
2021.07.20	1812.65	1824.92	1805.10	1810.24	103742	0	5
2021.07.21	1810.40	1813.74	1794.68	1803.42	94121	0	5
2021.07.22	1803.83	1808.04	1792.74	1806.42	92708	0	5
2021.07.23	1806.98	1810.30	1789.63	1801.93	83504	0	5
2021.07.26	1802.26	1811.46	1796.38	1797.65	90431	0	5
2021.07.27	1797.99	1805.22	1793.60	1798.47	88456	0	5
2021.07.28	1800.52	1809.82	1792.36	1807.11	91748	0	5
2021.07.29	1807.34	1832.62	1807.22	1827.79	89520	0	5
2021.07.30	1828.79	1831.34	1810.20	1814.28	81091	0	5
2021.08.02	1814.60	1819.51	1805.78	1813.11	88661	0	5
2021.08.03	1813.49	1814.99	1807.12	1810.12	71014	0	5
2021.08.04	1810.26	1831.65	1806.40	1811.60	81473	0	5
2021.08.05	1812.03	1814.81	1797.83	1803.73	76504	0	5
2021.08.06	1804.65	1804.72	1758.65	1763.18	90320	0	5
2021.08.09	1761.08	1762.27	1683.20	1729.58	123735	0	5
2021.08.10	1728.91	1738.27	1717.71	1728.74	88755	0	5
2021.08.11	1729.71	1754.37	1724.08	1751.50	91167	0	5
2021.08.12	1751.32	1758.15	1741.58	1752.86	77872	0	5
2021.08.13	1753.17	1779.79	1751.69	1779.70	73095	0	5
2021.08.16	1779.08	1789.28	1770.80	1787.24	84258	0	5
2021.08.17	1787.22	1795.46	1780.53	1785.80	84021	0	5
2021.08.18	1786.30	1793.75	1777.32	1787.68	84606	0	5
2021.08.19	1787.37	1792.44	1774.41	1780.00	95481	0	5
2021.08.20	1780.14	1788.37	1778.33	1780.94	74472	0	5
2021.08.23	1781.52	1806.42	1776.44	1805.18	81054	0	5
2021.08.24	1805.41	1809.51	1800.70	1802.83	68351	0	5
2021.08.25	1802.42	1802.78	1782.57	1790.33	71904	0	5
2021.08.26	1791.03	1798.12	1780.07	1791.69	66655	0	5
2021.08.27	1792.42	1819.09	1784.01	1817.85	73792	0	5
2021.08.30	1818.18	1823.24	1807.76	1810.13	51256	0	5
2021.08.31	1810.00	1819.15	1801.71	1814.26	69797	0	5
2021.09.01	1814.47	1820.03	1808.72	1813.77	66557	0	5
2021.09.02	1813.97	1817.15	1804.86	1809.55	48158	0	5
2021.09.03	1809.49	1833.95	1808.94	1827.59	64900	0	5
2021.09.06	1828.29	1830.24	1821.42	1823.14	30435	0	5
2021.09.07	1823.53	1827.22	1792.04	1793.92	65120	0	5
2021.09.08	1795.12	1802.11	1782.43	1789.29	69657	0	5
2021.09.09	1789.54	1800.90	1783.86	1794.36	69299	0	5
2021.09.10	1793.87	1803.77	1787.24	1787.81	64121	0	5
2021.09.13	1787.35	1798.43	1783.64	1793.37	53287	0	5
2021.09.14	1793.38	1808.58	1779.60	1804.69	68253	0	5
2021.09.15	1803.86	1806.94	1790.75	1793.73	71910	0	5
2021.09.16	1794.12	1796.20	1745.24	1752.72	92224	0	5
2021.09.17	1753.57	1767.47	1747.38	1753.92	93996	0	5
2021.09.20	1754.22	1767.05	1742.07	1764.82	96288	0	5
2021.09.21	1764.46	1781.69	1757.97	1773.89	77017	0	5
2021.09.22	1774.86	1787.21	1764.72	1767.99	95213	0	5
2021.09.23	1768.62	1776.56	1737.43	1742.48	94004	0	5
2021.09.24	1744.64	1757.71	1740.49	1749.72	73477	0	5
2021.09.27	1749.81	1760.82	1744.84	1750.15	90252	0	5
2021.09.28	1750.67	1754.49	1728.10	1733.53	109052	0	5
2021.09.29	1734.20	1745.48	1721.65	1726.46	99056	0	5
2021.09.30	1726.64	1764.12	1722.24	1757.16	101418	0	5
2021.10.01	1755.82	1764.28	1749.77	1760.15	93635	0	5
2021.10.04	1760.79	1770.50	1747.79	1769.35	94390	0	5
2021.10.05	1768.61	1769.33	1748.66	1759.87	84128	0	5
2021.10.06	1760.02	1765.03	1745.95	1762.87	94004	0	5
2021.10.07	1762.95	1766.91	1751.97	1754.91	76394	0	5
2021.10.08	1755.94	1781.27	1753.45	1757.10	95076	0	5
2021.10.11	1756.97	1760.97	1750.18	1754.11	75370	0	5
2021.10.12	1753.79	1769.31	1750.80	1760.19	85568	0	5
2021.10.13	1760.70	1796.15	1757.91	1792.75	102178	0	5
2021.10.14	1793.03	1800.57	1786.75	1795.92	79665	0	5
2021.10.15	1796.02	1796.47	1764.93	1767.42	91079	0	5
2021.10.18	1767.18	1772.04	1760.31	1764.53	100833	0	5
2021.10.19	1764.93	1785.11	1763.00	1768.99	95022	0	5
2021.10.20	1769.43	1788.44	1766.90	1782.06	94540	0	5
2021.10.21	1782.65	1789.44	1776.53	1783.32	98030	0	5
2021.10.22	1783.37	1813.79	1782.89	1792.67	109808	0	5
2021.10.25	1792.93	1809.99	1792.25	1807.43	95376	0	5
2021.10.26	1807.45	1808.39	1782.45	1793.00	89761	0	5
2021.10.27	1793.08	1799.05	1783.54	1796.89	98026	0	5
2021.10.28	1796.75	1810.38	1792.25	1798.81	111028	0	5
2021.10.29	1799.49	1801.20	1771.98	1782.98	118861	0	5
2021.11.01	1783.36	1795.79	1779.12	1793.20	88126	0	5
2021.11.02	1792.82	1796.40	1786.41	1787.84	80400	0	5
2021.11.03	1787.63	1788.20	1758.07	1769.89	95424	0	5
2021.11.04	1771.35	1798.90	1770.86	1791.71	89121	0	5
2021.11.05	1791.11	1818.27	1785.10	1817.84	98757	0	5
2021.11.08	1815.69	1826.44	1812.46	1824.14	86785	0	5
2021.11.09	1824.28	1832.70	1819.23	1831.68	87840	0	5
2021.11.10	1831.60	1868.55	1822.32	1848.97	104451	0	5
2021.11.11	1848.98	1866.00	1842.88	1861.77	73362	0	5
2021.11.12	1861.75	1868.61	1845.20	1864.35	86565	0	5
2021.11.15	1866.79	1870.30	1856.38	1862.71	78903	0	5
2021.11.16	1863.07	1877.23	1849.67	1849.98	96336	0	5
2021.11.17	1850.24	1868.03	1849.53	1867.39	83204	0	5
2021.11.18	1866.24	1870.94	1855.03	1858.81	82994	0	5
2021.11.19	1859.19	1865.72	1843.00	1845.70	99128	0	5
2021.11.22	1842.19	1849.15	1802.28	1804.77	111380	0	5
2021.11.23	1808.00	1812.45	1782.00	1789.28	107732	0	5
2021.11.24	1789.10	1796.34	1778.54	1788.64	100596	0	5
2021.11.25	1787.93	1795.04	1786.01	1788.42	43784	0	5
2021.11.26	1790.47	1815.55	1780.40	1790.86	103879	0	5
2021.11.29	1788.53	1799.39	1777.64	1784.96	83509	0	5
2021.11.30	1785.12	1808.74	1769.82	1774.43	117288	0	5
2021.12.01	1775.91	1794.41	1772.17	1781.88	111262	0	5
2021.12.02	1781.48	1783.38	1761.97	1768.40	114608	0	5
2021.12.03	1769.67	1786.12	1766.15	1783.88	113243	0	5
2021.12.06	1782.00	1787.71	1775.74	1778.37	94257	0	5
2021.12.07	1778.93	1787.68	1772.35	1784.16	82219	0	5
2021.12.08	1784.60	1793.15	1779.64	1782.49	86165	0	5
2021.12.09	1783.08	1787.64	1773.27	1775.13	83436	0	5
2021.12.10	1775.99	1789.41	1770.10	1782.82	82249	0	5
2021.12.13	1782.77	1791.57	1781.83	1786.99	75375	0	5
2021.12.14	1785.95	1789.53	1766.43	1770.58	82804	0	5
2021.12.15	1771.44	1780.85	1752.34	1777.09	97659	0	5
2021.12.16	1778.34	1799.55	1775.54	1799.02	99122	0	5
2021.12.17	1798.39	1814.28	1795.94	1797.98	90843	0	5
2021.12.20	1800.31	1804.21	1788.29	1790.30	97492	0	5
2021.12.21	1790.80	1800.52	1785.00	1788.63	82073	0	5
2021.12.22	1788.87	1804.92	1785.86	1803.54	72738	0	5
2021.12.23	1803.13	1810.63	1798.90	1807.76	66632	0	5
2021.12.27	1805.97	1813.47	1802.92	1811.82	66267	0	5
2021.12.28	1811.55	1820.18	1805.05	1806.13	65449	0	5
2021.12.29	1806.56	1807.71	1789.47	1803.90	74622	0	5
2021.12.30	1803.71	1817.21	1796.12	1815.08	71293	0	5
2021.12.31	1814.64	1828.57	1814.20	1828.27	59072	0	5
2022.01.03	1830.63	1831.82	1798.32	1801.20	87227	0	5
2022.01.04	1802.46	1816.74	1798.51	1814.36	95966	0	5
2022.01.05	1813.84	1829.60	1808.32	1810.53	91086	0	5
2022.01.06	1810.06	1811.58	1786.50	1789.72	114463	0	5
2022.01.07	1791.18	1798.63	1782.64	1796.30	93200	0	5
2022.01.10	1794.95	1802.32	1790.36	1801.69	98141	0	5
2022.01.11	1800.41	1823.25	1799.97	1821.43	95816	0	5
2022.01.12	1820.14	1828.01	1814.71	1826.14	89178	0	5
2022.01.13	1825.78	1828.14	1812.35	1822.71	88822	0	5
2022.01.14	1821.49	1829.18	1814.70	1817.54	100708	0	5
2022.01.17	1817.35	1823.17	1813.20	1819.11	50418	0	5
2022.01.18	1818.27	1822.78	1805.79	1813.70	116659	0	5
2022.01.19	1814.08	1843.32	1810.25	1840.63	118270	0	5
2022.01.20	1840.20	1847.92	1835.95	1839.53	115018	0	5
2022.01.21	1839.26	1843.24	1828.39	1834.63	118667	0	5
2022.01.24	1832.90	1844.38	1829.72	1843.16	137348	0	5
2022.01.25	1842.85	1853.90	1834.94	1847.69	115864	0	5
2022.01.26	1847.49	1850.06	1815.03	1818.84	119417	0	5
2022.01.27	1819.89	1822.12	1791.84	1796.70	134786	0	5
2022.01.28	1797.30	1799.42	1780.30	1791.58	117835	0	5
2022.01.31	1788.96	1799.89	1785.57	1796.88	99871	0	5
2022.02.01	1797.51	1808.79	1795.77	1800.90	98541	0	5
2022.02.02	1801.02	1810.77	1794.51	1806.86	87102	0	5
2022.02.03	1806.94	1808.93	1788.66	1804.88	106335	0	5
2022.02.04	1804.80	1814.88	1792.14	1807.84	105497	0	5
2022.02.07	1808.53	1823.54	1807.84	1820.48	103673	0	5
2022.02.08	1821.20	1828.75	1815.43	1826.03	89692	0	5
2022.02.09	1825.75	1835.80	1824.73	1832.87	83092	0	5
2022.02.10	1832.74	1841.92	1821.68	1826.75	123300	0	5
2022.02.11	1827.28	1865.45	1820.92	1858.98	134846	0	5
2022.02.14	1855.86	1874.16	1850.82	1871.74	145102	0	5
2022.02.15	1870.57	1879.51	1844.49	1853.36	111096	0	5
2022.02.16	1853.83	1872.57	1850.33	1869.00	101098	0	5
2022.02.17	1869.85	1901.13	1867.81	1898.25	136437	0	5
2022.02.18	1898.69	1902.51	1886.58	1897.34	114121	0	5
2022.02.21	1902.54	1908.26	1887.62	1903.46	84038	0	5
2022.02.22	1912.00	1913.98	1891.38	1898.50	149372	0	5
2022.02.23	1898.91	1910.49	1889.62	1908.08	101624	0	5
2022.02.24	1909.79	1974.52	1878.00	1903.77	194530	0	5
2022.02.25	1906.50	1921.42	1882.86	1888.25	149053	0	5
2022.02.28	1919.79	1926.69	1890.86	1908.26	144843	0	5
2022.03.01	1908.30	1950.17	1901.39	1945.17	143236	0	5
2022.03.02	1942.98	1947.87	1913.42	1927.61	134384	0	5
2022.03.03	1929.27	1941.18	1922.08	1936.62	119807	0	5
2022.03.04	1936.72	1970.19	1929.56	1969.74	142983	0	5
2022.03.07	1980.67	2002.61	1961.03	1997.24	196672	0	5
2022.03.08	1997.23	2070.30	1981.08	2050.15	198331	0	5
2022.03.09	2050.01	2059.24	1976.04	1992.39	163223	0	5
2022.03.10	1991.87	2009.10	1970.26	1996.01	130688	0	5
2022.03.11	1997.35	1998.88	1958.56	1985.22	92301	0	5
2022.03.14	1979.73	1983.64	1949.70	1951.44	91098	0	5
2022.03.15	1953.28	1954.50	1907.05	1917.56	99796	0	5
2022.03.16	1920.11	1929.49	1895.01	1924.83	96954	0	5
2022.03.17	1925.74	1949.74	1923.35	1942.56	77105	0	5
2022.03.18	1942.17	1945.36	1917.97	1920.74	76973	0	5
2022.03.21	1925.11	1941.02	1917.69	1934.91	86440	0	5
2022.03.22	1936.13	1938.35	1910.67	1921.53	87653	0	5
2022.03.23	1921.25	1948.28	1915.51	1944.86	81077	0	5
2022.03.24	1944.37	1966.20	1937.54	1956.95	96136	0	5
2022.03.25	1958.89	1964.37	1943.20	1957.24	89859	0	5
2022.03.28	1955.63	1958.52	1917.02	1921.82	135330	0	5
2022.03.29	1922.35	1929.36	1890.02	1919.31	126619	0	5
2022.03.30	1920.13	1938.45	1915.81	1933.13	99642	0	5
2022.03.31	1933.15	1949.76	1919.10	1936.88	103869	0	5
2022.04.01	1937.15	1939.60	1918.06	1924.09	100483	0	5
2022.04.04	1924.07	1936.82	1915.50	1932.72	94779	0	5
2022.04.05	1932.48	1944.58	1917.97	1923.62	95000	0	5
2022.04.06	1923.02	1933.41	1915.15	1925.61	114996	0	5
2022.04.07	1924.08	1937.72	1920.47	1931.25	99273	0	5
2022.04.08	1931.72	1948.13	1927.67	1946.40	98330	0	5
2022.04.11	1947.60	1969.78	1940.00	1954.81	118601	0	5
2022.04.12	1952.27	1978.68	1949.81	1966.38	115216	0	5
2022.04.13	1966.80	1981.59	1962.81	1977.76	100307	0	5
2022.04.14	1977.13	1980.35	1960.38	1973.19	103260	0	5
2022.04.18	1972.39	1998.43	1971.66	1978.71	114849	0	5
2022.04.19	1977.54	1982.00	1943.81	1949.19	122648	0	5
2022.04.20	1949.81	1958.33	1939.32	1957.63	123682	0	5
2022.04.21	1956.03	1957.32	1936.84	1951.74	120391	0	5
2022.04.22	1950.28	1955.63	1926.68	1931.91	129730	0	5
2022.04.25	1932.72	1934.26	1891.43	1897.67	155239	0	5
2022.04.26	1898.55	1911.27	1895.77	1906.14	124208	0	5
2022.04.27	1906.03	1907.03	1881.42	1885.53	129329	0	0
2022.04.28	1885.48	1896.72	1872.04	1894.22	136439	0	0
2022.04.29	1895.11	1919.83	1892.48	1896.42	130267	0	0
2022.05.02	1899.29	1899.86	1854.60	1863.21	118986	0	0
2022.05.03	1863.44	1878.13	1850.38	1868.01	106602	0	0
2022.05.04	1868.01	1889.81	1861.42	1881.75	105286	0	0
2022.05.05	1881.90	1909.77	1872.57	1877.20	147709	0	0
2022.05.06	1876.30	1892.56	1866.06	1882.37	133035	0	0
2022.05.09	1883.46	1885.59	1851.63	1854.13	144766	0	0
2022.05.10	1853.22	1865.39	1835.49	1838.24	139294	0	0
2022.05.11	1838.98	1858.15	1831.97	1852.30	133536	0	0
2022.05.12	1851.39	1858.77	1821.53	1821.94	147591	0	0
2022.05.13	1822.63	1828.76	1799.06	1811.66	115205	0	0
2022.05.16	1814.33	1826.89	1786.84	1824.79	108297	0	0
2022.05.17	1824.95	1836.05	1812.86	1814.52	105592	0	0
2022.05.18	1814.35	1824.71	1807.32	1817.35	99690	0	0
2022.05.19	1816.31	1849.15	1810.96	1841.17	112284	0	0
2022.05.20	1841.91	1849.44	1832.38	1845.71	92305	0	0
2022.05.23	1847.95	1865.39	1843.32	1853.60	92035	0	0
2022.05.24	1853.30	1869.67	1849.40	1866.14	73402	0	0
2022.05.25	1865.24	1868.05	1842.05	1853.79	76578	0	0
2022.05.26	1852.72	1854.37	1840.78	1850.85	85299	0	0
2022.05.27	1850.63	1862.00	1847.96	1852.98	71429	0	0
2022.05.30	1852.24	1863.96	1848.22	1855.10	47882	0	0
2022.05.31	1856.03	1857.09	1835.10	1838.26	85700	0	0
2022.06.01	1836.74	1850.02	1828.50	1846.64	87039	0	0
2022.06.02	1847.13	1870.37	1844.13	1868.36	71969	0	0
2022.06.03	1868.80	1874.09	1847.38	1851.16	66139	0	0
2022.06.06	1850.56	1857.82	1839.84	1842.14	70516	0	0
2022.06.07	1840.79	1855.52	1837.03	1852.01	70501	0	0
2022.06.08	1852.56	1859.62	1844.61	1852.83	68372	0	0
2022.06.09	1852.74	1855.32	1840.03	1847.94	76898	0	0
2022.06.10	1847.73	1876.00	1825.13	1871.57	108302	0	0
2022.06.13	1878.20	1878.78	1819.06	1819.11	135566	0	0
2022.06.14	1815.05	1831.55	1805.17	1809.31	120799	0	0
2022.06.15	1807.31	1841.82	1807.31	1833.77	149000	0	0
2022.06.16	1833.07	1857.23	1815.32	1856.47	130247	0	0
2022.06.17	1853.58	1853.62	1833.94	1840.39	106475	0	0
2022.06.20	1835.91	1846.03	1834.48	1838.41	60387	0	0
2022.06.21	1837.77	1843.63	1828.67	1833.41	85637	0	0
2022.06.22	1832.38	1847.93	1823.48	1838.32	104772	0	0
2022.06.23	1837.17	1846.04	1822.58	1823.25	99920	0	0
2022.06.24	1823.83	1831.70	1816.92	1827.42	94785	0	0
2022.06.27	1835.82	1841.03	1820.81	1822.75	99952	0	0
2022.06.28	1822.65	1829.48	1818.37	1820.62	82501	0	0
2022.06.29	1819.14	1833.07	1812.16	1818.25	84542	0	0
2022.06.30	1817.97	1825.10	1802.75	1807.16	93535	0	0
2022.07.01	1806.65	1809.32	1784.45	1808.94	119807	0	0
2022.07.04	1811.41	1814.26	1803.99	1807.90	59315	0	0
2022.07.05	1807.95	1812.13	1763.95	1764.58	109297	0	0
2022.07.06	1766.12	1772.86	1732.25	1739.08	124697	0	0
2022.07.07	1740.04	1749.12	1736.50	1740.09	98852	0	0
2022.07.08	1740.59	1752.45	1732.95	1742.45	92256	0	0
2022.07.11	1741.09	1744.51	1731.37	1734.02	91528	0	0
2022.07.12	1733.57	1744.20	1723.23	1726.09	106343	0	0
2022.07.13	1725.84	1745.42	1707.03	1735.49	127180	0	0
2022.07.14	1735.68	1736.28	1697.61	1709.72	141342	0	0
2022.07.15	1706.25	1716.62	1699.09	1707.32	110443	0	0
2022.07.18	1706.71	1723.95	1705.94	1708.99	108272	0	0
2022.07.19	1710.00	1718.42	1705.38	1711.56	98632	0	0
2022.07.20	1711.46	1714.46	1692.46	1696.53	90656	0	0
2022.07.21	1696.61	1720.32	1680.84	1718.20	107428	0	0
2022.07.22	1717.99	1739.31	1712.90	1727.38	109099	0	0
2022.07.25	1726.64	1736.28	1714.77	1719.64	106336	0	0
2022.07.26	1719.11	1728.22	1713.66	1717.20	93441	0	0
2022.07.27	1717.38	1740.32	1711.52	1734.33	100623	0	0
2022.07.28	1734.40	1757.11	1734.06	1755.83	124048	0	0
2022.07.29	1755.29	1767.93	1751.98	1766.00	120806	0	0
2022.08.01	1764.75	1775.23	1758.37	1772.12	111292	0	0
2022.08.02	1771.71	1788.06	1760.50	1761.04	123396	0	0
2022.08.03	1761.28	1772.80	1754.34	1765.47	93674	0	0
2022.08.04	1765.31	1794.95	1763.16	1791.13	85439	0	0
2022.08.05	1790.95	1794.89	1764.98	1775.42	114726	0	2
2022.08.08	1771.34	1790.01	1770.82	1788.98	90152	0	8
2022.08.09	1788.78	1800.45	1783.23	1794.31	84869	0	3
2022.08.10	1794.52	1807.87	1787.62	1792.19	106848	0	5
2022.08.11	1792.05	1799.31	1783.59	1789.44	103248	0	5
2022.08.12	1789.81	1802.11	1784.88	1801.62	98803	0	0
2022.08.15	1801.90	1802.27	1772.98	1779.42	103692	0	8
2022.08.16	1779.64	1783.09	1771.47	1775.46	89028	0	6
2022.08.17	1775.74	1782.34	1759.80	1762.00	114566	0	0
2022.08.18	1762.46	1772.40	1755.35	1758.38	102931	0	0
2022.08.19	1758.94	1759.31	1745.54	1747.28	105013	0	0
2022.08.22	1746.52	1749.06	1727.77	1736.15	104711	0	0
2022.08.23	1735.77	1754.11	1730.82	1747.79	106781	0	0
2022.08.24	1747.65	1755.90	1742.46	1751.29	100665	0	0
2022.08.25	1751.41	1765.50	1749.98	1758.62	100524	0	0
2022.08.26	1758.55	1758.82	1734.20	1738.08	121563	0	0
2022.08.29	1735.95	1745.52	1720.31	1737.45	111956	0	0
2022.08.30	1737.85	1740.55	1721.18	1724.23	109497	0	3
2022.08.31	1723.38	1726.52	1709.57	1710.99	119867	0	0
2022.09.01	1711.05	1711.39	1688.80	1697.55	124453	0	2
2022.09.02	1697.58	1717.98	1694.99	1712.78	114398	0	0
2022.09.05	1711.56	1715.75	1707.71	1710.07	61978	0	0
2022.09.06	1710.63	1726.77	1699.85	1701.90	120259	0	0
2022.09.07	1701.97	1719.39	1691.27	1718.27	127066	0	0
2022.09.08	1718.58	1728.20	1703.96	1708.42	133708	0	0
2022.09.09	1708.68	1729.41	1708.31	1716.85	110922	0	0
2022.09.12	1718.58	1735.13	1711.95	1724.69	108748	0	0
2022.09.13	1724.53	1731.82	1697.11	1702.32	125535	0	0
2022.09.14	1701.26	1707.11	1693.67	1697.36	126450	0	0
2022.09.15	1697.56	1698.24	1660.35	1664.56	121070	0	0
2022.09.16	1664.71	1680.34	1654.16	1675.01	118818	0	0
2022.09.19	1675.02	1680.00	1659.63	1675.71	100231	0	0
2022.09.20	1675.90	1679.46	1660.00	1664.76	106315	0	0
2022.09.21	1664.75	1688.03	1653.93	1673.73	136446	0	0
2022.09.22	1671.24	1684.91	1655.67	1671.16	159295	0	0
2022.09.23	1671.46	1675.92	1639.75	1644.87	151910	0	0
2022.09.26	1643.90	1649.76	1621.17	1622.40	180760	0	0
2022.09.27	1623.44	1642.45	1623.44	1629.16	147580	0	0
2022.09.28	1629.88	1662.69	1614.81	1659.88	171207	0	0
2022.09.29	1659.72	1664.87	1641.53	1660.52	163679	0	0
2022.09.30	1660.92	1675.36	1659.24	1660.79	146801	0	0
2022.10.03	1663.22	1701.51	1659.72	1699.62	148353	0	1
2022.10.04	1698.70	1729.49	1695.24	1726.34	146016	0	4
2022.10.05	1724.98	1727.80	1700.54	1716.25	128807	0	0
2022.10.06	1716.16	1725.57	1706.96	1712.49	130355	0	0
2022.10.07	1711.79	1714.83	1690.65	1694.80	130306	0	4
2022.10.10	1696.55	1699.81	1665.71	1668.03	124012	0	2
2022.10.11	1668.12	1683.97	1661.01	1666.10	143042	0	0
2022.10.12	1666.28	1678.38	1661.38	1673.12	136154	0	0
2022.10.13	1674.08	1682.46	1642.46	1666.19	147839	0	0
2022.10.14	1666.16	1671.77	1640.19	1644.29	156093	0	3
2022.10.17	1645.84	1668.46	1644.06	1650.57	126840	0	0
2022.10.18	1650.47	1660.93	1645.83	1651.92	130558	0	4
2022.10.19	1651.91	1654.50	1627.68	1629.01	128397	0	4
2022.10.20	1629.24	1645.64	1622.43	1628.03	139743	0	3
2022.10.21	1628.31	1657.74	1617.29	1657.33	180660	0	4
2022.10.24	1659.80	1670.53	1644.01	1649.36	167918	0	4
2022.10.25	1649.80	1662.43	1638.20	1653.08	140896	0	4
2022.10.26	1652.18	1674.93	1649.68	1664.62	144998	0	4
2022.10.27	1664.32	1670.83	1654.88	1663.26	160258	0	4
2022.10.28	1662.60	1667.04	1638.05	1644.60	151188	0	1
2022.10.31	1642.98	1645.65	1631.80	1633.56	117975	0	3
2022.11.01	1632.86	1657.04	1630.65	1647.66	143204	0	0
2022.11.02	1647.18	1669.33	1634.74	1635.07	139978	0	1
2022.11.03	1634.50	1641.00	1616.72	1629.55	148549	0	0
2022.11.04	1628.93	1681.72	1628.77	1680.79	163559	0	0
2022.11.07	1674.40	1681.90	1666.90	1675.31	144667	0	1
2022.11.08	1674.90	1716.88	1664.71	1712.33	132204	0	0
2022.11.09	1712.23	1722.37	1702.20	1706.92	138346	0	4
2022.11.10	1706.22	1757.19	1703.71	1755.48	152130	0	0
2022.11.11	1753.59	1772.78	1747.30	1770.15	145499	0	0
2022.11.14	1763.34	1775.09	1753.30	1771.09	142735	0	4
2022.11.15	1770.64	1786.57	1767.13	1778.72	208619	0	0
2022.11.16	1777.75	1785.06	1770.35	1773.79	174707	0	0
2022.11.17	1773.67	1774.88	1754.51	1760.17	147971	0	0
2022.11.18	1760.52	1767.72	1747.55	1750.97	129204	0	0
2022.11.21	1751.15	1752.95	1732.54	1737.75	143361	0	2
2022.11.22	1738.85	1749.74	1737.08	1739.97	128252	0	0
2022.11.23	1739.97	1753.39	1727.31	1749.40	140515	0	0
2022.11.24	1749.69	1758.61	1748.67	1755.38	87098	0	0
2022.11.25	1754.86	1761.24	1746.05	1754.65	103484	0	0
2022.11.28	1754.28	1763.76	1739.63	1741.50	128876	0	4
2022.11.29	1740.06	1759.05	1740.06	1749.67	150295	0	2
2022.11.30	1749.36	1769.99	1744.91	1768.39	173585	0	0
2022.12.01	1769.08	1804.12	1768.56	1802.86	187527	0	0
2022.12.02	1802.12	1804.52	1778.49	1797.98	163926	0	0
2022.12.05	1795.99	1810.01	1765.85	1768.65	155784	0	0
2022.12.06	1768.18	1780.86	1767.27	1770.99	140393	0	0
2022.12.07	1770.95	1790.52	1768.74	1785.98	150509	0	0
2022.12.08	1785.83	1794.83	1781.45	1788.98	127854	0	0
2022.12.09	1789.67	1806.14	1788.44	1797.46	130802	0	0
2022.12.12	1796.94	1796.94	1777.63	1781.27	117482	0	0
2022.12.13	1781.28	1824.52	1780.86	1810.51	165436	0	0
2022.12.14	1810.66	1814.22	1795.64	1807.20	167756	0	0
2022.12.15	1807.07	1808.60	1773.75	1776.80	172988	0	0
2022.12.16	1776.64	1794.27	1774.25	1793.10	144965	0	0
2022.12.19	1792.62	1798.73	1783.79	1787.65	125480	0	0
2022.12.20	1787.50	1821.12	1784.61	1817.67	186978	0	1
2022.12.21	1817.81	1823.84	1811.85	1814.15	131501	0	0
2022.12.22	1813.92	1820.43	1784.67	1792.40	135463	0	0
2022.12.23	1793.44	1803.22	1791.18	1798.51	107520	0	0
2022.12.27	1800.08	1833.63	1799.76	1813.47	106424	0	1
2022.12.28	1814.12	1814.62	1797.04	1804.21	102536	0	0
2022.12.29	1804.29	1820.24	1803.78	1814.79	100128	0	0
2022.12.30	1814.66	1826.04	1813.39	1823.55	109639	0	0
2023.01.03	1826.57	1849.99	1823.52	1839.47	153530	0	1
2023.01.04	1838.76	1865.12	1836.18	1854.68	159325	0	1
2023.01.05	1854.48	1859.03	1825.11	1832.92	142899	0	0
2023.01.06	1832.30	1869.87	1831.31	1866.03	134449	0	0
2023.01.09	1867.72	1881.58	1866.44	1871.67	134341	0	1
2023.01.10	1870.99	1880.77	1867.72	1876.91	131931	0	0
2023.01.11	1876.99	1886.63	1867.15	1875.65	125672	0	2
2023.01.12	1874.97	1901.61	1874.63	1896.75	169960	0	0
2023.01.13	1895.74	1921.89	1892.32	1920.29	159548	0	0
2023.01.16	1919.00	1928.96	1910.85	1915.45	90117	0	0
2023.01.17	1915.04	1919.00	1903.82	1908.59	139840	0	2
2023.01.18	1908.23	1925.89	1896.59	1904.16	180482	0	0
2023.01.19	1904.00	1935.17	1900.98	1932.12	156031	0	0
2023.01.20	1931.65	1937.54	1920.69	1925.92	136165	0	3
2023.01.23	1925.87	1935.59	1911.40	1930.85	145746	0	0
2023.01.24	1930.90	1942.53	1917.17	1937.26	143041	0	0
2023.01.25	1937.06	1948.06	1919.88	1946.08	143714	0	0
2023.01.26	1946.48	1949.09	1918.62	1928.94	144998	0	0
2023.01.27	1928.31	1935.11	1916.59	1928.30	119510	0	0
2023.01.30	1927.19	1934.50	1920.69	1923.23	145261	0	1
2023.01.31	1923.00	1931.15	1900.82	1928.10	163653	0	1
2023.02.01	1928.01	1954.54	1920.54	1950.06	170229	0	0
2023.02.02	1951.47	1959.68	1911.30	1912.60	187358	0	0
2023.02.03	1911.94	1918.60	1861.44	1865.81	180401	0	0
2023.02.06	1862.02	1881.38	1861.98	1867.65	151531	0	0
2023.02.07	1867.53	1884.40	1864.99	1873.63	157897	0	0
2023.02.08	1873.92	1886.36	1869.03	1875.55	122113	0	0
2023.02.09	1875.15	1890.31	1858.91	1861.59	126475	0	0
2023.02.10	1862.86	1872.23	1852.80	1865.35	138533	0	0
2023.02.13	1864.68	1866.58	1850.47	1853.41	108404	0	0
2023.02.14	1853.67	1870.66	1843.29	1854.36	146047	0	0
2023.02.15	1853.97	1860.11	1830.45	1835.85	130316	0	1
2023.02.16	1836.32	1845.30	1827.64	1836.43	136408	0	0
2023.02.17	1836.43	1843.60	1818.90	1842.54	130317	0	3
2023.02.20	1840.89	1847.48	1837.29	1841.26	68363	0	0
2023.02.21	1841.44	1843.84	1830.23	1834.87	127405	0	1
2023.02.22	1834.74	1846.03	1823.55	1825.20	135067	0	4
2023.02.23	1825.76	1833.78	1817.46	1822.27	122849	0	4
2023.02.24	1822.47	1827.82	1808.93	1810.82	135136	0	0
2023.02.27	1812.62	1820.18	1806.69	1817.25	115134	0	0
2023.02.28	1817.16	1831.18	1804.69	1826.50	114598	0	0
2023.03.01	1826.61	1844.55	1823.08	1836.56	124223	0	1
2023.03.02	1837.16	1839.01	1829.99	1835.60	115377	0	5
2023.03.03	1836.22	1856.32	1836.07	1855.30	114876	0	6
2023.03.06	1854.20	1858.27	1845.12	1846.61	107175	0	0
2023.03.07	1846.40	1851.66	1812.69	1813.05	134388	0	1
2023.03.08	1813.94	1824.30	1809.41	1813.72	122507	0	0
2023.03.09	1814.14	1835.68	1811.94	1830.77	126833	0	3
2023.03.10	1831.38	1870.18	1827.75	1867.15	189165	0	0
2023.03.13	1886.16	1914.62	1871.55	1913.56	252911	0	0
2023.03.14	1912.32	1914.15	1895.42	1903.86	191738	0	0
2023.03.15	1904.54	1937.36	1885.75	1918.01	209509	0	0
2023.03.16	1919.30	1933.51	1907.58	1919.34	194406	0	1
2023.03.17	1919.46	1988.17	1918.26	1988.17	178128	0	2
2023.03.20	1986.70	2009.80	1965.83	1978.64	216846	0	1
2023.03.21	1978.91	1985.19	1935.44	1940.53	149576	0	0
2023.03.22	1939.76	1979.19	1934.27	1969.79	129183	0	0
2023.03.23	1969.68	2003.33	1964.41	1993.97	180114	0	0
2023.03.24	1993.80	2002.96	1975.15	1978.81	185538	0	1
2023.03.27	1977.94	1978.74	1944.04	1956.35	137833	0	0
2023.03.28	1956.64	1975.32	1949.15	1973.52	123125	0	0
2023.03.29	1973.64	1974.28	1958.68	1964.37	112432	0	4
2023.03.30	1963.36	1984.37	1955.22	1980.21	114683	0	1
2023.03.31	1980.34	1987.63	1966.89	1969.41	122612	0	4
2023.04.03	1967.06	1990.54	1949.76	1984.35	134768	0	2
2023.04.04	1984.24	2025.00	1977.01	2020.53	130283	0	3
2023.04.05	2021.09	2032.26	2009.90	2020.66	144574	0	0
2023.04.06	2020.75	2021.40	2000.84	2007.32	137810	0	0
2023.04.10	1997.30	2006.29	1981.72	1991.18	109339	0	0
2023.04.11	1991.07	2007.44	1988.82	2003.52	123789	0	0
2023.04.12	2003.14	2028.35	2001.39	2014.77	159771	0	1
2023.04.13	2014.44	2048.67	2013.95	2040.10	149901	0	1
2023.04.14	2040.17	2047.47	1992.40	2004.42	175966	0	2
2023.04.17	1999.29	2015.05	1981.18	1995.08	148115	0	0
2023.04.18	1994.76	2011.82	1991.19	2005.21	129636	0	1
2023.04.19	2005.10	2008.20	1969.18	1994.67	154703	0	0
2023.04.20	1994.35	2012.39	1990.50	2004.70	146685	0	0
2023.04.21	2004.20	2005.53	1971.59	1982.84	152487	0	0
2023.04.24	1982.38	1990.79	1974.13	1989.05	139790	0	0
2023.04.25	1989.18	2003.85	1976.09	1997.06	165145	0	2
2023.04.26	1996.86	2009.43	1983.37	1989.29	173748	0	2
2023.04.27	1989.84	2003.34	1974.22	1987.74	159975	0	0
2023.04.28	1987.48	1995.04	1976.15	1989.55	184958	0	3
2023.05.01	1989.54	2006.00	1977.09	1982.44	124357	0	0
2023.05.02	1982.12	2019.41	1978.49	2016.53	163747	0	0
2023.05.03	2016.03	2040.37	2007.78	2038.52	163007	0	0
2023.05.04	2064.37	2066.81	2030.38	2050.15	236494	0	0
2023.05.05	2049.01	2053.00	1999.51	2016.54	171684	0	2
2023.05.08	2017.12	2029.42	2014.07	2021.36	127751	0	4
2023.05.09	2021.17	2037.62	2019.51	2034.42	126509	0	1
2023.05.10	2034.40	2048.18	2021.55	2030.10	155324	0	0
2023.05.11	2029.86	2041.29	2011.04	2014.95	171712	0	0
2023.05.12	2015.12	2022.59	2000.89	2010.91	139283	0	4
2023.05.15	2008.04	2022.21	2007.28	2016.32	117826	0	0
2023.05.16	2016.54	2018.32	1985.19	1988.81	130829	0	0
2023.05.17	1988.89	1993.04	1974.98	1981.41	119404	0	0
2023.05.18	1981.60	1986.01	1951.98	1957.39	121863	0	0
2023.05.19	1958.11	1984.18	1954.02	1977.50	137157	0	3
2023.05.22	1977.99	1982.59	1968.87	1971.73	119525	0	0
2023.05.23	1971.88	1977.78	1954.24	1974.88	132954	0	5
2023.05.24	1975.21	1985.29	1956.71	1957.24	132173	0	0
2023.05.25	1958.43	1964.77	1938.84	1940.69	131856	0	0
2023.05.26	1941.49	1957.30	1936.76	1946.72	120249	0	0
2023.05.29	1942.84	1949.71	1940.22	1943.15	52967	0	2
2023.05.30	1943.68	1963.55	1932.05	1959.17	124746	0	0
2023.05.31	1958.88	1974.79	1953.68	1962.60	135381	0	0
2023.06.01	1963.16	1983.10	1953.39	1977.40	129954	0	1
2023.06.02	1976.96	1983.48	1947.50	1947.62	123567	0	0
2023.06.05	1947.68	1964.03	1938.13	1961.70	126309	0	1
2023.06.06	1961.56	1966.40	1954.39	1963.23	108610	0	0
2023.06.07	1963.51	1970.18	1939.77	1939.87	116106	0	0
2023.06.08	1940.31	1970.50	1940.12	1965.44	120507	0	0
2023.06.09	1965.68	1973.10	1956.64	1960.46	102226	0	2
2023.06.12	1960.21	1966.97	1949.20	1957.34	117727	0	1
2023.06.13	1957.00	1971.13	1940.05	1943.44	127070	0	4
2023.06.14	1943.21	1960.27	1939.61	1941.74	124459	0	4
2023.06.15	1942.55	1960.26	1924.70	1957.96	143246	0	0
2023.06.16	1957.12	1967.93	1953.28	1957.51	121322	0	5
2023.06.19	1957.62	1958.76	1947.78	1950.48	64873	0	4
2023.06.20	1950.60	1956.79	1929.78	1936.08	125331	0	3
2023.06.21	1935.44	1939.45	1919.19	1932.43	117530	0	1
2023.06.22	1931.67	1934.82	1912.18	1913.64	112259	0	0
2023.06.23	1913.66	1937.47	1909.99	1920.53	117890	0	0
2023.06.26	1925.15	1933.36	1921.56	1923.14	124470	0	0
2023.06.27	1923.39	1930.69	1910.86	1913.62	145343	0	0
2023.06.28	1914.38	1917.14	1902.79	1907.28	132146	0	0
2023.06.29	1907.49	1913.13	1892.95	1908.25	158035	0	0
2023.06.30	1908.54	1922.80	1900.56	1919.17	152073	0	3
2023.07.03	1918.60	1930.98	1909.97	1921.48	117342	0	0
2023.07.04	1921.28	1930.75	1919.74	1925.89	59937	0	0
2023.07.05	1925.84	1935.05	1914.74	1915.21	137542	0	0
2023.07.06	1916.20	1927.59	1902.59	1910.93	154947	0	0
2023.07.07	1910.59	1934.97	1909.45	1925.31	155209	0	0
2023.07.10	1924.76	1928.06	1912.69	1925.28	130186	0	0
2023.07.11	1925.14	1938.47	1924.35	1932.09	140599	0	0
2023.07.12	1932.32	1959.70	1932.14	1957.35	169381	0	0
2023.07.13	1957.14	1963.65	1952.38	1960.39	174561	0	0
2023.07.14	1960.20	1963.78	1950.93	1955.45	155997	0	0
2023.07.17	1955.47	1959.85	1945.77	1954.92	122773	0	0
2023.07.18	1954.69	1984.36	1954.53	1978.73	167005	0	0
2023.07.19	1978.93	1980.93	1969.69	1976.97	139338	0	0
2023.07.20	1977.33	1987.43	1965.36	1969.50	150787	0	0
2023.07.21	1970.20	1973.80	1956.81	1961.84	131317	0	0
2023.07.24	1962.41	1967.88	1953.47	1954.87	128955	0	0
2023.07.25	1955.20	1965.69	1951.74	1964.85	115002	0	0
2023.07.26	1964.93	1978.32	1962.00	1972.27	151452	0	0
2023.07.27	1971.43	1982.23	1942.57	1945.52	171566	0	0
2023.07.28	1946.81	1963.56	1945.35	1959.15	161272	0	0
2023.07.31	1959.58	1972.39	1950.87	1965.52	124338	0	0
2023.08.01	1965.68	1965.98	1941.26	1944.19	137730	0	0
2023.08.02	1949.98	1954.84	1932.94	1934.87	138045	0	0
2023.08.03	1935.38	1938.88	1929.51	1933.98	143999	0	0
2023.08.04	1934.62	1946.95	1925.53	1942.65	131485	0	0
2023.08.07	1942.75	1946.72	1931.53	1936.52	84513	0	0
2023.08.08	1936.21	1938.06	1922.73	1925.22	117058	0	0
2023.08.09	1925.02	1932.34	1913.98	1914.70	104727	0	3
2023.08.10	1914.71	1930.14	1912.10	1912.33	138980	0	3
2023.08.11	1912.57	1920.95	1910.77	1913.62	106435	0	3
2023.08.14	1913.35	1916.24	1902.69	1907.42	110592	0	4
2023.08.15	1907.17	1911.65	1896.35	1901.85	149099	0	3
2023.08.16	1901.65	1907.22	1891.85	1891.92	115345	0	0
2023.08.17	1892.05	1903.49	1885.04	1889.33	132708	0	4
2023.08.18	1889.45	1896.91	1886.76	1889.37	109839	0	3
2023.08.21	1889.66	1898.78	1884.81	1894.67	124492	0	4
2023.08.22	1894.68	1904.53	1889.11	1897.38	111168	0	3
2023.08.23	1897.19	1920.38	1897.18	1915.38	130444	0	0
2023.08.24	1915.38	1923.40	1911.77	1916.69	123400	0	3
2023.08.25	1917.05	1922.45	1903.78	1914.21	132875	0	0
2023.08.28	1914.86	1926.07	1912.77	1920.06	88149	0	4
2023.08.29	1919.96	1938.20	1914.44	1937.32	126706	0	0
2023.08.30	1937.30	1949.07	1934.95	1942.42	120052	0	4
2023.08.31	1942.60	1947.91	1939.01	1940.06	92454	0	0
2023.09.01	1940.01	1953.02	1934.40	1939.85	138713	0	0
2023.09.04	1940.41	1946.28	1936.79	1938.47	44777	0	2
2023.09.05	1938.41	1938.99	1925.36	1925.97	112965	0	3
2023.09.06	1926.11	1929.19	1915.31	1916.42	117181	0	3
2023.09.07	1917.07	1923.58	1916.25	1919.62	98719	0	4
2023.09.08	1919.61	1929.70	1917.35	1919.13	98258	0	4
2023.09.11	1920.36	1930.77	1916.47	1922.33	101764	0	4
2023.09.12	1922.77	1924.48	1907.59	1913.34	103458	0	1
2023.09.13	1913.23	1915.77	1905.51	1908.15	127183	0	0
2023.09.14	1908.72	1912.91	1901.02	1910.51	148428	0	3
2023.09.15	1910.89	1930.43	1909.71	1923.68	122561	0	4
2023.09.18	1923.42	1934.23	1922.52	1933.61	98507	0	4
2023.09.19	1933.54	1937.41	1929.75	1931.34	87297	0	4
2023.09.20	1931.67	1947.42	1927.95	1930.36	136227	0	2
2023.09.21	1930.34	1931.60	1913.90	1919.94	143289	0	3
2023.09.22	1919.87	1929.12	1919.58	1925.25	96528	0	2
2023.09.25	1925.07	1927.22	1915.11	1915.78	87820	0	2
2023.09.26	1916.16	1916.81	1899.12	1900.58	98343	0	2
2023.09.27	1900.58	1903.92	1872.55	1874.99	115520	0	3
2023.09.28	1876.14	1879.58	1857.66	1864.80	147185	0	2
2023.09.29	1865.15	1879.88	1846.33	1848.74	147432	0	0
2023.10.02	1846.45	1848.93	1827.14	1827.77	154232	0	2
2023.10.03	1828.97	1833.38	1815.25	1822.94	192166	0	2
2023.10.04	1823.35	1830.79	1816.58	1821.10	181931	0	2
2023.10.05	1821.26	1829.20	1813.01	1820.24	163563	0	2
2023.10.06	1820.41	1834.90	1810.47	1831.84	200926	0	2
2023.10.09	1847.52	1863.49	1844.23	1861.35	155242	0	4
2023.10.10	1861.18	1865.37	1853.00	1860.42	204264	0	3
2023.10.11	1859.96	1877.20	1858.61	1874.27	193115	0	4
2023.10.12	1874.63	1885.12	1867.91	1868.73	190851	0	4
2023.10.13	1869.07	1932.41	1868.94	1932.41	213189	0	2
2023.10.16	1925.94	1927.68	1908.20	1920.06	158254	0	2
2023.10.17	1919.98	1931.57	1912.41	1923.05	161186	0	3
2023.10.18	1923.91	1962.67	1923.28	1947.62	189497	0	2
2023.10.19	1947.76	1977.73	1945.25	1974.28	207173	0	2
2023.10.20	1973.40	1997.21	1972.04	1980.90	198269	0	4
2023.10.23	1968.07	1982.81	1964.38	1972.74	173905	0	4
2023.10.24	1973.10	1980.87	1953.49	1971.03	169310	0	4
2023.10.25	1970.88	1987.28	1962.96	1979.45	162589	0	4
2023.10.26	1980.76	1993.44	1971.63	1984.73	190268	0	4
2023.10.27	1984.49	2009.47	1976.78	2005.91	179975	0	4
2023.10.30	2004.90	2006.74	1990.96	1996.15	161808	0	4
2023.10.31	1995.67	2007.93	1978.88	1983.97	176258	0	4
2023.11.01	1983.46	1992.03	1969.88	1982.67	184940	0	4
2023.11.02	1983.42	1991.08	1978.84	1985.77	153635	0	4
2023.11.03	1985.89	2004.11	1983.17	1992.52	188442	0	3
2023.11.06	1992.43	1993.16	1977.42	1977.82	141325	0	0
2023.11.07	1977.93	1978.34	1956.71	1969.03	160213	0	5
2023.11.08	1968.67	1971.04	1947.44	1950.20	153457	0	5
2023.11.09	1949.95	1965.64	1944.51	1958.41	174088	0	5
2023.11.10	1958.42	1960.81	1933.06	1938.62	159481	0	5
2023.11.13	1938.42	1949.22	1931.60	1946.10	127010	0	5
2023.11.14	1946.10	1970.87	1943.76	1963.16	138881	0	5
2023.11.15	1962.79	1975.34	1955.37	1959.19	142869	0	5
2023.11.16	1960.04	1987.91	1956.41	1981.10	132847	0	5
2023.11.17	1980.89	1993.36	1978.53	1980.56	132680	0	5
2023.11.20	1978.11	1985.15	1965.40	1977.65	148166	0	5
2023.11.21	1977.92	2007.53	1977.80	1998.26	164705	0	5
2023.11.22	1998.61	2006.43	1986.86	1989.81	144702	0	5
2023.11.23	1989.20	1998.52	1989.18	1992.78	39966	0	0
2023.11.24	1992.95	2003.58	1991.45	2002.33	54053	0	0
2023.11.27	2002.12	2018.12	2000.38	2014.18	79287	0	0
2023.11.28	2013.84	2042.98	2011.49	2041.07	76325	0	4
2023.11.29	2041.36	2051.99	2035.42	2044.12	91534	0	4
2023.11.30	2044.56	2047.25	2031.01	2036.09	85621	0	4
2023.12.01	2036.83	2075.36	2033.91	2071.63	65040	0	4
2023.12.04	2072.60	2144.77	2020.13	2028.89	85241	0	0
2023.12.05	2030.21	2041.17	2009.80	2019.36	74914	0	3
2023.12.06	2019.91	2035.86	2017.21	2025.26	64498	0	4
2023.12.07	2026.30	2039.94	2020.18	2028.54	64039	0	4
2023.12.08	2028.51	2033.98	1994.58	2004.04	68116	0	4
2023.12.11	2005.36	2007.71	1975.78	1981.69	60603	0	4
2023.12.12	1982.00	1996.68	1977.21	1979.30	50962	0	4
2023.12.13	1980.10	2027.79	1973.00	2027.23	56900	0	4
2023.12.14	2025.48	2047.90	2024.35	2036.20	75085	0	4
2023.12.15	2036.28	2044.95	2015.48	2019.02	340007	0	0
2023.12.18	2019.56	2033.77	2015.86	2027.21	280002	0	4
2023.12.19	2027.32	2047.03	2021.62	2040.13	308394	0	4
2023.12.20	2040.05	2043.56	2027.27	2031.31	311016	0	4
2023.12.21	2032.05	2046.12	2031.39	2045.78	332142	0	4
2023.12.22	2045.87	2070.70	2045.87	2052.75	383955	0	4
2023.12.26	2053.23	2069.05	2052.97	2067.44	202590	0	4
2023.12.27	2068.19	2084.51	2061.32	2077.49	285928	0	4
2023.12.28	2077.46	2088.51	2064.37	2065.25	328829	0	4
2023.12.29	2066.27	2074.87	2058.07	2063.03	296374	0	4
2024.01.02	2062.91	2078.99	2055.82	2058.91	376799	0	4
2024.01.03	2059.16	2066.05	2030.49	2041.27	441916	0	4
2024.01.04	2041.88	2051.04	2036.10	2043.28	324187	0	0
2024.01.05	2043.81	2064.07	2024.34	2045.30	479354	0	4
2024.01.08	2044.65	2046.55	2016.61	2028.18	386826	0	4
2024.01.09	2028.22	2042.09	2025.95	2030.21	376781	0	4
2024.01.10	2030.36	2040.37	2020.31	2024.32	399693	0	4
2024.01.11	2024.06	2045.80	2013.16	2028.54	538544	0	4
2024.01.12	2029.20	2062.33	2028.73	2048.81	562683	0	4
2024.01.15	2047.90	2058.66	2045.68	2054.60	248084	0	0
2024.01.16	2054.62	2055.59	2024.19	2028.22	459103	0	3
2024.01.17	2028.29	2033.00	2001.68	2006.11	557364	0	0
2024.01.18	2005.62	2023.31	2005.62	2022.93	430350	0	2
2024.01.19	2024.39	2039.50	2020.26	2029.33	410962	0	1
2024.01.22	2029.70	2032.19	2016.42	2021.62	423889	0	5
2024.01.23	2021.96	2037.98	2019.51	2029.23	436043	0	5
2024.01.24	2029.02	2036.78	2011.06	2013.50	543248	0	5
2024.01.25	2014.30	2025.44	2009.47	2020.70	443626	0	0
2024.01.26	2020.26	2026.75	2015.81	2018.49	353072	0	5
2024.01.29	2024.05	2037.46	2019.18	2032.70	288679	0	5
2024.01.30	2032.92	2048.64	2028.96	2036.87	412991	0	5
2024.01.31	2036.95	2056.07	2030.79	2039.20	567869	0	5
2024.02.01	2038.97	2065.54	2029.93	2054.98	592314	0	3
2024.02.02	2054.88	2057.73	2027.73	2039.57	383044	0	5
2024.02.05	2040.01	2042.29	2014.76	2025.03	398004	0	5
2024.02.06	2024.76	2038.96	2022.77	2035.86	191974	0	3
2024.02.07	2036.04	2044.64	2030.50	2035.00	142344	0	5
2024.02.08	2035.64	2038.70	2020.08	2034.33	151572	0	5
2024.02.09	2034.61	2037.28	2020.20	2024.26	138125	0	5
2024.02.12	2024.15	2027.59	2011.75	2019.94	139488	0	5
2024.02.13	2019.73	2031.91	1989.97	1992.95	153478	0	5
2024.02.14	1993.44	1996.12	1984.03	1992.10	145815	0	5
2024.02.15	1992.32	2008.38	1990.09	2004.25	138635	0	5
2024.02.16	2004.12	2015.24	1995.19	2013.18	134157	0	5
2024.02.19	2014.69	2023.04	2011.38	2017.91	99685	0	5
2024.02.20	2018.09	2030.94	2014.87	2024.23	130870	0	5
2024.02.21	2024.11	2032.27	2020.05	2025.97	141138	0	5
2024.02.22	2025.61	2034.86	2019.48	2024.27	148953	0	4
2024.02.23	2024.37	2041.39	2015.92	2035.52	150943	0	5
2024.02.26	2034.32	2037.10	2024.94	2031.16	136963	0	5
2024.02.27	2031.45	2039.51	2028.63	2030.38	130317	0	5
2024.02.28	2030.71	2037.94	2024.38	2034.37	129908	0	5
2024.02.29	2034.37	2050.78	2027.97	2044.12	146206	0	3
2024.03.01	2043.77	2088.38	2038.92	2083.26	164147	0	5
2024.03.04	2082.51	2119.94	2079.37	2114.27	144180	0	5
2024.03.05	2114.59	2141.81	2110.43	2127.84	173988	0	5
2024.03.06	2128.00	2152.27	2123.59	2148.03	158499	0	5
2024.03.07	2148.94	2164.76	2144.20	2159.93	165049	0	0
2024.03.08	2159.28	2195.22	2153.96	2178.55	174781	0	5
2024.03.11	2181.21	2189.03	2174.72	2182.65	146453	0	5
2024.03.12	2182.17	2184.76	2150.50	2158.13	94467	0	5
2024.03.13	2158.00	2179.85	2155.72	2174.32	62440	0	5
2024.03.14	2174.54	2176.97	2152.75	2162.19	62755	0	5
2024.03.15	2162.32	2172.71	2155.17	2155.82	59222	0	5
2024.03.18	2153.03	2163.58	2146.08	2160.26	54955	0	5
2024.03.19	2160.11	2162.77	2147.14	2157.48	59875	0	5
2024.03.20	2157.70	2188.77	2149.61	2186.24	64224	0	5
2024.03.21	2187.18	2222.65	2166.43	2181.25	91384	0	5
2024.03.22	2181.51	2186.03	2157.09	2165.27	79823	0	5
2024.03.25	2165.90	2181.26	2163.50	2171.73	71161	0	5
2024.03.26	2171.60	2200.03	2167.57	2178.63	64112	0	5
2024.03.27	2178.08	2197.55	2172.87	2194.88	64882	0	1
2024.03.28	2193.40	2236.18	2187.27	2232.88	80479	0	0
2024.04.01	2241.94	2265.61	2228.51	2251.31	85503	0	5
2024.04.02	2251.24	2281.01	2246.67	2280.53	88872	0	5
2024.04.03	2279.92	2301.14	2265.42	2299.64	95443	0	5
2024.04.04	2299.56	2305.56	2279.95	2290.95	84664	0	5
2024.04.05	2291.03	2330.44	2267.75	2329.28	91616	0	2
2024.04.08	2324.16	2353.84	2302.90	2338.82	109825	0	5
2024.04.09	2338.74	2365.28	2336.97	2352.22	104663	0	5
2024.04.10	2352.62	2360.03	2319.43	2333.55	101113	0	0
2024.04.11	2334.00	2377.64	2325.85	2372.41	102815	0	5
2024.04.12	2371.47	2431.44	2333.86	2344.22	128042	0	4
2024.04.15	2355.60	2387.51	2323.98	2383.10	115908	0	5
2024.04.16	2382.38	2398.18	2362.99	2382.85	114793	0	5
2024.04.17	2382.53	2395.53	2354.54	2361.16	104392	0	5
2024.04.18	2361.37	2392.76	2361.37	2378.86	118369	0	0
2024.04.19	2379.14	2417.83	2372.91	2390.63	146435	0	5
2024.04.22	2389.80	2389.80	2324.47	2327.25	81603	0	5
2024.04.23	2327.71	2334.34	2291.39	2322.11	79380	0	5
2024.04.24	2322.44	2337.19	2311.78	2315.96	71554	0	3
2024.04.25	2315.96	2344.80	2304.80	2332.37	70251	0	3
2024.04.26	2332.35	2352.50	2326.17	2337.78	65473	0	5
2024.04.29	2337.22	2346.63	2320.04	2335.36	70726	0	5
2024.04.30	2335.31	2336.23	2285.04	2286.30	72307	0	5
2024.05.01	2286.76	2328.20	2281.63	2319.48	70204	0	5
2024.05.02	2321.02	2326.43	2285.50	2303.51	69461	0	5
2024.05.03	2303.93	2320.59	2277.38	2301.67	67506	0	5
2024.05.06	2304.58	2331.99	2291.79	2323.76	74940	0	5
2024.05.07	2324.06	2329.88	2310.01	2313.83	65539	0	5
2024.05.08	2314.22	2321.32	2303.72	2308.83	69498	0	5
2024.05.09	2308.69	2347.17	2306.73	2346.02	68792	0	5
2024.05.10	2346.33	2378.32	2345.04	2360.47	73168	0	5
2024.05.13	2361.90	2364.42	2332.11	2336.14	67281	0	5
2024.05.14	2336.13	2359.61	2334.84	2358.00	68341	0	5
2024.05.15	2358.02	2390.23	2351.84	2385.76	70090	0	5
2024.05.16	2385.60	2397.25	2371.02	2376.72	81190	0	5
2024.05.17	2377.11	2422.74	2374.05	2413.84	80348	0	5
2024.05.20	2418.33	2450.07	2407.40	2426.22	102705	0	5
2024.05.21	2426.30	2433.83	2406.43	2420.88	93414	0	5
2024.05.22	2421.44	2426.59	2375.06	2378.58	94728	0	5
2024.05.23	2379.66	2383.66	2326.68	2328.55	92448	0	5
2024.05.24	2328.95	2347.37	2325.46	2333.86	79071	0	5
2024.05.27	2338.09	2358.52	2331.68	2350.08	60652	0	5
2024.05.28	2351.47	2364.14	2340.32	2361.13	84124	0	5
2024.05.29	2360.95	2362.66	2334.61	2338.00	86223	0	1
2024.05.30	2337.88	2351.77	2322.74	2342.98	90714	0	5
2024.05.31	2344.26	2359.80	2320.60	2327.46	91884	0	5
2024.06.03	2328.79	2354.76	2314.77	2350.45	88083	0	5
2024.06.04	2351.90	2352.83	2315.62	2326.79	87040	0	5
2024.06.05	2326.69	2357.41	2325.92	2355.13	80955	0	5
2024.06.06	2356.80	2378.50	2353.44	2375.68	81010	0	5
2024.06.07	2376.34	2387.69	2286.71	2293.38	99238	0	5
2024.06.10	2294.71	2313.84	2287.78	2310.86	75938	0	5
2024.06.11	2312.03	2319.94	2297.75	2316.73	86222	0	5
2024.06.12	2317.07	2341.66	2310.75	2324.88	84926	0	5
2024.06.13	2324.83	2326.67	2295.67	2303.85	82589	0	5
2024.06.14	2304.18	2336.59	2301.62	2332.60	82624	0	5
2024.06.17	2331.47	2332.87	2310.03	2318.96	78647	0	5
2024.06.18	2319.05	2333.11	2306.64	2329.34	76408	0	5
2024.06.19	2329.30	2335.06	2323.92	2327.98	53316	0	5
2024.06.20	2329.07	2365.46	2327.81	2360.02	77250	0	5
2024.06.21	2360.71	2368.73	2316.70	2321.42	81924	0	5
2024.06.24	2321.36	2334.68	2317.73	2334.43	81632	0	5
2024.06.25	2334.29	2337.13	2315.54	2319.51	72400	0	5
2024.06.26	2319.35	2323.72	2293.67	2298.06	81657	0	5
2024.06.27	2298.36	2330.91	2296.54	2327.48	74385	0	5
2024.06.28	2328.03	2339.75	2319.06	2326.40	74181	0	5
2024.07.01	2326.90	2338.53	2318.50	2331.72	76003	0	5
2024.07.02	2331.75	2336.78	2319.12	2329.35	70178	0	5
2024.07.03	2329.55	2364.92	2326.82	2356.07	71327	0	5
2024.07.04	2356.17	2362.52	2350.64	2356.10	45570	0	5
2024.07.05	2357.21	2392.91	2352.30	2391.06	78621	0	5
2024.07.08	2386.21	2391.13	2351.14	2359.09	76078	0	5
2024.07.09	2359.35	2371.33	2349.29	2363.73	74775	0	5
2024.07.10	2364.12	2386.61	2362.19	2371.26	68758	0	5
2024.07.11	2371.03	2424.54	2370.44	2415.30	76342	0	5
2024.07.12	2415.29	2418.17	2391.44	2411.59	81842	0	5
2024.07.15	2411.51	2439.67	2401.32	2422.23	85183	0	5
2024.07.16	2422.14	2469.65	2420.01	2468.69	85927	0	5
2024.07.17	2468.66	2483.54	2451.36	2458.66	172836	0	5
2024.07.18	2458.51	2474.80	2440.23	2445.08	181426	0	5
2024.07.19	2445.65	2445.67	2393.71	2400.30	185614	0	5
2024.07.22	2401.79	2412.04	2383.71	2396.35	167639	0	5
2024.07.23	2396.71	2411.91	2388.17	2409.62	168714	0	5
2024.07.24	2408.65	2431.90	2396.72	2397.23	179458	0	5
2024.07.25	2397.05	2401.11	2352.97	2364.49	241295	0	5
2024.07.26	2364.05	2390.68	2355.70	2387.34	182598	0	5
2024.07.29	2388.70	2403.05	2369.54	2383.50	179262	0	5
2024.07.30	2383.83	2412.64	2376.36	2410.92	174873	0	5
2024.07.31	2410.98	2450.80	2403.76	2447.24	211323	0	5
2024.08.01	2448.53	2462.17	2430.12	2446.30	227718	0	5
2024.08.02	2446.24	2477.61	2410.72	2441.38	238833	0	5
2024.08.05	2444.61	2458.65	2364.06	2409.96	303106	0	5
2024.08.06	2410.23	2418.23	2381.48	2389.85	248749	0	5
2024.08.07	2391.58	2406.90	2378.94	2383.06	211353	0	5
2024.08.08	2381.01	2427.53	2380.95	2427.18	214274	0	5
2024.08.09	2427.07	2436.93	2416.78	2431.07	176072	0	5
2024.08.12	2429.26	2473.16	2423.75	2472.03	154564	0	5
2024.08.13	2471.08	2476.82	2458.40	2464.98	166903	0	5
2024.08.14	2465.65	2479.70	2437.98	2447.92	187574	0	5
2024.08.15	2447.50	2469.95	2432.09	2456.24	176316	0	5
2024.08.16	2455.96	2509.61	2450.64	2507.46	180403	0	5
2024.08.19	2508.41	2510.06	2485.54	2504.23	183561	0	5
2024.08.20	2503.42	2531.53	2497.23	2514.01	177578	0	5
2024.08.21	2513.79	2519.84	2493.81	2512.30	178292	0	5
2024.08.22	2511.93	2514.56	2470.73	2484.73	182512	0	5
2024.08.23	2484.81	2518.23	2484.33	2511.93	178967	0	5
2024.08.26	2511.56	2526.70	2508.63	2517.91	172547	0	5
2024.08.27	2518.06	2525.84	2503.45	2524.59	166644	0	5
2024.08.28	2524.56	2528.90	2493.55	2504.67	167110	0	5
2024.08.29	2504.55	2528.60	2503.55	2521.09	173193	0	5
2024.08.30	2521.13	2526.75	2494.06	2503.35	174801	0	5
2024.09.02	2502.34	2507.18	2489.94	2499.46	110467	0	5
2024.09.03	2499.89	2506.18	2473.39	2492.86	185141	0	5
2024.09.04	2493.05	2500.15	2471.77	2495.44	173118	0	5
2024.09.05	2495.24	2523.31	2493.72	2516.63	171151	0	5
2024.09.06	2516.84	2529.08	2485.02	2497.61	194614	0	5
2024.09.09	2497.09	2507.04	2485.44	2506.22	175640	0	5
2024.09.10	2506.19	2518.32	2500.02	2516.54	162060	0	5
2024.09.11	2516.55	2528.93	2500.85	2511.35	192814	0	5
2024.09.12	2511.97	2559.98	2510.90	2558.60	187663	0	5
2024.09.13	2558.54	2585.92	2556.61	2578.38	191691	0	5
2024.09.16	2579.39	2589.56	2575.17	2582.42	149290	0	5
2024.09.17	2582.09	2586.82	2560.69	2569.45	168290	0	5
2024.09.18	2569.64	2600.04	2546.71	2559.27	196306	0	5
2024.09.19	2558.73	2594.76	2550.94	2586.61	212431	0	5
2024.09.20	2586.85	2625.65	2584.71	2622.26	192171	0	5
2024.09.23	2619.54	2634.74	2613.78	2628.39	170980	0	5
2024.09.24	2628.64	2664.24	2622.56	2656.99	203370	0	5
2024.09.25	2657.43	2670.39	2649.61	2657.02	189847	0	5
2024.09.26	2656.47	2685.44	2654.70	2672.23	204851	0	5
2024.09.27	2672.24	2674.20	2643.04	2659.81	216031	0	5
2024.09.30	2658.25	2665.90	2624.59	2634.53	207306	0	5
2024.10.01	2634.35	2673.04	2632.13	2663.37	178322	0	5
2024.10.02	2663.25	2663.26	2641.02	2658.67	167809	0	5
2024.10.03	2658.51	2662.79	2636.90	2656.01	186642	0	5
2024.10.04	2656.25	2670.15	2631.91	2653.57	129072	0	5
2024.10.07	2649.56	2659.61	2637.74	2642.51	85860	0	5
2024.10.08	2644.69	2652.96	2604.77	2621.85	98279	0	5
2024.10.09	2621.60	2624.34	2605.21	2607.68	87211	0	5
2024.10.10	2607.68	2631.52	2605.89	2630.05	87430	0	5
2024.10.11	2629.75	2661.40	2628.02	2656.38	80192	0	3
2024.10.14	2655.69	2666.77	2643.17	2648.52	79898	0	5
2024.10.15	2648.48	2668.96	2638.33	2662.64	85041	0	5
2024.10.16	2662.43	2685.24	2658.73	2673.64	81811	0	5
2024.10.17	2673.91	2696.74	2673.15	2692.83	87494	0	5
2024.10.18	2692.69	2722.60	2691.82	2721.91	87565	0	5
2024.10.21	2720.16	2740.56	2714.27	2719.50	94372	0	5
2024.10.22	2719.49	2748.86	2718.93	2748.81	87044	0	5
2024.10.23	2748.27	2758.47	2708.78	2715.57	92031	0	5
2024.10.24	2715.39	2743.19	2715.09	2735.84	90227	0	5
2024.10.25	2735.83	2747.55	2717.02	2747.39	84877	0	5
2024.10.28	2732.70	2745.92	2724.72	2742.24	87422	0	5
2024.10.29	2741.97	2774.75	2739.80	2774.44	92516	0	5
2024.10.30	2774.11	2790.05	2770.87	2787.21	92262	0	5
2024.10.31	2787.85	2790.09	2731.64	2743.77	91037	0	5
2024.11.01	2743.91	2762.26	2733.17	2735.84	95509	0	5
2024.11.04	2738.13	2748.16	2730.55	2736.46	96948	0	5
2024.11.05	2736.84	2749.88	2724.71	2743.72	89174	0	5
2024.11.06	2743.32	2749.69	2652.44	2658.94	119755	0	5
2024.11.07	2659.18	2710.27	2643.33	2706.24	104394	0	5
2024.11.08	2705.81	2710.35	2680.35	2684.15	97232	0	5
2024.11.11	2682.96	2686.22	2610.59	2619.30	96185	0	5
2024.11.12	2619.50	2627.13	2589.81	2597.98	101759	0	5
2024.11.13	2598.53	2618.81	2572.65	2572.70	97489	0	5
2024.11.14	2574.82	2581.29	2536.77	2564.53	109662	0	5
2024.11.15	2565.12	2576.05	2554.58	2561.78	100256	0	5
2024.11.18	2564.94	2615.02	2564.79	2611.72	97519	0	5
2024.11.19	2611.74	2639.40	2610.23	2632.11	96397	0	5
2024.11.20	2632.00	2655.35	2618.91	2650.08	94155	0	5
2024.11.21	2649.80	2673.47	2648.63	2669.41	94033	0	5
2024.11.22	2669.66	2715.50	2668.21	2715.34	102746	0	5
2024.11.25	2692.25	2721.31	2615.60	2625.46	105609	0	5
2024.11.26	2625.01	2641.90	2604.86	2633.02	100386	0	5
2024.11.27	2630.47	2658.20	2627.00	2635.95	89383	0	5
2024.11.28	2637.80	2649.57	2620.92	2637.07	64090	0	5
2024.11.29	2637.58	2666.37	2634.03	2650.33	86260	0	5
2024.12.02	2652.01	2652.69	2621.86	2638.62	103110	0	5
2024.12.03	2639.23	2655.56	2634.11	2643.50	91928	0	5
2024.12.04	2643.29	2656.99	2632.31	2649.88	93798	0	5
2024.12.05	2649.60	2655.54	2623.52	2631.66	87579	0	5
2024.12.06	2631.76	2645.60	2612.32	2632.67	91127	0	5
2024.12.09	2643.88	2676.32	2627.57	2660.18	98808	0	0
2024.12.10	2660.85	2695.46	2657.93	2693.80	92398	0	5
2024.12.11	2693.98	2721.07	2674.85	2717.95	100382	0	5
2024.12.12	2717.58	2726.15	2675.03	2680.55	97260	0	5
2024.12.13	2681.00	2692.77	2645.68	2648.80	96541	0	5
2024.12.16	2650.72	2664.23	2643.52	2652.62	74306	0	5
2024.12.17	2652.65	2658.57	2633.03	2646.40	82723	0	5
2024.12.18	2646.32	2651.70	2583.62	2585.31	82407	0	5
2024.12.19	2585.48	2626.42	2582.92	2594.39	90171	0	5
2024.12.20	2594.75	2631.82	2589.69	2623.03	84572	0	5
2024.12.23	2620.78	2633.22	2608.13	2612.77	77618	0	5
2024.12.24	2613.12	2621.46	2610.02	2616.59	56605	0	5
2024.12.26	2616.14	2639.14	2614.12	2633.53	63754	0	5
2024.12.27	2635.70	2638.34	2611.69	2621.54	69633	0	5
2024.12.30	2621.03	2628.13	2596.09	2605.96	69847	0	5
2024.12.31	2605.71	2627.58	2602.59	2624.43	69422	0	5
2025.01.02	2624.48	2660.46	2621.48	2657.98	83419	0	5
2025.01.03	2658.34	2665.15	2636.51	2639.98	74593	0	5
2025.01.06	2641.45	2649.45	2614.45	2635.77	83848	0	5
2025.01.07	2636.09	2664.33	2632.98	2648.42	70702	0	5
2025.01.08	2648.45	2670.00	2645.25	2661.44	80604	0	5
2025.01.09	2661.31	2678.23	2655.51	2670.34	67495	0	5
2025.01.10	2670.34	2698.01	2663.96	2688.96	89266	0	5
2025.01.13	2690.19	2693.27	2656.84	2662.98	93434	0	5
2025.01.14	2663.55	2678.38	2659.86	2677.37	88452	0	5
2025.01.15	2678.38	2697.55	2669.39	2696.28	81616	0	5
2025.01.16	2695.01	2724.76	2690.03	2714.26	86394	0	5
2025.01.17	2714.44	2717.38	2698.47	2702.92	80490	0	5
2025.01.20	2703.09	2713.76	2689.26	2706.70	69969	0	5
2025.01.21	2708.28	2746.02	2702.81	2744.69	92790	0	5
2025.01.22	2745.17	2763.45	2741.10	2756.18	84738	0	5
2025.01.23	2756.17	2758.92	2735.58	2754.52	85621	0	5
2025.01.24	2754.64	2785.94	2753.49	2771.48	87370	0	5
2025.01.27	2769.76	2772.53	2730.48	2740.70	99704	0	5
2025.01.28	2739.91	2765.11	2734.81	2763.17	83114	0	5
2025.01.29	2763.23	2766.20	2744.76	2759.68	83303	0	5
2025.01.30	2759.61	2798.49	2758.23	2794.06	83835	0	5
2025.01.31	2795.08	2817.23	2791.02	2798.47	91210	0	5
2025.02.03	2804.21	2830.40	2772.17	2814.75	107358	0	5
2025.02.04	2814.62	2845.49	2807.19	2842.01	96838	0	5
2025.02.05	2842.67	2882.49	2839.67	2867.02	90945	0	5
2025.02.06	2864.94	2873.28	2834.10	2855.55	91182	0	5
2025.02.07	2855.66	2886.68	2852.39	2861.30	85320	0	5
2025.02.10	2857.21	2911.77	2854.81	2907.88	92001	0	5
2025.02.11	2907.90	2942.58	2881.81	2897.53	103139	0	5
2025.02.12	2898.02	2909.15	2863.54	2903.97	92459	0	5
2025.02.13	2904.36	2929.50	2900.56	2928.34	86887	0	5
2025.02.14	2927.64	2940.06	2877.03	2882.50	96772	0	5
2025.02.17	2883.13	2906.40	2877.60	2899.45	69702	0	5
2025.02.18	2898.61	2937.05	2891.98	2935.08	72253	0	5
2025.02.19	2935.73	2947.05	2918.61	2932.99	84281	0	5
2025.02.20	2933.46	2954.91	2924.26	2939.06	83516	0	5
2025.02.21	2938.84	2949.59	2916.74	2935.89	84923	0	5
2025.02.24	2934.65	2956.18	2921.33	2952.62	85776	0	5
2025.02.25	2952.64	2953.79	2888.27	2914.82	94373	0	5
2025.02.26	2915.14	2930.08	2890.77	2916.11	81185	0	5
2025.02.27	2916.79	2920.76	2867.79	2877.12	93444	0	5
2025.02.28	2877.11	2885.05	2832.57	2859.06	100955	0	5
2025.03.03	2857.88	2895.29	2857.88	2892.99	94797	0	0
2025.03.04	2892.44	2927.76	2881.99	2917.70	90567	0	5
2025.03.05	2918.13	2930.06	2894.30	2919.13	95328	0	5
2025.03.06	2919.67	2926.52	2891.12	2910.74	89678	0	5
2025.03.07	2911.04	2930.33	2894.80	2911.94	98005	0	5
2025.03.10	2912.72	2918.22	2880.28	2889.24	82830	0	5
2025.03.11	2888.27	2922.03	2880.26	2915.50	69043	0	5
2025.03.12	2915.81	2940.63	2905.97	2933.31	75738	0	5
2025.03.13	2934.46	2989.10	2932.99	2988.80	73352	0	5
2025.03.14	2989.38	3004.85	2978.45	2986.24	79493	0	5
2025.03.17	2983.84	3001.99	2982.22	3001.02	63203	0	5
2025.03.18	3000.79	3038.26	2999.56	3033.76	76386	0	5
2025.03.19	3033.98	3051.84	3022.89	3047.16	68372	0	5
2025.03.20	3048.35	3057.26	3025.52	3044.47	77931	0	5
2025.03.21	3044.36	3047.39	2999.55	3022.94	69395	0	5
2025.03.24	3023.36	3033.22	3002.46	3011.96	74983	0	5
2025.03.25	3011.96	3035.95	3007.64	3019.81	71743	0	5
2025.03.26	3019.69	3032.04	3012.45	3018.85	75702	0	5
2025.03.27	3019.04	3059.56	3017.60	3056.42	84353	0	5
2025.03.28	3056.31	3086.77	3053.75	3084.20	75990	0	5
2025.03.31	3086.59	3127.94	3076.72	3123.96	81475	0	5
2025.04.01	3123.22	3149.04	3100.87	3114.12	78809	0	5
2025.04.02	3114.22	3142.05	3104.45	3132.12	83654	0	5
2025.04.03	3140.28	3167.73	3054.08	3114.19	99601	0	5
2025.04.04	3115.38	3136.58	3015.78	3037.34	97301	0	5
2025.04.07	3008.13	3055.31	2956.26	2982.01	125111	0	0
2025.04.08	2982.99	3022.73	2974.73	2981.96	94684	0	5
2025.04.09	2982.88	3099.60	2970.07	3082.78	94465	0	5
2025.04.10	3079.66	3176.45	3071.36	3175.39	90706	0	5
2025.04.11	3176.00	3245.36	3176.00	3237.53	112866	0	0
2025.04.14	3228.31	3245.69	3193.57	3210.46	101469	0	5
2025.04.15	3211.57	3233.57	3210.01	3229.36	75621	0	5
2025.04.16	3230.96	3342.94	3229.84	3342.85	102898	0	5
2025.04.17	3343.19	3357.65	3283.84	3327.24	96853	0	5
2025.04.21	3332.92	3430.50	3329.03	3424.40	97594	0	5
2025.04.22	3425.06	3499.98	3366.78	3380.93	99124	0	5
2025.04.23	3347.99	3386.58	3259.98	3288.12	100890	0	0
2025.04.24	3289.07	3367.17	3288.83	3348.58	102093	0	0
2025.04.25	3351.34	3370.76	3265.19	3318.62	107540	0	5
2025.04.28	3325.67	3353.00	3268.19	3343.99	104994	0	5
2025.04.29	3344.55	3348.67	3299.69	3317.20	85655	0	5
2025.04.30	3313.72	3328.02	3267.13	3288.27	102525	0	5
2025.05.01	3288.70	3290.21	3201.91	3237.89	101000	0	5
2025.05.02	3240.43	3269.28	3222.78	3240.30	103099	0	5
2025.05.05	3240.86	3337.54	3237.44	3333.96	87858	0	5
2025.05.06	3336.06	3434.75	3323.52	3430.46	90726	0	5
2025.05.07	3437.65	3437.85	3360.21	3364.44	93712	0	5
2025.05.08	3365.74	3414.78	3288.75	3305.85	90866	0	5
2025.05.09	3308.01	3347.53	3274.86	3327.15	86055	0	5
2025.05.12	3291.47	3299.73	3207.74	3234.40	107179	0	5
2025.05.13	3238.82	3265.43	3215.99	3249.98	96281	0	5
2025.05.14	3249.67	3257.05	3168.03	3177.40	88022	0	5
2025.05.15	3178.39	3240.50	3120.78	3239.64	89383	0	5
2025.05.16	3238.34	3252.14	3154.35	3201.00	99147	0	5
2025.05.19	3219.73	3249.75	3206.42	3230.12	95835	0	5
2025.05.20	3230.75	3295.68	3204.57	3289.66	94589	0	5
2025.05.21	3289.94	3324.84	3285.56	3315.11	101469	0	5
2025.05.22	3316.05	3345.31	3279.37	3294.71	100750	0	5
2025.05.23	3294.54	3365.87	3287.05	3357.90	97109	0	5
2025.05.26	3353.88	3356.76	3323.52	3342.19	59937	0	5
2025.05.27	3343.87	3349.77	3284.90	3300.56	91570	0	5
2025.05.28	3301.03	3325.44	3276.94	3288.64	84113	0	5
2025.05.29	3287.71	3331.23	3245.52	3317.56	105319	0	5
2025.05.30	3318.43	3322.70	3271.82	3288.72	93320	0	5
2025.06.02	3298.35	3382.92	3295.92	3381.60	87954	0	5
2025.06.03	3382.82	3392.24	3333.20	3353.30	83435	0	5
2025.06.04	3354.69	3384.65	3343.80	3372.60	92464	0	5
2025.06.05	3373.40	3403.33	3339.61	3352.60	92514	0	5
2025.06.06	3354.03	3375.60	3307.13	3312.12	92933	0	5
2025.06.09	3314.04	3338.16	3293.61	3325.39	89295	0	5
2025.06.10	3325.86	3349.08	3301.94	3322.40	92073	0	5
2025.06.11	3322.21	3360.68	3315.53	3354.82	94367	0	5
2025.06.12	3356.57	3398.77	3338.67	3386.66	99415	0	5
2025.06.13	3386.01	3446.80	3379.81	3434.15	92847	0	5
2025.06.16	3434.04	3451.23	3382.76	3385.14	86045	0	4
2025.06.17	3386.26	3403.24	3366.15	3388.47	93937	0	5
2025.06.18	3390.46	3400.01	3362.56	3369.15	86513	0	5
2025.06.19	3369.58	3387.93	3347.65	3370.63	66292	0	5
2025.06.20	3370.12	3374.51	3340.37	3368.64	73350	0	5
2025.06.23	3392.44	3396.70	3347.12	3369.04	85888	0	5
2025.06.24	3368.43	3369.94	3295.50	3322.81	88230	0	5
2025.06.25	3324.71	3337.07	3311.98	3332.15	69041	0	5
2025.06.26	3333.62	3350.28	3309.99	3327.76	74485	0	5
2025.06.27	3327.61	3327.96	3255.89	3274.96	84271	0	5
2025.06.30	3275.50	3309.41	3248.48	3302.92	76467	0	5
2025.07.01	3303.40	3357.92	3302.38	3338.78	77928	0	5
2025.07.02	3338.98	3360.10	3327.61	3356.93	72230	0	5
2025.07.03	3358.07	3365.74	3311.69	3325.92	42404	0	5
2025.07.04	3325.52	3344.18	3323.59	3337.04	30628	0	5
2025.07.07	3335.92	3342.76	3296.45	3336.16	82706	0	5
2025.07.08	3338.99	3345.76	3287.13	3301.48	84705	0	5
2025.07.09	3302.39	3316.79	3282.77	3313.55	75758	0	5
2025.07.10	3314.00	3330.25	3310.12	3323.85	71678	0	5
2025.07.11	3324.18	3368.75	3321.78	3355.50	86342	0	5
2025.07.14	3362.47	3374.92	3340.71	3343.26	95296	0	5
2025.07.15	3344.06	3366.73	3320.25	3324.65	72728	0	5
2025.07.16	3324.68	3377.48	3319.62	3346.99	81966	0	5
2025.07.17	3350.79	3352.22	3309.90	3338.10	83442	0	5
2025.07.18	3341.64	3361.24	3331.80	3350.85	69906	0	5
2025.07.21	3350.01	3401.59	3345.00	3397.41	78916	0	5
2025.07.22	3399.04	3433.53	3383.26	3429.58	86631	0	5
2025.07.23	3430.90	3438.77	3381.52	3388.10	85846	0	5
2025.07.24	3390.56	3393.35	3351.39	3367.50	80047	0	5
2025.07.25	3369.25	3373.55	3325.08	3336.65	64812	0	5
2025.07.28	3331.05	3345.20	3301.80	3314.78	71500	0	5
2025.07.29	3314.18	3334.14	3307.94	3325.50	70454	0	5
2025.07.30	3327.36	3334.05	3268.17	3275.86	71995	0	5
2025.07.31	3277.45	3314.81	3276.45	3290.68	82495	0	5
2025.08.01	3291.51	3363.45	3281.59	3363.23	77923	0	0
2025.08.04	3362.95	3385.37	3345.07	3374.01	72655	0	5
2025.08.05	3376.19	3390.38	3349.99	3380.47	66618	0	5
2025.08.06	3381.14	3385.62	3358.24	3368.40	72233	0	5
2025.08.07	3372.59	3401.81	3365.30	3395.84	88988	0	5
2025.08.08	3402.94	3408.84	3376.62	3397.14	105874	0	5
2025.08.11	3400.50	3401.85	3341.40	3342.29	86369	0	5
2025.08.12	3344.31	3359.03	3331.13	3348.28	75882	0	5
2025.08.13	3349.92	3370.76	3342.72	3355.97	70839	0	5
2025.08.14	3357.05	3374.81	3329.85	3334.75	79119	0	5
2025.08.15	3336.51	3348.67	3332.20	3336.08	67349	0	5
2025.08.18	3335.35	3358.39	3323.62	3332.89	66798	0	5
2025.08.19	3333.25	3345.29	3314.89	3315.60	68868	0	5
2025.08.20	3316.47	3350.19	3311.55	3347.80	67805	0	5
2025.08.21	3351.04	3352.06	3325.17	3338.44	64006	0	5
2025.08.22	3339.94	3378.79	3321.44	3371.86	66790	0	5
2025.08.25	3368.71	3376.22	3359.81	3365.73	63484	0	5
2025.08.26	3366.56	3393.31	3351.29	3392.96	85457	0	5
2025.08.27	3390.76	3398.81	3373.81	3397.38	78602	0	5
2025.08.28	3398.01	3423.17	3384.60	3417.36	89005	0	5
2025.08.29	3417.06	3453.88	3404.36	3448.16	90252	0	5
2025.09.01	3445.94	3489.81	3437.12	3476.37	79933	0	5
2025.09.02	3476.41	3540.17	3470.34	3534.40	107080	0	5
2025.09.03	3532.61	3578.46	3526.30	3560.62	103975	0	5
2025.09.04	3560.30	3564.19	3511.45	3545.39	101393	0	5
2025.09.05	3545.44	3600.00	3539.79	3587.37	97095	0	5
2025.09.08	3592.28	3646.35	3579.64	3636.76	95319	0	5
2025.09.09	3636.12	3674.12	3626.05	3626.23	94362	0	5
2025.09.10	3623.32	3657.57	3620.29	3640.55	89748	0	5
2025.09.11	3641.94	3649.09	3613.51	3633.91	84116	0	5
2025.09.12	3634.01	3656.63	3630.59	3642.60	81988	0	5
2025.09.15	3644.63	3685.50	3626.69	3678.66	89549	0	5
2025.09.16	3680.34	3703.06	3674.68	3689.69	95445	0	5
2025.09.17	3689.32	3707.42	3646.21	3659.79	89849	0	5
2025.09.18	3658.85	3672.90	3627.78	3644.31	101930	0	5
2025.09.19	3643.47	3685.18	3632.16	3685.07	86040	0	5
2025.09.22	3685.51	3748.74	3683.69	3746.63	96967	0	5
2025.09.23	3745.27	3791.18	3737.02	3764.02	94760	0	5
2025.09.24	3766.10	3779.21	3717.48	3735.85	90043	0	5
2025.09.25	3737.02	3761.62	3721.97	3749.05	105988	0	5
2025.09.26	3750.77	3783.80	3734.55	3760.53	102961	0	5
2025.09.29	3758.57	3834.06	3757.78	3833.76	110469	0	5
2025.09.30	3833.07	3871.66	3793.21	3858.23	97113	0	5
2025.10.01	3858.58	3895.34	3853.35	3865.49	94119	0	5
2025.10.02	3867.81	3896.82	3819.28	3856.19	89118	0	5
2025.10.03	3855.72	3891.61	3838.11	3886.38	89677	0	5
2025.10.06	3888.47	3969.82	3884.26	3960.95	103560	0	5
2025.10.07	3959.12	3990.99	3940.96	3984.23	99320	0	5
2025.10.08	3984.87	4059.25	3983.27	4041.33	114668	0	5
2025.10.09	4040.24	4057.93	3944.81	3975.91	106367	0	5
2025.10.10	3974.93	4022.28	3946.85	4012.37	110080	0	5
2025.10.13	4003.20	4117.01	4003.20	4110.36	122069	0	5
2025.10.14	4110.21	4179.60	4090.64	4142.09	131073	0	5
2025.10.15	4143.59	4218.12	4140.73	4208.06	116519	0	5
2025.10.16	4208.26	4330.39	4199.79	4325.87	119783	0	5
2025.10.17	4329.76	4379.18	4186.45	4252.63	144463	0	5
2025.10.20	4247.60	4381.53	4219.03	4356.25	113093	0	5
2025.10.21	4353.87	4375.40	4080.66	4124.85	118560	0	5
2025.10.22	4125.17	4161.26	4004.22	4098.33	120342	0	5
2025.10.23	4096.07	4154.66	4066.19	4125.93	102798	0	5
2025.10.24	4129.66	4144.14	4044.04	4112.21	105279	0	5
2025.10.27	4079.80	4109.23	3971.49	3981.02	120825	0	5
2025.10.28	3985.95	4019.75	3886.62	3952.61	114691	0	5
2025.10.29	3953.09	4030.22	3916.15	3930.07	119550	0	5
2025.10.30	3927.13	4027.32	3915.08	4024.23	113228	0	5
2025.10.31	4021.05	4046.34	3972.58	4002.14	110298	0	5
2025.11.03	3989.66	4030.74	3962.74	4001.21	107348	0	5
2025.11.04	4001.56	4005.77	3928.90	3931.85	108869	0	5
2025.11.05	3934.14	3990.32	3929.03	3978.99	100934	0	5
2025.11.06	3980.03	4019.55	3964.71	3976.88	102453	0	5
2025.11.07	3976.10	4027.79	3974.49	4000.79	100829	0	5
2025.11.10	3999.57	4116.69	3997.76	4115.73	116896	0	5
2025.11.11	4115.49	4148.70	4097.16	4126.55	98902	0	5
2025.11.12	4127.42	4211.86	4099.01	4195.27	121772	0	5
2025.11.13	4196.43	4245.39	4145.36	4171.21	127187	0	5
2025.11.14	4171.79	4211.15	4032.39	4085.05	110721	0	5
2025.11.17	4081.47	4106.70	4006.99	4045.47	126171	0	5
2025.11.18	4048.89	4082.06	3998.36	4067.24	122178	0	5
2025.11.19	4067.96	4132.46	4055.51	4077.71	106749	0	5
2025.11.20	4079.90	4110.44	4038.55	4077.15	111658	0	5
2025.11.21	4074.64	4101.25	4022.61	4065.21	113511	0	5
2025.11.24	4069.36	4139.97	4039.89	4134.57	110627	0	5
2025.11.25	4135.30	4159.28	4109.01	4130.59	104915	0	5
2025.11.26	4134.09	4173.45	4129.74	4163.65	104657	0	5
2025.11.27	4163.05	4168.86	4142.58	4155.27	81887	0	5
2025.11.28	4158.28	4226.62	4153.90	4219.09	67318	0	5
2025.12.01	4222.86	4264.63	4206.13	4232.07	131813	0	5
2025.12.02	4231.67	4236.03	4163.43	4205.59	108972	0	5
2025.12.03	4206.61	4241.35	4194.61	4202.93	107846	0	5
2025.12.04	4204.03	4219.38	4175.07	4208.59	102941	0	5
2025.12.05	4208.37	4259.10	4191.89	4199.04	111703	0	5
2025.12.08	4197.52	4218.82	4176.64	4190.51	114705	0	5
2025.12.09	4190.31	4221.43	4170.27	4208.05	116072	0	5
2025.12.10	4208.02	4238.68	4182.08	4227.99	448780	0	0
2025.12.11	4227.08	4285.86	4204.34	4279.30	596568	0	0
2025.12.12	4281.53	4353.51	4257.44	4299.37	553070	0	4
2025.12.15	4300.26	4350.24	4285.24	4305.12	445597	0	4
2025.12.16	4308.55	4335.08	4271.54	4302.29	481735	0	4
2025.12.17	4304.02	4349.03	4303.09	4338.17	476984	0	4
2025.12.18	4338.98	4374.63	4308.62	4332.66	473335	0	4
2025.12.19	4335.05	4356.51	4309.30	4338.51	385618	0	4
2025.12.22	4339.63	4449.04	4339.55	4443.15	361466	0	4
2025.12.23	4449.51	4499.94	4430.63	4484.16	484658	0	4
2025.12.24	4486.94	4525.94	4448.33	4479.20	461384	0	4
2025.12.26	4487.91	4549.92	4482.43	4533.32	522256	0	4
2025.12.29	4530.37	4530.37	4302.53	4332.12	650083	0	4
2025.12.30	4339.55	4404.25	4324.54	4339.12	583586	0	4
2025.12.31	4340.58	4373.29	4274.49	4318.82	542158	0	4
2026.01.02	4318.72	4402.31	4309.97	4332.35	477382	0	4
2026.01.05	4352.13	4455.65	4343.87	4449.00	568797	0	4
2026.01.06	4449.00	4497.22	4427.96	4494.64	512300	0	4
2026.01.07	4494.64	4500.42	4423.48	4456.15	489115	0	4
2026.01.08	4456.15	4479.52	4407.73	4477.80	549388	0	4
2026.01.09	4477.80	4517.20	4452.87	4509.13	478137	0	4
2026.01.12	4518.67	4630.13	4512.82	4597.17	559255	0	4
2026.01.13	4597.17	4634.60	4569.58	4586.10	540626	0	4
2026.01.14	4586.10	4642.91	4586.10	4626.76	581277	0	4
2026.01.15	4626.76	4632.53	4581.14	4615.95	587376	0	4
2026.01.16	4615.95	4621.04	4536.85	4596.42	520600	0	4
2026.01.19	4621.06	4690.69	4621.06	4670.86	354830	0	4
2026.01.20	4674.79	4766.23	4659.50	4763.16	491798	0	4
2026.01.21	4763.16	4888.43	4755.93	4832.06	650777	0	4
2026.01.22	4832.06	4940.63	4772.34	4935.83	510394	0	4
2026.01.23	4935.83	4990.02	4899.74	4986.43	507070	0	4
2026.01.26	5008.06	5111.03	4989.86	5010.27	756073	0	4
2026.01.27	5010.27	5190.46	5010.27	5178.58	705871	0	4
2026.01.28	5178.58	5418.95	5157.31	5416.20	782640	0	4
2026.01.29	5416.20	5598.03	5098.23	5376.32	924683	0	4
2026.01.30	5376.32	5450.96	4682.18	4894.47	875907	0	4
2026.02.02	4773.75	4884.64	4402.14	4658.60	925729	0	4
2026.02.03	4658.60	4993.77	4658.60	4946.26	900902	0	4
2026.02.04	4946.26	5091.94	4854.54	4965.57	774964	0	4
2026.02.05	4965.57	5023.80	4759.71	4777.89	943800	0	4
2026.02.06	4777.89	4971.48	4655.27	4964.88	761432	0	4
2026.02.09	4986.72	5086.61	4965.15	5058.06	588266	0	4
2026.02.10	5058.07	5078.72	4987.68	5025.16	580712	0	4
2026.02.11	5025.16	5119.13	5018.88	5084.18	572427	0	4
2026.02.12	5084.18	5100.09	4878.71	4921.61	571378	0	4
2026.02.13	4921.61	5046.13	4886.65	5042.47	570964	0	4
2026.02.16	5034.28	5043.86	4965.56	4993.26	307556	0	4
2026.02.17	4995.35	5001.03	4841.48	4877.89	575406	0	4
2026.02.18	4877.91	5011.10	4853.99	4975.99	433253	0	4
2026.02.19	4975.99	5022.24	4956.26	4996.42	433561	0	4
2026.02.20	4996.42	5107.84	4981.58	5107.13	506287	0	4
2026.02.23	5109.54	5237.96	5102.67	5228.00	550560	0	4
2026.02.24	5228.00	5249.76	5094.14	5142.82	533213	0	4
2026.02.25	5142.82	5217.80	5120.04	5163.68	551219	0	4
2026.02.26	5163.68	5205.65	5130.65	5190.85	538189	0	4
2026.02.27	5176.31	5281.03	5168.70	5278.77	522051	0	4
2026.03.02	5363.14	5419.26	5260.77	5321.06	718443	0	4
2026.03.03	5321.06	5379.88	4995.97	5087.98	910459	0	4
2026.03.04	5087.98	5206.14	5084.39	5140.02	721362	0	4
2026.03.05	5140.17	5195.01	5050.88	5081.55	661611	0	4
2026.03.06	5081.57	5176.07	5062.82	5171.92	576141	0	4
2026.03.09	5129.95	5148.16	5014.71	5138.19	598229	0	4
2026.03.10	5153.02	5238.55	5124.65	5191.41	498024	0	4
2026.03.11	5189.20	5223.29	5149.28	5175.35	433191	0	4
2026.03.12	5178.97	5191.70	5055.00	5079.21	455462	0	4
2026.03.13	5077.33	5128.53	5009.66	5018.98	459952	0	4
2026.03.16	5016.23	5038.06	4967.62	5005.73	478055	0	4
2026.03.17	5008.08	5044.53	4973.51	5005.87	319716	0	4
2026.03.18	5005.63	5016.30	4806.64	4817.91	384885	0	4
2026.03.19	4829.37	4866.95	4502.57	4648.73	579611	0	4
2026.03.20	4654.32	4735.84	4477.27	4493.01	564753	0	4
2026.03.23	4487.25	4536.29	4098.53	4405.77	754819	0	4
2026.03.24	4416.51	4484.04	4305.89	4474.85	650870	0	4
2026.03.25	4479.70	4602.46	4455.97	4505.77	510311	0	4
2026.03.26	4517.40	4544.42	4350.93	4376.21	561662	0	4
2026.03.27	4383.99	4555.26	4375.38	4493.19	441461	0	4
2026.03.30	4471.23	4580.60	4419.53	4513.61	487785	0	4
2026.03.31	4510.33	4685.67	4482.59	4682.65	512101	0	4
2026.04.01	4667.56	4793.08	4661.63	4766.16	441439	0	4
2026.04.02	4757.32	4800.45	4553.84	4671.97	510297	0	4
2026.04.06	4649.61	4706.61	4600.76	4655.41	380891	0	4
2026.04.07	4648.45	4718.64	4607.28	4700.71	459761	0	4
2026.04.08	4705.71	4857.71	4699.67	4730.63	529366	0	4
2026.04.09	4719.09	4801.22	4698.62	4768.85	397391	0	4
2026.04.10	4766.53	4795.03	4730.68	4759.74	367208	0	4
2026.04.13	4723.61	4750.12	4585.32	4741.16	418647	0	4
2026.04.14	4740.46	4846.31	4740.46	4844.90	417482	0	4
2026.04.15	4841.09	4871.42	4786.33	4795.81	438573	0	4
2026.04.16	4790.26	4838.38	4773.15	4793.67	394091	0	4
2026.04.17	4788.73	4889.64	4767.59	4854.44	392451	0	4
2026.04.20	4770.66	4827.61	4736.93	4814.30	416169	0	4
2026.04.21	4820.29	4833.24	4668.29	4679.43	460732	0	4
2026.04.22	4718.65	4772.35	4715.58	4740.12	362094	0	4
2026.04.23	4739.42	4753.62	4664.33	4696.13	470051	0	4
2026.04.24	4694.05	4740.29	4657.74	4716.45	423601	0	4
2026.04.27	4698.27	4730.11	4667.22	4680.86	374816	0	4
2026.04.28	4681.69	4701.24	4554.83	4595.67	430759	0	4
2026.04.29	4596.54	4610.25	4510.02	4546.81	433964	0	4
2026.04.30	4543.54	4646.89	4539.04	4616.92	505347	0	4
2026.05.01	4621.94	4660.16	4560.10	4610.82	337393	0	4
2026.05.04	4627.14	4629.40	4500.98	4517.81	438762	0	4
2026.05.05	4523.49	4586.78	4513.60	4554.74	330201	0	4
2026.05.06	4556.42	4722.87	4546.14	4692.51	418556	0	4
2026.05.07	4690.61	4764.81	4677.09	4703.08	453968	0	4
2026.05.08	4684.91	4749.51	4678.29	4724.01	416245	0	4
2026.05.11	4693.11	4748.62	4648.14	4733.57	405250	0	4
2026.05.12	4735.66	4773.42	4638.32	4715.71	453816	0	4
2026.05.13	4715.35	4727.01	4669.45	4688.21	418054	0	4
2026.05.14	4689.14	4718.76	4653.03	4654.23	402125	0	4
2026.05.15	4651.88	4665.28	4511.76	4545.86	544853	0	4
2026.05.18	4538.84	4584.27	4480.30	4558.43	530111	0	4
2026.05.19	4566.40	4589.24	4464.68	4483.47	437913	0	4
2026.05.20	4482.50	4553.07	4453.52	4545.74	450567	0	4
2026.05.21	4539.88	4570.94	4488.69	4543.11	457835	0	4
2026.05.22	4539.63	4545.69	4491.82	4508.22	384136	0	4
2026.05.25	4526.16	4580.03	4507.36	4569.39	257740	0	4
2026.05.26	4570.32	4580.50	4482.41	4509.00	360069	0	4
2026.05.27	4504.27	4538.08	4401.52	4450.95	358564	0	4
2026.05.28	4453.30	4516.54	4366.52	4497.96	393175	0	4
2026.05.29	4492.98	4595.18	4488.50	4545.60	379373	0	4
2026.06.01	4535.56	4546.06	4447.68	4481.19	344483	0	4
2026.06.02	4475.12	4541.46	4462.94	4488.09	314952	0	4
2026.06.03	4480.04	4496.76	4426.29	4443.94	381932	0	4
2026.06.04	4431.66	4515.39	4424.02	4480.79	370580	0	4
2026.06.05	4472.06	4481.51	4313.84	4318.52	477288	0	4
2026.06.08	4326.33	4353.38	4268.51	4326.66	504297	0	4
2026.06.09	4327.96	4363.50	4236.55	4258.72	499118	0	4
2026.06.10	4247.10	4257.36	4081.61	4082.72	634225	0	4
2026.06.11	4067.76	4219.93	4023.74	4208.87	661129	0	4
2026.06.12	4207.64	4246.34	4170.16	4210.73	512434	0	4
2026.06.15	4262.55	4369.40	4231.18	4320.83	414433	0	0
2026.06.16	4305.42	4354.95	4302.82	4334.07	411411	0	0
2026.06.17	4327.69	4382.48	4219.14	4235.86	441888	0	0
2026.06.18	4252.88	4329.91	4201.27	4216.88	483985	0	0
2026.06.19	4203.06	4212.70	4121.68	4152.52	315622	0	0
2026.06.22	4138.90	4220.91	4133.63	4190.59	480961	0	0
2026.06.23	4189.24	4198.57	4090.83	4111.75	479139	0	0
2026.06.24	4109.55	4115.07	3958.96	3988.07	610858	0	0
2026.06.25	4001.11	4044.22	3963.03	4026.81	541838	0	0
2026.06.26	3989.99	4096.03	3982.99	4071.69	482586	0	0
2026.06.29	4082.28	4085.55	4000.30	4015.94	561209	0	0
2026.06.30	4013.93	4063.48	3942.48	4016.16	485399	0	0
2026.07.01	3997.53	4115.79	3959.93	4038.77	456798	0	0
2026.07.02	3998.58	4144.07	3998.58	4121.33	510684	0	0
2026.07.03	4091.17	4195.42	4091.17	4171.97	274170	0	0
2026.07.06	4171.97	4203.03	4128.44	4163.79	419290	0	0
2026.07.07	4162.13	4180.51	4092.19	4114.25	415046	0	0
2026.07.08	4094.64	4133.98	4021.54	4079.71	680096	0	0
2026.07.09	4074.17	4138.10	4054.08	4122.32	504523	0	7
2026.07.10	4120.93	4134.76	4072.72	4108.45	382244	0	7
2026.07.13	4095.58	4103.13	3986.37	4001.97	545468	0	6
2026.07.14	3977.51	4102.56	3971.22	4055.57	528626	0	6
2026.07.15	4019.79	4081.45	4017.25	4056.88	515698	0	7
2026.07.16	4050.87	4065.25	3969.10	3979.87	457669	0	6
2026.07.17	3973.91	4023.72	3959.56	4015.15	536777	0	6
2026.07.20	4000.49	4040.66	3964.89	4006.79	526473	0	6
2026.07.21	4004.66	4087.14	3999.70	4084.40	367449	0	7
2026.07.22	4076.59	4166.00	4076.55	4131.84	477949	0	7
2026.07.23	4123.93	4141.03	4040.11	4049.66	582944	0	7
2026.07.24	4032.03	4082.04	4021.82	4053.67	358915	0	7
2026.07.27	4088.39	4116.23	4009.11	4083.37	526349	0	7
2026.07.28	4063.21	4081.42	4011.51	4026.38	476616	0	7
2026.07.29	4022.84	4116.20	3995.92	4044.59	512591	0	6
2026.07.30	4027.47	4120.29	4016.39	4111.96	650946	0	7
2026.07.31	4078.18	4111.67	4020.94	4050.77	384567	0	7
