row_id,date,entry_row_index,exit_row_index,entry_timestamp,exit_timestamp,executable_forward_log_return,executable_direction_binary,return_lag_1,momentum_20,probability_up,baseline_probability_up,outer_fold,selected_calibration,selected_margin,signal,signal_id,active,cost_bps,transaction_cost_log_return,candidate_gross_log_return,candidate_net_log_return,cash_net_log_return,always_long_net_log_return,always_short_net_log_return,momentum_net_log_return,trend_net_log_return
846,2014-04-17,847,852,2014-04-21,2014-04-28,0.007488999746499303,1.0,-0.006006301553289184,-0.02503276805938981,0.5819230453924723,0.5275,outer_01,none,0.05,1,row846_entry847_exit852,True,5.0,0.000499875041651048,0.007488999746499303,0.0069891247048482555,0.0,0.0069891247048482555,-0.00798887478815035,-0.00798887478815035,-0.00798887478815035
847,2014-04-21,848,853,2014-04-22,2014-04-29,0.004670918159676241,1.0,-0.0038227351991526604,-0.033357391655945534,0.6838392368399777,0.5275,outer_01,none,0.05,0,,False,5.0,0.0,0.0,0.0,0.0,0.0,0.0,0.0,0.0
848,2014-04-22,849,854,2014-04-23,2014-04-30,0.008925203573473262,1.0,-0.004538115459599368,-0.018993527693072387,0.5394283865628109,0.5275,outer_01,none,0.05,0,,False,5.0,0.0,0.0,0.0,0.0,0.0,0.0,0.0,0.0
849,2014-04-23,850,855,2014-04-24,2014-05-01,0.0057782978152802755,1.0,-0.00034274853499027813,-0.02107710676878405,0.5657416640075927,0.5275,outer_01,none,0.05,0,,False,5.0,0.0,0.0,0.0,0.0,0.0,0.0,0.0,0.0
850,2014-04-24,851,856,2014-04-25,2014-05-02,-0.007190118428200165,0.0,0.007343328166441232,-0.00869386552022089,0.38958311466483436,0.5275,outer_01,none,0.05,0,,False,5.0,0.0,-0.0,-0.0,0.0,-0.0,-0.0,-0.0,-0.0
851,2014-04-25,852,857,2014-04-28,2014-05-05,-0.0022953837571400015,0.0,0.007374249858534299,0.00880607769563202,0.4740942543396167,0.5275,outer_01,none,0.05,0,,False,5.0,0.0,-0.0,-0.0,0.0,-0.0,-0.0,-0.0,-0.0
852,2014-04-28,853,858,2014-04-29,2014-05-06,0.010254846892506997,1.0,-0.004663268731349923,0.0012812004901521235,0.475849995993619,0.5275,outer_01,none,0.05,0,,False,5.0,0.0,0.0,0.0,0.0,0.0,0.0,0.0,0.0
853,2014-04-29,854,859,2014-04-30,2014-05-07,0.009725819923140477,1.0,-0.0005632172971719029,0.009257387071226475,0.5789611147055537,0.5275,outer_01,none,0.05,1,row853_entry854_exit859,True,5.0,0.000499875041651048,0.009725819923140477,0.00922594488148943,0.0,0.00922594488148943,-0.010225694964791525,-0.010225694964791525,0.00922594488148943
854,2014-04-30,855,860,2014-05-01,2014-05-08,-0.0009297281215152609,0.0,-0.0036183181843236767,0.00926764730667795,0.48397427473989213,0.5275,outer_01,none,0.05,0,,False,5.0,0.0,-0.0,-0.0,0.0,-0.0,-0.0,-0.0,-0.0
855,2014-05-01,856,861,2014-05-02,2014-05-09,0.0044659748095687846,1.0,-0.0055222369028467,-0.004507067394736275,0.5287214567741455,0.5275,outer_01,none,0.05,0,,False,5.0,0.0,0.0,0.0,0.0,0.0,0.0,0.0,0.0
856,2014-05-02,857,862,2014-05-05,2014-05-12,-0.00963027324775112,0.0,0.012445884757492642,0.010485145584469002,0.35715954179841275,0.5275,outer_01,none,0.05,0,,False,5.0,0.0,-0.0,-0.0,0.0,-0.0,-0.0,-0.0,-0.0
857,2014-05-05,858,863,2014-05-06,2014-05-13,-0.010764184764298967,0.0,0.007670212424593537,0.004713164243630885,0.3954361872962131,0.5275,outer_01,none,0.05,0,,False,5.0,0.0,-0.0,-0.0,0.0,-0.0,-0.0,-0.0,-0.0
858,2014-05-06,859,864,2014-05-07,2014-05-14,-0.01060626483636451,0.0,-0.001520169268315108,0.008375509093013989,0.33930786546929975,0.5275,outer_01,none,0.05,-1,row858_entry859_exit864,True,5.0,0.000499875041651048,0.01060626483636451,0.010106389794713462,0.0,-0.011106139878015557,0.010106389794713462,0.010106389794713462,-0.011106139878015557
859,2014-05-07,860,865,2014-05-08,2014-05-15,0.011490968831592951,1.0,-0.013933806133398008,-0.014193697286331464,0.3259444213505288,0.5275,outer_01,none,0.05,0,,False,5.0,0.0,0.0,0.0,0.0,0.0,0.0,0.0,0.0
860,2014-05-08,861,866,2014-05-09,2014-05-16,0.004176049499820422,1.0,-0.0007134493249560947,-0.01724313252781151,0.361508674293344,0.5275,outer_01,none,0.05,0,,False,5.0,0.0,0.0,0.0,0.0,0.0,0.0,0.0,0.0
861,2014-05-09,862,867,2014-05-12,2014-05-19,0.0017832226775293947,1.0,-0.0003336346421294323,-0.023218595422863864,0.4339252179264083,0.5275,outer_01,none,0.05,0,,False,5.0,0.0,0.0,0.0,0.0,0.0,0.0,0.0,0.0
862,2014-05-12,863,868,2014-05-13,2014-05-20,-0.002210133507607459,0.0,0.0055563867115981935,-0.017108559733319595,0.3594040139355419,0.5275,outer_01,none,0.05,0,,False,5.0,0.0,-0.0,-0.0,0.0,-0.0,-0.0,-0.0,-0.0
863,2014-05-13,864,869,2014-05-14,2014-05-21,-0.0001468162134097284,0.0,-0.0019157093981387874,-0.025753413462490826,0.26355684317290545,0.5275,outer_01,none,0.05,-1,row863_entry864_exit869,True,5.0,0.000499875041651048,0.0001468162134097284,-0.00035305882824131956,0.0,-0.0006466912550607763,-0.00035305882824131956,-0.00035305882824131956,-0.00035305882824131956
864,2014-05-14,865,870,2014-05-15,2014-05-22,-0.009872250208696087,0.0,0.009679902608644042,0.0027374903512509263,0.2532358047520999,0.5275,outer_01,none,0.05,0,,False,5.0,0.0,-0.0,-0.0,0.0,-0.0,-0.0,-0.0,-0.0
865,2014-05-15,866,871,2014-05-16,2014-05-23,-0.0017610941870582764,0.0,-0.007663874118540193,-0.005087620220897371,0.17992346896152744,0.5275,outer_01,none,0.05,0,,False,5.0,0.0,-0.0,-0.0,0.0,-0.0,-0.0,-0.0,-0.0
866,2014-05-16,867,872,2014-05-19,2014-05-26,0.0007356215365508234,1.0,-0.0020469571222871963,-0.0011282757898953832,0.23262331329627947,0.5275,outer_01,none,0.05,0,,False,5.0,0.0,0.0,0.0,0.0,0.0,0.0,0.0,0.0
867,2014-05-19,868,873,2014-05-20,2014-05-27,-0.0002940220692480011,0.0,-0.0002938697250272071,0.00240058968423007,0.24385535439433645,0.5275,outer_01,none,0.05,0,,False,5.0,0.0,-0.0,-0.0,0.0,-0.0,-0.0,-0.0,-0.0
868,2014-05-20,869,874,2014-05-21,2014-05-28,-0.023036964057382647,0.0,0.0008658946314374916,0.007804599775266929,0.3598513554900073,0.5275,outer_01,none,0.05,-1,row868_entry869_exit874,True,5.0,0.000499875041651048,0.023036964057382647,0.0225370890157316,0.0,-0.023536839099033695,0.0225370890157316,-0.023536839099033695,-0.023536839099033695
869,2014-05-21,870,875,2014-05-22,2014-05-29,-0.02574273853260145,0.0,-0.0016938341540351232,0.006453514156222084,0.2904807442655728,0.5275,outer_01,none,0.05,0,,False,5.0,0.0,-0.0,-0.0,0.0,-0.0,-0.0,-0.0,-0.0
870,2014-05-22,871,876,2014-05-23,2014-05-30,-0.02964237679239279,0.0,0.0013537506757224094,0.00046393666550326174,0.22398686595774922,0.5275,outer_01,none,0.05,0,,False,5.0,0.0,-0.0,-0.0,0.0,-0.0,-0.0,-0.0,-0.0
871,2014-05-23,872,877,2014-05-26,2014-06-02,-0.03332251363645078,0.0,-0.0011215489378102461,-0.008031862130841283,0.23978952542246318,0.5275,outer_01,none,0.05,0,,False,5.0,0.0,-0.0,-0.0,0.0,-0.0,-0.0,-0.0,-0.0
872,2014-05-26,873,878,2014-05-27,2014-06-03,-0.038149960301896435,0.0,-0.0006115805677042729,-0.003980173967195633,0.37110994937407626,0.5275,outer_01,none,0.05,0,,False,5.0,0.0,-0.0,-0.0,0.0,-0.0,-0.0,-0.0,-0.0
873,2014-05-27,874,879,2014-05-28,2014-06-04,-0.015693003715528064,0.0,-0.02079015145924501,-0.02420710812926874,0.14668717780968585,0.5275,outer_01,none,0.05,-1,row873_entry874_exit879,True,5.0,0.000499875041651048,0.015693003715528064,0.015193128673877017,0.0,-0.016192878757179112,0.015193128673877017,0.015193128673877017,0.015193128673877017
874,2014-05-28,875,880,2014-05-29,2014-06-05,-0.012078850152033915,0.0,-0.005184316011122014,-0.025773105956067077,0.2698586315303425,0.5275,outer_01,none,0.05,0,,False,5.0,0.0,-0.0,-0.0,0.0,-0.0,-0.0,-0.0,-0.0
875,2014-05-29,876,881,2014-05-30,2014-06-06,-0.0018492397085374535,0.0,-0.0021003898215150585,-0.022351258874735436,0.1407313544740361,0.5275,outer_01,none,0.05,0,,False,5.0,0.0,-0.0,-0.0,0.0,-0.0,-0.0,-0.0,-0.0
876,2014-05-30,877,882,2014-06-02,2014-06-09,0.0019188339380731279,1.0,-0.005078220125839472,-0.03987536375806755,0.17973982129706195,0.5275,outer_01,none,0.05,0,,False,5.0,0.0,0.0,0.0,0.0,0.0,0.0,0.0,0.0
877,2014-06-02,878,883,2014-06-03,2014-06-10,0.006698528300059792,1.0,-0.0043320324780991015,-0.05187760866076019,0.19917587405702966,0.5275,outer_01,none,0.05,0,,False,5.0,0.0,0.0,0.0,0.0,0.0,0.0,0.0,0.0
878,2014-06-03,879,884,2014-06-04,2014-06-11,0.011588337022836903,1.0,0.0007393775099950872,-0.04961806188244999,0.46073080577417524,0.5275,outer_01,none,0.05,0,,False,5.0,0.0,0.0,0.0,0.0,0.0,0.0,0.0,0.0
879,2014-06-04,880,885,2014-06-05,2014-06-12,0.013411982654921495,1.0,-0.0009805971174943195,-0.036664852866546305,0.3917696251684827,0.5275,outer_01,none,0.05,-1,row879_entry880_exit885,True,5.0,0.000499875041651048,-0.013411982654921495,-0.013911857696572542,0.0,0.012912107613270447,-0.013911857696572542,-0.013911857696572542,-0.013911857696572542
880,2014-06-05,881,886,2014-06-06,2014-06-13,0.01575982561572431,1.0,0.008113163648644672,-0.027838239892945538,0.3187587027008822,0.5275,outer_01,none,0.05,0,,False,5.0,0.0,0.0,0.0,0.0,0.0,0.0,0.0,0.0
881,2014-06-06,882,887,2014-06-09,2014-06-16,0.020460829213822862,1.0,-0.0004946742830354012,-0.027999279533851507,0.381610299263135,0.5275,outer_01,none,0.05,0,,False,5.0,0.0,0.0,0.0,0.0,0.0,0.0,0.0,0.0
882,2014-06-09,883,888,2014-06-10,2014-06-17,0.015035493535672906,1.0,-0.00048693459674531425,-0.034042600842195014,0.4445552916475467,0.5275,outer_01,none,0.05,0,,False,5.0,0.0,0.0,0.0,0.0,0.0,0.0,0.0,0.0
883,2014-06-10,884,889,2014-06-11,2014-06-18,0.009333859488415364,1.0,0.006026056771862187,-0.02610083467219404,0.20251595643422082,0.5275,outer_01,none,0.05,0,,False,5.0,0.0,0.0,0.0,0.0,0.0,0.0,0.0,0.0
884,2014-06-11,885,890,2014-06-12,2014-06-19,0.013594399929328205,1.0,0.000785405773835457,-0.034995331507002625,0.25621618500142723,0.5275,outer_01,none,0.05,-1,row884_entry885_exit890,True,5.0,0.000499875041651048,-0.013594399929328205,-0.014094274970979252,0.0,0.013094524887677157,-0.014094274970979252,0.013094524887677157,-0.014094274970979252
885,2014-06-12,886,891,2014-06-13,2014-06-20,0.037117090637566186,1.0,0.009188498587425542,-0.01814295880103689,0.13683628708164425,0.5275,outer_01,none,0.05,0,,False,5.0,0.0,0.0,0.0,0.0,0.0,0.0,0.0,0.0
886,2014-06-13,887,892,2014-06-16,2014-06-23,0.028193919057423855,1.0,0.0031381681607198786,-0.012957833518029815,0.16433808743632136,0.5275,outer_01,none,0.05,0,,False,5.0,0.0,0.0,0.0,0.0,0.0,0.0,0.0,0.0
887,2014-06-16,888,893,2014-06-17,2014-06-24,0.03593432294239829,1.0,-0.0035782986350705315,-0.01624226242807314,0.22262722269871466,0.5275,outer_01,none,0.05,0,,False,5.0,0.0,0.0,0.0,0.0,0.0,0.0,0.0,0.0
888,2014-06-17,889,894,2014-06-18,2014-06-25,0.036252729270288775,1.0,-0.0012664552356840275,-0.01837461229519466,0.2771692419809616,0.5275,outer_01,none,0.05,0,,False,5.0,0.0,0.0,0.0,0.0,0.0,0.0,0.0,0.0
889,2014-06-18,890,895,2014-06-19,2014-06-26,0.030933556939761964,1.0,0.0054946918363061314,-0.011186086304853404,0.26815743328758535,0.5275,outer_01,none,0.05,-1,row889_entry890_exit895,True,5.0,0.000499875041651048,-0.030933556939761964,-0.03143343198141301,0.0,0.030433681898110916,-0.03143343198141301,0.030433681898110916,-0.03143343198141301
890,2014-06-19,891,896,2014-06-20,2014-06-27,-0.0038668049272700955,0.0,0.032507973892150765,0.019968136911574952,0.23543351666539003,0.5275,outer_01,none,0.05,0,,False,5.0,0.0,-0.0,-0.0,0.0,-0.0,-0.0,-0.0,-0.0
891,2014-06-20,892,897,2014-06-23,2014-06-30,0.0011709692247778847,1.0,-0.003621088232334202,0.017468597617050996,0.3783502581569619,0.5275,outer_01,none,0.05,0,,False,5.0,0.0,0.0,0.0,0.0,0.0,0.0,0.0,0.0
892,2014-06-23,893,898,2014-06-24,2014-07-01,0.00676163735463664,1.0,0.0018767077275141375,0.019956885912269406,0.44566564396653763,0.5275,outer_01,none,0.05,0,,False,5.0,0.0,0.0,0.0,0.0,0.0,0.0,0.0,0.0
893,2014-06-24,894,899,2014-06-25,2014-07-02,0.006013156258158681,1.0,0.0003339430354580841,0.0410809804069725,0.479520279754739,0.5275,outer_01,none,0.05,0,,False,5.0,0.0,0.0,0.0,0.0,0.0,0.0,0.0,0.0
894,2014-06-25,895,900,2014-06-26,2014-07-03,0.0065543765906559415,1.0,0.0009632560313086458,0.04722855244940316,0.5627619630095039,0.5275,outer_01,none,0.05,1,row894_entry895_exit900,True,5.0,0.000499875041651048,0.0065543765906559415,0.006054501549004894,0.0,0.006054501549004894,-0.007054251632306989,0.006054501549004894,0.006054501549004894
895,2014-06-26,896,901,2014-06-27,2014-07-04,0.002700756487434397,1.0,-0.0017603500964460395,0.04756859217447218,0.6834337093104721,0.5275,outer_01,none,0.05,0,,False,5.0,0.0,0.0,0.0,0.0,0.0,0.0,0.0,0.0
896,2014-06-27,897,902,2014-06-30,2014-07-07,0.0028683972588812168,1.0,-0.0006685304734217468,0.051978281826889905,0.7332358733598804,0.5275,outer_01,none,0.05,0,,False,5.0,0.0,0.0,0.0,0.0,0.0,0.0,0.0,0.0
897,2014-06-30,898,903,2014-07-01,2014-07-08,-0.005282879999456647,0.0,0.008543212325174743,0.06485352663016375,0.7051512987152548,0.5275,outer_01,none,0.05,0,,False,5.0,0.0,-0.0,-0.0,0.0,-0.0,-0.0,-0.0,-0.0
898,2014-07-01,899,904,2014-07-02,2014-07-09,-0.005163828465176934,0.0,-0.0011006906813735284,0.06301345843879513,0.6953069535653023,0.5275,outer_01,none,0.05,0,,False,5.0,0.0,-0.0,-0.0,0.0,-0.0,-0.0,-0.0,-0.0
899,2014-07-02,900,905,2014-07-03,2014-07-10,0.00034655516977721845,1.0,0.0005278795953840287,0.06452193515167348,0.6253013907332946,0.5275,outer_01,none,0.05,1,row899_entry900_exit905,True,5.0,0.000499875041651048,0.00034655516977721845,-0.0001533198718738295,0.0,-0.0001533198718738295,-0.0008464302114282664,-0.0001533198718738295,-0.0001533198718738295
900,2014-07-03,901,906,2014-07-04,2014-07-11,0.01175699955934384,1.0,-0.005139806176802431,0.05126896532622638,0.600949398721187,0.5275,outer_01,none,0.05,0,,False,5.0,0.0,0.0,0.0,0.0,0.0,0.0,0.0,0.0
901,2014-07-04,902,907,2014-07-07,2014-07-14,0.014496223637711303,1.0,-7.578025242871433e-06,0.05175606158401891,0.7200237062562018,0.5275,outer_01,none,0.05,0,,False,5.0,0.0,0.0,0.0,0.0,0.0,0.0,0.0,0.0
902,2014-07-07,903,908,2014-07-08,2014-07-15,-0.00944850551360954,0.0,-2.2734420292103152e-05,0.05222026176047212,0.5865278029097979,0.5275,outer_01,none,0.05,0,,False,5.0,0.0,-0.0,-0.0,0.0,-0.0,-0.0,-0.0,-0.0
903,2014-07-08,904,909,2014-07-09,2014-07-16,-0.01861447612213496,0.0,-0.00023495261265438216,0.04595925237595555,0.6529621392652301,0.5275,outer_01,none,0.05,0,,False,5.0,0.0,-0.0,-0.0,0.0,-0.0,-0.0,-0.0,-0.0
904,2014-07-09,905,910,2014-07-10,2014-07-17,-0.02193237367335854,0.0,0.006414806981029031,0.051588653583149124,0.4623513852801902,0.5275,outer_01,none,0.05,0,,False,5.0,0.0,-0.0,-0.0,0.0,-0.0,-0.0,-0.0,-0.0
905,2014-07-10,906,911,2014-07-11,2014-07-18,-0.012332953498950694,0.0,0.005475473629790173,0.047875628625513755,0.4246497913032434,0.5275,outer_01,none,0.05,-1,row905_entry906_exit911,True,5.0,0.000499875041651048,0.012332953498950694,0.011833078457299646,0.0,-0.012832828540601741,0.011833078457299646,-0.012832828540601741,-0.012832828540601741
906,2014-07-11,907,912,2014-07-14,2014-07-21,-0.021980400405335665,0.0,0.0020876443772381847,0.04682510484203206,0.4652281721435297,0.5275,outer_01,none,0.05,0,,False,5.0,0.0,-0.0,-0.0,0.0,-0.0,-0.0,-0.0,-0.0
907,2014-07-14,908,913,2014-07-15,2014-07-22,0.0036651334513910783,1.0,-0.023475149892280278,0.026928253584822315,0.4543616624300162,0.5275,outer_01,none,0.05,0,,False,5.0,0.0,0.0,0.0,0.0,0.0,0.0,0.0,0.0
908,2014-07-15,909,914,2014-07-16,2014-07-23,0.009530322994407037,1.0,-0.009441503265158246,0.018753205555348096,0.4881022075422305,0.5275,outer_01,none,0.05,0,,False,5.0,0.0,0.0,0.0,0.0,0.0,0.0,0.0,0.0
909,2014-07-16,910,915,2014-07-17,2014-07-24,0.004210467834380616,1.0,0.0030312987210106,0.016289812440052565,0.4217996177616803,0.5275,outer_01,none,0.05,0,,False,5.0,0.0,0.0,0.0,0.0,0.0,0.0,0.0,0.0
910,2014-07-17,911,916,2014-07-18,2014-07-25,-0.019334109067048466,0.0,0.01565725792795636,-0.0005609035241418425,0.2560472997093131,0.5275,outer_01,none,0.05,-1,row910_entry911_exit916,True,5.0,0.000499875041651048,0.019334109067048466,0.01883423402539742,0.0,-0.019833984108699514,0.01883423402539742,-0.019833984108699514,0.01883423402539742
911,2014-07-18,912,917,2014-07-21,2014-07-28,-0.003265215388375431,0.0,-0.006534156296329918,-0.003473971588137559,0.2946160819348197,0.5275,outer_01,none,0.05,0,,False,5.0,0.0,-0.0,-0.0,0.0,-0.0,-0.0,-0.0,-0.0
912,2014-07-21,913,918,2014-07-22,2014-07-29,-0.0061697207571844714,0.0,0.001403230710860015,-0.003947448604791681,0.3841477364877549,0.5275,outer_01,none,0.05,0,,False,5.0,0.0,-0.0,-0.0,0.0,-0.0,-0.0,-0.0,-0.0
913,2014-07-22,914,919,2014-07-23,2014-07-30,-0.00617667189172888,0.0,-0.003848331796080018,-0.008129723436329783,0.36755906142414985,0.5275,outer_01,none,0.05,0,,False,5.0,0.0,-0.0,-0.0,0.0,-0.0,-0.0,-0.0,-0.0
914,2014-07-23,915,920,2014-07-24,2014-07-31,-0.006229783032638103,0.0,-0.001853086070853216,-0.010946065538491645,0.43980178128322894,0.5275,outer_01,none,0.05,0,,False,5.0,0.0,-0.0,-0.0,0.0,-0.0,-0.0,-0.0,-0.0
915,2014-07-24,916,921,2014-07-25,2014-08-01,-0.008374029835452212,0.0,-0.008683122573460267,-0.017868838015505872,0.44207359536638025,0.5275,outer_01,none,0.05,-1,row915_entry916_exit921,True,5.0,0.000499875041651048,0.008374029835452212,0.007874154793801165,0.0,-0.00887390487710326,0.007874154793801165,0.007874154793801165,0.007874154793801165
916,2014-07-25,917,922,2014-07-28,2014-08-04,-0.009589409772228663,0.0,0.010452051913828697,-0.0067482556282554285,0.518249205487667,0.5275,outer_01,none,0.05,0,,False,5.0,0.0,-0.0,-0.0,0.0,-0.0,-0.0,-0.0,-0.0
917,2014-07-28,918,923,2014-07-29,2014-08-05,-0.012206376576251898,0.0,-0.002389944989220183,-0.017681412942650354,0.36523304149880126,0.5275,outer_01,none,0.05,0,,False,5.0,0.0,-0.0,-0.0,0.0,-0.0,-0.0,-0.0,-0.0
918,2014-07-29,919,924,2014-07-30,2014-08-06,-0.008541147734537624,0.0,-0.004026778873675418,-0.020607501134952244,0.448459725368808,0.5275,outer_01,none,0.05,0,,False,5.0,0.0,-0.0,-0.0,0.0,-0.0,-0.0,-0.0,-0.0
919,2014-07-30,920,925,2014-07-31,2014-08-07,0.0075476697012542004,1.0,-0.0021352293847662907,-0.023270610115102563,0.3822811411061475,0.5275,outer_01,none,0.05,0,,False,5.0,0.0,0.0,0.0,0.0,0.0,0.0,0.0,0.0
920,2014-07-31,921,926,2014-08-01,2014-08-08,0.0225019511745721,1.0,-0.010035526240815607,-0.02816633017911574,0.47458524230074023,0.5275,outer_01,none,0.05,0,,False,5.0,0.0,0.0,0.0,0.0,0.0,0.0,0.0,0.0
921,2014-08-01,922,927,2014-08-04,2014-08-11,0.012213129537432366,1.0,0.007717849059954318,-0.02044090309391855,0.44350233546106393,0.5275,outer_01,none,0.05,-1,row921_entry922_exit927,True,5.0,0.000499875041651048,-0.012213129537432366,-0.012713004579083413,0.0,0.011713254495781318,-0.012713004579083413,0.011713254495781318,-0.012713004579083413
922,2014-08-04,923,928,2014-08-05,2014-08-12,0.015231008556424896,1.0,-0.0037738379419955947,-0.02419200661562204,0.6231841466835878,0.5275,outer_01,none,0.05,0,,False,5.0,0.0,0.0,0.0,0.0,0.0,0.0,0.0,0.0
923,2014-08-05,924,929,2014-08-06,2014-08-13,0.015413658005742015,1.0,0.00035707078143243365,-0.023599983221535226,0.5311912170101888,0.5275,outer_01,none,0.05,0,,False,5.0,0.0,0.0,0.0,0.0,0.0,0.0,0.0,0.0
924,2014-08-06,925,930,2014-08-07,2014-08-14,0.004774263234543774,1.0,0.01328362265097649,-0.016731167551587767,0.28213029592128164,0.5275,outer_01,none,0.05,0,,False,5.0,0.0,0.0,0.0,0.0,0.0,0.0,0.0,0.0
925,2014-08-07,926,931,2014-08-08,2014-08-15,-0.0003124726135554923,0.0,0.004798077753113361,-0.01740856342826458,0.32884643640540795,0.5275,outer_01,none,0.05,0,,False,5.0,0.0,-0.0,-0.0,0.0,-0.0,-0.0,-0.0,-0.0
926,2014-08-08,927,932,2014-08-11,2014-08-18,-0.00557693458506936,0.0,-0.0012584134213549092,-0.020754621226857672,0.4109061989245433,0.5275,outer_01,none,0.05,-1,row926_entry927_exit932,True,5.0,0.000499875041651048,0.00557693458506936,0.005077059543418312,0.0,-0.006076809626720407,0.005077059543418312,0.005077059543418312,0.005077059543418312
927,2014-08-11,928,933,2014-08-12,2014-08-19,-0.0072822467732560625,0.0,-0.001817960108380312,0.0009025685570422937,0.45045908077790736,0.5275,outer_01,none,0.05,0,,False,5.0,0.0,-0.0,-0.0,0.0,-0.0,-0.0,-0.0,-0.0
928,2014-08-12,929,934,2014-08-13,2014-08-20,-0.009824672772309029,0.0,0.0009323083711869629,0.011276380193387503,0.5108828631519156,0.5275,outer_01,none,0.05,0,,False,5.0,0.0,-0.0,-0.0,0.0,-0.0,-0.0,-0.0,-0.0
929,2014-08-13,930,935,2014-08-14,2014-08-21,-0.016504535258220265,0.0,0.002182174188487984,0.010427255660864887,0.4831508244076199,0.5275,outer_01,none,0.05,0,,False,5.0,0.0,-0.0,-0.0,0.0,-0.0,-0.0,-0.0,-0.0
930,2014-08-14,931,936,2014-08-15,2014-08-22,-0.027064488215835958,0.0,0.0008151853474274162,-0.004414816919664055,0.39854164296695815,0.5275,outer_01,none,0.05,0,,False,5.0,0.0,-0.0,-0.0,0.0,-0.0,-0.0,-0.0,-0.0
931,2014-08-15,932,937,2014-08-18,2014-08-25,-0.018272463611571865,0.0,-0.006662819966236633,-0.00454348058957077,0.41956445567060124,0.5275,outer_01,none,0.05,-1,row931_entry932_exit937,True,5.0,0.000499875041651048,0.018272463611571865,0.017772588569920818,0.0,-0.018772338653222913,0.017772588569920818,0.017772588569920818,0.017772588569920818
932,2014-08-18,933,938,2014-08-19,2014-08-26,-0.017386473203897523,0.0,-0.004633533342159879,-0.010580244642590664,0.48733514059110766,0.5275,outer_01,none,0.05,0,,False,5.0,0.0,-0.0,-0.0,0.0,-0.0,-0.0,-0.0,-0.0
933,2014-08-19,934,939,2014-08-20,2014-08-27,-0.011334293089422687,0.0,-0.002282384230701595,-0.009014297077212241,0.4866572964582204,0.5275,outer_01,none,0.05,0,,False,5.0,0.0,-0.0,-0.0,0.0,-0.0,-0.0,-0.0,-0.0
934,2014-08-20,935,940,2014-08-21,2014-08-28,-0.00652131446678883,0.0,-0.0030693724930292987,-0.010230583499388324,0.429098229127882,0.5275,outer_01,none,0.05,0,,False,5.0,0.0,-0.0,-0.0,0.0,-0.0,-0.0,-0.0,-0.0
935,2014-08-21,936,941,2014-08-22,2014-08-29,0.010005538158162963,1.0,-0.011706424941246851,-0.013253885867174908,0.2875374110938145,0.5275,outer_01,none,0.05,0,,False,5.0,0.0,0.0,0.0,0.0,0.0,0.0,0.0,0.0
936,2014-08-22,937,942,2014-08-25,2014-09-01,0.007249684860198613,1.0,0.0026523657973331893,-0.021053571983670416,0.4366640600009138,0.5275,outer_01,none,0.05,-1,row936_entry937_exit942,True,5.0,0.000499875041651048,-0.007249684860198613,-0.0077495599018496605,0.0,0.0067498098185475655,-0.0077495599018496605,0.0067498098185475655,-0.0077495599018496605
937,2014-08-25,938,943,2014-08-26,2014-09-02,0.00803160745589171,1.0,-0.0024800222378553727,-0.021143649232305606,0.4732357514618976,0.5275,outer_01,none,0.05,0,,False,5.0,0.0,0.0,0.0,0.0,0.0,0.0,0.0,0.0
938,2014-08-26,939,944,2014-08-27,2014-09-03,-0.011748580194074876,0.0,0.003729436737416769,-0.013387433621213418,0.38050945581870144,0.5275,outer_01,none,0.05,0,,False,5.0,0.0,-0.0,-0.0,0.0,-0.0,-0.0,-0.0,-0.0
939,2014-08-27,940,945,2014-08-28,2014-09-04,-0.010157782420599837,0.0,0.0007099087168338514,-0.010542295519613276,0.43585945051715924,0.5275,outer_01,none,0.05,0,,False,5.0,0.0,-0.0,-0.0,0.0,-0.0,-0.0,-0.0,-0.0
940,2014-08-28,941,946,2014-08-29,2014-09-05,-0.02221085303372128,0.0,0.005094967792184768,0.004588198513387098,0.2577682174020135,0.5275,outer_01,none,0.05,0,,False,5.0,0.0,-0.0,-0.0,0.0,-0.0,-0.0,-0.0,-0.0
941,2014-08-29,942,947,2014-09-01,2014-09-08,-0.014284392638659327,0.0,-0.001708393283746723,-0.004838043830313943,0.42288398229410634,0.5275,outer_01,none,0.05,-1,row941_entry942_exit947,True,5.0,0.000499875041651048,0.014284392638659327,0.01378451759700828,0.0,-0.014784267680310374,0.01378451759700828,0.01378451759700828,0.01378451759700828
942,2014-09-01,943,948,2014-09-02,2014-09-09,-0.023216255300165578,0.0,-0.0006919527726783059,-0.001756158660996654,0.6515025522178763,0.5275,outer_01,none,0.05,0,,False,5.0,0.0,-0.0,-0.0,0.0,-0.0,-0.0,-0.0,-0.0
943,2014-09-02,944,949,2014-09-03,2014-09-10,-0.009014503195706958,0.0,-0.016135452145970675,-0.018248681588399762,0.35699676523768276,0.5275,outer_01,none,0.05,0,,False,5.0,0.0,-0.0,-0.0,0.0,-0.0,-0.0,-0.0,-0.0
944,2014-09-03,945,950,2014-09-04,2014-09-11,-0.01612906169670314,0.0,0.0030620402260241875,-0.028470264013352065,0.5344635167236317,0.5275,outer_01,none,0.05,0,,False,5.0,0.0,-0.0,-0.0,0.0,-0.0,-0.0,-0.0,-0.0
945,2014-09-04,946,951,2014-09-05,2014-09-12,-0.01691744122870098,0.0,-0.006426874189369158,-0.039695215955834584,0.4943766885248888,0.5275,outer_01,none,0.05,0,,False,5.0,0.0,-0.0,-0.0,0.0,-0.0,-0.0,-0.0,-0.0
946,2014-09-05,947,952,2014-09-08,2014-09-15,-0.03224265046160202,0.0,0.006095868401627236,-0.03234093413285244,0.5078739224352842,0.5275,outer_01,none,0.05,0,,False,5.0,0.0,-0.0,-0.0,0.0,-0.0,-0.0,-0.0,-0.0
947,2014-09-08,948,953,2014-09-09,2014-09-16,-0.019548207952063024,0.0,-0.010921361406677654,-0.04144433543114978,0.5650020220410317,0.5275,outer_01,none,0.05,1,row947_entry948_exit953,True,5.0,0.000499875041651048,-0.019548207952063024,-0.02004808299371407,0.0,-0.02004808299371407,0.019048332910411976,0.019048332910411976,0.019048332910411976
948,2014-09-09,949,954,2014-09-10,2014-09-17,-0.016435379335538514,0.0,0.0001992039815510438,-0.0421774398207857,0.5689825800922138,0.5275,outer_01,none,0.05,0,,False,5.0,0.0,-0.0,-0.0,0.0,-0.0,-0.0,-0.0,-0.0
949,2014-09-10,950,955,2014-09-11,2014-09-18,-0.022114659198267717,0.0,-0.004559745655416947,-0.04891935966469063,0.540122604095781,0.5275,outer_01,none,0.05,0,,False,5.0,0.0,-0.0,-0.0,0.0,-0.0,-0.0,-0.0,-0.0
950,2014-09-11,951,956,2014-09-12,2014-09-19,-0.011947922301875913,0.0,-0.0071649770355382,-0.05689952204765625,0.5614016279897418,0.5275,outer_01,none,0.05,0,,False,5.0,0.0,-0.0,-0.0,0.0,-0.0,-0.0,-0.0,-0.0
951,2014-09-12,952,957,2014-09-15,2014-09-22,-0.010725038074049564,0.0,-0.009207996676204644,-0.05944469875762426,0.5806463988902932,0.5275,outer_01,none,0.05,0,,False,5.0,0.0,-0.0,-0.0,0.0,-0.0,-0.0,-0.0,-0.0
952,2014-09-15,953,958,2014-09-16,2014-09-23,-0.014407669495530406,0.0,0.0031355372750860866,-0.051675628140378294,0.6661264276467289,0.5275,outer_01,none,0.05,1,row952_entry953_exit958,True,5.0,0.000499875041651048,-0.014407669495530406,-0.014907544537181454,0.0,-0.014907544537181454,0.013907794453879359,-0.014907544537181454,0.013907794453879359
953,2014-09-16,954,959,2014-09-17,2014-09-24,-0.009485149415516148,0.0,0.0018312797332429298,-0.04756196417643377,0.591205558516369,0.5275,outer_01,none,0.05,0,,False,5.0,0.0,-0.0,-0.0,0.0,-0.0,-0.0,-0.0,-0.0
954,2014-09-17,955,960,2014-09-18,2014-09-25,-0.004183008346696937,0.0,-0.010473685939587085,-0.054966277622991555,0.7371910571841329,0.5275,outer_01,none,0.05,0,,False,5.0,0.0,-0.0,-0.0,0.0,-0.0,-0.0,-0.0,-0.0
955,2014-09-18,956,961,2014-09-19,2014-09-26,-0.003842542437975105,0.0,0.001757333229778446,-0.04150251945196626,0.5908507716475765,0.5275,outer_01,none,0.05,0,,False,5.0,0.0,-0.0,-0.0,0.0,-0.0,-0.0,-0.0,-0.0
956,2014-09-19,957,962,2014-09-22,2014-09-29,0.001692882083371039,1.0,-0.007533285621084573,-0.05168817087038402,0.7691500851677836,0.5275,outer_01,none,0.05,0,,False,5.0,0.0,0.0,0.0,0.0,0.0,0.0,0.0,0.0
957,2014-09-22,958,963,2014-09-23,2014-09-30,2.46938985508649e-05,1.0,-0.0007243454456578036,-0.04993249407818645,0.8067236058191865,0.5275,outer_01,none,0.05,1,row957_entry958_exit963,True,5.0,0.000499875041651048,2.46938985508649e-05,-0.00047518114310018305,0.0,-0.00047518114310018305,-0.0005245689402019128,-0.0005245689402019128,-0.0005245689402019128
958,2014-09-23,959,964,2014-09-24,2014-10-01,-0.011692575089199408,0.0,0.0076041003438769295,-0.04605783047172629,0.7155525626629644,0.5275,outer_01,none,0.05,0,,False,5.0,0.0,-0.0,-0.0,0.0,-0.0,-0.0,-0.0,-0.0
959,2014-09-24,960,965,2014-09-25,2014-10-02,-0.002946795231305366,0.0,-0.0058435365088440605,-0.0526112756974042,0.8095300095088968,0.5275,outer_01,none,0.05,0,,False,5.0,0.0,-0.0,-0.0,0.0,-0.0,-0.0,-0.0,-0.0
960,2014-09-25,961,966,2014-09-26,2014-10-03,-0.0059729137902539975,0.0,0.004027748473443893,-0.05367849501614508,0.6997308136593345,0.5275,outer_01,none,0.05,0,,False,5.0,0.0,-0.0,-0.0,0.0,-0.0,-0.0,-0.0,-0.0
961,2014-09-26,962,967,2014-09-29,2014-10-06,-0.025463299265544137,0.0,-0.0032882493271433333,-0.05525835105954169,0.7979830302551161,0.5275,outer_01,none,0.05,0,,False,5.0,0.0,-0.0,-0.0,0.0,-0.0,-0.0,-0.0,-0.0
962,2014-09-29,963,968,2014-09-30,2014-10-07,-0.007112293886434529,0.0,-0.001405516265358564,-0.055971914552221946,0.8108645224635636,0.5275,outer_01,none,0.05,1,row962_entry963_exit968,True,5.0,0.000499875041651048,-0.007112293886434529,-0.007612168928085576,0.0,-0.007612168928085576,0.006612418844783481,0.006612418844783481,0.006612418844783481
963,2014-09-30,964,969,2014-10-01,2014-10-08,0.0006867308161080388,1.0,-0.006560484990535187,-0.04639694739678646,0.8611054810292237,0.5275,outer_01,none,0.05,0,,False,5.0,0.0,0.0,0.0,0.0,0.0,0.0,0.0,0.0
964,2014-10-01,965,970,2014-10-02,2014-10-09,0.0055242854946113695,1.0,0.004650422003471988,-0.04480856561933866,0.8170781650404698,0.5275,outer_01,none,0.05,0,,False,5.0,0.0,0.0,0.0,0.0,0.0,0.0,0.0,0.0
965,2014-10-02,966,971,2014-10-03,2014-10-10,0.00844364669459452,1.0,0.00037077166246213267,-0.03801091976750737,0.7811152497090628,0.5275,outer_01,none,0.05,0,,False,5.0,0.0,0.0,0.0,0.0,0.0,0.0,0.0,0.0
966,2014-10-03,967,972,2014-10-06,2014-10-13,0.03303785368875545,1.0,-0.01840695779335988,-0.06251374596249448,0.8295201560040499,0.5275,outer_01,none,0.05,0,,False,5.0,0.0,0.0,0.0,0.0,0.0,0.0,0.0,0.0
967,2014-10-06,968,973,2014-10-07,2014-10-14,0.0243148430681579,1.0,0.0124663380826604,-0.03912604647315643,0.7417681387636987,0.5275,outer_01,none,0.05,1,row967_entry968_exit973,True,5.0,0.000499875041651048,0.0243148430681579,0.02381496802650685,0.0,0.02381496802650685,-0.024814718109808946,0.02381496802650685,-0.024814718109808946
968,2014-10-07,969,974,2014-10-08,2014-10-15,0.019088144783746763,1.0,0.0015567298574650223,-0.03776852059724245,0.7023993519630902,0.5275,outer_01,none,0.05,0,,False,5.0,0.0,0.0,0.0,0.0,0.0,0.0,0.0,0.0
969,2014-10-08,970,975,2014-10-09,2014-10-16,0.016271098877831847,1.0,0.010289426911518795,-0.022919348030306708,0.5514136535441186,0.5275,outer_01,none,0.05,0,,False,5.0,0.0,0.0,0.0,0.0,0.0,0.0,0.0,0.0
970,2014-10-09,971,976,2014-10-10,2014-10-17,0.011600831992113037,1.0,0.0026008242420694216,-0.013153546752699086,0.5182613583856152,0.5275,outer_01,none,0.05,0,,False,5.0,0.0,0.0,0.0,0.0,0.0,0.0,0.0,0.0
971,2014-10-10,972,977,2014-10-13,2014-10-20,0.008164436917971862,1.0,-0.0012504956615790874,-0.005196045738073529,0.6571628452688236,0.5275,outer_01,none,0.05,0,,False,5.0,0.0,0.0,0.0,0.0,0.0,0.0,0.0,0.0
972,2014-10-13,973,978,2014-10-14,2014-10-21,0.008660015695650891,1.0,0.010340949928643539,0.0020093669154839233,0.6422367130010698,0.5275,outer_01,none,0.05,1,row972_entry973_exit978,True,5.0,0.000499875041651048,0.008660015695650891,0.008160140653999844,0.0,0.008160140653999844,-0.009159890737301939,0.008160140653999844,0.008160140653999844
973,2014-10-14,974,979,2014-10-15,2014-10-22,0.013284304402125358,1.0,-0.0030155664875390897,-0.0028374793052980962,0.7163959554394046,0.5275,outer_01,none,0.05,0,,False,5.0,0.0,0.0,0.0,0.0,0.0,0.0,0.0,0.0
974,2014-10-15,975,980,2014-10-16,2014-10-23,0.0013541181763816468,1.0,0.008174399392353315,0.015810606026642304,0.6806119662132297,0.5275,outer_01,none,0.05,0,,False,5.0,0.0,0.0,0.0,0.0,0.0,0.0,0.0,0.0
975,2014-10-16,976,981,2014-10-17,2014-10-24,-0.004930964483006228,0.0,-0.002886959087841312,0.011166313709022546,0.6999733483952287,0.5275,outer_01,none,0.05,0,,False,5.0,0.0,-0.0,-0.0,0.0,-0.0,-0.0,-0.0,-0.0
976,2014-10-17,977,982,2014-10-20,2014-10-27,-0.007162616453245896,0.0,3.230261086084596e-05,0.018731901940967965,0.7115284619560861,0.5275,outer_01,none,0.05,0,,False,5.0,0.0,-0.0,-0.0,0.0,-0.0,-0.0,-0.0,-0.0
977,2014-10-20,978,983,2014-10-21,2014-10-28,-0.016620612374158128,0.0,0.006840742617637119,0.026296990004262888,0.703231117140476,0.5275,outer_01,none,0.05,1,row977_entry978_exit983,True,5.0,0.000499875041651048,-0.016620612374158128,-0.017120487415809175,0.0,-0.017120487415809175,0.01612073733250708,-0.017120487415809175,-0.017120487415809175
978,2014-10-21,979,984,2014-10-22,2014-10-29,-0.016673848840010663,0.0,0.0012103579247106921,0.01990324758509665,0.5668750972742983,0.5275,outer_01,none,0.05,0,,False,5.0,0.0,-0.0,-0.0,0.0,-0.0,-0.0,-0.0,-0.0
979,2014-10-22,980,985,2014-10-23,2014-10-30,-0.02507206435560949,0.0,-0.005599150256376362,0.02014763383756435,0.6232782622370212,0.5275,outer_01,none,0.05,0,,False,5.0,0.0,-0.0,-0.0,0.0,-0.0,-0.0,-0.0,-0.0
980,2014-10-23,981,986,2014-10-24,2014-10-31,-0.02624209530624455,0.0,-0.008193949354693864,0.007925936009426593,0.6138188047256921,0.5275,outer_01,none,0.05,0,,False,5.0,0.0,-0.0,-0.0,0.0,-0.0,-0.0,-0.0,-0.0
981,2014-10-24,982,987,2014-10-27,2014-11-03,-0.05099427169258508,0.0,-0.0009182102858984464,0.01029597505067148,0.6752509556187566,0.5275,outer_01,none,0.05,0,,False,5.0,0.0,-0.0,-0.0,0.0,-0.0,-0.0,-0.0,-0.0
982,2014-10-27,983,988,2014-10-28,2014-11-04,-0.05101132636909611,0.0,-0.004334266172732804,0.00736722514329724,0.716846029866955,0.5275,outer_01,none,0.05,1,row982_entry983_exit988,True,5.0,0.000499875041651048,-0.05101132636909611,-0.05151120141074716,0.0,-0.05151120141074716,0.05051145132744506,0.05051145132744506,-0.05151120141074716
983,2014-10-28,984,989,2014-10-29,2014-11-05,-0.049590455004829614,0.0,0.0019168891912633157,0.015844599325095743,0.6504822942494856,0.5275,outer_01,none,0.05,0,,False,5.0,0.0,-0.0,-0.0,0.0,-0.0,-0.0,-0.0,-0.0
984,2014-10-29,985,990,2014-10-30,2014-11-06,-0.058423368497969363,0.0,-0.013413439606182465,-0.0022192622845587096,0.6535611697679545,0.5275,outer_01,none,0.05,0,,False,5.0,0.0,-0.0,-0.0,0.0,-0.0,-0.0,-0.0,-0.0
985,2014-10-30,986,991,2014-10-31,2014-11-07,-0.050850446914957104,0.0,-0.01062806320805354,-0.013218097155074382,0.7285587342563018,0.5275,outer_01,none,0.05,0,,False,5.0,0.0,-0.0,-0.0,0.0,-0.0,-0.0,-0.0,-0.0
986,2014-10-31,987,992,2014-11-03,2014-11-10,0.006097996485887158,1.0,-0.022326406693746748,-0.01713754605546125,0.7820380726875208,0.5275,outer_01,none,0.05,0,,False,5.0,0.0,0.0,0.0,0.0,0.0,0.0,0.0,0.0
987,2014-11-03,988,993,2014-11-04,2014-11-11,-0.012087973883285308,0.0,-0.004980286006084356,-0.034584170144206006,0.9198452339756962,0.5275,outer_01,none,0.05,1,row987_entry988_exit993,True,5.0,0.000499875041651048,-0.012087973883285308,-0.012587848924936355,0.0,-0.012587848924936355,0.01158809884163426,0.01158809884163426,0.01158809884163426
988,2014-11-04,989,994,2014-11-05,2014-11-12,-0.004038088640783144,0.0,0.0022364952060325294,-0.0339044047956385,0.8902404437626729,0.5275,outer_01,none,0.05,0,,False,5.0,0.0,-0.0,-0.0,0.0,-0.0,-0.0,-0.0,-0.0
989,2014-11-05,990,995,2014-11-06,2014-11-13,0.017042340127839672,1.0,-0.0234341072226405,-0.06762793892979779,0.9238487611262227,0.5275,outer_01,none,0.05,0,,False,5.0,0.0,0.0,0.0,0.0,0.0,0.0,0.0,0.0
990,2014-11-06,991,996,2014-11-07,2014-11-14,0.018897981379258688,1.0,6.133437311550693e-05,-0.07016742879875171,0.9416290040234068,0.5275,outer_01,none,0.05,0,,False,5.0,0.0,0.0,0.0,0.0,0.0,0.0,0.0,0.0
991,2014-11-07,992,997,2014-11-10,2014-11-17,0.008689625074868701,1.0,0.03013742298710742,-0.0387795101500652,0.6786379248966082,0.5275,outer_01,none,0.05,0,,False,5.0,0.0,0.0,0.0,0.0,0.0,0.0,0.0,0.0
992,2014-11-10,993,998,2014-11-11,2014-11-18,0.030287457401766638,1.0,-0.021413800073856848,-0.07053426015256559,0.9305735402182055,0.5275,outer_01,none,0.05,1,row992_entry993_exit998,True,5.0,0.000499875041651048,0.030287457401766638,0.02978758236011559,0.0,0.02978758236011559,-0.030787332443417685,-0.030787332443417685,-0.030787332443417685
993,2014-11-11,994,999,2014-11-12,2014-11-19,0.02691034184728114,1.0,0.01103914605865075,-0.056479547606375746,0.8525443066526263,0.5275,outer_01,none,0.05,0,,False,5.0,0.0,0.0,0.0,0.0,0.0,0.0,0.0,0.0
994,2014-11-12,995,1000,2014-11-13,2014-11-20,0.017577544323178707,1.0,-0.001538852010812164,-0.06619279900954123,0.8975180295658257,0.5275,outer_01,none,0.05,0,,False,5.0,0.0,0.0,0.0,0.0,0.0,0.0,0.0,0.0
995,2014-11-13,996,1001,2014-11-14,2014-11-21,0.025976809969557202,1.0,-0.00024953427568785713,-0.06355537419738777,0.9214912532666456,0.5275,outer_01,none,0.05,0,,False,5.0,0.0,0.0,0.0,0.0,0.0,0.0,0.0,0.0
996,2014-11-14,997,1002,2014-11-17,2014-11-24,0.014114489380338213,1.0,0.022389090159568248,-0.04119858664868037,0.7344140803330143,0.5275,outer_01,none,0.05,0,,False,5.0,0.0,0.0,0.0,0.0,0.0,0.0,0.0,0.0
997,2014-11-17,998,1003,2014-11-18,2014-11-25,0.00956985232610652,1.0,-0.0018530534349121552,-0.04989238270122964,0.8455806193664809,0.5275,outer_01,none,0.05,1,row997_entry998_exit1003,True,5.0,0.000499875041651048,0.00956985232610652,0.009069977284455473,0.0,0.009069977284455473,-0.010069727367757568,-0.010069727367757568,-0.010069727367757568
998,2014-11-18,999,1004,2014-11-19,2014-11-26,0.004680488606665811,1.0,0.009214412051091081,-0.041888328574849254,0.8473473836253892,0.5275,outer_01,none,0.05,0,,False,5.0,0.0,0.0,0.0,0.0,0.0,0.0,0.0,0.0
999,2014-11-19,1000,1005,2014-11-20,2014-11-27,0.012415419234327096,1.0,-0.01204271893750164,-0.04833189725597453,0.7606818003745338,0.5275,outer_01,none,0.05,0,,False,5.0,0.0,0.0,0.0,0.0,0.0,0.0,0.0,0.0
1000,2014-11-20,1001,1006,2014-11-21,2014-11-28,-0.003383899075559249,0.0,0.008947155667077489,-0.03119079223420318,0.7516418951656061,0.5275,outer_01,none,0.05,0,,False,5.0,0.0,-0.0,-0.0,0.0,-0.0,-0.0,-0.0,-0.0
1001,2014-11-21,1002,1007,2014-11-24,2014-12-01,-0.03648663435740751,0.0,0.00644802487982421,-0.023824557068480523,0.7734112046196615,0.5275,outer_01,none,0.05,0,,False,5.0,0.0,-0.0,-0.0,0.0,-0.0,-0.0,-0.0,-0.0
1002,2014-11-24,1003,1008,2014-11-25,2014-12-02,0.010825994885462542,1.0,-0.003603096552564189,-0.02309338744831191,0.7462940094544854,0.5275,outer_01,none,0.05,1,row1002_entry1003_exit1008,True,5.0,0.000499875041651048,0.010825994885462542,0.010326119843811495,0.0,0.010326119843811495,-0.01132586992711359,-0.01132586992711359,-0.01132586992711359
1003,2014-11-25,1004,1009,2014-11-26,2014-12-03,-0.0036106390357852902,0.0,0.0032616930477811223,-0.0217485835917941,0.612429151381444,0.5275,outer_01,none,0.05,0,,False,5.0,0.0,-0.0,-0.0,0.0,-0.0,-0.0,-0.0,-0.0
1004,2014-11-26,1005,1010,2014-11-27,2014-12-04,0.009561097111326688,1.0,-0.002635223434038103,-0.01097036741964974,0.6957466038014852,0.5275,outer_01,none,0.05,0,,False,5.0,0.0,0.0,0.0,0.0,0.0,0.0,0.0,0.0
1005,2014-11-27,1006,1011,2014-11-28,2014-12-05,0.013251645646543686,1.0,-0.005811973582839691,-0.006154277794435892,0.7205908073017143,0.5275,outer_01,none,0.05,0,,False,5.0,0.0,0.0,0.0,0.0,0.0,0.0,0.0,0.0
1006,2014-11-28,1007,1012,2014-12-01,2014-12-08,0.024598078005222845,1.0,-0.02099801316892691,-0.004825884269616054,0.6392228361989122,0.5275,outer_01,none,0.05,0,,False,5.0,0.0,0.0,0.0,0.0,0.0,0.0,0.0,0.0
1007,2014-12-01,1008,1013,2014-12-02,2014-12-09,-0.006636120241256371,0.0,0.03780513148530851,0.03795953322177681,0.4085810677743879,0.5275,outer_01,none,0.05,-1,row1007_entry1008_exit1013,True,5.0,0.000499875041651048,0.006636120241256371,0.006136245199605324,0.0,-0.007135995282907419,0.006136245199605324,-0.007135995282907419,-0.007135995282907419
1008,2014-12-02,1009,1014,2014-12-03,2014-12-10,0.03167977766415131,1.0,-0.010210523273124217,0.025512514742620063,0.7368491293007163,0.5275,outer_01,none,0.05,0,,False,5.0,0.0,0.0,0.0,0.0,0.0,0.0,0.0,0.0
1009,2014-12-03,1010,1015,2014-12-04,2014-12-11,0.014425262255370441,1.0,0.009111472230160622,0.058058094195421184,0.7675657582027519,0.5275,outer_01,none,0.05,0,,False,5.0,0.0,0.0,0.0,0.0,0.0,0.0,0.0,0.0
1010,2014-12-04,1011,1016,2014-12-05,2014-12-12,0.018446322568583362,1.0,-0.003329305909290703,0.054667453913014974,0.5961627534942721,0.5275,outer_01,none,0.05,0,,False,5.0,0.0,0.0,0.0,0.0,0.0,0.0,0.0,0.0
1011,2014-12-05,1012,1017,2014-12-08,2014-12-15,0.0283722873311687,1.0,-0.011329438920216539,0.013200592005691014,0.728466372678933,0.5275,outer_01,none,0.05,0,,False,5.0,0.0,0.0,0.0,0.0,0.0,0.0,0.0,0.0
1012,2014-12-08,1013,1018,2014-12-09,2014-12-16,-0.008305175632576045,0.0,0.009477794122759065,0.04409218620230693,0.8474707963706544,0.5275,outer_01,none,0.05,1,row1012_entry1013_exit1018,True,5.0,0.000499875041651048,-0.008305175632576045,-0.008805050674227093,0.0,-0.008805050674227093,0.0078053005909249976,-0.008805050674227093,-0.008805050674227093
1013,2014-12-09,1014,1019,2014-12-10,2014-12-17,-0.03296708035801377,0.0,0.022516811011154658,0.055569851154810834,0.817564514103894,0.5275,outer_01,none,0.05,0,,False,5.0,0.0,-0.0,-0.0,0.0,-0.0,-0.0,-0.0,-0.0
1014,2014-12-10,1015,1020,2014-12-11,2014-12-18,-0.030902161183190557,0.0,-0.003174166598421735,0.05393453656720126,0.7984768595608447,0.5275,outer_01,none,0.05,0,,False,5.0,0.0,-0.0,-0.0,0.0,-0.0,-0.0,-0.0,-0.0
1015,2014-12-11,1016,1021,2014-12-12,2014-12-19,-0.02418997249737842,0.0,0.0006926647087217574,0.05487673555161088,0.7115245327608878,0.5275,outer_01,none,0.05,0,,False,5.0,0.0,-0.0,-0.0,0.0,-0.0,-0.0,-0.0,-0.0
1016,2014-12-12,1017,1022,2014-12-15,2014-12-22,-0.022762033089014366,0.0,-0.004253189155532411,0.02823445623651022,0.6497019518684485,0.5275,outer_01,none,0.05,0,,False,5.0,0.0,-0.0,-0.0,0.0,-0.0,-0.0,-0.0,-0.0
1017,2014-12-15,1018,1023,2014-12-16,2014-12-23,-0.01392627353134479,0.0,-0.025033404970721485,0.00505410470070089,0.7220378926759206,0.5275,outer_01,none,0.05,1,row1017_entry1018_exit1023,True,5.0,0.000499875041651048,-0.01392627353134479,-0.014426148572995838,0.0,-0.014426148572995838,0.013426398489693743,0.013426398489693743,-0.014426148572995838
1018,2014-12-16,1019,1024,2014-12-17,2014-12-24,-0.016011673946932703,0.0,0.003483448783805798,-0.0006768585665843929,0.7244903955061458,0.5275,outer_01,none,0.05,0,,False,5.0,0.0,-0.0,-0.0,0.0,-0.0,-0.0,-0.0,-0.0
1019,2014-12-17,1020,1025,2014-12-18,2014-12-26,-0.0020293120357139927,0.0,-0.0062638300001456315,0.005102030370771615,0.751148084108753,0.5275,outer_01,none,0.05,0,,False,5.0,0.0,-0.0,-0.0,0.0,-0.0,-0.0,-0.0,-0.0
1020,2014-12-18,1021,1026,2014-12-19,2014-12-29,-0.0014703427878703934,0.0,0.0076170893056621836,0.00377196400935631,0.70725303373342,0.5275,outer_01,none,0.05,0,,False,5.0,0.0,-0.0,-0.0,0.0,-0.0,-0.0,-0.0,-0.0
1021,2014-12-19,1022,1027,2014-12-22,2014-12-30,-0.00953426023925541,0.0,-0.0022815509393590006,-0.004957611809826901,0.5361806642029538,0.5275,outer_01,none,0.05,0,,False,5.0,0.0,-0.0,-0.0,0.0,-0.0,-0.0,-0.0,-0.0
1022,2014-12-22,1023,1028,2014-12-23,2014-12-31,0.019576289397399194,1.0,-0.016611579562891166,-0.017966094820153877,0.6990619204669937,0.5275,outer_01,none,0.05,1,row1022_entry1023_exit1028,True,5.0,0.000499875041651048,0.019576289397399194,0.019076414355748146,0.0,0.019076414355748146,-0.02007616443905024,-0.02007616443905024,-0.02007616443905024
1023,2014-12-23,1024,1029,2014-12-24,2015-01-02,0.008800638993625931,1.0,0.0002126528450325793,-0.02101513502290242,0.6816639115450188,0.5275,outer_01,none,0.05,0,,False,5.0,0.0,0.0,0.0,0.0,0.0,0.0,0.0,0.0
1024,2014-12-24,1025,1030,2014-12-26,2015-01-05,0.0011288394371762323,1.0,-0.0011658930826694558,-0.019545804671533773,0.8104495303813136,0.5275,outer_01,none,0.05,0,,False,5.0,0.0,0.0,0.0,0.0,0.0,0.0,0.0,0.0
1025,2014-12-26,1026,1031,2014-12-29,2015-01-06,0.005627383034465083,1.0,0.017514617317167414,0.003780786228473332,0.8641362320186086,0.5275,outer_01,none,0.05,0,,False,5.0,0.0,0.0,0.0,0.0,0.0,0.0,0.0,0.0
1026,2014-12-29,1027,1032,2014-12-30,2015-01-07,0.029139479168325266,1.0,-0.010252100879752923,0.014526698517647318,0.5052905129745106,0.5275,outer_01,none,0.05,0,,False,5.0,0.0,0.0,0.0,0.0,0.0,0.0,0.0,0.0
1027,2014-12-30,1028,1033,2014-12-31,2015-01-08,0.0092334767782134,1.0,0.014477012396123534,-0.008801420571537655,0.4641493505900305,0.5275,outer_01,none,0.05,0,,False,5.0,0.0,0.0,0.0,0.0,0.0,0.0,0.0,0.0
1028,2014-12-31,1029,1034,2015-01-02,2015-01-09,0.017173539793621018,1.0,-0.009897257331789255,-0.008488154630202693,0.6201299958508038,0.5275,outer_01,none,0.05,1,row1028_entry1029_exit1034,True,5.0,0.000499875041651048,0.017173539793621018,0.01667366475196997,0.0,0.01667366475196997,-0.017673414835272065,-0.017673414835272065,-0.017673414835272065
1029,2015-01-02,1030,1035,2015-01-05,2015-01-12,0.029998559023336036,1.0,0.00037859826549357933,-0.017221028594869736,0.5564215042401808,0.5275,outer_01,none,0.05,0,,False,5.0,0.0,0.0,0.0,0.0,0.0,0.0,0.0,0.0
1030,2015-01-05,1031,1036,2015-01-06,2015-01-13,0.023806736474145218,1.0,0.012953873776491598,-0.0009378489090874353,0.5151904706362528,0.5275,outer_01,none,0.05,0,,False,5.0,0.0,0.0,0.0,0.0,0.0,0.0,0.0,0.0
1031,2015-01-06,1032,1037,2015-01-07,2015-01-14,0.011334434587590536,1.0,0.011582392026539878,0.021973982037668982,0.6812157971736689,0.5275,outer_01,none,0.05,0,,False,5.0,0.0,0.0,0.0,0.0,0.0,0.0,0.0,0.0
1032,2015-01-07,1033,1038,2015-01-08,2015-01-15,0.015006940788031997,1.0,-0.006447464972830552,0.006048722942079365,0.47017109636547416,0.5275,outer_01,none,0.05,0,,False,5.0,0.0,0.0,0.0,0.0,0.0,0.0,0.0,0.0
1033,2015-01-08,1034,1039,2015-01-09,2015-01-16,0.04491398357253651,1.0,-0.0015128908602788371,-0.01798097892935413,0.5313861784002608,0.5275,outer_01,none,0.05,0,,False,5.0,0.0,0.0,0.0,0.0,0.0,0.0,0.0,0.0
1034,2015-01-09,1035,1040,2015-01-12,2015-01-19,0.04373106896802703,1.0,0.011246287884121742,-0.0035605244468106534,0.47807704280865093,0.5275,outer_01,none,0.05,0,,False,5.0,0.0,0.0,0.0,0.0,0.0,0.0,0.0,0.0
1035,2015-01-12,1036,1041,2015-01-13,2015-01-21,0.0497927983412465,1.0,0.008869544750073288,0.004616355594540877,0.5545222384419326,0.5275,outer_01,none,0.05,1,row1035_entry1036_exit1041,True,5.0,0.000499875041651048,0.0497927983412465,0.049292923299595455,0.0,0.049292923299595455,-0.05029267338289755,0.049292923299595455,0.049292923299595455
1036,2015-01-13,1037,1042,2015-01-14,2015-01-22,0.047902766511040085,1.0,-0.002012971353661186,0.006856573396412102,0.5067691872972884,0.5275,outer_01,none,0.05,0,,False,5.0,0.0,0.0,0.0,0.0,0.0,0.0,0.0,0.0
1037,2015-01-14,1038,1043,2015-01-15,2015-01-23,0.05642013032680726,1.0,-0.0015286668613558874,0.0303613115057777,0.5160310877402207,0.5275,outer_01,none,0.05,0,,False,5.0,0.0,0.0,0.0,0.0,0.0,0.0,0.0,0.0
1038,2015-01-15,1039,1044,2015-01-16,2015-01-26,0.024751125680085195,1.0,0.026832052875663592,0.053709915597635494,0.4941135507583625,0.5275,outer_01,none,0.05,0,,False,5.0,0.0,0.0,0.0,0.0,0.0,0.0,0.0,0.0
1039,2015-01-16,1040,1045,2015-01-19,2015-01-27,0.001516122768104644,1.0,0.01394795165089846,0.07392169724867959,0.6086812732617717,0.5275,outer_01,none,0.05,0,,False,5.0,0.0,0.0,0.0,0.0,0.0,0.0,0.0,0.0
1040,2015-01-19,1041,1046,2015-01-21,2015-01-28,-0.001894064415522756,0.0,-0.0026440348645593303,0.06366057307845807,0.5302025921412612,0.5275,outer_01,none,0.05,0,,False,5.0,0.0,-0.0,-0.0,0.0,-0.0,-0.0,-0.0,-0.0
1041,2015-01-21,1042,1047,2015-01-22,2015-01-29,-0.0056740933795813575,0.0,0.013081236908777605,0.07902336092659468,0.35772272918515235,0.5275,outer_01,none,0.05,-1,row1041_entry1042_exit1047,True,5.0,0.000499875041651048,0.0056740933795813575,0.00517421833793031,0.0,-0.006173968421232405,0.00517421833793031,-0.006173968421232405,-0.006173968421232405
1042,2015-01-22,1043,1048,2015-01-23,2015-01-30,-0.033142791008381245,0.0,0.00609671040802251,0.10173165089750835,0.4309033122334023,0.5275,outer_01,none,0.05,0,,False,5.0,0.0,-0.0,-0.0,0.0,-0.0,-0.0,-0.0,-0.0
1043,2015-01-23,1044,1049,2015-01-26,2015-02-02,-0.011029066686920608,0.0,-0.005872532425226673,0.0956464656272491,0.4845088437451658,0.5275,outer_01,none,0.05,0,,False,5.0,0.0,-0.0,-0.0,0.0,-0.0,-0.0,-0.0,-0.0
1044,2015-01-26,1045,1050,2015-01-27,2015-02-03,-0.004531747544502807,0.0,-0.009739958473961252,0.0870724002359573,0.4179811540691087,0.5275,outer_01,none,0.05,0,,False,5.0,0.0,-0.0,-0.0,0.0,-0.0,-0.0,-0.0,-0.0
1045,2015-01-27,1046,1051,2015-01-28,2015-02-04,-0.02392411767123992,0.0,0.008572136097703797,0.07812991901649369,0.43436782039972616,0.5275,outer_01,none,0.05,0,,False,5.0,0.0,-0.0,-0.0,0.0,-0.0,-0.0,-0.0,-0.0
1046,2015-01-28,1047,1052,2015-01-29,2015-02-05,-0.0114693174417555,0.0,-0.0058440893229132485,0.08253793057333336,0.39308275777129953,0.5275,outer_01,none,0.05,-1,row1046_entry1047_exit1052,True,5.0,0.000499875041651048,0.0114693174417555,0.010969442400104452,0.0,-0.011969192483406547,0.010969442400104452,0.010969442400104452,-0.011969192483406547
1047,2015-01-29,1048,1053,2015-01-30,2015-02-06,0.006843320041435952,1.0,-0.02157423115410051,0.04648668702310932,0.29752218633114946,0.5275,outer_01,none,0.05,0,,False,5.0,0.0,0.0,0.0,0.0,0.0,0.0,0.0,0.0
1048,2015-01-30,1049,1054,2015-02-02,2015-02-09,-0.03441013483540978,0.0,0.020670902795136392,0.07705484715003497,0.31093516945701277,0.5275,outer_01,none,0.05,0,,False,5.0,0.0,-0.0,-0.0,0.0,-0.0,-0.0,-0.0,-0.0
1049,2015-02-02,1050,1055,2015-02-03,2015-02-10,-0.02877621607596126,0.0,-0.006706975199285203,0.06996927368525618,0.31958992392723157,0.5275,outer_01,none,0.05,0,,False,5.0,0.0,-0.0,-0.0,0.0,-0.0,-0.0,-0.0,-0.0
1050,2015-02-03,1051,1056,2015-02-04,2015-02-11,-0.022198380837827436,0.0,-0.011921951175502876,0.04509344873326171,0.27376974479640837,0.5275,outer_01,none,0.05,0,,False,5.0,0.0,-0.0,-0.0,0.0,-0.0,-0.0,-0.0,-0.0
1051,2015-02-04,1052,1057,2015-02-05,2015-02-12,-0.04156833007702332,0.0,0.007464904701763864,0.040975961408485695,0.21928439844363726,0.5275,outer_01,none,0.05,-1,row1051_entry1052_exit1057,True,5.0,0.000499875041651048,0.04156833007702332,0.04106845503537227,0.0,-0.042068205118674366,0.04106845503537227,-0.042068205118674366,-0.042068205118674366
1052,2015-02-05,1053,1058,2015-02-06,2015-02-13,-0.034874554798492774,0.0,-0.0037808422080356507,0.043642584173280596,0.407764868379851,0.5275,outer_01,none,0.05,0,,False,5.0,0.0,-0.0,-0.0,0.0,-0.0,-0.0,-0.0,-0.0
1053,2015-02-06,1054,1059,2015-02-09,2015-02-16,-0.007114349908007078,0.0,-0.025145060483528603,0.02001041455003083,0.3872449793498534,0.5275,outer_01,none,0.05,0,,False,5.0,0.0,-0.0,-0.0,0.0,-0.0,-0.0,-0.0,-0.0
1054,2015-02-09,1055,1060,2015-02-10,2015-02-17,-0.0054564872312328205,0.0,0.004974953534396143,0.013739080200305231,0.3690645175582015,0.5275,outer_01,none,0.05,0,,False,5.0,0.0,-0.0,-0.0,0.0,-0.0,-0.0,-0.0,-0.0
1055,2015-02-10,1056,1061,2015-02-11,2015-02-18,-0.020582484642893917,0.0,-0.004893861714083236,-2.4326263851293106e-05,0.37487042677543225,0.5275,outer_01,none,0.05,0,,False,5.0,0.0,-0.0,-0.0,0.0,-0.0,-0.0,-0.0,-0.0
1056,2015-02-11,1057,1062,2015-02-12,2015-02-19,-0.004796843122859329,0.0,-0.013091927115639557,-0.011103282025829664,0.3975779616715259,0.5275,outer_01,none,0.05,-1,row1056_entry1057_exit1062,True,5.0,0.000499875041651048,0.004796843122859329,0.004296968081208281,0.0,-0.005296718164510376,0.004296968081208281,0.004296968081208281,0.004296968081208281
1057,2015-02-12,1058,1063,2015-02-13,2015-02-20,-0.013279992431240117,0.0,0.004091259524368951,-0.005483355640104826,0.2510851197330102,0.5275,outer_01,none,0.05,0,,False,5.0,0.0,-0.0,-0.0,0.0,-0.0,-0.0,-0.0,-0.0
1058,2015-02-13,1059,1064,2015-02-16,2015-02-23,-0.020953296388973364,0.0,0.005564726577705237,-0.02675068193806318,0.3760406950545872,0.5275,outer_01,none,0.05,0,,False,5.0,0.0,-0.0,-0.0,0.0,-0.0,-0.0,-0.0,-0.0
1059,2015-02-16,1060,1065,2015-02-17,2015-02-24,-0.024405283555256396,0.0,0.0014635457815694863,-0.039235087807392155,0.4519885421800135,0.5275,outer_01,none,0.05,0,,False,5.0,0.0,-0.0,-0.0,0.0,-0.0,-0.0,-0.0,-0.0
1060,2015-02-17,1061,1066,2015-02-18,2015-02-25,-0.006423098686529016,0.0,-0.017713795710546876,-0.0543048486533797,0.29795549041672237,0.5275,outer_01,none,0.05,0,,False,5.0,0.0,-0.0,-0.0,0.0,-0.0,-0.0,-0.0,-0.0
1061,2015-02-18,1062,1067,2015-02-19,2015-02-26,-0.0064539307401103585,0.0,0.0021891698574849627,-0.06519691570467234,0.3807528664494155,0.5275,outer_01,none,0.05,-1,row1061_entry1062_exit1067,True,5.0,0.000499875041651048,0.0064539307401103585,0.005954055698459311,0.0,-0.006953805781761406,0.005954055698459311,-0.006953805781761406,0.005954055698459311
1062,2015-02-19,1063,1068,2015-02-20,2015-02-27,0.0018619128459613776,1.0,-0.004184244920613089,-0.07547787103330794,0.46279709264734137,0.5275,outer_01,none,0.05,0,,False,5.0,0.0,0.0,0.0,0.0,0.0,0.0,0.0,0.0
1063,2015-02-20,1064,1069,2015-02-23,2015-03-02,0.009086758541077877,1.0,-0.004243434658982359,-0.07384877326706363,0.4151687220013652,0.5275,outer_01,none,0.05,0,,False,5.0,0.0,0.0,0.0,0.0,0.0,0.0,0.0,0.0
1064,2015-02-23,1065,1070,2015-02-24,2015-03-03,0.0030979447961199114,1.0,-0.0005244122333207812,-0.06463322702642316,0.3793231747842332,0.5275,outer_01,none,0.05,0,,False,5.0,0.0,0.0,0.0,0.0,0.0,0.0,0.0,0.0
1065,2015-02-24,1066,1071,2015-02-25,2015-03-04,0.002951117538719572,1.0,-0.0010163110453094149,-0.07422167416943637,0.39011894846623685,0.5275,outer_01,none,0.05,0,,False,5.0,0.0,0.0,0.0,0.0,0.0,0.0,0.0,0.0
1066,2015-02-25,1067,1072,2015-02-26,2015-03-05,-0.00367580208634255,0.0,0.003909634313833621,-0.0644679505326895,0.32423379171297967,0.5275,outer_01,none,0.05,-1,row1066_entry1067_exit1072,True,5.0,0.000499875041651048,0.00367580208634255,0.003175927044691502,0.0,-0.0041756771279935975,0.003175927044691502,-0.0041756771279935975,0.003175927044691502
1067,2015-02-26,1068,1073,2015-02-27,2015-03-06,-0.008702061025175567,0.0,0.0038199770518634324,-0.03907374232672556,0.2022572299762763,0.5275,outer_01,none,0.05,0,,False,5.0,0.0,-0.0,-0.0,0.0,-0.0,-0.0,-0.0,-0.0
1068,2015-02-27,1069,1074,2015-03-02,2015-03-09,-0.0380591357080462,0.0,0.0030224227145518867,-0.05672222240731006,0.2895807218534412,0.5275,outer_01,none,0.05,0,,False,5.0,0.0,-0.0,-0.0,0.0,-0.0,-0.0,-0.0,-0.0
1069,2015-03-02,1070,1075,2015-03-03,2015-03-10,-0.03745395429767484,0.0,-0.004951303113583272,-0.05496655032160813,0.31800811222538716,0.5275,outer_01,none,0.05,0,,False,5.0,0.0,-0.0,-0.0,0.0,-0.0,-0.0,-0.0,-0.0
1070,2015-03-03,1071,1076,2015-03-04,2015-03-11,-0.03575204080406369,0.0,-0.0028130580871268407,-0.045857657233232096,0.27889046972406883,0.5275,outer_01,none,0.05,0,,False,5.0,0.0,-0.0,-0.0,0.0,-0.0,-0.0,-0.0,-0.0
1071,2015-03-04,1072,1077,2015-03-05,2015-03-12,-0.03847281543548675,0.0,-0.002720999544457925,-0.056043561479453885,0.3644771318623427,0.5275,outer_01,none,0.05,-1,row1071_entry1072_exit1077,True,5.0,0.000499875041651048,0.03847281543548675,0.037972940393835704,0.0,-0.0389726904771378,0.037972940393835704,0.037972940393835704,0.037972940393835704
1072,2015-03-05,1073,1078,2015-03-06,2015-03-13,-0.03819911820281341,0.0,-0.001384140969753922,-0.053646860241172156,0.3089479331790001,0.5275,outer_01,none,0.05,0,,False,5.0,0.0,-0.0,-0.0,0.0,-0.0,-0.0,-0.0,-0.0
1073,2015-03-06,1074,1079,2015-03-09,2015-03-16,-0.01018415820919305,0.0,-0.026497999445852294,-0.05499979920349585,0.1976212670716315,0.5275,outer_01,none,0.05,0,,False,5.0,0.0,-0.0,-0.0,0.0,-0.0,-0.0,-0.0,-0.0
1074,2015-03-09,1075,1080,2015-03-10,2015-03-17,-0.0059753221566083425,0.0,-0.00045420850664967816,-0.06042896124454167,0.2539925832778355,0.5275,outer_01,none,0.05,0,,False,5.0,0.0,-0.0,-0.0,0.0,-0.0,-0.0,-0.0,-0.0
1075,2015-03-10,1076,1081,2015-03-11,2015-03-18,-0.011272867097270378,0.0,-0.004269344136221598,-0.05980444366668003,0.2015091762605898,0.5275,outer_01,none,0.05,0,,False,5.0,0.0,-0.0,-0.0,0.0,-0.0,-0.0,-0.0,-0.0
1076,2015-03-11,1077,1082,2015-03-12,2015-03-19,0.010978949106106306,1.0,-0.006217475535336803,-0.052929992086377275,0.2512337484576515,0.5275,outer_01,none,0.05,-1,row1076_entry1077_exit1082,True,5.0,0.000499875041651048,-0.010978949106106306,-0.011478824147757354,0.0,0.010479074064455259,-0.011478824147757354,-0.011478824147757354,-0.011478824147757354
1077,2015-03-12,1078,1083,2015-03-13,2015-03-20,0.014212214442435922,1.0,-0.0007885786495878122,-0.05780983026033404,0.26651409960456474,0.5275,outer_01,none,0.05,0,,False,5.0,0.0,0.0,0.0,0.0,0.0,0.0,0.0,0.0
1078,2015-03-13,1079,1084,2015-03-16,2015-03-23,0.02486381968939,1.0,0.004031670469447413,-0.05934288636859186,0.46510989477089343,0.5275,outer_01,none,0.05,0,,False,5.0,0.0,0.0,0.0,0.0,0.0,0.0,0.0,0.0
1079,2015-03-16,1080,1085,2015-03-17,2015-03-24,0.029803290207783384,1.0,-0.003165134306665429,-0.06397156645682678,0.47192984594148946,0.5275,outer_01,none,0.05,0,,False,5.0,0.0,0.0,0.0,0.0,0.0,0.0,0.0,0.0
1080,2015-03-17,1081,1086,2015-03-18,2015-03-25,0.03656959777753599,1.0,-0.004583818839645204,-0.05084158958592511,0.4517881597110437,0.5275,outer_01,none,0.05,0,,False,5.0,0.0,0.0,0.0,0.0,0.0,0.0,0.0,0.0
1081,2015-03-18,1082,1087,2015-03-19,2015-03-26,0.023218963977986284,1.0,0.01570389725057364,-0.03732686219283643,0.16982653503957035,0.5275,outer_01,none,0.05,-1,row1081_entry1082_exit1087,True,5.0,0.000499875041651048,-0.023218963977986284,-0.023718839019637332,0.0,0.022719088936335237,-0.023718839019637332,0.022719088936335237,-0.023718839019637332
1082,2015-03-19,1083,1088,2015-03-20,2015-03-27,0.02834739997635971,1.0,0.0028910653775851003,-0.03025155189463824,0.2132298875284403,0.5275,outer_01,none,0.05,0,,False,5.0,0.0,0.0,0.0,0.0,0.0,0.0,0.0,0.0
1083,2015-03-20,1084,1089,2015-03-23,2015-03-30,0.009726535755016918,1.0,0.009698209908714617,-0.016309907326941264,0.10673679474603391,0.5275,outer_01,none,0.05,0,,False,5.0,0.0,0.0,0.0,0.0,0.0,0.0,0.0,0.0
1084,2015-03-23,1085,1090,2015-03-24,2015-03-31,-0.0029718704653411976,0.0,0.005987688348215947,-0.009797806745404536,0.1003427013444861,0.5275,outer_01,none,0.05,0,,False,5.0,0.0,-0.0,-0.0,0.0,-0.0,-0.0,-0.0,-0.0
1085,2015-03-24,1086,1091,2015-03-25,2015-04-01,-0.007087750742059917,0.0,0.00317324667513752,-0.005608249024957601,0.0932872781218552,0.5275,outer_01,none,0.05,0,,False,5.0,0.0,-0.0,-0.0,0.0,-0.0,-0.0,-0.0,-0.0
1086,2015-03-25,1087,1092,2015-03-26,2015-04-02,0.007253174826726827,1.0,0.001733472780171219,-0.007784410558620003,0.10490598812127587,0.5275,outer_01,none,0.05,-1,row1086_entry1087_exit1092,True,5.0,0.000499875041651048,-0.007253174826726827,-0.0077530498683778745,0.0,0.0067532997850757795,-0.0077530498683778745,0.0067532997850757795,-0.0077530498683778745
1087,2015-03-26,1088,1093,2015-03-27,2015-04-03,-0.0024192252823613813,0.0,0.007809316641932185,-0.0037950709685512507,0.0855407087231075,0.5275,outer_01,none,0.05,0,,False,5.0,0.0,-0.0,-0.0,0.0,-0.0,-0.0,-0.0,-0.0
1088,2015-03-27,1089,1094,2015-03-30,2015-04-06,0.015126499034018082,1.0,-0.005369129241540094,-0.012186622924643231,0.15405073914254605,0.5275,outer_01,none,0.05,0,,False,5.0,0.0,0.0,0.0,0.0,0.0,0.0,0.0,0.0
1089,2015-03-30,1090,1095,2015-03-31,2015-04-07,0.023761844466707593,1.0,-0.010471212008158481,-0.01770653181921844,0.23655304349339304,0.5275,outer_01,none,0.05,0,,False,5.0,0.0,0.0,0.0,0.0,0.0,0.0,0.0,0.0
1090,2015-03-31,1091,1096,2015-04-01,2015-04-08,0.020675833194295556,1.0,-0.0017221152501418757,-0.016615588982233476,0.233995381369002,0.5275,outer_01,none,0.05,0,,False,5.0,0.0,0.0,0.0,0.0,0.0,0.0,0.0,0.0
1091,2015-04-01,1092,1097,2015-04-02,2015-04-09,-0.0008642827407223663,0.0,0.017230324374629014,0.003335734936853463,0.1263429853842552,0.5275,outer_01,none,0.05,-1,row1091_entry1092_exit1097,True,5.0,0.000499875041651048,0.0008642827407223663,0.0003644076990713184,0.0,-0.0013641577823734143,0.0003644076990713184,-0.0013641577823734143,-0.0013641577823734143
1092,2015-04-02,1093,1098,2015-04-03,2015-04-10,-0.005692836743538265,0.0,-0.0017205485062810055,0.0029993274003263792,0.10418526271365763,0.5275,outer_01,none,0.05,0,,False,5.0,0.0,-0.0,-0.0,0.0,-0.0,-0.0,-0.0,-0.0
1093,2015-04-03,1094,1099,2015-04-06,2015-04-13,-0.007008477624138365,0.0,-0.0020235589052761682,0.027473767940902505,0.7810818898289427,0.5275,outer_01,none,0.05,0,,False,5.0,0.0,-0.0,-0.0,0.0,-0.0,-0.0,-0.0,-0.0
1094,2015-04-06,1095,1100,2015-04-07,2015-04-14,-0.012952378930225272,0.0,0.012220381321268015,0.0401483577688202,0.016412280389105922,0.5275,outer_01,none,0.05,0,,False,5.0,0.0,-0.0,-0.0,0.0,-0.0,-0.0,-0.0,-0.0
1095,2015-04-07,1096,1101,2015-04-08,2015-04-15,-0.013093313159767028,0.0,-0.004522765931829653,0.03989493597321214,0.30087192440800287,0.5275,outer_01,none,0.05,0,,False,5.0,0.0,-0.0,-0.0,0.0,-0.0,-0.0,-0.0,-0.0
1096,2015-04-08,1097,1102,2015-04-09,2015-04-16,-0.000349249117954642,0.0,-0.005707332970168899,0.040405078538380046,0.3334923444751146,0.5275,outer_01,none,0.05,-1,row1096_entry1097_exit1102,True,5.0,0.000499875041651048,0.000349249117954642,-0.00015062592369640597,0.0,-0.0008491241596056899,-0.00015062592369640597,-0.00015062592369640597,-0.0008491241596056899
1097,2015-04-09,1098,1103,2015-04-10,2015-04-17,0.0036181212726056344,1.0,-0.006577158983661846,0.03461649820430601,0.3909548808469422,0.5275,outer_01,none,0.05,0,,False,5.0,0.0,0.0,0.0,0.0,0.0,0.0,0.0,0.0
1098,2015-04-10,1099,1104,2015-04-13,2015-04-20,-0.0015420075679042355,0.0,0.010902127228181513,0.04148695496304011,0.3318480444587242,0.5275,outer_01,none,0.05,0,,False,5.0,0.0,-0.0,-0.0,0.0,-0.0,-0.0,-0.0,-0.0
1099,2015-04-13,1100,1105,2015-04-14,2015-04-21,-0.001911862894875327,0.0,-0.0073577731620178,0.03729431610768774,0.33981701755311366,0.5275,outer_01,none,0.05,0,,False,5.0,0.0,-0.0,-0.0,0.0,-0.0,-0.0,-0.0,-0.0
1100,2015-04-14,1101,1106,2015-04-15,2015-04-22,0.008082808845055744,1.0,-0.005094774456774864,0.03678336049055808,0.3732331433785447,0.5275,outer_01,none,0.05,0,,False,5.0,0.0,0.0,0.0,0.0,0.0,0.0,0.0,0.0
1101,2015-04-15,1102,1107,2015-04-16,2015-04-23,-0.012419089280122364,0.0,0.008393760262393357,0.0294732235023778,0.2677207480615089,0.5275,outer_01,none,0.05,-1,row1101_entry1102_exit1107,True,5.0,0.000499875041651048,0.012419089280122364,0.011919214238471317,0.0,-0.012918964321773412,0.011919214238471317,-0.012918964321773412,-0.012918964321773412
1102,2015-04-16,1103,1108,2015-04-17,2015-04-24,-0.004087011267882801,0.0,-0.003432507181754474,0.023149650943038225,0.26117811016997283,0.5275,outer_01,none,0.05,0,,False,5.0,0.0,-0.0,-0.0,0.0,-0.0,-0.0,-0.0,-0.0
1103,2015-04-17,1104,1109,2015-04-20,2015-04-27,-0.021595669922689353,0.0,0.0050281063269039805,0.01847954736122759,0.17397151436174826,0.5275,outer_01,none,0.05,0,,False,5.0,0.0,-0.0,-0.0,0.0,-0.0,-0.0,-0.0,-0.0
1104,2015-04-20,1105,1110,2015-04-21,2015-04-28,0.004277840588734705,1.0,-0.007150149630898994,0.005341709382112647,0.22210701311920095,0.5275,outer_01,none,0.05,0,,False,5.0,0.0,0.0,0.0,0.0,0.0,0.0,0.0,0.0
1105,2015-04-21,1106,1111,2015-04-22,2015-04-29,0.008050999745720766,1.0,0.005305007979047538,0.007473470686022665,0.1905102537119587,0.5275,outer_01,none,0.05,0,,False,5.0,0.0,0.0,0.0,0.0,0.0,0.0,0.0,0.0
1106,2015-04-22,1107,1112,2015-04-23,2015-04-30,0.014911053987667344,1.0,-0.012700417266551689,-0.006960419360700243,0.14006813616756592,0.5275,outer_01,none,0.05,-1,row1106_entry1107_exit1112,True,5.0,0.000499875041651048,-0.014911053987667344,-0.015410929029318392,0.0,0.014411178946016297,-0.015410929029318392,-0.015410929029318392,-0.015410929029318392
1107,2015-04-23,1108,1113,2015-04-24,2015-05-01,-0.007971184653345453,0.0,0.005813481433323275,-0.008956254569309152,0.11221879555383305,0.5275,outer_01,none,0.05,0,,False,5.0,0.0,-0.0,-0.0,0.0,-0.0,-0.0,-0.0,-0.0
1108,2015-04-24,1109,1114,2015-04-27,2015-05-04,0.000296681827872014,1.0,-0.01227133357221355,-0.015858458899982608,0.15342543726873686,0.5275,outer_01,none,0.05,0,,False,5.0,0.0,0.0,0.0,0.0,0.0,0.0,0.0,0.0
1109,2015-04-27,1110,1115,2015-04-28,2015-05-05,-0.011271755736111722,0.0,0.018941948850818235,0.013554701958994109,0.13385334293517584,0.5275,outer_01,none,0.05,0,,False,5.0,0.0,-0.0,-0.0,0.0,-0.0,-0.0,-0.0,-0.0
1110,2015-04-28,1111,1116,2015-04-29,2015-05-06,-0.015630904308006066,0.0,0.008509279341271103,0.023786096550407088,0.15738175309213426,0.5275,outer_01,none,0.05,0,,False,5.0,0.0,-0.0,-0.0,0.0,-0.0,-0.0,-0.0,-0.0
1111,2015-04-29,1112,1117,2015-04-30,2015-05-07,-0.011565163449464677,0.0,-0.0059082166750794585,0.0006475555006986156,0.13035084575106443,0.5275,outer_01,none,0.05,-1,row1111_entry1112_exit1117,True,5.0,0.000499875041651048,0.011565163449464677,0.01106528840781363,0.0,-0.012065038491115725,0.01106528840781363,0.01106528840781363,-0.012065038491115725
1112,2015-04-30,1113,1118,2015-05-01,2015-05-08,-0.00033773800295655576,0.0,-0.01753997639424032,-0.015171872387260699,0.11346677756965945,0.5275,outer_01,none,0.05,0,,False,5.0,0.0,-0.0,-0.0,0.0,-0.0,-0.0,-0.0,-0.0
1113,2015-05-01,1114,1119,2015-05-04,2015-05-11,0.007388582628053975,1.0,-0.004715612136684477,-0.017863925618669008,0.17808590946323274,0.5275,outer_01,none,0.05,0,,False,5.0,0.0,0.0,0.0,0.0,0.0,0.0,0.0,0.0
1114,2015-05-04,1115,1120,2015-05-05,2015-05-12,-0.003777216436336772,0.0,0.008349297239279352,-0.02173500970065767,0.2131636217421865,0.5275,outer_01,none,0.05,0,,False,5.0,0.0,-0.0,-0.0,0.0,-0.0,-0.0,-0.0,-0.0
1115,2015-05-05,1116,1121,2015-05-06,2015-05-13,-1.675940202439108e-05,0.0,0.00382175165198273,-0.013390492116845287,0.2679448355401722,0.5275,outer_01,none,0.05,0,,False,5.0,0.0,-0.0,-0.0,0.0,-0.0,-0.0,-0.0,-0.0
1116,2015-05-06,1117,1122,2015-05-07,2015-05-14,0.019637886188268006,1.0,-0.0006876771878321364,-0.008370836334508525,0.19949599809280488,0.5275,outer_01,none,0.05,-1,row1116_entry1117_exit1122,True,5.0,0.000499875041651048,-0.019637886188268006,-0.020137761229919053,0.0,0.019138011146616958,-0.020137761229919053,-0.020137761229919053,-0.020137761229919053
1117,2015-05-07,1118,1123,2015-05-08,2015-05-15,0.030808764251980314,1.0,-0.006556627857779773,-0.008350305208626452,0.21026075023544516,0.5275,outer_01,none,0.05,0,,False,5.0,0.0,0.0,0.0,0.0,0.0,0.0,0.0,0.0
1118,2015-05-08,1119,1124,2015-05-11,2015-05-18,0.02910194680415934,1.0,0.0035067051023798257,-0.01574572733442814,0.2489797860367721,0.5275,outer_01,none,0.05,0,,False,5.0,0.0,0.0,0.0,0.0,0.0,0.0,0.0,0.0
1119,2015-05-11,1120,1125,2015-05-12,2015-05-19,0.034431052795825146,1.0,-0.00397970205361009,-0.01236765622602043,0.33696739426718053,0.5275,outer_01,none,0.05,0,,False,5.0,0.0,0.0,0.0,0.0,0.0,0.0,0.0,0.0
1120,2015-05-12,1121,1126,2015-05-13,2015-05-20,0.012640266888054974,1.0,0.00840450660972003,0.0011316248404744655,0.249897860950288,0.5275,outer_01,none,0.05,0,,False,5.0,0.0,0.0,0.0,0.0,0.0,0.0,0.0,0.0
1121,2015-05-13,1122,1127,2015-05-14,2015-05-21,-0.004784540243168323,0.0,0.018295977161775667,0.011033841739856776,0.2629730210463265,0.5275,outer_01,none,0.05,-1,row1121_entry1122_exit1127,True,5.0,0.000499875041651048,0.004784540243168323,0.004284665201517275,0.0,-0.00528441528481937,0.004284665201517275,-0.00528441528481937,-0.00528441528481937
1122,2015-05-14,1123,1128,2015-05-15,2015-05-22,-0.012301028034098493,0.0,0.004243711607735179,0.01871006052934643,0.3187429462619598,0.5275,outer_01,none,0.05,0,,False,5.0,0.0,-0.0,-0.0,0.0,-0.0,-0.0,-0.0,-0.0
1123,2015-05-15,1124,1129,2015-05-18,2015-05-25,-0.015531766304062167,0.0,0.0023889009331972133,0.01607085513563966,0.3379608147934319,0.5275,outer_01,none,0.05,0,,False,5.0,0.0,-0.0,-0.0,0.0,-0.0,-0.0,-0.0,-0.0
1124,2015-05-18,1125,1130,2015-05-19,2015-05-26,-0.015470521603039522,0.0,0.0012820881007193918,0.024503092867258047,0.2572753499954386,0.5275,outer_01,none,0.05,0,,False,5.0,0.0,-0.0,-0.0,0.0,-0.0,-0.0,-0.0,-0.0
1125,2015-05-19,1126,1131,2015-05-20,2015-05-27,-0.01784084487447668,0.0,-0.014566756268744818,0.004631328619465691,0.30475498285329505,0.5275,outer_01,none,0.05,0,,False,5.0,0.0,-0.0,-0.0,0.0,-0.0,-0.0,-0.0,-0.0
1126,2015-05-20,1127,1132,2015-05-21,2015-05-28,-0.01830029166794045,0.0,0.0017456992813231764,0.019077445167340557,0.3940162406909101,0.5275,outer_01,none,0.05,-1,row1126_entry1127_exit1132,True,5.0,0.000499875041651048,0.01830029166794045,0.017800416626289402,0.0,-0.018800166709591497,0.017800416626289402,-0.018800166709591497,-0.018800166709591497
1127,2015-05-21,1128,1133,2015-05-22,2015-05-29,-0.015404840786576557,0.0,-0.0030714868689383223,0.010192476865078959,0.37395940971975095,0.5275,outer_01,none,0.05,0,,False,5.0,0.0,-0.0,-0.0,0.0,-0.0,-0.0,-0.0,-0.0
1128,2015-05-22,1129,1134,2015-05-25,2015-06-01,-0.012031789790198033,0.0,0.00019069017464445892,0.022654500611936967,0.36091543158039796,0.5275,outer_01,none,0.05,0,,False,5.0,0.0,-0.0,-0.0,0.0,-0.0,-0.0,-0.0,-0.0
1129,2015-05-25,1130,1135,2015-05-26,2015-06-02,-0.01449349130706512,0.0,0.0002403836202580223,0.003952935381376754,0.32273168791628337,0.5275,outer_01,none,0.05,0,,False,5.0,0.0,-0.0,-0.0,0.0,-0.0,-0.0,-0.0,-0.0
1130,2015-05-26,1131,1136,2015-05-27,2015-06-03,0.005158678252478843,1.0,-0.016184300484502145,-0.020740644444396494,0.18295117153044038,0.5275,outer_01,none,0.05,0,,False,5.0,0.0,0.0,0.0,0.0,0.0,0.0,0.0,0.0
1131,2015-05-27,1132,1137,2015-05-28,2015-06-04,-0.0018460532168464994,0.0,0.0006736388540167226,-0.014158788915300313,0.2414342700859841,0.5275,outer_01,none,0.05,-1,row1131_entry1132_exit1137,True,5.0,0.000499875041651048,0.0018460532168464994,0.0013461781751954514,0.0,-0.0023459282584975473,0.0013461781751954514,-0.0023459282584975473,0.0013461781751954514
1132,2015-05-28,1133,1138,2015-05-29,2015-06-05,-0.009040345379255577,0.0,0.00012625678120858908,0.0035074442601485956,0.15251188953048356,0.5275,outer_01,none,0.05,0,,False,5.0,0.0,-0.0,-0.0,0.0,-0.0,-0.0,-0.0,-0.0
1133,2015-05-29,1134,1139,2015-06-01,2015-06-08,-0.017361532484791553,0.0,0.0019255434677063477,0.01014859986453942,0.13953603775057696,0.5275,outer_01,none,0.05,0,,False,5.0,0.0,-0.0,-0.0,0.0,-0.0,-0.0,-0.0,-0.0
1134,2015-06-01,1135,1140,2015-06-02,2015-06-09,-0.01272015830755091,0.0,-0.0010674198452536032,0.0007318827800064653,0.1284620632556924,0.5275,outer_01,none,0.05,0,,False,5.0,0.0,-0.0,-0.0,0.0,-0.0,-0.0,-0.0,-0.0
1135,2015-06-02,1136,1141,2015-06-03,2015-06-10,-0.013940683474135795,0.0,0.0030395670611005343,-5.030181087573027e-05,0.11939853668367321,0.5275,outer_01,none,0.05,0,,False,5.0,0.0,-0.0,-0.0,0.0,-0.0,-0.0,-0.0,-0.0
1136,2015-06-03,1137,1142,2015-06-04,2015-06-11,0.0010793855297199784,1.0,-0.006695909067757633,-0.006058533690801227,0.20964027738018953,0.5275,outer_01,none,0.05,-1,row1136_entry1137_exit1142,True,5.0,0.000499875041651048,-0.0010793855297199784,-0.0015792605713710263,0.0,0.0005795104880689304,-0.0015792605713710263,-0.0015792605713710263,-0.0015792605713710263
1137,2015-06-04,1138,1143,2015-06-05,2015-06-12,0.0038747743330720397,1.0,-0.007097995276276414,-0.006599901109297868,0.17876582787306677,0.5275,outer_01,none,0.05,0,,False,5.0,0.0,0.0,0.0,0.0,0.0,0.0,0.0,0.0
1138,2015-06-05,1139,1144,2015-06-08,2015-06-15,0.010365078022829266,1.0,-0.004182377952901994,-0.014288984164579688,0.1943825200842689,0.5275,outer_01,none,0.05,0,,False,5.0,0.0,0.0,0.0,0.0,0.0,0.0,0.0,0.0
1139,2015-06-08,1140,1145,2015-06-09,2015-06-16,0.009831504154094617,1.0,0.0019272593694044104,-0.008382022741565187,0.1717680927951398,0.5275,outer_01,none,0.05,0,,False,5.0,0.0,0.0,0.0,0.0,0.0,0.0,0.0,0.0
1140,2015-06-09,1141,1146,2015-06-10,2015-06-17,0.004248343305659041,1.0,0.0025610823291808416,-0.014225447022104376,0.14521981302541606,0.5275,outer_01,none,0.05,0,,False,5.0,0.0,0.0,0.0,0.0,0.0,0.0,0.0,0.0
1141,2015-06-10,1142,1147,2015-06-11,2015-06-18,-0.00192346688174716,0.0,0.007669424380447154,-0.02485199980343289,0.1179322316101131,0.5275,outer_01,none,0.05,-1,row1141_entry1142_exit1147,True,5.0,0.000499875041651048,0.00192346688174716,0.0014235918400961121,0.0,-0.002423341923398208,0.0014235918400961121,-0.002423341923398208,0.0014235918400961121
1142,2015-06-11,1143,1148,2015-06-12,2015-06-19,0.01708252867850124,1.0,-0.003218057669905683,-0.03231376908107375,0.15858138949405967,0.5275,outer_01,none,0.05,0,,False,5.0,0.0,0.0,0.0,0.0,0.0,0.0,0.0,0.0
1143,2015-06-12,1144,1149,2015-06-15,2015-06-22,0.01554465887550105,1.0,-0.0004823334879482388,-0.0351850035022192,0.20864900306681203,0.5275,outer_01,none,0.05,0,,False,5.0,0.0,0.0,0.0,0.0,0.0,0.0,0.0,0.0
1144,2015-06-15,1145,1150,2015-06-16,2015-06-23,-2.5302043141550712e-05,0.0,0.003919619138967434,-0.03254747246397116,0.19836337422761768,0.5275,outer_01,none,0.05,0,,False,5.0,0.0,-0.0,-0.0,0.0,-0.0,-0.0,-0.0,-0.0
1145,2015-06-16,1146,1151,2015-06-17,2015-06-24,-0.0027793095041985794,0.0,-0.003437285651019195,-0.021418001846245538,0.1969482413130355,0.5275,outer_01,none,0.05,0,,False,5.0,0.0,-0.0,-0.0,0.0,-0.0,-0.0,-0.0,-0.0
1146,2015-06-17,1147,1152,2015-06-18,2015-06-25,-0.007918315290770472,0.0,0.002349104956275383,-0.02081459617129333,0.15587695680787608,0.5275,outer_01,none,0.05,-1,row1146_entry1147_exit1152,True,5.0,0.000499875041651048,0.007918315290770472,0.007418440249119425,0.0,-0.00841819033242152,0.007418440249119425,-0.00841819033242152,0.007418440249119425
1147,2015-06-18,1148,1153,2015-06-19,2015-06-26,-0.023875398537830606,0.0,0.01435437359491587,-0.003388735707439139,0.10925069987577098,0.5275,outer_01,none,0.05,0,,False,5.0,0.0,-0.0,-0.0,0.0,-0.0,-0.0,-0.0,-0.0
1148,2015-06-19,1149,1154,2015-06-22,2015-06-29,-0.012099320602795949,0.0,-0.0014653603161631779,-0.005044786198246776,0.1821048282432462,0.5275,outer_01,none,0.05,0,,False,5.0,0.0,-0.0,-0.0,0.0,-0.0,-0.0,-0.0,-0.0
1149,2015-06-22,1150,1155,2015-06-23,2015-06-30,-0.004751245358505685,0.0,-0.01207909169562793,-0.01736426151413273,0.13594060666973848,0.5275,outer_01,none,0.05,0,,False,5.0,0.0,-0.0,-0.0,0.0,-0.0,-0.0,-0.0,-0.0
1150,2015-06-23,1151,1156,2015-06-24,2015-07-01,-0.003714963998765697,0.0,-0.006226227710354415,-0.007406188739984998,0.10971066330550096,0.5275,outer_01,none,0.05,0,,False,5.0,0.0,-0.0,-0.0,0.0,-0.0,-0.0,-0.0,-0.0
1151,2015-06-24,1152,1157,2015-06-25,2015-07-02,-0.005573517669232864,0.0,-0.0028468378981871822,-0.010926665492188903,0.12679439138899629,0.5275,outer_01,none,0.05,-1,row1151_entry1152_exit1157,True,5.0,0.000499875041651048,0.005573517669232864,0.005073642627581816,0.0,-0.006073392710883911,0.005073642627581816,0.005073642627581816,0.005073642627581816
1152,2015-06-25,1153,1158,2015-06-26,2015-07-03,-0.006865064428936307,0.0,-0.001984829066175031,-0.013037751339572523,0.07623454707862376,0.5275,outer_01,none,0.05,0,,False,5.0,0.0,-0.0,-0.0,0.0,-0.0,-0.0,-0.0,-0.0
1153,2015-06-26,1154,1159,2015-06-29,2015-07-06,-0.012085379787180273,0.0,0.0020784361293220144,-0.012884858677956856,0.11102753164257108,0.5275,outer_01,none,0.05,0,,False,5.0,0.0,-0.0,-0.0,0.0,-0.0,-0.0,-0.0,-0.0
1154,2015-06-29,1155,1160,2015-06-30,2015-07-07,-0.00826257588539292,0.0,0.003516673830207928,-0.008300765002495325,0.15569737485805538,0.5275,outer_01,none,0.05,0,,False,5.0,0.0,-0.0,-0.0,0.0,-0.0,-0.0,-0.0,-0.0
1155,2015-06-30,1156,1161,2015-07-01,2015-07-08,-0.017951921266239346,0.0,-0.006371371743734144,-0.017711703807330004,0.20594451865341812,0.5275,outer_01,none,0.05,0,,False,5.0,0.0,-0.0,-0.0,0.0,-0.0,-0.0,-0.0,-0.0
1156,2015-07-01,1157,1162,2015-07-02,2015-07-09,-0.007965910054863024,0.0,-0.0028628705496771545,-0.013878665289249525,0.21752533171698438,0.5275,outer_01,none,0.05,-1,row1156_entry1157_exit1162,True,5.0,0.000499875041651048,0.007965910054863024,0.007466035013211976,0.0,-0.008465785096514071,0.007466035013211976,0.007466035013211976,0.007466035013211976
1157,2015-07-02,1158,1163,2015-07-03,2015-07-10,-0.005203619002750237,0.0,-0.00244204550458349,-0.009222715517556601,0.21677804188989094,0.5275,outer_01,none,0.05,0,,False,5.0,0.0,-0.0,-0.0,0.0,-0.0,-0.0,-0.0,-0.0
1158,2015-07-03,1159,1164,2015-07-06,2015-07-13,-0.007941002782704487,0.0,0.002527623110687216,-0.0025127144539673907,0.22724428993798396,0.5275,outer_01,none,0.05,0,,False,5.0,0.0,-0.0,-0.0,0.0,-0.0,-0.0,-0.0,-0.0
1159,2015-07-06,1160,1165,2015-07-07,2015-07-14,-0.010530933948810883,0.0,0.0012571464435175983,-0.003182827379854203,0.11562894390446501,0.5275,outer_01,none,0.05,0,,False,5.0,0.0,-0.0,-0.0,0.0,-0.0,-0.0,-0.0,-0.0
1160,2015-07-07,1161,1166,2015-07-08,2015-07-15,0.002078912784768683,1.0,-0.011440779081988595,-0.01718468879102364,0.19902226176293483,0.5275,outer_01,none,0.05,0,,False,5.0,0.0,0.0,0.0,0.0,0.0,0.0,0.0,0.0
1161,2015-07-08,1162,1167,2015-07-09,2015-07-16,-0.008717181841555899,0.0,0.0005704063003060256,-0.024283706871164767,0.16379288794920868,0.5275,outer_01,none,0.05,-1,row1161_entry1162_exit1167,True,5.0,0.000499875041651048,0.008717181841555899,0.008217306799904851,0.0,-0.009217056883206946,0.008217306799904851,-0.009217056883206946,0.008217306799904851
1162,2015-07-09,1163,1168,2015-07-10,2015-07-17,-0.01262648515960052,0.0,0.0020111092474905945,-0.01905453995376849,0.17596729827268673,0.5275,outer_01,none,0.05,0,,False,5.0,0.0,-0.0,-0.0,0.0,-0.0,-0.0,-0.0,-0.0
1163,2015-07-10,1164,1169,2015-07-13,2015-07-20,-0.026290131268011052,0.0,0.0033228341783253512,-0.0152493722874949,0.17082493292251444,0.5275,outer_01,none,0.05,0,,False,5.0,0.0,-0.0,-0.0,0.0,-0.0,-0.0,-0.0,-0.0
1164,2015-07-13,1165,1170,2015-07-14,2015-07-21,-0.053027717146675535,0.0,-0.005005675210461469,-0.024174666636923803,0.2471475842217477,0.5275,outer_01,none,0.05,0,,False,5.0,0.0,-0.0,-0.0,0.0,-0.0,-0.0,-0.0,-0.0
1165,2015-07-14,1166,1171,2015-07-15,2015-07-22,-0.04693751371471677,0.0,-0.0021010500005775867,-0.022838430986482194,0.30939076854634423,0.5275,outer_01,none,0.05,0,,False,5.0,0.0,-0.0,-0.0,0.0,-0.0,-0.0,-0.0,-0.0
1166,2015-07-15,1167,1172,2015-07-16,2015-07-23,-0.04867572536437059,0.0,-0.005215463791826913,-0.03040299973458449,0.2457703263085735,0.5275,outer_01,none,0.05,-1,row1166_entry1167_exit1172,True,5.0,0.000499875041651048,0.04867572536437059,0.048175850322719545,0.0,-0.04917560040602164,0.048175850322719545,0.048175850322719545,0.048175850322719545
1167,2015-07-16,1168,1173,2015-07-17,2015-07-24,-0.048169003163345714,0.0,-0.003582374384255793,-0.048339747713756154,0.27840218182576937,0.5275,outer_01,none,0.05,0,,False,5.0,0.0,-0.0,-0.0,0.0,-0.0,-0.0,-0.0,-0.0
1168,2015-07-17,1169,1174,2015-07-20,2015-07-27,-0.033196653701472734,0.0,-0.009651483586821108,-0.056525870984414084,0.22859651948448573,0.5275,outer_01,none,0.05,0,,False,5.0,0.0,-0.0,-0.0,0.0,-0.0,-0.0,-0.0,-0.0
1169,2015-07-20,1170,1175,2015-07-21,2015-07-28,-0.0032650261113849055,0.0,-0.03364833582544868,-0.07809511511423484,0.14774002686141682,0.5275,outer_01,none,0.05,0,,False,5.0,0.0,-0.0,-0.0,0.0,-0.0,-0.0,-0.0,-0.0
1170,2015-07-21,1171,1176,2015-07-22,2015-07-29,-0.006888890854118479,0.0,0.0038405230994875694,-0.06802836430439285,0.31806638906699414,0.5275,outer_01,none,0.05,0,,False,5.0,0.0,-0.0,-0.0,0.0,-0.0,-0.0,-0.0,-0.0
1171,2015-07-22,1172,1177,2015-07-23,2015-07-30,0.0015338686619603692,1.0,-0.006296349157675962,-0.07147787556388163,0.40548950126215,0.5275,outer_01,none,0.05,-1,row1171_entry1172_exit1177,True,5.0,0.000499875041651048,-0.0015338686619603692,-0.002033743703611417,0.0,0.0010339936203093212,-0.002033743703611417,-0.002033743703611417,-0.002033743703611417
1172,2015-07-23,1173,1178,2015-07-24,2015-07-31,-0.0023671038815740175,0.0,-0.00309433380047075,-0.07258738029817735,0.5088043626635688,0.5275,outer_01,none,0.05,0,,False,5.0,0.0,-0.0,-0.0,0.0,-0.0,-0.0,-0.0,-0.0
1173,2015-07-24,1174,1179,2015-07-27,2015-08-03,0.00012777803148011913,1.0,0.007717955295392542,-0.06694786113210682,0.3779469028662008,0.5275,outer_01,none,0.05,0,,False,5.0,0.0,0.0,0.0,0.0,0.0,0.0,0.0,0.0
1174,2015-07-27,1175,1180,2015-07-28,2015-08-04,-0.008587208731421825,0.0,-0.0045139392989739235,-0.07497847426128867,0.7095944235436795,0.5275,outer_01,none,0.05,0,,False,5.0,0.0,-0.0,-0.0,0.0,-0.0,-0.0,-0.0,-0.0
1175,2015-07-28,1176,1181,2015-07-29,2015-08-05,-0.00712979559873439,0.0,0.0010048599522773927,-0.06760224256527714,0.7279079163038082,0.5275,outer_01,none,0.05,0,,False,5.0,0.0,-0.0,-0.0,0.0,-0.0,-0.0,-0.0,-0.0
1176,2015-07-29,1177,1182,2015-07-30,2015-08-06,-0.010353473840887695,0.0,0.0014142273605859401,-0.06332514465501404,0.6659524540428902,0.5275,outer_01,none,0.05,1,row1176_entry1177_exit1182,True,5.0,0.000499875041651048,-0.010353473840887695,-0.010853348882538742,0.0,-0.010853348882538742,0.009853598799236647,-0.010853348882538742,0.009853598799236647
1177,2015-07-30,1178,1183,2015-07-31,2015-08-07,0.0010282682849807045,1.0,-0.007550452058403323,-0.06843355120883388,0.7866667609175017,0.5275,outer_01,none,0.05,0,,False,5.0,0.0,0.0,0.0,0.0,0.0,0.0,0.0,0.0
1178,2015-07-31,1179,1184,2015-08-03,2015-08-10,-0.002448876386017318,0.0,0.006364461206607608,-0.06459671311291348,0.6325941789584728,0.5275,outer_01,none,0.05,0,,False,5.0,0.0,-0.0,-0.0,0.0,-0.0,-0.0,-0.0,-0.0
1179,2015-08-03,1180,1185,2015-08-04,2015-08-11,0.01735488654306394,1.0,-0.008083851660490637,-0.07393771121692172,0.7391670996553571,0.5275,outer_01,none,0.05,0,,False,5.0,0.0,0.0,0.0,0.0,0.0,0.0,0.0,0.0
1180,2015-08-04,1181,1186,2015-08-05,2015-08-12,0.019598649291551418,1.0,0.0008738565683685806,-0.061623075566564545,0.7088048263237818,0.5275,outer_01,none,0.05,0,,False,5.0,0.0,0.0,0.0,0.0,0.0,0.0,0.0,0.0
1181,2015-08-05,1182,1187,2015-08-06,2015-08-13,0.036600045453222485,1.0,-0.002614645336396215,-0.06480812720326679,0.6718420818508504,0.5275,outer_01,none,0.05,1,row1181_entry1182_exit1187,True,5.0,0.000499875041651048,0.036600045453222485,0.03610017041157144,0.0,0.03610017041157144,-0.03709992049487353,-0.03709992049487353,-0.03709992049487353
1182,2015-08-06,1183,1188,2015-08-07,2015-08-14,0.023049162059264994,1.0,0.0041948453951103915,-0.06262439105564699,0.582529551489082,0.5275,outer_01,none,0.05,0,,False,5.0,0.0,0.0,0.0,0.0,0.0,0.0,0.0,0.0
1183,2015-08-07,1184,1189,2015-08-10,2015-08-17,0.019622505365346044,1.0,0.004433256631110716,-0.061513968602861624,0.4481218194240583,0.5275,outer_01,none,0.05,0,,False,5.0,0.0,0.0,0.0,0.0,0.0,0.0,0.0,0.0
1184,2015-08-10,1185,1190,2015-08-11,2015-08-18,0.011774797115410074,1.0,0.009333279795358251,-0.047175013597041904,0.37194065389409153,0.5275,outer_01,none,0.05,0,,False,5.0,0.0,0.0,0.0,0.0,0.0,0.0,0.0,0.0
1185,2015-08-11,1186,1191,2015-08-12,2015-08-19,0.008235969368364238,1.0,0.003903889865737753,-0.041170073730726564,0.34133413271373764,0.5275,outer_01,none,0.05,0,,False,5.0,0.0,0.0,0.0,0.0,0.0,0.0,0.0,0.0
1186,2015-08-12,1187,1192,2015-08-13,2015-08-20,0.007260781349242684,1.0,0.013580422449602558,-0.022374187489297093,0.14536748333607843,0.5275,outer_01,none,0.05,-1,row1186_entry1187_exit1192,True,5.0,0.000499875041651048,-0.007260781349242684,-0.007760656390893732,0.0,0.006760906307591637,-0.007760656390893732,0.006760906307591637,-0.007760656390893732
1187,2015-08-13,1188,1193,2015-08-14,2015-08-21,0.034045015980215254,1.0,-0.007878557947864628,-0.026670371052905928,0.27876504942706515,0.5275,outer_01,none,0.05,0,,False,5.0,0.0,0.0,0.0,0.0,0.0,0.0,0.0,0.0
1188,2015-08-14,1189,1194,2015-08-17,2015-08-24,0.043551915203198455,1.0,-0.00024216224091500038,-0.01726104970699982,0.32754135352446817,0.5275,outer_01,none,0.05,0,,False,5.0,0.0,0.0,0.0,0.0,0.0,0.0,0.0,0.0
1189,2015-08-17,1190,1195,2015-08-18,2015-08-25,0.031770232448210756,1.0,0.00225790361856415,0.018645189737013013,0.4099340853763036,0.5275,outer_01,none,0.05,0,,False,5.0,0.0,0.0,0.0,0.0,0.0,0.0,0.0,0.0
1190,2015-08-18,1191,1196,2015-08-19,2015-08-26,0.019767550038515935,1.0,0.00013423839864845633,0.0149389050361739,0.4278279333649625,0.5275,outer_01,none,0.05,0,,False,5.0,0.0,0.0,0.0,0.0,0.0,0.0,0.0,0.0
1191,2015-08-19,1192,1197,2015-08-20,2015-08-27,-0.006701067410636696,0.0,0.014833640852072172,0.036068895045922034,0.32383513710760764,0.5275,outer_01,none,0.05,-1,row1191_entry1192_exit1197,True,5.0,0.000499875041651048,0.006701067410636696,0.006201192368985649,0.0,-0.007200942452287744,0.006201192368985649,-0.007200942452287744,-0.007200942452287744
1192,2015-08-20,1193,1198,2015-08-21,2015-08-28,-0.024877887162942258,0.0,0.015650264535230107,0.05481349338162289,0.23297200545378394,0.5275,outer_01,none,0.05,0,,False,5.0,0.0,-0.0,-0.0,0.0,-0.0,-0.0,-0.0,-0.0
1193,2015-08-21,1194,1199,2015-08-24,2015-08-31,-0.026588862751705022,0.0,0.007316409733126861,0.05441194781935721,0.18843807304077834,0.5275,outer_01,none,0.05,0,,False,5.0,0.0,-0.0,-0.0,0.0,-0.0,-0.0,-0.0,-0.0
1194,2015-08-24,1195,1200,2015-08-25,2015-09-01,-0.016494624580792205,0.0,-0.004811044429664513,0.05411484268866662,0.2562561841873664,0.5275,outer_01,none,0.05,0,,False,5.0,0.0,-0.0,-0.0,0.0,-0.0,-0.0,-0.0,-0.0
1195,2015-08-25,1196,1201,2015-08-26,2015-09-02,-0.0005350806915291884,0.0,-0.012607606868145993,0.040502375868243234,0.38619120468664936,0.5275,outer_01,none,0.05,0,,False,5.0,0.0,-0.0,-0.0,0.0,-0.0,-0.0,-0.0,-0.0
1196,2015-08-26,1197,1202,2015-08-27,2015-09-03,0.006895144530435715,1.0,-0.013888192431981139,0.025199956075676155,0.4924240914857519,0.5275,outer_01,none,0.05,0,,False,5.0,0.0,0.0,0.0,0.0,0.0,0.0,0.0,0.0
1197,2015-08-27,1198,1203,2015-08-28,2015-09-04,-0.0003199232211557046,0.0,-0.00018672226895155575,0.03256368586512792,0.44761169441689214,0.5275,outer_01,none,0.05,-1,row1197_entry1198_exit1203,True,5.0,0.000499875041651048,0.0003199232211557046,-0.00017995182049534335,0.0,-0.0008197982628067525,-0.00017995182049534335,-0.00017995182049534335,-0.0008197982628067525
1198,2015-08-28,1199,1204,2015-08-31,2015-09-07,-0.009553591867777378,0.0,0.008376993792965415,0.03457621845148573,0.39087973230361867,0.5275,outer_01,none,0.05,0,,False,5.0,0.0,-0.0,-0.0,0.0,-0.0,-0.0,-0.0,-0.0
1199,2015-08-31,1200,1205,2015-09-01,2015-09-08,-0.012799706407327527,0.0,0.000608269843723086,0.04326833995569945,0.45307490916718385,0.5275,outer_01,none,0.05,0,,False,5.0,0.0,-0.0,-0.0,0.0,-0.0,-0.0,-0.0,-0.0
1200,2015-09-01,1201,1206,2015-09-02,2015-09-09,-0.015981944079539012,0.0,0.004624834592601879,0.04701931797993275,0.4264640964438989,0.5275,outer_01,none,0.05,0,,False,5.0,0.0,-0.0,-0.0,0.0,-0.0,-0.0,-0.0,-0.0
1201,2015-09-02,1202,1207,2015-09-03,2015-09-10,-0.02383339181852051,0.0,-0.005444763313558809,0.04418920000277016,0.49762983752318907,0.5275,outer_01,none,0.05,0,,False,5.0,0.0,-0.0,-0.0,0.0,-0.0,-0.0,-0.0,-0.0
1202,2015-09-03,1203,1208,2015-09-04,2015-09-11,-0.012575519463357665,0.0,-0.007676374302879374,0.03231798030478039,0.5691371021994546,0.5275,outer_01,none,0.05,1,row1202_entry1203_exit1208,True,5.0,0.000499875041651048,-0.012575519463357665,-0.013075394505008713,0.0,-0.013075394505008713,0.012075644421706618,0.012075644421706618,-0.013075394505008713
1203,2015-09-04,1204,1209,2015-09-07,2015-09-14,-0.013943725599814272,0.0,-0.002473927150778543,0.025410796522891133,0.6207340721481309,0.5275,outer_01,none,0.05,0,,False,5.0,0.0,-0.0,-0.0,0.0,-0.0,-0.0,-0.0,-0.0
1204,2015-09-07,1205,1210,2015-09-08,2015-09-15,-0.010499773394458067,0.0,-0.0030250729141743093,0.013052443813358572,0.598777979085278,0.5275,outer_01,none,0.05,0,,False,5.0,0.0,-0.0,-0.0,0.0,-0.0,-0.0,-0.0,-0.0
1205,2015-09-08,1206,1211,2015-09-09,2015-09-16,-0.014711298590311728,0.0,0.0020801628777427084,0.011228716825363527,0.42462804990043723,0.5275,outer_01,none,0.05,0,,False,5.0,0.0,-0.0,-0.0,0.0,-0.0,-0.0,-0.0,-0.0
1206,2015-09-09,1207,1212,2015-09-10,2015-09-17,0.010987492566798984,1.0,-0.01249219788329814,-0.01484390350753717,0.45288721578051583,0.5275,outer_01,none,0.05,0,,False,5.0,0.0,0.0,0.0,0.0,0.0,0.0,0.0,0.0
1207,2015-09-10,1208,1213,2015-09-11,2015-09-18,0.017708577715943363,1.0,0.002723519530645646,-0.004241826029026896,0.4022788841710725,0.5275,outer_01,none,0.05,-1,row1207_entry1208_exit1213,True,5.0,0.000499875041651048,-0.017708577715943363,-0.01820845275759441,0.0,0.017208702674292316,-0.01820845275759441,0.017208702674292316,-0.01820845275759441
1208,2015-09-11,1209,1214,2015-09-14,2015-09-21,0.028196210348355955,1.0,-0.0024255551667842212,-0.006425218954896117,0.4850616137260533,0.5275,outer_01,none,0.05,0,,False,5.0,0.0,0.0,0.0,0.0,0.0,0.0,0.0,0.0
1209,2015-09-14,1210,1215,2015-09-15,2015-09-22,0.021844164336885186,1.0,0.0009835548628389645,-0.007699567710621302,0.5120375540511493,0.5275,outer_01,none,0.05,0,,False,5.0,0.0,0.0,0.0,0.0,0.0,0.0,0.0,0.0
1210,2015-09-15,1211,1216,2015-09-16,2015-09-23,0.017524640664220215,1.0,-0.0031887868538920117,-0.01102259296316177,0.5409381510324457,0.5275,outer_01,none,0.05,0,,False,5.0,0.0,0.0,0.0,0.0,0.0,0.0,0.0,0.0
1211,2015-09-16,1212,1217,2015-09-17,2015-09-24,0.010231518677651152,1.0,0.012506962646970265,-0.013349271168263677,0.2870940652080784,0.5275,outer_01,none,0.05,0,,False,5.0,0.0,0.0,0.0,0.0,0.0,0.0,0.0,0.0
1212,2015-09-17,1213,1218,2015-09-18,2015-09-25,0.01637447073866838,1.0,0.01171681943734626,-0.017282716266147524,0.28226630278755216,0.5275,outer_01,none,0.05,-1,row1212_entry1213_exit1218,True,5.0,0.000499875041651048,-0.01637447073866838,-0.016874345780319426,0.0,0.01587459569701733,-0.016874345780319426,0.01587459569701733,-0.016874345780319426
1213,2015-09-18,1214,1219,2015-09-21,2015-09-28,0.00544554934308028,1.0,0.005899514332583955,-0.01869961166669043,0.27643325151665876,0.5275,outer_01,none,0.05,0,,False,5.0,0.0,0.0,0.0,0.0,0.0,0.0,0.0,0.0
1214,2015-09-21,1215,1220,2015-09-22,2015-09-29,-0.0008300367811955311,0.0,-0.005052071616660214,-0.01894063885368613,0.3998055588569917,0.5275,outer_01,none,0.05,0,,False,5.0,0.0,-0.0,-0.0,0.0,-0.0,-0.0,-0.0,-0.0
1215,2015-09-22,1216,1221,2015-09-23,2015-09-30,0.002175796244793027,1.0,-0.007973110983188647,-0.014306142968728786,0.39474782798603025,0.5275,outer_01,none,0.05,0,,False,5.0,0.0,0.0,0.0,0.0,0.0,0.0,0.0,0.0
1216,2015-09-23,1217,1222,2015-09-24,2015-10-01,-0.013498076977235485,0.0,0.005039313678996571,0.004621363142248924,0.42844159919443797,0.5275,outer_01,none,0.05,0,,False,5.0,0.0,-0.0,-0.0,0.0,-0.0,-0.0,-0.0,-0.0
1217,2015-09-24,1218,1223,2015-09-25,2015-10-02,-0.031880315276857196,0.0,0.021016903460619574,0.025824988871820054,0.3136325123402743,0.5275,outer_01,none,0.05,-1,row1217_entry1218_exit1223,True,5.0,0.000499875041651048,0.031880315276857196,0.03138044023520615,0.0,-0.032380190318508244,0.03138044023520615,-0.032380190318508244,-0.032380190318508244
1218,2015-09-25,1219,1224,2015-09-28,2015-10-05,-0.007493100686982501,0.0,-0.0073232364996513866,0.010124758579203252,0.3431285010088251,0.5275,outer_01,none,0.05,0,,False,5.0,0.0,-0.0,-0.0,0.0,-0.0,-0.0,-0.0,-0.0
1219,2015-09-28,1220,1225,2015-09-29,2015-10-06,0.0031927493562324827,1.0,-0.01175745522949434,-0.002240966494014174,0.3106237918790581,0.5275,outer_01,none,0.05,0,,False,5.0,0.0,0.0,0.0,0.0,0.0,0.0,0.0,0.0
1220,2015-09-29,1221,1226,2015-09-30,2015-10-07,0.017307769195139322,1.0,-0.00447931063029916,-0.011345111716915213,0.3426287820823592,0.5275,outer_01,none,0.05,0,,False,5.0,0.0,0.0,0.0,0.0,0.0,0.0,0.0,0.0
1221,2015-09-30,1222,1227,2015-10-01,2015-10-08,0.02612671555409385,1.0,-0.011277878972658861,-0.017178227376015265,0.38799588273123514,0.5275,outer_01,none,0.05,0,,False,5.0,0.0,0.0,0.0,0.0,0.0,0.0,0.0,0.0
1222,2015-10-01,1223,1228,2015-10-02,2015-10-09,0.022625319152401957,1.0,-0.0008527866440815046,-0.010354639717217395,0.4066218123819905,0.5275,outer_01,none,0.05,-1,row1222_entry1223_exit1228,True,5.0,0.000499875041651048,-0.022625319152401957,-0.023125194194053005,0.0,0.02212544411075091,-0.023125194194053005,-0.023125194194053005,-0.023125194194053005
1223,2015-10-02,1224,1229,2015-10-05,2015-10-12,0.016618996210650216,1.0,0.02237865563181618,0.014497943065377328,0.38375228002022227,0.5275,outer_01,none,0.05,0,,False,5.0,0.0,0.0,0.0,0.0,0.0,0.0,0.0,0.0
1224,2015-10-05,1225,1230,2015-10-06,2015-10-13,0.02426233010640111,1.0,-0.0028933907572010753,0.014629625222350562,0.44021984343911774,0.5275,outer_01,none,0.05,0,,False,5.0,0.0,0.0,0.0,0.0,0.0,0.0,0.0,0.0
1225,2015-10-06,1226,1231,2015-10-07,2015-10-14,0.018272567696975273,1.0,0.010112248806112056,0.02266171115071991,0.49807322738929316,0.5275,outer_01,none,0.05,0,,False,5.0,0.0,0.0,0.0,0.0,0.0,0.0,0.0,0.0
1226,2015-10-07,1227,1232,2015-10-08,2015-10-15,0.03387127703226511,1.0,-0.0014396086751373716,0.03371430035888068,0.5435281935819313,0.5275,outer_01,none,0.05,0,,False,5.0,0.0,0.0,0.0,0.0,0.0,0.0,0.0,0.0
1227,2015-10-08,1228,1233,2015-10-09,2015-10-16,0.03714311379355539,1.0,-0.005471933947194252,0.02551884688104078,0.6204301574495855,0.5275,outer_01,none,0.05,1,row1227_entry1228_exit1233,True,5.0,0.000499875041651048,0.03714311379355539,0.036643238751904346,0.0,0.036643238751904346,-0.03764298883520644,-0.03764298883520644,0.036643238751904346
1228,2015-10-09,1229,1234,2015-10-12,2015-10-19,0.017759227144896528,1.0,0.01521200269473244,0.04315640474255744,0.6237569665052142,0.5275,outer_01,none,0.05,0,,False,5.0,0.0,0.0,0.0,0.0,0.0,0.0,0.0,0.0
1229,2015-10-12,1230,1235,2015-10-13,2015-10-20,0.0055624026548182215,1.0,0.0062491853192838676,0.048422035199002345,0.7627892564216587,0.5275,outer_01,none,0.05,0,,False,5.0,0.0,0.0,0.0,0.0,0.0,0.0,0.0,0.0
1230,2015-10-13,1231,1236,2015-10-14,2015-10-21,0.006919025840955939,1.0,0.0036966082225680097,0.055307430275462366,0.6711093432563571,0.5275,outer_01,none,0.05,0,,False,5.0,0.0,0.0,0.0,0.0,0.0,0.0,0.0,0.0
1231,2015-10-14,1232,1237,2015-10-15,2015-10-22,-0.014387024564590511,0.0,0.014018345150067724,0.056818812778559824,0.5818708665136744,0.5275,outer_01,none,0.05,0,,False,5.0,0.0,-0.0,-0.0,0.0,-0.0,-0.0,-0.0,-0.0
1232,2015-10-15,1233,1238,2015-10-16,2015-10-23,-0.013679591188608065,0.0,-0.00158832110712126,0.043513672234092304,0.5981359119357583,0.5275,outer_01,none,0.05,1,row1232_entry1233_exit1238,True,5.0,0.000499875041651048,-0.013679591188608065,-0.014179466230259112,0.0,-0.014179466230259112,0.013179716146957017,0.013179716146957017,-0.014179466230259112
1233,2015-10-16,1234,1239,2015-10-19,2015-10-26,-0.011661042440482383,0.0,-0.004712192596278975,0.032901965305229375,0.5760806604153291,0.5275,outer_01,none,0.05,0,,False,5.0,0.0,-0.0,-0.0,0.0,-0.0,-0.0,-0.0,-0.0
1234,2015-10-19,1235,1240,2015-10-20,2015-10-27,-0.005330375119843467,0.0,-0.0059130933066571245,0.032040943615232464,0.6062743293796928,0.5275,outer_01,none,0.05,0,,False,5.0,0.0,-0.0,-0.0,0.0,-0.0,-0.0,-0.0,-0.0
1235,2015-10-20,1236,1241,2015-10-21,2015-10-28,-0.007749793406583549,0.0,0.00524174987229209,0.0452558044707132,0.6937808201434937,0.5275,outer_01,none,0.05,0,,False,5.0,0.0,-0.0,-0.0,0.0,-0.0,-0.0,-0.0,-0.0
1236,2015-10-21,1237,1242,2015-10-22,2015-10-29,-0.00881729934916109,0.0,-0.008022916759196974,0.032193574032519656,0.5530303608699388,0.5275,outer_01,none,0.05,0,,False,5.0,0.0,-0.0,-0.0,0.0,-0.0,-0.0,-0.0,-0.0
1237,2015-10-22,1238,1243,2015-10-23,2015-10-30,-0.017615655112495077,0.0,-0.0013033898551562118,0.00987328071674387,0.41847028234463357,0.5275,outer_01,none,0.05,-1,row1237_entry1238_exit1243,True,5.0,0.000499875041651048,0.017615655112495077,0.01711578007084403,0.0,-0.018115530154146124,0.01711578007084403,0.01711578007084403,-0.018115530154146124
1238,2015-10-23,1239,1244,2015-10-26,2015-11-02,-0.01861750130337647,0.0,-0.0009099494146633802,0.016286567801731877,0.5046113941087662,0.5275,outer_01,none,0.05,0,,False,5.0,0.0,-0.0,-0.0,0.0,-0.0,-0.0,-0.0,-0.0
1239,2015-10-26,1240,1245,2015-10-27,2015-11-03,-0.026177659424705624,0.0,-0.0011772946787464988,0.02686672835247972,0.6199749544682697,0.5275,outer_01,none,0.05,0,,False,5.0,0.0,-0.0,-0.0,0.0,-0.0,-0.0,-0.0,-0.0
1240,2015-10-27,1241,1246,2015-10-28,2015-11-04,-0.04289084777050256,0.0,0.003004938942820168,0.03435097792559905,0.6209781681967532,0.5275,outer_01,none,0.05,0,,False,5.0,0.0,-0.0,-0.0,0.0,-0.0,-0.0,-0.0,-0.0
1241,2015-10-28,1242,1247,2015-10-29,2015-11-05,-0.04364775442148794,0.0,-0.009241023962430539,0.03638783293582737,0.7756390088306899,0.5275,outer_01,none,0.05,0,,False,5.0,0.0,-0.0,-0.0,0.0,-0.0,-0.0,-0.0,-0.0
1242,2015-10-29,1243,1248,2015-10-30,2015-11-06,-0.03652542060974895,0.0,-0.008681160730155568,0.028559458849753305,0.7203089681312166,0.5275,outer_01,none,0.05,1,row1242_entry1243_exit1248,True,5.0,0.000499875041651048,-0.03652542060974895,-0.037025295651399996,0.0,-0.037025295651399996,0.0360255455680979,0.0360255455680979,-0.037025295651399996
1243,2015-10-30,1244,1249,2015-11-02,2015-11-09,-0.045818981299081685,0.0,-0.0035322132269284268,0.0026485899910086985,0.5446250509684648,0.5275,outer_01,none,0.05,0,,False,5.0,0.0,-0.0,-0.0,0.0,-0.0,-0.0,-0.0,-0.0
1244,2015-11-02,1245,1250,2015-11-03,2015-11-10,-0.037246161729093785,0.0,-0.007278513145154264,-0.0017365323969444901,0.5681932054790857,0.5275,outer_01,none,0.05,0,,False,5.0,0.0,-0.0,-0.0,0.0,-0.0,-0.0,-0.0,-0.0
1245,2015-11-03,1246,1251,2015-11-04,2015-11-11,-0.02557216143764851,0.0,-0.014082424748926847,-0.025931205951983394,0.5761923630444103,0.5275,outer_01,none,0.05,0,,False,5.0,0.0,-0.0,-0.0,0.0,-0.0,-0.0,-0.0,-0.0
1246,2015-11-04,1247,1252,2015-11-05,2015-11-12,-0.01954091451994433,0.0,-0.0090782244239902,-0.03356982170083622,0.5863898477507447,0.5275,outer_01,none,0.05,0,,False,5.0,0.0,-0.0,-0.0,0.0,-0.0,-0.0,-0.0,-0.0
1247,2015-11-05,1248,1253,2015-11-06,2015-11-13,-0.017858025213633333,0.0,-0.003563873012486063,-0.03166176076612803,0.5402011151507246,0.5275,outer_01,none,0.05,0,,False,5.0,0.0,-0.0,-0.0,0.0,-0.0,-0.0,-0.0,-0.0
1248,2015-11-06,1249,1254,2015-11-09,2015-11-16,-0.002038156450033135,0.0,-0.013639540158878916,-0.06051330361973939,0.589117638173352,0.5275,outer_01,none,0.05,1,row1248_entry1249_exit1254,True,5.0,0.000499875041651048,-0.002038156450033135,-0.002538031491684183,0.0,-0.002538031491684183,0.0015382814083820871,0.0015382814083820871,0.0015382814083820871
1249,2015-11-09,1250,1255,2015-11-10,2015-11-17,-0.007738582449247744,0.0,0.003054249658247521,-0.06370823928077574,0.6591530855957823,0.5275,outer_01,none,0.05,0,,False,5.0,0.0,-0.0,-0.0,0.0,-0.0,-0.0,-0.0,-0.0
1250,2015-11-10,1251,1256,2015-11-11,2015-11-18,-0.016942735661674924,0.0,-0.002154432315533583,-0.06955927981887733,0.730363332111215,0.5275,outer_01,none,0.05,0,,False,5.0,0.0,-0.0,-0.0,0.0,-0.0,-0.0,-0.0,-0.0
1251,2015-11-11,1252,1257,2015-11-12,2015-11-19,-0.013836657938629315,0.0,-0.003456775405537904,-0.08703440037448296,0.7254374691991647,0.5275,outer_01,none,0.05,0,,False,5.0,0.0,-0.0,-0.0,0.0,-0.0,-0.0,-0.0,-0.0
1252,2015-11-12,1253,1258,2015-11-13,2015-11-20,-0.002861232281032855,0.0,-0.0008660641613049691,-0.08631214342866667,0.7119542970646726,0.5275,outer_01,none,0.05,0,,False,5.0,0.0,-0.0,-0.0,0.0,-0.0,-0.0,-0.0,-0.0
1253,2015-11-13,1254,1259,2015-11-16,2015-11-23,-0.011052389036318111,0.0,-0.0012543581360979772,-0.08285430896848567,0.7913083145001402,0.5275,outer_01,none,0.05,1,row1253_entry1254_exit1259,True,5.0,0.000499875041651048,-0.011052389036318111,-0.011552264077969158,0.0,-0.011552264077969158,0.010552513994667063,0.010552513994667063,0.010552513994667063
1254,2015-11-16,1255,1260,2015-11-17,2015-11-24,-0.013730405401070733,0.0,-0.0007940098837444509,-0.077735225545573,0.7774585020407613,0.5275,outer_01,none,0.05,0,,False,5.0,0.0,-0.0,-0.0,0.0,-0.0,-0.0,-0.0,-0.0
1255,2015-11-17,1256,1261,2015-11-18,2015-11-25,0.003837453364699428,1.0,-0.011724727158386017,-0.0947017025762511,0.7037735806093431,0.5275,outer_01,none,0.05,0,,False,5.0,0.0,0.0,0.0,0.0,0.0,0.0,0.0,0.0
1256,2015-11-18,1257,1262,2015-11-19,2015-11-26,-0.00036401820492937276,0.0,0.0007566805441072688,-0.08592210527294686,0.7750940797372434,0.5275,outer_01,none,0.05,0,,False,5.0,0.0,-0.0,-0.0,0.0,-0.0,-0.0,-0.0,-0.0
1257,2015-11-19,1258,1263,2015-11-20,2015-11-27,-0.009416597724796638,0.0,0.010376746105531964,-0.07424196931225868,0.7024133709779763,0.5275,outer_01,none,0.05,0,,False,5.0,0.0,-0.0,-0.0,0.0,-0.0,-0.0,-0.0,-0.0
1258,2015-11-20,1259,1264,2015-11-23,2015-11-30,-0.016735459271660424,0.0,-0.0037592288786756356,-0.07709124877627094,0.7767629982599804,0.5275,outer_01,none,0.05,1,row1258_entry1259_exit1264,True,5.0,0.000499875041651048,-0.016735459271660424,-0.017235334313311472,0.0,-0.017235334313311472,0.016235584230009377,0.016235584230009377,0.016235584230009377
1259,2015-11-23,1260,1265,2015-11-24,2015-12-01,-0.003992732168048185,0.0,-0.008440126492073041,-0.08435408058959748,0.861969829786933,0.5275,outer_01,none,0.05,0,,False,5.0,0.0,-0.0,-0.0,0.0,-0.0,-0.0,-0.0,-0.0
1260,2015-11-24,1261,1266,2015-11-25,2015-12-02,-0.006360300472835867,0.0,0.00596019915447954,-0.08139882037793811,0.7871249463810674,0.5275,outer_01,none,0.05,0,,False,5.0,0.0,-0.0,-0.0,0.0,-0.0,-0.0,-0.0,-0.0
1261,2015-11-25,1262,1267,2015-11-26,2015-12-03,-0.016320208631353417,0.0,-0.0039228343129629195,-0.07608063072847049,0.8380763644460868,0.5275,outer_01,none,0.05,0,,False,5.0,0.0,-0.0,-0.0,0.0,-0.0,-0.0,-0.0,-0.0
1262,2015-11-26,1263,1268,2015-11-27,2015-12-04,-0.00787785499959437,0.0,0.0005133590125581122,-0.06688611098575681,0.8791492196664377,0.5275,outer_01,none,0.05,0,,False,5.0,0.0,-0.0,-0.0,0.0,-0.0,-0.0,-0.0,-0.0
1263,2015-11-27,1264,1269,2015-11-30,2015-12-07,0.02475967665582246,1.0,-0.012781376896206176,-0.07613527465503456,0.8359815719716315,0.5275,outer_01,none,0.05,1,row1263_entry1264_exit1269,True,5.0,0.000499875041651048,0.02475967665582246,0.024259801614171413,0.0,0.024259801614171413,-0.025259551697473508,-0.025259551697473508,-0.025259551697473508
1264,2015-11-30,1265,1270,2015-12-01,2015-12-08,0.00575906300582929,1.0,0.00596493492649941,-0.06289182658338088,0.875674393925423,0.5275,outer_01,none,0.05,0,,False,5.0,0.0,0.0,0.0,0.0,0.0,0.0,0.0,0.0
1265,2015-12-01,1266,1271,2015-12-02,2015-12-09,0.005281341005865414,1.0,0.00456504090007126,-0.044244360934382776,0.8328401153427614,0.5275,outer_01,none,0.05,0,,False,5.0,0.0,0.0,0.0,0.0,0.0,0.0,0.0,0.0
1266,2015-12-02,1267,1272,2015-12-03,2015-12-10,0.01727197647186518,1.0,-0.014839653683274001,-0.05000579019366658,0.8697226869445464,0.5275,outer_01,none,0.05,0,,False,5.0,0.0,0.0,0.0,0.0,0.0,0.0,0.0,0.0
1267,2015-12-03,1268,1273,2015-12-04,2015-12-11,0.007868524508950259,1.0,0.008139618297261286,-0.03830229888391923,0.7989157585479838,0.5275,outer_01,none,0.05,0,,False,5.0,0.0,0.0,0.0,0.0,0.0,0.0,0.0,0.0
1268,2015-12-04,1269,1274,2015-12-07,2015-12-14,-0.010284820150693541,0.0,0.02295271224740425,-0.0017100464776360624,0.49558097584798505,0.5275,outer_01,none,0.05,0,,False,5.0,0.0,-0.0,-0.0,0.0,-0.0,-0.0,-0.0,-0.0
1269,2015-12-07,1270,1275,2015-12-08,2015-12-15,-0.00919279310199883,0.0,-0.014832115874837015,-0.0195964120107206,0.7745046912944694,0.5275,outer_01,none,0.05,1,row1269_entry1270_exit1275,True,5.0,0.000499875041651048,-0.00919279310199883,-0.009692668143649878,0.0,-0.009692668143649878,0.008692918060347783,0.008692918060347783,0.008692918060347783
1270,2015-12-08,1271,1276,2015-12-09,2015-12-16,-0.012473590142014324,0.0,0.003505373517794119,-0.013936606177392896,0.7277478091671811,0.5275,outer_01,none,0.05,0,,False,5.0,0.0,-0.0,-0.0,0.0,-0.0,-0.0,-0.0,-0.0
1271,2015-12-09,1272,1277,2015-12-10,2015-12-17,-0.000214535228906243,0.0,-0.0017231828182655562,-0.012203013590120548,0.7827192575245817,0.5275,outer_01,none,0.05,0,,False,5.0,0.0,-0.0,-0.0,0.0,-0.0,-0.0,-0.0,-0.0
1272,2015-12-10,1273,1278,2015-12-11,2015-12-18,-0.01962685548112919,0.0,-0.0013620167413312956,-0.012698966170146875,0.8242247536613673,0.5275,outer_01,none,0.05,0,,False,5.0,0.0,-0.0,-0.0,0.0,-0.0,-0.0,-0.0,-0.0
1273,2015-12-11,1274,1279,2015-12-14,2015-12-21,-0.00706584617218553,0.0,0.003215481806964071,-0.008229126227084826,0.7868644126924328,0.5275,outer_01,none,0.05,0,,False,5.0,0.0,-0.0,-0.0,0.0,-0.0,-0.0,-0.0,-0.0
1274,2015-12-14,1275,1280,2015-12-15,2015-12-22,0.01580048017150215,1.0,-0.013622223219430296,-0.02105733956277067,0.8912523042031217,0.5275,outer_01,none,0.05,1,row1274_entry1275_exit1280,True,5.0,0.000499875041651048,0.01580048017150215,0.015300605129851104,0.0,0.015300605129851104,-0.0163003552131532,-0.0163003552131532,-0.0163003552131532
1275,2015-12-15,1276,1281,2015-12-16,2015-12-23,0.010927534138795103,1.0,0.0006412311858063902,-0.008691381218578265,0.8659056928142568,0.5275,outer_01,none,0.05,0,,False,5.0,0.0,0.0,0.0,0.0,0.0,0.0,0.0,0.0
1276,2015-12-16,1277,1282,2015-12-17,2015-12-24,-0.0015030366965858022,0.0,0.010670618551529287,0.0012225567888437538,0.7284758746311837,0.5275,outer_01,none,0.05,0,,False,5.0,0.0,-0.0,-0.0,0.0,-0.0,-0.0,-0.0,-0.0
1277,2015-12-17,1278,1283,2015-12-18,2015-12-28,0.0234543707353696,1.0,-0.019428692853439955,-0.028582882170128165,0.8182316268714298,0.5275,outer_01,none,0.05,0,,False,5.0,0.0,0.0,0.0,0.0,0.0,0.0,0.0,0.0
1278,2015-12-18,1279,1284,2015-12-21,2015-12-29,0.0024731155109094516,1.0,0.013507336749515986,-0.011316316541936544,0.7668225184417946,0.5275,outer_01,none,0.05,0,,False,5.0,0.0,0.0,0.0,0.0,0.0,0.0,0.0,0.0
1279,2015-12-21,1280,1285,2015-12-22,2015-12-30,-0.008430143028903991,0.0,0.011594576122817557,0.008718386072954054,0.6668482079817778,0.5275,outer_01,none,0.05,1,row1279_entry1280_exit1285,True,5.0,0.000499875041651048,-0.008430143028903991,-0.008930018070555039,0.0,-0.008930018070555039,0.007930267987252944,-0.008930018070555039,-0.008930018070555039
1280,2015-12-22,1281,1286,2015-12-23,2015-12-31,-0.010776774214266815,0.0,-0.005281571453195966,-0.002523384534721451,0.7571733555291741,0.5275,outer_01,none,0.05,0,,False,5.0,0.0,-0.0,-0.0,0.0,-0.0,-0.0,-0.0,-0.0
1281,2015-12-23,1282,1287,2015-12-24,2016-01-04,-0.005132923729180838,0.0,-0.0022400606716210802,-0.0008406108933796119,0.691357581362247,0.5275,outer_01,none,0.05,0,,False,5.0,0.0,-0.0,-0.0,0.0,-0.0,-0.0,-0.0,-0.0
1282,2015-12-24,1283,1288,2015-12-28,2016-01-05,-0.002522092904652773,0.0,0.005451382166389962,0.004097412260452238,0.8275733662229579,0.5275,outer_01,none,0.05,0,,False,5.0,0.0,-0.0,-0.0,0.0,-0.0,-0.0,-0.0,-0.0
1283,2015-12-28,1284,1289,2015-12-29,2016-01-06,0.008339010844863104,1.0,-0.00666684676369389,0.010211942392964524,0.8211127716707204,0.5275,outer_01,none,0.05,0,,False,5.0,0.0,0.0,0.0,0.0,0.0,0.0,0.0,0.0
1284,2015-12-29,1285,1290,2015-12-30,2016-01-07,0.02273287573849725,1.0,-0.00026198585426229215,0.0039850216122028215,0.8131961480436857,0.5275,outer_01,none,0.05,1,row1284_entry1285_exit1290,True,5.0,0.000499875041651048,0.02273287573849725,0.0222330006968462,0.0,0.0222330006968462,-0.023232750780148297,-0.023232750780148297,0.0222330006968462
1285,2015-12-30,1286,1291,2015-12-31,2016-01-08,0.043555472157018826,1.0,-0.007080839088629887,-0.007660858376498325,0.8670362586700974,0.5275,outer_01,none,0.05,0,,False,5.0,0.0,0.0,0.0,0.0,0.0,0.0,0.0,0.0
1286,2015-12-31,1287,1292,2016-01-04,2016-01-11,0.039152808650102955,1.0,-0.00016022695711459534,0.007018568349661081,0.8408706418026871,0.5275,outer_01,none,0.05,0,,False,5.0,0.0,0.0,0.0,0.0,0.0,0.0,0.0,0.0
1287,2016-01-04,1288,1293,2016-01-05,2016-01-12,0.020329615352505215,1.0,0.012663258000737088,0.011542208053136882,0.5011136565907164,0.5275,outer_01,none,0.05,0,,False,5.0,0.0,0.0,0.0,0.0,0.0,0.0,0.0,0.0
1288,2016-01-05,1289,1294,2016-01-06,2016-01-13,0.00898755836188414,1.0,0.00338211704505742,-0.008028387149209948,0.6424129322664336,0.5275,outer_01,none,0.05,0,,False,5.0,0.0,0.0,0.0,0.0,0.0,0.0,0.0,0.0
1289,2016-01-06,1290,1295,2016-01-07,2016-01-14,-0.0003200980441899759,0.0,0.013762952839829978,0.020566681565457046,0.5582418525299283,0.5275,outer_01,none,0.05,1,row1289_entry1290_exit1295,True,5.0,0.000499875041651048,-0.0003200980441899759,-0.0008199730858410238,0.0,-0.0008199730858410238,-0.00017977699746107205,-0.0008199730858410238,-0.0008199730858410238
1290,2016-01-07,1291,1296,2016-01-08,2016-01-15,-0.027804465315344196,0.0,0.014460228164839606,0.03152153621250253,0.4710426000309484,0.5275,outer_01,none,0.05,0,,False,5.0,0.0,-0.0,-0.0,0.0,-0.0,-0.0,-0.0,-0.0
1291,2016-01-08,1292,1297,2016-01-11,2016-01-18,-0.015708797046462664,0.0,-0.004591517389640032,0.028653201641128057,0.5981734124004102,0.5275,outer_01,none,0.05,0,,False,5.0,0.0,-0.0,-0.0,0.0,-0.0,-0.0,-0.0,-0.0
1292,2016-01-11,1293,1298,2016-01-12,2016-01-19,-0.005273240515407451,0.0,-0.007684475691096537,0.022330742691362815,0.6590241272440192,0.5275,outer_01,none,0.05,0,,False,5.0,0.0,-0.0,-0.0,0.0,-0.0,-0.0,-0.0,-0.0
1293,2016-01-12,1294,1299,2016-01-13,2016-01-20,0.00026663602042820145,1.0,-0.005419075177954369,0.013696185706444375,0.6646668970090861,0.5275,outer_01,none,0.05,0,,False,5.0,0.0,0.0,0.0,0.0,0.0,0.0,0.0,0.0
1294,2016-01-13,1295,1300,2016-01-14,2016-01-21,0.0070095129239868825,1.0,0.003820207748882254,0.031138616674756925,0.7003824735035019,0.5275,outer_01,none,0.05,1,row1294_entry1295_exit1300,True,5.0,0.000499875041651048,0.0070095129239868825,0.006509637882335835,0.0,0.006509637882335835,-0.00750938796563793,0.006509637882335835,0.006509637882335835
1295,2016-01-14,1296,1301,2016-01-15,2016-01-22,0.021016310329343035,1.0,-0.015174210809756339,0.015323174679194196,0.6515538274670998,0.5275,outer_01,none,0.05,0,,False,5.0,0.0,0.0,0.0,0.0,0.0,0.0,0.0,0.0
1296,2016-01-15,1297,1302,2016-01-18,2016-01-25,0.006938282848961919,1.0,0.010656179141269817,0.015308735268934726,0.6302112783400001,0.5275,outer_01,none,0.05,0,,False,5.0,0.0,0.0,0.0,0.0,0.0,0.0,0.0,0.0
1297,2016-01-18,1298,1303,2016-01-19,2016-01-26,0.017136594154511187,1.0,0.00014695077175641558,0.034884378894131096,0.7544753016073628,0.5275,outer_01,none,0.05,0,,False,5.0,0.0,0.0,0.0,0.0,0.0,0.0,0.0,0.0
1298,2016-01-19,1299,1304,2016-01-20,2016-01-27,0.029082878114202515,1.0,-0.0015624572354138166,0.019814584909201294,0.624127660595978,0.5275,outer_01,none,0.05,0,,False,5.0,0.0,0.0,0.0,0.0,0.0,0.0,0.0,0.0
1299,2016-01-20,1300,1305,2016-01-21,2016-01-28,0.022134296856434865,1.0,0.01247725292629731,0.020697261712681048,0.4992651107451673,0.5275,outer_01,none,0.05,0,,False,5.0,0.0,0.0,0.0,0.0,0.0,0.0,0.0,0.0
1300,2016-01-21,1301,1306,2016-01-22,2016-01-29,0.012822481621921789,1.0,0.00029972888384666163,0.026278562049723675,0.5963968150329535,0.5275,outer_01,none,0.05,1,row1300_entry1301_exit1306,True,5.0,0.000499875041651048,0.012822481621921789,0.012322606580270741,0.0,0.012322606580270741,-0.013322356663572836,0.012322606580270741,0.012322606580270741
1301,2016-01-22,1302,1307,2016-01-25,2016-02-01,0.01638099685195371,1.0,-0.0030742109034056497,0.025444411817939105,0.6652667432725056,0.5275,outer_01,none,0.05,0,,False,5.0,0.0,0.0,0.0,0.0,0.0,0.0,0.0,0.0
1302,2016-01-25,1303,1308,2016-01-26,2016-02-02,0.017725854709691014,1.0,0.008968751315733492,0.028961780967282635,0.6712366569854854,0.5275,outer_01,none,0.05,0,,False,5.0,0.0,0.0,0.0,0.0,0.0,0.0,0.0,0.0
1303,2016-01-26,1304,1309,2016-01-27,2016-02-03,0.0073399232547011195,1.0,0.011150329192658681,0.046778956923635207,0.7540145153845195,0.5275,outer_01,none,0.05,0,,False,5.0,0.0,0.0,0.0,0.0,0.0,0.0,0.0,0.0
1304,2016-01-27,1305,1310,2016-01-28,2016-02-04,0.014106174013394757,1.0,0.004160640342859345,0.051201583120756844,0.8076970573351581,0.5275,outer_01,none,0.05,0,,False,5.0,0.0,0.0,0.0,0.0,0.0,0.0,0.0,0.0
1305,2016-01-28,1306,1311,2016-01-29,2016-02-05,0.03538282548339833,1.0,-0.009361223142302144,0.048921199067084586,0.7531030715526509,0.5275,outer_01,none,0.05,1,row1305_entry1306_exit1311,True,5.0,0.000499875041651048,0.03538282548339833,0.03488295044174728,0.0,0.03488295044174728,-0.035882700525049376,-0.035882700525049376,0.03488295044174728
1306,2016-01-29,1307,1312,2016-02-01,2016-02-08,0.046061234428400155,1.0,0.003323973727121121,0.0524053997513203,0.7532275901884907,0.5275,outer_01,none,0.05,0,,False,5.0,0.0,0.0,0.0,0.0,0.0,0.0,0.0,0.0
1307,2016-02-01,1308,1313,2016-02-02,2016-02-09,0.054007499944892956,1.0,0.009241683326296268,0.048983825076879484,0.7698495625052526,0.5275,outer_01,none,0.05,0,,False,5.0,0.0,0.0,0.0,0.0,0.0,0.0,0.0,0.0
1308,2016-02-02,1309,1314,2016-02-03,2016-02-10,0.05290485545916024,1.0,0.00022153399086644043,0.045823242022688504,0.7886930534525205,0.5275,outer_01,none,0.05,0,,False,5.0,0.0,0.0,0.0,0.0,0.0,0.0,0.0,0.0
1309,2016-02-03,1310,1315,2016-02-04,2016-02-11,0.04718873305983973,1.0,0.012083142749263587,0.04414343193212211,0.643058156104674,0.5275,outer_01,none,0.05,0,,False,5.0,0.0,0.0,0.0,0.0,0.0,0.0,0.0,0.0
1310,2016-02-04,1311,1316,2016-02-05,2016-02-12,0.07694501459617786,1.0,0.011333193505231876,0.04101639727251438,0.5111188427777278,0.5275,outer_01,none,0.05,0,,False,5.0,0.0,0.0,0.0,0.0,0.0,0.0,0.0,0.0
1311,2016-02-05,1312,1317,2016-02-08,2016-02-15,0.05295222262174448,1.0,0.015203735537581586,0.060811650199736,0.6270016511962033,0.5275,outer_01,none,0.05,1,row1311_entry1312_exit1317,True,5.0,0.000499875041651048,0.05295222262174448,0.052452347580093435,0.0,0.052452347580093435,-0.05345209766339553,0.052452347580093435,0.052452347580093435
1312,2016-02-08,1313,1318,2016-02-09,2016-02-16,0.015318625701070232,1.0,0.014354394446579377,0.08285052033741191,0.491235669865422,0.5275,outer_01,none,0.05,0,,False,5.0,0.0,0.0,0.0,0.0,0.0,0.0,0.0,0.0
1313,2016-02-09,1314,1319,2016-02-10,2016-02-17,0.01097860062232403,1.0,-0.0010593666651281808,0.0872102288502381,0.48429826299440254,0.5275,outer_01,none,0.05,0,,False,5.0,0.0,0.0,0.0,0.0,0.0,0.0,0.0,0.0
1314,2016-02-10,1315,1320,2016-02-11,2016-02-18,0.009389896539986786,1.0,0.007250143862568059,0.09064016496392391,0.44639084815461777,0.5275,outer_01,none,0.05,0,,False,5.0,0.0,0.0,0.0,0.0,0.0,0.0,0.0,0.0
1315,2016-02-11,1316,1321,2016-02-12,2016-02-19,-0.013602578452868386,0.0,0.041942119236626496,0.14775649501030674,0.22967238869711895,0.5275,outer_01,none,0.05,0,,False,5.0,0.0,-0.0,-0.0,0.0,-0.0,-0.0,-0.0,-0.0
1316,2016-02-12,1317,1322,2016-02-15,2016-02-22,-0.005763329369623982,0.0,-0.008500833311975597,0.12859948255706133,0.3547414379742195,0.5275,outer_01,none,0.05,-1,row1316_entry1317_exit1322,True,5.0,0.000499875041651048,0.005763329369623982,0.005263454327972934,0.0,-0.006263204411275029,0.005263454327972934,0.005263454327972934,-0.006263204411275029
1317,2016-02-15,1318,1323,2016-02-16,2016-02-23,8.270853924408073e-06,1.0,-0.02375070778026167,0.10470182400504324,0.22281894888365408,0.5275,outer_01,none,0.05,0,,False,5.0,0.0,0.0,0.0,0.0,0.0,0.0,0.0,0.0
1318,2016-02-16,1319,1324,2016-02-17,2016-02-24,0.02016062882982439,1.0,-0.007921655640859449,0.09834262559959761,0.30231912500559366,0.5275,outer_01,none,0.05,0,,False,5.0,0.0,0.0,0.0,0.0,0.0,0.0,0.0,0.0
1319,2016-02-17,1320,1325,2016-02-18,2016-02-25,0.01542662431277897,1.0,0.007292875701388368,0.09315824837468867,0.37864707039525974,0.5275,outer_01,none,0.05,0,,False,5.0,0.0,0.0,0.0,0.0,0.0,0.0,0.0,0.0
1320,2016-02-18,1321,1326,2016-02-19,2016-02-26,0.0010392141878670103,1.0,0.018319795978304576,0.11117831546914658,0.3565454530875342,0.49607535321821034,outer_02,none,0.05,0,,False,5.0,0.0,0.0,0.0,0.0,0.0,0.0,0.0,0.0
1321,2016-02-19,1322,1327,2016-02-22,2016-02-29,-0.004861092268058087,0.0,-0.002733998464510279,0.11151852790804195,0.21313490801611448,0.49607535321821034,outer_02,none,0.05,-1,row1321_entry1322_exit1327,True,5.0,0.000499875041651048,0.004861092268058087,0.0043612172264070395,0.0,-0.0053609673097091345,0.0043612172264070395,0.0043612172264070395,-0.0053609673097091345
1322,2016-02-22,1323,1328,2016-02-23,2016-03-01,0.024493487911135148,1.0,-0.01549476541664152,0.08705501117566694,0.24436368399861153,0.49607535321821034,outer_02,none,0.05,0,,False,5.0,0.0,0.0,0.0,0.0,0.0,0.0,0.0,0.0
1323,2016-02-23,1324,1329,2016-02-24,2016-03-02,0.003514513172616418,1.0,0.014801942625218167,0.09070662460822643,0.2598180858032037,0.49607535321821034,outer_02,none,0.05,0,,False,5.0,0.0,0.0,0.0,0.0,0.0,0.0,0.0,0.0
1324,2016-02-24,1325,1330,2016-02-25,2016-03-03,0.01187904935597306,1.0,0.0022234810289338824,0.08876946529430096,0.2900429311658037,0.49607535321821034,outer_02,none,0.05,0,,False,5.0,0.0,0.0,0.0,0.0,0.0,0.0,0.0,0.0
1325,2016-02-25,1326,1331,2016-02-26,2016-03-04,0.024084027081461734,1.0,0.0032732721712998014,0.10140396060790291,0.18191405071220126,0.49607535321821034,outer_02,none,0.05,0,,False,5.0,0.0,0.0,0.0,0.0,0.0,0.0,0.0,0.0
1326,2016-02-26,1327,1332,2016-02-29,2016-03-07,0.03293059693264233,1.0,-0.008043942873446674,0.09003604400733511,0.19381293238551572,0.49607535321821034,outer_02,none,0.05,-1,row1326_entry1327_exit1332,True,5.0,0.000499875041651048,-0.03293059693264233,-0.03343047197429338,0.0,0.03243072189099128,-0.03343047197429338,-0.03343047197429338,0.03243072189099128
1327,2016-02-29,1328,1333,2016-03-01,2016-03-08,0.02184906530058406,1.0,0.01217099708250391,0.09296535776354276,0.13755391328266278,0.49607535321821034,outer_02,none,0.05,0,,False,5.0,0.0,0.0,0.0,0.0,0.0,0.0,0.0,0.0
1328,2016-03-01,1329,1334,2016-03-02,2016-03-09,0.024277554597642137,1.0,-0.005449693025354918,0.0872941307473214,0.17386244041080479,0.49607535321821034,outer_02,none,0.05,0,,False,5.0,0.0,0.0,0.0,0.0,0.0,0.0,0.0,0.0
1329,2016-03-02,1330,1335,2016-03-03,2016-03-10,0.009021170575201687,1.0,0.006894179414698165,0.08210516741275597,0.1301112625028007,0.49607535321821034,outer_02,none,0.05,0,,False,5.0,0.0,0.0,0.0,0.0,0.0,0.0,0.0,0.0
1330,2016-03-03,1331,1336,2016-03-04,2016-03-11,0.005947203672707069,1.0,0.020291245358575516,0.09106321926609962,0.08167235286384539,0.49607535321821034,outer_02,none,0.05,0,,False,5.0,0.0,0.0,0.0,0.0,0.0,0.0,0.0,0.0
1331,2016-03-04,1332,1337,2016-03-07,2016-03-14,-0.006650152134910492,0.0,-0.005332205052379635,0.0705272786761384,0.1276142857501052,0.49607535321821034,outer_02,none,0.05,-1,row1331_entry1332_exit1337,True,5.0,0.000499875041651048,0.006650152134910492,0.0061502770932594444,0.0,-0.0071500271765615395,0.0061502770932594444,0.0061502770932594444,-0.0071500271765615395
1332,2016-03-07,1333,1338,2016-03-08,2016-03-15,-0.02497731381100099,0.0,0.00668252684730497,0.06285541107686399,0.11455913233793279,0.49607535321821034,outer_02,none,0.05,0,,False,5.0,0.0,-0.0,-0.0,0.0,-0.0,-0.0,-0.0,-0.0
1333,2016-03-08,1334,1339,2016-03-09,2016-03-16,-0.02311690141738687,0.0,-0.0045240356827846995,0.05939074205920747,0.10066386342137185,0.49607535321821034,outer_02,none,0.05,0,,False,5.0,0.0,-0.0,-0.0,0.0,-0.0,-0.0,-0.0,-0.0
1334,2016-03-09,1335,1340,2016-03-10,2016-03-17,0.005381835803824231,1.0,-0.0068565879229334215,0.04528401027370599,0.11644985962594663,0.49607535321821034,outer_02,none,0.05,0,,False,5.0,0.0,0.0,0.0,0.0,0.0,0.0,0.0,0.0
1335,2016-03-10,1336,1341,2016-03-11,2016-03-18,-0.008882479038267554,0.0,0.015129840347836598,0.01847173138491609,0.07348947400432908,0.49607535321821034,outer_02,none,0.05,0,,False,5.0,0.0,-0.0,-0.0,0.0,-0.0,-0.0,-0.0,-0.0
1336,2016-03-11,1337,1342,2016-03-14,2016-03-21,0.002482054275253276,1.0,-0.01804738001561912,0.008925184681272569,0.1383532506495561,0.49607535321821034,outer_02,none,0.05,-1,row1336_entry1337_exit1342,True,5.0,0.000499875041651048,-0.002482054275253276,-0.002981929316904324,0.0,0.001982179233602228,-0.002981929316904324,-0.002981929316904324,0.001982179233602228
1337,2016-03-14,1338,1343,2016-03-15,2016-03-22,0.006769566951658312,1.0,-0.011456391428318113,0.021219501033216126,0.20524490044369026,0.49607535321821034,outer_02,none,0.05,0,,False,5.0,0.0,0.0,0.0,0.0,0.0,0.0,0.0,0.0
1338,2016-03-15,1339,1344,2016-03-16,2016-03-23,0.012046104140133629,1.0,-0.0020750258717994186,0.027066130802276156,0.1569066656629347,0.49607535321821034,outer_02,none,0.05,0,,False,5.0,0.0,0.0,0.0,0.0,0.0,0.0,0.0,0.0
1339,2016-03-16,1340,1345,2016-03-17,2016-03-24,-0.029695139802758064,0.0,0.023733515129658933,0.04350677023054672,0.10150371837462521,0.49607535321821034,outer_02,none,0.05,0,,False,5.0,0.0,-0.0,-0.0,0.0,-0.0,-0.0,-0.0,-0.0
1340,2016-03-17,1341,1346,2016-03-18,2016-03-28,-0.03589577370174002,0.0,-0.0034289013498511878,0.021758072902390957,0.07941973095664483,0.49607535321821034,outer_02,none,0.05,0,,False,5.0,0.0,-0.0,-0.0,0.0,-0.0,-0.0,-0.0,-0.0
1341,2016-03-18,1342,1347,2016-03-21,2016-03-29,-0.027270560998575277,0.0,-0.002133113402159381,0.022358957964741855,0.11560695925873599,0.49607535321821034,outer_02,none,0.05,-1,row1341_entry1342_exit1347,True,5.0,0.000499875041651048,0.027270560998575277,0.02677068595692423,0.0,-0.027770436040226325,0.02677068595692423,0.02677068595692423,-0.027770436040226325
1342,2016-03-21,1343,1348,2016-03-22,2016-03-30,-0.0017384450128323792,0.0,-0.009285712393284129,0.028568010988099246,0.1828029723998891,0.49607535321821034,outer_02,none,0.05,0,,False,5.0,0.0,-0.0,-0.0,0.0,-0.0,-0.0,-0.0,-0.0
1343,2016-03-22,1344,1349,2016-03-23,2016-03-31,-0.01768340487465281,0.0,0.0036605377547305196,0.0174266061176116,0.18078493948142776,0.49607535321821034,outer_02,none,0.05,0,,False,5.0,0.0,-0.0,-0.0,0.0,-0.0,-0.0,-0.0,-0.0
1344,2016-03-23,1345,1350,2016-03-24,2016-04-01,0.0072937405944113465,1.0,-0.022584859501855625,-0.0073817344131779095,0.2187383393631112,0.49607535321821034,outer_02,none,0.05,0,,False,5.0,0.0,0.0,0.0,0.0,0.0,0.0,0.0,0.0
1345,2016-03-24,1346,1351,2016-03-28,2016-04-04,0.004928951078020383,1.0,-0.0024699981785269998,-0.01312500476300471,0.30478420839850584,0.49607535321821034,outer_02,none,0.05,0,,False,5.0,0.0,0.0,0.0,0.0,0.0,0.0,0.0,0.0
1346,2016-03-28,1347,1352,2016-03-29,2016-04-05,-0.004186338968444225,0.0,0.0034612043773067924,-0.0016198575122512437,0.24955306293102583,0.49607535321821034,outer_02,none,0.05,-1,row1346_entry1347_exit1352,True,5.0,0.000499875041651048,0.004186338968444225,0.0036864639267931774,0.0,-0.004686214010095273,0.0036864639267931774,-0.004686214010095273,0.0036864639267931774
1347,2016-03-29,1348,1353,2016-03-30,2016-04-06,-0.00890038321182196,0.0,0.015743239624899985,0.001952385030144832,0.17183483887428513,0.49607535321821034,outer_02,none,0.05,0,,False,5.0,0.0,-0.0,-0.0,0.0,-0.0,-0.0,-0.0,-0.0
1348,2016-03-30,1349,1354,2016-03-31,2016-04-07,-0.0023685081310915734,0.0,-0.013191925786980363,-0.005789847731480613,0.21498330892370257,0.49607535321821034,outer_02,none,0.05,0,,False,5.0,0.0,-0.0,-0.0,0.0,-0.0,-0.0,-0.0,-0.0
1349,2016-03-31,1350,1355,2016-04-01,2016-04-08,0.0063215275288213135,1.0,0.006496013726061456,-0.006188013420117322,0.16763166158065185,0.49607535321821034,outer_02,none,0.05,0,,False,5.0,0.0,0.0,0.0,0.0,0.0,0.0,0.0,0.0
1350,2016-04-01,1351,1356,2016-04-04,2016-04-11,0.019862077319213967,1.0,-0.00837615913281109,-0.03485541791150393,0.22337094581390743,0.49607535321821034,outer_02,none,0.05,0,,False,5.0,0.0,0.0,0.0,0.0,0.0,0.0,0.0,0.0
1351,2016-04-04,1352,1357,2016-04-05,2016-04-12,0.0327314450871814,1.0,-0.0054231358120713224,-0.034946348671195615,0.25630541863423906,0.49607535321821034,outer_02,none,0.05,-1,row1351_entry1352_exit1357,True,5.0,0.000499875041651048,-0.0327314450871814,-0.033231320128832446,0.0,0.03223157004553035,-0.033231320128832446,-0.033231320128832446,-0.033231320128832446
1352,2016-04-05,1353,1358,2016-04-06,2016-04-13,0.020282027324048713,1.0,0.012199560955311384,-0.0294293145631892,0.15117794623326045,0.49607535321821034,outer_02,none,0.05,0,,False,5.0,0.0,0.0,0.0,0.0,0.0,0.0,0.0,0.0
1353,2016-04-06,1354,1359,2016-04-07,2016-04-14,0.01580316657853853,1.0,-0.006882799852344412,-0.031788078732748914,0.22003634107932107,0.49607535321821034,outer_02,none,0.05,0,,False,5.0,0.0,0.0,0.0,0.0,0.0,0.0,0.0,0.0
1354,2016-04-07,1355,1360,2016-04-08,2016-04-15,-0.009737664763458831,0.0,0.015081723190654373,-0.00984976761916112,0.06250861892141564,0.49607535321821034,outer_02,none,0.05,0,,False,5.0,0.0,-0.0,-0.0,0.0,-0.0,-0.0,-0.0,-0.0
1355,2016-04-08,1356,1361,2016-04-11,2016-04-18,-0.00816317894165941,0.0,-8.867070527251997e-05,-0.02506827867227024,0.08834865489784086,0.49607535321821034,outer_02,none,0.05,0,,False,5.0,0.0,-0.0,-0.0,0.0,-0.0,-0.0,-0.0,-0.0
1356,2016-04-11,1357,1362,2016-04-12,2016-04-19,-0.01959932829558486,0.0,0.01362711239481218,0.00660621373816106,0.07901543176953092,0.49607535321821034,outer_02,none,0.05,-1,row1356_entry1357_exit1362,True,5.0,0.000499875041651048,0.01959932829558486,0.019099453253933814,0.0,-0.02009920333723591,0.019099453253933814,-0.02009920333723591,-0.02009920333723591
1357,2016-04-12,1358,1363,2016-04-13,2016-04-20,-0.004733953941371105,0.0,-0.0016713627881941306,0.016391242378285042,0.08849841710846479,0.49607535321821034,outer_02,none,0.05,0,,False,5.0,0.0,-0.0,-0.0,0.0,-0.0,-0.0,-0.0,-0.0
1358,2016-04-13,1359,1364,2016-04-14,2016-04-21,0.0010779503899556175,1.0,-0.009805687376782224,0.008660580873302237,0.10357947254971926,0.49607535321821034,outer_02,none,0.05,0,,False,5.0,0.0,0.0,0.0,0.0,0.0,0.0,0.0,0.0
1359,2016-04-14,1360,1365,2016-04-15,2016-04-22,0.016404275703550297,1.0,-0.013630555760537177,-0.028703490016893873,0.1564553766841943,0.49607535321821034,outer_02,none,0.05,0,,False,5.0,0.0,0.0,0.0,0.0,0.0,0.0,0.0,0.0
1360,2016-04-15,1361,1366,2016-04-18,2016-04-25,-0.001978207935291465,0.0,0.006016131573637118,-0.019258457093405568,0.1796327060290603,0.49607535321821034,outer_02,none,0.05,0,,False,5.0,0.0,-0.0,-0.0,0.0,-0.0,-0.0,-0.0,-0.0
1361,2016-04-18,1362,1367,2016-04-19,2016-04-26,0.004907687206931577,1.0,-0.0009406804407721125,-0.0180660241320183,0.1507176180504129,0.49607535321821034,outer_02,none,0.05,-1,row1361_entry1362_exit1367,True,5.0,0.000499875041651048,-0.004907687206931577,-0.005407562248582624,0.0,0.004407812165280529,-0.005407562248582624,-0.005407562248582624,-0.005407562248582624
1362,2016-04-19,1363,1368,2016-04-20,2016-04-27,-0.005520575705782349,0.0,0.01421011675001882,0.00542980501128465,0.08691151562472713,0.49607535321821034,outer_02,none,0.05,0,,False,5.0,0.0,-0.0,-0.0,0.0,-0.0,-0.0,-0.0,-0.0
1363,2016-04-20,1364,1369,2016-04-21,2016-04-28,0.0013096736928277508,1.0,-0.005220729526231871,-0.003451462269677741,0.11664552928871601,0.49607535321821034,outer_02,none,0.05,0,,False,5.0,0.0,0.0,0.0,0.0,0.0,0.0,0.0,0.0
1364,2016-04-21,1365,1370,2016-04-22,2016-04-29,0.014545132301555519,1.0,0.004068259190828982,0.023201656423006867,0.17410396554829938,0.49607535321821034,outer_02,none,0.05,0,,False,5.0,0.0,0.0,0.0,0.0,0.0,0.0,0.0,0.0
1365,2016-04-22,1366,1371,2016-04-25,2016-05-02,0.04787695422737226,1.0,-0.012927844767575358,0.012743809833958508,0.2342309277402981,0.49607535321821034,outer_02,none,0.05,0,,False,5.0,0.0,0.0,0.0,0.0,0.0,0.0,0.0,0.0
1366,2016-04-25,1367,1372,2016-04-26,2016-05-03,0.042901215798888614,1.0,0.003861993359896232,0.013144598816547948,0.2205256145167978,0.49607535321821034,outer_02,none,0.05,-1,row1366_entry1367_exit1372,True,5.0,0.000499875041651048,-0.042901215798888614,-0.04340109084053966,0.0,0.04240134075723757,-0.04340109084053966,0.04240134075723757,0.04240134075723757
1367,2016-04-26,1368,1373,2016-04-27,2016-05-04,0.033803918685523904,1.0,0.004981511039064301,0.002382870230712264,0.2023807059137027,0.49607535321821034,outer_02,none,0.05,0,,False,5.0,0.0,0.0,0.0,0.0,0.0,0.0,0.0,0.0
1368,2016-04-27,1369,1374,2016-04-28,2016-05-05,0.027106395399204786,1.0,0.001847642372298175,0.017422438389990802,0.18282936853710746,0.49607535321821034,outer_02,none,0.05,0,,False,5.0,0.0,0.0,0.0,0.0,0.0,0.0,0.0,0.0
1369,2016-04-28,1370,1375,2016-04-29,2016-05-06,0.009082286042480625,1.0,0.01616899654835091,0.027095421212280257,0.12806429179838674,0.49607535321821034,outer_02,none,0.05,0,,False,5.0,0.0,0.0,0.0,0.0,0.0,0.0,0.0,0.0
1370,2016-04-29,1371,1376,2016-05-02,2016-05-09,-0.006566205426872251,0.0,0.021399504867130048,0.056871085212221395,0.2182093075728871,0.49607535321821034,outer_02,none,0.05,0,,False,5.0,0.0,-0.0,-0.0,0.0,-0.0,-0.0,-0.0,-0.0
1371,2016-05-02,1372,1377,2016-05-03,2016-05-10,-0.02195603275679847,0.0,-0.0018878732995171177,0.0604063477247756,0.3973598783279397,0.49607535321821034,outer_02,none,0.05,-1,row1371_entry1372_exit1377,True,5.0,0.000499875041651048,0.02195603275679847,0.021456157715147424,0.0,-0.02245590779844952,0.021456157715147424,0.021456157715147424,-0.02245590779844952
1372,2016-05-03,1373,1378,2016-05-04,2016-05-11,-0.015269147572983144,0.0,-0.003809794448928372,0.044396992320535844,0.46988387681690674,0.49607535321821034,outer_02,none,0.05,0,,False,5.0,0.0,-0.0,-0.0,0.0,-0.0,-0.0,-0.0,-0.0
1373,2016-05-04,1374,1379,2016-05-05,2016-05-12,-0.001665943578983864,0.0,-0.005159712776740655,0.0461200793961396,0.4993296354065036,0.49607535321821034,outer_02,none,0.05,0,,False,5.0,0.0,-0.0,-0.0,0.0,-0.0,-0.0,-0.0,-0.0
1374,2016-05-05,1375,1380,2016-05-06,2016-05-13,-0.010544719554903992,0.0,-0.001266713751361337,0.029771642454123892,0.5290076914549189,0.49607535321821034,outer_02,none,0.05,0,,False,5.0,0.0,-0.0,-0.0,0.0,-0.0,-0.0,-0.0,-0.0
1375,2016-05-06,1376,1381,2016-05-09,2016-05-16,-0.00897182688357212,0.0,0.008344776869622983,0.038205090029019395,0.46391397406745427,0.49607535321821034,outer_02,none,0.05,0,,False,5.0,0.0,-0.0,-0.0,0.0,-0.0,-0.0,-0.0,-0.0
1376,2016-05-09,1377,1382,2016-05-10,2016-05-17,0.007919319906767974,1.0,-0.020150453143704894,0.0044275244905023214,0.3943215820164143,0.49607535321821034,outer_02,none,0.05,-1,row1376_entry1377_exit1382,True,5.0,0.000499875041651048,-0.007919319906767974,-0.008419194948419022,0.0,0.007419444865116927,-0.008419194948419022,-0.008419194948419022,0.007419444865116927
1377,2016-05-10,1378,1383,2016-05-11,2016-05-18,0.011169088045350328,1.0,0.002419700378779588,0.00851858765747604,0.4269998870832778,0.49607535321821034,outer_02,none,0.05,0,,False,5.0,0.0,0.0,0.0,0.0,0.0,0.0,0.0,0.0
1378,2016-05-11,1379,1384,2016-05-12,2016-05-19,-0.014873387441549646,0.0,0.00862674276253017,0.026951017796788435,0.5258340475389731,0.49607535321821034,outer_02,none,0.05,0,,False,5.0,0.0,-0.0,-0.0,0.0,-0.0,-0.0,-0.0,-0.0
1379,2016-05-12,1380,1385,2016-05-13,2016-05-20,-0.00668320105092679,0.0,-0.010785213221874201,0.02979636033545141,0.5686351530684198,0.49607535321821034,outer_02,none,0.05,0,,False,5.0,0.0,-0.0,-0.0,0.0,-0.0,-0.0,-0.0,-0.0
1380,2016-05-13,1381,1386,2016-05-16,2016-05-23,-0.017740828185931257,0.0,0.007789625940894496,0.03156985470270879,0.4550266277222646,0.49607535321821034,outer_02,none,0.05,0,,False,5.0,0.0,-0.0,-0.0,0.0,-0.0,-0.0,-0.0,-0.0
1381,2016-05-16,1382,1387,2016-05-17,2016-05-24,-0.02008930658644381,0.0,0.00025128390501816256,0.03276181904849906,0.495892237379871,0.49607535321821034,outer_02,none,0.05,0,,False,5.0,0.0,-0.0,-0.0,0.0,-0.0,-0.0,-0.0,-0.0
1382,2016-05-17,1383,1388,2016-05-18,2016-05-25,-0.04212366353988806,0.0,0.0044185462505605955,0.02297024854904084,0.49818714846253476,0.49607535321821034,outer_02,none,0.05,0,,False,5.0,0.0,-0.0,-0.0,0.0,-0.0,-0.0,-0.0,-0.0
1383,2016-05-18,1384,1389,2016-05-19,2016-05-26,-0.02840630802513555,0.0,-0.016854021531605312,0.011336956543667398,0.5559312535816838,0.49607535321821034,outer_02,none,0.05,1,row1383_entry1384_exit1389,True,5.0,0.000499875041651048,-0.02840630802513555,-0.0289061830667866,0.0,-0.0289061830667866,0.027906432983484504,0.027906432983484504,-0.0289061830667866
1384,2016-05-19,1385,1390,2016-05-20,2016-05-27,-0.028711884225224082,0.0,-0.002929845094442385,0.004338852258396031,0.614458083904621,0.49607535321821034,outer_02,none,0.05,0,,False,5.0,0.0,-0.0,-0.0,0.0,-0.0,-0.0,-0.0,-0.0
1385,2016-05-20,1386,1391,2016-05-23,2016-05-30,-0.030376594193765705,0.0,-0.0018275340167512866,0.015439163009220103,0.5997151830964302,0.49607535321821034,outer_02,none,0.05,0,,False,5.0,0.0,-0.0,-0.0,0.0,-0.0,-0.0,-0.0,-0.0
1386,2016-05-23,1387,1392,2016-05-24,2016-05-31,-0.03393082298844341,0.0,-0.0023271539665916663,0.009250015682732204,0.5323686619027995,0.49607535321821034,outer_02,none,0.05,0,,False,5.0,0.0,-0.0,-0.0,0.0,-0.0,-0.0,-0.0,-0.0
1387,2016-05-24,1388,1393,2016-05-25,2016-06-01,-0.009371909692205804,0.0,-0.018015594086871367,-0.013747089443203464,0.3734597876575681,0.49607535321821034,outer_02,none,0.05,0,,False,5.0,0.0,-0.0,-0.0,0.0,-0.0,-0.0,-0.0,-0.0
1388,2016-05-25,1389,1394,2016-05-26,2016-06-02,-0.008652802917316293,0.0,-0.0019338814609612953,-0.017528613276462934,0.4094745331225457,0.49607535321821034,outer_02,none,0.05,-1,row1388_entry1389_exit1394,True,5.0,0.000499875041651048,0.008652802917316293,0.008152927875665246,0.0,-0.009152677958967341,0.008152927875665246,0.008152927875665246,0.008152927875665246
1389,2016-05-26,1390,1395,2016-05-27,2016-06-03,-0.00807262299093825,0.0,-0.0038544207788193674,-0.03755203060363321,0.37570032841741463,0.49607535321821034,outer_02,none,0.05,0,,False,5.0,0.0,-0.0,-0.0,0.0,-0.0,-0.0,-0.0,-0.0
1390,2016-05-27,1391,1396,2016-05-30,2016-06-06,0.025293074181837127,1.0,-0.0065645209946954,-0.06551605646545866,0.443380597754045,0.49607535321821034,outer_02,none,0.05,0,,False,5.0,0.0,0.0,0.0,0.0,0.0,0.0,0.0,0.0
1391,2016-05-30,1392,1397,2016-05-31,2016-06-07,0.0308831160321672,1.0,-0.003505526441903939,-0.06713370960784548,0.571894447844673,0.49607535321821034,outer_02,none,0.05,0,,False,5.0,0.0,0.0,0.0,0.0,0.0,0.0,0.0,0.0
1392,2016-05-31,1393,1398,2016-06-01,2016-06-08,0.023255066215182474,1.0,0.006340630866125352,-0.05698328429279176,0.7358985926592994,0.49607535321821034,outer_02,none,0.05,0,,False,5.0,0.0,0.0,0.0,0.0,0.0,0.0,0.0,0.0
1393,2016-06-01,1394,1399,2016-06-02,2016-06-09,0.03941603977425778,1.0,-0.002067844124475471,-0.053891415640526574,0.7442303071245393,0.49607535321821034,outer_02,none,0.05,1,row1393_entry1394_exit1399,True,5.0,0.000499875041651048,0.03941603977425778,0.038916164732606735,0.0,0.038916164732606735,-0.03991591481590883,-0.03991591481590883,-0.03991591481590883
1394,2016-06-02,1395,1400,2016-06-03,2016-06-10,0.04756502311711319,1.0,-0.0012708369427807398,-0.05389553883194598,0.6569226229168433,0.49607535321821034,outer_02,none,0.05,0,,False,5.0,0.0,0.0,0.0,0.0,0.0,0.0,0.0,0.0
1395,2016-06-03,1396,1401,2016-06-06,2016-06-13,0.024371017475845136,1.0,0.027270640969732085,-0.034969674731836875,0.47930436816016475,0.49607535321821034,outer_02,none,0.05,0,,False,5.0,0.0,0.0,0.0,0.0,0.0,0.0,0.0,0.0
1396,2016-06-06,1397,1402,2016-06-07,2016-06-14,0.03031637915744767,1.0,0.00030529445083349316,-0.014513927137298488,0.5744179713410305,0.49607535321821034,outer_02,none,0.05,0,,False,5.0,0.0,0.0,0.0,0.0,0.0,0.0,0.0,0.0
1397,2016-06-07,1398,1403,2016-06-08,2016-06-15,0.03178811688316596,1.0,-0.00048208647958070117,-0.017415713995658777,0.5044335908459325,0.49607535321821034,outer_02,none,0.05,0,,False,5.0,0.0,0.0,0.0,0.0,0.0,0.0,0.0,0.0
1398,2016-06-08,1399,1404,2016-06-09,2016-06-16,0.024715811665502407,1.0,0.014005887077038537,-0.01203656968115041,0.50280379176482,0.49607535321821034,outer_02,none,0.05,0,,False,5.0,0.0,0.0,0.0,0.0,0.0,0.0,0.0,0.0
1399,2016-06-09,1400,1405,2016-06-10,2016-06-17,0.007613074686312338,1.0,0.005910350807076803,0.0046589943478005935,0.5653838192096856,0.49607535321821034,outer_02,none,0.05,1,row1399_entry1400_exit1405,True,5.0,0.000499875041651048,0.007613074686312338,0.00711319964466129,0.0,0.00711319964466129,-0.008112949727963385,0.00711319964466129,0.00711319964466129
1400,2016-06-10,1401,1406,2016-06-13,2016-06-20,0.00890359602169788,1.0,0.003735176691333386,0.000604545098239484,0.5316832485500301,0.49607535321821034,outer_02,none,0.05,0,,False,5.0,0.0,0.0,0.0,0.0,0.0,0.0,0.0,0.0
1401,2016-06-13,1402,1407,2016-06-14,2016-06-21,0.0050291789994858505,1.0,0.007662453340625319,0.00801571453384664,0.4905901971780701,0.49607535321821034,outer_02,none,0.05,0,,False,5.0,0.0,0.0,0.0,0.0,0.0,0.0,0.0,0.0
1402,2016-06-14,1403,1408,2016-06-15,2016-06-22,-0.011924523645425289,0.0,0.0015565780225417214,0.005153746305827767,0.45282002931228266,0.49607535321821034,outer_02,none,0.05,0,,False,5.0,0.0,-0.0,-0.0,0.0,-0.0,-0.0,-0.0,-0.0
1403,2016-06-15,1404,1409,2016-06-16,2016-06-23,-0.023179262894589492,0.0,0.004376544399694815,0.026384312237127894,0.580462716584714,0.49607535321821034,outer_02,none,0.05,0,,False,5.0,0.0,-0.0,-0.0,0.0,-0.0,-0.0,-0.0,-0.0
1404,2016-06-16,1405,1410,2016-06-17,2016-06-24,-0.020482305910240584,0.0,-0.009929038174654181,0.019385119156916097,0.6392982171502276,0.49607535321821034,outer_02,none,0.05,1,row1404_entry1405_exit1410,True,5.0,0.000499875041651048,-0.020482305910240584,-0.02098218095189163,0.0,-0.02098218095189163,0.019982430868589536,0.019982430868589536,-0.02098218095189163
1405,2016-06-17,1406,1411,2016-06-20,2016-06-27,0.030643236767886606,1.0,0.015365219064055857,0.03657787223772324,0.5489784099851385,0.49607535321821034,outer_02,none,0.05,0,,False,5.0,0.0,0.0,0.0,0.0,0.0,0.0,0.0,0.0
1406,2016-06-20,1407,1412,2016-06-21,2016-06-28,0.026254774397610703,1.0,-0.006799856205133459,0.03210516999918145,0.536673764834881,0.49607535321821034,outer_02,none,0.05,0,,False,5.0,0.0,0.0,0.0,0.0,0.0,0.0,0.0,0.0
1407,2016-06-21,1408,1413,2016-06-22,2016-06-29,0.032721218725774825,1.0,-0.017654442017430938,0.03246632206862188,0.641337393981309,0.49607535321821034,outer_02,none,0.05,0,,False,5.0,0.0,0.0,0.0,0.0,0.0,0.0,0.0,0.0
1408,2016-06-22,1409,1414,2016-06-23,2016-06-30,0.04190977344202729,1.0,-0.0008842431613080848,0.03351596036827509,0.5398287221245435,0.49607535321821034,outer_02,none,0.05,0,,False,5.0,0.0,0.0,0.0,0.0,0.0,0.0,0.0,0.0
1409,2016-06-23,1410,1415,2016-06-24,2016-07-01,0.05400379506653685,1.0,-0.008009495558765067,0.02936088558832939,0.4978569529723378,0.49607535321821034,outer_02,none,0.05,0,,False,5.0,0.0,0.0,0.0,0.0,0.0,0.0,0.0,0.0
1410,2016-06-24,1411,1416,2016-06-27,2016-07-04,0.010128682242532605,1.0,0.04644582117407303,0.08237122775709782,0.3186978960052656,0.49607535321821034,outer_02,none,0.05,-1,row1410_entry1411_exit1416,True,5.0,0.000499875041651048,-0.010128682242532605,-0.010628557284183653,0.0,0.009628807200881558,-0.010628557284183653,0.009628807200881558,0.009628807200881558
1411,2016-06-27,1412,1417,2016-06-28,2016-07-05,0.018831567438653884,1.0,0.006975847719907335,0.0928526019189091,0.7183655423214922,0.49607535321821034,outer_02,none,0.05,0,,False,5.0,0.0,0.0,0.0,0.0,0.0,0.0,0.0,0.0
1412,2016-06-28,1413,1418,2016-06-29,2016-07-06,0.0338016861890722,1.0,-0.009761576855028764,0.07675039419775498,0.7046269318842365,0.49607535321821034,outer_02,none,0.05,0,,False,5.0,0.0,0.0,0.0,0.0,0.0,0.0,0.0,0.0
1413,2016-06-29,1414,1419,2016-06-30,2016-07-07,0.033552882548267604,1.0,0.005010255252992479,0.08382849357522293,0.6090791377541096,0.49607535321821034,outer_02,none,0.05,0,,False,5.0,0.0,0.0,0.0,0.0,0.0,0.0,0.0,0.0
1414,2016-06-30,1415,1420,2016-07-01,2016-07-08,0.027319274203338573,1.0,0.002257422801093867,0.08735675331909754,0.5586224965305783,0.49607535321821034,outer_02,none,0.05,0,,False,5.0,0.0,0.0,0.0,0.0,0.0,0.0,0.0,0.0
1415,2016-07-01,1416,1421,2016-07-04,2016-07-11,0.02128557047025481,1.0,0.015541670103441874,0.07562778245280732,0.6302872399204521,0.49607535321821034,outer_02,none,0.05,1,row1415_entry1416_exit1421,True,5.0,0.000499875041651048,0.02128557047025481,0.020785695428603763,0.0,0.020785695428603763,-0.02178544551190586,0.020785695428603763,0.020785695428603763
1416,2016-07-04,1417,1422,2016-07-05,2016-07-12,0.004422429926300708,1.0,0.006349557742357348,0.08167204574433118,0.6201949010800265,0.49607535321821034,outer_02,none,0.05,0,,False,5.0,0.0,0.0,0.0,0.0,0.0,0.0,0.0,0.0
1417,2016-07-05,1418,1423,2016-07-06,2016-07-13,-0.01713280672016193,0.0,0.0038420948233239827,0.08599622704723586,0.426653057451512,0.49607535321821034,outer_02,none,0.05,0,,False,5.0,0.0,-0.0,-0.0,0.0,-0.0,-0.0,-0.0,-0.0
1418,2016-07-06,1419,1424,2016-07-07,2016-07-14,-0.014526167359872666,0.0,0.005625614624571007,0.07761595459476833,0.46994757966035483,0.49607535321821034,outer_02,none,0.05,0,,False,5.0,0.0,-0.0,-0.0,0.0,-0.0,-0.0,-0.0,-0.0
1419,2016-07-07,1420,1425,2016-07-08,2016-07-15,-0.017687753074006274,0.0,-0.002496366881810985,0.06920923690588054,0.5472166428074801,0.49607535321821034,outer_02,none,0.05,0,,False,5.0,0.0,-0.0,-0.0,0.0,-0.0,-0.0,-0.0,-0.0
1420,2016-07-08,1421,1426,2016-07-11,2016-07-18,-0.02539969443069534,0.0,0.003412584360632742,0.0688866445751799,0.5029562578903669,0.49607535321821034,outer_02,none,0.05,0,,False,5.0,0.0,-0.0,-0.0,0.0,-0.0,-0.0,-0.0,-0.0
1421,2016-07-11,1422,1427,2016-07-12,2016-07-19,-0.02015466942088029,0.0,-0.00761908447643922,0.05360510675811536,0.5171755191425587,0.49607535321821034,outer_02,none,0.05,0,,False,5.0,0.0,-0.0,-0.0,0.0,-0.0,-0.0,-0.0,-0.0
1422,2016-07-12,1423,1428,2016-07-13,2016-07-20,-0.0012827968226352127,0.0,-0.016292108431682273,0.03575642030389137,0.5173787224255308,0.49607535321821034,outer_02,none,0.05,0,,False,5.0,0.0,-0.0,-0.0,0.0,-0.0,-0.0,-0.0,-0.0
1423,2016-07-13,1424,1429,2016-07-14,2016-07-21,-0.021876813450942834,0.0,0.007326697348219113,0.038706573252415666,0.4579944544705494,0.49607535321821034,outer_02,none,0.05,0,,False,5.0,0.0,-0.0,-0.0,0.0,-0.0,-0.0,-0.0,-0.0
1424,2016-07-14,1425,1430,2016-07-15,2016-07-22,-0.003405573724511335,0.0,-0.005939479771295275,0.04269613165577457,0.45656935142836924,0.49607535321821034,outer_02,none,0.05,0,,False,5.0,0.0,-0.0,-0.0,0.0,-0.0,-0.0,-0.0,-0.0
1425,2016-07-15,1426,1431,2016-07-18,2016-07-25,-0.009292655391055504,0.0,0.002813509686619753,0.030144422278338467,0.3559806078999864,0.49607535321821034,outer_02,none,0.05,-1,row1425_entry1426_exit1431,True,5.0,0.000499875041651048,0.009292655391055504,0.008792780349404457,0.0,-0.009792530432706552,0.008792780349404457,-0.009792530432706552,-0.009792530432706552
1426,2016-07-18,1427,1432,2016-07-19,2016-07-26,-0.009783044466088242,0.0,-0.007440052919821305,0.02950422556365062,0.3963385636084027,0.49607535321821034,outer_02,none,0.05,0,,False,5.0,0.0,-0.0,-0.0,0.0,-0.0,-0.0,-0.0,-0.0
1427,2016-07-19,1428,1433,2016-07-20,2016-07-27,-0.009730638284525028,0.0,0.0026763914784382337,0.04983505905951979,0.44417100427533995,0.49607535321821034,outer_02,none,0.05,0,,False,5.0,0.0,-0.0,-0.0,0.0,-0.0,-0.0,-0.0,-0.0
1428,2016-07-20,1429,1434,2016-07-21,2016-07-28,0.018505361653370578,1.0,-0.012533830841521265,0.03818547137930661,0.5090355632755162,0.49607535321821034,outer_02,none,0.05,0,,False,5.0,0.0,0.0,0.0,0.0,0.0,0.0,0.0,0.0
1429,2016-07-21,1430,1435,2016-07-22,2016-07-29,0.00339808519132756,1.0,0.011925505781925416,0.058120472719997096,0.33677276084387486,0.49607535321821034,outer_02,none,0.05,0,,False,5.0,0.0,0.0,0.0,0.0,0.0,0.0,0.0,0.0
1430,2016-07-22,1431,1436,2016-07-25,2016-08-01,0.021584594774429533,1.0,-0.0065799876374992294,0.005094663908424835,0.4295606239213588,0.49607535321821034,outer_02,none,0.05,-1,row1430_entry1431_exit1436,True,5.0,0.000499875041651048,-0.021584594774429533,-0.02208446981608058,0.0,0.021084719732778485,-0.02208446981608058,-0.02208446981608058,0.021084719732778485
1431,2016-07-25,1432,1437,2016-07-26,2016-08-02,0.028342569875029255,1.0,-0.0050262600367396715,-0.006907443848222172,0.5666224797210189,0.49607535321821034,outer_02,none,0.05,0,,False,5.0,0.0,0.0,0.0,0.0,0.0,0.0,0.0,0.0
1432,2016-07-26,1433,1438,2016-07-27,2016-08-03,0.03273431649091485,1.0,0.003368794821657417,0.006222927828464009,0.41781844578725874,0.49607535321821034,outer_02,none,0.05,0,,False,5.0,0.0,0.0,0.0,0.0,0.0,0.0,0.0,0.0
1433,2016-07-27,1434,1439,2016-07-28,2016-08-04,0.01427292168869787,1.0,0.014483307395352973,0.015695979970824503,0.3429883216645799,0.49607535321821034,outer_02,none,0.05,0,,False,5.0,0.0,0.0,0.0,0.0,0.0,0.0,0.0,0.0
1434,2016-07-28,1435,1440,2016-07-29,2016-08-05,0.01898927380035076,1.0,-0.0030955841646864712,0.010342973005044165,0.36004884851676927,0.49607535321821034,outer_02,none,0.05,0,,False,5.0,0.0,0.0,0.0,0.0,0.0,0.0,0.0,0.0
1435,2016-07-29,1436,1441,2016-08-01,2016-08-08,-0.013206825086483853,0.0,0.011755513329842593,0.006556816231444884,0.33103131980293987,0.49607535321821034,outer_02,none,0.05,-1,row1435_entry1436_exit1441,True,5.0,0.000499875041651048,0.013206825086483853,0.012706950044832806,0.0,-0.0137067001281349,0.012706950044832806,-0.0137067001281349,-0.0137067001281349
1436,2016-08-01,1437,1442,2016-08-02,2016-08-09,-0.01346017486985307,0.0,0.0011982959005321092,0.0014055543896196454,0.3081239844374904,0.49607535321821034,outer_02,none,0.05,0,,False,5.0,0.0,-0.0,-0.0,0.0,-0.0,-0.0,-0.0,-0.0
1437,2016-08-02,1438,1443,2016-08-03,2016-08-10,-0.017173107037493196,0.0,0.00805482193271434,0.005618281499010003,0.2722949200933787,0.49607535321821034,outer_02,none,0.05,0,,False,5.0,0.0,-0.0,-0.0,0.0,-0.0,-0.0,-0.0,-0.0
1438,2016-08-03,1439,1444,2016-08-04,2016-08-11,-0.0078976384938656,0.0,-0.004056115075904643,-0.004063448201465647,0.21827437811157782,0.49607535321821034,outer_02,none,0.05,0,,False,5.0,0.0,-0.0,-0.0,0.0,-0.0,-0.0,-0.0,-0.0
1439,2016-08-04,1440,1445,2016-08-05,2016-08-12,-0.017006771533233156,0.0,0.002066853492746823,0.0004997721730921612,0.19641679100056006,0.49607535321821034,outer_02,none,0.05,0,,False,5.0,0.0,-0.0,-0.0,0.0,-0.0,-0.0,-0.0,-0.0
1440,2016-08-05,1441,1446,2016-08-08,2016-08-15,0.0031760088419447996,1.0,-0.01785927230104356,-0.02077208448858414,0.270996371314446,0.49607535321821034,outer_02,none,0.05,-1,row1440_entry1441_exit1446,True,5.0,0.000499875041651048,-0.0031760088419447996,-0.0036758838835958475,0.0,0.0026761338002937517,-0.0036758838835958475,-0.0036758838835958475,-0.0036758838835958475
1441,2016-08-08,1442,1447,2016-08-09,2016-08-16,0.0034847149159284996,1.0,-0.0014222410924844553,-0.014575241104629377,0.23807270773814404,0.49607535321821034,outer_02,none,0.05,0,,False,5.0,0.0,0.0,0.0,0.0,0.0,0.0,0.0,0.0
1442,2016-08-09,1443,1448,2016-08-10,2016-08-17,0.004140792666031068,1.0,0.0040965587935231085,0.005813426120576004,0.23999559885179916,0.49607535321821034,outer_02,none,0.05,0,,False,5.0,0.0,0.0,0.0,0.0,0.0,0.0,0.0,0.0
1443,2016-08-10,1444,1449,2016-08-11,2016-08-18,0.0019432171540376686,1.0,0.004131852739409858,0.002618581511766749,0.2086431231690038,0.49607535321821034,outer_02,none,0.05,0,,False,5.0,0.0,0.0,0.0,0.0,0.0,0.0,0.0,0.0
1444,2016-08-11,1445,1450,2016-08-12,2016-08-19,0.01047542598046558,1.0,-0.00561753188953773,0.0029405293935242938,0.16565227615502498,0.49607535321821034,outer_02,none,0.05,0,,False,5.0,0.0,0.0,0.0,0.0,0.0,0.0,0.0,0.0
1445,2016-08-12,1446,1451,2016-08-15,2016-08-22,0.0009045140349135394,1.0,-0.0014055866899349567,-0.0012785669830304158,0.2170012006767862,0.49607535321821034,outer_02,none,0.05,-1,row1445_entry1446_exit1451,True,5.0,0.000499875041651048,-0.0009045140349135394,-0.0014043890765645874,0.0,0.0004046389932624915,-0.0014043890765645874,-0.0014043890765645874,-0.0014043890765645874
1446,2016-08-15,1447,1452,2016-08-16,2016-08-23,-0.0005674945269609211,0.0,0.0019583081100105204,0.00811979404680141,0.22190040684535606,0.49607535321821034,outer_02,none,0.05,0,,False,5.0,0.0,-0.0,-0.0,0.0,-0.0,-0.0,-0.0,-0.0
1447,2016-08-16,1448,1453,2016-08-17,2016-08-24,-0.00579145722776353,0.0,0.005339661253216832,0.010783063821580008,0.1833228973981304,0.49607535321821034,outer_02,none,0.05,0,,False,5.0,0.0,-0.0,-0.0,0.0,-0.0,-0.0,-0.0,-0.0
1448,2016-08-17,1449,1454,2016-08-18,2016-08-25,-0.01814690290588583,0.0,0.0015362867193831065,0.02485318138248438,0.17462988612290223,0.49607535321821034,outer_02,none,0.05,0,,False,5.0,0.0,-0.0,-0.0,0.0,-0.0,-0.0,-0.0,-0.0
1449,2016-08-18,1450,1455,2016-08-19,2016-08-26,-0.02262649958750451,0.0,0.0027623406355026248,0.015690016236061588,0.11652406366048614,0.49607535321821034,outer_02,none,0.05,0,,False,5.0,0.0,-0.0,-0.0,0.0,-0.0,-0.0,-0.0,-0.0
1450,2016-08-19,1451,1456,2016-08-22,2016-08-29,-0.014154427450667306,0.0,-0.008354763813591681,0.013915240059969136,0.1940239674426461,0.49607535321821034,outer_02,none,0.05,-1,row1450_entry1451_exit1456,True,5.0,0.000499875041651048,0.014154427450667306,0.013654552409016259,0.0,-0.014654302492318354,0.013654552409016259,0.013654552409016259,-0.014654302492318354
1451,2016-08-22,1452,1457,2016-08-23,2016-08-30,-0.011667393777226032,0.0,-0.00170924263963812,0.017232257457070688,0.26142501598684026,0.49607535321821034,outer_02,none,0.05,0,,False,5.0,0.0,-0.0,-0.0,0.0,-0.0,-0.0,-0.0,-0.0
1452,2016-08-23,1453,1458,2016-08-24,2016-08-31,-0.019931957281068335,0.0,-0.00042589915800217426,0.013437563477411096,0.26441692867194483,0.49607535321821034,outer_02,none,0.05,0,,False,5.0,0.0,-0.0,-0.0,0.0,-0.0,-0.0,-0.0,-0.0
1453,2016-08-24,1454,1459,2016-08-25,2016-09-01,-0.011787120694164877,0.0,-0.010638877788470502,-0.01168462170641238,0.27851715225147844,0.49607535321821034,outer_02,none,0.05,0,,False,5.0,0.0,-0.0,-0.0,0.0,-0.0,-0.0,-0.0,-0.0
1454,2016-08-25,1455,1460,2016-08-26,2016-09-02,-0.006138968980670789,0.0,-0.0018447399914993667,-0.010433777533225275,0.20081716793808616,0.49607535321821034,outer_02,none,0.05,0,,False,5.0,0.0,-0.0,-0.0,0.0,-0.0,-0.0,-0.0,-0.0
1455,2016-08-26,1456,1461,2016-08-29,2016-09-05,0.003933052501031042,1.0,0.00029508457413562894,-0.02189420628893224,0.2978163427948778,0.49607535321821034,outer_02,none,0.05,-1,row1455_entry1456_exit1461,True,5.0,0.000499875041651048,-0.003933052501031042,-0.00443292754268209,0.0,0.0034331774593799945,-0.00443292754268209,0.0034331774593799945,-0.00443292754268209
1456,2016-08-29,1457,1462,2016-08-30,2016-09-06,0.002181536318905053,1.0,0.0010585612118498844,-0.022033940977614463,0.2469883276558359,0.49607535321821034,outer_02,none,0.05,0,,False,5.0,0.0,0.0,0.0,0.0,0.0,0.0,0.0,0.0
1457,2016-08-30,1458,1463,2016-08-31,2016-09-07,0.02769839380468575,1.0,-0.009788923135715777,-0.03987768604604458,0.2814066078813247,0.49607535321821034,outer_02,none,0.05,0,,False,5.0,0.0,0.0,0.0,0.0,0.0,0.0,0.0,0.0
1458,2016-08-31,1459,1464,2016-09-01,2016-09-08,0.026556933369262126,1.0,-0.0011835811962912501,-0.03700515216643119,0.39586418907253146,0.49607535321821034,outer_02,none,0.05,0,,False,5.0,0.0,0.0,0.0,0.0,0.0,0.0,0.0,0.0
1459,2016-09-01,1460,1465,2016-09-02,2016-09-09,0.018454451128356197,1.0,0.003150569975192141,-0.03592143568398587,0.4101599950776587,0.49607535321821034,outer_02,none,0.05,0,,False,5.0,0.0,0.0,0.0,0.0,0.0,0.0,0.0,0.0
1460,2016-09-02,1461,1466,2016-09-05,2016-09-12,0.0028342938143657292,1.0,0.008992607249712847,-0.009069556133229462,0.23867238870406604,0.49607535321821034,outer_02,none,0.05,-1,row1460_entry1461_exit1466,True,5.0,0.000499875041651048,-0.0028342938143657292,-0.003334168856016777,0.0,0.0023344187727146813,-0.003334168856016777,0.0023344187727146813,-0.003334168856016777
1461,2016-09-05,1462,1467,2016-09-06,2016-09-13,0.000911965272862858,1.0,0.0015160603444615006,-0.006131254696283506,0.2156087338019268,0.49607535321821034,outer_02,none,0.05,0,,False,5.0,0.0,0.0,0.0,0.0,0.0,0.0,0.0,0.0
1462,2016-09-06,1463,1468,2016-09-07,2016-09-14,-0.022002972373839746,0.0,0.017519601506038818,0.0072917880162322035,0.19560194618617505,0.49607535321821034,outer_02,none,0.05,0,,False,5.0,0.0,-0.0,-0.0,0.0,-0.0,-0.0,-0.0,-0.0
1463,2016-09-07,1464,1469,2016-09-08,2016-09-15,-0.016771331475904816,0.0,-0.004096480682248327,-0.0009365454054259814,0.23357786209487874,0.49607535321821034,outer_02,none,0.05,0,,False,5.0,0.0,-0.0,-0.0,0.0,-0.0,-0.0,-0.0,-0.0
1464,2016-09-08,1465,1470,2016-09-09,2016-09-16,-0.017336159335479273,0.0,-0.005286342784663667,-0.000605356300551918,0.23666311998852751,0.49607535321821034,outer_02,none,0.05,0,,False,5.0,0.0,-0.0,-0.0,0.0,-0.0,-0.0,-0.0,-0.0
1465,2016-09-09,1466,1471,2016-09-12,2016-09-19,-0.01414560110327745,0.0,-0.007368312220639162,-0.006568081831256123,0.20980348424604875,0.49607535321821034,outer_02,none,0.05,-1,row1465_entry1466_exit1471,True,5.0,0.000499875041651048,0.01414560110327745,0.013645726061626402,0.0,-0.014645476144928497,0.013645726061626402,0.013645726061626402,0.013645726061626402
1466,2016-09-12,1467,1472,2016-09-13,2016-09-20,-0.010777998668755728,0.0,-0.0003389562439943816,-0.008865346185261025,0.2688126704541632,0.49607535321821034,outer_02,none,0.05,0,,False,5.0,0.0,-0.0,-0.0,0.0,-0.0,-0.0,-0.0,-0.0
1467,2016-09-13,1468,1473,2016-09-14,2016-09-21,-0.0030603938605491265,0.0,-0.007213041911223073,-0.02141804934970093,0.19637610208009898,0.49607535321821034,outer_02,none,0.05,0,,False,5.0,0.0,-0.0,-0.0,0.0,-0.0,-0.0,-0.0,-0.0
1468,2016-09-14,1469,1474,2016-09-15,2016-09-22,0.008447064410274763,1.0,0.0031365800654254983,-0.019817756003658538,0.18583309327897007,0.49607535321821034,outer_02,none,0.05,0,,False,5.0,0.0,0.0,0.0,0.0,0.0,0.0,0.0,0.0
1469,2016-09-15,1470,1475,2016-09-16,2016-09-23,0.01673070348722927,1.0,-0.00574271697595119,-0.028322813615112352,0.1692922750579172,0.49607535321821034,outer_02,none,0.05,0,,False,5.0,0.0,0.0,0.0,0.0,0.0,0.0,0.0,0.0
1470,2016-09-16,1471,1476,2016-09-19,2016-09-26,0.020224236597226053,1.0,-0.003620334204586406,-0.023588384006107077,0.1884201553985255,0.49607535321821034,outer_02,none,0.05,-1,row1470_entry1471_exit1476,True,5.0,0.000499875041651048,-0.020224236597226053,-0.0207241116388771,0.0,0.019724361555575005,-0.0207241116388771,-0.0207241116388771,-0.0207241116388771
1471,2016-09-19,1472,1477,2016-09-20,2016-09-27,0.018881223506476807,1.0,0.0027069600611220324,-0.019172181305346925,0.2043496285282059,0.49607535321821034,outer_02,none,0.05,0,,False,5.0,0.0,0.0,0.0,0.0,0.0,0.0,0.0,0.0
1472,2016-09-20,1473,1478,2016-09-21,2016-09-28,0.009062785616720248,1.0,0.0012556744811202947,-0.017490607666224456,0.17311464911491048,0.49607535321821034,outer_02,none,0.05,0,,False,5.0,0.0,0.0,0.0,0.0,0.0,0.0,0.0,0.0
1473,2016-09-21,1474,1479,2016-09-22,2016-09-29,-0.009188264583372074,0.0,0.015889996998319944,0.00903826712056599,0.16898031432505647,0.49607535321821034,outer_02,none,0.05,0,,False,5.0,0.0,-0.0,-0.0,0.0,-0.0,-0.0,-0.0,-0.0
1474,2016-09-22,1475,1480,2016-09-23,2016-09-30,-0.012156466701382485,0.0,0.0013464791609569815,0.012229486273022339,0.25523368325482415,0.49607535321821034,outer_02,none,0.05,0,,False,5.0,0.0,-0.0,-0.0,0.0,-0.0,-0.0,-0.0,-0.0
1475,2016-09-23,1476,1481,2016-09-26,2016-10-03,-0.014620914767206727,0.0,0.0007472613221546354,0.012681663021041345,0.2279200862297155,0.49607535321821034,outer_02,none,0.05,-1,row1475_entry1476_exit1481,True,5.0,0.000499875041651048,0.014620914767206727,0.01412103972555568,0.0,-0.015120789808857775,0.01412103972555568,-0.015120789808857775,-0.015120789808857775
1476,2016-09-26,1477,1482,2016-09-27,2016-10-04,-0.019963153103738307,0.0,-0.0006426111153752245,0.010980490693816236,0.2704464459288156,0.49607535321821034,outer_02,none,0.05,0,,False,5.0,0.0,-0.0,-0.0,0.0,-0.0,-0.0,-0.0,-0.0
1477,2016-09-27,1478,1483,2016-09-28,2016-10-05,-0.04503811095155541,0.0,-0.008248537233965791,0.012520876595566222,0.3417518092759611,0.49607535321821034,outer_02,none,0.05,0,,False,5.0,0.0,-0.0,-0.0,0.0,-0.0,-0.0,-0.0,-0.0
1478,2016-09-28,1479,1484,2016-09-29,2016-10-06,-0.04170698577699028,0.0,-0.004078031886882272,0.0096264259049752,0.31651681786359703,0.49607535321821034,outer_02,none,0.05,0,,False,5.0,0.0,-0.0,-0.0,0.0,-0.0,-0.0,-0.0,-0.0
1479,2016-09-29,1480,1485,2016-09-30,2016-10-07,-0.0512984728317587,0.0,-0.0008100323320272551,0.005665823597755804,0.23748634835532367,0.49607535321821034,outer_02,none,0.05,0,,False,5.0,0.0,-0.0,-0.0,0.0,-0.0,-0.0,-0.0,-0.0
1480,2016-09-30,1481,1486,2016-10-03,2016-10-10,-0.04645458266290525,0.0,-0.003421478213471829,-0.006748261865428873,0.1615881861177527,0.49607535321821034,outer_02,none,0.05,-1,row1480_entry1481_exit1486,True,5.0,0.000499875041651048,0.04645458266290525,0.045954707621254205,0.0,-0.0469544577045563,0.045954707621254205,0.045954707621254205,0.045954707621254205
1481,2016-10-03,1482,1487,2016-10-04,2016-10-11,-0.04082167688089999,0.0,-0.003166366122679065,-0.011430688332569439,0.16296240982856458,0.49607535321821034,outer_02,none,0.05,0,,False,5.0,0.0,-0.0,-0.0,0.0,-0.0,-0.0,-0.0,-0.0
1482,2016-10-04,1483,1488,2016-10-05,2016-10-12,-0.012056461725185486,0.0,-0.03355119401422613,-0.06250148385283438,0.06423493402606145,0.49607535321821034,outer_02,none,0.05,0,,False,5.0,0.0,-0.0,-0.0,0.0,-0.0,-0.0,-0.0,-0.0
1483,2016-10-05,1484,1489,2016-10-06,2016-10-13,-0.009598653328445117,0.0,-0.0013884836993280913,-0.05979348686991415,0.1392233232781114,0.49607535321821034,outer_02,none,0.05,0,,False,5.0,0.0,-0.0,-0.0,0.0,-0.0,-0.0,-0.0,-0.0
1484,2016-10-06,1485,1490,2016-10-07,2016-10-14,0.002252082934007582,1.0,-0.009757800303741071,-0.06426494438899155,0.22812847153613755,0.49607535321821034,outer_02,none,0.05,0,,False,5.0,0.0,0.0,0.0,0.0,0.0,0.0,0.0,0.0
1485,2016-10-07,1486,1491,2016-10-10,2016-10-17,-0.004966983427464378,0.0,0.0017125133121531633,-0.05518411885619923,0.468277341343777,0.49607535321821034,outer_02,none,0.05,0,,False,5.0,0.0,-0.0,-0.0,0.0,-0.0,-0.0,-0.0,-0.0
1486,2016-10-10,1487,1492,2016-10-11,2016-10-18,-0.0032292473538904076,0.0,0.0023290855954591905,-0.052516077016745655,0.46435754056039097,0.49607535321821034,outer_02,none,0.05,0,,False,5.0,0.0,-0.0,-0.0,0.0,-0.0,-0.0,-0.0,-0.0
1487,2016-10-11,1488,1493,2016-10-12,2016-10-19,0.007591904024012663,1.0,-0.005477589868299049,-0.05078062497382163,0.5835651438416106,0.49607535321821034,outer_02,none,0.05,1,row1487_entry1488_exit1493,True,5.0,0.000499875041651048,0.007591904024012663,0.007092028982361616,0.0,0.007092028982361616,-0.008091779065663711,-0.008091779065663711,-0.008091779065663711
1488,2016-10-12,1489,1494,2016-10-13,2016-10-20,0.010836350424132668,1.0,0.0021133816776464087,-0.05180382336160072,0.49271039293029556,0.49607535321821034,outer_02,none,0.05,0,,False,5.0,0.0,0.0,0.0,0.0,0.0,0.0,0.0,0.0
1489,2016-10-13,1490,1495,2016-10-14,2016-10-21,0.006078323445572131,1.0,0.0019419645407063868,-0.044119141844943144,0.5506502427490408,0.49607535321821034,outer_02,none,0.05,0,,False,5.0,0.0,0.0,0.0,0.0,0.0,0.0,0.0,0.0
1490,2016-10-14,1491,1496,2016-10-17,2016-10-24,0.011696318571955189,1.0,-0.0057812617413457446,-0.04628006938170248,0.7351280149838698,0.49607535321821034,outer_02,none,0.05,0,,False,5.0,0.0,0.0,0.0,0.0,0.0,0.0,0.0,0.0
1491,2016-10-17,1492,1497,2016-10-18,2016-10-25,0.007350056107790159,1.0,0.0035843333722516135,-0.0454026960705729,0.7197105912370952,0.49607535321821034,outer_02,none,0.05,0,,False,5.0,0.0,0.0,0.0,0.0,0.0,0.0,0.0,0.0
1492,2016-10-18,1493,1498,2016-10-19,2016-10-26,0.008697318300725954,1.0,0.00603789809403299,-0.040620472457660206,0.5142179209134348,0.49607535321821034,outer_02,none,0.05,0,,False,5.0,0.0,0.0,0.0,0.0,0.0,0.0,0.0,0.0
1493,2016-10-19,1494,1499,2016-10-20,2016-10-27,-0.002176845854049425,0.0,0.005576413486854115,-0.050934055969126035,0.5520043111064892,0.49607535321821034,outer_02,none,0.05,1,row1493_entry1494_exit1499,True,5.0,0.000499875041651048,-0.002176845854049425,-0.002676720895700473,0.0,-0.002676720895700473,0.0016769708123983772,-0.002676720895700473,0.0016769708123983772
1494,2016-10-20,1495,1500,2016-10-21,2016-10-28,0.0017997542037138103,1.0,-0.003092411861532973,-0.05537294699161599,0.5824696471899106,0.49607535321821034,outer_02,none,0.05,0,,False,5.0,0.0,0.0,0.0,0.0,0.0,0.0,0.0,0.0
1495,2016-10-21,1496,1501,2016-10-24,2016-10-31,0.008902579343833317,1.0,0.0008924164939045909,-0.055227791819866034,0.5858714310869695,0.49607535321821034,outer_02,none,0.05,0,,False,5.0,0.0,0.0,0.0,0.0,0.0,0.0,0.0,0.0
1496,2016-10-24,1497,1502,2016-10-25,2016-11-01,0.00955491465289171,1.0,-0.002078271752999683,-0.05666345245749049,0.6122722246282172,0.49607535321821034,outer_02,none,0.05,0,,False,5.0,0.0,0.0,0.0,0.0,0.0,0.0,0.0,0.0
1497,2016-10-25,1498,1503,2016-10-26,2016-11-02,0.011381678189190225,1.0,0.007651641134840403,-0.0407632740886843,0.5174374861869098,0.49607535321821034,outer_02,none,0.05,0,,False,5.0,0.0,0.0,0.0,0.0,0.0,0.0,0.0,0.0
1498,2016-10-26,1499,1504,2016-10-27,2016-11-03,0.024767522772808803,1.0,-0.0058181123437410776,-0.042503354545543104,0.6505691544459103,0.49607535321821034,outer_02,none,0.05,1,row1498_entry1499_exit1504,True,5.0,0.000499875041651048,0.024767522772808803,0.024267647731157756,0.0,0.024267647731157756,-0.02526739781445985,-0.02526739781445985,-0.02526739781445985
1499,2016-10-27,1500,1505,2016-10-28,2016-11-04,0.02799604294354996,1.0,0.0016094678030498244,-0.040083854410466024,0.5307755419662453,0.49607535321821034,outer_02,none,0.05,0,,False,5.0,0.0,0.0,0.0,0.0,0.0,0.0,0.0,0.0
1500,2016-10-28,1501,1506,2016-10-31,2016-11-07,0.01172235040050662,1.0,0.005652019778530359,-0.031010356418463836,0.45357241916772983,0.49607535321821034,outer_02,none,0.05,0,,False,5.0,0.0,0.0,0.0,0.0,0.0,0.0,0.0,0.0
1501,2016-10-31,1502,1507,2016-11-01,2016-11-08,0.004564112490961669,1.0,0.0009088844070337387,-0.026935105888751032,0.40391142302766997,0.49607535321821034,outer_02,none,0.05,0,,False,5.0,0.0,0.0,0.0,0.0,0.0,0.0,0.0,0.0
1502,2016-11-01,1503,1508,2016-11-02,2016-11-09,-0.011876410866951126,0.0,0.008709912328559,0.015326000454034094,0.25336243340931097,0.49607535321821034,outer_02,none,0.05,0,,False,5.0,0.0,-0.0,-0.0,0.0,-0.0,-0.0,-0.0,-0.0
1503,2016-11-02,1504,1509,2016-11-03,2016-11-10,-0.015392024325222131,0.0,0.006693180558393408,0.023407664711755594,0.23306898799072576,0.49607535321821034,outer_02,none,0.05,-1,row1503_entry1504_exit1509,True,5.0,0.000499875041651048,0.015392024325222131,0.014892149283571084,0.0,-0.01589189936687318,0.014892149283571084,-0.01589189936687318,-0.01589189936687318
1504,2016-11-03,1505,1510,2016-11-04,2016-11-11,-0.03499217771893459,0.0,0.003963784711269902,0.03712924972676657,0.30738403439120493,0.49607535321821034,outer_02,none,0.05,0,,False,5.0,0.0,-0.0,-0.0,0.0,-0.0,-0.0,-0.0,-0.0
1505,2016-11-04,1506,1511,2016-11-07,2016-11-14,-0.05022394165919142,0.0,0.0018648489159911463,0.03728158533060455,0.32569145034487557,0.49607535321821034,outer_02,none,0.05,0,,False,5.0,0.0,-0.0,-0.0,0.0,-0.0,-0.0,-0.0,-0.0
1506,2016-11-07,1507,1512,2016-11-08,2016-11-15,-0.04881472644914009,0.0,-0.01770587511406152,0.01724662462108384,0.4368132886613494,0.49607535321821034,outer_02,none,0.05,0,,False,5.0,0.0,-0.0,-0.0,0.0,-0.0,-0.0,-0.0,-0.0
1507,2016-11-08,1508,1513,2016-11-09,2016-11-16,-0.0360273255770327,0.0,-0.0045680038132625,0.018156210676120388,0.5390592538750868,0.49607535321821034,outer_02,none,0.05,0,,False,5.0,0.0,-0.0,-0.0,0.0,-0.0,-0.0,-0.0,-0.0
1508,2016-11-09,1509,1514,2016-11-10,2016-11-17,-0.04243038917834241,0.0,0.0012300943709231404,0.01727292336939712,0.6794244109583336,0.49607535321821034,outer_02,none,0.05,1,row1508_entry1509_exit1514,True,5.0,0.000499875041651048,-0.04243038917834241,-0.04293026421999346,0.0,-0.04293026421999346,0.04193051413669136,-0.04293026421999346,-0.04293026421999346
1509,2016-11-10,1510,1515,2016-11-11,2016-11-18,-0.034418184327124735,0.0,-0.014051642651235596,0.0012793161774551365,0.6686678470660373,0.49607535321821034,outer_02,none,0.05,0,,False,5.0,0.0,-0.0,-0.0,0.0,-0.0,-0.0,-0.0,-0.0
1510,2016-11-11,1511,1516,2016-11-14,2016-11-21,-0.017674004327427717,0.0,-0.02578032445479117,-0.01871974653599029,0.6055925538059734,0.49607535321821034,outer_02,none,0.05,0,,False,5.0,0.0,-0.0,-0.0,0.0,-0.0,-0.0,-0.0,-0.0
1511,2016-11-14,1512,1517,2016-11-15,2016-11-22,-0.006604533803170831,0.0,-0.005843119107725947,-0.02814719901596785,0.6627770804270495,0.49607535321821034,outer_02,none,0.05,0,,False,5.0,0.0,-0.0,-0.0,0.0,-0.0,-0.0,-0.0,-0.0
1512,2016-11-15,1513,1518,2016-11-16,2016-11-23,-0.012240235404169297,0.0,0.006747178886111094,-0.027437918223889746,0.6581570964523067,0.49607535321821034,outer_02,none,0.05,0,,False,5.0,0.0,-0.0,-0.0,0.0,-0.0,-0.0,-0.0,-0.0
1513,2016-11-16,1514,1519,2016-11-17,2016-11-24,-0.030635990134351587,0.0,-0.0028860754758612828,-0.03590040718660514,0.7168175652129882,0.49607535321821034,outer_02,none,0.05,1,row1513_entry1514_exit1519,True,5.0,0.000499875041651048,-0.030635990134351587,-0.031135865176002635,0.0,-0.031135865176002635,0.03013611509270054,0.03013611509270054,0.03013611509270054
1514,2016-11-17,1515,1520,2016-11-18,2016-11-25,-0.0263523810769124,0.0,-0.0066187975603018145,-0.039426792885373985,0.7946402842163717,0.49607535321821034,outer_02,none,0.05,0,,False,5.0,0.0,-0.0,-0.0,0.0,-0.0,-0.0,-0.0,-0.0
1515,2016-11-18,1516,1521,2016-11-21,2016-11-28,-0.01815223085630091,0.0,-0.0067787365181137815,-0.04709794589739236,0.8878393151722282,0.49607535321821034,outer_02,none,0.05,0,,False,5.0,0.0,-0.0,-0.0,0.0,-0.0,-0.0,-0.0,-0.0
1516,2016-11-21,1517,1522,2016-11-22,2016-11-29,-0.016662827715699713,0.0,0.00448307217429722,-0.040536601970095454,0.8520514164160115,0.49607535321821034,outer_02,none,0.05,0,,False,5.0,0.0,-0.0,-0.0,0.0,-0.0,-0.0,-0.0,-0.0
1517,2016-11-22,1518,1523,2016-11-23,2016-11-30,-0.020756169291738402,0.0,-0.001723150410500196,-0.04991139351543605,0.8882899086274992,0.49607535321821034,outer_02,none,0.05,0,,False,5.0,0.0,-0.0,-0.0,0.0,-0.0,-0.0,-0.0,-0.0
1518,2016-11-23,1519,1524,2016-11-24,2016-12-01,-0.012387493347532086,0.0,-0.02082852777969979,-0.06492180895139477,0.9367216988246934,0.49607535321821034,outer_02,none,0.05,1,row1518_entry1519_exit1524,True,5.0,0.000499875041651048,-0.012387493347532086,-0.012887368389183133,0.0,-0.012887368389183133,0.011887618305881038,0.011887618305881038,0.011887618305881038
1519,2016-11-24,1520,1525,2016-11-25,2016-12-02,-0.010579864777001902,0.0,-0.002395715853336533,-0.06892699260778112,0.9395986120849236,0.49607535321821034,outer_02,none,0.05,0,,False,5.0,0.0,-0.0,-0.0,0.0,-0.0,-0.0,-0.0,-0.0
1520,2016-11-25,1521,1526,2016-11-28,2016-12-05,-0.00026147870573645093,0.0,-0.00027029995011940144,-0.07484931233643088,0.9419854875109712,0.49607535321821034,outer_02,none,0.05,0,,False,5.0,0.0,-0.0,-0.0,0.0,-0.0,-0.0,-0.0,-0.0
1521,2016-11-28,1522,1527,2016-11-29,2016-12-06,-0.019830282545838962,0.0,0.00768344441816371,-0.06807475232530091,0.8654359846455807,0.49607535321821034,outer_02,none,0.05,0,,False,5.0,0.0,-0.0,-0.0,0.0,-0.0,-0.0,-0.0,-0.0
1522,2016-11-29,1523,1528,2016-11-30,2016-12-07,-0.015957446987097335,0.0,-0.003939542850436517,-0.08072420750429643,0.9091228408680306,0.49607535321821034,outer_02,none,0.05,0,,False,5.0,0.0,-0.0,-0.0,0.0,-0.0,-0.0,-0.0,-0.0
1523,2016-11-30,1524,1529,2016-12-01,2016-12-08,0.0003833196378995041,1.0,-0.013156914079121229,-0.10057430214181107,0.9457681991185594,0.49607535321821034,outer_02,none,0.05,1,row1523_entry1524_exit1529,True,5.0,0.000499875041651048,0.0003833196378995041,-0.00011655540375154387,0.0,-0.00011655540375154387,-0.000883194679550552,-0.000883194679550552,-0.000883194679550552
1524,2016-12-01,1525,1530,2016-12-02,2016-12-09,-0.0020149419837487414,0.0,-0.001134855982304117,-0.10567294283538509,0.9187791289321295,0.49607535321821034,outer_02,none,0.05,0,,False,5.0,0.0,-0.0,-0.0,0.0,-0.0,-0.0,-0.0,-0.0
1525,2016-12-02,1526,1531,2016-12-05,2016-12-12,-0.022997169418917274,0.0,0.0047526663458539176,-0.10278512540552232,0.8992730023789112,0.49607535321821034,outer_02,none,0.05,0,,False,5.0,0.0,-0.0,-0.0,0.0,-0.0,-0.0,-0.0,-0.0
1526,2016-12-05,1527,1532,2016-12-06,2016-12-13,-0.005803876673483366,0.0,-0.005828982374110225,-0.09090823266557102,0.9550212058590412,0.49607535321821034,outer_02,none,0.05,0,,False,5.0,0.0,-0.0,-0.0,0.0,-0.0,-0.0,-0.0,-0.0
1527,2016-12-06,1528,1533,2016-12-07,2016-12-14,-0.009373524825022628,0.0,-0.0005043877566359711,-0.08684461660894449,0.9338438389945612,0.49607535321821034,outer_02,none,0.05,0,,False,5.0,0.0,-0.0,-0.0,0.0,-0.0,-0.0,-0.0,-0.0
1528,2016-12-07,1529,1534,2016-12-08,2016-12-15,-0.02764882513061373,0.0,0.0034657345589970134,-0.08460897642087062,0.8728209730784932,0.49607535321821034,outer_02,none,0.05,1,row1528_entry1529_exit1534,True,5.0,0.000499875041651048,-0.02764882513061373,-0.028148700172264778,0.0,-0.028148700172264778,0.027148950088962683,-0.028148700172264778,0.027148950088962683
1529,2016-12-08,1530,1535,2016-12-09,2016-12-16,-0.03632491259779069,0.0,-0.0026878869351651957,-0.07324522070480022,0.886007837167568,0.49607535321821034,outer_02,none,0.05,0,,False,5.0,0.0,-0.0,-0.0,0.0,-0.0,-0.0,-0.0,-0.0
1530,2016-12-09,1531,1536,2016-12-12,2016-12-19,-0.01976309283261024,0.0,-0.010306270639435233,-0.05777116688944428,0.9228462500978217,0.49607535321821034,outer_02,none,0.05,0,,False,5.0,0.0,-0.0,-0.0,0.0,-0.0,-0.0,-0.0,-0.0
1531,2016-12-12,1532,1537,2016-12-13,2016-12-20,-0.021395186832728008,0.0,0.002999769508916117,-0.04892827827280222,0.9461997472649467,0.49607535321821034,outer_02,none,0.05,0,,False,5.0,0.0,-0.0,-0.0,0.0,-0.0,-0.0,-0.0,-0.0
1532,2016-12-13,1533,1538,2016-12-14,2016-12-21,-0.02261961189629691,0.0,-0.0032501569632223948,-0.058925614122135705,0.9326239137693897,0.49607535321821034,outer_02,none,0.05,0,,False,5.0,0.0,-0.0,-0.0,0.0,-0.0,-0.0,-0.0,-0.0
1533,2016-12-14,1534,1539,2016-12-15,2016-12-22,-0.009518435620350374,0.0,-0.013142301283509461,-0.06918183992978388,0.950687222072209,0.49607535321821034,outer_02,none,0.05,1,row1533_entry1534_exit1539,True,5.0,0.000499875041651048,-0.009518435620350374,-0.010018310662001421,0.0,-0.010018310662001421,0.009018560578699326,0.009018560578699326,0.009018560578699326
1534,2016-12-15,1535,1540,2016-12-16,2016-12-23,-2.6588319752995915e-05,0.0,-0.013193198542321483,-0.07575624091180355,0.9653970922329229,0.49607535321821034,outer_02,none,0.05,0,,False,5.0,0.0,-0.0,-0.0,0.0,-0.0,-0.0,-0.0,-0.0
1535,2016-12-16,1536,1541,2016-12-19,2016-12-27,-0.0012333825313213254,0.0,0.005913541879291273,-0.0630639625143985,0.9767702419360126,0.49607535321821034,outer_02,none,0.05,0,,False,5.0,0.0,-0.0,-0.0,0.0,-0.0,-0.0,-0.0,-0.0
1536,2016-12-19,1537,1542,2016-12-20,2016-12-28,0.0005707837894304291,1.0,0.0033610223798499206,-0.0641860123088458,0.9483449747937214,0.49607535321821034,outer_02,none,0.05,0,,False,5.0,0.0,0.0,0.0,0.0,0.0,0.0,0.0,0.0
1537,2016-12-20,1538,1543,2016-12-21,2016-12-29,0.008624494650063319,1.0,-0.005937820282855277,-0.06840068218120088,0.9562196534595042,0.49607535321821034,outer_02,none,0.05,0,,False,5.0,0.0,0.0,0.0,0.0,0.0,0.0,0.0,0.0
1538,2016-12-21,1539,1544,2016-12-22,2016-12-30,0.023179339448827996,1.0,-0.00012371206915329225,-0.04769586647065438,0.9633882551733246,0.49607535321821034,outer_02,none,0.05,1,row1538_entry1539_exit1544,True,5.0,0.000499875041651048,0.023179339448827996,0.02267946440717695,0.0,0.02267946440717695,-0.023679214490479043,-0.023679214490479043,-0.023679214490479043
1539,2016-12-22,1540,1545,2016-12-23,2017-01-03,0.02050098774107756,1.0,-0.0030002810375977518,-0.0483004316549156,0.971518684968569,0.49607535321821034,outer_02,none,0.05,0,,False,5.0,0.0,0.0,0.0,0.0,0.0,0.0,0.0,0.0
1540,2016-12-23,1541,1546,2016-12-27,2017-01-04,0.021246776373778253,1.0,0.004589699380309398,-0.0434404323244868,0.9631834077483232,0.49607535321821034,outer_02,none,0.05,0,,False,5.0,0.0,0.0,0.0,0.0,0.0,0.0,0.0,0.0
1541,2016-12-27,1542,1547,2016-12-28,2017-01-05,0.02084159861715751,1.0,0.004814620368772893,-0.046309256373877616,0.9505286815113313,0.49607535321821034,outer_02,none,0.05,0,,False,5.0,0.0,0.0,0.0,0.0,0.0,0.0,0.0,0.0
1542,2016-12-28,1543,1548,2016-12-29,2017-01-06,0.032104255429823425,1.0,0.0023592259705047525,-0.04001048755293635,0.9352437918989209,0.49607535321821034,outer_02,none,0.05,0,,False,5.0,0.0,0.0,0.0,0.0,0.0,0.0,0.0,0.0
1543,2016-12-29,1544,1549,2016-12-30,2017-01-09,0.012871626262802138,1.0,0.014160575494669203,-0.012692997979145915,0.8327284721804487,0.49607535321821034,outer_02,none,0.05,1,row1543_entry1544_exit1549,True,5.0,0.000499875041651048,0.012871626262802138,0.01237175122115109,0.0,0.01237175122115109,-0.013371501304453186,0.01237175122115109,-0.013371501304453186
1544,2016-12-30,1545,1550,2017-01-03,2017-01-10,0.025884866952456953,1.0,-0.004943840022598955,-0.016501982019440753,0.878841599235369,0.49607535321821034,outer_02,none,0.05,0,,False,5.0,0.0,0.0,0.0,0.0,0.0,0.0,0.0,0.0
1545,2017-01-03,1546,1551,2017-01-04,2017-01-11,0.02453368186751792,1.0,0.006031490976635467,-0.015223157388659203,0.860841573179398,0.49607535321821034,outer_02,none,0.05,0,,False,5.0,0.0,0.0,0.0,0.0,0.0,0.0,0.0,0.0
1546,2017-01-04,1547,1552,2017-01-05,2017-01-12,0.02475342383334045,1.0,0.003058066843746765,-0.006336108170802213,0.8364408137183384,0.49607535321821034,outer_02,none,0.05,0,,False,5.0,0.0,0.0,0.0,0.0,0.0,0.0,0.0,0.0
1547,2017-01-05,1548,1553,2017-01-06,2017-01-13,0.012401169879844076,1.0,0.015075362117108249,0.009243641702942007,0.7770927208207858,0.49607535321821034,outer_02,none,0.05,0,,False,5.0,0.0,0.0,0.0,0.0,0.0,0.0,0.0,0.0
1548,2017-01-06,1549,1554,2017-01-09,2017-01-16,0.02181726856766808,1.0,-0.006553665998580982,-0.0007757588546359884,0.8629753020849673,0.49607535321821034,outer_02,none,0.05,1,row1548_entry1549_exit1554,True,5.0,0.000499875041651048,0.02181726856766808,0.021317393526017032,0.0,0.021317393526017032,-0.022317143609319127,-0.022317143609319127,-0.022317143609319127
1549,2017-01-09,1550,1555,2017-01-10,2017-01-17,0.017678943513221412,1.0,0.007155027125580027,0.009067155206109234,0.8801285154392208,0.49607535321821034,outer_02,none,0.05,0,,False,5.0,0.0,0.0,0.0,0.0,0.0,0.0,0.0,0.0
1550,2017-01-10,1551,1556,2017-01-11,2017-01-18,0.024085922732544063,1.0,0.005404460000922207,0.024777885846466674,0.8735927538868046,0.49607535321821034,outer_02,none,0.05,0,,False,5.0,0.0,0.0,0.0,0.0,0.0,0.0,0.0,0.0
1551,2017-01-11,1552,1557,2017-01-12,2017-01-19,0.01028037858853903,1.0,0.0033881950146676942,0.02516631135221825,0.8744225658101346,0.49607535321821034,outer_02,none,0.05,0,,False,5.0,0.0,0.0,0.0,0.0,0.0,0.0,0.0,0.0
1552,2017-01-12,1553,1558,2017-01-13,2017-01-20,0.0085370845636481,1.0,0.0033014668711750517,0.0317179351866157,0.8435584203589649,0.49607535321821034,outer_02,none,0.05,0,,False,5.0,0.0,0.0,0.0,0.0,0.0,0.0,0.0,0.0
1553,2017-01-13,1554,1559,2017-01-16,2017-01-23,0.010158944000170145,1.0,0.0016299513369526508,0.04649018780707781,0.8045559374319595,0.49607535321821034,outer_02,none,0.05,1,row1553_entry1554_exit1559,True,5.0,0.000499875041651048,0.010158944000170145,0.009659068958519097,0.0,0.009659068958519097,-0.010658819041821192,0.009659068958519097,0.009659068958519097
1554,2017-01-16,1555,1560,2017-01-17,2017-01-24,0.013253977130115224,1.0,0.004308645194176286,0.06399203154357558,0.8711836303095906,0.49607535321821034,outer_02,none,0.05,0,,False,5.0,0.0,0.0,0.0,0.0,0.0,0.0,0.0,0.0
1555,2017-01-17,1556,1561,2017-01-18,2017-01-25,-0.005911493476415508,0.0,0.011624480852287178,0.06970297051657148,0.8141989285801636,0.49607535321821034,outer_02,none,0.05,0,,False,5.0,0.0,-0.0,-0.0,0.0,-0.0,-0.0,-0.0,-0.0
1556,2017-01-18,1557,1562,2017-01-19,2017-01-26,-0.003242922467509679,0.0,-0.010718446518937164,0.0556235016177844,0.8687279755075995,0.49607535321821034,outer_02,none,0.05,0,,False,5.0,0.0,-0.0,-0.0,0.0,-0.0,-0.0,-0.0,-0.0
1557,2017-01-19,1558,1563,2017-01-20,2017-01-27,-0.013018123202444443,0.0,0.0009467181148234971,0.06250804001546317,0.7794432925015479,0.49607535321821034,outer_02,none,0.05,0,,False,5.0,0.0,-0.0,-0.0,0.0,-0.0,-0.0,-0.0,-0.0
1558,2017-01-20,1559,1564,2017-01-23,2017-01-30,-0.015067780965468458,0.0,0.0043152961563723835,0.06694704824098885,0.7658157958177988,0.49607535321821034,outer_02,none,0.05,1,row1558_entry1559_exit1564,True,5.0,0.000499875041651048,-0.015067780965468458,-0.015567656007119506,0.0,-0.015567656007119506,0.01456790592381741,-0.015567656007119506,-0.015567656007119506
1559,2017-01-23,1560,1565,2017-01-24,2017-01-31,-0.019650382938442235,0.0,0.006475180590011398,0.076422509868598,0.6312980011406953,0.49607535321821034,outer_02,none,0.05,0,,False,5.0,0.0,-0.0,-0.0,0.0,-0.0,-0.0,-0.0,-0.0
1560,2017-01-24,1561,1566,2017-01-25,2017-02-01,0.0009670261396044211,1.0,-0.0075253706716891244,0.06430743981659948,0.7025716922319423,0.49607535321821034,outer_02,none,0.05,0,,False,5.0,0.0,0.0,0.0,0.0,0.0,0.0,0.0,0.0
1561,2017-01-25,1562,1567,2017-01-26,2017-02-02,0.006839392857164839,1.0,-0.0075324136279304454,0.05196040581989614,0.750809864060573,0.49607535321821034,outer_02,none,0.05,0,,False,5.0,0.0,0.0,0.0,0.0,0.0,0.0,0.0,0.0
1562,2017-01-26,1563,1568,2017-01-27,2017-02-03,0.02154879257828668,1.0,-0.009397132778403261,0.040204047070988125,0.7993643298900525,0.49607535321821034,outer_02,none,0.05,0,,False,5.0,0.0,0.0,0.0,0.0,0.0,0.0,0.0,0.0
1563,2017-01-27,1564,1569,2017-01-30,2017-02-06,0.024339435882906102,1.0,0.002613589624918866,0.028657061201237788,0.7910932099265497,0.49607535321821034,outer_02,none,0.05,1,row1563_entry1564_exit1569,True,5.0,0.000499875041651048,0.024339435882906102,0.023839560841255054,0.0,0.023839560841255054,-0.02483931092455715,0.023839560841255054,0.023839560841255054
1564,2017-01-30,1565,1570,2017-01-31,2017-02-07,0.03214784518593028,1.0,0.00310891065718355,0.03670981188102029,0.7892609918716342,0.49607535321821034,outer_02,none,0.05,0,,False,5.0,0.0,0.0,0.0,0.0,0.0,0.0,0.0,0.0
1565,2017-01-31,1566,1571,2017-02-01,2017-02-08,0.019049441941334955,1.0,0.012604300622895082,0.04328262152727991,0.6296682872796024,0.49607535321821034,outer_02,none,0.05,0,,False,5.0,0.0,0.0,0.0,0.0,0.0,0.0,0.0,0.0
1566,2017-02-01,1567,1572,2017-02-02,2017-02-09,0.026077501476764908,1.0,-0.0005454410356451334,0.03967911364788801,0.6988973975772566,0.49607535321821034,outer_02,none,0.05,0,,False,5.0,0.0,0.0,0.0,0.0,0.0,0.0,0.0,0.0
1567,2017-02-02,1568,1573,2017-02-03,2017-02-10,0.011099401826969668,1.0,0.004980549908981224,0.029584301439760985,0.7222113316569388,0.49607535321821034,outer_02,none,0.05,0,,False,5.0,0.0,0.0,0.0,0.0,0.0,0.0,0.0,0.0
1568,2017-02-03,1569,1574,2017-02-06,2017-02-13,0.006930260674735678,1.0,0.0034569294061093103,0.03959489684445128,0.7394695178180173,0.49607535321821034,outer_02,none,0.05,1,row1568_entry1569_exit1574,True,5.0,0.000499875041651048,0.006930260674735678,0.00643038563308463,0.0,0.00643038563308463,-0.007430135716386725,0.00643038563308463,0.00643038563308463
1569,2017-02-06,1570,1575,2017-02-07,2017-02-14,-0.007399731271674703,0.0,0.012625401883292753,0.045065271602164,0.6930452684024205,0.49607535321821034,outer_02,none,0.05,0,,False,5.0,0.0,-0.0,-0.0,0.0,-0.0,-0.0,-0.0,-0.0
1570,2017-02-07,1571,1576,2017-02-08,2017-02-15,-0.0043620482219095535,0.0,-0.0015877262402028691,0.03807308536103893,0.7426506303856004,0.49607535321821034,outer_02,none,0.05,0,,False,5.0,0.0,-0.0,-0.0,0.0,-0.0,-0.0,-0.0,-0.0
1571,2017-02-08,1572,1577,2017-02-09,2017-02-16,-0.005997722362132585,0.0,0.00661775141894605,0.04130264176531728,0.8085318361693876,0.49607535321821034,outer_02,none,0.05,0,,False,5.0,0.0,-0.0,-0.0,0.0,-0.0,-0.0,-0.0,-0.0
1572,2017-02-09,1573,1578,2017-02-10,2017-02-17,0.00825251730737886,1.0,-0.011461281054370609,0.026539893839771622,0.817617178664156,0.49607535321821034,outer_02,none,0.05,0,,False,5.0,0.0,0.0,0.0,0.0,0.0,0.0,0.0,0.0
1573,2017-02-10,1574,1579,2017-02-13,2017-02-20,0.003973375537538182,1.0,0.004997552260841864,0.029907494763660836,0.8199627730891698,0.49607535321821034,outer_02,none,0.05,1,row1573_entry1574_exit1579,True,5.0,0.000499875041651048,0.003973375537538182,0.003473500495887134,0.0,0.003473500495887134,-0.004473250579189229,0.003473500495887134,0.003473500495887134
1574,2017-02-13,1575,1580,2017-02-14,2017-02-21,0.00961709885494777,1.0,-0.006897476590780549,0.018701372978704,0.7664496732469879,0.49607535321821034,outer_02,none,0.05,0,,False,5.0,0.0,0.0,0.0,0.0,0.0,0.0,0.0,0.0
1575,2017-02-14,1576,1581,2017-02-15,2017-02-22,0.006030348481700365,1.0,0.002746795436292082,0.009823687562708905,0.7807455336519079,0.49607535321821034,outer_02,none,0.05,0,,False,5.0,0.0,0.0,0.0,0.0,0.0,0.0,0.0,0.0
1576,2017-02-15,1577,1582,2017-02-16,2017-02-23,0.0027527484127114477,1.0,0.003445225193928536,0.023987359275574605,0.7618921070621245,0.49607535321821034,outer_02,none,0.05,0,,False,5.0,0.0,0.0,0.0,0.0,0.0,0.0,0.0,0.0
1577,2017-02-16,1578,1583,2017-02-17,2017-02-24,0.008593265929647487,1.0,0.005016557032750946,0.028057198193502053,0.6217344759350746,0.49607535321821034,outer_02,none,0.05,0,,False,5.0,0.0,0.0,0.0,0.0,0.0,0.0,0.0,0.0
1578,2017-02-17,1579,1584,2017-02-20,2017-02-27,0.01650197165543066,1.0,-0.0033793648562578937,0.020362537180871776,0.6215539977389315,0.49607535321821034,outer_02,none,0.05,1,row1578_entry1579_exit1584,True,5.0,0.000499875041651048,0.01650197165543066,0.01600209661377961,0.0,0.01600209661377961,-0.017001846697081706,-0.017001846697081706,0.01600209661377961
1579,2017-02-20,1580,1585,2017-02-21,2017-02-28,0.012443776691235087,1.0,0.002095258123192778,0.015982614714053156,0.6824346009454543,0.49607535321821034,outer_02,none,0.05,0,,False,5.0,0.0,0.0,0.0,0.0,0.0,0.0,0.0,0.0
1580,2017-02-21,1581,1586,2017-02-22,2017-03-01,0.010208113375386851,1.0,-0.0013504937014579,0.02215749168428438,0.7539077030566932,0.49607535321821034,outer_02,none,0.05,0,,False,5.0,0.0,0.0,0.0,0.0,0.0,0.0,0.0,0.0
1581,2017-02-22,1582,1587,2017-02-23,2017-03-02,0.009383166392344933,1.0,0.0013747373991073175,0.031064642711322143,0.6897524876366813,0.49607535321821034,outer_02,none,0.05,0,,False,5.0,0.0,0.0,0.0,0.0,0.0,0.0,0.0,0.0
1582,2017-02-23,1583,1588,2017-02-24,2017-03-03,-0.012200429162493087,0.0,0.009442530667427285,0.04990430615715269,0.6328175303498841,0.49607535321821034,outer_02,none,0.05,0,,False,5.0,0.0,-0.0,-0.0,0.0,-0.0,-0.0,-0.0,-0.0
1583,2017-02-24,1584,1589,2017-02-27,2017-03-06,-0.01851912216340068,0.0,0.006216677311098984,0.05350739384333281,0.7200136757551324,0.49607535321821034,outer_02,none,0.05,1,row1583_entry1584_exit1589,True,5.0,0.000499875041651048,-0.01851912216340068,-0.01901899720505173,0.0,-0.01901899720505173,0.018019247121749633,-0.01901899720505173,-0.01901899720505173
1584,2017-02-27,1585,1590,2017-02-28,2017-03-07,-0.021775255687948025,0.0,-0.0034107967145562412,0.046987686471593015,0.7637766568428457,0.49607535321821034,outer_02,none,0.05,0,,False,5.0,0.0,-0.0,-0.0,0.0,-0.0,-0.0,-0.0,-0.0
1585,2017-02-28,1586,1591,2017-03-01,2017-03-08,-0.026499410065760287,0.0,-0.0037589519207728017,0.030624433927925132,0.6736323252406313,0.49607535321821034,outer_02,none,0.05,0,,False,5.0,0.0,-0.0,-0.0,0.0,-0.0,-0.0,-0.0,-0.0
1586,2017-03-01,1587,1592,2017-03-02,2017-03-09,-0.03275351295241524,0.0,0.0009850915610227773,0.03215496652459304,0.5820011655483254,0.49607535321821034,outer_02,none,0.05,0,,False,5.0,0.0,-0.0,-0.0,0.0,-0.0,-0.0,-0.0,-0.0
1587,2017-03-02,1588,1593,2017-03-03,2017-03-10,-0.027434985567714065,0.0,-0.012128682142414249,0.01504573447319757,0.686795103455254,0.49607535321821034,outer_02,none,0.05,0,,False,5.0,0.0,-0.0,-0.0,0.0,-0.0,-0.0,-0.0,-0.0
1588,2017-03-03,1589,1594,2017-03-06,2017-03-13,-0.022187785020530093,0.0,0.0002025447732147967,0.011791349840303056,0.6550175421257718,0.49607535321821034,outer_02,none,0.05,1,row1588_entry1589_exit1594,True,5.0,0.000499875041651048,-0.022187785020530093,-0.02268766006218114,0.0,-0.02268766006218114,0.021687909978879046,-0.02268766006218114,-0.02268766006218114
1589,2017-03-06,1590,1595,2017-03-07,2017-03-14,-0.019369130642953536,0.0,-0.007513452161303391,-0.008347504204293088,0.6441495224202268,0.49607535321821034,outer_02,none,0.05,0,,False,5.0,0.0,-0.0,-0.0,0.0,-0.0,-0.0,-0.0,-0.0
1590,2017-03-07,1591,1596,2017-03-08,2017-03-15,-0.01386380571543011,0.0,-0.007751278106306714,-0.014511056070396933,0.6580034605205732,0.49607535321821034,outer_02,none,0.05,0,,False,5.0,0.0,-0.0,-0.0,0.0,-0.0,-0.0,-0.0,-0.0
1591,2017-03-08,1592,1597,2017-03-09,2017-03-16,0.008751096166437655,1.0,-0.0065773694190705,-0.027706176908413482,0.687707182600205,0.49607535321821034,outer_02,none,0.05,0,,False,5.0,0.0,0.0,0.0,0.0,0.0,0.0,0.0,0.0
1592,2017-03-09,1593,1598,2017-03-10,2017-03-17,0.02111950877869706,1.0,-0.006237587655758325,-0.0224824835098012,0.7118153679304728,0.49607535321821034,outer_02,none,0.05,0,,False,5.0,0.0,0.0,0.0,0.0,0.0,0.0,0.0,0.0
1593,2017-03-10,1594,1599,2017-03-13,2017-03-20,0.02004466612581801,1.0,0.0034848891868222154,-0.023995146583820848,0.7107195949209442,0.49607535321821034,outer_02,none,0.05,1,row1593_entry1594_exit1599,True,5.0,0.000499875041651048,0.02004466612581801,0.019544791084166964,0.0,0.019544791084166964,-0.02054454116746906,0.019544791084166964,-0.02054454116746906
1594,2017-03-13,1595,1600,2017-03-14,2017-03-21,0.026556153448830777,1.0,-0.0006062795798911225,-0.01770394957293142,0.7531728891693448,0.49607535321821034,outer_02,none,0.05,0,,False,5.0,0.0,0.0,0.0,0.0,0.0,0.0,0.0,0.0
1595,2017-03-14,1596,1601,2017-03-15,2017-03-22,0.0378450297889561,1.0,-0.004354403113649319,-0.024805148122872822,0.7913151254543711,0.49607535321821034,outer_02,none,0.05,0,,False,5.0,0.0,0.0,0.0,0.0,0.0,0.0,0.0,0.0
1596,2017-03-15,1597,1602,2017-03-16,2017-03-23,0.023153030536636088,1.0,0.01664870937049301,-0.01160166394630835,0.6437658289932188,0.49607535321821034,outer_02,none,0.05,0,,False,5.0,0.0,0.0,0.0,0.0,0.0,0.0,0.0,0.0
1597,2017-03-16,1598,1603,2017-03-17,2017-03-24,0.014851297359058435,1.0,0.006070541427210863,-0.010547679551848432,0.6477717605613157,0.49607535321821034,outer_02,none,0.05,0,,False,5.0,0.0,0.0,0.0,0.0,0.0,0.0,0.0,0.0
1598,2017-03-17,1599,1604,2017-03-20,2017-03-27,0.014169411846686408,1.0,0.002639233222305748,-0.004529081473284791,0.6523718477531202,0.49607535321821034,outer_02,none,0.05,1,row1598_entry1599_exit1604,True,5.0,0.000499875041651048,0.014169411846686408,0.01366953680503536,0.0,0.01366953680503536,-0.014669286888337456,0.01366953680503536,-0.014669286888337456
1599,2017-03-20,1600,1605,2017-03-21,2017-03-28,0.015426164914962293,1.0,0.003953938177898131,-0.002670401418579438,0.6016745735884377,0.49607535321821034,outer_02,none,0.05,0,,False,5.0,0.0,0.0,0.0,0.0,0.0,0.0,0.0,0.0
1600,2017-03-21,1601,1606,2017-03-22,2017-03-29,0.00447062395842579,1.0,0.008656875242619044,0.007336967525497506,0.5721846123337472,0.49607535321821034,outer_02,none,0.05,0,,False,5.0,0.0,0.0,0.0,0.0,0.0,0.0,0.0,0.0
1601,2017-03-22,1602,1607,2017-03-23,2017-03-30,0.004247717542464002,1.0,0.0031520339856490054,0.009114264112039194,0.5440513123179204,0.49607535321821034,outer_02,none,0.05,0,,False,5.0,0.0,0.0,0.0,0.0,0.0,0.0,0.0,0.0
1602,2017-03-23,1603,1608,2017-03-24,2017-03-31,-0.0009725320757691946,0.0,-0.0027344001962177344,-0.003062666751605825,0.569811490598343,0.49607535321821034,outer_02,none,0.05,0,,False,5.0,0.0,-0.0,-0.0,0.0,-0.0,-0.0,-0.0,-0.0
1603,2017-03-24,1604,1609,2017-03-27,2017-04-03,-0.00012019086323533656,0.0,0.00016058194932799807,-0.00911876211337681,0.6381446594657958,0.49607535321821034,outer_02,none,0.05,1,row1603_entry1604_exit1609,True,5.0,0.000499875041651048,-0.00012019086323533656,-0.0006200659048863845,0.0,-0.0006200659048863845,-0.0003796841784157114,-0.0006200659048863845,-0.0003796841784157114
1604,2017-03-27,1605,1610,2017-03-28,2017-04-04,0.0004306632280179912,1.0,0.006816953501101786,0.0011089881022812165,0.6820329702381748,0.49607535321821034,outer_02,none,0.05,0,,False,5.0,0.0,0.0,0.0,0.0,0.0,0.0,0.0,0.0
1605,2017-03-28,1606,1611,2017-03-29,2017-04-05,0.0038218080802927545,1.0,-0.0020913496024315137,0.0027765904206225045,0.6537762520861774,0.49607535321821034,outer_02,none,0.05,0,,False,5.0,0.0,0.0,0.0,0.0,0.0,0.0,0.0,0.0
1606,2017-03-29,1607,1612,2017-03-30,2017-04-06,0.002407814597612301,1.0,0.0012776799074174505,0.0030691787670171777,0.6088627477824103,0.49607535321821034,outer_02,none,0.05,0,,False,5.0,0.0,0.0,0.0,0.0,0.0,0.0,0.0,0.0
1607,2017-03-30,1608,1613,2017-03-31,2017-04-07,0.006524341055603067,1.0,-0.0077228503206034915,0.007475010588827935,0.6035847462087439,0.49607535321821034,outer_02,none,0.05,0,,False,5.0,0.0,0.0,0.0,0.0,0.0,0.0,0.0,0.0
1608,2017-03-31,1609,1614,2017-04-03,2017-04-10,0.005322604812079135,1.0,0.004437515055440322,0.01170998087105346,0.6763457210759708,0.49607535321821034,outer_02,none,0.05,1,row1608_entry1609_exit1614,True,5.0,0.000499875041651048,0.005322604812079135,0.004822729770428087,0.0,0.004822729770428087,-0.005822479853730182,0.004822729770428087,0.004822729770428087
1609,2017-04-03,1610,1615,2017-04-04,2017-04-11,0.000741263290000127,1.0,0.0030698412442884404,0.022293274276645292,0.6192199162738005,0.49607535321821034,outer_02,none,0.05,0,,False,5.0,0.0,0.0,0.0,0.0,0.0,0.0,0.0,0.0
1610,2017-04-04,1611,1616,2017-04-05,2017-04-12,0.014240377905653467,1.0,0.0025350980979448323,0.03257965048089684,0.5852952105162764,0.49607535321821034,outer_02,none,0.05,0,,False,5.0,0.0,0.0,0.0,0.0,0.0,0.0,0.0,0.0
1611,2017-04-05,1612,1617,2017-04-06,2017-04-13,0.023095569346144096,1.0,-0.0006132550895241451,0.03854376481044319,0.6217592901346559,0.49607535321821034,outer_02,none,0.05,0,,False,5.0,0.0,0.0,0.0,0.0,0.0,0.0,0.0,0.0
1612,2017-04-06,1613,1618,2017-04-07,2017-04-17,0.031123358028183112,1.0,-0.002744339531229656,0.04203701293497186,0.7709150117456648,0.49607535321821034,outer_02,none,0.05,0,,False,5.0,0.0,0.0,0.0,0.0,0.0,0.0,0.0,0.0
1613,2017-04-07,1614,1619,2017-04-10,2017-04-18,0.023529385223351795,1.0,0.0020190983168992815,0.04057122206504893,0.7160897589769314,0.49607535321821034,outer_02,none,0.05,1,row1613_entry1614_exit1619,True,5.0,0.000499875041651048,0.023529385223351795,0.023029510181700748,0.0,0.023029510181700748,-0.024029260265002843,0.023029510181700748,0.023029510181700748
1614,2017-04-10,1615,1620,2017-04-11,2017-04-19,0.027047475793375853,1.0,0.00026306034995293714,0.04144056199489299,0.6961286366443169,0.49607535321821034,outer_02,none,0.05,0,,False,5.0,0.0,0.0,0.0,0.0,0.0,0.0,0.0,0.0
1615,2017-04-11,1616,1621,2017-04-12,2017-04-20,0.0044650275106494774,1.0,0.015265902187047153,0.06106086729558946,0.5793764409935711,0.49607535321821034,outer_02,none,0.05,0,,False,5.0,0.0,0.0,0.0,0.0,0.0,0.0,0.0,0.0
1616,2017-04-12,1617,1622,2017-04-13,2017-04-21,-0.0028286798493182275,0.0,0.00985760653691159,0.05426976446200804,0.6701643861734429,0.49607535321821034,outer_02,none,0.05,0,,False,5.0,0.0,-0.0,-0.0,0.0,-0.0,-0.0,-0.0,-0.0
1617,2017-04-13,1618,1623,2017-04-17,2017-04-24,-0.017885594780191916,0.0,0.0006915334056989408,0.04889075644049612,0.6177640691140549,0.49607535321821034,outer_02,none,0.05,0,,False,5.0,0.0,-0.0,-0.0,0.0,-0.0,-0.0,-0.0,-0.0
1618,2017-04-17,1619,1624,2017-04-18,2017-04-25,-0.007015763397582475,0.0,-0.00202155355206024,0.04422996966613013,0.7201027997498219,0.49607535321821034,outer_02,none,0.05,1,row1618_entry1619_exit1624,True,5.0,0.000499875041651048,-0.007015763397582475,-0.007515638439233523,0.0,-0.007515638439233523,0.006515888355931428,0.006515888355931428,-0.007515638439233523
1619,2017-04-18,1620,1625,2017-04-19,2017-04-26,-0.020448207063873625,0.0,0.003852970618098084,0.044129002106330084,0.7219933479445608,0.49607535321821034,outer_02,none,0.05,0,,False,5.0,0.0,-0.0,-0.0,0.0,-0.0,-0.0,-0.0,-0.0
1620,2017-04-19,1621,1626,2017-04-20,2017-04-27,-0.008327266193157712,0.0,-0.008299190471771745,0.027172936391939295,0.7230314471424392,0.49607535321821034,outer_02,none,0.05,0,,False,5.0,0.0,-0.0,-0.0,0.0,-0.0,-0.0,-0.0,-0.0
1621,2017-04-20,1622,1627,2017-04-21,2017-04-28,-0.01374238366696634,0.0,0.0017886647196032612,0.02580956712589355,0.6834531557047832,0.49607535321821034,outer_02,none,0.05,0,,False,5.0,0.0,-0.0,-0.0,0.0,-0.0,-0.0,-0.0,-0.0
1622,2017-04-21,1623,1628,2017-04-24,2017-05-01,0.0001340191964791515,1.0,0.002229394621832803,0.03077336194394409,0.6594335679938511,0.49607535321821034,outer_02,none,0.05,0,,False,5.0,0.0,0.0,0.0,0.0,0.0,0.0,0.0,0.0
1623,2017-04-24,1624,1629,2017-04-25,2017-05-02,-0.01557352503810705,0.0,-0.00695402227294295,0.02365875772167314,0.6759448930369819,0.49607535321821034,outer_02,none,0.05,1,row1623_entry1624_exit1629,True,5.0,0.000499875041651048,-0.01557352503810705,-0.016073400079758098,0.0,-0.016073400079758098,0.015073649996456003,0.015073649996456003,-0.016073400079758098
1624,2017-04-25,1625,1630,2017-04-26,2017-05-03,-0.005683412001034505,0.0,-0.009508837910041201,0.0073329663105301535,0.7283264152354734,0.49607535321821034,outer_02,none,0.05,0,,False,5.0,0.0,-0.0,-0.0,0.0,-0.0,-0.0,-0.0,-0.0
1625,2017-04-26,1626,1631,2017-04-27,2017-05-04,-0.02470305533619488,0.0,0.004643604446083138,0.014067920359044805,0.6729838598632708,0.49607535321821034,outer_02,none,0.05,0,,False,5.0,0.0,-0.0,-0.0,0.0,-0.0,-0.0,-0.0,-0.0
1626,2017-04-27,1627,1632,2017-04-28,2017-05-05,-0.02838202375451182,0.0,-0.003923539530002351,0.008866700921625004,0.6832337385379263,0.49607535321821034,outer_02,none,0.05,0,,False,5.0,0.0,-0.0,-0.0,0.0,-0.0,-0.0,-0.0,-0.0
1627,2017-04-28,1628,1633,2017-05-01,2017-05-08,-0.034957881566375804,0.0,0.0029697283517036155,0.01955927959393211,0.6895994569793191,0.49607535321821034,outer_02,none,0.05,0,,False,5.0,0.0,-0.0,-0.0,0.0,-0.0,-0.0,-0.0,-0.0
1628,2017-05-01,1629,1634,2017-05-02,2017-05-09,-0.023673844892700302,0.0,-0.008808466132076198,0.006313298406415591,0.7433027806790815,0.49607535321821034,outer_02,none,0.05,1,row1628_entry1629_exit1634,True,5.0,0.000499875041651048,-0.023673844892700302,-0.02417371993435135,0.0,-0.02417371993435135,0.023173969851049254,0.023173969851049254,-0.02417371993435135
1629,2017-05-02,1630,1635,2017-05-03,2017-05-10,-0.028518689962370836,0.0,-9.547982598068216e-05,0.003147977336146468,0.7461881503972538,0.49607535321821034,outer_02,none,0.05,0,,False,5.0,0.0,-0.0,-0.0,0.0,-0.0,-0.0,-0.0,-0.0
1630,2017-05-03,1631,1636,2017-05-04,2017-05-11,-0.015279279082162311,0.0,-0.014587683041138,-0.013974803802936364,0.6323809366078628,0.49607535321821034,outer_02,none,0.05,0,,False,5.0,0.0,-0.0,-0.0,0.0,-0.0,-0.0,-0.0,-0.0
1631,2017-05-04,1632,1637,2017-05-05,2017-05-12,-0.002665092553222337,0.0,-0.008994346951869403,-0.022355895665281622,0.632155870759842,0.49607535321821034,outer_02,none,0.05,0,,False,5.0,0.0,-0.0,-0.0,0.0,-0.0,-0.0,-0.0,-0.0
1632,2017-05-05,1633,1638,2017-05-08,2017-05-15,0.004032739862953605,1.0,8.146573148515301e-05,-0.019530090402566813,0.6531293809732649,0.49607535321821034,outer_02,none,0.05,0,,False,5.0,0.0,0.0,0.0,0.0,0.0,0.0,0.0,0.0
1633,2017-05-08,1634,1639,2017-05-09,2017-05-16,0.0038169072459810494,1.0,-0.0011003477393654038,-0.0226495364588315,0.7036110874202464,0.49607535321821034,outer_02,none,0.05,1,row1633_entry1634_exit1639,True,5.0,0.000499875041651048,0.0038169072459810494,0.0033170322043300014,0.0,0.0033170322043300014,-0.004316782287632097,-0.004316782287632097,-0.004316782287632097
1634,2017-05-09,1635,1640,2017-05-10,2017-05-17,0.012744935441985739,1.0,-0.004044998916701736,-0.026957595725486172,0.6688110212028865,0.49607535321821034,outer_02,none,0.05,0,,False,5.0,0.0,0.0,0.0,0.0,0.0,0.0,0.0,0.0
1635,2017-05-10,1636,1641,2017-05-11,2017-05-18,0.03287978466864505,1.0,-0.0018604656529195296,-0.044083963565452855,0.7465693610902984,0.49607535321821034,outer_02,none,0.05,0,,False,5.0,0.0,0.0,0.0,0.0,0.0,0.0,0.0,0.0
1636,2017-05-11,1637,1642,2017-05-12,2017-05-19,0.017065108657385863,1.0,0.004779411836235425,-0.04916215826612902,0.773798808501264,0.49607535321821034,outer_02,none,0.05,0,,False,5.0,0.0,0.0,0.0,0.0,0.0,0.0,0.0,0.0
1637,2017-05-12,1638,1643,2017-05-15,2017-05-22,0.020210187390037326,1.0,0.0029755739740213727,-0.04687811769780659,0.7479868874798962,0.49607535321821034,outer_02,none,0.05,0,,False,5.0,0.0,0.0,0.0,0.0,0.0,0.0,0.0,0.0
1638,2017-05-15,1639,1644,2017-05-16,2017-05-23,0.02346570115142832,1.0,0.0013015750893856648,-0.04355498905636068,0.7308953244122389,0.49607535321821034,outer_02,none,0.05,1,row1638_entry1639_exit1644,True,5.0,0.000499875041651048,0.02346570115142832,0.022965826109777272,0.0,0.022965826109777272,-0.023965576193079367,0.022965826109777272,-0.023965576193079367
1639,2017-05-16,1640,1645,2017-05-17,2017-05-24,0.011993423666139869,1.0,0.005569464301876437,-0.04183849537258233,0.708709712281621,0.49607535321821034,outer_02,none,0.05,0,,False,5.0,0.0,0.0,0.0,0.0,0.0,0.0,0.0,0.0
1640,2017-05-17,1641,1646,2017-05-18,2017-05-25,-0.0014615588853574835,0.0,0.01878839263716081,-0.014750912263649774,0.40704478262307003,0.49607535321821034,outer_02,none,0.05,0,,False,5.0,0.0,-0.0,-0.0,0.0,-0.0,-0.0,-0.0,-0.0
1641,2017-05-18,1642,1647,2017-05-19,2017-05-26,0.007298223034493567,1.0,-0.01104930725830755,-0.027588884241560585,0.6206862507999118,0.49607535321821034,outer_02,none,0.05,0,,False,5.0,0.0,0.0,0.0,0.0,0.0,0.0,0.0,0.0
1642,2017-05-19,1643,1648,2017-05-22,2017-05-29,0.00971331769751238,1.0,0.007010728625686191,-0.022807550237707197,0.5890966120894583,0.49607535321821034,outer_02,none,0.05,0,,False,5.0,0.0,0.0,0.0,0.0,0.0,0.0,0.0,0.0
1643,2017-05-22,1644,1649,2017-05-23,2017-05-30,0.0050889084010048435,1.0,0.003784660757818692,-0.012068867206945555,0.6895282839014998,0.49607535321821034,outer_02,none,0.05,1,row1643_entry1644_exit1649,True,5.0,0.000499875041651048,0.0050889084010048435,0.004589033359353796,0.0,0.004589033359353796,-0.005588783442655891,0.004589033359353796,-0.005588783442655891
1644,2017-05-23,1645,1650,2017-05-24,2017-05-31,0.008774882179797494,1.0,-0.006976161316509355,-0.009536190613413709,0.7548189377693435,0.49607535321821034,outer_02,none,0.05,0,,False,5.0,0.0,0.0,0.0,0.0,0.0,0.0,0.0,0.0
1645,2017-05-24,1646,1651,2017-05-25,2017-06-01,0.008438000260518663,1.0,0.005578459355340293,-0.008601335704156554,0.7321162095436899,0.49607535321821034,outer_02,none,0.05,0,,False,5.0,0.0,0.0,0.0,0.0,0.0,0.0,0.0,0.0
1646,2017-05-25,1647,1652,2017-05-26,2017-06-02,0.00802783895985204,1.0,-0.0021002227272699514,-0.006778018901424154,0.6411233535908888,0.49607535321821034,outer_02,none,0.05,0,,False,5.0,0.0,0.0,0.0,0.0,0.0,0.0,0.0,0.0
1647,2017-05-26,1648,1653,2017-05-29,2017-06-05,0.009612060718386495,1.0,0.00891932196323797,-0.0008284252898898004,0.593052299370627,0.49607535321821034,outer_02,none,0.05,0,,False,5.0,0.0,0.0,0.0,0.0,0.0,0.0,0.0,0.0
1648,2017-05-29,1649,1654,2017-05-30,2017-06-06,0.010460198562337375,1.0,-0.0003473537991220965,0.007632687043064301,0.6729020630712138,0.49607535321821034,outer_02,none,0.05,1,row1648_entry1649_exit1654,True,5.0,0.000499875041651048,0.010460198562337375,0.009960323520686327,0.0,0.009960323520686327,-0.010960073603988423,-0.010960073603988423,0.009960323520686327
1649,2017-05-30,1650,1655,2017-05-31,2017-06-07,0.024767566333514957,1.0,-0.002688173661800519,0.005039993207244464,0.6592328922926133,0.49607535321821034,outer_02,none,0.05,0,,False,5.0,0.0,0.0,0.0,0.0,0.0,0.0,0.0,0.0
1650,2017-05-31,1651,1656,2017-06-01,2017-06-08,0.014026199908346193,1.0,0.004423737366622937,0.0240514136150054,0.6016714511087953,0.49607535321821034,outer_02,none,0.05,0,,False,5.0,0.0,0.0,0.0,0.0,0.0,0.0,0.0,0.0
1651,2017-06-01,1652,1657,2017-06-02,2017-06-09,0.011195861777438587,1.0,-0.0024306334767363325,0.030615127090138472,0.6723490998469431,0.49607535321821034,outer_02,none,0.05,0,,False,5.0,0.0,0.0,0.0,0.0,0.0,0.0,0.0,0.0
1652,2017-06-02,1653,1658,2017-06-05,2017-06-12,-0.010235632542095807,0.0,0.010172323956336271,0.04070598531498959,0.7161776739974435,0.49607535321821034,outer_02,none,0.05,0,,False,5.0,0.0,-0.0,-0.0,0.0,-0.0,-0.0,-0.0,-0.0
1653,2017-06-05,1654,1659,2017-06-06,2017-06-13,-0.011313137699980658,0.0,0.00068022160645409,0.042486554660809084,0.7396449603797884,0.49607535321821034,outer_02,none,0.05,1,row1653_entry1654_exit1659,True,5.0,0.000499875041651048,-0.011313137699980658,-0.011813012741631705,0.0,-0.011813012741631705,0.01081326265832961,-0.011813012741631705,-0.011813012741631705
1654,2017-06-06,1655,1660,2017-06-07,2017-06-14,-0.021667475276756498,0.0,0.011261704114905235,0.057793257692416056,0.6817133290053443,0.49607535321821034,outer_02,none,0.05,0,,False,5.0,0.0,-0.0,-0.0,0.0,-0.0,-0.0,-0.0,-0.0
1655,2017-06-07,1656,1661,2017-06-08,2017-06-15,-0.02086771368783147,0.0,-0.0054945406081445824,0.054159182737191,0.6728480735456936,0.49607535321821034,outer_02,none,0.05,0,,False,5.0,0.0,-0.0,-0.0,0.0,-0.0,-0.0,-0.0,-0.0
1656,2017-06-08,1657,1662,2017-06-09,2017-06-16,-0.02021179586605193,0.0,-0.0063457133954614164,0.04303405750549416,0.7173218953681807,0.49607535321821034,outer_02,none,0.05,0,,False,5.0,0.0,-0.0,-0.0,0.0,-0.0,-0.0,-0.0,-0.0
1657,2017-06-09,1658,1663,2017-06-12,2017-06-19,-0.010445202591109926,0.0,-0.009499971261575979,0.03055851226989681,0.7194254731026696,0.49607535321821034,outer_02,none,0.05,0,,False,5.0,0.0,-0.0,-0.0,0.0,-0.0,-0.0,-0.0,-0.0
1658,2017-06-12,1659,1664,2017-06-13,2017-06-20,-0.01738217844529988,0.0,-0.0007424198488115152,0.02851451733169963,0.7066136297193069,0.49607535321821034,outer_02,none,0.05,1,row1658_entry1659_exit1664,True,5.0,0.000499875041651048,-0.01738217844529988,-0.017882053486950926,0.0,-0.017882053486950926,0.01688230340364883,0.01688230340364883,-0.017882053486950926
1659,2017-06-13,1660,1665,2017-06-14,2017-06-21,-0.018119007005259924,0.0,0.00047394863284111466,0.023419001662664307,0.7381864838637077,0.49607535321821034,outer_02,none,0.05,0,,False,5.0,0.0,-0.0,-0.0,0.0,-0.0,-0.0,-0.0,-0.0
1660,2017-06-14,1661,1666,2017-06-15,2017-06-22,-0.010932384631248127,0.0,-0.0035046256535586906,0.0011259833719448054,0.7693104448977972,0.49607535321821034,outer_02,none,0.05,0,,False,5.0,0.0,-0.0,-0.0,0.0,-0.0,-0.0,-0.0,-0.0
1661,2017-06-15,1662,1667,2017-06-16,2017-06-23,-0.002658355222348696,0.0,-0.0062963789304761875,0.005878911699776168,0.7213307784697761,0.49607535321821034,outer_02,none,0.05,0,,False,5.0,0.0,-0.0,-0.0,0.0,-0.0,-0.0,-0.0,-0.0
1662,2017-06-16,1663,1668,2017-06-19,2017-06-26,0.003202296917454106,1.0,-0.00042276721711065335,-0.0015545841430206764,0.7034732407167383,0.49607535321821034,outer_02,none,0.05,0,,False,5.0,0.0,0.0,0.0,0.0,0.0,0.0,0.0,0.0
1663,2017-06-19,1664,1669,2017-06-20,2017-06-27,0.00034563832910450287,1.0,-0.008114983470365544,-0.013454228371204913,0.7473805737287726,0.49607535321821034,outer_02,none,0.05,1,row1663_entry1664_exit1669,True,5.0,0.000499875041651048,0.00034563832910450287,-0.00015423671254654507,0.0,-0.00015423671254654507,-0.0008455133707555508,-0.0008455133707555508,-0.0008455133707555508
1664,2017-06-20,1665,1670,2017-06-21,2017-06-28,0.0027059921681820143,1.0,-0.0003459275115247351,-0.006823994566220293,0.7494344020147826,0.49607535321821034,outer_02,none,0.05,0,,False,5.0,0.0,0.0,0.0,0.0,0.0,0.0,0.0,0.0
1665,2017-06-21,1666,1671,2017-06-22,2017-06-29,0.0023801807190642066,1.0,0.0026196326604566167,-0.009782821261103969,0.692059135465086,0.49607535321821034,outer_02,none,0.05,0,,False,5.0,0.0,0.0,0.0,0.0,0.0,0.0,0.0,0.0
1666,2017-06-22,1667,1672,2017-06-23,2017-06-30,-0.0041091833458173355,0.0,0.003460876363487131,-0.004221722170346887,0.5946981124319576,0.49607535321821034,outer_02,none,0.05,0,,False,5.0,0.0,-0.0,-0.0,0.0,-0.0,-0.0,-0.0,-0.0
1667,2017-06-23,1668,1673,2017-06-26,2017-07-03,-0.01219468758441522,0.0,0.004954118811770769,-0.008186925321814087,0.6392870197605884,0.49607535321821034,outer_02,none,0.05,0,,False,5.0,0.0,-0.0,-0.0,0.0,-0.0,-0.0,-0.0,-0.0
1668,2017-06-26,1669,1674,2017-06-27,2017-07-04,-0.018485474404385194,0.0,-0.009844496137452197,-0.017684067660144187,0.773817090145075,0.49607535321821034,outer_02,none,0.05,1,row1668_entry1669_exit1674,True,5.0,0.000499875041651048,-0.018485474404385194,-0.01898534944603624,0.0,-0.01898534944603624,0.017985599362734146,0.017985599362734146,0.017985599362734146
1669,2017-06-27,1670,1675,2017-06-28,2017-07-05,-0.01865627601981945,0.0,0.0020071461115964695,-0.012988747886747198,0.7179903719473297,0.49607535321821034,outer_02,none,0.05,0,,False,5.0,0.0,-0.0,-0.0,0.0,-0.0,-0.0,-0.0,-0.0
1670,2017-06-28,1671,1676,2017-06-29,2017-07-06,-0.018076576535793976,0.0,0.0016428589434225316,-0.015769626309947604,0.5961223533464467,0.49607535321821034,outer_02,none,0.05,0,,False,5.0,0.0,-0.0,-0.0,0.0,-0.0,-0.0,-0.0,-0.0
1671,2017-06-29,1672,1677,2017-06-30,2017-07-07,-0.01705665377218768,0.0,-0.0030072798782381227,-0.016346272711449394,0.6467535206681163,0.49607535321821034,outer_02,none,0.05,0,,False,5.0,0.0,-0.0,-0.0,0.0,-0.0,-0.0,-0.0,-0.0
1672,2017-06-30,1673,1678,2017-07-03,2017-07-10,-0.02332733240539575,0.0,-0.002951907006917942,-0.029470503674703608,0.6767642568255463,0.49607535321821034,outer_02,none,0.05,0,,False,5.0,0.0,-0.0,-0.0,0.0,-0.0,-0.0,-0.0,-0.0
1673,2017-07-03,1674,1679,2017-07-04,2017-07-11,-0.005829484056429912,0.0,-0.017855803161419104,-0.0480065284425768,0.5184615948702208,0.49607535321821034,outer_02,none,0.05,0,,False,5.0,0.0,-0.0,-0.0,0.0,-0.0,-0.0,-0.0,-0.0
1674,2017-07-04,1675,1680,2017-07-05,2017-07-12,-0.005998248014654983,0.0,0.003209382001857719,-0.05605885055562432,0.6710523083058577,0.49607535321821034,outer_02,none,0.05,1,row1674_entry1675_exit1680,True,5.0,0.000499875041651048,-0.005998248014654983,-0.006498123056306031,0.0,-0.006498123056306031,0.005498372973003936,-0.006498123056306031,0.005498372973003936
1675,2017-07-05,1676,1681,2017-07-06,2017-07-13,-0.006919254222371052,0.0,0.0028160870129285698,-0.047748222934551166,0.665570636221787,0.49607535321821034,outer_02,none,0.05,0,,False,5.0,0.0,-0.0,-0.0,0.0,-0.0,-0.0,-0.0,-0.0
1676,2017-07-06,1677,1682,2017-07-07,2017-07-14,-0.006060177912795339,0.0,-0.0018193467609615155,-0.043221856300051265,0.6757853277556564,0.49607535321821034,outer_02,none,0.05,0,,False,5.0,0.0,-0.0,-0.0,0.0,-0.0,-0.0,-0.0,-0.0
1677,2017-07-07,1678,1683,2017-07-10,2017-07-17,0.013155983988886177,1.0,-0.010177369526669366,-0.04389925456514465,0.7210361720189105,0.49607535321821034,outer_02,none,0.05,0,,False,5.0,0.0,0.0,0.0,0.0,0.0,0.0,0.0,0.0
1678,2017-07-10,1679,1684,2017-07-11,2017-07-18,0.01596217427557356,1.0,0.0016897117086696056,-0.04146712300766353,0.76680025996126,0.49607535321821034,outer_02,none,0.05,0,,False,5.0,0.0,0.0,0.0,0.0,0.0,0.0,0.0,0.0
1679,2017-07-11,1680,1685,2017-07-12,2017-07-19,0.021216576346158256,1.0,0.002434752339946833,-0.03950631930055781,0.8045580857764926,0.49607535321821034,outer_02,none,0.05,1,row1679_entry1680_exit1685,True,5.0,0.000499875041651048,0.021216576346158256,0.020716701304507208,0.0,0.020716701304507208,-0.021716451387809303,0.020716701304507208,-0.021716451387809303
1680,2017-07-12,1681,1686,2017-07-13,2017-07-20,0.01837823631654878,1.0,0.002404251676114022,-0.0335974419708851,0.7944206121264026,0.49607535321821034,outer_02,none,0.05,0,,False,5.0,0.0,0.0,0.0,0.0,0.0,0.0,0.0,0.0
1681,2017-07-13,1682,1687,2017-07-14,2017-07-21,0.021799604738758305,1.0,-0.002166030285170706,-0.02946709332557962,0.7786504296411635,0.49607535321821034,outer_02,none,0.05,0,,False,5.0,0.0,0.0,0.0,0.0,0.0,0.0,0.0,0.0
1682,2017-07-14,1683,1688,2017-07-17,2017-07-24,0.020726339057013377,1.0,0.009246645424382471,-0.019797680684086494,0.7118667416126623,0.49607535321821034,outer_02,none,0.05,0,,False,5.0,0.0,0.0,0.0,0.0,0.0,0.0,0.0,0.0
1683,2017-07-17,1684,1689,2017-07-18,2017-07-25,0.016620435954526336,1.0,0.0038986087504637723,-0.007784088463257177,0.7507643591277803,0.49607535321821034,outer_02,none,0.05,0,,False,5.0,0.0,0.0,0.0,0.0,0.0,0.0,0.0,0.0
1684,2017-07-18,1685,1690,2017-07-19,2017-07-26,0.0055526722406220586,1.0,0.006802307659487639,-0.0006358532922448035,0.6857879633902783,0.49607535321821034,outer_02,none,0.05,1,row1684_entry1685_exit1690,True,5.0,0.000499875041651048,0.0055526722406220586,0.005052797198971011,0.0,0.005052797198971011,-0.006052547282273106,0.005052797198971011,-0.006052547282273106
1685,2017-07-19,1686,1691,2017-07-20,2017-07-27,0.015233287394026185,1.0,-0.0007248828423529474,-0.003980368795054368,0.7072540891389808,0.49607535321821034,outer_02,none,0.05,0,,False,5.0,0.0,0.0,0.0,0.0,0.0,0.0,0.0,0.0
1686,2017-07-20,1687,1692,2017-07-21,2017-07-28,0.011936004420015855,1.0,0.002808007477174357,-0.004633237681367142,0.6810699970439912,0.49607535321821034,outer_02,none,0.05,0,,False,5.0,0.0,0.0,0.0,0.0,0.0,0.0,0.0,0.0
1687,2017-07-21,1688,1693,2017-07-24,2017-07-31,0.01206741910830278,1.0,0.008066237739754456,-0.0015211187533834547,0.7020622593807244,0.49607535321821034,outer_02,none,0.05,0,,False,5.0,0.0,0.0,0.0,0.0,0.0,0.0,0.0,0.0
1688,2017-07-24,1689,1694,2017-07-25,2017-08-01,0.011766752643117329,1.0,0.0004860538499915634,0.008809431234060305,0.7563735116055105,0.49607535321821034,outer_02,none,0.05,0,,False,5.0,0.0,0.0,0.0,0.0,0.0,0.0,0.0,0.0
1689,2017-07-25,1690,1695,2017-07-26,2017-08-02,0.015010288493889412,1.0,-0.004471029635462642,0.0023312554870011937,0.6718714584599154,0.49607535321821034,outer_02,none,0.05,1,row1689_entry1690_exit1695,True,5.0,0.000499875041651048,0.015010288493889412,0.014510413452238365,0.0,0.014510413452238365,-0.01551016353554046,-0.01551016353554046,0.014510413452238365
1690,2017-07-26,1691,1696,2017-07-27,2017-08-03,0.004773921180678542,1.0,0.008866641108500772,0.009555037652079434,0.61174743750077,0.49607535321821034,outer_02,none,0.05,0,,False,5.0,0.0,0.0,0.0,0.0,0.0,0.0,0.0,0.0
1691,2017-07-27,1692,1697,2017-07-28,2017-08-04,0.007319315623575129,1.0,-0.0019211996732000358,0.010641117857117521,0.6678349739628747,0.49607535321821034,outer_02,none,0.05,0,,False,5.0,0.0,0.0,0.0,0.0,0.0,0.0,0.0,0.0
1692,2017-07-28,1693,1698,2017-07-31,2017-08-07,-0.010602707251336163,0.0,0.008301298398005308,0.02189432326204077,0.7046340400059341,0.49607535321821034,outer_02,none,0.05,0,,False,5.0,0.0,-0.0,-0.0,0.0,-0.0,-0.0,-0.0,-0.0
1693,2017-07-31,1694,1699,2017-08-01,2017-08-08,-0.009815874328482188,0.0,0.0003624501670698166,0.04011257659052969,0.7652997350041989,0.49607535321821034,outer_02,none,0.05,0,,False,5.0,0.0,-0.0,-0.0,0.0,-0.0,-0.0,-0.0,-0.0
1694,2017-08-01,1695,1700,2017-08-02,2017-08-09,-0.0060881303832927,0.0,-0.00035456941855649404,0.03654862517011548,0.761520543346499,0.49607535321821034,outer_02,none,0.05,1,row1694_entry1695_exit1700,True,5.0,0.000499875041651048,-0.0060881303832927,-0.006588005424943748,0.0,-0.006588005424943748,0.005588255341641653,0.005588255341641653,-0.006588005424943748
1695,2017-08-02,1696,1701,2017-08-03,2017-08-10,0.008799128898473896,1.0,-0.002161651269726228,0.03157088688746068,0.6987796588936745,0.49607535321821034,outer_02,none,0.05,0,,False,5.0,0.0,0.0,0.0,0.0,0.0,0.0,0.0,0.0
1696,2017-08-03,1697,1702,2017-08-04,2017-08-11,0.013873561754023989,1.0,0.0021064847258562835,0.03549671837427848,0.7192169218459424,0.49607535321821034,outer_02,none,0.05,0,,False,5.0,0.0,0.0,0.0,0.0,0.0,0.0,0.0,0.0
1697,2017-08-04,1698,1703,2017-08-07,2017-08-14,0.025267891852330138,1.0,-0.00800770229013903,0.03766638561080882,0.7831971512874843,0.49607535321821034,outer_02,none,0.05,0,,False,5.0,0.0,0.0,0.0,0.0,0.0,0.0,0.0,0.0
1698,2017-08-07,1699,1704,2017-08-08,2017-08-15,0.018833987232652838,1.0,-0.0008424734244920629,0.03513420047764715,0.7953951477240994,0.49607535321821034,outer_02,none,0.05,0,,False,5.0,0.0,0.0,0.0,0.0,0.0,0.0,0.0,0.0
1699,2017-08-08,1700,1705,2017-08-09,2017-08-16,0.008245645511768984,1.0,0.0024380474352412307,0.035137495572941546,0.7662596340874214,0.49607535321821034,outer_02,none,0.05,1,row1699_entry1700_exit1705,True,5.0,0.000499875041651048,0.008245645511768984,0.007745770470117937,0.0,0.007745770470117937,-0.008745520553420032,0.007745770470117937,0.007745770470117937
1700,2017-08-09,1701,1706,2017-08-10,2017-08-17,0.004943449467098127,1.0,0.013120083556663609,0.04585332745349113,0.6507331278616699,0.49607535321821034,outer_02,none,0.05,0,,False,5.0,0.0,0.0,0.0,0.0,0.0,0.0,0.0,0.0
1701,2017-08-10,1702,1707,2017-08-11,2017-08-18,0.0019108879789300204,1.0,0.006912074452852579,0.05493143219151442,0.7403212387294659,0.49607535321821034,outer_02,none,0.05,0,,False,5.0,0.0,0.0,0.0,0.0,0.0,0.0,0.0,0.0
1702,2017-08-11,1703,1708,2017-08-14,2017-08-21,-0.004913900180466335,0.0,0.0032289891677406146,0.04891377593487256,0.7680397705212659,0.49607535321821034,outer_02,none,0.05,0,,False,5.0,0.0,-0.0,-0.0,0.0,-0.0,-0.0,-0.0,-0.0
1703,2017-08-14,1704,1709,2017-08-15,2017-08-22,0.007605841341005615,1.0,-0.007084809800469216,0.03793035738393957,0.7631063744309025,0.49607535321821034,outer_02,none,0.05,0,,False,5.0,0.0,0.0,0.0,0.0,0.0,0.0,0.0,0.0
1704,2017-08-15,1705,1710,2017-08-16,2017-08-23,0.010329134441810162,1.0,-0.007662152323661076,0.02346589740079086,0.8102891889237527,0.49607535321821034,outer_02,none,0.05,1,row1704_entry1705_exit1710,True,5.0,0.000499875041651048,0.010329134441810162,0.009829259400159114,0.0,0.009829259400159114,-0.010829009483461209,-0.010829009483461209,0.009829259400159114
1705,2017-08-16,1706,1711,2017-08-17,2017-08-24,0.00521366676853674,1.0,0.009050402337990704,0.03324118258113451,0.8175750161884724,0.49607535321821034,outer_02,none,0.05,0,,False,5.0,0.0,0.0,0.0,0.0,0.0,0.0,0.0,0.0
1706,2017-08-17,1707,1712,2017-08-18,2017-08-25,-0.001965316306555387,0.0,0.0036253064032525373,0.03405848150721269,0.7685147178518688,0.49607535321821034,outer_02,none,0.05,0,,False,5.0,0.0,-0.0,-0.0,0.0,-0.0,-0.0,-0.0,-0.0
1707,2017-08-18,1708,1713,2017-08-21,2017-08-28,0.007369562022055298,1.0,-0.0024257891818857402,0.023566454585572494,0.7609028262540081,0.49607535321821034,outer_02,none,0.05,0,,False,5.0,0.0,0.0,0.0,0.0,0.0,0.0,0.0,0.0
1708,2017-08-21,1709,1714,2017-08-22,2017-08-29,0.017951404942087024,1.0,0.005411062767833208,0.02849146350341414,0.7954876918073807,0.49607535321821034,outer_02,none,0.05,0,,False,5.0,0.0,0.0,0.0,0.0,0.0,0.0,0.0,0.0
1709,2017-08-22,1710,1715,2017-08-23,2017-08-30,0.01980186407751905,1.0,-0.005146428078908194,0.027816065059968587,0.78530079453284,0.49607535321821034,outer_02,none,0.05,1,row1709_entry1710_exit1715,True,5.0,0.000499875041651048,0.01980186407751905,0.019301989035868,0.0,0.019301989035868,-0.020301739119170097,-0.020301739119170097,0.019301989035868
1710,2017-08-23,1711,1716,2017-08-24,2017-08-31,0.013883767473793718,1.0,0.004255656030526467,0.02320507998199428,0.749627736224465,0.49607535321821034,outer_02,none,0.05,0,,False,5.0,0.0,0.0,0.0,0.0,0.0,0.0,0.0,0.0
1711,2017-08-24,1712,1717,2017-08-25,2017-09-01,0.027448989518453537,1.0,-0.0033299857286159806,0.021796293926578336,0.7196307912158577,0.49607535321821034,outer_02,none,0.05,0,,False,5.0,0.0,0.0,0.0,0.0,0.0,0.0,0.0,0.0
1712,2017-08-25,1713,1718,2017-08-28,2017-09-04,0.03250326083103161,1.0,0.004127844720323459,0.017622840248896487,0.7054191733419968,0.49607535321821034,outer_02,none,0.05,0,,False,5.0,0.0,0.0,0.0,0.0,0.0,0.0,0.0,0.0
1713,2017-08-28,1714,1719,2017-08-29,2017-09-05,0.014624715829487656,1.0,0.013948278484749999,0.03120866856657667,0.7720691822913771,0.49607535321821034,outer_02,none,0.05,0,,False,5.0,0.0,0.0,0.0,0.0,0.0,0.0,0.0,0.0
1714,2017-08-29,1715,1720,2017-08-30,2017-09-06,0.022168200285208606,1.0,-9.92711209661934e-05,0.03146396686416697,0.7930507033925996,0.49607535321821034,outer_02,none,0.05,1,row1714_entry1715_exit1720,True,5.0,0.000499875041651048,0.022168200285208606,0.021668325243557558,0.0,0.021668325243557558,-0.022668075326859653,-0.022668075326859653,0.021668325243557558
1715,2017-08-30,1716,1721,2017-08-31,2017-09-07,0.019414411368305906,1.0,-0.0010161864850655178,0.03260943164882768,0.7361280245230508,0.49607535321821034,outer_02,none,0.05,0,,False,5.0,0.0,0.0,0.0,0.0,0.0,0.0,0.0,0.0
1716,2017-08-31,1717,1722,2017-09-01,2017-09-08,0.02001991646999013,1.0,0.01008542295724002,0.04058836988021142,0.7901047911282536,0.49607535321821034,outer_02,none,0.05,0,,False,5.0,0.0,0.0,0.0,0.0,0.0,0.0,0.0,0.0
1717,2017-09-01,1718,1723,2017-09-04,2017-09-11,0.002804673299291238,1.0,0.0024036292751477006,0.05099970144549815,0.8622606875440204,0.49607535321821034,outer_02,none,0.05,0,,False,5.0,0.0,0.0,0.0,0.0,0.0,0.0,0.0,0.0
1718,2017-09-04,1719,1724,2017-09-05,2017-09-12,-0.004539756908002346,0.0,0.0070489844450216665,0.058891159315011876,0.8900003564245351,0.49607535321821034,outer_02,none,0.05,0,,False,5.0,0.0,-0.0,-0.0,0.0,-0.0,-0.0,-0.0,-0.0
1719,2017-09-05,1720,1725,2017-09-06,2017-09-13,-0.0047889586515577065,0.0,0.004480337797444278,0.060933449677214924,0.8307388872508008,0.49607535321821034,outer_02,none,0.05,1,row1719_entry1720_exit1725,True,5.0,0.000499875041651048,-0.0047889586515577065,-0.005288833693208754,0.0,-0.005288833693208754,0.004289083609906659,-0.005288833693208754,-0.005288833693208754
1720,2017-09-06,1721,1726,2017-09-07,2017-09-14,-0.008264634264356197,0.0,-0.004442856116611438,0.04337051000393988,0.7750485609271008,0.49607535321821034,outer_02,none,0.05,0,,False,5.0,0.0,-0.0,-0.0,0.0,-0.0,-0.0,-0.0,-0.0
1721,2017-09-07,1722,1727,2017-09-08,2017-09-15,-0.013437249614581148,0.0,0.011403906960209653,0.04786234251129695,0.7560426142385134,0.49607535321821034,outer_02,none,0.05,0,,False,5.0,0.0,-0.0,-0.0,0.0,-0.0,-0.0,-0.0,-0.0
1722,2017-09-08,1723,1728,2017-09-11,2017-09-18,-0.01550500341992933,0.0,-0.0020995708416453596,0.04253378250191098,0.7837537508202759,0.49607535321821034,outer_02,none,0.05,0,,False,5.0,0.0,-0.0,-0.0,0.0,-0.0,-0.0,-0.0,-0.0
1723,2017-09-11,1724,1729,2017-09-12,2017-09-19,-0.015012881015547208,0.0,-0.014384647354130031,0.03523394494825016,0.7932082277418178,0.49607535321821034,outer_02,none,0.05,0,,False,5.0,0.0,-0.0,-0.0,0.0,-0.0,-0.0,-0.0,-0.0
1724,2017-09-12,1725,1730,2017-09-13,2017-09-20,-0.017081630532850056,0.0,0.003016729702831178,0.045912826974742416,0.8199950006111236,0.49607535321821034,outer_02,none,0.05,1,row1724_entry1725_exit1730,True,5.0,0.000499875041651048,-0.017081630532850056,-0.017581505574501104,0.0,-0.017581505574501104,0.01658175549119901,-0.017581505574501104,-0.017581505574501104
1725,2017-09-13,1726,1731,2017-09-14,2017-09-21,-0.016506501704236065,0.0,-0.006223977051655893,0.030638447585095818,0.8572471765548005,0.49607535321821034,outer_02,none,0.05,0,,False,5.0,0.0,-0.0,-0.0,0.0,-0.0,-0.0,-0.0,-0.0
1726,2017-09-14,1727,1732,2017-09-15,2017-09-22,-0.029709950762014437,0.0,0.00494617529782726,0.03195931647967054,0.8284534885418503,0.49607535321821034,outer_02,none,0.05,0,,False,5.0,0.0,-0.0,-0.0,0.0,-0.0,-0.0,-0.0,-0.0
1727,2017-09-15,1728,1733,2017-09-18,2017-09-25,-0.017106334589292338,0.0,-0.006996650992515008,0.027388454669041273,0.8094178307241373,0.49607535321821034,outer_02,none,0.05,0,,False,5.0,0.0,-0.0,-0.0,0.0,-0.0,-0.0,-0.0,-0.0
1728,2017-09-18,1729,1734,2017-09-19,2017-09-26,0.00143663912345815,1.0,-0.00997161428259119,0.012005777618616875,0.8257834429089441,0.49607535321821034,outer_02,none,0.05,0,,False,5.0,0.0,0.0,0.0,0.0,0.0,0.0,0.0,0.0
1729,2017-09-19,1730,1735,2017-09-20,2017-09-27,-0.01334177531196179,0.0,0.0028341290660867102,0.01998633476361178,0.8258366654118489,0.49607535321821034,outer_02,none,0.05,1,row1729_entry1730_exit1735,True,5.0,0.000499875041651048,-0.01334177531196179,-0.013841650353612837,0.0,-0.013841650353612837,0.012841900270310742,-0.013841650353612837,-0.013841650353612837
1730,2017-09-20,1731,1736,2017-09-21,2017-09-28,-0.014075748038240299,0.0,-0.00828812318601102,0.007442555547074292,0.8395552356841713,0.49607535321821034,outer_02,none,0.05,0,,False,5.0,0.0,-0.0,-0.0,0.0,-0.0,-0.0,-0.0,-0.0
1731,2017-09-21,1732,1737,2017-09-22,2017-09-29,-0.003878589644259911,0.0,-0.006838293154866726,0.003934248120823547,0.8170310176912611,0.49607535321821034,outer_02,none,0.05,0,,False,5.0,0.0,-0.0,-0.0,0.0,-0.0,-0.0,-0.0,-0.0
1732,2017-09-22,1733,1738,2017-09-25,2017-10-02,-0.013220020722898518,0.0,0.004381582754348301,0.004187986154848389,0.7580474256858917,0.49607535321821034,outer_02,none,0.05,0,,False,5.0,0.0,-0.0,-0.0,0.0,-0.0,-0.0,-0.0,-0.0
1733,2017-09-25,1734,1739,2017-09-26,2017-10-03,-0.030139246333841463,0.0,0.010271764196740918,0.0005114718668393081,0.7219563439138392,0.49607535321821034,outer_02,none,0.05,0,,False,5.0,0.0,-0.0,-0.0,0.0,-0.0,-0.0,-0.0,-0.0
1734,2017-09-26,1735,1740,2017-09-27,2017-10-04,-0.01701604592215311,0.0,-0.012657230204090375,-0.012046487216284874,0.8371965879258315,0.49607535321821034,outer_02,none,0.05,1,row1734_entry1735_exit1740,True,5.0,0.000499875041651048,-0.01701604592215311,-0.01751592096380416,0.0,-0.01751592096380416,0.016516170880502064,0.016516170880502064,0.016516170880502064
1735,2017-09-27,1736,1741,2017-09-28,2017-10-05,-0.00644989512176064,0.0,-0.00903746892456514,-0.020067769655784495,0.8597196634734381,0.49607535321821034,outer_02,none,0.05,0,,False,5.0,0.0,-0.0,-0.0,0.0,-0.0,-0.0,-0.0,-0.0
1736,2017-09-28,1737,1742,2017-09-29,2017-10-06,-0.014017878785036686,0.0,0.003752232774519193,-0.026400959838505322,0.8809291038774945,0.49607535321821034,outer_02,none,0.05,0,,False,5.0,0.0,-0.0,-0.0,0.0,-0.0,-0.0,-0.0,-0.0
1737,2017-09-29,1738,1743,2017-10-02,2017-10-09,-0.0023797792714397303,0.0,-0.005930619210202437,-0.03473520832385546,0.9103087757816252,0.49607535321821034,outer_02,none,0.05,0,,False,5.0,0.0,-0.0,-0.0,0.0,-0.0,-0.0,-0.0,-0.0
1738,2017-10-02,1739,1744,2017-10-03,2017-10-10,0.010225582366656383,1.0,-0.006603116937053954,-0.04838730970593108,0.9100237507355912,0.49607535321821034,outer_02,none,0.05,0,,False,5.0,0.0,0.0,0.0,0.0,0.0,0.0,0.0,0.0
1739,2017-10-03,1740,1745,2017-10-04,2017-10-11,0.012824044866456497,1.0,0.00046411196157336576,-0.05240353554180199,0.915898253832325,0.49607535321821034,outer_02,none,0.05,1,row1739_entry1740_exit1745,True,5.0,0.000499875041651048,0.012824044866456497,0.012324169824805449,0.0,0.012324169824805449,-0.013323919908107544,0.012324169824805449,-0.013323919908107544
1740,2017-10-04,1741,1746,2017-10-05,2017-10-12,0.012904913165885823,1.0,0.0024350215080977122,-0.04552565791709284,0.8879102342271825,0.49607535321821034,outer_02,none,0.05,0,,False,5.0,0.0,0.0,0.0,0.0,0.0,0.0,0.0,0.0
1741,2017-10-05,1742,1747,2017-10-06,2017-10-13,0.019466892186170703,1.0,-0.00556210401740298,-0.06249166889470548,0.850812401074397,0.49607535321821034,outer_02,none,0.05,0,,False,5.0,0.0,0.0,0.0,0.0,0.0,0.0,0.0,0.0
1742,2017-10-06,1743,1748,2017-10-09,2017-10-16,0.02126287826146278,1.0,0.006761723105836559,-0.05363037494722356,0.8006694060164087,0.49607535321821034,outer_02,none,0.05,0,,False,5.0,0.0,0.0,0.0,0.0,0.0,0.0,0.0,0.0
1743,2017-10-09,1744,1749,2017-10-10,2017-10-17,0.009420098268612342,1.0,0.006070070315423948,-0.03317565727766958,0.7810047254930391,0.49607535321821034,outer_02,none,0.05,0,,False,5.0,0.0,0.0,0.0,0.0,0.0,0.0,0.0,0.0
1744,2017-10-10,1745,1750,2017-10-11,2017-10-18,-0.002269919117672714,0.0,0.003095038747927603,-0.033097348232573154,0.775158912853147,0.49607535321821034,outer_02,none,0.05,1,row1744_entry1745_exit1750,True,5.0,0.000499875041651048,-0.002269919117672714,-0.002769794159323762,0.0,-0.002769794159323762,0.001770044076021666,-0.002769794159323762,0.001770044076021666
1745,2017-10-11,1746,1751,2017-10-12,2017-10-19,-0.007897744032209886,0.0,0.002636437066262154,-0.024236934114655106,0.7457651696883142,0.49607535321821034,outer_02,none,0.05,0,,False,5.0,0.0,-0.0,-0.0,0.0,-0.0,-0.0,-0.0,-0.0
1746,2017-10-12,1747,1752,2017-10-13,2017-10-20,-0.0032673948003152375,0.0,0.0015089436777193654,-0.027674165734763,0.6591775397099617,0.49607535321821034,outer_02,none,0.05,0,,False,5.0,0.0,-0.0,-0.0,0.0,-0.0,-0.0,-0.0,-0.0
1747,2017-10-13,1748,1753,2017-10-16,2017-10-23,-0.020228857316577198,0.0,0.007725614858653529,-0.012951899883594464,0.6051996670179679,0.49607535321821034,outer_02,none,0.05,0,,False,5.0,0.0,-0.0,-0.0,0.0,-0.0,-0.0,-0.0,-0.0
1748,2017-10-16,1749,1754,2017-10-17,2017-10-24,-0.0111275212939006,0.0,-0.006720915874671718,-0.009701201475674992,0.7604658887839177,0.49607535321821034,outer_02,none,0.05,0,,False,5.0,0.0,-0.0,-0.0,0.0,-0.0,-0.0,-0.0,-0.0
1749,2017-10-17,1750,1755,2017-10-18,2017-10-25,-0.006723304974528332,0.0,-0.007310931850896374,-0.019846262392658076,0.8172103570730324,0.49607535321821034,outer_02,none,0.05,1,row1749_entry1750_exit1755,True,5.0,0.000499875041651048,-0.006723304974528332,-0.00722318001617938,0.0,-0.00722318001617938,0.006223429932877285,0.006223429932877285,0.006223429932877285
1750,2017-10-18,1751,1756,2017-10-19,2017-10-26,-0.002656936554063627,0.0,-0.003374971538843141,-0.014933110745490197,0.8136356955590698,0.49607535321821034,outer_02,none,0.05,0,,False,5.0,0.0,-0.0,-0.0,0.0,-0.0,-0.0,-0.0,-0.0
1751,2017-10-19,1752,1757,2017-10-20,2017-10-27,-0.017090555714503353,0.0,0.00665328094220019,-0.0014415366484232806,0.7213051635661489,0.49607535321821034,outer_02,none,0.05,0,,False,5.0,0.0,-0.0,-0.0,0.0,-0.0,-0.0,-0.0,-0.0
1752,2017-10-20,1753,1758,2017-10-23,2017-10-30,-0.003097422208132805,0.0,-0.007199959493215502,-0.013023078895987084,0.744843861409725,0.49607535321821034,outer_02,none,0.05,0,,False,5.0,0.0,-0.0,-0.0,0.0,-0.0,-0.0,-0.0,-0.0
1753,2017-10-23,1754,1759,2017-10-24,2017-10-31,-0.004340131855338214,0.0,0.0014207430845276647,-0.021874100008200337,0.7756237525849888,0.49607535321821034,outer_02,none,0.05,0,,False,5.0,0.0,-0.0,-0.0,0.0,-0.0,-0.0,-0.0,-0.0
1754,2017-10-24,1755,1760,2017-10-25,2017-11-01,-0.004712099944978121,0.0,-0.004268299163038947,-0.013485168967148908,0.753726351652474,0.49607535321821034,outer_02,none,0.05,1,row1754_entry1755_exit1760,True,5.0,0.000499875041651048,-0.004712099944978121,-0.005211974986629168,0.0,-0.005211974986629168,0.004212224903327073,0.004212224903327073,0.004212224903327073
1755,2017-10-25,1756,1761,2017-10-26,2017-11-02,-0.00205223075802774,0.0,0.0006969923887094609,-0.003750707653874308,0.6657702893944211,0.49607535321821034,outer_02,none,0.05,0,,False,5.0,0.0,-0.0,-0.0,0.0,-0.0,-0.0,-0.0,-0.0
1756,2017-10-26,1757,1762,2017-10-27,2017-11-03,0.007591869349210079,1.0,-0.008222476423437541,-0.015725416851831042,0.718893703982636,0.49607535321821034,outer_02,none,0.05,0,,False,5.0,0.0,0.0,0.0,0.0,0.0,0.0,0.0,0.0
1757,2017-10-27,1758,1763,2017-10-30,2017-11-06,-0.0030361450152831537,0.0,0.005141075673378737,-0.004653721968249869,0.6455584676744526,0.49607535321821034,outer_02,none,0.05,0,,False,5.0,0.0,-0.0,-0.0,0.0,-0.0,-0.0,-0.0,-0.0
1758,2017-10-30,1759,1764,2017-10-31,2017-11-07,0.003988930156594961,1.0,0.0020239745832348888,0.0039733695520389745,0.625726309035881,0.49607535321821034,outer_02,none,0.05,0,,False,5.0,0.0,0.0,0.0,0.0,0.0,0.0,0.0,0.0
1759,2017-10-31,1760,1765,2017-11-01,2017-11-08,0.004994121098433446,1.0,-0.0039340296751673165,-0.0004247720847017078,0.6609554455458145,0.49607535321821034,outer_02,none,0.05,1,row1759_entry1760_exit1765,True,5.0,0.000499875041651048,0.004994121098433446,0.004494246056782399,0.0,0.004494246056782399,-0.005493996140084494,-0.005493996140084494,-0.005493996140084494
1760,2017-11-01,1761,1766,2017-11-02,2017-11-09,0.004795009245928128,1.0,0.00276564493199416,-9.414866080525996e-05,0.5850058227186845,0.49607535321821034,outer_02,none,0.05,0,,False,5.0,0.0,0.0,0.0,0.0,0.0,0.0,0.0,0.0
1761,2017-11-02,1762,1767,2017-11-03,2017-11-10,0.006251703281872523,1.0,0.0012780957331903764,0.0067460510897880965,0.546289826987691,0.49607535321821034,outer_02,none,0.05,0,,False,5.0,0.0,0.0,0.0,0.0,0.0,0.0,0.0,0.0
1762,2017-11-03,1763,1768,2017-11-06,2017-11-13,0.004346858914016316,1.0,-0.004807210633753556,-0.004822882649802018,0.692884634305466,0.49607535321821034,outer_02,none,0.05,0,,False,5.0,0.0,0.0,0.0,0.0,0.0,0.0,0.0,0.0
1763,2017-11-06,1764,1769,2017-11-07,2017-11-14,-0.00250099779443147,0.0,0.008982941197351657,-0.001910011767874309,0.5176315700006743,0.49607535321821034,outer_02,none,0.05,0,,False,5.0,0.0,-0.0,-0.0,0.0,-0.0,-0.0,-0.0,-0.0
1764,2017-11-07,1765,1770,2017-11-08,2017-11-15,0.0024721117842370077,1.0,-0.004896908937555899,-0.009901959453357811,0.7145083020676992,0.49607535321821034,outer_02,none,0.05,1,row1764_entry1765_exit1770,True,5.0,0.000499875041651048,0.0024721117842370077,0.0019722367425859598,0.0,0.0019722367425859598,-0.0029719868258880557,-0.0029719868258880557,-0.0029719868258880557
1765,2017-11-08,1766,1771,2017-11-09,2017-11-16,-0.0024298310683361635,0.0,0.0046393630363796845,-0.007899033483240281,0.654562974023422,0.49607535321821034,outer_02,none,0.05,0,,False,5.0,0.0,-0.0,-0.0,0.0,-0.0,-0.0,-0.0,-0.0
1766,2017-11-09,1767,1772,2017-11-10,2017-11-17,-0.005257873551864911,0.0,0.0027048216070379993,-0.006703155553921647,0.599904783014239,0.49607535321821034,outer_02,none,0.05,0,,False,5.0,0.0,-0.0,-0.0,0.0,-0.0,-0.0,-0.0,-0.0
1767,2017-11-10,1768,1773,2017-11-13,2017-11-20,0.014166407101902756,1.0,-0.0070540829881959866,-0.021482853400771162,0.7718495449300995,0.49607535321821034,outer_02,none,0.05,0,,False,5.0,0.0,0.0,0.0,0.0,0.0,0.0,0.0,0.0
1768,2017-11-13,1769,1774,2017-11-14,2017-11-21,-0.00011738788492277052,0.0,0.0018327503426611713,-0.012929187183438273,0.7332385365413537,0.49607535321821034,outer_02,none,0.05,0,,False,5.0,0.0,-0.0,-0.0,0.0,-0.0,-0.0,-0.0,-0.0
1769,2017-11-14,1770,1775,2017-11-15,2017-11-22,0.0006561167498269072,1.0,0.0018606401903067393,-0.00375761514223516,0.702072319597042,0.49607535321821034,outer_02,none,0.05,1,row1769_entry1770_exit1775,True,5.0,0.000499875041651048,0.0006561167498269072,0.0001562417081758592,0.0,0.0001562417081758592,-0.001155991791477955,0.0001562417081758592,-0.001155991791477955
1770,2017-11-15,1771,1776,2017-11-16,2017-11-23,0.010280446190937376,1.0,-0.001547685425363099,-0.0019303290287551178,0.671574667470107,0.49607535321821034,outer_02,none,0.05,0,,False,5.0,0.0,0.0,0.0,0.0,0.0,0.0,0.0,0.0
1771,2017-11-16,1772,1777,2017-11-17,2017-11-24,0.009644237075170814,1.0,-3.129106953103644e-05,-0.008614901040486345,0.6406360753435861,0.49607535321821034,outer_02,none,0.05,0,,False,5.0,0.0,0.0,0.0,0.0,0.0,0.0,0.0,0.0
1772,2017-11-17,1773,1778,2017-11-20,2017-11-27,-0.003905104837158113,0.0,0.012292130001892332,0.01087718845462149,0.491261565232531,0.49607535321821034,outer_02,none,0.05,0,,False,5.0,0.0,-0.0,-0.0,0.0,-0.0,-0.0,-0.0,-0.0
1773,2017-11-20,1774,1779,2017-11-21,2017-11-28,0.013070252036715857,1.0,-0.013583740584788728,-0.004127295214694904,0.719020722212842,0.49607535321821034,outer_02,none,0.05,0,,False,5.0,0.0,0.0,0.0,0.0,0.0,0.0,0.0,0.0
1774,2017-11-21,1775,1780,2017-11-22,2017-11-29,0.009898686163058557,1.0,0.0029096390520679805,0.0030506430004120233,0.7965767157893991,0.49607535321821034,outer_02,none,0.05,1,row1774_entry1775_exit1780,True,5.0,0.000499875041651048,0.009898686163058557,0.009398811121407509,0.0,0.009398811121407509,-0.010398561204709604,0.009398811121407509,0.009398811121407509
1775,2017-11-22,1776,1781,2017-11-23,2017-11-30,-0.005691384746677741,0.0,0.008995865992563523,0.011349516604266086,0.7741045950568984,0.49607535321821034,outer_02,none,0.05,0,,False,5.0,0.0,-0.0,-0.0,0.0,-0.0,-0.0,-0.0,-0.0
1776,2017-11-23,1777,1782,2017-11-24,2017-12-01,-0.012385531272077976,0.0,-0.0007820757928040933,0.018789917234899534,0.8293020158308813,0.49607535321821034,outer_02,none,0.05,0,,False,5.0,0.0,-0.0,-0.0,0.0,-0.0,-0.0,-0.0,-0.0
1777,2017-11-24,1778,1783,2017-11-27,2017-12-04,-0.011045954507913791,0.0,-0.0020626558181540133,0.011586185743366784,0.7643375537534242,0.49607535321821034,outer_02,none,0.05,0,,False,5.0,0.0,-0.0,-0.0,0.0,-0.0,-0.0,-0.0,-0.0
1778,2017-11-27,1779,1784,2017-11-28,2017-12-05,-0.014135198185316611,0.0,0.004638870209927148,0.014201081370059043,0.7905339992454163,0.49607535321821034,outer_02,none,0.05,0,,False,5.0,0.0,-0.0,-0.0,0.0,-0.0,-0.0,-0.0,-0.0
1779,2017-11-28,1780,1785,2017-11-29,2017-12-06,-0.021435448234627508,0.0,-0.0003941252210015733,0.017740985824224786,0.8073783889211371,0.49607535321821034,outer_02,none,0.05,1,row1779_entry1780_exit1785,True,5.0,0.000499875041651048,-0.021435448234627508,-0.021935323276278555,0.0,-0.021935323276278555,0.02093557319297646,0.02093557319297646,-0.021935323276278555
1780,2017-11-29,1781,1786,2017-11-30,2017-12-07,-0.016162618165930454,0.0,-0.008156848317442567,0.00681849257478806,0.7763259471849642,0.49607535321821034,outer_02,none,0.05,0,,False,5.0,0.0,-0.0,-0.0,0.0,-0.0,-0.0,-0.0,-0.0
1781,2017-11-30,1782,1787,2017-12-01,2017-12-08,-0.021756189917949698,0.0,-0.006677272907360532,-0.0011368760657628485,0.7994002115065956,0.49607535321821034,outer_02,none,0.05,0,,False,5.0,0.0,-0.0,-0.0,0.0,-0.0,-0.0,-0.0,-0.0
1782,2017-12-01,1783,1788,2017-12-04,2017-12-11,-0.02079640952480677,0.0,0.004055466729981028,0.007725801297971735,0.8449156585251768,0.49607535321821034,outer_02,none,0.05,0,,False,5.0,0.0,-0.0,-0.0,0.0,-0.0,-0.0,-0.0,-0.0
1783,2017-12-04,1784,1789,2017-12-05,2017-12-12,-0.02722445066192236,0.0,-0.0030831616632616132,-0.004340301562641535,0.798909932843755,0.49607535321821034,outer_02,none,0.05,0,,False,5.0,0.0,-0.0,-0.0,0.0,-0.0,-0.0,-0.0,-0.0
1784,2017-12-05,1785,1790,2017-12-06,2017-12-13,-0.017683215108981187,0.0,-0.008089436622077173,-0.007532829247162809,0.8059189003193021,0.49607535321821034,outer_02,none,0.05,1,row1784_entry1785_exit1790,True,5.0,0.000499875041651048,-0.017683215108981187,-0.018183090150632235,0.0,-0.018183090150632235,0.01718334006733014,0.01718334006733014,0.01718334006733014
1785,2017-12-06,1786,1791,2017-12-07,2017-12-14,-0.007665855538718347,0.0,-0.0020088745198849622,-0.014181066803427456,0.772832526943498,0.49607535321821034,outer_02,none,0.05,0,,False,5.0,0.0,-0.0,-0.0,0.0,-0.0,-0.0,-0.0,-0.0
1786,2017-12-07,1787,1792,2017-12-08,2017-12-15,0.004295096043966495,1.0,-0.0131329185762743,-0.030018806986739754,0.6670312792579731,0.49607535321821034,outer_02,none,0.05,0,,False,5.0,0.0,0.0,0.0,0.0,0.0,0.0,0.0,0.0
1787,2017-12-08,1788,1793,2017-12-11,2017-12-18,0.005124178335178975,1.0,0.0011223885604341177,-0.02184233543810965,0.6978015354019625,0.49607535321821034,outer_02,none,0.05,0,,False,5.0,0.0,0.0,0.0,0.0,0.0,0.0,0.0,0.0
1788,2017-12-11,1789,1794,2017-12-12,2017-12-19,0.015624818623479086,1.0,-0.005221776178784943,-0.028896861959555764,0.6920002959410358,0.49607535321821034,outer_02,none,0.05,0,,False,5.0,0.0,0.0,0.0,0.0,0.0,0.0,0.0,0.0
1789,2017-12-12,1790,1795,2017-12-13,2017-12-20,0.014082715854511818,1.0,0.0017945452265157869,-0.028962956923346717,0.7274807504850299,0.49607535321821034,outer_02,none,0.05,1,row1789_entry1790_exit1795,True,5.0,0.000499875041651048,0.014082715854511818,0.01358284081286077,0.0,0.01358284081286077,-0.014582590896162866,0.01358284081286077,-0.014582590896162866
1790,2017-12-13,1791,1796,2017-12-14,2017-12-21,0.009326315630358017,1.0,0.009394774774597714,-0.018020496723385904,0.686096455356879,0.49607535321821034,outer_02,none,0.05,0,,False,5.0,0.0,0.0,0.0,0.0,0.0,0.0,0.0,0.0
1791,2017-12-14,1792,1797,2017-12-15,2017-12-22,0.010527415855316136,1.0,-0.0024003105611019038,-0.02038951621495677,0.7430168579199264,0.49607535321821034,outer_02,none,0.05,0,,False,5.0,0.0,0.0,0.0,0.0,0.0,0.0,0.0,0.0
1792,2017-12-15,1793,1798,2017-12-18,2017-12-26,0.01895581739912089,1.0,0.0022569322492147492,-0.030424713967634354,0.7707056252390245,0.49607535321821034,outer_02,none,0.05,0,,False,5.0,0.0,0.0,0.0,0.0,0.0,0.0,0.0,0.0
1793,2017-12-18,1794,1799,2017-12-19,2017-12-27,0.016203630556484327,1.0,0.004998123200163462,-0.011842850182682163,0.7554404787193835,0.49607535321821034,outer_02,none,0.05,0,,False,5.0,0.0,0.0,0.0,0.0,0.0,0.0,0.0,0.0
1794,2017-12-19,1795,1800,2017-12-20,2017-12-28,0.020308612414602578,1.0,1.5852508263414222e-05,-0.01473663672648673,0.6370656597505964,0.5017162471395881,outer_03,none,0.0,1,row1794_entry1795_exit1800,True,5.0,0.000499875041651048,0.020308612414602578,0.01980873737295153,0.0,0.01980873737295153,-0.020808487456253626,0.01980873737295153,-0.020808487456253626
1795,2017-12-20,1796,1801,2017-12-21,2017-12-29,0.022111830564426782,1.0,0.002952107596640552,-0.0207803951224097,0.6726101936868565,0.5017162471395881,outer_03,none,0.0,0,,False,5.0,0.0,0.0,0.0,0.0,0.0,0.0,0.0,0.0
1796,2017-12-21,1797,1802,2017-12-22,2018-01-02,0.03385390178286496,1.0,0.0009084123552627332,-0.019089906974342874,0.5735181602930193,0.5017162471395881,outer_03,none,0.0,0,,False,5.0,0.0,0.0,0.0,0.0,0.0,0.0,0.0,0.0
1797,2017-12-22,1798,1803,2017-12-26,2018-01-03,0.03015551701721808,1.0,0.006892780456826841,-0.01013447069936202,0.5772403398310471,0.5017162471395881,outer_03,none,0.0,0,,False,5.0,0.0,0.0,0.0,0.0,0.0,0.0,0.0,0.0
1798,2017-12-26,1799,1804,2017-12-27,2018-01-04,0.023484611162195357,1.0,0.0060976752044688,-0.008675665704820368,0.7532850914207442,0.5017162471395881,outer_03,none,0.0,0,,False,5.0,0.0,0.0,0.0,0.0,0.0,0.0,0.0,0.0
1799,2017-12-27,1800,1805,2017-12-28,2018-01-05,0.026552945828888674,1.0,0.0030582610438498747,-0.00522327943996892,0.6858258745074731,0.5017162471395881,outer_03,none,0.0,1,row1799_entry1800_exit1805,True,5.0,0.000499875041651048,0.026552945828888674,0.026053070787237627,0.0,0.026053070787237627,-0.027052820870539722,0.026053070787237627,-0.027052820870539722
1800,2017-12-28,1801,1806,2017-12-29,2018-01-08,0.020369764441321436,1.0,0.006080882607717442,0.009014451485191088,0.630111742528697,0.5017162471395881,outer_03,none,0.0,0,,False,5.0,0.0,0.0,0.0,0.0,0.0,0.0,0.0,0.0
1801,2017-12-29,1802,1807,2018-01-02,2018-01-09,0.007363209778186608,1.0,0.005913623147291602,0.021605347539843223,0.8112523824268475,0.5017162471395881,outer_03,none,0.0,0,,False,5.0,0.0,0.0,0.0,0.0,0.0,0.0,0.0,0.0
1802,2018-01-02,1803,1808,2018-01-03,2018-01-10,-0.004145927150867479,0.0,0.011662651845668393,0.029212532655530588,0.8287833702217254,0.5017162471395881,outer_03,none,0.0,0,,False,5.0,0.0,-0.0,-0.0,0.0,-0.0,-0.0,-0.0,-0.0
1803,2018-01-03,1804,1809,2018-01-04,2018-01-11,0.003338571167090798,1.0,-0.003831830127595026,0.028463864191197175,0.794180439768202,0.5017162471395881,outer_03,none,0.0,0,,False,5.0,0.0,0.0,0.0,0.0,0.0,0.0,0.0,0.0
1804,2018-01-04,1805,1810,2018-01-05,2018-01-12,0.0002949729818571001,1.0,0.0075205156632902614,0.04407381647656461,0.830161376550746,0.5017162471395881,outer_03,none,0.0,1,row1804_entry1805_exit1810,True,5.0,0.000499875041651048,0.0002949729818571001,-0.00020490205979394787,0.0,-0.00020490205979394787,-0.000794848023508148,-0.00020490205979394787,-0.00020490205979394787
1805,2018-01-05,1806,1811,2018-01-08,2018-01-15,0.011563172267153199,1.0,-0.0021115655751735574,0.043971125421276014,0.7677964579731784,0.5017162471395881,outer_03,none,0.0,0,,False,5.0,0.0,0.0,0.0,0.0,0.0,0.0,0.0,0.0
1806,2018-01-08,1807,1812,2018-01-09,2018-01-16,0.014991386137205964,1.0,0.0002802849834830923,0.057384328981033406,0.7318026240395692,0.5017162471395881,outer_03,none,0.0,0,,False,5.0,0.0,0.0,0.0,0.0,0.0,0.0,0.0,0.0
1807,2018-01-09,1808,1813,2018-01-10,2018-01-17,0.02065693476523922,1.0,-0.005818739640625736,0.05044320077997355,0.6831314212897988,0.5017162471395881,outer_03,none,0.0,0,,False,5.0,0.0,0.0,0.0,0.0,0.0,0.0,0.0,0.0
1808,2018-01-10,1809,1814,2018-01-11,2018-01-18,0.007849879985009522,1.0,0.0030275392058829453,0.05869251616464144,0.6614170493995882,0.5017162471395881,outer_03,none,0.0,0,,False,5.0,0.0,0.0,0.0,0.0,0.0,0.0,0.0,0.0
1809,2018-01-11,1810,1815,2018-01-12,2018-01-19,0.0039171487392328785,1.0,0.004357833743005912,0.061255804681131565,0.6176695724149855,0.5017162471395881,outer_03,none,0.0,1,row1809_entry1810_exit1815,True,5.0,0.000499875041651048,0.0039171487392328785,0.0034172736975818306,0.0,0.0034172736975818306,-0.004417023780883926,0.0034172736975818306,0.0034172736975818306
1810,2018-01-12,1811,1816,2018-01-15,2018-01-22,-0.00074875522947071,0.0,0.011900114497104042,0.06376114440363789,0.5705980287382931,0.5017162471395881,outer_03,none,0.0,0,,False,5.0,0.0,-0.0,-0.0,0.0,-0.0,-0.0,-0.0,-0.0
1811,2018-01-15,1812,1817,2018-01-16,2018-01-23,-0.004504613239638466,0.0,0.0013143648507334404,0.06747581981547324,0.5646271327644966,0.5017162471395881,outer_03,none,0.0,0,,False,5.0,0.0,-0.0,-0.0,0.0,-0.0,-0.0,-0.0,-0.0
1812,2018-01-16,1813,1818,2018-01-17,2018-01-24,0.0012835247945108819,1.0,-0.0011649181767650063,0.06405396938949348,0.4931581010290289,0.5017162471395881,outer_03,none,0.0,0,,False,5.0,0.0,0.0,0.0,0.0,0.0,0.0,0.0,0.0
1813,2018-01-17,1814,1819,2018-01-18,2018-01-25,0.022155586741153144,1.0,-0.00882563946744419,0.05023020672188583,0.5117736414294626,0.5017162471395881,outer_03,none,0.0,0,,False,5.0,0.0,0.0,0.0,0.0,0.0,0.0,0.0,0.0
1814,2018-01-18,1815,1820,2018-01-19,2018-01-26,0.014552291921481775,1.0,0.0003240819277330331,0.05053843614135545,0.6220707668974806,0.5017162471395881,outer_03,none,0.0,1,row1814_entry1815_exit1820,True,5.0,0.000499875041651048,0.014552291921481775,0.014052416879830727,0.0,0.014052416879830727,-0.015052166963132822,0.014052416879830727,0.014052416879830727
1815,2018-01-19,1816,1821,2018-01-22,2018-01-29,0.011898520170638527,1.0,0.0033026545271042096,0.050888983071819105,0.6863245509025674,0.5017162471395881,outer_03,none,0.0,0,,False,5.0,0.0,0.0,0.0,0.0,0.0,0.0,0.0,0.0
1816,2018-01-22,1817,1822,2018-01-23,2018-01-30,0.005907221724084977,1.0,0.0018309388674015992,0.05181150958395797,0.674519643213964,0.5017162471395881,outer_03,none,0.0,0,,False,5.0,0.0,0.0,0.0,0.0,0.0,0.0,0.0,0.0
1817,2018-01-23,1818,1823,2018-01-24,2018-01-31,-0.0026135606325459193,0.0,0.005413137802078083,0.05033186692920921,0.6092004985556949,0.5017162471395881,outer_03,none,0.0,0,,False,5.0,0.0,-0.0,-0.0,0.0,-0.0,-0.0,-0.0,-0.0
1818,2018-01-24,1819,1824,2018-01-25,2018-02-01,-0.010264323779816564,0.0,0.01249330830927331,0.05672750003401372,0.475627653768595,0.5017162471395881,outer_03,none,0.0,0,,False,5.0,0.0,-0.0,-0.0,0.0,-0.0,-0.0,-0.0,-0.0
1819,2018-01-25,1820,1825,2018-01-26,2018-02-02,0.0006011555726708195,1.0,-0.007205733660293312,0.046463505329870536,0.6128543751841009,0.5017162471395881,outer_03,none,0.0,1,row1819_entry1820_exit1825,True,5.0,0.000499875041651048,0.0006011555726708195,0.00010128053101977159,0.0,0.00010128053101977159,-0.0011010306143218675,-0.0011010306143218675,0.00010128053101977159
1820,2018-01-26,1821,1826,2018-01-29,2018-02-05,-0.0144559991866835,0.0,0.0013193885288949048,0.041702011251048,0.6170505962458647,0.5017162471395881,outer_03,none,0.0,0,,False,5.0,0.0,-0.0,-0.0,0.0,-0.0,-0.0,-0.0,-0.0
1821,2018-01-29,1822,1827,2018-01-30,2018-02-06,-0.0017834428149159365,0.0,-0.007196201026975935,0.028592187076780462,0.6532570070811252,0.5017162471395881,outer_03,none,0.0,0,,False,5.0,0.0,-0.0,-0.0,0.0,-0.0,-0.0,-0.0,-0.0
1822,2018-01-30,1823,1828,2018-01-31,2018-02-07,-0.009601660506680432,0.0,-0.0012915702584201938,0.015637964972691876,0.7129287737034778,0.5017162471395881,outer_03,none,0.0,0,,False,5.0,0.0,-0.0,-0.0,0.0,-0.0,-0.0,-0.0,-0.0
1823,2018-01-31,1824,1829,2018-02-01,2018-02-08,-0.019581718090155853,0.0,0.004732581228392263,0.024202376328679165,0.6418671624440007,0.5017162471395881,outer_03,none,0.0,0,,False,5.0,0.0,-0.0,-0.0,0.0,-0.0,-0.0,-0.0,-0.0
1824,2018-02-01,1825,1830,2018-02-02,2018-02-09,-0.02152378623050666,0.0,0.0025618857599596367,0.01924374642534854,0.587039492694987,0.5017162471395881,outer_03,none,0.0,1,row1824_entry1825_exit1830,True,5.0,0.000499875041651048,-0.02152378623050666,-0.022023661272157706,0.0,-0.022023661272157706,0.02102391118885561,-0.022023661272157706,-0.022023661272157706
1825,2018-02-02,1826,1831,2018-02-05,2018-02-12,-0.012285668049343279,0.0,-0.011801879642211688,0.00955343235831041,0.46077750357559816,0.5017162471395881,outer_03,none,0.0,0,,False,5.0,0.0,-0.0,-0.0,0.0,-0.0,-0.0,-0.0,-0.0
1826,2018-02-05,1827,1832,2018-02-06,2018-02-13,-0.01147788784468684,0.0,0.0052317933214212076,0.014504940696248525,0.5693628259974272,0.5017162471395881,outer_03,none,0.0,0,,False,5.0,0.0,-0.0,-0.0,0.0,-0.0,-0.0,-0.0,-0.0
1827,2018-02-06,1828,1833,2018-02-07,2018-02-14,0.003827669345739082,1.0,-0.011381675141549863,0.008942005195324398,0.5685615275398818,0.5017162471395881,outer_03,none,0.0,0,,False,5.0,0.0,0.0,0.0,0.0,0.0,0.0,0.0,0.0
1828,2018-02-07,1829,1834,2018-02-08,2018-02-15,0.02496400225335016,1.0,-0.004624084464752265,0.001290381524689188,0.692892917374208,0.5017162471395881,outer_03,none,0.0,0,,False,5.0,0.0,0.0,0.0,0.0,0.0,0.0,0.0,0.0
1829,2018-02-08,1830,1835,2018-02-09,2018-02-16,0.025950799679245407,1.0,3.792720253237292e-05,-0.003029525015784351,0.5875208484482555,0.5017162471395881,outer_03,none,0.0,1,row1829_entry1830_exit1835,True,5.0,0.000499875041651048,0.025950799679245407,0.02545092463759436,0.0,0.02545092463759436,-0.026450674720896454,0.02545092463759436,-0.026450674720896454
1830,2018-02-09,1831,1836,2018-02-12,2018-02-19,0.025749339182795872,1.0,-0.0020501301799420446,-0.016979769692830438,0.6892305004509448,0.5017162471395881,outer_03,none,0.0,0,,False,5.0,0.0,0.0,0.0,0.0,0.0,0.0,0.0,0.0
1831,2018-02-12,1832,1837,2018-02-13,2018-02-20,0.01816986349578187,1.0,0.0054728201788636355,-0.012821314364700243,0.711418453943058,0.5017162471395881,outer_03,none,0.0,0,,False,5.0,0.0,0.0,0.0,0.0,0.0,0.0,0.0,0.0
1832,2018-02-13,1833,1838,2018-02-14,2018-02-21,-0.00017298370611840141,0.0,0.004623195820666837,-0.0070332003672684,0.6815629205099946,0.5017162471395881,outer_03,none,0.0,0,,False,5.0,0.0,-0.0,-0.0,0.0,-0.0,-0.0,-0.0,-0.0
1833,2018-02-14,1834,1839,2018-02-15,2018-02-22,-0.019626578113298265,0.0,0.01578903552886235,0.01758147462903814,0.6329836876068052,0.5017162471395881,outer_03,none,0.0,0,,False,5.0,0.0,-0.0,-0.0,0.0,-0.0,-0.0,-0.0,-0.0
1834,2018-02-15,1835,1840,2018-02-16,2018-02-23,-0.016391673137872154,0.0,0.002167793954164665,0.019425186655469773,0.6956188027303633,0.5017162471395881,outer_03,none,0.0,1,row1834_entry1835_exit1840,True,5.0,0.000499875041651048,-0.016391673137872154,-0.0168915481795232,0.0,-0.0168915481795232,0.015891798096221106,-0.0168915481795232,-0.0168915481795232
1835,2018-02-16,1836,1841,2018-02-19,2018-02-26,-0.014823821936612802,0.0,-0.004177010331629205,0.011945521796736358,0.7261142624687636,0.5017162471395881,outer_03,none,0.0,0,,False,5.0,0.0,-0.0,-0.0,0.0,-0.0,-0.0,-0.0,-0.0
1836,2018-02-19,1837,1842,2018-02-20,2018-02-27,-0.010890753622811111,0.0,-0.0006161772706771984,0.00949840565865756,0.7921029291067914,0.5017162471395881,outer_03,none,0.0,0,,False,5.0,0.0,-0.0,-0.0,0.0,-0.0,-0.0,-0.0,-0.0
1837,2018-02-20,1838,1843,2018-02-21,2018-02-28,-0.00838411485513113,0.0,-0.012907841223272598,-0.00882257336669312,0.7496638058945078,0.5017162471395881,outer_03,none,0.0,0,,False,5.0,0.0,-0.0,-0.0,0.0,-0.0,-0.0,-0.0,-0.0
1838,2018-02-21,1839,1844,2018-02-22,2018-03-01,-0.004062939451007885,0.0,-0.0037381812382095703,-0.025054062914176,0.8081633355120759,0.5017162471395881,outer_03,none,0.0,0,,False,5.0,0.0,-0.0,-0.0,0.0,-0.0,-0.0,-0.0,-0.0
1839,2018-02-22,1840,1845,2018-02-23,2018-03-02,-0.011562481311825579,0.0,0.005632078496747184,-0.012216250757135505,0.7036402031028305,0.5017162471395881,outer_03,none,0.0,1,row1839_entry1840_exit1845,True,5.0,0.000499875041651048,-0.011562481311825579,-0.012062356353476626,0.0,-0.012062356353476626,0.011062606270174531,-0.012062356353476626,0.011062606270174531
1840,2018-02-23,1841,1846,2018-02-26,2018-03-05,-0.004612714224268899,0.0,-0.002307725134621741,-0.01584336442065215,0.6939842611450626,0.5017162471395881,outer_03,none,0.0,0,,False,5.0,0.0,-0.0,-0.0,0.0,-0.0,-0.0,-0.0,-0.0
1841,2018-02-26,1842,1847,2018-02-27,2018-03-06,-0.009608755655780676,0.0,0.0031182986597411144,-0.005528864733935102,0.6535944401604902,0.5017162471395881,outer_03,none,0.0,0,,False,5.0,0.0,-0.0,-0.0,0.0,-0.0,-0.0,-0.0,-0.0
1842,2018-02-27,1843,1848,2018-02-28,2018-03-07,0.01592244147398514,1.0,-0.0110440844632258,-0.015281378938740708,0.7541608672700062,0.5017162471395881,outer_03,none,0.0,0,,False,5.0,0.0,0.0,0.0,0.0,0.0,0.0,0.0,0.0
1843,2018-02-28,1844,1849,2018-03-01,2018-03-08,0.005006325067552275,1.0,-0.00015930996062252234,-0.020173270127755494,0.7538332426157877,0.5017162471395881,outer_03,none,0.0,0,,False,5.0,0.0,0.0,0.0,0.0,0.0,0.0,0.0,0.0
1844,2018-03-01,1845,1850,2018-03-02,2018-03-09,0.003677324931424586,1.0,-0.0006982286527046355,-0.023433384540419766,0.6987905915507133,0.5017162471395881,outer_03,none,0.0,1,row1844_entry1845_exit1850,True,5.0,0.000499875041651048,0.003677324931424586,0.003177449889773538,0.0,0.003177449889773538,-0.0041771999730756335,-0.0041771999730756335,-0.0041771999730756335
1845,2018-03-02,1846,1851,2018-03-05,2018-03-12,-0.0006423408632505456,0.0,0.0037586052553768567,-0.007872899642831221,0.5925600310659108,0.5017162471395881,outer_03,none,0.0,0,,False,5.0,0.0,-0.0,-0.0,0.0,-0.0,-0.0,-0.0,-0.0
1846,2018-03-05,1847,1852,2018-03-06,2018-03-13,0.002261648638663516,1.0,-0.0016956854933622978,-0.014800378457614727,0.6265578065113386,0.5017162471395881,outer_03,none,0.0,0,,False,5.0,0.0,0.0,0.0,0.0,0.0,0.0,0.0,0.0
1847,2018-03-06,1848,1853,2018-03-07,2018-03-14,-0.010279973473903858,0.0,0.010865986391348947,0.0074472830752840835,0.6085182915905232,0.5017162471395881,outer_03,none,0.0,0,,False,5.0,0.0,-0.0,-0.0,0.0,-0.0,-0.0,-0.0,-0.0
1848,2018-03-07,1849,1854,2018-03-08,2018-03-15,-0.0013889729873612922,0.0,-0.006730234266374424,0.005341133273661924,0.6773840639486535,0.5017162471395881,outer_03,none,0.0,0,,False,5.0,0.0,-0.0,-0.0,0.0,-0.0,-0.0,-0.0,-0.0
1849,2018-03-08,1850,1855,2018-03-09,2018-03-16,-0.004095196149597413,0.0,-0.0024249395261080053,0.002878266545021546,0.6561736389335956,0.5017162471395881,outer_03,none,0.0,1,row1849_entry1850_exit1855,True,5.0,0.000499875041651048,-0.004095196149597413,-0.004595071191248461,0.0,-0.004595071191248461,0.0035953211079463652,0.0035953211079463652,-0.004595071191248461
1850,2018-03-09,1851,1856,2018-03-12,2018-03-19,-0.007374843743929382,0.0,0.0009223209877031735,0.005850717712666764,0.6673123031082728,0.5017162471395881,outer_03,none,0.0,0,,False,5.0,0.0,-0.0,-0.0,0.0,-0.0,-0.0,-0.0,-0.0
1851,2018-03-12,1852,1857,2018-03-13,2018-03-20,-0.004725777868514136,0.0,-0.0004988549115942931,-0.00012095737779116433,0.7414610953327392,0.5017162471395881,outer_03,none,0.0,0,,False,5.0,0.0,-0.0,-0.0,0.0,-0.0,-0.0,-0.0,-0.0
1852,2018-03-13,1853,1858,2018-03-14,2018-03-21,-0.010851743905100797,0.0,0.0027255482121804064,-0.0020186049862775945,0.5704778682747239,0.5017162471395881,outer_03,none,0.0,0,,False,5.0,0.0,-0.0,-0.0,0.0,-0.0,-0.0,-0.0,-0.0
1853,2018-03-14,1854,1859,2018-03-15,2018-03-22,0.006047547642785034,1.0,-0.0011844364938751184,-0.018992077009015063,0.5496362878161141,0.5017162471395881,outer_03,none,0.0,0,,False,5.0,0.0,0.0,0.0,0.0,0.0,0.0,0.0,0.0
1854,2018-03-15,1855,1860,2018-03-16,2018-03-23,0.011101442922226923,1.0,-0.006285090241822111,-0.02744496120500184,0.537405445147946,0.5017162471395881,outer_03,none,0.0,1,row1854_entry1855_exit1860,True,5.0,0.000499875041651048,0.011101442922226923,0.010601567880575875,0.0,0.010601567880575875,-0.01160131796387797,-0.01160131796387797,-0.01160131796387797
1855,2018-03-16,1856,1861,2018-03-19,2018-03-26,0.026312066580070237,1.0,-0.002258633384870201,-0.025526584258242835,0.5558841831578599,0.5017162471395881,outer_03,none,0.0,0,,False,5.0,0.0,0.0,0.0,0.0,0.0,0.0,0.0,0.0
1856,2018-03-19,1857,1862,2018-03-20,2018-03-27,0.026666249373533013,1.0,0.0026991185332132517,-0.022211288454352385,0.5896794628354606,0.5017162471395881,outer_03,none,0.0,0,,False,5.0,0.0,0.0,0.0,0.0,0.0,0.0,0.0,0.0
1857,2018-03-20,1858,1863,2018-03-21,2018-03-28,0.025645422550116592,1.0,-0.004535638349997484,-0.01383908558107727,0.4835144443117289,0.5017162471395881,outer_03,none,0.0,0,,False,5.0,0.0,0.0,0.0,0.0,0.0,0.0,0.0,0.0
1858,2018-03-21,1859,1864,2018-03-22,2018-03-29,-0.005624612466400336,0.0,0.015695440369691838,0.005594536026824137,0.39596360798291247,0.5017162471395881,outer_03,none,0.0,0,,False,5.0,0.0,-0.0,-0.0,0.0,-0.0,-0.0,-0.0,-0.0
1859,2018-03-22,1860,1865,2018-03-23,2018-04-02,-0.0036214328788384265,0.0,-0.002398127753851398,-0.0024356702237744443,0.5323964272059591,0.5017162471395881,outer_03,none,0.0,1,row1859_entry1860_exit1865,True,5.0,0.000499875041651048,-0.0036214328788384265,-0.004121307920489474,0.0,-0.004121307920489474,0.0031215578371873785,0.0031215578371873785,0.0031215578371873785
1860,2018-03-23,1861,1866,2018-03-26,2018-04-03,-0.005608548003335656,0.0,0.014125161983223222,0.013997216894070519,0.5400101964232351,0.5017162471395881,outer_03,none,0.0,0,,False,5.0,0.0,-0.0,-0.0,0.0,-0.0,-0.0,-0.0,-0.0
1861,2018-03-26,1862,1867,2018-03-27,2018-04-04,-0.015133523848042785,0.0,0.004391054649810933,0.015269972884140337,0.7515971645644866,0.5017162471395881,outer_03,none,0.0,0,,False,5.0,0.0,-0.0,-0.0,0.0,-0.0,-0.0,-0.0,-0.0
1862,2018-03-27,1863,1868,2018-03-28,2018-04-05,-0.009340384700450954,0.0,-0.006560365704455506,0.01975369164291063,0.8210729016125683,0.5017162471395881,outer_03,none,0.0,0,,False,5.0,0.0,-0.0,-0.0,0.0,-0.0,-0.0,-0.0,-0.0
1863,2018-03-28,1864,1869,2018-03-29,2018-04-06,0.0021798086025732744,1.0,-0.0148049845491105,0.005108017054422653,0.6679809601484811,0.5017162471395881,outer_03,none,0.0,0,,False,5.0,0.0,0.0,0.0,0.0,0.0,0.0,0.0,0.0
1864,2018-03-29,1865,1870,2018-04-02,2018-04-09,0.005783514724042149,1.0,0.00015849834175973854,0.005964744048887027,0.7633250156207128,0.5017162471395881,outer_03,none,0.0,1,row1864_entry1865_exit1870,True,5.0,0.000499875041651048,0.005783514724042149,0.005283639682391102,0.0,0.005283639682391102,-0.006283389765693197,0.005283639682391102,0.005283639682391102
1865,2018-04-02,1866,1871,2018-04-03,2018-04-10,-0.0029881765237069757,0.0,0.01200278467912419,0.01420892347263436,0.8292268026489251,0.5017162471395881,outer_03,none,0.0,0,,False,5.0,0.0,-0.0,-0.0,0.0,-0.0,-0.0,-0.0,-0.0
1866,2018-04-03,1867,1872,2018-04-04,2018-04-11,0.005209358666298236,1.0,-0.006358536971851514,0.009546071994145144,0.7583290722429549,0.5017162471395881,outer_03,none,0.0,0,,False,5.0,0.0,0.0,0.0,0.0,0.0,0.0,0.0,0.0
1867,2018-04-04,1868,1873,2018-04-05,2018-04-12,0.014499429269102748,1.0,0.0005251746326324636,-0.0007947397645713394,0.726403941478715,0.5017162471395881,outer_03,none,0.0,0,,False,5.0,0.0,0.0,0.0,0.0,0.0,0.0,0.0,0.0
1868,2018-04-05,1869,1874,2018-04-06,2018-04-13,0.006226571966792882,1.0,-0.005166182470135894,0.0007693120316671909,0.6716411376154058,0.5017162471395881,outer_03,none,0.0,0,,False,5.0,0.0,0.0,0.0,0.0,0.0,0.0,0.0,0.0
1869,2018-04-06,1870,1875,2018-04-09,2018-04-16,0.0068754988395474115,1.0,0.0047535684796686795,0.007947820037443876,0.7035710125473277,0.5017162471395881,outer_03,none,0.0,1,row1869_entry1870_exit1875,True,5.0,0.000499875041651048,0.0068754988395474115,0.006375623797896364,0.0,0.006375623797896364,-0.007375373881198459,0.006375623797896364,0.006375623797896364
1870,2018-04-09,1871,1876,2018-04-10,2018-04-17,0.0069189465206678236,1.0,0.0025255282744636176,0.00955102732420432,0.7238820482758339,0.5017162471395881,outer_03,none,0.0,0,,False,5.0,0.0,0.0,0.0,0.0,0.0,0.0,0.0,0.0
1871,2018-04-10,1872,1877,2018-04-11,2018-04-18,0.005642708874483482,1.0,0.002257826717809941,0.012307708953608554,0.6744761785477685,0.5017162471395881,outer_03,none,0.0,0,,False,5.0,0.0,0.0,0.0,0.0,0.0,0.0,0.0,0.0
1872,2018-04-11,1873,1878,2018-04-12,2018-04-19,-0.0025168978472036585,0.0,0.010400664301200457,0.019982825042628605,0.7680010028348231,0.5017162471395881,outer_03,none,0.0,0,,False,5.0,0.0,-0.0,-0.0,0.0,-0.0,-0.0,-0.0,-0.0
1873,2018-04-12,1874,1879,2018-04-13,2018-04-20,0.00756375705295298,1.0,-0.013549566471186658,0.007617695065317065,0.5850159679387538,0.5017162471395881,outer_03,none,0.0,0,,False,5.0,0.0,0.0,0.0,0.0,0.0,0.0,0.0,0.0
1874,2018-04-13,1875,1880,2018-04-16,2018-04-23,-0.005976009239214264,0.0,0.007612147475707154,0.02151493278284633,0.7887455503006229,0.5017162471395881,outer_03,none,0.0,1,row1874_entry1875_exit1880,True,5.0,0.000499875041651048,-0.005976009239214264,-0.006475884280865311,0.0,-0.006475884280865311,0.005476134197563216,-0.006475884280865311,-0.006475884280865311
1875,2018-04-16,1876,1881,2018-04-17,2018-04-24,-0.015809096340875683,0.0,0.00038652227072510925,0.02416008843844164,0.7671966809292474,0.5017162471395881,outer_03,none,0.0,0,,False,5.0,0.0,-0.0,-0.0,0.0,-0.0,-0.0,-0.0,-0.0
1876,2018-04-17,1877,1882,2018-04-18,2018-04-25,-0.01274492632184998,0.0,0.0011735172695104268,0.022634487174738815,0.7854642851004452,0.5017162471395881,outer_03,none,0.0,0,,False,5.0,0.0,-0.0,-0.0,0.0,-0.0,-0.0,-0.0,-0.0
1877,2018-04-18,1878,1883,2018-04-19,2018-04-26,-0.02027577077846221,0.0,0.0015131401280461532,0.028683265652782453,0.6953309507775531,0.5017162471395881,outer_03,none,0.0,0,,False,5.0,0.0,-0.0,-0.0,0.0,-0.0,-0.0,-0.0,-0.0
1878,2018-04-19,1879,1884,2018-04-20,2018-04-27,-0.021269727573783648,0.0,-0.0026049122121172275,0.010382913070973387,0.7359208403701182,0.5017162471395881,outer_03,none,0.0,0,,False,5.0,0.0,-0.0,-0.0,0.0,-0.0,-0.0,-0.0,-0.0
1879,2018-04-20,1880,1885,2018-04-23,2018-04-30,-0.008963472581933196,0.0,-0.007653498200363096,0.0051275426244616895,0.6283324018601338,0.5017162471395881,outer_03,none,0.0,1,row1879_entry1880_exit1885,True,5.0,0.000499875041651048,-0.008963472581933196,-0.009463347623584244,0.0,-0.009463347623584244,0.008463597540282149,0.008463597540282149,-0.009463347623584244
1880,2018-04-23,1881,1886,2018-04-24,2018-05-01,-0.006565991880448152,0.0,-0.008029514608677069,-0.0170271339674386,0.5900646190951283,0.5017162471395881,outer_03,none,0.0,0,,False,5.0,0.0,-0.0,-0.0,0.0,-0.0,-0.0,-0.0,-0.0
1881,2018-04-24,1882,1887,2018-04-25,2018-05-02,-0.019319908462854585,0.0,0.004526411120393092,-0.01689177749685644,0.6433444787331069,0.5017162471395881,outer_03,none,0.0,0,,False,5.0,0.0,-0.0,-0.0,0.0,-0.0,-0.0,-0.0,-0.0
1882,2018-04-25,1883,1888,2018-04-26,2018-05-03,-0.012543453268832216,0.0,-0.005946544005499987,-0.016277955797900923,0.5875343909461302,0.5017162471395881,outer_03,none,0.0,0,,False,5.0,0.0,-0.0,-0.0,0.0,-0.0,-0.0,-0.0,-0.0
1883,2018-04-26,1884,1889,2018-04-27,2018-05-04,-0.00381793063685798,0.0,-0.004447162324467513,-0.005920133573257935,0.4151070947707554,0.5017162471395881,outer_03,none,0.0,0,,False,5.0,0.0,-0.0,-0.0,0.0,-0.0,-0.0,-0.0,-0.0
1884,2018-04-27,1885,1890,2018-04-30,2018-05-07,-0.005982570626854589,0.0,0.004469839861235059,-0.001608792053782615,0.44903109763590976,0.5017162471395881,outer_03,none,0.0,-1,row1884_entry1885_exit1890,True,5.0,0.000499875041651048,0.005982570626854589,0.005482695585203541,0.0,-0.006482445668505636,0.005482695585203541,-0.006482445668505636,0.005482695585203541
1885,2018-04-30,1886,1891,2018-05-01,2018-05-08,-0.001376211530272009,0.0,-0.006012399219386566,-0.01962397595229337,0.6289629096087007,0.5017162471395881,outer_03,none,0.0,0,,False,5.0,0.0,-0.0,-0.0,0.0,-0.0,-0.0,-0.0,-0.0
1886,2018-05-01,1887,1892,2018-05-02,2018-05-09,0.007924915502863783,1.0,-0.00838499288413086,-0.021650431864572717,0.5242171240351968,0.5017162471395881,outer_03,none,0.0,0,,False,5.0,0.0,0.0,0.0,0.0,0.0,0.0,0.0,0.0
1887,2018-05-02,1888,1893,2018-05-03,2018-05-10,0.005027132597988704,1.0,0.0007052727091165778,-0.021470333788088602,0.4602801036023987,0.5017162471395881,outer_03,none,0.0,0,,False,5.0,0.0,0.0,0.0,0.0,0.0,0.0,0.0,0.0
1888,2018-05-03,1889,1894,2018-05-04,2018-05-11,0.006789160424840013,1.0,0.005555760896509554,-0.010748390421443155,0.41305669314021637,0.5017162471395881,outer_03,none,0.0,0,,False,5.0,0.0,0.0,0.0,0.0,0.0,0.0,0.0,0.0
1889,2018-05-04,1890,1895,2018-05-07,2018-05-14,0.002445880444556181,1.0,0.00183493973725124,-0.013667019163860594,0.4562540271343543,0.5017162471395881,outer_03,none,0.0,-1,row1889_entry1890_exit1895,True,5.0,0.000499875041651048,-0.002445880444556181,-0.002945755486207229,0.0,0.001946005402905133,-0.002945755486207229,0.001946005402905133,-0.002945755486207229
1890,2018-05-07,1891,1896,2018-05-08,2018-05-15,-0.00012174521784658054,0.0,-0.00030432136570812673,-0.01649686880403234,0.5372279309278385,0.5017162471395881,outer_03,none,0.0,0,,False,5.0,0.0,-0.0,-0.0,0.0,-0.0,-0.0,-0.0,-0.0
1891,2018-05-08,1892,1897,2018-05-09,2018-05-16,-0.018652101942872257,0.0,0.00035756808439124654,-0.018397127437451033,0.39599503341893494,0.5017162471395881,outer_03,none,0.0,0,,False,5.0,0.0,-0.0,-0.0,0.0,-0.0,-0.0,-0.0,-0.0
1892,2018-05-09,1893,1898,2018-05-10,2018-05-17,-0.016311369459128144,0.0,-0.0017586404383402865,-0.030556432176991777,0.5060366859130381,0.5017162471395881,outer_03,none,0.0,0,,False,5.0,0.0,-0.0,-0.0,0.0,-0.0,-0.0,-0.0,-0.0
1893,2018-05-10,1894,1899,2018-05-11,2018-05-18,-0.02357897250360086,0.0,0.006599831809759316,-0.010407033896045803,0.4094288820972606,0.5017162471395881,outer_03,none,0.0,0,,False,5.0,0.0,-0.0,-0.0,0.0,-0.0,-0.0,-0.0,-0.0
1894,2018-05-11,1895,1900,2018-05-14,2018-05-21,-0.02037907308230036,0.0,-0.0023645510414525006,-0.020383732413205458,0.5719944765461027,0.5017162471395881,outer_03,none,0.0,1,row1894_entry1895_exit1900,True,5.0,0.000499875041651048,-0.02037907308230036,-0.020878948123951406,0.0,-0.020878948123951406,0.01987919804064931,0.01987919804064931,0.01987919804064931
1895,2018-05-14,1896,1901,2018-05-15,2018-05-22,-0.01651129287032127,0.0,-0.003648723575495616,-0.024418978259426183,0.5326342620917263,0.5017162471395881,outer_03,none,0.0,0,,False,5.0,0.0,-0.0,-0.0,0.0,-0.0,-0.0,-0.0,-0.0
1896,2018-05-15,1897,1902,2018-05-16,2018-05-23,0.0004182933691776469,1.0,-0.01717466079559049,-0.0427671563245271,0.21146765421761773,0.5017162471395881,outer_03,none,0.0,0,,False,5.0,0.0,0.0,0.0,0.0,0.0,0.0,0.0,0.0
1897,2018-05-16,1898,1903,2018-05-17,2018-05-24,0.0022747856888107876,1.0,-0.00022469733750707377,-0.04450499379008033,0.37952899439164933,0.5017162471395881,outer_03,none,0.0,0,,False,5.0,0.0,0.0,0.0,0.0,0.0,0.0,0.0,0.0
1898,2018-05-17,1899,1904,2018-05-18,2018-05-25,0.01105843668203299,1.0,0.00022469733750707377,-0.041675384240456026,0.42655890317025563,0.5017162471395881,outer_03,none,0.0,0,,False,5.0,0.0,0.0,0.0,0.0,0.0,0.0,0.0,0.0
1899,2018-05-18,1900,1905,2018-05-21,2018-05-28,0.006090495991310618,1.0,0.001323913868009008,-0.03269797217208392,0.5477151219698303,0.5017162471395881,outer_03,none,0.0,1,row1899_entry1900_exit1905,True,5.0,0.000499875041651048,0.006090495991310618,0.005590620949659571,0.0,0.005590620949659571,-0.006590371032961666,0.005590620949659571,-0.006590371032961666
1900,2018-05-21,1901,1906,2018-05-22,2018-05-29,0.0038760636268051485,1.0,0.0,-0.024668457563406854,0.5442174541371422,0.5017162471395881,outer_03,none,0.0,0,,False,5.0,0.0,0.0,0.0,0.0,0.0,0.0,0.0,0.0
1901,2018-05-22,1902,1907,2018-05-23,2018-05-30,0.006522827856125346,1.0,-0.0011302497816334522,-0.0303251184654334,0.6315430738114834,0.5017162471395881,outer_03,none,0.0,0,,False,5.0,0.0,0.0,0.0,0.0,0.0,0.0,0.0,0.0
1902,2018-05-23,1903,1908,2018-05-24,2018-05-31,0.00601018915050755,1.0,0.0016716976263619898,-0.02270687683357142,0.5101398525715449,0.5017162471395881,outer_03,none,0.0,0,,False,5.0,0.0,0.0,0.0,0.0,0.0,0.0,0.0,0.0
1903,2018-05-24,1904,1909,2018-05-25,2018-06-01,-0.0045703743146354725,0.0,0.008523861682725453,-0.009735852826378455,0.46748308545342493,0.5017162471395881,outer_03,none,0.0,0,,False,5.0,0.0,-0.0,-0.0,0.0,-0.0,-0.0,-0.0,-0.0
1904,2018-05-25,1905,1910,2018-05-28,2018-06-04,-0.004914280174891594,0.0,-0.0028639784315478423,-0.017069671119161356,0.5769404406489441,0.5017162471395881,outer_03,none,0.0,1,row1904_entry1905_exit1910,True,5.0,0.000499875041651048,-0.004914280174891594,-0.005414155216542642,0.0,-0.005414155216542642,0.004414405133240547,0.004414405133240547,0.004414405133240547
1905,2018-05-28,1906,1911,2018-05-29,2018-06-05,-0.004216515502578844,0.0,-0.0019241580051332363,-0.012981429904908026,0.6897139269157734,0.5017162471395881,outer_03,none,0.0,0,,False,5.0,0.0,-0.0,-0.0,0.0,-0.0,-0.0,-0.0,-0.0
1906,2018-05-29,1907,1912,2018-05-30,2018-06-06,-0.0021875441995691247,0.0,0.00047753653676796404,-0.0041189004840092025,0.4288342920292483,0.5017162471395881,outer_03,none,0.0,0,,False,5.0,0.0,-0.0,-0.0,0.0,-0.0,-0.0,-0.0,-0.0
1907,2018-05-30,1908,1913,2018-05-31,2018-06-07,-0.003917936282469725,0.0,0.0022382989050191426,-0.0025858742881066377,0.36226729043919254,0.5017162471395881,outer_03,none,0.0,0,,False,5.0,0.0,-0.0,-0.0,0.0,-0.0,-0.0,-0.0,-0.0
1908,2018-05-31,1909,1914,2018-06-01,2018-06-08,-0.0012248719845553424,0.0,-0.002546360889525978,-0.01068799607414217,0.40537684736903423,0.5017162471395881,outer_03,none,0.0,0,,False,5.0,0.0,-0.0,-0.0,0.0,-0.0,-0.0,-0.0,-0.0
1909,2018-06-01,1910,1915,2018-06-04,2018-06-11,0.004675681900133455,1.0,-0.003835606340062192,-0.016358542151455602,0.4505075660092137,0.5017162471395881,outer_03,none,0.0,-1,row1909_entry1910_exit1915,True,5.0,0.000499875041651048,-0.004675681900133455,-0.005175556941784502,0.0,0.004175806858482407,-0.005175556941784502,-0.005175556941784502,-0.005175556941784502
1910,2018-06-04,1911,1916,2018-06-05,2018-06-12,0.005972009570499814,1.0,-0.0011295589732114308,-0.017183779758958906,0.5740453055718346,0.5017162471395881,outer_03,none,0.0,0,,False,5.0,0.0,0.0,0.0,0.0,0.0,0.0,0.0,0.0
1911,2018-06-05,1912,1917,2018-06-06,2018-06-13,-0.001080130337858698,0.0,0.0036162771705043895,-0.013925070672845763,0.5029399811914902,0.5017162471395881,outer_03,none,0.0,0,,False,5.0,0.0,-0.0,-0.0,0.0,-0.0,-0.0,-0.0,-0.0
1912,2018-06-06,1913,1918,2018-06-07,2018-06-14,0.0024957069869815385,1.0,-0.00041659595424370366,-0.01258302618874918,0.4262903714194934,0.5017162471395881,outer_03,none,0.0,0,,False,5.0,0.0,0.0,0.0,0.0,0.0,0.0,0.0,0.0
1913,2018-06-07,1914,1919,2018-06-08,2018-06-15,0.0037392425062767742,1.0,0.0005862704880454928,-0.018596587510463003,0.4731388485937581,0.5017162471395881,outer_03,none,0.0,0,,False,5.0,0.0,0.0,0.0,0.0,0.0,0.0,0.0,0.0
1914,2018-06-08,1915,1920,2018-06-11,2018-06-18,-0.01549155768029209,0.0,0.0014564736652715737,-0.014775562803738929,0.48441485691461017,0.5017162471395881,outer_03,none,0.0,-1,row1914_entry1915_exit1920,True,5.0,0.000499875041651048,0.01549155768029209,0.014991682638641042,0.0,-0.015991432721943137,0.014991682638641042,-0.015991432721943137,0.014991682638641042
1915,2018-06-11,1916,1921,2018-06-12,2018-06-19,-0.016318029216812135,0.0,0.0013466979083727182,-0.009780141319870594,0.4733170879201777,0.5017162471395881,outer_03,none,0.0,0,,False,5.0,0.0,-0.0,-0.0,0.0,-0.0,-0.0,-0.0,-0.0
1916,2018-06-12,1917,1922,2018-06-13,2018-06-20,-0.015951287103519896,0.0,-0.003721300044954745,0.003673219430765151,0.37686309719038336,0.5017162471395881,outer_03,none,0.0,0,,False,5.0,0.0,-0.0,-0.0,0.0,-0.0,-0.0,-0.0,-0.0
1917,2018-06-13,1918,1923,2018-06-14,2018-06-21,-0.024768585780527097,0.0,0.00303663460035164,0.006934551368623865,0.37637780236547913,0.5017162471395881,outer_03,none,0.0,0,,False,5.0,0.0,-0.0,-0.0,0.0,-0.0,-0.0,-0.0,-0.0
1918,2018-06-14,1919,1924,2018-06-15,2018-06-22,-0.027072646656036703,0.0,0.002144744087144268,0.008854598118261059,0.3515079799246568,0.5017162471395881,outer_03,none,0.0,0,,False,5.0,0.0,-0.0,-0.0,0.0,-0.0,-0.0,-0.0,-0.0
1919,2018-06-15,1920,1925,2018-06-18,2018-06-25,-0.006085100133343069,0.0,-0.017085033227393076,-0.009554348977141025,0.41768841983321453,0.5017162471395881,outer_03,none,0.0,-1,row1919_entry1920_exit1925,True,5.0,0.000499875041651048,0.006085100133343069,0.005585225091692021,0.0,-0.006584975174994116,0.005585225091692021,0.005585225091692021,0.005585225091692021
1920,2018-06-18,1921,1926,2018-06-19,2018-06-26,-0.010090776096097542,0.0,-0.0015556661817264228,-0.011110015158867448,0.7142653707201005,0.5017162471395881,outer_03,none,0.0,0,,False,5.0,0.0,-0.0,-0.0,0.0,-0.0,-0.0,-0.0,-0.0
1921,2018-06-19,1922,1927,2018-06-20,2018-06-27,-0.01302626002738183,0.0,-0.0029302787493321603,-0.012910044126566156,0.6938899589443264,0.5017162471395881,outer_03,none,0.0,0,,False,5.0,0.0,-0.0,-0.0,0.0,-0.0,-0.0,-0.0,-0.0
1922,2018-06-20,1923,1928,2018-06-21,2018-06-28,-0.012490441551260112,0.0,-0.005428766843778021,-0.020010508596706167,0.6018557854154563,0.5017162471395881,outer_03,none,0.0,0,,False,5.0,0.0,-0.0,-0.0,0.0,-0.0,-0.0,-0.0,-0.0
1923,2018-06-21,1924,1929,2018-06-22,2018-06-29,-0.015401494709423424,0.0,-0.0002524854045287128,-0.028786855683960333,0.41435746435639687,0.5017162471395881,outer_03,none,0.0,0,,False,5.0,0.0,-0.0,-0.0,0.0,-0.0,-0.0,-0.0,-0.0
1924,2018-06-22,1925,1930,2018-06-25,2018-07-02,-0.014769889352927557,0.0,0.001553352438343758,-0.024369524814068733,0.6553849397105106,0.5017162471395881,outer_03,none,0.0,1,row1924_entry1925_exit1930,True,5.0,0.000499875041651048,-0.014769889352927557,-0.015269764394578604,0.0,-0.015269764394578604,0.014270014311276509,-0.015269764394578604,0.014270014311276509
1925,2018-06-25,1926,1931,2018-06-26,2018-07-03,-0.01925950603815796,0.0,-0.0030696050584939627,-0.02551497186742946,0.7395528998762053,0.5017162471395881,outer_03,none,0.0,0,,False,5.0,0.0,-0.0,-0.0,0.0,-0.0,-0.0,-0.0,-0.0
1926,2018-06-26,1927,1932,2018-06-27,2018-07-04,-0.0047552570579583175,0.0,-0.005444249649380062,-0.031436758053577485,0.6748962347636662,0.5017162471395881,outer_03,none,0.0,0,,False,5.0,0.0,-0.0,-0.0,0.0,-0.0,-0.0,-0.0,-0.0
1927,2018-06-27,1928,1933,2018-06-28,2018-07-05,0.003133286731558549,1.0,-0.005306277986884211,-0.03898133494548084,0.6512673570369627,0.5017162471395881,outer_03,none,0.0,0,,False,5.0,0.0,0.0,0.0,0.0,0.0,0.0,0.0,0.0
1928,2018-06-28,1929,1934,2018-06-29,2018-07-06,0.007336743205629936,1.0,-0.0029200838372229754,-0.039355057893177836,0.7528986990253091,0.5017162471395881,outer_03,none,0.0,0,,False,5.0,0.0,0.0,0.0,0.0,0.0,0.0,0.0,0.0
1929,2018-06-29,1930,1935,2018-07-02,2018-07-09,0.002009586079690706,1.0,0.003678709244434586,-0.03184074230868106,0.6136055823335146,0.5017162471395881,outer_03,none,0.0,1,row1929_entry1930_exit1935,True,5.0,0.000499875041651048,0.002009586079690706,0.0015097110380396582,0.0,0.0015097110380396582,-0.002509461121341754,0.0015097110380396582,-0.002509461121341754
1930,2018-07-02,1931,1936,2018-07-03,2018-07-10,0.012602536041445234,1.0,-0.009020881226010857,-0.039732064561480485,0.6642052050419243,0.5017162471395881,outer_03,none,0.0,0,,False,5.0,0.0,0.0,0.0,0.0,0.0,0.0,0.0,0.0
1931,2018-07-03,1932,1937,2018-07-04,2018-07-11,0.0025755844185626486,1.0,0.009052810725678206,-0.03429553100630667,0.6208937652609487,0.5017162471395881,outer_03,none,0.0,0,,False,5.0,0.0,0.0,0.0,0.0,0.0,0.0,0.0,0.0
1932,2018-07-04,1933,1938,2018-07-05,2018-07-12,-0.011029847283078986,0.0,0.002941119984004814,-0.03093781506805815,0.7517453585316612,0.5017162471395881,outer_03,none,0.0,0,,False,5.0,0.0,-0.0,-0.0,0.0,-0.0,-0.0,-0.0,-0.0
1933,2018-07-05,1934,1939,2018-07-06,2018-07-13,-0.008282695722016342,0.0,0.0005569612339835217,-0.03096712432212012,0.6394877052955562,0.5017162471395881,outer_03,none,0.0,0,,False,5.0,0.0,-0.0,-0.0,0.0,-0.0,-0.0,-0.0,-0.0
1934,2018-07-06,1935,1940,2018-07-09,2018-07-16,-0.0111997068957157,0.0,-0.0020782496043834087,-0.0345018475917751,0.7016966648834222,0.5017162471395881,outer_03,none,0.0,1,row1934_entry1935_exit1940,True,5.0,0.000499875041651048,-0.0111997068957157,-0.011699581937366747,0.0,-0.011699581937366747,0.010699831854064652,0.010699831854064652,0.010699831854064652
1935,2018-07-09,1936,1941,2018-07-10,2018-07-17,-0.013537032729957765,0.0,0.002269136353445944,-0.03357940914670188,0.6794984900213739,0.5017162471395881,outer_03,none,0.0,0,,False,5.0,0.0,-0.0,-0.0,0.0,-0.0,-0.0,-0.0,-0.0
1936,2018-07-10,1937,1942,2018-07-11,2018-07-18,-0.022575122043805074,0.0,-0.0011777158451025116,-0.031035824946849644,0.6988312688630164,0.5017162471395881,outer_03,none,0.0,0,,False,5.0,0.0,-0.0,-0.0,0.0,-0.0,-0.0,-0.0,-0.0
1937,2018-07-11,1938,1943,2018-07-12,2018-07-19,-0.01253741963405286,0.0,-0.011008433462279754,-0.04508089300948104,0.4618347767405819,0.5017162471395881,outer_03,none,0.0,0,,False,5.0,0.0,-0.0,-0.0,0.0,-0.0,-0.0,-0.0,-0.0
1938,2018-07-12,1939,1944,2018-07-13,2018-07-20,-0.01868441535667653,0.0,0.0038246495166296413,-0.043400987579995665,0.458817275345342,0.5017162471395881,outer_03,none,0.0,0,,False,5.0,0.0,-0.0,-0.0,0.0,-0.0,-0.0,-0.0,-0.0
1939,2018-07-13,1940,1945,2018-07-16,2018-07-23,-0.008803856738978766,0.0,-0.004726696903063932,-0.03104265125566652,0.60231331631506,0.5017162471395881,outer_03,none,0.0,1,row1939_entry1940_exit1945,True,5.0,0.000499875041651048,-0.008803856738978766,-0.009303731780629813,0.0,-0.009303731780629813,0.008303981697327718,0.008303981697327718,0.008303981697327718
1940,2018-07-16,1941,1946,2018-07-17,2018-07-24,-0.012963174536256616,0.0,-0.00020952027991150146,-0.0296965053538516,0.5313759012071214,0.5017162471395881,outer_03,none,0.0,0,,False,5.0,0.0,-0.0,-0.0,0.0,-0.0,-0.0,-0.0,-0.0
1941,2018-07-17,1942,1947,2018-07-18,2018-07-25,-0.0026508014820638692,0.0,-0.01095599432581107,-0.03772222093033051,0.5669367445590098,0.5017162471395881,outer_03,none,0.0,0,,False,5.0,0.0,-0.0,-0.0,0.0,-0.0,-0.0,-0.0,-0.0
1942,2018-07-18,1943,1948,2018-07-19,2018-07-26,0.003644591658940932,1.0,0.00017924213215714246,-0.032114211954395344,0.7024161197402673,0.5017162471395881,outer_03,none,0.0,0,,False,5.0,0.0,0.0,0.0,0.0,0.0,0.0,0.0,0.0
1943,2018-07-19,1944,1949,2018-07-20,2018-07-27,-0.00014709968481785296,0.0,-0.003787203142332274,-0.035648929692198905,0.6940156225925261,0.5017162471395881,outer_03,none,0.0,0,,False,5.0,0.0,-0.0,-0.0,0.0,-0.0,-0.0,-0.0,-0.0
1944,2018-07-20,1945,1950,2018-07-23,2018-07-30,-0.005746369323182954,0.0,0.007113639971714214,-0.03008864215882845,0.5845424100441124,0.5017162471395881,outer_03,none,0.0,1,row1944_entry1945_exit1950,True,5.0,0.000499875041651048,-0.005746369323182954,-0.006246244364834001,0.0,-0.006246244364834001,0.005246494281531906,-0.006246244364834001,0.005246494281531906
1945,2018-07-23,1946,1951,2018-07-24,2018-07-31,-0.0026243837340436116,0.0,-0.0058387550290079915,-0.03285779212934248,0.7199729056674776,0.5017162471395881,outer_03,none,0.0,0,,False,5.0,0.0,-0.0,-0.0,0.0,-0.0,-0.0,-0.0,-0.0
1946,2018-07-24,1947,1952,2018-07-25,2018-08-01,-0.00023687488624357655,0.0,2.450109642548881e-05,-0.027389041383536927,0.7122301520823401,0.5017162471395881,outer_03,none,0.0,0,,False,5.0,0.0,-0.0,-0.0,0.0,-0.0,-0.0,-0.0,-0.0
1947,2018-07-25,1948,1953,2018-07-26,2018-08-02,-0.012206133621772253,0.0,0.005798014630222781,-0.016284748766429935,0.6101647877726216,0.5017162471395881,outer_03,none,0.0,0,,False,5.0,0.0,-0.0,-0.0,0.0,-0.0,-0.0,-0.0,-0.0
1948,2018-07-26,1949,1954,2018-07-27,2018-08-03,-0.012243960134458831,0.0,-0.007113755905074903,-0.020478420834281863,0.7106852408814397,0.5017162471395881,outer_03,none,0.0,0,,False,5.0,0.0,-0.0,-0.0,0.0,-0.0,-0.0,-0.0,-0.0
1949,2018-07-27,1950,1955,2018-07-30,2018-08-06,-0.007985434009299297,0.0,-2.4533355142075663e-05,-0.024181663433858525,0.7344302565339208,0.5017162471395881,outer_03,none,0.0,1,row1949_entry1950_exit1955,True,5.0,0.000499875041651048,-0.007985434009299297,-0.008485309050950345,0.0,-0.008485309050950345,0.0074855589676482495,0.0074855589676482495,0.0074855589676482495
1950,2018-07-30,1951,1956,2018-07-31,2018-08-07,-0.011071757753856382,0.0,-0.0012519998853202097,-0.016412782093167877,0.7607969807568878,0.5017162471395881,outer_03,none,0.0,0,,False,5.0,0.0,-0.0,-0.0,0.0,-0.0,-0.0,-0.0,-0.0
1951,2018-07-31,1952,1957,2018-08-01,2018-08-08,-0.010775665425492242,0.0,0.002175674212767653,-0.02328991860607843,0.7242950796725538,0.5017162471395881,outer_03,none,0.0,0,,False,5.0,0.0,-0.0,-0.0,0.0,-0.0,-0.0,-0.0,-0.0
1952,2018-08-01,1953,1958,2018-08-02,2018-08-09,-0.0023866949036754903,0.0,-0.006467262161102383,-0.03269830075118563,0.6543333918525428,0.5017162471395881,outer_03,none,0.0,0,,False,5.0,0.0,-0.0,-0.0,0.0,-0.0,-0.0,-0.0,-0.0
1953,2018-08-02,1954,1959,2018-08-03,2018-08-10,0.003196725049370741,1.0,-0.006873616553543904,-0.04012887853871305,0.6104820833499082,0.5017162471395881,outer_03,none,0.0,0,,False,5.0,0.0,0.0,0.0,0.0,0.0,0.0,0.0,0.0
1954,2018-08-03,1955,1960,2018-08-06,2018-08-13,-0.0009067977473291577,0.0,0.004477755058982957,-0.03357287387534669,0.6533855504116323,0.5017162471395881,outer_03,none,0.0,1,row1954_entry1955_exit1960,True,5.0,0.000499875041651048,-0.0009067977473291577,-0.0014066727889802057,0.0,-0.0014066727889802057,0.0004069227056781098,-0.0014066727889802057,0.0004069227056781098
1955,2018-08-06,1956,1961,2018-08-07,2018-08-14,-0.011723209903928833,0.0,-0.004991250900183708,-0.04083326112897634,0.6926589961608309,0.5017162471395881,outer_03,none,0.0,0,,False,5.0,0.0,-0.0,-0.0,0.0,-0.0,-0.0,-0.0,-0.0
1956,2018-08-07,1957,1962,2018-08-08,2018-08-15,-0.013927975466155651,0.0,0.0028787948805160113,-0.036776750403357816,0.731935966293401,0.5017162471395881,outer_03,none,0.0,0,,False,5.0,0.0,-0.0,-0.0,0.0,-0.0,-0.0,-0.0,-0.0
1957,2018-08-08,1958,1963,2018-08-09,2018-08-16,-0.03187150562607588,0.0,0.00231027017391483,-0.023458046767163232,0.6837933582070361,0.5017162471395881,outer_03,none,0.0,0,,False,5.0,0.0,-0.0,-0.0,0.0,-0.0,-0.0,-0.0,-0.0
1958,2018-08-09,1959,1964,2018-08-10,2018-08-17,-0.0325729480697845,0.0,-0.00100596164390776,-0.028288657927700633,0.6448725254555459,0.5017162471395881,outer_03,none,0.0,0,,False,5.0,0.0,-0.0,-0.0,0.0,-0.0,-0.0,-0.0,-0.0
1959,2018-08-10,1960,1965,2018-08-13,2018-08-20,-0.02425023987404895,0.0,-0.00064368653039093,-0.024205647555027632,0.6053935328445965,0.5017162471395881,outer_03,none,0.0,1,row1959_entry1960_exit1965,True,5.0,0.000499875041651048,-0.02425023987404895,-0.0247501149157,0.0,-0.0247501149157,0.023750364832397904,0.023750364832397904,0.023750364832397904
1960,2018-08-13,1961,1966,2018-08-14,2018-08-21,-0.0030532069784969806,0.0,-0.014752743634890209,-0.03874887091000634,0.7374534057899441,0.5017162471395881,outer_03,none,0.0,0,,False,5.0,0.0,-0.0,-0.0,0.0,-0.0,-0.0,-0.0,-0.0
1961,2018-08-14,1962,1967,2018-08-15,2018-08-22,0.0014977139656382477,1.0,0.00024292481596432935,-0.02754995176823094,0.8485293601942923,0.5017162471395881,outer_03,none,0.0,0,,False,5.0,0.0,0.0,0.0,0.0,0.0,0.0,0.0,0.0
1962,2018-08-15,1963,1968,2018-08-16,2018-08-23,0.017154554869648564,1.0,-0.016280155903230842,-0.044009349803618925,0.7977832902831773,0.5017162471395881,outer_03,none,0.0,0,,False,5.0,0.0,0.0,0.0,0.0,0.0,0.0,0.0,0.0
1963,2018-08-16,1964,1969,2018-08-17,2018-08-24,0.009843275080425151,1.0,-0.000613136467615405,-0.040835283128902056,0.8662894627076947,0.5017162471395881,outer_03,none,0.0,0,,False,5.0,0.0,0.0,0.0,0.0,0.0,0.0,0.0,0.0
1964,2018-08-17,1965,1970,2018-08-20,2018-08-27,0.019861277127379395,1.0,0.008685012820814464,-0.039263910279801806,0.8380987935134401,0.5017162471395881,outer_03,none,0.0,1,row1964_entry1965_exit1970,True,5.0,0.000499875041651048,0.019861277127379395,0.019361402085728348,0.0,0.019361402085728348,-0.020361152169030443,0.019361402085728348,-0.020361152169030443
1965,2018-08-20,1966,1971,2018-08-21,2018-08-28,0.017025373967411994,1.0,0.005213675145468777,-0.028211480105325037,0.8525749979356211,0.5017162471395881,outer_03,none,0.0,0,,False,5.0,0.0,0.0,0.0,0.0,0.0,0.0,0.0,0.0
1966,2018-08-21,1967,1972,2018-08-22,2018-08-29,0.004521346418988159,1.0,0.004827202561848765,-0.02340877863990176,0.7973639989708565,0.5017162471395881,outer_03,none,0.0,0,,False,5.0,0.0,0.0,0.0,0.0,0.0,0.0,0.0,0.0
1967,2018-08-22,1968,1973,2018-08-23,2018-08-30,0.009172696243506806,1.0,-0.0005853968739719662,-0.02979219014409651,0.8695463874199109,0.5017162471395881,outer_03,none,0.0,0,,False,5.0,0.0,0.0,0.0,0.0,0.0,0.0,0.0,0.0
1968,2018-08-23,1969,1974,2018-08-24,2018-08-31,0.012325649690636986,1.0,-0.00852699133454049,-0.031205425573562096,0.8922822010352613,0.5017162471395881,outer_03,none,0.0,0,,False,5.0,0.0,0.0,0.0,0.0,0.0,0.0,0.0,0.0
1969,2018-08-24,1970,1975,2018-08-27,2018-09-03,-0.005415565505808573,0.0,0.01723899413180696,-0.013941898086613058,0.78582337852862,0.5017162471395881,outer_03,none,0.0,1,row1969_entry1970_exit1975,True,5.0,0.000499875041651048,-0.005415565505808573,-0.00591544054745962,0.0,-0.00591544054745962,0.004915690464157525,-0.00591544054745962,0.004915690464157525
1970,2018-08-27,1971,1976,2018-08-28,2018-09-04,-0.008409822816407342,0.0,0.004294675501876455,-0.008395222699416394,0.8752792700339462,0.5017162471395881,outer_03,none,0.0,0,,False,5.0,0.0,-0.0,-0.0,0.0,-0.0,-0.0,-0.0,-0.0
1971,2018-08-28,1972,1977,2018-08-29,2018-09-05,-0.008148165372516836,0.0,-0.008383029404088305,-0.01895392631627235,0.8706364210205617,0.5017162471395881,outer_03,none,0.0,0,,False,5.0,0.0,-0.0,-0.0,0.0,-0.0,-0.0,-0.0,-0.0
1972,2018-08-29,1973,1978,2018-08-30,2018-09-06,-0.008136348773797764,0.0,0.004627234122182244,-0.007859430032987724,0.8042032208717269,0.5017162471395881,outer_03,none,0.0,0,,False,5.0,0.0,-0.0,-0.0,0.0,-0.0,-0.0,-0.0,-0.0
1973,2018-08-30,1974,1979,2018-08-31,2018-09-07,0.0002749621944309055,1.0,-0.005751967116691681,-0.006737780596135501,0.8336154456988746,0.5017162471395881,outer_03,none,0.0,0,,False,5.0,0.0,0.0,0.0,0.0,0.0,0.0,0.0,0.0
1974,2018-08-31,1975,1980,2018-09-03,2018-09-10,-0.003612808108145238,0.0,0.000974841665442483,-0.010240693989675975,0.8139831259175904,0.5017162471395881,outer_03,none,0.0,1,row1974_entry1975_exit1980,True,5.0,0.000499875041651048,-0.003612808108145238,-0.004112683149796285,0.0,-0.004112683149796285,0.00311293306649419,-0.004112683149796285,0.00311293306649419
1975,2018-09-03,1976,1981,2018-09-04,2018-09-11,-0.004348685764589355,0.0,0.00039133566691340604,-0.004858107422578861,0.828742377932993,0.5017162471395881,outer_03,none,0.0,0,,False,5.0,0.0,-0.0,-0.0,0.0,-0.0,-0.0,-0.0,-0.0
1976,2018-09-04,1977,1982,2018-09-05,2018-09-12,0.0052475106918796754,1.0,-0.008544202329560768,-0.01628110463265564,0.8185946579364024,0.5017162471395881,outer_03,none,0.0,0,,False,5.0,0.0,0.0,0.0,0.0,0.0,0.0,0.0,0.0
1977,2018-09-05,1978,1983,2018-09-06,2018-09-13,0.007771714936709806,1.0,0.004565433833807475,-0.014025940972762996,0.7963846637979081,0.5017162471395881,outer_03,none,0.0,0,,False,5.0,0.0,0.0,0.0,0.0,0.0,0.0,0.0,0.0
1978,2018-09-06,1979,1984,2018-09-07,2018-09-14,0.0010824494387362549,1.0,0.002912643674837234,-0.010107335654018001,0.7309591927461407,0.5017162471395881,outer_03,none,0.0,0,,False,5.0,0.0,0.0,0.0,0.0,0.0,0.0,0.0,0.0
1979,2018-09-07,1980,1985,2018-09-10,2018-09-17,-0.0022426599972051875,0.0,-0.0034560515241501832,-0.012919700647777255,0.7440522535685564,0.5017162471395881,outer_03,none,0.0,1,row1979_entry1980_exit1985,True,5.0,0.000499875041651048,-0.0022426599972051875,-0.0027425350388562354,0.0,-0.0027425350388562354,0.0017427849555541395,0.0017427849555541395,0.0017427849555541395
1980,2018-09-10,1981,1986,2018-09-11,2018-09-18,0.004939847497839267,1.0,-0.00021744584847738224,0.0016155971386355716,0.7332395409028437,0.5017162471395881,outer_03,none,0.0,0,,False,5.0,0.0,0.0,0.0,0.0,0.0,0.0,0.0,0.0
1981,2018-09-11,1982,1987,2018-09-12,2018-09-19,-3.33898177782288e-05,0.0,0.0023392409808193904,0.0037119133034906326,0.7711204769625905,0.5017162471395881,outer_03,none,0.0,0,,False,5.0,0.0,-0.0,-0.0,0.0,-0.0,-0.0,-0.0,-0.0
1982,2018-09-12,1983,1988,2018-09-13,2018-09-20,-0.0022072133361383806,0.0,0.006396548221581533,0.026388617428303007,0.7489394032781653,0.5017162471395881,outer_03,none,0.0,0,,False,5.0,0.0,-0.0,-0.0,0.0,-0.0,-0.0,-0.0,-0.0
1983,2018-09-13,1984,1989,2018-09-14,2018-09-21,0.004251827131342978,1.0,-0.00398784238169636,0.023013911514222052,0.7045245946832173,0.5017162471395881,outer_03,none,0.0,0,,False,5.0,0.0,0.0,0.0,0.0,0.0,0.0,0.0,0.0
1984,2018-09-14,1985,1990,2018-09-17,2018-09-24,0.0043551927735201446,1.0,-0.006539491879210324,0.007789406814197264,0.6946427665750029,0.5017162471395881,outer_03,none,0.0,1,row1984_entry1985_exit1990,True,5.0,0.000499875041651048,0.0043551927735201446,0.0038553177318690966,0.0,0.0038553177318690966,-0.004855067815171192,-0.004855067815171192,0.0038553177318690966
1985,2018-09-17,1986,1991,2018-09-18,2018-09-25,-0.002041403694380328,0.0,0.006264742586210126,0.008840474254938613,0.6615691847604718,0.5017162471395881,outer_03,none,0.0,0,,False,5.0,0.0,-0.0,-0.0,0.0,-0.0,-0.0,-0.0,-0.0
1986,2018-09-18,1987,1992,2018-09-19,2018-09-26,0.0028175137841168763,1.0,-0.0024093685190322844,0.0016039031740575638,0.562512427744683,0.5017162471395881,outer_03,none,0.0,0,,False,5.0,0.0,0.0,0.0,0.0,0.0,0.0,0.0,0.0
1987,2018-09-19,1988,1993,2018-09-20,2018-09-27,-0.007487611275357686,0.0,0.004696642712280763,0.006885942760310293,0.5781545034538775,0.5017162471395881,outer_03,none,0.0,0,,False,5.0,0.0,-0.0,-0.0,0.0,-0.0,-0.0,-0.0,-0.0
1988,2018-09-20,1989,1994,2018-09-21,2018-09-28,-0.019589846952302814,0.0,0.002812404632971166,0.01822533872782195,0.5425490161971244,0.5017162471395881,outer_03,none,0.0,0,,False,5.0,0.0,-0.0,-0.0,0.0,-0.0,-0.0,-0.0,-0.0
1989,2018-09-21,1990,1995,2018-09-24,2018-10-01,-0.005847505128135033,0.0,-0.0066246600594954685,-0.005638315463480481,0.6778875730871812,0.5017162471395881,outer_03,none,0.0,1,row1989_entry1990_exit1995,True,5.0,0.000499875041651048,-0.005847505128135033,-0.006347380169786081,0.0,-0.006347380169786081,0.005347630086483986,0.005347630086483986,0.005347630086483986
1990,2018-09-24,1991,1996,2018-09-25,2018-10-02,-0.008476685566241038,0.0,-0.0003670092127139313,-0.010300000178070867,0.7651939123465863,0.5017162471395881,outer_03,none,0.0,0,,False,5.0,0.0,-0.0,-0.0,0.0,-0.0,-0.0,-0.0,-0.0
1991,2018-09-25,1992,1997,2018-09-26,2018-10-03,0.0022034590736303983,1.0,0.0020002340274594133,8.326325347685071e-05,0.6957128061492948,0.5017162471395881,outer_03,none,0.0,0,,False,5.0,0.0,0.0,0.0,0.0,0.0,0.0,0.0,0.0
1992,2018-09-26,1993,1998,2018-09-27,2018-10-04,0.0026245417940629068,1.0,-0.0057112476140153134,-0.010255218482720707,0.6813094882288256,0.5017162471395881,outer_03,none,0.0,0,,False,5.0,0.0,0.0,0.0,0.0,0.0,0.0,0.0,0.0
1993,2018-09-27,1994,1999,2018-09-28,2018-10-05,0.013688898978131192,1.0,-0.009845498043818957,-0.014348749409847983,0.7333693355915829,0.5017162471395881,outer_03,none,0.0,0,,False,5.0,0.0,0.0,0.0,0.0,0.0,0.0,0.0,0.0
1994,2018-09-28,1995,2000,2018-10-01,2018-10-08,0.009427769229131577,1.0,0.007573655743486896,-0.00774993533180357,0.6940028689668002,0.5017162471395881,outer_03,none,0.0,1,row1994_entry1995_exit2000,True,5.0,0.000499875041651048,0.009427769229131577,0.00892789418748053,0.0,0.00892789418748053,-0.009927644270782625,0.00892789418748053,-0.009927644270782625
1995,2018-10-01,1996,2001,2018-10-02,2018-10-09,-0.0005132498503508387,0.0,-0.0023947880714949576,-0.010536059070211934,0.7994418695031766,0.5017162471395881,outer_03,none,0.0,0,,False,5.0,0.0,-0.0,-0.0,0.0,-0.0,-0.0,-0.0,-0.0
1996,2018-10-02,1997,2002,2018-10-03,2018-10-10,-0.012133312832134813,0.0,0.011775665050933526,0.00978380831028236,0.6688355314867215,0.5017162471395881,outer_03,none,0.0,0,,False,5.0,0.0,-0.0,-0.0,0.0,-0.0,-0.0,-0.0,-0.0
1997,2018-10-03,1998,2003,2018-10-04,2018-10-11,-0.003168700266433788,0.0,-0.004909181842823962,0.0003091926336509232,0.730828470642398,0.5017162471395881,outer_03,none,0.0,0,,False,5.0,0.0,-0.0,-0.0,0.0,-0.0,-0.0,-0.0,-0.0
1998,2018-10-04,1999,2004,2018-10-05,2018-10-12,0.019448703292963998,1.0,0.002395090793901211,-0.00020836024728509983,0.6933660292879656,0.5017162471395881,outer_03,none,0.0,0,,False,5.0,0.0,0.0,0.0,0.0,0.0,0.0,0.0,0.0
1999,2018-10-05,2000,2005,2018-10-08,2018-10-15,0.012061477264643017,1.0,0.0025224053632619814,0.005770096640127065,0.6858772278207016,0.5017162471395881,outer_03,none,0.0,1,row1999_entry2000_exit2005,True,5.0,0.000499875041651048,0.012061477264643017,0.01156160222299197,0.0,0.01156160222299197,-0.012561352306294064,0.01156160222299197,0.01156160222299197
2000,2018-10-08,2001,2006,2018-10-09,2018-10-16,0.0322874460271203,1.0,-0.012373051257490886,-0.006385508768886439,0.836811402196198,0.5017162471395881,outer_03,none,0.0,0,,False,5.0,0.0,0.0,0.0,0.0,0.0,0.0,0.0,0.0
2001,2018-10-09,2002,2007,2018-10-10,2018-10-17,0.029335293295480902,1.0,0.0012786864922809116,-0.0074460632574249175,0.72203957587061,0.5017162471395881,outer_03,none,0.0,0,,False,5.0,0.0,0.0,0.0,0.0,0.0,0.0,0.0,0.0
2002,2018-10-10,2003,2008,2018-10-11,2018-10-18,0.022996369612390488,1.0,0.003817903450691773,-0.010024708028314677,0.6562715097923104,0.5017162471395881,outer_03,none,0.0,0,,False,5.0,0.0,0.0,0.0,0.0,0.0,0.0,0.0,0.0
2003,2018-10-11,2004,2009,2018-10-12,2018-10-19,0.0018458930049760625,1.0,0.02545975414171231,0.019422888495093993,0.6176949508852061,0.5017162471395881,outer_03,none,0.0,0,,False,5.0,0.0,0.0,0.0,0.0,0.0,0.0,0.0,0.0
2004,2018-10-12,2005,2010,2018-10-15,2018-10-22,0.00835730072544738,1.0,-0.005780788887675747,0.02018159148662857,0.8171127306614564,0.5017162471395881,outer_03,none,0.0,1,row2004_entry2005_exit2010,True,5.0,0.000499875041651048,0.00835730072544738,0.007857425683796333,0.0,0.007857425683796333,-0.008857175767098428,-0.008857175767098428,0.007857425683796333
2005,2018-10-15,2006,2011,2018-10-16,2018-10-23,-0.004197226524000897,0.0,0.007404198975696552,0.021321047876114996,0.8869817715254542,0.5017162471395881,outer_03,none,0.0,0,,False,5.0,0.0,-0.0,-0.0,0.0,-0.0,-0.0,-0.0,-0.0
2006,2018-10-16,2007,2012,2018-10-17,2018-10-24,0.004886520510344106,1.0,-0.001950042025728571,0.02178037436941871,0.8902631033497405,0.5017162471395881,outer_03,none,0.0,0,,False,5.0,0.0,0.0,0.0,0.0,0.0,0.0,0.0,0.0
2007,2018-10-17,2008,2013,2018-10-18,2018-10-25,0.009739966570497138,1.0,-0.001806567074761567,0.015277164582376379,0.8835230579667577,0.5017162471395881,outer_03,none,0.0,0,,False,5.0,0.0,0.0,0.0,0.0,0.0,0.0,0.0,0.0
2008,2018-10-18,2009,2014,2018-10-19,2018-10-26,0.005379354185839347,1.0,0.0028922061370550978,0.01535696608646031,0.875509752432374,0.5017162471395881,outer_03,none,0.0,0,,False,5.0,0.0,0.0,0.0,0.0,0.0,0.0,0.0,0.0
2009,2018-10-19,2010,2015,2018-10-22,2018-10-29,0.004030952730705195,1.0,0.0005138390002663584,0.022495465146222138,0.8718760113276591,0.5017162471395881,outer_03,none,0.0,1,row2009_entry2010_exit2015,True,5.0,0.000499875041651048,0.004030952730705195,0.003531077689054147,0.0,0.003531077689054147,-0.004530827772356243,0.003531077689054147,0.003531077689054147
2010,2018-10-22,2011,2016,2018-10-23,2018-10-30,0.0061184723423890475,1.0,-0.003692452648065725,0.019170021710870344,0.8584943214586674,0.5017162471395881,outer_03,none,0.0,0,,False,5.0,0.0,0.0,0.0,0.0,0.0,0.0,0.0,0.0
2011,2018-10-23,2012,2017,2018-10-24,2018-10-31,-0.006905096996550064,0.0,0.006916266049413977,0.024086053732824908,0.8636139810536904,0.5017162471395881,outer_03,none,0.0,0,,False,5.0,0.0,-0.0,-0.0,0.0,-0.0,-0.0,-0.0,-0.0
2012,2018-10-24,2013,2018,2018-10-25,2018-11-01,-0.01520513366531695,0.0,0.0024272743248934248,0.032224575671733646,0.8410630254083853,0.5017162471395881,outer_03,none,0.0,0,,False,5.0,0.0,-0.0,-0.0,0.0,-0.0,-0.0,-0.0,-0.0
2013,2018-10-25,2014,2019,2018-10-26,2018-11-02,0.0017921079087726,1.0,-0.001192605985123052,0.04087746773042955,0.8018432856238017,0.5017162471395881,outer_03,none,0.0,0,,False,5.0,0.0,0.0,0.0,0.0,0.0,0.0,0.0,0.0
2014,2018-10-26,2015,2020,2018-10-29,2018-11-05,0.00014597948203221023,1.0,0.0013547554386290628,0.03465856742557172,0.727018756415368,0.5017162471395881,outer_03,none,0.0,1,row2014_entry2015_exit2020,True,5.0,0.000499875041651048,0.00014597948203221023,-0.0003538955596188377,0.0,-0.0003538955596188377,-0.0006458545236832582,-0.0003538955596188377,-0.0003538955596188377
2015,2018-10-29,2016,2021,2018-10-30,2018-11-06,0.0014303944963014459,1.0,-0.0032967955154665773,0.0337565599816001,0.7161438461282585,0.5017162471395881,outer_03,none,0.0,0,,False,5.0,0.0,0.0,0.0,0.0,0.0,0.0,0.0,0.0
2016,2018-10-30,2017,2022,2018-10-31,2018-11-07,0.003910863536504827,1.0,-0.0053008556542240015,0.01668003927644257,0.74040395703796,0.5017162471395881,outer_03,none,0.0,0,,False,5.0,0.0,0.0,0.0,0.0,0.0,0.0,0.0,0.0
2017,2018-10-31,2018,2023,2018-11-01,2018-11-08,0.009083934701096474,1.0,-0.006966324917206279,0.014622896202060254,0.5861523358028453,0.5017162471395881,outer_03,none,0.0,0,,False,5.0,0.0,0.0,0.0,0.0,0.0,0.0,0.0,0.0
2018,2018-11-01,2019,2024,2018-11-02,2018-11-09,-0.008984654789749413,0.0,0.015166663214004394,0.027394468622163437,0.7112089611341817,0.5017162471395881,outer_03,none,0.0,0,,False,5.0,0.0,-0.0,-0.0,0.0,-0.0,-0.0,-0.0,-0.0
2019,2018-11-02,2020,2025,2018-11-05,2018-11-12,-0.019431124551973156,0.0,-0.0002352187342289369,0.02463684452467252,0.701310382037521,0.5017162471395881,outer_03,none,0.0,1,row2019_entry2020_exit2025,True,5.0,0.000499875041651048,-0.019431124551973156,-0.019930999593624203,0.0,-0.019930999593624203,0.018931249510322108,0.018931249510322108,-0.019930999593624203
2020,2018-11-05,2021,2026,2018-11-06,2018-11-13,-0.02484083970300599,0.0,-0.001128196507003132,0.03588169927516027,0.7721414864404078,0.5017162471395881,outer_03,none,0.0,0,,False,5.0,0.0,-0.0,-0.0,0.0,-0.0,-0.0,-0.0,-0.0
2021,2018-11-06,2022,2027,2018-11-07,2018-11-14,-0.020216177703996863,0.0,-0.00352263430746369,0.03108037847541567,0.7435156242862173,0.5017162471395881,outer_03,none,0.0,0,,False,5.0,0.0,-0.0,-0.0,0.0,-0.0,-0.0,-0.0,-0.0
2022,2018-11-07,2023,2028,2018-11-08,2018-11-15,-0.01263668769716908,0.0,-0.0005461830501110043,0.026716291974612894,0.7278391865388766,0.5017162471395881,outer_03,none,0.0,0,,False,5.0,0.0,-0.0,-0.0,0.0,-0.0,-0.0,-0.0,-0.0
2023,2018-11-08,2024,2029,2018-11-09,2018-11-16,-0.008208541883907294,0.0,-0.0024410865562822792,-0.0011845487233816954,0.6429721874013806,0.5017162471395881,outer_03,none,0.0,0,,False,5.0,0.0,-0.0,-0.0,0.0,-0.0,-0.0,-0.0,-0.0
2024,2018-11-09,2025,2030,2018-11-12,2018-11-19,0.010307122321918882,1.0,-0.011551127535561534,-0.006954887371267482,0.7234141650837034,0.5017162471395881,outer_03,none,0.0,1,row2024_entry2025_exit2030,True,5.0,0.000499875041651048,0.010307122321918882,0.009807247280267835,0.0,0.009807247280267835,-0.01080699736356993,-0.01080699736356993,-0.01080699736356993
2025,2018-11-12,2026,2031,2018-11-13,2018-11-20,0.01874748197698306,1.0,-0.007603336926488069,-0.021962423273452103,0.7318772181568363,0.5017162471395881,outer_03,none,0.0,0,,False,5.0,0.0,0.0,0.0,0.0,0.0,0.0,0.0,0.0
2026,2018-11-13,2027,2032,2018-11-14,2018-11-21,0.015855278361593506,1.0,0.00152363537166611,-0.018488745876057422,0.7303545909706903,0.5017162471395881,outer_03,none,0.0,0,,False,5.0,0.0,0.0,0.0,0.0,0.0,0.0,0.0,0.0
2027,2018-11-14,2028,2033,2018-11-15,2018-11-22,0.01184543547892325,1.0,0.0070880244357862665,-0.009594154365509588,0.6882074518312888,0.5017162471395881,outer_03,none,0.0,0,,False,5.0,0.0,0.0,0.0,0.0,0.0,0.0,0.0,0.0
2028,2018-11-15,2029,2034,2018-11-16,2018-11-23,0.011253156374240625,1.0,0.001774491537464229,-0.010711868965100457,0.6490386436747531,0.5017162471395881,outer_03,none,0.0,0,,False,5.0,0.0,0.0,0.0,0.0,0.0,0.0,0.0,0.0
2029,2018-11-16,2030,2035,2018-11-19,2018-11-26,0.0011777601021165651,1.0,0.006992949294480688,-0.0042327586708861276,0.6100124733918548,0.5017162471395881,outer_03,none,0.0,1,row2029_entry2030_exit2035,True,5.0,0.000499875041651048,0.0011777601021165651,0.0006778850604655172,0.0,0.0006778850604655172,-0.001677635143767613,0.0006778850604655172,-0.001677635143767613
2030,2018-11-19,2031,2036,2018-11-20,2018-11-27,-0.0011855075155633443,0.0,0.00216764568219574,0.0016273396593753375,0.596074546164127,0.5017162471395881,outer_03,none,0.0,0,,False,5.0,0.0,-0.0,-0.0,0.0,-0.0,-0.0,-0.0,-0.0
2031,2018-11-20,2032,2037,2018-11-21,2018-11-28,-0.005687872620894652,0.0,-0.0019056426676629101,-0.00719456905770155,0.6430731170462899,0.5017162471395881,outer_03,none,0.0,0,,False,5.0,0.0,-0.0,-0.0,0.0,-0.0,-0.0,-0.0,-0.0
2032,2018-11-21,2033,2038,2018-11-22,2018-11-29,-0.004014838196780168,0.0,0.003514022918619908,-0.006107820463975067,0.7282707098161764,0.5017162471395881,outer_03,none,0.0,0,,False,5.0,0.0,-0.0,-0.0,0.0,-0.0,-0.0,-0.0,-0.0
2033,2018-11-22,2034,2039,2018-11-23,2018-11-30,-0.0023663242460081335,0.0,0.0009295575486483187,-0.003985656930203696,0.8295883738276163,0.5017162471395881,outer_03,none,0.0,0,,False,5.0,0.0,-0.0,-0.0,0.0,-0.0,-0.0,-0.0,-0.0
2034,2018-11-23,2035,2040,2018-11-26,2018-12-03,-0.0003842553464901144,0.0,-0.0036334430678524043,-0.008973855436685163,0.7851062769539681,0.5017162471395881,outer_03,none,0.0,1,row2034_entry2035_exit2040,True,5.0,0.000499875041651048,-0.0003842553464901144,-0.0008841303881411623,0.0,-0.0008841303881411623,-0.00011561969516093356,-0.00011561969516093356,-0.00011561969516093356
2035,2018-11-26,2036,2041,2018-11-27,2018-12-04,0.006758958488147115,1.0,-0.00029451948541137085,-0.0059715794066299566,0.7102245055732923,0.5017162471395881,outer_03,none,0.0,0,,False,5.0,0.0,0.0,0.0,0.0,0.0,0.0,0.0,0.0
2036,2018-11-27,2037,2042,2018-11-28,2018-12-05,0.019255035556039246,1.0,-0.006303835175381245,-0.0069745589277872,0.656323300992162,0.5017162471395881,outer_03,none,0.0,0,,False,5.0,0.0,0.0,0.0,0.0,0.0,0.0,0.0,0.0
2037,2018-11-28,2038,2043,2018-11-29,2018-12-06,0.013630453077404958,1.0,0.00541156633863249,0.005403332328051569,0.6483434217872431,0.5017162471395881,outer_03,none,0.0,0,,False,5.0,0.0,0.0,0.0,0.0,0.0,0.0,0.0,0.0
2038,2018-11-29,2039,2044,2018-11-30,2018-12-07,0.011081436006469048,1.0,0.0024293596233206927,-0.007333971262632133,0.6521946078595261,0.5017162471395881,outer_03,none,0.0,0,,False,5.0,0.0,0.0,0.0,0.0,0.0,0.0,0.0,0.0
2039,2018-11-30,2040,2045,2018-12-03,2018-12-10,0.02223023566186999,1.0,-0.0016925666042579834,-0.00879131913266118,0.6725346319425357,0.5017162471395881,outer_03,none,0.0,1,row2039_entry2040_exit2045,True,5.0,0.000499875041651048,0.02223023566186999,0.021730360620218943,0.0,0.021730360620218943,-0.022730110703521038,-0.022730110703521038,-0.022730110703521038
2040,2018-12-03,2041,2046,2018-12-04,2018-12-11,0.01140007094699591,1.0,0.007240736135745607,-0.00042238648991244077,0.6188204827812985,0.5017162471395881,outer_03,none,0.0,0,,False,5.0,0.0,0.0,0.0,0.0,0.0,0.0,0.0,0.0
2041,2018-12-04,2042,2047,2018-12-05,2018-12-12,0.003715214472864936,1.0,0.006236403434182414,0.009336651251733663,0.6295054362345583,0.5017162471395881,outer_03,none,0.0,0,,False,5.0,0.0,0.0,0.0,0.0,0.0,0.0,0.0,0.0
2042,2018-12-05,2043,2048,2018-12-06,2018-12-13,0.0068224462068169345,1.0,-0.0011956698790767106,0.008687164422767957,0.8074128979871403,0.5017162471395881,outer_03,none,0.0,0,,False,5.0,0.0,0.0,0.0,0.0,0.0,0.0,0.0,0.0
2043,2018-12-06,2044,2049,2018-12-07,2018-12-14,0.0032184844454148376,1.0,0.0005656977223944537,0.01169394870144469,0.5913672460658421,0.5017162471395881,outer_03,none,0.0,0,,False,5.0,0.0,0.0,0.0,0.0,0.0,0.0,0.0,0.0
2044,2018-12-07,2045,2050,2018-12-10,2018-12-17,-0.010507667838432155,0.0,0.008567447232846526,0.03181252346985275,0.5580558903636156,0.5017162471395881,outer_03,none,0.0,1,row2044_entry2045_exit2050,True,5.0,0.000499875041651048,-0.010507667838432155,-0.011007542880083203,0.0,-0.011007542880083203,0.010007792796781108,-0.011007542880083203,-0.011007542880083203
2045,2018-12-10,2046,2051,2018-12-11,2018-12-18,0.0007307857878222634,1.0,-0.003466402668598434,0.035949457727742384,0.631070557309088,0.5017162471395881,outer_03,none,0.0,0,,False,5.0,0.0,0.0,0.0,0.0,0.0,0.0,0.0,0.0
2046,2018-12-11,2047,2052,2018-12-12,2018-12-19,0.005319054792161992,1.0,-0.0010133016806426198,0.033412520675433655,0.603959446572926,0.5017162471395881,outer_03,none,0.0,0,,False,5.0,0.0,0.0,0.0,0.0,0.0,0.0,0.0,0.0
2047,2018-12-12,2048,2053,2018-12-13,2018-12-20,-0.0012048387776948388,0.0,0.002057696588949831,0.02838219282859722,0.5683648256987215,0.5017162471395881,outer_03,none,0.0,0,,False,5.0,0.0,-0.0,-0.0,0.0,-0.0,-0.0,-0.0,-0.0
2048,2018-12-13,2049,2054,2018-12-14,2018-12-21,0.015026939090841296,1.0,-0.0027257503639512848,0.023881950927181705,0.5378013230577385,0.5017162471395881,outer_03,none,0.0,0,,False,5.0,0.0,0.0,0.0,0.0,0.0,0.0,0.0,0.0
2049,2018-12-14,2050,2055,2018-12-17,2018-12-24,0.01694881124541414,1.0,-0.003225809248882605,0.013663192383818412,0.4728250228613996,0.5017162471395881,outer_03,none,0.0,-1,row2049_entry2050_exit2055,True,5.0,0.000499875041651048,-0.01694881124541414,-0.01744868628706519,0.0,0.016448936203763094,-0.01744868628706519,-0.01744868628706519,0.016448936203763094
2050,2018-12-17,2051,2056,2018-12-18,2018-12-26,0.02119956917905519,1.0,0.006280719575503468,0.01777626627712614,0.628941675845429,0.5017162471395881,outer_03,none,0.0,0,,False,5.0,0.0,0.0,0.0,0.0,0.0,0.0,0.0,0.0
2051,2018-12-18,2052,2057,2018-12-19,2018-12-27,0.013408084258535347,1.0,0.002861530425611214,0.022543439370400264,0.5500071489173783,0.5017162471395881,outer_03,none,0.0,0,,False,5.0,0.0,0.0,0.0,0.0,0.0,0.0,0.0,0.0
2052,2018-12-19,2053,2058,2018-12-20,2018-12-28,0.024703786056173627,1.0,-0.005127701968977938,0.013901714482802419,0.444111497226255,0.5017162471395881,outer_03,none,0.0,0,,False,5.0,0.0,0.0,0.0,0.0,0.0,0.0,0.0,0.0
2053,2018-12-20,2054,2059,2018-12-21,2018-12-31,0.015281175004173697,1.0,0.013353936652038101,0.0263260935861922,0.6116486171498074,0.5017162471395881,outer_03,none,0.0,0,,False,5.0,0.0,0.0,0.0,0.0,0.0,0.0,0.0,0.0
2054,2018-12-21,2055,2060,2018-12-24,2019-01-02,0.01868050810379973,1.0,-0.003427343349501122,0.026532193304543483,0.7400498942981892,0.5017162471395881,outer_03,none,0.0,1,row2054_entry2055_exit2060,True,5.0,0.000499875041651048,0.01868050810379973,0.018180633062148684,0.0,0.018180633062148684,-0.01918038314545078,-0.01918038314545078,0.018180633062148684
2055,2018-12-24,2056,2061,2018-12-26,2019-01-03,0.011952987167325624,1.0,0.010239105494168399,0.03706581828412325,0.8045311868450311,0.5017162471395881,outer_03,none,0.0,0,,False,5.0,0.0,0.0,0.0,0.0,0.0,0.0,0.0,0.0
2056,2018-12-26,2057,2062,2018-12-27,2019-01-04,0.021099790311451372,1.0,-0.0011991733453369235,0.042170480114167574,0.84628683271267,0.5017162471395881,outer_03,none,0.0,0,,False,5.0,0.0,0.0,0.0,0.0,0.0,0.0,0.0,0.0
2057,2018-12-27,2058,2063,2018-12-28,2019-01-07,0.007802624045341489,1.0,0.006860010853819709,0.043618924629354794,0.80910415527663,0.5017162471395881,outer_03,none,0.0,0,,False,5.0,0.0,0.0,0.0,0.0,0.0,0.0,0.0,0.0
2058,2018-12-28,2059,2064,2018-12-31,2019-01-08,0.00719326750599425,1.0,0.003982650632739393,0.045172215638773494,0.817224066655473,0.5017162471395881,outer_03,none,0.0,0,,False,5.0,0.0,0.0,0.0,0.0,0.0,0.0,0.0,0.0
2059,2018-12-31,2060,2065,2019-01-02,2019-01-09,0.0018778031331780909,1.0,-0.00028115994280852874,0.04658362230022295,0.8614767618803287,0.5017162471395881,outer_03,none,0.0,1,row2059_entry2060_exit2065,True,5.0,0.000499875041651048,0.0018778031331780909,0.001377928091527043,0.0,0.001377928091527043,-0.002377678174829139,-0.002377678174829139,0.001377928091527043
2060,2019-01-02,2061,2066,2019-01-03,2019-01-10,0.004107482156918252,1.0,0.0034076365518949103,0.04275052271637225,0.8138743606365993,0.5017162471395881,outer_03,none,0.0,0,,False,5.0,0.0,0.0,0.0,0.0,0.0,0.0,0.0,0.0
2061,2019-01-03,2062,2067,2019-01-04,2019-01-11,-0.0053557508436519186,0.0,0.007267626042590791,0.04378174532478063,0.7026202366035862,0.5017162471395881,outer_03,none,0.0,0,,False,5.0,0.0,-0.0,-0.0,0.0,-0.0,-0.0,-0.0,-0.0
2062,2019-01-04,2063,2068,2019-01-07,2019-01-14,0.0020984083118280594,1.0,-0.0073221191978749545,0.037655296005982386,0.679918484865509,0.5017162471395881,outer_03,none,0.0,0,,False,5.0,0.0,0.0,0.0,0.0,0.0,0.0,0.0,0.0
2063,2019-01-07,2064,2069,2019-01-08,2019-01-15,0.002510111483892352,1.0,0.0032565850213019942,0.04034618330488993,0.6893594108657174,0.5017162471395881,outer_03,none,0.0,0,,False,5.0,0.0,0.0,0.0,0.0,0.0,0.0,0.0,0.0
2064,2019-01-08,2065,2070,2019-01-09,2019-01-16,0.003853629196012065,1.0,-0.002859631440199628,0.028919104631843773,0.6363509056292094,0.5017162471395881,outer_03,none,0.0,1,row2064_entry2065_exit2070,True,5.0,0.000499875041651048,0.003853629196012065,0.003353754154361017,0.0,0.003353754154361017,-0.0043535042376631125,-0.0043535042376631125,0.003353754154361017
2065,2019-01-09,2066,2071,2019-01-10,2019-01-17,0.0005566981757274547,1.0,0.006121114392504623,0.03850662169294683,0.6389513200727867,0.5017162471395881,outer_03,none,0.0,0,,False,5.0,0.0,0.0,0.0,0.0,0.0,0.0,0.0,0.0
2066,2019-01-10,2067,2072,2019-01-11,2019-01-18,0.0042574870726381775,1.0,-0.0052965773699744645,0.034223346003614985,0.6426551434239943,0.5017162471395881,outer_03,none,0.0,0,,False,5.0,0.0,0.0,0.0,0.0,0.0,0.0,0.0,0.0
2067,2019-01-11,2068,2073,2019-01-14,2019-01-21,-0.004286993498489267,0.0,0.0010025297227072016,0.033168179137372356,0.6598048418415721,0.5017162471395881,outer_03,none,0.0,0,,False,5.0,0.0,-0.0,-0.0,0.0,-0.0,-0.0,-0.0,-0.0
2068,2019-01-14,2069,2074,2019-01-15,2019-01-22,-0.009531508017690093,0.0,0.0030867573253372527,0.03898068682666089,0.6270563643900277,0.5017162471395881,outer_03,none,0.0,0,,False,5.0,0.0,-0.0,-0.0,0.0,-0.0,-0.0,-0.0,-0.0
2069,2019-01-15,2070,2075,2019-01-16,2019-01-23,-0.003635689657803809,0.0,-0.0018990119221289348,0.04030748415341456,0.651985976552095,0.5017162471395881,outer_03,none,0.0,1,row2069_entry2070_exit2075,True,5.0,0.000499875041651048,-0.003635689657803809,-0.0041355646994548564,0.0,-0.0041355646994548564,0.003135814616152761,0.003135814616152761,-0.0041355646994548564
2070,2019-01-16,2071,2076,2019-01-17,2019-01-24,-0.008476732121312835,0.0,0.003639831475171107,0.0376665960530822,0.6650813828663961,0.5017162471395881,outer_03,none,0.0,0,,False,5.0,0.0,-0.0,-0.0,0.0,-0.0,-0.0,-0.0,-0.0
2071,2019-01-17,2072,2077,2019-01-18,2019-01-25,-0.009259289419770944,0.0,-0.0014233776674039689,0.03338168796006702,0.6633117870763744,0.5017162471395881,outer_03,none,0.0,0,,False,5.0,0.0,-0.0,-0.0,0.0,-0.0,-0.0,-0.0,-0.0
2072,2019-01-18,2073,2078,2019-01-21,2019-01-28,0.015274205957332754,1.0,-0.008239583957845298,0.03026980597119966,0.548978880816324,0.5017162471395881,outer_03,none,0.0,0,,False,5.0,0.0,0.0,0.0,0.0,0.0,0.0,0.0,0.0
2073,2019-01-21,2074,2079,2019-01-22,2019-01-29,0.017791942116696546,1.0,-0.0008980131088689447,0.016017856210292614,0.6630203833988672,0.5017162471395881,outer_03,none,0.0,0,,False,5.0,0.0,0.0,0.0,0.0,0.0,0.0,0.0,0.0
2074,2019-01-22,2075,2080,2019-01-23,2019-01-30,0.020498250845458088,1.0,0.0038518566142800026,0.023297056174073738,0.628152731159258,0.5017162471395881,outer_03,none,0.0,1,row2074_entry2075_exit2080,True,5.0,0.000499875041651048,0.020498250845458088,0.01999837580380704,0.0,0.01999837580380704,-0.020998125887109136,0.01999837580380704,0.01999837580380704
2075,2019-01-23,2076,2081,2019-01-24,2019-01-31,0.028829385682612063,1.0,-0.0019864538216047833,0.011071496858300556,0.5994285426819937,0.5017162471395881,outer_03,none,0.0,0,,False,5.0,0.0,0.0,0.0,0.0,0.0,0.0,0.0,0.0
2076,2019-01-24,2077,2082,2019-01-25,2019-02-01,0.0312333175067101,1.0,-0.0013030741123722933,0.010967596091265186,0.5099057462703235,0.5017162471395881,outer_03,none,0.0,0,,False,5.0,0.0,0.0,0.0,0.0,0.0,0.0,0.0,0.0
2077,2019-01-25,2078,2083,2019-01-28,2019-02-04,0.011703004321891974,1.0,0.017062274778053776,0.021169860015499253,0.4726990729546842,0.5017162471395881,outer_03,none,0.0,0,,False,5.0,0.0,0.0,0.0,0.0,0.0,0.0,0.0,0.0
2078,2019-01-28,2079,2084,2019-01-29,2019-02-05,0.006608357892263328,1.0,0.00032233308030438224,0.017509542463064243,0.6640566655950899,0.5017162471395881,outer_03,none,0.0,0,,False,5.0,0.0,0.0,0.0,0.0,0.0,0.0,0.0,0.0
2079,2019-01-29,2080,2085,2019-01-30,2019-02-06,0.0023532916945825377,1.0,0.006463058900685326,0.024253761306558097,0.546677912976793,0.5017162471395881,outer_03,none,0.0,1,row2079_entry2080_exit2085,True,5.0,0.000499875041651048,0.0023532916945825377,0.0018534166529314898,0.0,0.0018534166529314898,-0.0028531667362335857,0.0018534166529314898,0.0018534166529314898
2080,2019-01-30,2081,2086,2019-01-31,2019-02-07,-0.009810902567229718,0.0,0.006027571693401512,0.0268736964480647,0.4680827272259614,0.5017162471395881,outer_03,none,0.0,0,,False,5.0,0.0,-0.0,-0.0,0.0,-0.0,-0.0,-0.0,-0.0
2081,2019-01-31,2082,2087,2019-02-01,2019-02-08,-0.008354572314572373,0.0,0.001105792647821069,0.020711863053294977,0.38184538331843737,0.5017162471395881,outer_03,none,0.0,0,,False,5.0,0.0,-0.0,-0.0,0.0,-0.0,-0.0,-0.0,-0.0
2082,2019-02-01,2083,2088,2019-02-04,2019-02-11,-0.003390684197567495,0.0,-0.002531493416367603,0.025502488834802328,0.4884995502697806,0.5017162471395881,outer_03,none,0.0,0,,False,5.0,0.0,-0.0,-0.0,0.0,-0.0,-0.0,-0.0,-0.0
2083,2019-02-04,2084,2089,2019-02-05,2019-02-12,-0.0033369635607840564,0.0,-0.0043731792688168625,0.01787272454468347,0.5777715191562681,0.5017162471395881,outer_03,none,0.0,0,,False,5.0,0.0,-0.0,-0.0,0.0,-0.0,-0.0,-0.0,-0.0
2084,2019-02-05,2085,2090,2019-02-06,2019-02-13,-0.002650703073904026,0.0,0.0022155991749777115,0.02294795515986081,0.5831216971572785,0.5017162471395881,outer_03,none,0.0,1,row2084_entry2085_exit2090,True,5.0,0.000499875041651048,-0.002650703073904026,-0.003150578115555074,0.0,-0.003150578115555074,0.002150828032252978,-0.003150578115555074,-0.003150578115555074
2085,2019-02-06,2086,2091,2019-02-07,2019-02-14,-0.00072689157596173,0.0,-0.006516122552449488,0.0103107182149067,0.6323188318878546,0.5017162471395881,outer_03,none,0.0,0,,False,5.0,0.0,-0.0,-0.0,0.0,-0.0,-0.0,-0.0,-0.0
2086,2019-02-07,2087,2092,2019-02-08,2019-02-15,0.0020209190998974336,1.0,0.0027672896709294292,0.018374585255810594,0.6544972040826899,0.5017162471395881,outer_03,none,0.0,0,,False,5.0,0.0,0.0,0.0,0.0,0.0,0.0,0.0,0.0
2087,2019-02-08,2088,2093,2019-02-11,2019-02-18,0.0032085182438796878,1.0,0.0030488990423380713,0.020420954575441463,0.5719566342997633,0.5017162471395881,outer_03,none,0.0,0,,False,5.0,0.0,0.0,0.0,0.0,0.0,0.0,0.0,0.0
2088,2019-02-11,2089,2094,2019-02-12,2019-02-19,0.014307547320556502,1.0,-0.004462164876008146,0.012872032374096065,0.5735579587896368,0.5017162471395881,outer_03,none,0.0,0,,False,5.0,0.0,0.0,0.0,0.0,0.0,0.0,0.0,0.0
2089,2019-02-12,2090,2095,2019-02-13,2019-02-20,0.02172071375466622,1.0,0.001886454369967261,0.01665749866619226,0.5637048809211098,0.5017162471395881,outer_03,none,0.0,1,row2089_entry2090_exit2095,True,5.0,0.000499875041651048,0.02172071375466622,0.021220838713015173,0.0,0.021220838713015173,-0.02222058879631727,0.021220838713015173,0.021220838713015173
2090,2019-02-13,2091,2096,2019-02-14,2019-02-21,0.024624281877911436,1.0,-0.0035850140634190453,0.009432653127602109,0.5139250372331273,0.5017162471395881,outer_03,none,0.0,0,,False,5.0,0.0,0.0,0.0,0.0,0.0,0.0,0.0,0.0
2091,2019-02-14,2092,2097,2019-02-15,2019-02-22,0.008806085357615068,1.0,0.004835595670523496,0.015691626465529573,0.45488612900606046,0.5017162471395881,outer_03,none,0.0,0,,False,5.0,0.0,0.0,0.0,0.0,0.0,0.0,0.0,0.0
2092,2019-02-15,2093,2098,2019-02-18,2019-02-25,0.007645141080936391,1.0,0.006873088074902611,0.030804298498277483,0.539105764704404,0.5017162471395881,outer_03,none,0.0,0,,False,5.0,0.0,0.0,0.0,0.0,0.0,0.0,0.0,0.0
2093,2019-02-18,2094,2099,2019-02-19,2019-02-26,0.0007461983801748673,1.0,0.003626312844731139,0.035328624451877566,0.6139474403860321,0.5017162471395881,outer_03,none,0.0,0,,False,5.0,0.0,0.0,0.0,0.0,0.0,0.0,0.0,0.0
2094,2019-02-19,2095,2100,2019-02-20,2019-02-27,-0.00815309468833636,0.0,0.011322771518266883,0.04279953935586445,0.5149965726978362,0.5017162471395881,outer_03,none,0.0,1,row2094_entry2095_exit2100,True,5.0,0.000499875041651048,-0.00815309468833636,-0.008652969729987407,0.0,-0.008652969729987407,0.007653219646685312,-0.008652969729987407,-0.008652969729987407
2095,2019-02-20,2096,2101,2019-02-21,2019-02-28,-0.014321310425731149,0.0,-0.0022094837604367257,0.042576509417032504,0.43418249160236444,0.5017162471395881,outer_03,none,0.0,0,,False,5.0,0.0,-0.0,-0.0,0.0,-0.0,-0.0,-0.0,-0.0
2096,2019-02-21,2097,2102,2019-02-22,2019-03-01,-0.0076335380548986365,0.0,-0.011196810569712667,0.03268277295969213,0.3949555618981732,0.5017162471395881,outer_03,none,0.0,0,,False,5.0,0.0,-0.0,-0.0,0.0,-0.0,-0.0,-0.0,-0.0
2097,2019-02-22,2098,2103,2019-02-25,2019-03-04,-0.024717848884005633,0.0,0.0032140540558156516,0.018834552237454005,0.4800410283990325,0.5017162471395881,outer_03,none,0.0,0,,False,5.0,0.0,-0.0,-0.0,0.0,-0.0,-0.0,-0.0,-0.0
2098,2019-02-25,2099,2104,2019-02-26,2019-03-05,-0.03086584492580169,0.0,-0.00024107277501084212,0.01827114638213878,0.5023125629715728,0.5017162471395881,outer_03,none,0.0,0,,False,5.0,0.0,-0.0,-0.0,0.0,-0.0,-0.0,-0.0,-0.0
2099,2019-02-26,2100,2105,2019-02-27,2019-03-06,-0.03195673001382637,0.0,0.0010918963557484673,0.012899983837201923,0.46470136339642043,0.5017162471395881,outer_03,none,0.0,-1,row2099_entry2100_exit2105,True,5.0,0.000499875041651048,0.03195673001382637,0.031456854972175326,0.0,-0.03245660505547742,0.031456854972175326,-0.03245660505547742,-0.03245660505547742
2100,2019-02-27,2101,2106,2019-02-28,2019-03-07,-0.025683262137995655,0.0,-0.006849678068072684,2.2734075727726122e-05,0.5170863365643928,0.5017162471395881,outer_03,none,0.0,0,,False,5.0,0.0,-0.0,-0.0,0.0,-0.0,-0.0,-0.0,-0.0
2101,2019-02-28,2102,2107,2019-03-01,2019-03-08,-0.022804961090957754,0.0,-0.004968293730954976,-0.0060513523030483185,0.5093413025974197,0.5017162471395881,outer_03,none,0.0,0,,False,5.0,0.0,-0.0,-0.0,0.0,-0.0,-0.0,-0.0,-0.0
2102,2019-03-01,2103,2108,2019-03-04,2019-03-11,0.0013812210181498585,1.0,-0.01508564960313219,-0.018605508489812905,0.5243129864662224,0.5017162471395881,outer_03,none,0.0,0,,False,5.0,0.0,0.0,0.0,0.0,0.0,0.0,0.0,0.0
2103,2019-03-04,2104,2109,2019-03-05,2019-03-12,0.004775350945794621,1.0,-0.00539561288534518,-0.019627942106341223,0.6436706656499208,0.5017162471395881,outer_03,none,0.0,0,,False,5.0,0.0,0.0,0.0,0.0,0.0,0.0,0.0,0.0
2104,2019-03-05,2105,2110,2019-03-06,2019-03-13,0.010571396755826079,1.0,0.0007148851825915514,-0.021128656098727383,0.5962553706947054,0.5017162471395881,outer_03,none,0.0,1,row2104_entry2105_exit2110,True,5.0,0.000499875041651048,0.010571396755826079,0.010071521714175032,0.0,0.010071521714175032,-0.011071271797477127,0.010071521714175032,-0.011071271797477127
2105,2019-03-06,2106,2111,2019-03-07,2019-03-14,0.017925920345262192,1.0,-0.0009558855685813938,-0.015568419114859289,0.573745797520607,0.5017162471395881,outer_03,none,0.0,0,,False,5.0,0.0,0.0,0.0,0.0,0.0,0.0,0.0,0.0
2106,2019-03-07,2107,2112,2019-03-08,2019-03-15,0.008966932255985327,1.0,-0.0006377650440949623,-0.01897347382988368,0.535690398474612,0.5017162471395881,outer_03,none,0.0,0,,False,5.0,0.0,0.0,0.0,0.0,0.0,0.0,0.0,0.0
2107,2019-03-08,2108,2113,2019-03-11,2019-03-18,0.004147611453907629,1.0,0.009986303554437193,-0.012036069317784559,0.5607358187476366,0.5017162471395881,outer_03,none,0.0,0,,False,5.0,0.0,0.0,0.0,0.0,0.0,0.0,0.0,0.0
2108,2019-03-11,2109,2114,2019-03-12,2019-03-19,0.007941837851770828,1.0,-0.0038279035743844503,-0.011401808016160864,0.7125352688947754,0.5017162471395881,outer_03,none,0.0,0,,False,5.0,0.0,0.0,0.0,0.0,0.0,0.0,0.0,0.0
2109,2019-03-12,2110,2115,2019-03-13,2019-03-20,0.004387283934283559,1.0,0.006074594114631182,-0.0072136682714969425,0.6934362810692213,0.5017162471395881,outer_03,none,0.0,1,row2109_entry2110_exit2115,True,5.0,0.000499875041651048,0.004387283934283559,0.003887408892632511,0.0,0.003887408892632511,-0.0048871589759346065,0.003887408892632511,-0.0048871589759346065
2110,2019-03-13,2111,2116,2019-03-14,2019-03-21,0.003323249779072057,1.0,0.006091389393401592,0.0024627351853236945,0.6455685924321872,0.5017162471395881,outer_03,none,0.0,0,,False,5.0,0.0,0.0,0.0,0.0,0.0,0.0,0.0,0.0
2111,2019-03-14,2112,2117,2019-03-15,2019-03-22,0.010026031690371084,1.0,-0.00999555378389072,-0.012368414269090522,0.661243097661646,0.5017162471395881,outer_03,none,0.0,0,,False,5.0,0.0,0.0,0.0,0.0,0.0,0.0,0.0,0.0
2112,2019-03-15,2113,2118,2019-03-18,2019-03-25,0.007611638513493446,1.0,0.0044957735461848,-0.014745728797808333,0.5991404451042581,0.5017162471395881,outer_03,none,0.0,0,,False,5.0,0.0,0.0,0.0,0.0,0.0,0.0,0.0,0.0
2113,2019-03-18,2114,2119,2019-03-19,2019-03-26,0.014124657734666535,1.0,0.001143809162330811,-0.01722823248020866,0.583835244061609,0.5017162471395881,outer_03,none,0.0,0,,False,5.0,0.0,0.0,0.0,0.0,0.0,0.0,0.0,0.0
2114,2019-03-19,2115,2120,2019-03-20,2019-03-27,0.0075709707889419775,1.0,0.0022990101396738183,-0.026251993858801725,0.578102623045916,0.5017162471395881,outer_03,none,0.0,1,row2114_entry2115_exit2120,True,5.0,0.000499875041651048,0.0075709707889419775,0.00707109574729093,0.0,0.00707109574729093,-0.008070845830593025,0.00707109574729093,-0.008070845830593025
2115,2019-03-20,2116,2121,2019-03-21,2019-03-28,-0.0036897879069588413,0.0,0.004528886022533207,-0.019513624075831792,0.6050657365717902,0.5017162471395881,outer_03,none,0.0,0,,False,5.0,0.0,-0.0,-0.0,0.0,-0.0,-0.0,-0.0,-0.0
2116,2019-03-21,2117,2122,2019-03-22,2019-03-29,-0.013937722259077745,0.0,-0.0023344354938137357,-0.01065124899993286,0.6064536577743904,0.5017162471395881,outer_03,none,0.0,0,,False,5.0,0.0,-0.0,-0.0,0.0,-0.0,-0.0,-0.0,-0.0
2117,2019-03-22,2118,2123,2019-03-25,2019-04-01,-0.015389999417445566,0.0,0.002890539126246594,-0.010974763929501918,0.48259493248341473,0.5017162471395881,outer_03,none,0.0,0,,False,5.0,0.0,-0.0,-0.0,0.0,-0.0,-0.0,-0.0,-0.0
2118,2019-03-25,2119,2124,2019-03-26,2019-04-02,-0.02647668879168652,0.0,0.0067853987742250155,-0.003948292380266061,0.5583099743898383,0.5017162471395881,outer_03,none,0.0,0,,False,5.0,0.0,-0.0,-0.0,0.0,-0.0,-0.0,-0.0,-0.0
2119,2019-03-26,2120,2125,2019-03-27,2019-04-03,-0.018683820933139472,0.0,-0.005240597331623853,-0.010280786067638381,0.591099118551194,0.5017162471395881,outer_03,none,0.0,1,row2119_entry2120_exit2125,True,5.0,0.000499875041651048,-0.018683820933139472,-0.01918369597479052,0.0,-0.01918369597479052,0.018183945891488425,0.018183945891488425,0.018183945891488425
2120,2019-03-27,2121,2126,2019-03-28,2019-04-04,-0.01455578262758106,0.0,-0.004168053795278404,-0.0075991617948441,0.38131868625229054,0.5017162471395881,outer_03,none,0.0,0,,False,5.0,0.0,-0.0,-0.0,0.0,-0.0,-0.0,-0.0,-0.0
2121,2019-03-28,2122,2127,2019-03-29,2019-04-05,0.0013236474219189276,1.0,-0.015203216468882452,-0.017834084532771577,0.37420893070221384,0.5017162471395881,outer_03,none,0.0,0,,False,5.0,0.0,0.0,0.0,0.0,0.0,0.0,0.0,0.0
2122,2019-03-29,2123,2128,2019-04-01,2019-04-08,1.5477959386167583e-05,1.0,0.0017737986006602924,-0.0009746363289790949,0.47972187060437765,0.5017162471395881,outer_03,none,0.0,0,,False,5.0,0.0,0.0,0.0,0.0,0.0,0.0,0.0,0.0
2123,2019-04-01,2124,2129,2019-04-02,2019-04-09,0.00806927047699535,1.0,-0.0037682350188301683,0.0006527415375359169,0.4476589172378215,0.5017162471395881,outer_03,none,0.0,0,,False,5.0,0.0,0.0,0.0,0.0,0.0,0.0,0.0,0.0
2124,2019-04-02,2125,2130,2019-04-03,2019-04-10,0.009374045650933027,1.0,0.003907526951730134,0.003845383306674499,0.5689370254911224,0.5017162471395881,outer_03,none,0.0,1,row2124_entry2125_exit2130,True,5.0,0.000499875041651048,0.009374045650933027,0.00887417060928198,0.0,0.00887417060928198,-0.009873920692584075,0.00887417060928198,0.00887417060928198
2125,2019-04-03,2126,2131,2019-04-04,2019-04-11,0.013592980340288996,1.0,-0.002075910892667565,0.002725357982588328,0.49610844750215893,0.5017162471395881,outer_03,none,0.0,0,,False,5.0,0.0,0.0,0.0,0.0,0.0,0.0,0.0,0.0
2126,2019-04-04,2127,2132,2019-04-05,2019-04-12,-0.0002475668830044242,0.0,0.0021068620208390954,0.0054699850475223855,0.5050373860177906,0.5017162471395881,outer_03,none,0.0,0,,False,5.0,0.0,-0.0,-0.0,0.0,-0.0,-0.0,-0.0,-0.0
2127,2019-04-05,2128,2133,2019-04-08,2019-04-15,-0.0007354677712791968,0.0,-0.0006888891741434477,-0.005205207681058255,0.571839485089805,0.5017162471395881,outer_03,none,0.0,0,,False,5.0,0.0,-0.0,-0.0,0.0,-0.0,-0.0,-0.0,-0.0
2128,2019-04-08,2129,2134,2019-04-09,2019-04-16,-0.007704246027953943,0.0,0.004635038309902306,0.0032577342032285017,0.5798718007282264,0.5017162471395881,outer_03,none,0.0,0,,False,5.0,0.0,-0.0,-0.0,0.0,-0.0,-0.0,-0.0,-0.0
2129,2019-04-09,2130,2135,2019-04-10,2019-04-17,-0.021418209913989905,0.0,0.004928144548177471,0.0021112846367747906,0.43967168274642643,0.5017162471395881,outer_03,none,0.0,-1,row2129_entry2130_exit2135,True,5.0,0.000499875041651048,0.021418209913989905,0.020918334872338858,0.0,-0.021918084955640953,0.020918334872338858,-0.021918084955640953,-0.021918084955640953
2130,2019-04-10,2131,2136,2019-04-11,2019-04-18,-0.02617186064329413,0.0,0.003093606975952845,-0.000886497780673956,0.45859192761297335,0.5017162471395881,outer_03,none,0.0,0,,False,5.0,0.0,-0.0,-0.0,0.0,-0.0,-0.0,-0.0,-0.0
2131,2019-04-11,2132,2137,2019-04-12,2019-04-22,-0.013005704827204312,0.0,-0.012060756918467419,-0.0029517009152506546,0.35598907091947246,0.5017162471395881,outer_03,none,0.0,0,,False,5.0,0.0,-0.0,-0.0,0.0,-0.0,-0.0,-0.0,-0.0
2132,2019-04-12,2133,2138,2019-04-15,2019-04-23,-0.012445270059850522,0.0,-0.0013938795467067777,-0.008841354008142233,0.47375157174351246,0.5017162471395881,outer_03,none,0.0,0,,False,5.0,0.0,-0.0,-0.0,0.0,-0.0,-0.0,-0.0,-0.0
2133,2019-04-15,2134,2139,2019-04-16,2019-04-24,-0.012250344608672137,0.0,-0.0022420229482120746,-0.012227186118685118,0.5096382675388025,0.5017162471395881,outer_03,none,0.0,0,,False,5.0,0.0,-0.0,-0.0,0.0,-0.0,-0.0,-0.0,-0.0
2134,2019-04-16,2135,2140,2019-04-17,2019-04-25,-0.0008619541817349585,0.0,-0.008485929890026611,-0.023012126148385548,0.36211281935563305,0.5017162471395881,outer_03,none,0.0,-1,row2134_entry2135_exit2140,True,5.0,0.000499875041651048,0.0008619541817349585,0.0003620791400839106,0.0,-0.0013618292233860065,0.0003620791400839106,0.0003620791400839106,0.0003620791400839106
2135,2019-04-17,2136,2141,2019-04-18,2019-04-26,0.0024063438729582387,1.0,-0.0022976347616978643,-0.02983864693261662,0.25699805895919486,0.5017162471395881,outer_03,none,0.0,0,,False,5.0,0.0,0.0,0.0,0.0,0.0,0.0,0.0,0.0
2136,2019-04-18,2137,2142,2019-04-22,2019-04-29,0.007963690375894394,1.0,0.0013415817768320792,-0.026162629661970804,0.3908987922877509,0.5017162471395881,outer_03,none,0.0,0,,False,5.0,0.0,0.0,0.0,0.0,0.0,0.0,0.0,0.0
2137,2019-04-22,2138,2143,2019-04-23,2019-04-30,0.0036475251385876817,1.0,-0.0006038813282245314,-0.02965705011644193,0.42736040520635205,0.5017162471395881,outer_03,none,0.0,0,,False,5.0,0.0,0.0,0.0,0.0,0.0,0.0,0.0,0.0
2138,2019-04-23,2139,2144,2019-04-24,2019-05-01,0.008601883765415153,1.0,-0.002041778626710844,-0.03848422751737779,0.40222673991145474,0.5017162471395881,outer_03,none,0.0,0,,False,5.0,0.0,0.0,0.0,0.0,0.0,0.0,0.0,0.0
2139,2019-04-24,2140,2145,2019-04-25,2019-05-02,0.001128226140955313,1.0,0.0026691804197014335,-0.030574449766052503,0.5403655909919682,0.5017162471395881,outer_03,none,0.0,1,row2139_entry2140_exit2145,True,5.0,0.000499875041651048,0.001128226140955313,0.000628351099304265,0.0,0.000628351099304265,-0.0016281011826063609,0.000628351099304265,-0.0016281011826063609
2140,2019-04-25,2141,2146,2019-04-26,2019-05-03,-0.005345696345655071,0.0,0.001316263881533608,-0.02509013208924049,0.563119978025505,0.5017162471395881,outer_03,none,0.0,0,,False,5.0,0.0,-0.0,-0.0,0.0,-0.0,-0.0,-0.0,-0.0
2141,2019-04-26,2142,2147,2019-04-29,2019-05-06,-0.002616334888072558,0.0,0.006843222329474763,-0.003043693290883276,0.31032624993673597,0.5017162471395881,outer_03,none,0.0,0,,False,5.0,0.0,-0.0,-0.0,0.0,-0.0,-0.0,-0.0,-0.0
2142,2019-04-29,2143,2148,2019-04-30,2019-05-07,0.0011088380202508574,1.0,-0.005036183776523373,-0.009853675668066941,0.4473138781895422,0.5017162471395881,outer_03,none,0.0,0,,False,5.0,0.0,0.0,0.0,0.0,0.0,0.0,0.0,0.0
2143,2019-04-30,2144,2149,2019-05-01,2019-05-08,0.000607703833212625,1.0,0.0029655317935102232,-0.0031199088557265497,0.385336357392602,0.5017162471395881,outer_03,none,0.0,0,,False,5.0,0.0,0.0,0.0,0.0,0.0,0.0,0.0,0.0
2144,2019-05-01,2145,2150,2019-05-02,2019-05-09,0.0032599929586361043,1.0,-0.0053208030928200145,-0.012348238900276698,0.3468563115990856,0.5017162471395881,outer_03,none,0.0,-1,row2144_entry2145_exit2150,True,5.0,0.000499875041651048,-0.0032599929586361043,-0.0037598680002871522,0.0,0.0027601179169850563,-0.0037598680002871522,-0.0037598680002871522,-0.0037598680002871522
2145,2019-05-02,2146,2151,2019-05-03,2019-05-10,0.010888774681934166,1.0,-0.004711507914650248,-0.014983835922259381,0.3094386187996959,0.5017162471395881,outer_03,none,0.0,0,,False,5.0,0.0,0.0,0.0,0.0,0.0,0.0,0.0,0.0
2146,2019-05-03,2147,2152,2019-05-06,2019-05-13,0.003556853019624384,1.0,0.00666028467649582,-0.010430413266602656,0.3262857848180812,0.5017162471395881,outer_03,none,0.0,0,,False,5.0,0.0,0.0,0.0,0.0,0.0,0.0,0.0,0.0
2147,2019-05-06,2148,2153,2019-05-07,2019-05-14,0.01491940668458458,1.0,0.0009612492290154151,-0.008780274863443793,0.4461697410329624,0.5017162471395881,outer_03,none,0.0,0,,False,5.0,0.0,0.0,0.0,0.0,0.0,0.0,0.0,0.0
2148,2019-05-07,2149,2154,2019-05-08,2019-05-15,0.010174635906512464,1.0,0.0031819343043419934,-0.010233378869004106,0.4529287503830165,0.5017162471395881,outer_03,none,0.0,0,,False,5.0,0.0,0.0,0.0,0.0,0.0,0.0,0.0,0.0
2149,2019-05-08,2150,2155,2019-05-09,2019-05-16,0.011809205857970184,1.0,-0.0029554328525920326,-0.01811695626977361,0.38513554008210127,0.5017162471395881,outer_03,none,0.0,-1,row2149_entry2150_exit2155,True,5.0,0.000499875041651048,-0.011809205857970184,-0.012309080899621232,0.0,0.011309330816319137,-0.012309080899621232,-0.012309080899621232,-0.012309080899621232
2150,2019-05-09,2151,2156,2019-05-10,2019-05-17,0.0016414041966505977,1.0,0.0022699891567627972,-0.018940574088963658,0.3634254072872712,0.5017162471395881,outer_03,none,0.0,0,,False,5.0,0.0,0.0,0.0,0.0,0.0,0.0,0.0,0.0
2151,2019-05-10,2152,2157,2019-05-13,2019-05-20,-0.006891686342358483,0.0,0.001759398833022452,-0.005120418337473787,0.31415052017474,0.5017162471395881,outer_03,none,0.0,0,,False,5.0,0.0,-0.0,-0.0,0.0,-0.0,-0.0,-0.0,-0.0
2152,2019-05-13,2153,2158,2019-05-14,2019-05-21,-0.01788165390418417,0.0,0.010930507789908894,0.007203968999141885,0.31017124379252675,0.5017162471395881,outer_03,none,0.0,0,,False,5.0,0.0,-0.0,-0.0,0.0,-0.0,-0.0,-0.0,-0.0
2153,2019-05-14,2154,2159,2019-05-15,2019-05-22,-0.01753080042564381,0.0,-0.0023338671509121056,0.007112124796441854,0.4342005757922162,0.5017162471395881,outer_03,none,0.0,0,,False,5.0,0.0,-0.0,-0.0,0.0,-0.0,-0.0,-0.0,-0.0
2154,2019-05-15,2155,2160,2019-05-16,2019-05-23,-0.01775081723465366,0.0,-0.00031622260792385504,0.01528183207854461,0.42314271964311395,0.5017162471395881,outer_03,none,0.0,-1,row2154_entry2155_exit2160,True,5.0,0.000499875041651048,0.01775081723465366,0.017250942193002612,0.0,-0.018250692276304707,0.017250942193002612,0.017250942193002612,-0.018250692276304707
2155,2019-05-16,2156,2161,2019-05-17,2019-05-24,-0.0023735142639305096,0.0,-0.0077749688898789415,0.009804497950363533,0.43746318771534864,0.5017162471395881,outer_03,none,0.0,0,,False,5.0,0.0,-0.0,-0.0,0.0,-0.0,-0.0,-0.0,-0.0
2156,2019-05-17,2157,2162,2019-05-20,2019-05-27,0.005398881847964887,1.0,-0.006888266912621788,0.0015746492609096663,0.33563454493529365,0.5017162471395881,outer_03,none,0.0,0,,False,5.0,0.0,0.0,0.0,0.0,0.0,0.0,0.0,0.0
2157,2019-05-20,2158,2163,2019-05-21,2019-05-28,0.005977994499429151,1.0,0.00011741177497093247,0.00229594236410513,0.3604434004659098,0.5017162471395881,outer_03,none,0.0,0,,False,5.0,0.0,0.0,0.0,0.0,0.0,0.0,0.0,0.0
2158,2019-05-21,2159,2164,2019-05-22,2019-05-29,0.003829457005494419,1.0,-0.0023037873780111795,0.0020339336128047947,0.4065587605122729,0.5017162471395881,outer_03,none,0.0,0,,False,5.0,0.0,0.0,0.0,0.0,0.0,0.0,0.0,0.0
2159,2019-05-22,2160,2165,2019-05-23,2019-05-30,0.00498113528155919,1.0,-0.0010046702308894595,-0.0016399170377860983,0.3962411148688243,0.5017162471395881,outer_03,none,0.0,-1,row2159_entry2160_exit2165,True,5.0,0.000499875041651048,-0.00498113528155919,-0.005481010323210238,0.0,0.004481260239908143,-0.005481010323210238,-0.005481010323210238,-0.005481010323210238
2160,2019-05-23,2161,2166,2019-05-24,2019-05-31,0.00373282751526105,1.0,0.007939125850191076,0.004982944930871369,0.28582688990317523,0.5017162471395881,outer_03,none,0.0,0,,False,5.0,0.0,0.0,0.0,0.0,0.0,0.0,0.0,0.0
2161,2019-05-24,2162,2167,2019-05-27,2019-06-03,0.016498560824088848,1.0,0.0009655967982258318,-0.000894680600377562,0.40177732416095074,0.5017162471395881,outer_03,none,0.0,0,,False,5.0,0.0,0.0,0.0,0.0,0.0,0.0,0.0,0.0
2162,2019-05-27,2163,2168,2019-05-28,2019-06-04,0.030415088864437223,1.0,0.00011674287395280203,0.004258246050098613,0.603019244431369,0.5017162471395881,outer_03,none,0.0,0,,False,5.0,0.0,0.0,0.0,0.0,0.0,0.0,0.0,0.0
2163,2019-05-28,2164,2169,2019-05-29,2019-06-05,0.035210173271695844,1.0,-0.004328589050413001,-0.003035874793824611,0.44134977031968314,0.5017162471395881,outer_03,none,0.0,0,,False,5.0,0.0,0.0,0.0,0.0,0.0,0.0,0.0,0.0
2164,2019-05-29,2165,2170,2019-05-30,2019-06-06,0.03994911367058673,1.0,0.0006250976918655837,0.002910025990860987,0.3456841775096723,0.5017162471395881,outer_03,none,0.0,-1,row2164_entry2165_exit2170,True,5.0,0.000499875041651048,-0.03994911367058673,-0.04044898871223778,0.0,0.039449238628935686,-0.04044898871223778,0.039449238628935686,0.039449238628935686
2165,2019-05-30,2166,2171,2019-05-31,2019-06-07,0.03628946439560998,1.0,0.006392584283752001,0.014014118189263236,0.453624177702494,0.5017162471395881,outer_03,none,0.0,0,,False,5.0,0.0,0.0,0.0,0.0,0.0,0.0,0.0,0.0
2166,2019-05-31,2167,2172,2019-06-03,2019-06-10,0.021225917195089927,1.0,0.012893752661947033,0.02024758617471445,0.4830059025893444,0.5017162471395881,outer_03,none,0.0,0,,False,5.0,0.0,0.0,0.0,0.0,0.0,0.0,0.0,0.0
2167,2019-06-03,2168,2173,2019-06-04,2019-06-11,0.002389793632511683,1.0,0.014717276906766052,0.03400361385246509,0.622706417229776,0.5017162471395881,outer_03,none,0.0,0,,False,5.0,0.0,0.0,0.0,0.0,0.0,0.0,0.0,0.0
2168,2019-06-04,2169,2174,2019-06-05,2019-06-12,0.0012292101045874304,1.0,0.0008377137697594961,0.03165939331788259,0.593688566035869,0.5017162471395881,outer_03,none,0.0,0,,False,5.0,0.0,0.0,0.0,0.0,0.0,0.0,0.0,0.0
2169,2019-06-05,2170,2175,2019-06-06,2019-06-13,0.001117850842069501,1.0,0.003388965769149266,0.03800379193962389,0.682161797733798,0.5017162471395881,outer_03,none,0.0,1,row2169_entry2170_exit2175,True,5.0,0.000499875041651048,0.001117850842069501,0.0006179758004184531,0.0,0.0006179758004184531,-0.001617725883720549,0.0006179758004184531,0.0006179758004184531
2170,2019-06-06,2171,2176,2019-06-07,2019-06-14,0.004756988549786456,1.0,0.004074120003149773,0.03980792278601086,0.6980085005628628,0.5017162471395881,outer_03,none,0.0,0,,False,5.0,0.0,0.0,0.0,0.0,0.0,0.0,0.0,0.0
2171,2019-06-07,2172,2177,2019-06-10,2019-06-17,0.005335577861652396,1.0,0.003527973282850816,0.04157649723583923,0.7514680945850484,0.5017162471395881,outer_03,none,0.0,0,,False,5.0,0.0,0.0,0.0,0.0,0.0,0.0,0.0,0.0
2172,2019-06-10,2173,2178,2019-06-11,2019-06-18,0.008980233507048574,1.0,-0.009295140535138913,0.02135084891079142,0.6291788336813275,0.5017162471395881,outer_03,none,0.0,0,,False,5.0,0.0,0.0,0.0,0.0,0.0,0.0,0.0,0.0
2173,2019-06-11,2174,2179,2019-06-12,2019-06-19,0.014418452484936672,1.0,-0.0008965941327474525,0.022788121928956073,0.7164672034636838,0.5017162471395881,outer_03,none,0.0,0,,False,5.0,0.0,0.0,0.0,0.0,0.0,0.0,0.0,0.0
2174,2019-06-12,2175,2180,2019-06-13,2019-06-20,0.019167875466354012,1.0,0.004947601713246819,0.028051946250126747,0.6959393866986822,0.5017162471395881,outer_03,none,0.0,1,row2174_entry2175_exit2180,True,5.0,0.000499875041651048,0.019167875466354012,0.018668000424702964,0.0,0.018668000424702964,-0.01966775050800506,0.018668000424702964,0.018668000424702964
2175,2019-06-13,2176,2181,2019-06-14,2019-06-21,0.033069281405648354,1.0,0.006414879345889801,0.04224179448589549,0.7366605944648899,0.5017162471395881,outer_03,none,0.0,0,,False,5.0,0.0,0.0,0.0,0.0,0.0,0.0,0.0,0.0
2176,2019-06-14,2177,2182,2019-06-17,2019-06-24,0.04239719016660359,1.0,-0.0007380816921775946,0.04839197970633968,0.6583613392503325,0.5017162471395881,outer_03,none,0.0,0,,False,5.0,0.0,0.0,0.0,0.0,0.0,0.0,0.0,0.0
2177,2019-06-17,2178,2183,2019-06-18,2019-06-25,0.05654796384637173,1.0,-0.0009998881555359773,0.04727467977583277,0.6572071626186324,0.5017162471395881,outer_03,none,0.0,0,,False,5.0,0.0,0.0,0.0,0.0,0.0,0.0,0.0,0.0
2178,2019-06-18,2179,2184,2019-06-19,2019-06-26,0.05319730022020064,1.0,0.005234580956978263,0.054813048110822216,0.6178611801156829,0.5017162471395881,outer_03,none,0.0,0,,False,5.0,0.0,0.0,0.0,0.0,0.0,0.0,0.0,0.0
2179,2019-06-19,2180,2185,2019-06-20,2019-06-27,0.03503272528096435,1.0,0.009703898921166854,0.06552161726287853,0.5847992641918491,0.5017162471395881,outer_03,none,0.0,1,row2179_entry2180_exit2185,True,5.0,0.000499875041651048,0.03503272528096435,0.0345328502393133,0.0,0.0345328502393133,-0.0355326003226154,0.0345328502393133,0.0345328502393133
2180,2019-06-20,2181,2186,2019-06-21,2019-06-28,0.015235801315060193,1.0,0.020896032855738156,0.07847852426842561,0.6064420822434655,0.5017162471395881,outer_03,none,0.0,0,,False,5.0,0.0,0.0,0.0,0.0,0.0,0.0,0.0,0.0
2181,2019-06-21,2182,2187,2019-06-24,2019-07-01,-0.005874910325442961,0.0,0.0074129430284086695,0.08492587049860845,0.6984359923872712,0.5017162471395881,outer_03,none,0.0,0,,False,5.0,0.0,-0.0,-0.0,0.0,-0.0,-0.0,-0.0,-0.0
2182,2019-06-24,2183,2188,2019-06-25,2019-07-02,-0.024312924455364815,0.0,0.014500979844309647,0.09931010746896529,0.5114177542609889,0.5017162471395881,outer_03,none,0.0,0,,False,5.0,0.0,-0.0,-0.0,0.0,-0.0,-0.0,-0.0,-0.0
2183,2019-06-25,2184,2189,2019-06-26,2019-07-03,0.0020406159888031183,1.0,0.002870916372187615,0.10650961289156591,0.42505286418687366,0.5017162471395881,outer_03,none,0.0,0,,False,5.0,0.0,0.0,0.0,0.0,0.0,0.0,0.0,0.0
2184,2019-06-26,2185,2190,2019-06-27,2019-07-04,0.008627815111137416,1.0,-0.010254834098677001,0.09562968110102332,0.51021488887526,0.5017162471395881,outer_03,none,0.0,1,row2184_entry2185_exit2190,True,5.0,0.000499875041651048,0.008627815111137416,0.008127940069486368,0.0,0.008127940069486368,-0.009127690152788463,-0.009127690152788463,0.008127940069486368
2185,2019-06-27,2186,2191,2019-06-28,2019-07-05,0.005444087794065133,1.0,0.0003052058921326761,0.089542302709404,0.5724704669788432,0.5017162471395881,outer_03,none,0.0,0,,False,5.0,0.0,0.0,0.0,0.0,0.0,0.0,0.0,0.0
2186,2019-06-28,2187,2192,2019-07-01,2019-07-08,0.005317560438204971,1.0,0.0005746698467135047,0.07722321989417047,0.6287235595924198,0.5017162471395881,outer_03,none,0.0,0,,False,5.0,0.0,0.0,0.0,0.0,0.0,0.0,0.0,0.0
2187,2019-07-01,2188,2193,2019-07-02,2019-07-09,0.0077376647015192646,1.0,-0.018728667524925413,0.043777275462479004,0.5228356971953365,0.5017162471395881,outer_03,none,0.0,0,,False,5.0,0.0,0.0,0.0,0.0,0.0,0.0,0.0,0.0
2188,2019-07-02,2189,2194,2019-07-03,2019-07-10,-0.019097402206980085,0.0,0.024450223069226062,0.06738978476194557,0.7716734023659843,0.5017162471395881,outer_03,none,0.0,0,,False,5.0,0.0,-0.0,-0.0,0.0,-0.0,-0.0,-0.0,-0.0
2189,2019-07-03,2190,2195,2019-07-04,2019-07-11,-0.000753730826994925,0.0,0.0002890978404783695,0.06428991683327467,0.7873342947398504,0.5017162471395881,outer_03,none,0.0,1,row2189_entry2190_exit2195,True,5.0,0.000499875041651048,-0.000753730826994925,-0.001253605868645973,0.0,-0.001253605868645973,0.00025385578534387705,-0.001253605868645973,-0.001253605868645973
2190,2019-07-04,2191,2196,2019-07-05,2019-07-12,-0.008422893569854928,0.0,-0.002202068857513062,0.05801372797261184,0.7650298720672418,0.5017162471395881,outer_03,none,0.0,0,,False,5.0,0.0,-0.0,-0.0,0.0,-0.0,-0.0,-0.0,-0.0
2191,2019-07-05,2192,2197,2019-07-08,2019-07-15,0.012381134217284817,1.0,-0.012227437671032959,0.042258317018728064,0.7326038189557394,0.5017162471395881,outer_03,none,0.0,0,,False,5.0,0.0,0.0,0.0,0.0,0.0,0.0,0.0,0.0
2192,2019-07-08,2193,2198,2019-07-09,2019-07-16,0.014061524688250948,1.0,-0.0020119074435918094,0.04954155011027517,0.7775118942139564,0.5017162471395881,outer_03,none,0.0,0,,False,5.0,0.0,0.0,0.0,0.0,0.0,0.0,0.0,0.0
2193,2019-07-09,2194,2199,2019-07-10,2019-07-17,0.007708377449626269,1.0,0.0015969696783022513,0.05203511392132487,0.7259946703915091,0.5017162471395881,outer_03,none,0.0,0,,False,5.0,0.0,0.0,0.0,0.0,0.0,0.0,0.0,0.0
2194,2019-07-10,2195,2200,2019-07-11,2019-07-18,0.005081951071596258,1.0,0.01446366383032327,0.06155117603840132,0.6808511854715131,0.5017162471395881,outer_03,none,0.0,1,row2194_entry2195_exit2200,True,5.0,0.000499875041651048,0.005081951071596258,0.00458207602994521,0.0,0.00458207602994521,-0.005581826113247305,0.00458207602994521,0.00458207602994521
2195,2019-07-11,2196,2201,2019-07-12,2019-07-19,0.03058458143082099,1.0,-0.010022766069085698,0.045113530623425824,0.762451063534936,0.5017162471395881,outer_03,none,0.0,0,,False,5.0,0.0,0.0,0.0,0.0,0.0,0.0,0.0,0.0
2196,2019-07-12,2197,2202,2019-07-15,2019-07-22,0.006978670301484691,1.0,0.007876403117079711,0.05372801543268313,0.7243293191592015,0.5017162471395881,outer_03,none,0.0,0,,False,5.0,0.0,0.0,0.0,0.0,0.0,0.0,0.0,0.0
2197,2019-07-15,2198,2203,2019-07-16,2019-07-23,0.007234591193622464,1.0,-0.0007990016440464487,0.05392890194417266,0.6854367687928165,0.5017162471395881,outer_03,none,0.0,0,,False,5.0,0.0,0.0,0.0,0.0,0.0,0.0,0.0,0.0
2198,2019-07-16,2199,2204,2019-07-17,2019-07-24,0.007585908664797358,1.0,-0.005589618457591428,0.04310470252960297,0.635928334319373,0.5017162471395881,outer_03,none,0.0,0,,False,5.0,0.0,0.0,0.0,0.0,0.0,0.0,0.0,0.0
2199,2019-07-17,2200,2205,2019-07-18,2019-07-25,-0.0007434579552265674,0.0,0.014399813793548155,0.04780061740198427,0.5615888981419597,0.5017162471395881,outer_03,none,0.0,1,row2199_entry2200_exit2205,True,5.0,0.000499875041651048,-0.0007434579552265674,-0.0012433329968776154,0.0,-0.0012433329968776154,0.0002435829135755195,-0.0012433329968776154,-0.0012433329968776154
2200,2019-07-18,2201,2206,2019-07-19,2019-07-26,-0.02325661844227156,0.0,0.01353847118537832,0.04044305573162443,0.6245217718354031,0.5017162471395881,outer_03,none,0.0,0,,False,5.0,0.0,-0.0,-0.0,0.0,-0.0,-0.0,-0.0,-0.0
2201,2019-07-19,2202,2207,2019-07-22,2019-07-29,-0.003996928603301697,0.0,-0.01441530426098403,0.018614808442231734,0.6605780589225848,0.5017162471395881,outer_03,none,0.0,0,,False,5.0,0.0,-0.0,-0.0,0.0,-0.0,-0.0,-0.0,-0.0
2202,2019-07-22,2203,2208,2019-07-23,2019-07-30,0.0007156790134414948,1.0,-0.0002035351964995158,0.003910293401422571,0.628977889379774,0.5017162471395881,outer_03,none,0.0,0,,False,5.0,0.0,0.0,0.0,0.0,0.0,0.0,0.0,0.0
2203,2019-07-23,2204,2209,2019-07-24,2019-07-31,0.009396928432789053,1.0,-0.0049749070860212186,-0.003935530056786263,0.7338946851802297,0.5017162471395881,outer_03,none,0.0,0,,False,5.0,0.0,0.0,0.0,0.0,0.0,0.0,0.0,0.0
2204,2019-07-24,2205,2210,2019-07-25,2019-08-01,-0.006610163135086111,0.0,0.005283702855165551,0.01160300689705629,0.7351193497118499,0.5017162471395881,outer_03,none,0.0,1,row2204_entry2205_exit2210,True,5.0,0.000499875041651048,-0.006610163135086111,-0.007110038176737159,0.0,-0.007110038176737159,0.006110288093435064,-0.007110038176737159,-0.007110038176737159
2205,2019-07-25,2206,2211,2019-07-26,2019-08-02,0.02150109223218255,1.0,-0.00774864578158585,0.0035491552233377632,0.6542739463291809,0.5017162471395881,outer_03,none,0.0,0,,False,5.0,0.0,0.0,0.0,0.0,0.0,0.0,0.0,0.0
2206,2019-07-26,2207,2212,2019-07-29,2019-08-05,0.013659581005684096,1.0,0.002965664045802896,0.0059401494224271545,0.6735808214982878,0.5017162471395881,outer_03,none,0.0,0,,False,5.0,0.0,0.0,0.0,0.0,0.0,0.0,0.0,0.0
2207,2019-07-29,2208,2213,2019-07-30,2019-08-06,0.02892400850145016,1.0,0.005841988122166519,0.030510805069519087,0.6744738926991017,0.5017162471395881,outer_03,none,0.0,0,,False,5.0,0.0,0.0,0.0,0.0,0.0,0.0,0.0,0.0
2208,2019-07-30,2209,2214,2019-07-31,2019-08-07,0.03030023723131503,1.0,0.0027929166315816545,0.008853498631874679,0.6661500606495852,0.5017162471395881,outer_03,none,0.0,0,,False,5.0,0.0,0.0,0.0,0.0,0.0,0.0,0.0,0.0
2209,2019-07-31,2210,2215,2019-08-01,2019-08-08,0.05696141814143019,1.0,-0.012930911417403657,-0.004366510626007347,0.6619376445025812,0.5017162471395881,outer_03,none,0.0,1,row2209_entry2210_exit2215,True,5.0,0.000499875041651048,0.05696141814143019,0.05646154309977914,0.0,0.05646154309977914,-0.057461293183081234,-0.057461293183081234,-0.057461293183081234
2210,2019-08-01,2211,2216,2019-08-02,2019-08-09,0.041165324780084056,1.0,0.022863178774892745,0.02069873700639846,0.6327865313950186,0.5017162471395881,outer_03,none,0.0,0,,False,5.0,0.0,0.0,0.0,0.0,0.0,0.0,0.0,0.0
2211,2019-08-02,2212,2217,2019-08-05,2019-08-12,0.03798381925288208,1.0,-0.0031678829768688743,0.029758291700562545,0.7075920454092235,0.5017162471395881,outer_03,none,0.0,0,,False,5.0,0.0,0.0,0.0,0.0,0.0,0.0,0.0,0.0
2212,2019-08-05,2213,2218,2019-08-06,2019-08-13,0.028839370394216246,1.0,0.01611582929416766,0.047886028438322015,0.7235240245230055,0.5017162471395881,outer_03,none,0.0,0,,False,5.0,0.0,0.0,0.0,0.0,0.0,0.0,0.0,0.0
2213,2019-08-06,2214,2219,2019-08-07,2019-08-14,0.01817132184643011,1.0,0.007181811609969557,0.05347087036998932,0.6928683808530153,0.5017162471395881,outer_03,none,0.0,0,,False,5.0,0.0,0.0,0.0,0.0,0.0,0.0,0.0,0.0
2214,2019-08-07,2215,2220,2019-08-08,2019-08-15,0.0130907971644465,1.0,0.0181351423854883,0.05714234892515435,0.6614948819739308,0.5017162471395881,outer_03,none,0.0,1,row2214_entry2215_exit2220,True,5.0,0.000499875041651048,0.0130907971644465,0.012590922122795452,0.0,0.012590922122795452,-0.013590672206097547,0.012590922122795452,0.012590922122795452
2215,2019-08-08,2216,2221,2019-08-09,2019-08-16,0.010243832540017372,1.0,-0.00024649165883783297,0.06691862333540222,0.6488131572662075,0.5017162471395881,outer_03,none,0.0,0,,False,5.0,0.0,0.0,0.0,0.0,0.0,0.0,0.0,0.0
2216,2019-08-09,2217,2222,2019-08-12,2019-08-19,0.008903794664654185,1.0,-0.0025751373515312537,0.05646708286679125,0.6955140582061976,0.5017162471395881,outer_03,none,0.0,0,,False,5.0,0.0,0.0,0.0,0.0,0.0,0.0,0.0,0.0
2217,2019-08-12,2218,2223,2019-08-13,2019-08-20,-0.009291565159255555,0.0,0.009771610021575228,0.06703769453241293,0.7744247488185857,0.5017162471395881,outer_03,none,0.0,0,,False,5.0,0.0,-0.0,-0.0,0.0,-0.0,-0.0,-0.0,-0.0
2218,2019-08-13,2219,2224,2019-08-14,2019-08-21,0.0032578299772128005,1.0,-0.006883372072262084,0.06574394091774227,0.7934084181229439,0.5017162471395881,outer_03,none,0.0,0,,False,5.0,0.0,0.0,0.0,0.0,0.0,0.0,0.0,0.0
2219,2019-08-14,2220,2225,2019-08-15,2019-08-22,-0.011077932819687497,0.0,0.009829310330149,0.061173437454343116,0.6425909453321693,0.5017162471395881,outer_03,none,0.0,1,row2219_entry2220_exit2225,True,5.0,0.000499875041651048,-0.011077932819687497,-0.011577807861338545,0.0,-0.011577807861338545,0.01057805777803645,-0.011577807861338545,-0.011577807861338545
2220,2019-08-15,2221,2226,2019-08-16,2019-08-23,-0.015435399270821826,0.0,0.004763793717515341,0.05239875998648014,0.5594734547508563,0.5017162471395881,outer_03,none,0.0,0,,False,5.0,0.0,-0.0,-0.0,0.0,-0.0,-0.0,-0.0,-0.0
2221,2019-08-16,2222,2227,2019-08-19,2019-08-26,0.023770663965852812,1.0,-0.007458394262178203,0.059355669985285964,0.6310218474405966,0.5017162471395881,outer_03,none,0.0,0,,False,5.0,0.0,0.0,0.0,0.0,0.0,0.0,0.0,0.0
2222,2019-08-19,2223,2228,2019-08-20,2019-08-27,0.020326050907146787,1.0,-0.010844917769150086,0.04871428741263539,0.5595031050657172,0.5017162471395881,outer_03,none,0.0,0,,False,5.0,0.0,0.0,0.0,0.0,0.0,0.0,0.0,0.0
2223,2019-08-20,2224,2229,2019-08-21,2019-08-28,0.02260324352547549,1.0,0.007705280950884408,0.06139447544954102,0.6085702273012469,0.5017162471395881,outer_03,none,0.0,0,,False,5.0,0.0,0.0,0.0,0.0,0.0,0.0,0.0,0.0
2224,2019-08-21,2225,2230,2019-08-22,2019-08-29,0.02444151028077801,1.0,-0.0033558527940398264,0.05275491980033564,0.6317116040204619,0.5017162471395881,outer_03,none,0.0,1,row2224_entry2225_exit2230,True,5.0,0.000499875041651048,0.02444151028077801,0.023941635239126964,0.0,0.023941635239126964,-0.02494138532242906,-0.02494138532242906,0.023941635239126964
2225,2019-08-22,2226,2231,2019-08-23,2019-08-30,0.019160751026939593,1.0,-0.002766235054065369,0.05773733052785612,0.5501549617271219,0.5017162471395881,outer_03,none,0.0,0,,False,5.0,0.0,0.0,0.0,0.0,0.0,0.0,0.0,0.0
2226,2019-08-23,2227,2232,2019-08-26,2019-09-02,-0.010633796989390376,0.0,0.018576057972661708,0.07334772445471494,0.5926450209571218,0.5017162471395881,outer_03,none,0.0,0,,False,5.0,0.0,-0.0,-0.0,0.0,-0.0,-0.0,-0.0,-0.0
2227,2019-08-26,2228,2233,2019-08-27,2019-09-03,-0.00023574249171165462,0.0,0.0007401027967244289,0.06824583912927285,0.6850590351865732,0.5017162471395881,outer_03,none,0.0,0,,False,5.0,0.0,-0.0,-0.0,0.0,-0.0,-0.0,-0.0,-0.0
2228,2019-08-27,2229,2234,2019-08-28,2019-09-04,0.003608112766514182,1.0,0.009934902774881849,0.07538782527257304,0.6862533038051492,0.5017162471395881,outer_03,none,0.0,0,,False,5.0,0.0,0.0,0.0,0.0,0.0,0.0,0.0,0.0
2229,2019-08-28,2230,2235,2019-08-29,2019-09-05,0.00803768168195429,1.0,-0.0010507064047926562,0.08726803028518404,0.6638850326777794,0.5017162471395881,outer_03,none,0.0,1,row2229_entry2230_exit2235,True,5.0,0.000499875041651048,0.00803768168195429,0.007537806640303242,0.0,0.007537806640303242,-0.008537556723605337,-0.008537556723605337,0.007537806640303242
2230,2019-08-29,2231,2236,2019-08-30,2019-09-06,-0.005961974074552678,0.0,-0.009218157247385506,0.05518669426290579,0.6916023736942498,0.5017162471395881,outer_03,none,0.0,0,,False,5.0,0.0,-0.0,-0.0,0.0,-0.0,-0.0,-0.0,-0.0
2231,2019-08-30,2232,2237,2019-09-02,2019-09-09,-0.017066588523126036,0.0,-0.00414777684782397,0.054206800391950694,0.6433301060665019,0.5017162471395881,outer_03,none,0.0,0,,False,5.0,0.0,-0.0,-0.0,0.0,-0.0,-0.0,-0.0,-0.0
2232,2019-09-02,2233,2238,2019-09-03,2019-09-10,-0.018901604963789786,0.0,0.0055156542008711895,0.04360662529865422,0.6882140404044377,0.5017162471395881,outer_03,none,0.0,0,,False,5.0,0.0,-0.0,-0.0,0.0,-0.0,-0.0,-0.0,-0.0
2233,2019-09-03,2234,2239,2019-09-04,2019-09-11,-0.03973735774835507,0.0,0.012828103624738851,0.04925291731342352,0.5021618780808152,0.5017162471395881,outer_03,none,0.0,0,,False,5.0,0.0,-0.0,-0.0,0.0,-0.0,-0.0,-0.0,-0.0
2234,2019-09-04,2235,2240,2019-09-05,2019-09-12,-0.03589412224731792,0.0,0.002515075649451859,0.033632850577387075,0.4869643635594124,0.5017162471395881,outer_03,none,0.0,-1,row2234_entry2235_exit2240,True,5.0,0.000499875041651048,0.03589412224731792,0.03539424720566687,0.0,-0.036393997288968964,0.03539424720566687,-0.036393997288968964,-0.036393997288968964
2235,2019-09-05,2236,2241,2019-09-06,2019-09-13,-0.013812896377861428,0.0,-0.02195114006117649,0.011928202175048419,0.572862022761475,0.5017162471395881,outer_03,none,0.0,0,,False,5.0,0.0,-0.0,-0.0,0.0,-0.0,-0.0,-0.0,-0.0
2236,2019-09-06,2237,2242,2019-09-09,2019-09-16,-0.0018640451170384154,0.0,-0.008270383341736576,0.006232956184843097,0.5775594401104085,0.5017162471395881,outer_03,none,0.0,0,,False,5.0,0.0,-0.0,-0.0,0.0,-0.0,-0.0,-0.0,-0.0
2237,2019-09-09,2238,2243,2019-09-10,2019-09-17,0.00011345397284578951,1.0,-0.005037961667122559,-0.00857661550385469,0.6970021726198663,0.5017162471395881,outer_03,none,0.0,0,,False,5.0,0.0,0.0,0.0,0.0,0.0,0.0,0.0,0.0
2238,2019-09-10,2239,2244,2019-09-11,2019-09-18,0.010168274373087982,1.0,-0.008738303530501312,-0.010431546962093918,0.6645617383344853,0.5017162471395881,outer_03,none,0.0,0,,False,5.0,0.0,0.0,0.0,0.0,0.0,0.0,0.0,0.0
2239,2019-09-11,2240,2245,2019-09-12,2019-09-19,-0.0025755709758525924,0.0,0.007209256349612225,-0.013051600942630692,0.5911791232584301,0.5017162471395881,outer_03,none,0.0,1,row2239_entry2240_exit2245,True,5.0,0.000499875041651048,-0.0025755709758525924,-0.0030754460175036404,0.0,-0.0030754460175036404,0.0020756959342015445,-0.0030754460175036404,0.0020756959342015445
2240,2019-09-12,2241,2246,2019-09-13,2019-09-20,0.0010477809027831242,1.0,0.00163579283944415,-0.016179601820701883,0.7350974560339881,0.5017162471395881,outer_03,none,0.0,0,,False,5.0,0.0,0.0,0.0,0.0,0.0,0.0,0.0,0.0
2241,2019-09-13,2242,2247,2019-09-16,2019-09-23,0.007911528187944938,1.0,-0.006975713805143613,-0.015696921363667293,0.7790308354643442,0.5017162471395881,outer_03,none,0.0,0,,False,5.0,0.0,0.0,0.0,0.0,0.0,0.0,0.0,0.0
2242,2019-09-16,2243,2248,2019-09-17,2019-09-24,0.016283231648372976,1.0,0.006595380374922577,0.0017433767804053701,0.7019113846266677,0.5017162471395881,outer_03,none,0.0,0,,False,5.0,0.0,0.0,0.0,0.0,0.0,0.0,0.0,0.0
2243,2019-09-17,2244,2249,2019-09-18,2019-09-25,0.020971125336363805,1.0,0.0019468489874299166,-0.004015055183049121,0.7495809156764752,0.5017162471395881,outer_03,none,0.0,0,,False,5.0,0.0,0.0,0.0,0.0,0.0,0.0,0.0,0.0
2244,2019-09-18,2245,2250,2019-09-19,2019-09-26,0.007188297458903925,1.0,-0.005396465329593703,-0.006055667718602997,0.8541995872750793,0.5017162471395881,outer_03,none,0.0,1,row2244_entry2245_exit2250,True,5.0,0.000499875041651048,0.007188297458903925,0.0066884224172528775,0.0,0.0066884224172528775,-0.0076881725005549725,-0.0076881725005549725,-0.0076881725005549725
2245,2019-09-19,2246,2251,2019-09-20,2019-09-27,0.0031700180385252352,1.0,0.003496331748579884,0.00020689908404225577,0.6673643299726927,0.5017162471395881,outer_03,none,0.0,0,,False,5.0,0.0,0.0,0.0,0.0,0.0,0.0,0.0,0.0
2246,2019-09-20,2247,2252,2019-09-23,2019-09-30,-0.010887879752512042,0.0,0.011808784071905443,-0.00656037481671401,0.6627975607955868,0.5017162471395881,outer_03,none,0.0,0,,False,5.0,0.0,-0.0,-0.0,0.0,-0.0,-0.0,-0.0,-0.0
2247,2019-09-23,2248,2253,2019-09-24,2019-10-01,-0.033487551773211166,0.0,0.0038507283322424257,-0.003449749281196013,0.6566460147439853,0.5017162471395881,outer_03,none,0.0,0,,False,5.0,0.0,-0.0,-0.0,0.0,-0.0,-0.0,-0.0,-0.0
2248,2019-09-24,2249,2254,2019-09-25,2019-10-02,-0.035333126063209264,0.0,0.005928049089822807,-0.007456602966255055,0.6730827980264213,0.5017162471395881,outer_03,none,0.0,0,,False,5.0,0.0,-0.0,-0.0,0.0,-0.0,-0.0,-0.0,-0.0
2249,2019-09-25,2250,2255,2019-09-26,2019-10-03,-0.003130601833460922,0.0,-0.018143313874192657,-0.024549210435655056,0.7090326858377332,0.5017162471395881,outer_03,none,0.0,1,row2249_entry2250_exit2255,True,5.0,0.000499875041651048,-0.003130601833460922,-0.00363047687511197,0.0,-0.00363047687511197,0.002630726791809874,0.002630726791809874,0.002630726791809874
2250,2019-09-26,2251,2256,2019-09-27,2019-10-04,0.0013887091557664988,1.0,0.0006116614777500473,-0.014719391710519503,0.6769279578562272,0.5017162471395881,outer_03,none,0.0,0,,False,5.0,0.0,0.0,0.0,0.0,0.0,0.0,0.0,0.0
2251,2019-09-27,2252,2257,2019-09-30,2019-10-07,0.008173688834453685,1.0,-0.0052979461977802345,-0.015869561060475768,0.7387752196215701,0.5017162471395881,outer_03,none,0.0,0,,False,5.0,0.0,0.0,0.0,0.0,0.0,0.0,0.0,0.0
2252,2019-09-30,2253,2258,2019-10-01,2019-10-08,0.013781696741309801,1.0,-0.016383538681748355,-0.03776875394309531,0.7956139720581923,0.5017162471395881,outer_03,none,0.0,0,,False,5.0,0.0,0.0,0.0,0.0,0.0,0.0,0.0,0.0
2253,2019-10-01,2254,2259,2019-10-02,2019-10-09,0.01767326203050157,1.0,0.00480406931390398,-0.04579278825393018,0.7555968588330648,0.5017162471395881,outer_03,none,0.0,0,,False,5.0,0.0,0.0,0.0,0.0,0.0,0.0,0.0,0.0
2254,2019-10-02,2255,2260,2019-10-03,2019-10-10,0.0044863720387402495,1.0,0.013788692266497371,-0.03451917163688467,0.7396402943819655,0.5017162471395881,outer_03,none,0.0,1,row2254_entry2255_exit2260,True,5.0,0.000499875041651048,0.0044863720387402495,0.003986496997089202,0.0,0.003986496997089202,-0.004986247080391297,0.003986496997089202,-0.004986247080391297
2255,2019-10-03,2256,2261,2019-10-04,2019-10-11,-0.007718751870557483,0.0,0.003268161657548063,-0.00929986991816012,0.6491940064586222,0.5017162471395881,outer_03,none,0.0,0,,False,5.0,0.0,-0.0,-0.0,0.0,-0.0,-0.0,-0.0,-0.0
2256,2019-10-04,2257,2262,2019-10-07,2019-10-14,-0.014758394858271018,0.0,-0.00021931792214413548,-0.0012488044985676794,0.6070431440266256,0.5017162471395881,outer_03,none,0.0,0,,False,5.0,0.0,-0.0,-0.0,0.0,-0.0,-0.0,-0.0,-0.0
2257,2019-10-07,2258,2263,2019-10-08,2019-10-15,-0.0006698507153277689,0.0,-0.007492270942823787,-0.003703113774268907,0.75323466452688,0.5017162471395881,outer_03,none,0.0,0,,False,5.0,0.0,-0.0,-0.0,0.0,-0.0,-0.0,-0.0,-0.0
2258,2019-10-08,2259,2264,2019-10-09,2019-10-16,-0.016977586335896078,0.0,0.008143438083222598,0.013178627839455004,0.6920218037670819,0.5017162471395881,outer_03,none,0.0,0,,False,5.0,0.0,-0.0,-0.0,0.0,-0.0,-0.0,-0.0,-0.0
2259,2019-10-09,2260,2265,2019-10-10,2019-10-17,-0.01048849782141037,0.0,-3.9855192804694184e-05,0.005929516297038084,0.7154870971836179,0.5017162471395881,outer_03,none,0.0,1,row2259_entry2260_exit2265,True,5.0,0.000499875041651048,-0.01048849782141037,-0.010988372863061417,0.0,-0.010988372863061417,0.009988622779759322,0.009988622779759322,-0.010988372863061417
2260,2019-10-10,2261,2266,2019-10-11,2019-10-18,-0.001660840713402223,0.0,-0.008023225568148717,-0.003729502110554783,0.6938348472006287,0.5017162471395881,outer_03,none,0.0,0,,False,5.0,0.0,-0.0,-0.0,0.0,-0.0,-0.0,-0.0,-0.0
2261,2019-10-11,2262,2267,2019-10-14,2019-10-21,0.0035056179457031433,1.0,-0.003662811173817282,-0.0004165994792284522,0.6778216337135464,0.5017162471395881,outer_03,none,0.0,0,,False,5.0,0.0,0.0,0.0,0.0,0.0,0.0,0.0,0.0
2262,2019-10-14,2263,2268,2019-10-15,2019-10-22,-0.0052672364714494435,0.0,0.003421719832516601,-0.0035902600216344283,0.6965609119293243,0.5017162471395881,outer_03,none,0.0,0,,False,5.0,0.0,-0.0,-0.0,0.0,-0.0,-0.0,-0.0,-0.0
2263,2019-10-15,2264,2269,2019-10-16,2019-10-23,0.004607589104166365,1.0,-0.00809007684044527,-0.013627185849509615,0.6968563350443033,0.5017162471395881,outer_03,none,0.0,0,,False,5.0,0.0,0.0,0.0,0.0,0.0,0.0,0.0,0.0
2264,2019-10-16,2265,2270,2019-10-17,2019-10-24,0.0008989307355369291,1.0,0.0057363851199978555,-0.0024943353999180573,0.5820080512851977,0.5017162471395881,outer_03,none,0.0,1,row2264_entry2265_exit2270,True,5.0,0.000499875041651048,0.0008989307355369291,0.0003990556938858812,0.0,0.0003990556938858812,-0.001398805777187977,0.0003990556938858812,-0.001398805777187977
2265,2019-10-17,2266,2271,2019-10-18,2019-10-25,0.0073789737854914605,1.0,0.0018177249911506266,-0.004172942157347315,0.6658437427482318,0.5017162471395881,outer_03,none,0.0,0,,False,5.0,0.0,0.0,0.0,0.0,0.0,0.0,0.0,0.0
2266,2019-10-18,2267,2272,2019-10-21,2019-10-28,0.007773149785399447,1.0,-0.001542506408802602,-0.01752423263805536,0.7092776533634102,0.5017162471395881,outer_03,none,0.0,0,,False,5.0,0.0,0.0,0.0,0.0,0.0,0.0,0.0,0.0
2267,2019-10-21,2268,2273,2019-10-22,2019-10-29,0.004891923985892888,1.0,-0.0039475637932948615,-0.025322524763592646,0.7141838566807568,0.5017162471395881,outer_03,none,0.0,0,,False,5.0,0.0,0.0,0.0,0.0,0.0,0.0,0.0,0.0
2268,2019-10-22,2269,2274,2019-10-23,2019-10-30,-0.00036298617018015733,0.0,0.0024967793765569013,-0.028753794476858552,0.5144963887405207,0.5144014401440145,outer_04,sigmoid,0.0,0,,False,5.0,0.0,-0.0,-0.0,0.0,-0.0,-0.0,-0.0,-0.0
2269,2019-10-23,2270,2275,2019-10-24,2019-10-31,0.0029727851560750196,1.0,0.00267157284878472,-0.007938907753881175,0.5016640587563661,0.5144014401440145,outer_04,sigmoid,0.0,1,row2269_entry2270_exit2275,True,5.0,0.000499875041651048,0.0029727851560750196,0.0024729101144239716,0.0,0.0024729101144239716,-0.0034726601977260675,0.0024729101144239716,-0.0034726601977260675
2270,2019-10-24,2271,2276,2019-10-25,2019-11-01,0.006274228679276739,1.0,0.007446647537856954,-0.001103921693774268,0.48962599412981345,0.5144014401440145,outer_04,sigmoid,0.0,0,,False,5.0,0.0,0.0,0.0,0.0,0.0,0.0,0.0,0.0
2271,2019-10-25,2272,2277,2019-10-28,2019-11-04,0.006233483270729145,1.0,0.0008380278901922722,0.005032052394198239,0.4882977679593939,0.5144014401440145,outer_04,sigmoid,0.0,0,,False,5.0,0.0,0.0,0.0,0.0,0.0,0.0,0.0,0.0
2272,2019-10-28,2273,2278,2019-10-29,2019-11-05,0.011344368222498069,1.0,-0.00775523625259833,0.013660354823348264,0.49095432134083966,0.5144014401440145,outer_04,sigmoid,0.0,0,,False,5.0,0.0,0.0,0.0,0.0,0.0,0.0,0.0,0.0
2273,2019-10-29,2274,2279,2019-10-30,2019-11-06,-0.00247719826452375,0.0,-0.0031136367439907886,0.005742648765453495,0.5030907493899301,0.5144014401440145,outer_04,sigmoid,0.0,0,,False,5.0,0.0,-0.0,-0.0,0.0,-0.0,-0.0,-0.0,-0.0
2274,2019-10-30,2275,2280,2019-10-31,2019-11-07,-0.0040059539899282015,0.0,0.0051617342693068835,-0.0028843092317369923,0.5013725330339868,0.5144014401440145,outer_04,sigmoid,0.0,1,row2274_entry2275_exit2280,True,5.0,0.000499875041651048,-0.0040059539899282015,-0.004505829031579249,0.0,-0.004505829031579249,0.0035060789482771536,-0.004505829031579249,0.0035060789482771536
2275,2019-10-31,2276,2281,2019-11-01,2019-11-08,-0.029781440065574927,0.0,0.010991788776530065,0.004839317887245009,0.49128462694899594,0.5144014401440145,outer_04,sigmoid,0.0,0,,False,5.0,0.0,-0.0,-0.0,0.0,-0.0,-0.0,-0.0,-0.0
2276,2019-11-01,2277,2282,2019-11-04,2019-11-11,-0.03530241356814212,0.0,0.0011698497383445527,0.0062284855477336976,0.4954483704386569,0.5144014401440145,outer_04,sigmoid,0.0,0,,False,5.0,0.0,-0.0,-0.0,0.0,-0.0,-0.0,-0.0,-0.0
2277,2019-11-04,2278,2283,2019-11-05,2019-11-12,-0.036335488302788654,0.0,-0.002923881979051579,0.010796874511505905,0.5062291315618777,0.5144014401440145,outer_04,sigmoid,0.0,0,,False,5.0,0.0,-0.0,-0.0,0.0,-0.0,-0.0,-0.0,-0.0
2278,2019-11-05,2279,2284,2019-11-06,2019-11-13,-0.01796716132999432,0.0,-0.01717233487971015,-0.014518898451426843,0.5088924115997544,0.5144014401440145,outer_04,sigmoid,0.0,0,,False,5.0,0.0,-0.0,-0.0,0.0,-0.0,-0.0,-0.0,-0.0
2279,2019-11-06,2280,2285,2019-11-07,2019-11-14,-0.017469585512436048,0.0,0.004277189498037792,-0.010201853760584356,0.507982378948134,0.5144014401440145,outer_04,sigmoid,0.0,1,row2279_entry2280_exit2285,True,5.0,0.000499875041651048,-0.017469585512436048,-0.017969460554087095,0.0,-0.017969460554087095,0.016969710470785,-0.017969460554087095,0.016969710470785
2280,2019-11-07,2281,2286,2019-11-08,2019-11-15,0.0021161292951443755,1.0,-0.014614984371714712,-0.01679361256415035,0.5041816990937104,0.5144014401440145,outer_04,sigmoid,0.0,0,,False,5.0,0.0,0.0,0.0,0.0,0.0,0.0,0.0,0.0
2281,2019-11-08,2282,2287,2019-11-11,2019-11-18,0.005211635835178363,1.0,-0.006695752048801573,-0.019826553439134642,0.5013170182024467,0.5144014401440145,outer_04,sigmoid,0.0,0,,False,5.0,0.0,0.0,0.0,0.0,0.0,0.0,0.0,0.0
2282,2019-11-11,2283,2288,2019-11-12,2019-11-19,0.010705452182405928,1.0,-0.0021068025923591804,-0.025355075864010423,0.5138425166540439,0.5144014401440145,outer_04,sigmoid,0.0,0,,False,5.0,0.0,0.0,0.0,0.0,0.0,0.0,0.0,0.0
2283,2019-11-12,2284,2289,2019-11-13,2019-11-20,0.011177341576235733,1.0,0.00044643624430040774,-0.016818562779264745,0.5065738121871052,0.5144014401440145,outer_04,sigmoid,0.0,0,,False,5.0,0.0,0.0,0.0,0.0,0.0,0.0,0.0,0.0
2284,2019-11-13,2285,2290,2019-11-14,2019-11-21,0.007424605968621378,1.0,0.004767850761613346,-0.017787097137649255,0.5010276659431435,0.5144014401440145,outer_04,sigmoid,0.0,1,row2284_entry2285_exit2290,True,5.0,0.000499875041651048,0.007424605968621378,0.006924730926970331,0.0,0.006924730926970331,-0.007924481010272426,0.006924730926970331,-0.007924481010272426
2285,2019-11-14,2286,2291,2019-11-15,2019-11-22,-0.004666872712180137,0.0,0.0052552238537249,-0.014349598275074982,0.5028508755718495,0.5144014401440145,outer_04,sigmoid,0.0,0,,False,5.0,0.0,-0.0,-0.0,0.0,-0.0,-0.0,-0.0,-0.0
2286,2019-11-15,2287,2292,2019-11-18,2019-11-25,-0.005095221798252503,0.0,-0.002450364356259449,-0.015257456222531829,0.514284474854166,0.5144014401440145,outer_04,sigmoid,0.0,0,,False,5.0,0.0,-0.0,-0.0,0.0,-0.0,-0.0,-0.0,-0.0
2287,2019-11-18,2288,2293,2019-11-19,2019-11-26,-0.010739817270229324,0.0,0.002321189545167357,-0.00898870288406961,0.5027724993237486,0.5144014401440145,outer_04,sigmoid,0.0,0,,False,5.0,0.0,-0.0,-0.0,0.0,-0.0,-0.0,-0.0,-0.0
2288,2019-11-19,2289,2294,2019-11-20,2019-11-27,-0.0085594672741367,0.0,0.0010397236495185425,-0.01044575861110797,0.49965729334994535,0.5144014401440145,outer_04,sigmoid,0.0,0,,False,5.0,0.0,-0.0,-0.0,0.0,-0.0,-0.0,-0.0,-0.0
2289,2019-11-20,2290,2295,2019-11-21,2019-11-28,-0.013068959148227144,0.0,-0.0008561644358602294,-0.013973495895752919,0.5074700715278998,0.5144014401440145,outer_04,sigmoid,0.0,1,row2289_entry2290_exit2295,True,5.0,0.000499875041651048,-0.013068959148227144,-0.013568834189878191,0.0,-0.013568834189878191,0.012569084106576096,0.012569084106576096,0.012569084106576096
2290,2019-11-21,2291,2296,2019-11-22,2019-11-29,-0.006151209904209587,0.0,-0.004585460635169625,-0.026005604068779498,0.5064755965903229,0.5144014401440145,outer_04,sigmoid,0.0,0,,False,5.0,0.0,-0.0,-0.0,0.0,-0.0,-0.0,-0.0,-0.0
2291,2019-11-22,2292,2297,2019-11-25,2019-12-02,0.0013959123936855278,1.0,-0.001715576967271204,-0.028559208926242974,0.5122202662731736,0.5144014401440145,outer_04,sigmoid,0.0,0,,False,5.0,0.0,0.0,0.0,0.0,0.0,0.0,0.0,0.0
2292,2019-11-25,2293,2298,2019-11-26,2019-12-03,0.004573905215661256,1.0,-0.0047107312620804365,-0.02551470393572508,0.5124347146135374,0.5144014401440145,outer_04,sigmoid,0.0,0,,False,5.0,0.0,0.0,0.0,0.0,0.0,0.0,0.0,0.0
2293,2019-11-26,2294,2299,2019-11-27,2019-12-04,0.010457682844076999,1.0,0.004361787838688791,-0.0180392793530455,0.5096909052869787,0.5144014401440145,outer_04,sigmoid,0.0,0,,False,5.0,0.0,0.0,0.0,0.0,0.0,0.0,0.0,0.0
2294,2019-11-27,2295,2300,2019-11-28,2019-12-05,0.012709548171473628,1.0,-0.0050562155997004865,-0.02825722922205287,0.5140746986043783,0.5144014401440145,outer_04,sigmoid,0.0,1,row2294_entry2295_exit2300,True,5.0,0.000499875041651048,0.012709548171473628,0.01220967312982258,0.0,0.01220967312982258,-0.013209423213124676,-0.013209423213124676,-0.013209423213124676
2295,2019-11-28,2296,2301,2019-11-29,2019-12-06,0.014088920138142669,1.0,0.001244127501378145,-0.03800489049720479,0.5205312089418485,0.5144014401440145,outer_04,sigmoid,0.0,0,,False,5.0,0.0,0.0,0.0,0.0,0.0,0.0,0.0,0.0
2296,2019-11-29,2297,2302,2019-12-02,2019-12-09,-0.0026360760349586343,0.0,0.005541926177919265,-0.03363281405763008,0.509758466831166,0.5144014401440145,outer_04,sigmoid,0.0,0,,False,5.0,0.0,-0.0,-0.0,0.0,-0.0,-0.0,-0.0,-0.0
2297,2019-12-02,2298,2303,2019-12-03,2019-12-10,-0.00013684477034914266,0.0,-0.0009431770728038913,-0.03165210915138239,0.5185080034075504,0.5144014401440145,outer_04,sigmoid,0.0,0,,False,5.0,0.0,-0.0,-0.0,0.0,-0.0,-0.0,-0.0,-0.0
2298,2019-12-03,2299,2304,2019-12-04,2019-12-11,-0.008372404490136987,0.0,0.01011652396012419,-0.00436325031154805,0.49727697434736357,0.5144014401440145,outer_04,sigmoid,0.0,0,,False,5.0,0.0,-0.0,-0.0,0.0,-0.0,-0.0,-0.0,-0.0
2299,2019-12-04,2300,2305,2019-12-05,2019-12-12,0.00035263083308212373,1.0,-0.002025986158748161,-0.010666425968334003,0.4965705310178287,0.5144014401440145,outer_04,sigmoid,0.0,-1,row2299_entry2300_exit2305,True,5.0,0.000499875041651048,-0.00035263083308212373,-0.0008525058747331717,0.0,-0.00014724420856892422,-0.0008525058747331717,-0.0008525058747331717,-0.0008525058747331717
2300,2019-12-05,2301,2306,2019-12-06,2019-12-13,-0.006436485088980426,0.0,0.0009694620245488395,0.004918020427929548,0.4948704548414118,0.5144014401440145,outer_04,sigmoid,0.0,0,,False,5.0,0.0,-0.0,-0.0,0.0,-0.0,-0.0,-0.0,-0.0
2301,2019-12-06,2302,2307,2019-12-09,2019-12-16,0.011092930009679591,1.0,-0.011058645245821452,0.0005551272309096689,0.5076299942930174,0.5144014401440145,outer_04,sigmoid,0.0,0,,False,5.0,0.0,0.0,0.0,0.0,0.0,0.0,0.0,0.0
2302,2019-12-09,2303,2308,2019-12-10,2019-12-17,0.009859474550749425,1.0,0.0014925171534567738,0.004154446976725623,0.5105526296805093,0.5144014401440145,outer_04,sigmoid,0.0,0,,False,5.0,0.0,0.0,0.0,0.0,0.0,0.0,0.0,0.0
2303,2019-12-10,2304,2309,2019-12-11,2019-12-18,0.00789141214625566,1.0,0.0018044747656222881,0.0055124854980475035,0.497102627291415,0.5144014401440145,outer_04,sigmoid,0.0,0,,False,5.0,0.0,0.0,0.0,0.0,0.0,0.0,0.0,0.0
2304,2019-12-11,2305,2310,2019-12-12,2019-12-19,0.0002779482017363222,1.0,0.0070566832587726225,0.00780131799520678,0.4951227476674062,0.5144014401440145,outer_04,sigmoid,0.0,-1,row2304_entry2305_exit2310,True,5.0,0.000499875041651048,-0.0002779482017363222,-0.0007778232433873701,0.0,-0.00022192683991472577,-0.0007778232433873701,-0.00022192683991472577,-0.00022192683991472577
2305,2019-12-12,2306,2311,2019-12-13,2019-12-20,0.008399273961345877,1.0,-0.0036139870591771484,-0.0010678929176952678,0.49684046147600114,0.5144014401440145,outer_04,sigmoid,0.0,0,,False,5.0,0.0,0.0,0.0,0.0,0.0,0.0,0.0,0.0
2306,2019-12-13,2307,2312,2019-12-16,2019-12-23,0.00210646885507515,1.0,0.0041020961883733165,0.005484567626937498,0.48382200484418175,0.5144014401440145,outer_04,sigmoid,0.0,0,,False,5.0,0.0,0.0,0.0,0.0,0.0,0.0,0.0,0.0
2307,2019-12-16,2308,2313,2019-12-17,2019-12-24,0.006288245664945791,1.0,0.00031172281317992656,0.0034751008949500672,0.49205815487182536,0.5144014401440145,outer_04,sigmoid,0.0,0,,False,5.0,0.0,0.0,0.0,0.0,0.0,0.0,0.0,0.0
2308,2019-12-17,2309,2314,2019-12-18,2019-12-26,0.018469624024751496,1.0,6.097788198555776e-05,0.0024963551274170825,0.4971403995660831,0.5144014401440145,outer_04,sigmoid,0.0,0,,False,5.0,0.0,0.0,0.0,0.0,0.0,0.0,0.0,0.0
2309,2019-12-18,2310,2315,2019-12-19,2019-12-27,0.023758095688238612,1.0,-0.00036592307892124865,0.0029865964843560633,0.507939156117813,0.5144014401440145,outer_04,sigmoid,0.0,1,row2309_entry2310_exit2315,True,5.0,0.000499875041651048,0.023758095688238612,0.023258220646587564,0.0,0.023258220646587564,-0.02425797072988966,-0.02425797072988966,0.023258220646587564
2310,2019-12-19,2311,2316,2019-12-20,2019-12-30,0.021551952869175217,1.0,0.0022002953886470777,0.009772352508172766,0.5013584300446103,0.5144014401440145,outer_04,sigmoid,0.0,0,,False,5.0,0.0,0.0,0.0,0.0,0.0,0.0,0.0,0.0
2311,2019-12-20,2312,2317,2019-12-23,2019-12-31,0.0245084261509243,1.0,-0.0005208632919293521,0.010967066183514618,0.5050132800185003,0.5144014401440145,outer_04,sigmoid,0.0,0,,False,5.0,0.0,0.0,0.0,0.0,0.0,0.0,0.0,0.0
2312,2019-12-23,2313,2318,2019-12-24,2020-01-02,0.023331929541142493,1.0,0.00502817167034042,0.020705969115935474,0.49809069053789035,0.5144014401440145,outer_04,sigmoid,0.0,0,,False,5.0,0.0,0.0,0.0,0.0,0.0,0.0,0.0,0.0
2313,2019-12-24,2314,2319,2019-12-26,2020-01-03,0.0164805545707587,1.0,0.00912091620841693,0.025465097485663613,0.5074316010786223,0.5144014401440145,outer_04,sigmoid,0.0,0,,False,5.0,0.0,0.0,0.0,0.0,0.0,0.0,0.0,0.0
2314,2019-12-26,2315,2320,2019-12-27,2020-01-06,0.04220073741582908,1.0,0.008006607490823825,0.038527920576187924,0.4983802408944283,0.5144014401440145,outer_04,sigmoid,0.0,-1,row2314_entry2315_exit2320,True,5.0,0.000499875041651048,-0.04220073741582908,-0.04270061245748013,0.0,0.041700862374178034,-0.04270061245748013,0.041700862374178034,0.041700862374178034
2315,2019-12-27,2316,2321,2019-12-30,2020-01-07,0.03470789157475185,1.0,-0.00027137311653291363,0.037012419958276865,0.5144935919332105,0.5144014401440145,outer_04,sigmoid,0.0,0,,False,5.0,0.0,0.0,0.0,0.0,0.0,0.0,0.0,0.0
2316,2019-12-30,2317,2322,2019-12-31,2020-01-08,0.03971246152664243,1.0,0.002862253614089205,0.034332747394446805,0.5122908162633336,0.5144014401440145,outer_04,sigmoid,0.0,0,,False,5.0,0.0,0.0,0.0,0.0,0.0,0.0,0.0,0.0
2317,2019-12-31,2318,2323,2020-01-02,2020-01-09,0.022433388139931232,1.0,0.003459447237485591,0.03873537170473629,0.5115035268091187,0.5144014401440145,outer_04,sigmoid,0.0,0,,False,5.0,0.0,0.0,0.0,0.0,0.0,0.0,0.0,0.0
2318,2020-01-02,2319,2324,2020-01-03,2020-01-10,0.01600730021026031,1.0,0.005615007307480546,0.03423385505209264,0.5117060219883663,0.5144014401440145,outer_04,sigmoid,0.0,0,,False,5.0,0.0,0.0,0.0,0.0,0.0,0.0,0.0,0.0
2319,2020-01-03,2320,2325,2020-01-06,2020-01-13,-0.010422873935500121,0.0,0.014720041388368799,0.0509798825992096,0.503606062795927,0.5144014401440145,outer_04,sigmoid,0.0,1,row2319_entry2320_exit2325,True,5.0,0.000499875041651048,-0.010422873935500121,-0.010922748977151168,0.0,-0.010922748977151168,0.009922998893849073,-0.010922748977151168,-0.010922748977151168
2320,2020-01-06,2321,2326,2020-01-07,2020-01-14,-0.01053770842873547,0.0,0.009104766992919622,0.059115187567580385,0.488130391381619,0.5144014401440145,outer_04,sigmoid,0.0,0,,False,5.0,0.0,-0.0,-0.0,0.0,-0.0,-0.0,-0.0,-0.0
2321,2020-01-07,2322,2327,2020-01-08,2020-01-15,-0.01897339741062254,0.0,0.004848888237066973,0.07502272105046881,0.5031479488259978,0.5144014401440145,outer_04,sigmoid,0.0,0,,False,5.0,0.0,-0.0,-0.0,0.0,-0.0,-0.0,-0.0,-0.0
2322,2020-01-08,2323,2328,2020-01-09,2020-01-16,0.0002765335571801586,1.0,-0.010787425671936468,0.06274277822507557,0.5116237347067644,0.5144014401440145,outer_04,sigmoid,0.0,0,,False,5.0,0.0,0.0,0.0,0.0,0.0,0.0,0.0,0.0
2323,2020-01-09,2324,2329,2020-01-10,2020-01-17,-0.00039933016117377207,0.0,-0.0027537946395881363,0.058184508819865144,0.5155140642816731,0.5144014401440145,outer_04,sigmoid,0.0,0,,False,5.0,0.0,-0.0,-0.0,0.0,-0.0,-0.0,-0.0,-0.0
2324,2020-01-10,2325,2330,2020-01-13,2020-01-20,-0.0003527280343122996,0.0,0.006217423620207718,0.05734524918130024,0.5166445435435251,0.5144014401440145,outer_04,sigmoid,0.0,1,row2324_entry2325_exit2330,True,5.0,0.000499875041651048,-0.0003527280343122996,-0.0008526030759633475,0.0,-0.0008526030759633475,-0.00014714700733874835,-0.0008526030759633475,-0.0008526030759633475
2325,2020-01-13,2326,2331,2020-01-14,2020-01-21,0.008202013809872177,1.0,-0.008630001151035849,0.05232923508944154,0.5099377137761034,0.5144014401440145,outer_04,sigmoid,0.0,0,,False,5.0,0.0,0.0,0.0,0.0,0.0,0.0,0.0,0.0
2326,2020-01-14,2327,2332,2020-01-15,2020-01-22,0.007499117085925988,1.0,-0.0013507445689215913,0.04687639433214663,0.503550706384984,0.5144014401440145,outer_04,sigmoid,0.0,0,,False,5.0,0.0,0.0,0.0,0.0,0.0,0.0,0.0,0.0
2327,2020-01-15,2328,2333,2020-01-16,2020-01-23,0.002164607281845754,1.0,0.006427159212081257,0.05299183073104796,0.5097947736144527,0.5144014401440145,outer_04,sigmoid,0.0,0,,False,5.0,0.0,0.0,0.0,0.0,0.0,0.0,0.0,0.0
2328,2020-01-16,2329,2334,2020-01-17,2020-01-24,0.006101339381670456,1.0,-0.0024190343383949653,0.05051181851066744,0.5133531352256752,0.5144014401440145,outer_04,sigmoid,0.0,0,,False,5.0,0.0,0.0,0.0,0.0,0.0,0.0,0.0,0.0
2329,2020-01-17,2330,2335,2020-01-20,2020-01-27,0.013829523116689835,1.0,0.0028109329637349134,0.0536886745533236,0.5008996744780482,0.5144014401440145,outer_04,sigmoid,0.0,1,row2329_entry2330_exit2335,True,5.0,0.000499875041651048,0.013829523116689835,0.013329648075038787,0.0,0.013329648075038787,-0.014329398158340882,0.013329648075038787,0.013329648075038787
2330,2020-01-20,2331,2336,2020-01-21,2020-01-28,0.01275086583127738,1.0,0.0023545801667159694,0.05384295933139249,0.5081586274710361,0.5144014401440145,outer_04,sigmoid,0.0,0,,False,5.0,0.0,0.0,0.0,0.0,0.0,0.0,0.0,0.0
2331,2020-01-21,2332,2337,2020-01-22,2020-01-29,0.006806010933041229,1.0,-0.0016611033158193678,0.05270271930750248,0.5058741295570753,0.5144014401440145,outer_04,sigmoid,0.0,0,,False,5.0,0.0,0.0,0.0,0.0,0.0,0.0,0.0,0.0
2332,2020-01-22,2333,2338,2020-01-23,2020-01-30,0.010658087999140697,1.0,0.0004428030144456585,0.048117350651607715,0.49536498988662864,0.5144014401440145,outer_04,sigmoid,0.0,0,,False,5.0,0.0,0.0,0.0,0.0,0.0,0.0,0.0,0.0
2333,2020-01-23,2334,2339,2020-01-24,2020-01-31,0.008460767432632466,1.0,0.002691101771454818,0.041687536214645604,0.4903701159692659,0.5144014401440145,outer_04,sigmoid,0.0,0,,False,5.0,0.0,0.0,0.0,0.0,0.0,0.0,0.0,0.0
2334,2020-01-24,2335,2340,2020-01-27,2020-02-03,0.005010485783321528,1.0,0.005169619324978392,0.03885054804880017,0.48650697598826553,0.5144014401440145,outer_04,sigmoid,0.0,-1,row2334_entry2335_exit2340,True,5.0,0.000499875041651048,-0.005010485783321528,-0.005510360824972575,0.0,0.00451061074167048,-0.005510360824972575,0.00451061074167048,0.00451061074167048
2335,2020-01-27,2336,2341,2020-01-28,2020-02-04,-0.0014875915475478507,0.0,0.006965309594504809,0.046087230759837894,0.47257274737748606,0.5144014401440145,outer_04,sigmoid,0.0,0,,False,5.0,0.0,-0.0,-0.0,0.0,-0.0,-0.0,-0.0,-0.0
2336,2020-01-28,2337,2342,2020-01-29,2020-02-05,-0.009910934695537499,0.0,-0.008953407156319315,0.034271569989429373,0.483100951170576,0.5144014401440145,outer_04,sigmoid,0.0,0,,False,5.0,0.0,-0.0,-0.0,0.0,-0.0,-0.0,-0.0,-0.0
2337,2020-01-29,2338,2343,2020-01-30,2020-02-06,-0.013150685379912375,0.0,0.005933452281343676,0.03674557503328746,0.4842226884970169,0.5144014401440145,outer_04,sigmoid,0.0,0,,False,5.0,0.0,-0.0,-0.0,0.0,-0.0,-0.0,-0.0,-0.0
2338,2020-01-30,2339,2344,2020-01-31,2020-02-07,-0.005890104807116714,0.0,-0.002069211391561687,0.029061356334245225,0.49020443392005153,0.5144014401440145,outer_04,sigmoid,0.0,0,,False,5.0,0.0,-0.0,-0.0,0.0,-0.0,-0.0,-0.0,-0.0
2339,2020-01-31,2340,2345,2020-02-03,2020-02-10,-0.01227405589951136,0.0,0.009473049454006954,0.02381436439988338,0.4855680504692953,0.5144014401440145,outer_04,sigmoid,0.0,-1,row2339_entry2340_exit2345,True,5.0,0.000499875041651048,0.01227405589951136,0.011774180857860313,0.0,-0.012773930941162408,0.011774180857860313,-0.012773930941162408,-0.012773930941162408
2340,2020-02-03,2341,2346,2020-02-04,2020-02-11,-0.00410709478665261,0.0,-0.007917567655371549,0.00679202975159221,0.48049250006892363,0.5144014401440145,outer_04,sigmoid,0.0,0,,False,5.0,0.0,-0.0,-0.0,0.0,-0.0,-0.0,-0.0,-0.0
2341,2020-02-04,2342,2347,2020-02-05,2020-02-12,0.009171171768563191,1.0,-0.015059216400588049,-0.013116074886062812,0.4923014642093247,0.5144014401440145,outer_04,sigmoid,0.0,0,,False,5.0,0.0,0.0,0.0,0.0,0.0,0.0,0.0,0.0
2342,2020-02-05,2343,2348,2020-02-06,2020-02-13,0.007344303711551703,1.0,0.002360774941375432,3.212572724908824e-05,0.4807328732555835,0.5144014401440145,outer_04,sigmoid,0.0,0,,False,5.0,0.0,0.0,0.0,0.0,0.0,0.0,0.0,0.0
2343,2020-02-06,2344,2349,2020-02-07,2020-02-14,0.006429621223088766,1.0,0.006436409261604048,0.009222329628441273,0.4831230559847906,0.5144014401440145,outer_04,sigmoid,0.0,0,,False,5.0,0.0,0.0,0.0,0.0,0.0,0.0,0.0,0.0
2344,2020-02-07,2345,2350,2020-02-10,2020-02-17,0.007605130417553951,1.0,0.0022573229074653867,0.005262228915698941,0.476600343565683,0.5144014401440145,outer_04,sigmoid,0.0,-1,row2344_entry2345_exit2350,True,5.0,0.000499875041651048,-0.007605130417553951,-0.008105005459204999,0.0,0.007105255375902904,-0.008105005459204999,0.007105255375902904,0.007105255375902904
2345,2020-02-10,2346,2351,2020-02-11,2020-02-18,0.007351622891816234,1.0,0.0011903740261782758,0.015082604092913066,0.4695955503843227,0.5144014401440145,outer_04,sigmoid,0.0,0,,False,5.0,0.0,0.0,0.0,0.0,0.0,0.0,0.0,0.0
2346,2020-02-11,2347,2352,2020-02-12,2020-02-19,0.02125899809345988,1.0,-0.0027010686910902137,0.013732279970744443,0.47525283601066887,0.5144014401440145,outer_04,sigmoid,0.0,0,,False,5.0,0.0,0.0,0.0,0.0,0.0,0.0,0.0,0.0
2347,2020-02-12,2348,2353,2020-02-13,2020-02-20,0.02822887387584938,1.0,-0.0012127557847634307,0.006092364973899755,0.48811973731170166,0.5144014401440145,outer_04,sigmoid,0.0,0,,False,5.0,0.0,0.0,0.0,0.0,0.0,0.0,0.0,0.0
2348,2020-02-13,2349,2354,2020-02-14,2020-02-21,0.02740806370415516,1.0,0.006525132089293173,0.015036531401587894,0.48426709947865815,0.5144014401440145,outer_04,sigmoid,0.0,0,,False,5.0,0.0,0.0,0.0,0.0,0.0,0.0,0.0,0.0
2349,2020-02-14,2350,2355,2020-02-17,2020-02-24,0.048222338767259565,1.0,0.004880266168565406,0.017105864606418386,0.4851372636784715,0.5144014401440145,outer_04,sigmoid,0.0,-1,row2349_entry2350_exit2355,True,5.0,0.000499875041651048,-0.048222338767259565,-0.04872221380891061,0.0,0.04772246372560852,-0.04872221380891061,0.04772246372560852,0.04772246372560852
2350,2020-02-17,2351,2356,2020-02-18,2020-02-25,0.04553477619817059,1.0,-0.0017885644116368837,0.012962720028065533,0.49518127529061196,0.5144014401440145,outer_04,sigmoid,0.0,0,,False,5.0,0.0,0.0,0.0,0.0,0.0,0.0,0.0,0.0
2351,2020-02-18,2352,2357,2020-02-19,2020-02-26,0.02282073534827944,1.0,0.012878020732040696,0.027501844075925597,0.47139473837653784,0.5144014401440145,outer_04,sigmoid,0.0,0,,False,5.0,0.0,0.0,0.0,0.0,0.0,0.0,0.0,0.0
2352,2020-02-19,2353,2358,2020-02-20,2020-02-27,0.018542453529446945,1.0,0.006219107476183261,0.0332781485376632,0.473386386893865,0.5144014401440145,outer_04,sigmoid,0.0,0,,False,5.0,0.0,0.0,0.0,0.0,0.0,0.0,0.0,0.0
2353,2020-02-20,2354,2359,2020-02-21,2020-02-28,0.01361925141198661,1.0,0.004903123795458875,0.035490170561667256,0.4779717389524065,0.5144014401440145,outer_04,sigmoid,0.0,0,,False,5.0,0.0,0.0,0.0,0.0,0.0,0.0,0.0,0.0
2354,2020-02-21,2355,2360,2020-02-24,2020-03-02,-0.047880895089503106,0.0,0.014998794809089944,0.04531934604577881,0.479295715876835,0.5144014401440145,outer_04,sigmoid,0.0,-1,row2354_entry2355_exit2360,True,5.0,0.000499875041651048,0.047880895089503106,0.04738102004785206,0.0,-0.048380770131154154,0.04738102004785206,-0.048380770131154154,-0.048380770131154154
2355,2020-02-24,2356,2361,2020-02-25,2020-03-03,-0.04127534830879043,0.0,0.00894552983543484,0.04729956628670884,0.474241951140407,0.5144014401440145,outer_04,sigmoid,0.0,0,,False,5.0,0.0,-0.0,-0.0,0.0,-0.0,-0.0,-0.0,-0.0
2356,2020-02-25,2357,2362,2020-02-26,2020-03-04,0.0024144733730020462,1.0,-0.014111766291589944,0.04214120715143821,0.478970026389698,0.5144014401440145,outer_04,sigmoid,0.0,0,,False,5.0,0.0,0.0,0.0,0.0,0.0,0.0,0.0,0.0
2357,2020-02-26,2358,2363,2020-02-27,2020-03-05,-0.002776347319396244,0.0,0.0031992603056387736,0.039407015175733306,0.48735713187033103,0.5144014401440145,outer_04,sigmoid,0.0,0,,False,5.0,0.0,-0.0,-0.0,0.0,-0.0,-0.0,-0.0,-0.0
2358,2020-02-27,2359,2364,2020-02-28,2020-03-06,0.01792703554394315,1.0,0.0022711161059012497,0.04374734267319624,0.4785247425430421,0.5144014401440145,outer_04,sigmoid,0.0,0,,False,5.0,0.0,0.0,0.0,0.0,0.0,0.0,0.0,0.0
2359,2020-02-28,2360,2365,2020-03-02,2020-03-09,0.06966824927441007,1.0,-0.03687707455829514,-0.002602781339105853,0.4812717037941699,0.5144014401440145,outer_04,sigmoid,0.0,-1,row2359_entry2360_exit2365,True,5.0,0.000499875041651048,-0.06966824927441007,-0.07016812431606112,0.0,0.06916837423275901,-0.07016812431606112,-0.07016812431606112,-0.07016812431606112
2360,2020-03-02,2361,2366,2020-03-03,2020-03-10,0.04744642527273424,1.0,0.0031816561987545455,0.008496442515020242,0.48622465005866705,0.5144014401440145,outer_04,sigmoid,0.0,0,,False,5.0,0.0,0.0,0.0,0.0,0.0,0.0,0.0,0.0
2361,2020-03-03,2362,2367,2020-03-04,2020-03-11,0.00597448058567096,1.0,0.030802347221669635,0.054358006137277926,0.4807023353299919,0.5144014401440145,outer_04,sigmoid,0.0,0,,False,5.0,0.0,0.0,0.0,0.0,0.0,0.0,0.0,0.0
2362,2020-03-04,2363,2368,2020-03-05,2020-03-12,0.0021546273293582274,1.0,-0.0022899305013615034,0.04970730069454099,0.4819984475595377,0.5144014401440145,outer_04,sigmoid,0.0,0,,False,5.0,0.0,0.0,0.0,0.0,0.0,0.0,0.0,0.0
2363,2020-03-05,2364,2369,2020-03-06,2020-03-13,-0.05870690521578403,0.0,0.021680099049530277,0.06495099048246722,0.47946439453692524,0.5144014401440145,outer_04,sigmoid,0.0,0,,False,5.0,0.0,-0.0,-0.0,0.0,-0.0,-0.0,-0.0,-0.0
2364,2020-03-06,2365,2370,2020-03-09,2020-03-16,-0.09447086987524589,0.0,0.0014825267836524603,0.06417619435865429,0.4936862026262387,0.5144014401440145,outer_04,sigmoid,0.0,-1,row2364_entry2365_exit2370,True,5.0,0.000499875041651048,0.09447086987524589,0.09397099483359483,0.0,-0.09497074491689694,0.09397099483359483,-0.09497074491689694,-0.09497074491689694
2365,2020-03-09,2366,2371,2020-03-10,2020-03-17,-0.09819550015932865,0.0,0.002440182464397367,0.06542600279687338,0.49121990094164947,0.5144014401440145,outer_04,sigmoid,0.0,0,,False,5.0,0.0,-0.0,-0.0,0.0,-0.0,-0.0,-0.0,-0.0
2366,2020-03-10,2367,2372,2020-03-11,2020-03-18,-0.07192317531562331,0.0,-0.017298599363718914,0.050828472124244684,0.49195833126607,0.5144014401440145,outer_04,sigmoid,0.0,0,,False,5.0,0.0,-0.0,-0.0,0.0,-0.0,-0.0,-0.0,-0.0
2367,2020-03-11,2368,2373,2020-03-12,2020-03-19,-0.09914044353357543,0.0,-0.007754147190841998,0.044287080718166116,0.4945612554992795,0.5144014401440145,outer_04,sigmoid,0.0,0,,False,5.0,0.0,-0.0,-0.0,0.0,-0.0,-0.0,-0.0,-0.0
2368,2020-03-12,2369,2374,2020-03-13,2020-03-20,-0.071540499069358,0.0,-0.03608186733619956,0.0016800812926733855,0.49806987478559506,0.5144014401440145,outer_04,sigmoid,0.0,0,,False,5.0,0.0,-0.0,-0.0,0.0,-0.0,-0.0,-0.0,-0.0
2369,2020-03-13,2370,2375,2020-03-16,2020-03-23,-0.03484415743312397,0.0,-0.031433448076731985,-0.034633632952624005,0.49138785262863743,0.5144014401440145,outer_04,sigmoid,0.0,-1,row2369_entry2370_exit2375,True,5.0,0.000499875041651048,0.03484415743312397,0.03434428239147292,0.0,-0.035344032474775015,0.03434428239147292,0.03434428239147292,0.03434428239147292
2370,2020-03-16,2371,2376,2020-03-17,2020-03-24,0.0336269977001189,1.0,-0.013617114061468705,-0.046462182602455826,0.4769236888687785,0.5144014401440145,outer_04,sigmoid,0.0,0,,False,5.0,0.0,0.0,0.0,0.0,0.0,0.0,0.0,0.0
2371,2020-03-17,2372,2377,2020-03-18,2020-03-25,0.05890238809419479,1.0,0.012321971970814971,-0.04701823136368155,0.48135652469668716,0.5144014401440145,outer_04,sigmoid,0.0,0,,False,5.0,0.0,0.0,0.0,0.0,0.0,0.0,0.0,0.0
2372,2020-03-18,2373,2378,2020-03-19,2020-03-26,0.0821069802075236,1.0,-0.028663209164690784,-0.0819005480045556,0.48186195666281545,0.5144014401440145,outer_04,sigmoid,0.0,0,,False,5.0,0.0,0.0,0.0,0.0,0.0,0.0,0.0,0.0
2373,2020-03-19,2374,2379,2020-03-20,2020-03-27,0.10516287709721794,1.0,-0.006955150934803811,-0.09375882273481828,0.48645173258502045,0.5144014401440145,outer_04,sigmoid,0.0,0,,False,5.0,0.0,0.0,0.0,0.0,0.0,0.0,0.0,0.0
2374,2020-03-20,2375,2380,2020-03-23,2020-03-30,0.08349729141681372,1.0,0.016347598145038944,-0.09241001939886928,0.5098021300125735,0.5144014401440145,outer_04,sigmoid,0.0,1,row2374_entry2375_exit2380,True,5.0,0.000499875041651048,0.08349729141681372,0.08299741637516267,0.0,0.08299741637516267,-0.08399716645846478,0.08299741637516267,-0.08399716645846478
2375,2020-03-23,2376,2381,2020-03-24,2020-03-31,0.03661089523972372,1.0,0.03523764868244772,-0.0661179005518564,0.521755529756176,0.5144014401440145,outer_04,sigmoid,0.0,0,,False,5.0,0.0,0.0,0.0,0.0,0.0,0.0,0.0,0.0
2376,2020-03-24,2377,2382,2020-03-25,2020-04-01,-0.03695020860684206,0.0,0.045915193234336904,-0.006090941025929553,0.5015885614100103,0.5144014401440145,outer_04,sigmoid,0.0,0,,False,5.0,0.0,-0.0,-0.0,0.0,-0.0,-0.0,-0.0,-0.0
2377,2020-03-25,2378,2383,2020-03-26,2020-04-02,-0.013763346562423173,0.0,-0.0055403512810947575,-0.014830552612663084,0.5141889148553168,0.5144014401440145,outer_04,sigmoid,0.0,0,,False,5.0,0.0,-0.0,-0.0,0.0,-0.0,-0.0,-0.0,-0.0
2378,2020-03-26,2379,2384,2020-03-27,2020-04-03,-0.00974553033193093,0.0,0.007752836742322522,-0.009348831976241812,0.5066259532594453,0.5144014401440145,outer_04,sigmoid,0.0,0,,False,5.0,0.0,-0.0,-0.0,0.0,-0.0,-0.0,-0.0,-0.0
2379,2020-03-27,2380,2385,2020-03-30,2020-04-06,-0.0033079956833352853,0.0,-0.003924371786407477,0.023603870795645854,0.49386873238760676,0.5144014401440145,outer_04,sigmoid,0.0,-1,row2379_entry2380_exit2385,True,5.0,0.000499875041651048,0.0033079956833352853,0.0028081206416842373,0.0,-0.003807870724986333,0.0028081206416842373,0.0028081206416842373,-0.003807870724986333
2380,2020-03-30,2381,2386,2020-03-31,2020-04-07,0.02620518969575425,1.0,-0.0013814967998984073,0.0190407177969929,0.4947225211575184,0.5144014401440145,outer_04,sigmoid,0.0,0,,False,5.0,0.0,0.0,0.0,0.0,0.0,0.0,0.0,0.0
2381,2020-03-31,2382,2387,2020-04-01,2020-04-08,0.04714606669454913,1.0,-0.02723269610323431,-0.038994325527911045,0.48985546975858,0.5144014401440145,outer_04,sigmoid,0.0,0,,False,5.0,0.0,0.0,0.0,0.0,0.0,0.0,0.0,0.0
2382,2020-04-01,2383,2388,2020-04-02,2020-04-09,0.03402918758530582,1.0,0.009141362378229267,-0.027563032648320274,0.4731134270718243,0.5144014401440145,outer_04,sigmoid,0.0,0,,False,5.0,0.0,0.0,0.0,0.0,0.0,0.0,0.0,0.0
2383,2020-04-02,2384,2389,2020-04-03,2020-04-13,0.03832952960190639,1.0,0.01273854848657141,-0.03650458321127914,0.47050345776198377,0.5144014401440145,outer_04,sigmoid,0.0,0,,False,5.0,0.0,0.0,0.0,0.0,0.0,0.0,0.0,0.0
2384,2020-04-03,2385,2390,2020-04-06,2020-04-14,0.058708660224908726,1.0,0.0025035955767087614,-0.03548351441822284,0.4679313293704787,0.5144014401440145,outer_04,sigmoid,0.0,-1,row2384_entry2385_exit2390,True,5.0,0.000499875041651048,-0.058708660224908726,-0.059208535266559774,0.0,0.05820878518325768,-0.059208535266559774,0.05820878518325768,-0.059208535266559774
2385,2020-04-06,2386,2391,2020-04-07,2020-04-15,0.03640840303223225,1.0,0.025958346745519556,-0.01196535013710065,0.45905907667455387,0.5144014401440145,outer_04,sigmoid,0.0,0,,False,5.0,0.0,0.0,0.0,0.0,0.0,0.0,0.0,0.0
2386,2020-04-07,2387,2392,2020-04-08,2020-04-16,0.041162135904355246,1.0,-0.0062006229886568676,-0.0008673737620386035,0.45279897115861895,0.5144014401440145,outer_04,sigmoid,0.0,0,,False,5.0,0.0,0.0,0.0,0.0,0.0,0.0,0.0,0.0
2387,2020-04-08,2388,2393,2020-04-09,2020-04-17,0.04345058589982731,1.0,-0.0015425073048174198,0.0053442661239859746,0.45945770647570855,0.5144014401440145,outer_04,sigmoid,0.0,0,,False,5.0,0.0,0.0,0.0,0.0,0.0,0.0,0.0,0.0
2388,2020-04-09,2389,2394,2020-04-13,2020-04-20,0.003303092731160362,1.0,0.02292708326684778,0.06435321672703331,0.47069483098678716,0.5144014401440145,outer_04,sigmoid,0.0,0,,False,5.0,0.0,0.0,0.0,0.0,0.0,0.0,0.0,0.0
2389,2020-04-13,2390,2395,2020-04-14,2020-04-21,-0.009889593903709581,0.0,0.016739996388780654,0.11252666119254595,0.4898216169843661,0.5144014401440145,outer_04,sigmoid,0.0,-1,row2389_entry2390_exit2395,True,5.0,0.000499875041651048,0.009889593903709581,0.009389718862058534,0.0,-0.010389468945360629,0.009389718862058534,-0.010389468945360629,-0.010389468945360629
2390,2020-04-14,2391,2396,2020-04-15,2020-04-22,-0.025072200882842566,0.0,0.008468810430692919,0.13461258568470758,0.47840349434994667,0.5144014401440145,outer_04,sigmoid,0.0,0,,False,5.0,0.0,-0.0,-0.0,0.0,-0.0,-0.0,-0.0,-0.0
2391,2020-04-15,2392,2397,2020-04-16,2020-04-23,-0.0010666978555420314,0.0,-0.005832071923404847,0.11645854179048776,0.46539635654793154,0.5144014401440145,outer_04,sigmoid,0.0,0,,False,5.0,0.0,-0.0,-0.0,0.0,-0.0,-0.0,-0.0,-0.0
2392,2020-04-16,2393,2398,2020-04-17,2020-04-24,0.0070048763687138305,1.0,0.00109465261536279,0.14621640357054133,0.4632054420439736,0.5144014401440145,outer_04,sigmoid,0.0,0,,False,5.0,0.0,0.0,0.0,0.0,0.0,0.0,0.0,0.0
2393,2020-04-17,2394,2399,2020-04-20,2020-04-27,0.023082420491580713,1.0,-0.021315194199047482,0.13185636030629766,0.4591898344034897,0.5144014401440145,outer_04,sigmoid,0.0,0,,False,5.0,0.0,0.0,0.0,0.0,0.0,0.0,0.0,0.0
2394,2020-04-20,2395,2400,2020-04-21,2020-04-28,0.011436068687796563,1.0,0.007781126598247923,0.12328988875950664,0.45513906076318034,0.5144014401440145,outer_04,sigmoid,0.0,-1,row2394_entry2395_exit2400,True,5.0,0.000499875041651048,-0.011436068687796563,-0.011935943729447611,0.0,0.010936193646145516,-0.011935943729447611,0.010936193646145516,0.010936193646145516
2395,2020-04-21,2396,2401,2020-04-22,2020-04-29,0.0142875999435228,1.0,-0.00694919956968576,0.08110304050737316,0.4492572537892978,0.5144014401440145,outer_04,sigmoid,0.0,0,,False,5.0,0.0,0.0,0.0,0.0,0.0,0.0,0.0,0.0
2396,2020-04-22,2397,2402,2020-04-23,2020-04-30,-0.0009977798768634472,0.0,0.01843855663504712,0.053626403908083375,0.448089159505221,0.5144014401440145,outer_04,sigmoid,0.0,0,,False,5.0,0.0,-0.0,-0.0,0.0,-0.0,-0.0,-0.0,-0.0
2397,2020-04-23,2398,2403,2020-04-24,2020-05-01,-0.026074333646787906,0.0,0.008963307212852989,0.06813006240203112,0.44563429796695814,0.5144014401440145,outer_04,sigmoid,0.0,0,,False,5.0,0.0,-0.0,-0.0,0.0,-0.0,-0.0,-0.0,-0.0
2398,2020-04-24,2399,2404,2020-04-27,2020-05-04,-0.014203463593331911,0.0,-0.002256475303059169,0.05812075035664943,0.4474131791037517,0.5144014401440145,outer_04,sigmoid,0.0,0,,False,5.0,0.0,-0.0,-0.0,0.0,-0.0,-0.0,-0.0,-0.0
2399,2020-04-27,2400,2405,2020-04-28,2020-05-05,-0.008062033754548281,0.0,-0.006666013322169206,0.0553791088208877,0.44674121766835956,0.5144014401440145,outer_04,sigmoid,0.0,-1,row2399_entry2400_exit2405,True,5.0,0.000499875041651048,0.008062033754548281,0.007562158712897234,0.0,-0.008561908796199329,0.007562158712897234,0.007562158712897234,-0.008561908796199329
2400,2020-04-28,2401,2406,2020-04-29,2020-05-06,-0.002057125497968215,0.0,-0.004259938248136308,0.0525006673726498,0.45497111804858587,0.5144014401440145,outer_04,sigmoid,0.0,0,,False,5.0,0.0,-0.0,-0.0,0.0,-0.0,-0.0,-0.0,-0.0
2401,2020-04-29,2402,2407,2020-04-30,2020-05-07,-0.016338713266551785,0.0,0.003063846117312252,0.08279720959319636,0.4527511052542669,0.5144014401440145,outer_04,sigmoid,0.0,0,,False,5.0,0.0,-0.0,-0.0,0.0,-0.0,-0.0,-0.0,-0.0
2402,2020-04-30,2403,2408,2020-05-01,2020-05-08,0.017345519751525984,1.0,-0.015835005339233987,0.05782084187573311,0.45379070584519093,0.5144014401440145,outer_04,sigmoid,0.0,0,,False,5.0,0.0,0.0,0.0,0.0,0.0,0.0,0.0,0.0
2403,2020-05-01,2404,2409,2020-05-04,2020-05-11,0.002558516398273092,1.0,0.00804593214541871,0.05312822553458041,0.4467668311524988,0.5144014401440145,outer_04,sigmoid,0.0,0,,False,5.0,0.0,0.0,0.0,0.0,0.0,0.0,0.0,0.0
2404,2020-05-04,2405,2410,2020-05-05,2020-05-12,-0.0020360134137007435,0.0,0.0008233841552049981,0.051448014113076646,0.44865563952570575,0.5144014401440145,outer_04,sigmoid,0.0,-1,row2404_entry2405_exit2410,True,5.0,0.000499875041651048,0.0020360134137007435,0.0015361383720496956,0.0,-0.0025358884553517915,0.0015361383720496956,-0.0025358884553517915,-0.0025358884553517915
2405,2020-05-05,2406,2411,2020-05-06,2020-05-13,-0.0014207716826648564,0.0,0.0021786948786157723,0.027668362246172862,0.44825042218401323,0.5144014401440145,outer_04,sigmoid,0.0,0,,False,5.0,0.0,-0.0,-0.0,0.0,-0.0,-0.0,-0.0,-0.0
2406,2020-05-06,2407,2412,2020-05-07,2020-05-14,0.017715505209282334,1.0,-0.011516691200989193,0.022352294033840536,0.45406744980918284,0.5144014401440145,outer_04,sigmoid,0.0,0,,False,5.0,0.0,0.0,0.0,0.0,0.0,0.0,0.0,0.0
2407,2020-05-07,2408,2413,2020-05-08,2020-05-15,0.008439848332167266,1.0,0.017680525497511645,0.0415753268361696,0.4444902074532387,0.5144014401440145,outer_04,sigmoid,0.0,0,,False,5.0,0.0,0.0,0.0,0.0,0.0,0.0,0.0,0.0
2408,2020-05-08,2409,2414,2020-05-11,2020-05-18,0.0260788054914034,1.0,-0.007701934869801086,0.010946308699520735,0.44565027168733085,0.5144014401440145,outer_04,sigmoid,0.0,0,,False,5.0,0.0,0.0,0.0,0.0,0.0,0.0,0.0,0.0
2409,2020-05-11,2410,2415,2020-05-12,2020-05-19,0.020048955372121924,1.0,-0.0026178564423551265,-0.008411544131615045,0.4468054199143845,0.5144014401440145,outer_04,sigmoid,0.0,-1,row2409_entry2410_exit2415,True,5.0,0.000499875041651048,-0.020048955372121924,-0.02054883041377297,0.0,0.019549080330470876,-0.02054883041377297,-0.02054883041377297,-0.02054883041377297
2410,2020-05-12,2411,2416,2020-05-13,2020-05-20,0.024364554576912667,1.0,0.0027177286647415144,-0.01416262589756645,0.4482943097784082,0.5144014401440145,outer_04,sigmoid,0.0,0,,False,5.0,0.0,0.0,0.0,0.0,0.0,0.0,0.0,0.0
2411,2020-05-13,2412,2417,2020-05-14,2020-05-21,0.018443577778650244,1.0,0.00763121249219445,-0.0006993414819671528,0.4441648636321467,0.5144014401440145,outer_04,sigmoid,0.0,0,,False,5.0,0.0,0.0,0.0,0.0,0.0,0.0,0.0,0.0
2412,2020-05-14,2413,2418,2020-05-15,2020-05-22,-0.0019440175529554793,0.0,0.008568097555560428,0.006774103458230485,0.44329772449599086,0.5144014401440145,outer_04,sigmoid,0.0,0,,False,5.0,0.0,-0.0,-0.0,0.0,-0.0,-0.0,-0.0,-0.0
2413,2020-05-15,2414,2419,2020-05-18,2020-05-25,-0.00876575895112719,0.0,0.006791676811679359,0.034880974468957326,0.4423303647564514,0.5144014401440145,outer_04,sigmoid,0.0,0,,False,5.0,0.0,-0.0,-0.0,0.0,-0.0,-0.0,-0.0,-0.0
2414,2020-05-18,2415,2420,2020-05-19,2020-05-26,-0.0034643235702542796,0.0,-0.005555489886075016,0.021544357984634388,0.44611662978460886,0.5144014401440145,outer_04,sigmoid,0.0,-1,row2414_entry2415_exit2420,True,5.0,0.000499875041651048,0.0034643235702542796,0.0029644485286032317,0.0,-0.003964198611905327,0.0029644485286032317,0.0029644485286032317,-0.003964198611905327
2415,2020-05-19,2416,2421,2020-05-20,2020-05-27,-0.01948835443882757,0.0,0.006926653782848291,0.03542021133716844,0.4428062662826771,0.5144014401440145,outer_04,sigmoid,0.0,0,,False,5.0,0.0,-0.0,-0.0,0.0,-0.0,-0.0,-0.0,-0.0
2416,2020-05-20,2417,2422,2020-05-21,2020-05-28,-0.02197102129750661,0.0,0.0017012992976379593,0.018682953999759278,0.44356624986339727,0.5144014401440145,outer_04,sigmoid,0.0,0,,False,5.0,0.0,-0.0,-0.0,0.0,-0.0,-0.0,-0.0,-0.0
2417,2020-05-21,2418,2423,2020-05-22,2020-05-29,-0.004155259240302911,0.0,-0.011773409798824908,-0.002053763011918619,0.4467894958199389,0.5144014401440145,outer_04,sigmoid,0.0,0,,False,5.0,0.0,-0.0,-0.0,0.0,-0.0,-0.0,-0.0,-0.0
2418,2020-05-22,2419,2424,2020-05-25,2020-06-01,0.0018976158610986005,1.0,0.005019925567045114,0.005222637858185664,0.444489111441153,0.5144014401440145,outer_04,sigmoid,0.0,0,,False,5.0,0.0,0.0,0.0,0.0,0.0,0.0,0.0,0.0
2419,2020-05-25,2420,2425,2020-05-26,2020-06-02,0.006784345294946981,1.0,-0.0041747686706781195,0.0077138825096767505,0.45233782368671305,0.5144014401440145,outer_04,sigmoid,0.0,-1,row2419_entry2420_exit2425,True,5.0,0.000499875041651048,-0.006784345294946981,-0.007284220336598028,0.0,0.006284470253295933,-0.007284220336598028,-0.007284220336598028,0.006284470253295933
2420,2020-05-26,2421,2426,2020-05-27,2020-06-03,0.009675852590993905,1.0,-0.010417336458980131,0.0015564842988329275,0.45137469710246625,0.5144014401440145,outer_04,sigmoid,0.0,0,,False,5.0,0.0,0.0,0.0,0.0,0.0,0.0,0.0,0.0
2421,2020-05-27,2422,2427,2020-05-28,2020-06-04,-0.005926482239384079,0.0,-0.00043276372945832975,-0.0019401255479376545,0.4529409917294801,0.5144014401440145,outer_04,sigmoid,0.0,0,,False,5.0,0.0,-0.0,-0.0,0.0,-0.0,-0.0,-0.0,-0.0
2422,2020-05-28,2423,2428,2020-05-29,2020-06-05,-0.0027895157986508323,0.0,0.0053146774262415875,0.01920955721753792,0.45251702945203554,0.5144014401440145,outer_04,sigmoid,0.0,0,,False,5.0,0.0,-0.0,-0.0,0.0,-0.0,-0.0,-0.0,-0.0
2423,2020-05-29,2424,2429,2020-06-01,2020-06-08,-0.03213466504517282,0.0,0.0068018203200077565,0.017965445392126966,0.449615754660258,0.5144014401440145,outer_04,sigmoid,0.0,0,,False,5.0,0.0,-0.0,-0.0,0.0,-0.0,-0.0,-0.0,-0.0
2424,2020-06-01,2425,2430,2020-06-02,2020-06-09,-0.021944508971223797,0.0,0.005227843336346183,0.02236990457326815,0.4452940321225989,0.5144014401440145,outer_04,sigmoid,0.0,-1,row2424_entry2425_exit2430,True,5.0,0.000499875041651048,0.021944508971223797,0.02144463392957275,0.0,-0.022444384012874845,0.02144463392957275,-0.022444384012874845,-0.022444384012874845
2425,2020-06-02,2426,2431,2020-06-03,2020-06-10,-0.006774330030183684,0.0,-0.00693988530623546,0.013251324388416919,0.4526817652790542,0.5144014401440145,outer_04,sigmoid,0.0,0,,False,5.0,0.0,-0.0,-0.0,0.0,-0.0,-0.0,-0.0,-0.0
2426,2020-06-03,2427,2432,2020-06-04,2020-06-11,0.02256060726530862,1.0,-0.017042135194275332,0.00772588039513078,0.4625098891480127,0.5144014401440145,outer_04,sigmoid,0.0,0,,False,5.0,0.0,0.0,0.0,0.0,0.0,0.0,0.0,0.0
2427,2020-06-04,2428,2433,2020-06-05,2020-06-12,0.008403142389259877,1.0,0.008525260806854007,-0.0014293842955268588,0.4521796927955898,0.5144014401440145,outer_04,sigmoid,0.0,0,,False,5.0,0.0,0.0,0.0,0.0,0.0,0.0,0.0,0.0
2428,2020-06-05,2429,2434,2020-06-08,2020-06-15,0.02945734906920272,1.0,-0.016779411071133232,-0.010506860496859005,0.4637944466722805,0.5144014401440145,outer_04,sigmoid,0.0,0,,False,5.0,0.0,0.0,0.0,0.0,0.0,0.0,0.0,0.0
2429,2020-06-08,2430,2435,2020-06-09,2020-06-16,0.014702369136897708,1.0,0.008330696272883742,0.0004416922183798633,0.4516569312898381,0.5144014401440145,outer_04,sigmoid,0.0,-1,row2429_entry2430_exit2435,True,5.0,0.000499875041651048,-0.014702369136897708,-0.015202244178548756,0.0,0.01420249409524666,-0.015202244178548756,0.01420249409524666,0.01420249409524666
2430,2020-06-09,2431,2436,2020-06-10,2020-06-17,0.005592420065365644,1.0,0.009242421215247099,0.0069663847688854474,0.4507581608000868,0.5144014401440145,outer_04,sigmoid,0.0,0,,False,5.0,0.0,0.0,0.0,0.0,0.0,0.0,0.0,0.0
2431,2020-06-10,2432,2437,2020-06-11,2020-06-18,-0.0070155871466042186,0.0,0.013714043769980755,0.013049216046671752,0.44637598017943547,0.5144014401440145,outer_04,sigmoid,0.0,0,,False,5.0,0.0,-0.0,-0.0,0.0,-0.0,-0.0,-0.0,-0.0
2432,2020-06-11,2433,2438,2020-06-12,2020-06-19,-0.0037137611012862948,0.0,-0.005348516525036651,-0.0008673980339253262,0.4473958582973328,0.5144014401440145,outer_04,sigmoid,0.0,0,,False,5.0,0.0,-0.0,-0.0,0.0,-0.0,-0.0,-0.0,-0.0
2433,2020-06-12,2434,2439,2020-06-15,2020-06-22,0.00972857571181418,1.0,0.0011621420566561014,-0.006496932788948584,0.4516043292626023,0.5144014401440145,outer_04,sigmoid,0.0,0,,False,5.0,0.0,0.0,0.0,0.0,0.0,0.0,0.0,0.0
2434,2020-06-15,2435,2440,2020-06-16,2020-06-23,0.016498230066688713,1.0,-0.0030846627715694908,-0.004026105674443059,0.4555201198543888,0.5144014401440145,outer_04,sigmoid,0.0,-1,row2434_entry2435_exit2440,True,5.0,0.000499875041651048,-0.016498230066688713,-0.01699810510833976,0.0,0.015998355025037665,-0.01699810510833976,-0.01699810510833976,-0.01699810510833976
2435,2020-06-16,2436,2441,2020-06-17,2020-06-24,0.02523258696177777,1.0,0.0006779366649638519,-0.010274822792327498,0.4550180909300551,0.5144014401440145,outer_04,sigmoid,0.0,0,,False,5.0,0.0,0.0,0.0,0.0,0.0,0.0,0.0,0.0
2436,2020-06-17,2437,2442,2020-06-18,2020-06-25,0.01937886113375331,1.0,-0.00012744019017407737,-0.012103562280139535,0.4599517356698314,0.5144014401440145,outer_04,sigmoid,0.0,0,,False,5.0,0.0,0.0,0.0,0.0,0.0,0.0,0.0,0.0
2437,2020-06-18,2438,2443,2020-06-19,2020-06-26,0.0237123092977507,1.0,-0.002151554907364961,-0.002481707388679588,0.45600792221687264,0.5144014401440145,outer_04,sigmoid,0.0,0,,False,5.0,0.0,0.0,0.0,0.0,0.0,0.0,0.0,0.0
2438,2020-06-19,2439,2444,2020-06-22,2020-06-29,0.012871127092377144,1.0,0.0114180082166353,0.003916375260910598,0.4480736263305744,0.5144014401440145,outer_04,sigmoid,0.0,0,,False,5.0,0.0,0.0,0.0,0.0,0.0,0.0,0.0,0.0
2439,2020-06-22,2440,2445,2020-06-23,2020-06-30,0.010170627140993815,1.0,0.0070292927582640274,0.015120436689852745,0.4485443393224661,0.5144014401440145,outer_04,sigmoid,0.0,-1,row2439_entry2440_exit2445,True,5.0,0.000499875041651048,-0.010170627140993815,-0.010670502182644863,0.0,0.009670752099342768,-0.010670502182644863,0.009670752099342768,0.009670752099342768
2440,2020-06-23,2441,2446,2020-06-24,2020-07-01,0.007057812432363697,1.0,0.007042482606695266,0.03258025575552814,0.45450676544314833,0.5144014401440145,outer_04,sigmoid,0.0,0,,False,5.0,0.0,0.0,0.0,0.0,0.0,0.0,0.0,0.0
2441,2020-06-24,2442,2447,2020-06-25,2020-07-02,0.006706416598494691,1.0,-0.0032140789467058895,0.029798940538280583,0.45064018034714004,0.5144014401440145,outer_04,sigmoid,0.0,0,,False,5.0,0.0,0.0,0.0,0.0,0.0,0.0,0.0,0.0
2442,2020-06-25,2443,2448,2020-06-26,2020-07-03,0.006970519434206679,1.0,0.0013333675743014695,0.025817630686340465,0.4495377134698991,0.5144014401440145,outer_04,sigmoid,0.0,0,,False,5.0,0.0,0.0,0.0,0.0,0.0,0.0,0.0,0.0
2443,2020-06-26,2444,2449,2020-06-29,2020-07-06,0.0017213699579397002,1.0,0.0033623942014706643,0.022378204567803373,0.45135073365301476,0.5144014401440145,outer_04,sigmoid,0.0,0,,False,5.0,0.0,0.0,0.0,0.0,0.0,0.0,0.0,0.0
2444,2020-06-29,2445,2450,2020-06-30,2020-07-07,0.007489239754865373,1.0,0.0017108161037109326,0.018861177335168122,0.45734504865945946,0.5144014401440145,outer_04,sigmoid,0.0,-1,row2444_entry2445_exit2450,True,5.0,0.000499875041651048,-0.007489239754865373,-0.00798911479651642,0.0,0.006989364713214326,-0.00798911479651642,0.006989364713214326,0.006989364713214326
2445,2020-06-30,2446,2451,2020-07-01,2020-07-08,0.0075599928386589355,1.0,0.004469293760736903,0.030270356402140486,0.4607315237517404,0.5144014401440145,outer_04,sigmoid,0.0,0,,False,5.0,0.0,0.0,0.0,0.0,0.0,0.0,0.0,0.0
2446,2020-07-01,2447,2452,2020-07-02,2020-07-09,0.0212085239969122,1.0,-0.0060275420633040255,0.04128494953311179,0.46001028464899224,0.5144014401440145,outer_04,sigmoid,0.0,0,,False,5.0,0.0,0.0,0.0,0.0,0.0,0.0,0.0,0.0
2447,2020-07-02,2448,2453,2020-07-03,2020-07-10,0.014290947552013655,1.0,0.0028943743565044144,0.0356540630827622,0.4692274062906613,0.5144014401440145,outer_04,sigmoid,0.0,0,,False,5.0,0.0,0.0,0.0,0.0,0.0,0.0,0.0,0.0
2448,2020-07-03,2449,2454,2020-07-06,2020-07-13,0.014410407016298699,1.0,-3.94380639345826e-05,0.05239403608996085,0.479078319136553,0.5144014401440145,outer_04,sigmoid,0.0,0,,False,5.0,0.0,0.0,0.0,0.0,0.0,0.0,0.0,0.0
2449,2020-07-06,2450,2455,2020-07-07,2020-07-14,0.009427641711654111,1.0,0.005254075556876181,0.04931741537395329,0.4685203641551791,0.5144014401440145,outer_04,sigmoid,0.0,-1,row2449_entry2450_exit2455,True,5.0,0.000499875041651048,-0.009427641711654111,-0.009927516753305159,0.0,0.008927766670003064,-0.009927516753305159,0.008927766670003064,0.008927766670003064
2450,2020-07-07,2451,2456,2020-07-08,2020-07-15,0.007127226195843939,1.0,0.0057839970127799845,0.045858991171486174,0.46253244067604293,0.5144014401440145,outer_04,sigmoid,0.0,0,,False,5.0,0.0,0.0,0.0,0.0,0.0,0.0,0.0,0.0
2451,2020-07-08,2452,2457,2020-07-09,2020-07-16,0.0006409017043047527,1.0,0.007687968924550148,0.03983291632605557,0.4691901762314197,0.5144014401440145,outer_04,sigmoid,0.0,0,,False,5.0,0.0,0.0,0.0,0.0,0.0,0.0,0.0,0.0
2452,2020-07-09,2453,2458,2020-07-10,2020-07-17,-0.002205464555197878,0.0,-0.00339540091961954,0.04178603193147268,0.46560192305834347,0.5144014401440145,outer_04,sigmoid,0.0,0,,False,5.0,0.0,-0.0,-0.0,0.0,-0.0,-0.0,-0.0,-0.0
2453,2020-07-10,2454,2459,2020-07-13,2020-07-20,0.004951287439348917,1.0,-0.0020828191672990215,0.038541070707517555,0.4698764426789273,0.5144014401440145,outer_04,sigmoid,0.0,0,,False,5.0,0.0,0.0,0.0,0.0,0.0,0.0,0.0,0.0
2454,2020-07-13,2455,2460,2020-07-14,2020-07-21,0.008723691738219408,1.0,0.0020550767610876264,0.04368081024017467,0.46276317635097414,0.5144014401440145,outer_04,sigmoid,0.0,-1,row2454_entry2455_exit2460,True,5.0,0.000499875041651048,-0.008723691738219408,-0.009223566779870455,0.0,0.00822381669656836,-0.009223566779870455,0.00822381669656836,0.00822381669656836
2455,2020-07-14,2456,2461,2020-07-15,2020-07-22,0.01807707381752266,1.0,0.00372169700136471,0.04672457057657553,0.4625897213137672,0.5144014401440145,outer_04,sigmoid,0.0,0,,False,5.0,0.0,0.0,0.0,0.0,0.0,0.0,0.0,0.0
2456,2020-07-15,2457,2462,2020-07-16,2020-07-23,0.03443955505564311,1.0,0.0005415920728353285,0.047393602839584936,0.458186918188699,0.5144014401440145,outer_04,sigmoid,0.0,0,,False,5.0,0.0,0.0,0.0,0.0,0.0,0.0,0.0,0.0
2457,2020-07-16,2458,2463,2020-07-17,2020-07-24,0.04966663632343149,1.0,-0.007280704001733973,0.042264453745215924,0.4537318928175349,0.5144014401440145,outer_04,sigmoid,0.0,0,,False,5.0,0.0,0.0,0.0,0.0,0.0,0.0,0.0,0.0
2458,2020-07-17,2459,2464,2020-07-20,2020-07-27,0.05099900981224437,1.0,0.007120467514438289,0.03796691304301891,0.4507257332480048,0.5144014401440145,outer_04,sigmoid,0.0,0,,False,5.0,0.0,0.0,0.0,0.0,0.0,0.0,0.0,0.0
2459,2020-07-20,2460,2465,2020-07-21,2020-07-28,0.066684276677206,1.0,0.004152323792131263,0.03508994407688615,0.44808251207655664,0.5144014401440145,outer_04,sigmoid,0.0,-1,row2459_entry2460_exit2465,True,5.0,0.000499875041651048,-0.066684276677206,-0.06718415171885705,0.0,0.06618440163555495,-0.06718415171885705,0.06618440163555495,0.06618440163555495
2460,2020-07-21,2461,2466,2020-07-22,2020-07-29,0.06376416452805422,1.0,0.01326723827305365,0.04131469974324453,0.44968974943134216,0.5144014401440145,outer_04,sigmoid,0.0,0,,False,5.0,0.0,0.0,0.0,0.0,0.0,0.0,0.0,0.0
2461,2020-07-22,2462,2467,2020-07-23,2020-07-30,0.05050214708132117,1.0,0.016021028426429496,0.06054980711637992,0.4474193096154742,0.5144014401440145,outer_04,sigmoid,0.0,0,,False,5.0,0.0,0.0,0.0,0.0,0.0,0.0,0.0,0.0
2462,2020-07-23,2463,2468,2020-07-24,2020-07-31,0.03425428847595935,1.0,0.007851652844889756,0.0670680923869682,0.44952744650222365,0.5144014401440145,outer_04,sigmoid,0.0,0,,False,5.0,0.0,0.0,0.0,0.0,0.0,0.0,0.0,0.0
2463,2020-07-24,2464,2469,2020-07-27,2020-08-03,0.04163569020599489,1.0,0.008269135723930177,0.07197483390942772,0.45620304319118965,0.5144014401440145,outer_04,sigmoid,0.0,0,,False,5.0,0.0,0.0,0.0,0.0,0.0,0.0,0.0,0.0
2464,2020-07-27,2465,2470,2020-07-28,2020-08-04,0.01738535462947599,1.0,0.02047128291259437,0.09073530071831115,0.455863116353328,0.5144014401440145,outer_04,sigmoid,0.0,-1,row2464_entry2465_exit2470,True,5.0,0.000499875041651048,-0.01738535462947599,-0.01788522967112704,0.0,0.016885479587824943,-0.01788522967112704,0.016885479587824943,0.016885479587824943
2465,2020-07-28,2466,2471,2020-07-29,2020-08-05,0.029640539609926186,1.0,0.00873063351108172,0.09499664046865597,0.46709231274123075,0.5144014401440145,outer_04,sigmoid,0.0,0,,False,5.0,0.0,0.0,0.0,0.0,0.0,0.0,0.0,0.0
2466,2020-07-29,2467,2472,2020-07-30,2020-08-06,0.03452573110796653,1.0,0.006536370247807177,0.10756055277976717,0.4490485074098562,0.5144014401440145,outer_04,sigmoid,0.0,0,,False,5.0,0.0,0.0,0.0,0.0,0.0,0.0,0.0,0.0
2467,2020-07-30,2468,2473,2020-07-31,2020-08-07,0.055234634963149176,1.0,-0.0067611168979846425,0.09790506152527811,0.4573656375356762,0.5144014401440145,outer_04,sigmoid,0.0,0,,False,5.0,0.0,0.0,0.0,0.0,0.0,0.0,0.0,0.0
2468,2020-07-31,2469,2474,2020-08-03,2020-08-10,0.02133831934305963,1.0,0.008889941982713978,0.10683444157192667,0.4492014999633177,0.5144014401440145,outer_04,sigmoid,0.0,0,,False,5.0,0.0,0.0,0.0,0.0,0.0,0.0,0.0,0.0
2469,2020-08-03,2470,2475,2020-08-04,2020-08-11,0.024616627635356103,1.0,0.00048595293287334584,0.10206631894792384,0.44885223629320975,0.5144014401440145,outer_04,sigmoid,0.0,-1,row2469_entry2470_exit2475,True,5.0,0.000499875041651048,-0.024616627635356103,-0.02511650267700715,0.0,0.024116752593705056,-0.02511650267700715,0.024116752593705056,0.024116752593705056
2470,2020-08-04,2471,2476,2020-08-05,2020-08-12,-0.053780852346547725,0.0,0.021305045905123166,0.11758736784026702,0.44959497923281455,0.5144014401440145,outer_04,sigmoid,0.0,0,,False,5.0,0.0,-0.0,-0.0,0.0,-0.0,-0.0,-0.0,-0.0
2471,2020-08-05,2472,2477,2020-08-06,2020-08-13,-0.060907711267851106,0.0,0.01007035021826752,0.1199697491339844,0.4473229790927924,0.5144014401440145,outer_04,sigmoid,0.0,0,,False,5.0,0.0,-0.0,-0.0,0.0,-0.0,-0.0,-0.0,-0.0
2472,2020-08-06,2473,2478,2020-08-07,2020-08-14,-0.05734373558935246,0.0,0.011842535550302458,0.1352076856039064,0.4378408602358917,0.5144014401440145,outer_04,sigmoid,0.0,0,,False,5.0,0.0,-0.0,-0.0,0.0,-0.0,-0.0,-0.0,-0.0
2473,2020-08-07,2474,2479,2020-08-10,2020-08-17,-0.04100070147412804,0.0,-0.0146960949789392,0.12259440979226621,0.43646641084657645,0.5144014401440145,outer_04,sigmoid,0.0,0,,False,5.0,0.0,-0.0,-0.0,0.0,-0.0,-0.0,-0.0,-0.0
2474,2020-08-10,2475,2480,2020-08-11,2020-08-18,-0.021682674771600574,0.0,-0.0027285549685842625,0.11781077806259432,0.4393148675490654,0.5144014401440145,outer_04,sigmoid,0.0,-1,row2474_entry2475_exit2480,True,5.0,0.000499875041651048,0.021682674771600574,0.021182799729949527,0.0,-0.02218254981325162,0.021182799729949527,0.021182799729949527,-0.02218254981325162
2475,2020-08-11,2476,2481,2020-08-12,2020-08-19,0.04578834030559875,1.0,-0.05840987218720173,0.055679208874027886,0.44350014031317025,0.5144014401440145,outer_04,sigmoid,0.0,0,,False,5.0,0.0,0.0,0.0,0.0,0.0,0.0,0.0,0.0
2476,2020-08-12,2477,2482,2020-08-13,2020-08-20,0.006127915645595117,1.0,0.003345907520479585,0.05848352432167214,0.4431385918093869,0.5144014401440145,outer_04,sigmoid,0.0,0,,False,5.0,0.0,0.0,0.0,0.0,0.0,0.0,0.0,0.0
2477,2020-08-13,2478,2483,2020-08-14,2020-08-21,-0.001692542448335388,0.0,0.01790050430875656,0.08366473263216267,0.4393731875419749,0.5144014401440145,outer_04,sigmoid,0.0,0,,False,5.0,0.0,-0.0,-0.0,0.0,-0.0,-0.0,-0.0,-0.0
2478,2020-08-14,2479,2484,2020-08-17,2020-08-24,-0.0042353731903288505,0.0,-0.0051678110294295365,0.07137645408829485,0.439389329707084,0.5144014401440145,outer_04,sigmoid,0.0,0,,False,5.0,0.0,-0.0,-0.0,0.0,-0.0,-0.0,-0.0,-0.0
2479,2020-08-17,2480,2485,2020-08-18,2020-08-25,-0.027000421352532555,0.0,0.02080523109451793,0.08802936139068152,0.4379690214816439,0.5144014401440145,outer_04,sigmoid,0.0,-1,row2479_entry2480_exit2485,True,5.0,0.000499875041651048,0.027000421352532555,0.026500546310881508,0.0,-0.027500296394183603,0.026500546310881508,-0.027500296394183603,-0.027500296394183603
2480,2020-08-18,2481,2486,2020-08-19,2020-08-26,-0.03906552096699656,0.0,0.008924845715187146,0.08368696883281501,0.4405799304373238,0.5144014401440145,outer_04,sigmoid,0.0,0,,False,5.0,0.0,-0.0,-0.0,0.0,-0.0,-0.0,-0.0,-0.0
2481,2020-08-19,2482,2487,2020-08-20,2020-08-27,0.0105062458272549,1.0,-0.037949732876040976,0.02971620753034454,0.4514551151419715,0.5144014401440145,outer_04,sigmoid,0.0,0,,False,5.0,0.0,0.0,0.0,0.0,0.0,0.0,0.0,0.0
2482,2020-08-20,2483,2488,2020-08-21,2020-08-28,-0.009334631970092211,0.0,0.009556506543344057,0.03142106122879884,0.442799149396282,0.5144014401440145,outer_04,sigmoid,0.0,0,,False,5.0,0.0,-0.0,-0.0,0.0,-0.0,-0.0,-0.0,-0.0
2483,2020-08-21,2484,2489,2020-08-24,2020-08-31,0.016581019750300463,1.0,-0.003701277020579319,0.019450648484289346,0.45843634141285733,0.5144014401440145,outer_04,sigmoid,0.0,0,,False,5.0,0.0,0.0,0.0,0.0,0.0,0.0,0.0,0.0
2484,2020-08-24,2485,2490,2020-08-25,2020-09-01,0.019499475141345535,1.0,-0.0054817894088818875,-0.00650242383718691,0.456269596078682,0.5144014401440145,outer_04,sigmoid,0.0,-1,row2484_entry2485_exit2490,True,5.0,0.000499875041651048,-0.019499475141345535,-0.019999350182996582,0.0,0.018999600099694487,-0.019999350182996582,-0.019999350182996582,-0.019999350182996582
2485,2020-08-25,2486,2491,2020-08-26,2020-09-02,0.020496086394789614,1.0,-0.0007833474234955062,-0.016016404771764137,0.44159996329950046,0.5144014401440145,outer_04,sigmoid,0.0,0,,False,5.0,0.0,0.0,0.0,0.0,0.0,0.0,0.0,0.0
2486,2020-08-26,2487,2492,2020-08-27,2020-09-03,-0.005089984358029653,0.0,0.013541409133348559,-0.009011365886222755,0.45255776404372317,0.5144014401440145,outer_04,sigmoid,0.0,0,,False,5.0,0.0,-0.0,-0.0,0.0,-0.0,-0.0,-0.0,-0.0
2487,2020-08-27,2488,2493,2020-08-28,2020-09-04,0.0006733553550493099,1.0,-0.01278917639339383,-0.015039425381631943,0.4522270428530884,0.5144014401440145,outer_04,sigmoid,0.0,0,,False,5.0,0.0,0.0,0.0,0.0,0.0,0.0,0.0,0.0
2488,2020-08-28,2489,2494,2020-08-31,2020-09-07,-0.0189693830481783,0.0,0.01850715351928134,-0.005422213845064583,0.44444610266864093,0.5144014401440145,outer_04,sigmoid,0.0,0,,False,5.0,0.0,-0.0,-0.0,0.0,-0.0,-0.0,-0.0,-0.0
2489,2020-08-31,2490,2495,2020-09-01,2020-09-08,-0.019913995805954876,0.0,0.0019732699610406357,-0.003934896816897293,0.4471883024278414,0.5144014401440145,outer_04,sigmoid,0.0,-1,row2489_entry2490_exit2495,True,5.0,0.000499875041651048,0.019913995805954876,0.01941412076430383,0.0,-0.020413870847605924,0.01941412076430383,-0.020413870847605924,0.01941412076430383
2490,2020-09-01,2491,2496,2020-09-02,2020-09-09,-0.01878100230575619,0.0,0.0012237075799985675,-0.02401623514202189,0.4517114430050231,0.5144014401440145,outer_04,sigmoid,0.0,0,,False,5.0,0.0,-0.0,-0.0,0.0,-0.0,-0.0,-0.0,-0.0
2491,2020-09-02,2492,2497,2020-09-03,2020-09-10,0.002206615079929364,1.0,-0.014078945589235836,-0.04816553094952525,0.45007945007307293,0.5144014401440145,outer_04,sigmoid,0.0,0,,False,5.0,0.0,0.0,0.0,0.0,0.0,0.0,0.0,0.0
2492,2020-09-03,2493,2498,2020-09-04,2020-09-11,0.007757414597879375,1.0,-0.0065212066299862315,-0.06652927312981394,0.4574759053233424,0.5144014401440145,outer_04,sigmoid,0.0,0,,False,5.0,0.0,0.0,0.0,0.0,0.0,0.0,0.0,0.0
2493,2020-09-04,2494,2499,2020-09-07,2020-09-14,0.0029303785237075886,1.0,0.0013666225331609994,-0.05046655561771374,0.4517733884771689,0.5144014401440145,outer_04,sigmoid,0.0,0,,False,5.0,0.0,0.0,0.0,0.0,0.0,0.0,0.0,0.0
2494,2020-09-07,2495,2500,2020-09-08,2020-09-15,0.014478466138376334,1.0,-0.00248615907908345,-0.050224159728212925,0.46023663316553154,0.5144014401440145,outer_04,sigmoid,0.0,-1,row2494_entry2495_exit2500,True,5.0,0.000499875041651048,-0.014478466138376334,-0.014978341180027381,0.0,0.013978591096725286,-0.014978341180027381,-0.014978341180027381,-0.014978341180027381
2495,2020-09-08,2496,2501,2020-09-09,2020-09-16,0.011801141046070995,1.0,0.0016684806191999968,0.0098541930781888,0.4520543697679492,0.5144014401440145,outer_04,sigmoid,0.0,0,,False,5.0,0.0,0.0,0.0,0.0,0.0,0.0,0.0,0.0
2496,2020-09-09,2497,2502,2020-09-10,2020-09-17,0.006743894245889059,1.0,0.008177663854145756,0.01468594941185497,0.4504232610263969,0.5144014401440145,outer_04,sigmoid,0.0,0,,False,5.0,0.0,0.0,0.0,0.0,0.0,0.0,0.0,0.0
2497,2020-09-10,2498,2503,2020-09-11,2020-09-18,-0.000971535127500367,0.0,-0.0006986217915105897,-0.003913176688412179,0.45306206279681127,0.5144014401440145,outer_04,sigmoid,0.0,0,,False,5.0,0.0,-0.0,-0.0,0.0,-0.0,-0.0,-0.0,-0.0
2498,2020-09-11,2499,2504,2020-09-14,2020-09-21,0.006178813686737783,1.0,-0.002845757345049549,-0.001591123004032191,0.44793461072788787,0.5144014401440145,outer_04,sigmoid,0.0,0,,False,5.0,0.0,0.0,0.0,0.0,0.0,0.0,0.0,0.0
2499,2020-09-14,2500,2505,2020-09-15,2020-09-22,-0.022387182969875852,0.0,0.008232019800179735,-0.014164334298370385,0.45319039439600256,0.5144014401440145,outer_04,sigmoid,0.0,-1,row2499_entry2500_exit2505,True,5.0,0.000499875041651048,0.022387182969875852,0.021887307928224804,0.0,-0.0228870580115269,0.021887307928224804,-0.0228870580115269,0.021887307928224804
2500,2020-09-15,2501,2506,2020-09-16,2020-09-23,-0.027964490262178288,0.0,-0.0016266570676153336,-0.024715837081172864,0.4636948065405003,0.5144014401440145,outer_04,sigmoid,0.0,0,,False,5.0,0.0,-0.0,-0.0,0.0,-0.0,-0.0,-0.0,-0.0
2501,2020-09-16,2502,2507,2020-09-17,2020-09-24,-0.0499707717066018,0.0,0.0029699778252325615,0.016203873620100673,0.4496651931886131,0.5144014401440145,outer_04,sigmoid,0.0,0,,False,5.0,0.0,-0.0,-0.0,0.0,-0.0,-0.0,-0.0,-0.0
2502,2020-09-17,2503,2508,2020-09-18,2020-09-25,-0.03915344634460283,0.0,-0.007660124304671001,-0.0010127572279143848,0.4498747805864937,0.5144014401440145,outer_04,sigmoid,0.0,0,,False,5.0,0.0,-0.0,-0.0,0.0,-0.0,-0.0,-0.0,-0.0
2503,2020-09-18,2504,2509,2020-09-21,2020-09-28,-0.04556674591494403,0.0,0.003194152594272026,0.00588267238693696,0.45120780303165137,0.5144014401440145,outer_04,sigmoid,0.0,0,,False,5.0,0.0,-0.0,-0.0,0.0,-0.0,-0.0,-0.0,-0.0
2504,2020-09-21,2505,2510,2020-09-22,2020-09-29,-0.017441781822117974,0.0,-0.019936761249438106,-0.008572299453619259,0.4742703502047893,0.5144014401440145,outer_04,sigmoid,0.0,-1,row2504_entry2505_exit2510,True,5.0,0.000499875041651048,0.017441781822117974,0.016941906780466927,0.0,-0.017941656863769022,0.016941906780466927,0.016941906780466927,0.016941906780466927
2505,2020-09-22,2506,2511,2020-09-23,2020-09-30,-0.0015427917053463247,0.0,-0.006075155218020711,-0.013864107248144464,0.467735835034035,0.5144014401440145,outer_04,sigmoid,0.0,0,,False,5.0,0.0,-0.0,-0.0,0.0,-0.0,-0.0,-0.0,-0.0
2506,2020-09-23,2507,2512,2020-09-24,2020-10-01,0.012454576549495222,1.0,-0.019984295501280336,-0.04738981188277336,0.47710691284698264,0.5144014401440145,outer_04,sigmoid,0.0,0,,False,5.0,0.0,0.0,0.0,0.0,0.0,0.0,0.0,0.0
2507,2020-09-24,2508,2513,2020-09-25,2020-10-02,0.018519587498883716,1.0,0.0031730744316220694,-0.03142756105775746,0.46283637909519176,0.5144014401440145,outer_04,sigmoid,0.0,0,,False,5.0,0.0,0.0,0.0,0.0,0.0,0.0,0.0,0.0
2508,2020-09-25,2509,2514,2020-09-28,2020-10-05,0.021544122961399736,1.0,-0.004569842752228048,-0.054504557329266845,0.47265212833496095,0.5144014401440145,outer_04,sigmoid,0.0,0,,False,5.0,0.0,0.0,0.0,0.0,0.0,0.0,0.0,0.0
2509,2020-09-28,2510,2515,2020-09-29,2020-10-06,0.016197760021977814,1.0,0.011598267898880188,-0.04487955939142729,0.47567923471379553,0.5144014401440145,outer_04,sigmoid,0.0,-1,row2509_entry2510_exit2515,True,5.0,0.000499875041651048,-0.016197760021977814,-0.01669763506362886,0.0,0.015697884980326766,-0.01669763506362886,0.015697884980326766,-0.01669763506362886
2510,2020-09-29,2511,2516,2020-09-30,2020-10-07,-0.010493876046160366,0.0,0.00827666843900765,-0.03782659853241821,0.470070187114061,0.5144014401440145,outer_04,sigmoid,0.0,0,,False,5.0,0.0,-0.0,-0.0,0.0,-0.0,-0.0,-0.0,-0.0
2511,2020-09-30,2512,2517,2020-10-01,2020-10-08,-2.649294360601573e-05,0.0,-0.006476860675889817,-0.03022451361907219,0.48253069771837453,0.5144014401440145,outer_04,sigmoid,0.0,0,,False,5.0,0.0,-0.0,-0.0,0.0,-0.0,-0.0,-0.0,-0.0
2512,2020-10-01,2513,2518,2020-10-02,2020-10-09,-0.005680980884934961,0.0,0.010925495826461962,-0.012777811162623998,0.47861457061942725,0.5144014401440145,outer_04,sigmoid,0.0,0,,False,5.0,0.0,-0.0,-0.0,0.0,-0.0,-0.0,-0.0,-0.0
2513,2020-10-02,2514,2519,2020-10-05,2020-10-12,0.012228767978416322,1.0,-0.002816222451246908,-0.016960656147031905,0.4897850852716472,0.5144014401440145,outer_04,sigmoid,0.0,0,,False,5.0,0.0,0.0,0.0,0.0,0.0,0.0,0.0,0.0
2514,2020-10-05,2515,2520,2020-10-06,2020-10-13,0.006215086327769903,1.0,0.006853310448395433,-0.007621186619553022,0.47619182758363243,0.5144014401440145,outer_04,sigmoid,0.0,-1,row2514_entry2515_exit2520,True,5.0,0.000499875041651048,-0.006215086327769903,-0.006714961369420951,0.0,0.005715211286118856,-0.006714961369420951,0.005715211286118856,-0.006714961369420951
2515,2020-10-06,2516,2521,2020-10-07,2020-10-14,0.00799297779651198,1.0,-0.019039351659694503,-0.028329018898447522,0.4882359159342732,0.5144014401440145,outer_04,sigmoid,0.0,0,,False,5.0,0.0,0.0,0.0,0.0,0.0,0.0,0.0,0.0
2516,2020-10-07,2517,2522,2020-10-08,2020-10-15,0.007532743777546536,1.0,0.005454959760696987,-0.03105172299189629,0.4830745979633319,0.5144014401440145,outer_04,sigmoid,0.0,0,,False,5.0,0.0,0.0,0.0,0.0,0.0,0.0,0.0,0.0
2517,2020-10-08,2518,2523,2020-10-09,2020-10-16,0.007789303242627277,1.0,0.00299894706334225,-0.02735415413704345,0.4794692651927471,0.5144014401440145,outer_04,sigmoid,0.0,0,,False,5.0,0.0,0.0,0.0,0.0,0.0,0.0,0.0,0.0
2518,2020-10-09,2519,2524,2020-10-12,2020-10-19,-0.014206061309280038,0.0,0.019025674775509316,-0.005482722016484587,0.4627902940687682,0.5144014401440145,outer_04,sigmoid,0.0,0,,False,5.0,0.0,-0.0,-0.0,0.0,-0.0,-0.0,-0.0,-0.0
2519,2020-10-12,2520,2525,2020-10-13,2020-10-20,-0.01064968339563599,0.0,-0.0037586027376219633,-0.017473344554286285,0.46746451027486946,0.5144014401440145,outer_04,sigmoid,0.0,-1,row2519_entry2520_exit2525,True,5.0,0.000499875041651048,0.01064968339563599,0.010149808353984942,0.0,-0.011149558437287037,0.010149808353984942,0.010149808353984942,0.010149808353984942
2520,2020-10-13,2521,2526,2020-10-14,2020-10-21,0.009040079024202896,1.0,-0.016551233955324207,-0.03239792144199516,0.4802538990696679,0.5144014401440145,outer_04,sigmoid,0.0,0,,False,5.0,0.0,0.0,0.0,0.0,0.0,0.0,0.0,0.0
2521,2020-10-14,2522,2527,2020-10-15,2020-10-22,0.012080048837884938,1.0,0.004968941217830647,-0.030398958049397073,0.4801805897826846,0.5144014401440145,outer_04,sigmoid,0.0,0,,False,5.0,0.0,0.0,0.0,0.0,0.0,0.0,0.0,0.0
2522,2020-10-15,2523,2528,2020-10-16,2020-10-23,-0.002061072434464961,0.0,0.0039018957657814823,-0.01883693797894459,0.47608686086013585,0.5144014401440145,outer_04,sigmoid,0.0,0,,False,5.0,0.0,-0.0,-0.0,0.0,-0.0,-0.0,-0.0,-0.0
2523,2020-10-16,2524,2529,2020-10-19,2020-10-26,0.000873436026357588,1.0,-0.004812601889132573,-0.02684369246234919,0.48272410313824077,0.5144014401440145,outer_04,sigmoid,0.0,0,,False,5.0,0.0,0.0,0.0,0.0,0.0,0.0,0.0,0.0
2524,2020-10-19,2525,2530,2020-10-20,2020-10-27,-0.0007567874734482061,0.0,0.002461733924281617,-0.0044451972886294655,0.4716690458527148,0.5144014401440145,outer_04,sigmoid,0.0,-1,row2524_entry2525_exit2530,True,5.0,0.000499875041651048,0.0007567874734482061,0.0002569124317971581,0.0,-0.001256662515099254,0.0002569124317971581,-0.001256662515099254,0.0002569124317971581
2525,2020-10-20,2526,2531,2020-10-21,2020-10-28,-0.0012520006140537276,0.0,0.002146435983638284,0.00377639391302953,0.46821794672487543,0.5144014401440145,outer_04,sigmoid,0.0,0,,False,5.0,0.0,-0.0,-0.0,0.0,-0.0,-0.0,-0.0,-0.0
2526,2020-10-21,2527,2532,2020-10-22,2020-10-29,-0.02469650941037127,0.0,0.008908942495488681,0.03266963190979855,0.45780277904790506,0.5144014401440145,outer_04,sigmoid,0.0,0,,False,5.0,0.0,-0.0,-0.0,0.0,-0.0,-0.0,-0.0,-0.0
2527,2020-10-22,2528,2533,2020-10-23,2020-10-30,-0.01892523448174188,0.0,-0.0109345519202515,0.018562005557924977,0.4778137339670867,0.5144014401440145,outer_04,sigmoid,0.0,0,,False,5.0,0.0,-0.0,-0.0,0.0,-0.0,-0.0,-0.0,-0.0
2528,2020-10-23,2529,2534,2020-10-26,2020-11-02,-0.011691275408042046,0.0,-0.0011878858083154142,0.02194396250183761,0.47400190596644515,0.5144014401440145,outer_04,sigmoid,0.0,0,,False,5.0,0.0,-0.0,-0.0,0.0,-0.0,-0.0,-0.0,-0.0
2529,2020-10-26,2530,2535,2020-10-27,2020-11-03,-0.003745056404947711,0.0,0.00014198980326796118,0.010487684406225384,0.46906409784192393,0.5144014401440145,outer_04,sigmoid,0.0,-1,row2529_entry2530_exit2535,True,5.0,0.000499875041651048,0.003745056404947711,0.003245181363296663,0.0,-0.004244931446598758,0.003245181363296663,-0.004244931446598758,-0.004244931446598758
2530,2020-10-27,2531,2536,2020-10-28,2020-11-04,0.0007440554507365249,1.0,0.002977138110192179,0.005188154077409912,0.4686790719218335,0.5144014401440145,outer_04,sigmoid,0.0,0,,False,5.0,0.0,0.0,0.0,0.0,0.0,0.0,0.0,0.0
2531,2020-10-28,2532,2537,2020-10-29,2020-11-05,0.013499564951833243,1.0,-0.01614131700393351,-0.004476302250633779,0.47439236835212895,0.5144014401440145,outer_04,sigmoid,0.0,0,,False,5.0,0.0,0.0,0.0,0.0,0.0,0.0,0.0,0.0
2532,2020-10-29,2533,2538,2020-10-30,2020-11-06,0.04046796470913083,1.0,-0.00518174624679002,-0.02058354432388576,0.47453901951366106,0.5144014401440145,outer_04,sigmoid,0.0,0,,False,5.0,0.0,0.0,0.0,0.0,0.0,0.0,0.0,0.0
2533,2020-10-30,2534,2539,2020-11-02,2020-11-09,0.04062125813849615,1.0,0.006012598610586117,-0.011754723262052735,0.46702955723206757,0.5144014401440145,outer_04,sigmoid,0.0,0,,False,5.0,0.0,0.0,0.0,0.0,0.0,0.0,0.0,0.0
2534,2020-11-02,2535,2540,2020-11-03,2020-11-10,-0.018094595797235158,0.0,0.008846120817360692,-0.009761912893087477,0.47068926669987465,0.5144014401440145,outer_04,sigmoid,0.0,-1,row2534_entry2535_exit2540,True,5.0,0.000499875041651048,0.018094595797235158,0.01759472075558411,0.0,-0.018594470838886205,0.01759472075558411,-0.018594470838886205,0.01759472075558411
2535,2020-11-03,2536,2541,2020-11-04,2020-11-11,-0.017777306491995937,0.0,0.00729761387929706,0.016575052645904087,0.46359562073224986,0.5144014401440145,outer_04,sigmoid,0.0,0,,False,5.0,0.0,-0.0,-0.0,0.0,-0.0,-0.0,-0.0,-0.0
2536,2020-11-04,2537,2542,2020-11-05,2020-11-12,-0.019342880745425894,0.0,-0.0029746546916085137,0.008145438193598586,0.4606662530785607,0.5144014401440145,outer_04,sigmoid,0.0,0,,False,5.0,0.0,-0.0,-0.0,0.0,-0.0,-0.0,-0.0,-0.0
2537,2020-11-05,2538,2543,2020-11-06,2020-11-13,-0.036186308932231626,0.0,0.02383018144919191,0.028976672579448248,0.4614961710933701,0.5144014401440145,outer_04,sigmoid,0.0,0,,False,5.0,0.0,-0.0,-0.0,0.0,-0.0,-0.0,-0.0,-0.0
2538,2020-11-06,2539,2544,2020-11-09,2020-11-16,-0.03604485838676741,0.0,0.0013535062487042282,0.01130450405264316,0.46879392160273803,0.5144014401440145,outer_04,sigmoid,0.0,0,,False,5.0,0.0,-0.0,-0.0,0.0,-0.0,-0.0,-0.0,-0.0
2539,2020-11-09,2540,2545,2020-11-10,2020-11-17,0.015214386642622202,1.0,-0.0464992780780662,-0.031436171287801074,0.481408274783643,0.5144014401440145,outer_04,sigmoid,0.0,-1,row2539_entry2540_exit2545,True,5.0,0.000499875041651048,-0.015214386642622202,-0.01571426168427325,0.0,0.014714511600971154,-0.01571426168427325,-0.01571426168427325,-0.01571426168427325
2540,2020-11-10,2541,2546,2020-11-11,2020-11-18,0.0032099338464579574,1.0,0.00762464528137663,-0.007260292051100237,0.4635904069563888,0.5144014401440145,outer_04,sigmoid,0.0,0,,False,5.0,0.0,0.0,0.0,0.0,0.0,0.0,0.0,0.0
2541,2020-11-11,2542,2547,2020-11-12,2020-11-19,0.0037801568303104105,1.0,-0.006353400712099777,-0.01858263398103066,0.4835249877906925,0.5144014401440145,outer_04,sigmoid,0.0,0,,False,5.0,0.0,0.0,0.0,0.0,0.0,0.0,0.0,0.0
2542,2020-11-12,2543,2548,2020-11-13,2020-11-20,-0.008447401407481792,0.0,0.00599113012397634,-0.016493399622835803,0.4775447944518111,0.5144014401440145,outer_04,sigmoid,0.0,0,,False,5.0,0.0,-0.0,-0.0,0.0,-0.0,-0.0,-0.0,-0.0
2543,2020-11-13,2544,2549,2020-11-16,2020-11-23,-0.009061585117879467,0.0,0.006675560306755202,-0.005005237426948028,0.4672400861828274,0.5144014401440145,outer_04,sigmoid,0.0,0,,False,5.0,0.0,-0.0,-0.0,0.0,-0.0,-0.0,-0.0,-0.0
2544,2020-11-16,2545,2550,2020-11-17,2020-11-24,-0.027264320939136333,0.0,-0.000328221202860135,-0.00779519255408978,0.49313600123432955,0.5144014401440145,outer_04,sigmoid,0.0,-1,row2544_entry2545_exit2550,True,5.0,0.000499875041651048,0.027264320939136333,0.026764445897485285,0.0,-0.02776419598078738,0.026764445897485285,0.026764445897485285,0.026764445897485285
2545,2020-11-17,2546,2551,2020-11-18,2020-11-25,-0.040068028804364886,0.0,-0.004494747341905914,-0.014436375879633978,0.495599724307426,0.5144014401440145,outer_04,sigmoid,0.0,0,,False,5.0,0.0,-0.0,-0.0,0.0,-0.0,-0.0,-0.0,-0.0
2546,2020-11-18,2547,2552,2020-11-19,2020-11-26,-0.03520473033949134,0.0,-0.004381483279077614,-0.027726801654200273,0.5115612236708297,0.5144014401440145,outer_04,sigmoid,0.0,0,,False,5.0,0.0,-0.0,-0.0,0.0,-0.0,-0.0,-0.0,-0.0
2547,2020-11-19,2548,2553,2020-11-20,2020-11-27,-0.027831852786758482,0.0,-0.0027441903810698776,-0.01953644011501865,0.5059817141875252,0.5144014401440145,outer_04,sigmoid,0.0,0,,False,5.0,0.0,-0.0,-0.0,0.0,-0.0,-0.0,-0.0,-0.0
2548,2020-11-20,2549,2554,2020-11-23,2020-11-30,-0.04456814751843119,0.0,0.0021724366043427423,-0.016176117702360493,0.5041784159644627,0.5144014401440145,outer_04,sigmoid,0.0,0,,False,5.0,0.0,-0.0,-0.0,0.0,-0.0,-0.0,-0.0,-0.0
2549,2020-11-23,2550,2555,2020-11-24,2020-12-01,-0.03413825622430888,0.0,-0.01801908859606094,-0.03433719610168939,0.48923618428978305,0.5144014401440145,outer_04,sigmoid,0.0,-1,row2549_entry2550_exit2555,True,5.0,0.000499875041651048,0.03413825622430888,0.033638381182657835,0.0,-0.03463813126595993,0.033638381182657835,0.033638381182657835,0.033638381182657835
2550,2020-11-24,2551,2556,2020-11-25,2020-12-02,0.0029331932879648193,1.0,-0.016339659038450804,-0.05365399325033238,0.4872251088078299,0.5144014401440145,outer_04,sigmoid,0.0,0,,False,5.0,0.0,0.0,0.0,0.0,0.0,0.0,0.0,0.0
2551,2020-11-25,2552,2557,2020-11-26,2020-12-03,0.011186444594847522,1.0,-0.0003541017747616948,-0.03786677802116056,0.48363803206048267,0.5144014401440145,outer_04,sigmoid,0.0,0,,False,5.0,0.0,0.0,0.0,0.0,0.0,0.0,0.0,0.0
2552,2020-11-26,2553,2558,2020-11-27,2020-12-04,0.017001548768337038,1.0,0.0017305873109707548,-0.03095444446339979,0.49992841715889724,0.5144014401440145,outer_04,sigmoid,0.0,0,,False,5.0,0.0,0.0,0.0,0.0,0.0,0.0,0.0,0.0
2553,2020-11-27,2554,2559,2020-11-30,2020-12-07,0.02622752143703444,1.0,-0.013033412554761092,-0.050000455628747,0.5113620288788994,0.5144014401440145,outer_04,sigmoid,0.0,0,,False,5.0,0.0,0.0,0.0,0.0,0.0,0.0,0.0,0.0
2554,2020-11-30,2555,2560,2020-12-01,2020-12-08,0.047230114629820186,1.0,-0.0051172819558908955,-0.06396385840199859,0.5063179094216296,0.5144014401440145,outer_04,sigmoid,0.0,1,row2554_entry2555_exit2560,True,5.0,0.000499875041651048,0.047230114629820186,0.04673023958816914,0.0,0.04673023958816914,-0.04772998967147123,-0.04772998967147123,-0.04772998967147123
2555,2020-12-01,2556,2561,2020-12-02,2020-12-09,0.03062439238255177,1.0,0.021030204005212383,-0.05023126827608326,0.5104429865602474,0.5144014401440145,outer_04,sigmoid,0.0,0,,False,5.0,0.0,0.0,0.0,0.0,0.0,0.0,0.0,0.0
2556,2020-12-02,2557,2562,2020-12-03,2020-12-10,0.004978403618942195,1.0,0.008392486192533077,-0.03886412739194167,0.5088768175332026,0.5144014401440145,outer_04,sigmoid,0.0,0,,False,5.0,0.0,0.0,0.0,0.0,0.0,0.0,0.0,0.0
2557,2020-12-03,2558,2563,2020-12-04,2020-12-11,-0.0023108448669368897,0.0,0.0055887064328503655,-0.05710560240828322,0.5038796425770793,0.5144014401440145,outer_04,sigmoid,0.0,0,,False,5.0,0.0,-0.0,-0.0,0.0,-0.0,-0.0,-0.0,-0.0
2558,2020-12-04,2559,2564,2020-12-07,2020-12-14,0.00011431899912572874,1.0,-0.0012936260833598112,-0.05975273474034726,0.5126362395179919,0.5144014401440145,outer_04,sigmoid,0.0,0,,False,5.0,0.0,0.0,0.0,0.0,0.0,0.0,0.0,0.0
2559,2020-12-07,2560,2565,2020-12-08,2020-12-15,-0.018698513798328875,0.0,0.013237354596653539,-1.6102065627521256e-05,0.49256906034070375,0.5144014401440145,outer_04,sigmoid,0.0,-1,row2559_entry2560_exit2565,True,5.0,0.000499875041651048,0.018698513798328875,0.018198638756677828,0.0,-0.019198388839979923,0.018198638756677828,-0.019198388839979923,0.018198638756677828
2560,2020-12-08,2561,2566,2020-12-09,2020-12-16,-0.008310036729134218,0.0,0.004140415617310822,-0.003500331729693329,0.4814707438335844,0.5144014401440145,outer_04,sigmoid,0.0,0,,False,5.0,0.0,-0.0,-0.0,0.0,-0.0,-0.0,-0.0,-0.0
2561,2020-12-09,2562,2567,2020-12-10,2020-12-17,0.013490392193912015,1.0,-0.016937314634400735,-0.014084245651994287,0.4902927544365607,0.5144014401440145,outer_04,sigmoid,0.0,0,,False,5.0,0.0,0.0,0.0,0.0,0.0,0.0,0.0,0.0
2562,2020-12-10,2563,2568,2020-12-11,2020-12-18,0.025623825836539993,1.0,-0.0018773625584858067,-0.021952738334456434,0.48247205063548837,0.5144014401440145,outer_04,sigmoid,0.0,0,,False,5.0,0.0,0.0,0.0,0.0,0.0,0.0,0.0,0.0
2563,2020-12-11,2564,2569,2020-12-14,2020-12-21,0.024434081648839978,1.0,0.002149151912538727,-0.02647914672867291,0.48692623931795204,0.5144014401440145,outer_04,sigmoid,0.0,0,,False,5.0,0.0,0.0,0.0,0.0,0.0,0.0,0.0,0.0
2564,2020-12-14,2565,2570,2020-12-15,2020-12-22,0.027463420721016263,1.0,-0.006592657468829088,-0.03274358299464186,0.4910580796020814,0.5144014401440145,outer_04,sigmoid,0.0,-1,row2564_entry2565_exit2570,True,5.0,0.000499875041651048,-0.027463420721016263,-0.02796329576266731,0.0,0.026963545679365215,-0.02796329576266731,-0.02796329576266731,-0.02796329576266731
2565,2020-12-15,2566,2571,2020-12-16,2020-12-23,0.003838610970987588,1.0,0.014043457861122377,-0.014205377791613572,0.4767472887726621,0.5144014401440145,outer_04,sigmoid,0.0,0,,False,5.0,0.0,0.0,0.0,0.0,0.0,0.0,0.0,0.0
2566,2020-12-16,2567,2572,2020-12-17,2020-12-24,0.005314649168758123,1.0,0.0055894468131238995,-0.004234447699412058,0.475187032908428,0.5144014401440145,outer_04,sigmoid,0.0,0,,False,5.0,0.0,0.0,0.0,0.0,0.0,0.0,0.0,0.0
2567,2020-12-17,2568,2573,2020-12-18,2020-12-28,0.0019559467794003638,1.0,0.011722488307550627,0.010232230989208446,0.4710535223184993,0.5144014401440145,outer_04,sigmoid,0.0,0,,False,5.0,0.0,0.0,0.0,0.0,0.0,0.0,0.0,0.0
2568,2020-12-18,2569,2574,2020-12-21,2020-12-29,-0.0038746741966955156,0.0,-0.0029151056460952063,0.005144688738770498,0.48315165462832665,0.5144014401440145,outer_04,sigmoid,0.0,0,,False,5.0,0.0,-0.0,-0.0,0.0,-0.0,-0.0,-0.0,-0.0
2569,2020-12-21,2570,2575,2020-12-22,2020-12-30,-0.0010647870633500034,0.0,-0.0022891832824720737,0.020874594052359363,0.4912127196643338,0.5144014401440145,outer_04,sigmoid,0.0,-1,row2569_entry2570_exit2575,True,5.0,0.000499875041651048,0.0010647870633500034,0.0005649120216989554,0.0,-0.0015646621050010513,0.0005649120216989554,0.0005649120216989554,-0.0015646621050010513
2570,2020-12-22,2571,2576,2020-12-23,2020-12-31,0.01729177345765809,1.0,-0.008747004507892342,0.028467248582917826,0.49492346948624083,0.5144014401440145,outer_04,sigmoid,0.0,0,,False,5.0,0.0,0.0,0.0,0.0,0.0,0.0,0.0,0.0
2571,2020-12-23,2572,2577,2020-12-24,2021-01-04,0.01886658859380752,1.0,0.006815760442930419,0.03563711080060994,0.4881062629986053,0.5144014401440145,outer_04,sigmoid,0.0,0,,False,5.0,0.0,0.0,0.0,0.0,0.0,0.0,0.0,0.0
2572,2020-12-24,2573,2578,2020-12-28,2021-01-05,0.02772580982961692,1.0,0.0035555071798452076,0.03746203066948439,0.4983352861720027,0.5144014401440145,outer_04,sigmoid,0.0,0,,False,5.0,0.0,0.0,0.0,0.0,0.0,0.0,0.0,0.0
2573,2020-12-28,2574,2579,2020-12-29,2021-01-06,0.03904164216202677,1.0,-0.003331248833291056,0.04716419439095443,0.4888001234568381,0.5144014401440145,outer_04,sigmoid,0.0,0,,False,5.0,0.0,0.0,0.0,0.0,0.0,0.0,0.0,0.0
2574,2020-12-29,2575,2580,2020-12-30,2021-01-07,0.022974748433086667,1.0,0.002729780273826421,0.055011256620671745,0.48336284829892795,0.5144014401440145,outer_04,sigmoid,0.0,-1,row2574_entry2575_exit2580,True,5.0,0.000499875041651048,-0.022974748433086667,-0.023474623474737714,0.0,0.02247487339143562,-0.023474623474737714,0.02247487339143562,0.02247487339143562
2575,2020-12-30,2576,2581,2020-12-31,2021-01-08,0.01192249629782971,1.0,0.008292774421004623,0.042273827036463985,0.48332647955764735,0.5144014401440145,outer_04,sigmoid,0.0,0,,False,5.0,0.0,0.0,0.0,0.0,0.0,0.0,0.0,0.0
2576,2020-12-31,2577,2582,2021-01-04,2021-01-11,-0.028871687973364146,0.0,-6.864704595965776e-05,0.03381269379797125,0.4902010694257148,0.5144014401440145,outer_04,sigmoid,0.0,0,,False,5.0,0.0,-0.0,-0.0,0.0,-0.0,-0.0,-0.0,-0.0
2577,2021-01-04,2578,2583,2021-01-05,2021-01-12,-0.04961693297414893,0.0,0.025829511142694273,0.054053498507815156,0.4819743183713299,0.5144014401440145,outer_04,sigmoid,0.0,0,,False,5.0,0.0,-0.0,-0.0,0.0,-0.0,-0.0,-0.0,-0.0
2578,2021-01-05,2579,2584,2021-01-06,2021-01-13,-0.049866701558896054,0.0,0.0034932200340058728,0.05884034462518084,0.4884565467555607,0.5144014401440145,outer_04,sigmoid,0.0,0,,False,5.0,0.0,-0.0,-0.0,0.0,-0.0,-0.0,-0.0,-0.0
2579,2021-01-06,2580,2585,2021-01-07,2021-01-14,-0.03897586302074263,0.0,-0.01614997803108409,0.029453011997443213,0.4899814448464653,0.5144014401440145,outer_04,sigmoid,0.0,-1,row2579_entry2580_exit2585,True,5.0,0.000499875041651048,0.03897586302074263,0.03847598797909158,0.0,-0.03947573806239368,0.03847598797909158,0.03847598797909158,-0.03947573806239368
2580,2021-01-07,2581,2586,2021-01-08,2021-01-15,-0.036343290457541144,0.0,-0.0027555271460419917,0.0225570692340904,0.4858499825171925,0.5144014401440145,outer_04,sigmoid,0.0,0,,False,5.0,0.0,-0.0,-0.0,0.0,-0.0,-0.0,-0.0,-0.0
2581,2021-01-08,2582,2587,2021-01-11,2021-01-18,-0.014308726313005948,0.0,-0.03427266640927584,0.0052217174592152915,0.4890919042256625,0.5144014401440145,outer_04,sigmoid,0.0,0,,False,5.0,0.0,-0.0,-0.0,0.0,-0.0,-0.0,-0.0,-0.0
2582,2021-01-11,2583,2588,2021-01-12,2021-01-19,-0.004937718935282831,0.0,-0.0024854554163615816,0.004613624601339517,0.4842883777083211,0.5144014401440145,outer_04,sigmoid,0.0,0,,False,5.0,0.0,-0.0,-0.0,0.0,-0.0,-0.0,-0.0,-0.0
2583,2021-01-12,2584,2589,2021-01-13,2021-01-20,-0.00786355204088629,0.0,0.005870667930121698,0.008335140618922487,0.48305922065930157,0.5144014401440145,outer_04,sigmoid,0.0,0,,False,5.0,0.0,-0.0,-0.0,0.0,-0.0,-0.0,-0.0,-0.0
2584,2021-01-13,2585,2590,2021-01-14,2021-01-21,0.012944207363339011,1.0,-0.005745977284740356,0.00918182080301122,0.4855726543326602,0.5144014401440145,outer_04,sigmoid,0.0,-1,row2584_entry2585_exit2590,True,5.0,0.000499875041651048,-0.012944207363339011,-0.013444082404990058,0.0,0.012444332321687963,-0.013444082404990058,-0.013444082404990058,0.012444332321687963
2585,2021-01-14,2586,2591,2021-01-15,2021-01-22,0.011819749985179762,1.0,0.0009644717555987725,-0.0038971653025123842,0.48257728687072193,0.5144014401440145,outer_04,sigmoid,0.0,0,,False,5.0,0.0,0.0,0.0,0.0,0.0,0.0,0.0,0.0
2586,2021-01-15,2587,2592,2021-01-18,2021-01-25,0.0160756063986085,1.0,-0.01023930385407823,-0.019725915969714514,0.5012383895135657,0.5144014401440145,outer_04,sigmoid,0.0,0,,False,5.0,0.0,0.0,0.0,0.0,0.0,0.0,0.0,0.0
2587,2021-01-18,2588,2593,2021-01-19,2021-01-26,0.00912378035254946,1.0,0.005385847782525488,-0.026062556494739653,0.5061333902026496,0.5144014401440145,outer_04,sigmoid,0.0,0,,False,5.0,0.0,0.0,0.0,0.0,0.0,0.0,0.0,0.0
2588,2021-01-19,2589,2594,2021-01-20,2021-01-27,0.00599662151929703,1.0,0.0011476280443174502,-0.021999822804326996,0.4973519979212432,0.5144014401440145,outer_04,sigmoid,0.0,0,,False,5.0,0.0,0.0,0.0,0.0,0.0,0.0,0.0,0.0
2589,2021-01-20,2590,2595,2021-01-21,2021-01-28,-0.015572814063094853,0.0,0.01713303654495224,-0.002577602976902682,0.48664954198013055,0.5144014401440145,outer_04,sigmoid,0.0,-1,row2589_entry2590_exit2595,True,5.0,0.000499875041651048,0.015572814063094853,0.015072939021443806,0.0,-0.0160726891047459,0.015072939021443806,-0.0160726891047459,0.015072939021443806
2590,2021-01-21,2591,2596,2021-01-22,2021-01-29,-0.014350292584206059,0.0,-0.0008660277135534855,0.005303373817436174,0.486780199819923,0.5144014401440145,outer_04,sigmoid,0.0,0,,False,5.0,0.0,-0.0,-0.0,0.0,-0.0,-0.0,-0.0,-0.0
2591,2021-01-22,2592,2597,2021-01-25,2021-02-01,-0.0013194781090319907,0.0,-0.008124690615454178,-0.009637077240948422,0.47746235897256417,0.5144014401440145,outer_04,sigmoid,0.0,0,,False,5.0,0.0,-0.0,-0.0,0.0,-0.0,-0.0,-0.0,-0.0
2592,2021-01-25,2593,2598,2021-01-26,2021-02-02,0.002212872709882241,1.0,0.0006845235956305373,-0.012508060825163092,0.47347231185906746,0.5144014401440145,outer_04,sigmoid,0.0,0,,False,5.0,0.0,0.0,0.0,0.0,0.0,0.0,0.0,0.0
2593,2021-01-26,2594,2599,2021-01-27,2021-02-03,-0.007698684797773581,0.0,-0.0024329927817987596,-0.011609804773670795,0.48183847945813635,0.5144014401440145,outer_04,sigmoid,0.0,0,,False,5.0,0.0,-0.0,-0.0,0.0,-0.0,-0.0,-0.0,-0.0
2594,2021-01-27,2595,2600,2021-01-28,2021-02-04,-0.0046453773994787895,0.0,-0.004113383478266286,-0.018452968525763502,0.4822051932160806,0.5144014401440145,outer_04,sigmoid,0.0,-1,row2594_entry2595_exit2600,True,5.0,0.000499875041651048,0.0046453773994787895,0.004145502357827742,0.0,-0.005145252441129837,0.004145502357827742,0.004145502357827742,0.004145502357827742
2595,2021-01-28,2596,2601,2021-01-29,2021-02-05,-0.026360062823069796,0.0,-0.000661885203361301,-0.027407628150129426,0.48297455951363105,0.5144014401440145,outer_04,sigmoid,0.0,0,,False,5.0,0.0,-0.0,-0.0,0.0,-0.0,-0.0,-0.0,-0.0
2596,2021-01-29,2597,2602,2021-02-01,2021-02-08,-0.02081253041676323,0.0,0.0026990423409056774,-0.02463993876326409,0.4800242194104593,0.5144014401440145,outer_04,sigmoid,0.0,0,,False,5.0,0.0,-0.0,-0.0,0.0,-0.0,-0.0,-0.0,-0.0
2597,2021-02-01,2598,2603,2021-02-02,2021-02-09,-0.01544645695466862,0.0,0.006990055806796569,-0.043479394099161794,0.478136194480501,0.5144014401440145,outer_04,sigmoid,0.0,0,,False,5.0,0.0,-0.0,-0.0,0.0,-0.0,-0.0,-0.0,-0.0
2598,2021-02-02,2599,2604,2021-02-03,2021-02-10,0.0006583296619400159,1.0,-0.012384561513377967,-0.059357175646545635,0.4919002030086157,0.5144014401440145,outer_04,sigmoid,0.0,0,,False,5.0,0.0,0.0,0.0,0.0,0.0,0.0,0.0,0.0
2599,2021-02-03,2600,2605,2021-02-04,2021-02-11,0.005323514555644948,1.0,-0.0018737103301473823,-0.04508090794560893,0.4866228696339705,0.5144014401440145,outer_04,sigmoid,0.0,-1,row2599_entry2600_exit2605,True,5.0,0.000499875041651048,-0.005323514555644948,-0.005823389597295996,0.0,0.004823639513993901,-0.005823389597295996,-0.005823389597295996,-0.005823389597295996
2600,2021-02-04,2601,2606,2021-02-05,2021-02-12,0.017088296345558973,1.0,-0.0226567517744245,-0.06498213257399144,0.484346694562009,0.5144014401440145,outer_04,sigmoid,0.0,0,,False,5.0,0.0,0.0,0.0,0.0,0.0,0.0,0.0,0.0
2601,2021-02-05,2602,2607,2021-02-08,2021-02-15,0.0041348353773802415,1.0,0.011246416908238466,-0.019463049256477127,0.47031763350883243,0.5144014401440145,outer_04,sigmoid,0.0,0,,False,5.0,0.0,0.0,0.0,0.0,0.0,0.0,0.0,0.0
2602,2021-02-08,2603,2608,2021-02-09,2021-02-16,-0.006163575637948782,0.0,0.009183466351779579,-0.007794127488335967,0.4778183326568759,0.5144014401440145,outer_04,sigmoid,0.0,0,,False,5.0,0.0,-0.0,-0.0,0.0,-0.0,-0.0,-0.0,-0.0
2603,2021-02-09,2604,2609,2021-02-10,2021-02-17,-0.02530400151294554,0.0,0.0040951370970994105,-0.009569658321358254,0.47478069046526106,0.5144014401440145,outer_04,sigmoid,0.0,0,,False,5.0,0.0,-0.0,-0.0,0.0,-0.0,-0.0,-0.0,-0.0
2604,2021-02-10,2605,2610,2021-02-11,2021-02-18,-0.03698990553529313,0.0,0.002559790962403774,-0.0012638900742141246,0.4638831976600451,0.5144014401440145,outer_04,sigmoid,0.0,-1,row2604_entry2605_exit2610,True,5.0,0.000499875041651048,0.03698990553529313,0.036490030493642085,0.0,-0.03748978057694418,0.036490030493642085,-0.03748978057694418,0.036490030493642085
2605,2021-02-11,2606,2611,2021-02-12,2021-02-19,-0.02756540128027396,0.0,-0.009204442516323574,-0.011432804346136471,0.4847360915695417,0.5144014401440145,outer_04,sigmoid,0.0,0,,False,5.0,0.0,-0.0,-0.0,0.0,-0.0,-0.0,-0.0,-0.0
2606,2021-02-12,2607,2612,2021-02-15,2021-02-22,-0.021099114209301106,0.0,-0.0007123990612667441,-0.0019058995533249856,0.4814272411214938,0.5144014401440145,outer_04,sigmoid,0.0,0,,False,5.0,0.0,-0.0,-0.0,0.0,-0.0,-0.0,-0.0,-0.0
2607,2021-02-15,2608,2613,2021-02-16,2021-02-23,-0.00563238947048994,0.0,-0.0029921321072485796,-0.010283879443099053,0.4923150051495312,0.5144014401440145,outer_04,sigmoid,0.0,0,,False,5.0,0.0,-0.0,-0.0,0.0,-0.0,-0.0,-0.0,-0.0
2608,2021-02-16,2609,2614,2021-02-17,2021-02-24,0.007751653734743513,1.0,-0.013373090412338584,-0.024804597899755088,0.473056330384174,0.5144014401440145,outer_04,sigmoid,0.0,0,,False,5.0,0.0,0.0,0.0,0.0,0.0,0.0,0.0,0.0
2609,2021-02-17,2610,2615,2021-02-18,2021-02-25,0.014913978047067289,1.0,-0.010002155484200692,-0.05193978992890802,0.45978323610855165,0.5144014401440145,outer_04,sigmoid,0.0,-1,row2609_entry2610_exit2615,True,5.0,0.000499875041651048,-0.014913978047067289,-0.015413853088718336,0.0,0.014414103005416241,-0.015413853088718336,-0.015413853088718336,-0.015413853088718336
2610,2021-02-18,2611,2616,2021-02-19,2021-02-26,-0.002372694288954591,0.0,-0.0007094315273867835,-0.05178319374274132,0.45852168932718823,0.5144014401440145,outer_04,sigmoid,0.0,0,,False,5.0,0.0,-0.0,-0.0,0.0,-0.0,-0.0,-0.0,-0.0
2611,2021-02-19,2612,2617,2021-02-22,2021-03-01,-0.027800926234350598,0.0,0.004277101580268727,-0.03938140154701841,0.4746212165288464,0.5144014401440145,outer_04,sigmoid,0.0,0,,False,5.0,0.0,-0.0,-0.0,0.0,-0.0,-0.0,-0.0,-0.0
2612,2021-02-22,2613,2618,2021-02-23,2021-03-02,-0.048910929723705365,0.0,0.014470936719995997,-0.025594988422652953,0.4678108918617971,0.5144014401440145,outer_04,sigmoid,0.0,0,,False,5.0,0.0,-0.0,-0.0,0.0,-0.0,-0.0,-0.0,-0.0
2613,2021-02-23,2614,2619,2021-02-24,2021-03-03,-0.03862529651559843,0.0,-0.002196945636292469,-0.025358941277146663,0.48303383001196815,0.5144014401440145,outer_04,sigmoid,0.0,0,,False,5.0,0.0,-0.0,-0.0,0.0,-0.0,-0.0,-0.0,-0.0
2614,2021-02-24,2615,2620,2021-02-25,2021-03-04,-0.052804531487437245,0.0,0.0001440283627571759,-0.0211015294361232,0.49006828018906623,0.5144014401440145,outer_04,sigmoid,0.0,-1,row2614_entry2615_exit2620,True,5.0,0.000499875041651048,0.052804531487437245,0.0523046564457862,0.0,-0.05330440652908829,0.0523046564457862,-0.05330440652908829,0.0523046564457862
2615,2021-02-25,2616,2621,2021-02-26,2021-03-05,-0.04289896066158416,0.0,-0.01962262100932044,-0.04006226524208234,0.4816293874727566,0.5144014401440145,outer_04,sigmoid,0.0,0,,False,5.0,0.0,-0.0,-0.0,0.0,-0.0,-0.0,-0.0,-0.0
2616,2021-02-26,2617,2622,2021-03-01,2021-03-08,-0.018322071876196944,0.0,-0.02078217765173651,-0.06354348523472453,0.4773059722073603,0.5144014401440145,outer_04,sigmoid,0.0,0,,False,5.0,0.0,-0.0,-0.0,0.0,-0.0,-0.0,-0.0,-0.0
2617,2021-03-01,2618,2623,2021-03-02,2021-03-09,-0.022603712132475806,0.0,-0.005233297955930638,-0.07576683899745174,0.4724882557199914,0.5144014401440145,outer_04,sigmoid,0.0,0,,False,5.0,0.0,-0.0,-0.0,0.0,-0.0,-0.0,-0.0,-0.0
2618,2021-03-02,2619,2624,2021-03-03,2021-03-10,-0.013215847285351856,0.0,0.008072662763458638,-0.05530961472061513,0.48043975752773593,0.5144014401440145,outer_04,sigmoid,0.0,0,,False,5.0,0.0,-0.0,-0.0,0.0,-0.0,-0.0,-0.0,-0.0
2619,2021-03-03,2620,2625,2021-03-04,2021-03-11,0.009123131607076118,1.0,-0.015685095857885578,-0.06912100024835333,0.4754317066362662,0.5144014401440145,outer_04,sigmoid,0.0,-1,row2619_entry2620_exit2625,True,5.0,0.000499875041651048,-0.009123131607076118,-0.009623006648727166,0.0,0.00862325656542507,-0.009623006648727166,-0.009623006648727166,-0.009623006648727166
2620,2021-03-04,2621,2626,2021-03-05,2021-03-12,0.013920551392655689,1.0,-0.0076884884838799294,-0.054152736957808756,0.4686139219731589,0.5144014401440145,outer_04,sigmoid,0.0,0,,False,5.0,0.0,0.0,0.0,0.0,0.0,0.0,0.0,0.0
2621,2021-03-05,2622,2627,2021-03-08,2021-03-15,0.012996572827180586,1.0,0.001270827620905024,-0.0641283262451422,0.48874952992938286,0.5144014401440145,outer_04,sigmoid,0.0,0,,False,5.0,0.0,0.0,0.0,0.0,0.0,0.0,0.0,0.0
2622,2021-03-08,2623,2628,2021-03-09,2021-03-16,0.02771531871110966,1.0,-0.010776596997682297,-0.08408838959460407,0.5015226930555716,0.5144014401440145,outer_04,sigmoid,0.0,0,,False,5.0,0.0,0.0,0.0,0.0,0.0,0.0,0.0,0.0
2623,2021-03-09,2624,2629,2021-03-10,2021-03-17,0.009873386314413146,1.0,0.019458431792068964,-0.06872509489963452,0.4905020039017243,0.5144014401440145,outer_04,sigmoid,0.0,0,,False,5.0,0.0,0.0,0.0,0.0,0.0,0.0,0.0,0.0
2624,2021-03-10,2625,2630,2021-03-11,2021-03-18,0.012764538977653395,1.0,0.006240723118030367,-0.06504416274400793,0.4900166588759263,0.5144014401440145,outer_04,sigmoid,0.0,-1,row2624_entry2625_exit2630,True,5.0,0.000499875041651048,-0.012764538977653395,-0.013264414019304442,0.0,0.012264663936002347,-0.013264414019304442,0.012264663936002347,-0.013264414019304442
2625,2021-03-11,2626,2631,2021-03-12,2021-03-19,0.00817960249746097,1.0,-0.0022907126010922596,-0.05813043282877661,0.49308816919099113,0.5144014401440145,outer_04,sigmoid,0.0,0,,False,5.0,0.0,0.0,0.0,0.0,0.0,0.0,0.0,0.0
2626,2021-03-12,2627,2632,2021-03-15,2021-03-22,0.0087779480562995,1.0,0.0026324196919436105,-0.05478561407556626,0.49510412437015716,0.5144014401440145,outer_04,sigmoid,0.0,0,,False,5.0,0.0,0.0,0.0,0.0,0.0,0.0,0.0,0.0
2627,2021-03-15,2628,2633,2021-03-16,2021-03-23,0.004447729314986049,1.0,0.0030008435282082857,-0.04879263844010939,0.499470146056742,0.5144014401440145,outer_04,sigmoid,0.0,0,,False,5.0,0.0,0.0,0.0,0.0,0.0,0.0,0.0,0.0
2628,2021-03-16,2629,2634,2021-03-17,2021-03-24,-0.0030062170349358652,0.0,-0.0001501172071778356,-0.035569665234948644,0.503848091214736,0.5144014401440145,outer_04,sigmoid,0.0,0,,False,5.0,0.0,-0.0,-0.0,0.0,-0.0,-0.0,-0.0,-0.0
2629,2021-03-17,2630,2635,2021-03-18,2021-03-25,-0.007939989756424737,0.0,0.00730070927892168,-0.018266800471826272,0.4955203073380314,0.5144014401440145,outer_04,sigmoid,0.0,-1,row2629_entry2630_exit2635,True,5.0,0.000499875041651048,0.007939989756424737,0.007440114714773689,0.0,-0.008439864798075784,0.007440114714773689,-0.008439864798075784,0.007440114714773689
2630,2021-03-18,2631,2636,2021-03-19,2021-03-26,-0.004521171424711312,0.0,-0.004625076112536597,-0.022182445056976086,0.502889410331806,0.5144014401440145,outer_04,sigmoid,0.0,0,,False,5.0,0.0,-0.0,-0.0,0.0,-0.0,-0.0,-0.0,-0.0
2631,2021-03-19,2632,2637,2021-03-22,2021-03-29,-0.007269159512033774,0.0,0.004968947187198758,-0.021490599450046055,0.4897673150123918,0.5144014401440145,outer_04,sigmoid,0.0,0,,False,5.0,0.0,-0.0,-0.0,0.0,-0.0,-0.0,-0.0,-0.0
2632,2021-03-22,2633,2638,2021-03-23,2021-03-30,-0.015584309659739226,0.0,-0.0037085770240654625,-0.039670113194107515,0.49415990998394477,0.5144014401440145,outer_04,sigmoid,0.0,0,,False,5.0,0.0,-0.0,-0.0,0.0,-0.0,-0.0,-0.0,-0.0
2633,2021-03-23,2634,2639,2021-03-24,2021-03-31,-0.024807982705282505,0.0,-0.006804101770034876,-0.04427726932784992,0.5017224056761097,0.5144014401440145,outer_04,sigmoid,0.0,0,,False,5.0,0.0,-0.0,-0.0,0.0,-0.0,-0.0,-0.0,-0.0
2634,2021-03-24,2635,2640,2021-03-25,2021-04-01,-0.01598379326044519,0.0,0.0040107314680462025,-0.040410566222560895,0.4986583094542868,0.5144014401440145,outer_04,sigmoid,0.0,-1,row2634_entry2635_exit2640,True,5.0,0.000499875041651048,0.01598379326044519,0.015483918218794142,0.0,-0.016483668302096237,0.015483918218794142,-0.016483668302096237,0.015483918218794142
2635,2021-03-25,2636,2641,2021-03-26,2021-04-05,0.00041659434728558153,1.0,-0.003958616014933192,-0.024746561228173647,0.49630642818245535,0.5144014401440145,outer_04,sigmoid,0.0,0,,False,5.0,0.0,0.0,0.0,0.0,0.0,0.0,0.0,0.0
2636,2021-03-26,2637,2642,2021-03-29,2021-04-06,-0.0014220148759704898,0.0,0.0033066672130921404,-0.0006577163633449956,0.47900365392127314,0.5144014401440145,outer_04,sigmoid,0.0,0,,False,5.0,0.0,-0.0,-0.0,0.0,-0.0,-0.0,-0.0,-0.0
2637,2021-03-29,2638,2643,2021-03-30,2021-04-07,0.017709001086849696,1.0,-0.012129595282406314,-0.007554013689820671,0.4968578598181153,0.5144014401440145,outer_04,sigmoid,0.0,0,,False,5.0,0.0,0.0,0.0,0.0,0.0,0.0,0.0,0.0
2638,2021-03-30,2639,2644,2021-03-31,2021-04-08,0.030817161727831,1.0,-0.01575011877328869,-0.031376795226568,0.5097055727379997,0.5144014401440145,outer_04,sigmoid,0.0,0,,False,5.0,0.0,0.0,0.0,0.0,0.0,0.0,0.0,0.0
2639,2021-03-31,2640,2645,2021-04-01,2021-04-09,0.02786741312395513,1.0,0.013346264432087196,-0.0023454349365952254,0.4866694128589949,0.5144014401440145,outer_04,sigmoid,0.0,-1,row2639_entry2640_exit2645,True,5.0,0.000499875041651048,-0.02786741312395513,-0.02836728816560618,0.0,0.027367538082304084,-0.02836728816560618,0.027367538082304084,-0.02836728816560618
2640,2021-04-01,2641,2646,2021-04-05,2021-04-12,0.008094830986197898,1.0,0.01267913144938948,0.018022184996674184,0.4773509642591573,0.5144014401440145,outer_04,sigmoid,0.0,0,,False,5.0,0.0,0.0,0.0,0.0,0.0,0.0,0.0,0.0
2641,2021-04-05,2642,2647,2021-04-06,2021-04-13,0.0026112541340159723,1.0,-0.0006535853436240302,0.01609777203214513,0.49276416678663726,0.5144014401440145,outer_04,sigmoid,0.0,0,,False,5.0,0.0,0.0,0.0,0.0,0.0,0.0,0.0,0.0
2642,2021-04-06,2643,2648,2021-04-07,2021-04-14,0.0013643114350871954,1.0,0.008469207336506912,0.03534357636633434,0.4790592592045475,0.5144014401440145,outer_04,sigmoid,0.0,0,,False,5.0,0.0,0.0,0.0,0.0,0.0,0.0,0.0,0.0
2643,2021-04-07,2644,2649,2021-04-08,2021-04-15,-0.0007484556256143193,0.0,-0.003154603938265055,0.01273054063600032,0.48680361285309237,0.5144014401440145,outer_04,sigmoid,0.0,0,,False,5.0,0.0,-0.0,-0.0,0.0,-0.0,-0.0,-0.0,-0.0
2644,2021-04-08,2645,2650,2021-04-09,2021-04-16,0.004727791919236779,1.0,0.010630633271341061,0.017120450789311015,0.48396347353934527,0.5144014401440145,outer_04,sigmoid,0.0,-1,row2644_entry2645_exit2650,True,5.0,0.000499875041651048,-0.004727791919236779,-0.0052276669608878265,0.0,0.0042279168775857315,-0.0052276669608878265,0.0042279168775857315,0.0042279168775857315
2645,2021-04-09,2646,2651,2021-04-12,2021-04-19,0.01873644360390525,1.0,-0.007246574173342957,0.012164589217060318,0.48849183968981,0.5144014401440145,outer_04,sigmoid,0.0,0,,False,5.0,0.0,0.0,0.0,0.0,0.0,0.0,0.0,0.0
2646,2021-04-12,2647,2652,2021-04-13,2021-04-20,0.021501172175027783,1.0,-0.006398548788210334,0.003133620736906373,0.4937487701509499,0.5144014401440145,outer_04,sigmoid,0.0,0,,False,5.0,0.0,0.0,0.0,0.0,0.0,0.0,0.0,0.0
2647,2021-04-13,2648,2653,2021-04-14,2021-04-21,0.018446414152757384,1.0,0.007504930660100939,0.007637707868799026,0.480479811959633,0.5144014401440145,outer_04,sigmoid,0.0,0,,False,5.0,0.0,0.0,0.0,0.0,0.0,0.0,0.0,0.0
2648,2021-04-14,2649,2654,2021-04-15,2021-04-22,0.03268651795909783,1.0,-0.005250411298535873,0.002537413777440989,0.480955857055079,0.5144014401440145,outer_04,sigmoid,0.0,0,,False,5.0,0.0,0.0,0.0,0.0,0.0,0.0,0.0,0.0
2649,2021-04-15,2650,2655,2021-04-16,2021-04-23,0.011380765597653664,1.0,0.015572855607552505,0.010809560106071814,0.4760447322773198,0.5144014401440145,outer_04,sigmoid,0.0,-1,row2649_entry2650_exit2655,True,5.0,0.000499875041651048,-0.011380765597653664,-0.011880640639304711,0.0,0.010880890556002616,-0.011880640639304711,0.010880890556002616,0.010880890556002616
2650,2021-04-16,2651,2656,2021-04-19,2021-04-26,-0.00010700758919224285,0.0,0.007440354986521847,0.022874991205130257,0.4792595163141219,0.5144014401440145,outer_04,sigmoid,0.0,0,,False,5.0,0.0,-0.0,-0.0,0.0,-0.0,-0.0,-0.0,-0.0
2651,2021-04-19,2652,2657,2021-04-20,2021-04-27,0.005838701109348143,1.0,-0.00332069819866998,0.01458534581926152,0.4786022900730927,0.5144014401440145,outer_04,sigmoid,0.0,0,,False,5.0,0.0,0.0,0.0,0.0,0.0,0.0,0.0,0.0
2652,2021-04-20,2653,2658,2021-04-21,2021-04-28,-0.0006582000997079618,0.0,0.0043782981082314265,0.02267222095155841,0.478746591112028,0.5144014401440145,outer_04,sigmoid,0.0,0,,False,5.0,0.0,-0.0,-0.0,0.0,-0.0,-0.0,-0.0,-0.0
2653,2021-04-21,2654,2659,2021-04-22,2021-04-29,-0.006706010460591827,0.0,0.008604743964179207,0.03808106668577249,0.49118881972728456,0.5144014401440145,outer_04,sigmoid,0.0,0,,False,5.0,0.0,-0.0,-0.0,0.0,-0.0,-0.0,-0.0,-0.0
2654,2021-04-22,2655,2660,2021-04-23,2021-04-30,-0.006494679498000977,0.0,-0.005343362032055765,0.028726973185670523,0.4932206017127313,0.5144014401440145,outer_04,sigmoid,0.0,-1,row2654_entry2655_exit2660,True,5.0,0.000499875041651048,0.006494679498000977,0.0059948044563499295,0.0,-0.0069945545396520245,0.0059948044563499295,0.0059948044563499295,-0.0069945545396520245
2655,2021-04-23,2656,2661,2021-04-26,2021-05-03,-0.00489514823059789,0.0,-0.004425929198357714,0.028259660002246,0.48496373537512644,0.5144014401440145,outer_04,sigmoid,0.0,0,,False,5.0,0.0,-0.0,-0.0,0.0,-0.0,-0.0,-0.0,-0.0
2656,2021-04-26,2657,2662,2021-04-27,2021-05-04,0.006329329858229649,1.0,0.00276008011369111,0.02771307290284497,0.48665729763454996,0.5144014401440145,outer_04,sigmoid,0.0,0,,False,5.0,0.0,0.0,0.0,0.0,0.0,0.0,0.0,0.0
2657,2021-04-27,2658,2663,2021-04-28,2021-05-05,0.0007594232124050748,1.0,-0.002636247377785672,0.03720642080746561,0.4939177252837617,0.5144014401440145,outer_04,sigmoid,0.0,0,,False,5.0,0.0,0.0,0.0,0.0,0.0,0.0,0.0,0.0
2658,2021-04-28,2659,2664,2021-04-29,2021-05-06,0.0027124283882526967,1.0,0.002681155120449752,0.055637694701204055,0.48706079591267176,0.5144014401440145,outer_04,sigmoid,0.0,0,,False,5.0,0.0,0.0,0.0,0.0,0.0,0.0,0.0,0.0
2659,2021-04-29,2660,2665,2021-04-30,2021-05-07,0.02343406419907268,1.0,-0.005172012936091264,0.037119417333025595,0.4798835806676547,0.5144014401440145,outer_04,sigmoid,0.0,-1,row2659_entry2660_exit2665,True,5.0,0.000499875041651048,-0.02343406419907268,-0.023933939240723727,0.0,0.022934189157421632,-0.023933939240723727,-0.023933939240723727,0.022934189157421632
2660,2021-04-30,2661,2666,2021-05-03,2021-05-10,0.03680013009454086,1.0,-0.001869396943982693,0.022570888939653422,0.47657134235609755,0.5144014401440145,outer_04,sigmoid,0.0,0,,False,5.0,0.0,0.0,0.0,0.0,0.0,0.0,0.0,0.0
2661,2021-05-03,2662,2667,2021-05-04,2021-05-11,0.023971494932968795,1.0,0.013515047053418883,0.036739521336696335,0.4718183394772306,0.5144014401440145,outer_04,sigmoid,0.0,0,,False,5.0,0.0,0.0,0.0,0.0,0.0,0.0,0.0,0.0
2662,2021-05-04,2663,2668,2021-05-05,2021-05-12,0.032360914855274814,1.0,-0.007703715261467181,0.02056659873872224,0.47577920110372146,0.5144014401440145,outer_04,sigmoid,0.0,0,,False,5.0,0.0,0.0,0.0,0.0,0.0,0.0,0.0,0.0
2663,2021-05-05,2664,2669,2021-05-06,2021-05-13,0.015587529311417825,1.0,0.004698713977660418,0.028419916654647714,0.4790432642069642,0.5144014401440145,outer_04,sigmoid,0.0,0,,False,5.0,0.0,0.0,0.0,0.0,0.0,0.0,0.0,0.0
2664,2021-05-06,2665,2670,2021-05-07,2021-05-14,0.006853855747943172,1.0,0.015299170422719222,0.033088453806025875,0.47096890294392624,0.5144014401440145,outer_04,sigmoid,0.0,-1,row2664_entry2665_exit2670,True,5.0,0.000499875041651048,-0.006853855747943172,-0.007353730789594219,0.0,0.006353980706292124,-0.007353730789594219,0.006353980706292124,0.006353980706292124
2665,2021-05-07,2666,2671,2021-05-10,2021-05-17,0.005700996792930901,1.0,0.008573667397365092,0.048908695376733924,0.4820513867397967,0.5144014401440145,outer_04,sigmoid,0.0,0,,False,5.0,0.0,0.0,0.0,0.0,0.0,0.0,0.0,0.0
2666,2021-05-10,2667,2672,2021-05-11,2021-05-18,0.01653939116170644,1.0,0.0025583762546359523,0.05786562041958021,0.4753099529287346,0.5144014401440145,outer_04,sigmoid,0.0,0,,False,5.0,0.0,0.0,0.0,0.0,0.0,0.0,0.0,0.0
2667,2021-05-11,2668,2673,2021-05-12,2021-05-19,0.017426472107461954,1.0,0.0006862109986780496,0.05104690075815732,0.4736509505004054,0.5144014401440145,outer_04,sigmoid,0.0,0,,False,5.0,0.0,0.0,0.0,0.0,0.0,0.0,0.0,0.0
2668,2021-05-12,2669,2674,2021-05-13,2021-05-20,0.02995667610601771,1.0,-0.011328076111235319,0.044969235945457875,0.47587679683369805,0.5144014401440145,outer_04,sigmoid,0.0,0,,False,5.0,0.0,0.0,0.0,0.0,0.0,0.0,0.0,0.0
2669,2021-05-13,2670,2675,2021-05-14,2021-05-21,0.02735459676343588,1.0,0.005940111453742958,0.03533649179164833,0.48018989524749994,0.5144014401440145,outer_04,sigmoid,0.0,-1,row2669_entry2670_exit2675,True,5.0,0.000499875041651048,-0.02735459676343588,-0.027854471805086926,0.0,0.02685472172178483,-0.027854471805086926,0.02685472172178483,0.02685472172178483
2670,2021-05-14,2671,2676,2021-05-17,2021-05-24,0.020344708170522807,1.0,0.008518946516002046,0.03641508332112853,0.4955486517316974,0.5144014401440145,outer_04,sigmoid,0.0,0,,False,5.0,0.0,0.0,0.0,0.0,0.0,0.0,0.0,0.0
2671,2021-05-17,2672,2677,2021-05-18,2021-05-25,0.007519775419451591,1.0,0.012989471460085333,0.05272525297988384,0.4853807024771815,0.5144014401440145,outer_04,sigmoid,0.0,0,,False,5.0,0.0,0.0,0.0,0.0,0.0,0.0,0.0,0.0
2672,2021-05-18,2673,2678,2021-05-19,2021-05-26,0.01573857624812014,1.0,0.0016005185027294644,0.04994747337438188,0.49472998672805035,0.5144014401440145,outer_04,sigmoid,0.0,0,,False,5.0,0.0,0.0,0.0,0.0,0.0,0.0,0.0,0.0
2673,2021-05-19,2674,2679,2021-05-20,2021-05-27,0.014013201530617359,1.0,0.00027274258884091296,0.041615471999043585,0.47996985648775325,0.5144014401440145,outer_04,sigmoid,0.0,0,,False,5.0,0.0,0.0,0.0,0.0,0.0,0.0,0.0,0.0
2674,2021-05-20,2675,2680,2021-05-21,2021-05-28,0.010388974529274009,1.0,0.003805279139901252,0.0507641131710006,0.469678213543061,0.5144014401440145,outer_04,sigmoid,0.0,-1,row2674_entry2675_exit2680,True,5.0,0.000499875041651048,-0.010388974529274009,-0.010888849570925056,0.0,0.009889099487622961,-0.010888849570925056,0.009889099487622961,0.009889099487622961
2675,2021-05-21,2676,2681,2021-05-24,2021-05-31,0.011798876690489735,1.0,0.002372960023001802,0.05756300239236012,0.46720811645137067,0.5144014401440145,outer_04,sigmoid,0.0,0,,False,5.0,0.0,0.0,0.0,0.0,0.0,0.0,0.0,0.0
2676,2021-05-24,2677,2682,2021-05-25,2021-06-01,0.013981072711269249,1.0,-0.0002072764676883665,0.05459564581098064,0.47791828245793805,0.5144014401440145,outer_04,sigmoid,0.0,0,,False,5.0,0.0,0.0,0.0,0.0,0.0,0.0,0.0,0.0
2677,2021-05-25,2678,2683,2021-05-26,2021-06-02,0.00046335055930857294,1.0,0.009432609819538307,0.06666450300830462,0.46876936128108027,0.5144014401440145,outer_04,sigmoid,0.0,0,,False,5.0,0.0,0.0,0.0,0.0,0.0,0.0,0.0,0.0
2678,2021-05-26,2679,2684,2021-05-27,2021-06-03,0.006307676830802578,1.0,-0.0014121319212119232,0.06257121596664295,0.47898775301062907,0.5144014401440145,outer_04,sigmoid,0.0,0,,False,5.0,0.0,0.0,0.0,0.0,0.0,0.0,0.0,0.0
2679,2021-05-27,2680,2685,2021-05-28,2021-06-04,-0.013835119967778198,0.0,-3.6910778741905403e-05,0.0677063181239923,0.47576610858762136,0.5144014401440145,outer_04,sigmoid,0.0,-1,row2679_entry2680_exit2685,True,5.0,0.000499875041651048,0.013835119967778198,0.01333524492612715,0.0,-0.014334995009429245,0.01333524492612715,0.01333524492612715,-0.014334995009429245
2680,2021-05-28,2681,2686,2021-05-31,2021-06-07,-0.007143019303525122,0.0,0.0035529999662546885,0.07312871503422969,0.4666136098810669,0.5144014401440145,outer_04,sigmoid,0.0,0,,False,5.0,0.0,-0.0,-0.0,0.0,-0.0,-0.0,-0.0,-0.0
2681,2021-05-31,2682,2687,2021-06-01,2021-06-08,-0.004287567387528668,0.0,0.0018058695652616308,0.061419537546072434,0.4709010531091795,0.5144014401440145,outer_04,sigmoid,0.0,0,,False,5.0,0.0,-0.0,-0.0,0.0,-0.0,-0.0,-0.0,-0.0
2682,2021-06-01,2683,2688,2021-06-02,2021-06-09,-0.004183190542718762,0.0,-0.003546578120654509,0.0655766746868851,0.4601713491513157,0.5144014401440145,outer_04,sigmoid,0.0,0,,False,5.0,0.0,-0.0,-0.0,0.0,-0.0,-0.0,-0.0,-0.0
2683,2021-06-02,2684,2689,2021-06-03,2021-06-10,-0.01030203931956386,0.0,0.004615962383098804,0.06549392309232349,0.45971395887840627,0.5144014401440145,outer_04,sigmoid,0.0,0,,False,5.0,0.0,-0.0,-0.0,0.0,-0.0,-0.0,-0.0,-0.0
2684,2021-06-03,2685,2690,2021-06-04,2021-06-11,0.01423031961460719,1.0,-0.020088732789313113,0.030106019880291157,0.4595383598465428,0.5144014401440145,outer_04,sigmoid,0.0,-1,row2684_entry2685_exit2690,True,5.0,0.000499875041651048,-0.01423031961460719,-0.014730194656258237,0.0,0.013730444572956142,-0.014730194656258237,-0.014730194656258237,0.013730444572956142
2685,2021-06-04,2686,2691,2021-06-07,2021-06-14,-0.007498189798629262,0.0,0.01106275951365987,0.032595111996585935,0.45849927945869384,0.5144014401440145,outer_04,sigmoid,0.0,0,,False,5.0,0.0,-0.0,-0.0,0.0,-0.0,-0.0,-0.0,-0.0
2686,2021-06-07,2687,2692,2021-06-08,2021-06-15,-0.016763387585227107,0.0,0.00383612278498191,0.03387285852693189,0.46026112846584494,0.5144014401440145,outer_04,sigmoid,0.0,0,,False,5.0,0.0,-0.0,-0.0,0.0,-0.0,-0.0,-0.0,-0.0
2687,2021-06-08,2688,2693,2021-06-09,2021-06-16,-0.017377831770273744,0.0,-0.003017007225398771,0.030169640302855072,0.46853722518026897,0.5144014401440145,outer_04,sigmoid,0.0,0,,False,5.0,0.0,-0.0,-0.0,0.0,-0.0,-0.0,-0.0,-0.0
2688,2021-06-09,2689,2694,2021-06-10,2021-06-17,-0.04070861866129505,0.0,-0.0022052124908471527,0.03929250392324324,0.46794447321968413,0.5144014401440145,outer_04,sigmoid,0.0,0,,False,5.0,0.0,-0.0,-0.0,0.0,-0.0,-0.0,-0.0,-0.0
2689,2021-06-10,2690,2695,2021-06-11,2021-06-18,-0.06680328645460154,0.0,0.0056750395806606235,0.039027432050160904,0.471643714494103,0.5144014401440145,outer_04,sigmoid,0.0,-1,row2689_entry2690_exit2695,True,5.0,0.000499875041651048,0.06680328645460154,0.06630341141295049,0.0,-0.0673031614962526,0.06630341141295049,-0.0673031614962526,-0.0673031614962526
2690,2021-06-11,2691,2696,2021-06-14,2021-06-21,-0.05896827365797819,0.0,-0.012437259742065443,0.018071225792093415,0.4775947003762985,0.5144014401440145,outer_04,sigmoid,0.0,0,,False,5.0,0.0,-0.0,-0.0,0.0,-0.0,-0.0,-0.0,-0.0
2691,2021-06-14,2692,2697,2021-06-15,2021-06-22,-0.045730641481934065,0.0,-0.00526391540576121,-0.00018216107375312873,0.47838792025143506,0.5144014401440145,outer_04,sigmoid,0.0,0,,False,5.0,0.0,-0.0,-0.0,0.0,-0.0,-0.0,-0.0,-0.0
2692,2021-06-15,2693,2698,2021-06-16,2021-06-23,-0.043630112611502625,0.0,-0.003983683996986009,-0.0057663635734686025,0.4833988929418205,0.5144014401440145,outer_04,sigmoid,0.0,0,,False,5.0,0.0,-0.0,-0.0,0.0,-0.0,-0.0,-0.0,-0.0
2693,2021-06-16,2694,2699,2021-06-17,2021-06-24,-0.01944857592658611,0.0,-0.02653667474382715,-0.032575780906136664,0.4955960829290606,0.5144014401440145,outer_04,sigmoid,0.0,0,,False,5.0,0.0,-0.0,-0.0,0.0,-0.0,-0.0,-0.0,-0.0
2694,2021-06-17,2695,2700,2021-06-18,2021-06-25,0.000433589082600605,1.0,-0.02089392472839613,-0.057274984774434046,0.4642092922863266,0.5144014401440145,outer_04,sigmoid,0.0,-1,row2694_entry2695_exit2700,True,5.0,0.000499875041651048,-0.000433589082600605,-0.000933464124251653,0.0,-6.628595905044292e-05,-0.000933464124251653,-0.000933464124251653,-0.000933464124251653
2695,2021-06-18,2696,2701,2021-06-21,2021-06-28,0.007098861321216177,1.0,-0.004670237194082105,-0.06431818199151795,0.47069885700336134,0.5144014401440145,outer_04,sigmoid,0.0,0,,False,5.0,0.0,0.0,0.0,0.0,0.0,0.0,0.0,0.0
2696,2021-06-21,2697,2702,2021-06-22,2021-06-29,-0.003059522687498095,0.0,0.010558843451350164,-0.05355206207247942,0.47658489755613037,0.5144014401440145,outer_04,sigmoid,0.0,0,,False,5.0,0.0,-0.0,-0.0,0.0,-0.0,-0.0,-0.0,-0.0
2697,2021-06-22,2698,2703,2021-06-23,2021-06-30,-0.009977919223115528,0.0,-0.0025941371359365917,-0.06557880902795432,0.4819592590967393,0.5144014401440145,outer_04,sigmoid,0.0,0,,False,5.0,0.0,-0.0,-0.0,0.0,-0.0,-0.0,-0.0,-0.0
2698,2021-06-23,2699,2704,2021-06-24,2021-07-01,-0.004835664772591564,0.0,-0.00012932137222421147,-0.06429599847896661,0.4943269950735306,0.5144014401440145,outer_04,sigmoid,0.0,0,,False,5.0,0.0,-0.0,-0.0,0.0,-0.0,-0.0,-0.0,-0.0
2699,2021-06-24,2700,2705,2021-06-25,2021-07-02,1.125954950609298e-05,1.0,-0.0019361962056603232,-0.06619528390588503,0.5109284859128365,0.5144014401440145,outer_04,sigmoid,0.0,1,row2699_entry2700_exit2705,True,5.0,0.000499875041651048,1.125954950609298e-05,-0.000488615492144955,0.0,-0.000488615492144955,-0.0005111345911571409,-0.0005111345911571409,-0.0005111345911571409
2700,2021-06-25,2701,2706,2021-06-28,2021-07-05,0.0032900389787506867,1.0,0.003458877992540188,-0.06628940587959953,0.5099982545984578,0.5144014401440145,outer_04,sigmoid,0.0,0,,False,5.0,0.0,0.0,0.0,0.0,0.0,0.0,0.0,0.0
2701,2021-06-28,2702,2707,2021-06-29,2021-07-06,0.007098327501808832,1.0,-0.001168493506809476,-0.06926376895167063,0.5026900351057548,0.5144014401440145,outer_04,sigmoid,0.0,0,,False,5.0,0.0,0.0,0.0,0.0,0.0,0.0,0.0,0.0
2702,2021-06-29,2703,2708,2021-06-30,2021-07-07,0.019233956246362816,1.0,-0.010141014732030662,-0.07585820556304679,0.5112787806725638,0.5144014401440145,outer_04,sigmoid,0.0,0,,False,5.0,0.0,0.0,0.0,0.0,0.0,0.0,0.0,0.0
2703,2021-06-30,2704,2709,2021-07-01,2021-07-08,0.018832526719439358,1.0,0.004854529703700372,-0.07561963824244522,0.48981378499818795,0.5144014401440145,outer_04,sigmoid,0.0,0,,False,5.0,0.0,0.0,0.0,0.0,0.0,0.0,0.0,0.0
2704,2021-07-01,2705,2710,2021-07-02,2021-07-09,0.014897375996269169,1.0,0.0038746075877362784,-0.05165629786539583,0.4739611137656329,0.5144014401440145,outer_04,sigmoid,0.0,-1,row2704_entry2705_exit2710,True,5.0,0.000499875041651048,-0.014897375996269169,-0.015397251037920216,0.0,0.014397500954618121,-0.015397251037920216,0.014397500954618121,-0.015397251037920216
2705,2021-07-02,2706,2711,2021-07-05,2021-07-12,0.011604878949238895,1.0,0.006066491660837059,-0.05665256571821864,0.47206496342362836,0.5144014401440145,outer_04,sigmoid,0.0,0,,False,5.0,0.0,0.0,0.0,0.0,0.0,0.0,0.0,0.0
2706,2021-07-05,2707,2712,2021-07-06,2021-07-13,0.00833354371024786,1.0,0.0024587473899071455,-0.058029941113293404,0.47065639313800883,0.5144014401440145,outer_04,sigmoid,0.0,0,,False,5.0,0.0,0.0,0.0,0.0,0.0,0.0,0.0,0.0
2707,2021-07-06,2708,2713,2021-07-07,2021-07-14,0.006459045944336772,1.0,0.002964798007630165,-0.05204813588026447,0.4681157587542182,0.5144014401440145,outer_04,sigmoid,0.0,0,,False,5.0,0.0,0.0,0.0,0.0,0.0,0.0,0.0,0.0
2708,2021-07-07,2709,2714,2021-07-08,2021-07-15,0.013087058051392653,1.0,0.00363269151709833,-0.046210231872318985,0.47007227630305776,0.5144014401440145,outer_04,sigmoid,0.0,0,,False,5.0,0.0,0.0,0.0,0.0,0.0,0.0,0.0,0.0
2709,2021-07-08,2710,2715,2021-07-09,2021-07-16,0.01482626028138423,1.0,-0.0006877541217420458,-0.052573025574721655,0.4850513617317461,0.5144014401440145,outer_04,sigmoid,0.0,-1,row2709_entry2710_exit2715,True,5.0,0.000499875041651048,-0.01482626028138423,-0.015326135323035277,0.0,0.014326385239733182,-0.015326135323035277,-0.015326135323035277,-0.015326135323035277
2710,2021-07-09,2711,2716,2021-07-12,2021-07-19,0.0018346296929330208,1.0,0.003152016658003909,-0.0369837491746523,0.47722363743793234,0.5144014401440145,outer_04,sigmoid,0.0,0,,False,5.0,0.0,0.0,0.0,0.0,0.0,0.0,0.0,0.0
2711,2021-07-12,2712,2717,2021-07-13,2021-07-20,0.0035314537476178742,1.0,-0.0010348043787553607,-0.03275463814764645,0.48245580823708173,0.5144014401440145,outer_04,sigmoid,0.0,0,,False,5.0,0.0,0.0,0.0,0.0,0.0,0.0,0.0,0.0
2712,2021-07-13,2713,2718,2021-07-14,2021-07-21,0.0013542086168651934,1.0,0.0005369038489924094,-0.028234050301668034,0.48339991939823024,0.5144014401440145,outer_04,sigmoid,0.0,0,,False,5.0,0.0,0.0,0.0,0.0,0.0,0.0,0.0,0.0
2713,2021-07-14,2714,2719,2021-07-15,2021-07-22,-0.013003898198704178,0.0,0.01147151746817876,0.009774141910337875,0.4717935263742742,0.5144014401440145,outer_04,sigmoid,0.0,0,,False,5.0,0.0,-0.0,-0.0,0.0,-0.0,-0.0,-0.0,-0.0
2714,2021-07-15,2715,2720,2021-07-16,2021-07-23,-0.012587982598409653,0.0,0.0007983726746303432,0.03146643931336435,0.4726859154610815,0.5144014401440145,outer_04,sigmoid,0.0,-1,row2714_entry2715_exit2720,True,5.0,0.000499875041651048,0.012587982598409653,0.012088107556758605,0.0,-0.0130878576400607,0.012088107556758605,-0.0130878576400607,-0.0130878576400607
2715,2021-07-16,2716,2721,2021-07-19,2021-07-26,-0.004997865697961679,0.0,-0.009854623607293611,0.02628205290015284,0.46824633266698334,0.5144014401440145,outer_04,sigmoid,0.0,0,,False,5.0,0.0,-0.0,-0.0,0.0,-0.0,-0.0,-0.0,-0.0
2716,2021-07-19,2717,2722,2021-07-20,2021-07-27,-0.008120488644376422,0.0,0.0006070439355090329,0.01633025338431171,0.463491078047763,0.5144014401440145,outer_04,sigmoid,0.0,0,,False,5.0,0.0,-0.0,-0.0,0.0,-0.0,-0.0,-0.0,-0.0
2717,2021-07-20,2718,2723,2021-07-21,2021-07-28,-0.0054723032665426885,0.0,-0.0013083623876681827,0.01761602813258012,0.47101727783303327,0.5144014401440145,outer_04,sigmoid,0.0,0,,False,5.0,0.0,-0.0,-0.0,0.0,-0.0,-0.0,-0.0,-0.0
2718,2021-07-21,2719,2724,2021-07-22,2021-07-29,0.001943968910553373,1.0,-0.003774570987454595,0.013970778517349736,0.46885556120092875,0.5144014401440145,outer_04,sigmoid,0.0,0,,False,5.0,0.0,0.0,0.0,0.0,0.0,0.0,0.0,0.0
2719,2021-07-22,2720,2725,2021-07-23,2021-07-30,0.011997602496749415,1.0,0.0016621239116769715,0.01756909863468703,0.4630037553341175,0.5144014401440145,outer_04,sigmoid,0.0,-1,row2719_entry2720_exit2725,True,5.0,0.000499875041651048,-0.011997602496749415,-0.012497477538400463,0.0,0.011497727455098368,-0.012497477538400463,0.011497727455098368,0.011497727455098368
2720,2021-07-23,2721,2726,2021-07-26,2021-08-02,0.006823624846452603,1.0,-0.002488673392215368,0.011621547249931474,0.4705238430027394,0.5144014401440145,outer_04,sigmoid,0.0,0,,False,5.0,0.0,0.0,0.0,0.0,0.0,0.0,0.0,0.0
2721,2021-07-26,2722,2727,2021-07-27,2021-08-03,0.008583791227853688,1.0,-0.0023780563382418407,0.01041198441849911,0.4641409587229717,0.5144014401440145,outer_04,sigmoid,0.0,0,,False,5.0,0.0,0.0,0.0,0.0,0.0,0.0,0.0,0.0
2722,2021-07-27,2723,2728,2021-07-28,2021-08-04,0.005394969299769237,1.0,0.0004560470808607775,0.02100904623139055,0.4706335181504007,0.5144014401440145,outer_04,sigmoid,0.0,0,,False,5.0,0.0,0.0,0.0,0.0,0.0,0.0,0.0,0.0
2723,2021-07-28,2724,2729,2021-07-29,2021-08-05,0.0025916126977980625,1.0,0.004792580687462689,0.020947097215152866,0.4722682568248315,0.5144014401440145,outer_04,sigmoid,0.0,0,,False,5.0,0.0,0.0,0.0,0.0,0.0,0.0,0.0,0.0
2724,2021-07-29,2725,2730,2021-07-30,2021-08-06,-0.013287878811460985,0.0,0.011378702648152661,0.028451192275569248,0.46240740524290486,0.5144014401440145,outer_04,sigmoid,0.0,-1,row2724_entry2725_exit2730,True,5.0,0.000499875041651048,0.013287878811460985,0.012788003769809937,0.0,-0.013787753853112032,0.012788003769809937,-0.013787753853112032,-0.013787753853112032
2725,2021-07-30,2726,2731,2021-08-02,2021-08-09,-0.029937800537501502,0.0,-0.0074188919849227375,0.014965808629809452,0.46690151204017344,0.5144014401440145,outer_04,sigmoid,0.0,0,,False,5.0,0.0,-0.0,-0.0,0.0,-0.0,-0.0,-0.0,-0.0
2726,2021-08-02,2727,2732,2021-08-03,2021-08-10,-0.04776201339016417,0.0,-0.0006450919479696893,0.011861969291932617,0.46932513254698255,0.5144014401440145,outer_04,sigmoid,0.0,0,,False,5.0,0.0,-0.0,-0.0,0.0,-0.0,-0.0,-0.0,-0.0
2727,2021-08-03,2728,2733,2021-08-04,2021-08-11,-0.04551671697002124,0.0,-0.0016504614273653573,0.007246709856937095,0.4747263690538015,0.5144014401440145,outer_04,sigmoid,0.0,0,,False,5.0,0.0,-0.0,-0.0,0.0,-0.0,-0.0,-0.0,-0.0
2728,2021-08-04,2729,2734,2021-08-05,2021-08-12,-0.03407797445591676,0.0,0.0008172912772836938,0.004431309617122459,0.47604056444003784,0.5144014401440145,outer_04,sigmoid,0.0,0,,False,5.0,0.0,-0.0,-0.0,0.0,-0.0,-0.0,-0.0,-0.0
2729,2021-08-05,2730,2735,2021-08-06,2021-08-13,-0.028941089316813162,0.0,-0.004353689666538152,0.0007653740723263525,0.47426303110225176,0.5144014401440145,outer_04,sigmoid,0.0,-1,row2729_entry2730_exit2735,True,5.0,0.000499875041651048,0.028941089316813162,0.028441214275162115,0.0,-0.02944096435846421,0.028441214275162115,0.028441214275162115,-0.02944096435846421
2730,2021-08-06,2731,2736,2021-08-09,2021-08-16,0.010169119540484495,1.0,-0.022737746133961068,-0.025124388719638624,0.4826720120694461,0.5144014401440145,outer_04,sigmoid,0.0,0,,False,5.0,0.0,0.0,0.0,0.0,0.0,0.0,0.0,0.0
2731,2021-08-09,2732,2737,2021-08-10,2021-08-17,0.033170187823140296,1.0,-0.019240392430724285,-0.04332997677160755,0.48371216844503445,0.5144014401440145,outer_04,sigmoid,0.0,0,,False,5.0,0.0,0.0,0.0,0.0,0.0,0.0,0.0,0.0
2732,2021-08-10,2733,2738,2021-08-11,2021-08-18,0.032192677072306,1.0,-0.00048578501498930393,-0.04435266563558926,0.48095239702498954,0.5144014401440145,outer_04,sigmoid,0.0,0,,False,5.0,0.0,0.0,0.0,0.0,0.0,0.0,0.0,0.0
2733,2021-08-11,2734,2739,2021-08-12,2021-08-19,0.020375476349334676,1.0,0.013079744201696109,-0.04274443890207191,0.48088983403455393,0.5144014401440145,outer_04,sigmoid,0.0,0,,False,5.0,0.0,0.0,0.0,0.0,0.0,0.0,0.0,0.0
2734,2021-08-12,2735,2740,2021-08-13,2021-08-20,0.015266435047812443,1.0,0.0007761760026232523,-0.042766635574079004,0.4872895660634893,0.5144014401440145,outer_04,sigmoid,0.0,-1,row2734_entry2735_exit2740,True,5.0,0.000499875041651048,-0.015266435047812443,-0.01576631008946349,0.0,0.014766560006161396,-0.01576631008946349,0.014766560006161396,-0.01576631008946349
2735,2021-08-13,2736,2741,2021-08-16,2021-08-23,0.0013705557388901113,1.0,0.015196071115775034,-0.01771594085101036,0.4729021946221962,0.5144014401440145,outer_04,sigmoid,0.0,0,,False,5.0,0.0,0.0,0.0,0.0,0.0,0.0,0.0,0.0
2736,2021-08-16,2737,2742,2021-08-17,2021-08-24,0.010126372845786769,1.0,0.004227719687230014,-0.014095265099289378,0.47312368014037215,0.5144014401440145,outer_04,sigmoid,0.0,0,,False,5.0,0.0,0.0,0.0,0.0,0.0,0.0,0.0,0.0
2737,2021-08-17,2738,2743,2021-08-18,2021-08-25,0.00898376491765518,1.0,-0.0008060363600543852,-0.01359293907167558,0.48093133172838864,0.5144014401440145,outer_04,sigmoid,0.0,0,,False,5.0,0.0,0.0,0.0,0.0,0.0,0.0,0.0,0.0
2738,2021-08-18,2739,2744,2021-08-19,2021-08-26,0.002045607688506479,1.0,0.0010521957159124184,-0.008766172368308567,0.48003383525908416,0.5144014401440145,outer_04,sigmoid,0.0,0,,False,5.0,0.0,0.0,0.0,0.0,0.0,0.0,0.0,0.0
2739,2021-08-19,2740,2745,2021-08-20,2021-08-27,0.006874649194704041,1.0,-0.004305325512897085,-0.014733621792882623,0.48684418753498393,0.5144014401440145,outer_04,sigmoid,0.0,-1,row2739_entry2740_exit2745,True,5.0,0.000499875041651048,-0.006874649194704041,-0.007374524236355089,0.0,0.006374774153052994,-0.007374524236355089,-0.007374524236355089,-0.007374524236355089
2740,2021-08-20,2741,2746,2021-08-23,2021-08-30,0.02036906825985607,1.0,0.0005279504972470761,-0.011716997903420179,0.48729049610180636,0.5144014401440145,outer_04,sigmoid,0.0,0,,False,5.0,0.0,0.0,0.0,0.0,0.0,0.0,0.0,0.0
2741,2021-08-23,2742,2747,2021-08-24,2021-08-31,0.002539132472416661,1.0,0.01351899500328635,0.004180053438108011,0.47177016379203873,0.5144014401440145,outer_04,sigmoid,0.0,0,,False,5.0,0.0,0.0,0.0,0.0,0.0,0.0,0.0,0.0
2742,2021-08-24,2743,2748,2021-08-25,2021-09-01,0.006663207663653914,1.0,-0.001302657327619805,0.0024213490296274287,0.4340336760187385,0.5278189910979229,outer_05,none,0.0,0,,False,5.0,0.0,0.0,0.0,0.0,0.0,0.0,0.0,0.0
2743,2021-08-25,2744,2749,2021-08-26,2021-09-02,0.012726940161654987,1.0,-0.006957692074108124,-0.009328923731943384,0.4282532326409999,0.5278189910979229,outer_05,none,0.0,0,,False,5.0,0.0,0.0,0.0,0.0,0.0,0.0,0.0,0.0
2744,2021-08-26,2745,2750,2021-08-27,2021-09-03,0.009478375526675187,1.0,0.0007593481138297165,-0.01994827826626633,0.483045450264036,0.5278189910979229,outer_05,none,0.0,-1,row2744_entry2745_exit2750,True,5.0,0.000499875041651048,-0.009478375526675187,-0.009978250568326234,0.0,0.00897850048502414,-0.009978250568326234,0.00897850048502414,-0.009978250568326234
2745,2021-08-27,2746,2751,2021-08-30,2021-09-06,0.005545103020355491,1.0,0.014495175583840059,0.001965789302496468,0.40920944370401374,0.5278189910979229,outer_05,none,0.0,0,,False,5.0,0.0,0.0,0.0,0.0,0.0,0.0,0.0,0.0
2746,2021-08-30,2747,2752,2021-08-31,2021-09-07,0.007447337731789183,1.0,-0.004255818197477446,-0.0016449369470112885,0.4664598148047465,0.5278189910979229,outer_05,none,0.0,0,,False,5.0,0.0,0.0,0.0,0.0,0.0,0.0,0.0,0.0
2747,2021-08-31,2748,2753,2021-09-01,2021-09-08,-0.010721541980601046,0.0,0.002279005177452831,0.0022845296578068996,0.43412128999278143,0.5278189910979229,outer_05,none,0.0,0,,False,5.0,0.0,-0.0,-0.0,0.0,-0.0,-0.0,-0.0,-0.0
2748,2021-09-01,2749,2754,2021-09-02,2021-09-09,-0.013559209932115124,0.0,-0.000270119046964723,0.0011971193335584829,0.45215744128058893,0.5278189910979229,outer_05,none,0.0,0,,False,5.0,0.0,-0.0,-0.0,0.0,-0.0,-0.0,-0.0,-0.0
2749,2021-09-02,2750,2755,2021-09-03,2021-09-10,-0.008669740375021995,0.0,-0.002329356451049591,0.0032214525490470436,0.5362576833070912,0.5278189910979229,outer_05,none,0.0,1,row2749_entry2750_exit2755,True,5.0,0.000499875041651048,-0.008669740375021995,-0.009169615416673042,0.0,-0.009169615416673042,0.008169865333370947,0.008169865333370947,-0.009169615416673042
2750,2021-09-03,2751,2756,2021-09-06,2021-09-13,-0.022647027794517882,0.0,0.009919963452762026,0.03587916213577014,0.5272302722233323,0.5278189910979229,outer_05,none,0.0,0,,False,5.0,0.0,-0.0,-0.0,0.0,-0.0,-0.0,-0.0,-0.0
2751,2021-09-06,2752,2757,2021-09-07,2021-09-14,-0.016672075537681685,0.0,-0.0024378697980624864,0.052681684768431936,0.7201962136828672,0.5278189910979229,outer_05,none,0.0,0,,False,5.0,0.0,-0.0,-0.0,0.0,-0.0,-0.0,-0.0,-0.0
2752,2021-09-07,2753,2758,2021-09-08,2021-09-15,0.004856941234065104,1.0,-0.016157119682898013,0.037010350100523226,0.5120473675969145,0.5278189910979229,outer_05,none,0.0,0,,False,5.0,0.0,0.0,0.0,0.0,0.0,0.0,0.0,0.0
2753,2021-09-08,2754,2759,2021-09-09,2021-09-16,0.002556047445111176,1.0,-0.0025842764319046196,0.021346329466922498,0.45590820415054434,0.5278189910979229,outer_05,none,0.0,0,,False,5.0,0.0,0.0,0.0,0.0,0.0,0.0,0.0,0.0
2754,2021-09-09,2755,2760,2021-09-10,2021-09-17,-0.022721587281874456,0.0,0.0028295192792882062,0.023399672743587452,0.5214201320222659,0.5278189910979229,outer_05,none,0.0,1,row2754_entry2755_exit2760,True,5.0,0.000499875041651048,-0.022721587281874456,-0.023221462323525503,0.0,-0.023221462323525503,0.022221712240223408,-0.023221462323525503,-0.023221462323525503
2755,2021-09-10,2756,2761,2021-09-13,2021-09-20,-0.0187097623022785,0.0,-0.0036570052788125196,0.004546596348999898,0.42222298882818504,0.5278189910979229,outer_05,none,0.0,0,,False,5.0,0.0,-0.0,-0.0,0.0,-0.0,-0.0,-0.0,-0.0
2756,2021-09-13,2757,2762,2021-09-14,2021-09-21,-0.016257412907026314,0.0,0.003105124270415871,0.0034240009321857556,0.4589856471314756,0.5278189910979229,outer_05,none,0.0,0,,False,5.0,0.0,-0.0,-0.0,0.0,-0.0,-0.0,-0.0,-0.0
2757,2021-09-14,2758,2763,2021-09-15,2021-09-22,-0.016207266730189573,0.0,0.006292300489383784,0.010522337781623925,0.5157001685999415,0.5278189910979229,outer_05,none,0.0,0,,False,5.0,0.0,-0.0,-0.0,0.0,-0.0,-0.0,-0.0,-0.0
2758,2021-09-15,2759,2764,2021-09-16,2021-09-23,-0.01431506955663231,0.0,-0.006091581244752398,0.003378560820959109,0.4504704509535167,0.5278189910979229,outer_05,none,0.0,0,,False,5.0,0.0,-0.0,-0.0,0.0,-0.0,-0.0,-0.0,-0.0
2759,2021-09-16,2760,2765,2021-09-17,2021-09-24,-0.005105479315067107,0.0,-0.023128383640022676,-0.015444497306166483,0.39848192461149506,0.5278189910979229,outer_05,none,0.0,-1,row2759_entry2760_exit2765,True,5.0,0.000499875041651048,0.005105479315067107,0.00460560427341606,0.0,-0.005605354356718155,0.00460560427341606,0.00460560427341606,0.00460560427341606
2760,2021-09-17,2761,2766,2021-09-20,2021-09-27,-0.00251710306613262,0.0,0.0006844158777870035,-0.015288031925626555,0.3557585969694745,0.5278189910979229,outer_05,none,0.0,0,,False,5.0,0.0,-0.0,-0.0,0.0,-0.0,-0.0,-0.0,-0.0
2761,2021-09-20,2762,2767,2021-09-21,2021-09-28,-0.007846122757630525,0.0,0.006195419306192385,-0.02261160762272052,0.3862218086822685,0.5278189910979229,outer_05,none,0.0,0,,False,5.0,0.0,-0.0,-0.0,0.0,-0.0,-0.0,-0.0,-0.0
2762,2021-09-21,2763,2768,2021-09-22,2021-09-29,-0.023175334616362342,0.0,0.005126173018707547,-0.016182777276393168,0.4342875807735814,0.5278189910979229,outer_05,none,0.0,0,,False,5.0,0.0,-0.0,-0.0,0.0,-0.0,-0.0,-0.0,-0.0
2763,2021-09-22,2764,2769,2021-09-23,2021-09-30,-0.024022258006489494,0.0,-0.003331567109655431,-0.012556652311940475,0.3902224336450526,0.5278189910979229,outer_05,none,0.0,0,,False,5.0,0.0,-0.0,-0.0,0.0,-0.0,-0.0,-0.0,-0.0
2764,2021-09-23,2765,2770,2021-09-24,2021-10-01,0.006387753618175118,1.0,-0.01453392226602368,-0.02784992269179387,0.4059872410284016,0.5278189910979229,outer_05,none,0.0,-1,row2764_entry2765_exit2770,True,5.0,0.000499875041651048,-0.006387753618175118,-0.006887628659826166,0.0,0.005887878576524071,-0.006887628659826166,-0.006887628659826166,-0.006887628659826166
2765,2021-09-24,2766,2771,2021-09-27,2021-10-04,0.006255361364730483,1.0,0.004146389309221732,-0.0381987089664122,0.4916805229976521,0.5278189910979229,outer_05,none,0.0,0,,False,5.0,0.0,0.0,0.0,0.0,0.0,0.0,0.0,0.0
2766,2021-09-27,2767,2772,2021-09-28,2021-10-05,0.01019535552608275,1.0,0.00024572341382089746,-0.033697167355113855,0.5006309145008628,0.5278189910979229,outer_05,none,0.0,0,,False,5.0,0.0,0.0,0.0,0.0,0.0,0.0,0.0,0.0
2767,2021-09-28,2768,2773,2021-09-29,2021-10-06,0.014778960660935425,1.0,-0.009541706526418281,-0.04551787905898497,0.46397885717892356,0.5278189910979229,outer_05,none,0.0,0,,False,5.0,0.0,0.0,0.0,0.0,0.0,0.0,0.0,0.0
2768,2021-09-29,2769,2774,2021-09-30,2021-10-07,0.02081121879625769,1.0,-0.004086722701422296,-0.04933448271344254,0.4705837664993814,0.5278189910979229,outer_05,none,0.0,0,,False,5.0,0.0,0.0,0.0,0.0,0.0,0.0,0.0,0.0
2769,2021-09-30,2770,2775,2021-10-01,2021-10-08,6.834180014969604e-05,1.0,0.017625800052991636,-0.029379326209401313,0.3806523317418031,0.5278189910979229,outer_05,none,0.0,-1,row2769_entry2770_exit2775,True,5.0,0.000499875041651048,-6.834180014969604e-05,-0.000568216841800744,0.0,-0.0004315332415013519,-0.000568216841800744,-0.0004315332415013519,-0.000568216841800744
2770,2021-10-01,2771,2776,2021-10-04,2021-10-11,-0.002171837476995897,0.0,0.0017001633181212839,-0.037599126344042055,0.42004660072907785,0.5278189910979229,outer_05,none,0.0,0,,False,5.0,0.0,-0.0,-0.0,0.0,-0.0,-0.0,-0.0,-0.0
2771,2021-10-04,2772,2777,2021-10-05,2021-10-12,-0.00841476689084164,0.0,0.005213214810118494,-0.029948041735861075,0.3863543644414535,0.5278189910979229,outer_05,none,0.0,0,,False,5.0,0.0,-0.0,-0.0,0.0,-0.0,-0.0,-0.0,-0.0
2772,2021-10-05,2773,2778,2021-10-06,2021-10-13,0.00038628462840328837,1.0,-0.005372304815624673,-0.019163226868587735,0.37493685492901574,0.5278189910979229,outer_05,none,0.0,0,,False,5.0,0.0,0.0,0.0,0.0,0.0,0.0,0.0,0.0
2773,2021-10-06,2774,2779,2021-10-07,2021-10-14,0.01691838395270917,1.0,0.0017032200646314166,-0.014875730372051699,0.35648255045144006,0.5278189910979229,outer_05,none,0.0,0,,False,5.0,0.0,0.0,0.0,0.0,0.0,0.0,0.0,0.0
2774,2021-10-07,2775,2780,2021-10-08,2021-10-15,0.022568779611219725,1.0,-0.0045255891986979435,-0.02223083885003785,0.4523966750042317,0.5278189910979229,outer_05,none,0.0,-1,row2774_entry2775_exit2780,True,5.0,0.000499875041651048,-0.022568779611219725,-0.023068654652870772,0.0,0.022068904569568677,-0.023068654652870772,-0.023068654652870772,-0.023068654652870772
2775,2021-10-08,2776,2781,2021-10-11,2021-10-18,0.00579432122128587,1.0,0.0012471492301315834,-0.017326684341093745,0.4084206473276417,0.5278189910979229,outer_05,none,0.0,0,,False,5.0,0.0,0.0,0.0,0.0,0.0,0.0,0.0,0.0
2776,2021-10-11,2777,2782,2021-10-12,2021-10-19,0.006331869099696519,1.0,-0.0017031170011101437,-0.02213492561261976,0.40363692944352764,0.5278189910979229,outer_05,none,0.0,0,,False,5.0,0.0,0.0,0.0,0.0,0.0,0.0,0.0,0.0
2777,2021-10-12,2778,2783,2021-10-13,2021-10-20,0.004946003573119917,1.0,0.003460151988243787,-0.024967074113759757,0.41195987253519006,0.5278189910979229,outer_05,none,0.0,0,,False,5.0,0.0,0.0,0.0,0.0,0.0,0.0,0.0,0.0
2778,2021-10-13,2779,2784,2021-10-14,2021-10-21,-0.005805904979117038,0.0,0.018328996011704568,-0.0005464968573027917,0.28098945242340484,0.5278189910979229,outer_05,none,0.0,0,,False,5.0,0.0,-0.0,-0.0,0.0,-0.0,-0.0,-0.0,-0.0
2779,2021-10-14,2780,2785,2021-10-15,2021-10-22,-0.007068272899365624,0.0,0.0017666716775286417,0.024348558460248526,0.282051597871458,0.5278189910979229,outer_05,none,0.0,-1,row2779_entry2780_exit2785,True,5.0,0.000499875041651048,0.007068272899365624,0.006568397857714577,0.0,-0.007568147941016672,0.006568397857714577,-0.007568147941016672,-0.007568147941016672
2780,2021-10-15,2781,2786,2021-10-18,2021-10-25,0.0144660974254327,1.0,-0.015996569362849655,0.007667573219611867,0.23759379956140644,0.5278189910979229,outer_05,none,0.0,0,,False,5.0,0.0,0.0,0.0,0.0,0.0,0.0,0.0,0.0
2781,2021-10-18,2782,2787,2021-10-19,2021-10-26,0.023805982608756437,1.0,-0.0016364901230057072,-0.0001643362095862244,0.2287731174427512,0.5278189910979229,outer_05,none,0.0,0,,False,5.0,0.0,0.0,0.0,0.0,0.0,0.0,0.0,0.0
2782,2021-10-19,2783,2788,2021-10-20,2021-10-27,0.013277350762990636,1.0,0.002524396278200669,-0.0027661129500931025,0.3431976525623112,0.5278189910979229,outer_05,none,0.0,0,,False,5.0,0.0,0.0,0.0,0.0,0.0,0.0,0.0,0.0
2783,2021-10-20,2784,2789,2021-10-21,2021-10-28,0.007878456127986766,1.0,0.00736123626504348,0.007926690424605809,0.3318410739130454,0.5278189910979229,outer_05,none,0.0,0,,False,5.0,0.0,0.0,0.0,0.0,0.0,0.0,0.0,0.0
2784,2021-10-21,2785,2790,2021-10-22,2021-10-29,0.008998458646213514,1.0,0.0007067970608769514,0.02316740975150644,0.2934218811963697,0.5278189910979229,outer_05,none,0.0,-1,row2784_entry2785_exit2790,True,5.0,0.000499875041651048,-0.008998458646213514,-0.009498333687864562,0.0,0.008498583604562467,-0.009498333687864562,0.008498583604562467,0.008498583604562467
2785,2021-10-22,2786,2791,2021-10-25,2021-11-01,-0.005351927747965668,0.0,0.0052293330277892736,0.024250353470073982,0.2985901054626948,0.5278189910979229,outer_05,none,0.0,0,,False,5.0,0.0,-0.0,-0.0,0.0,-0.0,-0.0,-0.0,-0.0
2786,2021-10-25,2787,2792,2021-10-26,2021-11-02,-0.008127212974476272,0.0,0.008199818172517581,0.032204448228770666,0.32019045858624834,0.5278189910979229,outer_05,none,0.0,0,,False,5.0,0.0,-0.0,-0.0,0.0,-0.0,-0.0,-0.0,-0.0
2787,2021-10-26,2788,2793,2021-10-27,2021-11-03,-0.0030440913721188068,0.0,-0.008015752153652578,0.03373040260153637,0.38758830273396166,0.5278189910979229,outer_05,none,0.0,0,,False,5.0,0.0,-0.0,-0.0,0.0,-0.0,-0.0,-0.0,-0.0
2788,2021-10-27,2789,2794,2021-10-28,2021-11-04,-0.01423750963315129,0.0,0.0021671981718265343,0.0399843234747852,0.31427371182847225,0.5278189910979229,outer_05,none,0.0,0,,False,5.0,0.0,-0.0,-0.0,0.0,-0.0,-0.0,-0.0,-0.0
2789,2021-10-28,2790,2795,2021-10-29,2021-11-05,-0.004667752027637917,0.0,0.0010679423658706,0.023426465787664164,0.2836947431519768,0.5278189910979229,outer_05,none,0.0,-1,row2789_entry2790_exit2795,True,5.0,0.000499875041651048,0.004667752027637917,0.0041678769859868695,0.0,-0.0051676270692889645,0.0041678769859868695,-0.0051676270692889645,-0.0051676270692889645
2790,2021-10-29,2791,2796,2021-11-01,2021-11-08,0.017966335362522123,1.0,-0.008839213392517031,0.012887089077025848,0.29566437037997456,0.5278189910979229,outer_05,none,0.0,0,,False,5.0,0.0,0.0,0.0,0.0,0.0,0.0,0.0,0.0
2791,2021-11-01,2792,2797,2021-11-02,2021-11-09,0.017395589466401518,1.0,0.00571561153097111,0.013389485797878464,0.38868460308152863,0.5278189910979229,outer_05,none,0.0,0,,False,5.0,0.0,0.0,0.0,0.0,0.0,0.0,0.0,0.0
2792,2021-11-02,2793,2798,2021-11-03,2021-11-10,0.024299181586549423,1.0,-0.002993546010499948,0.01576824460300319,0.3420640558546442,0.5278189910979229,outer_05,none,0.0,0,,False,5.0,0.0,0.0,0.0,0.0,0.0,0.0,0.0,0.0
2793,2021-11-03,2794,2799,2021-11-04,2021-11-11,0.04289216795557138,1.0,-0.010090789526763011,0.003974235011608762,0.324989263786744,0.5278189910979229,outer_05,none,0.0,0,,False,5.0,0.0,0.0,0.0,0.0,0.0,0.0,0.0,0.0
2794,2021-11-04,2795,2800,2021-11-05,2021-11-12,0.03868136621394225,1.0,0.012253073337766374,0.02075289754807308,0.33630448440384536,0.5278189910979229,outer_05,none,0.0,-1,row2794_entry2795_exit2800,True,5.0,0.000499875041651048,-0.03868136621394225,-0.039181241255593295,0.0,0.0381814911722912,-0.039181241255593295,0.0381814911722912,0.0381814911722912
2795,2021-11-05,2796,2801,2021-11-08,2021-11-15,0.027754817557387845,1.0,0.014478511981754316,0.03398426029969581,0.37441550655465494,0.5278189910979229,outer_05,none,0.0,0,,False,5.0,0.0,0.0,0.0,0.0,0.0,0.0,0.0,0.0
2796,2021-11-08,2797,2802,2021-11-09,2021-11-16,0.02104027607645964,1.0,0.003459660011232657,0.03914703731203861,0.3225813667188302,0.5278189910979229,outer_05,none,0.0,0,,False,5.0,0.0,0.0,0.0,0.0,0.0,0.0,0.0,0.0
2797,2021-11-09,2798,2803,2021-11-10,2021-11-17,0.01012545860498637,1.0,0.004124935413202024,0.03981182073699685,0.3103232733496563,0.5278189910979229,outer_05,none,0.0,0,,False,5.0,0.0,0.0,0.0,0.0,0.0,0.0,0.0,0.0
2798,2021-11-10,2799,2804,2021-11-11,2021-11-18,0.00929157582915785,1.0,0.009395148781042195,0.030877973506334477,0.3501776056787618,0.5278189910979229,outer_05,none,0.0,0,,False,5.0,0.0,0.0,0.0,0.0,0.0,0.0,0.0,0.0
2799,2021-11-11,2800,2805,2021-11-12,2021-11-19,-0.0013759966051152261,0.0,0.0068989208449403705,0.036010222673746206,0.3940146211348421,0.5278189910979229,outer_05,none,0.0,-1,row2799_entry2800_exit2805,True,5.0,0.000499875041651048,0.0013759966051152261,0.0008761215634641782,0.0,-0.001875871646766274,0.0008761215634641782,-0.001875871646766274,-0.001875871646766274
2800,2021-11-12,2801,2806,2021-11-15,2021-11-22,-0.013265297053938419,0.0,0.0013848187456710903,0.05339161078226695,0.44967004687708584,0.5278189910979229,outer_05,none,0.0,0,,False,5.0,0.0,-0.0,-0.0,0.0,-0.0,-0.0,-0.0,-0.0
2801,2021-11-15,2802,2807,2021-11-16,2021-11-23,-0.03000440274927918,0.0,-0.000880050284055578,0.05414805062121708,0.45140737915432816,0.5278189910979229,outer_05,none,0.0,0,,False,5.0,0.0,-0.0,-0.0,0.0,-0.0,-0.0,-0.0,-0.0
2802,2021-11-16,2803,2808,2021-11-17,2021-11-24,-0.03360266029214909,0.0,-0.006857588372452206,0.044766065970564206,0.4607994193320577,0.5278189910979229,outer_05,none,0.0,0,,False,5.0,0.0,-0.0,-0.0,0.0,-0.0,-0.0,-0.0,-0.0
2803,2021-11-17,2804,2809,2021-11-18,2021-11-25,-0.04286718542119061,0.0,0.009366905793273261,0.04677173549879399,0.5346620804801713,0.5278189910979229,outer_05,none,0.0,0,,False,5.0,0.0,-0.0,-0.0,0.0,-0.0,-0.0,-0.0,-0.0
2804,2021-11-18,2805,2810,2021-11-19,2021-11-26,-0.03766275378386208,0.0,-0.004605235985109424,0.04145970245280761,0.4995376088395287,0.5278189910979229,outer_05,none,0.0,-1,row2804_entry2805_exit2810,True,5.0,0.000499875041651048,0.03766275378386208,0.03716287874221103,0.0,-0.03816262882551313,0.03716287874221103,0.03716287874221103,-0.03816262882551313
2805,2021-11-19,2806,2811,2021-11-22,2021-11-29,-0.0295610278559284,0.0,-0.007077888698041157,0.02915248072697718,0.37974388706791146,0.5278189910979229,outer_05,none,0.0,0,,False,5.0,0.0,-0.0,-0.0,0.0,-0.0,-0.0,-0.0,-0.0
2806,2021-11-22,2807,2812,2021-11-23,2021-11-30,-0.012735622107252098,0.0,-0.022425449488083338,-0.0014727869336237376,0.306288922729531,0.5278189910979229,outer_05,none,0.0,0,,False,5.0,0.0,-0.0,-0.0,0.0,-0.0,-0.0,-0.0,-0.0
2807,2021-11-23,2808,2813,2021-11-24,2021-12-01,-0.007399732503392542,0.0,-0.008619855545283883,-0.002076890325255043,0.3433696241098185,0.5278189910979229,outer_05,none,0.0,0,,False,5.0,0.0,-0.0,-0.0,0.0,-0.0,-0.0,-0.0,-0.0
2808,2021-11-24,2809,2814,2021-11-25,2021-12-02,-0.0036140465905925012,0.0,-0.0003577497578621802,-0.0046018382549437575,0.30310274836261114,0.5278189910979229,outer_05,none,0.0,0,,False,5.0,0.0,-0.0,-0.0,0.0,-0.0,-0.0,-0.0,-0.0
2809,2021-11-25,2810,2815,2021-11-26,2021-12-03,-0.01168506669409286,0.0,-0.00012300604422499362,-0.005792786665039351,0.4357243278098474,0.5278189910979229,outer_05,none,0.0,-1,row2809_entry2810_exit2815,True,5.0,0.000499875041651048,0.01168506669409286,0.011185191652441813,0.0,-0.012184941735743908,0.011185191652441813,0.011185191652441813,0.011185191652441813
2810,2021-11-26,2811,2816,2021-11-29,2021-12-06,-0.0036577243604600795,0.0,0.001363402906712885,0.004409829634190565,0.47533932704753185,0.5278189910979229,outer_05,none,0.0,0,,False,5.0,0.0,-0.0,-0.0,0.0,-0.0,-0.0,-0.0,-0.0
2811,2021-11-29,2812,2817,2021-11-30,2021-12-07,-0.0034735799014704583,0.0,-0.0032999453854341,-0.0046057272822146444,0.47858805930122483,0.5278189910979229,outer_05,none,0.0,0,,False,5.0,0.0,-0.0,-0.0,0.0,-0.0,-0.0,-0.0,-0.0
2812,2021-11-30,2813,2818,2021-12-01,2021-12-08,0.004881332873666544,1.0,-0.005916761422356309,-0.007528942694071006,0.482877871564681,0.5278189910979229,outer_05,none,0.0,0,,False,5.0,0.0,0.0,0.0,0.0,0.0,0.0,0.0,0.0
2813,2021-12-01,2814,2819,2021-12-02,2021-12-09,0.0008977265679099844,1.0,0.004189742119256934,0.006751588951948939,0.4967786768356696,0.5278189910979229,outer_05,none,0.0,0,,False,5.0,0.0,0.0,0.0,0.0,0.0,0.0,0.0,0.0
2814,2021-12-02,2815,2820,2021-12-03,2021-12-10,0.003564925397948393,1.0,-0.007593803743882077,-0.013095288129699512,0.48838877332570074,0.5278189910979229,outer_05,none,0.0,-1,row2814_entry2815_exit2820,True,5.0,0.000499875041651048,-0.003564925397948393,-0.0040648004395994405,0.0,0.003065050356297345,-0.0040648004395994405,-0.0040648004395994405,-0.0040648004395994405
2815,2021-12-03,2816,2821,2021-12-06,2021-12-13,0.0004320054376441007,1.0,0.00871558435151254,-0.018858215759941288,0.38049224724638425,0.5278189910979229,outer_05,none,0.0,0,,False,5.0,0.0,0.0,0.0,0.0,0.0,0.0,0.0,0.0
2816,2021-12-06,2817,2822,2021-12-07,2021-12-14,0.003938426580447185,1.0,-0.003093552891715312,-0.025411428662889257,0.36856626113886143,0.5278189910979229,outer_05,none,0.0,0,,False,5.0,0.0,0.0,0.0,0.0,0.0,0.0,0.0,0.0
2817,2021-12-07,2818,2823,2021-12-08,2021-12-15,-0.007401525336145021,0.0,0.003250501805166728,-0.026285862270924554,0.37785237940599364,0.5278189910979229,outer_05,none,0.0,0,,False,5.0,0.0,-0.0,-0.0,0.0,-0.0,-0.0,-0.0,-0.0
2818,2021-12-08,2819,2824,2021-12-09,2021-12-16,-0.0026618611670485848,0.0,-0.0009364530425148843,-0.03661746409448163,0.37314442911425305,0.5278189910979229,outer_05,none,0.0,0,,False,5.0,0.0,-0.0,-0.0,0.0,-0.0,-0.0,-0.0,-0.0
2819,2021-12-09,2820,2825,2021-12-10,2021-12-17,0.012533806280059068,1.0,-0.004137603510278254,-0.04765398844970026,0.3464288557843921,0.5278189910979229,outer_05,none,0.0,-1,row2819_entry2820_exit2825,True,5.0,0.000499875041651048,-0.012533806280059068,-0.013033681321710115,0.0,0.01203393123840802,-0.013033681321710115,-0.013033681321710115,-0.013033681321710115
2820,2021-12-10,2821,2826,2021-12-13,2021-12-20,0.009790537809535316,1.0,0.004322720653496148,-0.0447160865418752,0.40605828318548287,0.5278189910979229,outer_05,none,0.0,0,,False,5.0,0.0,0.0,0.0,0.0,0.0,0.0,0.0,0.0
2821,2021-12-13,2822,2827,2021-12-14,2021-12-21,0.0027119608429639896,1.0,0.002336259855114875,-0.04149977640270475,0.46702851427303826,0.5278189910979229,outer_05,none,0.0,0,,False,5.0,0.0,0.0,0.0,0.0,0.0,0.0,0.0,0.0
2822,2021-12-14,2823,2828,2021-12-15,2021-12-22,0.009791360444470598,1.0,-0.009225463665726075,-0.043867651695978616,0.48477762111522643,0.5278189910979229,outer_05,none,0.0,0,,False,5.0,0.0,0.0,0.0,0.0,0.0,0.0,0.0,0.0
2823,2021-12-15,2824,2829,2021-12-16,2021-12-23,0.0138436987670163,1.0,0.003670018523115104,-0.04956453896613677,0.39912582324123935,0.5278189910979229,outer_05,none,0.0,0,,False,5.0,0.0,0.0,0.0,0.0,0.0,0.0,0.0,0.0
2824,2021-12-16,2825,2830,2021-12-17,2021-12-27,0.004206023357588684,1.0,0.01226487714585911,-0.03269442583516824,0.35483115009575456,0.5278189910979229,outer_05,none,0.0,-1,row2824_entry2825_exit2830,True,5.0,0.000499875041651048,-0.004206023357588684,-0.004705898399239732,0.0,0.003706148315937636,-0.004705898399239732,0.003706148315937636,-0.004705898399239732
2825,2021-12-17,2826,2831,2021-12-20,2021-12-28,0.006223960111560345,1.0,-0.0005782596769412507,-0.026194796814068333,0.3957537917075533,0.5278189910979229,outer_05,none,0.0,0,,False,5.0,0.0,0.0,0.0,0.0,0.0,0.0,0.0,0.0
2826,2021-12-20,2827,2832,2021-12-21,2021-12-29,0.00876203706540224,1.0,-0.004280608941949815,-0.00804995626793481,0.26600129249120474,0.5278189910979229,outer_05,none,0.0,0,,False,5.0,0.0,0.0,0.0,0.0,0.0,0.0,0.0,0.0
2827,2021-12-21,2828,2833,2021-12-22,2021-12-30,0.008261519245635895,1.0,-0.0009332398908084016,-0.00036334061345932867,0.3365410099591908,0.5278189910979229,outer_05,none,0.0,0,,False,5.0,0.0,0.0,0.0,0.0,0.0,0.0,0.0,0.0
2828,2021-12-22,2829,2834,2021-12-23,2021-12-31,0.006363057261899563,1.0,0.008301436527424322,0.008295845671827173,0.4425963890039379,0.5278189910979229,outer_05,none,0.0,0,,False,5.0,0.0,0.0,0.0,0.0,0.0,0.0,0.0,0.0
2829,2021-12-23,2830,2835,2021-12-27,2022-01-03,0.01356232634260035,1.0,0.0023371095842668055,0.010755961300318972,0.47948793615584406,0.5278189910979229,outer_05,none,0.0,-1,row2829_entry2830_exit2835,True,5.0,0.000499875041651048,-0.01356232634260035,-0.014062201384251398,0.0,0.013062451300949303,-0.014062201384251398,0.013062451300949303,0.013062451300949303
2830,2021-12-27,2831,2836,2021-12-28,2022-01-04,-0.005030433877454499,0.0,0.0022433551421494613,0.011635913535755549,0.4699515356523105,0.5278189910979229,outer_05,none,0.0,0,,False,5.0,0.0,-0.0,-0.0,0.0,-0.0,-0.0,-0.0,-0.0
2831,2021-12-28,2832,2837,2021-12-29,2022-01-05,0.004021660486174916,1.0,-0.0031454302526441325,0.011790428668545516,0.4711634325749966,0.5278189910979229,outer_05,none,0.0,0,,False,5.0,0.0,0.0,0.0,0.0,0.0,0.0,0.0,0.0
2832,2021-12-29,2833,2838,2021-12-30,2022-01-06,0.0035143390617076165,1.0,-0.0012354469539825885,0.016471743136919237,0.48032656109653404,0.5278189910979229,outer_05,none,0.0,0,,False,5.0,0.0,0.0,0.0,0.0,0.0,0.0,0.0,0.0
2833,2021-12-30,2834,2839,2021-12-31,2022-01-07,-0.013012480394888115,0.0,0.006178556148936032,0.018460557166598335,0.5045050077578023,0.5278189910979229,outer_05,none,0.0,0,,False,5.0,0.0,-0.0,-0.0,0.0,-0.0,-0.0,-0.0,-0.0
2834,2021-12-31,2835,2840,2022-01-03,2022-01-10,-0.01968300350466734,0.0,0.00724062065160247,0.03329498156208288,0.5390738479458612,0.5278189910979229,outer_05,none,0.0,1,row2834_entry2835_exit2840,True,5.0,0.000499875041651048,-0.01968300350466734,-0.020182878546318388,0.0,-0.020182878546318388,0.019183128463016293,-0.020182878546318388,-0.020182878546318388
2835,2022-01-03,2836,2841,2022-01-04,2022-01-11,-0.0011379817874255238,0.0,-0.014917055086754338,0.009662342123816003,0.3730839073026339,0.5278189910979229,outer_05,none,0.0,0,,False,5.0,0.0,-0.0,-0.0,0.0,-0.0,-0.0,-0.0,-0.0
2836,2022-01-04,2837,2842,2022-01-05,2022-01-12,0.0034672762709488936,1.0,0.00727967900762394,0.020035574023155256,0.40916338190143575,0.5278189910979229,outer_05,none,0.0,0,,False,5.0,0.0,0.0,0.0,0.0,0.0,0.0,0.0,0.0
2837,2022-01-05,2838,2843,2022-01-06,2022-01-13,0.008647299086952387,1.0,-0.0021131683583410776,0.01467190385964745,0.4784978978203612,0.5278189910979229,outer_05,none,0.0,0,,False,5.0,0.0,0.0,0.0,0.0,0.0,0.0,0.0,0.0
2838,2022-01-06,2839,2844,2022-01-07,2022-01-14,0.01678022692952741,1.0,-0.01156043705850518,0.004047919843657155,0.3411482408147644,0.5278189910979229,outer_05,none,0.0,0,,False,5.0,0.0,0.0,0.0,0.0,0.0,0.0,0.0,0.0
2839,2022-01-07,2840,2845,2022-01-10,2022-01-17,0.01240222967148874,1.0,0.0036698107565955596,0.011855334110530968,0.3734544066203081,0.5278189910979229,outer_05,none,0.0,-1,row2839_entry2840_exit2845,True,5.0,0.000499875041651048,-0.01240222967148874,-0.012902104713139788,0.0,0.011902354629837693,-0.012902104713139788,0.011902354629837693,0.011902354629837693
2840,2022-01-10,2841,2846,2022-01-11,2022-01-18,0.009871082837056733,1.0,0.0029961195178689337,0.010528732974903754,0.39364013790650937,0.5278189910979229,outer_05,none,0.0,0,,False,5.0,0.0,0.0,0.0,0.0,0.0,0.0,0.0,0.0
2841,2022-01-11,2842,2847,2022-01-12,2022-01-19,-0.003334969053397252,0.0,0.01089679355201767,0.01908926667180655,0.46531531030620893,0.5278189910979229,outer_05,none,0.0,0,,False,5.0,0.0,-0.0,-0.0,0.0,-0.0,-0.0,-0.0,-0.0
2842,2022-01-12,2843,2848,2022-01-13,2022-01-20,0.007866968379588002,1.0,0.002582542688853273,0.030897273026385896,0.4911706661296324,0.5278189910979229,outer_05,none,0.0,0,,False,5.0,0.0,0.0,0.0,0.0,0.0,0.0,0.0,0.0
2843,2022-01-13,2844,2849,2022-01-14,2022-01-21,0.009708469343607362,1.0,-0.001880044951312776,0.025347209551958017,0.4942889229909063,0.5278189910979229,outer_05,none,0.0,0,,False,5.0,0.0,0.0,0.0,0.0,0.0,0.0,0.0,0.0
2844,2022-01-14,2845,2850,2022-01-17,2022-01-24,0.008520015925099322,1.0,-0.0028404661636258766,0.01024186624247303,0.4418067516640294,0.5278189910979229,outer_05,none,0.0,-1,row2844_entry2845_exit2850,True,5.0,0.000499875041651048,-0.008520015925099322,-0.00901989096675037,0.0,0.008020140883448275,-0.00901989096675037,-0.00901989096675037,0.008020140883448275
2845,2022-01-17,2846,2851,2022-01-18,2022-01-25,0.013427786756275317,1.0,0.0008634320583711386,0.01168355797778542,0.6074325038320019,0.5278189910979229,outer_05,none,0.0,0,,False,5.0,0.0,0.0,0.0,0.0,0.0,0.0,0.0,0.0
2846,2022-01-18,2847,2852,2022-01-19,2022-01-26,0.018249508951877047,1.0,-0.0029784128535848,0.012985754066150434,0.4447604774816454,0.5278189910979229,outer_05,none,0.0,0,,False,5.0,0.0,0.0,0.0,0.0,0.0,0.0,0.0,0.0
2847,2022-01-19,2848,2853,2022-01-20,2022-01-27,-0.011098201664403007,0.0,0.014738946681475795,0.02865794063843463,0.4175739480779893,0.5278189910979229,outer_05,none,0.0,0,,False,5.0,0.0,-0.0,-0.0,0.0,-0.0,-0.0,-0.0,-0.0
2848,2022-01-20,2849,2854,2022-01-21,2022-01-28,-0.023077778038381958,0.0,-0.000597800113451008,0.0197587039975593,0.41135662048043453,0.5278189910979229,outer_05,none,0.0,0,,False,5.0,0.0,-0.0,-0.0,0.0,-0.0,-0.0,-0.0,-0.0
2849,2022-01-21,2850,2855,2022-01-24,2022-01-31,-0.024264966578743774,0.0,-0.002667277911160504,0.014754316502131992,0.3730634772999171,0.5278189910979229,outer_05,none,0.0,-1,row2849_entry2850_exit2855,True,5.0,0.000499875041651048,0.024264966578743774,0.023765091537092727,0.0,-0.02476484162039482,0.023765091537092727,0.023765091537092727,-0.02476484162039482
2850,2022-01-24,2851,2856,2022-01-25,2022-02-01,-0.024910912455882617,0.0,0.004638663596963077,0.01714962495694561,0.3773927907506322,0.5278189910979229,outer_05,none,0.0,0,,False,5.0,0.0,-0.0,-0.0,0.0,-0.0,-0.0,-0.0,-0.0
2851,2022-01-25,2852,2857,2022-01-26,2022-02-02,-0.025474790031820405,0.0,0.0024547203352520697,0.02274977554484181,0.469379483967859,0.5278189910979229,outer_05,none,0.0,0,,False,5.0,0.0,-0.0,-0.0,0.0,-0.0,-0.0,-0.0,-0.0
2852,2022-01-26,2853,2858,2022-01-27,2022-02-03,-0.007141252848766655,0.0,-0.01573727498089106,0.00824794751793334,0.3823214055776517,0.5278189910979229,outer_05,none,0.0,0,,False,5.0,0.0,-0.0,-0.0,0.0,-0.0,-0.0,-0.0,-0.0
2853,2022-01-27,2854,2859,2022-01-28,2022-02-04,0.004164243545750956,1.0,-0.012247286293039394,-0.010177894924042086,0.3785575252926862,0.5278189910979229,outer_05,none,0.0,0,,False,5.0,0.0,0.0,0.0,0.0,0.0,0.0,0.0,0.0
2854,2022-01-28,2855,2860,2022-01-31,2022-02-07,0.01087991518838205,1.0,-0.002853736873762891,-0.020272252449407446,0.41602917820218194,0.5278189910979229,outer_05,none,0.0,-1,row2854_entry2855_exit2860,True,5.0,0.000499875041651048,-0.01087991518838205,-0.011379790230033097,0.0,0.010380040146731002,-0.011379790230033097,-0.011379790230033097,-0.011379790230033097
2855,2022-01-31,2856,2861,2022-02-01,2022-02-08,0.0130932505985637,1.0,0.002953915525775841,-0.002401281836877267,0.3614295990364622,0.5278189910979229,outer_05,none,0.0,0,,False,5.0,0.0,0.0,0.0,0.0,0.0,0.0,0.0,0.0
2856,2022-02-01,2857,2862,2022-02-02,2022-02-09,0.013637690444223693,1.0,0.002234712335368094,-0.007446248509133113,0.41851347552682266,0.5278189910979229,outer_05,none,0.0,0,,False,5.0,0.0,0.0,0.0,0.0,0.0,0.0,0.0,0.0
2857,2022-02-02,2858,2863,2022-02-03,2022-02-10,0.01417730797217498,1.0,0.0033039921845094966,-0.002029087966282539,0.4302281321903509,0.5278189910979229,outer_05,none,0.0,0,,False,5.0,0.0,0.0,0.0,0.0,0.0,0.0,0.0,0.0
2858,2022-02-03,2859,2864,2022-02-04,2022-02-11,0.01237874003663908,1.0,-0.0010964245479208046,0.008434924544301836,0.4290408021725966,0.5278189910979229,outer_05,none,0.0,0,,False,5.0,0.0,0.0,0.0,0.0,0.0,0.0,0.0,0.0
2859,2022-02-04,2860,2865,2022-02-07,2022-02-14,0.025833839879159548,1.0,0.0016386548984401728,0.006403768686146449,0.41514536963583304,0.5278189910979229,outer_05,none,0.0,-1,row2859_entry2860_exit2865,True,5.0,0.000499875041651048,-0.025833839879159548,-0.026333714920810596,0.0,0.0253339648375085,-0.026333714920810596,0.0253339648375085,0.0253339648375085
2860,2022-02-07,2861,2866,2022-02-08,2022-02-15,0.02674757277623563,1.0,0.006967440101345979,0.010375089269623494,0.4160453812329375,0.5278189910979229,outer_05,none,0.0,0,,False,5.0,0.0,0.0,0.0,0.0,0.0,0.0,0.0,0.0
2861,2022-02-08,2862,2867,2022-02-09,2022-02-16,0.015262907786079971,1.0,0.0030440088114493946,0.0025223045290552193,0.43671492523290734,0.5278189910979229,outer_05,none,0.0,0,,False,5.0,0.0,0.0,0.0,0.0,0.0,0.0,0.0,0.0
2862,2022-02-09,2863,2868,2022-02-10,2022-02-17,0.02004609892031528,1.0,0.003738832965074934,0.00367859480527688,0.4621192407254549,0.5278189910979229,outer_05,none,0.0,0,,False,5.0,0.0,0.0,0.0,0.0,0.0,0.0,0.0,0.0
2863,2022-02-10,2864,2869,2022-02-11,2022-02-18,0.03833565233365288,1.0,-0.0033446126674796517,0.0022140270891100045,0.38490035173447606,0.5278189910979229,outer_05,none,0.0,0,,False,5.0,0.0,0.0,0.0,0.0,0.0,0.0,0.0,0.0
2864,2022-02-11,2865,2870,2022-02-14,2022-02-21,0.024841635015367736,1.0,0.01748951851994729,0.02254401177268317,0.5124906995870016,0.5278189910979229,outer_05,none,0.0,1,row2864_entry2865_exit2870,True,5.0,0.000499875041651048,0.024841635015367736,0.024341759973716688,0.0,0.024341759973716688,-0.025341510057018783,0.024341759973716688,0.024341759973716688
2865,2022-02-14,2866,2871,2022-02-15,2022-02-22,0.021906617374483517,1.0,0.006840529311419097,0.02852110902573113,0.5994899370278081,0.5278189910979229,outer_05,none,0.0,0,,False,5.0,0.0,0.0,0.0,0.0,0.0,0.0,0.0,0.0
2866,2022-02-15,2867,2872,2022-02-16,2022-02-23,0.024026268037956378,1.0,-0.009868271540479867,0.02163125033883606,0.5849420065633699,0.5278189910979229,outer_05,none,0.0,0,,False,5.0,0.0,0.0,0.0,0.0,0.0,0.0,0.0,0.0
2867,2022-02-16,2868,2873,2022-02-17,2022-02-24,0.021135074624430317,1.0,0.008403320493349575,0.015295624150709841,0.592893399250454,0.5278189910979229,outer_05,none,0.0,0,,False,5.0,0.0,0.0,0.0,0.0,0.0,0.0,0.0,0.0
2868,2022-02-17,2869,2874,2022-02-18,2022-02-25,0.004104925623587441,1.0,0.01552888063778024,0.03142230490194109,0.6652987201973474,0.5278189910979229,outer_05,none,0.0,0,,False,5.0,0.0,0.0,0.0,0.0,0.0,0.0,0.0,0.0
2869,2022-02-18,2870,2875,2022-02-21,2022-02-28,0.009025969557978186,1.0,-0.00047950385443940036,0.03361007895866219,0.6556717751045675,0.5278189910979229,outer_05,none,0.0,1,row2869_entry2870_exit2875,True,5.0,0.000499875041651048,0.009025969557978186,0.008526094516327139,0.0,0.008526094516327139,-0.009525844599629234,-0.009525844599629234,0.008526094516327139
2870,2022-02-21,2871,2876,2022-02-22,2022-03-01,-0.0019370212584783886,0.0,0.003220377441129685,0.0321917928028288,0.668753557330973,0.5278189910979229,outer_05,none,0.0,0,,False,5.0,0.0,-0.0,-0.0,0.0,-0.0,-0.0,-0.0,-0.0
2871,2022-02-22,2872,2877,2022-02-23,2022-03-02,0.022942839639425117,1.0,-0.0026091820081761696,0.02712789045940056,0.5762035024008357,0.5278189910979229,outer_05,none,0.0,0,,False,5.0,0.0,0.0,0.0,0.0,0.0,0.0,0.0,0.0
2872,2022-02-23,2873,2878,2022-02-24,2022-03-03,0.01014840465478617,1.0,0.005033400178564129,0.04789856561885575,0.6726397309158186,0.5278189910979229,outer_05,none,0.0,0,,False,5.0,0.0,0.0,0.0,0.0,0.0,0.0,0.0,0.0
2873,2022-02-24,2874,2879,2022-02-25,2022-03-04,0.015726720227378976,1.0,-0.0022613701151437127,0.05788448179675143,0.7924340372393698,0.5278189910979229,outer_05,none,0.0,0,,False,5.0,0.0,0.0,0.0,0.0,0.0,0.0,0.0,0.0
2874,2022-02-25,2875,2880,2022-02-28,2022-03-07,0.03121936624811994,1.0,-0.008185656541720654,0.05255256212879367,0.6264880480314019,0.5278189910979229,outer_05,none,0.0,1,row2874_entry2875_exit2880,True,5.0,0.000499875041651048,0.03121936624811994,0.030719491206468892,0.0,0.030719491206468892,-0.03171924128977099,-0.03171924128977099,0.030719491206468892
2875,2022-02-28,2876,2881,2022-03-01,2022-03-08,0.045548427190213125,1.0,0.010541357874802593,0.06014000447782042,0.5450999687237522,0.5278189910979229,outer_05,none,0.0,0,,False,5.0,0.0,0.0,0.0,0.0,0.0,0.0,0.0,0.0
2876,2022-03-01,2877,2882,2022-03-02,2022-03-09,0.05362179420565649,1.0,0.019157544763686474,0.0770628369061388,0.6448868024081028,0.5278189910979229,outer_05,none,0.0,0,,False,5.0,0.0,0.0,0.0,0.0,0.0,0.0,0.0,0.0
2877,2022-03-02,2878,2883,2022-03-03,2022-03-10,0.03193220296397481,1.0,-0.009068483281026829,0.06469036144060247,0.6763916469532337,0.5278189910979229,outer_05,none,0.0,0,,False,5.0,0.0,0.0,0.0,0.0,0.0,0.0,0.0,0.0
2878,2022-03-03,2879,2884,2022-03-04,2022-03-11,0.030825481428411905,1.0,0.004663291950962822,0.0704500779394861,0.6135992216783992,0.5278189910979229,outer_05,none,0.0,0,,False,5.0,0.0,0.0,0.0,0.0,0.0,0.0,0.0,0.0
2879,2022-03-04,2880,2885,2022-03-07,2022-03-14,-0.00047469953421419575,0.0,0.016957368824534136,0.08576879186558006,0.6458911442441285,0.5278189910979229,outer_05,none,0.0,1,row2879_entry2880_exit2885,True,5.0,0.000499875041651048,-0.00047469953421419575,-0.0009745745758652437,0.0,-0.0009745745758652437,-2.5175507436852197e-05,-0.0009745745758652437,-0.0009745745758652437
2880,2022-03-07,2881,2886,2022-03-08,2022-03-15,-0.02225120976715278,0.0,0.013864673138634487,0.09266602490286857,0.638171895935095,0.5278189910979229,outer_05,none,0.0,0,,False,5.0,0.0,-0.0,-0.0,0.0,-0.0,-0.0,-0.0,-0.0
2881,2022-03-08,2882,2887,2022-03-09,2022-03-16,-0.06546219512194806,0.0,0.026146733722162807,0.11576874981358198,0.706061229610577,0.5278189910979229,outer_05,none,0.0,0,,False,5.0,0.0,-0.0,-0.0,0.0,-0.0,-0.0,-0.0,-0.0
2882,2022-03-09,2883,2888,2022-03-10,2022-03-17,-0.03376358653321265,0.0,-0.028578038073256096,0.08345187877525095,0.6288915201000593,0.5278189910979229,outer_05,none,0.0,0,,False,5.0,0.0,-0.0,-0.0,0.0,-0.0,-0.0,-0.0,-0.0
2883,2022-03-10,2884,2889,2022-03-11,2022-03-18,-0.028015397313441603,0.0,0.0018152647648417286,0.08861175620757233,0.7229762059403921,0.5278189910979229,outer_05,none,0.0,0,,False,5.0,0.0,-0.0,-0.0,0.0,-0.0,-0.0,-0.0,-0.0
2884,2022-03-11,2885,2890,2022-03-14,2022-03-21,-0.02797736280741514,0.0,-0.005420448664678723,0.06570178902294632,0.8149835473105383,0.5278189910979229,outer_05,none,0.0,1,row2884_entry2885_exit2890,True,5.0,0.000499875041651048,-0.02797736280741514,-0.028477237849066188,0.0,-0.028477237849066188,0.027477487765764093,0.027477487765764093,-0.028477237849066188
2885,2022-03-14,2886,2891,2022-03-15,2022-03-22,-0.008818875433452611,0.0,-0.017162177646528498,0.04169908206499873,0.8232742578926631,0.5278189910979229,outer_05,none,0.0,0,,False,5.0,0.0,-0.0,-0.0,0.0,-0.0,-0.0,-0.0,-0.0
2886,2022-03-15,2887,2892,2022-03-16,2022-03-23,0.0005935398054166541,1.0,-0.01751401707267064,0.034053336532807954,0.8026207889015546,0.5278189910979229,outer_05,none,0.0,0,,False,5.0,0.0,0.0,0.0,0.0,0.0,0.0,0.0,0.0
2887,2022-03-16,2888,2893,2022-03-17,2022-03-24,0.009627707690623488,1.0,0.003784107638844958,0.029434123678303337,0.8076537086796493,0.5278189910979229,outer_05,none,0.0,0,,False,5.0,0.0,0.0,0.0,0.0,0.0,0.0,0.0,0.0
2888,2022-03-17,2889,2894,2022-03-18,2022-03-25,0.00857208163054235,1.0,0.009169038661799078,0.023074281702322175,0.779516103459616,0.5278189910979229,outer_05,none,0.0,0,,False,5.0,0.0,0.0,0.0,0.0,0.0,0.0,0.0,0.0
2889,2022-03-18,2890,2895,2022-03-21,2022-03-28,0.015729283200831112,1.0,-0.011296162361096762,0.012257623195664813,0.7625753813828041,0.5278189910979229,outer_05,none,0.0,1,row2889_entry2890_exit2895,True,5.0,0.000499875041651048,0.015729283200831112,0.015229408159180065,0.0,0.015229408159180065,-0.01622915824248216,-0.01622915824248216,0.015229408159180065
2890,2022-03-21,2891,2896,2022-03-22,2022-03-29,-0.007142739413683152,0.0,0.007350285319707162,0.01638753107424229,0.7363633189247581,0.5278189910979229,outer_05,none,0.0,0,,False,5.0,0.0,-0.0,-0.0,0.0,-0.0,-0.0,-0.0,-0.0
2891,2022-03-22,2892,2897,2022-03-23,2022-03-30,-0.0005831237897506725,0.0,-0.006939070068757935,0.012057643013660524,0.7413712418502998,0.5278189910979229,outer_05,none,0.0,0,,False,5.0,0.0,-0.0,-0.0,0.0,-0.0,-0.0,-0.0,-0.0
2892,2022-03-23,2893,2898,2022-03-24,2022-03-31,-0.00578722034440915,0.0,0.012068251341937675,0.01909249417703407,0.7187650903532786,0.5278189910979229,outer_05,none,0.0,0,,False,5.0,0.0,-0.0,-0.0,0.0,-0.0,-0.0,-0.0,-0.0
2893,2022-03-24,2894,2899,2022-03-25,2022-04-01,-0.01116016552260124,0.0,0.006197143732062926,0.02755100802424071,0.6525825406028354,0.5278189910979229,outer_05,none,0.0,0,,False,5.0,0.0,-0.0,-0.0,0.0,-0.0,-0.0,-0.0,-0.0
2894,2022-03-25,2895,2900,2022-03-28,2022-04-04,-0.016269658047061597,0.0,0.00014817880610351608,0.03588484337206488,0.574523539612934,0.5278189910979229,outer_05,none,0.0,1,row2894_entry2895_exit2900,True,5.0,0.000499875041651048,-0.016269658047061597,-0.016769533088712645,0.0,-0.016769533088712645,0.01576978300541055,-0.016769533088712645,-0.016769533088712645
2895,2022-03-28,2896,2901,2022-03-29,2022-04-05,0.00525575619074381,1.0,-0.01826266386641784,0.007080821630844447,0.5871008658584362,0.5278189910979229,outer_05,none,0.0,0,,False,5.0,0.0,0.0,0.0,0.0,0.0,0.0,0.0,0.0
2896,2022-03-29,2897,2902,2022-03-30,2022-04-06,0.0015039748876573,1.0,-0.00130690726804783,-0.013383630400889857,0.7002912513360333,0.5278189910979229,outer_05,none,0.0,0,,False,5.0,0.0,0.0,0.0,0.0,0.0,0.0,0.0,0.0
2897,2022-03-30,2898,2903,2022-03-31,2022-04-07,-0.004702865380968646,0.0,0.007174704490445549,0.0028595573705825217,0.6633494675711366,0.5278189910979229,outer_05,none,0.0,0,,False,5.0,0.0,-0.0,-0.0,0.0,-0.0,-0.0,-0.0,-0.0
2898,2022-03-31,2899,2904,2022-04-01,2022-04-08,-0.002807023014687715,0.0,0.0019379800949748116,0.00013424551459451095,0.6443288888127895,0.5278189910979229,outer_05,none,0.0,0,,False,5.0,0.0,-0.0,-0.0,0.0,-0.0,-0.0,-0.0,-0.0
2899,2022-04-01,2900,2905,2022-04-04,2022-04-11,0.01215511120834023,1.0,-0.006625302338182593,-0.023448425648122218,0.6558532473026701,0.5278189910979229,outer_05,none,0.0,1,row2899_entry2900_exit2905,True,5.0,0.000499875041651048,0.01215511120834023,0.011655236166689183,0.0,0.011655236166689183,-0.012654986249991278,-0.012654986249991278,-0.012654986249991278
2900,2022-04-04,2901,2906,2022-04-05,2022-04-12,0.01018864596034863,1.0,0.004475208477004777,-0.03283789030975193,0.6863173914000946,0.5278189910979229,outer_05,none,0.0,0,,False,5.0,0.0,0.0,0.0,0.0,0.0,0.0,0.0,0.0
2901,2022-04-05,2902,2907,2022-04-06,2022-04-13,0.02251098958707143,1.0,-0.004719509633972052,-0.06370413366588679,0.8185306521896328,0.5278189910979229,outer_05,none,0.0,0,,False,5.0,0.0,0.0,0.0,0.0,0.0,0.0,0.0,0.0
2902,2022-04-06,2903,2908,2022-04-07,2022-04-14,0.027198366802224427,1.0,0.0010339731204895841,-0.034092122472141106,0.7151315230885452,0.5278189910979229,outer_05,none,0.0,0,,False,5.0,0.0,0.0,0.0,0.0,0.0,0.0,0.0,0.0
2903,2022-04-07,2904,2909,2022-04-08,2022-04-18,0.0208352076383731,1.0,0.0029246610041386845,-0.03298272623284415,0.698152213941282,0.5278189910979229,outer_05,none,0.0,0,,False,5.0,0.0,0.0,0.0,0.0,0.0,0.0,0.0,0.0
2904,2022-04-08,2905,2910,2022-04-11,2022-04-19,0.015255802688739273,1.0,0.007814050823257368,-0.01974822674490806,0.5375127242932088,0.5278189910979229,outer_05,none,0.0,1,row2904_entry2905_exit2910,True,5.0,0.000499875041651048,0.015255802688739273,0.014755927647088225,0.0,0.014755927647088225,-0.01575567773039032,0.014755927647088225,-0.01575567773039032
2905,2022-04-11,2906,2911,2022-04-12,2022-04-20,-0.0012608661667137255,0.0,0.004311489526452661,0.0017254404280730995,0.3932271839758556,0.5278189910979229,outer_05,none,0.0,0,,False,5.0,0.0,-0.0,-0.0,0.0,-0.0,-0.0,-0.0,-0.0
2906,2022-04-12,2907,2912,2022-04-13,2022-04-21,-0.00549094763732505,0.0,0.005901286893655211,0.02514074439439895,0.38313901481220425,0.5278189910979229,outer_05,none,0.0,0,,False,5.0,0.0,-0.0,-0.0,0.0,-0.0,-0.0,-0.0,-0.0
2907,2022-04-13,2908,2913,2022-04-14,2022-04-22,-0.013673346211668047,0.0,0.005770602250092516,0.02712723900564651,0.3923898585666481,0.5278189910979229,outer_05,none,0.0,0,,False,5.0,0.0,-0.0,-0.0,0.0,-0.0,-0.0,-0.0,-0.0
2908,2022-04-14,2909,2914,2022-04-18,2022-04-25,-0.020317668216195628,0.0,-0.0023133687027652172,0.015644831641082213,0.47926537910432343,0.5278189910979229,outer_05,none,0.0,0,,False,5.0,0.0,-0.0,-0.0,0.0,-0.0,-0.0,-0.0,-0.0
2909,2022-04-18,2910,2915,2022-04-19,2022-04-26,-0.04076321109071834,0.0,0.0027935947720933996,0.029734588774272375,0.5147571334970155,0.5278189910979229,outer_05,none,0.0,1,row2909_entry2910_exit2915,True,5.0,0.000499875041651048,-0.04076321109071834,-0.04126308613236939,0.0,-0.04126308613236939,0.040263336049067296,-0.04126308613236939,-0.04126308613236939
2910,2022-04-19,2911,2916,2022-04-20,2022-04-27,-0.022709387053742702,0.0,-0.015031215562521183,0.00735308789204403,0.5551552134259582,0.5278189910979229,outer_05,none,0.0,0,,False,5.0,0.0,-0.0,-0.0,0.0,-0.0,-0.0,-0.0,-0.0
2911,2022-04-20,2912,2917,2022-04-21,2022-04-28,-0.03673447852428158,0.0,0.00432065625233502,0.018612814213136986,0.5672183260417336,0.5278189910979229,outer_05,none,0.0,0,,False,5.0,0.0,-0.0,-0.0,0.0,-0.0,-0.0,-0.0,-0.0
2912,2022-04-21,2913,2918,2022-04-22,2022-04-29,-0.028696067668121827,0.0,-0.003013275518399361,0.00353128735279995,0.5335213981525878,0.5278189910979229,outer_05,none,0.0,0,,False,5.0,0.0,-0.0,-0.0,0.0,-0.0,-0.0,-0.0,-0.0
2913,2022-04-22,2914,2919,2022-04-25,2022-05-02,-0.01744820504873701,0.0,-0.010212131543784864,-0.01287798792304784,0.5882173062327745,0.5278189910979229,outer_05,none,0.0,0,,False,5.0,0.0,-0.0,-0.0,0.0,-0.0,-0.0,-0.0,-0.0
2914,2022-04-25,2915,2920,2022-04-26,2022-05-03,-0.01866619498346811,0.0,-0.017882333011917773,-0.03090849974106913,0.6125877781141631,0.5278189910979229,outer_05,none,0.0,1,row2914_entry2915_exit2920,True,5.0,0.000499875041651048,-0.01866619498346811,-0.019166070025119157,0.0,-0.019166070025119157,0.018166319941817062,0.018166319941817062,0.018166319941817062
2915,2022-04-26,2916,2921,2022-04-27,2022-05-04,-0.020148851765911857,0.0,0.004453436948143263,-0.008192398926508027,0.5447704802313342,0.5278189910979229,outer_05,none,0.0,0,,False,5.0,0.0,-0.0,-0.0,0.0,-0.0,-0.0,-0.0,-0.0
2916,2022-04-27,2917,2922,2022-04-28,2022-05-05,-0.0019005256053699071,0.0,-0.0108713063018957,-0.017756797960355897,0.5926595718918384,0.5278189910979229,outer_05,none,0.0,0,,False,5.0,0.0,-0.0,-0.0,0.0,-0.0,-0.0,-0.0,-0.0
2917,2022-04-28,2918,2923,2022-04-29,2022-05-06,-0.009975131831911455,0.0,0.004598195812603123,-0.020333306638198323,0.5956197168003153,0.5278189910979229,outer_05,none,0.0,0,,False,5.0,0.0,-0.0,-0.0,0.0,-0.0,-0.0,-0.0,-0.0
2918,2022-04-29,2919,2924,2022-05-02,2022-05-09,-0.008369621258743187,0.0,0.0011607539871967276,-0.021110532745976407,0.6215769447075806,0.5278189910979229,outer_05,none,0.0,0,,False,5.0,0.0,-0.0,-0.0,0.0,-0.0,-0.0,-0.0,-0.0
2919,2022-05-02,2920,2925,2022-05-03,2022-05-10,-0.00549957529552092,0.0,-0.017667091604524288,-0.0321523220123181,0.6744075141567802,0.5278189910979229,outer_05,none,0.0,1,row2919_entry2920_exit2925,True,5.0,0.000499875041651048,-0.00549957529552092,-0.005999450337171967,0.0,-0.005999450337171967,0.004999700253869872,0.004999700253869872,0.004999700253869872
2920,2022-05-03,2921,2926,2022-05-04,2022-05-11,-0.015662623024136124,0.0,0.0025728864274405794,-0.0340546440618823,0.680451011348997,0.5278189910979229,outer_05,none,0.0,0,,False,5.0,0.0,-0.0,-0.0,0.0,-0.0,-0.0,-0.0,-0.0
2921,2022-05-04,2922,2927,2022-05-05,2022-05-12,-0.016345196470204826,0.0,0.0073285018211244335,-0.022006632606785814,0.5953799871597246,0.5278189910979229,outer_05,none,0.0,0,,False,5.0,0.0,-0.0,-0.0,0.0,-0.0,-0.0,-0.0,-0.0
2922,2022-05-05,2923,2928,2022-05-06,2022-05-13,-0.02902123956457192,0.0,-0.0024208899943785056,-0.025461495721653904,0.6253103024632891,0.5278189910979229,outer_05,none,0.0,0,,False,5.0,0.0,-0.0,-0.0,0.0,-0.0,-0.0,-0.0,-0.0
2923,2022-05-06,2924,2929,2022-05-09,2022-05-16,-0.03739425730563628,0.0,0.0027503162643203183,-0.02563584046147227,0.5698278660767973,0.5278189910979229,outer_05,none,0.0,0,,False,5.0,0.0,-0.0,-0.0,0.0,-0.0,-0.0,-0.0,-0.0
2924,2022-05-09,2925,2930,2022-05-10,2022-05-17,-0.015372077246571969,0.0,-0.01511603785462956,-0.0485659291393592,0.6383855747550911,0.5278189910979229,outer_05,none,0.0,1,row2924_entry2925_exit2930,True,5.0,0.000499875041651048,-0.015372077246571969,-0.015871952288223017,0.0,-0.015871952288223017,0.014872202204920922,0.014872202204920922,0.014872202204920922
2925,2022-05-10,2926,2931,2022-05-11,2022-05-18,-0.013483793234881247,0.0,-0.008606991224898941,-0.0614844098907108,0.6898072905887693,0.5278189910979229,outer_05,none,0.0,0,,False,5.0,0.0,-0.0,-0.0,0.0,-0.0,-0.0,-0.0,-0.0
2926,2022-05-11,2927,2932,2022-05-12,2022-05-19,-0.019129737861963036,0.0,0.007619518023623151,-0.05976617876074286,0.6569088875750552,0.5278189910979229,outer_05,none,0.0,0,,False,5.0,0.0,-0.0,-0.0,0.0,-0.0,-0.0,-0.0,-0.0
2927,2022-05-12,2928,2933,2022-05-13,2022-05-20,0.010522563757956682,1.0,-0.01652624269623093,-0.08206302370706631,0.6258570822115118,0.5278189910979229,outer_05,none,0.0,0,,False,5.0,0.0,0.0,0.0,0.0,0.0,0.0,0.0,0.0
2928,2022-05-13,2929,2934,2022-05-16,2022-05-23,0.018360663016262713,1.0,-0.005658315404822645,-0.08540797040912373,0.662645335240019,0.5278189910979229,outer_05,none,0.0,0,,False,5.0,0.0,0.0,0.0,0.0,0.0,0.0,0.0,0.0
2929,2022-05-16,2930,2935,2022-05-17,2022-05-24,0.01541524442225839,1.0,0.007221359874930222,-0.08098020530628691,0.6506212095455289,0.5278189910979229,outer_05,none,0.0,1,row2929_entry2930_exit2935,True,5.0,0.000499875041651048,0.01541524442225839,0.014915369380607342,0.0,0.014915369380607342,-0.015915119463909437,0.014915369380607342,-0.015915119463909437
2930,2022-05-17,2931,2936,2022-05-18,2022-05-25,0.027662454291119687,1.0,-0.005643941989975865,-0.0715929317337416,0.6680482447979154,0.5278189910979229,outer_05,none,0.0,0,,False,5.0,0.0,0.0,0.0,0.0,0.0,0.0,0.0,0.0
2931,2022-05-18,2932,2937,2022-05-19,2022-05-26,0.01984785911492537,1.0,0.0015584261401242472,-0.07435516184595237,0.6973341327470792,0.5278189910979229,outer_05,none,0.0,0,,False,5.0,0.0,0.0,0.0,0.0,0.0,0.0,0.0,0.0
2932,2022-05-19,2933,2938,2022-05-20,2022-05-27,0.0047230449554280796,1.0,0.013021843036153946,-0.05832004329139906,0.6984804566699367,0.5278189910979229,outer_05,none,0.0,0,,False,5.0,0.0,0.0,0.0,0.0,0.0,0.0,0.0,0.0
2933,2022-05-20,2934,2939,2022-05-23,2022-05-30,0.0023188008843977315,1.0,0.002462788208303479,-0.04564512353931072,0.6572621662852738,0.5278189910979229,outer_05,none,0.0,0,,False,5.0,0.0,0.0,0.0,0.0,0.0,0.0,0.0,0.0
2934,2022-05-23,2935,2940,2022-05-24,2022-05-31,0.0014719642053524495,1.0,0.004265666821006597,-0.023497123706386347,0.5403040315008187,0.5278189910979229,outer_05,none,0.0,1,row2934_entry2935_exit2940,True,5.0,0.000499875041651048,0.0014719642053524495,0.0009720891637014016,0.0,0.0009720891637014016,-0.0019718392470034975,0.0009720891637014016,-0.0019718392470034975
2935,2022-05-24,2936,2941,2022-05-25,2022-06-01,-0.015397470039127725,0.0,0.006742432270037568,-0.021208128384492042,0.5407866539879913,0.5278189910979229,outer_05,none,0.0,0,,False,5.0,0.0,-0.0,-0.0,0.0,-0.0,-0.0,-0.0,-0.0
2936,2022-05-25,2937,2942,2022-05-26,2022-06-02,-0.0030217464240438474,0.0,-0.006639934286191362,-0.016976756368787704,0.6215573287134257,0.5278189910979229,outer_05,none,0.0,0,,False,5.0,0.0,-0.0,-0.0,0.0,-0.0,-0.0,-0.0,-0.0
2937,2022-05-26,2938,2943,2022-05-27,2022-06-03,0.009770391991766658,1.0,-0.0015871990893607801,-0.023162151270751608,0.6236210475047578,0.5278189910979229,outer_05,none,0.0,0,,False,5.0,0.0,0.0,0.0,0.0,0.0,0.0,0.0,0.0
2938,2022-05-27,2939,2944,2022-05-30,2022-06-06,-0.0009074214730899754,0.0,0.0011501609063104823,-0.023172744351637853,0.7002566996987805,0.5278189910979229,outer_05,none,0.0,0,,False,5.0,0.0,-0.0,-0.0,0.0,-0.0,-0.0,-0.0,-0.0
2939,2022-05-30,2940,2945,2022-05-31,2022-06-07,-0.008244970722903311,0.0,0.0011434490253652285,-0.004362203721748337,0.6930887790790742,0.5278189910979229,outer_05,none,0.0,1,row2939_entry2940_exit2945,True,5.0,0.000499875041651048,-0.008244970722903311,-0.008744845764554358,0.0,-0.008744845764554358,0.007745095681252263,-0.008744845764554358,0.007745095681252263
2940,2022-05-31,2941,2946,2022-06-01,2022-06-08,0.008576205223216782,1.0,-0.009119130926312558,-0.016054221075501474,0.6909427995589174,0.5278189910979229,outer_05,none,0.0,0,,False,5.0,0.0,0.0,0.0,0.0,0.0,0.0,0.0,0.0
2941,2022-06-01,2942,2947,2022-06-02,2022-06-09,0.003032541305111991,1.0,0.0045482995177277274,-0.01883442337889818,0.6649250972784263,0.5278189910979229,outer_05,none,0.0,0,,False,5.0,0.0,0.0,0.0,0.0,0.0,0.0,0.0,0.0
2942,2022-06-02,2943,2948,2022-06-03,2022-06-10,-0.011338655002596454,0.0,0.011693269171111353,-0.004720264213408321,0.5035997426111105,0.5278189910979229,outer_05,none,0.0,0,,False,5.0,0.0,-0.0,-0.0,0.0,-0.0,-0.0,-0.0,-0.0
2943,2022-06-03,2944,2949,2022-06-06,2022-06-13,0.01482557540066054,1.0,-0.00924857110676669,-0.01671915158449533,0.6136518507372679,0.5278189910979229,outer_05,none,0.0,0,,False,5.0,0.0,0.0,0.0,0.0,0.0,0.0,0.0,0.0
2944,2022-06-06,2945,2950,2022-06-07,2022-06-14,-0.014081811756841311,0.0,-0.004884530329913872,-0.00648764405977964,0.5837000671004772,0.5278189910979229,outer_05,none,0.0,1,row2944_entry2945_exit2950,True,5.0,0.000499875041651048,-0.014081811756841311,-0.014581686798492359,0.0,-0.014581686798492359,0.013581936715190264,0.013581936715190264,0.013581936715190264
2945,2022-06-07,2946,2951,2022-06-08,2022-06-15,-0.024728914367725174,0.0,0.005343596489407965,0.007462943654527265,0.5927317162729329,0.5278189910979229,outer_05,none,0.0,0,,False,5.0,0.0,-0.0,-0.0,0.0,-0.0,-0.0,-0.0,-0.0
2946,2022-06-08,2947,2952,2022-06-09,2022-06-16,-0.010673467562507533,0.0,0.0004426641978545476,0.0002860898287586622,0.5984081692298916,0.5278189910979229,outer_05,none,0.0,0,,False,5.0,0.0,-0.0,-0.0,0.0,-0.0,-0.0,-0.0,-0.0
2947,2022-06-09,2948,2953,2022-06-10,2022-06-17,0.003161045614229252,1.0,-0.0026426948153561725,0.01416963770963342,0.5939956479893408,0.5278189910979229,outer_05,none,0.0,0,,False,5.0,0.0,0.0,0.0,0.0,0.0,0.0,0.0,0.0
2948,2022-06-10,2949,2954,2022-06-13,2022-06-20,-0.022773599999420746,0.0,0.012706145655474899,0.032534098769930964,0.5292549670791312,0.5278189910979229,outer_05,none,0.0,0,,False,5.0,0.0,-0.0,-0.0,0.0,-0.0,-0.0,-0.0,-0.0
2949,2022-06-13,2950,2955,2022-06-14,2022-06-21,0.012439864539185663,1.0,-0.028430280320592693,-0.003117541425591952,0.4847776441648281,0.5278189910979229,outer_05,none,0.0,-1,row2949_entry2950_exit2955,True,5.0,0.000499875041651048,-0.012439864539185663,-0.01293973958083671,0.0,0.011939989497534616,-0.01293973958083671,-0.01293973958083671,-0.01293973958083671
2950,2022-06-14,2951,2956,2022-06-15,2022-06-22,0.013776116363581892,1.0,-0.005401813367793551,-0.0028754128034096382,0.5611506570367224,0.5278189910979229,outer_05,none,0.0,0,,False,5.0,0.0,0.0,0.0,0.0,0.0,0.0,0.0,0.0
2951,2022-06-15,2952,2957,2022-06-16,2022-06-23,0.0022341872495870163,1.0,0.0134283999006799,0.008994560957146014,0.5432442567432878,0.5278189910979229,outer_05,none,0.0,0,,False,5.0,0.0,0.0,0.0,0.0,0.0,0.0,0.0,0.0
2952,2022-06-16,2953,2958,2022-06-17,2022-06-24,-0.016180218709203942,0.0,0.01230287803691521,0.008275595957907278,0.5772125747705689,0.5278189910979229,outer_05,none,0.0,0,,False,5.0,0.0,-0.0,-0.0,0.0,-0.0,-0.0,-0.0,-0.0
2953,2022-06-17,2954,2959,2022-06-20,2022-06-27,-4.902321250099817e-05,0.0,-0.008699329381602894,-0.002886521631999095,0.5247598188048723,0.5278189910979229,outer_05,none,0.0,0,,False,5.0,0.0,-0.0,-0.0,0.0,-0.0,-0.0,-0.0,-0.0
2954,2022-06-20,2955,2960,2022-06-21,2022-06-28,-0.008261394045327108,0.0,-0.001076438072844077,-0.00822862652584977,0.6363339722558747,0.5278189910979229,outer_05,none,0.0,1,row2954_entry2955_exit2960,True,5.0,0.000499875041651048,-0.008261394045327108,-0.008761269086978156,0.0,-0.008761269086978156,0.007761519003676061,0.007761519003676061,0.007761519003676061
2955,2022-06-21,2956,2961,2022-06-22,2022-06-29,-0.007251806383538728,0.0,-0.0027234467324017686,-0.017694505528289106,0.6963564766277189,0.5278189910979229,outer_05,none,0.0,0,,False,5.0,0.0,-0.0,-0.0,0.0,-0.0,-0.0,-0.0,-0.0
2956,2022-06-22,2957,2962,2022-06-23,2022-06-30,-0.010505850170607012,0.0,0.002674490186765688,-0.008380081055332056,0.6838436010705583,0.5278189910979229,outer_05,none,0.0,0,,False,5.0,0.0,-0.0,-0.0,0.0,-0.0,-0.0,-0.0,-0.0
2957,2022-06-23,2958,2963,2022-06-24,2022-07-01,-0.009464383905557483,0.0,-0.008231488182338431,-0.015024370148309707,0.6856798209528522,0.5278189910979229,outer_05,none,0.0,0,,False,5.0,0.0,-0.0,-0.0,0.0,-0.0,-0.0,-0.0,-0.0
2958,2022-06-24,2959,2964,2022-06-27,2022-07-04,-0.013385700641174836,0.0,0.002284513151614931,-0.013890017903005258,0.6572732209343032,0.5278189910979229,outer_05,none,0.0,0,,False,5.0,0.0,-0.0,-0.0,0.0,-0.0,-0.0,-0.0,-0.0
2959,2022-06-27,2960,2965,2022-06-28,2022-07-05,-0.008097879320268397,0.0,-0.0025587863294171953,-0.017592253257787682,0.5791510737186126,0.5278189910979229,outer_05,none,0.0,1,row2959_entry2960_exit2965,True,5.0,0.000499875041651048,-0.008097879320268397,-0.008597754361919445,0.0,-0.008597754361919445,0.00759800427861735,0.00759800427861735,0.00759800427861735
2960,2022-06-28,2961,2966,2022-06-29,2022-07-06,-0.029578811896753265,0.0,-0.0011692472862590009,-0.009642369617734126,0.6030633397398711,0.5278189910979229,outer_05,none,0.0,0,,False,5.0,0.0,-0.0,-0.0,0.0,-0.0,-0.0,-0.0,-0.0
2961,2022-06-29,2962,2967,2022-06-30,2022-07-07,-0.04381239250101565,0.0,-0.001302602365631067,-0.01549327150109292,0.6478082976173488,0.5278189910979229,outer_05,none,0.0,0,,False,5.0,0.0,-0.0,-0.0,0.0,-0.0,-0.0,-0.0,-0.0
2962,2022-06-30,2963,2968,2022-07-01,2022-07-08,-0.03725016543722148,0.0,-0.006117947813282676,-0.03330448848548695,0.6800545227824365,0.5278189910979229,outer_05,none,0.0,0,,False,5.0,0.0,-0.0,-0.0,0.0,-0.0,-0.0,-0.0,-0.0
2963,2022-07-01,2964,2969,2022-07-04,2022-07-11,-0.039594193656849797,0.0,0.0009844861280203787,-0.02307143125069988,0.5685077533107349,0.5278189910979229,outer_05,none,0.0,0,,False,5.0,0.0,-0.0,-0.0,0.0,-0.0,-0.0,-0.0,-0.0
2964,2022-07-04,2965,2970,2022-07-05,2022-07-12,-0.04201074066004207,0.0,-0.0005750876614190048,-0.018761988582205014,0.6195906614280485,0.5278189910979229,outer_05,none,0.0,1,row2964_entry2965_exit2970,True,5.0,0.000499875041651048,-0.04201074066004207,-0.042510615701693115,0.0,-0.042510615701693115,0.04151086561839102,0.04151086561839102,0.04151086561839102
2965,2022-07-05,2966,2971,2022-07-06,2022-07-13,-0.023071161562924658,0.0,-0.024253248977569086,-0.048358834049182065,0.648848622383558,0.5278189910979229,outer_05,none,0.0,0,,False,5.0,0.0,-0.0,-0.0,0.0,-0.0,-0.0,-0.0,-0.0
2966,2022-07-06,2967,2972,2022-07-07,2022-07-14,-0.002508834018223105,0.0,-0.014556463963984356,-0.06335796221102097,0.7011446162305524,0.5278189910979229,outer_05,none,0.0,0,,False,5.0,0.0,-0.0,-0.0,0.0,-0.0,-0.0,-0.0,-0.0
2967,2022-07-07,2968,2973,2022-07-08,2022-07-15,-0.019926156260288153,0.0,0.0005805982624433881,-0.06013466913322141,0.678658387329142,0.5278189910979229,outer_05,none,0.0,0,,False,5.0,0.0,-0.0,-0.0,0.0,-0.0,-0.0,-0.0,-0.0
2968,2022-07-08,2969,2974,2022-07-11,2022-07-18,-0.019943813192459636,0.0,0.0013553328095365913,-0.07148548197915972,0.6523046870052962,0.5278189910979229,outer_05,none,0.0,0,,False,5.0,0.0,-0.0,-0.0,0.0,-0.0,-0.0,-0.0,-0.0
2969,2022-07-11,2970,2975,2022-07-12,2022-07-19,-0.01368949554571497,0.0,-0.004849756519049286,-0.04790495817761631,0.6691935883664588,0.5278189910979229,outer_05,none,0.0,1,row2969_entry2970_exit2975,True,5.0,0.000499875041651048,-0.01368949554571497,-0.014189370587366017,0.0,-0.014189370587366017,0.013189620504063922,0.013189620504063922,0.013189620504063922
2970,2022-07-12,2971,2976,2022-07-13,2022-07-20,-0.008367081076936067,0.0,-0.004583677330587399,-0.047086822140410156,0.7041064836220634,0.5278189910979229,outer_05,none,0.0,0,,False,5.0,0.0,-0.0,-0.0,0.0,-0.0,-0.0,-0.0,-0.0
2971,2022-07-13,2972,2977,2022-07-14,2022-07-21,-0.022767124934379268,0.0,0.00543105928824783,-0.055084162752842225,0.6467095903347744,0.5278189910979229,outer_05,none,0.0,0,,False,5.0,0.0,-0.0,-0.0,0.0,-0.0,-0.0,-0.0,-0.0
2972,2022-07-14,2973,2978,2022-07-15,2022-07-22,0.006857022872220675,1.0,-0.014960179857657074,-0.08234722064741451,0.6838622770576807,0.5278189910979229,outer_05,none,0.0,0,,False,5.0,0.0,0.0,0.0,0.0,0.0,0.0,0.0,0.0
2973,2022-07-15,2974,2979,2022-07-18,2022-07-25,0.011609782782607603,1.0,-0.0014047247879158675,-0.07505261605372748,0.6803626971610719,0.5278189910979229,outer_05,none,0.0,0,,False,5.0,0.0,0.0,0.0,0.0,0.0,0.0,0.0,0.0
2974,2022-07-18,2975,2980,2022-07-19,2022-07-26,0.005313344531090003,1.0,0.0009776631119651213,-0.07299851486891829,0.7168495989336133,0.5278189910979229,outer_05,none,0.0,1,row2974_entry2975_exit2980,True,5.0,0.000499875041651048,0.005313344531090003,0.004813469489438955,0.0,0.004813469489438955,-0.0058132195727410504,0.004813469489438955,-0.0058132195727410504
2975,2022-07-19,2976,2981,2022-07-20,2022-07-27,0.003453066274507144,1.0,0.00150268259993247,-0.06877238553658405,0.7096599967419901,0.5278189910979229,outer_05,none,0.0,0,,False,5.0,0.0,0.0,0.0,0.0,0.0,0.0,0.0,0.0
2976,2022-07-20,2977,2982,2022-07-21,2022-07-28,0.022029389747840078,1.0,-0.008820246789437824,-0.08026712251278756,0.750732454509181,0.5278189910979229,outer_05,none,0.0,0,,False,5.0,0.0,0.0,0.0,0.0,0.0,0.0,0.0,0.0
2977,2022-07-21,2978,2983,2022-07-22,2022-07-29,0.02147908260873521,1.0,0.01269224267006308,-0.05934339166038605,0.6573301432249793,0.5278189910979229,outer_05,none,0.0,0,,False,5.0,0.0,0.0,0.0,0.0,0.0,0.0,0.0,0.0
2978,2022-07-22,2979,2984,2022-07-25,2022-08-01,0.021831713824866483,1.0,0.005328578480956914,-0.056299326331044064,0.6252977081947101,0.5278189910979229,outer_05,none,0.0,0,,False,5.0,0.0,0.0,0.0,0.0,0.0,0.0,0.0,0.0
2979,2022-07-25,2980,2985,2022-07-26,2022-08-02,0.03013846685910604,1.0,-0.004490843109784315,-0.058231383111411184,0.6794361019870379,0.5278189910979229,outer_05,none,0.0,1,row2979_entry2980_exit2985,True,5.0,0.000499875041651048,0.03013846685910604,0.02963859181745499,0.0,0.02963859181745499,-0.030638341900757086,-0.030638341900757086,-0.030638341900757086
2980,2022-07-26,2981,2986,2022-07-27,2022-08-03,0.025240943764895718,1.0,-0.001419909224723348,-0.05848204504987553,0.6881919455672402,0.5278189910979229,outer_05,none,0.0,0,,False,5.0,0.0,0.0,0.0,0.0,0.0,0.0,0.0,0.0
2981,2022-07-27,2982,2987,2022-07-28,2022-08-04,0.017664780093396004,1.0,0.009926114301846312,-0.04725332838239815,0.7482315738944314,0.5278189910979229,outer_05,none,0.0,0,,False,5.0,0.0,0.0,0.0,0.0,0.0,0.0,0.0,0.0
2982,2022-07-28,2983,2988,2022-07-29,2022-08-05,0.020112119892187863,1.0,0.01232050792238848,-0.028814872646726997,0.605775833929543,0.5278189910979229,outer_05,none,0.0,0,,False,5.0,0.0,0.0,0.0,0.0,0.0,0.0,0.0,0.0
2983,2022-07-29,2984,2989,2022-08-01,2022-08-08,0.003727285012191217,1.0,0.005775422589264778,-0.024023936185482597,0.6052026461562541,0.5278189910979229,outer_05,none,0.0,0,,False,5.0,0.0,0.0,0.0,0.0,0.0,0.0,0.0,0.0
2984,2022-08-01,2985,2990,2022-08-02,2022-08-09,0.009588641331588654,1.0,0.0034594677985131383,-0.019989380725550454,0.561411320899341,0.5278189910979229,outer_05,none,0.0,1,row2984_entry2985_exit2990,True,5.0,0.000499875041651048,0.009588641331588654,0.009088766289937607,0.0,0.009088766289937607,-0.010088516373239702,0.009088766289937607,-0.010088516373239702
2985,2022-08-02,2986,2991,2022-08-03,2022-08-10,0.018696759266524587,1.0,-0.006272026357342142,-0.00200815810532351,0.509750298278698,0.5278189910979229,outer_05,none,0.0,0,,False,5.0,0.0,0.0,0.0,0.0,0.0,0.0,0.0,0.0
2986,2022-08-03,2987,2992,2022-08-04,2022-08-11,0.015033903592619247,1.0,0.00251240026555255,0.015060706124213397,0.5969238317452233,0.5278189910979229,outer_05,none,0.0,0,,False,5.0,0.0,0.0,0.0,0.0,0.0,0.0,0.0,0.0
2987,2022-08-04,2988,2993,2022-08-05,2022-08-12,-0.0006367363568156037,0.0,0.014429761703870447,0.028909869565640456,0.5970971875316168,0.5278189910979229,outer_05,none,0.0,0,,False,5.0,0.0,-0.0,-0.0,0.0,-0.0,-0.0,-0.0,-0.0
2988,2022-08-05,2989,2994,2022-08-08,2022-08-15,0.01710534144499576,1.0,-0.008809690936703696,0.01874484581940017,0.5507821662085144,0.5278189910979229,outer_05,none,0.0,0,,False,5.0,0.0,0.0,0.0,0.0,0.0,0.0,0.0,0.0
2989,2022-08-08,2990,2995,2022-08-09,2022-08-16,-0.005122726578091097,0.0,0.007608610378584402,0.031203212717033857,0.5727583257215672,0.5278189910979229,outer_05,none,0.0,1,row2989_entry2990_exit2995,True,5.0,0.000499875041651048,-0.005122726578091097,-0.005622601619742144,0.0,-0.005622601619742144,0.004622851536440049,-0.005622601619742144,-0.005622601619742144
2990,2022-08-09,2991,2996,2022-08-10,2022-08-17,-0.010520339252618527,0.0,0.0029749218907459962,0.03876181193836725,0.6143085537816414,0.5278189910979229,outer_05,none,0.0,0,,False,5.0,0.0,-0.0,-0.0,0.0,-0.0,-0.0,-0.0,-0.0
2991,2022-08-10,2992,2997,2022-08-11,2022-08-18,-0.01664965553791653,0.0,-0.0011822112069781454,0.032148541443141276,0.6188538253921755,0.5278189910979229,outer_05,none,0.0,0,,False,5.0,0.0,-0.0,-0.0,0.0,-0.0,-0.0,-0.0,-0.0
2992,2022-08-11,2993,2998,2022-08-12,2022-08-19,-0.01739811408374692,0.0,-0.0015356139748661235,0.04557310732593223,0.5759842311061395,0.5278189910979229,outer_05,none,0.0,0,,False,5.0,0.0,-0.0,-0.0,0.0,-0.0,-0.0,-0.0,-0.0
2993,2022-08-12,2994,2999,2022-08-15,2022-08-22,-0.031216427077072062,0.0,0.006783538401810674,0.05376137051565877,0.6090782753422477,0.5278189910979229,outer_05,none,0.0,0,,False,5.0,0.0,-0.0,-0.0,0.0,-0.0,-0.0,-0.0,-0.0
2994,2022-08-15,2995,3000,2022-08-16,2022-08-23,-0.02495997767673952,0.0,-0.012398791635856554,0.04038491576783709,0.5629580089500844,0.5278189910979229,outer_05,none,0.0,1,row2994_entry2995_exit3000,True,5.0,0.000499875041651048,-0.02495997767673952,-0.025459852718390567,0.0,-0.025459852718390567,0.024460102635088472,0.024460102635088472,-0.025459852718390567
2995,2022-08-16,2996,3001,2022-08-17,2022-08-24,-0.015945209104661018,0.0,-0.002227924226979816,0.03665430894092481,0.5758692053504014,0.5278189910979229,outer_05,none,0.0,0,,False,5.0,0.0,-0.0,-0.0,0.0,-0.0,-0.0,-0.0,-0.0
2996,2022-08-17,2997,3002,2022-08-18,2022-08-25,-0.006289382603662297,0.0,-0.0076100167681314446,0.03786453896223119,0.5920838957663673,0.5278189910979229,outer_05,none,0.0,0,,False,5.0,0.0,-0.0,-0.0,0.0,-0.0,-0.0,-0.0,-0.0
2997,2022-08-18,2998,3003,2022-08-19,2022-08-26,-0.0002217490321774207,0.0,-0.0020565968877939156,0.02311569940437419,0.5940377389176568,0.5278189910979229,outer_05,none,0.0,0,,False,5.0,0.0,-0.0,-0.0,0.0,-0.0,-0.0,-0.0,-0.0
2998,2022-08-19,2999,3004,2022-08-22,2022-08-29,-0.006070422693499999,0.0,-0.006332637560174881,0.011454483363242396,0.4769901454255634,0.5278189910979229,outer_05,none,0.0,0,,False,5.0,0.0,-0.0,-0.0,0.0,-0.0,-0.0,-0.0,-0.0
2999,2022-08-22,3000,3005,2022-08-23,2022-08-30,0.0011975980381278006,1.0,-0.006390275030648596,0.009555051442378115,0.5769224410944519,0.5278189910979229,outer_05,none,0.0,1,row2999_entry3000_exit3005,True,5.0,0.000499875041651048,0.0011975980381278006,0.0006977229964767527,0.0,0.0006977229964767527,-0.0016974730797788486,-0.0016974730797788486,0.0006977229964767527
3000,2022-08-23,3001,3006,2022-08-24,2022-08-31,-0.013984549562657378,0.0,0.006682114681138884,0.017657075348240348,0.6809573771891843,0.5278189910979229,outer_05,none,0.0,0,,False,5.0,0.0,-0.0,-0.0,0.0,-0.0,-0.0,-0.0,-0.0
3001,2022-08-24,3002,3007,2022-08-25,2022-09-01,-0.023313960647747045,0.0,0.002000526519703172,0.009731487566097208,0.6022105141230453,0.5278189910979229,outer_05,none,0.0,0,,False,5.0,0.0,-0.0,-0.0,0.0,-0.0,-0.0,-0.0,-0.0
3002,2022-08-25,3003,3008,2022-08-26,2022-09-02,-0.0352858983817157,0.0,0.004176751344700413,0.0015877309884091417,0.4915752653683737,0.5278189910979229,outer_05,none,0.0,0,,False,5.0,0.0,-0.0,-0.0,0.0,-0.0,-0.0,-0.0,-0.0
3003,2022-08-26,3004,3009,2022-08-29,2022-09-05,-0.014149578638865457,0.0,-0.011748354877608946,-0.015936046478464583,0.5455585507429057,0.5278189910979229,outer_05,none,0.0,0,,False,5.0,0.0,-0.0,-0.0,0.0,-0.0,-0.0,-0.0,-0.0
3004,2022-08-29,3005,3010,2022-08-30,2022-09-06,-0.015786993302821628,0.0,-0.00036253463897573113,-0.019758048915953452,0.600921632974003,0.5278189910979229,outer_05,none,0.0,1,row3004_entry3005_exit3010,True,5.0,0.000499875041651048,-0.015786993302821628,-0.016286868344472676,0.0,-0.016286868344472676,0.01528711826117058,0.01528711826117058,0.01528711826117058
3005,2022-08-30,3006,3011,2022-08-31,2022-09-07,-0.012501075115403104,0.0,-0.007637947048385385,-0.021123969606996695,0.604554238205983,0.5278189910979229,outer_05,none,0.0,0,,False,5.0,0.0,-0.0,-0.0,0.0,-0.0,-0.0,-0.0,-0.0
3006,2022-08-31,3007,3012,2022-09-01,2022-09-08,0.004391151290128903,1.0,-0.00770842365832447,-0.031344793530873716,0.5276329514446632,0.5278189910979229,outer_05,none,0.0,0,,False,5.0,0.0,0.0,0.0,0.0,0.0,0.0,0.0,0.0
3007,2022-09-01,3008,3013,2022-09-02,2022-09-09,0.00651743512894587,1.0,-0.007886115259694293,-0.053660670494438456,0.3294760072453062,0.5278189910979229,outer_05,none,0.0,0,,False,5.0,0.0,0.0,0.0,0.0,0.0,0.0,0.0,0.0
3008,2022-09-02,3009,3014,2022-09-05,2022-09-12,0.0040931331088147616,1.0,0.008931746340690161,-0.0359192332170446,0.4190275281555887,0.5278189910979229,outer_05,none,0.0,0,,False,5.0,0.0,0.0,0.0,0.0,0.0,0.0,0.0,0.0
3009,2022-09-05,3010,3015,2022-09-06,2022-09-13,0.008092825873382559,1.0,-0.001583476089372482,-0.04511131968500148,0.5448524591424427,0.5278189910979229,outer_05,none,0.0,1,row3009_entry3010_exit3015,True,5.0,0.000499875041651048,0.008092825873382559,0.007592950831731511,0.0,0.007592950831731511,-0.008592700915033606,-0.008592700915033606,-0.008592700915033606
3010,2022-09-06,3011,3016,2022-09-07,2022-09-14,-0.0004172506767394779,0.0,-0.004789031330747484,-0.05287527290649496,0.36106469617922904,0.5278189910979229,outer_05,none,0.0,0,,False,5.0,0.0,-0.0,-0.0,0.0,-0.0,-0.0,-0.0,-0.0
3011,2022-09-07,3012,3017,2022-09-08,2022-09-15,-0.012306442526751837,0.0,0.009572696683087578,-0.04212036501642924,0.4586546342253438,0.5278189910979229,outer_05,none,0.0,0,,False,5.0,0.0,-0.0,-0.0,0.0,-0.0,-0.0,-0.0,-0.0
3012,2022-09-08,3013,3018,2022-09-09,2022-09-16,-0.026070208510616588,0.0,-0.005749003924711893,-0.04633375496627501,0.6078612233082991,0.5278189910979229,outer_05,none,0.0,0,,False,5.0,0.0,-0.0,-0.0,0.0,-0.0,-0.0,-0.0,-0.0
3013,2022-09-09,3014,3019,2022-09-12,2022-09-19,-0.025673262945756115,0.0,0.004922249644871535,-0.04819504372321415,0.5131433524059787,0.5278189910979229,outer_05,none,0.0,0,,False,5.0,0.0,-0.0,-0.0,0.0,-0.0,-0.0,-0.0,-0.0
3014,2022-09-12,3015,3020,2022-09-13,2022-09-20,-0.02860421518152023,0.0,0.004556107766851447,-0.031240144320506147,0.4725323663923984,0.5278189910979229,outer_05,none,0.0,-1,row3014_entry3015_exit3020,True,5.0,0.000499875041651048,0.02860421518152023,0.028104340139869184,0.0,-0.02910409022317128,0.028104340139869184,-0.02910409022317128,0.028104340139869184
3015,2022-09-13,3016,3021,2022-09-14,2022-09-21,-0.021694190988528206,0.0,-0.013055297608788763,-0.042067517702315094,0.5862041855308359,0.5278189910979229,outer_05,none,0.0,0,,False,5.0,0.0,-0.0,-0.0,0.0,-0.0,-0.0,-0.0,-0.0
3016,2022-09-14,3017,3022,2022-09-15,2022-09-22,-0.01562606005239342,0.0,-0.0029179237570797767,-0.037375424691263426,0.5208339543362023,0.5278189910979229,outer_05,none,0.0,0,,False,5.0,0.0,-0.0,-0.0,0.0,-0.0,-0.0,-0.0,-0.0
3017,2022-09-15,3018,3023,2022-09-16,2022-09-23,0.004046561902268486,1.0,-0.019513278578534354,-0.054832106382003865,0.6217640374203246,0.5278189910979229,outer_05,none,0.0,0,,False,5.0,0.0,0.0,0.0,0.0,0.0,0.0,0.0,0.0
3018,2022-09-16,3019,3024,2022-09-19,2022-09-26,-0.01875363797092522,0.0,0.0062583111642728895,-0.042241157657556094,0.5997932975048713,0.5278189910979229,outer_05,none,0.0,0,,False,5.0,0.0,-0.0,-0.0,0.0,-0.0,-0.0,-0.0,-0.0
3019,2022-09-19,3020,3025,2022-09-20,2022-09-27,-0.03180297972211488,0.0,0.00041782065358120235,-0.035433061973326296,0.6381715280063233,0.5278189910979229,outer_05,none,0.0,1,row3019_entry3020_exit3025,True,5.0,0.000499875041651048,-0.03180297972211488,-0.032302854763765924,0.0,-0.032302854763765924,0.03130310468046383,-0.032302854763765924,0.03130310468046383
3020,2022-09-20,3021,3026,2022-09-21,2022-09-28,-0.021168569531883286,0.0,-0.0065559871635461064,-0.04867116381801129,0.6263588031201098,0.5278189910979229,outer_05,none,0.0,0,,False,5.0,0.0,-0.0,-0.0,0.0,-0.0,-0.0,-0.0,-0.0
3021,2022-09-21,3022,3027,2022-09-22,2022-09-29,-0.006916952428383638,0.0,0.005373699837522672,-0.04529799050019179,0.5930774007516569,0.5278189910979229,outer_05,none,0.0,0,,False,5.0,0.0,-0.0,-0.0,0.0,-0.0,-0.0,-0.0,-0.0
3022,2022-09-22,3023,3028,2022-09-23,2022-09-30,-0.006325830275945243,0.0,-0.0015366726593253333,-0.051011414504217534,0.5744941711230935,0.5278189910979229,outer_05,none,0.0,0,,False,5.0,0.0,-0.0,-0.0,0.0,-0.0,-0.0,-0.0,-0.0
3023,2022-09-23,3024,3029,2022-09-26,2022-10-03,0.011684014968063927,1.0,-0.015856642337809035,-0.05511970196441762,0.5767290870316554,0.5278189910979229,outer_05,none,0.0,0,,False,5.0,0.0,0.0,0.0,0.0,0.0,0.0,0.0,0.0
3024,2022-09-26,3025,3030,2022-09-27,2022-10-04,0.04531589795655222,1.0,-0.013754819324159229,-0.06851198664960112,0.49469645271673385,0.5278189910979229,outer_05,none,0.0,-1,row3024_entry3025_exit3030,True,5.0,0.000499875041651048,-0.04531589795655222,-0.04581577299820327,0.0,0.04481602291490117,-0.04581577299820327,-0.04581577299820327,-0.04581577299820327
3025,2022-09-27,3026,3031,2022-09-28,2022-10-05,0.0567090637365002,1.0,0.004158010148664459,-0.056716029452551275,0.627242023925464,0.5278189910979229,outer_05,none,0.0,0,,False,5.0,0.0,0.0,0.0,0.0,0.0,0.0,0.0,0.0
3026,2022-09-28,3027,3032,2022-09-29,2022-10-06,0.03344032336994385,1.0,0.018680766035447327,-0.030326839758779478,0.5131965118132451,0.5278189910979229,outer_05,none,0.0,0,,False,5.0,0.0,0.0,0.0,0.0,0.0,0.0,0.0,0.0
3027,2022-09-29,3028,3033,2022-09-30,2022-10-07,0.030167940929886505,1.0,0.0003854957281808069,-0.022055228770904378,0.4864885221207946,0.5278189910979229,outer_05,none,0.0,0,,False,5.0,0.0,0.0,0.0,0.0,0.0,0.0,0.0,0.0
3028,2022-09-30,3029,3034,2022-10-03,2022-10-10,0.019841294749718408,1.0,0.00016258644968036862,-0.03082438866191417,0.4608159646925987,0.5278189910979229,outer_05,none,0.0,0,,False,5.0,0.0,0.0,0.0,0.0,0.0,0.0,0.0,0.0
3029,2022-10-03,3030,3035,2022-10-04,2022-10-11,-0.01816600884826336,0.0,0.02311130388728344,-0.006129608685258248,0.25949775765041083,0.5278189910979229,outer_05,none,0.0,-1,row3029_entry3030_exit3035,True,5.0,0.000499875041651048,0.01816600884826336,0.017666133806612312,0.0,-0.018665883889914407,0.017666133806612312,-0.018665883889914407,0.017666133806612312
3030,2022-10-04,3031,3036,2022-10-05,2022-10-12,-0.034621859363384466,0.0,0.015598863851577605,0.014258286497066841,0.3724423392188969,0.5278189910979229,outer_05,none,0.0,0,,False,5.0,0.0,-0.0,-0.0,0.0,-0.0,-0.0,-0.0,-0.0
3031,2022-10-05,3032,3037,2022-10-06,2022-10-13,-0.024825476161823623,0.0,-0.005861882415516995,-0.0011762926015377317,0.46985770845119346,0.5278189910979229,outer_05,none,0.0,0,,False,5.0,0.0,-0.0,-0.0,0.0,-0.0,-0.0,-0.0,-0.0
3032,2022-10-06,3033,3038,2022-10-07,2022-10-14,-0.027018029095736473,0.0,-0.0021932263789086193,0.002379484944265542,0.4770426577514516,0.5278189910979229,outer_05,none,0.0,0,,False,5.0,0.0,-0.0,-0.0,0.0,-0.0,-0.0,-0.0,-0.0
3033,2022-10-07,3034,3039,2022-10-10,2022-10-17,-0.03034588506727154,0.0,-0.010383711950868069,-0.012926476651474061,0.549339047557853,0.5278189910979229,outer_05,none,0.0,0,,False,5.0,0.0,-0.0,-0.0,0.0,-0.0,-0.0,-0.0,-0.0
3034,2022-10-10,3035,3040,2022-10-11,2022-10-18,-0.01063714795915427,0.0,-0.01592145038394044,-0.03340403480226595,0.6073842636030821,0.5278189910979229,outer_05,none,0.0,1,row3034_entry3035_exit3040,True,5.0,0.000499875041651048,-0.01063714795915427,-0.011137023000805317,0.0,-0.011137023000805317,0.010137272917503222,0.010137272917503222,0.010137272917503222
3035,2022-10-11,3036,3041,2022-10-12,2022-10-19,-0.008661402653984851,0.0,-0.0011577234334403386,-0.021506460626917523,0.44308150949777103,0.5278189910979229,outer_05,none,0.0,0,,False,5.0,0.0,-0.0,-0.0,0.0,-0.0,-0.0,-0.0,-0.0
3036,2022-10-12,3037,3042,2022-10-13,2022-10-20,-0.027150112232546597,0.0,0.004204580915255107,-0.014383955954582639,0.4831862059225564,0.5278189910979229,outer_05,none,0.0,0,,False,5.0,0.0,-0.0,-0.0,0.0,-0.0,-0.0,-0.0,-0.0
3037,2022-10-13,3038,3043,2022-10-14,2022-10-21,-0.022978910405004882,0.0,-0.004150564007949775,0.0009787586160019401,0.4813909552644644,0.5278189910979229,outer_05,none,0.0,0,,False,5.0,0.0,-0.0,-0.0,0.0,-0.0,-0.0,-0.0,-0.0
3038,2022-10-14,3039,3044,2022-10-17,2022-10-24,0.008446220998372667,1.0,-0.013230902755918095,-0.018510455304189044,0.504939463710447,0.5278189910979229,outer_05,none,0.0,0,,False,5.0,0.0,0.0,0.0,0.0,0.0,0.0,0.0,0.0
3039,2022-10-17,3040,3045,2022-10-18,2022-10-25,-0.0004060273912163126,0.0,0.0038120026979875377,-0.015116273259782709,0.5017432854500593,0.5278189910979229,outer_05,none,0.0,1,row3039_entry3040_exit3045,True,5.0,0.000499875041651048,-0.0004060273912163126,-0.0009059024328673605,0.0,-0.0009059024328673605,-9.384765043473535e-05,-0.0009059024328673605,-9.384765043473535e-05
3040,2022-10-18,3041,3046,2022-10-19,2022-10-26,0.00016343380513372807,1.0,0.0008175649738202395,-0.007742721122416363,0.48045395517225375,0.5278189910979229,outer_05,none,0.0,0,,False,5.0,0.0,0.0,0.0,0.0,0.0,0.0,0.0,0.0
3041,2022-10-19,3042,3047,2022-10-20,2022-10-27,0.021302983184517288,1.0,-0.013965779439594428,-0.027082200399533463,0.5322915334635565,0.5278189910979229,outer_05,none,0.0,0,,False,5.0,0.0,0.0,0.0,0.0,0.0,0.0,0.0,0.0
3042,2022-10-20,3043,3048,2022-10-21,2022-10-28,0.020839974971232245,1.0,-0.0006017734074950098,-0.02614730114770314,0.5291807131443371,0.5278189910979229,outer_05,none,0.0,0,,False,5.0,0.0,0.0,0.0,0.0,0.0,0.0,0.0,0.0
3043,2022-10-21,3044,3049,2022-10-24,2022-10-31,-0.010185447055704344,0.0,0.01783717878626767,0.007546519976373567,0.361055412791945,0.5278189910979229,outer_05,none,0.0,0,,False,5.0,0.0,-0.0,-0.0,0.0,-0.0,-0.0,-0.0,-0.0
3044,2022-10-24,3045,3050,2022-10-25,2022-11-01,-0.010320989913341627,0.0,-0.0048205398350837925,0.016480799465449003,0.37925334600991356,0.5278189910979229,outer_05,none,0.0,-1,row3044_entry3045_exit3050,True,5.0,0.000499875041651048,0.010320989913341627,0.00982111487169058,0.0,-0.010820864954992675,0.00982111487169058,0.00982111487169058,-0.010820864954992675
3045,2022-10-25,3046,3051,2022-10-26,2022-11-02,-0.0030308931596616517,0.0,0.0022528806418256053,0.014575669958610149,0.382602924518628,0.5278189910979229,outer_05,none,0.0,0,,False,5.0,0.0,-0.0,-0.0,0.0,-0.0,-0.0,-0.0,-0.0
3046,2022-10-26,3047,3052,2022-10-27,2022-11-03,-0.018079684420442277,0.0,0.00695665463415196,0.0028515585573147817,0.36713863199803015,0.5278189910979229,outer_05,none,0.0,0,,False,5.0,0.0,-0.0,-0.0,0.0,-0.0,-0.0,-0.0,-0.0
3047,2022-10-27,3048,3053,2022-10-28,2022-11-04,-0.020459284566172187,0.0,-0.0008173372091002662,0.0016487256200337086,0.3694100011561363,0.5278189910979229,outer_05,none,0.0,0,,False,5.0,0.0,-0.0,-0.0,0.0,-0.0,-0.0,-0.0,-0.0
3048,2022-10-28,3049,3054,2022-10-31,2022-11-07,0.01894322602314613,1.0,-0.011282338392394564,-0.009796199222041224,0.39469805918780243,0.5278189910979229,outer_05,none,0.0,0,,False,5.0,0.0,0.0,0.0,0.0,0.0,0.0,0.0,0.0
3049,2022-10-31,3050,3055,2022-11-01,2022-11-08,0.02542038347113529,1.0,-0.006735511224413848,-0.03964301433373851,0.4837929068366607,0.5278189910979229,outer_05,none,0.0,-1,row3049_entry3050_exit3055,True,5.0,0.000499875041651048,-0.02542038347113529,-0.025920258512786336,0.0,0.02492050842948424,-0.025920258512786336,-0.025920258512786336,-0.025920258512786336
3050,2022-11-01,3051,3056,2022-11-02,2022-11-09,0.038731879649040124,1.0,0.008594417192448134,-0.046647460992867984,0.5298780855248656,0.5278189910979229,outer_05,none,0.0,0,,False,5.0,0.0,0.0,0.0,0.0,0.0,0.0,0.0,0.0
3051,2022-11-02,3052,3057,2022-11-03,2022-11-10,0.04294345019684975,1.0,-0.007670482634288156,-0.048456061211639145,0.5429692369871287,0.5278189910979229,outer_05,none,0.0,0,,False,5.0,0.0,0.0,0.0,0.0,0.0,0.0,0.0,0.0
3052,2022-11-03,3053,3058,2022-11-04,2022-11-11,0.0737417576518764,1.0,-0.0033817138047025352,-0.04964454863743306,0.5247604941030217,0.5278189910979229,outer_05,none,0.0,0,,False,5.0,0.0,0.0,0.0,0.0,0.0,0.0,0.0,0.0
3053,2022-11-04,3054,3059,2022-11-07,2022-11-14,0.05175484576363498,1.0,0.03096001789941827,-0.008300818787146724,0.22982307880041522,0.5278189910979229,outer_05,none,0.0,0,,False,5.0,0.0,0.0,0.0,0.0,0.0,0.0,0.0,0.0
3054,2022-11-07,3055,3060,2022-11-08,2022-11-15,0.05558760114936501,1.0,-0.0032656982034211524,0.004354933393372562,0.32257114131472436,0.5278189910979229,outer_05,none,0.0,-1,row3054_entry3055_exit3060,True,5.0,0.000499875041651048,-0.05558760114936501,-0.056087476191016054,0.0,0.05508772610771396,-0.056087476191016054,-0.056087476191016054,0.05508772610771396
3055,2022-11-08,3056,3061,2022-11-09,2022-11-16,0.037551905291135945,1.0,0.021856793373951966,0.027369450200764867,0.4057038285424364,0.5278189910979229,outer_05,none,0.0,0,,False,5.0,0.0,0.0,0.0,0.0,0.0,0.0,0.0,0.0
3056,2022-11-09,3057,3062,2022-11-10,2022-11-17,0.03877044891136627,1.0,-0.003164439286099885,0.020000429999409874,0.43496995077747336,0.5278189910979229,outer_05,none,0.0,0,,False,5.0,0.0,0.0,0.0,0.0,0.0,0.0,0.0,0.0
3057,2022-11-10,3058,3063,2022-11-11,2022-11-18,0.003944104756860689,1.0,0.028051746928307253,0.0522027409356669,0.5270762244266745,0.5278189910979229,outer_05,none,0.0,0,,False,5.0,0.0,0.0,0.0,0.0,0.0,0.0,0.0,0.0
3058,2022-11-11,3059,3064,2022-11-14,2022-11-21,-0.006937022944542903,0.0,0.008321964961871764,0.07375560865345676,0.5187385873378814,0.5278189910979229,outer_05,none,0.0,0,,False,5.0,0.0,-0.0,-0.0,0.0,-0.0,-0.0,-0.0,-0.0
3059,2022-11-14,3060,3065,2022-11-15,2022-11-22,-0.018117087969045542,0.0,0.0005308874982086209,0.07047449345367784,0.5515938622425126,0.5278189910979229,outer_05,none,0.0,1,row3059_entry3060_exit3065,True,5.0,0.000499875041651048,-0.018117087969045542,-0.01861696301069659,0.0,-0.01861696301069659,0.017617212927394495,-0.01861696301069659,-0.01861696301069659
3060,2022-11-15,3061,3066,2022-11-16,2022-11-23,-0.021480648082997433,0.0,0.00429882824722938,0.07395575672708699,0.4374619430805122,0.5278189910979229,outer_05,none,0.0,0,,False,5.0,0.0,-0.0,-0.0,0.0,-0.0,-0.0,-0.0,-0.0
3061,2022-11-16,3062,3067,2022-11-17,2022-11-24,-0.013612216903713836,0.0,-0.0027755041730062047,0.08514603199367521,0.6021457737767478,0.5278189910979229,outer_05,none,0.0,0,,False,5.0,0.0,-0.0,-0.0,0.0,-0.0,-0.0,-0.0,-0.0
3062,2022-11-17,3063,3068,2022-11-18,2022-11-25,-0.0032201383013203966,0.0,-0.007708105035612256,0.07803970036555796,0.6049554277138447,0.5278189910979229,outer_05,none,0.0,0,,False,5.0,0.0,-0.0,-0.0,0.0,-0.0,-0.0,-0.0,-0.0
3063,2022-11-18,3064,3069,2022-11-21,2022-11-28,0.0017858013606426582,1.0,-0.005240475204426609,0.05496204637486368,0.5387130751584028,0.5278189910979229,outer_05,none,0.0,0,,False,5.0,0.0,0.0,0.0,0.0,0.0,0.0,0.0,0.0
3064,2022-11-21,3065,3070,2022-11-22,2022-11-29,0.0006956202079342333,1.0,-0.007578747091664617,0.05220383911828286,0.49320117634042665,0.5278189910979229,outer_05,none,0.0,-1,row3064_entry3065_exit3070,True,5.0,0.000499875041651048,-0.0006956202079342333,-0.0011954952495852812,0.0,0.00019574516628318534,-0.0011954952495852812,-0.0011954952495852812,0.00019574516628318534
3065,2022-11-22,3066,3071,2022-11-23,2022-11-30,0.005382135061436699,1.0,0.0012766987000345509,0.0512276571764918,0.45452589318839276,0.5278189910979229,outer_05,none,0.0,0,,False,5.0,0.0,0.0,0.0,0.0,0.0,0.0,0.0,0.0
3066,2022-11-23,3067,3072,2022-11-24,2022-12-01,0.011021008058469839,1.0,0.005405000305124474,0.04967600284746432,0.5324817454104918,0.5278189910979229,outer_05,none,0.0,0,,False,5.0,0.0,0.0,0.0,0.0,0.0,0.0,0.0,0.0
3067,2022-11-24,3068,3073,2022-11-25,2022-12-02,0.026574667987662615,1.0,0.0034124856927508773,0.05390582574931546,0.5187987041502657,0.5278189910979229,outer_05,none,0.0,0,,False,5.0,0.0,0.0,0.0,0.0,0.0,0.0,0.0,0.0
3068,2022-11-25,3069,3074,2022-11-28,2022-12-05,0.02349788560638899,1.0,-0.0004159508668157841,0.06477221327489424,0.4538367096438431,0.5278189910979229,outer_05,none,0.0,0,,False,5.0,0.0,0.0,0.0,0.0,0.0,0.0,0.0,0.0
3069,2022-11-28,3070,3075,2022-11-29,2022-12-06,0.016031173597379933,1.0,-0.007522596005633986,0.0639851284936741,0.46155427088769296,0.5278189910979229,outer_05,none,0.0,-1,row3069_entry3070_exit3075,True,5.0,0.000499875041651048,-0.016031173597379933,-0.01653104863903098,0.0,0.015531298555728885,-0.01653104863903098,-0.01653104863903098,0.015531298555728885
3070,2022-11-29,3071,3076,2022-11-30,2022-12-07,0.012266119005290399,1.0,0.004680387901105476,0.060071099202331446,0.43824370241676774,0.5278189910979229,outer_05,none,0.0,0,,False,5.0,0.0,0.0,0.0,0.0,0.0,0.0,0.0,0.0
3071,2022-11-30,3072,3077,2022-12-01,2022-12-08,0.009423655708411971,1.0,0.010642329399714434,0.07838391123633404,0.46073309018860237,0.5278189910979229,outer_05,none,0.0,0,,False,5.0,0.0,0.0,0.0,0.0,0.0,0.0,0.0,0.0
3072,2022-12-01,3073,3078,2022-12-02,2022-12-09,-0.006932504328934108,0.0,0.019304764717813505,0.10107038975885008,0.3723625619419618,0.5278189910979229,outer_05,none,0.0,0,,False,5.0,0.0,-0.0,-0.0,0.0,-0.0,-0.0,-0.0,-0.0
3073,2022-12-02,3074,3079,2022-12-05,2022-12-12,0.0005288163265850798,1.0,-0.0027104803255122434,0.06739989153391956,0.3924865444600483,0.5278189910979229,outer_05,none,0.0,0,,False,5.0,0.0,0.0,0.0,0.0,0.0,0.0,0.0,0.0
3074,2022-12-05,3075,3080,2022-12-06,2022-12-13,0.007381438010338748,1.0,-0.016447268808384763,0.054218320928955954,0.3470544191954702,0.5278189910979229,outer_05,none,0.0,-1,row3074_entry3075_exit3080,True,5.0,0.000499875041651048,-0.007381438010338748,-0.007881313051989795,0.0,0.0068815629686877,-0.007881313051989795,-0.007881313051989795,0.0068815629686877
3075,2022-12-06,3076,3081,2022-12-07,2022-12-14,0.02217529393116191,1.0,0.001322168548713698,0.033683696103717686,0.38642408098911496,0.5278189910979229,outer_05,none,0.0,0,,False,5.0,0.0,0.0,0.0,0.0,0.0,0.0,0.0,0.0
3076,2022-12-07,3077,3082,2022-12-08,2022-12-15,0.011823455946450068,1.0,0.008428571925951367,0.04527670731576894,0.4282979597089828,0.5278189910979229,outer_05,none,0.0,0,,False,5.0,0.0,0.0,0.0,0.0,0.0,0.0,0.0,0.0
3077,2022-12-08,3078,3083,2022-12-09,2022-12-16,-0.007307305298684952,0.0,0.001678340850922666,0.01890330123838435,0.38486720021934706,0.5278189910979229,outer_05,none,0.0,0,,False,5.0,0.0,-0.0,-0.0,0.0,-0.0,-0.0,-0.0,-0.0
3078,2022-12-09,3079,3084,2022-12-12,2022-12-19,-0.0024069814047855687,0.0,0.0047289322018713165,0.015310268478383904,0.2888835036995792,0.5278189910979229,outer_05,none,0.0,0,,False,5.0,0.0,-0.0,-0.0,0.0,-0.0,-0.0,-0.0,-0.0
3079,2022-12-12,3080,3085,2022-12-13,2022-12-20,0.0034857885877652706,1.0,-0.009047964194149216,0.005731416786026067,0.3573279409873924,0.5278189910979229,outer_05,none,0.0,-1,row3079_entry3080_exit3085,True,5.0,0.000499875041651048,-0.0034857885877652706,-0.003985663629416318,0.0,0.0029859135461142226,-0.003985663629416318,-0.003985663629416318,0.0029859135461142226
3080,2022-12-13,3081,3086,2022-12-14,2022-12-21,0.003941060146262387,1.0,0.01628198050243501,0.017714569041231698,0.3303700574821023,0.5278189910979229,outer_05,none,0.0,0,,False,5.0,0.0,0.0,0.0,0.0,0.0,0.0,0.0,0.0
3081,2022-12-14,3082,3087,2022-12-15,2022-12-22,0.0037835001871888707,1.0,-0.0018298873727431442,0.01866018584149476,0.3181000304370256,0.5278189910979229,outer_05,none,0.0,0,,False,5.0,0.0,0.0,0.0,0.0,0.0,0.0,0.0,0.0
3082,2022-12-15,3083,3088,2022-12-16,2022-12-23,0.009411623274509395,1.0,-0.016964692573576023,0.009403598303530991,0.289815863223531,0.5278189910979229,outer_05,none,0.0,0,,False,5.0,0.0,0.0,0.0,0.0,0.0,0.0,0.0,0.0
3083,2022-12-16,3084,3089,2022-12-19,2022-12-27,0.004152871501362121,1.0,0.009131971918100668,0.023776045426058268,0.3069149205236886,0.5278189910979229,outer_05,none,0.0,0,,False,5.0,0.0,0.0,0.0,0.0,0.0,0.0,0.0,0.0
3084,2022-12-19,3085,3090,2022-12-20,2022-12-28,0.014782506068907075,1.0,-0.0030440573669974214,0.028310735150725463,0.3825740662020295,0.5278189910979229,outer_05,none,0.0,-1,row3084_entry3085_exit3090,True,5.0,0.000499875041651048,-0.014782506068907075,-0.015282381110558123,0.0,0.014282631027256028,-0.015282381110558123,-0.015282381110558123,0.014282631027256028
3085,2022-12-20,3086,3091,2022-12-21,2022-12-29,-0.007465317241466707,0.0,0.016653552977873964,0.04368758942856488,0.25902682412035344,0.5278189910979229,outer_05,none,0.0,0,,False,5.0,0.0,-0.0,-0.0,0.0,-0.0,-0.0,-0.0,-0.0
3086,2022-12-21,3087,3092,2022-12-22,2022-12-30,0.00040787305792289175,1.0,-0.0019384226653267334,0.03634416645811367,0.29134018450635174,0.5278189910979229,outer_05,none,0.0,0,,False,5.0,0.0,0.0,0.0,0.0,0.0,0.0,0.0,0.0
3087,2022-12-22,3088,3093,2022-12-23,2023-01-03,0.018304327892839645,1.0,-0.012061534531880191,0.0208701462334826,0.39644314618413734,0.5278189910979229,outer_05,none,0.0,0,,False,5.0,0.0,0.0,0.0,0.0,0.0,0.0,0.0,0.0
3088,2022-12-23,3089,3094,2022-12-27,2023-01-04,0.02126032303701031,1.0,0.0034030403972789003,0.024689137497577285,0.4018431752541266,0.5278189910979229,outer_05,none,0.0,0,,False,5.0,0.0,0.0,0.0,0.0,0.0,0.0,0.0,0.0
3089,2022-12-27,3090,3095,2022-12-28,2023-01-05,0.022003831656368433,1.0,0.008283592679672047,0.04049532618288332,0.499748867903206,0.5278189910979229,outer_05,none,0.0,-1,row3089_entry3090_exit3095,True,5.0,0.000499875041651048,-0.022003831656368433,-0.02250370669801948,0.0,0.021503956614717386,-0.02250370669801948,0.021503956614717386,0.021503956614717386
3090,2022-12-28,3091,3096,2022-12-29,2023-01-06,0.01540484570281464,1.0,-0.005119314158991806,0.030695624122786036,0.47795286497433853,0.5278189910979229,outer_05,none,0.0,0,,False,5.0,0.0,0.0,0.0,0.0,0.0,0.0,0.0,0.0
3091,2022-12-29,3092,3097,2022-12-30,2023-01-09,0.028820313292889033,1.0,0.005846935695617006,0.025900230418688608,0.4027685991562647,0.5278189910979229,outer_05,none,0.0,0,,False,5.0,0.0,0.0,0.0,0.0,0.0,0.0,0.0,0.0
3092,2022-12-30,3093,3098,2023-01-03,2023-01-10,0.024027811358745765,1.0,0.004815392144348785,0.011410857845223887,0.33889635724493095,0.5278189910979229,outer_05,none,0.0,0,,False,5.0,0.0,0.0,0.0,0.0,0.0,0.0,0.0,0.0
3093,2023-01-03,3094,3099,2023-01-04,2023-01-11,0.02057799854372533,1.0,0.008692335962367181,0.022813674133103312,0.296018514931823,0.5278189910979229,outer_05,none,0.0,0,,False,5.0,0.0,0.0,0.0,0.0,0.0,0.0,0.0,0.0
3094,2023-01-04,3095,3100,2023-01-05,2023-01-12,0.010988325983071867,1.0,0.008234687789712147,0.04749563073120022,0.3138814205592515,0.5278189910979229,outer_05,none,0.0,-1,row3094_entry3095_exit3100,True,5.0,0.000499875041651048,-0.010988325983071867,-0.011488201024722915,0.0,0.01048845094142082,-0.011488201024722915,0.01048845094142082,0.01048845094142082
3095,2023-01-05,3096,3101,2023-01-06,2023-01-13,0.03403725532386215,1.0,-0.011801850833690786,0.03437161134879574,0.34777535951586735,0.5278189910979229,outer_05,none,0.0,0,,False,5.0,0.0,0.0,0.0,0.0,0.0,0.0,0.0,0.0
3096,2023-01-06,3097,3102,2023-01-09,2023-01-16,0.02708578138759954,1.0,0.01790285586016971,0.04384589528301408,0.403734472084357,0.5278189910979229,outer_05,none,0.0,0,,False,5.0,0.0,0.0,0.0,0.0,0.0,0.0,0.0,0.0
3097,2023-01-09,3098,3103,2023-01-10,2023-01-17,0.023270807600689558,1.0,0.0030179009982767013,0.045185455430368116,0.45643923819100324,0.5278189910979229,outer_05,none,0.0,0,,False,5.0,0.0,0.0,0.0,0.0,0.0,0.0,0.0,0.0
3098,2023-01-10,3099,3104,2023-01-11,2023-01-18,0.016506680894822878,1.0,0.0027957271356227054,0.043252250364119504,0.4833859393507289,0.5278189910979229,outer_05,none,0.0,0,,False,5.0,0.0,0.0,0.0,0.0,0.0,0.0,0.0,0.0
3099,2023-01-11,3100,3105,2023-01-12,2023-01-19,0.01536427707480037,1.0,-0.0006715415861977547,0.051628672972070966,0.4527322081562967,0.5278189910979229,outer_05,none,0.0,-1,row3099_entry3100_exit3105,True,5.0,0.000499875041651048,-0.01536427707480037,-0.015864152116451417,0.0,0.014864402033149322,-0.015864152116451417,-0.015864152116451417,0.014864402033149322
3100,2023-01-12,3101,3106,2023-01-13,2023-01-20,0.018765296330832015,1.0,0.011186629222011746,0.0465333216916477,0.43437036873245893,0.5278189910979229,outer_05,none,0.0,0,,False,5.0,0.0,0.0,0.0,0.0,0.0,0.0,0.0,0.0
3101,2023-01-13,3102,3107,2023-01-16,2023-01-23,0.0035735966683727582,1.0,0.012334321064665588,0.06069753012905643,0.39313551781986955,0.5278189910979229,outer_05,none,0.0,0,,False,5.0,0.0,0.0,0.0,0.0,0.0,0.0,0.0,0.0
3102,2023-01-16,3103,3108,2023-01-17,2023-01-24,0.008247705323432442,1.0,-0.0025236343280417017,0.07513858837459075,0.5739498030916753,0.5278189910979229,outer_05,none,0.0,0,,False,5.0,0.0,0.0,0.0,0.0,0.0,0.0,0.0,0.0
3103,2023-01-17,3104,3109,2023-01-18,2023-01-25,0.014995248846298104,1.0,-0.0035878324279039475,0.06241878402858614,0.39442021403838873,0.5278189910979229,outer_05,none,0.0,0,,False,5.0,0.0,0.0,0.0,0.0,0.0,0.0,0.0,0.0
3104,2023-01-18,3105,3110,2023-01-19,2023-01-26,0.02206567679411453,1.0,-0.0023237830927751446,0.06313905830280842,0.4066390230858544,0.5278189910979229,outer_05,none,0.0,-1,row3104_entry3105_exit3110,True,5.0,0.000499875041651048,-0.02206567679411453,-0.022565551835765578,0.0,0.021565801752463483,-0.022565551835765578,-0.022565551835765578,0.021565801752463483
3105,2023-01-19,3106,3111,2023-01-20,2023-01-27,-0.001730588313656689,0.0,0.014576879210718374,0.061062384535652825,0.38900207541244197,0.5278189910979229,outer_05,none,0.0,0,,False,5.0,0.0,-0.0,-0.0,0.0,-0.0,-0.0,-0.0,-0.0
3106,2023-01-20,3107,3112,2023-01-23,2023-01-30,0.0006851697360747977,1.0,-0.0032140700134233313,0.05978673718755623,0.33988177565445554,0.5278189910979229,outer_05,none,0.0,0,,False,5.0,0.0,0.0,0.0,0.0,0.0,0.0,0.0,0.0
3107,2023-01-23,3108,3113,2023-01-24,2023-01-31,-0.004099748859712982,0.0,0.0025565448212754305,0.07440481654071185,0.40535261614311047,0.5278189910979229,outer_05,none,0.0,0,,False,5.0,0.0,-0.0,-0.0,0.0,-0.0,-0.0,-0.0,-0.0
3108,2023-01-24,3109,3114,2023-01-25,2023-02-01,-0.004682976783899839,0.0,0.0033142831344186163,0.07431605927785156,0.3914212184679406,0.5278189910979229,outer_05,none,0.0,0,,False,5.0,0.0,-0.0,-0.0,0.0,-0.0,-0.0,-0.0,-0.0
3109,2023-01-25,3110,3115,2023-01-26,2023-02-02,0.0025603215669205426,1.0,0.004542489283007711,0.07057495588118723,0.3790843136715692,0.5278189910979229,outer_05,none,0.0,-1,row3109_entry3110_exit3115,True,5.0,0.000499875041651048,-0.0025603215669205426,-0.0030601966085715905,0.0,0.0020604465252694946,-0.0030601966085715905,0.0020604465252694946,0.0020604465252694946
3110,2023-01-26,3111,3116,2023-01-27,2023-02-03,-0.0085255382613445,0.0,-0.008846463647209646,0.06684780639296939,0.38898021536375166,0.5278189910979229,outer_05,none,0.0,0,,False,5.0,0.0,-0.0,-0.0,0.0,-0.0,-0.0,-0.0,-0.0
3111,2023-01-27,3112,3117,2023-01-30,2023-02-06,-0.03440106349426042,0.0,-0.00033184349735737584,0.06066902719999501,0.490558405990778,0.5278189910979229,outer_05,none,0.0,0,,False,5.0,0.0,-0.0,-0.0,0.0,-0.0,-0.0,-0.0,-0.0
3112,2023-01-30,3113,3118,2023-01-31,2023-02-07,-0.029269764453808023,0.0,-0.002632721504670421,0.0532209135509758,0.3961709758752891,0.5278189910979229,outer_05,none,0.0,0,,False,5.0,0.0,-0.0,-0.0,0.0,-0.0,-0.0,-0.0,-0.0
3113,2023-01-31,3114,3119,2023-02-01,2023-02-08,-0.028455889426249215,0.0,0.0025289978244611433,0.04705757541306976,0.36279080872460434,0.5278189910979229,outer_05,none,0.0,0,,False,5.0,0.0,-0.0,-0.0,0.0,-0.0,-0.0,-0.0,-0.0
3114,2023-02-01,3115,3120,2023-02-02,2023-02-09,-0.03989427850766347,0.0,0.011325079269848715,0.05014796689320633,0.31342442511765034,0.5278189910979229,outer_05,none,0.0,-1,row3114_entry3115_exit3120,True,5.0,0.000499875041651048,0.03989427850766347,0.039394403466012425,0.0,-0.04039415354931452,0.039394403466012425,-0.04039415354931452,-0.04039415354931452
3115,2023-02-02,3116,3121,2023-02-03,2023-02-10,-0.0260054921993369,0.0,-0.01939656839975612,0.042553249327140996,0.3281243531690891,0.5278189910979229,outer_05,none,0.0,0,,False,5.0,0.0,-0.0,-0.0,0.0,-0.0,-0.0,-0.0,-0.0
3116,2023-02-03,3117,3122,2023-02-06,2023-02-13,0.0014275366687561686,1.0,-0.02476829777168721,-0.00011790430471592117,0.39206552440531234,0.5278189910979229,outer_05,none,0.0,0,,False,5.0,0.0,0.0,0.0,0.0,0.0,0.0,0.0,0.0
3117,2023-02-06,3118,3123,2023-02-07,2023-02-14,-0.007449244379407638,0.0,0.0009856809227759555,-0.002150124380216667,0.4500081842202244,0.5278189910979229,outer_05,none,0.0,0,,False,5.0,0.0,-0.0,-0.0,0.0,-0.0,-0.0,-0.0,-0.0
3118,2023-02-07,3119,3124,2023-02-08,2023-02-15,-0.010703207687672744,0.0,0.0031967696043251337,-0.0017490819115142386,0.4518795853373297,0.5278189910979229,outer_05,none,0.0,0,,False,5.0,0.0,-0.0,-0.0,0.0,-0.0,-0.0,-0.0,-0.0
3119,2023-02-08,3120,3125,2023-02-09,2023-02-16,-0.020925087272323672,0.0,0.0010242240531770364,-5.331627213944756e-05,0.4812691732579471,0.5278189910979229,outer_05,none,0.0,-1,row3119_entry3120_exit3125,True,5.0,0.000499875041651048,0.020925087272323672,0.020425212230672625,0.0,-0.02142496231397472,0.020425212230672625,-0.02142496231397472,0.020425212230672625
3120,2023-02-09,3121,3126,2023-02-10,2023-02-17,-0.014289471614682192,0.0,-0.007470988473627926,-0.01871093396777912,0.6291739707631135,0.5278189910979229,outer_05,none,0.0,0,,False,5.0,0.0,-0.0,-0.0,0.0,-0.0,-0.0,-0.0,-0.0
3121,2023-02-10,3122,3127,2023-02-13,2023-02-20,-0.012840306274471303,0.0,0.0020177417804783104,-0.029027513251966397,0.6022157023965852,0.5278189910979229,outer_05,none,0.0,0,,False,5.0,0.0,-0.0,-0.0,0.0,-0.0,-0.0,-0.0,-0.0
3122,2023-02-13,3123,3128,2023-02-14,2023-02-21,-0.006619583535383278,0.0,-0.00642151740347785,-0.032925396327402545,0.7163174320844116,0.5278189910979229,outer_05,none,0.0,0,,False,5.0,0.0,-0.0,-0.0,0.0,-0.0,-0.0,-0.0,-0.0
3123,2023-02-14,3124,3129,2023-02-15,2023-02-22,-0.010426503688623967,0.0,0.0005124374061979964,-0.0288251264933006,0.6934370244693977,0.5278189910979229,outer_05,none,0.0,0,,False,5.0,0.0,-0.0,-0.0,0.0,-0.0,-0.0,-0.0,-0.0
3124,2023-02-15,3125,3130,2023-02-16,2023-02-23,-0.005767230245989019,0.0,-0.0100320335371471,-0.03653337693767256,0.7228701144062343,0.5278189910979229,outer_05,none,0.0,1,row3124_entry3125_exit3130,True,5.0,0.000499875041651048,-0.005767230245989019,-0.0062671052876400665,0.0,-0.0062671052876400665,0.0052673552043379715,0.0052673552043379715,0.0052673552043379715
3125,2023-02-16,3126,3131,2023-02-17,2023-02-24,-0.007630745709821696,0.0,0.00031588005534644026,-0.05079437609304449,0.7276107942008725,0.5278189910979229,outer_05,none,0.0,0,,False,5.0,0.0,-0.0,-0.0,0.0,-0.0,-0.0,-0.0,-0.0
3126,2023-02-17,3127,3132,2023-02-20,2023-02-27,-0.01547583787837059,0.0,0.0033215849096874805,-0.04425872116993368,0.6790642361570882,0.5278189910979229,outer_05,none,0.0,0,,False,5.0,0.0,-0.0,-0.0,0.0,-0.0,-0.0,-0.0,-0.0
3127,2023-02-20,3128,3133,2023-02-21,2023-02-28,-0.01327303146361647,0.0,-0.000694934606391584,-0.047510200597600694,0.769498461854645,0.5278189910979229,outer_05,none,0.0,0,,False,5.0,0.0,-0.0,-0.0,0.0,-0.0,-0.0,-0.0,-0.0
3128,2023-02-21,3129,3134,2023-02-22,2023-03-01,-0.0044409921815340425,0.0,-0.0034764855626807645,-0.054300969294700074,0.6417922311360287,0.5278189910979229,outer_05,none,0.0,0,,False,5.0,0.0,-0.0,-0.0,0.0,-0.0,-0.0,-0.0,-0.0
3129,2023-02-22,3130,3135,2023-02-23,2023-03-02,0.006224562266112343,1.0,-0.005284064239170938,-0.06412752281687872,0.7067677568531349,0.5278189910979229,outer_05,none,0.0,1,row3129_entry3130_exit3135,True,5.0,0.000499875041651048,0.006224562266112343,0.005724687224461296,0.0,0.005724687224461296,-0.006724437307763391,-0.006724437307763391,-0.006724437307763391
3130,2023-02-23,3131,3136,2023-02-24,2023-03-03,0.007516386867988167,1.0,-0.0016065934087077238,-0.0568876525783768,0.663584801741723,0.5278189910979229,outer_05,none,0.0,0,,False,5.0,0.0,0.0,0.0,0.0,0.0,0.0,0.0,0.0
3131,2023-02-24,3132,3137,2023-02-27,2023-03-06,0.02268002373908029,1.0,-0.006303195301671671,-0.0628590043826911,0.6453035352392162,0.5278189910979229,outer_05,none,0.0,0,,False,5.0,0.0,0.0,0.0,0.0,0.0,0.0,0.0,0.0
3132,2023-02-27,3133,3138,2023-02-28,2023-03-07,0.015962954557216413,1.0,0.0035445880218762937,-0.05668169485614438,0.6834741857237037,0.5278189910979229,outer_05,none,0.0,0,,False,5.0,0.0,0.0,0.0,0.0,0.0,0.0,0.0,0.0
3133,2023-02-28,3134,3139,2023-03-01,2023-03-08,-0.006960514841868104,0.0,0.005077197870592798,-0.05413349481001273,0.7298487960726341,0.5278189910979229,outer_05,none,0.0,0,,False,5.0,0.0,-0.0,-0.0,0.0,-0.0,-0.0,-0.0,-0.0
3134,2023-03-01,3135,3140,2023-03-02,2023-03-09,-0.012609374747161617,0.0,0.00549268933197844,-0.059965884747883,0.6679267069814931,0.5278189910979229,outer_05,none,0.0,1,row3134_entry3135_exit3140,True,5.0,0.000499875041651048,-0.012609374747161617,-0.013109249788812664,0.0,-0.013109249788812664,0.01210949970551057,-0.013109249788812664,0.01210949970551057
3135,2023-03-02,3136,3141,2023-03-03,2023-03-10,-0.0026393297031539475,0.0,-0.0005228530466370174,-0.0410921693947639,0.6730709090882476,0.5278189910979229,outer_05,none,0.0,0,,False,5.0,0.0,-0.0,-0.0,0.0,-0.0,-0.0,-0.0,-0.0
3136,2023-03-03,3137,3142,2023-03-06,2023-03-13,0.017089680053147482,1.0,0.010675004512153308,-0.0056488671109233834,0.4334355856444384,0.5278189910979229,outer_05,none,0.0,0,,False,5.0,0.0,0.0,0.0,0.0,0.0,0.0,0.0,0.0
3137,2023-03-06,3138,3143,2023-03-07,2023-03-14,0.03507936731050787,1.0,-0.004694882351012453,-0.011329430384711792,0.564631532861489,0.5278189910979229,outer_05,none,0.0,0,,False,5.0,0.0,0.0,0.0,0.0,0.0,0.0,0.0,0.0
3138,2023-03-07,3139,3144,2023-03-08,2023-03-15,0.04873923453291429,1.0,-0.01834101570824398,-0.032867215697280905,0.6655024512252894,0.5278189910979229,outer_05,none,0.0,0,,False,5.0,0.0,0.0,0.0,0.0,0.0,0.0,0.0,0.0
3139,2023-03-08,3140,3145,2023-03-09,2023-03-16,0.056349010006512046,1.0,0.00036947477100657267,-0.03352196497945137,0.6764294344746707,0.5278189910979229,outer_05,none,0.0,1,row3139_entry3140_exit3145,True,5.0,0.000499875041651048,0.056349010006512046,0.055849134964861,0.0,0.055849134964861,-0.05684888504816309,0.055849134964861,-0.05684888504816309
3140,2023-03-09,3141,3146,2023-03-10,2023-03-17,0.046974115456812626,1.0,0.009356658621426206,-0.016694317884397236,0.6143253880454835,0.5278189910979229,outer_05,none,0.0,0,,False,5.0,0.0,0.0,0.0,0.0,0.0,0.0,0.0,0.0
3141,2023-03-10,3142,3147,2023-03-13,2023-03-20,0.05193195454798882,1.0,0.019676560744334104,0.0009645010794585573,0.38885366930894105,0.5278189910979229,outer_05,none,0.0,0,,False,5.0,0.0,0.0,0.0,0.0,0.0,0.0,0.0,0.0
3142,2023-03-13,3143,3148,2023-03-14,2023-03-21,0.03422902343024781,1.0,0.024552177417465515,0.03193819590040192,0.2370744714874158,0.5278189910979229,outer_05,none,0.0,0,,False,5.0,0.0,0.0,0.0,0.0,0.0,0.0,0.0,0.0
3143,2023-03-14,3144,3149,2023-03-15,2023-03-22,0.018323744478290216,1.0,-0.005081977291681916,0.02634378120252201,0.3873801148550332,0.5278189910979229,outer_05,none,0.0,0,,False,5.0,0.0,0.0,0.0,0.0,0.0,0.0,0.0,0.0
3144,2023-03-15,3145,3150,2023-03-16,2023-03-23,0.025910556777733795,1.0,0.007404785958003757,0.04378060069767287,0.5416734357268993,0.5278189910979229,outer_05,none,0.0,1,row3144_entry3145_exit3150,True,5.0,0.000499875041651048,0.025910556777733795,0.025410681736082748,0.0,0.025410681736082748,-0.026410431819384843,0.025410681736082748,0.025410681736082748
3145,2023-03-16,3146,3151,2023-03-17,2023-03-24,0.03799846912497529,1.0,0.0006931867321231522,0.04415790737444958,0.6218014153467325,0.5278189910979229,outer_05,none,0.0,0,,False,5.0,0.0,0.0,0.0,0.0,0.0,0.0,0.0,0.0
3146,2023-03-17,3147,3152,2023-03-20,2023-03-27,-0.004419071721809331,0.0,0.03523324071270206,0.07606956317746416,0.7110531181179223,0.5278189910979229,outer_05,none,0.0,0,,False,5.0,0.0,-0.0,-0.0,0.0,-0.0,-0.0,-0.0,-0.0
3147,2023-03-20,3148,3153,2023-03-21,2023-03-28,-0.011317471613477181,0.0,-0.0048048776396134585,0.07195962014424229,0.6794059106842951,0.5278189910979229,outer_05,none,0.0,0,,False,5.0,0.0,-0.0,-0.0,0.0,-0.0,-0.0,-0.0,-0.0
3148,2023-03-21,3149,3154,2023-03-22,2023-03-29,0.01731529947688948,1.0,-0.019448608376877452,0.0559874973300456,0.6902074690502684,0.5278189910979229,outer_05,none,0.0,0,,False,5.0,0.0,0.0,0.0,0.0,0.0,0.0,0.0,0.0
3149,2023-03-22,3150,3155,2023-03-23,2023-03-30,-0.0032138017613281278,0.0,0.014965806442723384,0.07623736801193992,0.7827035500346204,0.5278189910979229,outer_05,none,0.0,1,row3149_entry3150_exit3155,True,5.0,0.000499875041651048,-0.0032138017613281278,-0.0037136768029791757,0.0,-0.0037136768029791757,0.00271392671967708,-0.0037136768029791757,-0.0037136768029791757
3150,2023-03-23,3151,3156,2023-03-24,2023-03-31,-0.006773818470011683,0.0,0.012200688208010568,0.09004464962865821,0.7738593191173644,0.5278189910979229,outer_05,none,0.0,0,,False,5.0,0.0,-0.0,-0.0,0.0,-0.0,-0.0,-0.0,-0.0
3151,2023-03-24,3152,3157,2023-03-27,2023-04-03,-0.005515856823841148,0.0,-0.007631972364595008,0.08871587256573488,0.6425237600108538,0.5278189910979229,outer_05,none,0.0,0,,False,5.0,0.0,-0.0,-0.0,0.0,-0.0,-0.0,-0.0,-0.0
3152,2023-03-27,3153,3158,2023-03-28,2023-04-04,0.014007252829687289,1.0,-0.011415161715768285,0.0737561228280903,0.6431608481383942,0.5278189910979229,outer_05,none,0.0,0,,False,5.0,0.0,0.0,0.0,0.0,0.0,0.0,0.0,0.0
3153,2023-03-28,3154,3159,2023-03-29,2023-04-05,0.023757416280602683,1.0,0.008738258137914734,0.07741718309541223,0.7219611887725758,0.5278189910979229,outer_05,none,0.0,0,,False,5.0,0.0,0.0,0.0,0.0,0.0,0.0,0.0,0.0
3154,2023-03-29,3155,3160,2023-03-30,2023-04-06,0.028811438385716315,1.0,-0.0046471671210053245,0.06727732664242847,0.7275252994436269,0.5278189910979229,outer_05,none,0.0,1,row3154_entry3155_exit3160,True,5.0,0.000499875041651048,0.028811438385716315,0.028311563344065267,0.0,0.028311563344065267,-0.029311313427367362,-0.029311313427367362,0.028311563344065267
3155,2023-03-30,3156,3161,2023-03-31,2023-04-10,0.008527721352534101,1.0,0.008031316460868965,0.07583149614993445,0.6949409703578142,0.5278189910979229,outer_05,none,0.0,0,,False,5.0,0.0,0.0,0.0,0.0,0.0,0.0,0.0,0.0
3156,2023-03-31,3157,3162,2023-04-03,2023-04-11,0.012132140429747196,1.0,-0.005468894181166917,0.05968759745661423,0.5816019057238208,0.5278189910979229,outer_05,none,0.0,0,,False,5.0,0.0,0.0,0.0,0.0,0.0,0.0,0.0,0.0
3157,2023-04-03,3158,3163,2023-04-04,2023-04-12,0.009479980109783348,1.0,0.007557399087052552,0.07193987889467923,0.5923856181380021,0.5278189910979229,outer_05,none,0.0,0,,False,5.0,0.0,0.0,0.0,0.0,0.0,0.0,0.0,0.0
3158,2023-04-04,3159,3164,2023-04-05,2023-04-13,-0.0032957286994577117,0.0,0.018068448641749946,0.10834934324467316,0.5676973548586703,0.5278189910979229,outer_05,none,0.0,0,,False,5.0,0.0,-0.0,-0.0,0.0,-0.0,-0.0,-0.0,-0.0
3159,2023-04-05,3160,3165,2023-04-06,2023-04-14,0.009564408085612541,1.0,6.433748477352452e-05,0.10804420595844011,0.5343885131163882,0.5278189910979229,outer_05,none,0.0,1,row3159_entry3160_exit3165,True,5.0,0.000499875041651048,0.009564408085612541,0.009064533043961494,0.0,0.009064533043961494,-0.010064283127263589,0.009064533043961494,0.009064533043961494
3160,2023-04-06,3161,3166,2023-04-10,2023-04-17,0.0009958490435391099,1.0,-0.006623691663037334,0.09206385567397657,0.4845316388590497,0.5278189910979229,outer_05,none,0.0,0,,False,5.0,0.0,0.0,0.0,0.0,0.0,0.0,0.0,0.0
3161,2023-04-10,3162,3167,2023-04-11,2023-04-18,0.001851559677253256,1.0,-0.008073071231501139,0.06431422369814133,0.5829580689601319,0.5278189910979229,outer_05,none,0.0,0,,False,5.0,0.0,0.0,0.0,0.0,0.0,0.0,0.0,0.0
3162,2023-04-11,3163,3168,2023-04-12,2023-04-19,0.000977985428128214,1.0,0.006178205748462062,0.045940252029137874,0.5500218498224512,0.5278189910979229,outer_05,none,0.0,0,,False,5.0,0.0,0.0,0.0,0.0,0.0,0.0,0.0,0.0
3163,2023-04-12,3164,3169,2023-04-13,2023-04-20,-0.010023058423787923,0.0,0.005599411388328868,0.05662164070914866,0.4818365634848838,0.5278189910979229,outer_05,none,0.0,0,,False,5.0,0.0,-0.0,-0.0,0.0,-0.0,-0.0,-0.0,-0.0
3164,2023-04-13,3165,3170,2023-04-14,2023-04-21,-0.01778815907533815,0.0,0.012493781299409257,0.06171063605055416,0.48441382894264073,0.5278189910979229,outer_05,none,0.0,-1,row3164_entry3165_exit3170,True,5.0,0.000499875041651048,0.01778815907533815,0.017288284033687103,0.0,-0.018288034116989198,0.017288284033687103,-0.018288034116989198,-0.018288034116989198
3165,2023-04-14,3166,3171,2023-04-17,2023-04-24,-0.008493974471954324,0.0,-0.017644084160600926,0.04337336515783008,0.4564796671048243,0.5278189910979229,outer_05,none,0.0,0,,False,5.0,0.0,-0.0,-0.0,0.0,-0.0,-0.0,-0.0,-0.0
3166,2023-04-17,3167,3172,2023-04-18,2023-04-25,-0.0028012488385122936,0.0,-0.00467059231348621,0.003469532131641806,0.5376797206105448,0.5278189910979229,outer_05,none,0.0,0,,False,5.0,0.0,-0.0,-0.0,0.0,-0.0,-0.0,-0.0,-0.0
3167,2023-04-18,3168,3173,2023-04-19,2023-04-26,-0.004117988008061069,0.0,0.0050646436400283434,0.013339053411283608,0.5830563741400902,0.5278189910979229,outer_05,none,0.0,0,,False,5.0,0.0,-0.0,-0.0,0.0,-0.0,-0.0,-0.0,-0.0
3168,2023-04-19,3169,3174,2023-04-20,2023-04-27,-0.0022639492224616475,0.0,-0.005270170302822841,0.02751749148533822,0.6134394980077558,0.5278189910979229,outer_05,none,0.0,0,,False,5.0,0.0,-0.0,-0.0,0.0,-0.0,-0.0,-0.0,-0.0
3169,2023-04-20,3170,3175,2023-04-21,2023-04-28,-0.008377474039454214,0.0,0.005015800502627954,0.01756748554524279,0.510415835364619,0.5278189910979229,outer_05,none,0.0,1,row3169_entry3170_exit3175,True,5.0,0.000499875041651048,-0.008377474039454214,-0.008877349081105261,0.0,-0.008877349081105261,0.007877598997803166,-0.008877349081105261,-0.008877349081105261
3170,2023-04-21,3171,3176,2023-04-24,2023-05-01,0.00360531317631807,1.0,-0.010964263175462285,-0.005597465838230065,0.5362586095403012,0.5278189910979229,outer_05,none,0.0,0,,False,5.0,0.0,0.0,0.0,0.0,0.0,0.0,0.0,0.0
3171,2023-04-24,3172,3177,2023-04-25,2023-05-02,-0.0035555145355541384,0.0,0.003126977363475447,0.00516148388984039,0.5234073687360479,0.5278189910979229,outer_05,none,0.0,0,,False,5.0,0.0,-0.0,-0.0,0.0,-0.0,-0.0,-0.0,-0.0
3172,2023-04-25,3173,3178,2023-04-26,2023-05-03,0.00955428423232263,1.0,0.004018961233628993,0.020595606839237668,0.4888399117133465,0.5278189910979229,outer_05,none,0.0,0,,False,5.0,0.0,0.0,0.0,0.0,0.0,0.0,0.0,0.0
3173,2023-04-26,3174,3179,2023-04-27,2023-05-04,0.03677086162547827,1.0,-0.0038983078956578154,0.007959040805665119,0.5054048675196522,0.5278189910979229,outer_05,none,0.0,0,,False,5.0,0.0,0.0,0.0,0.0,0.0,0.0,0.0,0.0
3174,2023-04-27,3175,3180,2023-04-28,2023-05-05,0.030489245071693816,1.0,-0.0007794761812105477,0.011826731745459895,0.510031081910351,0.5278189910979229,outer_05,none,0.0,1,row3174_entry3175_exit3180,True,5.0,0.000499875041651048,0.030489245071693816,0.029989370030042768,0.0,0.029989370030042768,-0.030989120113344863,-0.030989120113344863,0.029989370030042768
3175,2023-04-28,3176,3181,2023-05-01,2023-05-08,0.01376729526393028,1.0,0.0009101675386764541,0.004705582823267385,0.405911431823744,0.5278189910979229,outer_05,none,0.0,0,,False,5.0,0.0,0.0,0.0,0.0,0.0,0.0,0.0,0.0
3176,2023-05-01,3177,3182,2023-05-02,2023-05-09,0.01950957267857678,1.0,-0.003580073260016192,0.006594403744418109,0.5205205292099138,0.5278189910979229,outer_05,none,0.0,0,,False,5.0,0.0,0.0,0.0,0.0,0.0,0.0,0.0,0.0
3177,2023-05-02,3178,3183,2023-05-03,2023-05-10,0.009070704074989777,1.0,0.01704980323147698,0.016086807888842536,0.34059301294023825,0.5278189910979229,outer_05,none,0.0,0,,False,5.0,0.0,0.0,0.0,0.0,0.0,0.0,0.0,0.0
3178,2023-05-03,3179,3184,2023-05-04,2023-05-11,-0.01685826996119033,0.0,0.010845841881477192,0.008864201128569782,0.33347938063679006,0.5278189910979229,outer_05,none,0.0,0,,False,5.0,0.0,-0.0,-0.0,0.0,-0.0,-0.0,-0.0,-0.0
3179,2023-05-04,3180,3185,2023-05-05,2023-05-12,-0.016678002699038963,0.0,0.005688906840495278,0.014488770484291535,0.21406036950833648,0.5278189910979229,outer_05,none,0.0,-1,row3179_entry3180_exit3185,True,5.0,0.000499875041651048,0.016678002699038963,0.016178127657387915,0.0,-0.01717787774069001,0.016178127657387915,-0.01717787774069001,-0.01717787774069001
3180,2023-05-05,3181,3186,2023-05-08,2023-05-15,-0.004511629551021024,0.0,-0.016529789720516774,0.0045826724268120955,0.36789640236683085,0.5278189910979229,outer_05,none,0.0,0,,False,5.0,0.0,-0.0,-0.0,0.0,-0.0,-0.0,-0.0,-0.0
3181,2023-05-08,3182,3187,2023-05-09,2023-05-16,-0.0022933801730813386,0.0,0.002387380712415954,0.015043124370729188,0.3903689669040386,0.5278189910979229,outer_05,none,0.0,0,,False,5.0,0.0,-0.0,-0.0,0.0,-0.0,-0.0,-0.0,-0.0
3182,2023-05-09,3183,3188,2023-05-10,2023-05-17,-0.02262424095622073,0.0,0.006440213788749816,0.015305132411016942,0.42866756720146854,0.5278189910979229,outer_05,none,0.0,0,,False,5.0,0.0,-0.0,-0.0,0.0,-0.0,-0.0,-0.0,-0.0
3183,2023-05-10,3184,3189,2023-05-11,2023-05-18,-0.02406222596521168,0.0,-0.0021257130616731956,0.0075800079610148785,0.42489970984189096,0.5278189910979229,outer_05,none,0.0,0,,False,5.0,0.0,-0.0,-0.0,0.0,-0.0,-0.0,-0.0,-0.0
3184,2023-05-11,3185,3190,2023-05-12,2023-05-19,-0.028699024669716522,0.0,-0.007490671729157405,-0.012404445067551784,0.4314256269756408,0.5278189910979229,outer_05,none,0.0,-1,row3184_entry3185_exit3190,True,5.0,0.000499875041651048,0.028699024669716522,0.028199149628065474,0.0,-0.02919889971136757,0.028199149628065474,0.028199149628065474,0.028199149628065474
3185,2023-05-12,3186,3191,2023-05-15,2023-05-22,-0.01507794437378962,0.0,-0.002007025259767481,0.003232613833281661,0.41562547511036835,0.5278189910979229,outer_05,none,0.0,0,,False,5.0,0.0,-0.0,-0.0,0.0,-0.0,-0.0,-0.0,-0.0
3186,2023-05-15,3187,3192,2023-05-16,2023-05-23,-0.022395769082747208,0.0,0.002686711836325628,0.0105899179830935,0.47269972295228646,0.5278189910979229,outer_05,none,0.0,0,,False,5.0,0.0,-0.0,-0.0,0.0,-0.0,-0.0,-0.0,-0.0
3187,2023-05-16,3188,3193,2023-05-17,2023-05-24,-0.006901972355081831,0.0,-0.01373759785220141,-0.008212323509136255,0.4752684759998667,0.5278189910979229,outer_05,none,0.0,0,,False,5.0,0.0,-0.0,-0.0,0.0,-0.0,-0.0,-0.0,-0.0
3188,2023-05-17,3189,3194,2023-05-18,2023-05-25,-0.011761467347020549,0.0,-0.003727757438785062,-0.006669910645098476,0.4936879339154099,0.5278189910979229,outer_05,none,0.0,0,,False,5.0,0.0,-0.0,-0.0,0.0,-0.0,-0.0,-0.0,-0.0
3189,2023-05-18,3190,3195,2023-05-19,2023-05-26,-0.00852400278596388,0.0,-0.012196759301854598,-0.023882470449581028,0.6065155963202743,0.5278189910979229,outer_05,none,0.0,1,row3189_entry3190_exit3195,True,5.0,0.000499875041651048,-0.00852400278596388,-0.009023877827614928,0.0,-0.009023877827614928,0.008024127744312833,0.008024127744312833,0.008024127744312833
3190,2023-05-19,3191,3196,2023-05-22,2023-05-29,-0.01793035745765792,0.0,0.0102214674809602,-0.0026967397931585424,0.43722068120446744,0.5278189910979229,outer_05,none,0.0,0,,False,5.0,0.0,-0.0,-0.0,0.0,-0.0,-0.0,-0.0,-0.0
3191,2023-05-22,3192,3197,2023-05-23,2023-05-30,-0.014404318966720453,0.0,-0.002922090688893597,-0.008745807845527587,0.4909101696039127,0.5278189910979229,outer_05,none,0.0,0,,False,5.0,0.0,-0.0,-0.0,0.0,-0.0,-0.0,-0.0,-0.0
3192,2023-05-23,3193,3198,2023-05-24,2023-05-31,-0.008301840471001576,0.0,0.0015963070427025272,-0.011168462036454052,0.522404117434918,0.5278189910979229,outer_05,none,0.0,0,,False,5.0,0.0,-0.0,-0.0,0.0,-0.0,-0.0,-0.0,-0.0
3193,2023-05-24,3194,3199,2023-05-25,2023-06-01,0.0024122880228212296,1.0,-0.008972319429996212,-0.01624247357079245,0.5687970489729608,0.5278189910979229,outer_05,none,0.0,0,,False,5.0,0.0,0.0,0.0,0.0,0.0,0.0,0.0,0.0
3194,2023-05-25,3195,3200,2023-05-26,2023-06-02,0.01810459178841395,1.0,-0.008491737640772712,-0.023954735030354612,0.6232357534228011,0.5278189910979229,outer_05,none,0.0,1,row3194_entry3195_exit3200,True,5.0,0.000499875041651048,0.01810459178841395,0.0176047167467629,0.0,0.0176047167467629,-0.018604466830064996,-0.018604466830064996,-0.018604466830064996
3195,2023-05-26,3196,3201,2023-05-29,2023-06-05,0.0024881005607957363,1.0,0.003102325114289428,-0.02176257745474164,0.5771277797799189,0.5278189910979229,outer_05,none,0.0,0,,False,5.0,0.0,0.0,0.0,0.0,0.0,0.0,0.0,0.0
3196,2023-05-29,3197,3202,2023-05-30,2023-06-06,0.009156991599524211,1.0,-0.001835537435614043,-0.02001804163033949,0.717365289908684,0.5278189910979229,outer_05,none,0.0,0,,False,5.0,0.0,0.0,0.0,0.0,0.0,0.0,0.0,0.0
3197,2023-05-30,3198,3203,2023-05-31,2023-06-07,0.0023608066257594373,1.0,0.008210546544800579,-0.02885729831701589,0.574587503859693,0.5278189910979229,outer_05,none,0.0,0,,False,5.0,0.0,0.0,0.0,0.0,0.0,0.0,0.0,0.0
3198,2023-05-31,3199,3204,2023-06-01,2023-06-08,-0.011707665744815188,0.0,0.001749210624067743,-0.03795392957442534,0.5228750272652742,0.5278189910979229,outer_05,none,0.0,0,,False,5.0,0.0,-0.0,-0.0,0.0,-0.0,-0.0,-0.0,-0.0
3199,2023-06-01,3200,3205,2023-06-02,2023-06-09,-0.005722069870717661,0.0,0.007512725690639321,-0.036130110724281295,0.4485952482830808,0.5278189910979229,outer_05,none,0.0,-1,row3199_entry3200_exit3205,True,5.0,0.000499875041651048,0.005722069870717661,0.005222194829066613,0.0,-0.0062219449123687084,0.005222194829066613,-0.0062219449123687084,0.005222194829066613
3200,2023-06-02,3201,3206,2023-06-05,2023-06-12,0.006412689681033257,1.0,-0.015174736158126478,-0.034775057161891,0.5164210204892051,0.5278189910979229,outer_05,none,0.0,0,,False,5.0,0.0,0.0,0.0,0.0,0.0,0.0,0.0,0.0
3201,2023-06-05,3202,3207,2023-06-06,2023-06-13,-0.002327386620777361,0.0,0.007203329930433711,-0.029959107943873242,0.5055202786255307,0.5278189910979229,outer_05,none,0.0,0,,False,5.0,0.0,-0.0,-0.0,0.0,-0.0,-0.0,-0.0,-0.0
3202,2023-06-06,3203,3208,2023-06-07,2023-06-14,-0.01039244312596388,0.0,0.0007796317781458839,-0.035619689954477174,0.5352978221191863,0.5278189910979229,outer_05,none,0.0,0,,False,5.0,0.0,-0.0,-0.0,0.0,-0.0,-0.0,-0.0,-0.0
3203,2023-06-07,3204,3209,2023-06-08,2023-06-15,0.0011537888301385024,1.0,-0.011970115510680834,-0.04546409240348481,0.5835858017093257,0.5278189910979229,outer_05,none,0.0,0,,False,5.0,0.0,0.0,0.0,0.0,0.0,0.0,0.0,0.0
3204,2023-06-08,3205,3210,2023-06-09,2023-06-16,-0.00436423655885676,0.0,0.013095178309598055,-0.024878242364729353,0.5040544317885008,0.5278189910979229,outer_05,none,0.0,1,row3204_entry3205_exit3210,True,5.0,0.000499875041651048,-0.00436423655885676,-0.0048641116005078075,0.0,-0.0048641116005078075,0.003864361517205712,-0.0048641116005078075,0.003864361517205712
3205,2023-06-09,3206,3211,2023-06-12,2023-06-19,-0.0013221606743014647,0.0,-0.002536999246588678,-0.02540821635155055,0.5615147740896537,0.5278189910979229,outer_05,none,0.0,0,,False,5.0,0.0,-0.0,-0.0,0.0,-0.0,-0.0,-0.0,-0.0
3206,2023-06-12,3207,3212,2023-06-13,2023-06-20,-0.0032756708581613836,0.0,-0.00159273095082213,-0.029687659138698308,0.5149993201163833,0.5278189910979229,outer_05,none,0.0,0,,False,5.0,0.0,-0.0,-0.0,0.0,-0.0,-0.0,-0.0,-0.0
3207,2023-06-13,3208,3213,2023-06-14,2023-06-21,-0.004006554029868603,0.0,-0.007126809937163969,-0.023076871223660866,0.42630720422,0.5278189910979229,outer_05,none,0.0,0,,False,5.0,0.0,-0.0,-0.0,0.0,-0.0,-0.0,-0.0,-0.0
3208,2023-06-14,3209,3214,2023-06-15,2023-06-22,-0.005616629206480539,0.0,-0.0008751203848946787,-0.020224234169770483,0.47275856674153105,0.5278189910979229,outer_05,none,0.0,0,,False,5.0,0.0,-0.0,-0.0,0.0,-0.0,-0.0,-0.0,-0.0
3209,2023-06-15,3210,3215,2023-06-16,2023-06-23,-0.02245636608076751,0.0,0.008318636579653926,0.0002911617117380416,0.41350856420320964,0.5278189910979229,outer_05,none,0.0,-1,row3209_entry3210_exit3215,True,5.0,0.000499875041651048,0.02245636608076751,0.02195649103911646,0.0,-0.022956241122418557,0.02195649103911646,-0.022956241122418557,-0.022956241122418557
3210,2023-06-16,3211,3216,2023-06-19,2023-06-26,-0.01672556290397864,0.0,-0.0002298574638448514,-0.01016016323306701,0.42740750197913824,0.5278189910979229,outer_05,none,0.0,0,,False,5.0,0.0,-0.0,-0.0,0.0,-0.0,-0.0,-0.0,-0.0
3211,2023-06-19,3212,3217,2023-06-20,2023-06-27,-0.01404776339959568,0.0,-0.003597761295683455,-0.010835833839856868,0.5398651516101716,0.5278189910979229,outer_05,none,0.0,0,,False,5.0,0.0,-0.0,-0.0,0.0,-0.0,-0.0,-0.0,-0.0
3212,2023-06-20,3213,3218,2023-06-21,2023-06-28,-0.010940880393424557,0.0,-0.007410185816230097,-0.019842326698789492,0.5684035282236237,0.5278189910979229,outer_05,none,0.0,0,,False,5.0,0.0,-0.0,-0.0,0.0,-0.0,-0.0,-0.0,-0.0
3213,2023-06-21,3214,3219,2023-06-22,2023-06-29,-0.01259667204888082,0.0,-0.0018870320010053732,-0.012757039269798653,0.586225177381674,0.5278189910979229,outer_05,none,0.0,0,,False,5.0,0.0,-0.0,-0.0,0.0,-0.0,-0.0,-0.0,-0.0
3214,2023-06-22,3215,3220,2023-06-23,2023-06-30,-0.002679086945948761,0.0,-0.009771090747942246,-0.014036392376968188,0.5749808038652905,0.5278189910979229,outer_05,none,0.0,1,row3214_entry3215_exit3220,True,5.0,0.000499875041651048,-0.002679086945948761,-0.003178961987599809,0.0,-0.003178961987599809,0.002179211904297713,0.002179211904297713,0.002179211904297713
