row_id,date,entry_row_index,exit_row_index,entry_timestamp,exit_timestamp,executable_forward_log_return,executable_direction_binary,return_lag_1,momentum_20,probability_up,baseline_probability_up,outer_fold,selected_calibration,selected_margin,signal,signal_id,active,cost_bps,transaction_cost_log_return,candidate_gross_log_return,candidate_net_log_return,cash_net_log_return,always_long_net_log_return,always_short_net_log_return,momentum_net_log_return,trend_net_log_return
842,2014-04-11,843,844,2014-04-14,2014-04-15,0.0034649258455150544,1.0,-0.0005536489779460751,-0.04749025052678579,0.5548136425722107,0.51125,outer_01,none,0.0,1,row842_entry843_exit844,True,5.0,0.000499875041651048,0.0034649258455150544,0.0029650508038640065,0.0,0.0029650508038640065,-0.003964800887166102,-0.003964800887166102,-0.003964800887166102
843,2014-04-14,844,845,2014-04-15,2014-04-16,-0.018604551003488012,0.0,0.006729144331032444,-0.029418471994051565,0.5251684188875129,0.51125,outer_01,none,0.0,1,row843_entry844_exit845,True,5.0,0.000499875041651048,-0.018604551003488012,-0.01910442604513906,0.0,-0.01910442604513906,0.018104675961836965,-0.01910442604513906,0.018104675961836965
844,2014-04-15,845,846,2014-04-16,2014-04-17,-0.00040698009814832403,0.0,-0.01881100120509771,-0.03997115697473941,0.49779012827946845,0.51125,outer_01,none,0.0,-1,row844_entry845_exit846,True,5.0,0.000499875041651048,0.00040698009814832403,-9.289494350272392e-05,0.0,-0.000906855139799372,-9.289494350272392e-05,-9.289494350272392e-05,-9.289494350272392e-05
845,2014-04-16,846,847,2014-04-17,2014-04-21,-0.005877408220003488,0.0,0.00016123645360810457,-0.019282542667562907,0.5379012247804605,0.51125,outer_01,none,0.0,1,row845_entry846_exit847,True,5.0,0.000499875041651048,-0.005877408220003488,-0.006377283261654536,0.0,-0.006377283261654536,0.005377533178352441,-0.006377283261654536,0.005377533178352441
846,2014-04-17,847,848,2014-04-21,2014-04-22,-0.0033198326466239436,0.0,-0.006006301553289184,-0.02503276805938981,0.6440506520377198,0.51125,outer_01,none,0.0,1,row846_entry847_exit848,True,5.0,0.000499875041651048,-0.0033198326466239436,-0.0038197076882749916,0.0,-0.0038197076882749916,0.0028199576049728957,0.0028199576049728957,0.0028199576049728957
847,2014-04-21,848,849,2014-04-22,2014-04-23,-0.004840818326617757,0.0,-0.0038227351991526604,-0.033357391655945534,0.5281815717199291,0.51125,outer_01,none,0.0,1,row847_entry848_exit849,True,5.0,0.000499875041651048,-0.004840818326617757,-0.005340693368268805,0.0,-0.005340693368268805,0.00434094328496671,0.00434094328496671,0.00434094328496671
848,2014-04-22,849,850,2014-04-23,2014-04-24,0.0,0.0,-0.004538115459599368,-0.018993527693072387,0.530608793221719,0.51125,outer_01,none,0.0,1,row848_entry849_exit850,True,5.0,0.000499875041651048,0.0,-0.000499875041651048,0.0,-0.000499875041651048,-0.000499875041651048,-0.000499875041651048,-0.000499875041651048
849,2014-04-23,850,851,2014-04-24,2014-04-25,0.00779747682724885,1.0,-0.00034274853499027813,-0.02107710676878405,0.49125236066315237,0.51125,outer_01,none,0.0,-1,row849_entry850_exit851,True,5.0,0.000499875041651048,-0.00779747682724885,-0.008297351868899898,0.0,0.007297601785597803,-0.008297351868899898,-0.008297351868899898,-0.008297351868899898
850,2014-04-24,851,852,2014-04-25,2014-04-28,0.007852173892492154,1.0,0.007343328166441232,-0.00869386552022089,0.5628281205061423,0.51125,outer_01,none,0.0,1,row850_entry851_exit852,True,5.0,0.000499875041651048,0.007852173892492154,0.007352298850841106,0.0,0.007352298850841106,-0.008352048934143201,0.007352298850841106,-0.008352048934143201
851,2014-04-25,852,853,2014-04-28,2014-04-29,-0.006137914233447006,0.0,0.007374249858534299,0.00880607769563202,0.4916548104171697,0.51125,outer_01,none,0.0,-1,row851_entry852_exit853,True,5.0,0.000499875041651048,0.006137914233447006,0.0056380391917959585,0.0,-0.0066377892750980536,0.0056380391917959585,-0.0066377892750980536,-0.0066377892750980536
852,2014-04-28,853,854,2014-04-29,2014-04-30,-0.0005865329128207364,0.0,-0.004663268731349923,0.0012812004901521235,0.44137621687122824,0.51125,outer_01,none,0.0,-1,row852_entry853_exit854,True,5.0,0.000499875041651048,0.0005865329128207364,8.665787116968844e-05,0.0,-0.0010864079544717843,8.665787116968844e-05,8.665787116968844e-05,-0.0010864079544717843
853,2014-04-29,854,855,2014-04-30,2014-05-01,-0.003146905758192986,0.0,-0.0005632172971719029,0.009257387071226475,0.3120776161757106,0.51125,outer_01,none,0.0,-1,row853_entry854_exit855,True,5.0,0.000499875041651048,0.003146905758192986,0.002647030716541938,0.0,-0.003646780799844034,0.002647030716541938,0.002647030716541938,-0.003646780799844034
854,2014-04-30,855,856,2014-05-01,2014-05-02,-0.00517093941623159,0.0,-0.0036183181843236767,0.00926764730667795,0.4545498145424268,0.51125,outer_01,none,0.0,-1,row854_entry855_exit856,True,5.0,0.000499875041651048,0.00517093941623159,0.004671064374580543,0.0,-0.005670814457882638,0.004671064374580543,0.004671064374580543,-0.005670814457882638
855,2014-05-01,856,857,2014-05-02,2014-05-05,0.012746908563552317,1.0,-0.0055222369028467,-0.004507067394736275,0.4419517887829981,0.51125,outer_01,none,0.0,-1,row855_entry856_exit857,True,5.0,0.000499875041651048,-0.012746908563552317,-0.013246783605203365,0.0,0.01224703352190127,-0.013246783605203365,-0.013246783605203365,-0.013246783605203365
856,2014-05-02,857,858,2014-05-05,2014-05-06,0.006412316416199992,1.0,0.012445884757492642,0.010485145584469002,0.4619645099506455,0.51125,outer_01,none,0.0,-1,row856_entry857_exit858,True,5.0,0.000499875041651048,-0.006412316416199992,-0.00691219145785104,0.0,0.005912441374548945,-0.00691219145785104,0.005912441374548945,0.005912441374548945
857,2014-05-05,858,859,2014-05-06,2014-05-07,-0.0011155598821872559,0.0,0.007670212424593537,0.004713164243630885,0.38932397390201523,0.51125,outer_01,none,0.0,-1,row857_entry858_exit859,True,5.0,0.000499875041651048,0.0011155598821872559,0.0006156848405362079,0.0,-0.0016154349238383038,0.0006156848405362079,-0.0016154349238383038,-0.0016154349238383038
858,2014-05-06,859,860,2014-05-07,2014-05-08,-0.013802453802848724,0.0,-0.001520169268315108,0.008375509093013989,0.4573584216440322,0.51125,outer_01,none,0.0,-1,row858_entry859_exit860,True,5.0,0.000499875041651048,0.013802453802848724,0.013302578761197677,0.0,-0.014302328844499772,0.013302578761197677,0.013302578761197677,-0.014302328844499772
859,2014-05-07,860,861,2014-05-08,2014-05-09,0.00022476351485245516,1.0,-0.013933806133398008,-0.014193697286331464,0.3947958888284753,0.51125,outer_01,none,0.0,-1,row859_entry860_exit861,True,5.0,0.000499875041651048,-0.00022476351485245516,-0.0007246385565035031,0.0,-0.0002751115267985928,-0.0007246385565035031,-0.0007246385565035031,-0.0007246385565035031
860,2014-05-08,861,862,2014-05-09,2014-05-12,-0.0013493394937675873,0.0,-0.0007134493249560947,-0.01724313252781151,0.40768228303564963,0.51125,outer_01,none,0.0,-1,row860_entry861_exit862,True,5.0,0.000499875041651048,0.0013493394937675873,0.0008494644521165394,0.0,-0.0018492145354186353,0.0008494644521165394,0.0008494644521165394,0.0008494644521165394
861,2014-05-09,862,863,2014-05-12,2014-05-13,0.005278404899652145,1.0,-0.0003336346421294323,-0.023218595422863864,0.3564659454732055,0.51125,outer_01,none,0.0,-1,row861_entry862_exit863,True,5.0,0.000499875041651048,-0.005278404899652145,-0.005778279941303192,0.0,0.004778529858001097,-0.005778279941303192,-0.005778279941303192,-0.005778279941303192
862,2014-05-12,863,864,2014-05-13,2014-05-14,-0.000957639954252798,0.0,0.0055563867115981935,-0.017108559733319595,0.412032241180715,0.51125,outer_01,none,0.0,-1,row862_entry863_exit864,True,5.0,0.000499875041651048,0.000957639954252798,0.00045776491260175007,0.0,-0.001457514995903846,0.00045776491260175007,-0.001457514995903846,0.00045776491260175007
863,2014-05-13,864,865,2014-05-14,2014-05-15,0.008294779865108737,1.0,-0.0019157093981387874,-0.025753413462490826,0.39330843881437977,0.51125,outer_01,none,0.0,-1,row863_entry864_exit865,True,5.0,0.000499875041651048,-0.008294779865108737,-0.008794654906759784,0.0,0.007794904823457689,-0.008794654906759784,-0.008794654906759784,-0.008794654906759784
864,2014-05-14,865,866,2014-05-15,2014-05-16,-0.007090155816920074,0.0,0.009679902608644042,0.0027374903512509263,0.33037492322078793,0.51125,outer_01,none,0.0,-1,row864_entry865_exit866,True,5.0,0.000499875041651048,0.007090155816920074,0.0065902807752690265,0.0,-0.0075900308585711215,0.0065902807752690265,-0.0075900308585711215,-0.0075900308585711215
865,2014-05-15,866,867,2014-05-16,2014-05-19,-0.003742166316058615,0.0,-0.007663874118540193,-0.005087620220897371,0.3588836564323047,0.51125,outer_01,none,0.0,-1,row865_entry866_exit867,True,5.0,0.000499875041651048,0.003742166316058615,0.003242291274407567,0.0,-0.0042420413577096625,0.003242291274407567,0.003242291274407567,0.003242291274407567
866,2014-05-16,867,868,2014-05-19,2014-05-20,0.0012850487145152911,1.0,-0.0020469571222871963,-0.0011282757898953832,0.27201057092229364,0.51125,outer_01,none,0.0,-1,row866_entry867_exit868,True,5.0,0.000499875041651048,-0.0012850487145152911,-0.001784923756166339,0.0,0.0007851736728642432,-0.001784923756166339,-0.001784923756166339,-0.001784923756166339
867,2014-05-19,868,869,2014-05-20,2014-05-21,0.0011056773399449327,1.0,-0.0002938697250272071,0.00240058968423007,0.2800836496498386,0.51125,outer_01,none,0.0,-1,row867_entry868_exit869,True,5.0,0.000499875041651048,-0.0011056773399449327,-0.0016055523815959806,0.0,0.0006058022982938847,-0.0016055523815959806,-0.0016055523815959806,0.0006058022982938847
868,2014-05-20,869,870,2014-05-21,2014-05-22,-0.001430654130177622,0.0,0.0008658946314374916,0.007804599775266929,0.3440588422932439,0.51125,outer_01,none,0.0,-1,row868_entry869_exit870,True,5.0,0.000499875041651048,0.001430654130177622,0.0009307790885265742,0.0,-0.00193052917182867,0.0009307790885265742,-0.00193052917182867,-0.00193052917182867
869,2014-05-21,870,871,2014-05-22,2014-05-23,0.001021000204717737,1.0,-0.0016938341540351232,0.006453514156222084,0.37539231430239495,0.51125,outer_01,none,0.0,-1,row869_entry870_exit871,True,5.0,0.000499875041651048,-0.001021000204717737,-0.0015208752463687848,0.0,0.0005211251630666889,-0.0015208752463687848,-0.0015208752463687848,0.0005211251630666889
870,2014-05-22,871,872,2014-05-23,2014-05-26,-0.0012454505924495152,0.0,0.0013537506757224094,0.00046393666550326174,0.3985264049925766,0.51125,outer_01,none,0.0,-1,row870_entry871_exit872,True,5.0,0.000499875041651048,0.0012454505924495152,0.0007455755507984672,0.0,-0.0017453256341005631,0.0007455755507984672,-0.0017453256341005631,-0.0017453256341005631
871,2014-05-23,872,873,2014-05-26,2014-05-27,0.0002554051087164666,1.0,-0.0011215489378102461,-0.008031862130841283,0.301920198171174,0.51125,outer_01,none,0.0,-1,row871_entry872_exit873,True,5.0,0.000499875041651048,-0.0002554051087164666,-0.0007552801503675145,0.0,-0.00024446993293458135,-0.0007552801503675145,-0.0007552801503675145,-0.0007552801503675145
872,2014-05-26,873,874,2014-05-27,2014-05-28,-0.021637264648189714,0.0,-0.0006115805677042729,-0.003980173967195633,0.1916229115136144,0.51125,outer_01,none,0.0,-1,row872_entry873_exit874,True,5.0,0.000499875041651048,0.021637264648189714,0.021137389606538666,0.0,-0.02213713968984076,0.021137389606538666,0.021137389606538666,0.021137389606538666
873,2014-05-27,874,875,2014-05-28,2014-05-29,-0.004136428605396425,0.0,-0.02079015145924501,-0.02420710812926874,0.3276384157841116,0.51125,outer_01,none,0.0,-1,row873_entry874_exit875,True,5.0,0.000499875041651048,0.004136428605396425,0.003636553563745377,0.0,-0.0046363036470474725,0.003636553563745377,0.003636553563745377,0.003636553563745377
874,2014-05-28,875,876,2014-05-29,2014-05-30,-0.0028786380550736013,0.0,-0.005184316011122014,-0.025773105956067077,0.32830510002849994,0.51125,outer_01,none,0.0,-1,row874_entry875_exit876,True,5.0,0.000499875041651048,0.0028786380550736013,0.0023787630134225533,0.0,-0.003378513096724649,0.0023787630134225533,0.0023787630134225533,0.0023787630134225533
875,2014-05-29,876,877,2014-05-30,2014-06-02,-0.004925587436507506,0.0,-0.0021003898215150585,-0.022351258874735436,0.534707760716143,0.51125,outer_01,none,0.0,1,row875_entry876_exit877,True,5.0,0.000499875041651048,-0.004925587436507506,-0.005425462478158553,0.0,-0.005425462478158553,0.004425712394856458,0.004425712394856458,0.004425712394856458
876,2014-05-30,877,878,2014-06-02,2014-06-03,-0.0045720415567291894,0.0,-0.005078220125839472,-0.03987536375806755,0.4846889095760224,0.51125,outer_01,none,0.0,-1,row876_entry877_exit878,True,5.0,0.000499875041651048,0.0045720415567291894,0.004072166515078142,0.0,-0.005071916598380237,0.004072166515078142,0.004072166515078142,0.004072166515078142
877,2014-06-02,878,879,2014-06-03,2014-06-04,0.0008196919381786572,1.0,-0.0043320324780991015,-0.05187760866076019,0.39963483861908666,0.51125,outer_01,none,0.0,-1,row877_entry878_exit879,True,5.0,0.000499875041651048,-0.0008196919381786572,-0.001319566979829705,0.0,0.0003198168965276092,-0.001319566979829705,-0.001319566979829705,-0.001319566979829705
878,2014-06-03,879,880,2014-06-04,2014-06-05,-0.0005222750419022759,0.0,0.0007393775099950872,-0.04961806188244999,0.36683759031290486,0.51125,outer_01,none,0.0,-1,row878_entry879_exit880,True,5.0,0.000499875041651048,0.0005222750419022759,2.240000025122797e-05,0.0,-0.0010221500835533239,2.240000025122797e-05,-0.0010221500835533239,2.240000025122797e-05
879,2014-06-04,880,881,2014-06-05,2014-06-06,0.007350972388422861,1.0,-0.0009805971174943195,-0.036664852866546305,0.44724184507842524,0.51125,outer_01,none,0.0,-1,row879_entry880_exit881,True,5.0,0.000499875041651048,-0.007350972388422861,-0.007850847430073908,0.0,0.006851097346771813,-0.007850847430073908,-0.007850847430073908,-0.007850847430073908
880,2014-06-05,881,882,2014-06-06,2014-06-09,-0.0011575137898969245,0.0,0.008113163648644672,-0.027838239892945538,0.48403944425038625,0.51125,outer_01,none,0.0,-1,row880_entry881_exit882,True,5.0,0.000499875041651048,0.0011575137898969245,0.0006576387482458766,0.0,-0.0016573888315479725,0.0006576387482458766,-0.0016573888315479725,0.0006576387482458766
881,2014-06-06,882,883,2014-06-09,2014-06-10,0.00020765280525747443,1.0,-0.0004946742830354012,-0.027999279533851507,0.4698142538625435,0.51125,outer_01,none,0.0,-1,row881_entry882_exit883,True,5.0,0.000499875041651048,-0.00020765280525747443,-0.0007075278469085224,0.0,-0.0002922222363935735,-0.0007075278469085224,-0.0007075278469085224,-0.0007075278469085224
882,2014-06-09,883,884,2014-06-10,2014-06-11,0.005709500660955769,1.0,-0.00048693459674531425,-0.034042600842195014,0.3247818879327992,0.51125,outer_01,none,0.0,-1,row882_entry883_exit884,True,5.0,0.000499875041651048,-0.005709500660955769,-0.006209375702606816,0.0,0.005209625619304721,-0.006209375702606816,-0.006209375702606816,-0.006209375702606816
883,2014-06-10,884,885,2014-06-11,2014-06-12,0.0013013705901823158,1.0,0.006026056771862187,-0.02610083467219404,0.3979265490165452,0.51125,outer_01,none,0.0,-1,row883_entry884_exit885,True,5.0,0.000499875041651048,-0.0013013705901823158,-0.0018012456318333638,0.0,0.0008014955485312679,-0.0018012456318333638,0.0008014955485312679,-0.0018012456318333638
884,2014-06-11,885,886,2014-06-12,2014-06-13,0.009698815349225676,1.0,0.000785405773835457,-0.034995331507002625,0.46748190565726744,0.51125,outer_01,none,0.0,-1,row884_entry885_exit886,True,5.0,0.000499875041651048,-0.009698815349225676,-0.010198690390876723,0.0,0.009198940307574628,-0.010198690390876723,0.009198940307574628,-0.010198690390876723
885,2014-06-12,886,887,2014-06-13,2014-06-16,0.0035434898082016275,1.0,0.009188498587425542,-0.01814295880103689,0.42813219824889515,0.51125,outer_01,none,0.0,-1,row885_entry886_exit887,True,5.0,0.000499875041651048,-0.0035434898082016275,-0.004043364849852675,0.0,0.0030436147665505796,-0.004043364849852675,0.0030436147665505796,-0.004043364849852675
886,2014-06-13,887,888,2014-06-16,2014-06-17,-0.005217682872892482,0.0,0.0031381681607198786,-0.012957833518029815,0.41628545202030204,0.51125,outer_01,none,0.0,-1,row886_entry887_exit888,True,5.0,0.000499875041651048,0.005217682872892482,0.004717807831241434,0.0,-0.005717557914543529,0.004717807831241434,-0.005717557914543529,0.004717807831241434
887,2014-06-16,888,889,2014-06-17,2014-06-18,7.866613698226388e-06,1.0,-0.0035782986350705315,-0.01624226242807314,0.4959337608057466,0.51125,outer_01,none,0.0,-1,row887_entry888_exit889,True,5.0,0.000499875041651048,-7.866613698226388e-06,-0.0005077416553492743,0.0,-0.0004920084279528216,-0.0005077416553492743,-0.0005077416553492743,-0.0005077416553492743
888,2014-06-17,889,890,2014-06-18,2014-06-19,0.005561911031095157,1.0,-0.0012664552356840275,-0.01837461229519466,0.45135657979259336,0.51125,outer_01,none,0.0,-1,row888_entry889_exit890,True,5.0,0.000499875041651048,-0.005561911031095157,-0.0060617860727462045,0.0,0.005062035989444109,-0.0060617860727462045,-0.0060617860727462045,-0.0060617860727462045
889,2014-06-18,890,891,2014-06-19,2014-06-20,0.03322150605746366,1.0,0.0054946918363061314,-0.011186086304853404,0.5341291744715898,0.51125,outer_01,none,0.0,1,row889_entry890_exit891,True,5.0,0.000499875041651048,0.03322150605746366,0.03272163101581261,0.0,0.03272163101581261,-0.033721381099114704,0.03272163101581261,-0.033721381099114704
890,2014-06-19,891,892,2014-06-20,2014-06-23,-0.005379681771940703,0.0,0.032507973892150765,0.019968136911574952,0.6049758891600892,0.51125,outer_01,none,0.0,1,row890_entry891_exit892,True,5.0,0.000499875041651048,-0.005379681771940703,-0.005879556813591751,0.0,-0.005879556813591751,0.0048798067302896556,-0.005879556813591751,-0.005879556813591751
891,2014-06-20,892,893,2014-06-23,2014-06-24,0.002522721012081952,1.0,-0.003621088232334202,0.017468597617050996,0.6769624794230249,0.51125,outer_01,none,0.0,1,row891_entry892_exit893,True,5.0,0.000499875041651048,0.002522721012081952,0.002022845970430904,0.0,0.002022845970430904,-0.003022596053733,-0.003022596053733,0.002022845970430904
892,2014-06-23,893,894,2014-06-24,2014-06-25,0.00032627294158871223,1.0,0.0018767077275141375,0.019956885912269406,0.5741142791063067,0.51125,outer_01,none,0.0,1,row892_entry893_exit894,True,5.0,0.000499875041651048,0.00032627294158871223,-0.00017360210006233572,0.0,-0.00017360210006233572,-0.0008261479832397602,-0.00017360210006233572,-0.00017360210006233572
893,2014-06-24,894,895,2014-06-25,2014-06-26,0.00024273870056834568,1.0,0.0003339430354580841,0.0410809804069725,0.7322605419630793,0.51125,outer_01,none,0.0,1,row893_entry894_exit895,True,5.0,0.000499875041651048,0.00024273870056834568,-0.00025713634108270227,0.0,-0.00025713634108270227,-0.0007426137422193936,-0.00025713634108270227,-0.00025713634108270227
894,2014-06-25,895,896,2014-06-26,2014-06-27,-0.0015788558095684024,0.0,0.0009632560313086458,0.04722855244940316,0.8665558368845623,0.51125,outer_01,none,0.0,1,row894_entry895_exit896,True,5.0,0.000499875041651048,-0.0015788558095684024,-0.0020787308512194504,0.0,-0.0020787308512194504,0.0010789807679173545,-0.0020787308512194504,-0.0020787308512194504
895,2014-06-26,896,897,2014-06-27,2014-06-30,-0.0003419076198927229,0.0,-0.0017603500964460395,0.04756859217447218,0.7940799683691817,0.51125,outer_01,none,0.0,1,row895_entry896_exit897,True,5.0,0.000499875041651048,-0.0003419076198927229,-0.0008417826615437708,0.0,-0.0008417826615437708,-0.00015796742175832506,-0.00015796742175832506,-0.0008417826615437708
896,2014-06-27,897,898,2014-06-30,2014-07-01,0.008113389141940708,1.0,-0.0006685304734217468,0.051978281826889905,0.7035198088123639,0.51125,outer_01,none,0.0,1,row896_entry897_exit898,True,5.0,0.000499875041651048,0.008113389141940708,0.00761351410028966,0.0,0.00761351410028966,-0.008613264183591755,-0.008613264183591755,0.00761351410028966
897,2014-06-30,898,899,2014-07-01,2014-07-02,-0.00042220815488924757,0.0,0.008543212325174743,0.06485352663016375,0.779224538484461,0.51125,outer_01,none,0.0,1,row897_entry898_exit899,True,5.0,0.000499875041651048,-0.00042220815488924757,-0.0009220831965402955,0.0,-0.0009220831965402955,-7.766688676180038e-05,-0.0009220831965402955,-0.0009220831965402955
898,2014-07-01,899,900,2014-07-02,2014-07-03,0.0007839590330656065,1.0,-0.0011006906813735284,0.06301345843879513,0.8261354221416415,0.51125,outer_01,none,0.0,1,row898_entry899_exit900,True,5.0,0.000499875041651048,0.0007839590330656065,0.0002840839914145586,0.0,0.0002840839914145586,-0.0012838340747166545,-0.0012838340747166545,0.0002840839914145586
899,2014-07-02,900,901,2014-07-03,2014-07-04,-0.005432475912789947,0.0,0.0005278795953840287,0.06452193515167348,0.8397823640823245,0.51125,outer_01,none,0.0,1,row899_entry900_exit901,True,5.0,0.000499875041651048,-0.005432475912789947,-0.005932350954440994,0.0,-0.005932350954440994,0.004932600871138899,-0.005932350954440994,-0.005932350954440994
900,2014-07-03,901,902,2014-07-04,2014-07-07,-0.00017426684844590312,0.0,-0.005139806176802431,0.05126896532622638,0.7364118654921573,0.51125,outer_01,none,0.0,1,row900_entry901_exit902,True,5.0,0.000499875041651048,-0.00017426684844590312,-0.0006741418900969511,0.0,-0.0006741418900969511,-0.0003256081932051448,-0.0003256081932051448,-0.0006741418900969511
901,2014-07-04,902,903,2014-07-07,2014-07-08,-3.7888116397155613e-05,0.0,-7.578025242871433e-06,0.05175606158401891,0.6888367484697083,0.51125,outer_01,none,0.0,1,row901_entry902_exit903,True,5.0,0.000499875041651048,-3.7888116397155613e-05,-0.0005377631580482036,0.0,-0.0005377631580482036,-0.00046198692525389233,-0.00046198692525389233,-0.0005377631580482036
902,2014-07-07,903,904,2014-07-08,2014-07-09,-0.00030315662060953485,0.0,-2.2734420292103152e-05,0.05222026176047212,0.7585729436338164,0.51125,outer_01,none,0.0,1,row902_entry903_exit904,True,5.0,0.000499875041651048,-0.00030315662060953485,-0.0008030316622605828,0.0,-0.0008030316622605828,-0.0001967184210415131,-0.0001967184210415131,-0.0008030316622605828
903,2014-07-08,904,905,2014-07-09,2014-07-10,0.006294342668019759,1.0,-0.00023495261265438216,0.04595925237595555,0.7787002267357092,0.51125,outer_01,none,0.0,1,row903_entry904_exit905,True,5.0,0.000499875041651048,0.006294342668019759,0.005794467626368711,0.0,0.005794467626368711,-0.0067942177096708065,-0.0067942177096708065,0.005794467626368711
904,2014-07-09,905,906,2014-07-10,2014-07-11,0.005977968476776674,1.0,0.006414806981029031,0.051588653583149124,0.8461579684777433,0.51125,outer_01,none,0.0,1,row904_entry905_exit906,True,5.0,0.000499875041651048,0.005977968476776674,0.005478093435125626,0.0,0.005478093435125626,-0.006477843518427721,0.005478093435125626,0.005478093435125626
905,2014-07-10,906,907,2014-07-11,2014-07-14,0.0025649572299215606,1.0,0.005475473629790173,0.047875628625513755,0.8097720827218713,0.51125,outer_01,none,0.0,1,row905_entry906_exit907,True,5.0,0.000499875041651048,0.0025649572299215606,0.0020650821882705127,0.0,0.0020650821882705127,-0.0030648322715726086,0.0020650821882705127,0.0020650821882705127
906,2014-07-11,907,908,2014-07-14,2014-07-15,-0.023982617267718,0.0,0.0020876443772381847,0.04682510484203206,0.7608060197013155,0.51125,outer_01,none,0.0,1,row906_entry907_exit908,True,5.0,0.000499875041651048,-0.023982617267718,-0.024482492309369046,0.0,-0.024482492309369046,0.02348274222606695,-0.024482492309369046,-0.024482492309369046
907,2014-07-14,908,909,2014-07-15,2014-07-16,-0.009469127229134955,0.0,-0.023475149892280278,0.026928253584822315,0.6369068642303973,0.51125,outer_01,none,0.0,1,row907_entry908_exit909,True,5.0,0.000499875041651048,-0.009469127229134955,-0.009969002270786002,0.0,-0.009969002270786002,0.008969252187483907,0.008969252187483907,-0.009969002270786002
908,2014-07-15,909,910,2014-07-16,2014-07-17,0.002976445116796178,1.0,-0.009441503265158246,0.018753205555348096,0.6297950610815615,0.51125,outer_01,none,0.0,1,row908_entry909_exit910,True,5.0,0.000499875041651048,0.002976445116796178,0.00247657007514513,0.0,0.00247657007514513,-0.003476320158447226,-0.003476320158447226,0.00247657007514513
909,2014-07-16,910,911,2014-07-17,2014-07-18,0.01557738865118452,1.0,0.0030312987210106,0.016289812440052565,0.7181967422246708,0.51125,outer_01,none,0.0,1,row909_entry910_exit911,True,5.0,0.000499875041651048,0.01557738865118452,0.015077513609533473,0.0,0.015077513609533473,-0.016077263692835568,0.015077513609533473,0.015077513609533473
910,2014-07-17,911,912,2014-07-18,2014-07-21,-0.00708248967646341,0.0,0.01565725792795636,-0.0005609035241418425,0.62413595897183,0.51125,outer_01,none,0.0,1,row910_entry911_exit912,True,5.0,0.000499875041651048,-0.00708248967646341,-0.007582364718114458,0.0,-0.007582364718114458,0.006582614634812363,-0.007582364718114458,0.006582614634812363
911,2014-07-18,912,913,2014-07-21,2014-07-22,0.001662916589008745,1.0,-0.006534156296329918,-0.003473971588137559,0.5899927260059569,0.51125,outer_01,none,0.0,1,row911_entry912_exit913,True,5.0,0.000499875041651048,0.001662916589008745,0.001163041547357697,0.0,0.001163041547357697,-0.002162791630659793,-0.002162791630659793,-0.002162791630659793
912,2014-07-21,913,914,2014-07-22,2014-07-23,-0.0036039376861189965,0.0,0.001403230710860015,-0.003947448604791681,0.3913979042951163,0.51125,outer_01,none,0.0,-1,row912_entry913_exit914,True,5.0,0.000499875041651048,0.0036039376861189965,0.0031040626444679485,0.0,-0.004103812727770044,0.0031040626444679485,-0.004103812727770044,0.0031040626444679485
913,2014-07-22,914,915,2014-07-23,2014-07-24,-0.002343410043230243,0.0,-0.003848331796080018,-0.008129723436329783,0.4562895175876425,0.51125,outer_01,none,0.0,-1,row913_entry914_exit915,True,5.0,0.000499875041651048,0.002343410043230243,0.001843535001579195,0.0,-0.002843285084881291,0.001843535001579195,0.001843535001579195,0.001843535001579195
914,2014-07-23,915,916,2014-07-24,2014-07-25,-0.007967188250244561,0.0,-0.001853086070853216,-0.010946065538491645,0.5437305423216668,0.51125,outer_01,none,0.0,1,row914_entry915_exit916,True,5.0,0.000499875041651048,-0.007967188250244561,-0.008467063291895609,0.0,-0.008467063291895609,0.007467313208593514,0.007467313208593514,0.007467313208593514
915,2014-07-24,916,917,2014-07-25,2014-07-28,0.008986404002209625,1.0,-0.008683122573460267,-0.017868838015505872,0.551865017254627,0.51125,outer_01,none,0.0,1,row915_entry916_exit917,True,5.0,0.000499875041651048,0.008986404002209625,0.008486528960558577,0.0,0.008486528960558577,-0.009486279043860672,-0.009486279043860672,-0.009486279043860672
916,2014-07-25,917,918,2014-07-28,2014-07-29,-0.0012415887798002956,0.0,0.010452051913828697,-0.0067482556282554285,0.408817309338228,0.51125,outer_01,none,0.0,-1,row916_entry917_exit918,True,5.0,0.000499875041651048,0.0012415887798002956,0.0007417137381492476,0.0,-0.0017414638214513435,0.0007417137381492476,-0.0017414638214513435,0.0007417137381492476
917,2014-07-28,918,919,2014-07-29,2014-07-30,-0.003610888820663405,0.0,-0.002389944989220183,-0.017681412942650354,0.56376030379046,0.51125,outer_01,none,0.0,1,row917_entry918_exit919,True,5.0,0.000499875041651048,-0.003610888820663405,-0.004110763862314452,0.0,-0.004110763862314452,0.003111013779012357,0.003111013779012357,0.003111013779012357
918,2014-07-29,919,920,2014-07-30,2014-07-31,-0.0023965211841394662,0.0,-0.004026778873675418,-0.020607501134952244,0.556052475058619,0.51125,outer_01,none,0.0,1,row918_entry919_exit920,True,5.0,0.000499875041651048,-0.0023965211841394662,-0.002896396225790514,0.0,-0.002896396225790514,0.0018966461424884183,0.0018966461424884183,0.0018966461424884183
919,2014-07-30,920,921,2014-07-31,2014-08-01,-0.01011143505305867,0.0,-0.0021352293847662907,-0.023270610115102563,0.6059282102925472,0.51125,outer_01,none,0.0,1,row919_entry920_exit921,True,5.0,0.000499875041651048,-0.01011143505305867,-0.010611310094709718,0.0,-0.010611310094709718,0.009611560011407623,0.009611560011407623,0.009611560011407623
920,2014-07-31,921,922,2014-08-01,2014-08-04,0.007771024065433174,1.0,-0.010035526240815607,-0.02816633017911574,0.6247686578140412,0.51125,outer_01,none,0.0,1,row920_entry921_exit922,True,5.0,0.000499875041651048,0.007771024065433174,0.007271149023782127,0.0,0.007271149023782127,-0.008270899107084222,-0.008270899107084222,-0.008270899107084222
921,2014-08-01,922,923,2014-08-04,2014-08-05,-0.003858555583823531,0.0,0.007717849059954318,-0.02044090309391855,0.6401954648690501,0.51125,outer_01,none,0.0,1,row921_entry922_exit923,True,5.0,0.000499875041651048,-0.003858555583823531,-0.004358430625474578,0.0,-0.004358430625474578,0.003358680542172483,-0.004358430625474578,0.003358680542172483
922,2014-08-04,923,924,2014-08-05,2014-08-06,5.4340021050869325e-05,1.0,-0.0037738379419955947,-0.02419200661562204,0.6096654398390499,0.51125,outer_01,none,0.0,1,row922_entry923_exit924,True,5.0,0.000499875041651048,5.4340021050869325e-05,-0.0004455350206001786,0.0,-0.0004455350206001786,-0.0005542150627019173,-0.0005542150627019173,-0.0005542150627019173
923,2014-08-05,924,925,2014-08-06,2014-08-07,0.013692296251652358,1.0,0.00035707078143243365,-0.023599983221535226,0.6678683366192018,0.51125,outer_01,none,0.0,1,row923_entry924_exit925,True,5.0,0.000499875041651048,0.013692296251652358,0.01319242121000131,0.0,0.01319242121000131,-0.014192171293303406,0.01319242121000131,-0.014192171293303406
924,2014-08-06,925,926,2014-08-07,2014-08-08,0.004842846420259228,1.0,0.01328362265097649,-0.016731167551587767,0.6336677518831344,0.51125,outer_01,none,0.0,1,row924_entry925_exit926,True,5.0,0.000499875041651048,0.004842846420259228,0.0043429713786081806,0.0,0.0043429713786081806,-0.005342721461910276,0.0043429713786081806,-0.005342721461910276
925,2014-08-07,926,927,2014-08-08,2014-08-11,-0.0025177975717065593,0.0,0.004798077753113361,-0.01740856342826458,0.6923872578660696,0.51125,outer_01,none,0.0,1,row925_entry926_exit927,True,5.0,0.000499875041651048,-0.0025177975717065593,-0.003017672613357607,0.0,-0.003017672613357607,0.0020179225300555113,-0.003017672613357607,0.0020179225300555113
926,2014-08-08,927,928,2014-08-11,2014-08-12,-0.000840676564831,0.0,-0.0012584134213549092,-0.020754621226857672,0.566330686817373,0.51125,outer_01,none,0.0,1,row926_entry927_exit928,True,5.0,0.000499875041651048,-0.000840676564831,-0.001340551606482048,0.0,-0.001340551606482048,0.000340801523179952,0.000340801523179952,0.000340801523179952
927,2014-08-11,928,929,2014-08-12,2014-08-13,0.00023698947036798756,1.0,-0.001817960108380312,0.0009025685570422937,0.4634051677534877,0.51125,outer_01,none,0.0,-1,row927_entry928_exit929,True,5.0,0.000499875041651048,-0.00023698947036798756,-0.0007368645120190355,0.0,-0.0002628855712830604,-0.0007368645120190355,-0.0007368645120190355,-0.0002628855712830604
928,2014-08-12,929,930,2014-08-13,2014-08-14,0.0030529014804541177,1.0,0.0009323083711869629,0.011276380193387503,0.6317035889289009,0.51125,outer_01,none,0.0,1,row928_entry929_exit930,True,5.0,0.000499875041651048,0.0030529014804541177,0.0025530264388030697,0.0,0.0025530264388030697,-0.0035527765221051656,0.0025530264388030697,0.0025530264388030697
929,2014-08-13,930,931,2014-08-14,2014-08-15,-0.0002438894278400383,0.0,0.002182174188487984,0.010427255660864887,0.738399285496973,0.51125,outer_01,none,0.0,1,row929_entry930_exit931,True,5.0,0.000499875041651048,-0.0002438894278400383,-0.0007437644694910863,0.0,-0.0007437644694910863,-0.00025598561381100964,-0.0007437644694910863,-0.0007437644694910863
930,2014-08-14,931,932,2014-08-15,2014-08-18,-0.007782259543220427,0.0,0.0008151853474274162,-0.004414816919664055,0.7171953116902388,0.51125,outer_01,none,0.0,1,row930_entry931_exit932,True,5.0,0.000499875041651048,-0.007782259543220427,-0.008282134584871474,0.0,-0.008282134584871474,0.007282384501569379,-0.008282134584871474,0.007282384501569379
931,2014-08-15,932,933,2014-08-18,2014-08-19,-0.0025459887530177028,0.0,-0.006662819966236633,-0.00454348058957077,0.5353526913606698,0.51125,outer_01,none,0.0,1,row931_entry932_exit933,True,5.0,0.000499875041651048,-0.0025459887530177028,-0.0030458637946687507,0.0,-0.0030458637946687507,0.002046113711366655,0.002046113711366655,0.002046113711366655
932,2014-08-18,933,934,2014-08-19,2014-08-20,-0.0023054365286849787,0.0,-0.004633533342159879,-0.010580244642590664,0.50069408006495,0.51125,outer_01,none,0.0,1,row932_entry933_exit934,True,5.0,0.000499875041651048,-0.0023054365286849787,-0.0028053115703360267,0.0,-0.0028053115703360267,0.0018055614870339308,0.0018055614870339308,0.0018055614870339308
933,2014-08-19,934,935,2014-08-20,2014-08-21,-0.003626961005457119,0.0,-0.002282384230701595,-0.009014297077212241,0.5923480904049224,0.51125,outer_01,none,0.0,1,row933_entry934_exit935,True,5.0,0.000499875041651048,-0.003626961005457119,-0.004126836047108166,0.0,-0.004126836047108166,0.003127085963806071,0.003127085963806071,0.003127085963806071
934,2014-08-20,935,936,2014-08-21,2014-08-22,-0.01080384238545573,0.0,-0.0030693724930292987,-0.010230583499388324,0.645692609370506,0.51125,outer_01,none,0.0,1,row934_entry935_exit936,True,5.0,0.000499875041651048,-0.01080384238545573,-0.011303717427106778,0.0,-0.011303717427106778,0.010303967343804683,0.010303967343804683,0.010303967343804683
935,2014-08-21,936,937,2014-08-22,2014-08-25,0.001009765061043666,1.0,-0.011706424941246851,-0.013253885867174908,0.7111230805875294,0.51125,outer_01,none,0.0,1,row935_entry936_exit937,True,5.0,0.000499875041651048,0.001009765061043666,0.000509890019392618,0.0,0.000509890019392618,-0.0015096401026947139,-0.0015096401026947139,-0.0015096401026947139
936,2014-08-22,937,938,2014-08-25,2014-08-26,-0.0016599983453433609,0.0,0.0026523657973331893,-0.021053571983670416,0.621050847849591,0.51125,outer_01,none,0.0,1,row936_entry937_exit938,True,5.0,0.000499875041651048,-0.0016599983453433609,-0.002159873386994409,0.0,-0.002159873386994409,0.001160123303692313,-0.002159873386994409,0.001160123303692313
937,2014-08-25,938,939,2014-08-26,2014-08-27,0.003746743585789858,1.0,-0.0024800222378553727,-0.021143649232305606,0.639340107910709,0.51125,outer_01,none,0.0,1,row937_entry938_exit939,True,5.0,0.000499875041651048,0.003746743585789858,0.00324686854413881,0.0,0.00324686854413881,-0.004246618627440905,-0.004246618627440905,-0.004246618627440905
938,2014-08-26,939,940,2014-08-27,2014-08-28,0.0011860176171767378,1.0,0.003729436737416769,-0.013387433621213418,0.6845346649409335,0.51125,outer_01,none,0.0,1,row938_entry939_exit940,True,5.0,0.000499875041651048,0.0011860176171767378,0.0006861425755256899,0.0,0.0006861425755256899,-0.0016858926588277858,0.0006861425755256899,-0.0016858926588277858
939,2014-08-27,940,941,2014-08-28,2014-08-29,0.0057230102394960625,1.0,0.0007099087168338514,-0.010542295519613276,0.7091800347587861,0.51125,outer_01,none,0.0,1,row939_entry940_exit941,True,5.0,0.000499875041651048,0.0057230102394960625,0.005223135197845015,0.0,0.005223135197845015,-0.00622288528114711,0.005223135197845015,-0.00622288528114711
940,2014-08-28,941,942,2014-08-29,2014-09-01,-0.0017460882369206843,0.0,0.005094967792184768,0.004588198513387098,0.7018794894569669,0.51125,outer_01,none,0.0,1,row940_entry941_exit942,True,5.0,0.000499875041651048,-0.0017460882369206843,-0.002245963278571732,0.0,-0.002245963278571732,0.0012462131952696363,-0.002245963278571732,-0.002245963278571732
941,2014-08-29,942,943,2014-09-01,2014-09-02,-0.0008780757496502645,0.0,-0.001708393283746723,-0.004838043830313943,0.5540433831614268,0.51125,outer_01,none,0.0,1,row941_entry942_exit943,True,5.0,0.000499875041651048,-0.0008780757496502645,-0.0013779507913013124,0.0,-0.0013779507913013124,0.0003782007079992165,0.0003782007079992165,0.0003782007079992165
942,2014-09-01,943,944,2014-09-02,2014-09-03,-0.016033444064176727,0.0,-0.0006919527726783059,-0.001756158660996654,0.48615065427381665,0.51125,outer_01,none,0.0,-1,row942_entry943_exit944,True,5.0,0.000499875041651048,0.016033444064176727,0.01553356902252568,0.0,-0.016533319105827775,0.01553356902252568,0.01553356902252568,0.01553356902252568
943,2014-09-02,944,945,2014-09-03,2014-09-04,0.0027768153906517767,1.0,-0.016135452145970675,-0.018248681588399762,0.7312340756481034,0.51125,outer_01,none,0.0,1,row943_entry944_exit945,True,5.0,0.000499875041651048,0.0027768153906517767,0.002276940349000729,0.0,0.002276940349000729,-0.0032766904323028247,-0.0032766904323028247,-0.0032766904323028247
944,2014-09-03,945,946,2014-09-04,2014-09-05,-0.006330060373625379,0.0,0.0030620402260241875,-0.028470264013352065,0.6434392402113547,0.51125,outer_01,none,0.0,1,row944_entry945_exit946,True,5.0,0.000499875041651048,-0.006330060373625379,-0.006829935415276427,0.0,-0.006829935415276427,0.005830185331974332,-0.006829935415276427,0.005830185331974332
945,2014-09-04,946,947,2014-09-05,2014-09-08,0.006180372158141267,1.0,-0.006426874189369158,-0.039695215955834584,0.7592324903082116,0.51125,outer_01,none,0.0,1,row945_entry946_exit947,True,5.0,0.000499875041651048,0.006180372158141267,0.00568049711649022,0.0,0.00568049711649022,-0.006680247199792315,-0.006680247199792315,-0.006680247199792315
946,2014-09-05,947,948,2014-09-08,2014-09-09,-0.009809938411156516,0.0,0.006095868401627236,-0.03234093413285244,0.6875253095210863,0.51125,outer_01,none,0.0,1,row946_entry947_exit948,True,5.0,0.000499875041651048,-0.009809938411156516,-0.010309813452807563,0.0,-0.010309813452807563,0.009310063369505468,-0.010309813452807563,0.009310063369505468
947,2014-09-08,948,949,2014-09-09,2014-09-10,-0.001831691959718107,0.0,-0.010921361406677654,-0.04144433543114978,0.6565340882876528,0.51125,outer_01,none,0.0,1,row947_entry948_exit949,True,5.0,0.000499875041651048,-0.001831691959718107,-0.002331567001369155,0.0,-0.002331567001369155,0.001331816918067059,0.001331816918067059,0.001331816918067059
948,2014-09-09,949,950,2014-09-10,2014-09-11,-0.004337743110344405,0.0,0.0001992039815510438,-0.0421774398207857,0.6379772138230657,0.51125,outer_01,none,0.0,1,row948_entry949_exit950,True,5.0,0.000499875041651048,-0.004337743110344405,-0.004837618151995453,0.0,-0.004837618151995453,0.0038378680686933573,-0.004837618151995453,0.0038378680686933573
949,2014-09-10,950,951,2014-09-11,2014-09-12,-0.0071184399056232195,0.0,-0.004559745655416947,-0.04891935966469063,0.6751871344667308,0.51125,outer_01,none,0.0,1,row949_entry950_exit951,True,5.0,0.000499875041651048,-0.0071184399056232195,-0.007618314947274267,0.0,-0.007618314947274267,0.006618564863972172,0.006618564863972172,0.006618564863972172
950,2014-09-11,951,952,2014-09-12,2014-09-15,-0.00914483707475977,0.0,-0.0071649770355382,-0.05689952204765625,0.6838949862968591,0.51125,outer_01,none,0.0,1,row950_entry951_exit952,True,5.0,0.000499875041651048,-0.00914483707475977,-0.009644712116410818,0.0,-0.009644712116410818,0.008644962033108723,0.008644962033108723,0.008644962033108723
951,2014-09-12,952,953,2014-09-15,2014-09-16,0.002884504098382479,1.0,-0.009207996676204644,-0.05944469875762426,0.7099103823879035,0.51125,outer_01,none,0.0,1,row951_entry952_exit953,True,5.0,0.000499875041651048,0.002884504098382479,0.002384629056731431,0.0,0.002384629056731431,-0.0033843791400335267,-0.0033843791400335267,-0.0033843791400335267
952,2014-09-15,953,954,2014-09-16,2014-09-17,0.001281136656806403,1.0,0.0031355372750860866,-0.051675628140378294,0.6214139256307084,0.51125,outer_01,none,0.0,1,row952_entry953_exit954,True,5.0,0.000499875041651048,0.001281136656806403,0.0007812616151553551,0.0,0.0007812616151553551,-0.001781011698457451,0.0007812616151553551,-0.001781011698457451
953,2014-09-16,954,955,2014-09-17,2014-09-18,-0.010017022973073608,0.0,0.0018312797332429298,-0.04756196417643377,0.7572199005034177,0.51125,outer_01,none,0.0,1,row953_entry954_exit955,True,5.0,0.000499875041651048,-0.010017022973073608,-0.010516898014724656,0.0,-0.010516898014724656,0.00951714793142256,-0.010516898014724656,0.00951714793142256
954,2014-09-17,955,956,2014-09-18,2014-09-19,0.003048296990768584,1.0,-0.010473685939587085,-0.054966277622991555,0.7563824333401171,0.51125,outer_01,none,0.0,1,row954_entry955_exit956,True,5.0,0.000499875041651048,0.003048296990768584,0.0025484219491175362,0.0,0.0025484219491175362,-0.003548172032419632,-0.003548172032419632,-0.003548172032419632
955,2014-09-18,956,957,2014-09-19,2014-09-22,-0.007921952846933422,0.0,0.001757333229778446,-0.04150251945196626,0.8071744004913942,0.51125,outer_01,none,0.0,1,row955_entry956_exit957,True,5.0,0.000499875041651048,-0.007921952846933422,-0.00842182788858447,0.0,-0.00842182788858447,0.007422077805282375,-0.00842182788858447,0.007422077805282375
956,2014-09-19,957,958,2014-09-22,2014-09-23,-0.0007981273230983632,0.0,-0.007533285621084573,-0.05168817087038402,0.7640571710243077,0.51125,outer_01,none,0.0,1,row956_entry957_exit958,True,5.0,0.000499875041651048,-0.0007981273230983632,-0.0012980023647494112,0.0,-0.0012980023647494112,0.00029825228144731526,0.00029825228144731526,0.00029825228144731526
957,2014-09-22,958,959,2014-09-23,2014-09-24,0.006203656736820662,1.0,-0.0007243454456578036,-0.04993249407818645,0.7627177826711389,0.51125,outer_01,none,0.0,1,row957_entry958_exit959,True,5.0,0.000499875041651048,0.006203656736820662,0.005703781695169614,0.0,0.005703781695169614,-0.006703531778471709,-0.006703531778471709,-0.006703531778471709
958,2014-09-23,959,960,2014-09-24,2014-09-25,-0.004714881904254398,0.0,0.0076041003438769295,-0.04605783047172629,0.753826061694069,0.51125,outer_01,none,0.0,1,row958_entry959_exit960,True,5.0,0.000499875041651048,-0.004714881904254398,-0.005214756945905445,0.0,-0.005214756945905445,0.00421500686260335,-0.005214756945905445,0.00421500686260335
959,2014-09-24,960,961,2014-09-25,2014-09-26,0.003388762899490416,1.0,-0.0058435365088440605,-0.0526112756974042,0.8209550861748725,0.51125,outer_01,none,0.0,1,row959_entry960_exit961,True,5.0,0.000499875041651048,0.003388762899490416,0.0028888878578393683,0.0,0.0028888878578393683,-0.003888637941141464,-0.003888637941141464,-0.003888637941141464
960,2014-09-25,961,962,2014-09-26,2014-09-29,-0.0023865283255872782,0.0,0.004027748473443893,-0.05367849501614508,0.7863742268991218,0.51125,outer_01,none,0.0,1,row960_entry961_exit962,True,5.0,0.000499875041651048,-0.0023865283255872782,-0.002886403367238326,0.0,-0.002886403367238326,0.0018866532839362303,-0.002886403367238326,0.0018866532839362303
961,2014-09-26,962,963,2014-09-29,2014-09-30,-0.0024663155079185373,0.0,-0.0032882493271433333,-0.05525835105954169,0.7497870602306503,0.51125,outer_01,none,0.0,1,row961_entry962_exit963,True,5.0,0.000499875041651048,-0.0024663155079185373,-0.002966190549569585,0.0,-0.002966190549569585,0.0019664404662674893,0.0019664404662674893,0.0019664404662674893
962,2014-09-29,963,964,2014-09-30,2014-10-01,-0.0055136122509296115,0.0,-0.001405516265358564,-0.055971914552221946,0.7789503559728856,0.51125,outer_01,none,0.0,1,row962_entry963_exit964,True,5.0,0.000499875041651048,-0.0055136122509296115,-0.006013487292580659,0.0,-0.006013487292580659,0.005013737209278564,0.005013737209278564,0.005013737209278564
963,2014-09-30,964,965,2014-10-01,2014-10-02,0.004030897953639645,1.0,-0.006560484990535187,-0.04639694739678646,0.7775213951537568,0.51125,outer_01,none,0.0,1,row963_entry964_exit965,True,5.0,0.000499875041651048,0.004030897953639645,0.003531022911988597,0.0,0.003531022911988597,-0.0045307729952906925,-0.0045307729952906925,-0.0045307729952906925
964,2014-10-01,965,966,2014-10-02,2014-10-03,0.0003626443405417845,1.0,0.004650422003471988,-0.04480856561933866,0.8058221563120065,0.51125,outer_01,none,0.0,1,row964_entry965_exit966,True,5.0,0.000499875041651048,0.0003626443405417845,-0.00013723070110926343,0.0,-0.00013723070110926343,-0.0008625193821928325,-0.00013723070110926343,-0.0008625193821928325
965,2014-10-02,966,967,2014-10-03,2014-10-06,-0.021876913800877418,0.0,0.00037077166246213267,-0.03801091976750737,0.8441485339135664,0.51125,outer_01,none,0.0,1,row965_entry966_exit967,True,5.0,0.000499875041651048,-0.021876913800877418,-0.022376788842528465,0.0,-0.022376788842528465,0.02137703875922637,-0.022376788842528465,0.02137703875922637
966,2014-10-03,967,968,2014-10-06,2014-10-07,0.01588468987119107,1.0,-0.01840695779335988,-0.06251374596249448,0.8494793102210656,0.51125,outer_01,none,0.0,1,row966_entry967_exit968,True,5.0,0.000499875041651048,0.01588468987119107,0.015384814829540024,0.0,0.015384814829540024,-0.01638456491284212,-0.01638456491284212,-0.01638456491284212
967,2014-10-06,968,969,2014-10-07,2014-10-08,0.002285412451612956,1.0,0.0124663380826604,-0.03912604647315643,0.6964818904010145,0.51125,outer_01,none,0.0,1,row967_entry968_exit969,True,5.0,0.000499875041651048,0.002285412451612956,0.001785537409961908,0.0,0.001785537409961908,-0.002785287493264004,0.001785537409961908,-0.002785287493264004
968,2014-10-07,969,970,2014-10-08,2014-10-09,0.008868452632142976,1.0,0.0015567298574650223,-0.03776852059724245,0.8197543361857433,0.51125,outer_01,none,0.0,1,row968_entry969_exit970,True,5.0,0.000499875041651048,0.008868452632142976,0.008368577590491928,0.0,0.008368577590491928,-0.009368327673794023,0.008368577590491928,-0.009368327673794023
969,2014-10-08,970,971,2014-10-09,2014-10-10,0.003282005540524935,1.0,0.010289426911518795,-0.022919348030306708,0.8303765048606453,0.51125,outer_01,none,0.0,1,row969_entry970_exit971,True,5.0,0.000499875041651048,0.003282005540524935,0.002782130498873887,0.0,0.002782130498873887,-0.003781880582175983,0.002782130498873887,-0.003781880582175983
970,2014-10-09,971,972,2014-10-10,2014-10-13,0.00271729319328351,1.0,0.0026008242420694216,-0.013153546752699086,0.781005167003039,0.51125,outer_01,none,0.0,1,row970_entry971_exit972,True,5.0,0.000499875041651048,0.00271729319328351,0.002217418151632462,0.0,0.002217418151632462,-0.0032171682349345578,0.002217418151632462,-0.0032171682349345578
971,2014-10-10,972,973,2014-10-13,2014-10-14,0.007161679250593522,1.0,-0.0012504956615790874,-0.005196045738073529,0.7615464076631122,0.51125,outer_01,none,0.0,1,row971_entry972_exit973,True,5.0,0.000499875041651048,0.007161679250593522,0.006661804208942475,0.0,0.006661804208942475,-0.00766155429224457,-0.00766155429224457,-0.00766155429224457
972,2014-10-13,973,974,2014-10-14,2014-10-15,-0.0029412858327981795,0.0,0.010340949928643539,0.0020093669154839233,0.7180505627796593,0.51125,outer_01,none,0.0,1,row972_entry973_exit974,True,5.0,0.000499875041651048,-0.0029412858327981795,-0.0034411608744492274,0.0,-0.0034411608744492274,0.0024414107911471315,-0.0034411608744492274,-0.0034411608744492274
973,2014-10-14,974,975,2014-10-15,2014-10-16,0.006051406726228059,1.0,-0.0030155664875390897,-0.0028374793052980962,0.7756964617064537,0.51125,outer_01,none,0.0,1,row973_entry974_exit975,True,5.0,0.000499875041651048,0.006051406726228059,0.005551531684577012,0.0,0.005551531684577012,-0.006551281767879107,-0.006551281767879107,-0.006551281767879107
974,2014-10-15,975,976,2014-10-16,2014-10-17,-0.0013882613451938752,0.0,0.008174399392353315,0.015810606026642304,0.8076655039993278,0.51125,outer_01,none,0.0,1,row974_entry975_exit976,True,5.0,0.000499875041651048,-0.0013882613451938752,-0.0018881363868449232,0.0,-0.0018881363868449232,0.0008883863035428273,-0.0018881363868449232,-0.0018881363868449232
975,2014-10-16,976,977,2014-10-17,2014-10-20,-0.0007191018808576644,0.0,-0.002886959087841312,0.011166313709022546,0.7448810474006549,0.51125,outer_01,none,0.0,1,row975_entry976_exit977,True,5.0,0.000499875041651048,-0.0007191018808576644,-0.0012189769225087123,0.0,-0.0012189769225087123,0.0002192268392066164,0.0002192268392066164,-0.0012189769225087123
976,2014-10-17,977,978,2014-10-20,2014-10-21,0.007657258028272551,1.0,3.230261086084596e-05,0.018731901940967965,0.7710895440663652,0.51125,outer_01,none,0.0,1,row976_entry977_exit978,True,5.0,0.000499875041651048,0.007657258028272551,0.007157382986621504,0.0,0.007157382986621504,-0.008157133069923599,0.007157382986621504,0.007157382986621504
977,2014-10-20,978,979,2014-10-21,2014-10-22,0.001683002873676287,1.0,0.006840742617637119,0.026296990004262888,0.6709958231881425,0.51125,outer_01,none,0.0,1,row977_entry978_exit979,True,5.0,0.000499875041651048,0.001683002873676287,0.001183127832025239,0.0,0.001183127832025239,-0.002182877915327335,0.001183127832025239,0.001183127832025239
978,2014-10-21,979,980,2014-10-22,2014-10-23,-0.005878779499515652,0.0,0.0012103579247106921,0.01990324758509665,0.770300966752275,0.51125,outer_01,none,0.0,1,row978_entry979_exit980,True,5.0,0.000499875041651048,-0.005878779499515652,-0.006378654541166699,0.0,-0.006378654541166699,0.005378904457864604,-0.006378654541166699,-0.006378654541166699
979,2014-10-22,980,981,2014-10-23,2014-10-24,-0.00767334400458175,0.0,-0.005599150256376362,0.02014763383756435,0.7639337391025868,0.51125,outer_01,none,0.0,1,row979_entry980_exit981,True,5.0,0.000499875041651048,-0.00767334400458175,-0.008173219046232798,0.0,-0.008173219046232798,0.007173468962930703,0.007173468962930703,-0.008173219046232798
980,2014-10-23,981,982,2014-10-24,2014-10-27,-0.002950753851097332,0.0,-0.008193949354693864,0.007925936009426593,0.7018651989178419,0.51125,outer_01,none,0.0,1,row980_entry981_exit982,True,5.0,0.000499875041651048,-0.002950753851097332,-0.00345062889274838,0.0,-0.00345062889274838,0.002450878809446284,0.002450878809446284,-0.00345062889274838
981,2014-10-24,982,983,2014-10-27,2014-10-28,-0.001800737892639681,0.0,-0.0009182102858984464,0.01029597505067148,0.6831152668220152,0.51125,outer_01,none,0.0,1,row981_entry982_exit983,True,5.0,0.000499875041651048,-0.001800737892639681,-0.002300612934290729,0.0,-0.002300612934290729,0.0013008628509886331,0.0013008628509886331,-0.002300612934290729
982,2014-10-27,983,984,2014-10-28,2014-10-29,0.0016297664078237517,1.0,-0.004334266172732804,0.00736722514329724,0.6551393417687428,0.51125,outer_01,none,0.0,1,row982_entry983_exit984,True,5.0,0.000499875041651048,0.0016297664078237517,0.0011298913661727038,0.0,0.0011298913661727038,-0.0021296414494747997,-0.0021296414494747997,0.0011298913661727038
983,2014-10-28,984,985,2014-10-29,2014-10-30,-0.01427699501511448,0.0,0.0019168891912633157,0.015844599325095743,0.7507770115965536,0.51125,outer_01,none,0.0,1,row983_entry984_exit985,True,5.0,0.000499875041651048,-0.01427699501511448,-0.014776870056765527,0.0,-0.014776870056765527,0.013777119973463432,-0.014776870056765527,-0.014776870056765527
984,2014-10-29,985,986,2014-10-30,2014-10-31,-0.00884337495521681,0.0,-0.013413439606182465,-0.0022192622845587096,0.7206341521248644,0.51125,outer_01,none,0.0,1,row984_entry985_exit986,True,5.0,0.000499875041651048,-0.00884337495521681,-0.009343249996867857,0.0,-0.009343249996867857,0.008343499913565762,0.008343499913565762,0.008343499913565762
985,2014-10-30,986,987,2014-10-31,2014-11-03,-0.02770293023743786,0.0,-0.01062806320805354,-0.013218097155074382,0.744122630139483,0.51125,outer_01,none,0.0,1,row985_entry986_exit987,True,5.0,0.000499875041651048,-0.02770293023743786,-0.02820280527908891,0.0,-0.02820280527908891,0.027203055195786814,0.027203055195786814,0.027203055195786814
986,2014-10-31,987,988,2014-11-03,2014-11-04,-0.0018177925691507113,0.0,-0.022326406693746748,-0.01713754605546125,0.7494837964474491,0.51125,outer_01,none,0.0,1,row986_entry987_exit988,True,5.0,0.000499875041651048,-0.0018177925691507113,-0.0023176676108017592,0.0,-0.0023176676108017592,0.0013179175274996634,0.0013179175274996634,0.0013179175274996634
987,2014-11-03,988,989,2014-11-04,2014-11-05,0.0030506377720902478,1.0,-0.004980286006084356,-0.034584170144206006,0.780866873915795,0.51125,outer_01,none,0.0,1,row987_entry988_exit989,True,5.0,0.000499875041651048,0.0030506377720902478,0.0025507627304392,0.0,0.0025507627304392,-0.0035505128137412957,-0.0035505128137412957,-0.0035505128137412957
988,2014-11-04,989,990,2014-11-05,2014-11-06,-0.02310990850825423,0.0,0.0022364952060325294,-0.0339044047956385,0.8358801037516927,0.51125,outer_01,none,0.0,1,row988_entry989_exit990,True,5.0,0.000499875041651048,-0.02310990850825423,-0.023609783549905276,0.0,-0.023609783549905276,0.02261003346660318,-0.023609783549905276,0.02261003346660318
989,2014-11-05,990,991,2014-11-06,2014-11-07,-0.0012704533722045497,0.0,-0.0234341072226405,-0.06762793892979779,0.8972599004257221,0.51125,outer_01,none,0.0,1,row989_entry990_exit991,True,5.0,0.000499875041651048,-0.0012704533722045497,-0.0017703284138555976,0.0,-0.0017703284138555976,0.0007705783305535017,0.0007705783305535017,0.0007705783305535017
990,2014-11-06,991,992,2014-11-07,2014-11-10,0.0292455131634064,1.0,6.133437311550693e-05,-0.07016742879875171,0.8876284387546624,0.51125,outer_01,none,0.0,1,row990_entry991_exit992,True,5.0,0.000499875041651048,0.0292455131634064,0.028745638121755353,0.0,0.028745638121755353,-0.029745388205057448,0.028745638121755353,-0.029745388205057448
991,2014-11-07,992,993,2014-11-10,2014-11-11,-0.020003762938323177,0.0,0.03013742298710742,-0.0387795101500652,0.811452360277973,0.51125,outer_01,none,0.0,1,row991_entry992_exit993,True,5.0,0.000499875041651048,-0.020003762938323177,-0.020503637979974225,0.0,-0.020503637979974225,0.01950388789667213,-0.020503637979974225,0.01950388789667213
992,2014-11-10,993,994,2014-11-11,2014-11-12,0.011100523014592412,1.0,-0.021413800073856848,-0.07053426015256559,0.905582524812701,0.51125,outer_01,none,0.0,1,row992_entry993_exit994,True,5.0,0.000499875041651048,0.011100523014592412,0.010600647972941364,0.0,0.010600647972941364,-0.01160039805624346,-0.01160039805624346,-0.01160039805624346
993,2014-11-11,994,995,2014-11-12,2014-11-13,-0.0020294797396314124,0.0,0.01103914605865075,-0.056479547606375746,0.8385938327780922,0.51125,outer_01,none,0.0,1,row993_entry994_exit995,True,5.0,0.000499875041651048,-0.0020294797396314124,-0.0025293547812824603,0.0,-0.0025293547812824603,0.0015296046979803644,-0.0025293547812824603,0.0015296046979803644
994,2014-11-12,995,996,2014-11-13,2014-11-14,0.000585187879214466,1.0,-0.001538852010812164,-0.06619279900954123,0.8897303997034064,0.51125,outer_01,none,0.0,1,row994_entry995_exit996,True,5.0,0.000499875041651048,0.000585187879214466,8.531283756341808e-05,0.0,8.531283756341808e-05,-0.001085062920865514,-0.001085062920865514,-0.001085062920865514
995,2014-11-13,996,997,2014-11-14,2014-11-17,0.019037156859016413,1.0,-0.00024953427568785713,-0.06355537419738777,0.9215301870388484,0.51125,outer_01,none,0.0,1,row995_entry996_exit997,True,5.0,0.000499875041651048,0.019037156859016413,0.018537281817365366,0.0,0.018537281817365366,-0.01953703190066746,-0.01953703190066746,-0.01953703190066746
996,2014-11-14,997,998,2014-11-17,2014-11-18,0.0015940693885747592,1.0,0.022389090159568248,-0.04119858664868037,0.8237737031151232,0.51125,outer_01,none,0.0,1,row996_entry997_exit998,True,5.0,0.000499875041651048,0.0015940693885747592,0.0010941943469237113,0.0,0.0010941943469237113,-0.002093944430225807,0.0010941943469237113,-0.002093944430225807
997,2014-11-17,998,999,2014-11-18,2014-11-19,0.0077234074601069125,1.0,-0.0018530534349121552,-0.04989238270122964,0.8314831056789705,0.51125,outer_01,none,0.0,1,row997_entry998_exit999,True,5.0,0.000499875041651048,0.0077234074601069125,0.007223532418455865,0.0,0.007223532418455865,-0.00822328250175796,-0.00822328250175796,-0.00822328250175796
998,2014-11-18,999,1000,2014-11-19,2014-11-20,-0.011362277263733844,0.0,0.009214412051091081,-0.041888328574849254,0.7545545901735067,0.51125,outer_01,none,0.0,1,row998_entry999_exit1000,True,5.0,0.000499875041651048,-0.011362277263733844,-0.011862152305384892,0.0,-0.011862152305384892,0.010862402222082797,-0.011862152305384892,0.010862402222082797
999,2014-11-19,1000,1001,2014-11-20,2014-11-21,0.008984453525592961,1.0,-0.01204271893750164,-0.04833189725597453,0.8785358945976272,0.51125,outer_01,none,0.0,1,row999_entry1000_exit1001,True,5.0,0.000499875041651048,0.008984453525592961,0.008484578483941914,0.0,0.008484578483941914,-0.009484328567244009,-0.009484328567244009,-0.009484328567244009
1000,2014-11-20,1001,1002,2014-11-21,2014-11-24,0.007174836269797424,1.0,0.008947155667077489,-0.03119079223420318,0.8968696463380023,0.51125,outer_01,none,0.0,1,row1000_entry1001_exit1002,True,5.0,0.000499875041651048,0.007174836269797424,0.006674961228146377,0.0,0.006674961228146377,-0.007674711311448472,0.006674961228146377,-0.007674711311448472
1001,2014-11-21,1002,1003,2014-11-24,2014-11-25,-0.0029505676656569335,0.0,0.00644802487982421,-0.023824557068480523,0.8025206173157338,0.51125,outer_01,none,0.0,1,row1001_entry1002_exit1003,True,5.0,0.000499875041651048,-0.0029505676656569335,-0.0034504427073079815,0.0,-0.0034504427073079815,0.0024506926240058856,-0.0034504427073079815,0.0024506926240058856
1002,2014-11-24,1003,1004,2014-11-25,2014-11-26,0.0028340437406662033,1.0,-0.003603096552564189,-0.02309338744831191,0.8317600896885619,0.51125,outer_01,none,0.0,1,row1002_entry1003_exit1004,True,5.0,0.000499875041651048,0.0028340437406662033,0.0023341686990151554,0.0,0.0023341686990151554,-0.0033339187823172513,-0.0033339187823172513,-0.0033339187823172513
1003,2014-11-25,1004,1005,2014-11-26,2014-11-27,-0.0036273466360725592,0.0,0.0032616930477811223,-0.0217485835917941,0.8048180155497442,0.51125,outer_01,none,0.0,1,row1003_entry1004_exit1005,True,5.0,0.000499875041651048,-0.0036273466360725592,-0.004127221677723607,0.0,-0.004127221677723607,0.0031274715944215113,-0.004127221677723607,0.0031274715944215113
1004,2014-11-26,1005,1006,2014-11-27,2014-11-28,-0.006814864784293384,0.0,-0.002635223434038103,-0.01097036741964974,0.7613103141369358,0.51125,outer_01,none,0.0,1,row1004_entry1005_exit1006,True,5.0,0.000499875041651048,-0.006814864784293384,-0.0073147398259444316,0.0,-0.0073147398259444316,0.0063149897426423365,0.0063149897426423365,0.0063149897426423365
1005,2014-11-27,1006,1007,2014-11-28,2014-12-01,-0.025927899012050837,0.0,-0.005811973582839691,-0.006154277794435892,0.7560568913720414,0.51125,outer_01,none,0.0,1,row1005_entry1006_exit1007,True,5.0,0.000499875041651048,-0.025927899012050837,-0.026427774053701884,0.0,-0.026427774053701884,0.02542802397039979,0.02542802397039979,0.02542802397039979
1006,2014-11-28,1007,1008,2014-12-01,2014-12-02,0.04436206157721312,1.0,-0.02099801316892691,-0.004825884269616054,0.7912698775153219,0.51125,outer_01,none,0.0,1,row1006_entry1007_exit1008,True,5.0,0.000499875041651048,0.04436206157721312,0.04386218653556207,0.0,0.04386218653556207,-0.044861936618864166,-0.044861936618864166,-0.044861936618864166
1007,2014-12-01,1008,1009,2014-12-02,2014-12-03,-0.011602590180581629,0.0,0.03780513148530851,0.03795953322177681,0.7567066288365424,0.51125,outer_01,none,0.0,1,row1007_entry1008_exit1009,True,5.0,0.000499875041651048,-0.011602590180581629,-0.012102465222232676,0.0,-0.012102465222232676,0.011102715138930581,-0.012102465222232676,-0.012102465222232676
1008,2014-12-02,1009,1010,2014-12-03,2014-12-04,0.00954438951103942,1.0,-0.010210523273124217,0.025512514742620063,0.8437418870997089,0.51125,outer_01,none,0.0,1,row1008_entry1009_exit1010,True,5.0,0.000499875041651048,0.00954438951103942,0.009044514469388372,0.0,0.009044514469388372,-0.010044264552690467,-0.010044264552690467,0.009044514469388372
1009,2014-12-03,1010,1011,2014-12-04,2014-12-05,-0.0031243162490763865,0.0,0.009111472230160622,0.058058094195421184,0.854576233031185,0.51125,outer_01,none,0.0,1,row1009_entry1010_exit1011,True,5.0,0.000499875041651048,-0.0031243162490763865,-0.0036241912907274344,0.0,-0.0036241912907274344,0.0026244412074253386,-0.0036241912907274344,-0.0036241912907274344
1010,2014-12-04,1011,1012,2014-12-05,2014-12-08,-0.014581466653371677,0.0,-0.003329305909290703,0.054667453913014974,0.8792319751867168,0.51125,outer_01,none,0.0,1,row1010_entry1011_exit1012,True,5.0,0.000499875041651048,-0.014581466653371677,-0.015081341695022725,0.0,-0.015081341695022725,0.01408159161172063,0.01408159161172063,-0.015081341695022725
1011,2014-12-05,1012,1013,2014-12-08,2014-12-09,0.013127863330733902,1.0,-0.011329438920216539,0.013200592005691014,0.7921129850788804,0.51125,outer_01,none,0.0,1,row1011_entry1012_exit1013,True,5.0,0.000499875041651048,0.013127863330733902,0.012627988289082855,0.0,0.012627988289082855,-0.01362773837238495,-0.01362773837238495,0.012627988289082855
1012,2014-12-08,1013,1014,2014-12-09,2014-12-10,0.026713307724826052,1.0,0.009477794122759065,0.04409218620230693,0.7676667370339262,0.51125,outer_01,none,0.0,1,row1012_entry1013_exit1014,True,5.0,0.000499875041651048,0.026713307724826052,0.026213432683175004,0.0,0.026213432683175004,-0.0272131827664771,0.026213432683175004,0.026213432683175004
1013,2014-12-09,1014,1015,2014-12-10,2014-12-11,-0.007710125897741449,0.0,0.022516811011154658,0.055569851154810834,0.831672180764964,0.51125,outer_01,none,0.0,1,row1013_entry1014_exit1015,True,5.0,0.000499875041651048,-0.007710125897741449,-0.008210000939392496,0.0,-0.008210000939392496,0.007210250856090401,-0.008210000939392496,-0.008210000939392496
1014,2014-12-10,1015,1016,2014-12-11,2014-12-12,0.0008967440641365343,1.0,-0.003174166598421735,0.05393453656720126,0.9204627049134657,0.51125,outer_01,none,0.0,1,row1014_entry1015_exit1016,True,5.0,0.000499875041651048,0.0008967440641365343,0.00039686902248548634,0.0,0.00039686902248548634,-0.0013966191057875822,-0.0013966191057875822,0.00039686902248548634
1015,2014-12-11,1016,1017,2014-12-12,2014-12-15,-0.00465550189078634,0.0,0.0006926647087217574,0.05487673555161088,0.8979047570302713,0.51125,outer_01,none,0.0,1,row1015_entry1016_exit1017,True,5.0,0.000499875041651048,-0.00465550189078634,-0.005155376932437387,0.0,-0.005155376932437387,0.004155626849135292,-0.005155376932437387,-0.005155376932437387
1016,2014-12-12,1017,1018,2014-12-15,2014-12-16,-0.023549599633010843,0.0,-0.004253189155532411,0.02823445623651022,0.8769917711157235,0.51125,outer_01,none,0.0,1,row1016_entry1017_exit1018,True,5.0,0.000499875041651048,-0.023549599633010843,-0.02404947467466189,0.0,-0.02404947467466189,0.023049724591359795,0.023049724591359795,-0.02404947467466189
1017,2014-12-15,1018,1019,2014-12-16,2014-12-17,0.00205140299938833,1.0,-0.025033404970721485,0.00505410470070089,0.7814433125471917,0.51125,outer_01,none,0.0,1,row1017_entry1018_exit1019,True,5.0,0.000499875041651048,0.00205140299938833,0.0015515279577372819,0.0,0.0015515279577372819,-0.0025512780410393778,-0.0025512780410393778,0.0015515279577372819
1018,2014-12-16,1019,1020,2014-12-17,2014-12-18,-0.005645206722918239,0.0,0.003483448783805798,-0.0006768585665843929,0.8112868784665717,0.51125,outer_01,none,0.0,1,row1018_entry1019_exit1020,True,5.0,0.000499875041651048,-0.005645206722918239,-0.0061450817645692865,0.0,-0.0061450817645692865,0.0051453316812671915,-0.0061450817645692865,0.0051453316812671915
1019,2014-12-17,1020,1021,2014-12-18,2014-12-19,0.007608932749948671,1.0,-0.0062638300001456315,0.005102030370771615,0.8654626608808379,0.51125,outer_01,none,0.0,1,row1019_entry1020_exit1021,True,5.0,0.000499875041651048,0.007608932749948671,0.007109057708297624,0.0,0.007109057708297624,-0.008108807791599719,-0.008108807791599719,0.007109057708297624
1020,2014-12-18,1021,1022,2014-12-19,2014-12-22,-0.003227562482422286,0.0,0.0076170893056621836,0.00377196400935631,0.8443362123009578,0.51125,outer_01,none,0.0,1,row1020_entry1021_exit1022,True,5.0,0.000499875041651048,-0.003227562482422286,-0.003727437524073334,0.0,-0.003727437524073334,0.002727687440771238,-0.003727437524073334,-0.003727437524073334
1021,2014-12-19,1022,1023,2014-12-22,2014-12-23,-0.014713840075341267,0.0,-0.0022815509393590006,-0.004957611809826901,0.8392495490235391,0.51125,outer_01,none,0.0,1,row1021_entry1022_exit1023,True,5.0,0.000499875041651048,-0.014713840075341267,-0.015213715116992314,0.0,-0.015213715116992314,0.01421396503369022,0.01421396503369022,0.01421396503369022
1022,2014-12-22,1023,1024,2014-12-23,2014-12-24,-3.399741619958263e-05,0.0,-0.016611579562891166,-0.017966094820153877,0.7533734024352943,0.51125,outer_01,none,0.0,1,row1022_entry1023_exit1024,True,5.0,0.000499875041651048,-3.399741619958263e-05,-0.0005338724578506306,0.0,-0.0005338724578506306,-0.0004658776254514653,-0.0004658776254514653,-0.0004658776254514653
1023,2014-12-23,1024,1025,2014-12-24,2014-12-26,0.008337155188300471,1.0,0.0002126528450325793,-0.02101513502290242,0.7446760836466053,0.51125,outer_01,none,0.0,1,row1023_entry1024_exit1025,True,5.0,0.000499875041651048,0.008337155188300471,0.007837280146649424,0.0,0.007837280146649424,-0.008837030229951519,0.007837280146649424,-0.008837030229951519
1024,2014-12-24,1025,1026,2014-12-26,2014-12-29,0.00816790199779227,1.0,-0.0011658930826694558,-0.019545804671533773,0.779306939374393,0.51125,outer_01,none,0.0,1,row1024_entry1025_exit1026,True,5.0,0.000499875041651048,0.00816790199779227,0.007668026956141223,0.0,0.007668026956141223,-0.008667777039443318,-0.008667777039443318,-0.008667777039443318
1025,2014-12-26,1026,1027,2014-12-29,2014-12-30,-0.011291479933807302,0.0,0.017514617317167414,0.003780786228473332,0.6997928033614232,0.51125,outer_01,none,0.0,1,row1025_entry1026_exit1027,True,5.0,0.000499875041651048,-0.011291479933807302,-0.01179135497545835,0.0,-0.01179135497545835,0.010791604892156255,-0.01179135497545835,-0.01179135497545835
1026,2014-12-29,1027,1028,2014-12-30,2014-12-31,0.014396709561313337,1.0,-0.010252100879752923,0.014526698517647318,0.8759433789390138,0.51125,outer_01,none,0.0,1,row1026_entry1027_exit1028,True,5.0,0.000499875041651048,0.014396709561313337,0.01389683451966229,0.0,0.01389683451966229,-0.014896584602964384,-0.014896584602964384,0.01389683451966229
1027,2014-12-30,1028,1029,2014-12-31,2015-01-02,-0.010809647819972845,0.0,0.014477012396123534,-0.008801420571537655,0.7062655148634452,0.51125,outer_01,none,0.0,1,row1027_entry1028_exit1029,True,5.0,0.000499875041651048,-0.010809647819972845,-0.011309522861623893,0.0,-0.011309522861623893,0.010309772778321798,-0.011309522861623893,0.010309772778321798
1028,2014-12-31,1029,1030,2015-01-02,2015-01-05,0.0006653556318507725,1.0,-0.009897257331789255,-0.008488154630202693,0.716237216871615,0.51125,outer_01,none,0.0,1,row1028_entry1029_exit1030,True,5.0,0.000499875041651048,0.0006653556318507725,0.00016548059019972456,0.0,0.00016548059019972456,-0.0011652306735018205,-0.0011652306735018205,-0.0011652306735018205
1029,2015-01-02,1030,1031,2015-01-05,2015-01-06,0.012666445595081122,1.0,0.00037859826549357933,-0.017221028594869736,0.737370700345508,0.51125,outer_01,none,0.0,1,row1029_entry1030_exit1031,True,5.0,0.000499875041651048,0.012666445595081122,0.012166570553430074,0.0,0.012166570553430074,-0.01316632063673217,0.012166570553430074,-0.01316632063673217
1030,2015-01-05,1031,1032,2015-01-06,2015-01-07,0.01222061620005288,1.0,0.012953873776491598,-0.0009378489090874353,0.6787138858243646,0.51125,outer_01,none,0.0,1,row1030_entry1031_exit1032,True,5.0,0.000499875041651048,0.01222061620005288,0.011720741158401833,0.0,0.011720741158401833,-0.012720491241703928,0.011720741158401833,-0.012720491241703928
1031,2015-01-06,1032,1033,2015-01-07,2015-01-08,-0.005509292828798529,0.0,0.011582392026539878,0.021973982037668982,0.7800038412725199,0.51125,outer_01,none,0.0,1,row1031_entry1032_exit1033,True,5.0,0.000499875041651048,-0.005509292828798529,-0.006009167870449576,0.0,-0.006009167870449576,0.005009417787147481,-0.006009167870449576,-0.006009167870449576
1032,2015-01-07,1033,1034,2015-01-08,2015-01-09,-0.0028695848045652284,0.0,-0.006447464972830552,0.006048722942079365,0.847583362467829,0.51125,outer_01,none,0.0,1,row1032_entry1033_exit1034,True,5.0,0.000499875041651048,-0.0028695848045652284,-0.0033694598462162763,0.0,-0.0033694598462162763,0.0023697097629141804,0.0023697097629141804,-0.0033694598462162763
1033,2015-01-08,1034,1035,2015-01-09,2015-01-12,0.01349037486156579,1.0,-0.0015128908602788371,-0.01798097892935413,0.7530691318871484,0.51125,outer_01,none,0.0,1,row1033_entry1034_exit1035,True,5.0,0.000499875041651048,0.01349037486156579,0.012990499819914743,0.0,0.012990499819914743,-0.013990249903216838,-0.013990249903216838,-0.013990249903216838
1034,2015-01-09,1035,1036,2015-01-12,2015-01-13,0.006474623045890304,1.0,0.011246287884121742,-0.0035605244468106534,0.7569276060949198,0.51125,outer_01,none,0.0,1,row1034_entry1035_exit1036,True,5.0,0.000499875041651048,0.006474623045890304,0.005974748004239257,0.0,0.005974748004239257,-0.006974498087541352,0.005974748004239257,-0.006974498087541352
1035,2015-01-12,1036,1037,2015-01-13,2015-01-14,-0.00025168568650180134,0.0,0.008869544750073288,0.004616355594540877,0.7517998717425355,0.51125,outer_01,none,0.0,1,row1035_entry1036_exit1037,True,5.0,0.000499875041651048,-0.00025168568650180134,-0.0007515607281528493,0.0,-0.0007515607281528493,-0.0002481893551492466,-0.0007515607281528493,-0.0007515607281528493
1036,2015-01-13,1037,1038,2015-01-14,2015-01-15,-0.0018367866283570677,0.0,-0.002012971353661186,0.006856573396412102,0.727596262752226,0.51125,outer_01,none,0.0,1,row1036_entry1037_exit1038,True,5.0,0.000499875041651048,-0.0018367866283570677,-0.0023366616700081157,0.0,-0.0023366616700081157,0.0013369115867060198,0.0013369115867060198,-0.0023366616700081157
1037,2015-01-14,1038,1039,2015-01-15,2015-01-16,0.027037457979939283,1.0,-0.0015286668613558874,0.0303613115057777,0.7169849128059206,0.51125,outer_01,none,0.0,1,row1037_entry1038_exit1039,True,5.0,0.000499875041651048,0.027037457979939283,0.026537582938288236,0.0,0.026537582938288236,-0.02753733302159033,-0.02753733302159033,0.026537582938288236
1038,2015-01-15,1039,1040,2015-01-16,2015-01-19,0.012307460257056313,1.0,0.026832052875663592,0.053709915597635494,0.686283113953859,0.51125,outer_01,none,0.0,1,row1038_entry1039_exit1040,True,5.0,0.000499875041651048,0.012307460257056313,0.011807585215405265,0.0,0.011807585215405265,-0.01280733529870736,0.011807585215405265,0.011807585215405265
1039,2015-01-16,1040,1041,2015-01-19,2015-01-21,0.012536352419109775,1.0,0.01394795165089846,0.07392169724867959,0.7242568250216556,0.51125,outer_01,none,0.0,1,row1039_entry1040_exit1041,True,5.0,0.000499875041651048,0.012536352419109775,0.012036477377458728,0.0,0.012036477377458728,-0.013036227460760823,0.012036477377458728,0.012036477377458728
1040,2015-01-19,1041,1042,2015-01-21,2015-01-22,-0.002141717516708219,0.0,-0.0026440348645593303,0.06366057307845807,0.6151760151504692,0.51125,outer_01,none,0.0,1,row1040_entry1041_exit1042,True,5.0,0.000499875041651048,-0.002141717516708219,-0.002641592558359267,0.0,-0.002641592558359267,0.0016418424750571712,0.0016418424750571712,-0.002641592558359267
1041,2015-01-21,1042,1043,2015-01-22,2015-01-23,0.006680577187410108,1.0,0.013081236908777605,0.07902336092659468,0.6345842375573235,0.51125,outer_01,none,0.0,1,row1041_entry1042_exit1043,True,5.0,0.000499875041651048,0.006680577187410108,0.006180702145759061,0.0,0.006180702145759061,-0.007180452229061156,0.006180702145759061,0.006180702145759061
1042,2015-01-22,1043,1044,2015-01-23,2015-01-26,-0.004631546666782782,0.0,0.00609671040802251,0.10173165089750835,0.6477268701068531,0.51125,outer_01,none,0.0,1,row1042_entry1043_exit1044,True,5.0,0.000499875041651048,-0.004631546666782782,-0.0051314217084338296,0.0,-0.0051314217084338296,0.0041316716251317345,-0.0051314217084338296,-0.0051314217084338296
1043,2015-01-23,1044,1045,2015-01-26,2015-01-27,-0.010927542654924238,0.0,-0.005872532425226673,0.0956464656272491,0.6899881310587445,0.51125,outer_01,none,0.0,1,row1043_entry1044_exit1045,True,5.0,0.000499875041651048,-0.010927542654924238,-0.011427417696575286,0.0,-0.011427417696575286,0.01042766761327319,0.01042766761327319,-0.011427417696575286
1044,2015-01-26,1045,1046,2015-01-27,2015-01-28,0.009126165235482375,1.0,-0.009739958473961252,0.0870724002359573,0.599898061851005,0.51125,outer_01,none,0.0,1,row1044_entry1045_exit1046,True,5.0,0.000499875041651048,0.009126165235482375,0.008626290193831328,0.0,0.008626290193831328,-0.009626040277133423,-0.009626040277133423,0.008626290193831328
1045,2015-01-27,1046,1047,2015-01-28,2015-01-29,-0.005921746480766821,0.0,0.008572136097703797,0.07812991901649369,0.4604472429319275,0.51125,outer_01,none,0.0,-1,row1045_entry1046_exit1047,True,5.0,0.000499875041651048,0.005921746480766821,0.005421871439115773,0.0,-0.006421621522417868,0.005421871439115773,-0.006421621522417868,-0.006421621522417868
1046,2015-01-28,1047,1048,2015-01-29,2015-01-30,-0.02078812044138978,0.0,-0.0058440893229132485,0.08253793057333336,0.6565128399531198,0.51125,outer_01,none,0.0,1,row1046_entry1047_exit1048,True,5.0,0.000499875041651048,-0.02078812044138978,-0.021287995483040827,0.0,-0.021287995483040827,0.02028824539973873,0.02028824539973873,-0.021287995483040827
1047,2015-01-29,1048,1049,2015-01-30,2015-02-02,0.017482177654677855,1.0,-0.02157423115410051,0.04648668702310932,0.6751420129907909,0.51125,outer_01,none,0.0,1,row1047_entry1048_exit1049,True,5.0,0.000499875041651048,0.017482177654677855,0.016982302613026808,0.0,0.016982302613026808,-0.017982052696328903,-0.017982052696328903,0.016982302613026808
1048,2015-01-30,1049,1050,2015-02-02,2015-02-03,-0.004430223512506437,0.0,0.020670902795136392,0.07705484715003497,0.44808404939548085,0.51125,outer_01,none,0.0,-1,row1048_entry1049_exit1050,True,5.0,0.000499875041651048,0.004430223512506437,0.00393034847085539,0.0,-0.004930098554157485,0.00393034847085539,-0.004930098554157485,-0.004930098554157485
1049,2015-02-02,1050,1051,2015-02-03,2015-02-04,-0.010266204891254738,0.0,-0.006706975199285203,0.06996927368525618,0.5824317556647297,0.51125,outer_01,none,0.0,1,row1049_entry1050_exit1051,True,5.0,0.000499875041651048,-0.010266204891254738,-0.010766079932905785,0.0,-0.010766079932905785,0.00976632984960369,0.00976632984960369,-0.010766079932905785
1050,2015-02-03,1051,1052,2015-02-04,2015-02-05,0.006533053748717599,1.0,-0.011921951175502876,0.04509344873326171,0.58984601902437,0.51125,outer_01,none,0.0,1,row1050_entry1051_exit1052,True,5.0,0.000499875041651048,0.006533053748717599,0.006033178707066551,0.0,0.006033178707066551,-0.007032928790368646,-0.007032928790368646,0.006033178707066551
1051,2015-02-04,1052,1053,2015-02-05,2015-02-06,-0.0024754829581983273,0.0,0.007464904701763864,0.040975961408485695,0.43807265453566696,0.51125,outer_01,none,0.0,-1,row1051_entry1052_exit1053,True,5.0,0.000499875041651048,0.0024754829581983273,0.0019756079165472794,0.0,-0.0029753579998493753,0.0019756079165472794,-0.0029753579998493753,-0.0029753579998493753
1052,2015-02-05,1053,1054,2015-02-06,2015-02-09,-0.023771277222167875,0.0,-0.0037808422080356507,0.043642584173280596,0.5386184632760078,0.51125,outer_01,none,0.0,1,row1052_entry1053_exit1054,True,5.0,0.000499875041651048,-0.023771277222167875,-0.024271152263818922,0.0,-0.024271152263818922,0.023271402180516827,0.023271402180516827,-0.024271152263818922
1053,2015-02-06,1054,1055,2015-02-09,2015-02-10,0.0012036952469420825,1.0,-0.025145060483528603,0.02001041455003083,0.5282887620403377,0.51125,outer_01,none,0.0,1,row1053_entry1054_exit1055,True,5.0,0.000499875041651048,0.0012036952469420825,0.0007038202052910346,0.0,0.0007038202052910346,-0.0017035702885931305,-0.0017035702885931305,0.0007038202052910346
1054,2015-02-09,1055,1056,2015-02-10,2015-02-11,-0.0036883696531209154,0.0,0.004974953534396143,0.013739080200305231,0.42324751671678784,0.51125,outer_01,none,0.0,-1,row1054_entry1055_exit1056,True,5.0,0.000499875041651048,0.0036883696531209154,0.0031884946114698674,0.0,-0.004188244694771963,0.0031884946114698674,-0.004188244694771963,-0.004188244694771963
1055,2015-02-10,1056,1057,2015-02-11,2015-02-12,-0.012836895490478284,0.0,-0.004893861714083236,-2.4326263851293106e-05,0.5256809828940976,0.51125,outer_01,none,0.0,1,row1055_entry1056_exit1057,True,5.0,0.000499875041651048,-0.012836895490478284,-0.013336770532129331,0.0,-0.013336770532129331,0.012337020448827236,0.012337020448827236,0.012337020448827236
1056,2015-02-11,1057,1058,2015-02-12,2015-02-13,0.004218292320332218,1.0,-0.013091927115639557,-0.011103282025829664,0.6258736350967276,0.51125,outer_01,none,0.0,1,row1056_entry1057_exit1058,True,5.0,0.000499875041651048,0.004218292320332218,0.0037184172786811696,0.0,0.0037184172786811696,-0.004718167361983265,-0.004718167361983265,-0.004718167361983265
1057,2015-02-12,1058,1059,2015-02-13,2015-02-16,0.003988927668317821,1.0,0.004091259524368951,-0.005483355640104826,0.6386156574013455,0.51125,outer_01,none,0.0,1,row1057_entry1058_exit1059,True,5.0,0.000499875041651048,0.003988927668317821,0.003489052626666773,0.0,0.003489052626666773,-0.0044888027099688685,0.003489052626666773,-0.0044888027099688685
1058,2015-02-13,1059,1060,2015-02-16,2015-02-17,0.00286155792371634,1.0,0.005564726577705237,-0.02675068193806318,0.48237837725237304,0.51125,outer_01,none,0.0,-1,row1058_entry1059_exit1060,True,5.0,0.000499875041651048,-0.00286155792371634,-0.003361432965367388,0.0,0.0023616828820652923,-0.003361432965367388,0.0023616828820652923,-0.003361432965367388
1059,2015-02-16,1060,1061,2015-02-17,2015-02-18,-0.01881436706478201,0.0,0.0014635457815694863,-0.039235087807392155,0.44280446934508,0.51125,outer_01,none,0.0,-1,row1059_entry1060_exit1061,True,5.0,0.000499875041651048,0.01881436706478201,0.018314492023130964,0.0,-0.01931424210643306,0.018314492023130964,-0.01931424210643306,0.018314492023130964
1060,2015-02-17,1061,1062,2015-02-18,2015-02-19,0.002948746029556304,1.0,-0.017713795710546876,-0.0543048486533797,0.6136383464057177,0.51125,outer_01,none,0.0,1,row1060_entry1061_exit1062,True,5.0,0.000499875041651048,0.002948746029556304,0.002448870987905256,0.0,0.002448870987905256,-0.003448621071207352,-0.003448621071207352,-0.003448621071207352
1061,2015-02-18,1062,1063,2015-02-19,2015-02-20,-0.004264856988048571,0.0,0.0021891698574849627,-0.06519691570467234,0.5501865641714488,0.51125,outer_01,none,0.0,1,row1061_entry1062_exit1063,True,5.0,0.000499875041651048,-0.004264856988048571,-0.0047647320296996185,0.0,-0.0047647320296996185,0.003764981946397523,-0.0047647320296996185,0.003764981946397523
1062,2015-02-19,1063,1064,2015-02-20,2015-02-23,-0.0036843762894154253,0.0,-0.004184244920613089,-0.07547787103330794,0.5523629818508802,0.51125,outer_01,none,0.0,1,row1062_entry1063_exit1064,True,5.0,0.000499875041651048,-0.0036843762894154253,-0.004184251331066473,0.0,-0.004184251331066473,0.0031845012477643773,0.0031845012477643773,0.0031845012477643773
1063,2015-02-20,1064,1065,2015-02-23,2015-02-24,-0.0005904292425666924,0.0,-0.004243434658982359,-0.07384877326706363,0.5800124949525438,0.51125,outer_01,none,0.0,1,row1063_entry1064_exit1065,True,5.0,0.000499875041651048,-0.0005904292425666924,-0.0010903042842177403,0.0,-0.0010903042842177403,9.055420091564443e-05,9.055420091564443e-05,9.055420091564443e-05
1064,2015-02-23,1065,1066,2015-02-24,2015-02-25,-0.0008321821960546316,0.0,-0.0005244122333207812,-0.06463322702642316,0.4731092876859237,0.51125,outer_01,none,0.0,-1,row1064_entry1065_exit1066,True,5.0,0.000499875041651048,0.0008321821960546316,0.00033230715440358367,0.0,-0.0013320572377056796,0.00033230715440358367,0.00033230715440358367,0.00033230715440358367
1065,2015-02-24,1066,1067,2015-02-25,2015-02-26,0.0029179139759749617,1.0,-0.0010163110453094149,-0.07422167416943637,0.4707519068165945,0.51125,outer_01,none,0.0,-1,row1065_entry1066_exit1067,True,5.0,0.000499875041651048,-0.0029179139759749617,-0.0034177890176260097,0.0,0.0024180389343239138,-0.0034177890176260097,-0.0034177890176260097,-0.0034177890176260097
1066,2015-02-25,1067,1068,2015-02-26,2015-02-27,0.004050986598023165,1.0,0.003909634313833621,-0.0644679505326895,0.5456699411325437,0.51125,outer_01,none,0.0,1,row1066_entry1067_exit1068,True,5.0,0.000499875041651048,0.004050986598023165,0.0035511115563721172,0.0,0.0035511115563721172,-0.004550861639674213,0.0035511115563721172,-0.004550861639674213
1067,2015-02-26,1068,1069,2015-02-27,2015-03-02,0.0035404694057010744,1.0,0.0038199770518634324,-0.03907374232672556,0.5940669988821877,0.51125,outer_01,none,0.0,1,row1067_entry1068_exit1069,True,5.0,0.000499875041651048,0.0035404694057010744,0.0030405943640500264,0.0,0.0030405943640500264,-0.004040344447352122,0.0030405943640500264,-0.004040344447352122
1068,2015-02-27,1069,1070,2015-03-02,2015-03-03,-0.006579242987524658,0.0,0.0030224227145518867,-0.05672222240731006,0.4095785095995408,0.51125,outer_01,none,0.0,-1,row1068_entry1069_exit1070,True,5.0,0.000499875041651048,0.006579242987524658,0.006079367945873611,0.0,-0.007079118029175706,0.006079367945873611,-0.007079118029175706,0.006079367945873611
1069,2015-03-02,1070,1071,2015-03-03,2015-03-04,-0.000979009453454971,0.0,-0.004951303113583272,-0.05496655032160813,0.31379746886665116,0.51125,outer_01,none,0.0,-1,row1069_entry1070_exit1071,True,5.0,0.000499875041651048,0.000979009453454971,0.000479134411803923,0.0,-0.0014788844951060189,0.000479134411803923,0.000479134411803923,0.000479134411803923
1070,2015-03-03,1071,1072,2015-03-04,2015-03-05,-0.0037090056490871604,0.0,-0.0028130580871268407,-0.045857657233232096,0.3262782097098411,0.51125,outer_01,none,0.0,-1,row1070_entry1071_exit1072,True,5.0,0.000499875041651048,0.0037090056490871604,0.0032091306074361124,0.0,-0.004208880690738208,0.0032091306074361124,0.0032091306074361124,0.0032091306074361124
1071,2015-03-04,1072,1073,2015-03-05,2015-03-06,-0.0009752723408098518,0.0,-0.002720999544457925,-0.056043561479453885,0.3875585108864396,0.51125,outer_01,none,0.0,-1,row1071_entry1072_exit1073,True,5.0,0.000499875041651048,0.0009752723408098518,0.00047539729915880386,0.0,-0.0014751473824608998,0.00047539729915880386,0.00047539729915880386,0.00047539729915880386
1072,2015-03-05,1073,1074,2015-03-06,2015-03-09,-0.025816605277169558,0.0,-0.001384140969753922,-0.053646860241172156,0.40746633613912625,0.51125,outer_01,none,0.0,-1,row1072_entry1073_exit1074,True,5.0,0.000499875041651048,0.025816605277169558,0.02531673023551851,0.0,-0.026316480318820605,0.02531673023551851,0.02531673023551851,0.02531673023551851
1073,2015-03-06,1074,1075,2015-03-09,2015-03-10,-0.0059740615771533,0.0,-0.026497999445852294,-0.05499979920349585,0.4718301123417112,0.51125,outer_01,none,0.0,-1,row1073_entry1074_exit1075,True,5.0,0.000499875041651048,0.0059740615771533,0.005474186535502253,0.0,-0.006473936618804348,0.005474186535502253,0.005474186535502253,0.005474186535502253
1074,2015-03-09,1075,1076,2015-03-10,2015-03-11,0.0007229040401561804,1.0,-0.00045420850664967816,-0.06042896124454167,0.4681262181900533,0.51125,outer_01,none,0.0,-1,row1074_entry1075_exit1076,True,5.0,0.000499875041651048,-0.0007229040401561804,-0.0012227790818072283,0.0,0.00022302899850513242,-0.0012227790818072283,-0.0012227790818072283,-0.0012227790818072283
1075,2015-03-10,1076,1077,2015-03-11,2015-03-12,-0.006429780280510222,0.0,-0.004269344136221598,-0.05980444366668003,0.5372242033795585,0.51125,outer_01,none,0.0,1,row1075_entry1076_exit1077,True,5.0,0.000499875041651048,-0.006429780280510222,-0.00692965532216127,0.0,-0.00692965532216127,0.005929905238859175,0.005929905238859175,0.005929905238859175
1076,2015-03-11,1077,1078,2015-03-12,2015-03-13,-0.0007015751081365096,0.0,-0.006217475535336803,-0.052929992086377275,0.6096853683536055,0.51125,outer_01,none,0.0,1,row1076_entry1077_exit1078,True,5.0,0.000499875041651048,-0.0007015751081365096,-0.0012014501497875575,0.0,-0.0012014501497875575,0.00020170006648546164,0.00020170006648546164,0.00020170006648546164
1077,2015-03-12,1078,1079,2015-03-13,2015-03-16,0.002198354716450801,1.0,-0.0007885786495878122,-0.05780983026033404,0.5272754434907732,0.51125,outer_01,none,0.0,1,row1077_entry1078_exit1079,True,5.0,0.000499875041651048,0.002198354716450801,0.001698479674799753,0.0,0.001698479674799753,-0.002698229758101849,-0.002698229758101849,-0.002698229758101849
1078,2015-03-13,1079,1080,2015-03-16,2015-03-17,-0.0017652255245685922,0.0,0.004031670469447413,-0.05934288636859186,0.35957162686760874,0.51125,outer_01,none,0.0,-1,row1078_entry1079_exit1080,True,5.0,0.000499875041651048,0.0017652255245685922,0.0012653504829175442,0.0,-0.00226510056621964,0.0012653504829175442,-0.00226510056621964,0.0012653504829175442
1079,2015-03-16,1080,1081,2015-03-17,2015-03-18,-0.004574640900505855,0.0,-0.003165134306665429,-0.06397156645682678,0.32784336933662495,0.51125,outer_01,none,0.0,-1,row1079_entry1080_exit1081,True,5.0,0.000499875041651048,0.004574640900505855,0.004074765858854808,0.0,-0.005074515942156903,0.004074765858854808,0.004074765858854808,0.004074765858854808
1080,2015-03-17,1081,1082,2015-03-18,2015-03-19,0.015822035922866462,1.0,-0.004583818839645204,-0.05084158958592511,0.35155626270324464,0.51125,outer_01,none,0.0,-1,row1080_entry1081_exit1082,True,5.0,0.000499875041651048,-0.015822035922866462,-0.01632191096451751,0.0,0.015322160881215414,-0.01632191096451751,-0.01632191096451751,-0.01632191096451751
1081,2015-03-18,1082,1083,2015-03-19,2015-03-20,0.0025316902281931064,1.0,0.01570389725057364,-0.03732686219283643,0.3479775269105388,0.51125,outer_01,none,0.0,-1,row1081_entry1082_exit1083,True,5.0,0.000499875041651048,-0.0025316902281931064,-0.0030315652698441544,0.0,0.0020318151865420585,-0.0030315652698441544,0.0020318151865420585,-0.0030315652698441544
1082,2015-03-19,1083,1084,2015-03-20,2015-03-23,0.012849959963404878,1.0,0.0028910653775851003,-0.03025155189463824,0.3180656729870568,0.51125,outer_01,none,0.0,-1,row1082_entry1083_exit1084,True,5.0,0.000499875041651048,-0.012849959963404878,-0.013349835005055925,0.0,0.01235008492175383,-0.013349835005055925,0.01235008492175383,-0.013349835005055925
1083,2015-03-20,1084,1085,2015-03-23,2015-03-24,0.003174244993824793,1.0,0.009698209908714617,-0.016309907326941264,0.24879959099729462,0.51125,outer_01,none,0.0,-1,row1083_entry1084_exit1085,True,5.0,0.000499875041651048,-0.003174244993824793,-0.003674120035475841,0.0,0.002674369952173745,-0.003674120035475841,0.002674369952173745,-0.003674120035475841
1084,2015-03-23,1085,1086,2015-03-24,2015-03-25,0.00219166666924675,1.0,0.005987688348215947,-0.009797806745404536,0.22286478813669167,0.51125,outer_01,none,0.0,-1,row1084_entry1085_exit1086,True,5.0,0.000499875041651048,-0.00219166666924675,-0.002691541710897798,0.0,0.0016917916275957022,-0.002691541710897798,0.0016917916275957022,-0.002691541710897798
1085,2015-03-24,1086,1087,2015-03-25,2015-03-26,0.002471402123316757,1.0,0.00317324667513752,-0.005608249024957601,0.31377147791299875,0.51125,outer_01,none,0.0,-1,row1085_entry1086_exit1087,True,5.0,0.000499875041651048,-0.002471402123316757,-0.002971277164967805,0.0,0.001971527081665709,-0.002971277164967805,0.001971527081665709,-0.002971277164967805
1086,2015-03-25,1087,1088,2015-03-26,2015-03-27,0.007660126226566533,1.0,0.001733472780171219,-0.007784410558620003,0.37080279972695607,0.51125,outer_01,none,0.0,-1,row1086_entry1087_exit1088,True,5.0,0.000499875041651048,-0.007660126226566533,-0.00816000126821758,0.0,0.007160251184915485,-0.00816000126821758,0.007160251184915485,-0.00816000126821758
1087,2015-03-26,1088,1089,2015-03-27,2015-03-30,-0.005770904257937914,0.0,0.007809316641932185,-0.0037950709685512507,0.38821346905048687,0.51125,outer_01,none,0.0,-1,row1087_entry1088_exit1089,True,5.0,0.000499875041651048,0.005770904257937914,0.005271029216286867,0.0,-0.006270779299588962,0.005271029216286867,-0.006270779299588962,0.005271029216286867
1088,2015-03-27,1089,1090,2015-03-30,2015-03-31,-0.009524161226533323,0.0,-0.005369129241540094,-0.012186622924643231,0.36313160793121774,0.51125,outer_01,none,0.0,-1,row1088_entry1089_exit1090,True,5.0,0.000499875041651048,0.009524161226533323,0.009024286184882276,0.0,-0.01002403626818437,0.009024286184882276,0.009024286184882276,0.009024286184882276
1089,2015-03-30,1090,1091,2015-03-31,2015-04-01,-0.0019242136074719696,0.0,-0.010471212008158481,-0.01770653181921844,0.3327776351529825,0.51125,outer_01,none,0.0,-1,row1089_entry1090_exit1091,True,5.0,0.000499875041651048,0.0019242136074719696,0.0014243385658209216,0.0,-0.0024240886491230175,0.0014243385658209216,0.0014243385658209216,0.0014243385658209216
1090,2015-03-31,1091,1092,2015-04-01,2015-04-02,0.0168123276921035,1.0,-0.0017221152501418757,-0.016615588982233476,0.34292757220663966,0.51125,outer_01,none,0.0,-1,row1090_entry1091_exit1092,True,5.0,0.000499875041651048,-0.0168123276921035,-0.01731220273375455,0.0,0.016312452650452454,-0.01731220273375455,-0.01731220273375455,-0.01731220273375455
1091,2015-04-01,1092,1093,2015-04-02,2015-04-03,-0.0020122738825216757,0.0,0.017230324374629014,0.003335734936853463,0.26078404665118676,0.51125,outer_01,none,0.0,-1,row1091_entry1092_exit1093,True,5.0,0.000499875041651048,0.0020122738825216757,0.0015123988408706278,0.0,-0.0025121489241727237,0.0015123988408706278,-0.0025121489241727237,-0.0025121489241727237
1092,2015-04-02,1093,1094,2015-04-03,2015-04-06,0.011774820058441549,1.0,-0.0017205485062810055,0.0029993274003263792,0.33312549875474995,0.51125,outer_01,none,0.0,-1,row1092_entry1093_exit1094,True,5.0,0.000499875041651048,-0.011774820058441549,-0.012274695100092596,0.0,0.011274945016790501,-0.012274695100092596,-0.012274695100092596,0.011274945016790501
1093,2015-04-03,1094,1095,2015-04-06,2015-04-07,-0.0008888157938438113,0.0,-0.0020235589052761682,0.027473767940902505,0.06640799151153799,0.51125,outer_01,none,0.0,-1,row1093_entry1094_exit1095,True,5.0,0.000499875041651048,0.0008888157938438113,0.0003889407521927633,0.0,-0.0013886908354948592,0.0003889407521927633,0.0003889407521927633,-0.0013886908354948592
1094,2015-04-06,1095,1096,2015-04-07,2015-04-08,-0.0050102248798840066,0.0,0.012220381321268015,0.0401483577688202,0.6543969753911596,0.51125,outer_01,none,0.0,1,row1094_entry1095_exit1096,True,5.0,0.000499875041651048,-0.0050102248798840066,-0.005510099921535054,0.0,-0.005510099921535054,0.004510349838232959,-0.005510099921535054,-0.005510099921535054
1095,2015-04-07,1096,1097,2015-04-08,2015-04-09,-0.004727788242914421,0.0,-0.004522765931829653,0.03989493597321214,0.30135197783051804,0.51125,outer_01,none,0.0,-1,row1095_entry1096_exit1097,True,5.0,0.000499875041651048,0.004727788242914421,0.004227913201263374,0.0,-0.005227663284565469,0.004227913201263374,0.004227913201263374,-0.005227663284565469
1096,2015-04-08,1097,1098,2015-04-09,2015-04-10,-0.006840827885337575,0.0,-0.005707332970168899,0.040405078538380046,0.4107401511777059,0.51125,outer_01,none,0.0,-1,row1096_entry1097_exit1098,True,5.0,0.000499875041651048,0.006840827885337575,0.006340952843686527,0.0,-0.007340702926988622,0.006340952843686527,0.006340952843686527,-0.007340702926988622
1097,2015-04-09,1098,1099,2015-04-10,2015-04-13,0.010459179177841449,1.0,-0.006577158983661846,0.03461649820430601,0.36323929705878866,0.51125,outer_01,none,0.0,-1,row1097_entry1098_exit1099,True,5.0,0.000499875041651048,-0.010459179177841449,-0.010959054219492496,0.0,0.009959304136190401,-0.010959054219492496,-0.010959054219492496,0.009959304136190401
1098,2015-04-10,1099,1100,2015-04-13,2015-04-14,-0.0068327170999307185,0.0,0.010902127228181513,0.04148695496304011,0.2974344075417429,0.51125,outer_01,none,0.0,-1,row1098_entry1099_exit1100,True,5.0,0.000499875041651048,0.0068327170999307185,0.006332842058279671,0.0,-0.007332592141581766,0.006332842058279671,-0.007332592141581766,-0.007332592141581766
1099,2015-04-13,1100,1101,2015-04-14,2015-04-15,-0.0051511591094257625,0.0,-0.0073577731620178,0.03729431610768774,0.3617050467815828,0.51125,outer_01,none,0.0,-1,row1099_entry1100_exit1101,True,5.0,0.000499875041651048,0.0051511591094257625,0.004651284067774715,0.0,-0.00565103415107681,0.004651284067774715,0.004651284067774715,-0.00565103415107681
1100,2015-04-14,1101,1102,2015-04-15,2015-04-16,0.008016275798897965,1.0,-0.005094774456774864,0.03678336049055808,0.4083318617184366,0.51125,outer_01,none,0.0,-1,row1100_entry1101_exit1102,True,5.0,0.000499875041651048,-0.008016275798897965,-0.008516150840549012,0.0,0.007516400757246917,-0.008516150840549012,-0.008516150840549012,0.007516400757246917
1101,2015-04-15,1102,1103,2015-04-16,2015-04-17,-0.0028734574947772984,0.0,0.008393760262393357,0.0294732235023778,0.33081492174078114,0.51125,outer_01,none,0.0,-1,row1101_entry1102_exit1103,True,5.0,0.000499875041651048,0.0028734574947772984,0.0023735824531262504,0.0,-0.0033733325364283463,0.0023735824531262504,-0.0033733325364283463,-0.0033733325364283463
1102,2015-04-16,1103,1104,2015-04-17,2015-04-20,0.005299050337331579,1.0,-0.003432507181754474,0.023149650943038225,0.41254852711944545,0.51125,outer_01,none,0.0,-1,row1102_entry1103_exit1104,True,5.0,0.000499875041651048,-0.005299050337331579,-0.0057989253789826264,0.0,0.004799175295680531,-0.0057989253789826264,-0.0057989253789826264,0.004799175295680531
1103,2015-04-17,1104,1105,2015-04-20,2015-04-21,-0.00720257242690181,0.0,0.0050281063269039805,0.01847954736122759,0.41031127439351384,0.51125,outer_01,none,0.0,-1,row1103_entry1104_exit1105,True,5.0,0.000499875041651048,0.00720257242690181,0.006702697385250762,0.0,-0.007702447468552857,0.006702697385250762,-0.007702447468552857,-0.007702447468552857
1104,2015-04-20,1105,1106,2015-04-21,2015-04-22,0.004843512630505309,1.0,-0.007150149630898994,0.005341709382112647,0.22293096074716434,0.51125,outer_01,none,0.0,-1,row1104_entry1105_exit1106,True,5.0,0.000499875041651048,-0.004843512630505309,-0.005343387672156356,0.0,0.004343637588854261,-0.005343387672156356,-0.005343387672156356,0.004343637588854261
1105,2015-04-21,1106,1107,2015-04-22,2015-04-23,-0.012485622326280144,0.0,0.005305007979047538,0.007473470686022665,0.25498703806019035,0.51125,outer_01,none,0.0,-1,row1105_entry1106_exit1107,True,5.0,0.000499875041651048,0.012485622326280144,0.011985747284629096,0.0,-0.012985497367931191,0.011985747284629096,-0.012985497367931191,-0.012985497367931191
1106,2015-04-22,1107,1108,2015-04-23,2015-04-24,0.005458620517462265,1.0,-0.012700417266551689,-0.006960419360700243,0.2936877933446191,0.51125,outer_01,none,0.0,-1,row1106_entry1107_exit1108,True,5.0,0.000499875041651048,-0.005458620517462265,-0.005958495559113312,0.0,0.004958745475811217,-0.005958495559113312,-0.005958495559113312,-0.005958495559113312
1107,2015-04-23,1108,1109,2015-04-24,2015-04-27,-0.012209608317474974,0.0,0.005813481433323275,-0.008956254569309152,0.3255573076655755,0.51125,outer_01,none,0.0,-1,row1107_entry1108_exit1109,True,5.0,0.000499875041651048,0.012209608317474974,0.011709733275823926,0.0,-0.012709483359126021,0.011709733275823926,-0.012709483359126021,0.011709733275823926
1108,2015-04-24,1109,1110,2015-04-27,2015-04-28,0.01867093808452225,1.0,-0.01227133357221355,-0.015858458899982608,0.24954692835010656,0.51125,outer_01,none,0.0,-1,row1108_entry1109_exit1110,True,5.0,0.000499875041651048,-0.01867093808452225,-0.019170813126173296,0.0,0.0181710630428712,-0.019170813126173296,-0.019170813126173296,-0.019170813126173296
1109,2015-04-27,1110,1111,2015-04-28,2015-04-29,0.00861667178749137,1.0,0.018941948850818235,0.013554701958994109,0.27781620335332413,0.51125,outer_01,none,0.0,-1,row1109_entry1110_exit1111,True,5.0,0.000499875041651048,-0.00861667178749137,-0.009116546829142418,0.0,0.008116796745840323,-0.009116546829142418,0.008116796745840323,0.008116796745840323
1110,2015-04-28,1111,1112,2015-04-29,2015-04-30,-0.005625568084333565,0.0,0.008509279341271103,0.023786096550407088,0.45430643383833613,0.51125,outer_01,none,0.0,-1,row1110_entry1111_exit1112,True,5.0,0.000499875041651048,0.005625568084333565,0.005125693042682518,0.0,-0.006125443125984613,0.005125693042682518,-0.006125443125984613,-0.006125443125984613
1111,2015-04-29,1112,1113,2015-04-30,2015-05-01,-0.017423618123550533,0.0,-0.0059082166750794585,0.0006475555006986156,0.38094467501466,0.51125,outer_01,none,0.0,-1,row1111_entry1112_exit1113,True,5.0,0.000499875041651048,0.017423618123550533,0.016923743081899485,0.0,-0.01792349316520158,0.016923743081899485,0.016923743081899485,-0.01792349316520158
1112,2015-04-30,1113,1114,2015-05-01,2015-05-04,-0.003941741836257506,0.0,-0.01753997639424032,-0.015171872387260699,0.33389722475227185,0.51125,outer_01,none,0.0,-1,row1112_entry1113_exit1114,True,5.0,0.000499875041651048,0.003941741836257506,0.0034418667946064583,0.0,-0.004441616877908554,0.0034418667946064583,0.0034418667946064583,0.0034418667946064583
1113,2015-05-01,1114,1115,2015-05-04,2015-05-05,0.007102500520538513,1.0,-0.004715612136684477,-0.017863925618669008,0.30609986315179566,0.51125,outer_01,none,0.0,-1,row1113_entry1114_exit1115,True,5.0,0.000499875041651048,-0.007102500520538513,-0.00760237556218956,0.0,0.006602625478887465,-0.00760237556218956,-0.00760237556218956,-0.00760237556218956
1114,2015-05-04,1115,1116,2015-05-05,2015-05-06,0.0042575232155970255,1.0,0.008349297239279352,-0.02173500970065767,0.3484755723029793,0.51125,outer_01,none,0.0,-1,row1114_entry1115_exit1116,True,5.0,0.000499875041651048,-0.0042575232155970255,-0.004757398257248073,0.0,0.0037576481739459776,-0.004757398257248073,0.0037576481739459776,-0.004757398257248073
1115,2015-05-05,1116,1117,2015-05-06,2015-05-07,-0.0015598272257921764,0.0,0.00382175165198273,-0.013390492116845287,0.4150156896397343,0.51125,outer_01,none,0.0,-1,row1115_entry1116_exit1117,True,5.0,0.000499875041651048,0.0015598272257921764,0.0010599521841411284,0.0,-0.0020597022674432243,0.0010599521841411284,-0.0020597022674432243,0.0010599521841411284
1116,2015-05-06,1117,1118,2015-05-07,2015-05-08,-0.006196192677042411,0.0,-0.0006876771878321364,-0.008370836334508525,0.463582142632607,0.51125,outer_01,none,0.0,-1,row1116_entry1117_exit1118,True,5.0,0.000499875041651048,0.006196192677042411,0.005696317635391364,0.0,-0.006696067718693459,0.005696317635391364,0.005696317635391364,0.005696317635391364
1117,2015-05-07,1118,1119,2015-05-08,2015-05-11,0.003784578794753024,1.0,-0.006556627857779773,-0.008350305208626452,0.3606843784130044,0.51125,outer_01,none,0.0,-1,row1117_entry1118_exit1119,True,5.0,0.000499875041651048,-0.003784578794753024,-0.004284453836404072,0.0,0.003284703753101976,-0.004284453836404072,-0.004284453836404072,-0.004284453836404072
1118,2015-05-08,1119,1120,2015-05-11,2015-05-12,-0.004063298543852234,0.0,0.0035067051023798257,-0.01574572733442814,0.3652035089356623,0.51125,outer_01,none,0.0,-1,row1118_entry1119_exit1120,True,5.0,0.000499875041651048,0.004063298543852234,0.003563423502201186,0.0,-0.0045631735855032815,0.003563423502201186,-0.0045631735855032815,0.003563423502201186
1119,2015-05-11,1120,1121,2015-05-12,2015-05-13,0.008017980249909407,1.0,-0.00397970205361009,-0.01236765622602043,0.3059093993075805,0.51125,outer_01,none,0.0,-1,row1119_entry1120_exit1121,True,5.0,0.000499875041651048,-0.008017980249909407,-0.008517855291560454,0.0,0.007518105208258359,-0.008517855291560454,-0.008517855291560454,-0.008517855291560454
1120,2015-05-12,1121,1122,2015-05-13,2015-05-14,0.01809481836450022,1.0,0.00840450660972003,0.0011316248404744655,0.39783726219088095,0.51125,outer_01,none,0.0,-1,row1120_entry1121_exit1122,True,5.0,0.000499875041651048,-0.01809481836450022,-0.018594693406151268,0.0,0.017594943322849173,-0.018594693406151268,0.017594943322849173,0.017594943322849173
1121,2015-05-13,1122,1123,2015-05-14,2015-05-15,0.004974685386669897,1.0,0.018295977161775667,0.011033841739856776,0.48436156333527663,0.51125,outer_01,none,0.0,-1,row1121_entry1122_exit1123,True,5.0,0.000499875041651048,-0.004974685386669897,-0.0054745604283209445,0.0,0.0044748103450188495,-0.0054745604283209445,0.0044748103450188495,0.0044748103450188495
1122,2015-05-14,1123,1124,2015-05-15,2015-05-18,0.00207776134693205,1.0,0.004243711607735179,0.01871006052934643,0.5971367983116347,0.51125,outer_01,none,0.0,1,row1122_entry1123_exit1124,True,5.0,0.000499875041651048,0.00207776134693205,0.001577886305281002,0.0,0.001577886305281002,-0.002577636388583098,0.001577886305281002,0.001577886305281002
1123,2015-05-15,1124,1125,2015-05-18,2015-05-19,0.0012658074478135717,1.0,0.0023889009331972133,0.01607085513563966,0.4734480459253623,0.51125,outer_01,none,0.0,-1,row1123_entry1124_exit1125,True,5.0,0.000499875041651048,-0.0012658074478135717,-0.0017656824894646196,0.0,0.0007659324061625237,-0.0017656824894646196,0.0007659324061625237,0.0007659324061625237
1124,2015-05-18,1125,1126,2015-05-19,2015-05-20,-0.013772805657860765,0.0,0.0012820881007193918,0.024503092867258047,0.49676440478970196,0.51125,outer_01,none,0.0,-1,row1124_entry1125_exit1126,True,5.0,0.000499875041651048,0.013772805657860765,0.013272930616209717,0.0,-0.014272680699511812,0.013272930616209717,-0.014272680699511812,-0.014272680699511812
1125,2015-05-19,1126,1127,2015-05-20,2015-05-21,0.0006700112332769237,1.0,-0.014566756268744818,0.004631328619465691,0.44730215076124347,0.51125,outer_01,none,0.0,-1,row1125_entry1126_exit1127,True,5.0,0.000499875041651048,-0.0006700112332769237,-0.0011698862749279716,0.0,0.00017013619162587574,-0.0011698862749279716,-0.0011698862749279716,0.00017013619162587574
1126,2015-05-20,1127,1128,2015-05-21,2015-05-22,-0.002541802404260274,0.0,0.0017456992813231764,0.019077445167340557,0.5441316444936243,0.51125,outer_01,none,0.0,1,row1126_entry1127_exit1128,True,5.0,0.000499875041651048,-0.002541802404260274,-0.0030416774459113218,0.0,-0.0030416774459113218,0.002041927362609226,-0.0030416774459113218,-0.0030416774459113218
1127,2015-05-21,1128,1129,2015-05-22,2015-05-25,-0.0011529769230316234,0.0,-0.0030714868689383223,0.010192476865078959,0.5681961136869654,0.51125,outer_01,none,0.0,1,row1127_entry1128_exit1129,True,5.0,0.000499875041651048,-0.0011529769230316234,-0.0016528519646826713,0.0,-0.0016528519646826713,0.0006531018813805754,0.0006531018813805754,-0.0016528519646826713
1128,2015-05-22,1129,1130,2015-05-25,2015-05-26,0.0013270521488362164,1.0,0.00019069017464445892,0.022654500611936967,0.5685130921326983,0.51125,outer_01,none,0.0,1,row1128_entry1129_exit1130,True,5.0,0.000499875041651048,0.0013270521488362164,0.0008271771071851684,0.0,0.0008271771071851684,-0.0018269271904872643,0.0008271771071851684,0.0008271771071851684
1129,2015-05-25,1130,1131,2015-05-26,2015-05-27,-0.016143128929297923,0.0,0.0002403836202580223,0.003952935381376754,0.38926443574086644,0.51125,outer_01,none,0.0,-1,row1129_entry1130_exit1131,True,5.0,0.000499875041651048,0.016143128929297923,0.015643253887646875,0.0,-0.01664300397094897,0.015643253887646875,-0.01664300397094897,-0.01664300397094897
1130,2015-05-26,1131,1132,2015-05-27,2015-05-28,0.00021056443981315454,1.0,-0.016184300484502145,-0.020740644444396494,0.4619475748100538,0.51125,outer_01,none,0.0,-1,row1130_entry1131_exit1132,True,5.0,0.000499875041651048,-0.00021056443981315454,-0.0007104394814642025,0.0,-0.0002893106018378934,-0.0007104394814642025,-0.0007104394814642025,-0.0007104394814642025
1131,2015-05-27,1132,1133,2015-05-28,2015-05-29,0.0003536484771036186,1.0,0.0006736388540167226,-0.014158788915300313,0.28941155610779107,0.51125,outer_01,none,0.0,-1,row1131_entry1132_exit1133,True,5.0,0.000499875041651048,-0.0003536484771036186,-0.0008535235187546665,0.0,-0.00014622656454742937,-0.0008535235187546665,-0.00014622656454742937,-0.0008535235187546665
1132,2015-05-28,1133,1134,2015-05-29,2015-06-01,0.0022200740733469004,1.0,0.00012625678120858908,0.0035074442601485956,0.3195927038006571,0.51125,outer_01,none,0.0,-1,row1132_entry1133_exit1134,True,5.0,0.000499875041651048,-0.0022200740733469004,-0.0027199491149979484,0.0,0.0017201990316958525,-0.0027199491149979484,0.0017201990316958525,0.0017201990316958525
1133,2015-05-29,1134,1135,2015-06-01,2015-06-02,-0.0011346493680308711,0.0,0.0019255434677063477,0.01014859986453942,0.37185120587925263,0.51125,outer_01,none,0.0,-1,row1133_entry1134_exit1135,True,5.0,0.000499875041651048,0.0011346493680308711,0.0006347743263798232,0.0,-0.001634524409681919,0.0006347743263798232,-0.001634524409681919,-0.001634524409681919
1134,2015-06-01,1135,1136,2015-06-02,2015-06-03,0.003509040630246041,1.0,-0.0010674198452536032,0.0007318827800064653,0.3302036994498416,0.51125,outer_01,none,0.0,-1,row1134_entry1135_exit1136,True,5.0,0.000499875041651048,-0.003509040630246041,-0.004008915671897088,0.0,0.003009165588594993,-0.004008915671897088,-0.004008915671897088,0.003009165588594993
1135,2015-06-02,1136,1137,2015-06-03,2015-06-04,-0.006794167029512188,0.0,0.0030395670611005343,-5.030181087573027e-05,0.4028465436979147,0.51125,outer_01,none,0.0,-1,row1135_entry1136_exit1137,True,5.0,0.000499875041651048,0.006794167029512188,0.006294291987861141,0.0,-0.007294042071163236,0.006294291987861141,-0.007294042071163236,0.006294291987861141
1136,2015-06-03,1137,1138,2015-06-04,2015-06-05,-0.006840643685305459,0.0,-0.006695909067757633,-0.006058533690801227,0.3488786840076852,0.51125,outer_01,none,0.0,-1,row1136_entry1137_exit1138,True,5.0,0.000499875041651048,0.006840643685305459,0.006340768643654411,0.0,-0.007340518726956506,0.006340768643654411,0.006340768643654411,0.006340768643654411
1137,2015-06-04,1138,1139,2015-06-05,2015-06-08,-0.006101113032189076,0.0,-0.007097995276276414,-0.006599901109297868,0.4030815502748295,0.51125,outer_01,none,0.0,-1,row1137_entry1138_exit1139,True,5.0,0.000499875041651048,0.006101113032189076,0.0056012379905380286,0.0,-0.006600988073840124,0.0056012379905380286,0.0056012379905380286,0.0056012379905380286
1138,2015-06-05,1139,1140,2015-06-08,2015-06-09,0.0035067248092097714,1.0,-0.004182377952901994,-0.014288984164579688,0.4352920063283991,0.51125,outer_01,none,0.0,-1,row1138_entry1139_exit1140,True,5.0,0.000499875041651048,-0.0035067248092097714,-0.004006599850860819,0.0,0.0030068497675587234,-0.004006599850860819,-0.004006599850860819,-0.004006599850860819
1139,2015-06-08,1140,1141,2015-06-09,2015-06-10,0.002288515463661156,1.0,0.0019272593694044104,-0.008382022741565187,0.3514278269628868,0.51125,outer_01,none,0.0,-1,row1139_entry1140_exit1141,True,5.0,0.000499875041651048,-0.002288515463661156,-0.002788390505312204,0.0,0.001788640422010108,-0.002788390505312204,0.001788640422010108,-0.002788390505312204
1140,2015-06-09,1141,1142,2015-06-10,2015-06-11,0.008225901974343586,1.0,0.0025610823291808416,-0.014225447022104376,0.44736031659304554,0.51125,outer_01,none,0.0,-1,row1140_entry1141_exit1142,True,5.0,0.000499875041651048,-0.008225901974343586,-0.008725777015994633,0.0,0.007726026932692538,-0.008725777015994633,0.007726026932692538,-0.008725777015994633
1141,2015-06-10,1142,1143,2015-06-11,2015-06-12,-0.004045254881953397,0.0,0.007669424380447154,-0.02485199980343289,0.493528492957375,0.51125,outer_01,none,0.0,-1,row1141_entry1142_exit1143,True,5.0,0.000499875041651048,0.004045254881953397,0.0035453798403023494,0.0,-0.004545129923604445,0.0035453798403023494,-0.004545129923604445,0.0035453798403023494
1142,2015-06-11,1143,1144,2015-06-12,2015-06-15,0.0003891906575681503,1.0,-0.003218057669905683,-0.03231376908107375,0.5170877849783988,0.51125,outer_01,none,0.0,1,row1142_entry1143_exit1144,True,5.0,0.000499875041651048,0.0003891906575681503,-0.00011068438408289765,0.0,-0.00011068438408289765,-0.0008890656992191982,-0.0008890656992191982,-0.0008890656992191982
1143,2015-06-12,1144,1145,2015-06-15,2015-06-16,0.002973150940475122,1.0,-0.0004823334879482388,-0.0351850035022192,0.4732344351533682,0.51125,outer_01,none,0.0,-1,row1143_entry1144_exit1145,True,5.0,0.000499875041651048,-0.002973150940475122,-0.00347302598212617,0.0,0.0024732758988240742,-0.00347302598212617,-0.00347302598212617,-0.00347302598212617
1144,2015-06-15,1145,1146,2015-06-16,2015-06-17,-0.0032946453847744195,0.0,0.003919619138967434,-0.03254747246397116,0.4417393125262422,0.51125,outer_01,none,0.0,-1,row1144_entry1145_exit1146,True,5.0,0.000499875041651048,0.0032946453847744195,0.0027947703431233715,0.0,-0.0037945204264254674,0.0027947703431233715,-0.0037945204264254674,0.0027947703431233715
1145,2015-06-16,1146,1147,2015-06-17,2015-06-18,0.0020540917869373843,1.0,-0.003437285651019195,-0.021418001846245538,0.3994859702285844,0.51125,outer_01,none,0.0,-1,row1145_entry1146_exit1147,True,5.0,0.000499875041651048,-0.0020540917869373843,-0.002553966828588432,0.0,0.0015542167452863363,-0.002553966828588432,-0.002553966828588432,-0.002553966828588432
1146,2015-06-17,1147,1148,2015-06-18,2015-06-19,0.014960740678295004,1.0,0.002349104956275383,-0.02081459617129333,0.4462291198141307,0.51125,outer_01,none,0.0,-1,row1146_entry1147_exit1148,True,5.0,0.000499875041651048,-0.014960740678295004,-0.015460615719946051,0.0,0.014460865636643956,-0.015460615719946051,0.014460865636643956,-0.015460615719946051
1147,2015-06-18,1148,1149,2015-06-19,2015-06-22,-0.001148679145432041,0.0,0.01435437359491587,-0.003388735707439139,0.4827363661874112,0.51125,outer_01,none,0.0,-1,row1147_entry1148_exit1149,True,5.0,0.000499875041651048,0.001148679145432041,0.0006488041037809931,0.0,-0.001648554187083089,0.0006488041037809931,-0.001648554187083089,0.0006488041037809931
1148,2015-06-19,1149,1150,2015-06-22,2015-06-23,-0.012596809978167478,0.0,-0.0014653603161631779,-0.005044786198246776,0.4841324419270933,0.51125,outer_01,none,0.0,-1,row1148_entry1149_exit1150,True,5.0,0.000499875041651048,0.012596809978167478,0.01209693493651643,0.0,-0.013096685019818526,0.01209693493651643,0.01209693493651643,0.01209693493651643
1149,2015-06-22,1150,1151,2015-06-23,2015-06-24,-0.006048652845831448,0.0,-0.01207909169562793,-0.01736426151413273,0.4292160760817245,0.51125,outer_01,none,0.0,-1,row1149_entry1150_exit1151,True,5.0,0.000499875041651048,0.006048652845831448,0.005548777804180401,0.0,-0.006548527887482496,0.005548777804180401,0.005548777804180401,0.005548777804180401
1150,2015-06-23,1151,1152,2015-06-24,2015-06-25,-0.0030849139996345087,0.0,-0.006226227710354415,-0.007406188739984998,0.39535850444319515,0.51125,outer_01,none,0.0,-1,row1150_entry1151_exit1152,True,5.0,0.000499875041651048,0.0030849139996345087,0.002585038957983461,0.0,-0.0035847890412855567,0.002585038957983461,0.002585038957983461,0.002585038957983461
1151,2015-06-24,1152,1153,2015-06-25,2015-06-26,-0.0009963425687651295,0.0,-0.0028468378981871822,-0.010926665492188903,0.5029266606421521,0.51125,outer_01,none,0.0,1,row1151_entry1152_exit1153,True,5.0,0.000499875041651048,-0.0009963425687651295,-0.0014962176104161774,0.0,-0.0014962176104161774,0.0004964675271140816,0.0004964675271140816,0.0004964675271140816
1152,2015-06-25,1153,1154,2015-06-26,2015-06-29,0.010627398789602616,1.0,-0.001984829066175031,-0.013037751339572523,0.6076319346486931,0.51125,outer_01,none,0.0,1,row1152_entry1153_exit1154,True,5.0,0.000499875041651048,0.010627398789602616,0.010127523747951568,0.0,0.010127523747951568,-0.011127273831253663,-0.011127273831253663,-0.011127273831253663
1153,2015-06-26,1154,1155,2015-06-29,2015-06-30,-0.005248734733877214,0.0,0.0020784361293220144,-0.012884858677956856,0.4551978947809474,0.51125,outer_01,none,0.0,-1,row1153_entry1154_exit1155,True,5.0,0.000499875041651048,0.005248734733877214,0.004748859692226166,0.0,-0.005748609775528261,0.004748859692226166,-0.005748609775528261,0.004748859692226166
1154,2015-06-29,1155,1156,2015-06-30,2015-07-01,-0.00501237148609146,0.0,0.003516673830207928,-0.008300765002495325,0.4128874285812535,0.51125,outer_01,none,0.0,-1,row1154_entry1155_exit1156,True,5.0,0.000499875041651048,0.00501237148609146,0.004512496444440413,0.0,-0.005512246527742508,0.004512496444440413,-0.005512246527742508,0.004512496444440413
1155,2015-06-30,1156,1157,2015-07-01,2015-07-02,-0.0049434676701016755,0.0,-0.006371371743734144,-0.017711703807330004,0.2605001698844952,0.51125,outer_01,none,0.0,-1,row1155_entry1156_exit1157,True,5.0,0.000499875041651048,0.0049434676701016755,0.004443592628450628,0.0,-0.005443342711752723,0.004443592628450628,0.004443592628450628,0.004443592628450628
1156,2015-07-01,1157,1158,2015-07-02,2015-07-03,-0.002287889328468573,0.0,-0.0028628705496771545,-0.013878665289249525,0.33504543128804487,0.51125,outer_01,none,0.0,-1,row1156_entry1157_exit1158,True,5.0,0.000499875041651048,0.002287889328468573,0.0017880142868175251,0.0,-0.002787764370119621,0.0017880142868175251,0.0017880142868175251,0.0017880142868175251
1157,2015-07-02,1158,1159,2015-07-03,2015-07-06,0.00540708343135865,1.0,-0.00244204550458349,-0.009222715517556601,0.33312302178182596,0.51125,outer_01,none,0.0,-1,row1157_entry1158_exit1159,True,5.0,0.000499875041651048,-0.00540708343135865,-0.005906958473009698,0.0,0.004907208389707603,-0.005906958473009698,-0.005906958473009698,-0.005906958473009698
1158,2015-07-03,1159,1160,2015-07-06,2015-07-07,-0.0014259308320898612,0.0,0.002527623110687216,-0.0025127144539673907,0.3263927692800619,0.51125,outer_01,none,0.0,-1,row1158_entry1159_exit1160,True,5.0,0.000499875041651048,0.0014259308320898612,0.0009260557904388132,0.0,-0.001925805873740909,0.0009260557904388132,-0.001925805873740909,0.0009260557904388132
1159,2015-07-06,1160,1161,2015-07-07,2015-07-08,-0.014701716866937886,0.0,0.0012571464435175983,-0.003182827379854203,0.41378989322342213,0.51125,outer_01,none,0.0,-1,row1159_entry1160_exit1161,True,5.0,0.000499875041651048,0.014701716866937886,0.014201841825286839,0.0,-0.015201591908588934,0.014201841825286839,-0.015201591908588934,0.014201841825286839
1160,2015-07-07,1161,1162,2015-07-08,2015-07-09,0.005042543541274647,1.0,-0.011440779081988595,-0.01718468879102364,0.31046955497391654,0.51125,outer_01,none,0.0,-1,row1160_entry1161_exit1162,True,5.0,0.000499875041651048,-0.005042543541274647,-0.005542418582925694,0.0,0.004542668499623599,-0.005542418582925694,-0.005542418582925694,-0.005542418582925694
1161,2015-07-08,1162,1163,2015-07-09,2015-07-10,0.0004744017236442133,1.0,0.0005704063003060256,-0.024283706871164767,0.4389195172676935,0.51125,outer_01,none,0.0,-1,row1161_entry1162_exit1163,True,5.0,0.000499875041651048,-0.0004744017236442133,-0.0009742767652952612,0.0,-2.5473318006834656e-05,-0.0009742767652952612,-2.5473318006834656e-05,-0.0009742767652952612
1162,2015-07-09,1163,1164,2015-07-10,2015-07-13,0.0026696996514044002,1.0,0.0020111092474905945,-0.01905453995376849,0.4864771853670445,0.51125,outer_01,none,0.0,-1,row1162_entry1163_exit1164,True,5.0,0.000499875041651048,-0.0026696996514044002,-0.003169574693055448,0.0,0.0021698246097533523,-0.003169574693055448,0.0021698246097533523,-0.003169574693055448
1163,2015-07-10,1164,1165,2015-07-13,2015-07-14,-0.004015861998196257,0.0,0.0033228341783253512,-0.0152493722874949,0.4990063944831297,0.51125,outer_01,none,0.0,-1,row1163_entry1164_exit1165,True,5.0,0.000499875041651048,0.004015861998196257,0.0035159869565452094,0.0,-0.004515737039847305,0.0035159869565452094,-0.004515737039847305,0.0035159869565452094
1164,2015-07-13,1165,1166,2015-07-14,2015-07-15,-0.00209187013335832,0.0,-0.005005675210461469,-0.024174666636923803,0.43313452269302727,0.51125,outer_01,none,0.0,-1,row1164_entry1165_exit1166,True,5.0,0.000499875041651048,0.00209187013335832,0.0015919950917072721,0.0,-0.002591745175009368,0.0015919950917072721,0.0015919950917072721,0.0015919950917072721
1165,2015-07-14,1166,1167,2015-07-15,2015-07-16,-0.005753551085049935,0.0,-0.0021010500005775867,-0.022838430986482194,0.45654497059776505,0.51125,outer_01,none,0.0,-1,row1165_entry1166_exit1167,True,5.0,0.000499875041651048,0.005753551085049935,0.0052536760433988874,0.0,-0.0062534261267009825,0.0052536760433988874,0.0052536760433988874,0.0052536760433988874
1166,2015-07-15,1167,1168,2015-07-16,2015-07-17,-0.003434901594400408,0.0,-0.005215463791826913,-0.03040299973458449,0.6126707348945148,0.51125,outer_01,none,0.0,1,row1166_entry1167_exit1168,True,5.0,0.000499875041651048,-0.003434901594400408,-0.0039347766360514555,0.0,-0.0039347766360514555,0.00293502655274936,0.00293502655274936,0.00293502655274936
1167,2015-07-16,1168,1169,2015-07-17,2015-07-20,-0.010993946457006132,0.0,-0.003582374384255793,-0.048339747713756154,0.6680038261326062,0.51125,outer_01,none,0.0,1,row1167_entry1168_exit1169,True,5.0,0.000499875041651048,-0.010993946457006132,-0.01149382149865718,0.0,-0.01149382149865718,0.010494071415355084,0.010494071415355084,0.010494071415355084
1168,2015-07-17,1169,1170,2015-07-20,2015-07-21,-0.03075344787686074,0.0,-0.009651483586821108,-0.056525870984414084,0.6421763181629473,0.51125,outer_01,none,0.0,1,row1168_entry1169_exit1170,True,5.0,0.000499875041651048,-0.03075344787686074,-0.03125332291851179,0.0,-0.03125332291851179,0.030253572835209692,0.030253572835209692,0.030253572835209692
1169,2015-07-20,1170,1171,2015-07-21,2015-07-22,0.003998333298600443,1.0,-0.03364833582544868,-0.07809511511423484,0.5044797183106238,0.51125,outer_01,none,0.0,1,row1169_entry1170_exit1171,True,5.0,0.000499875041651048,0.003998333298600443,0.003498458256949395,0.0,0.003498458256949395,-0.00449820834025149,-0.00449820834025149,-0.00449820834025149
1170,2015-07-21,1171,1172,2015-07-22,2015-07-23,-0.007491762734703755,0.0,0.0038405230994875694,-0.06802836430439285,0.5802253329149475,0.51125,outer_01,none,0.0,1,row1170_entry1171_exit1172,True,5.0,0.000499875041651048,-0.007491762734703755,-0.007991637776354803,0.0,-0.007991637776354803,0.006991887693052708,-0.007991637776354803,0.006991887693052708
1171,2015-07-22,1172,1173,2015-07-23,2015-07-24,-0.0029281793933755296,0.0,-0.006296349157675962,-0.07147787556388163,0.7741527369512693,0.51125,outer_01,none,0.0,1,row1171_entry1172_exit1173,True,5.0,0.000499875041651048,-0.0029281793933755296,-0.0034280544350265775,0.0,-0.0034280544350265775,0.0024283043517244816,0.0024283043517244816,0.0024283043517244816
1172,2015-07-23,1173,1174,2015-07-24,2015-07-27,0.003978403004866848,1.0,-0.00309433380047075,-0.07258738029817735,0.7994497043397935,0.51125,outer_01,none,0.0,1,row1172_entry1173_exit1174,True,5.0,0.000499875041651048,0.003978403004866848,0.0034785279632158004,0.0,0.0034785279632158004,-0.004478278046517896,-0.004478278046517896,-0.004478278046517896
1173,2015-07-24,1174,1175,2015-07-27,2015-07-28,-0.0008218202867729119,0.0,0.007717955295392542,-0.06694786113210682,0.7459723455014232,0.51125,outer_01,none,0.0,1,row1173_entry1174_exit1175,True,5.0,0.000499875041651048,-0.0008218202867729119,-0.0013216953284239598,0.0,-0.0013216953284239598,0.0003219452451218639,-0.0013216953284239598,0.0003219452451218639
1174,2015-07-27,1175,1176,2015-07-28,2015-07-29,0.0003744685558668692,1.0,-0.0045139392989739235,-0.07497847426128867,0.5934169368496216,0.51125,outer_01,none,0.0,1,row1174_entry1175_exit1176,True,5.0,0.000499875041651048,0.0003744685558668692,-0.00012540648578417872,0.0,-0.00012540648578417872,-0.0008743435975179172,-0.0008743435975179172,-0.0008743435975179172
1175,2015-07-28,1176,1177,2015-07-29,2015-07-30,0.000930996781375093,1.0,0.0010048599522773927,-0.06760224256527714,0.624412015080476,0.51125,outer_01,none,0.0,1,row1175_entry1176_exit1177,True,5.0,0.000499875041651048,0.000930996781375093,0.00043112173972404506,0.0,0.00043112173972404506,-0.001430871823026141,0.00043112173972404506,-0.001430871823026141
1176,2015-07-29,1177,1178,2015-07-30,2015-07-31,-0.006829151936909916,0.0,0.0014142273605859401,-0.06332514465501404,0.7575441838425564,0.51125,outer_01,none,0.0,1,row1176_entry1177_exit1178,True,5.0,0.000499875041651048,-0.006829151936909916,-0.007329026978560964,0.0,-0.007329026978560964,0.006329276895258869,-0.007329026978560964,0.006329276895258869
1177,2015-07-30,1178,1179,2015-07-31,2015-08-03,0.006473284917920985,1.0,-0.007550452058403323,-0.06843355120883388,0.782412315339521,0.51125,outer_01,none,0.0,1,row1177_entry1178_exit1179,True,5.0,0.000499875041651048,0.006473284917920985,0.0059734098762699375,0.0,0.0059734098762699375,-0.0069731599595720326,-0.0069731599595720326,-0.0069731599595720326
1178,2015-07-31,1179,1180,2015-08-03,2015-08-04,-0.009536807049674856,0.0,0.006364461206607608,-0.06459671311291348,0.6321299556810368,0.51125,outer_01,none,0.0,1,row1178_entry1179_exit1180,True,5.0,0.000499875041651048,-0.009536807049674856,-0.010036682091325903,0.0,-0.010036682091325903,0.009036932008023808,-0.010036682091325903,0.009036932008023808
1179,2015-08-03,1180,1181,2015-08-04,2015-08-05,0.0018318816885543043,1.0,-0.008083851660490637,-0.07393771121692172,0.6973090587197971,0.51125,outer_01,none,0.0,1,row1179_entry1180_exit1181,True,5.0,0.000499875041651048,0.0018318816885543043,0.0013320066469032564,0.0,0.0013320066469032564,-0.0023317567302053523,-0.0023317567302053523,-0.0023317567302053523
1180,2015-08-04,1181,1182,2015-08-05,2015-08-06,-0.002292681460778212,0.0,0.0008738565683685806,-0.061623075566564545,0.7061467763942391,0.51125,outer_01,none,0.0,1,row1180_entry1181_exit1182,True,5.0,0.000499875041651048,-0.002292681460778212,-0.00279255650242926,0.0,-0.00279255650242926,0.001792806419127164,-0.00279255650242926,0.001792806419127164
1181,2015-08-05,1182,1183,2015-08-06,2015-08-07,0.004552590188958483,1.0,-0.002614645336396215,-0.06480812720326679,0.7776657158295047,0.51125,outer_01,none,0.0,1,row1181_entry1182_exit1183,True,5.0,0.000499875041651048,0.004552590188958483,0.0040527151473074355,0.0,0.0040527151473074355,-0.0050524652306095305,-0.0050524652306095305,-0.0050524652306095305
1182,2015-08-06,1183,1184,2015-08-07,2015-08-10,0.0029961402469229625,1.0,0.0041948453951103915,-0.06262439105564699,0.819278668437301,0.51125,outer_01,none,0.0,1,row1182_entry1183_exit1184,True,5.0,0.000499875041651048,0.0029961402469229625,0.0024962652052719146,0.0,0.0024962652052719146,-0.0034960152885740105,0.0024962652052719146,-0.0034960152885740105
1183,2015-08-07,1184,1185,2015-08-10,2015-08-11,0.010266955879406403,1.0,0.004433256631110716,-0.061513968602861624,0.7755674331761233,0.51125,outer_01,none,0.0,1,row1183_entry1184_exit1185,True,5.0,0.000499875041651048,0.010266955879406403,0.009767080837755356,0.0,0.009767080837755356,-0.01076683092105745,0.009767080837755356,-0.01076683092105745
1184,2015-08-10,1185,1186,2015-08-11,2015-08-12,0.004075644437041781,1.0,0.009333279795358251,-0.047175013597041904,0.5869550021480854,0.51125,outer_01,none,0.0,1,row1184_entry1185_exit1186,True,5.0,0.000499875041651048,0.004075644437041781,0.003575769395390733,0.0,0.003575769395390733,-0.0045755194786928285,0.003575769395390733,-0.0045755194786928285
1185,2015-08-11,1186,1187,2015-08-12,2015-08-13,0.014708714700892855,1.0,0.003903889865737753,-0.041170073730726564,0.5345146731022029,0.51125,outer_01,none,0.0,1,row1185_entry1186_exit1187,True,5.0,0.000499875041651048,0.014708714700892855,0.014208839659241808,0.0,0.014208839659241808,-0.015208589742543903,0.014208839659241808,-0.015208589742543903
1186,2015-08-12,1187,1188,2015-08-13,2015-08-14,-0.008998293204999008,0.0,0.013580422449602558,-0.022374187489297093,0.4890285133057706,0.51125,outer_01,none,0.0,-1,row1186_entry1187_exit1188,True,5.0,0.000499875041651048,0.008998293204999008,0.00849841816334796,0.0,-0.009498168246650056,0.00849841816334796,-0.009498168246650056,0.00849841816334796
1187,2015-08-13,1188,1189,2015-08-14,2015-08-17,-0.0004305164469959877,0.0,-0.007878557947864628,-0.026670371052905928,0.6237585989605664,0.51125,outer_01,none,0.0,1,row1187_entry1188_exit1189,True,5.0,0.000499875041651048,-0.0004305164469959877,-0.0009303914886470356,0.0,-0.0009303914886470356,-6.935859465506027e-05,-6.935859465506027e-05,-6.935859465506027e-05
1188,2015-08-14,1189,1190,2015-08-17,2015-08-18,0.0024192476294704335,1.0,-0.00024216224091500038,-0.01726104970699982,0.5131162533847814,0.51125,outer_01,none,0.0,1,row1188_entry1189_exit1190,True,5.0,0.000499875041651048,0.0024192476294704335,0.0019193725878193855,0.0,0.0019193725878193855,-0.0029191226711214814,-0.0029191226711214814,-0.0029191226711214814
1189,2015-08-17,1190,1191,2015-08-18,2015-08-19,0.0005368166899959448,1.0,0.00225790361856415,0.018645189737013013,0.5841858046157459,0.51125,outer_01,none,0.0,1,row1189_entry1190_exit1191,True,5.0,0.000499875041651048,0.0005368166899959448,3.694164834489684e-05,0.0,3.694164834489684e-05,-0.0010366917316469927,3.694164834489684e-05,3.694164834489684e-05
1190,2015-08-18,1191,1192,2015-08-19,2015-08-20,0.013733526681771302,1.0,0.00013423839864845633,0.0149389050361739,0.6134020125440702,0.51125,outer_01,none,0.0,1,row1190_entry1191_exit1192,True,5.0,0.000499875041651048,0.013733526681771302,0.013233651640120254,0.0,0.013233651640120254,-0.01423340172342235,0.013233651640120254,0.013233651640120254
1191,2015-08-19,1192,1193,2015-08-20,2015-08-21,0.01778594142597356,1.0,0.014833640852072172,0.036068895045922034,0.6372129213794101,0.51125,outer_01,none,0.0,1,row1191_entry1192_exit1193,True,5.0,0.000499875041651048,0.01778594142597356,0.017286066384322514,0.0,0.017286066384322514,-0.01828581646762461,0.017286066384322514,0.017286066384322514
1192,2015-08-20,1193,1194,2015-08-21,2015-08-24,0.009076382775987213,1.0,0.015650264535230107,0.05481349338162289,0.5848986303465984,0.51125,outer_01,none,0.0,1,row1192_entry1193_exit1194,True,5.0,0.000499875041651048,0.009076382775987213,0.008576507734336165,0.0,0.008576507734336165,-0.00957625781763826,0.008576507734336165,0.008576507734336165
1193,2015-08-21,1194,1195,2015-08-24,2015-08-25,-0.009362435125517266,0.0,0.007316409733126861,0.05441194781935721,0.5419867675452472,0.51125,outer_01,none,0.0,1,row1193_entry1194_exit1195,True,5.0,0.000499875041651048,-0.009362435125517266,-0.009862310167168313,0.0,-0.009862310167168313,0.008862560083866218,-0.009862310167168313,-0.009862310167168313
1194,2015-08-24,1195,1196,2015-08-25,2015-08-26,-0.011465865719698876,0.0,-0.004811044429664513,0.05411484268866662,0.4487335845308399,0.51125,outer_01,none,0.0,-1,row1194_entry1195_exit1196,True,5.0,0.000499875041651048,0.011465865719698876,0.010965990678047828,0.0,-0.011965740761349923,0.010965990678047828,0.010965990678047828,-0.011965740761349923
1195,2015-08-25,1196,1197,2015-08-26,2015-08-27,-0.01273509076738133,0.0,-0.012607606868145993,0.040502375868243234,0.4462991735442273,0.51125,outer_01,none,0.0,-1,row1195_entry1196_exit1197,True,5.0,0.000499875041651048,0.01273509076738133,0.012235215725730282,0.0,-0.013234965809032377,0.012235215725730282,0.012235215725730282,-0.013234965809032377
1196,2015-08-26,1197,1198,2015-08-27,2015-08-28,-0.00039087832633200037,0.0,-0.013888192431981139,0.025199956075676155,0.529915796253547,0.51125,outer_01,none,0.0,1,row1196_entry1197_exit1198,True,5.0,0.000499875041651048,-0.00039087832633200037,-0.0008907533679830483,0.0,-0.0008907533679830483,-0.00010899671531904758,-0.00010899671531904758,-0.0008907533679830483
1197,2015-08-27,1198,1199,2015-08-28,2015-08-31,0.007365407187224449,1.0,-0.00018672226895155575,0.03256368586512792,0.6832098433460627,0.51125,outer_01,none,0.0,1,row1197_entry1198_exit1199,True,5.0,0.000499875041651048,0.007365407187224449,0.006865532145573401,0.0,0.006865532145573401,-0.007865282228875496,-0.007865282228875496,0.006865532145573401
1198,2015-08-28,1199,1200,2015-08-31,2015-09-01,0.0007318030453955515,1.0,0.008376993792965415,0.03457621845148573,0.6328804513721983,0.51125,outer_01,none,0.0,1,row1198_entry1199_exit1200,True,5.0,0.000499875041651048,0.0007318030453955515,0.00023192800374450357,0.0,0.00023192800374450357,-0.0012316780870465995,0.00023192800374450357,0.00023192800374450357
1199,2015-08-31,1200,1201,2015-09-01,2015-09-02,0.0044936781695641415,1.0,0.000608269843723086,0.04326833995569945,0.6142428190167528,0.51125,outer_01,none,0.0,1,row1199_entry1200_exit1201,True,5.0,0.000499875041651048,0.0044936781695641415,0.003993803127913094,0.0,0.003993803127913094,-0.004993553211215189,0.003993803127913094,0.003993803127913094
1200,2015-09-01,1201,1202,2015-09-02,2015-09-03,-0.005304865545416426,0.0,0.004624834592601879,0.04701931797993275,0.5957535884774207,0.51125,outer_01,none,0.0,1,row1200_entry1201_exit1202,True,5.0,0.000499875041651048,-0.005304865545416426,-0.005804740587067474,0.0,-0.005804740587067474,0.004804990503765379,-0.005804740587067474,-0.005804740587067474
1201,2015-09-02,1202,1203,2015-09-03,2015-09-04,-0.00760594607792342,0.0,-0.005444763313558809,0.04418920000277016,0.5922552124465937,0.51125,outer_01,none,0.0,1,row1201_entry1202_exit1203,True,5.0,0.000499875041651048,-0.00760594607792342,-0.008105821119574468,0.0,-0.008105821119574468,0.0071060710362723725,0.0071060710362723725,-0.008105821119574468
1202,2015-09-03,1203,1204,2015-09-04,2015-09-07,-0.0018682614593972247,0.0,-0.007676374302879374,0.03231798030478039,0.5751097952960121,0.51125,outer_01,none,0.0,1,row1202_entry1203_exit1204,True,5.0,0.000499875041651048,-0.0018682614593972247,-0.0023681365010482726,0.0,-0.0023681365010482726,0.0013683864177461767,0.0013683864177461767,-0.0023681365010482726
1203,2015-09-04,1204,1205,2015-09-07,2015-09-08,-0.0025143114941545974,0.0,-0.002473927150778543,0.025410796522891133,0.5474198398743331,0.51125,outer_01,none,0.0,1,row1203_entry1204_exit1205,True,5.0,0.000499875041651048,-0.0025143114941545974,-0.0030141865358056454,0.0,-0.0030141865358056454,0.0020144364525035495,0.0020144364525035495,-0.0030141865358056454
1204,2015-09-07,1205,1206,2015-09-08,2015-09-09,0.0013114404973526561,1.0,-0.0030250729141743093,0.013052443813358572,0.522119619622541,0.51125,outer_01,none,0.0,1,row1204_entry1205_exit1206,True,5.0,0.000499875041651048,0.0013114404973526561,0.0008115654557016082,0.0,0.0008115654557016082,-0.001811315539003704,-0.001811315539003704,0.0008115654557016082
1205,2015-09-08,1206,1207,2015-09-09,2015-09-10,-0.013156313284397925,0.0,0.0020801628777427084,0.011228716825363527,0.6042492666527242,0.51125,outer_01,none,0.0,1,row1205_entry1206_exit1207,True,5.0,0.000499875041651048,-0.013156313284397925,-0.013656188326048972,0.0,-0.013656188326048972,0.012656438242746877,-0.013656188326048972,-0.013656188326048972
1206,2015-09-09,1207,1208,2015-09-10,2015-09-11,0.0036519262772394256,1.0,-0.01249219788329814,-0.01484390350753717,0.6067457925459852,0.51125,outer_01,none,0.0,1,row1206_entry1207_exit1208,True,5.0,0.000499875041651048,0.0036519262772394256,0.0031520512355883777,0.0,0.0031520512355883777,-0.004151801318890473,-0.004151801318890473,-0.004151801318890473
1207,2015-09-10,1208,1209,2015-09-11,2015-09-14,-0.0032364675958538314,0.0,0.002723519530645646,-0.004241826029026896,0.5848749110290457,0.51125,outer_01,none,0.0,1,row1207_entry1208_exit1209,True,5.0,0.000499875041651048,-0.0032364675958538314,-0.0037363426375048793,0.0,-0.0037363426375048793,0.0027365925542027834,-0.0037363426375048793,0.0027365925542027834
1208,2015-09-11,1209,1210,2015-09-14,2015-09-15,0.000929640711201607,1.0,-0.0024255551667842212,-0.006425218954896117,0.562212305444364,0.51125,outer_01,none,0.0,1,row1208_entry1209_exit1210,True,5.0,0.000499875041651048,0.000929640711201607,0.000429765669550559,0.0,0.000429765669550559,-0.001429515752852655,-0.001429515752852655,-0.001429515752852655
1209,2015-09-14,1210,1211,2015-09-15,2015-09-16,-0.0029000846985010043,0.0,0.0009835548628389645,-0.007699567710621302,0.5684291347973934,0.51125,outer_01,none,0.0,1,row1209_entry1210_exit1211,True,5.0,0.000499875041651048,-0.0029000846985010043,-0.003399959740152052,0.0,-0.003399959740152052,0.0024002096568499563,-0.003399959740152052,0.0024002096568499563
1210,2015-09-15,1211,1212,2015-09-16,2015-09-17,0.012542477872712787,1.0,-0.0031887868538920117,-0.01102259296316177,0.5539521623399286,0.51125,outer_01,none,0.0,1,row1210_entry1211_exit1212,True,5.0,0.000499875041651048,0.012542477872712787,0.01204260283106174,0.0,0.01204260283106174,-0.013042352914363835,-0.013042352914363835,-0.013042352914363835
1211,2015-09-16,1212,1213,2015-09-17,2015-09-18,0.010373011426383805,1.0,0.012506962646970265,-0.013349271168263677,0.634764111226556,0.51125,outer_01,none,0.0,1,row1211_entry1212_exit1213,True,5.0,0.000499875041651048,0.010373011426383805,0.009873136384732757,0.0,0.009873136384732757,-0.010872886468034852,0.009873136384732757,-0.010872886468034852
1212,2015-09-17,1213,1214,2015-09-18,2015-09-21,0.00725116503655876,1.0,0.01171681943734626,-0.017282716266147524,0.5929396885695065,0.51125,outer_01,none,0.0,1,row1212_entry1213_exit1214,True,5.0,0.000499875041651048,0.00725116503655876,0.006751289994907712,0.0,0.006751289994907712,-0.007751040078209807,0.006751289994907712,-0.007751040078209807
1213,2015-09-18,1214,1215,2015-09-21,2015-09-22,-0.005422405300269162,0.0,0.005899514332583955,-0.01869961166669043,0.5739696980343884,0.51125,outer_01,none,0.0,1,row1213_entry1214_exit1215,True,5.0,0.000499875041651048,-0.005422405300269162,-0.005922280341920209,0.0,-0.005922280341920209,0.004922530258618114,-0.005922280341920209,0.004922530258618114
1214,2015-09-21,1215,1216,2015-09-22,2015-09-23,-0.007219608371165975,0.0,-0.005052071616660214,-0.01894063885368613,0.5051072721528671,0.51125,outer_01,none,0.0,1,row1214_entry1215_exit1216,True,5.0,0.000499875041651048,-0.007219608371165975,-0.007719483412817023,0.0,-0.007719483412817023,0.006719733329514928,0.006719733329514928,0.006719733329514928
1215,2015-09-22,1216,1217,2015-09-23,2015-09-24,0.005249355886143725,1.0,-0.007973110983188647,-0.014306142968728786,0.5412235092759397,0.51125,outer_01,none,0.0,1,row1215_entry1216_exit1217,True,5.0,0.000499875041651048,0.005249355886143725,0.0047494808444926775,0.0,0.0047494808444926775,-0.005749230927794773,-0.005749230927794773,-0.005749230927794773
1216,2015-09-23,1217,1218,2015-09-24,2015-09-25,0.01651596348740103,1.0,0.005039313678996571,0.004621363142248924,0.6073882143075082,0.51125,outer_01,none,0.0,1,row1216_entry1217_exit1218,True,5.0,0.000499875041651048,0.01651596348740103,0.016016088445749983,0.0,0.016016088445749983,-0.01701583852905208,0.016016088445749983,0.016016088445749983
1217,2015-09-24,1218,1219,2015-09-25,2015-09-28,-0.0036777563590293383,0.0,0.021016903460619574,0.025824988871820054,0.788981828949377,0.51125,outer_01,none,0.0,1,row1217_entry1218_exit1219,True,5.0,0.000499875041651048,-0.0036777563590293383,-0.004177631400680386,0.0,-0.004177631400680386,0.0031778813173782903,-0.004177631400680386,-0.004177631400680386
1218,2015-09-25,1219,1220,2015-09-28,2015-09-29,-0.011697991424544973,0.0,-0.0073232364996513866,0.010124758579203252,0.7412670895350679,0.51125,outer_01,none,0.0,1,row1218_entry1219_exit1220,True,5.0,0.000499875041651048,-0.011697991424544973,-0.012197866466196021,0.0,-0.012197866466196021,0.011198116382893926,0.011198116382893926,-0.012197866466196021
1219,2015-09-28,1220,1221,2015-09-29,2015-09-30,-0.004213775345177417,0.0,-0.01175745522949434,-0.002240966494014174,0.6017071427442848,0.51125,outer_01,none,0.0,1,row1219_entry1220_exit1221,True,5.0,0.000499875041651048,-0.004213775345177417,-0.004713650386828465,0.0,-0.004713650386828465,0.0037139003035263694,0.0037139003035263694,0.0037139003035263694
1220,2015-09-29,1221,1222,2015-09-30,2015-10-01,-0.010424517335884786,0.0,-0.00447931063029916,-0.011345111716915213,0.6238352599784881,0.51125,outer_01,none,0.0,1,row1220_entry1221_exit1222,True,5.0,0.000499875041651048,-0.010424517335884786,-0.010924392377535834,0.0,-0.010924392377535834,0.009924642294233739,0.009924642294233739,0.009924642294233739
1221,2015-09-30,1222,1223,2015-10-01,2015-10-02,-0.0018662748122206807,0.0,-0.011277878972658861,-0.017178227376015265,0.7402320061272281,0.51125,outer_01,none,0.0,1,row1221_entry1222_exit1223,True,5.0,0.000499875041651048,-0.0018662748122206807,-0.0023661498538717286,0.0,-0.0023661498538717286,0.0013663997705696328,0.0013663997705696328,0.0013663997705696328
1222,2015-10-01,1223,1224,2015-10-02,2015-10-05,0.020709458230845357,1.0,-0.0008527866440815046,-0.010354639717217395,0.7749329583998333,0.51125,outer_01,none,0.0,1,row1222_entry1223_exit1224,True,5.0,0.000499875041651048,0.020709458230845357,0.02020958318919431,0.0,0.02020958318919431,-0.021209333272496404,-0.021209333272496404,-0.021209333272496404
1223,2015-10-02,1224,1225,2015-10-05,2015-10-06,-0.0010121413813299895,0.0,0.02237865563181618,0.014497943065377328,0.6800599759839561,0.51125,outer_01,none,0.0,1,row1223_entry1224_exit1225,True,5.0,0.000499875041651048,-0.0010121413813299895,-0.0015120164229810375,0.0,-0.0015120164229810375,0.0005122663396789416,-0.0015120164229810375,-0.0015120164229810375
1224,2015-10-05,1225,1226,2015-10-06,2015-10-07,0.009901244493729422,1.0,-0.0028933907572010753,0.014629625222350562,0.7173305677070784,0.51125,outer_01,none,0.0,1,row1224_entry1225_exit1226,True,5.0,0.000499875041651048,0.009901244493729422,0.009401369452078374,0.0,0.009401369452078374,-0.01040111953538047,-0.01040111953538047,0.009401369452078374
1225,2015-10-06,1226,1227,2015-10-07,2015-10-08,-0.0016055709769302595,0.0,0.010112248806112056,0.02266171115071991,0.5955102164755349,0.51125,outer_01,none,0.0,1,row1225_entry1226_exit1227,True,5.0,0.000499875041651048,-0.0016055709769302595,-0.0021054460185813075,0.0,-0.0021054460185813075,0.0011056959352792116,-0.0021054460185813075,-0.0021054460185813075
1226,2015-10-07,1227,1228,2015-10-08,2015-10-09,-0.005367671213912573,0.0,-0.0014396086751373716,0.03371430035888068,0.7538897190609379,0.51125,outer_01,none,0.0,1,row1226_entry1227_exit1228,True,5.0,0.000499875041651048,-0.005367671213912573,-0.00586754625556362,0.0,-0.00586754625556362,0.004867796172261525,0.004867796172261525,-0.00586754625556362
1227,2015-10-08,1228,1229,2015-10-09,2015-10-12,0.014703135289093616,1.0,-0.005471933947194252,0.02551884688104078,0.6815296851144725,0.51125,outer_01,none,0.0,1,row1227_entry1228_exit1229,True,5.0,0.000499875041651048,0.014703135289093616,0.014203260247442569,0.0,0.014203260247442569,-0.015203010330744664,-0.015203010330744664,0.014203260247442569
1228,2015-10-09,1229,1230,2015-10-12,2015-10-13,0.006631192514420903,1.0,0.01521200269473244,0.04315640474255744,0.710592184884572,0.51125,outer_01,none,0.0,1,row1228_entry1229_exit1230,True,5.0,0.000499875041651048,0.006631192514420903,0.006131317472769855,0.0,0.006131317472769855,-0.00713106755607195,0.006131317472769855,0.006131317472769855
1229,2015-10-12,1230,1231,2015-10-13,2015-10-14,0.003911482084303586,1.0,0.0062491853192838676,0.048422035199002345,0.7296876994272854,0.51125,outer_01,none,0.0,1,row1229_entry1230_exit1231,True,5.0,0.000499875041651048,0.003911482084303586,0.003411607042652538,0.0,0.003411607042652538,-0.004411357125954633,0.003411607042652538,0.003411607042652538
1230,2015-10-13,1231,1232,2015-10-14,2015-10-15,0.01399313835835958,1.0,0.0036966082225680097,0.055307430275462366,0.7939026419771077,0.51125,outer_01,none,0.0,1,row1230_entry1231_exit1232,True,5.0,0.000499875041651048,0.01399313835835958,0.013493263316708533,0.0,0.013493263316708533,-0.014493013400010628,0.013493263316708533,0.013493263316708533
1231,2015-10-14,1232,1233,2015-10-15,2015-10-16,-0.0020958344526222916,0.0,0.014018345150067724,0.056818812778559824,0.7399420787381518,0.51125,outer_01,none,0.0,1,row1231_entry1232_exit1233,True,5.0,0.000499875041651048,-0.0020958344526222916,-0.0025957094942733396,0.0,-0.0025957094942733396,0.0015959594109712437,-0.0025957094942733396,-0.0025957094942733396
1232,2015-10-15,1233,1234,2015-10-16,2015-10-19,-0.0046807513595652495,0.0,-0.00158832110712126,0.043513672234092304,0.8030974823691007,0.51125,outer_01,none,0.0,1,row1232_entry1233_exit1234,True,5.0,0.000499875041651048,-0.0046807513595652495,-0.005180626401216297,0.0,-0.005180626401216297,0.004180876317914202,0.004180876317914202,-0.005180626401216297
1233,2015-10-16,1234,1235,2015-10-19,2015-10-20,-0.0055656319756574035,0.0,-0.004712192596278975,0.032901965305229375,0.6707035897584875,0.51125,outer_01,none,0.0,1,row1233_entry1234_exit1235,True,5.0,0.000499875041651048,-0.0055656319756574035,-0.006065507017308451,0.0,-0.006065507017308451,0.005065756934006356,0.005065756934006356,-0.006065507017308451
1234,2015-10-19,1235,1236,2015-10-20,2015-10-21,0.005268105270441303,1.0,-0.0059130933066571245,0.032040943615232464,0.6381616163145061,0.51125,outer_01,none,0.0,1,row1234_entry1235_exit1236,True,5.0,0.000499875041651048,0.005268105270441303,0.004768230228790256,0.0,0.004768230228790256,-0.005767980312092351,-0.005767980312092351,0.004768230228790256
1235,2015-10-20,1236,1237,2015-10-21,2015-10-22,-0.00731291204718687,0.0,0.00524174987229209,0.0452558044707132,0.7107769331863066,0.51125,outer_01,none,0.0,1,row1235_entry1236_exit1237,True,5.0,0.000499875041651048,-0.00731291204718687,-0.007812787088837918,0.0,-0.007812787088837918,0.006813037005535823,-0.007812787088837918,-0.007812787088837918
1236,2015-10-21,1237,1238,2015-10-22,2015-10-23,-0.0013884010766398447,0.0,-0.008022916759196974,0.032193574032519656,0.7696978129995204,0.51125,outer_01,none,0.0,1,row1236_entry1237_exit1238,True,5.0,0.000499875041651048,-0.0013884010766398447,-0.0018882761182908926,0.0,-0.0018882761182908926,0.0008885260349887967,0.0008885260349887967,-0.0018882761182908926
1237,2015-10-22,1238,1239,2015-10-23,2015-10-26,-0.002662202611439568,0.0,-0.0013033898551562118,0.00987328071674387,0.6787943427783973,0.51125,outer_01,none,0.0,1,row1237_entry1238_exit1239,True,5.0,0.000499875041651048,-0.002662202611439568,-0.003162077653090616,0.0,-0.003162077653090616,0.00216232756978852,0.00216232756978852,-0.003162077653090616
1238,2015-10-23,1239,1240,2015-10-26,2015-10-27,0.0007650353449815128,1.0,-0.0009099494146633802,0.016286567801731877,0.5657899442547487,0.51125,outer_01,none,0.0,1,row1238_entry1239_exit1240,True,5.0,0.000499875041651048,0.0007650353449815128,0.0002651603033304649,0.0,0.0002651603033304649,-0.0012649103866325608,-0.0012649103866325608,0.0002651603033304649
1239,2015-10-26,1240,1241,2015-10-27,2015-10-28,0.0028486869837012208,1.0,-0.0011772946787464988,0.02686672835247972,0.5868959530840687,0.51125,outer_01,none,0.0,1,row1239_entry1240_exit1241,True,5.0,0.000499875041651048,0.0028486869837012208,0.002348811942050173,0.0,0.002348811942050173,-0.0033485620253522687,-0.0033485620253522687,0.002348811942050173
1240,2015-10-27,1241,1242,2015-10-28,2015-10-29,-0.00838041798976441,0.0,0.003004938942820168,0.03435097792559905,0.7108594073700693,0.51125,outer_01,none,0.0,1,row1240_entry1241_exit1242,True,5.0,0.000499875041651048,-0.00838041798976441,-0.008880293031415458,0.0,-0.008880293031415458,0.007880542948113363,-0.008880293031415458,-0.008880293031415458
1241,2015-10-28,1242,1243,2015-10-29,2015-10-30,-0.010186756839973832,0.0,-0.009241023962430539,0.03638783293582737,0.6315874428764853,0.51125,outer_01,none,0.0,1,row1241_entry1242_exit1243,True,5.0,0.000499875041651048,-0.010186756839973832,-0.01068663188162488,0.0,-0.01068663188162488,0.009686881798322784,0.009686881798322784,-0.01068663188162488
1242,2015-10-29,1243,1244,2015-10-30,2015-11-02,-0.0036640488023209627,0.0,-0.008681160730155568,0.028559458849753305,0.6722049623673043,0.51125,outer_01,none,0.0,1,row1242_entry1243_exit1244,True,5.0,0.000499875041651048,-0.0036640488023209627,-0.00416392384397201,0.0,-0.00416392384397201,0.003164173760669915,0.003164173760669915,-0.00416392384397201
1243,2015-10-30,1244,1245,2015-11-02,2015-11-03,-0.00679512277634764,0.0,-0.0035322132269284268,0.0026485899910086985,0.5196566181652467,0.51125,outer_01,none,0.0,1,row1243_entry1244_exit1245,True,5.0,0.000499875041651048,-0.00679512277634764,-0.007294997817998687,0.0,-0.007294997817998687,0.006295247734696592,0.006295247734696592,-0.007294997817998687
1244,2015-11-02,1245,1246,2015-11-03,2015-11-04,-0.013864501362095716,0.0,-0.007278513145154264,-0.0017365323969444901,0.6049575354095225,0.51125,outer_01,none,0.0,1,row1244_entry1245_exit1246,True,5.0,0.000499875041651048,-0.013864501362095716,-0.014364376403746763,0.0,-0.014364376403746763,0.013364626320444668,0.013364626320444668,0.013364626320444668
1245,2015-11-03,1246,1247,2015-11-04,2015-11-05,-0.009137324640749789,0.0,-0.014082424748926847,-0.025931205951983394,0.6268775025859261,0.51125,outer_01,none,0.0,1,row1245_entry1246_exit1247,True,5.0,0.000499875041651048,-0.009137324640749789,-0.009637199682400836,0.0,-0.009637199682400836,0.008637449599098741,0.008637449599098741,0.008637449599098741
1246,2015-11-04,1247,1248,2015-11-05,2015-11-06,-0.0030644230282348417,0.0,-0.0090782244239902,-0.03356982170083622,0.7053036759756587,0.51125,outer_01,none,0.0,1,row1246_entry1247_exit1248,True,5.0,0.000499875041651048,-0.0030644230282348417,-0.0035642980698858896,0.0,-0.0035642980698858896,0.0025645479865837937,0.0025645479865837937,0.0025645479865837937
1247,2015-11-05,1248,1249,2015-11-06,2015-11-09,-0.012957609491653699,0.0,-0.003563873012486063,-0.03166176076612803,0.7850582536264966,0.51125,outer_01,none,0.0,1,row1247_entry1248_exit1249,True,5.0,0.000499875041651048,-0.012957609491653699,-0.013457484533304746,0.0,-0.013457484533304746,0.012457734450002651,0.012457734450002651,0.012457734450002651
1248,2015-11-06,1249,1250,2015-11-09,2015-11-10,0.00177769679364026,1.0,-0.013639540158878916,-0.06051330361973939,0.7853369396141324,0.51125,outer_01,none,0.0,1,row1248_entry1249_exit1250,True,5.0,0.000499875041651048,0.00177769679364026,0.001277821751989212,0.0,0.001277821751989212,-0.002277571835291308,-0.002277571835291308,-0.002277571835291308
1249,2015-11-09,1250,1251,2015-11-10,2015-11-11,-0.0021905010706504413,0.0,0.003054249658247521,-0.06370823928077574,0.7415535525732995,0.51125,outer_01,none,0.0,1,row1249_entry1250_exit1251,True,5.0,0.000499875041651048,-0.0021905010706504413,-0.0026903761123014893,0.0,-0.0026903761123014893,0.0016906260289993934,-0.0026903761123014893,0.0016906260289993934
1250,2015-11-10,1251,1252,2015-11-11,2015-11-12,-0.0031060777230456083,0.0,-0.002154432315533583,-0.06955927981887733,0.7230565800847892,0.51125,outer_01,none,0.0,1,row1250_entry1251_exit1252,True,5.0,0.000499875041651048,-0.0031060777230456083,-0.003605952764696656,0.0,-0.003605952764696656,0.0026062026813945603,0.0026062026813945603,0.0026062026813945603
1251,2015-11-11,1252,1253,2015-11-12,2015-11-13,-0.0013815337219238444,0.0,-0.003456775405537904,-0.08703440037448296,0.7205654745777118,0.51125,outer_01,none,0.0,1,row1251_entry1252_exit1253,True,5.0,0.000499875041651048,-0.0013815337219238444,-0.0018814087635748923,0.0,-0.0018814087635748923,0.0008816586802727964,0.0008816586802727964,0.0008816586802727964
1252,2015-11-12,1253,1254,2015-11-13,2015-11-16,0.002862259271946499,1.0,-0.0008660641613049691,-0.08631214342866667,0.7138905057405014,0.51125,outer_01,none,0.0,1,row1252_entry1253_exit1254,True,5.0,0.000499875041651048,0.002862259271946499,0.002362384230295451,0.0,0.002362384230295451,-0.003362134313597547,-0.003362134313597547,-0.003362134313597547
1253,2015-11-13,1254,1255,2015-11-16,2015-11-17,-0.003922729205574349,0.0,-0.0012543581360979772,-0.08285430896848567,0.6731392620872222,0.51125,outer_01,none,0.0,1,row1253_entry1254_exit1255,True,5.0,0.000499875041651048,-0.003922729205574349,-0.0044226042472253965,0.0,-0.0044226042472253965,0.003422854163923301,0.003422854163923301,0.003422854163923301
1254,2015-11-16,1255,1256,2015-11-17,2015-11-18,-0.011394654283077621,0.0,-0.0007940098837444509,-0.077735225545573,0.6942656291391323,0.51125,outer_01,none,0.0,1,row1254_entry1255_exit1256,True,5.0,0.000499875041651048,-0.011394654283077621,-0.011894529324728668,0.0,-0.011894529324728668,0.010894779241426573,0.010894779241426573,0.010894779241426573
1255,2015-11-17,1256,1257,2015-11-18,2015-11-19,0.0,0.0,-0.011724727158386017,-0.0947017025762511,0.6821434973473381,0.51125,outer_01,none,0.0,1,row1255_entry1256_exit1257,True,5.0,0.000499875041651048,0.0,-0.000499875041651048,0.0,-0.000499875041651048,-0.000499875041651048,-0.000499875041651048,-0.000499875041651048
1256,2015-11-18,1257,1258,2015-11-19,2015-11-20,0.009593891935672616,1.0,0.0007566805441072688,-0.08592210527294686,0.7924205450984696,0.51125,outer_01,none,0.0,1,row1256_entry1257_exit1258,True,5.0,0.000499875041651048,0.009593891935672616,0.009094016894021568,0.0,0.009094016894021568,-0.010093766977323664,0.009094016894021568,-0.010093766977323664
1257,2015-11-19,1258,1259,2015-11-20,2015-11-23,-0.005328897483338757,0.0,0.010376746105531964,-0.07424196931225868,0.7746000336468939,0.51125,outer_01,none,0.0,1,row1257_entry1258_exit1259,True,5.0,0.000499875041651048,-0.005328897483338757,-0.0058287725249898045,0.0,-0.0058287725249898045,0.0048290224416877095,-0.0058287725249898045,0.0048290224416877095
1258,2015-11-20,1259,1260,2015-11-23,2015-11-24,-0.006600745570326971,0.0,-0.0037592288786756356,-0.07709124877627094,0.8250230685524105,0.51125,outer_01,none,0.0,1,row1258_entry1259_exit1260,True,5.0,0.000499875041651048,-0.006600745570326971,-0.007100620611978019,0.0,-0.007100620611978019,0.006100870528675924,0.006100870528675924,0.006100870528675924
1259,2015-11-23,1260,1261,2015-11-24,2015-11-25,0.00617320448269254,1.0,-0.008440126492073041,-0.08435408058959748,0.7690533705224719,0.51125,outer_01,none,0.0,1,row1259_entry1260_exit1261,True,5.0,0.000499875041651048,0.00617320448269254,0.005673329441041493,0.0,0.005673329441041493,-0.006673079524343588,-0.006673079524343588,-0.006673079524343588
1260,2015-11-24,1261,1262,2015-11-25,2015-11-26,-0.004201471569628801,0.0,0.00596019915447954,-0.08139882037793811,0.6926174518800955,0.51125,outer_01,none,0.0,1,row1260_entry1261_exit1262,True,5.0,0.000499875041651048,-0.004201471569628801,-0.004701346611279848,0.0,-0.004701346611279848,0.003701596527977753,-0.004701346611279848,0.003701596527977753
1261,2015-11-25,1262,1263,2015-11-26,2015-11-27,0.0005413124158053506,1.0,-0.0039228343129629195,-0.07608063072847049,0.7987750965653906,0.51125,outer_01,none,0.0,1,row1261_entry1262_exit1263,True,5.0,0.000499875041651048,0.0005413124158053506,4.1437374154302663e-05,0.0,4.1437374154302663e-05,-0.0010411874574563986,-0.0010411874574563986,-0.0010411874574563986
1262,2015-11-26,1263,1264,2015-11-27,2015-11-30,-0.012647759030202543,0.0,0.0005133590125581122,-0.06688611098575681,0.7999172582836016,0.51125,outer_01,none,0.0,1,row1262_entry1263_exit1264,True,5.0,0.000499875041651048,-0.012647759030202543,-0.01314763407185359,0.0,-0.01314763407185359,0.012147883988551496,-0.01314763407185359,0.012147883988551496
1263,2015-11-27,1264,1265,2015-11-30,2015-12-01,0.006141981533285268,1.0,-0.012781376896206176,-0.07613527465503456,0.8111240810401079,0.51125,outer_01,none,0.0,1,row1263_entry1264_exit1265,True,5.0,0.000499875041651048,0.006141981533285268,0.00564210649163422,0.0,0.00564210649163422,-0.006641856574936315,-0.006641856574936315,-0.006641856574936315
1264,2015-11-30,1265,1266,2015-12-01,2015-12-02,0.0038056361779048586,1.0,0.00596493492649941,-0.06289182658338088,0.7050852832018097,0.51125,outer_01,none,0.0,1,row1264_entry1265_exit1266,True,5.0,0.000499875041651048,0.0038056361779048586,0.0033057611362538107,0.0,0.0033057611362538107,-0.004305511219555906,0.0033057611362538107,-0.004305511219555906
1265,2015-12-01,1266,1267,2015-12-02,2015-12-03,-0.01416137972814635,0.0,0.00456504090007126,-0.044244360934382776,0.7991181526051995,0.51125,outer_01,none,0.0,1,row1265_entry1266_exit1267,True,5.0,0.000499875041651048,-0.01416137972814635,-0.014661254769797398,0.0,-0.014661254769797398,0.013661504686495303,-0.014661254769797398,0.013661504686495303
1266,2015-12-02,1267,1268,2015-12-03,2015-12-04,0.008983666047564398,1.0,-0.014839653683274001,-0.05000579019366658,0.8600275298753902,0.51125,outer_01,none,0.0,1,row1266_entry1267_exit1268,True,5.0,0.000499875041651048,0.008983666047564398,0.00848379100591335,0.0,0.00848379100591335,-0.009483541089215446,-0.009483541089215446,-0.009483541089215446
1267,2015-12-03,1268,1269,2015-12-04,2015-12-07,0.019989772625214286,1.0,0.008139618297261286,-0.03830229888391923,0.7774373575516058,0.51125,outer_01,none,0.0,1,row1267_entry1268_exit1269,True,5.0,0.000499875041651048,0.019989772625214286,0.01948989758356324,0.0,0.01948989758356324,-0.020489647666865334,0.01948989758356324,-0.020489647666865334
1268,2015-12-04,1269,1270,2015-12-07,2015-12-08,-0.012858632116707902,0.0,0.02295271224740425,-0.0017100464776360624,0.6961015879474809,0.51125,outer_01,none,0.0,1,row1268_entry1269_exit1270,True,5.0,0.000499875041651048,-0.012858632116707902,-0.01335850715835895,0.0,-0.01335850715835895,0.012358757075056855,-0.01335850715835895,0.012358757075056855
1269,2015-12-07,1270,1271,2015-12-08,2015-12-09,0.0033279141779409827,1.0,-0.014832115874837015,-0.0195964120107206,0.7937509294177516,0.51125,outer_01,none,0.0,1,row1269_entry1270_exit1271,True,5.0,0.000499875041651048,0.0033279141779409827,0.0028280391362899347,0.0,0.0028280391362899347,-0.0038277892195920306,-0.0038277892195920306,-0.0038277892195920306
1270,2015-12-08,1271,1272,2015-12-09,2015-12-10,-0.0021707442621465844,0.0,0.003505373517794119,-0.013936606177392896,0.7408922571089251,0.51125,outer_01,none,0.0,1,row1270_entry1271_exit1272,True,5.0,0.000499875041651048,-0.0021707442621465844,-0.0026706193037976324,0.0,-0.0026706193037976324,0.0016708692204955365,-0.0026706193037976324,0.0016708692204955365
1271,2015-12-09,1272,1273,2015-12-10,2015-12-11,-0.00041978591535052345,0.0,-0.0017231828182655562,-0.012203013590120548,0.7842320056705167,0.51125,outer_01,none,0.0,1,row1271_entry1272_exit1273,True,5.0,0.000499875041651048,-0.00041978591535052345,-0.0009196609570015714,0.0,-0.0009196609570015714,-8.00891263005245e-05,-8.00891263005245e-05,-8.00891263005245e-05
1272,2015-12-10,1273,1274,2015-12-11,2015-12-14,0.0018364279655704863,1.0,-0.0013620167413312956,-0.012698966170146875,0.8410126079799679,0.51125,outer_01,none,0.0,1,row1272_entry1273_exit1274,True,5.0,0.000499875041651048,0.0018364279655704863,0.0013365529239194383,0.0,0.0013365529239194383,-0.002336303007221534,-0.002336303007221534,-0.002336303007221534
1273,2015-12-11,1274,1275,2015-12-14,2015-12-15,-0.011766605068013192,0.0,0.003215481806964071,-0.008229126227084826,0.8455715099788587,0.51125,outer_01,none,0.0,1,row1273_entry1274_exit1275,True,5.0,0.000499875041651048,-0.011766605068013192,-0.01226648010966424,0.0,-0.01226648010966424,0.011266730026362144,-0.01226648010966424,0.011266730026362144
1274,2015-12-14,1275,1276,2015-12-15,2015-12-16,4.711713792548977e-05,1.0,-0.013622223219430296,-0.02105733956277067,0.7175270034008918,0.51125,outer_01,none,0.0,1,row1274_entry1275_exit1276,True,5.0,0.000499875041651048,4.711713792548977e-05,-0.0004527579037255582,0.0,-0.0004527579037255582,-0.0005469921795765377,-0.0005469921795765377,-0.0005469921795765377
1275,2015-12-15,1276,1277,2015-12-16,2015-12-17,0.010088310650961496,1.0,0.0006412311858063902,-0.008691381218578265,0.704901994886943,0.51125,outer_01,none,0.0,1,row1275_entry1276_exit1277,True,5.0,0.000499875041651048,0.010088310650961496,0.009588435609310449,0.0,0.009588435609310449,-0.010588185692612544,0.009588435609310449,-0.010588185692612544
1276,2015-12-16,1277,1278,2015-12-17,2015-12-18,-0.01983210616757347,0.0,0.010670618551529287,0.0012225567888437538,0.7911071261037941,0.51125,outer_01,none,0.0,1,row1276_entry1277_exit1278,True,5.0,0.000499875041651048,-0.01983210616757347,-0.02033198120922452,0.0,-0.02033198120922452,0.019332231125922424,-0.02033198120922452,-0.02033198120922452
1277,2015-12-17,1278,1279,2015-12-18,2015-12-21,0.014397437274514147,1.0,-0.019428692853439955,-0.028582882170128165,0.8264814522549077,0.51125,outer_01,none,0.0,1,row1277_entry1278_exit1279,True,5.0,0.000499875041651048,0.014397437274514147,0.013897562232863099,0.0,0.013897562232863099,-0.014897312316165194,-0.014897312316165194,-0.014897312316165194
1278,2015-12-18,1279,1280,2015-12-21,2015-12-22,0.01109972127567449,1.0,0.013507336749515986,-0.011316316541936544,0.5904701653107451,0.51125,outer_01,none,0.0,1,row1278_entry1279_exit1280,True,5.0,0.000499875041651048,0.01109972127567449,0.010599846234023443,0.0,0.010599846234023443,-0.011599596317325538,0.010599846234023443,-0.011599596317325538
1279,2015-12-21,1280,1281,2015-12-22,2015-12-23,-0.004825828894781559,0.0,0.011594576122817557,0.008718386072954054,0.6606162047840546,0.51125,outer_01,none,0.0,1,row1279_entry1280_exit1281,True,5.0,0.000499875041651048,-0.004825828894781559,-0.005325703936432606,0.0,-0.005325703936432606,0.004325953853130511,-0.005325703936432606,-0.005325703936432606
1280,2015-12-22,1281,1282,2015-12-23,2015-12-24,-0.002342260184419409,0.0,-0.005281571453195966,-0.002523384534721451,0.7212391876479121,0.51125,outer_01,none,0.0,1,row1280_entry1281_exit1282,True,5.0,0.000499875041651048,-0.002342260184419409,-0.002842135226070457,0.0,-0.002842135226070457,0.0018423851427683611,0.0018423851427683611,0.0018423851427683611
1281,2015-12-23,1282,1283,2015-12-24,2015-12-28,0.005125301264381932,1.0,-0.0022400606716210802,-0.0008406108933796119,0.7202082635745173,0.51125,outer_01,none,0.0,1,row1281_entry1282_exit1283,True,5.0,0.000499875041651048,0.005125301264381932,0.004625426222730884,0.0,0.004625426222730884,-0.005625176306032979,-0.005625176306032979,-0.005625176306032979
1282,2015-12-24,1283,1284,2015-12-28,2015-12-29,-0.0065838179499460026,0.0,0.005451382166389962,0.004097412260452238,0.6760775014690037,0.51125,outer_01,none,0.0,1,row1282_entry1283_exit1284,True,5.0,0.000499875041651048,-0.0065838179499460026,-0.00708369299159705,0.0,-0.00708369299159705,0.006083942908294955,-0.00708369299159705,-0.00708369299159705
1283,2015-12-28,1284,1285,2015-12-29,2015-12-30,0.00019646273586104712,1.0,-0.00666684676369389,0.010211942392964524,0.7041973725579986,0.51125,outer_01,none,0.0,1,row1283_entry1284_exit1285,True,5.0,0.000499875041651048,0.00019646273586104712,-0.0003034123057900008,0.0,-0.0003034123057900008,-0.0006963377775120951,-0.0006963377775120951,-0.0003034123057900008
1284,2015-12-29,1285,1286,2015-12-30,2015-12-31,-0.007172460080144383,0.0,-0.00026198585426229215,0.0039850216122028215,0.7037220803080962,0.51125,outer_01,none,0.0,1,row1284_entry1285_exit1286,True,5.0,0.000499875041651048,-0.007172460080144383,-0.00767233512179543,0.0,-0.00767233512179543,0.006672585038493335,0.006672585038493335,-0.00767233512179543
1285,2015-12-30,1286,1287,2015-12-31,2016-01-04,0.003301590300666568,1.0,-0.007080839088629887,-0.007660858376498325,0.7054833609825664,0.51125,outer_01,none,0.0,1,row1285_entry1286_exit1287,True,5.0,0.000499875041651048,0.003301590300666568,0.00280171525901552,0.0,0.00280171525901552,-0.003801465342317616,-0.003801465342317616,-0.003801465342317616
1286,2015-12-31,1287,1288,2016-01-04,2016-01-05,0.007736132088909997,1.0,-0.00016022695711459534,0.007018568349661081,0.7366461245089171,0.51125,outer_01,none,0.0,1,row1286_entry1287_exit1288,True,5.0,0.000499875041651048,0.007736132088909997,0.00723625704725895,0.0,0.00723625704725895,-0.008236007130561045,-0.008236007130561045,0.00723625704725895
1287,2016-01-04,1288,1289,2016-01-05,2016-01-06,0.004277285799569874,1.0,0.012663258000737088,0.011542208053136882,0.7908475233343997,0.51125,outer_01,none,0.0,1,row1287_entry1288_exit1289,True,5.0,0.000499875041651048,0.004277285799569874,0.0037774107579188264,0.0,0.0037774107579188264,-0.004777160841220922,0.0037774107579188264,0.0037774107579188264
1288,2016-01-05,1289,1290,2016-01-06,2016-01-07,0.014590327629495192,1.0,0.00338211704505742,-0.008028387149209948,0.6082936136416742,0.51125,outer_01,none,0.0,1,row1288_entry1289_exit1290,True,5.0,0.000499875041651048,0.014590327629495192,0.014090452587844145,0.0,0.014090452587844145,-0.01509020267114624,0.014090452587844145,-0.01509020267114624
1289,2016-01-06,1290,1291,2016-01-07,2016-01-08,0.013650136338377195,1.0,0.013762952839829978,0.020566681565457046,0.5789684153541049,0.51125,outer_01,none,0.0,1,row1289_entry1290_exit1291,True,5.0,0.000499875041651048,0.013650136338377195,0.013150261296726147,0.0,0.013150261296726147,-0.014150011380028242,0.013150261296726147,0.013150261296726147
1290,2016-01-07,1291,1292,2016-01-08,2016-01-11,-0.0011010732062493034,0.0,0.014460228164839606,0.03152153621250253,0.5921178543037907,0.51125,outer_01,none,0.0,1,row1290_entry1291_exit1292,True,5.0,0.000499875041651048,-0.0011010732062493034,-0.0016009482479003513,0.0,-0.0016009482479003513,0.0006011981645982554,-0.0016009482479003513,-0.0016009482479003513
1291,2016-01-08,1292,1293,2016-01-11,2016-01-12,-0.011087061208687743,0.0,-0.004591517389640032,0.028653201641128057,0.6084994038492529,0.51125,outer_01,none,0.0,1,row1291_entry1292_exit1293,True,5.0,0.000499875041651048,-0.011087061208687743,-0.01158693625033879,0.0,-0.01158693625033879,0.010587186167036695,0.010587186167036695,-0.01158693625033879
1292,2016-01-11,1293,1294,2016-01-12,2016-01-13,-0.0070647711910512,0.0,-0.007684475691096537,0.022330742691362815,0.5566842926773348,0.51125,outer_01,none,0.0,1,row1292_entry1293_exit1294,True,5.0,0.000499875041651048,-0.0070647711910512,-0.007564646232702248,0.0,-0.007564646232702248,0.006564896149400153,0.006564896149400153,-0.007564646232702248
1293,2016-01-12,1294,1295,2016-01-13,2016-01-14,0.005282671223421076,1.0,-0.005419075177954369,0.013696185706444375,0.5597506515858138,0.51125,outer_01,none,0.0,1,row1293_entry1294_exit1295,True,5.0,0.000499875041651048,0.005282671223421076,0.0047827961817700285,0.0,0.0047827961817700285,-0.0057825462650721235,-0.0057825462650721235,0.0047827961817700285
1294,2016-01-13,1295,1296,2016-01-14,2016-01-15,-0.013834230932777025,0.0,0.003820207748882254,0.031138616674756925,0.6860813520073611,0.51125,outer_01,none,0.0,1,row1294_entry1295_exit1296,True,5.0,0.000499875041651048,-0.013834230932777025,-0.014334105974428073,0.0,-0.014334105974428073,0.013334355891125978,-0.014334105974428073,-0.014334105974428073
1295,2016-01-14,1296,1297,2016-01-15,2016-01-18,0.010994595062632229,1.0,-0.015174210809756339,0.015323174679194196,0.7378008889616411,0.51125,outer_01,none,0.0,1,row1295_entry1296_exit1297,True,5.0,0.000499875041651048,0.010994595062632229,0.010494720020981181,0.0,0.010494720020981181,-0.011494470104283276,-0.011494470104283276,0.010494720020981181
1296,2016-01-15,1297,1298,2016-01-18,2016-01-19,-0.0006515046776325306,0.0,0.010656179141269817,0.015308735268934726,0.6360908482445329,0.51125,outer_01,none,0.0,1,row1296_entry1297_exit1298,True,5.0,0.000499875041651048,-0.0006515046776325306,-0.0011513797192835786,0.0,-0.0011513797192835786,0.00015162963598148267,-0.0011513797192835786,-0.0011513797192835786
1297,2016-01-18,1298,1299,2016-01-19,2016-01-20,-0.0015248946552155473,0.0,0.00014695077175641558,0.034884378894131096,0.676411147404408,0.51125,outer_01,none,0.0,1,row1297_entry1298_exit1299,True,5.0,0.000499875041651048,-0.0015248946552155473,-0.0020247696968665953,0.0,-0.0020247696968665953,0.0010250196135644994,-0.0020247696968665953,-0.0020247696968665953
1298,2016-01-19,1299,1300,2016-01-20,2016-01-21,0.012025548126979757,1.0,-0.0015624572354138166,0.019814584909201294,0.7479580339661553,0.51125,outer_01,none,0.0,1,row1298_entry1299_exit1300,True,5.0,0.000499875041651048,0.012025548126979757,0.01152567308532871,0.0,0.01152567308532871,-0.012525423168630805,-0.012525423168630805,0.01152567308532871
1299,2016-01-20,1300,1301,2016-01-21,2016-01-22,0.0001725664725791276,1.0,0.01247725292629731,0.020697261712681048,0.659976963267543,0.51125,outer_01,none,0.0,1,row1299_entry1300_exit1301,True,5.0,0.000499875041651048,0.0001725664725791276,-0.00032730856907192034,0.0,-0.00032730856907192034,-0.0006724415142301756,-0.00032730856907192034,-0.00032730856907192034
1300,2016-01-21,1301,1302,2016-01-22,2016-01-25,-0.003083432417748888,0.0,0.00029972888384666163,0.026278562049723675,0.6815262265551191,0.51125,outer_01,none,0.0,1,row1300_entry1301_exit1302,True,5.0,0.000499875041651048,-0.003083432417748888,-0.003583307459399936,0.0,-0.003583307459399936,0.00258355737609784,-0.003583307459399936,-0.003583307459399936
1301,2016-01-22,1302,1303,2016-01-25,2016-01-26,0.009546806627916737,1.0,-0.0030742109034056497,0.025444411817939105,0.6151330268076652,0.51125,outer_01,none,0.0,1,row1301_entry1302_exit1303,True,5.0,0.000499875041651048,0.009546806627916737,0.00904693158626569,0.0,0.00904693158626569,-0.010046681669567785,-0.010046681669567785,0.00904693158626569
1302,2016-01-25,1303,1304,2016-01-26,2016-01-27,0.010421389304475781,1.0,0.008968751315733492,0.028961780967282635,0.5508775984614764,0.51125,outer_01,none,0.0,1,row1302_entry1303_exit1304,True,5.0,0.000499875041651048,0.010421389304475781,0.009921514262824734,0.0,0.009921514262824734,-0.010921264346126829,0.009921514262824734,0.009921514262824734
1303,2016-01-26,1304,1305,2016-01-27,2016-01-28,0.005076966869212107,1.0,0.011150329192658681,0.046778956923635207,0.7281763007544341,0.51125,outer_01,none,0.0,1,row1303_entry1304_exit1305,True,5.0,0.000499875041651048,0.005076966869212107,0.00457709182756106,0.0,0.00457709182756106,-0.005576841910863155,0.00457709182756106,0.00457709182756106
1304,2016-01-27,1305,1306,2016-01-28,2016-01-29,-0.009139248761933949,0.0,0.004160640342859345,0.051201583120756844,0.7661706450631629,0.51125,outer_01,none,0.0,1,row1304_entry1305_exit1306,True,5.0,0.000499875041651048,-0.009139248761933949,-0.009639123803584997,0.0,-0.009639123803584997,0.008639373720282902,-0.009639123803584997,-0.009639123803584997
1305,2016-01-28,1306,1307,2016-01-29,2016-02-01,0.00047508281228303417,1.0,-0.009361223142302144,0.048921199067084586,0.785950894048604,0.51125,outer_01,none,0.0,1,row1305_entry1306_exit1307,True,5.0,0.000499875041651048,0.00047508281228303417,-2.4792229368013775e-05,0.0,-2.4792229368013775e-05,-0.0009749578539340821,-0.0009749578539340821,-2.4792229368013775e-05
1306,2016-01-29,1307,1308,2016-02-01,2016-02-02,0.01089166448565404,1.0,0.003323973727121121,0.0524053997513203,0.796415492471222,0.51125,outer_01,none,0.0,1,row1306_entry1307_exit1308,True,5.0,0.000499875041651048,0.01089166448565404,0.010391789444002993,0.0,0.010391789444002993,-0.011391539527305088,0.010391789444002993,0.010391789444002993
1307,2016-02-01,1308,1309,2016-02-02,2016-02-03,3.545784948588704e-05,1.0,0.009241683326296268,0.048983825076879484,0.7705026748016762,0.51125,outer_01,none,0.0,1,row1307_entry1308_exit1309,True,5.0,0.000499875041651048,3.545784948588704e-05,-0.0004644171921651609,0.0,-0.0004644171921651609,-0.000535332891136935,-0.0004644171921651609,-0.0004644171921651609
1308,2016-02-02,1309,1310,2016-02-03,2016-02-04,0.011843217627905744,1.0,0.00022153399086644043,0.045823242022688504,0.8374456018648244,0.51125,outer_01,none,0.0,1,row1308_entry1309_exit1310,True,5.0,0.000499875041651048,0.011843217627905744,0.011343342586254697,0.0,0.011343342586254697,-0.012343092669556792,0.011343342586254697,0.011343342586254697
1309,2016-02-03,1310,1311,2016-02-04,2016-02-05,0.012137402708069622,1.0,0.012083142749263587,0.04414343193212211,0.76811845879457,0.51125,outer_01,none,0.0,1,row1309_entry1310_exit1311,True,5.0,0.000499875041651048,0.012137402708069622,0.011637527666418575,0.0,0.011637527666418575,-0.01263727774972067,0.011637527666418575,0.011637527666418575
1310,2016-02-04,1311,1312,2016-02-05,2016-02-08,0.011153491757284861,1.0,0.011333193505231876,0.04101639727251438,0.6860873530729729,0.51125,outer_01,none,0.0,1,row1310_entry1311_exit1312,True,5.0,0.000499875041651048,0.011153491757284861,0.010653616715633814,0.0,0.010653616715633814,-0.011653366798935909,0.010653616715633814,0.010653616715633814
1311,2016-02-05,1312,1313,2016-02-08,2016-02-09,0.01883793000214684,1.0,0.015203735537581586,0.060811650199736,0.5043020814885828,0.51125,outer_01,none,0.0,1,row1311_entry1312_exit1313,True,5.0,0.000499875041651048,0.01883793000214684,0.018338054960495793,0.0,0.018338054960495793,-0.01933780504379789,0.018338054960495793,0.018338054960495793
1312,2016-02-08,1313,1314,2016-02-09,2016-02-10,-0.0010671866362468307,0.0,0.014354394446579377,0.08285052033741191,0.31465375883759966,0.51125,outer_01,none,0.0,-1,row1312_entry1313_exit1314,True,5.0,0.000499875041651048,0.0010671866362468307,0.0005673115945957828,0.0,-0.0015670616778978787,0.0005673115945957828,-0.0015670616778978787,-0.0015670616778978787
1313,2016-02-09,1314,1315,2016-02-10,2016-02-11,0.006127095228585233,1.0,-0.0010593666651281808,0.0872102288502381,0.3388010624929899,0.51125,outer_01,none,0.0,-1,row1313_entry1314_exit1315,True,5.0,0.000499875041651048,-0.006127095228585233,-0.006626970270236281,0.0,0.005627220186934186,-0.006626970270236281,-0.006626970270236281,0.005627220186934186
1314,2016-02-10,1315,1316,2016-02-11,2016-02-12,0.04189368424440776,1.0,0.007250143862568059,0.09064016496392391,0.2875300409627228,0.51125,outer_01,none,0.0,-1,row1314_entry1315_exit1316,True,5.0,0.000499875041651048,-0.04189368424440776,-0.042393559286058806,0.0,0.04139380920275671,-0.042393559286058806,0.04139380920275671,0.04139380920275671
1315,2016-02-11,1316,1317,2016-02-12,2016-02-15,-0.01283930021714852,0.0,0.041942119236626496,0.14775649501030674,0.18943996794180668,0.51125,outer_01,none,0.0,-1,row1315_entry1316_exit1317,True,5.0,0.000499875041651048,0.01283930021714852,0.012339425175497472,0.0,-0.013339175258799567,0.012339425175497472,-0.013339175258799567,-0.013339175258799567
1316,2016-02-12,1317,1318,2016-02-15,2016-02-16,-0.01879566691852741,0.0,-0.008500833311975597,0.12859948255706133,0.5047811368167198,0.51125,outer_01,none,0.0,1,row1316_entry1317_exit1318,True,5.0,0.000499875041651048,-0.01879566691852741,-0.019295541960178457,0.0,-0.019295541960178457,0.018295791876876362,0.018295791876876362,-0.019295541960178457
1317,2016-02-15,1318,1319,2016-02-16,2016-02-17,-0.005407211714993032,0.0,-0.02375070778026167,0.10470182400504324,0.5243777218301148,0.51125,outer_01,none,0.0,1,row1317_entry1318_exit1319,True,5.0,0.000499875041651048,-0.005407211714993032,-0.00590708675664408,0.0,-0.00590708675664408,0.004907336673341985,0.004907336673341985,-0.00590708675664408
1318,2016-02-16,1319,1320,2016-02-17,2016-02-18,0.004538391146247989,1.0,-0.007921655640859449,0.09834262559959761,0.4988940517520491,0.4952978056426332,outer_02,none,0.05,0,,False,5.0,0.0,0.0,0.0,0.0,0.0,0.0,0.0,0.0
1319,2016-02-17,1320,1321,2016-02-18,2016-02-19,0.018901209251552586,1.0,0.007292875701388368,0.09315824837468867,0.5762108743416726,0.4952978056426332,outer_02,none,0.05,1,row1319_entry1320_exit1321,True,5.0,0.000499875041651048,0.018901209251552586,0.01840133420990154,0.0,0.01840133420990154,-0.019401084293203634,0.01840133420990154,0.01840133420990154
1320,2016-02-18,1321,1322,2016-02-19,2016-02-22,-0.005000051133904115,0.0,0.018319795978304576,0.11117831546914658,0.47021141243480813,0.4952978056426332,outer_02,none,0.05,0,,False,5.0,0.0,-0.0,-0.0,0.0,-0.0,-0.0,-0.0,-0.0
1321,2016-02-19,1322,1323,2016-02-22,2016-02-23,-0.01302406669497902,0.0,-0.002733998464510279,0.11151852790804195,0.4733726463143331,0.4952978056426332,outer_02,none,0.05,0,,False,5.0,0.0,-0.0,-0.0,0.0,-0.0,-0.0,-0.0,-0.0
1322,2016-02-22,1323,1324,2016-02-23,2016-02-24,0.01474514626090695,1.0,-0.01549476541664152,0.08705501117566694,0.3685390330809728,0.4952978056426332,outer_02,none,0.05,-1,row1322_entry1323_exit1324,True,5.0,0.000499875041651048,-0.01474514626090695,-0.015245021302557997,0.0,0.014245271219255902,-0.015245021302557997,-0.015245021302557997,0.014245271219255902
1323,2016-02-23,1324,1325,2016-02-24,2016-02-25,-0.00019561337079743168,0.0,0.014801942625218167,0.09070662460822643,0.18102227933164605,0.4952978056426332,outer_02,none,0.05,-1,row1323_entry1324_exit1325,True,5.0,0.000499875041651048,0.00019561337079743168,-0.00030426167085361626,0.0,-0.0006954884124484796,-0.00030426167085361626,-0.0006954884124484796,-0.0006954884124484796
1324,2016-02-24,1325,1326,2016-02-25,2016-02-26,0.0045137991266406274,1.0,0.0022234810289338824,0.08876946529430096,0.3917260436049306,0.4952978056426332,outer_02,none,0.05,-1,row1324_entry1325_exit1326,True,5.0,0.000499875041651048,-0.0045137991266406274,-0.005013674168291675,0.0,0.00401392408498958,-0.005013674168291675,0.00401392408498958,0.00401392408498958
1325,2016-02-25,1326,1327,2016-02-26,2016-02-29,-0.010900357589829213,0.0,0.0032732721712998014,0.10140396060790291,0.36462067903998246,0.4952978056426332,outer_02,none,0.05,-1,row1325_entry1326_exit1327,True,5.0,0.000499875041651048,0.010900357589829213,0.010400482548178165,0.0,-0.01140023263148026,0.010400482548178165,-0.01140023263148026,-0.01140023263148026
1326,2016-02-26,1327,1328,2016-02-29,2016-03-01,0.016330513484214215,1.0,-0.008043942873446674,0.09003604400733511,0.3422158251142869,0.4952978056426332,outer_02,none,0.05,-1,row1326_entry1327_exit1328,True,5.0,0.000499875041651048,-0.016330513484214215,-0.016830388525865263,0.0,0.015830638442563168,-0.016830388525865263,-0.016830388525865263,0.015830638442563168
1327,2016-02-29,1328,1329,2016-03-01,2016-03-02,-0.00623382847761178,0.0,0.01217099708250391,0.09296535776354276,0.25621598022549996,0.4952978056426332,outer_02,none,0.05,-1,row1327_entry1328_exit1329,True,5.0,0.000499875041651048,0.00623382847761178,0.005733953435960733,0.0,-0.006733703519262828,0.005733953435960733,-0.006733703519262828,-0.006733703519262828
1328,2016-03-01,1329,1330,2016-03-02,2016-03-03,0.00816892281255921,1.0,-0.005449693025354918,0.0872941307473214,0.3953507555833859,0.4952978056426332,outer_02,none,0.05,-1,row1328_entry1329_exit1330,True,5.0,0.000499875041651048,-0.00816892281255921,-0.008668797854210257,0.0,0.007669047770908162,-0.008668797854210257,-0.008668797854210257,0.007669047770908162
1329,2016-03-02,1330,1331,2016-03-03,2016-03-04,0.016718776852129302,1.0,0.006894179414698165,0.08210516741275597,0.3797563410994459,0.4952978056426332,outer_02,none,0.05,-1,row1329_entry1330_exit1331,True,5.0,0.000499875041651048,-0.016718776852129302,-0.01721865189378035,0.0,0.016218901810478255,-0.01721865189378035,0.016218901810478255,0.016218901810478255
1330,2016-03-03,1331,1332,2016-03-04,2016-03-07,-0.002053787738648616,0.0,0.020291245358575516,0.09106321926609962,0.27315649019733584,0.4952978056426332,outer_02,none,0.05,-1,row1330_entry1331_exit1332,True,5.0,0.000499875041651048,0.002053787738648616,0.001553912696997568,0.0,-0.002553662780299664,0.001553912696997568,-0.002553662780299664,-0.002553662780299664
1331,2016-03-04,1332,1333,2016-03-07,2016-03-08,0.005248981852155943,1.0,-0.005332205052379635,0.0705272786761384,0.3404145870892236,0.4952978056426332,outer_02,none,0.05,-1,row1331_entry1332_exit1333,True,5.0,0.000499875041651048,-0.005248981852155943,-0.00574885689380699,0.0,0.004749106810504895,-0.00574885689380699,-0.00574885689380699,0.004749106810504895
1332,2016-03-07,1333,1334,2016-03-08,2016-03-09,-0.003805339180553702,0.0,0.00668252684730497,0.06285541107686399,0.2607206549974653,0.4952978056426332,outer_02,none,0.05,-1,row1332_entry1333_exit1334,True,5.0,0.000499875041651048,0.003805339180553702,0.003305464138902654,0.0,-0.004305214222204749,0.003305464138902654,-0.004305214222204749,-0.004305214222204749
1333,2016-03-08,1334,1335,2016-03-09,2016-03-10,-0.007087461209881241,0.0,-0.0045240356827846995,0.05939074205920747,0.307877646357828,0.4952978056426332,outer_02,none,0.05,-1,row1333_entry1334_exit1335,True,5.0,0.000499875041651048,0.007087461209881241,0.006587586168230193,0.0,-0.007587336251532288,0.006587586168230193,0.006587586168230193,-0.007587336251532288
1334,2016-03-09,1335,1336,2016-03-10,2016-03-11,0.013644809949634684,1.0,-0.0068565879229334215,0.04528401027370599,0.40596128229196826,0.4952978056426332,outer_02,none,0.05,-1,row1334_entry1335_exit1336,True,5.0,0.000499875041651048,-0.013644809949634684,-0.014144684991285732,0.0,0.013144934907983637,-0.014144684991285732,-0.014144684991285732,0.013144934907983637
1335,2016-03-10,1336,1337,2016-03-11,2016-03-14,-0.014651143546266177,0.0,0.015129840347836598,0.01847173138491609,0.1830229646502986,0.4952978056426332,outer_02,none,0.05,-1,row1335_entry1336_exit1337,True,5.0,0.000499875041651048,0.014651143546266177,0.014151268504615129,0.0,-0.015151018587917224,0.014151268504615129,-0.015151018587917224,-0.015151018587917224
1336,2016-03-11,1337,1338,2016-03-14,2016-03-15,-0.013078179823934555,0.0,-0.01804738001561912,0.008925184681272569,0.31649795597911623,0.4952978056426332,outer_02,none,0.05,-1,row1336_entry1337_exit1338,True,5.0,0.000499875041651048,0.013078179823934555,0.012578304782283507,0.0,-0.013578054865585602,0.012578304782283507,0.012578304782283507,-0.013578054865585602
1337,2016-03-14,1338,1339,2016-03-15,2016-03-16,-0.0019449267869395825,0.0,-0.011456391428318113,0.021219501033216126,0.2785395758685892,0.4952978056426332,outer_02,none,0.05,-1,row1337_entry1338_exit1339,True,5.0,0.000499875041651048,0.0019449267869395825,0.0014450517452885346,0.0,-0.0024448018285906305,0.0014450517452885346,0.0014450517452885346,-0.0024448018285906305
1338,2016-03-15,1339,1340,2016-03-16,2016-03-17,0.02141127601132986,1.0,-0.0020750258717994186,0.027066130802276156,0.2447458068624679,0.4952978056426332,outer_02,none,0.05,-1,row1338_entry1339_exit1340,True,5.0,0.000499875041651048,-0.02141127601132986,-0.021911151052980908,0.0,0.020911400969678813,-0.021911151052980908,-0.021911151052980908,0.020911400969678813
1339,2016-03-16,1340,1341,2016-03-17,2016-03-18,-0.0006195048924571012,0.0,0.023733515129658933,0.04350677023054672,0.2063840250020943,0.4952978056426332,outer_02,none,0.05,-1,row1339_entry1340_exit1341,True,5.0,0.000499875041651048,0.0006195048924571012,0.00011962985080605322,0.0,-0.0011193799341081491,0.00011962985080605322,-0.0011193799341081491,-0.0011193799341081491
1340,2016-03-17,1341,1342,2016-03-18,2016-03-21,-0.003286610232745346,0.0,-0.0034289013498511878,0.021758072902390957,0.3002094899827099,0.4952978056426332,outer_02,none,0.05,-1,row1340_entry1341_exit1342,True,5.0,0.000499875041651048,0.003286610232745346,0.002786735191094298,0.0,-0.003786485274396394,0.002786735191094298,0.002786735191094298,-0.003786485274396394
1341,2016-03-18,1342,1343,2016-03-21,2016-03-22,-0.008790667147529518,0.0,-0.002133113402159381,0.022358957964741855,0.2088264242509985,0.4952978056426332,outer_02,none,0.05,-1,row1341_entry1342_exit1343,True,5.0,0.000499875041651048,0.008790667147529518,0.008290792105878471,0.0,-0.009290542189180566,0.008290792105878471,0.008290792105878471,-0.009290542189180566
1342,2016-03-21,1343,1344,2016-03-22,2016-03-23,0.003331610401535734,1.0,-0.009285712393284129,0.028568010988099246,0.26279700536363537,0.4952978056426332,outer_02,none,0.05,-1,row1342_entry1343_exit1344,True,5.0,0.000499875041651048,-0.003331610401535734,-0.003831485443186782,0.0,0.002831735359884686,-0.003831485443186782,-0.003831485443186782,0.002831735359884686
1343,2016-03-22,1344,1345,2016-03-23,2016-03-24,-0.020329967931561832,0.0,0.0036605377547305196,0.0174266061176116,0.23481917349961204,0.4952978056426332,outer_02,none,0.05,-1,row1343_entry1344_exit1345,True,5.0,0.000499875041651048,0.020329967931561832,0.019830092889910785,0.0,-0.02082984297321288,0.019830092889910785,-0.02082984297321288,-0.02082984297321288
1344,2016-03-23,1345,1346,2016-03-24,2016-03-28,-0.0068201387914390565,0.0,-0.022584859501855625,-0.0073817344131779095,0.5059585533212179,0.4952978056426332,outer_02,none,0.05,0,,False,5.0,0.0,-0.0,-0.0,0.0,-0.0,-0.0,-0.0,-0.0
1345,2016-03-24,1346,1347,2016-03-28,2016-03-29,0.005338602470419396,1.0,-0.0024699981785269998,-0.01312500476300471,0.3751917157461369,0.4952978056426332,outer_02,none,0.05,-1,row1345_entry1346_exit1347,True,5.0,0.000499875041651048,-0.005338602470419396,-0.005838477512070443,0.0,0.004838727428768348,-0.005838477512070443,-0.005838477512070443,-0.005838477512070443
1346,2016-03-28,1347,1348,2016-03-29,2016-03-30,0.01674144883821338,1.0,0.0034612043773067924,-0.0016198575122512437,0.2748884483085668,0.4952978056426332,outer_02,none,0.05,-1,row1346_entry1347_exit1348,True,5.0,0.000499875041651048,-0.01674144883821338,-0.017241323879864427,0.0,0.016241573796562332,-0.017241323879864427,0.016241573796562332,-0.017241323879864427
1347,2016-03-29,1348,1349,2016-03-30,2016-03-31,-0.012613349460284695,0.0,0.015743239624899985,0.001952385030144832,0.2639536586311036,0.4952978056426332,outer_02,none,0.05,-1,row1347_entry1348_exit1349,True,5.0,0.000499875041651048,0.012613349460284695,0.012113474418633648,0.0,-0.013113224501935743,0.012113474418633648,-0.013113224501935743,-0.013113224501935743
1348,2016-03-30,1349,1350,2016-03-31,2016-04-01,0.004647177537502323,1.0,-0.013191925786980363,-0.005789847731480613,0.48529870679148956,0.4952978056426332,outer_02,none,0.05,0,,False,5.0,0.0,0.0,0.0,0.0,0.0,0.0,0.0,0.0
1349,2016-03-31,1350,1351,2016-04-01,2016-04-04,-0.00918492830783002,0.0,0.006496013726061456,-0.006188013420117322,0.27676043794269223,0.4952978056426332,outer_02,none,0.05,-1,row1349_entry1350_exit1351,True,5.0,0.000499875041651048,0.00918492830783002,0.008685053266178973,0.0,-0.009684803349481068,0.008685053266178973,-0.009684803349481068,0.008685053266178973
1350,2016-04-01,1351,1352,2016-04-04,2016-04-05,-0.0037766875760452123,0.0,-0.00837615913281109,-0.03485541791150393,0.29852827841523544,0.4952978056426332,outer_02,none,0.05,-1,row1350_entry1351_exit1352,True,5.0,0.000499875041651048,0.0037766875760452123,0.0032768125343941644,0.0,-0.00427656261769626,0.0032768125343941644,0.0032768125343941644,0.0032768125343941644
1351,2016-04-04,1352,1353,2016-04-05,2016-04-06,0.012027404594835645,1.0,-0.0054231358120713224,-0.034946348671195615,0.38228787567086253,0.4952978056426332,outer_02,none,0.05,-1,row1351_entry1352_exit1353,True,5.0,0.000499875041651048,-0.012027404594835645,-0.012527279636486692,0.0,0.011527529553184597,-0.012527279636486692,-0.012527279636486692,-0.012527279636486692
1352,2016-04-05,1353,1354,2016-04-06,2016-04-07,-0.006081474379554308,0.0,0.012199560955311384,-0.0294293145631892,0.3046477004556271,0.4952978056426332,outer_02,none,0.05,-1,row1352_entry1353_exit1354,True,5.0,0.000499875041651048,0.006081474379554308,0.0055815993379032605,0.0,-0.0065813494212053555,0.0055815993379032605,-0.0065813494212053555,0.0055815993379032605
1353,2016-04-06,1354,1355,2016-04-07,2016-04-08,0.01333721319741521,1.0,-0.006882799852344412,-0.031788078732748914,0.35492838612896,0.4952978056426332,outer_02,none,0.05,-1,row1353_entry1354_exit1355,True,5.0,0.000499875041651048,-0.01333721319741521,-0.013837088239066257,0.0,0.012837338155764162,-0.013837088239066257,-0.013837088239066257,-0.013837088239066257
1354,2016-04-07,1355,1356,2016-04-08,2016-04-11,0.004355621482562633,1.0,0.015081723190654373,-0.00984976761916112,0.25616960370547753,0.4952978056426332,outer_02,none,0.05,-1,row1354_entry1355_exit1356,True,5.0,0.000499875041651048,-0.004355621482562633,-0.00485549652421368,0.0,0.0038557464409115848,-0.00485549652421368,0.0038557464409115848,-0.00485549652421368
1355,2016-04-08,1356,1357,2016-04-11,2016-04-12,0.00909268019192222,1.0,-8.867070527251997e-05,-0.02506827867227024,0.2802003594701626,0.4952978056426332,outer_02,none,0.05,-1,row1355_entry1356_exit1357,True,5.0,0.000499875041651048,-0.00909268019192222,-0.009592555233573268,0.0,0.008592805150271172,-0.009592555233573268,-0.009592555233573268,-0.009592555233573268
1356,2016-04-11,1357,1358,2016-04-12,2016-04-13,-0.00042201316829704183,0.0,0.01362711239481218,0.00660621373816106,0.23947497735810797,0.4952978056426332,outer_02,none,0.05,-1,row1356_entry1357_exit1358,True,5.0,0.000499875041651048,0.00042201316829704183,-7.786187335400612e-05,0.0,-0.0009218882099480898,-7.786187335400612e-05,-0.0009218882099480898,-0.0009218882099480898
1357,2016-04-12,1358,1359,2016-04-13,2016-04-14,-0.01056033512506449,0.0,-0.0016713627881941306,0.016391242378285042,0.2944389861491213,0.4952978056426332,outer_02,none,0.05,-1,row1357_entry1358_exit1359,True,5.0,0.000499875041651048,0.01056033512506449,0.010060460083413443,0.0,-0.011060210166715538,0.010060460083413443,0.010060460083413443,-0.011060210166715538
1358,2016-04-13,1359,1360,2016-04-14,2016-04-15,-0.012203618144582151,0.0,-0.009805687376782224,0.008660580873302237,0.4272685789074489,0.4952978056426332,outer_02,none,0.05,-1,row1358_entry1359_exit1360,True,5.0,0.000499875041651048,0.012203618144582151,0.011703743102931104,0.0,-0.012703493186233199,0.011703743102931104,0.011703743102931104,-0.012703493186233199
1359,2016-04-14,1360,1361,2016-04-15,2016-04-18,0.005930107304362053,1.0,-0.013630555760537177,-0.028703490016893873,0.39259128304538676,0.4952978056426332,outer_02,none,0.05,-1,row1359_entry1360_exit1361,True,5.0,0.000499875041651048,-0.005930107304362053,-0.006429982346013101,0.0,0.005430232262711006,-0.006429982346013101,-0.006429982346013101,-0.006429982346013101
1360,2016-04-15,1361,1362,2016-04-18,2016-04-19,-0.002343469162003231,0.0,0.006016131573637118,-0.019258457093405568,0.3450918567791869,0.4952978056426332,outer_02,none,0.05,-1,row1360_entry1361_exit1362,True,5.0,0.000499875041651048,0.002343469162003231,0.0018435941203521831,0.0,-0.002843344203654279,0.0018435941203521831,-0.002843344203654279,0.0018435941203521831
1361,2016-04-18,1362,1363,2016-04-19,2016-04-20,0.014443361185916714,1.0,-0.0009406804407721125,-0.0180660241320183,0.40422530536177237,0.4952978056426332,outer_02,none,0.05,-1,row1361_entry1362_exit1363,True,5.0,0.000499875041651048,-0.014443361185916714,-0.014943236227567762,0.0,0.013943486144265667,-0.014943236227567762,-0.014943236227567762,-0.014943236227567762
1362,2016-04-19,1363,1364,2016-04-20,2016-04-21,-0.004748430793737768,0.0,0.01421011675001882,0.00542980501128465,0.2966341526513575,0.4952978056426332,outer_02,none,0.05,-1,row1362_entry1363_exit1364,True,5.0,0.000499875041651048,0.004748430793737768,0.00424855575208672,0.0,-0.005248305835388815,0.00424855575208672,-0.005248305835388815,-0.005248305835388815
1363,2016-04-20,1364,1365,2016-04-21,2016-04-22,0.0031227071690125285,1.0,-0.005220729526231871,-0.003451462269677741,0.31855220880178753,0.4952978056426332,outer_02,none,0.05,-1,row1363_entry1364_exit1365,True,5.0,0.000499875041651048,-0.0031227071690125285,-0.0036225822106635765,0.0,0.0026228321273614806,-0.0036225822106635765,-0.0036225822106635765,-0.0036225822106635765
1364,2016-04-21,1365,1366,2016-04-22,2016-04-25,-0.012452376334479709,0.0,0.004068259190828982,0.023201656423006867,0.2845912090306849,0.4952978056426332,outer_02,none,0.05,-1,row1364_entry1365_exit1366,True,5.0,0.000499875041651048,0.012452376334479709,0.011952501292828661,0.0,-0.012952251376130756,0.011952501292828661,-0.012952251376130756,-0.012952251376130756
1365,2016-04-22,1366,1367,2016-04-25,2016-04-26,0.004542425980219811,1.0,-0.012927844767575358,0.012743809833958508,0.32675718488292804,0.4952978056426332,outer_02,none,0.05,-1,row1365_entry1366_exit1367,True,5.0,0.000499875041651048,-0.004542425980219811,-0.005042301021870858,0.0,0.004042550938568763,-0.005042301021870858,-0.005042301021870858,0.004042550938568763
1366,2016-04-25,1367,1368,2016-04-26,2016-04-27,0.0040150982732027884,1.0,0.003861993359896232,0.013144598816547948,0.3595850509973334,0.4952978056426332,outer_02,none,0.05,-1,row1366_entry1367_exit1368,True,5.0,0.000499875041651048,-0.0040150982732027884,-0.004514973314853836,0.0,0.0035152232315517405,-0.004514973314853836,0.0035152232315517405,0.0035152232315517405
1367,2016-04-26,1368,1369,2016-04-27,2016-04-28,0.002081818604872332,1.0,0.004981511039064301,0.002382870230712264,0.3580647519550004,0.4952978056426332,outer_02,none,0.05,-1,row1367_entry1368_exit1369,True,5.0,0.000499875041651048,-0.002081818604872332,-0.00258169364652338,0.0,0.001581943563221284,-0.00258169364652338,0.001581943563221284,0.001581943563221284
1368,2016-04-27,1369,1370,2016-04-28,2016-04-29,0.016358165777740297,1.0,0.001847642372298175,0.017422438389990802,0.4786983828017819,0.4952978056426332,outer_02,none,0.05,0,,False,5.0,0.0,0.0,0.0,0.0,0.0,0.0,0.0,0.0
1369,2016-04-28,1370,1371,2016-04-29,2016-05-02,0.02087944559133703,1.0,0.01616899654835091,0.027095421212280257,0.4004226077631369,0.4952978056426332,outer_02,none,0.05,-1,row1369_entry1370_exit1371,True,5.0,0.000499875041651048,-0.02087944559133703,-0.02137932063298808,0.0,0.020379570549685984,-0.02137932063298808,0.020379570549685984,0.020379570549685984
1370,2016-04-29,1371,1372,2016-05-02,2016-05-03,-0.00043331244826383397,0.0,0.021399504867130048,0.056871085212221395,0.32658421556849965,0.4952978056426332,outer_02,none,0.05,-1,row1370_entry1371_exit1372,True,5.0,0.000499875041651048,0.00043331244826383397,-6.656259338721398e-05,0.0,-0.0009331874899148819,-6.656259338721398e-05,-0.0009331874899148819,-0.0009331874899148819
1371,2016-05-02,1372,1373,2016-05-03,2016-05-04,-0.005082198840161922,0.0,-0.0018878732995171177,0.0604063477247756,0.513121194776066,0.4952978056426332,outer_02,none,0.05,0,,False,5.0,0.0,-0.0,-0.0,0.0,-0.0,-0.0,-0.0,-0.0
1372,2016-05-03,1373,1374,2016-05-04,2016-05-05,-0.004615704681446786,0.0,-0.003809794448928372,0.044396992320535844,0.46436573637493034,0.4952978056426332,outer_02,none,0.05,0,,False,5.0,0.0,-0.0,-0.0,0.0,-0.0,-0.0,-0.0,-0.0
1373,2016-05-04,1374,1375,2016-05-05,2016-05-06,-0.001665943578983864,0.0,-0.005159712776740655,0.0461200793961396,0.6038924320621076,0.4952978056426332,outer_02,none,0.05,1,row1373_entry1374_exit1375,True,5.0,0.000499875041651048,-0.001665943578983864,-0.002165818620634912,0.0,-0.002165818620634912,0.001166068537332816,0.001166068537332816,-0.002165818620634912
1374,2016-05-05,1375,1376,2016-05-06,2016-05-09,0.005230954121984155,1.0,-0.001266713751361337,0.029771642454123892,0.6258833263324105,0.4952978056426332,outer_02,none,0.05,1,row1374_entry1375_exit1376,True,5.0,0.000499875041651048,0.005230954121984155,0.004731079080333107,0.0,0.004731079080333107,-0.005730829163635202,-0.005730829163635202,0.004731079080333107
1375,2016-05-06,1376,1377,2016-05-09,2016-05-10,-0.015823139778190054,0.0,0.008344776869622983,0.038205090029019395,0.6518588424788408,0.4952978056426332,outer_02,none,0.05,1,row1375_entry1376_exit1377,True,5.0,0.000499875041651048,-0.015823139778190054,-0.0163230148198411,0.0,-0.0163230148198411,0.015323264736539007,-0.0163230148198411,-0.0163230148198411
1376,2016-05-09,1377,1378,2016-05-10,2016-05-11,0.0016046863436534053,1.0,-0.020150453143704894,0.0044275244905023214,0.5158254765292567,0.4952978056426332,outer_02,none,0.05,0,,False,5.0,0.0,0.0,0.0,0.0,0.0,0.0,0.0,0.0
1377,2016-05-10,1378,1379,2016-05-11,2016-05-12,0.008987499312552494,1.0,0.002419700378779588,0.00851858765747604,0.4233130025166569,0.4952978056426332,outer_02,none,0.05,-1,row1377_entry1378_exit1379,True,5.0,0.000499875041651048,-0.008987499312552494,-0.009487374354203541,0.0,0.008487624270901446,-0.009487374354203541,0.008487624270901446,0.008487624270901446
1378,2016-05-11,1379,1380,2016-05-12,2016-05-13,-0.010544719554903992,0.0,0.00862674276253017,0.026951017796788435,0.530580608491962,0.4952978056426332,outer_02,none,0.05,0,,False,5.0,0.0,-0.0,-0.0,0.0,-0.0,-0.0,-0.0,-0.0
1379,2016-05-12,1380,1381,2016-05-13,2016-05-16,0.006803846793316026,1.0,-0.010785213221874201,0.02979636033545141,0.6383457182529068,0.4952978056426332,outer_02,none,0.05,1,row1379_entry1380_exit1381,True,5.0,0.000499875041651048,0.006803846793316026,0.006303971751664979,0.0,0.006303971751664979,-0.007303721834967074,-0.007303721834967074,0.006303971751664979
1380,2016-05-13,1381,1382,2016-05-16,2016-05-17,0.0010680070121500407,1.0,0.007789625940894496,0.03156985470270879,0.5282557274629535,0.4952978056426332,outer_02,none,0.05,0,,False,5.0,0.0,0.0,0.0,0.0,0.0,0.0,0.0,0.0
1381,2016-05-16,1382,1383,2016-05-17,2016-05-18,0.004854454482235759,1.0,0.00025128390501816256,0.03276181904849906,0.549634920959942,0.4952978056426332,outer_02,none,0.05,0,,False,5.0,0.0,0.0,0.0,0.0,0.0,0.0,0.0,0.0
1382,2016-05-17,1383,1384,2016-05-18,2016-05-19,-0.01705497617434748,0.0,0.0044185462505605955,0.02297024854904084,0.5651903378562901,0.4952978056426332,outer_02,none,0.05,1,row1382_entry1383_exit1384,True,5.0,0.000499875041651048,-0.01705497617434748,-0.017554851215998528,0.0,-0.017554851215998528,0.016555101132696433,-0.017554851215998528,-0.017554851215998528
1383,2016-05-18,1384,1385,2016-05-19,2016-05-20,-0.0023545331642811362,0.0,-0.016854021531605312,0.011336956543667398,0.5110314148001399,0.4952978056426332,outer_02,none,0.05,0,,False,5.0,0.0,-0.0,-0.0,0.0,-0.0,-0.0,-0.0,-0.0
1384,2016-05-19,1385,1386,2016-05-20,2016-05-23,-0.00425378034168844,0.0,-0.002929845094442385,0.004338852258396031,0.5092508085594175,0.4952978056426332,outer_02,none,0.05,0,,False,5.0,0.0,-0.0,-0.0,0.0,-0.0,-0.0,-0.0,-0.0
1385,2016-05-20,1386,1387,2016-05-23,2016-05-24,-0.001280471388362514,0.0,-0.0018275340167512866,0.015439163009220103,0.5821730007591576,0.4952978056426332,outer_02,none,0.05,1,row1385_entry1386_exit1387,True,5.0,0.000499875041651048,-0.001280471388362514,-0.001780346430013562,0.0,-0.001780346430013562,0.0007805963467114661,0.0007805963467114661,-0.001780346430013562
1386,2016-05-23,1387,1388,2016-05-24,2016-05-25,-0.017179902471208486,0.0,-0.0023271539665916663,0.009250015682732204,0.5924297745061019,0.4952978056426332,outer_02,none,0.05,1,row1386_entry1387_exit1388,True,5.0,0.000499875041651048,-0.017179902471208486,-0.017679777512859533,0.0,-0.017679777512859533,0.01668002742955744,0.01668002742955744,-0.017679777512859533
1387,2016-05-24,1388,1389,2016-05-25,2016-05-26,-0.0033376206595949753,0.0,-0.018015594086871367,-0.013747089443203464,0.6713954843335458,0.4952978056426332,outer_02,none,0.05,1,row1387_entry1388_exit1389,True,5.0,0.000499875041651048,-0.0033376206595949753,-0.0038374957012460233,0.0,-0.0038374957012460233,0.0028377456179439274,0.0028377456179439274,0.0028377456179439274
1388,2016-05-25,1389,1390,2016-05-26,2016-05-27,-0.002660109364369667,0.0,-0.0019338814609612953,-0.017528613276462934,0.6235892016558247,0.4952978056426332,outer_02,none,0.05,1,row1388_entry1389_exit1390,True,5.0,0.000499875041651048,-0.002660109364369667,-0.003159984406020715,0.0,-0.003159984406020715,0.002160234322718619,0.002160234322718619,0.002160234322718619
1389,2016-05-26,1390,1391,2016-05-27,2016-05-30,-0.005918490310230062,0.0,-0.0038544207788193674,-0.03755203060363321,0.6858445960688578,0.4952978056426332,outer_02,none,0.05,1,row1389_entry1390_exit1391,True,5.0,0.000499875041651048,-0.005918490310230062,-0.00641836535188111,0.0,-0.00641836535188111,0.005418615268579015,0.005418615268579015,0.005418615268579015
1390,2016-05-27,1391,1392,2016-05-30,2016-05-31,-0.004834700183040219,0.0,-0.0065645209946954,-0.06551605646545866,0.6744093596224419,0.4952978056426332,outer_02,none,0.05,1,row1390_entry1391_exit1392,True,5.0,0.000499875041651048,-0.004834700183040219,-0.005334575224691267,0.0,-0.005334575224691267,0.004334825141389172,0.004334825141389172,0.004334825141389172
1391,2016-05-30,1392,1393,2016-05-31,2016-06-01,0.00737901082502912,1.0,-0.003505526441903939,-0.06713370960784548,0.643991473449987,0.4952978056426332,outer_02,none,0.05,1,row1391_entry1392_exit1393,True,5.0,0.000499875041651048,0.00737901082502912,0.006879135783378072,0.0,0.006879135783378072,-0.007878885866680167,-0.007878885866680167,-0.007878885866680167
1392,2016-05-31,1393,1394,2016-06-01,2016-06-02,-0.0026185138847054645,0.0,0.006340630866125352,-0.05698328429279176,0.5253558913840803,0.4952978056426332,outer_02,none,0.05,0,,False,5.0,0.0,-0.0,-0.0,0.0,-0.0,-0.0,-0.0,-0.0
1393,2016-06-01,1394,1395,2016-06-02,2016-06-03,-0.0020799294379916233,0.0,-0.002067844124475471,-0.053891415640526574,0.6101393698463671,0.4952978056426332,outer_02,none,0.05,1,row1393_entry1394_exit1395,True,5.0,0.000499875041651048,-0.0020799294379916233,-0.0025798044796426713,0.0,-0.0025798044796426713,0.0015800543963405754,0.0015800543963405754,0.0015800543963405754
1394,2016-06-02,1395,1396,2016-06-03,2016-06-06,0.027447206862545315,1.0,-0.0012708369427807398,-0.05389553883194598,0.5978780128295214,0.4952978056426332,outer_02,none,0.05,1,row1394_entry1395_exit1396,True,5.0,0.000499875041651048,0.027447206862545315,0.026947331820894267,0.0,0.026947331820894267,-0.027947081904196362,-0.027947081904196362,-0.027947081904196362
1395,2016-06-03,1396,1397,2016-06-06,2016-06-07,0.000755341667289855,1.0,0.027270640969732085,-0.034969674731836875,0.34894785411861795,0.4952978056426332,outer_02,none,0.05,-1,row1395_entry1396_exit1397,True,5.0,0.000499875041651048,-0.000755341667289855,-0.001255216708940903,0.0,0.000255466625638807,-0.001255216708940903,0.000255466625638807,-0.001255216708940903
1396,2016-06-06,1397,1398,2016-06-07,2016-06-08,-0.00024903899195560797,0.0,0.00030529445083349316,-0.014513927137298488,0.5339129087090807,0.4952978056426332,outer_02,none,0.05,0,,False,5.0,0.0,-0.0,-0.0,0.0,-0.0,-0.0,-0.0,-0.0
1397,2016-06-07,1398,1399,2016-06-08,2016-06-09,0.013542459674369844,1.0,-0.00048208647958070117,-0.017415713995658777,0.5463084065863019,0.4952978056426332,outer_02,none,0.05,0,,False,5.0,0.0,0.0,0.0,0.0,0.0,0.0,0.0,0.0
1398,2016-06-08,1399,1400,2016-06-09,2016-06-10,0.006069053904863786,1.0,0.014005887077038537,-0.01203656968115041,0.44657330718719,0.4952978056426332,outer_02,none,0.05,-1,row1398_entry1399_exit1400,True,5.0,0.000499875041651048,-0.006069053904863786,-0.0065689289465148334,0.0,0.005569178863212738,-0.0065689289465148334,0.005569178863212738,-0.0065689289465148334
1399,2016-06-09,1400,1401,2016-06-10,2016-06-13,0.0042532012212772585,1.0,0.005910350807076803,0.0046589943478005935,0.6886526456281343,0.4952978056426332,outer_02,none,0.05,1,row1399_entry1400_exit1401,True,5.0,0.000499875041651048,0.0042532012212772585,0.0037533261796262106,0.0,0.0037533261796262106,-0.004753076262928306,0.0037533261796262106,0.0037533261796262106
1400,2016-06-10,1401,1402,2016-06-13,2016-06-14,0.0067007033488923895,1.0,0.003735176691333386,0.000604545098239484,0.6480373107531058,0.4952978056426332,outer_02,none,0.05,1,row1400_entry1401_exit1402,True,5.0,0.000499875041651048,0.0067007033488923895,0.006200828307241342,0.0,0.006200828307241342,-0.007200578390543437,0.006200828307241342,0.006200828307241342
1401,2016-06-13,1402,1403,2016-06-14,2016-06-15,0.0012226987337626838,1.0,0.007662453340625319,0.00801571453384664,0.5245264463525978,0.4952978056426332,outer_02,none,0.05,0,,False,5.0,0.0,0.0,0.0,0.0,0.0,0.0,0.0,0.0
1402,2016-06-14,1403,1404,2016-06-15,2016-06-16,0.00647015445670629,1.0,0.0015565780225417214,0.005153746305827767,0.4800074270955486,0.4952978056426332,outer_02,none,0.05,0,,False,5.0,0.0,0.0,0.0,0.0,0.0,0.0,0.0,0.0
1403,2016-06-15,1404,1405,2016-06-16,2016-06-17,-0.011033683074326284,0.0,0.004376544399694815,0.026384312237127894,0.5896867891877597,0.4952978056426332,outer_02,none,0.05,1,row1403_entry1404_exit1405,True,5.0,0.000499875041651048,-0.011033683074326284,-0.011533558115977331,0.0,-0.011533558115977331,0.010533808032675236,-0.011533558115977331,-0.011533558115977331
1404,2016-06-16,1405,1406,2016-06-17,2016-06-20,0.0055437225566628,1.0,-0.009929038174654181,0.019385119156916097,0.535865325708171,0.4952978056426332,outer_02,none,0.05,0,,False,5.0,0.0,0.0,0.0,0.0,0.0,0.0,0.0,0.0
1405,2016-06-17,1406,1407,2016-06-20,2016-06-21,0.0028262863266803606,1.0,0.015365219064055857,0.03657787223772324,0.49798916893822065,0.4952978056426332,outer_02,none,0.05,0,,False,5.0,0.0,0.0,0.0,0.0,0.0,0.0,0.0,0.0
1406,2016-06-20,1407,1408,2016-06-21,2016-06-22,-0.015731003911148456,0.0,-0.006799856205133459,0.03210516999918145,0.5228824460668027,0.4952978056426332,outer_02,none,0.05,0,,False,5.0,0.0,-0.0,-0.0,0.0,-0.0,-0.0,-0.0,-0.0
1407,2016-06-21,1408,1409,2016-06-22,2016-06-23,-0.004784584792457913,0.0,-0.017654442017430938,0.03246632206862188,0.5709823983787319,0.4952978056426332,outer_02,none,0.05,1,row1407_entry1408_exit1409,True,5.0,0.000499875041651048,-0.004784584792457913,-0.005284459834108961,0.0,-0.005284459834108961,0.004284709750806866,0.004284709750806866,-0.005284459834108961
1408,2016-06-22,1409,1410,2016-06-23,2016-06-24,-0.008336726089977375,0.0,-0.0008842431613080848,0.03351596036827509,0.46434453879526777,0.4952978056426332,outer_02,none,0.05,0,,False,5.0,0.0,-0.0,-0.0,0.0,-0.0,-0.0,-0.0,-0.0
1409,2016-06-23,1410,1411,2016-06-24,2016-06-27,0.05666926523478999,1.0,-0.008009495558765067,0.02936088558832939,0.48479820625763587,0.4952978056426332,outer_02,none,0.05,0,,False,5.0,0.0,0.0,0.0,0.0,0.0,0.0,0.0,0.0
1410,2016-06-24,1411,1412,2016-06-27,2016-06-28,-0.0015621760435955423,0.0,0.04644582117407303,0.08237122775709782,0.6705661102965798,0.4952978056426332,outer_02,none,0.05,1,row1410_entry1411_exit1412,True,5.0,0.000499875041651048,-0.0015621760435955423,-0.0020620510852465902,0.0,-0.0020620510852465902,0.0010623010019444943,-0.0020620510852465902,-0.0020620510852465902
1411,2016-06-27,1412,1413,2016-06-28,2016-06-29,-0.009264559582984333,0.0,0.006975847719907335,0.0928526019189091,0.702994718542387,0.4952978056426332,outer_02,none,0.05,1,row1411_entry1412_exit1413,True,5.0,0.000499875041651048,-0.009264559582984333,-0.00976443462463538,0.0,-0.00976443462463538,0.008764684541333286,-0.00976443462463538,-0.00976443462463538
1412,2016-06-28,1413,1414,2016-06-29,2016-06-30,0.0044039699237945484,1.0,-0.009761576855028764,0.07675039419775498,0.570850351063904,0.4952978056426332,outer_02,none,0.05,1,row1412_entry1413_exit1414,True,5.0,0.000499875041651048,0.0044039699237945484,0.0039040948821435005,0.0,0.0039040948821435005,-0.004903844965445596,-0.004903844965445596,0.0039040948821435005
1413,2016-06-29,1414,1415,2016-06-30,2016-07-01,0.00375729553453219,1.0,0.005010255252992479,0.08382849357522293,0.44073323892229466,0.4952978056426332,outer_02,none,0.05,-1,row1413_entry1414_exit1415,True,5.0,0.000499875041651048,-0.00375729553453219,-0.004257170576183238,0.0,0.003257420492881142,-0.004257170576183238,0.003257420492881142,0.003257420492881142
1414,2016-06-30,1415,1416,2016-07-01,2016-07-04,0.012794152410785742,1.0,0.002257422801093867,0.08735675331909754,0.7473060311940374,0.4952978056426332,outer_02,none,0.05,1,row1414_entry1415_exit1416,True,5.0,0.000499875041651048,0.012794152410785742,0.012294277369134694,0.0,0.012294277369134694,-0.01329402745243679,0.012294277369134694,0.012294277369134694
1415,2016-07-01,1416,1417,2016-07-04,2016-07-05,0.007140709152525737,1.0,0.015541670103441874,0.07562778245280732,0.6246002529278468,0.4952978056426332,outer_02,none,0.05,1,row1415_entry1416_exit1417,True,5.0,0.000499875041651048,0.007140709152525737,0.00664083411087469,0.0,0.00664083411087469,-0.007640584194176785,0.00664083411087469,0.00664083411087469
1416,2016-07-04,1417,1418,2016-07-05,2016-07-06,0.005705559167433982,1.0,0.006349557742357348,0.08167204574433118,0.5476567280321005,0.4952978056426332,outer_02,none,0.05,0,,False,5.0,0.0,0.0,0.0,0.0,0.0,0.0,0.0,0.0
1417,2016-07-05,1418,1419,2016-07-06,2016-07-07,0.004155166282989953,1.0,0.0038420948233239827,0.08599622704723586,0.5945413533574313,0.4952978056426332,outer_02,none,0.05,1,row1417_entry1418_exit1419,True,5.0,0.000499875041651048,0.004155166282989953,0.0036552912413389048,0.0,0.0036552912413389048,-0.004655041324641,0.0036552912413389048,0.0036552912413389048
1418,2016-07-06,1419,1420,2016-07-07,2016-07-08,-0.0024763128103968413,0.0,0.005625614624571007,0.07761595459476833,0.5729221410882461,0.4952978056426332,outer_02,none,0.05,1,row1418_entry1419_exit1420,True,5.0,0.000499875041651048,-0.0024763128103968413,-0.002976187852047889,0.0,-0.002976187852047889,0.0019764377687457933,-0.002976187852047889,-0.002976187852047889
1419,2016-07-07,1420,1421,2016-07-08,2016-07-11,0.00676044867770198,1.0,-0.002496366881810985,0.06920923690588054,0.6687455151647372,0.4952978056426332,outer_02,none,0.05,1,row1419_entry1420_exit1421,True,5.0,0.000499875041651048,0.00676044867770198,0.006260573636050933,0.0,0.006260573636050933,-0.007260323719353028,-0.007260323719353028,0.006260573636050933
1420,2016-07-08,1421,1422,2016-07-11,2016-07-12,-0.009722431391428366,0.0,0.003412584360632742,0.0688866445751799,0.5688753785546735,0.4952978056426332,outer_02,none,0.05,1,row1420_entry1421_exit1422,True,5.0,0.000499875041651048,-0.009722431391428366,-0.010222306433079413,0.0,-0.010222306433079413,0.009222556349777318,-0.010222306433079413,-0.010222306433079413
1421,2016-07-11,1422,1423,2016-07-12,2016-07-13,-0.015849677479028657,0.0,-0.00761908447643922,0.05360510675811536,0.513381067768491,0.4952978056426332,outer_02,none,0.05,0,,False,5.0,0.0,-0.0,-0.0,0.0,-0.0,-0.0,-0.0,-0.0
1422,2016-07-12,1423,1424,2016-07-13,2016-07-14,0.006761805643279217,1.0,-0.016292108431682273,0.03575642030389137,0.5485764855749747,0.4952978056426332,outer_02,none,0.05,0,,False,5.0,0.0,0.0,0.0,0.0,0.0,0.0,0.0,0.0
1423,2016-07-13,1424,1425,2016-07-14,2016-07-15,-0.005637898524530449,0.0,0.007326697348219113,0.038706573252415666,0.49190735478880143,0.4952978056426332,outer_02,none,0.05,0,,False,5.0,0.0,-0.0,-0.0,0.0,-0.0,-0.0,-0.0,-0.0
1424,2016-07-14,1425,1426,2016-07-15,2016-07-18,-0.000951492678987087,0.0,-0.005939479771295275,0.04269613165577457,0.5391478137866309,0.4952978056426332,outer_02,none,0.05,0,,False,5.0,0.0,-0.0,-0.0,0.0,-0.0,-0.0,-0.0,-0.0
1425,2016-07-15,1426,1427,2016-07-18,2016-07-19,-0.004477406381613314,0.0,0.002813509686619753,0.030144422278338467,0.3987505700582821,0.4952978056426332,outer_02,none,0.05,-1,row1425_entry1426_exit1427,True,5.0,0.000499875041651048,0.004477406381613314,0.003977531339962266,0.0,-0.004977281423264361,0.003977531339962266,-0.004977281423264361,-0.004977281423264361
1426,2016-07-18,1427,1428,2016-07-19,2016-07-20,0.00302219511921642,1.0,-0.007440052919821305,0.02950422556365062,0.36712894048800215,0.4952978056426332,outer_02,none,0.05,-1,row1426_entry1427_exit1428,True,5.0,0.000499875041651048,-0.00302219511921642,-0.0035220701608674678,0.0,0.002522320077565372,-0.0035220701608674678,-0.0035220701608674678,0.002522320077565372
1427,2016-07-19,1428,1429,2016-07-20,2016-07-21,-0.013832210985028404,0.0,0.0026763914784382337,0.04983505905951979,0.4007129471487419,0.4952978056426332,outer_02,none,0.05,-1,row1427_entry1428_exit1429,True,5.0,0.000499875041651048,0.013832210985028404,0.013332335943377356,0.0,-0.014332086026679451,0.013332335943377356,-0.014332086026679451,-0.014332086026679451
1428,2016-07-20,1429,1430,2016-07-21,2016-07-22,0.01283334120190105,1.0,-0.012533830841521265,0.03818547137930661,0.4401353294847731,0.4952978056426332,outer_02,none,0.05,-1,row1428_entry1429_exit1430,True,5.0,0.000499875041651048,-0.01283334120190105,-0.013333216243552097,0.0,0.012333466160250002,-0.013333216243552097,-0.013333216243552097,0.012333466160250002
1429,2016-07-21,1430,1431,2016-07-22,2016-07-25,-0.006838574345531256,0.0,0.011925505781925416,0.058120472719997096,0.46799538340763785,0.4952978056426332,outer_02,none,0.05,0,,False,5.0,0.0,-0.0,-0.0,0.0,-0.0,-0.0,-0.0,-0.0
1430,2016-07-22,1431,1432,2016-07-25,2016-07-26,-0.004967795456646051,0.0,-0.0065799876374992294,0.005094663908424835,0.4897855379591247,0.4952978056426332,outer_02,none,0.05,0,,False,5.0,0.0,-0.0,-0.0,0.0,-0.0,-0.0,-0.0,-0.0
1431,2016-07-25,1432,1433,2016-07-26,2016-07-27,0.0030746013007796336,1.0,-0.0050262600367396715,-0.006907443848222172,0.4462165110668488,0.4952978056426332,outer_02,none,0.05,-1,row1431_entry1432_exit1433,True,5.0,0.000499875041651048,-0.0030746013007796336,-0.0035744763424306815,0.0,0.0025747262591285856,-0.0035744763424306815,-0.0035744763424306815,-0.0035744763424306815
1432,2016-07-26,1433,1434,2016-07-27,2016-07-28,0.014403788952867203,1.0,0.003368794821657417,0.006222927828464009,0.3789337284318187,0.4952978056426332,outer_02,none,0.05,-1,row1432_entry1433_exit1434,True,5.0,0.000499875041651048,-0.014403788952867203,-0.01490366399451825,0.0,0.013903913911216155,-0.01490366399451825,0.013903913911216155,0.013903913911216155
1433,2016-07-27,1434,1435,2016-07-28,2016-07-29,-0.0022739352601419682,0.0,0.014483307395352973,0.015695979970824503,0.3706506321790829,0.4952978056426332,outer_02,none,0.05,-1,row1433_entry1434_exit1435,True,5.0,0.000499875041651048,0.0022739352601419682,0.0017740602184909203,0.0,-0.002773810301793016,0.0017740602184909203,-0.002773810301793016,-0.002773810301793016
1434,2016-07-28,1435,1436,2016-07-29,2016-08-01,0.011347935237570717,1.0,-0.0030955841646864712,0.010342973005044165,0.5892011724608944,0.4952978056426332,outer_02,none,0.05,1,row1434_entry1435_exit1436,True,5.0,0.000499875041651048,0.011347935237570717,0.010848060195919669,0.0,0.010848060195919669,-0.011847810279221764,-0.011847810279221764,0.010848060195919669
1435,2016-07-29,1436,1437,2016-08-01,2016-08-02,0.001790179643953671,1.0,0.011755513329842593,0.006556816231444884,0.41932901773878956,0.4952978056426332,outer_02,none,0.05,-1,row1435_entry1436_exit1437,True,5.0,0.000499875041651048,-0.001790179643953671,-0.002290054685604719,0.0,0.001290304602302623,-0.002290054685604719,0.001290304602302623,0.001290304602302623
1436,2016-08-01,1437,1438,2016-08-02,2016-08-03,0.007466347916665228,1.0,0.0011982959005321092,0.0014055543896196454,0.4076106258275312,0.4952978056426332,outer_02,none,0.05,-1,row1436_entry1437_exit1438,True,5.0,0.000499875041651048,-0.007466347916665228,-0.007966222958316276,0.0,0.0069664728750141805,-0.007966222958316276,0.0069664728750141805,0.0069664728750141805
1437,2016-08-02,1438,1439,2016-08-03,2016-08-04,-0.004057605849349777,0.0,0.00805482193271434,0.005618281499010003,0.37847094829538946,0.4952978056426332,outer_02,none,0.05,-1,row1437_entry1438_exit1439,True,5.0,0.000499875041651048,0.004057605849349777,0.003557730807698729,0.0,-0.004557480891000824,0.003557730807698729,-0.004557480891000824,-0.004557480891000824
1438,2016-08-03,1439,1440,2016-08-04,2016-08-05,0.00244241685151092,1.0,-0.004056115075904643,-0.004063448201465647,0.45268232173417505,0.4952978056426332,outer_02,none,0.05,0,,False,5.0,0.0,0.0,0.0,0.0,0.0,0.0,0.0,0.0
1439,2016-08-04,1440,1441,2016-08-05,2016-08-08,-0.020848163649263896,0.0,0.002066853492746823,0.0004997721730921612,0.4033749453259767,0.4952978056426332,outer_02,none,0.05,-1,row1439_entry1440_exit1441,True,5.0,0.000499875041651048,0.020848163649263896,0.020348288607612848,0.0,-0.021348038690914943,0.020348288607612848,-0.021348038690914943,-0.021348038690914943
1440,2016-08-05,1441,1442,2016-08-08,2016-08-09,0.0015368298605844544,1.0,-0.01785927230104356,-0.02077208448858414,0.38595660179233565,0.4952978056426332,outer_02,none,0.05,-1,row1440_entry1441_exit1442,True,5.0,0.000499875041651048,-0.0015368298605844544,-0.0020367049022355023,0.0,0.0010369548189334064,-0.0020367049022355023,-0.0020367049022355023,-0.0020367049022355023
1441,2016-08-08,1442,1443,2016-08-09,2016-08-10,0.003753415749025102,1.0,-0.0014222410924844553,-0.014575241104629377,0.29620336004147946,0.4952978056426332,outer_02,none,0.05,-1,row1441_entry1442_exit1443,True,5.0,0.000499875041651048,-0.003753415749025102,-0.004253290790676149,0.0,0.003253540707374054,-0.004253290790676149,-0.004253290790676149,-0.004253290790676149
1442,2016-08-09,1443,1444,2016-08-10,2016-08-11,0.0052178626942778195,1.0,0.0040965587935231085,0.005813426120576004,0.3637660233416117,0.4952978056426332,outer_02,none,0.05,-1,row1442_entry1443_exit1444,True,5.0,0.000499875041651048,-0.0052178626942778195,-0.005717737735928867,0.0,0.004717987652626772,-0.005717737735928867,0.004717987652626772,0.004717987652626772
1443,2016-08-10,1444,1445,2016-08-11,2016-08-12,-0.006666716187856636,0.0,0.004131852739409858,0.002618581511766749,0.3482790224016309,0.4952978056426332,outer_02,none,0.05,-1,row1443_entry1444_exit1445,True,5.0,0.000499875041651048,0.006666716187856636,0.006166841146205589,0.0,-0.007166591229507684,0.006166841146205589,-0.007166591229507684,-0.007166591229507684
1444,2016-08-11,1445,1446,2016-08-12,2016-08-15,-0.00066538327408594,0.0,-0.00561753188953773,0.0029405293935242938,0.3157299051391001,0.4952978056426332,outer_02,none,0.05,-1,row1444_entry1445_exit1446,True,5.0,0.000499875041651048,0.00066538327408594,0.00016550823243489205,0.0,-0.001165258315736988,0.00016550823243489205,0.00016550823243489205,-0.001165258315736988
1445,2016-08-12,1446,1447,2016-08-15,2016-08-16,0.0018455359345681543,1.0,-0.0014055866899349567,-0.0012785669830304158,0.18150381058620987,0.4952978056426332,outer_02,none,0.05,-1,row1445_entry1446_exit1447,True,5.0,0.000499875041651048,-0.0018455359345681543,-0.0023454109762192023,0.0,0.0013456608929171064,-0.0023454109762192023,-0.0023454109762192023,-0.0023454109762192023
1446,2016-08-15,1447,1448,2016-08-16,2016-08-17,0.00440949349912767,1.0,0.0019583081100105204,0.00811979404680141,0.2648440022011944,0.4952978056426332,outer_02,none,0.05,-1,row1446_entry1447_exit1448,True,5.0,0.000499875041651048,-0.00440949349912767,-0.004909368540778718,0.0,0.003909618457476623,-0.004909368540778718,0.003909618457476623,0.003909618457476623
1447,2016-08-16,1448,1449,2016-08-17,2016-08-18,0.00302028718228442,1.0,0.005339661253216832,0.010783063821580008,0.2801286896676632,0.4952978056426332,outer_02,none,0.05,-1,row1447_entry1448_exit1449,True,5.0,0.000499875041651048,-0.00302028718228442,-0.003520162223935468,0.0,0.0025204121406333722,-0.003520162223935468,0.0025204121406333722,0.0025204121406333722
1448,2016-08-17,1449,1450,2016-08-18,2016-08-19,0.0018654926385712756,1.0,0.0015362867193831065,0.02485318138248438,0.3857021604817978,0.4952978056426332,outer_02,none,0.05,-1,row1448_entry1449_exit1450,True,5.0,0.000499875041651048,-0.0018654926385712756,-0.0023653676802223235,0.0,0.0013656175969202276,-0.0023653676802223235,0.0013656175969202276,0.0013656175969202276
1449,2016-08-18,1450,1451,2016-08-19,2016-08-22,-0.01023629521963798,0.0,0.0027623406355026248,0.015690016236061588,0.3006924555471676,0.4952978056426332,outer_02,none,0.05,-1,row1449_entry1450_exit1451,True,5.0,0.000499875041651048,0.01023629521963798,0.009736420177986933,0.0,-0.010736170261289028,0.009736420177986933,-0.010736170261289028,-0.010736170261289028
1450,2016-08-19,1451,1452,2016-08-22,2016-08-23,0.00037352737269369385,1.0,-0.008354763813591681,0.013915240059969136,0.4125528160414175,0.4952978056426332,outer_02,none,0.05,-1,row1450_entry1451_exit1452,True,5.0,0.000499875041651048,-0.00037352737269369385,-0.0008734024143447418,0.0,-0.0001263476689573541,-0.0008734024143447418,-0.0008734024143447418,-0.0001263476689573541
1451,2016-08-22,1452,1453,2016-08-23,2016-08-24,-0.0008144692016749389,0.0,-0.00170924263963812,0.017232257457070688,0.3748623452539273,0.4952978056426332,outer_02,none,0.05,-1,row1451_entry1452_exit1453,True,5.0,0.000499875041651048,0.0008144692016749389,0.0003145941600238909,0.0,-0.0013143442433259868,0.0003145941600238909,0.0003145941600238909,-0.0013143442433259868
1452,2016-08-23,1453,1454,2016-08-24,2016-08-25,-0.00933515849583788,0.0,-0.00042589915800217426,0.013437563477411096,0.4063631090425287,0.4952978056426332,outer_02,none,0.05,-1,row1452_entry1453_exit1454,True,5.0,0.000499875041651048,0.00933515849583788,0.008835283454186833,0.0,-0.009835033537488928,0.008835283454186833,0.008835283454186833,-0.009835033537488928
1453,2016-08-24,1454,1455,2016-08-25,2016-08-26,-0.002614104043047405,0.0,-0.010638877788470502,-0.01168462170641238,0.4832370525554609,0.4952978056426332,outer_02,none,0.05,0,,False,5.0,0.0,-0.0,-0.0,0.0,-0.0,-0.0,-0.0,-0.0
1454,2016-08-25,1455,1456,2016-08-26,2016-08-29,-0.0017642230828007754,0.0,-0.0018447399914993667,-0.010433777533225275,0.5114122777560989,0.4952978056426332,outer_02,none,0.05,0,,False,5.0,0.0,-0.0,-0.0,0.0,-0.0,-0.0,-0.0,-0.0
1455,2016-08-26,1456,1457,2016-08-29,2016-08-30,0.0028605610461349684,1.0,0.00029508457413562894,-0.02189420628893224,0.3536686643974833,0.4952978056426332,outer_02,none,0.05,-1,row1455_entry1456_exit1457,True,5.0,0.000499875041651048,-0.0028605610461349684,-0.0033604360877860164,0.0,0.0023606860044839205,-0.0033604360877860164,0.0023606860044839205,-0.0033604360877860164
1456,2016-08-29,1457,1458,2016-08-30,2016-08-31,-0.009079032705517243,0.0,0.0010585612118498844,-0.022033940977614463,0.3492511817059423,0.4952978056426332,outer_02,none,0.05,-1,row1456_entry1457_exit1458,True,5.0,0.000499875041651048,0.009079032705517243,0.008579157663866195,0.0,-0.00957890774716829,0.008579157663866195,-0.00957890774716829,0.008579157663866195
1457,2016-08-30,1458,1459,2016-08-31,2016-09-01,-0.001190321908934422,0.0,-0.009788923135715777,-0.03987768604604458,0.391892868021676,0.4952978056426332,outer_02,none,0.05,-1,row1457_entry1458_exit1459,True,5.0,0.000499875041651048,0.001190321908934422,0.000690446867283374,0.0,-0.0016901969505854699,0.000690446867283374,0.000690446867283374,0.000690446867283374
1458,2016-08-31,1459,1460,2016-09-01,2016-09-02,0.0030340476704466823,1.0,-0.0011835811962912501,-0.03700515216643119,0.4522942387561257,0.4952978056426332,outer_02,none,0.05,0,,False,5.0,0.0,0.0,0.0,0.0,0.0,0.0,0.0,0.0
1459,2016-09-01,1460,1461,2016-09-02,2016-09-05,0.008307798398901056,1.0,0.003150569975192141,-0.03592143568398587,0.4215241363305281,0.4952978056426332,outer_02,none,0.05,-1,row1459_entry1460_exit1461,True,5.0,0.000499875041651048,-0.008307798398901056,-0.008807673440552104,0.0,0.007807923357250009,-0.008807673440552104,0.007807923357250009,-0.008807673440552104
1460,2016-09-02,1461,1462,2016-09-05,2016-09-06,0.001109044864008979,1.0,0.008992607249712847,-0.009069556133229462,0.3287619837795219,0.4952978056426332,outer_02,none,0.05,-1,row1460_entry1461_exit1462,True,5.0,0.000499875041651048,-0.001109044864008979,-0.001608919905660027,0.0,0.000609169822357931,-0.001608919905660027,0.000609169822357931,-0.001608919905660027
1461,2016-09-05,1462,1463,2016-09-06,2016-09-07,0.016437824780263455,1.0,0.0015160603444615006,-0.006131254696283506,0.3783897016399381,0.4952978056426332,outer_02,none,0.05,-1,row1461_entry1462_exit1463,True,5.0,0.000499875041651048,-0.016437824780263455,-0.016937699821914502,0.0,0.015937949738612407,-0.016937699821914502,0.015937949738612407,-0.016937699821914502
1462,2016-09-06,1463,1464,2016-09-07,2016-09-08,-0.0023317823443580465,0.0,0.017519601506038818,0.0072917880162322035,0.28022252115598234,0.4952978056426332,outer_02,none,0.05,-1,row1462_entry1463_exit1464,True,5.0,0.000499875041651048,0.0023317823443580465,0.0018319073027069986,0.0,-0.0028316573860090945,0.0018319073027069986,-0.0028316573860090945,-0.0028316573860090945
1463,2016-09-07,1464,1465,2016-09-08,2016-09-09,-0.005068434570459246,0.0,-0.004096480682248327,-0.0009365454054259814,0.4114661768593259,0.4952978056426332,outer_02,none,0.05,-1,row1463_entry1464_exit1465,True,5.0,0.000499875041651048,0.005068434570459246,0.004568559528808198,0.0,-0.0055683096121102935,0.004568559528808198,0.004568559528808198,0.004568559528808198
1464,2016-09-08,1465,1466,2016-09-09,2016-09-12,-0.007312358915089412,0.0,-0.005286342784663667,-0.000605356300551918,0.41988579084175537,0.4952978056426332,outer_02,none,0.05,-1,row1464_entry1465_exit1466,True,5.0,0.000499875041651048,0.007312358915089412,0.006812483873438364,0.0,-0.0078122339567404595,0.006812483873438364,0.006812483873438364,0.006812483873438364
1465,2016-09-09,1466,1467,2016-09-12,2016-09-13,-0.0008132836774938923,0.0,-0.007368312220639162,-0.006568081831256123,0.336618957130904,0.4952978056426332,outer_02,none,0.05,-1,row1465_entry1466_exit1467,True,5.0,0.000499875041651048,0.0008132836774938923,0.00031340863584284435,0.0,-0.0013131587191449402,0.00031340863584284435,0.00031340863584284435,0.00031340863584284435
1466,2016-09-12,1467,1468,2016-09-13,2016-09-14,-0.00647711286643915,0.0,-0.0003389562439943816,-0.008865346185261025,0.37898278315184536,0.4952978056426332,outer_02,none,0.05,-1,row1466_entry1467_exit1468,True,5.0,0.000499875041651048,0.00647711286643915,0.005977237824788102,0.0,-0.006976987908090197,0.005977237824788102,0.005977237824788102,0.005977237824788102
1467,2016-09-13,1468,1469,2016-09-14,2016-09-15,0.002899858553576884,1.0,-0.007213041911223073,-0.02141804934970093,0.38556852352576326,0.4952978056426332,outer_02,none,0.05,-1,row1467_entry1468_exit1469,True,5.0,0.000499875041651048,-0.002899858553576884,-0.003399733595227932,0.0,0.002399983511925836,-0.003399733595227932,-0.003399733595227932,-0.003399733595227932
1468,2016-09-14,1469,1470,2016-09-15,2016-09-16,-0.005633262430033703,0.0,0.0031365800654254983,-0.019817756003658538,0.3127606786718703,0.4952978056426332,outer_02,none,0.05,-1,row1468_entry1469_exit1470,True,5.0,0.000499875041651048,0.005633262430033703,0.005133387388382656,0.0,-0.006133137471684751,0.005133387388382656,-0.006133137471684751,0.005133387388382656
1469,2016-09-15,1470,1471,2016-09-16,2016-09-19,-0.004121800682887589,0.0,-0.00574271697595119,-0.028322813615112352,0.286089105066337,0.4952978056426332,outer_02,none,0.05,-1,row1469_entry1470_exit1471,True,5.0,0.000499875041651048,0.004121800682887589,0.0036219256412365407,0.0,-0.004621675724538636,0.0036219256412365407,0.0036219256412365407,0.0036219256412365407
1470,2016-09-16,1471,1472,2016-09-19,2016-09-20,0.002554318757027829,1.0,-0.003620334204586406,-0.023588384006107077,0.26456958932550895,0.4952978056426332,outer_02,none,0.05,-1,row1470_entry1471_exit1472,True,5.0,0.000499875041651048,-0.002554318757027829,-0.003054193798678877,0.0,0.0020544437153767812,-0.003054193798678877,-0.003054193798678877,-0.003054193798678877
1471,2016-09-19,1472,1473,2016-09-20,2016-09-21,0.001240491941767452,1.0,0.0027069600611220324,-0.019172181305346925,0.24566205776197036,0.4952978056426332,outer_02,none,0.05,-1,row1471_entry1472_exit1473,True,5.0,0.000499875041651048,-0.001240491941767452,-0.0017403669834185,0.0,0.0007406169001164041,-0.0017403669834185,0.0007406169001164041,-0.0017403669834185
1472,2016-09-20,1473,1474,2016-09-21,2016-09-22,0.014407316824400773,1.0,0.0012556744811202947,-0.017490607666224456,0.23312641092559291,0.4952978056426332,outer_02,none,0.05,-1,row1472_entry1473_exit1474,True,5.0,0.000499875041651048,-0.014407316824400773,-0.01490719186605182,0.0,0.013907441782749726,-0.01490719186605182,0.013907441782749726,-0.01490719186605182
1473,2016-09-21,1474,1475,2016-09-22,2016-09-23,0.0026503766469208045,1.0,0.015889996998319944,0.00903826712056599,0.2928811280199021,0.4952978056426332,outer_02,none,0.05,-1,row1473_entry1474_exit1475,True,5.0,0.000499875041651048,-0.0026503766469208045,-0.0031502516885718525,0.0,0.0021505016052697566,-0.0031502516885718525,0.0021505016052697566,0.0021505016052697566
1474,2016-09-22,1475,1476,2016-09-23,2016-09-26,-0.000628267572890806,0.0,0.0013464791609569815,0.012229486273022339,0.3576589566936014,0.4952978056426332,outer_02,none,0.05,-1,row1474_entry1475_exit1476,True,5.0,0.000499875041651048,0.000628267572890806,0.0001283925312397581,0.0,-0.001128142614541854,0.0001283925312397581,-0.001128142614541854,-0.001128142614541854
1475,2016-09-23,1476,1477,2016-09-26,2016-09-27,0.0012113056662785837,1.0,0.0007472613221546354,0.012681663021041345,0.37268876772653575,0.4952978056426332,outer_02,none,0.05,-1,row1475_entry1476_exit1477,True,5.0,0.000499875041651048,-0.0012113056662785837,-0.0017111807079296317,0.0,0.0007114306246275358,-0.0017111807079296317,0.0007114306246275358,0.0007114306246275358
1476,2016-09-26,1477,1478,2016-09-27,2016-09-28,-0.008577945947989107,0.0,-0.0006426111153752245,0.010980490693816236,0.32648517079233813,0.4952978056426332,outer_02,none,0.05,-1,row1476_entry1477_exit1478,True,5.0,0.000499875041651048,0.008577945947989107,0.00807807090633806,0.0,-0.009077820989640155,0.00807807090633806,0.00807807090633806,-0.009077820989640155
1477,2016-09-27,1478,1479,2016-09-28,2016-09-29,-0.0038437333756915493,0.0,-0.008248537233965791,0.012520876595566222,0.334566552052956,0.4952978056426332,outer_02,none,0.05,-1,row1477_entry1478_exit1479,True,5.0,0.000499875041651048,0.0038437333756915493,0.0033438583340405013,0.0,-0.004343608417342597,0.0033438583340405013,0.0033438583340405013,-0.004343608417342597
1478,2016-09-28,1479,1480,2016-09-29,2016-09-30,-0.00031782547108960557,0.0,-0.004078031886882272,0.0096264259049752,0.3471202233529609,0.4952978056426332,outer_02,none,0.05,-1,row1478_entry1479_exit1480,True,5.0,0.000499875041651048,0.00031782547108960557,-0.00018204957056144238,0.0,-0.0008177005127406535,-0.00018204957056144238,-0.00018204957056144238,-0.0008177005127406535
1479,2016-09-29,1480,1481,2016-09-30,2016-10-03,-0.003092715638715049,0.0,-0.0008100323320272551,0.005665823597755804,0.3714221685851919,0.4952978056426332,outer_02,none,0.05,-1,row1479_entry1480_exit1481,True,5.0,0.000499875041651048,0.003092715638715049,0.002592840597064001,0.0,-0.003592590680366097,0.002592840597064001,0.002592840597064001,-0.003592590680366097
1480,2016-09-30,1481,1482,2016-10-03,2016-10-04,-0.004130932670252996,0.0,-0.003421478213471829,-0.006748261865428873,0.32004371050210334,0.4952978056426332,outer_02,none,0.05,-1,row1480_entry1481_exit1482,True,5.0,0.000499875041651048,0.004130932670252996,0.003631057628601948,0.0,-0.004630807711904043,0.003631057628601948,0.003631057628601948,0.003631057628601948
1481,2016-10-03,1482,1483,2016-10-04,2016-10-05,-0.03365290379580621,0.0,-0.003166366122679065,-0.011430688332569439,0.27298589847908367,0.4952978056426332,outer_02,none,0.05,-1,row1481_entry1482_exit1483,True,5.0,0.000499875041651048,0.03365290379580621,0.03315302875415516,0.0,-0.03415277883745726,0.03315302875415516,0.03315302875415516,0.03315302875415516
1482,2016-10-04,1483,1484,2016-10-05,2016-10-06,-0.0005126082011264188,0.0,-0.03355119401422613,-0.06250148385283438,0.21233281052774408,0.4952978056426332,outer_02,none,0.05,-1,row1482_entry1483_exit1484,True,5.0,0.000499875041651048,0.0005126082011264188,1.2733159475370858e-05,0.0,-0.0010124832427774668,1.2733159475370858e-05,1.2733159475370858e-05,1.2733159475370858e-05
1483,2016-10-05,1484,1485,2016-10-06,2016-10-07,-0.009909312525858027,0.0,-0.0013884836993280913,-0.05979348686991415,0.23699964485998748,0.4952978056426332,outer_02,none,0.05,-1,row1483_entry1484_exit1485,True,5.0,0.000499875041651048,0.009909312525858027,0.00940943748420698,0.0,-0.010409187567509075,0.00940943748420698,0.00940943748420698,0.00940943748420698
1484,2016-10-06,1485,1486,2016-10-07,2016-10-10,0.0017511745301383996,1.0,-0.009757800303741071,-0.06426494438899155,0.359234373591462,0.4952978056426332,outer_02,none,0.05,-1,row1484_entry1485_exit1486,True,5.0,0.000499875041651048,-0.0017511745301383996,-0.0022510495717894476,0.0,0.0012512994884873517,-0.0022510495717894476,-0.0022510495717894476,-0.0022510495717894476
1485,2016-10-07,1486,1487,2016-10-10,2016-10-11,0.0015019731117522639,1.0,0.0017125133121531633,-0.05518411885619923,0.38295397616887,0.4952978056426332,outer_02,none,0.05,-1,row1485_entry1486_exit1487,True,5.0,0.000499875041651048,-0.0015019731117522639,-0.002001848153403312,0.0,0.001002098070101216,-0.002001848153403312,0.001002098070101216,-0.002001848153403312
1486,2016-10-10,1487,1488,2016-10-11,2016-10-12,-0.004887688640091703,0.0,0.0023290855954591905,-0.052516077016745655,0.3290376581988478,0.4952978056426332,outer_02,none,0.05,-1,row1486_entry1487_exit1488,True,5.0,0.000499875041651048,0.004887688640091703,0.0043878135984406555,0.0,-0.0053875636817427505,0.0043878135984406555,-0.0053875636817427505,0.0043878135984406555
1487,2016-10-11,1488,1489,2016-10-12,2016-10-13,0.0019452001956139497,1.0,-0.005477589868299049,-0.05078062497382163,0.3495605656796459,0.4952978056426332,outer_02,none,0.05,-1,row1487_entry1488_exit1489,True,5.0,0.000499875041651048,-0.0019452001956139497,-0.0024450752372649977,0.0,0.0014453251539629018,-0.0024450752372649977,-0.0024450752372649977,-0.0024450752372649977
1488,2016-10-12,1489,1490,2016-10-13,2016-10-14,0.0019414237365946718,1.0,0.0021133816776464087,-0.05180382336160072,0.3656681532767003,0.4952978056426332,outer_02,none,0.05,-1,row1488_entry1489_exit1490,True,5.0,0.000499875041651048,-0.0019414237365946718,-0.0024412987782457198,0.0,0.0014415486949436239,-0.0024412987782457198,0.0014415486949436239,-0.0024412987782457198
1489,2016-10-13,1490,1491,2016-10-14,2016-10-17,-0.00546789183133356,0.0,0.0019419645407063868,-0.044119141844943144,0.4696419357724294,0.4952978056426332,outer_02,none,0.05,0,,False,5.0,0.0,-0.0,-0.0,0.0,-0.0,-0.0,-0.0,-0.0
1490,2016-10-14,1491,1492,2016-10-17,2016-10-18,0.003239709185326234,1.0,-0.0057812617413457446,-0.04628006938170248,0.524682684780548,0.4952978056426332,outer_02,none,0.05,0,,False,5.0,0.0,0.0,0.0,0.0,0.0,0.0,0.0,0.0
1491,2016-10-17,1492,1493,2016-10-18,2016-10-19,0.005933462737811368,1.0,0.0035843333722516135,-0.0454026960705729,0.4275112211879961,0.4952978056426332,outer_02,none,0.05,-1,row1491_entry1492_exit1493,True,5.0,0.000499875041651048,-0.005933462737811368,-0.0064333377794624155,0.0,0.0054335876961603205,-0.0064333377794624155,0.0054335876961603205,-0.0064333377794624155
1492,2016-10-18,1493,1494,2016-10-19,2016-10-20,0.005189646595733954,1.0,0.00603789809403299,-0.040620472457660206,0.5397137572686627,0.4952978056426332,outer_02,none,0.05,0,,False,5.0,0.0,0.0,0.0,0.0,0.0,0.0,0.0,0.0
1493,2016-10-19,1494,1495,2016-10-20,2016-10-21,-0.002816603241965865,0.0,0.005576413486854115,-0.050934055969126035,0.5516007936307772,0.4952978056426332,outer_02,none,0.05,1,row1493_entry1494_exit1495,True,5.0,0.000499875041651048,-0.002816603241965865,-0.003316478283616913,0.0,-0.003316478283616913,0.002316728200314817,-0.003316478283616913,0.002316728200314817
1494,2016-10-20,1495,1496,2016-10-21,2016-10-24,0.00015010329504949738,1.0,-0.003092411861532973,-0.05537294699161599,0.5838925909720656,0.4952978056426332,outer_02,none,0.05,1,row1494_entry1495_exit1496,True,5.0,0.000499875041651048,0.00015010329504949738,-0.00034977174660155057,0.0,-0.00034977174660155057,-0.0006499783367005453,-0.0006499783367005453,-0.0006499783367005453
1495,2016-10-21,1496,1497,2016-10-24,2016-10-25,-0.0011065532788387955,0.0,0.0008924164939045909,-0.055227791819866034,0.5065197850658514,0.4952978056426332,outer_02,none,0.05,0,,False,5.0,0.0,-0.0,-0.0,0.0,-0.0,-0.0,-0.0,-0.0
1496,2016-10-24,1497,1498,2016-10-25,2016-10-26,0.007280724930747162,1.0,-0.002078271752999683,-0.05666345245749049,0.4692628660286774,0.4952978056426332,outer_02,none,0.05,0,,False,5.0,0.0,0.0,0.0,0.0,0.0,0.0,0.0,0.0
1497,2016-10-25,1498,1499,2016-10-26,2016-10-27,-0.005684517559041424,0.0,0.007651641134840403,-0.0407632740886843,0.5057366934465066,0.4952978056426332,outer_02,none,0.05,0,,False,5.0,0.0,-0.0,-0.0,0.0,-0.0,-0.0,-0.0,-0.0
1498,2016-10-26,1499,1500,2016-10-27,2016-10-28,0.0011599968157973706,1.0,-0.0058181123437410776,-0.042503354545543104,0.5400942753222587,0.4952978056426332,outer_02,none,0.05,0,,False,5.0,0.0,0.0,0.0,0.0,0.0,0.0,0.0,0.0
1499,2016-10-27,1500,1501,2016-10-28,2016-10-31,0.007252928435169004,1.0,0.0016094678030498244,-0.040083854410466024,0.4821925528695464,0.4952978056426332,outer_02,none,0.05,0,,False,5.0,0.0,0.0,0.0,0.0,0.0,0.0,0.0,0.0
1500,2016-10-28,1501,1502,2016-10-31,2016-11-01,-0.00045421796978040163,0.0,0.005652019778530359,-0.031010356418463836,0.3910152334546375,0.4952978056426332,outer_02,none,0.05,-1,row1500_entry1501_exit1502,True,5.0,0.000499875041651048,0.00045421796978040163,-4.5657071870646316e-05,0.0,-0.0009540930114314496,-4.5657071870646316e-05,-0.0009540930114314496,-4.5657071870646316e-05
1501,2016-10-31,1502,1503,2016-11-01,2016-11-02,0.009107488467045677,1.0,0.0009088844070337387,-0.026935105888751032,0.35558289347918876,0.4952978056426332,outer_02,none,0.05,-1,row1501_entry1502_exit1503,True,5.0,0.000499875041651048,-0.009107488467045677,-0.009607363508696724,0.0,0.00860761342539463,-0.009607363508696724,0.00860761342539463,-0.009607363508696724
1502,2016-11-01,1503,1504,2016-11-02,2016-11-03,0.007701327024577154,1.0,0.008709912328559,0.015326000454034094,0.3301192120952966,0.4952978056426332,outer_02,none,0.05,-1,row1502_entry1503_exit1504,True,5.0,0.000499875041651048,-0.007701327024577154,-0.008201202066228201,0.0,0.007201451982926106,-0.008201202066228201,0.007201451982926106,0.007201451982926106
1503,2016-11-02,1504,1505,2016-11-03,2016-11-04,0.0043885169865385265,1.0,0.006693180558393408,0.023407664711755594,0.36507140135266763,0.4952978056426332,outer_02,none,0.05,-1,row1503_entry1504_exit1505,True,5.0,0.000499875041651048,-0.0043885169865385265,-0.004888392028189574,0.0,0.0038886419448874786,-0.004888392028189574,0.0038886419448874786,0.0038886419448874786
1504,2016-11-03,1505,1506,2016-11-04,2016-11-07,-0.009020764107874335,0.0,0.003963784711269902,0.03712924972676657,0.40773848719070993,0.4952978056426332,outer_02,none,0.05,-1,row1504_entry1505_exit1506,True,5.0,0.000499875041651048,0.009020764107874335,0.008520889066223288,0.0,-0.009520639149525383,0.008520889066223288,-0.009520639149525383,-0.009520639149525383
1505,2016-11-04,1506,1507,2016-11-07,2016-11-08,-0.007612455879325353,0.0,0.0018648489159911463,0.03728158533060455,0.38663987933959104,0.4952978056426332,outer_02,none,0.05,-1,row1505_entry1506_exit1507,True,5.0,0.000499875041651048,0.007612455879325353,0.007112580837674305,0.0,-0.0081123309209764,0.007112580837674305,-0.0081123309209764,-0.0081123309209764
1506,2016-11-07,1507,1508,2016-11-08,2016-11-09,-0.007333034890867118,0.0,-0.01770587511406152,0.01724662462108384,0.346313134152559,0.4952978056426332,outer_02,none,0.05,-1,row1506_entry1507_exit1508,True,5.0,0.000499875041651048,0.007333034890867118,0.006833159849216071,0.0,-0.007832909932518166,0.006833159849216071,0.006833159849216071,-0.007832909932518166
1507,2016-11-08,1508,1509,2016-11-09,2016-11-10,0.0041857135663061484,1.0,-0.0045680038132625,0.018156210676120388,0.35966452349443717,0.4952978056426332,outer_02,none,0.05,-1,row1507_entry1508_exit1509,True,5.0,0.000499875041651048,-0.0041857135663061484,-0.004685588607957196,0.0,0.0036858385246551005,-0.004685588607957196,-0.004685588607957196,0.0036858385246551005
1508,2016-11-09,1509,1510,2016-11-10,2016-11-11,-0.015211636407173934,0.0,0.0012300943709231404,0.01727292336939712,0.4495792626810185,0.4952978056426332,outer_02,none,0.05,-1,row1508_entry1509_exit1510,True,5.0,0.000499875041651048,0.015211636407173934,0.014711761365522887,0.0,-0.01571151144882498,0.014711761365522887,-0.01571151144882498,-0.01571151144882498
1509,2016-11-10,1510,1511,2016-11-11,2016-11-14,-0.02425252804813116,0.0,-0.014051642651235596,0.0012793161774551365,0.400482988323384,0.4952978056426332,outer_02,none,0.05,-1,row1509_entry1510_exit1511,True,5.0,0.000499875041651048,0.02425252804813116,0.023752653006480114,0.0,-0.02475240308978221,0.023752653006480114,0.023752653006480114,-0.02475240308978221
1510,2016-11-11,1511,1512,2016-11-14,2016-11-15,-0.006203240669274024,0.0,-0.02578032445479117,-0.01871974653599029,0.4203482851140689,0.4952978056426332,outer_02,none,0.05,-1,row1510_entry1511_exit1512,True,5.0,0.000499875041651048,0.006203240669274024,0.005703365627622976,0.0,-0.006703115710925071,0.005703365627622976,0.005703365627622976,0.005703365627622976
1511,2016-11-14,1512,1513,2016-11-15,2016-11-16,0.005454365981240272,1.0,-0.005843119107725947,-0.02814719901596785,0.43753674090882444,0.4952978056426332,outer_02,none,0.05,-1,row1511_entry1512_exit1513,True,5.0,0.000499875041651048,-0.005454365981240272,-0.00595424102289132,0.0,0.004954490939589225,-0.00595424102289132,-0.00595424102289132,-0.00595424102289132
1512,2016-11-15,1513,1514,2016-11-16,2016-11-17,-0.0022173500350035624,0.0,0.006747178886111094,-0.027437918223889746,0.4399762838642333,0.4952978056426332,outer_02,none,0.05,-1,row1512_entry1513_exit1514,True,5.0,0.000499875041651048,0.0022173500350035624,0.0017174749933525145,0.0,-0.0027172250766546104,0.0017174749933525145,-0.0027172250766546104,0.0017174749933525145
1513,2016-11-16,1514,1515,2016-11-17,2016-11-18,-0.007199431555956259,0.0,-0.0028860754758612828,-0.03590040718660514,0.5658158379780308,0.4952978056426332,outer_02,none,0.05,1,row1513_entry1514_exit1515,True,5.0,0.000499875041651048,-0.007199431555956259,-0.007699306597607307,0.0,-0.007699306597607307,0.006699556514305212,0.006699556514305212,0.006699556514305212
1514,2016-11-17,1515,1516,2016-11-18,2016-11-21,-0.007508348048434144,0.0,-0.0066187975603018145,-0.039426792885373985,0.5488297391657033,0.4952978056426332,outer_02,none,0.05,0,,False,5.0,0.0,-0.0,-0.0,0.0,-0.0,-0.0,-0.0,-0.0
1515,2016-11-18,1516,1517,2016-11-21,2016-11-22,0.004866229854982862,1.0,-0.0067787365181137815,-0.04709794589739236,0.4367532121636885,0.4952978056426332,outer_02,none,0.05,-1,row1515_entry1516_exit1517,True,5.0,0.000499875041651048,-0.004866229854982862,-0.0053661048966339095,0.0,0.0043663548133318145,-0.0053661048966339095,-0.0053661048966339095,-0.0053661048966339095
1516,2016-11-21,1517,1518,2016-11-22,2016-11-23,-0.0001813356197581939,0.0,0.00448307217429722,-0.040536601970095454,0.4437520758205378,0.4952978056426332,outer_02,none,0.05,-1,row1516_entry1517_exit1518,True,5.0,0.000499875041651048,0.0001813356197581939,-0.00031853942189285405,0.0,-0.0006812106614092418,-0.00031853942189285405,-0.0006812106614092418,-0.00031853942189285405
1517,2016-11-22,1518,1519,2016-11-23,2016-11-24,-0.020613104765185852,0.0,-0.001723150410500196,-0.04991139351543605,0.598828206415926,0.4952978056426332,outer_02,none,0.05,1,row1517_entry1518_exit1519,True,5.0,0.000499875041651048,-0.020613104765185852,-0.0211129798068369,0.0,-0.0211129798068369,0.020113229723534805,0.020113229723534805,0.020113229723534805
1518,2016-11-23,1519,1520,2016-11-24,2016-11-25,-0.0029158224985170733,0.0,-0.02082852777969979,-0.06492180895139477,0.7454764189771494,0.4952978056426332,outer_02,none,0.05,1,row1518_entry1519_exit1520,True,5.0,0.000499875041651048,-0.0029158224985170733,-0.0034156975401681213,0.0,-0.0034156975401681213,0.0024159474568660254,0.0024159474568660254,0.0024159474568660254
1519,2016-11-24,1520,1521,2016-11-25,2016-11-28,0.0006918021721773471,1.0,-0.002395715853336533,-0.06892699260778112,0.6761824493323174,0.4952978056426332,outer_02,none,0.05,1,row1519_entry1520_exit1521,True,5.0,0.000499875041651048,0.0006918021721773471,0.00019192713052629913,0.0,0.00019192713052629913,-0.001191677213828395,-0.001191677213828395,-0.001191677213828395
1520,2016-11-25,1521,1522,2016-11-28,2016-11-29,0.00635563299558406,1.0,-0.00027029995011940144,-0.07484931233643088,0.7513770677930542,0.4952978056426332,outer_02,none,0.05,1,row1520_entry1521_exit1522,True,5.0,0.000499875041651048,0.00635563299558406,0.005855757953933012,0.0,0.005855757953933012,-0.006855508037235107,-0.006855508037235107,-0.006855508037235107
1521,2016-11-28,1522,1523,2016-11-29,2016-11-30,-0.004274677195796883,0.0,0.00768344441816371,-0.06807475232530091,0.7220182071111793,0.4952978056426332,outer_02,none,0.05,1,row1521_entry1522_exit1523,True,5.0,0.000499875041651048,-0.004274677195796883,-0.004774552237447931,0.0,-0.004774552237447931,0.0037748021541458353,-0.004774552237447931,0.0037748021541458353
1522,2016-11-29,1523,1524,2016-11-30,2016-12-01,-0.012244428820979536,0.0,-0.003939542850436517,-0.08072420750429643,0.748120022024461,0.4952978056426332,outer_02,none,0.05,1,row1522_entry1523_exit1524,True,5.0,0.000499875041651048,-0.012244428820979536,-0.012744303862630584,0.0,-0.012744303862630584,0.011744553779328488,0.011744553779328488,0.011744553779328488
1523,2016-11-30,1524,1525,2016-12-01,2016-12-02,-0.001108193927986889,0.0,-0.013156914079121229,-0.10057430214181107,0.6991053628823484,0.4952978056426332,outer_02,none,0.05,1,row1523_entry1524_exit1525,True,5.0,0.000499875041651048,-0.001108193927986889,-0.001608068969637937,0.0,-0.001608068969637937,0.0006083188863358411,0.0006083188863358411,0.0006083188863358411
1524,2016-12-01,1525,1526,2016-12-02,2016-12-05,0.011010188243442798,1.0,-0.001134855982304117,-0.10567294283538509,0.6504208867836146,0.4952978056426332,outer_02,none,0.05,1,row1524_entry1525_exit1526,True,5.0,0.000499875041651048,0.011010188243442798,0.01051031320179175,0.0,0.01051031320179175,-0.011510063285093845,-0.011510063285093845,-0.011510063285093845
1525,2016-12-02,1526,1527,2016-12-05,2016-12-06,-0.013213170844518451,0.0,0.0047526663458539176,-0.10278512540552232,0.6247604936738227,0.4952978056426332,outer_02,none,0.05,1,row1525_entry1526_exit1527,True,5.0,0.000499875041651048,-0.013213170844518451,-0.013713045886169499,0.0,-0.013713045886169499,0.012713295802867404,-0.013713045886169499,0.012713295802867404
1526,2016-12-05,1527,1528,2016-12-06,2016-12-07,-0.0004018416370552558,0.0,-0.005828982374110225,-0.09090823266557102,0.7118614772272623,0.4952978056426332,outer_02,none,0.05,1,row1526_entry1527_exit1528,True,5.0,0.000499875041651048,-0.0004018416370552558,-0.0009017166787063037,0.0,-0.0009017166787063037,-9.803340459579217e-05,-9.803340459579217e-05,-9.803340459579217e-05
1527,2016-12-06,1528,1529,2016-12-07,2016-12-08,0.004096337804017303,1.0,-0.0005043877566359711,-0.08684461660894449,0.5981735301711688,0.4952978056426332,outer_02,none,0.05,1,row1527_entry1528_exit1529,True,5.0,0.000499875041651048,0.004096337804017303,0.0035964627623662547,0.0,0.0035964627623662547,-0.00459621284566835,-0.00459621284566835,-0.00459621284566835
1528,2016-12-07,1529,1530,2016-12-08,2016-12-09,-0.0035064555496351346,0.0,0.0034657345589970134,-0.08460897642087062,0.5913267132879914,0.4952978056426332,outer_02,none,0.05,1,row1528_entry1529_exit1530,True,5.0,0.000499875041651048,-0.0035064555496351346,-0.004006330591286182,0.0,-0.004006330591286182,0.0030065805079840867,-0.004006330591286182,0.0030065805079840867
1529,2016-12-08,1530,1531,2016-12-09,2016-12-12,-0.009972039191725734,0.0,-0.0026878869351651957,-0.07324522070480022,0.6449514582962708,0.4952978056426332,outer_02,none,0.05,1,row1529_entry1530_exit1531,True,5.0,0.000499875041651048,-0.009972039191725734,-0.010471914233376782,0.0,-0.010471914233376782,0.009472164150074687,0.009472164150074687,0.009472164150074687
1530,2016-12-09,1531,1532,2016-12-12,2016-12-13,0.0039801219009154565,1.0,-0.010306270639435233,-0.05777116688944428,0.6923223695090747,0.4952978056426332,outer_02,none,0.05,1,row1530_entry1531_exit1532,True,5.0,0.000499875041651048,0.0039801219009154565,0.0034802468592644085,0.0,0.0034802468592644085,-0.004479996942566504,-0.004479996942566504,-0.004479996942566504
1531,2016-12-12,1532,1533,2016-12-13,2016-12-14,-0.003971489788594518,0.0,0.002999769508916117,-0.04892827827280222,0.6216019620688984,0.4952978056426332,outer_02,none,0.05,1,row1531_entry1532_exit1533,True,5.0,0.000499875041651048,-0.003971489788594518,-0.004471364830245565,0.0,-0.004471364830245565,0.00347161474694347,-0.004471364830245565,0.00347161474694347
1532,2016-12-13,1533,1534,2016-12-14,2016-12-15,-0.0141789625015738,0.0,-0.0032501569632223948,-0.058925614122135705,0.6569247533558571,0.4952978056426332,outer_02,none,0.05,1,row1532_entry1533_exit1534,True,5.0,0.000499875041651048,-0.0141789625015738,-0.014678837543224847,0.0,-0.014678837543224847,0.013679087459922752,0.013679087459922752,0.013679087459922752
1533,2016-12-14,1534,1535,2016-12-15,2016-12-16,-0.012182543016812097,0.0,-0.013142301283509461,-0.06918183992978388,0.7426697805954757,0.4952978056426332,outer_02,none,0.05,1,row1533_entry1534_exit1535,True,5.0,0.000499875041651048,-0.012182543016812097,-0.012682418058463145,0.0,-0.012682418058463145,0.01168266797516105,0.01168266797516105,0.01168266797516105
1534,2016-12-15,1535,1536,2016-12-16,2016-12-19,0.006589780573454718,1.0,-0.013193198542321483,-0.07575624091180355,0.7966714306162223,0.4952978056426332,outer_02,none,0.05,1,row1534_entry1535_exit1536,True,5.0,0.000499875041651048,0.006589780573454718,0.00608990553180367,0.0,0.00608990553180367,-0.007089655615105765,-0.007089655615105765,-0.007089655615105765
1535,2016-12-16,1536,1537,2016-12-19,2016-12-20,0.002348027900797689,1.0,0.005913541879291273,-0.0630639625143985,0.7196110773277519,0.4952978056426332,outer_02,none,0.05,1,row1535_entry1536_exit1537,True,5.0,0.000499875041651048,0.002348027900797689,0.001848152859146641,0.0,0.001848152859146641,-0.002847902942448737,0.001848152859146641,-0.002847902942448737
1536,2016-12-19,1537,1538,2016-12-20,2016-12-21,-0.005195914852163419,0.0,0.0033610223798499206,-0.0641860123088458,0.6998903404376706,0.4952978056426332,outer_02,none,0.05,1,row1536_entry1537_exit1538,True,5.0,0.000499875041651048,-0.005195914852163419,-0.005695789893814467,0.0,-0.005695789893814467,0.004696039810512372,-0.005695789893814467,0.004696039810512372
1537,2016-12-20,1538,1539,2016-12-21,2016-12-22,-0.0010777862256272641,0.0,-0.005937820282855277,-0.06840068218120088,0.7388800727491659,0.4952978056426332,outer_02,none,0.05,1,row1537_entry1538_exit1539,True,5.0,0.000499875041651048,-0.0010777862256272641,-0.001577661267278312,0.0,-0.001577661267278312,0.0005779111839762162,0.0005779111839762162,0.0005779111839762162
1538,2016-12-21,1539,1540,2016-12-22,2016-12-23,-0.0026906957162147194,0.0,-0.00012371206915329225,-0.04769586647065438,0.7443396087957471,0.4952978056426332,outer_02,none,0.05,1,row1538_entry1539_exit1540,True,5.0,0.000499875041651048,-0.0026906957162147194,-0.0031905707578657673,0.0,-0.0031905707578657673,0.0021908206745636714,0.0021908206745636714,0.0021908206745636714
1539,2016-12-22,1540,1541,2016-12-23,2016-12-27,0.005382986361886388,1.0,-0.0030002810375977518,-0.0483004316549156,0.763677643148439,0.4952978056426332,outer_02,none,0.05,1,row1539_entry1540_exit1541,True,5.0,0.000499875041651048,0.005382986361886388,0.004883111320235341,0.0,0.004883111320235341,-0.005882861403537436,-0.005882861403537436,-0.005882861403537436
1540,2016-12-23,1541,1542,2016-12-27,2016-12-28,0.004152194221549443,1.0,0.004589699380309398,-0.0434404323244868,0.686424084225096,0.4952978056426332,outer_02,none,0.05,1,row1540_entry1541_exit1542,True,5.0,0.000499875041651048,0.004152194221549443,0.0036523191798983955,0.0,0.0036523191798983955,-0.004652069263200491,0.0036523191798983955,-0.004652069263200491
1541,2016-12-27,1542,1543,2016-12-28,2016-12-29,0.002857796008469471,1.0,0.004814620368772893,-0.046309256373877616,0.6899631606992769,0.4952978056426332,outer_02,none,0.05,1,row1541_entry1542_exit1543,True,5.0,0.000499875041651048,0.002857796008469471,0.002357920966818423,0.0,0.002357920966818423,-0.003357671050120519,0.002357920966818423,-0.003357671050120519
1542,2016-12-28,1543,1544,2016-12-29,2016-12-30,0.013477058573137413,1.0,0.0023592259705047525,-0.04001048755293635,0.6624858963884946,0.4952978056426332,outer_02,none,0.05,1,row1542_entry1543_exit1544,True,5.0,0.000499875041651048,0.013477058573137413,0.012977183531486365,0.0,0.012977183531486365,-0.01397693361478846,0.012977183531486365,-0.01397693361478846
1543,2016-12-29,1544,1545,2016-12-30,2017-01-03,-0.0053690474239651564,0.0,0.014160575494669203,-0.012692997979145915,0.4957688784795397,0.4952978056426332,outer_02,none,0.05,0,,False,5.0,0.0,-0.0,-0.0,0.0,-0.0,-0.0,-0.0,-0.0
1544,2016-12-30,1545,1546,2017-01-03,2017-01-04,0.006128774994587083,1.0,-0.004943840022598955,-0.016501982019440753,0.6410046533092554,0.4952978056426332,outer_02,none,0.05,1,row1544_entry1545_exit1546,True,5.0,0.000499875041651048,0.006128774994587083,0.005628899952936035,0.0,0.005628899952936035,-0.00662865003623813,-0.00662865003623813,-0.00662865003623813
1545,2017-01-03,1546,1547,2017-01-04,2017-01-05,0.0037470164649286986,1.0,0.006031490976635467,-0.015223157388659203,0.5778045049236038,0.4952978056426332,outer_02,none,0.05,1,row1545_entry1546_exit1547,True,5.0,0.000499875041651048,0.0037470164649286986,0.0032471414232776506,0.0,0.0032471414232776506,-0.004246891506579746,0.0032471414232776506,-0.004246891506579746
1546,2017-01-04,1547,1548,2017-01-05,2017-01-06,0.014120452821135387,1.0,0.003058066843746765,-0.006336108170802213,0.5993861658536159,0.4952978056426332,outer_02,none,0.05,1,row1546_entry1547_exit1548,True,5.0,0.000499875041651048,0.014120452821135387,0.01362057777948434,0.0,0.01362057777948434,-0.014620327862786435,0.01362057777948434,-0.014620327862786435
1547,2017-01-05,1548,1549,2017-01-06,2017-01-09,-0.005755570593883874,0.0,0.015075362117108249,0.009243641702942007,0.5909891257069575,0.4952978056426332,outer_02,none,0.05,1,row1547_entry1548_exit1549,True,5.0,0.000499875041651048,-0.005755570593883874,-0.006255445635534922,0.0,-0.006255445635534922,0.005255695552232827,-0.006255445635534922,-0.006255445635534922
1548,2017-01-06,1549,1550,2017-01-09,2017-01-10,0.007644193265689658,1.0,-0.006553665998580982,-0.0007757588546359884,0.5643925631515134,0.4952978056426332,outer_02,none,0.05,1,row1548_entry1549_exit1550,True,5.0,0.000499875041651048,0.007644193265689658,0.007144318224038611,0.0,0.007144318224038611,-0.008144068307340706,-0.008144068307340706,-0.008144068307340706
1549,2017-01-09,1550,1551,2017-01-10,2017-01-11,0.00477758990964805,1.0,0.007155027125580027,0.009067155206109234,0.4556896614540421,0.4952978056426332,outer_02,none,0.05,0,,False,5.0,0.0,0.0,0.0,0.0,0.0,0.0,0.0,0.0
1550,2017-01-10,1551,1552,2017-01-11,2017-01-12,0.003966758430751227,1.0,0.005404460000922207,0.024777885846466674,0.49800843203160544,0.4952978056426332,outer_02,none,0.05,0,,False,5.0,0.0,0.0,0.0,0.0,0.0,0.0,0.0,0.0
1551,2017-01-11,1552,1553,2017-01-12,2017-01-13,0.0017681988676390148,1.0,0.0033881950146676942,0.02516631135221825,0.5471933616899576,0.4952978056426332,outer_02,none,0.05,0,,False,5.0,0.0,0.0,0.0,0.0,0.0,0.0,0.0,0.0
1552,2017-01-12,1553,1554,2017-01-13,2017-01-16,0.0036605280939401297,1.0,0.0033014668711750517,0.0317179351866157,0.49125487728943484,0.4952978056426332,outer_02,none,0.05,0,,False,5.0,0.0,0.0,0.0,0.0,0.0,0.0,0.0,0.0
1553,2017-01-13,1554,1555,2017-01-16,2017-01-17,0.0035058682112429906,1.0,0.0016299513369526508,0.04649018780707781,0.45876070974653443,0.4952978056426332,outer_02,none,0.05,0,,False,5.0,0.0,0.0,0.0,0.0,0.0,0.0,0.0,0.0
1554,2017-01-16,1555,1556,2017-01-17,2017-01-18,0.0111845691289707,1.0,0.004308645194176286,0.06399203154357558,0.4888689271217559,0.4952978056426332,outer_02,none,0.05,0,,False,5.0,0.0,0.0,0.0,0.0,0.0,0.0,0.0,0.0
1555,2017-01-17,1556,1557,2017-01-18,2017-01-19,-0.009838785713253806,0.0,0.011624480852287178,0.06970297051657148,0.5339901562411707,0.4952978056426332,outer_02,none,0.05,0,,False,5.0,0.0,-0.0,-0.0,0.0,-0.0,-0.0,-0.0,-0.0
1556,2017-01-18,1557,1558,2017-01-19,2017-01-20,2.4904842748085798e-05,1.0,-0.010718446518937164,0.0556235016177844,0.5775381931379024,0.4952978056426332,outer_02,none,0.05,1,row1556_entry1557_exit1558,True,5.0,0.000499875041651048,2.4904842748085798e-05,-0.00047497019890296215,0.0,-0.00047497019890296215,-0.0005247798843991337,-0.0005247798843991337,-0.00047497019890296215
1557,2017-01-19,1558,1559,2017-01-20,2017-01-23,0.005282387530462174,1.0,0.0009467181148234971,0.06250804001546317,0.5076627605915128,0.4952978056426332,outer_02,none,0.05,0,,False,5.0,0.0,0.0,0.0,0.0,0.0,0.0,0.0,0.0
1558,2017-01-20,1559,1560,2017-01-23,2017-01-24,0.00660090134118807,1.0,0.0043152961563723835,0.06694704824098885,0.4926128981209135,0.4952978056426332,outer_02,none,0.05,0,,False,5.0,0.0,0.0,0.0,0.0,0.0,0.0,0.0,0.0
1559,2017-01-23,1560,1561,2017-01-24,2017-01-25,-0.007980901477560032,0.0,0.006475180590011398,0.076422509868598,0.5066099122706035,0.4952978056426332,outer_02,none,0.05,0,,False,5.0,0.0,-0.0,-0.0,0.0,-0.0,-0.0,-0.0,-0.0
1560,2017-01-24,1561,1562,2017-01-25,2017-01-26,-0.007170214704347977,0.0,-0.0075253706716891244,0.06430743981659948,0.5098679308945574,0.4952978056426332,outer_02,none,0.05,0,,False,5.0,0.0,-0.0,-0.0,0.0,-0.0,-0.0,-0.0,-0.0
1561,2017-01-25,1562,1563,2017-01-26,2017-01-27,-0.009750295892186678,0.0,-0.0075324136279304454,0.05196040581989614,0.4649778930601948,0.4952978056426332,outer_02,none,0.05,0,,False,5.0,0.0,-0.0,-0.0,0.0,-0.0,-0.0,-0.0,-0.0
1562,2017-01-26,1563,1564,2017-01-27,2017-01-30,0.0032327297674381583,1.0,-0.009397132778403261,0.040204047070988125,0.5146969988801603,0.4952978056426332,outer_02,none,0.05,0,,False,5.0,0.0,0.0,0.0,0.0,0.0,0.0,0.0,0.0
1563,2017-01-27,1564,1565,2017-01-30,2017-01-31,0.0020182993682142936,1.0,0.002613589624918866,0.028657061201237788,0.4481807312892187,0.4952978056426332,outer_02,none,0.05,-1,row1563_entry1564_exit1565,True,5.0,0.000499875041651048,-0.0020182993682142936,-0.0025181744098653415,0.0,0.0015184243265632456,-0.0025181744098653415,0.0015184243265632456,0.0015184243265632456
1564,2017-01-30,1565,1566,2017-01-31,2017-02-01,0.012636507600486624,1.0,0.00310891065718355,0.03670981188102029,0.5057829882022287,0.4952978056426332,outer_02,none,0.05,0,,False,5.0,0.0,0.0,0.0,0.0,0.0,0.0,0.0,0.0
1565,2017-01-31,1566,1567,2017-02-01,2017-02-02,-0.0012978479867875592,0.0,0.012604300622895082,0.04328262152727991,0.42732475792697333,0.4952978056426332,outer_02,none,0.05,-1,row1565_entry1566_exit1567,True,5.0,0.000499875041651048,0.0012978479867875592,0.0007979729451365112,0.0,-0.0017977230284386071,0.0007979729451365112,-0.0017977230284386071,-0.0017977230284386071
1566,2017-02-01,1567,1568,2017-02-02,2017-02-03,0.004959103828935163,1.0,-0.0005454410356451334,0.03967911364788801,0.5127360989020963,0.4952978056426332,outer_02,none,0.05,0,,False,5.0,0.0,0.0,0.0,0.0,0.0,0.0,0.0,0.0
1567,2017-02-02,1568,1569,2017-02-03,2017-02-06,0.006023373072057581,1.0,0.004980549908981224,0.029584301439760985,0.40565337454578226,0.4952978056426332,outer_02,none,0.05,-1,row1567_entry1568_exit1569,True,5.0,0.000499875041651048,-0.006023373072057581,-0.006523248113708628,0.0,0.005523498030406533,-0.006523248113708628,0.005523498030406533,0.005523498030406533
1568,2017-02-03,1569,1570,2017-02-06,2017-02-07,0.009826708671238471,1.0,0.0034569294061093103,0.03959489684445128,0.4648905047251855,0.4952978056426332,outer_02,none,0.05,0,,False,5.0,0.0,0.0,0.0,0.0,0.0,0.0,0.0,0.0
1569,2017-02-06,1570,1571,2017-02-07,2017-02-08,-0.00046189564410870076,0.0,0.012625401883292753,0.045065271602164,0.471807187781234,0.4952978056426332,outer_02,none,0.05,0,,False,5.0,0.0,-0.0,-0.0,0.0,-0.0,-0.0,-0.0,-0.0
1570,2017-02-07,1571,1572,2017-02-08,2017-02-09,0.005730211548642394,1.0,-0.0015877262402028691,0.03807308536103893,0.5829371343993457,0.4952978056426332,outer_02,none,0.05,1,row1570_entry1571_exit1572,True,5.0,0.000499875041651048,0.005730211548642394,0.005230336506991347,0.0,0.005230336506991347,-0.006230086590293442,-0.006230086590293442,0.005230336506991347
1571,2017-02-08,1572,1573,2017-02-09,2017-02-10,-0.010018995820860077,0.0,0.00661775141894605,0.04130264176531728,0.6422702456504374,0.4952978056426332,outer_02,none,0.05,1,row1571_entry1572_exit1573,True,5.0,0.000499875041651048,-0.010018995820860077,-0.010518870862511125,0.0,-0.010518870862511125,0.00951912077920903,-0.010518870862511125,-0.010518870862511125
1572,2017-02-09,1573,1574,2017-02-10,2017-02-13,0.0018542319198235901,1.0,-0.011461281054370609,0.026539893839771622,0.6810392994143336,0.4952978056426332,outer_02,none,0.05,1,row1572_entry1573_exit1574,True,5.0,0.000499875041651048,0.0018542319198235901,0.0013543568781725422,0.0,0.0013543568781725422,-0.002354106961474638,-0.002354106961474638,0.0013543568781725422
1573,2017-02-10,1574,1575,2017-02-13,2017-02-14,-0.00450328327517191,0.0,0.004997552260841864,0.029907494763660836,0.6481977737421672,0.4952978056426332,outer_02,none,0.05,1,row1573_entry1574_exit1575,True,5.0,0.000499875041651048,-0.00450328327517191,-0.005003158316822957,0.0,-0.005003158316822957,0.004003408233520862,-0.005003158316822957,-0.005003158316822957
1574,2017-02-13,1575,1576,2017-02-14,2017-02-15,0.002575787405656449,1.0,-0.006897476590780549,0.018701372978704,0.6526323677447394,0.4952978056426332,outer_02,none,0.05,1,row1574_entry1575_exit1576,True,5.0,0.000499875041651048,0.002575787405656449,0.002075912364005401,0.0,0.002075912364005401,-0.003075662447307497,-0.003075662447307497,0.002075912364005401
1575,2017-02-14,1576,1577,2017-02-15,2017-02-16,0.004094537408419363,1.0,0.002746795436292082,0.009823687562708905,0.551175873152728,0.4952978056426332,outer_02,none,0.05,1,row1575_entry1576_exit1577,True,5.0,0.000499875041651048,0.004094537408419363,0.003594662366768315,0.0,0.003594662366768315,-0.004594412450070411,0.003594662366768315,0.003594662366768315
1576,2017-02-15,1577,1578,2017-02-16,2017-02-17,0.004231243848651367,1.0,0.003445225193928536,0.023987359275574605,0.6180412842573028,0.4952978056426332,outer_02,none,0.05,1,row1576_entry1577_exit1578,True,5.0,0.000499875041651048,0.004231243848651367,0.003731368807000319,0.0,0.003731368807000319,-0.0047311188903024146,0.003731368807000319,0.003731368807000319
1577,2017-02-16,1578,1579,2017-02-17,2017-02-20,-0.0024249098500170874,0.0,0.005016557032750946,0.028057198193502053,0.6039588061918333,0.4952978056426332,outer_02,none,0.05,1,row1577_entry1578_exit1579,True,5.0,0.000499875041651048,-0.0024249098500170874,-0.0029247848916681353,0.0,-0.0029247848916681353,0.0019250348083660394,-0.0029247848916681353,-0.0029247848916681353
1578,2017-02-17,1579,1580,2017-02-20,2017-02-21,0.0011404400422376781,1.0,-0.0033793648562578937,0.020362537180871776,0.5525292335457936,0.4952978056426332,outer_02,none,0.05,1,row1578_entry1579_exit1580,True,5.0,0.000499875041651048,0.0011404400422376781,0.0006405650005866302,0.0,0.0006405650005866302,-0.001640315083888726,-0.001640315083888726,0.0006405650005866302
1579,2017-02-20,1580,1581,2017-02-21,2017-02-22,-0.001010962967590956,0.0,0.002095258123192778,0.015982614714053156,0.42757567714582817,0.4952978056426332,outer_02,none,0.05,-1,row1579_entry1580_exit1581,True,5.0,0.000499875041651048,0.001010962967590956,0.000511087925939908,0.0,-0.0015108380092420039,0.000511087925939908,-0.0015108380092420039,-0.0015108380092420039
1580,2017-02-21,1581,1582,2017-02-22,2017-02-23,0.0008169373394304458,1.0,-0.0013504937014579,0.02215749168428438,0.487905709876631,0.4952978056426332,outer_02,none,0.05,0,,False,5.0,0.0,0.0,0.0,0.0,0.0,0.0,0.0,0.0
1581,2017-02-22,1582,1583,2017-02-23,2017-02-24,0.010071761365587406,1.0,0.0013747373991073175,0.031064642711322143,0.5328323879137186,0.4952978056426332,outer_02,none,0.05,0,,False,5.0,0.0,0.0,0.0,0.0,0.0,0.0,0.0,0.0
1582,2017-02-23,1583,1584,2017-02-24,2017-02-27,0.005483795875766084,1.0,0.009442530667427285,0.04990430615715269,0.5821843696951525,0.4952978056426332,outer_02,none,0.05,1,row1582_entry1583_exit1584,True,5.0,0.000499875041651048,0.005483795875766084,0.004983920834115037,0.0,0.004983920834115037,-0.005983670917417132,0.004983920834115037,0.004983920834115037
1583,2017-02-24,1584,1585,2017-02-27,2017-02-28,-0.0029177549219578935,0.0,0.006216677311098984,0.05350739384333281,0.5489561856124908,0.4952978056426332,outer_02,none,0.05,0,,False,5.0,0.0,-0.0,-0.0,0.0,-0.0,-0.0,-0.0,-0.0
1584,2017-02-27,1585,1586,2017-02-28,2017-03-01,-0.0032466262834391912,0.0,-0.0034107967145562412,0.046987686471593015,0.6081812586577583,0.4952978056426332,outer_02,none,0.05,1,row1584_entry1585_exit1586,True,5.0,0.000499875041651048,-0.0032466262834391912,-0.003746501325090239,0.0,-0.003746501325090239,0.0027467512417881433,0.0027467512417881433,-0.003746501325090239
1585,2017-02-28,1586,1587,2017-03-01,2017-03-02,-8.009643611472939e-06,0.0,-0.0037589519207728017,0.030624433927925132,0.49041824333783873,0.4952978056426332,outer_02,none,0.05,0,,False,5.0,0.0,-0.0,-0.0,0.0,-0.0,-0.0,-0.0,-0.0
1586,2017-03-01,1587,1588,2017-03-02,2017-03-03,-0.011511834189250614,0.0,0.0009850915610227773,0.03215496652459304,0.5456597443360228,0.4952978056426332,outer_02,none,0.05,0,,False,5.0,0.0,-0.0,-0.0,0.0,-0.0,-0.0,-0.0,-0.0
1587,2017-03-02,1588,1589,2017-03-03,2017-03-06,-0.0008348971251415094,0.0,-0.012128682142414249,0.01504573447319757,0.5587652649214736,0.4952978056426332,outer_02,none,0.05,1,row1587_entry1588_exit1589,True,5.0,0.000499875041651048,-0.0008348971251415094,-0.0013347721667925573,0.0,-0.0013347721667925573,0.00033502208349046143,0.00033502208349046143,-0.0013347721667925573
1588,2017-03-03,1589,1590,2017-03-06,2017-03-07,-0.006173888446505238,0.0,0.0002025447732147967,0.011791349840303056,0.4781615936220766,0.4952978056426332,outer_02,none,0.05,0,,False,5.0,0.0,-0.0,-0.0,0.0,-0.0,-0.0,-0.0,-0.0
1589,2017-03-06,1590,1591,2017-03-07,2017-03-08,-0.007970780661251453,0.0,-0.007513452161303391,-0.008347504204293088,0.4737118368682845,0.4952978056426332,outer_02,none,0.05,0,,False,5.0,0.0,-0.0,-0.0,0.0,-0.0,-0.0,-0.0,-0.0
1590,2017-03-07,1591,1592,2017-03-08,2017-03-09,-0.006262112530266428,0.0,-0.007751278106306714,-0.014511056070396933,0.5350873593821838,0.4952978056426332,outer_02,none,0.05,0,,False,5.0,0.0,-0.0,-0.0,0.0,-0.0,-0.0,-0.0,-0.0
1591,2017-03-08,1592,1593,2017-03-09,2017-03-10,-0.006193306804549437,0.0,-0.0065773694190705,-0.027706176908413482,0.5609391497400968,0.4952978056426332,outer_02,none,0.05,1,row1591_entry1592_exit1593,True,5.0,0.000499875041651048,-0.006193306804549437,-0.006693181846200484,0.0,-0.006693181846200484,0.005693431762898389,0.005693431762898389,0.005693431762898389
1592,2017-03-09,1593,1594,2017-03-10,2017-03-13,0.004412303422042463,1.0,-0.006237587655758325,-0.0224824835098012,0.57504532895631,0.4952978056426332,outer_02,none,0.05,1,row1592_entry1593_exit1594,True,5.0,0.000499875041651048,0.004412303422042463,0.003912428380391415,0.0,0.003912428380391415,-0.00491217846369351,-0.00491217846369351,-0.00491217846369351
1593,2017-03-10,1594,1595,2017-03-13,2017-03-14,-0.003355234068928681,0.0,0.0034848891868222154,-0.023995146583820848,0.4951815059505517,0.4952978056426332,outer_02,none,0.05,0,,False,5.0,0.0,-0.0,-0.0,0.0,-0.0,-0.0,-0.0,-0.0
1594,2017-03-13,1595,1596,2017-03-14,2017-03-15,-0.002465455733728028,0.0,-0.0006062795798911225,-0.01770394957293142,0.49758186620631073,0.4952978056426332,outer_02,none,0.05,0,,False,5.0,0.0,-0.0,-0.0,0.0,-0.0,-0.0,-0.0,-0.0
1595,2017-03-14,1596,1597,2017-03-15,2017-03-16,0.016352789351601338,1.0,-0.004354403113649319,-0.024805148122872822,0.5713795318217594,0.4952978056426332,outer_02,none,0.05,1,row1595_entry1596_exit1597,True,5.0,0.000499875041651048,0.016352789351601338,0.01585291430995029,0.0,0.01585291430995029,-0.016852664393252385,-0.016852664393252385,-0.016852664393252385
1596,2017-03-15,1597,1598,2017-03-16,2017-03-17,0.0061751058077099685,1.0,0.01664870937049301,-0.01160166394630835,0.44431036789634526,0.4952978056426332,outer_02,none,0.05,-1,row1596_entry1597_exit1598,True,5.0,0.000499875041651048,-0.0061751058077099685,-0.006674980849361016,0.0,0.005675230766058921,-0.006674980849361016,0.005675230766058921,-0.006674980849361016
1597,2017-03-16,1598,1599,2017-03-17,2017-03-20,0.003337460769163414,1.0,0.006070541427210863,-0.010547679551848432,0.5268487902534781,0.4952978056426332,outer_02,none,0.05,0,,False,5.0,0.0,0.0,0.0,0.0,0.0,0.0,0.0,0.0
1598,2017-03-17,1599,1600,2017-03-20,2017-03-21,0.003156253254084085,1.0,0.002639233222305748,-0.004529081473284791,0.49823274730937506,0.4952978056426332,outer_02,none,0.05,0,,False,5.0,0.0,0.0,0.0,0.0,0.0,0.0,0.0,0.0
1599,2017-03-20,1600,1601,2017-03-21,2017-03-22,0.008823420606397292,1.0,0.003953938177898131,-0.002670401418579438,0.472256329579339,0.4952978056426332,outer_02,none,0.05,0,,False,5.0,0.0,0.0,0.0,0.0,0.0,0.0,0.0,0.0
1600,2017-03-21,1601,1602,2017-03-22,2017-03-23,0.0016607900992813285,1.0,0.008656875242619044,0.007336967525497506,0.557687343074188,0.4952978056426332,outer_02,none,0.05,1,row1600_entry1601_exit1602,True,5.0,0.000499875041651048,0.0016607900992813285,0.0011609150576302805,0.0,0.0011609150576302805,-0.0021606651409323764,0.0011609150576302805,0.0011609150576302805
1601,2017-03-22,1602,1603,2017-03-23,2017-03-24,-0.002126627369867684,0.0,0.0031520339856490054,0.009114264112039194,0.6271626239826789,0.4952978056426332,outer_02,none,0.05,1,row1601_entry1602_exit1603,True,5.0,0.000499875041651048,-0.002126627369867684,-0.002626502411518732,0.0,-0.002626502411518732,0.0016267523282166361,-0.002626502411518732,-0.002626502411518732
1602,2017-03-23,1603,1604,2017-03-24,2017-03-27,0.002655575256791387,1.0,-0.0027344001962177344,-0.003062666751605825,0.5729548174856844,0.4952978056426332,outer_02,none,0.05,1,row1602_entry1603_exit1604,True,5.0,0.000499875041651048,0.002655575256791387,0.002155700215140339,0.0,0.002155700215140339,-0.003155450298442435,-0.003155450298442435,-0.003155450298442435
1603,2017-03-24,1604,1605,2017-03-27,2017-03-28,0.004413006322359969,1.0,0.00016058194932799807,-0.00911876211337681,0.5262721825685615,0.4952978056426332,outer_02,none,0.05,0,,False,5.0,0.0,0.0,0.0,0.0,0.0,0.0,0.0,0.0
1604,2017-03-27,1605,1606,2017-03-28,2017-03-29,-0.0021321203501392105,0.0,0.006816953501101786,0.0011089881022812165,0.5790279732788897,0.4952978056426332,outer_02,none,0.05,1,row1604_entry1605_exit1606,True,5.0,0.000499875041651048,-0.0021321203501392105,-0.0026319953917902585,0.0,-0.0026319953917902585,0.0016322453084881626,-0.0026319953917902585,-0.0026319953917902585
1605,2017-03-28,1606,1607,2017-03-29,2017-03-30,0.0014378836833195408,1.0,-0.0020913496024315137,0.0027765904206225045,0.541973761498355,0.4952978056426332,outer_02,none,0.05,0,,False,5.0,0.0,0.0,0.0,0.0,0.0,0.0,0.0,0.0
1606,2017-03-29,1607,1608,2017-03-30,2017-03-31,-0.007346876988100881,0.0,0.0012776799074174505,0.0030691787670171777,0.4803110720313228,0.4952978056426332,outer_02,none,0.05,0,,False,5.0,0.0,-0.0,-0.0,0.0,-0.0,-0.0,-0.0,-0.0
1607,2017-03-30,1608,1609,2017-03-31,2017-04-03,0.003507916469325245,1.0,-0.0077228503206034915,0.007475010588827935,0.4855914048809119,0.4952978056426332,outer_02,none,0.05,0,,False,5.0,0.0,0.0,0.0,0.0,0.0,0.0,0.0,0.0
1608,2017-03-31,1609,1610,2017-04-03,2017-04-04,0.004963860413613297,1.0,0.004437515055440322,0.01170998087105346,0.4677440606011007,0.4952978056426332,outer_02,none,0.05,0,,False,5.0,0.0,0.0,0.0,0.0,0.0,0.0,0.0,0.0
1609,2017-04-03,1610,1611,2017-04-04,2017-04-05,0.0012590245021355528,1.0,0.0030698412442884404,0.022293274276645292,0.5235167597325827,0.4952978056426332,outer_02,none,0.05,0,,False,5.0,0.0,0.0,0.0,0.0,0.0,0.0,0.0,0.0
1610,2017-04-04,1611,1612,2017-04-05,2017-04-06,2.389020063908731e-05,1.0,0.0025350980979448323,0.03257965048089684,0.5746375433164238,0.4952978056426332,outer_02,none,0.05,1,row1610_entry1611_exit1612,True,5.0,0.000499875041651048,2.389020063908731e-05,-0.00047598484101196064,0.0,-0.00047598484101196064,-0.0005237652422901353,-0.00047598484101196064,-0.00047598484101196064
1611,2017-04-05,1612,1613,2017-04-06,2017-04-07,-0.0032303505301101154,0.0,-0.0006132550895241451,0.03854376481044319,0.593654277093893,0.4952978056426332,outer_02,none,0.05,1,row1611_entry1612_exit1613,True,5.0,0.000499875041651048,-0.0032303505301101154,-0.0037302255717611634,0.0,-0.0037302255717611634,0.0027304754884590675,0.0027304754884590675,-0.0037302255717611634
1612,2017-04-06,1613,1614,2017-04-07,2017-04-10,0.002306180225801313,1.0,-0.002744339531229656,0.04203701293497186,0.5783062130829344,0.4952978056426332,outer_02,none,0.05,1,row1612_entry1613_exit1614,True,5.0,0.000499875041651048,0.002306180225801313,0.0018063051841502652,0.0,0.0018063051841502652,-0.002806055267452361,-0.002806055267452361,0.0018063051841502652
1613,2017-04-07,1614,1615,2017-04-10,2017-04-11,0.0003825188915342892,1.0,0.0020190983168992815,0.04057122206504893,0.56609772492777,0.4952978056426332,outer_02,none,0.05,1,row1613_entry1614_exit1615,True,5.0,0.000499875041651048,0.0003825188915342892,-0.00011735615011675875,0.0,-0.00011735615011675875,-0.0008823939331853371,-0.00011735615011675875,-0.00011735615011675875
1614,2017-04-10,1615,1616,2017-04-11,2017-04-12,0.014758139117788893,1.0,0.00026306034995293714,0.04144056199489299,0.5381416966318249,0.4952978056426332,outer_02,none,0.05,0,,False,5.0,0.0,0.0,0.0,0.0,0.0,0.0,0.0,0.0
1615,2017-04-11,1616,1617,2017-04-12,2017-04-13,0.008879081641129716,1.0,0.015265902187047153,0.06106086729558946,0.5792774848288039,0.4952978056426332,outer_02,none,0.05,1,row1615_entry1616_exit1617,True,5.0,0.000499875041651048,0.008879081641129716,0.008379206599478668,0.0,0.008379206599478668,-0.009378956682780763,0.008379206599478668,0.008379206599478668
1616,2017-04-12,1617,1618,2017-04-13,2017-04-17,0.004797438151928901,1.0,0.00985760653691159,0.05426976446200804,0.58984943158464,0.4952978056426332,outer_02,none,0.05,1,row1616_entry1617_exit1618,True,5.0,0.000499875041651048,0.004797438151928901,0.004297563110277854,0.0,0.004297563110277854,-0.005297313193579949,0.004297563110277854,0.004297563110277854
1617,2017-04-13,1618,1619,2017-04-17,2017-04-18,-0.005287792579030004,0.0,0.0006915334056989408,0.04889075644049612,0.6033603024955042,0.4952978056426332,outer_02,none,0.05,1,row1617_entry1618_exit1619,True,5.0,0.000499875041651048,-0.005287792579030004,-0.0057876676206810515,0.0,-0.0057876676206810515,0.0047879175373789565,-0.0057876676206810515,-0.0057876676206810515
1618,2017-04-17,1619,1620,2017-04-18,2017-04-19,0.0039006094615583464,1.0,-0.00202155355206024,0.04422996966613013,0.5112368048335267,0.4952978056426332,outer_02,none,0.05,0,,False,5.0,0.0,0.0,0.0,0.0,0.0,0.0,0.0,0.0
1619,2017-04-18,1620,1621,2017-04-19,2017-04-20,-0.007824309164937482,0.0,0.003852970618098084,0.044129002106330084,0.5652003611825814,0.4952978056426332,outer_02,none,0.05,1,row1619_entry1620_exit1621,True,5.0,0.000499875041651048,-0.007824309164937482,-0.00832418420658853,0.0,-0.00832418420658853,0.007324434123286434,-0.00832418420658853,-0.00832418420658853
1620,2017-04-19,1621,1622,2017-04-20,2017-04-21,0.0015853742811620108,1.0,-0.008299190471771745,0.027172936391939295,0.5588966216204252,0.4952978056426332,outer_02,none,0.05,1,row1620_entry1621_exit1622,True,5.0,0.000499875041651048,0.0015853742811620108,0.001085499239510963,0.0,0.001085499239510963,-0.002085249322813059,-0.002085249322813059,0.001085499239510963
1621,2017-04-20,1622,1623,2017-04-21,2017-04-24,-0.010259476778944787,0.0,0.0017886647196032612,0.02580956712589355,0.5195142116270202,0.4952978056426332,outer_02,none,0.05,0,,False,5.0,0.0,-0.0,-0.0,0.0,-0.0,-0.0,-0.0,-0.0
1622,2017-04-21,1623,1624,2017-04-24,2017-04-25,0.005582038803579437,1.0,0.002229394621832803,0.03077336194394409,0.5016922495781908,0.4952978056426332,outer_02,none,0.05,0,,False,5.0,0.0,0.0,0.0,0.0,0.0,0.0,0.0,0.0
1623,2017-04-24,1624,1625,2017-04-25,2017-04-26,-0.009531834204732803,0.0,-0.00695402227294295,0.02365875772167314,0.43284989446011,0.4952978056426332,outer_02,none,0.05,-1,row1623_entry1624_exit1625,True,5.0,0.000499875041651048,0.009531834204732803,0.009031959163081756,0.0,-0.01003170924638385,0.009031959163081756,0.009031959163081756,-0.01003170924638385
1624,2017-04-25,1625,1626,2017-04-26,2017-04-27,0.004296631705778431,1.0,-0.009508837910041201,0.0073329663105301535,0.4076432404943104,0.4952978056426332,outer_02,none,0.05,-1,row1624_entry1625_exit1626,True,5.0,0.000499875041651048,-0.004296631705778431,-0.004796506747429478,0.0,0.003796756664127383,-0.004796506747429478,-0.004796506747429478,0.003796756664127383
1625,2017-04-26,1626,1627,2017-04-27,2017-04-28,-0.0038297431926466174,0.0,0.004643604446083138,0.014067920359044805,0.42524260217990273,0.4952978056426332,outer_02,none,0.05,-1,row1625_entry1626_exit1627,True,5.0,0.000499875041651048,0.0038297431926466174,0.0033298681509955695,0.0,-0.004329618234297665,0.0033298681509955695,-0.004329618234297665,-0.004329618234297665
1626,2017-04-27,1627,1628,2017-04-28,2017-05-01,0.0036169260845007045,1.0,-0.003923539530002351,0.008866700921625004,0.4765423500430693,0.4952978056426332,outer_02,none,0.05,0,,False,5.0,0.0,0.0,0.0,0.0,0.0,0.0,0.0,0.0
1627,2017-04-28,1628,1629,2017-05-01,2017-05-02,-0.010125505431006765,0.0,0.0029697283517036155,0.01955927959393211,0.49439346843708915,0.4952978056426332,outer_02,none,0.05,0,,False,5.0,0.0,-0.0,-0.0,0.0,-0.0,-0.0,-0.0,-0.0
1628,2017-05-01,1629,1630,2017-05-02,2017-05-03,0.00035827883233974234,1.0,-0.008808466132076198,0.006313298406415591,0.5270733124421214,0.4952978056426332,outer_02,none,0.05,0,,False,5.0,0.0,0.0,0.0,0.0,0.0,0.0,0.0,0.0
1629,2017-05-02,1630,1631,2017-05-03,2017-05-04,-0.014723011629381944,0.0,-9.547982598068216e-05,0.003147977336146468,0.4579330874347056,0.4952978056426332,outer_02,none,0.05,0,,False,5.0,0.0,-0.0,-0.0,0.0,-0.0,-0.0,-0.0,-0.0
1630,2017-05-03,1631,1632,2017-05-04,2017-05-05,-0.007508711610963559,0.0,-0.014587683041138,-0.013974803802936364,0.47781434482441004,0.4952978056426332,outer_02,none,0.05,0,,False,5.0,0.0,-0.0,-0.0,0.0,-0.0,-0.0,-0.0,-0.0
1631,2017-05-04,1632,1633,2017-05-05,2017-05-08,-0.0029589317273632787,0.0,-0.008994346951869403,-0.022355895665281622,0.45571879617673977,0.4952978056426332,outer_02,none,0.05,0,,False,5.0,0.0,-0.0,-0.0,0.0,-0.0,-0.0,-0.0,-0.0
1632,2017-05-05,1633,1634,2017-05-08,2017-05-09,0.0011585312426687366,1.0,8.146573148515301e-05,-0.019530090402566813,0.42823625205931876,0.4952978056426332,outer_02,none,0.05,-1,row1632_entry1633_exit1634,True,5.0,0.000499875041651048,-0.0011585312426687366,-0.0016584062843197846,0.0,0.0006586562010176887,-0.0016584062843197846,0.0006586562010176887,-0.0016584062843197846
1633,2017-05-08,1634,1635,2017-05-09,2017-05-10,-0.004486566237330791,0.0,-0.0011003477393654038,-0.0226495364588315,0.4445121130239244,0.4952978056426332,outer_02,none,0.05,-1,row1633_entry1634_exit1635,True,5.0,0.000499875041651048,0.004486566237330791,0.003986691195679744,0.0,-0.004986441278981839,0.003986691195679744,0.003986691195679744,0.003986691195679744
1634,2017-05-09,1635,1636,2017-05-10,2017-05-11,-0.0014836007491734193,0.0,-0.004044998916701736,-0.026957595725486172,0.4882420248754634,0.4952978056426332,outer_02,none,0.05,0,,False,5.0,0.0,-0.0,-0.0,0.0,-0.0,-0.0,-0.0,-0.0
1635,2017-05-10,1636,1637,2017-05-11,2017-05-12,0.005105474917976416,1.0,-0.0018604656529195296,-0.044083963565452855,0.4668657624742312,0.4952978056426332,outer_02,none,0.05,0,,False,5.0,0.0,0.0,0.0,0.0,0.0,0.0,0.0,0.0
1636,2017-05-11,1637,1638,2017-05-12,2017-05-15,0.003738900688812663,1.0,0.004779411836235425,-0.04916215826612902,0.5599671343642444,0.4952978056426332,outer_02,none,0.05,1,row1636_entry1637_exit1638,True,5.0,0.000499875041651048,0.003738900688812663,0.003239025647161615,0.0,0.003239025647161615,-0.0042387757304637105,0.003239025647161615,-0.0042387757304637105
1637,2017-05-12,1638,1639,2017-05-15,2017-05-16,0.0009426986256961811,1.0,0.0029755739740213727,-0.04687811769780659,0.5294702225443232,0.4952978056426332,outer_02,none,0.05,0,,False,5.0,0.0,0.0,0.0,0.0,0.0,0.0,0.0,0.0
1638,2017-05-15,1639,1640,2017-05-16,2017-05-17,0.004441461958673898,1.0,0.0013015750893856648,-0.04355498905636068,0.528626570572111,0.4952978056426332,outer_02,none,0.05,0,,False,5.0,0.0,0.0,0.0,0.0,0.0,0.0,0.0,0.0
1639,2017-05-16,1640,1641,2017-05-17,2017-05-18,0.018651248477485893,1.0,0.005569464301876437,-0.04183849537258233,0.4571450192407398,0.4952978056426332,outer_02,none,0.05,0,,False,5.0,0.0,0.0,0.0,0.0,0.0,0.0,0.0,0.0
1640,2017-05-17,1641,1642,2017-05-18,2017-05-19,-0.010709201093282772,0.0,0.01878839263716081,-0.014750912263649774,0.4636998650502466,0.4952978056426332,outer_02,none,0.05,0,,False,5.0,0.0,-0.0,-0.0,0.0,-0.0,-0.0,-0.0,-0.0
1641,2017-05-18,1642,1643,2017-05-19,2017-05-22,0.006883979421464126,1.0,-0.01104930725830755,-0.027588884241560585,0.5334734304690275,0.4952978056426332,outer_02,none,0.05,0,,False,5.0,0.0,0.0,0.0,0.0,0.0,0.0,0.0,0.0
1642,2017-05-19,1643,1644,2017-05-22,2017-05-23,0.004198212387087175,1.0,0.007010728625686191,-0.022807550237707197,0.4123652935896943,0.4952978056426332,outer_02,none,0.05,-1,row1642_entry1643_exit1644,True,5.0,0.000499875041651048,-0.004198212387087175,-0.004698087428738222,0.0,0.0036983373454361266,-0.004698087428738222,0.0036983373454361266,-0.004698087428738222
1643,2017-05-22,1644,1645,2017-05-23,2017-05-24,-0.007030815526614553,0.0,0.003784660757818692,-0.012068867206945555,0.4513980450204231,0.4952978056426332,outer_02,none,0.05,0,,False,5.0,0.0,-0.0,-0.0,0.0,-0.0,-0.0,-0.0,-0.0
1644,2017-05-23,1645,1646,2017-05-24,2017-05-25,0.005196265925988541,1.0,-0.006976161316509355,-0.009536190613413709,0.6247843840802729,0.4952978056426332,outer_02,none,0.05,1,row1644_entry1645_exit1646,True,5.0,0.000499875041651048,0.005196265925988541,0.004696390884337494,0.0,0.004696390884337494,-0.005696140967639589,-0.005696140967639589,-0.005696140967639589
1645,2017-05-24,1646,1647,2017-05-25,2017-05-26,-0.0019494191734317212,0.0,0.005578459355340293,-0.008601335704156554,0.5560544586914173,0.4952978056426332,outer_02,none,0.05,1,row1645_entry1646_exit1647,True,5.0,0.000499875041651048,-0.0019494191734317212,-0.002449294215082769,0.0,-0.002449294215082769,0.0014495441317806733,-0.002449294215082769,0.0014495441317806733
1646,2017-05-25,1647,1648,2017-05-26,2017-05-29,0.009299074084482939,1.0,-0.0021002227272699514,-0.006778018901424154,0.4919975362427152,0.4952978056426332,outer_02,none,0.05,0,,False,5.0,0.0,0.0,0.0,0.0,0.0,0.0,0.0,0.0
1647,2017-05-26,1648,1649,2017-05-29,2017-05-30,-0.00042619690942036215,0.0,0.00891932196323797,-0.0008284252898898004,0.4259001445393685,0.4952978056426332,outer_02,none,0.05,-1,row1647_entry1648_exit1649,True,5.0,0.000499875041651048,0.00042619690942036215,-7.36781322306858e-05,0.0,-0.0009260719510714101,-7.36781322306858e-05,-0.0009260719510714101,-7.36781322306858e-05
1648,2017-05-29,1649,1650,2017-05-30,2017-05-31,-0.003344841747821903,0.0,-0.0003473537991220965,0.007632687043064301,0.46215624410809375,0.4952978056426332,outer_02,none,0.05,0,,False,5.0,0.0,-0.0,-0.0,0.0,-0.0,-0.0,-0.0,-0.0
1649,2017-05-30,1650,1651,2017-05-31,2017-06-01,0.0048593840067097105,1.0,-0.002688173661800519,0.005039993207244464,0.4859981960078114,0.4952978056426332,outer_02,none,0.05,0,,False,5.0,0.0,0.0,0.0,0.0,0.0,0.0,0.0,0.0
1650,2017-05-31,1651,1652,2017-06-01,2017-06-02,-0.002359580474098344,0.0,0.004423737366622937,0.0240514136150054,0.43513979386136536,0.4952978056426332,outer_02,none,0.05,-1,row1650_entry1651_exit1652,True,5.0,0.000499875041651048,0.002359580474098344,0.001859705432447296,0.0,-0.002859455515749392,0.001859705432447296,-0.002859455515749392,-0.002859455515749392
1651,2017-06-01,1652,1653,2017-06-02,2017-06-05,0.010883295843017393,1.0,-0.0024306334767363325,0.030615127090138472,0.5599439345129352,0.4952978056426332,outer_02,none,0.05,1,row1651_entry1652_exit1653,True,5.0,0.000499875041651048,0.010883295843017393,0.010383420801366346,0.0,0.010383420801366346,-0.01138317088466844,-0.01138317088466844,0.010383420801366346
1652,2017-06-02,1653,1654,2017-06-05,2017-06-06,0.00042194093453051806,1.0,0.010172323956336271,0.04070598531498959,0.6093948547384406,0.4952978056426332,outer_02,none,0.05,1,row1652_entry1653_exit1654,True,5.0,0.000499875041651048,0.00042194093453051806,-7.793410712052988e-05,0.0,-7.793410712052988e-05,-0.000921815976181566,-7.793410712052988e-05,-7.793410712052988e-05
1653,2017-06-05,1654,1655,2017-06-06,2017-06-07,0.010962526023355679,1.0,0.00068022160645409,0.042486554660809084,0.5965522217659999,0.4952978056426332,outer_02,none,0.05,1,row1653_entry1654_exit1655,True,5.0,0.000499875041651048,0.010962526023355679,0.010462650981704631,0.0,0.010462650981704631,-0.011462401065006726,0.010462650981704631,0.010462650981704631
1654,2017-06-06,1655,1656,2017-06-07,2017-06-08,-0.005881982418459053,0.0,0.011261704114905235,0.057793257692416056,0.555754627946079,0.4952978056426332,outer_02,none,0.05,1,row1654_entry1655_exit1656,True,5.0,0.000499875041651048,-0.005881982418459053,-0.0063818574601101005,0.0,-0.0063818574601101005,0.0053821073768080055,-0.0063818574601101005,-0.0063818574601101005
1655,2017-06-07,1656,1657,2017-06-08,2017-06-09,-0.00518991860500595,0.0,-0.0054945406081445824,0.054159182737191,0.6175612578440782,0.4952978056426332,outer_02,none,0.05,1,row1655_entry1656_exit1657,True,5.0,0.000499875041651048,-0.00518991860500595,-0.005689793646656997,0.0,-0.005689793646656997,0.004690043563354902,0.004690043563354902,-0.005689793646656997
1656,2017-06-08,1657,1658,2017-06-09,2017-06-12,-0.010548198476517001,0.0,-0.0063457133954614164,0.04303405750549416,0.5853428425350549,0.4952978056426332,outer_02,none,0.05,1,row1656_entry1657_exit1658,True,5.0,0.000499875041651048,-0.010548198476517001,-0.011048073518168049,0.0,-0.011048073518168049,0.010048323434865954,0.010048323434865954,-0.011048073518168049
1657,2017-06-09,1658,1659,2017-06-12,2017-06-13,-0.0006555642233543324,0.0,-0.009499971261575979,0.03055851226989681,0.5070115031430725,0.4952978056426332,outer_02,none,0.05,0,,False,5.0,0.0,-0.0,-0.0,0.0,-0.0,-0.0,-0.0,-0.0
1658,2017-06-12,1659,1660,2017-06-13,2017-06-14,0.0006081884465798382,1.0,-0.0007424198488115152,0.02851451733169963,0.5230495418476404,0.4952978056426332,outer_02,none,0.05,0,,False,5.0,0.0,0.0,0.0,0.0,0.0,0.0,0.0,0.0
1659,2017-06-13,1660,1661,2017-06-14,2017-06-15,-0.005082220829534023,0.0,0.00047394863284111466,0.023419001662664307,0.5522142855075545,0.4952978056426332,outer_02,none,0.05,1,row1659_entry1660_exit1661,True,5.0,0.000499875041651048,-0.005082220829534023,-0.005582095871185071,0.0,-0.005582095871185071,0.004582345787882976,-0.005582095871185071,-0.005582095871185071
1660,2017-06-14,1661,1662,2017-06-15,2017-06-16,-0.004534000783226411,0.0,-0.0035046256535586906,0.0011259833719448054,0.5522676151739371,0.4952978056426332,outer_02,none,0.05,1,row1660_entry1661_exit1662,True,5.0,0.000499875041651048,-0.004534000783226411,-0.005033875824877458,0.0,-0.005033875824877458,0.004034125741575363,0.004034125741575363,-0.005033875824877458
1661,2017-06-15,1662,1663,2017-06-16,2017-06-19,-0.0007816052015749975,0.0,-0.0062963789304761875,0.005878911699776168,0.5150392574912079,0.4952978056426332,outer_02,none,0.05,0,,False,5.0,0.0,-0.0,-0.0,0.0,-0.0,-0.0,-0.0,-0.0
1662,2017-06-16,1663,1664,2017-06-19,2017-06-20,-0.007592540077544285,0.0,-0.00042276721711065335,-0.0015545841430206764,0.41192370463125316,0.4952978056426332,outer_02,none,0.05,-1,row1662_entry1663_exit1664,True,5.0,0.000499875041651048,0.007592540077544285,0.007092665035893238,0.0,-0.008092415119195333,0.007092665035893238,0.007092665035893238,0.007092665035893238
1663,2017-06-19,1664,1665,2017-06-20,2017-06-21,-0.0001286401133802073,0.0,-0.008114983470365544,-0.013454228371204913,0.4518749769422348,0.4952978056426332,outer_02,none,0.05,0,,False,5.0,0.0,-0.0,-0.0,0.0,-0.0,-0.0,-0.0,-0.0
1664,2017-06-20,1665,1666,2017-06-21,2017-06-22,0.002104401544477774,1.0,-0.0003459275115247351,-0.006823994566220293,0.4576557126946145,0.4952978056426332,outer_02,none,0.05,0,,False,5.0,0.0,0.0,0.0,0.0,0.0,0.0,0.0,0.0
1665,2017-06-21,1666,1667,2017-06-22,2017-06-23,0.0037400286256730197,1.0,0.0026196326604566167,-0.009782821261103969,0.4666099806463618,0.4952978056426332,outer_02,none,0.05,0,,False,5.0,0.0,0.0,0.0,0.0,0.0,0.0,0.0,0.0
1666,2017-06-22,1667,1668,2017-06-23,2017-06-26,0.005079046938227805,1.0,0.003460876363487131,-0.004221722170346887,0.44490767884040294,0.4952978056426332,outer_02,none,0.05,-1,row1666_entry1667_exit1668,True,5.0,0.000499875041651048,-0.005079046938227805,-0.005578921979878852,0.0,0.004579171896576757,-0.005578921979878852,0.004579171896576757,-0.005578921979878852
1667,2017-06-23,1668,1669,2017-06-26,2017-06-27,-0.010449198665893888,0.0,0.004954118811770769,-0.008186925321814087,0.45811593054056315,0.4952978056426332,outer_02,none,0.05,0,,False,5.0,0.0,-0.0,-0.0,0.0,-0.0,-0.0,-0.0,-0.0
1668,2017-06-26,1669,1670,2017-06-27,2017-06-28,0.002231713725697304,1.0,-0.009844496137452197,-0.017684067660144187,0.500397791926042,0.4952978056426332,outer_02,none,0.05,0,,False,5.0,0.0,0.0,0.0,0.0,0.0,0.0,0.0,0.0
1669,2017-06-27,1670,1671,2017-06-28,2017-06-29,0.0017785900953599665,1.0,0.0020071461115964695,-0.012988747886747198,0.4478025387151034,0.4952978056426332,outer_02,none,0.05,-1,row1669_entry1670_exit1671,True,5.0,0.000499875041651048,-0.0017785900953599665,-0.0022784651370110144,0.0,0.0012787150537089185,-0.0022784651370110144,0.0012787150537089185,-0.0022784651370110144
1670,2017-06-28,1671,1672,2017-06-29,2017-06-30,-0.0027493354392085223,0.0,0.0016428589434225316,-0.015769626309947604,0.48190806396998775,0.4952978056426332,outer_02,none,0.05,0,,False,5.0,0.0,-0.0,-0.0,0.0,-0.0,-0.0,-0.0,-0.0
1671,2017-06-29,1672,1673,2017-06-30,2017-07-03,-0.00300645730037008,0.0,-0.0030072798782381227,-0.016346272711449394,0.5318410241006754,0.4952978056426332,outer_02,none,0.05,0,,False,5.0,0.0,-0.0,-0.0,0.0,-0.0,-0.0,-0.0,-0.0
1672,2017-06-30,1673,1674,2017-07-03,2017-07-04,-0.016739985485863862,0.0,-0.002951907006917942,-0.029470503674703608,0.4349614673356644,0.4952978056426332,outer_02,none,0.05,-1,row1672_entry1673_exit1674,True,5.0,0.000499875041651048,0.016739985485863862,0.016240110444212814,0.0,-0.01723986052751491,0.016240110444212814,0.016240110444212814,0.016240110444212814
1673,2017-07-03,1674,1675,2017-07-04,2017-07-05,0.0020609121102630468,1.0,-0.017855803161419104,-0.0480065284425768,0.37462962810240863,0.4952978056426332,outer_02,none,0.05,-1,row1673_entry1674_exit1675,True,5.0,0.000499875041651048,-0.0020609121102630468,-0.0025607871519140947,0.0,0.0015610370686119988,-0.0025607871519140947,-0.0025607871519140947,-0.0025607871519140947
1674,2017-07-04,1675,1676,2017-07-05,2017-07-06,0.002358289579385442,1.0,0.003209382001857719,-0.05605885055562432,0.39633275347662017,0.4952978056426332,outer_02,none,0.05,-1,row1674_entry1675_exit1676,True,5.0,0.000499875041651048,-0.002358289579385442,-0.00285816462103649,0.0,0.001858414537734394,-0.00285816462103649,0.001858414537734394,-0.00285816462103649
1675,2017-07-05,1676,1677,2017-07-06,2017-07-07,-0.0017294126756022266,0.0,0.0028160870129285698,-0.047748222934551166,0.5044035110503186,0.4952978056426332,outer_02,none,0.05,0,,False,5.0,0.0,-0.0,-0.0,0.0,-0.0,-0.0,-0.0,-0.0
1676,2017-07-06,1677,1678,2017-07-07,2017-07-10,-0.009277135933578151,0.0,-0.0018193467609615155,-0.043221856300051265,0.5896729734475321,0.4952978056426332,outer_02,none,0.05,1,row1676_entry1677_exit1678,True,5.0,0.000499875041651048,-0.009277135933578151,-0.009777010975229199,0.0,-0.009777010975229199,0.008777260891927104,0.008777260891927104,0.008777260891927104
1677,2017-07-07,1678,1679,2017-07-10,2017-07-11,0.0007578628631019768,1.0,-0.010177369526669366,-0.04389925456514465,0.4639667383106531,0.4952978056426332,outer_02,none,0.05,0,,False,5.0,0.0,0.0,0.0,0.0,0.0,0.0,0.0,0.0
1678,2017-07-10,1679,1680,2017-07-11,2017-07-12,0.0018921481520379757,1.0,0.0016897117086696056,-0.04146712300766353,0.413592475728114,0.4952978056426332,outer_02,none,0.05,-1,row1678_entry1679_exit1680,True,5.0,0.000499875041651048,-0.0018921481520379757,-0.0023920231936890237,0.0,0.0013922731103869278,-0.0023920231936890237,0.0013922731103869278,-0.0023920231936890237
1679,2017-07-11,1680,1681,2017-07-12,2017-07-13,0.0014372833716693734,1.0,0.002434752339946833,-0.03950631930055781,0.49121259180964394,0.4952978056426332,outer_02,none,0.05,0,,False,5.0,0.0,0.0,0.0,0.0,0.0,0.0,0.0,0.0
1680,2017-07-12,1681,1682,2017-07-13,2017-07-14,-0.000870336366026514,0.0,0.002404251676114022,-0.0335974419708851,0.5885061744711029,0.4952978056426332,outer_02,none,0.05,1,row1680_entry1681_exit1682,True,5.0,0.000499875041651048,-0.000870336366026514,-0.001370211407677562,0.0,-0.001370211407677562,0.00037046132437546604,-0.001370211407677562,0.00037046132437546604
1681,2017-07-13,1682,1683,2017-07-14,2017-07-17,0.009939025968103365,1.0,-0.002166030285170706,-0.02946709332557962,0.5938794121773121,0.4952978056426332,outer_02,none,0.05,1,row1681_entry1682_exit1683,True,5.0,0.000499875041651048,0.009939025968103365,0.009439150926452318,0.0,0.009439150926452318,-0.010438901009754413,-0.010438901009754413,-0.010438901009754413
1682,2017-07-14,1683,1684,2017-07-17,2017-07-18,0.003564053149789359,1.0,0.009246645424382471,-0.019797680684086494,0.4579159411102882,0.4952978056426332,outer_02,none,0.05,0,,False,5.0,0.0,0.0,0.0,0.0,0.0,0.0,0.0,0.0
1683,2017-07-17,1684,1685,2017-07-18,2017-07-19,0.007146550222622672,1.0,0.0038986087504637723,-0.007784088463257177,0.5347425237580034,0.4952978056426332,outer_02,none,0.05,0,,False,5.0,0.0,0.0,0.0,0.0,0.0,0.0,0.0,0.0
1684,2017-07-18,1685,1686,2017-07-19,2017-07-20,-0.001401056657940103,0.0,0.006802307659487639,-0.0006358532922448035,0.531291605375863,0.4952978056426332,outer_02,none,0.05,0,,False,5.0,0.0,-0.0,-0.0,0.0,-0.0,-0.0,-0.0,-0.0
1685,2017-07-19,1686,1687,2017-07-20,2017-07-21,0.0025510320561830113,1.0,-0.0007248828423529474,-0.003980368795054368,0.5210622595593134,0.4952978056426332,outer_02,none,0.05,0,,False,5.0,0.0,0.0,0.0,0.0,0.0,0.0,0.0,0.0
1686,2017-07-20,1687,1688,2017-07-21,2017-07-24,0.008865760286358437,1.0,0.002808007477174357,-0.004633237681367142,0.5133497477469302,0.4952978056426332,outer_02,none,0.05,0,,False,5.0,0.0,0.0,0.0,0.0,0.0,0.0,0.0,0.0
1687,2017-07-21,1688,1689,2017-07-24,2017-07-25,-0.0005418499526976817,0.0,0.008066237739754456,-0.0015211187533834547,0.47512262086603946,0.4952978056426332,outer_02,none,0.05,0,,False,5.0,0.0,-0.0,-0.0,0.0,-0.0,-0.0,-0.0,-0.0
1688,2017-07-24,1689,1690,2017-07-25,2017-07-26,-0.0039212134912816055,0.0,0.0004860538499915634,0.008809431234060305,0.5493203801155033,0.4952978056426332,outer_02,none,0.05,0,,False,5.0,0.0,-0.0,-0.0,0.0,-0.0,-0.0,-0.0,-0.0
1689,2017-07-25,1690,1691,2017-07-26,2017-07-27,0.008279558495464023,1.0,-0.004471029635462642,0.0023312554870011937,0.49949148648099706,0.4952978056426332,outer_02,none,0.05,0,,False,5.0,0.0,0.0,0.0,0.0,0.0,0.0,0.0,0.0
1690,2017-07-26,1691,1692,2017-07-27,2017-07-28,-0.000746250917827318,0.0,0.008866641108500772,0.009555037652079434,0.4522347650544452,0.4952978056426332,outer_02,none,0.05,0,,False,5.0,0.0,-0.0,-0.0,0.0,-0.0,-0.0,-0.0,-0.0
1691,2017-07-27,1692,1693,2017-07-28,2017-07-31,0.008997174974645361,1.0,-0.0019211996732000358,0.010641117857117521,0.5456913027361234,0.4952978056426332,outer_02,none,0.05,0,,False,5.0,0.0,0.0,0.0,0.0,0.0,0.0,0.0,0.0
1692,2017-07-28,1693,1694,2017-07-31,2017-08-01,-0.0008425164178831324,0.0,0.008301298398005308,0.02189432326204077,0.5542360926611493,0.4952978056426332,outer_02,none,0.05,1,row1692_entry1693_exit1694,True,5.0,0.000499875041651048,-0.0008425164178831324,-0.0013423914595341803,0.0,-0.0013423914595341803,0.0003426413762320844,-0.0013423914595341803,-0.0013423914595341803
1693,2017-07-31,1694,1695,2017-08-01,2017-08-02,-0.000677677640509522,0.0,0.0003624501670698166,0.04011257659052969,0.5947220213995257,0.4952978056426332,outer_02,none,0.05,1,row1693_entry1694_exit1695,True,5.0,0.000499875041651048,-0.000677677640509522,-0.00117755268216057,0.0,-0.00117755268216057,0.000177802598858474,-0.00117755268216057,-0.00117755268216057
1694,2017-08-01,1695,1696,2017-08-02,2017-08-03,-0.001956808817746847,0.0,-0.00035456941855649404,0.03654862517011548,0.5238096891526451,0.4952978056426332,outer_02,none,0.05,0,,False,5.0,0.0,-0.0,-0.0,0.0,-0.0,-0.0,-0.0,-0.0
1695,2017-08-02,1696,1697,2017-08-03,2017-08-04,0.0017991435250692689,1.0,-0.002161651269726228,0.03157088688746068,0.4796748505076106,0.4952978056426332,outer_02,none,0.05,0,,False,5.0,0.0,0.0,0.0,0.0,0.0,0.0,0.0,0.0
1696,2017-08-03,1697,1698,2017-08-04,2017-08-07,-0.008924847900265931,0.0,0.0021064847258562835,0.03549671837427848,0.5018084823846178,0.4952978056426332,outer_02,none,0.05,0,,False,5.0,0.0,-0.0,-0.0,0.0,-0.0,-0.0,-0.0,-0.0
1697,2017-08-04,1698,1699,2017-08-07,2017-08-08,-5.568349502915737e-05,0.0,-0.00800770229013903,0.03766638561080882,0.4439160113291267,0.4952978056426332,outer_02,none,0.05,-1,row1697_entry1698_exit1699,True,5.0,0.000499875041651048,5.568349502915737e-05,-0.0004441915466218906,0.0,-0.0005555585366802053,-0.0004441915466218906,-0.0004441915466218906,-0.0005555585366802053
1698,2017-08-07,1699,1700,2017-08-08,2017-08-09,0.003050066304679966,1.0,-0.0008424734244920629,0.03513420047764715,0.4427507729724976,0.4952978056426332,outer_02,none,0.05,-1,row1698_entry1699_exit1700,True,5.0,0.000499875041651048,-0.003050066304679966,-0.003549941346331014,0.0,0.002550191263028918,-0.003549941346331014,-0.003549941346331014,0.002550191263028918
1699,2017-08-08,1700,1701,2017-08-09,2017-08-10,0.01293045046401975,1.0,0.0024380474352412307,0.035137495572941546,0.4775773063626165,0.4952978056426332,outer_02,none,0.05,0,,False,5.0,0.0,0.0,0.0,0.0,0.0,0.0,0.0,0.0
1700,2017-08-09,1701,1702,2017-08-10,2017-08-11,0.006873576380619362,1.0,0.013120083556663609,0.04585332745349113,0.5668941015104954,0.4952978056426332,outer_02,none,0.05,1,row1700_entry1701_exit1702,True,5.0,0.000499875041651048,0.006873576380619362,0.006373701338968314,0.0,0.006373701338968314,-0.007373451422270409,0.006373701338968314,0.006373701338968314
1701,2017-08-10,1702,1703,2017-08-11,2017-08-14,0.002469482198040218,1.0,0.006912074452852579,0.05493143219151442,0.5900714890830756,0.4952978056426332,outer_02,none,0.05,1,row1701_entry1702_exit1703,True,5.0,0.000499875041651048,0.002469482198040218,0.0019696071563891702,0.0,0.0019696071563891702,-0.002969357239691266,0.0019696071563891702,0.0019696071563891702
1702,2017-08-11,1703,1704,2017-08-14,2017-08-15,-0.006489588114706457,0.0,0.0032289891677406146,0.04891377593487256,0.5003243174599546,0.4952978056426332,outer_02,none,0.05,0,,False,5.0,0.0,-0.0,-0.0,0.0,-0.0,-0.0,-0.0,-0.0
1703,2017-08-14,1704,1705,2017-08-15,2017-08-16,-0.007538275416203888,0.0,-0.007084809800469216,0.03793035738393957,0.5097448722463844,0.4952978056426332,outer_02,none,0.05,0,,False,5.0,0.0,-0.0,-0.0,0.0,-0.0,-0.0,-0.0,-0.0
1704,2017-08-15,1705,1706,2017-08-16,2017-08-17,0.009628254419348892,1.0,-0.007662152323661076,0.02346589740079086,0.5089968156342535,0.4952978056426332,outer_02,none,0.05,0,,False,5.0,0.0,0.0,0.0,0.0,0.0,0.0,0.0,0.0
1705,2017-08-16,1706,1707,2017-08-17,2017-08-18,0.0038410148924512555,1.0,0.009050402337990704,0.03324118258113451,0.5716835696275471,0.4952978056426332,outer_02,none,0.05,1,row1705_entry1706_exit1707,True,5.0,0.000499875041651048,0.0038410148924512555,0.0033411398508002075,0.0,0.0033411398508002075,-0.004340889934102303,0.0033411398508002075,0.0033411398508002075
1706,2017-08-17,1707,1708,2017-08-18,2017-08-21,-0.004355305961356137,0.0,0.0036253064032525373,0.03405848150721269,0.6522664931953871,0.4952978056426332,outer_02,none,0.05,1,row1706_entry1707_exit1708,True,5.0,0.000499875041651048,-0.004355305961356137,-0.004855181003007185,0.0,-0.004855181003007185,0.0038554309197050894,-0.004855181003007185,-0.004855181003007185
1707,2017-08-18,1708,1709,2017-08-21,2017-08-22,0.006030153406765493,1.0,-0.0024257891818857402,0.023566454585572494,0.6085215222952477,0.4952978056426332,outer_02,none,0.05,1,row1707_entry1708_exit1709,True,5.0,0.000499875041651048,0.006030153406765493,0.005530278365114445,0.0,0.005530278365114445,-0.00653002844841654,-0.00653002844841654,0.005530278365114445
1708,2017-08-21,1709,1710,2017-08-22,2017-08-23,-0.004814982315399341,0.0,0.005411062767833208,0.02849146350341414,0.5187242438443034,0.4952978056426332,outer_02,none,0.05,0,,False,5.0,0.0,-0.0,-0.0,0.0,-0.0,-0.0,-0.0,-0.0
1709,2017-08-22,1710,1711,2017-08-23,2017-08-24,0.00451278674607547,1.0,-0.005146428078908194,0.027816065059968587,0.5850185750622543,0.4952978056426332,outer_02,none,0.05,1,row1709_entry1710_exit1711,True,5.0,0.000499875041651048,0.00451278674607547,0.0040129117044244225,0.0,0.0040129117044244225,-0.0050126617877265175,-0.0050126617877265175,0.0040129117044244225
1710,2017-08-23,1711,1712,2017-08-24,2017-08-25,-0.0033379681826408714,0.0,0.004255656030526467,0.02320507998199428,0.5722655171763061,0.4952978056426332,outer_02,none,0.05,1,row1710_entry1711_exit1712,True,5.0,0.000499875041651048,-0.0033379681826408714,-0.0038378432242919193,0.0,-0.0038378432242919193,0.0028380931409898234,-0.0038378432242919193,-0.0038378432242919193
1711,2017-08-24,1712,1713,2017-08-25,2017-08-28,0.004979572367254548,1.0,-0.0033299857286159806,0.021796293926578336,0.5881494034718269,0.4952978056426332,outer_02,none,0.05,1,row1711_entry1712_exit1713,True,5.0,0.000499875041651048,0.004979572367254548,0.0044796973256035,0.0,0.0044796973256035,-0.005479447408905595,-0.005479447408905595,0.0044796973256035
1712,2017-08-25,1713,1714,2017-08-28,2017-08-29,0.016611996326797218,1.0,0.004127844720323459,0.017622840248896487,0.5460341471314605,0.4952978056426332,outer_02,none,0.05,0,,False,5.0,0.0,0.0,0.0,0.0,0.0,0.0,0.0,0.0
1713,2017-08-28,1714,1715,2017-08-29,2017-08-30,-0.0029645231799673155,0.0,0.013948278484749999,0.03120866856657667,0.49089127488767526,0.4952978056426332,outer_02,none,0.05,0,,False,5.0,0.0,-0.0,-0.0,0.0,-0.0,-0.0,-0.0,-0.0
1714,2017-08-29,1715,1716,2017-08-30,2017-08-31,-0.0014053098576498613,0.0,-9.92711209661934e-05,0.03146396686416697,0.618439973486031,0.4952978056426332,outer_02,none,0.05,1,row1714_entry1715_exit1716,True,5.0,0.000499875041651048,-0.0014053098576498613,-0.0019051848993009092,0.0,-0.0019051848993009092,0.0009054348159988133,0.0009054348159988133,-0.0019051848993009092
1715,2017-08-30,1716,1717,2017-08-31,2017-09-01,0.010227253862018948,1.0,-0.0010161864850655178,0.03260943164882768,0.5438671215912164,0.4952978056426332,outer_02,none,0.05,0,,False,5.0,0.0,0.0,0.0,0.0,0.0,0.0,0.0,0.0
1716,2017-08-31,1717,1718,2017-09-01,2017-09-04,0.010033843679832621,1.0,0.01008542295724002,0.04058836988021142,0.4890389691213483,0.4952978056426332,outer_02,none,0.05,0,,False,5.0,0.0,0.0,0.0,0.0,0.0,0.0,0.0,0.0
1717,2017-09-01,1718,1719,2017-09-04,2017-09-05,-0.001266548674746737,0.0,0.0024036292751477006,0.05099970144549815,0.6350248904161676,0.4952978056426332,outer_02,none,0.05,1,row1717_entry1718_exit1719,True,5.0,0.000499875041651048,-0.001266548674746737,-0.0017664237163977849,0.0,-0.0017664237163977849,0.000766673633095689,-0.0017664237163977849,-0.0017664237163977849
1718,2017-09-04,1719,1720,2017-09-05,2017-09-06,0.004578961275753635,1.0,0.0070489844450216665,0.058891159315011876,0.557387351188326,0.4952978056426332,outer_02,none,0.05,1,row1718_entry1719_exit1720,True,5.0,0.000499875041651048,0.004578961275753635,0.004079086234102587,0.0,0.004079086234102587,-0.005078836317404682,0.004079086234102587,0.004079086234102587
1719,2017-09-05,1720,1721,2017-09-06,2017-09-07,-0.004159098774552561,0.0,0.004480337797444278,0.060933449677214924,0.6171956022297426,0.4952978056426332,outer_02,none,0.05,1,row1719_entry1720_exit1721,True,5.0,0.000499875041651048,-0.004159098774552561,-0.0046589738162036085,0.0,-0.0046589738162036085,0.003659223732901513,-0.0046589738162036085,-0.0046589738162036085
1720,2017-09-06,1721,1722,2017-09-07,2017-09-08,0.01083275896370317,1.0,-0.004442856116611438,0.04337051000393988,0.6176031686426038,0.4952978056426332,outer_02,none,0.05,1,row1720_entry1721_exit1722,True,5.0,0.000499875041651048,0.01083275896370317,0.010332883922052123,0.0,0.010332883922052123,-0.011332634005354218,-0.011332634005354218,0.010332883922052123
1721,2017-09-07,1722,1723,2017-09-08,2017-09-11,-0.007181399490866269,0.0,0.011403906960209653,0.04786234251129695,0.5819190424561028,0.4952978056426332,outer_02,none,0.05,1,row1721_entry1722_exit1723,True,5.0,0.000499875041651048,-0.007181399490866269,-0.007681274532517317,0.0,-0.007681274532517317,0.006681524449215222,-0.007681274532517317,-0.007681274532517317
1722,2017-09-08,1723,1724,2017-09-11,2017-09-12,-0.008610978882040321,0.0,-0.0020995708416453596,0.04253378250191098,0.5586291694242537,0.4952978056426332,outer_02,none,0.05,1,row1722_entry1723_exit1724,True,5.0,0.000499875041651048,-0.008610978882040321,-0.009110853923691369,0.0,-0.009110853923691369,0.008111103840389274,0.008111103840389274,-0.009110853923691369
1723,2017-09-11,1724,1725,2017-09-12,2017-09-13,0.004329759532198274,1.0,-0.014384647354130031,0.03523394494825016,0.491001424283148,0.4952978056426332,outer_02,none,0.05,0,,False,5.0,0.0,0.0,0.0,0.0,0.0,0.0,0.0,0.0
1724,2017-09-12,1725,1726,2017-09-13,2017-09-14,-0.007634774387351051,0.0,0.003016729702831178,0.045912826974742416,0.5470815098711473,0.4952978056426332,outer_02,none,0.05,0,,False,5.0,0.0,-0.0,-0.0,0.0,-0.0,-0.0,-0.0,-0.0
1725,2017-09-13,1726,1727,2017-09-14,2017-09-15,0.005660143613478219,1.0,-0.006223977051655893,0.030638447585095818,0.576902077521383,0.4952978056426332,outer_02,none,0.05,1,row1725_entry1726_exit1727,True,5.0,0.000499875041651048,0.005660143613478219,0.0051602685718271715,0.0,0.0051602685718271715,-0.0061600186551292666,-0.0061600186551292666,0.0051602685718271715
1726,2017-09-14,1727,1728,2017-09-15,2017-09-18,-0.009249153296214452,0.0,0.00494617529782726,0.03195931647967054,0.5268711415105749,0.4952978056426332,outer_02,none,0.05,0,,False,5.0,0.0,-0.0,-0.0,0.0,-0.0,-0.0,-0.0,-0.0
1727,2017-09-15,1728,1729,2017-09-18,2017-09-19,-0.008118856477658198,0.0,-0.006996650992515008,0.027388454669041273,0.5007432532995104,0.4952978056426332,outer_02,none,0.05,0,,False,5.0,0.0,-0.0,-0.0,0.0,-0.0,-0.0,-0.0,-0.0
1728,2017-09-18,1729,1730,2017-09-19,2017-09-20,0.002261010014895426,1.0,-0.00997161428259119,0.012005777618616875,0.45349058519062935,0.4952978056426332,outer_02,none,0.05,0,,False,5.0,0.0,0.0,0.0,0.0,0.0,0.0,0.0,0.0
1729,2017-09-19,1730,1731,2017-09-20,2017-09-21,-0.00705964555873706,0.0,0.0028341290660867102,0.01998633476361178,0.45123592573082666,0.4952978056426332,outer_02,none,0.05,0,,False,5.0,0.0,-0.0,-0.0,0.0,-0.0,-0.0,-0.0,-0.0
1730,2017-09-20,1731,1732,2017-09-21,2017-09-22,-0.007543305444300152,0.0,-0.00828812318601102,0.007442555547074292,0.5655368424202064,0.4952978056426332,outer_02,none,0.05,1,row1730_entry1731_exit1732,True,5.0,0.000499875041651048,-0.007543305444300152,-0.0080431804859512,0.0,-0.0080431804859512,0.007043430402649105,0.007043430402649105,-0.0080431804859512
1731,2017-09-21,1732,1733,2017-09-22,2017-09-25,0.0033544628765076467,1.0,-0.006838293154866726,0.003934248120823547,0.5450304038368925,0.4952978056426332,outer_02,none,0.05,0,,False,5.0,0.0,0.0,0.0,0.0,0.0,0.0,0.0,0.0
1732,2017-09-22,1733,1734,2017-09-25,2017-09-26,0.01042411723509229,1.0,0.004381582754348301,0.004187986154848389,0.43112555348977766,0.4952978056426332,outer_02,none,0.05,-1,row1732_entry1733_exit1734,True,5.0,0.000499875041651048,-0.01042411723509229,-0.010923992276743337,0.0,0.009924242193441242,-0.010923992276743337,0.009924242193441242,0.009924242193441242
1733,2017-09-25,1734,1735,2017-09-26,2017-09-27,-0.012517404420524514,0.0,0.010271764196740918,0.0005114718668393081,0.46396102715305854,0.4952978056426332,outer_02,none,0.05,0,,False,5.0,0.0,-0.0,-0.0,0.0,-0.0,-0.0,-0.0,-0.0
1734,2017-09-26,1735,1736,2017-09-27,2017-09-28,-0.007793618285015569,0.0,-0.012657230204090375,-0.012046487216284874,0.5609129288582622,0.4952978056426332,outer_02,none,0.05,1,row1734_entry1735_exit1736,True,5.0,0.000499875041651048,-0.007793618285015569,-0.008293493326666616,0.0,-0.008293493326666616,0.007293743243364521,0.007293743243364521,0.007293743243364521
1735,2017-09-27,1736,1737,2017-09-28,2017-09-29,0.0026538529496802354,1.0,-0.00903746892456514,-0.020067769655784495,0.6010738766097672,0.4952978056426332,outer_02,none,0.05,1,row1735_entry1736_exit1737,True,5.0,0.000499875041651048,0.0026538529496802354,0.0021539779080291875,0.0,0.0021539779080291875,-0.0031537279913312834,-0.0031537279913312834,-0.0031537279913312834
1736,2017-09-28,1737,1738,2017-09-29,2017-10-02,-0.00598696820213096,0.0,0.003752232774519193,-0.026400959838505322,0.569578950756405,0.4952978056426332,outer_02,none,0.05,1,row1736_entry1737_exit1738,True,5.0,0.000499875041651048,-0.00598696820213096,-0.0064868432437820076,0.0,-0.0064868432437820076,0.0054870931604799125,-0.0064868432437820076,0.0054870931604799125
1737,2017-09-29,1738,1739,2017-10-02,2017-10-03,-0.006495108375850656,0.0,-0.005930619210202437,-0.03473520832385546,0.6677915927116866,0.4952978056426332,outer_02,none,0.05,1,row1737_entry1738_exit1739,True,5.0,0.000499875041651048,-0.006495108375850656,-0.006994983417501703,0.0,-0.006994983417501703,0.005995233334199608,0.005995233334199608,0.005995233334199608
1738,2017-10-02,1739,1740,2017-10-03,2017-10-04,0.0006057959911638378,1.0,-0.006603116937053954,-0.04838730970593108,0.6525395251465821,0.4952978056426332,outer_02,none,0.05,1,row1738_entry1739_exit1740,True,5.0,0.000499875041651048,0.0006057959911638378,0.00010592094951278981,0.0,0.00010592094951278981,-0.0011056710328148857,-0.0011056710328148857,-0.0011056710328148857
1739,2017-10-03,1740,1741,2017-10-04,2017-10-05,0.002772532515376902,1.0,0.00046411196157336576,-0.05240353554180199,0.5660436621311407,0.4952978056426332,outer_02,none,0.05,1,row1739_entry1740_exit1741,True,5.0,0.000499875041651048,0.002772532515376902,0.002272657473725854,0.0,0.002272657473725854,-0.00327240755702795,0.002272657473725854,-0.00327240755702795
1740,2017-10-04,1741,1742,2017-10-05,2017-10-06,-0.00491413071359581,0.0,0.0024350215080977122,-0.04552565791709284,0.6413641032725957,0.4952978056426332,outer_02,none,0.05,1,row1740_entry1741_exit1742,True,5.0,0.000499875041651048,-0.00491413071359581,-0.005414005755246858,0.0,-0.005414005755246858,0.004414255671944763,-0.005414005755246858,0.004414255671944763
1741,2017-10-05,1742,1743,2017-10-06,2017-10-09,0.0056511313114659956,1.0,-0.00556210401740298,-0.06249166889470548,0.6493015822898378,0.4952978056426332,outer_02,none,0.05,1,row1741_entry1742_exit1743,True,5.0,0.000499875041651048,0.0056511313114659956,0.005151256269814948,0.0,0.005151256269814948,-0.006151006353117043,-0.006151006353117043,-0.006151006353117043
1742,2017-10-06,1743,1744,2017-10-09,2017-10-10,0.0061102532622454575,1.0,0.006761723105836559,-0.05363037494722356,0.5708948169939101,0.4952978056426332,outer_02,none,0.05,1,row1742_entry1743_exit1744,True,5.0,0.000499875041651048,0.0061102532622454575,0.00561037822059441,0.0,0.00561037822059441,-0.006610128303896505,0.00561037822059441,-0.006610128303896505
1743,2017-10-09,1744,1745,2017-10-10,2017-10-11,0.0032042584909639515,1.0,0.006070070315423948,-0.03317565727766958,0.5231312974855631,0.4952978056426332,outer_02,none,0.05,0,,False,5.0,0.0,0.0,0.0,0.0,0.0,0.0,0.0,0.0
1744,2017-10-10,1745,1746,2017-10-11,2017-10-12,0.0028534008148062284,1.0,0.003095038747927603,-0.033097348232573154,0.5589285395440152,0.4952978056426332,outer_02,none,0.05,1,row1744_entry1745_exit1746,True,5.0,0.000499875041651048,0.0028534008148062284,0.0023535257731551805,0.0,0.0023535257731551805,-0.0033532758564572764,0.0023535257731551805,-0.0033532758564572764
1745,2017-10-11,1746,1747,2017-10-12,2017-10-13,0.0016478483066890703,1.0,0.002636437066262154,-0.024236934114655106,0.5711902768233883,0.4952978056426332,outer_02,none,0.05,1,row1745_entry1746_exit1747,True,5.0,0.000499875041651048,0.0016478483066890703,0.0011479732650380224,0.0,0.0011479732650380224,-0.0021477233483401183,0.0011479732650380224,-0.0021477233483401183
1746,2017-10-12,1747,1748,2017-10-13,2017-10-16,0.007447117386758073,1.0,0.0015089436777193654,-0.027674165734763,0.5864031193509498,0.4952978056426332,outer_02,none,0.05,1,row1746_entry1747_exit1748,True,5.0,0.000499875041651048,0.007447117386758073,0.006947242345107026,0.0,0.006947242345107026,-0.00794699242840912,0.006947242345107026,-0.00794699242840912
1747,2017-10-13,1748,1749,2017-10-16,2017-10-17,-0.005732526730604981,0.0,0.007725614858653529,-0.012951899883594464,0.586762246202193,0.4952978056426332,outer_02,none,0.05,1,row1747_entry1748_exit1749,True,5.0,0.000499875041651048,-0.005732526730604981,-0.0062324017722560285,0.0,-0.0062324017722560285,0.0052326516889539335,-0.0062324017722560285,0.0052326516889539335
1748,2017-10-16,1749,1750,2017-10-17,2017-10-18,-0.008485758895321105,0.0,-0.006720915874671718,-0.009701201475674992,0.5522933702652212,0.4952978056426332,outer_02,none,0.05,1,row1748_entry1749_exit1750,True,5.0,0.000499875041651048,-0.008485758895321105,-0.008985633936972152,0.0,-0.008985633936972152,0.007985883853670057,0.007985883853670057,0.007985883853670057
1749,2017-10-17,1750,1751,2017-10-18,2017-10-19,-0.0027744240997309433,0.0,-0.007310931850896374,-0.019846262392658076,0.5198556675044447,0.4952978056426332,outer_02,none,0.05,0,,False,5.0,0.0,-0.0,-0.0,0.0,-0.0,-0.0,-0.0,-0.0
1750,2017-10-18,1751,1752,2017-10-19,2017-10-20,0.0062781975385837185,1.0,-0.003374971538843141,-0.014933110745490197,0.5249504231846902,0.4952978056426332,outer_02,none,0.05,0,,False,5.0,0.0,0.0,0.0,0.0,0.0,0.0,0.0,0.0
1751,2017-10-19,1752,1753,2017-10-20,2017-10-23,-0.009514345129503887,0.0,0.00665328094220019,-0.0014415366484232806,0.5874488661318334,0.4952978056426332,outer_02,none,0.05,1,row1751_entry1752_exit1753,True,5.0,0.000499875041651048,-0.009514345129503887,-0.010014220171154935,0.0,-0.010014220171154935,0.00901447008785284,-0.010014220171154935,0.00901447008785284
1752,2017-10-20,1753,1754,2017-10-23,2017-10-24,0.0033688092920716173,1.0,-0.007199959493215502,-0.013023078895987084,0.5401896868805575,0.4952978056426332,outer_02,none,0.05,0,,False,5.0,0.0,0.0,0.0,0.0,0.0,0.0,0.0,0.0
1753,2017-10-23,1754,1755,2017-10-24,2017-10-25,-0.004081542575948838,0.0,0.0014207430845276647,-0.021874100008200337,0.42692853263980424,0.4952978056426332,outer_02,none,0.05,-1,row1753_entry1754_exit1755,True,5.0,0.000499875041651048,0.004081542575948838,0.00358166753429779,0.0,-0.004581417617599885,0.00358166753429779,-0.004581417617599885,0.00358166753429779
1754,2017-10-24,1755,1756,2017-10-25,2017-10-26,0.0012919443207337622,1.0,-0.004268299163038947,-0.013485168967148908,0.4108259089334873,0.4952978056426332,outer_02,none,0.05,-1,row1754_entry1755_exit1756,True,5.0,0.000499875041651048,-0.0012919443207337622,-0.0017918193623848101,0.0,0.0007920692790827142,-0.0017918193623848101,-0.0017918193623848101,-0.0017918193623848101
1755,2017-10-25,1756,1757,2017-10-26,2017-10-27,-0.008155421621856007,0.0,0.0006969923887094609,-0.003750707653874308,0.4689598428767113,0.4952978056426332,outer_02,none,0.05,0,,False,5.0,0.0,-0.0,-0.0,0.0,-0.0,-0.0,-0.0,-0.0
1756,2017-10-26,1757,1758,2017-10-27,2017-10-30,0.00447878837686666,1.0,-0.008222476423437541,-0.015725416851831042,0.4804149821900152,0.4952978056426332,outer_02,none,0.05,0,,False,5.0,0.0,0.0,0.0,0.0,0.0,0.0,0.0,0.0
1757,2017-10-27,1758,1759,2017-10-30,2017-10-31,0.0021260996448662084,1.0,0.005141075673378737,-0.004653721968249869,0.4392013090605439,0.4952978056426332,outer_02,none,0.05,-1,row1757_entry1758_exit1759,True,5.0,0.000499875041651048,-0.0021260996448662084,-0.0026259746865172563,0.0,0.0016262246032151604,-0.0026259746865172563,0.0016262246032151604,-0.0026259746865172563
1758,2017-10-30,1759,1760,2017-10-31,2017-11-01,-0.004453510665588745,0.0,0.0020239745832348888,0.0039733695520389745,0.4706967539356108,0.4952978056426332,outer_02,none,0.05,0,,False,5.0,0.0,-0.0,-0.0,0.0,-0.0,-0.0,-0.0,-0.0
1759,2017-10-31,1760,1761,2017-11-01,2017-11-02,0.003951813507684143,1.0,-0.0039340296751673165,-0.0004247720847017078,0.49087565804505223,0.4952978056426332,outer_02,none,0.05,0,,False,5.0,0.0,0.0,0.0,0.0,0.0,0.0,0.0,0.0
1760,2017-11-01,1761,1762,2017-11-02,2017-11-03,0.0014886784853818114,1.0,0.00276564493199416,-9.414866080525996e-05,0.49023722679821563,0.4952978056426332,outer_02,none,0.05,0,,False,5.0,0.0,0.0,0.0,0.0,0.0,0.0,0.0,0.0
1761,2017-11-02,1762,1763,2017-11-03,2017-11-06,-0.006149225987626572,0.0,0.0012780957331903764,0.0067460510897880965,0.5363963005975743,0.4952978056426332,outer_02,none,0.05,0,,False,5.0,0.0,-0.0,-0.0,0.0,-0.0,-0.0,-0.0,-0.0
1762,2017-11-03,1763,1764,2017-11-06,2017-11-07,0.009151174816744323,1.0,-0.004807210633753556,-0.004822882649802018,0.46495697706366207,0.4952978056426332,outer_02,none,0.05,0,,False,5.0,0.0,0.0,0.0,0.0,0.0,0.0,0.0,0.0
1763,2017-11-06,1764,1765,2017-11-07,2017-11-08,-0.0034483197237502594,0.0,0.008982941197351657,-0.001910011767874309,0.4532637030339025,0.4952978056426332,outer_02,none,0.05,0,,False,5.0,0.0,-0.0,-0.0,0.0,-0.0,-0.0,-0.0,-0.0
1764,2017-11-07,1765,1766,2017-11-08,2017-11-09,0.003752701655178825,1.0,-0.004896908937555899,-0.009901959453357811,0.5728412833183656,0.4952978056426332,outer_02,none,0.05,1,row1764_entry1765_exit1766,True,5.0,0.000499875041651048,0.003752701655178825,0.003252826613527777,0.0,0.003252826613527777,-0.0042525766968298725,-0.0042525766968298725,-0.0042525766968298725
1765,2017-11-08,1766,1767,2017-11-09,2017-11-10,0.002945372521326206,1.0,0.0046393630363796845,-0.007899033483240281,0.5629568817716338,0.4952978056426332,outer_02,none,0.05,1,row1765_entry1766_exit1767,True,5.0,0.000499875041651048,0.002945372521326206,0.002445497479675158,0.0,0.002445497479675158,-0.003445247562977254,0.002445497479675158,-0.003445247562977254
1766,2017-11-09,1767,1768,2017-11-10,2017-11-13,-0.008054070355482779,0.0,0.0027048216070379993,-0.006703155553921647,0.5557219881249341,0.4952978056426332,outer_02,none,0.05,1,row1766_entry1767_exit1768,True,5.0,0.000499875041651048,-0.008054070355482779,-0.008553945397133826,0.0,-0.008553945397133826,0.007554195313831731,-0.008553945397133826,0.007554195313831731
1767,2017-11-10,1768,1769,2017-11-13,2017-11-14,0.002303318108296537,1.0,-0.0070540829881959866,-0.021482853400771162,0.5042101329376468,0.4952978056426332,outer_02,none,0.05,0,,False,5.0,0.0,0.0,0.0,0.0,0.0,0.0,0.0,0.0
1768,2017-11-13,1769,1770,2017-11-14,2017-11-15,0.0015247898549182182,1.0,0.0018327503426611713,-0.012929187183438273,0.4844550031992621,0.4952978056426332,outer_02,none,0.05,0,,False,5.0,0.0,0.0,0.0,0.0,0.0,0.0,0.0,0.0
1769,2017-11-14,1770,1771,2017-11-15,2017-11-16,-0.0011492411973943462,0.0,0.0018606401903067393,-0.00375761514223516,0.49847896271822867,0.4952978056426332,outer_02,none,0.05,0,,False,5.0,0.0,-0.0,-0.0,0.0,-0.0,-0.0,-0.0,-0.0
1770,2017-11-15,1771,1772,2017-11-16,2017-11-17,0.00011733003779745843,1.0,-0.001547685425363099,-0.0019303290287551178,0.4962257000026859,0.4952978056426332,outer_02,none,0.05,0,,False,5.0,0.0,0.0,0.0,0.0,0.0,0.0,0.0,0.0
1771,2017-11-16,1772,1773,2017-11-17,2017-11-20,0.011370210298284888,1.0,-3.129106953103644e-05,-0.008614901040486345,0.4929600498199888,0.4952978056426332,outer_02,none,0.05,0,,False,5.0,0.0,0.0,0.0,0.0,0.0,0.0,0.0,0.0
1772,2017-11-17,1773,1774,2017-11-20,2017-11-21,-0.01198047687852899,0.0,0.012292130001892332,0.01087718845462149,0.4527529009171363,0.4952978056426332,outer_02,none,0.05,0,,False,5.0,0.0,-0.0,-0.0,0.0,-0.0,-0.0,-0.0,-0.0
1773,2017-11-20,1774,1775,2017-11-21,2017-11-22,0.002298294489667896,1.0,-0.013583740584788728,-0.004127295214694904,0.4480914725344293,0.4952978056426332,outer_02,none,0.05,-1,row1773_entry1774_exit1775,True,5.0,0.000499875041651048,-0.002298294489667896,-0.002798169531318944,0.0,0.001798419448016848,-0.002798169531318944,-0.002798169531318944,-0.002798169531318944
1774,2017-11-21,1775,1776,2017-11-22,2017-11-23,0.008475088243716122,1.0,0.0029096390520679805,0.0030506430004120233,0.5073547464409766,0.4952978056426332,outer_02,none,0.05,0,,False,5.0,0.0,0.0,0.0,0.0,0.0,0.0,0.0,0.0
1775,2017-11-22,1776,1777,2017-11-23,2017-11-24,-0.0005188790779691033,0.0,0.008995865992563523,0.011349516604266086,0.5667354858519458,0.4952978056426332,outer_02,none,0.05,1,row1775_entry1776_exit1777,True,5.0,0.000499875041651048,-0.0005188790779691033,-0.0010187541196201512,0.0,-0.0010187541196201512,1.9004036318055317e-05,-0.0010187541196201512,-0.0010187541196201512
1776,2017-11-23,1777,1778,2017-11-24,2017-11-27,-0.0021791316140440387,0.0,-0.0007820757928040933,0.018789917234899534,0.7360920145196801,0.4952978056426332,outer_02,none,0.05,1,row1776_entry1777_exit1778,True,5.0,0.000499875041651048,-0.0021791316140440387,-0.0026790066556950866,0.0,-0.0026790066556950866,0.0016792565723929907,0.0016792565723929907,-0.0026790066556950866
1777,2017-11-24,1778,1779,2017-11-27,2017-11-28,0.004994879995344981,1.0,-0.0020626558181540133,0.011586185743366784,0.650249123876326,0.4952978056426332,outer_02,none,0.05,1,row1777_entry1778_exit1779,True,5.0,0.000499875041651048,0.004994879995344981,0.004495004953693933,0.0,0.004495004953693933,-0.005494755036996028,-0.005494755036996028,0.004495004953693933
1778,2017-11-27,1779,1780,2017-11-28,2017-11-29,-0.0008732713839894046,0.0,0.004638870209927148,0.014201081370059043,0.5274914578562372,0.4952978056426332,outer_02,none,0.05,0,,False,5.0,0.0,-0.0,-0.0,0.0,-0.0,-0.0,-0.0,-0.0
1779,2017-11-28,1780,1781,2017-11-29,2017-11-30,-0.007114982666020175,0.0,-0.0003941252210015733,0.017740985824224786,0.6105562722432042,0.4952978056426332,outer_02,none,0.05,1,row1779_entry1780_exit1781,True,5.0,0.000499875041651048,-0.007114982666020175,-0.007614857707671223,0.0,-0.007614857707671223,0.006615107624369128,0.006615107624369128,-0.007614857707671223
1780,2017-11-29,1781,1782,2017-11-30,2017-12-01,-0.0072130256033693385,0.0,-0.008156848317442567,0.00681849257478806,0.5154992200092526,0.4952978056426332,outer_02,none,0.05,0,,False,5.0,0.0,-0.0,-0.0,0.0,-0.0,-0.0,-0.0,-0.0
1781,2017-11-30,1782,1783,2017-12-01,2017-12-04,-0.0008395548498798533,0.0,-0.006677272907360532,-0.0011368760657628485,0.4923282374450499,0.4952978056426332,outer_02,none,0.05,0,,False,5.0,0.0,-0.0,-0.0,0.0,-0.0,-0.0,-0.0,-0.0
1782,2017-12-01,1783,1784,2017-12-04,2017-12-05,0.001905636317942161,1.0,0.004055466729981028,0.007725801297971735,0.4870865301771795,0.4952978056426332,outer_02,none,0.05,0,,False,5.0,0.0,0.0,0.0,0.0,0.0,0.0,0.0,0.0
1783,2017-12-04,1784,1785,2017-12-05,2017-12-06,-0.008173521433300301,0.0,-0.0030831616632616132,-0.004340301562641535,0.4895878186676497,0.4952978056426332,outer_02,none,0.05,0,,False,5.0,0.0,-0.0,-0.0,0.0,-0.0,-0.0,-0.0,-0.0
1784,2017-12-05,1785,1786,2017-12-06,2017-12-07,-0.0018421525973231212,0.0,-0.008089436622077173,-0.007532829247162809,0.4815737125775907,0.4952978056426332,outer_02,none,0.05,0,,False,5.0,0.0,-0.0,-0.0,0.0,-0.0,-0.0,-0.0,-0.0
1785,2017-12-06,1786,1787,2017-12-07,2017-12-08,-0.012806597355388583,0.0,-0.0020088745198849622,-0.014181066803427456,0.47814207437433914,0.4952978056426332,outer_02,none,0.05,0,,False,5.0,0.0,-0.0,-0.0,0.0,-0.0,-0.0,-0.0,-0.0
1786,2017-12-07,1787,1788,2017-12-08,2017-12-11,0.000120225543263075,1.0,-0.0131329185762743,-0.030018806986739754,0.48125092536077047,0.4952978056426332,outer_02,none,0.05,0,,False,5.0,0.0,0.0,0.0,0.0,0.0,0.0,0.0,0.0
1787,2017-12-08,1788,1789,2017-12-11,2017-12-12,-0.004522404819173431,0.0,0.0011223885604341177,-0.02184233543810965,0.4980023856985807,0.4952978056426332,outer_02,none,0.05,0,,False,5.0,0.0,-0.0,-0.0,0.0,-0.0,-0.0,-0.0,-0.0
1788,2017-12-11,1789,1790,2017-12-12,2017-12-13,0.0013677141196408726,1.0,-0.005221776178784943,-0.028896861959555764,0.5186450445124885,0.4952978056426332,outer_02,none,0.05,0,,False,5.0,0.0,0.0,0.0,0.0,0.0,0.0,0.0,0.0
1789,2017-12-12,1790,1791,2017-12-13,2017-12-14,0.00817520697293972,1.0,0.0017945452265157869,-0.028962956923346717,0.48091320688145456,0.4952978056426332,outer_02,none,0.05,0,,False,5.0,0.0,0.0,0.0,0.0,0.0,0.0,0.0,0.0
1790,2017-12-13,1791,1792,2017-12-14,2017-12-15,-0.0008456457727037403,0.0,0.009394774774597714,-0.018020496723385904,0.5206400924637286,0.4952978056426332,outer_02,none,0.05,0,,False,5.0,0.0,-0.0,-0.0,0.0,-0.0,-0.0,-0.0,-0.0
1791,2017-12-14,1792,1793,2017-12-15,2017-12-18,0.0009493078344755546,1.0,-0.0024003105611019038,-0.02038951621495677,0.6112985281414745,0.4952978056426332,outer_02,none,0.05,1,row1791_entry1792_exit1793,True,5.0,0.000499875041651048,0.0009493078344755546,0.0004494327928245066,0.0,0.0004494327928245066,-0.0014491828761266025,-0.0014491828761266025,-0.0014491828761266025
1792,2017-12-15,1793,1794,2017-12-18,2017-12-19,0.00597823546912668,1.0,0.0022569322492147492,-0.030424713967634354,0.5321451268406694,0.4952978056426332,outer_02,none,0.05,0,,False,5.0,0.0,0.0,0.0,0.0,0.0,0.0,0.0,0.0
1793,2017-12-18,1794,1795,2017-12-19,2017-12-20,-0.00017438864932639575,0.0,0.004998123200163462,-0.011842850182682163,0.5385839418896551,0.4952978056426332,outer_02,none,0.05,0,,False,5.0,0.0,-0.0,-0.0,0.0,-0.0,-0.0,-0.0,-0.0
1794,2017-12-19,1795,1796,2017-12-20,2017-12-21,0.0034188067487859186,1.0,1.5852508263414222e-05,-0.01473663672648673,0.6834244685979757,0.4994292237442922,outer_03,none,0.05,1,row1794_entry1795_exit1796,True,5.0,0.000499875041651048,0.0034188067487859186,0.0029189317071348707,0.0,0.0029189317071348707,-0.003918681790436966,0.0029189317071348707,-0.003918681790436966
1795,2017-12-20,1796,1797,2017-12-21,2017-12-22,0.0003554544522543779,1.0,0.002952107596640552,-0.0207803951224097,0.6858493253751626,0.4994292237442922,outer_03,none,0.05,1,row1795_entry1796_exit1797,True,5.0,0.000499875041651048,0.0003554544522543779,-0.00014442058939667006,0.0,-0.00014442058939667006,-0.0008553294939054258,-0.00014442058939667006,-0.0008553294939054258
1796,2017-12-21,1797,1798,2017-12-22,2017-12-26,0.009377709378280308,1.0,0.0009084123552627332,-0.019089906974342874,0.7121480290943657,0.4994292237442922,outer_03,none,0.05,1,row1796_entry1797_exit1798,True,5.0,0.000499875041651048,0.009377709378280308,0.00887783433662926,0.0,0.00887783433662926,-0.009877584419931355,0.00887783433662926,-0.009877584419931355
1797,2017-12-22,1798,1799,2017-12-26,2017-12-27,0.003226048626490119,1.0,0.006892780456826841,-0.01013447069936202,0.6723309527853202,0.4994292237442922,outer_03,none,0.05,1,row1797_entry1798_exit1799,True,5.0,0.000499875041651048,0.003226048626490119,0.002726173584839071,0.0,0.002726173584839071,-0.003725923668141167,0.002726173584839071,-0.003725923668141167
1798,2017-12-26,1799,1800,2017-12-27,2017-12-28,0.003930593208791855,1.0,0.0060976752044688,-0.008675665704820368,0.6971132987512147,0.4994292237442922,outer_03,none,0.05,1,row1798_entry1799_exit1800,True,5.0,0.000499875041651048,0.003930593208791855,0.003430718167140807,0.0,0.003430718167140807,-0.004430468250442902,0.003430718167140807,-0.004430468250442902
1799,2017-12-27,1800,1801,2017-12-28,2017-12-29,0.0052220248986101225,1.0,0.0030582610438498747,-0.00522327943996892,0.7185628895436714,0.4994292237442922,outer_03,none,0.05,1,row1799_entry1800_exit1801,True,5.0,0.000499875041651048,0.0052220248986101225,0.004722149856959075,0.0,0.004722149856959075,-0.00572189994026117,0.004722149856959075,-0.00572189994026117
1800,2017-12-28,1801,1802,2017-12-29,2018-01-02,0.012097525670692555,1.0,0.006080882607717442,0.009014451485191088,0.6339296493607901,0.4994292237442922,outer_03,none,0.05,1,row1800_entry1801_exit1802,True,5.0,0.000499875041651048,0.012097525670692555,0.011597650629041507,0.0,0.011597650629041507,-0.012597400712343602,0.011597650629041507,0.011597650629041507
1801,2017-12-29,1802,1803,2018-01-02,2018-01-03,0.00567932461263343,1.0,0.005913623147291602,0.021605347539843223,0.6945427332370118,0.4994292237442922,outer_03,none,0.05,1,row1801_entry1802_exit1803,True,5.0,0.000499875041651048,0.00567932461263343,0.005179449570982382,0.0,0.005179449570982382,-0.006179199654284477,0.005179449570982382,0.005179449570982382
1802,2018-01-02,1803,1804,2018-01-03,2018-01-04,-0.003444857228532605,0.0,0.011662651845668393,0.029212532655530588,0.6444365761937607,0.4994292237442922,outer_03,none,0.05,1,row1802_entry1803_exit1804,True,5.0,0.000499875041651048,-0.003444857228532605,-0.003944732270183653,0.0,-0.003944732270183653,0.002944982186881557,-0.003944732270183653,-0.003944732270183653
1803,2018-01-03,1804,1805,2018-01-04,2018-01-05,0.0069989278754851725,1.0,-0.003831830127595026,0.028463864191197175,0.6894317910058342,0.4994292237442922,outer_03,none,0.05,1,row1803_entry1804_exit1805,True,5.0,0.000499875041651048,0.0069989278754851725,0.006499052833834125,0.0,0.006499052833834125,-0.00749880291713622,-0.00749880291713622,0.006499052833834125
1804,2018-01-04,1805,1806,2018-01-05,2018-01-08,-0.0009611564889571156,0.0,0.0075205156632902614,0.04407381647656461,0.6609347107547885,0.4994292237442922,outer_03,none,0.05,1,row1804_entry1805_exit1806,True,5.0,0.000499875041651048,-0.0009611564889571156,-0.0014610315306081635,0.0,-0.0014610315306081635,0.00046128144730606764,-0.0014610315306081635,-0.0014610315306081635
1805,2018-01-05,1806,1807,2018-01-08,2018-01-09,-0.0009090289924422734,0.0,-0.0021115655751735574,0.043971125421276014,0.6773477108473661,0.4994292237442922,outer_03,none,0.05,1,row1805_entry1806_exit1807,True,5.0,0.000499875041651048,-0.0009090289924422734,-0.0014089040340933214,0.0,-0.0014089040340933214,0.0004091539507912255,0.0004091539507912255,-0.0014089040340933214
1806,2018-01-08,1807,1808,2018-01-09,2018-01-10,-0.005829812316420657,0.0,0.0002802849834830923,0.057384328981033406,0.6698165119036711,0.4994292237442922,outer_03,none,0.05,1,row1806_entry1807_exit1808,True,5.0,0.000499875041651048,-0.005829812316420657,-0.006329687358071705,0.0,-0.006329687358071705,0.00532993727476961,-0.006329687358071705,-0.006329687358071705
1807,2018-01-09,1808,1809,2018-01-10,2018-01-11,0.004039641089425672,1.0,-0.005818739640625736,0.05044320077997355,0.6095087550844184,0.4994292237442922,outer_03,none,0.05,1,row1807_entry1808_exit1809,True,5.0,0.000499875041651048,0.004039641089425672,0.003539766047774624,0.0,0.003539766047774624,-0.004539516131076719,-0.004539516131076719,0.003539766047774624
1808,2018-01-10,1809,1810,2018-01-11,2018-01-12,0.0039553296902514745,1.0,0.0030275392058829453,0.05869251616464144,0.5893425980657357,0.4994292237442922,outer_03,none,0.05,1,row1808_entry1809_exit1810,True,5.0,0.000499875041651048,0.0039553296902514745,0.0034554546486004266,0.0,0.0034554546486004266,-0.004455204731902522,0.0034554546486004266,0.0034554546486004266
1809,2018-01-11,1810,1811,2018-01-12,2018-01-15,0.010307042796338983,1.0,0.004357833743005912,0.061255804681131565,0.6209945749004441,0.4994292237442922,outer_03,none,0.05,1,row1809_entry1810_exit1811,True,5.0,0.000499875041651048,0.010307042796338983,0.009807167754687936,0.0,0.009807167754687936,-0.01080691783799003,0.009807167754687936,0.009807167754687936
1810,2018-01-12,1811,1812,2018-01-15,2018-01-16,0.002519184877610492,1.0,0.011900114497104042,0.06376114440363789,0.5289714992290389,0.4994292237442922,outer_03,none,0.05,0,,False,5.0,0.0,0.0,0.0,0.0,0.0,0.0,0.0,0.0
1811,2018-01-15,1812,1813,2018-01-16,2018-01-17,-0.00016426368838740046,0.0,0.0013143648507334404,0.06747581981547324,0.5341259406435646,0.4994292237442922,outer_03,none,0.05,0,,False,5.0,0.0,-0.0,-0.0,0.0,-0.0,-0.0,-0.0,-0.0
1812,2018-01-16,1813,1814,2018-01-17,2018-01-18,-0.008767413690804027,0.0,-0.0011649181767650063,0.06405396938949348,0.4713108205052302,0.4994292237442922,outer_03,none,0.05,0,,False,5.0,0.0,-0.0,-0.0,0.0,-0.0,-0.0,-0.0,-0.0
1813,2018-01-17,1814,1815,2018-01-18,2018-01-19,2.2598444474830615e-05,1.0,-0.00882563946744419,0.05023020672188583,0.4731908754270662,0.4994292237442922,outer_03,none,0.05,0,,False,5.0,0.0,0.0,0.0,0.0,0.0,0.0,0.0,0.0
1814,2018-01-18,1815,1816,2018-01-19,2018-01-22,0.005641138827635395,1.0,0.0003240819277330331,0.05053843614135545,0.5784110304150144,0.4994292237442922,outer_03,none,0.05,1,row1814_entry1815_exit1816,True,5.0,0.000499875041651048,0.005641138827635395,0.005141263785984347,0.0,0.005141263785984347,-0.006141013869286442,0.005141263785984347,0.005141263785984347
1815,2018-01-19,1816,1817,2018-01-22,2018-01-23,-0.0012366731325572644,0.0,0.0033026545271042096,0.050888983071819105,0.6146291579122198,0.4994292237442922,outer_03,none,0.05,1,row1815_entry1816_exit1817,True,5.0,0.000499875041651048,-0.0012366731325572644,-0.0017365481742083124,0.0,-0.0017365481742083124,0.0007367980909062165,-0.0017365481742083124,-0.0017365481742083124
1816,2018-01-22,1817,1818,2018-01-23,2018-01-24,0.005623874345761948,1.0,0.0018309388674015992,0.05181150958395797,0.599835496296911,0.4994292237442922,outer_03,none,0.05,1,row1816_entry1817_exit1818,True,5.0,0.000499875041651048,0.005623874345761948,0.0051239993041109,0.0,0.0051239993041109,-0.006123749387412995,0.0051239993041109,0.0051239993041109
1817,2018-01-23,1818,1819,2018-01-24,2018-01-25,0.012104648255838235,1.0,0.005413137802078083,0.05033186692920921,0.5925245607746934,0.4994292237442922,outer_03,none,0.05,1,row1817_entry1818_exit1819,True,5.0,0.000499875041651048,0.012104648255838235,0.011604773214187188,0.0,0.011604773214187188,-0.012604523297489283,0.011604773214187188,0.011604773214187188
1818,2018-01-24,1819,1820,2018-01-25,2018-01-26,-0.007580696375196538,0.0,0.01249330830927331,0.05672750003401372,0.48640220902878417,0.4994292237442922,outer_03,none,0.05,0,,False,5.0,0.0,-0.0,-0.0,0.0,-0.0,-0.0,-0.0,-0.0
1819,2018-01-25,1820,1821,2018-01-26,2018-01-29,0.0029873670767921467,1.0,-0.007205733660293312,0.046463505329870536,0.6052936343345975,0.4994292237442922,outer_03,none,0.05,1,row1819_entry1820_exit1821,True,5.0,0.000499875041651048,0.0029873670767921467,0.002487492035141099,0.0,0.002487492035141099,-0.0034872421184431947,-0.0034872421184431947,0.002487492035141099
1820,2018-01-26,1821,1822,2018-01-29,2018-01-30,-0.0072279715791108146,0.0,0.0013193885288949048,0.041702011251048,0.5928681519488415,0.4994292237442922,outer_03,none,0.05,1,row1820_entry1821_exit1822,True,5.0,0.000499875041651048,-0.0072279715791108146,-0.007727846620761862,0.0,-0.007727846620761862,0.006728096537459767,-0.007727846620761862,-0.007727846620761862
1821,2018-01-29,1822,1823,2018-01-30,2018-01-31,-0.0028969080108689482,0.0,-0.007196201026975935,0.028592187076780462,0.5924006199497589,0.4994292237442922,outer_03,none,0.05,1,row1821_entry1822_exit1823,True,5.0,0.000499875041651048,-0.0028969080108689482,-0.003396783052519996,0.0,-0.003396783052519996,0.0023970329692179003,0.0023970329692179003,-0.003396783052519996
1822,2018-01-30,1823,1824,2018-01-31,2018-02-01,0.00445388510856759,1.0,-0.0012915702584201938,0.015637964972691876,0.5646884180068023,0.4994292237442922,outer_03,none,0.05,1,row1822_entry1823_exit1824,True,5.0,0.000499875041651048,0.00445388510856759,0.003954010066916543,0.0,0.003954010066916543,-0.004953760150218638,-0.004953760150218638,0.003954010066916543
1823,2018-01-31,1824,1825,2018-02-01,2018-02-02,0.0032847829772908455,1.0,0.004732581228392263,0.024202376328679165,0.5990092788762549,0.4994292237442922,outer_03,none,0.05,1,row1823_entry1824_exit1825,True,5.0,0.000499875041651048,0.0032847829772908455,0.0027849079356397975,0.0,0.0027849079356397975,-0.0037846580189418934,0.0027849079356397975,0.0027849079356397975
1824,2018-02-01,1825,1826,2018-02-02,2018-02-05,-0.012069787682562172,0.0,0.0025618857599596367,0.01924374642534854,0.5599745379897569,0.4994292237442922,outer_03,none,0.05,1,row1824_entry1825_exit1826,True,5.0,0.000499875041651048,-0.012069787682562172,-0.01256966272421322,0.0,-0.01256966272421322,0.011569912640911124,-0.01256966272421322,-0.01256966272421322
1825,2018-02-02,1826,1827,2018-02-05,2018-02-06,0.005444584792656748,1.0,-0.011801879642211688,0.00955343235831041,0.4222881155515058,0.4994292237442922,outer_03,none,0.05,-1,row1825_entry1826_exit1827,True,5.0,0.000499875041651048,-0.005444584792656748,-0.005944459834307796,0.0,0.004944709751005701,-0.005944459834307796,-0.005944459834307796,0.004944709751005701
1826,2018-02-05,1827,1828,2018-02-06,2018-02-07,-0.010715125702633443,0.0,0.0052317933214212076,0.014504940696248525,0.42816509327836644,0.4994292237442922,outer_03,none,0.05,-1,row1826_entry1827_exit1828,True,5.0,0.000499875041651048,0.010715125702633443,0.010215250660982396,0.0,-0.011215000744284491,0.010215250660982396,-0.011215000744284491,-0.011215000744284491
1827,2018-02-06,1828,1829,2018-02-07,2018-02-08,-0.005526172474907831,0.0,-0.011381675141549863,0.008942005195324398,0.42794341080727755,0.4994292237442922,outer_03,none,0.05,-1,row1827_entry1828_exit1829,True,5.0,0.000499875041651048,0.005526172474907831,0.005026297433256784,0.0,-0.006026047516558879,0.005026297433256784,0.005026297433256784,-0.006026047516558879
1828,2018-02-07,1829,1830,2018-02-08,2018-02-09,0.00134271483694004,1.0,-0.004624084464752265,0.001290381524689188,0.48811752652667967,0.4994292237442922,outer_03,none,0.05,0,,False,5.0,0.0,0.0,0.0,0.0,0.0,0.0,0.0,0.0
1829,2018-02-08,1830,1831,2018-02-09,2018-02-12,-0.0028316695013987925,0.0,3.792720253237292e-05,-0.003029525015784351,0.5426222313740261,0.4994292237442922,outer_03,none,0.05,0,,False,5.0,0.0,-0.0,-0.0,0.0,-0.0,-0.0,-0.0,-0.0
1830,2018-02-09,1831,1832,2018-02-12,2018-02-13,0.006252364997313187,1.0,-0.0020501301799420446,-0.016979769692830438,0.5472752897902925,0.4994292237442922,outer_03,none,0.05,0,,False,5.0,0.0,0.0,0.0,0.0,0.0,0.0,0.0,0.0
1831,2018-02-12,1832,1833,2018-02-13,2018-02-14,0.004590431487792479,1.0,0.0054728201788636355,-0.012821314364700243,0.5566460521377694,0.4994292237442922,outer_03,none,0.05,1,row1831_entry1832_exit1833,True,5.0,0.000499875041651048,0.004590431487792479,0.0040905564461414315,0.0,0.0040905564461414315,-0.0050903065294435265,0.0040905564461414315,-0.0050903065294435265
1832,2018-02-13,1833,1834,2018-02-14,2018-02-15,0.015610160432703246,1.0,0.004623195820666837,-0.0070332003672684,0.5590932074696238,0.4994292237442922,outer_03,none,0.05,1,row1832_entry1833_exit1834,True,5.0,0.000499875041651048,0.015610160432703246,0.015110285391052199,0.0,0.015110285391052199,-0.016110035474354294,0.015110285391052199,-0.016110035474354294
1833,2018-02-14,1834,1835,2018-02-15,2018-02-16,0.002329512262835287,1.0,0.01578903552886235,0.01758147462903814,0.4123057447757683,0.4994292237442922,outer_03,none,0.05,-1,row1833_entry1834_exit1835,True,5.0,0.000499875041651048,-0.002329512262835287,-0.002829387304486335,0.0,0.0018296372211842392,-0.002829387304486335,0.0018296372211842392,0.0018296372211842392
1834,2018-02-15,1835,1836,2018-02-16,2018-02-19,-0.0030331299978483273,0.0,0.002167793954164665,0.019425186655469773,0.6040430099420316,0.4994292237442922,outer_03,none,0.05,1,row1834_entry1835_exit1836,True,5.0,0.000499875041651048,-0.0030331299978483273,-0.003533005039499375,0.0,-0.003533005039499375,0.0025332549561972793,-0.003533005039499375,-0.003533005039499375
1835,2018-02-16,1836,1837,2018-02-19,2018-02-20,-0.0013271106897008167,0.0,-0.004177010331629205,0.011945521796736358,0.6277925182859222,0.4994292237442922,outer_03,none,0.05,1,row1835_entry1836_exit1837,True,5.0,0.000499875041651048,-0.0013271106897008167,-0.0018269857313518646,0.0,-0.0018269857313518646,0.0008272356480497687,0.0008272356480497687,-0.0018269857313518646
1836,2018-02-19,1837,1838,2018-02-20,2018-02-21,-0.01375241571410779,0.0,-0.0006161772706771984,0.00949840565865756,0.5951648777970506,0.4994292237442922,outer_03,none,0.05,1,row1836_entry1837_exit1838,True,5.0,0.000499875041651048,-0.01375241571410779,-0.014252290755758838,0.0,-0.014252290755758838,0.013252540672456743,0.013252540672456743,-0.014252290755758838
1837,2018-02-20,1838,1839,2018-02-21,2018-02-22,-0.0038434339744766177,0.0,-0.012907841223272598,-0.00882257336669312,0.6365017989009243,0.4994292237442922,outer_03,none,0.05,1,row1837_entry1838_exit1839,True,5.0,0.000499875041651048,-0.0038434339744766177,-0.004343309016127665,0.0,-0.004343309016127665,0.0033435589328255698,0.0033435589328255698,0.0033435589328255698
1838,2018-02-21,1839,1840,2018-02-22,2018-02-23,0.005564417238261399,1.0,-0.0037381812382095703,-0.025054062914176,0.6640224422745558,0.4994292237442922,outer_03,none,0.05,1,row1838_entry1839_exit1840,True,5.0,0.000499875041651048,0.005564417238261399,0.005064542196610351,0.0,0.005064542196610351,-0.006064292279912446,-0.006064292279912446,-0.006064292279912446
1839,2018-02-22,1840,1841,2018-02-23,2018-02-26,-0.0014652787965889758,0.0,0.005632078496747184,-0.012216250757135505,0.5982873021283442,0.4994292237442922,outer_03,none,0.05,1,row1839_entry1840_exit1841,True,5.0,0.000499875041651048,-0.0014652787965889758,-0.0019651538382400237,0.0,-0.0019651538382400237,0.0009654037549379278,-0.0019651538382400237,0.0009654037549379278
1840,2018-02-23,1841,1842,2018-02-26,2018-02-27,0.002605957624100874,1.0,-0.002307725134621741,-0.01584336442065215,0.5777739627373013,0.4994292237442922,outer_03,none,0.05,1,row1840_entry1841_exit1842,True,5.0,0.000499875041651048,0.002605957624100874,0.0021060825824498262,0.0,0.0021060825824498262,-0.003105832665751922,-0.003105832665751922,-0.003105832665751922
1841,2018-02-26,1842,1843,2018-02-27,2018-02-28,-0.01124577694642781,0.0,0.0031182986597411144,-0.005528864733935102,0.49054627615815327,0.4994292237442922,outer_03,none,0.05,0,,False,5.0,0.0,-0.0,-0.0,0.0,-0.0,-0.0,-0.0,-0.0
1842,2018-02-27,1843,1844,2018-02-28,2018-03-01,0.0004777414296466276,1.0,-0.0110440844632258,-0.015281378938740708,0.5306987271622712,0.4994292237442922,outer_03,none,0.05,0,,False,5.0,0.0,0.0,0.0,0.0,0.0,0.0,0.0,0.0
1843,2018-02-28,1844,1845,2018-03-01,2018-03-02,-0.0019351246225562946,0.0,-0.00015930996062252234,-0.020173270127755494,0.5390862214647542,0.4994292237442922,outer_03,none,0.05,0,,False,5.0,0.0,-0.0,-0.0,0.0,-0.0,-0.0,-0.0,-0.0
1844,2018-03-01,1845,1846,2018-03-02,2018-03-05,0.005484488290967704,1.0,-0.0006982286527046355,-0.023433384540419766,0.49372903076284685,0.4994292237442922,outer_03,none,0.05,0,,False,5.0,0.0,0.0,0.0,0.0,0.0,0.0,0.0,0.0
1845,2018-03-02,1846,1847,2018-03-05,2018-03-06,-0.002390083807410903,0.0,0.0037586052553768567,-0.007872899642831221,0.473137172934147,0.4994292237442922,outer_03,none,0.05,0,,False,5.0,0.0,-0.0,-0.0,0.0,-0.0,-0.0,-0.0,-0.0
1846,2018-03-05,1847,1848,2018-03-06,2018-03-07,0.014285420183338005,1.0,-0.0016956854933622978,-0.014800378457614727,0.540973790073083,0.4994292237442922,outer_03,none,0.05,0,,False,5.0,0.0,0.0,0.0,0.0,0.0,0.0,0.0,0.0
1847,2018-03-06,1848,1849,2018-03-07,2018-03-08,-0.010438374976786235,0.0,0.010865986391348947,0.0074472830752840835,0.4769778984834019,0.4994292237442922,outer_03,none,0.05,0,,False,5.0,0.0,-0.0,-0.0,0.0,-0.0,-0.0,-0.0,-0.0
1848,2018-03-07,1849,1850,2018-03-08,2018-03-09,-0.003264124758683984,0.0,-0.006730234266374424,0.005341133273661924,0.5980794883991972,0.4994292237442922,outer_03,none,0.05,1,row1848_entry1849_exit1850,True,5.0,0.000499875041651048,-0.003264124758683984,-0.003763999800335032,0.0,-0.003763999800335032,0.002764249717032936,0.002764249717032936,-0.003763999800335032
1849,2018-03-08,1850,1851,2018-03-09,2018-03-12,0.0011648224962925724,1.0,-0.0024249395261080053,0.002878266545021546,0.5510957712113429,0.4994292237442922,outer_03,none,0.05,1,row1849_entry1850_exit1851,True,5.0,0.000499875041651048,0.0011648224962925724,0.0006649474546415244,0.0,0.0006649474546415244,-0.0016646975379436203,-0.0016646975379436203,0.0006649474546415244
1850,2018-03-09,1851,1852,2018-03-12,2018-03-13,0.0005139056945031584,1.0,0.0009223209877031735,0.005850717712666764,0.6146353098195947,0.4994292237442922,outer_03,none,0.05,1,row1850_entry1851_exit1852,True,5.0,0.000499875041651048,0.0005139056945031584,1.4030652852110425e-05,0.0,1.4030652852110425e-05,-0.0010137807361542063,1.4030652852110425e-05,1.4030652852110425e-05
1851,2018-03-12,1852,1853,2018-03-13,2018-03-14,0.0017437980707706302,1.0,-0.0004988549115942931,-0.00012095737779116433,0.6210575798430362,0.4994292237442922,outer_03,none,0.05,1,row1851_entry1852_exit1853,True,5.0,0.000499875041651048,0.0017437980707706302,0.0012439230291195823,0.0,0.0012439230291195823,-0.002243673112421678,-0.002243673112421678,-0.002243673112421678
1852,2018-03-13,1853,1854,2018-03-14,2018-03-15,-0.0015473744902436692,0.0,0.0027255482121804064,-0.0020186049862775945,0.574587248492831,0.4994292237442922,outer_03,none,0.05,1,row1852_entry1853_exit1854,True,5.0,0.000499875041651048,-0.0015473744902436692,-0.002047249531894717,0.0,-0.002047249531894717,0.0010474994485926213,-0.002047249531894717,0.0010474994485926213
1853,2018-03-14,1854,1855,2018-03-15,2018-03-16,-0.005970347920920105,0.0,-0.0011844364938751184,-0.018992077009015063,0.5342348144516017,0.4994292237442922,outer_03,none,0.05,0,,False,5.0,0.0,-0.0,-0.0,0.0,-0.0,-0.0,-0.0,-0.0
1854,2018-03-15,1855,1856,2018-03-16,2018-03-19,-0.0021148250980393968,0.0,-0.006285090241822111,-0.02744496120500184,0.47302490222442367,0.4994292237442922,outer_03,none,0.05,0,,False,5.0,0.0,-0.0,-0.0,0.0,-0.0,-0.0,-0.0,-0.0
1855,2018-03-16,1856,1857,2018-03-19,2018-03-20,0.0031629715699184047,1.0,-0.002258633384870201,-0.025526584258242835,0.4948726648621078,0.4994292237442922,outer_03,none,0.05,0,,False,5.0,0.0,0.0,0.0,0.0,0.0,0.0,0.0,0.0
1856,2018-03-19,1857,1858,2018-03-20,2018-03-21,-0.004382167965816031,0.0,0.0026991185332132517,-0.022211288454352385,0.4591378300919248,0.4994292237442922,outer_03,none,0.05,0,,False,5.0,0.0,-0.0,-0.0,0.0,-0.0,-0.0,-0.0,-0.0
1857,2018-03-20,1858,1859,2018-03-21,2018-03-22,0.015351917057642162,1.0,-0.004535638349997484,-0.01383908558107727,0.3902588537304641,0.4994292237442922,outer_03,none,0.05,-1,row1857_entry1858_exit1859,True,5.0,0.000499875041651048,-0.015351917057642162,-0.01585179209929321,0.0,0.014852042015991114,-0.01585179209929321,-0.01585179209929321,-0.01585179209929321
1858,2018-03-21,1859,1860,2018-03-22,2018-03-23,-0.0009164526414782159,0.0,0.015695440369691838,0.005594536026824137,0.3969071718547157,0.4994292237442922,outer_03,none,0.05,-1,row1858_entry1859_exit1860,True,5.0,0.000499875041651048,0.0009164526414782159,0.000416577599827168,0.0,-0.0014163276831292639,0.000416577599827168,-0.0014163276831292639,-0.0014163276831292639
1859,2018-03-22,1860,1861,2018-03-23,2018-03-26,0.013095798559803917,1.0,-0.002398127753851398,-0.0024356702237744443,0.565650828088116,0.4994292237442922,outer_03,none,0.05,1,row1859_entry1860_exit1861,True,5.0,0.000499875041651048,0.013095798559803917,0.01259592351815287,0.0,0.01259592351815287,-0.013595673601454965,-0.013595673601454965,-0.013595673601454965
1860,2018-03-23,1861,1862,2018-03-26,2018-03-27,0.003517154363381181,1.0,0.014125161983223222,0.013997216894070519,0.456975147652045,0.4994292237442922,outer_03,none,0.05,0,,False,5.0,0.0,0.0,0.0,0.0,0.0,0.0,0.0,0.0
1861,2018-03-26,1862,1863,2018-03-27,2018-03-28,-0.0054029947892324515,0.0,0.004391054649810933,0.015269972884140337,0.5780740085459561,0.4994292237442922,outer_03,none,0.05,1,row1861_entry1862_exit1863,True,5.0,0.000499875041651048,-0.0054029947892324515,-0.005902869830883499,0.0,-0.005902869830883499,0.004903119747581404,-0.005902869830883499,-0.005902869830883499
1862,2018-03-27,1863,1864,2018-03-28,2018-03-29,-0.015918117958874767,0.0,-0.006560365704455506,0.01975369164291063,0.6947856098566543,0.4994292237442922,outer_03,none,0.05,1,row1862_entry1863_exit1864,True,5.0,0.000499875041651048,-0.015918117958874767,-0.016417993000525814,0.0,-0.016417993000525814,0.01541824291722372,0.01541824291722372,-0.016417993000525814
1863,2018-03-28,1864,1865,2018-03-29,2018-04-02,0.0010867269460836937,1.0,-0.0148049845491105,0.005108017054422653,0.583353718654127,0.4994292237442922,outer_03,none,0.05,1,row1863_entry1864_exit1865,True,5.0,0.000499875041651048,0.0010867269460836937,0.0005868519044326457,0.0,0.0005868519044326457,-0.0015866019877347416,-0.0015866019877347416,0.0005868519044326457
1864,2018-03-29,1865,1866,2018-04-02,2018-04-03,0.011108683435306688,1.0,0.00015849834175973854,0.005964744048887027,0.6480281879407338,0.4994292237442922,outer_03,none,0.05,1,row1864_entry1865_exit1866,True,5.0,0.000499875041651048,0.011108683435306688,0.01060880839365564,0.0,0.01060880839365564,-0.011608558476957735,0.01060880839365564,0.01060880839365564
1865,2018-04-02,1866,1867,2018-04-03,2018-04-04,-0.006007821481325948,0.0,0.01200278467912419,0.01420892347263436,0.6192475522974717,0.4994292237442922,outer_03,none,0.05,1,row1865_entry1866_exit1867,True,5.0,0.000499875041651048,-0.006007821481325948,-0.006507696522976995,0.0,-0.006507696522976995,0.0055079464396749,-0.006507696522976995,-0.006507696522976995
1866,2018-04-03,1867,1868,2018-04-04,2018-04-05,0.0003901443583593789,1.0,-0.006358536971851514,0.009546071994145144,0.6360368827738988,0.4994292237442922,outer_03,none,0.05,1,row1866_entry1867_exit1868,True,5.0,0.000499875041651048,0.0003901443583593789,-0.00010973068329166906,0.0,-0.00010973068329166906,-0.0008900194000104268,-0.0008900194000104268,-0.00010973068329166906
1867,2018-04-04,1868,1869,2018-04-05,2018-04-06,-0.004397924655850538,0.0,0.0005251746326324636,-0.0007947397645713394,0.562292750826104,0.4994292237442922,outer_03,none,0.05,1,row1867_entry1868_exit1869,True,5.0,0.000499875041651048,-0.004397924655850538,-0.0048977996975015856,0.0,-0.0048977996975015856,0.00389804961419949,-0.0048977996975015856,0.00389804961419949
1868,2018-04-05,1869,1870,2018-04-06,2018-04-09,0.0046904330675525685,1.0,-0.005166182470135894,0.0007693120316671909,0.49170934582639914,0.4994292237442922,outer_03,none,0.05,0,,False,5.0,0.0,0.0,0.0,0.0,0.0,0.0,0.0,0.0
1869,2018-04-06,1870,1871,2018-04-09,2018-04-10,0.0023369921875575628,1.0,0.0047535684796686795,0.007947820037443876,0.5105056077118096,0.4994292237442922,outer_03,none,0.05,0,,False,5.0,0.0,0.0,0.0,0.0,0.0,0.0,0.0,0.0
1870,2018-04-09,1871,1872,2018-04-10,2018-04-11,0.002189713708679264,1.0,0.0025255282744636176,0.00955102732420432,0.5504262512019469,0.4994292237442922,outer_03,none,0.05,1,row1870_entry1871_exit1872,True,5.0,0.000499875041651048,0.002189713708679264,0.001689838667028216,0.0,0.001689838667028216,-0.002689588750330312,0.001689838667028216,0.001689838667028216
1871,2018-04-10,1872,1873,2018-04-11,2018-04-12,0.009680214961163891,1.0,0.002257826717809941,0.012307708953608554,0.5352422681295885,0.4994292237442922,outer_03,none,0.05,0,,False,5.0,0.0,0.0,0.0,0.0,0.0,0.0,0.0,0.0
1872,2018-04-11,1873,1874,2018-04-12,2018-04-13,-0.012670781958160404,0.0,0.010400664301200457,0.019982825042628605,0.5663061544669764,0.4994292237442922,outer_03,none,0.05,1,row1872_entry1873_exit1874,True,5.0,0.000499875041651048,-0.012670781958160404,-0.013170656999811452,0.0,-0.013170656999811452,0.012170906916509357,-0.013170656999811452,-0.013170656999811452
1873,2018-04-12,1874,1875,2018-04-13,2018-04-16,0.005339359940307098,1.0,-0.013549566471186658,0.007617695065317065,0.5294377563369839,0.4994292237442922,outer_03,none,0.05,0,,False,5.0,0.0,0.0,0.0,0.0,0.0,0.0,0.0,0.0
1874,2018-04-13,1875,1876,2018-04-16,2018-04-17,0.002380439868677975,1.0,0.007612147475707154,0.02151493278284633,0.6560944498023228,0.4994292237442922,outer_03,none,0.05,1,row1874_entry1875_exit1876,True,5.0,0.000499875041651048,0.002380439868677975,0.001880564827026927,0.0,0.001880564827026927,-0.002880314910329023,0.001880564827026927,0.001880564827026927
1875,2018-04-16,1876,1877,2018-04-17,2018-04-18,0.0009134760624949223,1.0,0.00038652227072510925,0.02416008843844164,0.6529028187346608,0.4994292237442922,outer_03,none,0.05,1,row1875_entry1876_exit1877,True,5.0,0.000499875041651048,0.0009134760624949223,0.00041360102084387436,0.0,0.00041360102084387436,-0.0014133511041459703,0.00041360102084387436,0.00041360102084387436
1876,2018-04-17,1877,1878,2018-04-18,2018-04-19,0.0015206082394767506,1.0,0.0011735172695104268,0.022634487174738815,0.6616468009700646,0.4994292237442922,outer_03,none,0.05,1,row1876_entry1877_exit1878,True,5.0,0.000499875041651048,0.0015206082394767506,0.0010207331978257027,0.0,0.0010207331978257027,-0.0020204832811277986,0.0010207331978257027,0.0010207331978257027
1877,2018-04-18,1878,1879,2018-04-19,2018-04-20,-0.002590127058003766,0.0,0.0015131401280461532,0.028683265652782453,0.703994875880862,0.4994292237442922,outer_03,none,0.05,1,row1877_entry1878_exit1879,True,5.0,0.000499875041651048,-0.002590127058003766,-0.003090002099654814,0.0,-0.003090002099654814,0.002090252016352718,-0.003090002099654814,-0.003090002099654814
1878,2018-04-19,1879,1880,2018-04-20,2018-04-23,-0.008200406351860146,0.0,-0.0026049122121172275,0.010382913070973387,0.6213745161151635,0.4994292237442922,outer_03,none,0.05,1,row1878_entry1879_exit1880,True,5.0,0.000499875041651048,-0.008200406351860146,-0.008700281393511193,0.0,-0.008700281393511193,0.007700531310209098,0.007700531310209098,-0.008700281393511193
1879,2018-04-20,1880,1881,2018-04-23,2018-04-24,-0.007452647232983445,0.0,-0.007653498200363096,0.0051275426244616895,0.5646516619099761,0.4994292237442922,outer_03,none,0.05,1,row1879_entry1880_exit1881,True,5.0,0.000499875041651048,-0.007452647232983445,-0.007952522274634492,0.0,-0.007952522274634492,0.006952772191332397,0.006952772191332397,-0.007952522274634492
1880,2018-04-23,1881,1882,2018-04-24,2018-04-25,0.003977646081520625,1.0,-0.008029514608677069,-0.0170271339674386,0.4863820849641465,0.4994292237442922,outer_03,none,0.05,0,,False,5.0,0.0,0.0,0.0,0.0,0.0,0.0,0.0,0.0
1881,2018-04-24,1882,1883,2018-04-25,2018-04-26,-0.006010236217135478,0.0,0.004526411120393092,-0.01689177749685644,0.4918569438712343,0.4994292237442922,outer_03,none,0.05,0,,False,5.0,0.0,-0.0,-0.0,0.0,-0.0,-0.0,-0.0,-0.0
1882,2018-04-25,1883,1884,2018-04-26,2018-04-27,-0.003584083853325204,0.0,-0.005946544005499987,-0.016277955797900923,0.5006143290353162,0.4994292237442922,outer_03,none,0.05,0,,False,5.0,0.0,-0.0,-0.0,0.0,-0.0,-0.0,-0.0,-0.0
1883,2018-04-26,1884,1885,2018-04-27,2018-04-30,0.004105848639990306,1.0,-0.004447162324467513,-0.005920133573257935,0.4743786197207303,0.4994292237442922,outer_03,none,0.05,0,,False,5.0,0.0,0.0,0.0,0.0,0.0,0.0,0.0,0.0
1884,2018-04-27,1885,1886,2018-04-30,2018-05-01,-0.005055166531498401,0.0,0.004469839861235059,-0.001608792053782615,0.46580865647294556,0.4994292237442922,outer_03,none,0.05,0,,False,5.0,0.0,-0.0,-0.0,0.0,-0.0,-0.0,-0.0,-0.0
1885,2018-04-30,1886,1887,2018-05-01,2018-05-02,-0.008776270500885808,0.0,-0.006012399219386566,-0.01962397595229337,0.49749436286309284,0.4994292237442922,outer_03,none,0.05,0,,False,5.0,0.0,-0.0,-0.0,0.0,-0.0,-0.0,-0.0,-0.0
1886,2018-05-01,1887,1888,2018-05-02,2018-05-03,0.0007662189768868899,1.0,-0.00838499288413086,-0.021650431864572717,0.4592852258079716,0.4994292237442922,outer_03,none,0.05,0,,False,5.0,0.0,0.0,0.0,0.0,0.0,0.0,0.0,0.0
1887,2018-05-02,1888,1889,2018-05-03,2018-05-04,0.005141438778649032,1.0,0.0007052727091165778,-0.021470333788088602,0.4217894902036267,0.4994292237442922,outer_03,none,0.05,-1,row1887_entry1888_exit1889,True,5.0,0.000499875041651048,-0.005141438778649032,-0.00564131382030008,0.0,0.004641563736997985,-0.00564131382030008,0.004641563736997985,-0.00564131382030008
1888,2018-05-03,1889,1890,2018-05-04,2018-05-07,0.0019412086499936976,1.0,0.005555760896509554,-0.010748390421443155,0.4510893296873311,0.4994292237442922,outer_03,none,0.05,0,,False,5.0,0.0,0.0,0.0,0.0,0.0,0.0,0.0,0.0
1889,2018-05-04,1890,1891,2018-05-07,2018-05-08,-0.0004488074349158211,0.0,0.00183493973725124,-0.013667019163860594,0.52481079129736,0.4994292237442922,outer_03,none,0.05,0,,False,5.0,0.0,-0.0,-0.0,0.0,-0.0,-0.0,-0.0,-0.0
1890,2018-05-07,1891,1892,2018-05-08,2018-05-09,0.0005248565322499843,1.0,-0.00030432136570812673,-0.01649686880403234,0.5571306640530838,0.4994292237442922,outer_03,none,0.05,1,row1890_entry1891_exit1892,True,5.0,0.000499875041651048,0.0005248565322499843,2.498149059893635e-05,0.0,2.498149059893635e-05,-0.0010247315739010322,-0.0010247315739010322,-0.0010247315739010322
1891,2018-05-08,1892,1893,2018-05-09,2018-05-10,-0.0021315639279881893,0.0,0.00035756808439124654,-0.018397127437451033,0.4662101070405332,0.4994292237442922,outer_03,none,0.05,0,,False,5.0,0.0,-0.0,-0.0,0.0,-0.0,-0.0,-0.0,-0.0
1892,2018-05-09,1893,1894,2018-05-10,2018-05-11,0.006903466605500341,1.0,-0.0017586404383402865,-0.030556432176991777,0.4219920622448797,0.4994292237442922,outer_03,none,0.05,-1,row1892_entry1893_exit1894,True,5.0,0.000499875041651048,-0.006903466605500341,-0.007403341647151389,0.0,0.006403591563849294,-0.007403341647151389,-0.007403341647151389,-0.007403341647151389
1893,2018-05-10,1894,1895,2018-05-11,2018-05-14,-0.002402071330290134,0.0,0.006599831809759316,-0.010407033896045803,0.5594419674760318,0.4994292237442922,outer_03,none,0.05,1,row1893_entry1894_exit1895,True,5.0,0.000499875041651048,-0.002402071330290134,-0.002901946371941182,0.0,-0.002901946371941182,0.0019021962886390863,-0.002901946371941182,0.0019021962886390863
1894,2018-05-11,1895,1896,2018-05-14,2018-05-15,-0.0030164330973185827,0.0,-0.0023645510414525006,-0.020383732413205458,0.6204169583635515,0.4994292237442922,outer_03,none,0.05,1,row1894_entry1895_exit1896,True,5.0,0.000499875041651048,-0.0030164330973185827,-0.0035163081389696306,0.0,-0.0035163081389696306,0.0025165580556675347,0.0025165580556675347,0.0025165580556675347
1895,2018-05-14,1896,1897,2018-05-15,2018-05-16,-0.018005500192775692,0.0,-0.003648723575495616,-0.024418978259426183,0.5366482190225966,0.4994292237442922,outer_03,none,0.05,0,,False,5.0,0.0,-0.0,-0.0,0.0,-0.0,-0.0,-0.0,-0.0
1896,2018-05-15,1897,1898,2018-05-16,2018-05-17,0.00020916855575592308,1.0,-0.01717466079559049,-0.0427671563245271,0.2932309529637301,0.4994292237442922,outer_03,none,0.05,-1,row1896_entry1897_exit1898,True,5.0,0.000499875041651048,-0.00020916855575592308,-0.000709043597406971,0.0,-0.00029070648589512487,-0.000709043597406971,-0.000709043597406971,-0.000709043597406971
1897,2018-05-16,1898,1899,2018-05-17,2018-05-18,-0.00036413643897237336,0.0,-0.00022469733750707377,-0.04450499379008033,0.45232342382108764,0.4994292237442922,outer_03,none,0.05,0,,False,5.0,0.0,-0.0,-0.0,0.0,-0.0,-0.0,-0.0,-0.0
1898,2018-05-17,1899,1900,2018-05-18,2018-05-21,0.0007978280910103663,1.0,0.00022469733750707377,-0.041675384240456026,0.5090542452284659,0.4994292237442922,outer_03,none,0.05,0,,False,5.0,0.0,0.0,0.0,0.0,0.0,0.0,0.0,0.0
1899,2018-05-18,1900,1901,2018-05-21,2018-05-22,0.0008513471146605056,1.0,0.001323913868009008,-0.03269797217208392,0.45035640462226006,0.4994292237442922,outer_03,none,0.05,0,,False,5.0,0.0,0.0,0.0,0.0,0.0,0.0,0.0,0.0
1900,2018-05-21,1901,1902,2018-05-22,2018-05-23,-0.0010759139532767747,0.0,0.0,-0.024668457563406854,0.5040852185936545,0.4994292237442922,outer_03,none,0.05,0,,False,5.0,0.0,-0.0,-0.0,0.0,-0.0,-0.0,-0.0,-0.0
1901,2018-05-22,1902,1903,2018-05-23,2018-05-24,0.0020656608753890637,1.0,-0.0011302497816334522,-0.0303251184654334,0.44915122292184223,0.4994292237442922,outer_03,none,0.05,-1,row1901_entry1902_exit1903,True,5.0,0.000499875041651048,-0.0020656608753890637,-0.0025655359170401117,0.0,0.0015657858337380158,-0.0025655359170401117,-0.0025655359170401117,-0.0025655359170401117
1902,2018-05-23,1903,1904,2018-05-24,2018-05-25,0.00841951455424983,1.0,0.0016716976263619898,-0.02270687683357142,0.4815060203597807,0.4994292237442922,outer_03,none,0.05,0,,False,5.0,0.0,0.0,0.0,0.0,0.0,0.0,0.0,0.0
1903,2018-05-24,1904,1905,2018-05-25,2018-05-28,-0.004170112599712006,0.0,0.008523861682725453,-0.009735852826378455,0.44055876344062095,0.4994292237442922,outer_03,none,0.05,-1,row1903_entry1904_exit1905,True,5.0,0.000499875041651048,0.004170112599712006,0.003670237558060958,0.0,-0.004669987641363053,0.003670237558060958,-0.004669987641363053,0.003670237558060958
1904,2018-05-25,1905,1906,2018-05-28,2018-05-29,-0.0013630852498449642,0.0,-0.0028639784315478423,-0.017069671119161356,0.5718285981414442,0.4994292237442922,outer_03,none,0.05,1,row1904_entry1905_exit1906,True,5.0,0.000499875041651048,-0.0013630852498449642,-0.001862960291496012,0.0,-0.001862960291496012,0.0008632102081939162,0.0008632102081939162,0.0008632102081939162
1905,2018-05-28,1906,1907,2018-05-29,2018-05-30,0.0015708502760434229,1.0,-0.0019241580051332363,-0.012981429904908026,0.565105578897479,0.4994292237442922,outer_03,none,0.05,1,row1905_entry1906_exit1907,True,5.0,0.000499875041651048,0.0015708502760434229,0.001070975234392375,0.0,0.001070975234392375,-0.002070725317694471,-0.002070725317694471,-0.002070725317694471
1906,2018-05-29,1907,1908,2018-05-30,2018-05-31,0.0015530221697712676,1.0,0.00047753653676796404,-0.0041189004840092025,0.4890503375933336,0.4994292237442922,outer_03,none,0.05,0,,False,5.0,0.0,0.0,0.0,0.0,0.0,0.0,0.0,0.0
1907,2018-05-30,1908,1909,2018-05-31,2018-06-01,-0.002161048910893193,0.0,0.0022382989050191426,-0.0025858742881066377,0.4855467044070209,0.4994292237442922,outer_03,none,0.05,0,,False,5.0,0.0,-0.0,-0.0,0.0,-0.0,-0.0,-0.0,-0.0
1908,2018-05-31,1909,1910,2018-06-01,2018-06-04,-0.004514018459968128,0.0,-0.002546360889525978,-0.01068799607414217,0.48256920603311904,0.4994292237442922,outer_03,none,0.05,0,,False,5.0,0.0,-0.0,-0.0,0.0,-0.0,-0.0,-0.0,-0.0
1909,2018-06-01,1910,1911,2018-06-04,2018-06-05,-0.0006653205775322135,0.0,-0.003835606340062192,-0.016358542151455602,0.4677276350918948,0.4994292237442922,outer_03,none,0.05,0,,False,5.0,0.0,-0.0,-0.0,0.0,-0.0,-0.0,-0.0,-0.0
1910,2018-06-04,1911,1912,2018-06-05,2018-06-06,0.003599821579053142,1.0,-0.0011295589732114308,-0.017183779758958906,0.4714817256038428,0.4994292237442922,outer_03,none,0.05,0,,False,5.0,0.0,0.0,0.0,0.0,0.0,0.0,0.0,0.0
1911,2018-06-05,1912,1913,2018-06-06,2018-06-07,-0.0001773699131293327,0.0,0.0036162771705043895,-0.013925070672845763,0.4560833776817496,0.4994292237442922,outer_03,none,0.05,0,,False,5.0,0.0,-0.0,-0.0,0.0,-0.0,-0.0,-0.0,-0.0
1912,2018-06-06,1913,1914,2018-06-07,2018-06-08,0.0005320153870211897,1.0,-0.00041659595424370366,-0.01258302618874918,0.5322640589471094,0.4994292237442922,outer_03,none,0.05,0,,False,5.0,0.0,0.0,0.0,0.0,0.0,0.0,0.0,0.0
1913,2018-06-07,1914,1915,2018-06-08,2018-06-11,0.0013865354247206696,1.0,0.0005862704880454928,-0.018596587510463003,0.5389472482534121,0.4994292237442922,outer_03,none,0.05,0,,False,5.0,0.0,0.0,0.0,0.0,0.0,0.0,0.0,0.0
1914,2018-06-08,1915,1916,2018-06-11,2018-06-12,0.000631007092834146,1.0,0.0014564736652715737,-0.014775562803738929,0.5339473915876309,0.4994292237442922,outer_03,none,0.05,0,,False,5.0,0.0,0.0,0.0,0.0,0.0,0.0,0.0,0.0
1915,2018-06-11,1916,1917,2018-06-12,2018-06-13,-0.0034523183293053705,0.0,0.0013466979083727182,-0.009780141319870594,0.4702653993019616,0.4994292237442922,outer_03,none,0.05,0,,False,5.0,0.0,-0.0,-0.0,0.0,-0.0,-0.0,-0.0,-0.0
1916,2018-06-12,1917,1918,2018-06-13,2018-06-14,0.0033984674117109037,1.0,-0.003721300044954745,0.003673219430765151,0.4427144722758507,0.4994292237442922,outer_03,none,0.05,-1,row1916_entry1917_exit1918,True,5.0,0.000499875041651048,-0.0033984674117109037,-0.0038983424533619517,0.0,0.0028985923700598558,-0.0038983424533619517,-0.0038983424533619517,0.0028985923700598558
1917,2018-06-13,1918,1919,2018-06-14,2018-06-15,0.0017755509063164254,1.0,0.00303663460035164,0.006934551368623865,0.542453738311415,0.4994292237442922,outer_03,none,0.05,0,,False,5.0,0.0,0.0,0.0,0.0,0.0,0.0,0.0,0.0
1918,2018-06-14,1919,1920,2018-06-15,2018-06-18,-0.017844264761848194,0.0,0.002144744087144268,0.008854598118261059,0.6065915618161712,0.4994292237442922,outer_03,none,0.05,1,row1918_entry1919_exit1920,True,5.0,0.000499875041651048,-0.017844264761848194,-0.01834413980349924,0.0,-0.01834413980349924,0.017344389720197147,-0.01834413980349924,-0.01834413980349924
1919,2018-06-15,1920,1921,2018-06-18,2018-06-19,-0.00019546444368589988,0.0,-0.017085033227393076,-0.009554348977141025,0.4151801246338919,0.4994292237442922,outer_03,none,0.05,-1,row1919_entry1920_exit1921,True,5.0,0.000499875041651048,0.00019546444368589988,-0.00030441059796514807,0.0,-0.0006953394853369478,-0.00030441059796514807,-0.00030441059796514807,-0.00030441059796514807
1920,2018-06-18,1921,1922,2018-06-19,2018-06-20,-0.0030855762160131306,0.0,-0.0015556661817264228,-0.011110015158867448,0.5513695263881163,0.4994292237442922,outer_03,none,0.05,1,row1920_entry1921_exit1922,True,5.0,0.000499875041651048,-0.0030855762160131306,-0.0035854512576641785,0.0,-0.0035854512576641785,0.0025857011743620826,0.0025857011743620826,0.0025857011743620826
1921,2018-06-19,1922,1923,2018-06-20,2018-06-21,-0.005418831265296298,0.0,-0.0029302787493321603,-0.012910044126566156,0.5741746920344107,0.4994292237442922,outer_03,none,0.05,1,row1921_entry1922_exit1923,True,5.0,0.000499875041651048,-0.005418831265296298,-0.005918706306947345,0.0,-0.005918706306947345,0.00491895622364525,0.00491895622364525,0.00491895622364525
1922,2018-06-20,1923,1924,2018-06-21,2018-06-22,-0.0005285099691931805,0.0,-0.005428766843778021,-0.020010508596706167,0.6177190961496558,0.4994292237442922,outer_03,none,0.05,1,row1922_entry1923_exit1924,True,5.0,0.000499875041651048,-0.0005285099691931805,-0.0010283850108442284,0.0,-0.0010283850108442284,2.8634927542132548e-05,2.8634927542132548e-05,2.8634927542132548e-05
1923,2018-06-21,1924,1925,2018-06-22,2018-06-25,0.00314328176084544,1.0,-0.0002524854045287128,-0.028786855683960333,0.5206755193748417,0.4994292237442922,outer_03,none,0.05,0,,False,5.0,0.0,0.0,0.0,0.0,0.0,0.0,0.0,0.0
1924,2018-06-22,1925,1926,2018-06-25,2018-06-26,-0.0042011404064403735,0.0,0.001553352438343758,-0.024369524814068733,0.523226488184789,0.4994292237442922,outer_03,none,0.05,0,,False,5.0,0.0,-0.0,-0.0,0.0,-0.0,-0.0,-0.0,-0.0
1925,2018-06-25,1926,1927,2018-06-26,2018-06-27,-0.006021060147297419,0.0,-0.0030696050584939627,-0.02551497186742946,0.5805081275446947,0.4994292237442922,outer_03,none,0.05,1,row1925_entry1926_exit1927,True,5.0,0.000499875041651048,-0.006021060147297419,-0.0065209351889484665,0.0,-0.0065209351889484665,0.0055211851056463715,0.0055211851056463715,0.0055211851056463715
1926,2018-06-26,1927,1928,2018-06-27,2018-06-28,-0.004883012789174579,0.0,-0.005444249649380062,-0.031436758053577485,0.5794964820931857,0.4994292237442922,outer_03,none,0.05,1,row1926_entry1927_exit1928,True,5.0,0.000499875041651048,-0.004883012789174579,-0.0053828878308256264,0.0,-0.0053828878308256264,0.004383137747523531,0.004383137747523531,0.004383137747523531
1927,2018-06-27,1928,1929,2018-06-28,2018-06-29,-0.003439563127356493,0.0,-0.005306277986884211,-0.03898133494548084,0.6187113228816282,0.4994292237442922,outer_03,none,0.05,1,row1927_entry1928_exit1929,True,5.0,0.000499875041651048,-0.003439563127356493,-0.003939438169007541,0.0,-0.003939438169007541,0.002939688085705445,0.002939688085705445,0.002939688085705445
1928,2018-06-28,1929,1930,2018-06-29,2018-07-02,0.003774887117341308,1.0,-0.0029200838372229754,-0.039355057893177836,0.652001451458733,0.4994292237442922,outer_03,none,0.05,1,row1928_entry1929_exit1930,True,5.0,0.000499875041651048,0.003774887117341308,0.00327501207569026,0.0,0.00327501207569026,-0.004274762158992355,-0.004274762158992355,-0.004274762158992355
1929,2018-06-29,1930,1931,2018-07-02,2018-07-03,-0.008690757091670775,0.0,0.003678709244434586,-0.03184074230868106,0.605766371008198,0.4994292237442922,outer_03,none,0.05,1,row1929_entry1930_exit1931,True,5.0,0.000499875041651048,-0.008690757091670775,-0.009190632133321823,0.0,-0.009190632133321823,0.008190882050019728,-0.009190632133321823,0.008190882050019728
1930,2018-07-02,1931,1932,2018-07-03,2018-07-04,0.008483188832902222,1.0,-0.009020881226010857,-0.039732064561480485,0.6524806572229404,0.4994292237442922,outer_03,none,0.05,1,row1930_entry1931_exit1932,True,5.0,0.000499875041651048,0.008483188832902222,0.007983313791251175,0.0,0.007983313791251175,-0.00898306387455327,-0.00898306387455327,-0.00898306387455327
1931,2018-07-03,1932,1933,2018-07-04,2018-07-05,0.0030055310003422875,1.0,0.009052810725678206,-0.03429553100630667,0.5185280105244486,0.4994292237442922,outer_03,none,0.05,0,,False,5.0,0.0,0.0,0.0,0.0,0.0,0.0,0.0,0.0
1932,2018-07-04,1933,1934,2018-07-05,2018-07-06,0.0007638933467148945,1.0,0.002941119984004814,-0.03093781506805815,0.6806717433341734,0.4994292237442922,outer_03,none,0.05,1,row1932_entry1933_exit1934,True,5.0,0.000499875041651048,0.0007638933467148945,0.00026401830506384656,0.0,0.00026401830506384656,-0.0012637683883659425,0.00026401830506384656,-0.0012637683883659425
1933,2018-07-05,1934,1935,2018-07-06,2018-07-09,-0.0015522700085979224,0.0,0.0005569612339835217,-0.03096712432212012,0.6786969741631445,0.4994292237442922,outer_03,none,0.05,1,row1933_entry1934_exit1935,True,5.0,0.000499875041651048,-0.0015522700085979224,-0.0020521450502489704,0.0,-0.0020521450502489704,0.0010523949669468745,-0.0020521450502489704,0.0010523949669468745
1934,2018-07-06,1935,1936,2018-07-09,2018-07-10,0.001902192870083752,1.0,-0.0020782496043834087,-0.0345018475917751,0.6959347376199101,0.4994292237442922,outer_03,none,0.05,1,row1934_entry1935_exit1936,True,5.0,0.000499875041651048,0.001902192870083752,0.001402317828432704,0.0,0.001402317828432704,-0.0024020679117348,-0.0024020679117348,-0.0024020679117348
1935,2018-07-09,1936,1937,2018-07-10,2018-07-11,-0.001543762789980363,0.0,0.002269136353445944,-0.03357940914670188,0.6304362786366882,0.4994292237442922,outer_03,none,0.05,1,row1935_entry1936_exit1937,True,5.0,0.000499875041651048,-0.001543762789980363,-0.002043637831631411,0.0,-0.002043637831631411,0.001043887748329315,-0.002043637831631411,0.001043887748329315
1936,2018-07-10,1937,1938,2018-07-11,2018-07-12,-0.010599900701299347,0.0,-0.0011777158451025116,-0.031035824946849644,0.6314910680261018,0.4994292237442922,outer_03,none,0.05,1,row1936_entry1937_exit1938,True,5.0,0.000499875041651048,-0.010599900701299347,-0.011099775742950395,0.0,-0.011099775742950395,0.0101000256596483,0.0101000256596483,0.0101000256596483
1937,2018-07-11,1938,1939,2018-07-12,2018-07-13,0.0035110449077775385,1.0,-0.011008433462279754,-0.04508089300948104,0.5114170023244881,0.4994292237442922,outer_03,none,0.05,0,,False,5.0,0.0,0.0,0.0,0.0,0.0,0.0,0.0,0.0
1938,2018-07-12,1939,1940,2018-07-13,2018-07-16,-0.00446928118229728,0.0,0.0038246495166296413,-0.043400987579995665,0.5021368089912138,0.4994292237442922,outer_03,none,0.05,0,,False,5.0,0.0,-0.0,-0.0,0.0,-0.0,-0.0,-0.0,-0.0
1939,2018-07-13,1940,1941,2018-07-16,2018-07-17,-0.0004351329641583135,0.0,-0.004726696903063932,-0.03104265125566652,0.5582969000640792,0.4994292237442922,outer_03,none,0.05,1,row1939_entry1940_exit1941,True,5.0,0.000499875041651048,-0.0004351329641583135,-0.0009350080058093614,0.0,-0.0009350080058093614,-6.474207749273446e-05,-6.474207749273446e-05,-6.474207749273446e-05
1940,2018-07-16,1941,1942,2018-07-17,2018-07-18,-0.010581852103827671,0.0,-0.00020952027991150146,-0.0296965053538516,0.5304514962759828,0.4994292237442922,outer_03,none,0.05,0,,False,5.0,0.0,-0.0,-0.0,0.0,-0.0,-0.0,-0.0,-0.0
1941,2018-07-17,1942,1943,2018-07-18,2018-07-19,-0.0005621982915471335,0.0,-0.01095599432581107,-0.03772222093033051,0.5413228557497656,0.4994292237442922,outer_03,none,0.05,0,,False,5.0,0.0,-0.0,-0.0,0.0,-0.0,-0.0,-0.0,-0.0
1942,2018-07-18,1943,1944,2018-07-19,2018-07-20,-0.002635950814846133,0.0,0.00017924213215714246,-0.032114211954395344,0.6118627778550925,0.4994292237442922,outer_03,none,0.05,1,row1942_entry1943_exit1944,True,5.0,0.000499875041651048,-0.002635950814846133,-0.003135825856497181,0.0,-0.003135825856497181,0.002136075773195085,-0.003135825856497181,0.002136075773195085
1943,2018-07-19,1944,1945,2018-07-20,2018-07-23,0.0054112774354004856,1.0,-0.003787203142332274,-0.035648929692198905,0.6339862980810247,0.4994292237442922,outer_03,none,0.05,1,row1943_entry1944_exit1945,True,5.0,0.000499875041651048,0.0054112774354004856,0.004911402393749438,0.0,0.004911402393749438,-0.005911152477051533,-0.005911152477051533,-0.005911152477051533
1944,2018-07-20,1945,1946,2018-07-23,2018-07-24,-0.004594450761436164,0.0,0.007113639971714214,-0.03008864215882845,0.5408505428436078,0.4994292237442922,outer_03,none,0.05,0,,False,5.0,0.0,-0.0,-0.0,0.0,-0.0,-0.0,-0.0,-0.0
1945,2018-07-23,1946,1947,2018-07-24,2018-07-25,-0.0002694790496349242,0.0,-0.0058387550290079915,-0.03285779212934248,0.6077256098189715,0.4994292237442922,outer_03,none,0.05,1,row1945_entry1946_exit1947,True,5.0,0.000499875041651048,-0.0002694790496349242,-0.0007693540912859721,0.0,-0.0007693540912859721,-0.00023039599201612375,-0.00023039599201612375,-0.00023039599201612375
1946,2018-07-24,1947,1948,2018-07-25,2018-07-26,0.005733194849457668,1.0,2.450109642548881e-05,-0.027389041383536927,0.551537033009894,0.4994292237442922,outer_03,none,0.05,1,row1946_entry1947_exit1948,True,5.0,0.000499875041651048,0.005733194849457668,0.00523331980780662,0.0,0.00523331980780662,-0.006233069891108715,0.00523331980780662,-0.006233069891108715
1947,2018-07-25,1948,1949,2018-07-26,2018-07-27,-0.006427642158604918,0.0,0.005798014630222781,-0.016284748766429935,0.5837794068301214,0.4994292237442922,outer_03,none,0.05,1,row1947_entry1948_exit1949,True,5.0,0.000499875041651048,-0.006427642158604918,-0.006927517200255966,0.0,-0.006927517200255966,0.005927767116953871,-0.006927517200255966,0.005927767116953871
1948,2018-07-26,1949,1950,2018-07-27,2018-07-30,-0.00018799220296461527,0.0,-0.007113755905074903,-0.020478420834281863,0.6481260993316369,0.4994292237442922,outer_03,none,0.05,1,row1948_entry1949_exit1950,True,5.0,0.000499875041651048,-0.00018799220296461527,-0.0006878672446156632,0.0,-0.0006878672446156632,-0.0003118828386864327,-0.0003118828386864327,-0.0003118828386864327
1949,2018-07-27,1950,1951,2018-07-30,2018-07-31,-0.0014724651722968218,0.0,-2.4533355142075663e-05,-0.024181663433858525,0.6492644636107751,0.4994292237442922,outer_03,none,0.05,1,row1949_entry1950_exit1951,True,5.0,0.000499875041651048,-0.0014724651722968218,-0.0019723402139478698,0.0,-0.0019723402139478698,0.0009725901306457739,0.0009725901306457739,0.0009725901306457739
1950,2018-07-30,1951,1952,2018-07-31,2018-08-01,0.002118029798165111,1.0,-0.0012519998853202097,-0.016412782093167877,0.6602325175398307,0.4994292237442922,outer_03,none,0.05,1,row1950_entry1951_exit1952,True,5.0,0.000499875041651048,0.002118029798165111,0.0016181547565140629,0.0,0.0016181547565140629,-0.0026179048398161588,-0.0026179048398161588,-0.0026179048398161588
1951,2018-07-31,1952,1953,2018-08-01,2018-08-02,-0.006236063886071008,0.0,0.002175674212767653,-0.02328991860607843,0.6353863567485893,0.4994292237442922,outer_03,none,0.05,1,row1951_entry1952_exit1953,True,5.0,0.000499875041651048,-0.006236063886071008,-0.006735938927722056,0.0,-0.006735938927722056,0.005736188844419961,-0.006735938927722056,0.005736188844419961
1952,2018-08-01,1953,1954,2018-08-02,2018-08-03,-0.006465468671291497,0.0,-0.006467262161102383,-0.03269830075118563,0.626089265584559,0.4994292237442922,outer_03,none,0.05,1,row1952_entry1953_exit1954,True,5.0,0.000499875041651048,-0.006465468671291497,-0.006965343712942544,0.0,-0.006965343712942544,0.005965593629640449,0.005965593629640449,0.005965593629640449
1953,2018-08-02,1954,1955,2018-08-03,2018-08-06,0.004070533922194919,1.0,-0.006873616553543904,-0.04012887853871305,0.6424160693588649,0.4994292237442922,outer_03,none,0.05,1,row1953_entry1954_exit1955,True,5.0,0.000499875041651048,0.004070533922194919,0.003570658880543871,0.0,0.003570658880543871,-0.004570408963845966,-0.004570408963845966,-0.004570408963845966
1954,2018-08-03,1955,1956,2018-08-06,2018-08-07,-0.004558788916853906,0.0,0.004477755058982957,-0.03357287387534669,0.5518976910752722,0.4994292237442922,outer_03,none,0.05,1,row1954_entry1955_exit1956,True,5.0,0.000499875041651048,-0.004558788916853906,-0.005058663958504954,0.0,-0.005058663958504954,0.004058913875202859,-0.005058663958504954,0.004058913875202859
1955,2018-08-06,1956,1957,2018-08-07,2018-08-08,0.00241412212652925,1.0,-0.004991250900183708,-0.04083326112897634,0.6280807754512099,0.4994292237442922,outer_03,none,0.05,1,row1955_entry1956_exit1957,True,5.0,0.000499875041651048,0.00241412212652925,0.0019142470848782021,0.0,0.0019142470848782021,-0.002913997168180298,-0.002913997168180298,-0.002913997168180298
1956,2018-08-07,1957,1958,2018-08-08,2018-08-09,0.002152906635745744,1.0,0.0028787948805160113,-0.036776750403357816,0.5964261660715175,0.4994292237442922,outer_03,none,0.05,1,row1956_entry1957_exit1958,True,5.0,0.000499875041651048,0.002152906635745744,0.0016530315940946959,0.0,0.0016530315940946959,-0.0026527816773967918,0.0016530315940946959,-0.0026527816773967918
1957,2018-08-08,1958,1959,2018-08-09,2018-08-10,-0.0008820487182452652,0.0,0.00231027017391483,-0.023458046767163232,0.6187797105007918,0.4994292237442922,outer_03,none,0.05,1,row1957_entry1958_exit1959,True,5.0,0.000499875041651048,-0.0008820487182452652,-0.0013819237598963132,0.0,-0.0013819237598963132,0.00038217367659421726,-0.0013819237598963132,0.00038217367659421726
1958,2018-08-09,1959,1960,2018-08-10,2018-08-13,-3.2988874504980004e-05,0.0,-0.00100596164390776,-0.028288657927700633,0.6264948951672263,0.4994292237442922,outer_03,none,0.05,1,row1958_entry1959_exit1960,True,5.0,0.000499875041651048,-3.2988874504980004e-05,-0.000532863916156028,0.0,-0.000532863916156028,-0.00046688616714606794,-0.00046688616714606794,-0.00046688616714606794
1959,2018-08-10,1960,1961,2018-08-13,2018-08-14,-0.015375201073453582,0.0,-0.00064368653039093,-0.024205647555027632,0.6264199546767043,0.4994292237442922,outer_03,none,0.05,1,row1959_entry1960_exit1961,True,5.0,0.000499875041651048,-0.015375201073453582,-0.01587507611510463,0.0,-0.01587507611510463,0.014875326031802534,0.014875326031802534,0.014875326031802534
1960,2018-08-13,1961,1962,2018-08-14,2018-08-15,0.000209356564302432,1.0,-0.014752743634890209,-0.03874887091000634,0.5999319180705907,0.4994292237442922,outer_03,none,0.05,1,row1960_entry1961_exit1962,True,5.0,0.000499875041651048,0.000209356564302432,-0.00029051847734861596,0.0,-0.00029051847734861596,-0.0007092316059534799,-0.0007092316059534799,-0.0007092316059534799
1961,2018-08-14,1962,1963,2018-08-15,2018-08-16,-0.015790623524174485,0.0,0.00024292481596432935,-0.02754995176823094,0.6835540507185068,0.4994292237442922,outer_03,none,0.05,1,row1961_entry1962_exit1963,True,5.0,0.000499875041651048,-0.015790623524174485,-0.016290498565825533,0.0,-0.016290498565825533,0.015290748482523438,-0.016290498565825533,0.015290748482523438
1962,2018-08-15,1963,1964,2018-08-16,2018-08-17,-0.0015834911619538872,0.0,-0.016280155903230842,-0.044009349803618925,0.7546260200054709,0.4994292237442922,outer_03,none,0.05,1,row1962_entry1963_exit1964,True,5.0,0.000499875041651048,-0.0015834911619538872,-0.002083366203604935,0.0,-0.002083366203604935,0.0010836161203028392,0.0010836161203028392,0.0010836161203028392
1963,2018-08-16,1964,1965,2018-08-17,2018-08-20,0.008289719321230571,1.0,-0.000613136467615405,-0.040835283128902056,0.7723539424150442,0.4994292237442922,outer_03,none,0.05,1,row1963_entry1964_exit1965,True,5.0,0.000499875041651048,0.008289719321230571,0.007789844279579523,0.0,0.007789844279579523,-0.008789594362881618,-0.008789594362881618,-0.008789594362881618
1964,2018-08-17,1965,1966,2018-08-20,2018-08-21,0.005821831822098389,1.0,0.008685012820814464,-0.039263910279801806,0.6771879697290487,0.4994292237442922,outer_03,none,0.05,1,row1964_entry1965_exit1966,True,5.0,0.000499875041651048,0.005821831822098389,0.005321956780447341,0.0,0.005321956780447341,-0.006321706863749436,0.005321956780447341,-0.006321706863749436
1965,2018-08-20,1966,1967,2018-08-21,2018-08-22,0.00476027750843766,1.0,0.005213675145468777,-0.028211480105325037,0.6887680135349927,0.4994292237442922,outer_03,none,0.05,1,row1965_entry1966_exit1967,True,5.0,0.000499875041651048,0.00476027750843766,0.004260402466786613,0.0,0.004260402466786613,-0.005260152550088708,0.004260402466786613,-0.005260152550088708
1966,2018-08-21,1967,1968,2018-08-22,2018-08-23,-0.00013378262016416897,0.0,0.004827202561848765,-0.02340877863990176,0.6655743115898982,0.4994292237442922,outer_03,none,0.05,1,row1966_entry1967_exit1968,True,5.0,0.000499875041651048,-0.00013378262016416897,-0.0006336576618152169,0.0,-0.0006336576618152169,-0.00036609242148687897,-0.0006336576618152169,-0.00036609242148687897
1967,2018-08-22,1968,1969,2018-08-23,2018-08-24,-0.0088947709511773,0.0,-0.0005853968739719662,-0.02979219014409651,0.6827230838781861,0.4994292237442922,outer_03,none,0.05,1,row1967_entry1968_exit1969,True,5.0,0.000499875041651048,-0.0088947709511773,-0.009394645992828347,0.0,-0.009394645992828347,0.008394895909526252,0.008394895909526252,0.008394895909526252
1968,2018-08-23,1969,1970,2018-08-24,2018-08-27,0.018307721368184815,1.0,-0.00852699133454049,-0.031205425573562096,0.757019998560924,0.4994292237442922,outer_03,none,0.05,1,row1968_entry1969_exit1970,True,5.0,0.000499875041651048,0.018307721368184815,0.017807846326533767,0.0,0.017807846326533767,-0.018807596409835863,-0.018807596409835863,-0.018807596409835863
1969,2018-08-24,1970,1971,2018-08-27,2018-08-28,0.0029859286621309877,1.0,0.01723899413180696,-0.013941898086613058,0.5715279486638214,0.4994292237442922,outer_03,none,0.05,1,row1969_entry1970_exit1971,True,5.0,0.000499875041651048,0.0029859286621309877,0.00248605362047994,0.0,0.00248605362047994,-0.0034858037037820357,0.00248605362047994,-0.0034858037037820357
1970,2018-08-27,1971,1972,2018-08-28,2018-08-29,-0.007743750039986175,0.0,0.004294675501876455,-0.008395222699416394,0.7155200552824054,0.4994292237442922,outer_03,none,0.05,1,row1970_entry1971_exit1972,True,5.0,0.000499875041651048,-0.007743750039986175,-0.008243625081637222,0.0,-0.008243625081637222,0.007243874998335127,-0.008243625081637222,0.007243874998335127
1971,2018-08-28,1972,1973,2018-08-29,2018-08-30,0.004517567204354478,1.0,-0.008383029404088305,-0.01895392631627235,0.7414004586993234,0.4994292237442922,outer_03,none,0.05,1,row1971_entry1972_exit1973,True,5.0,0.000499875041651048,0.004517567204354478,0.00401769216270343,0.0,0.00401769216270343,-0.005017442246005525,-0.005017442246005525,-0.005017442246005525
1972,2018-08-29,1973,1974,2018-08-30,2018-08-31,-0.00574181750404712,0.0,0.004627234122182244,-0.007859430032987724,0.689218792557397,0.4994292237442922,outer_03,none,0.05,1,row1972_entry1973_exit1974,True,5.0,0.000499875041651048,-0.00574181750404712,-0.006241692545698167,0.0,-0.006241692545698167,0.005241942462396072,-0.006241692545698167,0.005241942462396072
1973,2018-08-30,1974,1975,2018-08-31,2018-09-03,0.0005665061717392561,1.0,-0.005751967116691681,-0.006737780596135501,0.7445396976399274,0.4994292237442922,outer_03,none,0.05,1,row1973_entry1974_exit1975,True,5.0,0.000499875041651048,0.0005665061717392561,6.663113008820816e-05,0.0,6.663113008820816e-05,-0.001066381213390304,-0.001066381213390304,-0.001066381213390304
1974,2018-08-31,1975,1976,2018-09-03,2018-09-04,-8.328648467781363e-06,0.0,0.000974841665442483,-0.010240693989675975,0.6818308163358672,0.4994292237442922,outer_03,none,0.05,1,row1974_entry1975_exit1976,True,5.0,0.000499875041651048,-8.328648467781363e-06,-0.0005082036901188293,0.0,-0.0005082036901188293,-0.0004915463931832666,-0.0005082036901188293,-0.0004915463931832666
1975,2018-09-03,1976,1977,2018-09-04,2018-09-05,-0.007482092596095669,0.0,0.00039133566691340604,-0.004858107422578861,0.6729145805228134,0.4994292237442922,outer_03,none,0.05,1,row1975_entry1976_exit1977,True,5.0,0.000499875041651048,-0.007482092596095669,-0.007981967637746716,0.0,-0.007981967637746716,0.006982217554444621,-0.007981967637746716,0.006982217554444621
1976,2018-09-04,1977,1978,2018-09-05,2018-09-06,0.00452938380307355,1.0,-0.008544202329560768,-0.01628110463265564,0.6282732471014241,0.4994292237442922,outer_03,none,0.05,1,row1976_entry1977_exit1978,True,5.0,0.000499875041651048,0.00452938380307355,0.0040295087614225025,0.0,0.0040295087614225025,-0.0050292588447245976,-0.0050292588447245976,-0.0050292588447245976
1977,2018-09-05,1978,1979,2018-09-06,2018-09-07,0.0026694934641815493,1.0,0.004565433833807475,-0.014025940972762996,0.6018540570513854,0.4994292237442922,outer_03,none,0.05,1,row1977_entry1978_exit1979,True,5.0,0.000499875041651048,0.0026694934641815493,0.0021696184225305014,0.0,0.0021696184225305014,-0.0031693685058325973,0.0021696184225305014,-0.0031693685058325973
1978,2018-09-06,1979,1980,2018-09-07,2018-09-10,-0.0033212641308368873,0.0,0.002912643674837234,-0.010107335654018001,0.6503111307844174,0.4994292237442922,outer_03,none,0.05,1,row1978_entry1979_exit1980,True,5.0,0.000499875041651048,-0.0033212641308368873,-0.0038211391724879353,0.0,-0.0038211391724879353,0.0028213890891858394,-0.0038211391724879353,0.0028213890891858394
1979,2018-09-07,1980,1981,2018-09-10,2018-09-11,-0.0007442063049118985,0.0,-0.0034560515241501832,-0.012919700647777255,0.5864314684093309,0.4994292237442922,outer_03,none,0.05,1,row1979_entry1980_exit1981,True,5.0,0.000499875041651048,-0.0007442063049118985,-0.0012440813465629465,0.0,-0.0012440813465629465,0.0002443312632608506,0.0002443312632608506,0.0002443312632608506
1980,2018-09-10,1981,1982,2018-09-11,2018-09-12,0.002114103860373362,1.0,-0.00021744584847738224,0.0016155971386355716,0.5638996810890221,0.4994292237442922,outer_03,none,0.05,1,row1980_entry1981_exit1982,True,5.0,0.000499875041651048,0.002114103860373362,0.001614228818722314,0.0,0.001614228818722314,-0.00261397890202441,-0.00261397890202441,0.001614228818722314
1981,2018-09-11,1982,1983,2018-09-12,2018-09-13,0.0070535880479036805,1.0,0.0023392409808193904,0.0037119133034906326,0.5832260560246235,0.4994292237442922,outer_03,none,0.05,1,row1981_entry1982_exit1983,True,5.0,0.000499875041651048,0.0070535880479036805,0.006553713006252633,0.0,0.006553713006252633,-0.007553463089554728,0.006553713006252633,0.006553713006252633
1982,2018-09-12,1983,1984,2018-09-13,2018-09-14,-0.004019772033792002,0.0,0.006396548221581533,0.026388617428303007,0.666883146853613,0.4994292237442922,outer_03,none,0.05,1,row1982_entry1983_exit1984,True,5.0,0.000499875041651048,-0.004019772033792002,-0.004519647075443049,0.0,-0.004519647075443049,0.003519896992140954,-0.004519647075443049,-0.004519647075443049
1983,2018-09-13,1984,1985,2018-09-14,2018-09-17,-0.00664637356677833,0.0,-0.00398784238169636,0.023013911514222052,0.692460448391009,0.4994292237442922,outer_03,none,0.05,1,row1983_entry1984_exit1985,True,5.0,0.000499875041651048,-0.00664637356677833,-0.007146248608429377,0.0,-0.007146248608429377,0.006146498525127282,0.006146498525127282,-0.007146248608429377
1984,2018-09-14,1985,1986,2018-09-17,2018-09-18,0.006438301190132556,1.0,-0.006539491879210324,0.007789406814197264,0.5913475914184744,0.4994292237442922,outer_03,none,0.05,1,row1984_entry1985_exit1986,True,5.0,0.000499875041651048,0.006438301190132556,0.0059384261484815085,0.0,0.0059384261484815085,-0.0069381762317836035,-0.0069381762317836035,0.0059384261484815085
1985,2018-09-17,1986,1987,2018-09-18,2018-09-19,-0.002859133455244134,0.0,0.006264742586210126,0.008840474254938613,0.5465785575918474,0.4994292237442922,outer_03,none,0.05,0,,False,5.0,0.0,-0.0,-0.0,0.0,-0.0,-0.0,-0.0,-0.0
1986,2018-09-18,1987,1988,2018-09-19,2018-09-20,0.004879764529543529,1.0,-0.0024093685190322844,0.0016039031740575638,0.5463443063093705,0.4994292237442922,outer_03,none,0.05,0,,False,5.0,0.0,0.0,0.0,0.0,0.0,0.0,0.0,0.0
1987,2018-09-19,1988,1989,2018-09-20,2018-09-21,0.0024392684336893566,1.0,0.004696642712280763,0.006885942760310293,0.5984712486761299,0.4994292237442922,outer_03,none,0.05,1,row1987_entry1988_exit1989,True,5.0,0.000499875041651048,0.0024392684336893566,0.0019393933920383087,0.0,0.0019393933920383087,-0.0029391434753404046,0.0019393933920383087,0.0019393933920383087
1988,2018-09-20,1989,1990,2018-09-21,2018-09-24,-0.006543007924601163,0.0,0.002812404632971166,0.01822533872782195,0.6668511979765532,0.4994292237442922,outer_03,none,0.05,1,row1988_entry1989_exit1990,True,5.0,0.000499875041651048,-0.006543007924601163,-0.0070428829662522105,0.0,-0.0070428829662522105,0.0060431328829501155,-0.0070428829662522105,-0.0070428829662522105
1989,2018-09-21,1990,1991,2018-09-24,2018-09-25,4.170472223208321e-05,1.0,-0.0066246600594954685,-0.005638315463480481,0.5921598283603585,0.4994292237442922,outer_03,none,0.05,1,row1989_entry1990_exit1991,True,5.0,0.000499875041651048,4.170472223208321e-05,-0.00045817031941896473,0.0,-0.00045817031941896473,-0.0005415797638831312,-0.0005415797638831312,-0.0005415797638831312
1990,2018-09-24,1991,1992,2018-09-25,2018-09-26,0.0019997840232530706,1.0,-0.0003670092127139313,-0.010300000178070867,0.6170041496836052,0.4994292237442922,outer_03,none,0.05,1,row1990_entry1991_exit1992,True,5.0,0.000499875041651048,0.0019997840232530706,0.0014999089816020226,0.0,0.0014999089816020226,-0.0024996590649041185,-0.0024996590649041185,-0.0024996590649041185
1991,2018-09-25,1992,1993,2018-09-26,2018-09-27,-0.005425360529931034,0.0,0.0020002340274594133,8.326325347685071e-05,0.6286579592362896,0.4994292237442922,outer_03,none,0.05,1,row1991_entry1992_exit1993,True,5.0,0.000499875041651048,-0.005425360529931034,-0.005925235571582081,0.0,-0.005925235571582081,0.004925485488279986,-0.005925235571582081,-0.005925235571582081
1992,2018-09-26,1993,1994,2018-09-27,2018-09-28,-0.009662967243255771,0.0,-0.0057112476140153134,-0.010255218482720707,0.5648545462181148,0.4994292237442922,outer_03,none,0.05,1,row1992_entry1993_exit1994,True,5.0,0.000499875041651048,-0.009662967243255771,-0.010162842284906819,0.0,-0.010162842284906819,0.009163092201604724,0.009163092201604724,0.009163092201604724
1993,2018-09-27,1994,1995,2018-09-28,2018-10-01,0.007199333899566618,1.0,-0.009845498043818957,-0.014348749409847983,0.6136979843042741,0.4994292237442922,outer_03,none,0.05,1,row1993_entry1994_exit1995,True,5.0,0.000499875041651048,0.007199333899566618,0.00669945885791557,0.0,0.00669945885791557,-0.007699208941217665,-0.007699208941217665,-0.007699208941217665
1994,2018-09-28,1995,1996,2018-10-01,2018-10-02,-0.0025874757158739214,0.0,0.007573655743486896,-0.00774993533180357,0.5768417220734868,0.4994292237442922,outer_03,none,0.05,1,row1994_entry1995_exit1996,True,5.0,0.000499875041651048,-0.0025874757158739214,-0.0030873507575249694,0.0,-0.0030873507575249694,0.0020876006742228735,-0.0030873507575249694,0.0020876006742228735
1995,2018-10-01,1996,1997,2018-10-02,2018-10-03,0.012679928663124507,1.0,-0.0023947880714949576,-0.010536059070211934,0.6537904298871078,0.4994292237442922,outer_03,none,0.05,1,row1995_entry1996_exit1997,True,5.0,0.000499875041651048,0.012679928663124507,0.01218005362147346,0.0,0.01218005362147346,-0.013179803704775554,-0.013179803704775554,-0.013179803704775554
1996,2018-10-02,1997,1998,2018-10-03,2018-10-04,-0.005004277809498525,0.0,0.011775665050933526,0.00978380831028236,0.5781249719150215,0.4994292237442922,outer_03,none,0.05,1,row1996_entry1997_exit1998,True,5.0,0.000499875041651048,-0.005004277809498525,-0.005504152851149573,0.0,-0.005504152851149573,0.004504402767847478,-0.005504152851149573,-0.005504152851149573
1997,2018-10-03,1998,1999,2018-10-04,2018-10-05,0.0014013899408125141,1.0,-0.004909181842823962,0.0003091926336509232,0.6823365522344136,0.4994292237442922,outer_03,none,0.05,1,row1997_entry1998_exit1999,True,5.0,0.000499875041651048,0.0014013899408125141,0.0009015148991614662,0.0,0.0009015148991614662,-0.001901264982463562,-0.001901264982463562,0.0009015148991614662
1998,2018-10-04,1999,2000,2018-10-05,2018-10-08,0.002938204150567003,1.0,0.002395090793901211,-0.00020836024728509983,0.6230508620346161,0.4994292237442922,outer_03,none,0.05,1,row1998_entry1999_exit2000,True,5.0,0.000499875041651048,0.002938204150567003,0.002438329108915955,0.0,0.002438329108915955,-0.003438079192218051,0.002438329108915955,-0.003438079192218051
1999,2018-10-05,2000,2001,2018-10-08,2018-10-09,-0.012528494795356337,0.0,0.0025224053632619814,0.005770096640127065,0.6698866996341818,0.4994292237442922,outer_03,none,0.05,1,row1999_entry2000_exit2001,True,5.0,0.000499875041651048,-0.012528494795356337,-0.013028369837007385,0.0,-0.013028369837007385,0.01202861975370529,-0.013028369837007385,-0.013028369837007385
2000,2018-10-08,2001,2002,2018-10-09,2018-10-10,0.0010598656813405327,1.0,-0.012373051257490886,-0.006385508768886439,0.6929319693480137,0.4994292237442922,outer_03,none,0.05,1,row2000_entry2001_exit2002,True,5.0,0.000499875041651048,0.0010598656813405327,0.0005599906396894848,0.0,0.0005599906396894848,-0.0015597407229915807,-0.0015597407229915807,-0.0015597407229915807
2001,2018-10-09,2002,2003,2018-10-10,2018-10-11,0.003960334756202499,1.0,0.0012786864922809116,-0.0074460632574249175,0.6262520304836723,0.4994292237442922,outer_03,none,0.05,1,row2001_entry2002_exit2003,True,5.0,0.000499875041651048,0.003960334756202499,0.0034604597145514514,0.0,0.0034604597145514514,-0.004460209797853547,0.0034604597145514514,-0.004460209797853547
2002,2018-10-10,2003,2004,2018-10-11,2018-10-12,0.0240187935002103,1.0,0.003817903450691773,-0.010024708028314677,0.58815158069917,0.4994292237442922,outer_03,none,0.05,1,row2002_entry2003_exit2004,True,5.0,0.000499875041651048,0.0240187935002103,0.023518918458559253,0.0,0.023518918458559253,-0.024518668541861348,0.023518918458559253,-0.024518668541861348
2003,2018-10-11,2004,2005,2018-10-12,2018-10-15,-0.004449021877753978,0.0,0.02545975414171231,0.019422888495093993,0.5971643059352906,0.4994292237442922,outer_03,none,0.05,1,row2003_entry2004_exit2005,True,5.0,0.000499875041651048,-0.004449021877753978,-0.004948896919405026,0.0,-0.004948896919405026,0.0039491468361029305,-0.004948896919405026,-0.004948896919405026
2004,2018-10-12,2005,2006,2018-10-15,2018-10-16,0.007697473967120949,1.0,-0.005780788887675747,0.02018159148662857,0.795542584173088,0.4994292237442922,outer_03,none,0.05,1,row2004_entry2005_exit2006,True,5.0,0.000499875041651048,0.007697473967120949,0.007197598925469902,0.0,0.007197598925469902,-0.008197349008771997,-0.008197349008771997,0.007197598925469902
2005,2018-10-15,2006,2007,2018-10-16,2018-10-17,-0.0018922870502988687,0.0,0.007404198975696552,0.021321047876114996,0.7544974906064874,0.4994292237442922,outer_03,none,0.05,1,row2005_entry2006_exit2007,True,5.0,0.000499875041651048,-0.0018922870502988687,-0.0023921620919499166,0.0,-0.0023921620919499166,0.0013924120086478207,-0.0023921620919499166,-0.0023921620919499166
2006,2018-10-16,2007,2008,2018-10-17,2018-10-18,-0.0023785889268879146,0.0,-0.001950042025728571,0.02178037436941871,0.7955466228198576,0.4994292237442922,outer_03,none,0.05,1,row2006_entry2007_exit2008,True,5.0,0.000499875041651048,-0.0023785889268879146,-0.0028784639685389625,0.0,-0.0028784639685389625,0.0018787138852368666,0.0018787138852368666,-0.0028784639685389625
2007,2018-10-17,2008,2009,2018-10-18,2018-10-19,0.0028683168927958747,1.0,-0.001806567074761567,0.015277164582376379,0.8078298967703745,0.4994292237442922,outer_03,none,0.05,1,row2007_entry2008_exit2009,True,5.0,0.000499875041651048,0.0028683168927958747,0.0023684418511448267,0.0,0.0023684418511448267,-0.0033681919344469226,-0.0033681919344469226,0.0023684418511448267
2008,2018-10-18,2009,2010,2018-10-19,2018-10-22,0.0020623858427173403,1.0,0.0028922061370550978,0.01535696608646031,0.8066757148754105,0.4994292237442922,outer_03,none,0.05,1,row2008_entry2009_exit2010,True,5.0,0.000499875041651048,0.0020623858427173403,0.0015625108010662923,0.0,0.0015625108010662923,-0.002562260884368388,0.0015625108010662923,0.0015625108010662923
2009,2018-10-19,2010,2011,2018-10-22,2018-10-23,-0.004857053282327328,0.0,0.0005138390002663584,0.022495465146222138,0.7927771282460948,0.4994292237442922,outer_03,none,0.05,1,row2009_entry2010_exit2011,True,5.0,0.000499875041651048,-0.004857053282327328,-0.005356928323978376,0.0,-0.005356928323978376,0.004357178240676281,-0.005356928323978376,-0.005356928323978376
2010,2018-10-22,2011,2012,2018-10-23,2018-10-24,0.0071914599840461335,1.0,-0.003692452648065725,0.019170021710870344,0.7483216746857249,0.4994292237442922,outer_03,none,0.05,1,row2010_entry2011_exit2012,True,5.0,0.000499875041651048,0.0071914599840461335,0.006691584942395086,0.0,0.006691584942395086,-0.007691335025697181,-0.007691335025697181,0.006691584942395086
2011,2018-10-23,2012,2013,2018-10-24,2018-10-25,0.002474857133265118,1.0,0.006916266049413977,0.024086053732824908,0.7250103066092441,0.4994292237442922,outer_03,none,0.05,1,row2011_entry2012_exit2013,True,5.0,0.000499875041651048,0.002474857133265118,0.00197498209161407,0.0,0.00197498209161407,-0.002974732174916166,0.00197498209161407,0.00197498209161407
2012,2018-10-24,2013,2014,2018-10-25,2018-10-26,-0.001492295491861917,0.0,0.0024272743248934248,0.032224575671733646,0.8037139143364338,0.4994292237442922,outer_03,none,0.05,1,row2012_entry2013_exit2014,True,5.0,0.000499875041651048,-0.001492295491861917,-0.001992170533512965,0.0,-0.001992170533512965,0.000992420450210869,-0.001992170533512965,-0.001992170533512965
2013,2018-10-25,2014,2015,2018-10-26,2018-10-29,0.0007139843875831886,1.0,-0.001192605985123052,0.04087746773042955,0.7691021740413329,0.4994292237442922,outer_03,none,0.05,1,row2013_entry2014_exit2015,True,5.0,0.000499875041651048,0.0007139843875831886,0.00021410934593214066,0.0,0.00021410934593214066,-0.0012138594292342366,-0.0012138594292342366,0.00021410934593214066
2014,2018-10-26,2015,2016,2018-10-29,2018-10-30,-0.002769533670643476,0.0,0.0013547554386290628,0.03465856742557172,0.7301272747170073,0.4994292237442922,outer_03,none,0.05,1,row2014_entry2015_exit2016,True,5.0,0.000499875041651048,-0.002769533670643476,-0.003269408712294524,0.0,-0.003269408712294524,0.002269658628992428,-0.003269408712294524,-0.003269408712294524
2015,2018-10-29,2016,2017,2018-10-30,2018-10-31,-0.005832109354892978,0.0,-0.0032967955154665773,0.0337565599816001,0.6592596522344553,0.4994292237442922,outer_03,none,0.05,1,row2015_entry2016_exit2017,True,5.0,0.000499875041651048,-0.005832109354892978,-0.006331984396544026,0.0,-0.006331984396544026,0.005332234313241931,0.005332234313241931,-0.006331984396544026
2016,2018-10-30,2017,2018,2018-10-31,2018-11-01,-0.005825179535501768,0.0,-0.0053008556542240015,0.01668003927644257,0.6198602652665746,0.4994292237442922,outer_03,none,0.05,1,row2016_entry2017_exit2018,True,5.0,0.000499875041651048,-0.005825179535501768,-0.006325054577152815,0.0,-0.006325054577152815,0.00532530449385072,0.00532530449385072,-0.006325054577152815
2017,2018-10-31,2018,2019,2018-11-01,2018-11-02,0.015504946082227633,1.0,-0.006966324917206279,0.014622896202060254,0.6148087928426018,0.4994292237442922,outer_03,none,0.05,1,row2017_entry2018_exit2019,True,5.0,0.000499875041651048,0.015504946082227633,0.015005071040576586,0.0,0.015005071040576586,-0.01600482112387868,-0.01600482112387868,0.015005071040576586
2018,2018-11-01,2019,2020,2018-11-02,2018-11-05,-0.0009321440391572011,0.0,0.015166663214004394,0.027394468622163437,0.6699351449570217,0.4994292237442922,outer_03,none,0.05,1,row2018_entry2019_exit2020,True,5.0,0.000499875041651048,-0.0009321440391572011,-0.001432019080808249,0.0,-0.001432019080808249,0.0004322689975061532,-0.001432019080808249,-0.001432019080808249
2019,2018-11-02,2020,2021,2018-11-05,2018-11-06,-0.0014851186563742402,0.0,-0.0002352187342289369,0.02463684452467252,0.7363835413005743,0.4994292237442922,outer_03,none,0.05,1,row2019_entry2020_exit2021,True,5.0,0.000499875041651048,-0.0014851186563742402,-0.001984993698025288,0.0,-0.001984993698025288,0.0009852436147231923,0.0009852436147231923,-0.001984993698025288
2020,2018-11-05,2021,2022,2018-11-06,2018-11-07,-0.0033516403146895968,0.0,-0.001128196507003132,0.03588169927516027,0.7509582185239895,0.4994292237442922,outer_03,none,0.05,1,row2020_entry2021_exit2022,True,5.0,0.000499875041651048,-0.0033516403146895968,-0.0038515153563406447,0.0,-0.0038515153563406447,0.002851765273038549,0.002851765273038549,-0.0038515153563406447
2021,2018-11-06,2022,2023,2018-11-07,2018-11-08,-0.0006521083709101205,0.0,-0.00352263430746369,0.03108037847541567,0.7037931647269146,0.4994292237442922,outer_03,none,0.05,1,row2021_entry2022_exit2023,True,5.0,0.000499875041651048,-0.0006521083709101205,-0.0011519834125611685,0.0,-0.0011519834125611685,0.00015223332925907258,0.00015223332925907258,-0.0011519834125611685
2022,2018-11-07,2023,2024,2018-11-08,2018-11-09,-0.0025636434086182547,0.0,-0.0005461830501110043,0.026716291974612894,0.699247474743543,0.4994292237442922,outer_03,none,0.05,1,row2022_entry2023_exit2024,True,5.0,0.000499875041651048,-0.0025636434086182547,-0.0030635184502693026,0.0,-0.0030635184502693026,0.0020637683669672067,0.0020637683669672067,-0.0030635184502693026
2023,2018-11-08,2024,2025,2018-11-09,2018-11-12,-0.011378613801380943,0.0,-0.0024410865562822792,-0.0011845487233816954,0.628385007243412,0.4994292237442922,outer_03,none,0.05,1,row2023_entry2024_exit2025,True,5.0,0.000499875041651048,-0.011378613801380943,-0.011878488843031991,0.0,-0.011878488843031991,0.010878738759729896,0.010878738759729896,0.010878738759729896
2024,2018-11-09,2025,2026,2018-11-12,2018-11-13,-0.006894833807407075,0.0,-0.011551127535561534,-0.006954887371267482,0.6559340266718132,0.4994292237442922,outer_03,none,0.05,1,row2024_entry2025_exit2026,True,5.0,0.000499875041651048,-0.006894833807407075,-0.007394708849058122,0.0,-0.007394708849058122,0.006394958765756027,0.006394958765756027,0.006394958765756027
2025,2018-11-12,2026,2027,2018-11-13,2018-11-14,0.0012730216843195308,1.0,-0.007603336926488069,-0.021962423273452103,0.6582810119823795,0.4994292237442922,outer_03,none,0.05,1,row2025_entry2026_exit2027,True,5.0,0.000499875041651048,0.0012730216843195308,0.0007731466426684828,0.0,0.0007731466426684828,-0.0017728967259705787,-0.0017728967259705787,-0.0017728967259705787
2026,2018-11-13,2027,2028,2018-11-14,2018-11-15,0.006927381635917662,1.0,0.00152363537166611,-0.018488745876057422,0.6275239259232815,0.4994292237442922,outer_03,none,0.05,1,row2026_entry2027_exit2028,True,5.0,0.000499875041651048,0.006927381635917662,0.006427506594266615,0.0,0.006427506594266615,-0.00742725667756871,0.006427506594266615,-0.00742725667756871
2027,2018-11-14,2028,2029,2018-11-15,2018-11-16,0.001864502404643531,1.0,0.0070880244357862665,-0.009594154365509588,0.6422371923562742,0.4994292237442922,outer_03,none,0.05,1,row2027_entry2028_exit2029,True,5.0,0.000499875041651048,0.001864502404643531,0.001364627362992483,0.0,0.001364627362992483,-0.002364377446294579,0.001364627362992483,-0.002364377446294579
2028,2018-11-15,2029,2030,2018-11-16,2018-11-19,0.007137050404445233,1.0,0.001774491537464229,-0.010711868965100457,0.6728751513216024,0.4994292237442922,outer_03,none,0.05,1,row2028_entry2029_exit2030,True,5.0,0.000499875041651048,0.007137050404445233,0.006637175362794186,0.0,0.006637175362794186,-0.007636925446096281,0.006637175362794186,-0.007636925446096281
2029,2018-11-16,2030,2031,2018-11-19,2018-11-20,0.0015455258476571032,1.0,0.006992949294480688,-0.0042327586708861276,0.5916655798083207,0.4994292237442922,outer_03,none,0.05,1,row2029_entry2030_exit2031,True,5.0,0.000499875041651048,0.0015455258476571032,0.0010456508060060553,0.0,0.0010456508060060553,-0.002045400889308151,0.0010456508060060553,-0.002045400889308151
2030,2018-11-19,2031,2032,2018-11-20,2018-11-21,-0.001619181931070024,0.0,0.00216764568219574,0.0016273396593753375,0.6161606796121583,0.4994292237442922,outer_03,none,0.05,1,row2030_entry2031_exit2032,True,5.0,0.000499875041651048,-0.001619181931070024,-0.002119056972721072,0.0,-0.002119056972721072,0.001119306889418976,-0.002119056972721072,-0.002119056972721072
2031,2018-11-20,2032,2033,2018-11-21,2018-11-22,0.002917538753247406,1.0,-0.0019056426676629101,-0.00719456905770155,0.6547972914198336,0.4994292237442922,outer_03,none,0.05,1,row2031_entry2032_exit2033,True,5.0,0.000499875041651048,0.002917538753247406,0.0024176637115963582,0.0,0.0024176637115963582,-0.003417413794898454,-0.003417413794898454,-0.003417413794898454
2032,2018-11-21,2033,2034,2018-11-22,2018-11-23,0.0012722232999609062,1.0,0.003514022918619908,-0.006107820463975067,0.6932980230566819,0.4994292237442922,outer_03,none,0.05,1,row2032_entry2033_exit2034,True,5.0,0.000499875041651048,0.0012722232999609062,0.0007723482583098583,0.0,0.0007723482583098583,-0.0017720983416119542,0.0007723482583098583,-0.0017720983416119542
2033,2018-11-22,2034,2035,2018-11-23,2018-11-26,-0.0029383458676788266,0.0,0.0009295575486483187,-0.003985656930203696,0.77591247519479,0.4994292237442922,outer_03,none,0.05,1,row2033_entry2034_exit2035,True,5.0,0.000499875041651048,-0.0029383458676788266,-0.0034382209093298745,0.0,-0.0034382209093298745,0.0024384708260277786,-0.0034382209093298745,0.0024384708260277786
2034,2018-11-23,2035,2036,2018-11-26,2018-11-27,-0.0008177417700228062,0.0,-0.0036334430678524043,-0.008973855436685163,0.7370383428520026,0.4994292237442922,outer_03,none,0.05,1,row2034_entry2035_exit2036,True,5.0,0.000499875041651048,-0.0008177417700228062,-0.0013176168116738542,0.0,-0.0013176168116738542,0.0003178667283717583,0.0003178667283717583,0.0003178667283717583
2035,2018-11-26,2036,2037,2018-11-27,2018-11-28,-0.006121547036401331,0.0,-0.00029451948541137085,-0.0059715794066299566,0.6686791858897665,0.4994292237442922,outer_03,none,0.05,1,row2035_entry2036_exit2037,True,5.0,0.000499875041651048,-0.006121547036401331,-0.006621422078052379,0.0,-0.006621422078052379,0.005621671994750284,0.005621671994750284,0.005621671994750284
2036,2018-11-27,2037,2038,2018-11-28,2018-11-29,0.00459057317736189,1.0,-0.006303835175381245,-0.0069745589277872,0.5756628301567348,0.4994292237442922,outer_03,none,0.05,1,row2036_entry2037_exit2038,True,5.0,0.000499875041651048,0.00459057317736189,0.004090698135710842,0.0,0.004090698135710842,-0.005090448219012937,-0.005090448219012937,-0.005090448219012937
2037,2018-11-28,2038,2039,2018-11-29,2018-11-30,0.002920737250732941,1.0,0.00541156633863249,0.005403332328051569,0.5985198755429417,0.4994292237442922,outer_03,none,0.05,1,row2037_entry2038_exit2039,True,5.0,0.000499875041651048,0.002920737250732941,0.002420862209081893,0.0,0.002420862209081893,-0.003420612292383989,0.002420862209081893,0.002420862209081893
2038,2018-11-29,2039,2040,2018-11-30,2018-12-03,-0.0009562769681608074,0.0,0.0024293596233206927,-0.007333971262632133,0.687725018933566,0.4994292237442922,outer_03,none,0.05,1,row2038_entry2039_exit2040,True,5.0,0.000499875041651048,-0.0009562769681608074,-0.0014561520098118554,0.0,-0.0014561520098118554,0.0004564019265097595,-0.0014561520098118554,0.0004564019265097595
2039,2018-11-30,2040,2041,2018-12-03,2018-12-04,0.006325472064614424,1.0,-0.0016925666042579834,-0.00879131913266118,0.6500389240424645,0.4994292237442922,outer_03,none,0.05,1,row2039_entry2040_exit2041,True,5.0,0.000499875041651048,0.006325472064614424,0.005825597022963376,0.0,0.005825597022963376,-0.006825347106265471,-0.006825347106265471,-0.006825347106265471
2040,2018-12-03,2041,2042,2018-12-04,2018-12-05,0.006374530031490799,1.0,0.007240736135745607,-0.00042238648991244077,0.5706555240159369,0.4994292237442922,outer_03,none,0.05,1,row2040_entry2041_exit2042,True,5.0,0.000499875041651048,0.006374530031490799,0.005874654989839752,0.0,0.005874654989839752,-0.006874405073141847,0.005874654989839752,-0.006874405073141847
2041,2018-12-04,2042,2043,2018-12-05,2018-12-06,-0.0010340093012723983,0.0,0.006236403434182414,0.009336651251733663,0.5940628647652842,0.4994292237442922,outer_03,none,0.05,1,row2041_entry2042_exit2043,True,5.0,0.000499875041651048,-0.0010340093012723983,-0.0015338843429234463,0.0,-0.0015338843429234463,0.0005341342596213504,-0.0015338843429234463,-0.0015338843429234463
2042,2018-12-05,2043,2044,2018-12-06,2018-12-07,0.0003717201797970304,1.0,-0.0011956698790767106,0.008687164422767957,0.6793225045944142,0.4994292237442922,outer_03,none,0.05,1,row2042_entry2043_exit2044,True,5.0,0.000499875041651048,0.0003717201797970304,-0.00012815486185401752,0.0,-0.00012815486185401752,-0.0008715952214480784,-0.0008715952214480784,-0.00012815486185401752
2043,2018-12-06,2044,2045,2018-12-07,2018-12-10,0.010192522687240135,1.0,0.0005656977223944537,0.01169394870144469,0.6301129138562224,0.4994292237442922,outer_03,none,0.05,1,row2043_entry2044_exit2045,True,5.0,0.000499875041651048,0.010192522687240135,0.009692647645589088,0.0,0.009692647645589088,-0.010692397728891183,0.009692647645589088,0.009692647645589088
2044,2018-12-07,2045,2046,2018-12-10,2018-12-11,-0.004504692650259656,0.0,0.008567447232846526,0.03181252346985275,0.5618097087850001,0.4994292237442922,outer_03,none,0.05,1,row2044_entry2045_exit2046,True,5.0,0.000499875041651048,-0.004504692650259656,-0.005004567691910704,0.0,-0.005004567691910704,0.004004817608608609,-0.005004567691910704,-0.005004567691910704
2045,2018-12-10,2046,2047,2018-12-11,2018-12-12,-0.001310326442640175,0.0,-0.003466402668598434,0.035949457727742384,0.6163297152480585,0.4994292237442922,outer_03,none,0.05,1,row2045_entry2046_exit2047,True,5.0,0.000499875041651048,-0.001310326442640175,-0.001810201484291223,0.0,-0.001810201484291223,0.0008104514009891271,0.0008104514009891271,-0.001810201484291223
2046,2018-12-11,2047,2048,2018-12-12,2018-12-13,0.0020732224326796,1.0,-0.0010133016806426198,0.033412520675433655,0.6027910556954273,0.4994292237442922,outer_03,none,0.05,1,row2046_entry2047_exit2048,True,5.0,0.000499875041651048,0.0020732224326796,0.001573347391028552,0.0,0.001573347391028552,-0.002573097474330648,-0.002573097474330648,0.001573347391028552
2047,2018-12-12,2048,2049,2018-12-13,2018-12-14,-0.0032322415816050665,0.0,0.002057696588949831,0.02838219282859722,0.5927212045122681,0.4994292237442922,outer_03,none,0.05,1,row2047_entry2048_exit2049,True,5.0,0.000499875041651048,-0.0032322415816050665,-0.0037321166232561144,0.0,-0.0037321166232561144,0.0027323665399540185,-0.0037321166232561144,-0.0037321166232561144
2048,2018-12-13,2049,2050,2018-12-14,2018-12-17,-0.0035336295966068576,0.0,-0.0027257503639512848,0.023881950927181705,0.5825116926230471,0.4994292237442922,outer_03,none,0.05,1,row2048_entry2049_exit2050,True,5.0,0.000499875041651048,-0.0035336295966068576,-0.004033504638257905,0.0,-0.004033504638257905,0.0030337545549558097,0.0030337545549558097,-0.004033504638257905
2049,2018-12-14,2050,2051,2018-12-17,2018-12-18,0.0067337609759947625,1.0,-0.003225809248882605,0.013663192383818412,0.497353020049343,0.4994292237442922,outer_03,none,0.05,0,,False,5.0,0.0,0.0,0.0,0.0,0.0,0.0,0.0,0.0
2050,2018-12-17,2051,2052,2018-12-18,2018-12-19,0.003277942561699554,1.0,0.006280719575503468,0.01777626627712614,0.5138911788133201,0.4994292237442922,outer_03,none,0.05,0,,False,5.0,0.0,0.0,0.0,0.0,0.0,0.0,0.0,0.0
2051,2018-12-18,2052,2053,2018-12-19,2018-12-20,-0.004450671137177231,0.0,0.002861530425611214,0.022543439370400264,0.5484442154827075,0.4994292237442922,outer_03,none,0.05,0,,False,5.0,0.0,-0.0,-0.0,0.0,-0.0,-0.0,-0.0,-0.0
2052,2018-12-19,2053,2054,2018-12-20,2018-12-21,0.012999536286931068,1.0,-0.005127701968977938,0.013901714482802419,0.4962711461368807,0.4994292237442922,outer_03,none,0.05,0,,False,5.0,0.0,0.0,0.0,0.0,0.0,0.0,0.0,0.0
2053,2018-12-20,2054,2055,2018-12-21,2018-12-24,-0.001611757442034012,0.0,0.013353936652038101,0.0263260935861922,0.5351991597218121,0.4994292237442922,outer_03,none,0.05,0,,False,5.0,0.0,-0.0,-0.0,0.0,-0.0,-0.0,-0.0,-0.0
2054,2018-12-21,2055,2056,2018-12-24,2018-12-26,0.01098451890963581,1.0,-0.003427343349501122,0.026532193304543483,0.6584511021341329,0.4994292237442922,outer_03,none,0.05,1,row2054_entry2055_exit2056,True,5.0,0.000499875041651048,0.01098451890963581,0.010484643867984762,0.0,0.010484643867984762,-0.011484393951286857,-0.011484393951286857,0.010484643867984762
2055,2018-12-24,2056,2057,2018-12-26,2018-12-27,-0.004513542358820288,0.0,0.010239105494168399,0.03706581828412325,0.5767782998168217,0.4994292237442922,outer_03,none,0.05,1,row2055_entry2056_exit2057,True,5.0,0.000499875041651048,-0.004513542358820288,-0.005013417400471336,0.0,-0.005013417400471336,0.004013667317169241,-0.005013417400471336,-0.005013417400471336
2056,2018-12-26,2057,2058,2018-12-27,2018-12-28,0.006845030660461049,1.0,-0.0011991733453369235,0.042170480114167574,0.7202741745431963,0.4994292237442922,outer_03,none,0.05,1,row2056_entry2057_exit2058,True,5.0,0.000499875041651048,0.006845030660461049,0.006345155618810001,0.0,0.006345155618810001,-0.007344905702112096,-0.007344905702112096,0.006345155618810001
2057,2018-12-27,2058,2059,2018-12-28,2018-12-31,0.0035769252349311387,1.0,0.006860010853819709,0.043618924629354794,0.6366254437819145,0.4994292237442922,outer_03,none,0.05,1,row2057_entry2058_exit2059,True,5.0,0.000499875041651048,0.0035769252349311387,0.0030770501932800907,0.0,0.0030770501932800907,-0.004076800276582186,0.0030770501932800907,0.0030770501932800907
2058,2018-12-28,2059,2060,2018-12-31,2019-01-02,0.001787575657592022,1.0,0.003982650632739393,0.045172215638773494,0.6434735362705905,0.4994292237442922,outer_03,none,0.05,1,row2058_entry2059_exit2060,True,5.0,0.000499875041651048,0.001787575657592022,0.0012877006159409741,0.0,0.0012877006159409741,-0.00228745069924307,0.0012877006159409741,0.0012877006159409741
2059,2018-12-31,2060,2061,2019-01-02,2019-01-03,0.0042569979731617025,1.0,-0.00028115994280852874,0.04658362230022295,0.6847415864552383,0.4994292237442922,outer_03,none,0.05,1,row2059_entry2060_exit2061,True,5.0,0.000499875041651048,0.0042569979731617025,0.0037571229315106545,0.0,0.0037571229315106545,-0.00475687301481275,-0.00475687301481275,0.0037571229315106545
2060,2019-01-02,2061,2062,2019-01-03,2019-01-04,0.00463326078530546,1.0,0.0034076365518949103,0.04275052271637225,0.6333378676028536,0.4994292237442922,outer_03,none,0.05,1,row2060_entry2061_exit2062,True,5.0,0.000499875041651048,0.00463326078530546,0.004133385743654412,0.0,0.004133385743654412,-0.005133135826956507,0.004133385743654412,0.004133385743654412
2061,2019-01-03,2062,2063,2019-01-04,2019-01-07,-0.006452135605648834,0.0,0.007267626042590791,0.04378174532478063,0.5795359450310114,0.4994292237442922,outer_03,none,0.05,1,row2061_entry2062_exit2063,True,5.0,0.000499875041651048,-0.006452135605648834,-0.006952010647299882,0.0,-0.006952010647299882,0.005952260563997787,-0.006952010647299882,-0.006952010647299882
2062,2019-01-04,2063,2064,2019-01-07,2019-01-08,0.0029675686955839,1.0,-0.0073221191978749545,0.037655296005982386,0.577046919877955,0.4994292237442922,outer_03,none,0.05,1,row2062_entry2063_exit2064,True,5.0,0.000499875041651048,0.0029675686955839,0.002467693653932852,0.0,0.002467693653932852,-0.0034674437372349477,-0.0034674437372349477,0.002467693653932852
2063,2019-01-07,2064,2065,2019-01-08,2019-01-09,-0.0035278887152241367,0.0,0.0032565850213019942,0.04034618330488993,0.5165154874193241,0.4994292237442922,outer_03,none,0.05,0,,False,5.0,0.0,-0.0,-0.0,0.0,-0.0,-0.0,-0.0,-0.0
2064,2019-01-08,2065,2066,2019-01-09,2019-01-10,0.006486676996901863,1.0,-0.002859631440199628,0.028919104631843773,0.47088941776342896,0.4994292237442922,outer_03,none,0.05,0,,False,5.0,0.0,0.0,0.0,0.0,0.0,0.0,0.0,0.0
2065,2019-01-09,2066,2067,2019-01-10,2019-01-11,-0.004829972215264711,0.0,0.006121114392504623,0.03850662169294683,0.512878160326604,0.4994292237442922,outer_03,none,0.05,0,,False,5.0,0.0,-0.0,-0.0,0.0,-0.0,-0.0,-0.0,-0.0
2066,2019-01-10,2067,2068,2019-01-11,2019-01-14,0.0010020235498311436,1.0,-0.0052965773699744645,0.034223346003614985,0.5837286642354852,0.4994292237442922,outer_03,none,0.05,1,row2066_entry2067_exit2068,True,5.0,0.000499875041651048,0.0010020235498311436,0.0005021485081800957,0.0,0.0005021485081800957,-0.0015018985914821916,-0.0015018985914821916,0.0005021485081800957
2067,2019-01-11,2068,2069,2019-01-14,2019-01-15,0.0033792718676481925,1.0,0.0010025297227072016,0.033168179137372356,0.49089482988401983,0.4994292237442922,outer_03,none,0.05,0,,False,5.0,0.0,0.0,0.0,0.0,0.0,0.0,0.0,0.0
2068,2019-01-14,2069,2070,2019-01-15,2019-01-16,-0.002184371003104424,0.0,0.0030867573253372527,0.03898068682666089,0.4843055333063466,0.4994292237442922,outer_03,none,0.05,0,,False,5.0,0.0,-0.0,-0.0,0.0,-0.0,-0.0,-0.0,-0.0
2069,2019-01-15,2070,2071,2019-01-16,2019-01-17,0.003189745976617253,1.0,-0.0018990119221289348,0.04030748415341456,0.5349821314565425,0.4994292237442922,outer_03,none,0.05,0,,False,5.0,0.0,0.0,0.0,0.0,0.0,0.0,0.0,0.0
2070,2019-01-16,2071,2072,2019-01-17,2019-01-18,-0.0011291833183539879,0.0,0.003639831475171107,0.0376665960530822,0.5924446040748477,0.4994292237442922,outer_03,none,0.05,1,row2070_entry2071_exit2072,True,5.0,0.000499875041651048,-0.0011291833183539879,-0.0016290583600050358,0.0,-0.0016290583600050358,0.0006293082767029399,-0.0016290583600050358,-0.0016290583600050358
2071,2019-01-17,2072,2073,2019-01-18,2019-01-21,-0.0075424570212963005,0.0,-0.0014233776674039689,0.03338168796006702,0.5807627153155329,0.4994292237442922,outer_03,none,0.05,1,row2071_entry2072_exit2073,True,5.0,0.000499875041651048,-0.0075424570212963005,-0.008042332062947348,0.0,-0.008042332062947348,0.007042581979645253,0.007042581979645253,-0.008042332062947348
2072,2019-01-18,2073,2074,2019-01-21,2019-01-22,-0.0018652426515526344,0.0,-0.008239583957845298,0.03026980597119966,0.45949987350214083,0.4994292237442922,outer_03,none,0.05,0,,False,5.0,0.0,-0.0,-0.0,0.0,-0.0,-0.0,-0.0,-0.0
2073,2019-01-21,2074,2075,2019-01-22,2019-01-23,0.0037114473567818607,1.0,-0.0008980131088689447,0.016017856210292614,0.435801703809089,0.4994292237442922,outer_03,none,0.05,-1,row2073_entry2074_exit2075,True,5.0,0.000499875041651048,-0.0037114473567818607,-0.004211322398432908,0.0,0.0032115723151308127,-0.004211322398432908,-0.004211322398432908,0.0032115723151308127
2074,2019-01-22,2075,2076,2019-01-23,2019-01-24,-0.0016512964868917734,0.0,0.0038518566142800026,0.023297056174073738,0.516387763911373,0.4994292237442922,outer_03,none,0.05,0,,False,5.0,0.0,-0.0,-0.0,0.0,-0.0,-0.0,-0.0,-0.0
2075,2019-01-23,2076,2077,2019-01-24,2019-01-25,-0.0019117406168120965,0.0,-0.0019864538216047833,0.011071496858300556,0.4682531524679086,0.4994292237442922,outer_03,none,0.05,0,,False,5.0,0.0,-0.0,-0.0,0.0,-0.0,-0.0,-0.0,-0.0
2076,2019-01-24,2077,2078,2019-01-25,2019-01-28,0.016991038355807397,1.0,-0.0013030741123722933,0.010967596091265186,0.4288414060557855,0.4994292237442922,outer_03,none,0.05,-1,row2076_entry2077_exit2078,True,5.0,0.000499875041651048,-0.016991038355807397,-0.017490913397458445,0.0,0.01649116331415635,-0.017490913397458445,-0.017490913397458445,0.01649116331415635
2077,2019-01-25,2078,2079,2019-01-28,2019-01-29,0.0006524935078111582,1.0,0.017062274778053776,0.021169860015499253,0.4179648185534125,0.4994292237442922,outer_03,none,0.05,-1,row2077_entry2078_exit2079,True,5.0,0.000499875041651048,-0.0006524935078111582,-0.0011523685494622062,0.0,0.00015261846616011028,-0.0011523685494622062,0.00015261846616011028,0.00015261846616011028
2078,2019-01-28,2079,2080,2019-01-29,2019-01-30,0.006417756085543402,1.0,0.00032233308030438224,0.017509542463064243,0.5329211623045099,0.4994292237442922,outer_03,none,0.05,0,,False,5.0,0.0,0.0,0.0,0.0,0.0,0.0,0.0,0.0
2079,2019-01-29,2080,2081,2019-01-30,2019-01-31,0.006679838350262202,1.0,0.006463058900685326,0.024253761306558097,0.4367972836604567,0.4994292237442922,outer_03,none,0.05,-1,row2079_entry2080_exit2081,True,5.0,0.000499875041651048,-0.006679838350262202,-0.007179713391913249,0.0,0.006179963308611154,-0.007179713391913249,0.006179963308611154,0.006179963308611154
2080,2019-01-30,2081,2082,2019-01-31,2019-02-01,0.0004921912072859413,1.0,0.006027571693401512,0.0268736964480647,0.43071902023705877,0.4994292237442922,outer_03,none,0.05,-1,row2080_entry2081_exit2082,True,5.0,0.000499875041651048,-0.0004921912072859413,-0.0009920662489369893,0.0,-7.683834365106602e-06,-0.0009920662489369893,-7.683834365106602e-06,-7.683834365106602e-06
2081,2019-01-31,2082,2083,2019-02-01,2019-02-04,-0.002539274829010729,0.0,0.001105792647821069,0.020711863053294977,0.4232557151158902,0.4994292237442922,outer_03,none,0.05,-1,row2081_entry2082_exit2083,True,5.0,0.000499875041651048,0.002539274829010729,0.0020393997873596813,0.0,-0.003039149870661777,0.0020393997873596813,-0.003039149870661777,-0.003039149870661777
2082,2019-02-01,2083,2084,2019-02-04,2019-02-05,-0.004442152921817488,0.0,-0.002531493416367603,0.025502488834802328,0.4741568093509186,0.4994292237442922,outer_03,none,0.05,0,,False,5.0,0.0,-0.0,-0.0,0.0,-0.0,-0.0,-0.0,-0.0
2083,2019-02-04,2084,2085,2019-02-05,2019-02-06,0.002162689887862612,1.0,-0.0043731792688168625,0.01787272454468347,0.45685088053923195,0.4994292237442922,outer_03,none,0.05,0,,False,5.0,0.0,0.0,0.0,0.0,0.0,0.0,0.0,0.0
2084,2019-02-05,2085,2086,2019-02-06,2019-02-07,-0.005484355911550054,0.0,0.0022155991749777115,0.02294795515986081,0.4913672329042537,0.4994292237442922,outer_03,none,0.05,0,,False,5.0,0.0,-0.0,-0.0,0.0,-0.0,-0.0,-0.0,-0.0
2085,2019-02-06,2086,2087,2019-02-07,2019-02-08,0.0019485214599432865,1.0,-0.006516122552449488,0.0103107182149067,0.5536416644148746,0.4994292237442922,outer_03,none,0.05,1,row2085_entry2086_exit2087,True,5.0,0.000499875041651048,0.0019485214599432865,0.0014486464182922386,0.0,0.0014486464182922386,-0.0024483965015943345,-0.0024483965015943345,0.0014486464182922386
2086,2019-02-07,2087,2088,2019-02-08,2019-02-11,0.0024246132879941484,1.0,0.0027672896709294292,0.018374585255810594,0.5756748349447606,0.4994292237442922,outer_03,none,0.05,1,row2086_entry2087_exit2088,True,5.0,0.000499875041651048,0.0024246132879941484,0.0019247382463431005,0.0,0.0019247382463431005,-0.0029244883296451964,0.0019247382463431005,0.0019247382463431005
2087,2019-02-08,2088,2089,2019-02-11,2019-02-12,-0.00438843228503405,0.0,0.0030488990423380713,0.020420954575441463,0.5093773235438191,0.4994292237442922,outer_03,none,0.05,0,,False,5.0,0.0,-0.0,-0.0,0.0,-0.0,-0.0,-0.0,-0.0
2088,2019-02-11,2089,2090,2019-02-12,2019-02-13,0.0028489503747426426,1.0,-0.004462164876008146,0.012872032374096065,0.44733231633101206,0.4994292237442922,outer_03,none,0.05,-1,row2088_entry2089_exit2090,True,5.0,0.000499875041651048,-0.0028489503747426426,-0.0033488254163936905,0.0,0.0023490753330915946,-0.0033488254163936905,-0.0033488254163936905,0.0023490753330915946
2089,2019-02-12,2090,2091,2019-02-13,2019-02-14,-0.003560544413607758,0.0,0.001886454369967261,0.01665749866619226,0.4548857148307338,0.4994292237442922,outer_03,none,0.05,0,,False,5.0,0.0,-0.0,-0.0,0.0,-0.0,-0.0,-0.0,-0.0
2090,2019-02-13,2091,2092,2019-02-14,2019-02-15,0.00469633213580245,1.0,-0.0035850140634190453,0.009432653127602109,0.3906626368340474,0.4994292237442922,outer_03,none,0.05,-1,row2090_entry2091_exit2092,True,5.0,0.000499875041651048,-0.00469633213580245,-0.005196207177453498,0.0,0.004196457094151403,-0.005196207177453498,-0.005196207177453498,0.004196457094151403
2091,2019-02-14,2092,2093,2019-02-15,2019-02-18,0.0036122124319764026,1.0,0.004835595670523496,0.015691626465529573,0.3987149584349102,0.4994292237442922,outer_03,none,0.05,-1,row2091_entry2092_exit2093,True,5.0,0.000499875041651048,-0.0036122124319764026,-0.00411208747362745,0.0,0.0031123373903253547,-0.00411208747362745,0.0031123373903253547,0.0031123373903253547
2092,2019-02-15,2093,2094,2019-02-18,2019-02-19,0.0067105967916427645,1.0,0.006873088074902611,0.030804298498277483,0.5654474369276045,0.4994292237442922,outer_03,none,0.05,1,row2092_entry2093_exit2094,True,5.0,0.000499875041651048,0.0067105967916427645,0.006210721749991717,0.0,0.006210721749991717,-0.007210471833293812,0.006210721749991717,0.006210721749991717
2093,2019-02-18,2094,2095,2019-02-19,2019-02-20,0.010262116808852362,1.0,0.003626312844731139,0.035328624451877566,0.5844162484112018,0.4994292237442922,outer_03,none,0.05,1,row2093_entry2094_exit2095,True,5.0,0.000499875041651048,0.010262116808852362,0.009762241767201314,0.0,0.009762241767201314,-0.01076199185050341,0.009762241767201314,0.009762241767201314
2094,2019-02-19,2095,2096,2019-02-20,2019-02-21,-0.0006569762903625431,0.0,0.011322771518266883,0.04279953935586445,0.42432150673710056,0.4994292237442922,outer_03,none,0.05,-1,row2094_entry2095_exit2096,True,5.0,0.000499875041651048,0.0006569762903625431,0.00015710124871149518,0.0,-0.001156851332013591,0.00015710124871149518,-0.001156851332013591,-0.001156851332013591
2095,2019-02-20,2096,2097,2019-02-21,2019-02-22,-0.011121864384493918,0.0,-0.0022094837604367257,0.042576509417032504,0.44182296736075016,0.4994292237442922,outer_03,none,0.05,-1,row2095_entry2096_exit2097,True,5.0,0.000499875041651048,0.011121864384493918,0.01062198934284287,0.0,-0.011621739426144966,0.01062198934284287,0.01062198934284287,-0.011621739426144966
2096,2019-02-21,2097,2098,2019-02-22,2019-02-25,0.0024512681552977256,1.0,-0.011196810569712667,0.03268277295969213,0.4403891254408123,0.4994292237442922,outer_03,none,0.05,-1,row2096_entry2097_exit2098,True,5.0,0.000499875041651048,-0.0024512681552977256,-0.0029511431969487735,0.0,0.0019513931136466776,-0.0029511431969487735,-0.0029511431969487735,0.0019513931136466776
2097,2019-02-22,2098,2099,2019-02-25,2019-02-26,-0.00018834590911875893,0.0,0.0032140540558156516,0.018834552237454005,0.4553356650254252,0.4994292237442922,outer_03,none,0.05,0,,False,5.0,0.0,-0.0,-0.0,0.0,-0.0,-0.0,-0.0,-0.0
2098,2019-02-25,2099,2100,2019-02-26,2019-02-27,0.0013628237403411347,1.0,-0.00024107277501084212,0.01827114638213878,0.5009990912231573,0.4994292237442922,outer_03,none,0.05,0,,False,5.0,0.0,0.0,0.0,0.0,0.0,0.0,0.0,0.0
2099,2019-02-26,2100,2101,2019-02-27,2019-02-28,-0.006825192027757332,0.0,0.0010918963557484673,0.012899983837201923,0.47074840312152966,0.4994292237442922,outer_03,none,0.05,0,,False,5.0,0.0,-0.0,-0.0,0.0,-0.0,-0.0,-0.0,-0.0
2100,2019-02-27,2101,2102,2019-02-28,2019-03-01,-0.004434092013661406,0.0,-0.006849678068072684,2.2734075727726122e-05,0.46432495367588006,0.4994292237442922,outer_03,none,0.05,0,,False,5.0,0.0,-0.0,-0.0,0.0,-0.0,-0.0,-0.0,-0.0
2101,2019-02-28,2102,2103,2019-03-01,2019-03-04,-0.014633042673809271,0.0,-0.004968293730954976,-0.0060513523030483185,0.40784172770438726,0.4994292237442922,outer_03,none,0.05,-1,row2101_entry2102_exit2103,True,5.0,0.000499875041651048,0.014633042673809271,0.014133167632158224,0.0,-0.015132917715460319,0.014133167632158224,0.014133167632158224,0.014133167632158224
2102,2019-03-01,2103,2104,2019-03-04,2019-03-05,-0.0063363419509148144,0.0,-0.01508564960313219,-0.018605508489812905,0.37998847409751685,0.4994292237442922,outer_03,none,0.05,-1,row2102_entry2103_exit2104,True,5.0,0.000499875041651048,0.0063363419509148144,0.005836466909263767,0.0,-0.006836216992565862,0.005836466909263767,0.005836466909263767,0.005836466909263767
2103,2019-03-04,2104,2105,2019-03-05,2019-03-06,0.0002719386523164502,1.0,-0.00539561288534518,-0.019627942106341223,0.46934230345004785,0.4994292237442922,outer_03,none,0.05,0,,False,5.0,0.0,0.0,0.0,0.0,0.0,0.0,0.0,0.0
2104,2019-03-05,2105,2106,2019-03-06,2019-03-07,-0.0005517241519266136,0.0,0.0007148851825915514,-0.021128656098727383,0.44171136374724373,0.4994292237442922,outer_03,none,0.05,-1,row2104_entry2105_exit2106,True,5.0,0.000499875041651048,0.0005517241519266136,5.184911027556567e-05,0.0,-0.0010515991935776616,5.184911027556567e-05,-0.0010515991935776616,5.184911027556567e-05
2105,2019-03-06,2106,2107,2019-03-07,2019-03-08,-0.0015557909666235048,0.0,-0.0009558855685813938,-0.015568419114859289,0.47756470369753984,0.4994292237442922,outer_03,none,0.05,0,,False,5.0,0.0,-0.0,-0.0,0.0,-0.0,-0.0,-0.0,-0.0
2106,2019-03-07,2107,2108,2019-03-08,2019-03-11,0.009553139435298341,1.0,-0.0006377650440949623,-0.01897347382988368,0.4983049334350015,0.4994292237442922,outer_03,none,0.05,0,,False,5.0,0.0,0.0,0.0,0.0,0.0,0.0,0.0,0.0
2107,2019-03-08,2108,2109,2019-03-11,2019-03-12,-0.002942212023270052,0.0,0.009986303554437193,-0.012036069317784559,0.4007532444086918,0.4994292237442922,outer_03,none,0.05,-1,row2107_entry2108_exit2109,True,5.0,0.000499875041651048,0.002942212023270052,0.002442336981619004,0.0,-0.0034420870649211,0.002442336981619004,-0.0034420870649211,0.002442336981619004
2108,2019-03-11,2109,2110,2019-03-12,2019-03-13,0.0060679844623479084,1.0,-0.0038279035743844503,-0.011401808016160864,0.5670275865416398,0.4994292237442922,outer_03,none,0.05,1,row2108_entry2109_exit2110,True,5.0,0.000499875041651048,0.0060679844623479084,0.005568109420696861,0.0,0.005568109420696861,-0.006567859503998956,-0.006567859503998956,-0.006567859503998956
2109,2019-03-12,2110,2111,2019-03-13,2019-03-14,0.006802799437509499,1.0,0.006074594114631182,-0.0072136682714969425,0.474874414008524,0.4994292237442922,outer_03,none,0.05,0,,False,5.0,0.0,0.0,0.0,0.0,0.0,0.0,0.0,0.0
2110,2019-03-13,2111,2112,2019-03-14,2019-03-15,-0.01051477905590037,0.0,0.006091389393401592,0.0024627351853236945,0.5413100983619642,0.4994292237442922,outer_03,none,0.05,0,,False,5.0,0.0,-0.0,-0.0,0.0,-0.0,-0.0,-0.0,-0.0
2111,2019-03-14,2112,2113,2019-03-15,2019-03-18,0.004733818633220643,1.0,-0.00999555378389072,-0.012368414269090522,0.6009883583373923,0.4994292237442922,outer_03,none,0.05,1,row2111_entry2112_exit2113,True,5.0,0.000499875041651048,0.004733818633220643,0.004233943591569596,0.0,0.004233943591569596,-0.005233693674871691,-0.005233693674871691,-0.005233693674871691
2112,2019-03-15,2113,2114,2019-03-18,2019-03-19,0.0008520143745931463,1.0,0.0044957735461848,-0.014745728797808333,0.551047582933454,0.4994292237442922,outer_03,none,0.05,1,row2112_entry2113_exit2114,True,5.0,0.000499875041651048,0.0008520143745931463,0.0003521393329420984,0.0,0.0003521393329420984,-0.0013518894162441943,0.0003521393329420984,-0.0013518894162441943
2113,2019-03-18,2114,2115,2019-03-19,2019-03-20,0.0025134305448606398,1.0,0.001143809162330811,-0.01722823248020866,0.585585467141803,0.4994292237442922,outer_03,none,0.05,1,row2113_entry2114_exit2115,True,5.0,0.000499875041651048,0.0025134305448606398,0.002013555503209592,0.0,0.002013555503209592,-0.0030133055865116877,0.002013555503209592,-0.0030133055865116877
2114,2019-03-19,2115,2116,2019-03-20,2019-03-21,0.005738765282297997,1.0,0.0022990101396738183,-0.026251993858801725,0.5493050426392031,0.4994292237442922,outer_03,none,0.05,0,,False,5.0,0.0,0.0,0.0,0.0,0.0,0.0,0.0,0.0
2115,2019-03-20,2116,2117,2019-03-21,2019-03-22,-0.0038119971446013423,0.0,0.004528886022533207,-0.019513624075831792,0.5352509665794125,0.4994292237442922,outer_03,none,0.05,0,,False,5.0,0.0,-0.0,-0.0,0.0,-0.0,-0.0,-0.0,-0.0
2116,2019-03-21,2117,2118,2019-03-22,2019-03-25,0.002319425456343005,1.0,-0.0023344354938137357,-0.01065124899993286,0.5380189784617945,0.4994292237442922,outer_03,none,0.05,0,,False,5.0,0.0,0.0,0.0,0.0,0.0,0.0,0.0,0.0
2117,2019-03-22,2118,2119,2019-03-25,2019-03-26,0.007365033595766235,1.0,0.002890539126246594,-0.010974763929501918,0.47692384084246975,0.4994292237442922,outer_03,none,0.05,0,,False,5.0,0.0,0.0,0.0,0.0,0.0,0.0,0.0,0.0
2118,2019-03-25,2119,2120,2019-03-26,2019-03-27,-0.0040402564008639175,0.0,0.0067853987742250155,-0.003948292380266061,0.4804992957127496,0.4994292237442922,outer_03,none,0.05,0,,False,5.0,0.0,-0.0,-0.0,0.0,-0.0,-0.0,-0.0,-0.0
2119,2019-03-26,2120,2121,2019-03-27,2019-03-28,-0.0055219934136028215,0.0,-0.005240597331623853,-0.010280786067638381,0.5102912970332864,0.4994292237442922,outer_03,none,0.05,0,,False,5.0,0.0,-0.0,-0.0,0.0,-0.0,-0.0,-0.0,-0.0
2120,2019-03-27,2121,2122,2019-03-28,2019-03-29,-0.014059931496720246,0.0,-0.004168053795278404,-0.0075991617948441,0.3812693978303513,0.4994292237442922,outer_03,none,0.05,-1,row2120_entry2121_exit2122,True,5.0,0.000499875041651048,0.014059931496720246,0.013560056455069198,0.0,-0.014559806538371294,0.013560056455069198,0.013560056455069198,0.013560056455069198
2121,2019-03-28,2122,2123,2019-03-29,2019-04-01,0.0008671482979751843,1.0,-0.015203216468882452,-0.017834084532771577,0.34238948289406995,0.4994292237442922,outer_03,none,0.05,-1,row2121_entry2122_exit2123,True,5.0,0.000499875041651048,-0.0008671482979751843,-0.0013670233396262323,0.0,0.0003672732563241364,-0.0013670233396262323,-0.0013670233396262323,-0.0013670233396262323
2122,2019-03-29,2123,2124,2019-04-01,2019-04-02,-0.0037216557784747195,0.0,0.0017737986006602924,-0.0009746363289790949,0.38019279132570827,0.4994292237442922,outer_03,none,0.05,-1,row2122_entry2123_exit2124,True,5.0,0.000499875041651048,0.0037216557784747195,0.0032217807368236716,0.0,-0.004221530820125767,0.0032217807368236716,-0.004221530820125767,0.0032217807368236716
2123,2019-04-01,2124,2125,2019-04-02,2019-04-03,0.0037526114576831304,1.0,-0.0037682350188301683,0.0006527415375359169,0.39448004075952137,0.4994292237442922,outer_03,none,0.05,-1,row2123_entry2124_exit2125,True,5.0,0.000499875041651048,-0.0037526114576831304,-0.004252486499334178,0.0,0.0032527364160320825,-0.004252486499334178,-0.004252486499334178,0.0032527364160320825
2124,2019-04-02,2125,2126,2019-04-03,2019-04-04,-0.001393955108044409,0.0,0.003907526951730134,0.003845383306674499,0.39798657401080073,0.4994292237442922,outer_03,none,0.05,-1,row2124_entry2125_exit2126,True,5.0,0.000499875041651048,0.001393955108044409,0.0008940800663933611,0.0,-0.001893830149695457,0.0008940800663933611,-0.001893830149695457,-0.001893830149695457
2125,2019-04-03,2126,2127,2019-04-04,2019-04-05,0.0018194985527797414,1.0,-0.002075910892667565,0.002725357982588328,0.4320957851390433,0.4994292237442922,outer_03,none,0.05,-1,row2125_entry2126_exit2127,True,5.0,0.000499875041651048,-0.0018194985527797414,-0.0023193735944307893,0.0,0.0013196235111286934,-0.0023193735944307893,-0.0023193735944307893,0.0013196235111286934
2126,2019-04-04,2127,2128,2019-04-05,2019-04-08,-0.0004410211645575757,0.0,0.0021068620208390954,0.0054699850475223855,0.41151731650992823,0.4994292237442922,outer_03,none,0.05,-1,row2126_entry2127_exit2128,True,5.0,0.000499875041651048,0.0004410211645575757,-5.8853877093472274e-05,0.0,-0.0009408962062086236,-5.8853877093472274e-05,-0.0009408962062086236,-0.0009408962062086236
2127,2019-04-05,2128,2129,2019-04-08,2019-04-09,0.004332136739134462,1.0,-0.0006888891741434477,-0.005205207681058255,0.43927849137434044,0.4994292237442922,outer_03,none,0.05,-1,row2127_entry2128_exit2129,True,5.0,0.000499875041651048,-0.004332136739134462,-0.00483201178078551,0.0,0.0038322616974834143,-0.00483201178078551,-0.00483201178078551,-0.00483201178078551
2128,2019-04-08,2129,2130,2019-04-09,2019-04-10,0.005057386631620808,1.0,0.004635038309902306,0.0032577342032285017,0.40166153270592814,0.4994292237442922,outer_03,none,0.05,-1,row2128_entry2129_exit2130,True,5.0,0.000499875041651048,-0.005057386631620808,-0.005557261673271856,0.0,0.004557511589969761,-0.005557261673271856,0.004557511589969761,0.004557511589969761
2129,2019-04-09,2130,2131,2019-04-10,2019-04-11,0.0028249795813115597,1.0,0.004928144548177471,0.0021112846367747906,0.42671575966948444,0.4994292237442922,outer_03,none,0.05,-1,row2129_entry2130_exit2131,True,5.0,0.000499875041651048,-0.0028249795813115597,-0.0033248546229626076,0.0,0.0023251045396605117,-0.0033248546229626076,0.0023251045396605117,0.0023251045396605117
2130,2019-04-10,2131,2132,2019-04-11,2019-04-12,-0.012021048670513679,0.0,0.003093606975952845,-0.000886497780673956,0.4335064944336148,0.4994292237442922,outer_03,none,0.05,-1,row2130_entry2131_exit2132,True,5.0,0.000499875041651048,0.012021048670513679,0.011521173628862631,0.0,-0.012520923712164726,0.011521173628862631,-0.012520923712164726,0.011521173628862631
2131,2019-04-11,2132,2133,2019-04-12,2019-04-15,-0.0009289220528323483,0.0,-0.012060756918467419,-0.0029517009152506546,0.39131149225684053,0.4994292237442922,outer_03,none,0.05,-1,row2131_entry2132_exit2133,True,5.0,0.000499875041651048,0.0009289220528323483,0.00042904701118130035,0.0,-0.0014287970944833962,0.00042904701118130035,0.00042904701118130035,0.00042904701118130035
2132,2019-04-12,2133,2134,2019-04-15,2019-04-16,-0.0026366415175402835,0.0,-0.0013938795467067777,-0.008841354008142233,0.41623311477931235,0.4994292237442922,outer_03,none,0.05,-1,row2132_entry2133_exit2134,True,5.0,0.000499875041651048,0.0026366415175402835,0.0021367664758892356,0.0,-0.0031365165591913315,0.0021367664758892356,0.0021367664758892356,0.0021367664758892356
2133,2019-04-15,2134,2135,2019-04-16,2019-04-17,-0.008656577254415154,0.0,-0.0022420229482120746,-0.012227186118685118,0.42855835304551265,0.4994292237442922,outer_03,none,0.05,-1,row2133_entry2134_exit2135,True,5.0,0.000499875041651048,0.008656577254415154,0.008156702212764107,0.0,-0.009156452296066202,0.008156702212764107,0.008156702212764107,0.008156702212764107
2134,2019-04-16,2135,2136,2019-04-17,2019-04-18,-0.0019286711479926666,0.0,-0.008485929890026611,-0.023012126148385548,0.3689736176716063,0.4994292237442922,outer_03,none,0.05,-1,row2134_entry2135_exit2136,True,5.0,0.000499875041651048,0.0019286711479926666,0.0014287961063416186,0.0,-0.0024285461896437145,0.0014287961063416186,0.0014287961063416186,0.0014287961063416186
2135,2019-04-17,2136,2137,2019-04-18,2019-04-22,0.0011451071455761408,1.0,-0.0022976347616978643,-0.02983864693261662,0.3659110561178066,0.4994292237442922,outer_03,none,0.05,-1,row2135_entry2136_exit2137,True,5.0,0.000499875041651048,-0.0011451071455761408,-0.0016449821872271887,0.0,0.0006452321039250928,-0.0016449821872271887,-0.0016449821872271887,-0.0016449821872271887
2136,2019-04-18,2137,2138,2019-04-22,2019-04-23,-0.00036848728547855814,0.0,0.0013415817768320792,-0.026162629661970804,0.40332906100795857,0.4994292237442922,outer_03,none,0.05,-1,row2136_entry2137_exit2138,True,5.0,0.000499875041651048,0.00036848728547855814,-0.0001313877561724898,0.0,-0.0008683623271296061,-0.0001313877561724898,-0.0008683623271296061,-0.0001313877561724898
2137,2019-04-22,2138,2139,2019-04-23,2019-04-24,-0.0024417160663618986,0.0,-0.0006038813282245314,-0.02965705011644193,0.3951736368264482,0.4994292237442922,outer_03,none,0.05,-1,row2137_entry2138_exit2139,True,5.0,0.000499875041651048,0.0024417160663618986,0.0019418410247108507,0.0,-0.0029415911080129466,0.0019418410247108507,0.0019418410247108507,0.0019418410247108507
2138,2019-04-23,2139,2140,2019-04-24,2019-04-25,0.002731813172522024,1.0,-0.002041778626710844,-0.03848422751737779,0.36216741448178147,0.4994292237442922,outer_03,none,0.05,-1,row2138_entry2139_exit2140,True,5.0,0.000499875041651048,-0.002731813172522024,-0.003231688214173072,0.0,0.002231938130870976,-0.003231688214173072,-0.003231688214173072,-0.003231688214173072
2139,2019-04-24,2140,2141,2019-04-25,2019-04-26,0.0013396269067005306,1.0,0.0026691804197014335,-0.030574449766052503,0.42328075600514464,0.4994292237442922,outer_03,none,0.05,-1,row2139_entry2140_exit2141,True,5.0,0.000499875041651048,-0.0013396269067005306,-0.0018395019483515786,0.0,0.0008397518650494827,-0.0018395019483515786,0.0008397518650494827,-0.0018395019483515786
2140,2019-04-25,2141,2142,2019-04-26,2019-04-29,0.0067024536485122965,1.0,0.001316263881533608,-0.02509013208924049,0.4339457951282669,0.4994292237442922,outer_03,none,0.05,-1,row2140_entry2141_exit2142,True,5.0,0.000499875041651048,-0.0067024536485122965,-0.007202328690163344,0.0,0.006202578606861249,-0.007202328690163344,0.006202578606861249,-0.007202328690163344
2141,2019-04-26,2142,2143,2019-04-29,2019-04-30,-0.004684652522785271,0.0,0.006843222329474763,-0.003043693290883276,0.3757385414260237,0.4994292237442922,outer_03,none,0.05,-1,row2141_entry2142_exit2143,True,5.0,0.000499875041651048,0.004684652522785271,0.004184777481134223,0.0,-0.005184527564436318,0.004184777481134223,-0.005184527564436318,0.004184777481134223
2142,2019-04-29,2143,2144,2019-04-30,2019-05-01,0.002512642560465572,1.0,-0.005036183776523373,-0.009853675668066941,0.4228607198863676,0.4994292237442922,outer_03,none,0.05,-1,row2142_entry2143_exit2144,True,5.0,0.000499875041651048,-0.002512642560465572,-0.00301251760211662,0.0,0.0020127675188145243,-0.00301251760211662,-0.00301251760211662,-0.00301251760211662
2143,2019-04-30,2144,2145,2019-05-01,2019-05-02,-0.0047418444519378156,0.0,0.0029655317935102232,-0.0031199088557265497,0.41309135672936803,0.4994292237442922,outer_03,none,0.05,-1,row2143_entry2144_exit2145,True,5.0,0.000499875041651048,0.0047418444519378156,0.004241969410286768,0.0,-0.005241719493588863,0.004241969410286768,-0.005241719493588863,0.004241969410286768
2144,2019-05-01,2145,2146,2019-05-02,2019-05-03,-0.005134295579909853,0.0,-0.0053208030928200145,-0.012348238900276698,0.37940608442301194,0.4994292237442922,outer_03,none,0.05,-1,row2144_entry2145_exit2146,True,5.0,0.000499875041651048,0.005134295579909853,0.004634420538258806,0.0,-0.005634170621560901,0.004634420538258806,0.004634420538258806,0.004634420538258806
2145,2019-05-02,2146,2147,2019-05-03,2019-05-06,0.00943181510609481,1.0,-0.004711507914650248,-0.014983835922259381,0.381131709173961,0.4994292237442922,outer_03,none,0.05,-1,row2145_entry2146_exit2147,True,5.0,0.000499875041651048,-0.00943181510609481,-0.009931690147745857,0.0,0.008931940064443762,-0.009931690147745857,-0.009931690147745857,-0.009931690147745857
2146,2019-05-03,2147,2148,2019-05-06,2019-05-07,-0.0009594796144618556,0.0,0.00666028467649582,-0.010430413266602656,0.3965960578165932,0.4994292237442922,outer_03,none,0.05,-1,row2146_entry2147_exit2148,True,5.0,0.000499875041651048,0.0009594796144618556,0.00045960457281080764,0.0,-0.0014593546561129035,0.00045960457281080764,-0.0014593546561129035,0.00045960457281080764
2147,2019-05-06,2148,2149,2019-05-07,2019-05-08,0.00201150837342734,1.0,0.0009612492290154151,-0.008780274863443793,0.45632221151902624,0.4994292237442922,outer_03,none,0.05,0,,False,5.0,0.0,0.0,0.0,0.0,0.0,0.0,0.0,0.0
2148,2019-05-07,2149,2150,2019-05-08,2019-05-09,-0.0020895553265143363,0.0,0.0031819343043419934,-0.010233378869004106,0.4756276009669357,0.4994292237442922,outer_03,none,0.05,0,,False,5.0,0.0,-0.0,-0.0,0.0,-0.0,-0.0,-0.0,-0.0
2149,2019-05-08,2150,2151,2019-05-09,2019-05-10,0.002494486143388208,1.0,-0.0029554328525920326,-0.01811695626977361,0.43411145592603667,0.4994292237442922,outer_03,none,0.05,-1,row2149_entry2150_exit2151,True,5.0,0.000499875041651048,-0.002494486143388208,-0.002994361185039256,0.0,0.0019946111017371602,-0.002994361185039256,-0.002994361185039256,-0.002994361185039256
2150,2019-05-09,2151,2152,2019-05-10,2019-05-13,0.002099893443785028,1.0,0.0022699891567627972,-0.018940574088963658,0.45085678486977127,0.4994292237442922,outer_03,none,0.05,0,,False,5.0,0.0,0.0,0.0,0.0,0.0,0.0,0.0,0.0
2151,2019-05-10,2152,2153,2019-05-13,2019-05-14,0.01040307405049834,1.0,0.001759398833022452,-0.005120418337473787,0.463876988708329,0.4994292237442922,outer_03,none,0.05,0,,False,5.0,0.0,0.0,0.0,0.0,0.0,0.0,0.0,0.0
2152,2019-05-13,2153,2154,2019-05-14,2019-05-15,-0.002733262404644776,0.0,0.010930507789908894,0.007203968999141885,0.40500055642255955,0.4994292237442922,outer_03,none,0.05,-1,row2152_entry2153_exit2154,True,5.0,0.000499875041651048,0.002733262404644776,0.0022333873629937283,0.0,-0.003233137446295824,0.0022333873629937283,-0.003233137446295824,-0.003233137446295824
2153,2019-05-14,2154,2155,2019-05-15,2019-05-16,-0.00045498537505661574,0.0,-0.0023338671509121056,0.007112124796441854,0.4727236383777864,0.4994292237442922,outer_03,none,0.05,0,,False,5.0,0.0,-0.0,-0.0,0.0,-0.0,-0.0,-0.0,-0.0
2154,2019-05-15,2155,2156,2019-05-16,2019-05-17,-0.007673315517931378,0.0,-0.00031622260792385504,0.01528183207854461,0.48836825529616146,0.4994292237442922,outer_03,none,0.05,0,,False,5.0,0.0,-0.0,-0.0,0.0,-0.0,-0.0,-0.0,-0.0
2155,2019-05-16,2156,2157,2019-05-17,2019-05-20,-0.0064331970952240525,0.0,-0.0077749688898789415,0.009804497950363533,0.4809376676565194,0.4994292237442922,outer_03,none,0.05,0,,False,5.0,0.0,-0.0,-0.0,0.0,-0.0,-0.0,-0.0,-0.0
2156,2019-05-17,2157,2158,2019-05-20,2019-05-21,-0.0005868935113273466,0.0,-0.006888266912621788,0.0015746492609096663,0.3987820731939461,0.4994292237442922,outer_03,none,0.05,-1,row2156_entry2157_exit2158,True,5.0,0.000499875041651048,0.0005868935113273466,8.701846967629863e-05,0.0,-0.0010867685529783945,8.701846967629863e-05,8.701846967629863e-05,-0.0010867685529783945
2157,2019-05-20,2158,2159,2019-05-21,2019-05-22,-0.002382408926104418,0.0,0.00011741177497093247,0.00229594236410513,0.39919463668375077,0.4994292237442922,outer_03,none,0.05,-1,row2157_entry2158_exit2159,True,5.0,0.000499875041651048,0.002382408926104418,0.00188253388445337,0.0,-0.002882283967755466,0.00188253388445337,-0.002882283967755466,-0.002882283967755466
2158,2019-05-21,2159,2160,2019-05-22,2019-05-23,-0.0006750021840664644,0.0,-0.0023037873780111795,0.0020339336128047947,0.42115415674631423,0.4994292237442922,outer_03,none,0.05,-1,row2158_entry2159_exit2160,True,5.0,0.000499875041651048,0.0006750021840664644,0.00017512714241541645,0.0,-0.0011748772257175123,0.00017512714241541645,0.00017512714241541645,-0.0011748772257175123
2159,2019-05-22,2160,2161,2019-05-23,2019-05-24,0.007703987452791772,1.0,-0.0010046702308894595,-0.0016399170377860983,0.4406199858854866,0.4994292237442922,outer_03,none,0.05,-1,row2159_entry2160_exit2161,True,5.0,0.000499875041651048,-0.007703987452791772,-0.00820386249444282,0.0,0.007204112411140724,-0.00820386249444282,-0.00820386249444282,-0.00820386249444282
2160,2019-05-23,2161,2162,2019-05-24,2019-05-27,0.0013391990166713441,1.0,0.007939125850191076,0.004982944930871369,0.4086110112952941,0.4994292237442922,outer_03,none,0.05,-1,row2160_entry2161_exit2162,True,5.0,0.000499875041651048,-0.0013391990166713441,-0.001839074058322392,0.0,0.0008393239750202962,-0.001839074058322392,0.0008393239750202962,0.0008393239750202962
2161,2019-05-24,2162,2163,2019-05-27,2019-05-28,-7.780859863082412e-06,0.0,0.0009655967982258318,-0.000894680600377562,0.45854307409307354,0.4994292237442922,outer_03,none,0.05,0,,False,5.0,0.0,-0.0,-0.0,0.0,-0.0,-0.0,-0.0,-0.0
2162,2019-05-27,2163,2164,2019-05-28,2019-05-29,-0.00453094642003915,0.0,0.00011674287395280203,0.004258246050098613,0.4724878823329984,0.4994292237442922,outer_03,none,0.05,0,,False,5.0,0.0,-0.0,-0.0,0.0,-0.0,-0.0,-0.0,-0.0
2163,2019-05-28,2164,2165,2019-05-29,2019-05-30,0.00047667609199830707,1.0,-0.004328589050413001,-0.003035874793824611,0.4417069831504151,0.4994292237442922,outer_03,none,0.05,-1,row2163_entry2164_exit2165,True,5.0,0.000499875041651048,-0.00047667609199830707,-0.000976551133649355,0.0,-2.3198949652740875e-05,-0.000976551133649355,-0.000976551133649355,-0.000976551133649355
2164,2019-05-29,2165,2166,2019-05-30,2019-05-31,0.006455679686493632,1.0,0.0006250976918655837,0.002910025990860987,0.42056696014614425,0.4994292237442922,outer_03,none,0.05,-1,row2164_entry2165_exit2166,True,5.0,0.000499875041651048,-0.006455679686493632,-0.006955554728144679,0.0,0.005955804644842584,-0.006955554728144679,0.005955804644842584,0.005955804644842584
2165,2019-05-30,2166,2167,2019-05-31,2019-06-03,0.014104932325499142,1.0,0.006392584283752001,0.014014118189263236,0.5559262488623962,0.4994292237442922,outer_03,none,0.05,1,row2165_entry2166_exit2167,True,5.0,0.000499875041651048,0.014104932325499142,0.013605057283848095,0.0,0.013605057283848095,-0.01460480736715019,0.013605057283848095,0.013605057283848095
2166,2019-05-31,2167,2168,2019-06-03,2019-06-04,0.013908747180485292,1.0,0.012893752661947033,0.02024758617471445,0.5612882457652205,0.4994292237442922,outer_03,none,0.05,1,row2166_entry2167_exit2168,True,5.0,0.000499875041651048,0.013908747180485292,0.013408872138834245,0.0,0.013408872138834245,-0.01440862222213634,0.013408872138834245,0.013408872138834245
2167,2019-06-03,2168,2169,2019-06-04,2019-06-05,0.00026413798721947046,1.0,0.014717276906766052,0.03400361385246509,0.5552932339529519,0.4994292237442922,outer_03,none,0.05,1,row2167_entry2168_exit2169,True,5.0,0.000499875041651048,0.00026413798721947046,-0.0002357370544315775,0.0,-0.0002357370544315775,-0.0007640130288705184,-0.0002357370544315775,-0.0002357370544315775
2168,2019-06-04,2169,2170,2019-06-05,2019-06-06,0.005215616490889197,1.0,0.0008377137697594961,0.03165939331788259,0.5818797718622549,0.4994292237442922,outer_03,none,0.05,1,row2168_entry2169_exit2170,True,5.0,0.000499875041651048,0.005215616490889197,0.004715741449238149,0.0,0.004715741449238149,-0.005715491532540244,0.004715741449238149,0.004715741449238149
2169,2019-06-05,2170,2171,2019-06-06,2019-06-07,0.002796030411516881,1.0,0.003388965769149266,0.03800379193962389,0.6177817809389544,0.4994292237442922,outer_03,none,0.05,1,row2169_entry2170_exit2171,True,5.0,0.000499875041651048,0.002796030411516881,0.002296155369865833,0.0,0.002296155369865833,-0.003295905453167929,0.002296155369865833,0.002296155369865833
2170,2019-06-06,2171,2172,2019-06-07,2019-06-10,-0.0009586148750209134,0.0,0.004074120003149773,0.03980792278601086,0.6433264475633244,0.4994292237442922,outer_03,none,0.05,1,row2170_entry2171_exit2172,True,5.0,0.000499875041651048,-0.0009586148750209134,-0.0014584899166719613,0.0,-0.0014584899166719613,0.0004587398333698654,-0.0014584899166719613,-0.0014584899166719613
2171,2019-06-07,2172,2173,2019-06-10,2019-06-11,-0.004927376382092952,0.0,0.003527973282850816,0.04157649723583923,0.663101250883361,0.4994292237442922,outer_03,none,0.05,1,row2171_entry2172_exit2173,True,5.0,0.000499875041651048,-0.004927376382092952,-0.005427251423743999,0.0,-0.005427251423743999,0.004427501340441904,-0.005427251423743999,-0.005427251423743999
2172,2019-06-10,2173,2174,2019-06-11,2019-06-12,-0.0008964455407047822,0.0,-0.009295140535138913,0.02135084891079142,0.5490715872817408,0.4994292237442922,outer_03,none,0.05,0,,False,5.0,0.0,-0.0,-0.0,0.0,-0.0,-0.0,-0.0,-0.0
2173,2019-06-11,2174,2175,2019-06-12,2019-06-13,0.005104257228371267,1.0,-0.0008965941327474525,0.022788121928956073,0.5473648495975769,0.4994292237442922,outer_03,none,0.05,0,,False,5.0,0.0,0.0,0.0,0.0,0.0,0.0,0.0,0.0
2174,2019-06-12,2175,2176,2019-06-13,2019-06-14,0.006435168119233836,1.0,0.004947601713246819,0.028051946250126747,0.5595299929823614,0.4994292237442922,outer_03,none,0.05,1,row2174_entry2175_exit2176,True,5.0,0.000499875041651048,0.006435168119233836,0.005935293077582789,0.0,0.005935293077582789,-0.006935043160884884,0.005935293077582789,0.005935293077582789
2175,2019-06-13,2176,2177,2019-06-14,2019-06-17,-0.00038002556315497316,0.0,0.006414879345889801,0.04224179448589549,0.6044396432271397,0.4994292237442922,outer_03,none,0.05,1,row2175_entry2176_exit2177,True,5.0,0.000499875041651048,-0.00038002556315497316,-0.0008799006048060211,0.0,-0.0008799006048060211,-0.00011984947849607479,-0.0008799006048060211,-0.0008799006048060211
2176,2019-06-14,2177,2178,2019-06-17,2019-06-18,-0.0012827207366967741,0.0,-0.0007380816921775946,0.04839197970633968,0.5845063382690768,0.4994292237442922,outer_03,none,0.05,1,row2176_entry2177_exit2178,True,5.0,0.000499875041651048,-0.0012827207366967741,-0.001782595778347822,0.0,-0.001782595778347822,0.0007828456950457262,0.0007828456950457262,-0.001782595778347822
2177,2019-06-17,2178,2179,2019-06-18,2019-06-19,0.004541773437183316,1.0,-0.0009998881555359773,0.04727467977583277,0.47399857301173676,0.4994292237442922,outer_03,none,0.05,0,,False,5.0,0.0,0.0,0.0,0.0,0.0,0.0,0.0,0.0
2178,2019-06-18,2179,2180,2019-06-19,2019-06-20,0.009853680209788607,1.0,0.005234580956978263,0.054813048110822216,0.4855778886869886,0.4994292237442922,outer_03,none,0.05,0,,False,5.0,0.0,0.0,0.0,0.0,0.0,0.0,0.0,0.0
2179,2019-06-19,2180,2181,2019-06-20,2019-06-21,0.02033657405852818,1.0,0.009703898921166854,0.06552161726287853,0.4911283909943221,0.4994292237442922,outer_03,none,0.05,0,,False,5.0,0.0,0.0,0.0,0.0,0.0,0.0,0.0,0.0
2180,2019-06-20,2181,2182,2019-06-21,2019-06-24,0.008947883197800266,1.0,0.020896032855738156,0.07847852426842561,0.4366065694900708,0.4994292237442922,outer_03,none,0.05,-1,row2180_entry2181_exit2182,True,5.0,0.000499875041651048,-0.008947883197800266,-0.009447758239451313,0.0,0.008448008156149218,-0.009447758239451313,0.008448008156149218,0.008448008156149218
2181,2019-06-21,2182,2183,2019-06-24,2019-06-25,0.012868052943071362,1.0,0.0074129430284086695,0.08492587049860845,0.468791645330733,0.4994292237442922,outer_03,none,0.05,0,,False,5.0,0.0,0.0,0.0,0.0,0.0,0.0,0.0,0.0
2182,2019-06-24,2183,2184,2019-06-25,2019-06-26,0.0011911098110122254,1.0,0.014500979844309647,0.09931010746896529,0.3163466027202065,0.4994292237442922,outer_03,none,0.05,-1,row2182_entry2183_exit2184,True,5.0,0.000499875041651048,-0.0011911098110122254,-0.0016909848526632733,0.0,0.0006912347693611774,-0.0016909848526632733,0.0006912347693611774,0.0006912347693611774
2183,2019-06-25,2184,2185,2019-06-26,2019-06-27,-0.008310894729447682,0.0,0.002870916372187615,0.10650961289156591,0.3612472473809316,0.4994292237442922,outer_03,none,0.05,-1,row2183_entry2184_exit2185,True,5.0,0.000499875041651048,0.008310894729447682,0.0078110196877966345,0.0,-0.00881076977109873,0.0078110196877966345,-0.00881076977109873,-0.00881076977109873
2184,2019-06-26,2185,2186,2019-06-27,2019-06-28,0.0005396500926240222,1.0,-0.010254834098677001,0.09562968110102332,0.4785008193957794,0.4994292237442922,outer_03,none,0.05,0,,False,5.0,0.0,0.0,0.0,0.0,0.0,0.0,0.0,0.0
2185,2019-06-27,2186,2187,2019-06-28,2019-07-01,-0.012162828442702889,0.0,0.0003052058921326761,0.089542302709404,0.5418631057117697,0.4994292237442922,outer_03,none,0.05,0,,False,5.0,0.0,-0.0,-0.0,0.0,-0.0,-0.0,-0.0,-0.0
2186,2019-06-28,2187,2188,2019-07-01,2019-07-02,-0.005569961186850492,0.0,0.0005746698467135047,0.07722321989417047,0.5431080384324237,0.4994292237442922,outer_03,none,0.05,0,,False,5.0,0.0,-0.0,-0.0,0.0,-0.0,-0.0,-0.0,-0.0
2187,2019-07-01,2188,2189,2019-07-02,2019-07-03,0.02754465025518016,1.0,-0.018728667524925413,0.043777275462479004,0.4886091672898792,0.4994292237442922,outer_03,none,0.05,0,,False,5.0,0.0,0.0,0.0,0.0,0.0,0.0,0.0,0.0
2188,2019-07-02,2189,2190,2019-07-03,2019-07-04,-0.0017236956071133847,0.0,0.024450223069226062,0.06738978476194557,0.40111644169138594,0.4994292237442922,outer_03,none,0.05,-1,row2188_entry2189_exit2190,True,5.0,0.000499875041651048,0.0017236956071133847,0.0012238205654623367,0.0,-0.0022235706487644326,0.0012238205654623367,-0.0022235706487644326,-0.0022235706487644326
2189,2019-07-03,2190,2191,2019-07-04,2019-07-05,-0.00264407722444826,0.0,0.0002890978404783695,0.06428991683327467,0.5969139467446407,0.4994292237442922,outer_03,none,0.05,1,row2189_entry2190_exit2191,True,5.0,0.000499875041651048,-0.00264407722444826,-0.003143952266099308,0.0,-0.003143952266099308,0.0021442021827972123,-0.003143952266099308,-0.003143952266099308
2190,2019-07-04,2191,2192,2019-07-05,2019-07-08,-0.01228935579856305,0.0,-0.002202068857513062,0.05801372797261184,0.5645075293480831,0.4994292237442922,outer_03,none,0.05,1,row2190_entry2191_exit2192,True,5.0,0.000499875041651048,-0.01228935579856305,-0.012789230840214098,0.0,-0.012789230840214098,0.011789480756912003,0.011789480756912003,-0.012789230840214098
2191,2019-07-05,2192,2193,2019-07-08,2019-07-09,-0.0031498569235361984,0.0,-0.012227437671032959,0.042258317018728064,0.5118366355268879,0.4994292237442922,outer_03,none,0.05,0,,False,5.0,0.0,-0.0,-0.0,0.0,-0.0,-0.0,-0.0,-0.0
2192,2019-07-08,2193,2194,2019-07-09,2019-07-10,0.0007095833466808088,1.0,-0.0020119074435918094,0.04954155011027517,0.47022624821050574,0.4994292237442922,outer_03,none,0.05,0,,False,5.0,0.0,0.0,0.0,0.0,0.0,0.0,0.0,0.0
2193,2019-07-09,2194,2195,2019-07-10,2019-07-11,0.016619975772871776,1.0,0.0015969696783022513,0.05203511392132487,0.4535588865352268,0.4994292237442922,outer_03,none,0.05,0,,False,5.0,0.0,0.0,0.0,0.0,0.0,0.0,0.0,0.0
2194,2019-07-10,2195,2196,2019-07-11,2019-07-12,-0.010313239967308263,0.0,0.01446366383032327,0.06155117603840132,0.45630050232331987,0.4994292237442922,outer_03,none,0.05,0,,False,5.0,0.0,-0.0,-0.0,0.0,-0.0,-0.0,-0.0,-0.0
2195,2019-07-11,2196,2197,2019-07-12,2019-07-15,0.008514671988576694,1.0,-0.010022766069085698,0.045113530623425824,0.6309041563251956,0.4994292237442922,outer_03,none,0.05,1,row2195_entry2196_exit2197,True,5.0,0.000499875041651048,0.008514671988576694,0.008014796946925647,0.0,0.008014796946925647,-0.009014547030227742,-0.009014547030227742,0.008014796946925647
2196,2019-07-12,2197,2198,2019-07-15,2019-07-16,-0.0014694664525700674,0.0,0.007876403117079711,0.05372801543268313,0.5228602925996237,0.4994292237442922,outer_03,none,0.05,0,,False,5.0,0.0,-0.0,-0.0,0.0,-0.0,-0.0,-0.0,-0.0
2197,2019-07-15,2198,2199,2019-07-16,2019-07-17,-0.00564356389194387,0.0,-0.0007990016440464487,0.05392890194417266,0.6011986105389744,0.4994292237442922,outer_03,none,0.05,1,row2197_entry2198_exit2199,True,5.0,0.000499875041651048,-0.00564356389194387,-0.006143438933594918,0.0,-0.006143438933594918,0.005143688850292823,0.005143688850292823,-0.006143438933594918
2198,2019-07-16,2199,2200,2019-07-17,2019-07-18,0.013993549394841764,1.0,-0.005589618457591428,0.04310470252960297,0.5125000344913754,0.4994292237442922,outer_03,none,0.05,0,,False,5.0,0.0,0.0,0.0,0.0,0.0,0.0,0.0,0.0
2199,2019-07-17,2200,2201,2019-07-18,2019-07-19,0.015189390391916469,1.0,0.014399813793548155,0.04780061740198427,0.4825260563204584,0.4994292237442922,outer_03,none,0.05,0,,False,5.0,0.0,0.0,0.0,0.0,0.0,0.0,0.0,0.0
2200,2019-07-18,2201,2202,2019-07-19,2019-07-22,-0.015091239140759605,0.0,0.01353847118537832,0.04044305573162443,0.47386498438226204,0.4994292237442922,outer_03,none,0.05,0,,False,5.0,0.0,-0.0,-0.0,0.0,-0.0,-0.0,-0.0,-0.0
2201,2019-07-19,2202,2203,2019-07-22,2019-07-23,-0.0012135455604322942,0.0,-0.01441530426098403,0.018614808442231734,0.5800069250819831,0.4994292237442922,outer_03,none,0.05,1,row2201_entry2202_exit2203,True,5.0,0.000499875041651048,-0.0012135455604322942,-0.0017134206020833422,0.0,-0.0017134206020833422,0.0007136705187812463,0.0007136705187812463,-0.0017134206020833422
2202,2019-07-22,2203,2204,2019-07-23,2019-07-24,-0.005292246420768976,0.0,-0.0002035351964995158,0.003910293401422571,0.513233202127641,0.4994292237442922,outer_03,none,0.05,0,,False,5.0,0.0,-0.0,-0.0,0.0,-0.0,-0.0,-0.0,-0.0
2203,2019-07-23,2204,2205,2019-07-24,2019-07-25,0.005664182774817839,1.0,-0.0049749070860212186,-0.003935530056786263,0.5524122350784995,0.4994292237442922,outer_03,none,0.05,1,row2203_entry2204_exit2205,True,5.0,0.000499875041651048,0.005664182774817839,0.005164307733166791,0.0,0.005164307733166791,-0.006164057816468886,-0.006164057816468886,-0.006164057816468886
2204,2019-07-24,2205,2206,2019-07-25,2019-07-26,-0.007323770095128523,0.0,0.005283702855165551,0.01160300689705629,0.5809976226239325,0.4994292237442922,outer_03,none,0.05,1,row2204_entry2205_exit2206,True,5.0,0.000499875041651048,-0.007323770095128523,-0.007823645136779571,0.0,-0.007823645136779571,0.006823895053477476,-0.007823645136779571,-0.007823645136779571
2205,2019-07-25,2206,2207,2019-07-26,2019-07-29,0.004168450698210258,1.0,-0.00774864578158585,0.0035491552233377632,0.5581288570158264,0.4994292237442922,outer_03,none,0.05,1,row2205_entry2206_exit2207,True,5.0,0.000499875041651048,0.004168450698210258,0.0036685756565592097,0.0,0.0036685756565592097,-0.004668325739861305,-0.004668325739861305,0.0036685756565592097
2206,2019-07-26,2207,2208,2019-07-29,2019-07-30,0.0034990620563108976,1.0,0.002965664045802896,0.0059401494224271545,0.4668718169674458,0.4994292237442922,outer_03,none,0.05,0,,False,5.0,0.0,0.0,0.0,0.0,0.0,0.0,0.0,0.0
2207,2019-07-29,2208,2209,2019-07-30,2019-07-31,0.003389002998578583,1.0,0.005841988122166519,0.030510805069519087,0.5376199683350363,0.4994292237442922,outer_03,none,0.05,0,,False,5.0,0.0,0.0,0.0,0.0,0.0,0.0,0.0,0.0
2208,2019-07-30,2209,2210,2019-07-31,2019-08-01,-0.010342908793057326,0.0,0.0027929166315816545,0.008853498631874679,0.5544177891187585,0.4994292237442922,outer_03,none,0.05,1,row2208_entry2209_exit2210,True,5.0,0.000499875041651048,-0.010342908793057326,-0.010842783834708374,0.0,-0.010842783834708374,0.009843033751406279,-0.010842783834708374,-0.010842783834708374
2209,2019-07-31,2210,2211,2019-08-01,2019-08-02,0.020787485272140138,1.0,-0.012930911417403657,-0.004366510626007347,0.5222495874421196,0.4994292237442922,outer_03,none,0.05,0,,False,5.0,0.0,0.0,0.0,0.0,0.0,0.0,0.0,0.0
2210,2019-08-01,2211,2212,2019-08-02,2019-08-05,-0.0036730605282881967,0.0,0.022863178774892745,0.02069873700639846,0.4121979605738271,0.4994292237442922,outer_03,none,0.05,-1,row2210_entry2211_exit2212,True,5.0,0.000499875041651048,0.0036730605282881967,0.003173185486637149,0.0,-0.004172935569939244,0.003173185486637149,-0.004172935569939244,-0.004172935569939244
2211,2019-08-02,2212,2213,2019-08-05,2019-08-06,0.018763489552076962,1.0,-0.0031678829768688743,0.029758291700562545,0.6551905465237947,0.4994292237442922,outer_03,none,0.05,1,row2211_entry2212_exit2213,True,5.0,0.000499875041651048,0.018763489552076962,0.018263614510425914,0.0,0.018263614510425914,-0.01926336459372801,-0.01926336459372801,0.018263614510425914
2212,2019-08-05,2213,2214,2019-08-06,2019-08-07,0.004765231728443453,1.0,0.01611582929416766,0.047886028438322015,0.550180370326927,0.4994292237442922,outer_03,none,0.05,1,row2212_entry2213_exit2214,True,5.0,0.000499875041651048,0.004765231728443453,0.004265356686792406,0.0,0.004265356686792406,-0.005265106770094501,0.004265356686792406,0.004265356686792406
2213,2019-08-06,2214,2215,2019-08-07,2019-08-08,0.01631827211705783,1.0,0.007181811609969557,0.05347087036998932,0.5888521328568873,0.4994292237442922,outer_03,none,0.05,1,row2213_entry2214_exit2215,True,5.0,0.000499875041651048,0.01631827211705783,0.015818397075406783,0.0,0.015818397075406783,-0.016818147158708878,0.015818397075406783,0.015818397075406783
2214,2019-08-07,2215,2216,2019-08-08,2019-08-09,0.0049913919107940075,1.0,0.0181351423854883,0.05714234892515435,0.3891206546810152,0.4994292237442922,outer_03,none,0.05,-1,row2214_entry2215_exit2216,True,5.0,0.000499875041651048,-0.0049913919107940075,-0.005491266952445055,0.0,0.00449151686914296,-0.005491266952445055,0.00449151686914296,0.00449151686914296
2215,2019-08-08,2216,2217,2019-08-09,2019-08-12,-0.006854566055490174,0.0,-0.00024649165883783297,0.06691862333540222,0.5357610609614604,0.4994292237442922,outer_03,none,0.05,0,,False,5.0,0.0,-0.0,-0.0,0.0,-0.0,-0.0,-0.0,-0.0
2216,2019-08-09,2217,2218,2019-08-12,2019-08-13,0.00961904069341113,1.0,-0.0025751373515312537,0.05646708286679125,0.5919114138423874,0.4994292237442922,outer_03,none,0.05,1,row2216_entry2217_exit2218,True,5.0,0.000499875041651048,0.00961904069341113,0.009119165651760082,0.0,0.009119165651760082,-0.010118915735062177,-0.010118915735062177,0.009119165651760082
2217,2019-08-12,2218,2219,2019-08-13,2019-08-14,-0.005902816819342682,0.0,0.009771610021575228,0.06703769453241293,0.5215638123382104,0.4994292237442922,outer_03,none,0.05,0,,False,5.0,0.0,-0.0,-0.0,0.0,-0.0,-0.0,-0.0,-0.0
2218,2019-08-13,2219,2220,2019-08-14,2019-08-15,0.011237747435074219,1.0,-0.006883372072262084,0.06574394091774227,0.5495612108725862,0.4994292237442922,outer_03,none,0.05,0,,False,5.0,0.0,0.0,0.0,0.0,0.0,0.0,0.0,0.0
2219,2019-08-14,2220,2221,2019-08-15,2019-08-16,0.0021444272863648806,1.0,0.009829310330149,0.061173437454343116,0.5532268191508783,0.4994292237442922,outer_03,none,0.05,1,row2219_entry2220_exit2221,True,5.0,0.000499875041651048,0.0021444272863648806,0.0016445522447138326,0.0,0.0016445522447138326,-0.0026443023280159285,0.0016445522447138326,0.0016445522447138326
2220,2019-08-15,2221,2222,2019-08-16,2019-08-19,-0.008194603930853361,0.0,0.004763793717515341,0.05239875998648014,0.4818111848247417,0.4994292237442922,outer_03,none,0.05,0,,False,5.0,0.0,-0.0,-0.0,0.0,-0.0,-0.0,-0.0,-0.0
2221,2019-08-16,2222,2223,2019-08-19,2019-08-20,-0.00857631913049861,0.0,-0.007458394262178203,0.059355669985285964,0.5373976054940007,0.4994292237442922,outer_03,none,0.05,0,,False,5.0,0.0,-0.0,-0.0,0.0,-0.0,-0.0,-0.0,-0.0
2222,2019-08-19,2223,2224,2019-08-20,2019-08-21,0.006646578317125673,1.0,-0.010844917769150086,0.04871428741263539,0.44233613543164413,0.4994292237442922,outer_03,none,0.05,-1,row2222_entry2223_exit2224,True,5.0,0.000499875041651048,-0.006646578317125673,-0.007146453358776721,0.0,0.006146703275474626,-0.007146453358776721,-0.007146453358776721,0.006146703275474626
2223,2019-08-20,2224,2225,2019-08-21,2019-08-22,-0.0030980153618260786,0.0,0.007705280950884408,0.06139447544954102,0.43265145135293964,0.4994292237442922,outer_03,none,0.05,-1,row2223_entry2224_exit2225,True,5.0,0.000499875041651048,0.0030980153618260786,0.0025981403201750307,0.0,-0.0035978904034771266,0.0025981403201750307,-0.0035978904034771266,-0.0035978904034771266
2224,2019-08-21,2225,2226,2019-08-22,2019-08-23,-0.002213039164769448,0.0,-0.0033558527940398264,0.05275491980033564,0.542238217651076,0.4994292237442922,outer_03,none,0.05,0,,False,5.0,0.0,-0.0,-0.0,0.0,-0.0,-0.0,-0.0,-0.0
2225,2019-08-22,2226,2227,2019-08-23,2019-08-26,0.031011459305821276,1.0,-0.002766235054065369,0.05773733052785612,0.5371430476421232,0.4994292237442922,outer_03,none,0.05,0,,False,5.0,0.0,0.0,0.0,0.0,0.0,0.0,0.0,0.0
2226,2019-08-23,2227,2228,2019-08-26,2019-08-27,-0.012020932189204636,0.0,0.018576057972661708,0.07334772445471494,0.5006500507970446,0.4994292237442922,outer_03,none,0.05,0,,False,5.0,0.0,-0.0,-0.0,0.0,-0.0,-0.0,-0.0,-0.0
2227,2019-08-26,2228,2229,2019-08-27,2019-08-28,0.008923770935454378,1.0,0.0007401027967244289,0.06824583912927285,0.5725975392832875,0.4994292237442922,outer_03,none,0.05,1,row2227_entry2228_exit2229,True,5.0,0.000499875041651048,0.008923770935454378,0.00842389589380333,0.0,0.00842389589380333,-0.009423645977105426,0.00842389589380333,0.00842389589380333
2228,2019-08-27,2229,2230,2019-08-28,2019-08-29,-0.0012597486065235586,0.0,0.009934902774881849,0.07538782527257304,0.5463302981458945,0.4994292237442922,outer_03,none,0.05,0,,False,5.0,0.0,-0.0,-0.0,0.0,-0.0,-0.0,-0.0,-0.0
2229,2019-08-28,2230,2231,2019-08-29,2019-08-30,-0.0074937984186078666,0.0,-0.0010507064047926562,0.08726803028518404,0.6528974072858426,0.4994292237442922,outer_03,none,0.05,1,row2229_entry2230_exit2231,True,5.0,0.000499875041651048,-0.0074937984186078666,-0.007993673460258914,0.0,-0.007993673460258914,0.006993923376956819,0.006993923376956819,-0.007993673460258914
2230,2019-08-29,2231,2232,2019-08-30,2019-09-02,0.001216911289491307,1.0,-0.009218157247385506,0.05518669426290579,0.6011109933481908,0.4994292237442922,outer_03,none,0.05,1,row2230_entry2231_exit2232,True,5.0,0.000499875041651048,0.001216911289491307,0.0007170362478402591,0.0,0.0007170362478402591,-0.001716786331142355,-0.001716786331142355,0.0007170362478402591
2231,2019-08-30,2232,2233,2019-09-02,2019-09-03,-0.0016228776915259147,0.0,-0.00414777684782397,0.054206800391950694,0.6250161808726794,0.4994292237442922,outer_03,none,0.05,1,row2231_entry2232_exit2233,True,5.0,0.000499875041651048,-0.0016228776915259147,-0.0021227527331769626,0.0,-0.0021227527331769626,0.0011230026498748667,0.0011230026498748667,-0.0021227527331769626
2232,2019-09-02,2233,2234,2019-09-03,2019-09-04,0.012767626193680215,1.0,0.0055156542008711895,0.04360662529865422,0.6032421062622085,0.4994292237442922,outer_03,none,0.05,1,row2232_entry2233_exit2234,True,5.0,0.000499875041651048,0.012767626193680215,0.012267751152029167,0.0,0.012267751152029167,-0.013267501235331262,0.012267751152029167,0.012267751152029167
2233,2019-09-03,2234,2235,2019-09-04,2019-09-05,0.003169820308916549,1.0,0.012828103624738851,0.04925291731342352,0.5439635976601515,0.4994292237442922,outer_03,none,0.05,0,,False,5.0,0.0,0.0,0.0,0.0,0.0,0.0,0.0,0.0
2234,2019-09-04,2235,2236,2019-09-05,2019-09-06,-0.021493454175114834,0.0,0.002515075649451859,0.033632850577387075,0.5251555656123205,0.4994292237442922,outer_03,none,0.05,0,,False,5.0,0.0,-0.0,-0.0,0.0,-0.0,-0.0,-0.0,-0.0
2235,2019-09-05,2236,2237,2019-09-06,2019-09-09,-0.00988770315908205,0.0,-0.02195114006117649,0.011928202175048419,0.5622363671101896,0.4994292237442922,outer_03,none,0.05,1,row2235_entry2236_exit2237,True,5.0,0.000499875041651048,-0.00988770315908205,-0.010387578200733098,0.0,-0.010387578200733098,0.009387828117431003,0.009387828117431003,-0.010387578200733098
2236,2019-09-06,2237,2238,2019-09-09,2019-09-10,-0.003457894132189665,0.0,-0.008270383341736576,0.006232956184843097,0.5099452568901315,0.4994292237442922,outer_03,none,0.05,0,,False,5.0,0.0,-0.0,-0.0,0.0,-0.0,-0.0,-0.0,-0.0
2237,2019-09-09,2238,2239,2019-09-10,2019-09-11,-0.008068126590885072,0.0,-0.005037961667122559,-0.00857661550385469,0.5878594637740167,0.4994292237442922,outer_03,none,0.05,1,row2237_entry2238_exit2239,True,5.0,0.000499875041651048,-0.008068126590885072,-0.00856800163253612,0.0,-0.00856800163253612,0.007568251549234024,0.007568251549234024,0.007568251549234024
2238,2019-09-10,2239,2240,2019-09-11,2019-09-12,0.0070130558099537055,1.0,-0.008738303530501312,-0.010431546962093918,0.5924284348622266,0.4994292237442922,outer_03,none,0.05,1,row2238_entry2239_exit2240,True,5.0,0.000499875041651048,0.0070130558099537055,0.006513180768302658,0.0,0.006513180768302658,-0.007512930851604753,-0.007512930851604753,-0.007512930851604753
2239,2019-09-11,2240,2241,2019-09-12,2019-09-13,0.0005877716943416544,1.0,0.007209256349612225,-0.013051600942630692,0.5457028163898563,0.4994292237442922,outer_03,none,0.05,0,,False,5.0,0.0,0.0,0.0,0.0,0.0,0.0,0.0,0.0
2240,2019-09-12,2241,2242,2019-09-13,2019-09-16,0.0020611481017409616,1.0,0.00163579283944415,-0.016179601820701883,0.5509227252762571,0.4994292237442922,outer_03,none,0.05,1,row2240_entry2241_exit2242,True,5.0,0.000499875041651048,0.0020611481017409616,0.0015612730600899137,0.0,0.0015612730600899137,-0.0025610231433920096,0.0015612730600899137,-0.0025610231433920096
2241,2019-09-13,2242,2243,2019-09-16,2019-09-17,-0.0014803950423054602,0.0,-0.006975713805143613,-0.015696921363667293,0.5801225753209687,0.4994292237442922,outer_03,none,0.05,1,row2241_entry2242_exit2243,True,5.0,0.000499875041651048,-0.0014803950423054602,-0.001980270083956508,0.0,-0.001980270083956508,0.0009805200006544122,0.0009805200006544122,0.0009805200006544122
2242,2019-09-16,2243,2244,2019-09-17,2019-09-18,0.0019866938093571207,1.0,0.006595380374922577,0.0017433767804053701,0.5817835027388073,0.4994292237442922,outer_03,none,0.05,1,row2242_entry2243_exit2244,True,5.0,0.000499875041651048,0.0019866938093571207,0.0014868187677060728,0.0,0.0014868187677060728,-0.0024865688510081686,0.0014868187677060728,0.0014868187677060728
2243,2019-09-17,2244,2245,2019-09-18,2019-09-19,-0.005730789538986869,0.0,0.0019468489874299166,-0.004015055183049121,0.6086149189106682,0.4994292237442922,outer_03,none,0.05,1,row2243_entry2244_exit2245,True,5.0,0.000499875041651048,-0.005730789538986869,-0.0062306645806379166,0.0,-0.0062306645806379166,0.0052309144973358215,-0.0062306645806379166,0.0052309144973358215
2244,2019-09-18,2245,2246,2019-09-19,2019-09-20,0.004211123572977371,1.0,-0.005396465329593703,-0.006055667718602997,0.6539568760367259,0.4994292237442922,outer_03,none,0.05,1,row2244_entry2245_exit2246,True,5.0,0.000499875041651048,0.004211123572977371,0.003711248531326323,0.0,0.003711248531326323,-0.004710998614628419,-0.004710998614628419,-0.004710998614628419
2245,2019-09-19,2246,2247,2019-09-20,2019-09-23,0.008924895386902776,1.0,0.003496331748579884,0.00020689908404225577,0.6380023718551395,0.4994292237442922,outer_03,none,0.05,1,row2245_entry2246_exit2247,True,5.0,0.000499875041651048,0.008924895386902776,0.008425020345251728,0.0,0.008425020345251728,-0.009424770428553823,0.008425020345251728,0.008425020345251728
2246,2019-09-20,2247,2248,2019-09-23,2019-09-24,0.006891308418122577,1.0,0.011808784071905443,-0.00656037481671401,0.5893724910446555,0.4994292237442922,outer_03,none,0.05,1,row2246_entry2247_exit2248,True,5.0,0.000499875041651048,0.006891308418122577,0.0063914333764715295,0.0,0.0063914333764715295,-0.0073911834597736245,0.0063914333764715295,-0.0073911834597736245
2247,2019-09-23,2248,2249,2019-09-24,2019-09-25,0.00667458749734795,1.0,0.0038507283322424257,-0.003449749281196013,0.6251052047120448,0.4994292237442922,outer_03,none,0.05,1,row2247_entry2248_exit2249,True,5.0,0.000499875041651048,0.00667458749734795,0.006174712455696903,0.0,0.006174712455696903,-0.007174462538998998,0.006174712455696903,-0.007174462538998998
2248,2019-09-24,2249,2250,2019-09-25,2019-09-26,-0.01951361741644675,0.0,0.005928049089822807,-0.007456602966255055,0.5800970478803713,0.4994292237442922,outer_03,none,0.05,1,row2248_entry2249_exit2250,True,5.0,0.000499875041651048,-0.01951361741644675,-0.020013492458097797,0.0,-0.020013492458097797,0.0190137423747957,-0.020013492458097797,0.0190137423747957
2249,2019-09-25,2250,2251,2019-09-26,2019-09-27,0.00019284415259868126,1.0,-0.018143313874192657,-0.024549210435655056,0.6275933652437663,0.4994292237442922,outer_03,none,0.05,1,row2249_entry2250_exit2251,True,5.0,0.000499875041651048,0.00019284415259868126,-0.0003070308890523667,0.0,-0.0003070308890523667,-0.0006927191942497292,-0.0006927191942497292,-0.0006927191942497292
2250,2019-09-26,2251,2252,2019-09-27,2019-09-30,-0.005133002404134501,0.0,0.0006116614777500473,-0.014719391710519503,0.6538408409826065,0.4994292237442922,outer_03,none,0.05,1,row2250_entry2251_exit2252,True,5.0,0.000499875041651048,-0.005133002404134501,-0.005632877445785549,0.0,-0.005632877445785549,0.004633127362483454,-0.005632877445785549,0.004633127362483454
2251,2019-09-27,2252,2253,2019-09-30,2019-10-01,-0.015708363602576547,0.0,-0.0052979461977802345,-0.015869561060475768,0.7046907088035699,0.4994292237442922,outer_03,none,0.05,1,row2251_entry2252_exit2253,True,5.0,0.000499875041651048,-0.015708363602576547,-0.016208238644227595,0.0,-0.016208238644227595,0.0152084885609255,0.0152084885609255,0.0152084885609255
2252,2019-09-30,2253,2254,2019-10-01,2019-10-02,0.004829013207349853,1.0,-0.016383538681748355,-0.03776875394309531,0.6723274032203935,0.4994292237442922,outer_03,none,0.05,1,row2252_entry2253_exit2254,True,5.0,0.000499875041651048,0.004829013207349853,0.004329138165698805,0.0,0.004329138165698805,-0.0053288882490009,-0.0053288882490009,-0.0053288882490009
2253,2019-10-01,2254,2255,2019-10-02,2019-10-03,0.012688906813301593,1.0,0.00480406931390398,-0.04579278825393018,0.5551200555004313,0.4994292237442922,outer_03,none,0.05,1,row2253_entry2254_exit2255,True,5.0,0.000499875041651048,0.012688906813301593,0.012189031771650545,0.0,0.012189031771650545,-0.01318878185495264,0.012189031771650545,-0.01318878185495264
2254,2019-10-02,2255,2256,2019-10-03,2019-10-04,0.004712155141826102,1.0,0.013788692266497371,-0.03451917163688467,0.48956647026179667,0.4994292237442922,outer_03,none,0.05,0,,False,5.0,0.0,0.0,0.0,0.0,0.0,0.0,0.0,0.0
2255,2019-10-03,2256,2257,2019-10-04,2019-10-07,0.001651977274552685,1.0,0.003268161657548063,-0.00929986991816012,0.5171005733295193,0.4994292237442922,outer_03,none,0.05,0,,False,5.0,0.0,0.0,0.0,0.0,0.0,0.0,0.0,0.0
2256,2019-10-04,2257,2258,2019-10-07,2019-10-08,-0.010100355695720431,0.0,-0.00021931792214413548,-0.0012488044985676794,0.5067033604086534,0.4994292237442922,outer_03,none,0.05,0,,False,5.0,0.0,-0.0,-0.0,0.0,-0.0,-0.0,-0.0,-0.0
2257,2019-10-07,2258,2259,2019-10-08,2019-10-09,0.00872057849654162,1.0,-0.007492270942823787,-0.003703113774268907,0.5177361081430609,0.4994292237442922,outer_03,none,0.05,0,,False,5.0,0.0,0.0,0.0,0.0,0.0,0.0,0.0,0.0
2258,2019-10-08,2259,2260,2019-10-09,2019-10-10,-0.0004979831784597266,0.0,0.008143438083222598,0.013178627839455004,0.5323271006679042,0.4994292237442922,outer_03,none,0.05,0,,False,5.0,0.0,-0.0,-0.0,0.0,-0.0,-0.0,-0.0,-0.0
2259,2019-10-09,2260,2261,2019-10-10,2019-10-11,-0.0074929687674716305,0.0,-3.9855192804694184e-05,0.005929516297038084,0.6646787132123193,0.4994292237442922,outer_03,none,0.05,1,row2259_entry2260_exit2261,True,5.0,0.000499875041651048,-0.0074929687674716305,-0.007992843809122678,0.0,-0.007992843809122678,0.006993093725820583,0.006993093725820583,-0.007992843809122678
2260,2019-10-10,2261,2262,2019-10-11,2019-10-14,-0.00538766571316085,0.0,-0.008023225568148717,-0.003729502110554783,0.5729659119652256,0.4994292237442922,outer_03,none,0.05,1,row2260_entry2261_exit2262,True,5.0,0.000499875041651048,-0.00538766571316085,-0.005887540754811897,0.0,-0.005887540754811897,0.004887790671509802,0.004887790671509802,0.004887790671509802
2261,2019-10-11,2262,2263,2019-10-14,2019-10-15,0.003988188447222818,1.0,-0.003662811173817282,-0.0004165994792284522,0.5310099600929467,0.4994292237442922,outer_03,none,0.05,0,,False,5.0,0.0,0.0,0.0,0.0,0.0,0.0,0.0,0.0
2262,2019-10-14,2263,2264,2019-10-15,2019-10-16,-0.007587157124026689,0.0,0.003421719832516601,-0.0035902600216344283,0.5405949122625391,0.4994292237442922,outer_03,none,0.05,0,,False,5.0,0.0,-0.0,-0.0,0.0,-0.0,-0.0,-0.0,-0.0
2263,2019-10-15,2264,2265,2019-10-16,2019-10-17,0.005991105336025981,1.0,-0.00809007684044527,-0.013627185849509615,0.5493033663120013,0.4994292237442922,outer_03,none,0.05,0,,False,5.0,0.0,0.0,0.0,0.0,0.0,0.0,0.0,0.0
2264,2019-10-16,2265,2266,2019-10-17,2019-10-18,0.0013346883405365162,1.0,0.0057363851199978555,-0.0024943353999180573,0.5270875477516072,0.4994292237442922,outer_03,none,0.05,0,,False,5.0,0.0,0.0,0.0,0.0,0.0,0.0,0.0,0.0
2265,2019-10-17,2266,2267,2019-10-18,2019-10-21,-0.00022120705405548335,0.0,0.0018177249911506266,-0.004172942157347315,0.6223792662140453,0.4994292237442922,outer_03,none,0.05,1,row2265_entry2266_exit2267,True,5.0,0.000499875041651048,-0.00022120705405548335,-0.0007210820957065313,0.0,-0.0007210820957065313,-0.0002786679875955646,-0.0007210820957065313,-0.0002786679875955646
2266,2019-10-18,2267,2268,2019-10-21,2019-10-22,-0.004784665969929769,0.0,-0.001542506408802602,-0.01752423263805536,0.6545258652337662,0.4994292237442922,outer_03,none,0.05,1,row2266_entry2267_exit2268,True,5.0,0.000499875041651048,-0.004784665969929769,-0.005284541011580816,0.0,-0.005284541011580816,0.004284790928278721,0.004284790928278721,0.004284790928278721
2267,2019-10-21,2268,2269,2019-10-22,2019-10-23,0.00228766845158912,1.0,-0.0039475637932948615,-0.025322524763592646,0.6059397760361308,0.4994292237442922,outer_03,none,0.05,1,row2267_entry2268_exit2269,True,5.0,0.000499875041651048,0.00228766845158912,0.001787793409938072,0.0,0.001787793409938072,-0.002787543493240168,-0.002787543493240168,-0.002787543493240168
2268,2019-10-22,2269,2270,2019-10-23,2019-10-24,0.0022824469673965453,1.0,0.0024967793765569013,-0.028753794476858552,0.5544655614985935,0.4994292237442922,outer_03,none,0.05,1,row2268_entry2269_exit2270,True,5.0,0.000499875041651048,0.0022824469673965453,0.0017825719257454973,0.0,0.0017825719257454973,-0.0027823220090475932,0.0017825719257454973,-0.0027823220090475932
2269,2019-10-23,2270,2271,2019-10-24,2019-10-25,0.007814731390491048,1.0,0.00267157284878472,-0.007938907753881175,0.5785503511813785,0.5020206555904805,outer_04,none,0.05,1,row2269_entry2270_exit2271,True,5.0,0.000499875041651048,0.007814731390491048,0.00731485634884,0.0,0.00731485634884,-0.008314606432142095,0.00731485634884,-0.008314606432142095
2270,2019-10-24,2271,2272,2019-10-25,2019-10-28,0.000172968945852503,1.0,0.007446647537856954,-0.001103921693774268,0.565837493949083,0.5020206555904805,outer_04,none,0.05,1,row2270_entry2271_exit2272,True,5.0,0.000499875041651048,0.000172968945852503,-0.00032690609579854495,0.0,-0.00032690609579854495,-0.0006728439875035509,-0.00032690609579854495,-0.0006728439875035509
2271,2019-10-25,2272,2273,2019-10-28,2019-10-29,-0.007665891769436328,0.0,0.0008380278901922722,0.005032052394198239,0.5559996611956132,0.5020206555904805,outer_04,none,0.05,1,row2271_entry2272_exit2273,True,5.0,0.000499875041651048,-0.007665891769436328,-0.008165766811087376,0.0,-0.008165766811087376,0.007166016727785281,-0.008165766811087376,-0.008165766811087376
2272,2019-10-28,2273,2274,2019-10-29,2019-10-30,-0.002967241704483925,0.0,-0.00775523625259833,0.013660354823348264,0.5475857304637972,0.5020206555904805,outer_04,none,0.05,0,,False,5.0,0.0,-0.0,-0.0,0.0,-0.0,-0.0,-0.0,-0.0
2273,2019-10-29,2274,2275,2019-10-30,2019-10-31,0.005618218293651722,1.0,-0.0031136367439907886,0.005742648765453495,0.5663639420606101,0.5020206555904805,outer_04,none,0.05,1,row2273_entry2274_exit2275,True,5.0,0.000499875041651048,0.005618218293651722,0.005118343252000675,0.0,0.005118343252000675,-0.00611809333530277,-0.00611809333530277,0.005118343252000675
2274,2019-10-30,2275,2276,2019-10-31,2019-11-01,0.011116174913692767,1.0,0.0051617342693068835,-0.0028843092317369923,0.5724887706646938,0.5020206555904805,outer_04,none,0.05,1,row2274_entry2275_exit2276,True,5.0,0.000499875041651048,0.011116174913692767,0.01061629987204172,0.0,0.01061629987204172,-0.011616049955343814,0.01061629987204172,-0.011616049955343814
2275,2019-10-31,2276,2277,2019-11-01,2019-11-04,0.00013222353730490966,1.0,0.010991788776530065,0.004839317887245009,0.5927592996213391,0.5020206555904805,outer_04,none,0.05,1,row2275_entry2276_exit2277,True,5.0,0.000499875041651048,0.00013222353730490966,-0.0003676515043461383,0.0,-0.0003676515043461383,-0.0006320985789559576,-0.0003676515043461383,-0.0003676515043461383
2276,2019-11-01,2277,2278,2019-11-04,2019-11-05,-0.0025550068176674046,0.0,0.0011698497383445527,0.0062284855477336976,0.6060830907078603,0.5020206555904805,outer_04,none,0.05,1,row2276_entry2277_exit2278,True,5.0,0.000499875041651048,-0.0025550068176674046,-0.0030548818593184525,0.0,-0.0030548818593184525,0.0020551317760163566,-0.0030548818593184525,-0.0030548818593184525
2277,2019-11-04,2278,2279,2019-11-05,2019-11-06,-0.016788808191505744,0.0,-0.002923881979051579,0.010796874511505905,0.6056917494668095,0.5020206555904805,outer_04,none,0.05,1,row2277_entry2278_exit2279,True,5.0,0.000499875041651048,-0.016788808191505744,-0.01728868323315679,0.0,-0.01728868323315679,0.016288933149854697,0.016288933149854697,-0.01728868323315679
2278,2019-11-05,2279,2280,2019-11-06,2019-11-07,0.004089462568247271,1.0,-0.01717233487971015,-0.014518898451426843,0.5098029357107866,0.5020206555904805,outer_04,none,0.05,0,,False,5.0,0.0,0.0,0.0,0.0,0.0,0.0,0.0,0.0
2279,2019-11-06,2280,2281,2019-11-07,2019-11-08,-0.014659311161953958,0.0,0.004277189498037792,-0.010201853760584356,0.49789230270257995,0.5020206555904805,outer_04,none,0.05,0,,False,5.0,0.0,-0.0,-0.0,0.0,-0.0,-0.0,-0.0,-0.0
2280,2019-11-07,2281,2282,2019-11-08,2019-11-11,-0.005388749965262285,0.0,-0.014614984371714712,-0.01679361256415035,0.5078968048183811,0.5020206555904805,outer_04,none,0.05,0,,False,5.0,0.0,-0.0,-0.0,0.0,-0.0,-0.0,-0.0,-0.0
2281,2019-11-08,2282,2283,2019-11-11,2019-11-12,-0.0035880815523139376,0.0,-0.006695752048801573,-0.019826553439134642,0.5098354611231148,0.5020206555904805,outer_04,none,0.05,0,,False,5.0,0.0,-0.0,-0.0,0.0,-0.0,-0.0,-0.0,-0.0
2282,2019-11-11,2283,2284,2019-11-12,2019-11-13,0.0015795187812885914,1.0,-0.0021068025923591804,-0.025355075864010423,0.5690345901990855,0.5020206555904805,outer_04,none,0.05,1,row2282_entry2283_exit2284,True,5.0,0.000499875041651048,0.0015795187812885914,0.0010796437396375434,0.0,0.0010796437396375434,-0.0020793938229396393,-0.0020793938229396393,-0.0020793938229396393
2283,2019-11-12,2284,2285,2019-11-13,2019-11-14,0.004587038385805542,1.0,0.00044643624430040774,-0.016818562779264745,0.4996888145905148,0.5020206555904805,outer_04,none,0.05,0,,False,5.0,0.0,0.0,0.0,0.0,0.0,0.0,0.0,0.0
2284,2019-11-13,2285,2286,2019-11-14,2019-11-15,0.004926403645626465,1.0,0.004767850761613346,-0.017787097137649255,0.5114950719085999,0.5020206555904805,outer_04,none,0.05,0,,False,5.0,0.0,0.0,0.0,0.0,0.0,0.0,0.0,0.0
2285,2019-11-14,2286,2287,2019-11-15,2019-11-18,-0.0022932434252282974,0.0,0.0052552238537249,-0.014349598275074982,0.5100074577104381,0.5020206555904805,outer_04,none,0.05,0,,False,5.0,0.0,-0.0,-0.0,0.0,-0.0,-0.0,-0.0,-0.0
2286,2019-11-15,2287,2288,2019-11-18,2019-11-19,0.0019057347949136272,1.0,-0.002450364356259449,-0.015257456222531829,0.5781019998451707,0.5020206555904805,outer_04,none,0.05,1,row2286_entry2287_exit2288,True,5.0,0.000499875041651048,0.0019057347949136272,0.0014058597532625792,0.0,0.0014058597532625792,-0.002405609836564675,-0.002405609836564675,-0.002405609836564675
2287,2019-11-18,2288,2289,2019-11-19,2019-11-20,0.0020514081751183966,1.0,0.002321189545167357,-0.00898870288406961,0.4995576243656063,0.5020206555904805,outer_04,none,0.05,0,,False,5.0,0.0,0.0,0.0,0.0,0.0,0.0,0.0,0.0
2288,2019-11-19,2289,2290,2019-11-20,2019-11-21,0.0008343027781911871,1.0,0.0010397236495185425,-0.01044575861110797,0.560992223087983,0.5020206555904805,outer_04,none,0.05,1,row2288_entry2289_exit2290,True,5.0,0.000499875041651048,0.0008343027781911871,0.0003344277365401392,0.0,0.0003344277365401392,-0.001334177819842235,0.0003344277365401392,-0.001334177819842235
2289,2019-11-20,2290,2291,2019-11-21,2019-11-22,-0.00716507503517505,0.0,-0.0008561644358602294,-0.013973495895752919,0.6267498625689931,0.5020206555904805,outer_04,none,0.05,1,row2289_entry2290_exit2291,True,5.0,0.000499875041651048,-0.00716507503517505,-0.007664950076826098,0.0,-0.007664950076826098,0.006665199993524003,0.006665199993524003,0.006665199993524003
2290,2019-11-21,2291,2292,2019-11-22,2019-11-25,-0.0027215925113006634,0.0,-0.004585460635169625,-0.026005604068779498,0.6099721170259459,0.5020206555904805,outer_04,none,0.05,1,row2290_entry2291_exit2292,True,5.0,0.000499875041651048,-0.0027215925113006634,-0.0032214675529517113,0.0,-0.0032214675529517113,0.0022217174696496154,0.0022217174696496154,0.0022217174696496154
2291,2019-11-22,2292,2293,2019-11-25,2019-11-26,-0.003738860677063194,0.0,-0.001715576967271204,-0.028559208926242974,0.5927839361942303,0.5020206555904805,outer_04,none,0.05,1,row2291_entry2292_exit2293,True,5.0,0.000499875041651048,-0.003738860677063194,-0.004238735718714241,0.0,-0.004238735718714241,0.003238985635412146,0.003238985635412146,0.003238985635412146
2292,2019-11-25,2293,2294,2019-11-26,2019-11-27,0.00423175817121102,1.0,-0.0047107312620804365,-0.02551470393572508,0.5981430545184441,0.5020206555904805,outer_04,none,0.05,1,row2292_entry2293_exit2294,True,5.0,0.000499875041651048,0.00423175817121102,0.0037318831295599718,0.0,0.0037318831295599718,-0.004731633212862067,-0.004731633212862067,-0.004731633212862067
2293,2019-11-26,2294,2295,2019-11-27,2019-11-28,-0.003675189095899256,0.0,0.004361787838688791,-0.0180392793530455,0.5675936839858459,0.5020206555904805,outer_04,none,0.05,1,row2293_entry2294_exit2295,True,5.0,0.000499875041651048,-0.003675189095899256,-0.004175064137550304,0.0,-0.004175064137550304,0.003175314054248208,-0.004175064137550304,0.003175314054248208
2294,2019-11-27,2295,2296,2019-11-28,2019-11-29,-0.0002473257911574933,0.0,-0.0050562155997004865,-0.02825722922205287,0.6218282836684454,0.5020206555904805,outer_04,none,0.05,1,row2294_entry2295_exit2296,True,5.0,0.000499875041651048,-0.0002473257911574933,-0.0007472008328085413,0.0,-0.0007472008328085413,-0.00025254925049355463,-0.00025254925049355463,-0.00025254925049355463
2295,2019-11-28,2296,2297,2019-11-29,2019-12-02,0.004825529786594451,1.0,0.001244127501378145,-0.03800489049720479,0.5575926467987787,0.5020206555904805,outer_04,none,0.05,1,row2295_entry2296_exit2297,True,5.0,0.000499875041651048,0.004825529786594451,0.004325654744943404,0.0,0.004325654744943404,-0.005325404828245499,0.004325654744943404,-0.005325404828245499
2296,2019-11-29,2297,2298,2019-12-02,2019-12-03,-0.0005608678550874657,0.0,0.005541926177919265,-0.03363281405763008,0.5327762702602006,0.5020206555904805,outer_04,none,0.05,0,,False,5.0,0.0,-0.0,-0.0,0.0,-0.0,-0.0,-0.0,-0.0
2297,2019-12-02,2298,2299,2019-12-03,2019-12-04,0.010115535799626763,1.0,-0.0009431770728038913,-0.03165210915138239,0.5865954176729472,0.5020206555904805,outer_04,none,0.05,1,row2297_entry2298_exit2299,True,5.0,0.000499875041651048,0.010115535799626763,0.009615660757975715,0.0,0.009615660757975715,-0.01061541084127781,-0.01061541084127781,-0.01061541084127781
2298,2019-12-03,2299,2300,2019-12-04,2019-12-05,-0.0014233237685026268,0.0,0.01011652396012419,-0.00436325031154805,0.5059591341909835,0.5020206555904805,outer_04,none,0.05,0,,False,5.0,0.0,-0.0,-0.0,0.0,-0.0,-0.0,-0.0,-0.0
2299,2019-12-04,2300,2301,2019-12-05,2019-12-06,0.0011320461755115474,1.0,-0.002025986158748161,-0.010666425968334003,0.5567551546836372,0.5020206555904805,outer_04,none,0.05,1,row2299_entry2300_exit2301,True,5.0,0.000499875041651048,0.0011320461755115474,0.0006321711338604995,0.0,0.0006321711338604995,-0.0016319212171625954,-0.0016319212171625954,-0.0016319212171625954
2300,2019-12-05,2301,2302,2019-12-06,2019-12-09,-0.011899466386506852,0.0,0.0009694620245488395,0.004918020427929548,0.581251128517182,0.5020206555904805,outer_04,none,0.05,1,row2300_entry2301_exit2302,True,5.0,0.000499875041651048,-0.011899466386506852,-0.0123993414281579,0.0,-0.0123993414281579,0.011399591344855804,-0.0123993414281579,-0.0123993414281579
2301,2019-12-06,2302,2303,2019-12-09,2019-12-10,0.001938363409522026,1.0,-0.011058645245821452,0.0005551272309096689,0.5847494910508424,0.5020206555904805,outer_04,none,0.05,1,row2301_entry2302_exit2303,True,5.0,0.000499875041651048,0.001938363409522026,0.001438488367870978,0.0,0.001438488367870978,-0.002438238451173074,-0.002438238451173074,0.001438488367870978
2302,2019-12-09,2303,2304,2019-12-10,2019-12-11,0.0018799760798389187,1.0,0.0014925171534567738,0.004154446976725623,0.5376970874874524,0.5020206555904805,outer_04,none,0.05,0,,False,5.0,0.0,0.0,0.0,0.0,0.0,0.0,0.0,0.0
2303,2019-12-10,2304,2305,2019-12-11,2019-12-12,0.0073017115547164835,1.0,0.0018044747656222881,0.0055124854980475035,0.5175597226522379,0.5020206555904805,outer_04,none,0.05,0,,False,5.0,0.0,0.0,0.0,0.0,0.0,0.0,0.0,0.0
2304,2019-12-11,2305,2306,2019-12-12,2019-12-13,-0.005657069746551002,0.0,0.0070566832587726225,0.00780131799520678,0.5488024917940467,0.5020206555904805,outer_04,none,0.05,0,,False,5.0,0.0,-0.0,-0.0,0.0,-0.0,-0.0,-0.0,-0.0
2305,2019-12-12,2306,2307,2019-12-13,2019-12-16,0.0056299487121531655,1.0,-0.0036139870591771484,-0.0010678929176952678,0.5700155867873037,0.5020206555904805,outer_04,none,0.05,1,row2305_entry2306_exit2307,True,5.0,0.000499875041651048,0.0056299487121531655,0.005130073670502118,0.0,0.005130073670502118,-0.006129823753804213,-0.006129823753804213,-0.006129823753804213
2306,2019-12-13,2307,2308,2019-12-16,2019-12-17,0.0007049079505918598,1.0,0.0041020961883733165,0.005484567626937498,0.47520723379659136,0.5020206555904805,outer_04,none,0.05,0,,False,5.0,0.0,0.0,0.0,0.0,0.0,0.0,0.0,0.0
2307,2019-12-16,2308,2309,2019-12-17,2019-12-18,-8.808632465484578e-05,0.0,0.00031172281317992656,0.0034751008949500672,0.47563714312505817,0.5020206555904805,outer_04,none,0.05,0,,False,5.0,0.0,-0.0,-0.0,0.0,-0.0,-0.0,-0.0,-0.0
2308,2019-12-17,2309,2310,2019-12-18,2019-12-19,-0.00031175238980285513,0.0,6.097788198555776e-05,0.0024963551274170825,0.5367081297947159,0.5020206555904805,outer_04,none,0.05,0,,False,5.0,0.0,-0.0,-0.0,0.0,-0.0,-0.0,-0.0,-0.0
2309,2019-12-18,2310,2311,2019-12-19,2019-12-20,0.0024642560130585522,1.0,-0.00036592307892124865,0.0029865964843560633,0.5843569675734331,0.5020206555904805,outer_04,none,0.05,1,row2309_entry2310_exit2311,True,5.0,0.000499875041651048,0.0024642560130585522,0.0019643809714075043,0.0,0.0019643809714075043,-0.0029641310547096,-0.0029641310547096,0.0019643809714075043
2310,2019-12-19,2311,2312,2019-12-20,2019-12-23,-0.0006628563941175614,0.0,0.0022002953886470777,0.009772352508172766,0.5915098361019535,0.5020206555904805,outer_04,none,0.05,1,row2310_entry2311_exit2312,True,5.0,0.000499875041651048,-0.0006628563941175614,-0.0011627314357686093,0.0,-0.0011627314357686093,0.00016298135246651342,-0.0011627314357686093,-0.0011627314357686093
2311,2019-12-20,2312,2313,2019-12-23,2019-12-24,0.004886684760462501,1.0,-0.0005208632919293521,0.010967066183514618,0.5977801821119418,0.5020206555904805,outer_04,none,0.05,1,row2311_entry2312_exit2313,True,5.0,0.000499875041651048,0.004886684760462501,0.004386809718811453,0.0,0.004386809718811453,-0.005386559802113548,-0.005386559802113548,0.004386809718811453
2312,2019-12-23,2313,2314,2019-12-24,2019-12-26,0.01209329203515086,1.0,0.00502817167034042,0.020705969115935474,0.5574605786677148,0.5020206555904805,outer_04,none,0.05,1,row2312_entry2313_exit2314,True,5.0,0.000499875041651048,0.01209329203515086,0.011593416993499812,0.0,0.011593416993499812,-0.012593167076801907,0.011593416993499812,0.011593416993499812
2313,2019-12-24,2314,2315,2019-12-26,2019-12-27,0.00497671927368426,1.0,0.00912091620841693,0.025465097485663613,0.5611793465117194,0.5020206555904805,outer_04,none,0.05,1,row2313_entry2314_exit2315,True,5.0,0.000499875041651048,0.00497671927368426,0.004476844232033213,0.0,0.004476844232033213,-0.005476594315335308,0.004476844232033213,0.004476844232033213
2314,2019-12-26,2315,2316,2019-12-27,2019-12-30,0.00025811319399515753,1.0,0.008006607490823825,0.038527920576187924,0.5306722452973964,0.5020206555904805,outer_04,none,0.05,0,,False,5.0,0.0,0.0,0.0,0.0,0.0,0.0,0.0,0.0
2315,2019-12-27,2316,2317,2019-12-30,2019-12-31,0.002293616887631522,1.0,-0.00027137311653291363,0.037012419958276865,0.6214566567149209,0.5020206555904805,outer_04,none,0.05,1,row2315_entry2316_exit2317,True,5.0,0.000499875041651048,0.002293616887631522,0.0017937418459804742,0.0,0.0017937418459804742,-0.00279349192928257,-0.00279349192928257,0.0017937418459804742
2316,2019-12-30,2317,2318,2019-12-31,2020-01-02,0.0037101881506806933,1.0,0.002862253614089205,0.034332747394446805,0.5672655163155235,0.5020206555904805,outer_04,none,0.05,1,row2316_entry2317_exit2318,True,5.0,0.000499875041651048,0.0037101881506806933,0.0032103131090296454,0.0,0.0032103131090296454,-0.004210063192331741,0.0032103131090296454,0.0032103131090296454
2317,2019-12-31,2318,2319,2020-01-02,2020-01-03,0.005241917064767065,1.0,0.003459447237485591,0.03873537170473629,0.5762097155605307,0.5020206555904805,outer_04,none,0.05,1,row2317_entry2318_exit2319,True,5.0,0.000499875041651048,0.005241917064767065,0.004742042023116018,0.0,0.004742042023116018,-0.005741792106418113,0.004742042023116018,0.004742042023116018
2318,2020-01-02,2319,2320,2020-01-03,2020-01-06,0.030696902118754643,1.0,0.005615007307480546,0.03423385505209264,0.5909950951054289,0.5020206555904805,outer_04,none,0.05,1,row2318_entry2319_exit2320,True,5.0,0.000499875041651048,0.030696902118754643,0.030197027077103596,0.0,0.030197027077103596,-0.03119677716040569,0.030197027077103596,0.030197027077103596
2319,2020-01-03,2320,2321,2020-01-06,2020-01-07,-0.007234732647082076,0.0,0.014720041388368799,0.0509798825992096,0.49875888504178517,0.5020206555904805,outer_04,none,0.05,0,,False,5.0,0.0,-0.0,-0.0,0.0,-0.0,-0.0,-0.0,-0.0
2320,2020-01-06,2321,2322,2020-01-07,2020-01-08,0.007298186839522103,1.0,0.009104766992919622,0.059115187567580385,0.4586597780484131,0.5020206555904805,outer_04,none,0.05,0,,False,5.0,0.0,0.0,0.0,0.0,0.0,0.0,0.0,0.0
2321,2020-01-07,2322,2323,2020-01-08,2020-01-09,-0.013568885236030503,0.0,0.004848888237066973,0.07502272105046881,0.4685961484529881,0.5020206555904805,outer_04,none,0.05,0,,False,5.0,0.0,-0.0,-0.0,0.0,-0.0,-0.0,-0.0,-0.0
2322,2020-01-08,2323,2324,2020-01-09,2020-01-10,-0.0011841708649038551,0.0,-0.010787425671936468,0.06274277822507557,0.515765969560616,0.5020206555904805,outer_04,none,0.05,0,,False,5.0,0.0,-0.0,-0.0,0.0,-0.0,-0.0,-0.0,-0.0
2323,2020-01-09,2324,2325,2020-01-10,2020-01-13,0.004266727972994211,1.0,-0.0027537946395881363,0.058184508819865144,0.5375290838020361,0.5020206555904805,outer_04,none,0.05,0,,False,5.0,0.0,0.0,0.0,0.0,0.0,0.0,0.0,0.0
2324,2020-01-10,2325,2326,2020-01-13,2020-01-14,-0.007349567140317426,0.0,0.006217423620207718,0.05734524918130024,0.5242040823622077,0.5020206555904805,outer_04,none,0.05,0,,False,5.0,0.0,-0.0,-0.0,0.0,-0.0,-0.0,-0.0,-0.0
2325,2020-01-13,2326,2327,2020-01-14,2020-01-15,-0.0011375021423649656,0.0,-0.008630001151035849,0.05232923508944154,0.5624467573831414,0.5020206555904805,outer_04,none,0.05,1,row2325_entry2326_exit2327,True,5.0,0.000499875041651048,-0.0011375021423649656,-0.0016373771840160136,0.0,-0.0016373771840160136,0.0006376271007139177,0.0006376271007139177,-0.0016373771840160136
2326,2020-01-14,2327,2328,2020-01-15,2020-01-16,0.005681045731772194,1.0,-0.0013507445689215913,0.04687639433214663,0.5108460262971396,0.5020206555904805,outer_04,none,0.05,0,,False,5.0,0.0,0.0,0.0,0.0,0.0,0.0,0.0,0.0
2327,2020-01-15,2328,2329,2020-01-16,2020-01-17,-0.0018600345832577858,0.0,0.006427159212081257,0.05299183073104796,0.47147415941457804,0.5020206555904805,outer_04,none,0.05,0,,False,5.0,0.0,-0.0,-0.0,0.0,-0.0,-0.0,-0.0,-0.0
2328,2020-01-16,2329,2330,2020-01-17,2020-01-20,0.004313330099855683,1.0,-0.0024190343383949653,0.05051181851066744,0.5214450109654246,0.5020206555904805,outer_04,none,0.05,0,,False,5.0,0.0,0.0,0.0,0.0,0.0,0.0,0.0,0.0
2329,2020-01-17,2330,2331,2020-01-20,2020-01-21,0.0012051747038670513,1.0,0.0028109329637349134,0.0536886745533236,0.4648105677585673,0.5020206555904805,outer_04,none,0.05,0,,False,5.0,0.0,0.0,0.0,0.0,0.0,0.0,0.0,0.0
2330,2020-01-20,2331,2332,2020-01-21,2020-01-22,-0.0018403988663111548,0.0,0.0023545801667159694,0.05384295933139249,0.4378891486287658,0.5020206555904805,outer_04,none,0.05,-1,row2330_entry2331_exit2332,True,5.0,0.000499875041651048,0.0018403988663111548,0.0013405238246601068,0.0,-0.0023402739079622027,0.0013405238246601068,-0.0023402739079622027,-0.0023402739079622027
2331,2020-01-21,2332,2333,2020-01-22,2020-01-23,0.00034653592769195996,1.0,-0.0016611033158193678,0.05270271930750248,0.5109616997818691,0.5020206555904805,outer_04,none,0.05,0,,False,5.0,0.0,0.0,0.0,0.0,0.0,0.0,0.0,0.0
2332,2020-01-22,2333,2334,2020-01-23,2020-01-24,0.0020766975165669166,1.0,0.0004428030144456585,0.048117350651607715,0.49564717182567297,0.5020206555904805,outer_04,none,0.05,0,,False,5.0,0.0,0.0,0.0,0.0,0.0,0.0,0.0,0.0
2333,2020-01-23,2334,2335,2020-01-24,2020-01-27,0.012041513834875062,1.0,0.002691101771454818,0.041687536214645604,0.547611868355912,0.5020206555904805,outer_04,none,0.05,0,,False,5.0,0.0,0.0,0.0,0.0,0.0,0.0,0.0,0.0
2334,2020-01-24,2335,2336,2020-01-27,2020-01-28,0.00012651741845459696,1.0,0.005169619324978392,0.03885054804880017,0.506889921742538,0.5020206555904805,outer_04,none,0.05,0,,False,5.0,0.0,0.0,0.0,0.0,0.0,0.0,0.0,0.0
2335,2020-01-27,2336,2337,2020-01-28,2020-01-29,-0.007785253764547306,0.0,0.006965309594504809,0.046087230759837894,0.4393024600620983,0.5020206555904805,outer_04,none,0.05,-1,row2335_entry2336_exit2337,True,5.0,0.000499875041651048,0.007785253764547306,0.007285378722896259,0.0,-0.008285128806198354,0.007285378722896259,-0.008285128806198354,-0.008285128806198354
2336,2020-01-28,2337,2338,2020-01-29,2020-01-30,0.0041986129937914285,1.0,-0.008953407156319315,0.034271569989429373,0.48533683771325903,0.5020206555904805,outer_04,none,0.05,0,,False,5.0,0.0,0.0,0.0,0.0,0.0,0.0,0.0,0.0
2337,2020-01-29,2338,2339,2020-01-30,2020-01-31,-0.00012062304994131523,0.0,0.005933452281343676,0.03674557503328746,0.4827505143750162,0.5020206555904805,outer_04,none,0.05,0,,False,5.0,0.0,-0.0,-0.0,0.0,-0.0,-0.0,-0.0,-0.0
2338,2020-01-30,2339,2340,2020-01-31,2020-02-03,0.008591232185564124,1.0,-0.002069211391561687,0.029061356334245225,0.551822133402738,0.5020206555904805,outer_04,none,0.05,1,row2338_entry2339_exit2340,True,5.0,0.000499875041651048,0.008591232185564124,0.008091357143913076,0.0,0.008091357143913076,-0.009091107227215171,-0.009091107227215171,0.008091357143913076
2339,2020-01-31,2340,2341,2020-02-03,2020-02-04,-0.0063715599124147815,0.0,0.009473049454006954,0.02381436439988338,0.505136959594808,0.5020206555904805,outer_04,none,0.05,0,,False,5.0,0.0,-0.0,-0.0,0.0,-0.0,-0.0,-0.0,-0.0
2340,2020-02-03,2341,2342,2020-02-04,2020-02-05,-0.016208596912536954,0.0,-0.007917567655371549,0.00679202975159221,0.462234382703103,0.5020206555904805,outer_04,none,0.05,0,,False,5.0,0.0,-0.0,-0.0,0.0,-0.0,-0.0,-0.0,-0.0
2341,2020-02-04,2342,2343,2020-02-05,2020-02-06,0.0009588623094165527,1.0,-0.015059216400588049,-0.013116074886062812,0.4327821199011308,0.5020206555904805,outer_04,none,0.05,-1,row2341_entry2342_exit2343,True,5.0,0.000499875041651048,-0.0009588623094165527,-0.0014587373510676007,0.0,0.00045898726776550476,-0.0014587373510676007,-0.0014587373510676007,-0.0014587373510676007
2342,2020-02-05,2343,2344,2020-02-06,2020-02-07,0.0071399575228543455,1.0,0.002360774941375432,3.212572724908824e-05,0.3743495671443022,0.5020206555904805,outer_04,none,0.05,-1,row2342_entry2343_exit2344,True,5.0,0.000499875041651048,-0.0071399575228543455,-0.007639832564505393,0.0,0.006640082481203298,-0.007639832564505393,0.006640082481203298,0.006640082481203298
2343,2020-02-06,2344,2345,2020-02-07,2020-02-10,0.0022072810931694775,1.0,0.006436409261604048,0.009222329628441273,0.4189435775894739,0.5020206555904805,outer_04,none,0.05,-1,row2343_entry2344_exit2345,True,5.0,0.000499875041651048,-0.0022072810931694775,-0.0027071561348205255,0.0,0.0017074060515184296,-0.0027071561348205255,0.0017074060515184296,0.0017074060515184296
2344,2020-02-07,2345,2346,2020-02-10,2020-02-11,0.001795401200443969,1.0,0.0022573229074653867,0.005262228915698941,0.43515763969379934,0.5020206555904805,outer_04,none,0.05,-1,row2344_entry2345_exit2346,True,5.0,0.000499875041651048,-0.001795401200443969,-0.002295276242095017,0.0,0.001295526158792921,-0.002295276242095017,0.001295526158792921,0.001295526158792921
2345,2020-02-10,2346,2347,2020-02-11,2020-02-12,-0.0029303303573211537,0.0,0.0011903740261782758,0.015082604092913066,0.3764269861255155,0.5020206555904805,outer_04,none,0.05,-1,row2345_entry2346_exit2347,True,5.0,0.000499875041651048,0.0029303303573211537,0.0024304553156701057,0.0,-0.0034302053989722016,0.0024304553156701057,-0.0034302053989722016,-0.0034302053989722016
2346,2020-02-11,2347,2348,2020-02-12,2020-02-13,-0.0008680057475949354,0.0,-0.0027010686910902137,0.013732279970744443,0.38424482276485233,0.5020206555904805,outer_04,none,0.05,-1,row2346_entry2347_exit2348,True,5.0,0.000499875041651048,0.0008680057475949354,0.0003681307059438875,0.0,-0.0013678807892459834,0.0003681307059438875,0.0003681307059438875,-0.0013678807892459834
2347,2020-02-12,2348,2349,2020-02-13,2020-02-14,0.006225275034391409,1.0,-0.0012127557847634307,0.006092364973899755,0.4188281202864961,0.5020206555904805,outer_04,none,0.05,-1,row2347_entry2348_exit2349,True,5.0,0.000499875041651048,-0.006225275034391409,-0.006725150076042456,0.0,0.005725399992740361,-0.006725150076042456,-0.006725150076042456,0.005725399992740361
2348,2020-02-13,2349,2350,2020-02-14,2020-02-17,0.0033827902876346627,1.0,0.006525132089293173,0.015036531401587894,0.5017697104819411,0.5020206555904805,outer_04,none,0.05,0,,False,5.0,0.0,0.0,0.0,0.0,0.0,0.0,0.0,0.0
2349,2020-02-14,2350,2351,2020-02-17,2020-02-18,0.0015418936747062517,1.0,0.004880266168565406,0.017105864606418386,0.5120213196996073,0.5020206555904805,outer_04,none,0.05,0,,False,5.0,0.0,0.0,0.0,0.0,0.0,0.0,0.0,0.0
2350,2020-02-17,2351,2352,2020-02-18,2020-02-19,0.010977044844322492,1.0,-0.0017885644116368837,0.012962720028065533,0.5720908669881027,0.5020206555904805,outer_04,none,0.05,1,row2350_entry2351_exit2352,True,5.0,0.000499875041651048,0.010977044844322492,0.010477169802671445,0.0,0.010477169802671445,-0.01147691988597354,-0.01147691988597354,0.010477169802671445
2351,2020-02-18,2352,2353,2020-02-19,2020-02-20,0.006101870034794565,1.0,0.012878020732040696,0.027501844075925597,0.4526878784257368,0.5020206555904805,outer_04,none,0.05,0,,False,5.0,0.0,0.0,0.0,0.0,0.0,0.0,0.0,0.0
2352,2020-02-19,2353,2354,2020-02-20,2020-02-21,0.005404464862697189,1.0,0.006219107476183261,0.0332781485376632,0.4702745355661802,0.5020206555904805,outer_04,none,0.05,0,,False,5.0,0.0,0.0,0.0,0.0,0.0,0.0,0.0,0.0
2353,2020-02-20,2354,2355,2020-02-21,2020-02-24,0.024197065350739067,1.0,0.004903123795458875,0.035490170561667256,0.5009642620406155,0.5020206555904805,outer_04,none,0.05,0,,False,5.0,0.0,0.0,0.0,0.0,0.0,0.0,0.0,0.0
2354,2020-02-21,2355,2356,2020-02-24,2020-02-25,-0.0011456688943827231,0.0,0.014998794809089944,0.04531934604577881,0.4130812963569649,0.5020206555904805,outer_04,none,0.05,-1,row2354_entry2355_exit2356,True,5.0,0.000499875041651048,0.0011456688943827231,0.0006457938527316752,0.0,-0.001645543936033771,0.0006457938527316752,-0.001645543936033771,-0.001645543936033771
2355,2020-02-24,2356,2357,2020-02-25,2020-02-26,-0.011736996005568656,0.0,0.00894552983543484,0.04729956628670884,0.415050368070322,0.5020206555904805,outer_04,none,0.05,-1,row2355_entry2356_exit2357,True,5.0,0.000499875041651048,0.011736996005568656,0.011237120963917609,0.0,-0.012236871047219704,0.011237120963917609,-0.012236871047219704,-0.012236871047219704
2356,2020-02-25,2357,2358,2020-02-26,2020-02-27,0.0018235882159620687,1.0,-0.014111766291589944,0.04214120715143821,0.48328672491922026,0.5020206555904805,outer_04,none,0.05,0,,False,5.0,0.0,0.0,0.0,0.0,0.0,0.0,0.0,0.0
2357,2020-02-26,2358,2359,2020-02-27,2020-02-28,0.00048126274523685453,1.0,0.0031992603056387736,0.039407015175733306,0.44766181076918665,0.5020206555904805,outer_04,none,0.05,-1,row2357_entry2358_exit2359,True,5.0,0.000499875041651048,-0.00048126274523685453,-0.0009811377868879025,0.0,-1.861229641419342e-05,-0.0009811377868879025,-1.861229641419342e-05,-1.861229641419342e-05
2358,2020-02-27,2359,2360,2020-02-28,2020-03-02,-0.03730308115075065,0.0,0.0022711161059012497,0.04374734267319624,0.45365123324199313,0.5020206555904805,outer_04,none,0.05,0,,False,5.0,0.0,-0.0,-0.0,0.0,-0.0,-0.0,-0.0,-0.0
2359,2020-02-28,2360,2361,2020-03-02,2020-03-03,0.005459877886329956,1.0,-0.03687707455829514,-0.002602781339105853,0.44104605856186013,0.5020206555904805,outer_04,none,0.05,-1,row2359_entry2360_exit2361,True,5.0,0.000499875041651048,-0.005459877886329956,-0.005959752927981003,0.0,0.004960002844678908,-0.005959752927981003,-0.005959752927981003,-0.005959752927981003
2360,2020-03-02,2361,2362,2020-03-03,2020-03-04,0.03195282567622382,1.0,0.0031816561987545455,0.008496442515020242,0.350272754052408,0.5020206555904805,outer_04,none,0.05,-1,row2360_entry2361_exit2362,True,5.0,0.000499875041651048,-0.03195282567622382,-0.032452700717874865,0.0,0.03145295063457277,-0.032452700717874865,0.03145295063457277,0.03145295063457277
2361,2020-03-03,2362,2363,2020-03-04,2020-03-05,-0.0033672324764362216,0.0,0.030802347221669635,0.054358006137277926,0.28633408528223686,0.5020206555904805,outer_04,none,0.05,-1,row2361_entry2362_exit2363,True,5.0,0.000499875041651048,0.0033672324764362216,0.0028673574347851736,0.0,-0.0038671075180872695,0.0028673574347851736,-0.0038671075180872695,-0.0038671075180872695
2362,2020-03-04,2363,2364,2020-03-05,2020-03-06,0.021184645608576247,1.0,-0.0022899305013615034,0.04970730069454099,0.48527649637056747,0.5020206555904805,outer_04,none,0.05,0,,False,5.0,0.0,0.0,0.0,0.0,0.0,0.0,0.0,0.0
2363,2020-03-05,2364,2365,2020-03-06,2020-03-09,0.014438132579716267,1.0,0.021680099049530277,0.06495099048246722,0.365515339315821,0.5020206555904805,outer_04,none,0.05,-1,row2363_entry2364_exit2365,True,5.0,0.000499875041651048,-0.014438132579716267,-0.014938007621367315,0.0,0.01393825753806522,-0.014938007621367315,0.01393825753806522,0.01393825753806522
2364,2020-03-06,2365,2366,2020-03-09,2020-03-10,-0.01676194611534587,0.0,0.0014825267836524603,0.06417619435865429,0.37177814874195875,0.5020206555904805,outer_04,none,0.05,-1,row2364_entry2365_exit2366,True,5.0,0.000499875041651048,0.01676194611534587,0.016262071073694824,0.0,-0.01726182115699692,0.016262071073694824,-0.01726182115699692,-0.01726182115699692
2365,2020-03-09,2366,2367,2020-03-10,2020-03-11,-0.00951911901083946,0.0,0.002440182464397367,0.06542600279687338,0.3852490286739756,0.5020206555904805,outer_04,none,0.05,-1,row2365_entry2366_exit2367,True,5.0,0.000499875041651048,0.00951911901083946,0.009019243969188413,0.0,-0.010018994052490508,0.009019243969188413,-0.010018994052490508,-0.010018994052490508
2366,2020-03-10,2367,2368,2020-03-11,2020-03-12,-0.007187085732748955,0.0,-0.017298599363718914,0.050828472124244684,0.5114503367745664,0.5020206555904805,outer_04,none,0.05,0,,False,5.0,0.0,-0.0,-0.0,0.0,-0.0,-0.0,-0.0,-0.0
2367,2020-03-11,2368,2369,2020-03-12,2020-03-13,-0.039676886936566014,0.0,-0.007754147190841998,0.044287080718166116,0.5713187361874291,0.5020206555904805,outer_04,none,0.05,1,row2367_entry2368_exit2369,True,5.0,0.000499875041651048,-0.039676886936566014,-0.04017676197821706,0.0,-0.04017676197821706,0.039177011894914966,0.039177011894914966,-0.04017676197821706
2368,2020-03-12,2369,2370,2020-03-13,2020-03-16,-0.021325832079745588,0.0,-0.03608186733619956,0.0016800812926733855,0.6455084168880401,0.5020206555904805,outer_04,none,0.05,1,row2368_entry2369_exit2370,True,5.0,0.000499875041651048,-0.021325832079745588,-0.021825707121396636,0.0,-0.021825707121396636,0.02082595703809454,0.02082595703809454,-0.021825707121396636
2369,2020-03-13,2370,2371,2020-03-16,2020-03-17,-0.020486576399428635,0.0,-0.031433448076731985,-0.034633632952624005,0.6010007257162452,0.5020206555904805,outer_04,none,0.05,1,row2369_entry2370_exit2371,True,5.0,0.000499875041651048,-0.020486576399428635,-0.020986451441079683,0.0,-0.020986451441079683,0.019986701357777588,0.019986701357777588,0.019986701357777588
2370,2020-03-16,2371,2372,2020-03-17,2020-03-18,0.01675320583286588,1.0,-0.013617114061468705,-0.046462182602455826,0.46630319013621313,0.5020206555904805,outer_04,none,0.05,0,,False,5.0,0.0,0.0,0.0,0.0,0.0,0.0,0.0,0.0
2371,2020-03-17,2372,2373,2020-03-18,2020-03-19,-0.03440435395070107,0.0,0.012321971970814971,-0.04701823136368155,0.33936508528900894,0.5020206555904805,outer_04,none,0.05,-1,row2371_entry2372_exit2373,True,5.0,0.000499875041651048,0.03440435395070107,0.033904478909050025,0.0,-0.03490422899235212,0.033904478909050025,-0.03490422899235212,0.033904478909050025
2372,2020-03-18,2373,2374,2020-03-19,2020-03-20,-0.012076942472348584,0.0,-0.028663209164690784,-0.0819005480045556,0.5485036729749702,0.5020206555904805,outer_04,none,0.05,0,,False,5.0,0.0,-0.0,-0.0,0.0,-0.0,-0.0,-0.0,-0.0
2373,2020-03-19,2374,2375,2020-03-20,2020-03-23,0.015370509556488443,1.0,-0.006955150934803811,-0.09375882273481828,0.4773328794897371,0.5020206555904805,outer_04,none,0.05,0,,False,5.0,0.0,0.0,0.0,0.0,0.0,0.0,0.0,0.0
2374,2020-03-20,2375,2376,2020-03-23,2020-03-24,0.04798457873381423,1.0,0.016347598145038944,-0.09241001939886928,0.3453987788422031,0.5020206555904805,outer_04,none,0.05,-1,row2374_entry2375_exit2376,True,5.0,0.000499875041651048,-0.04798457873381423,-0.04848445377546528,0.0,0.047484703692163184,-0.04848445377546528,0.047484703692163184,-0.04848445377546528
2375,2020-03-23,2376,2377,2020-03-24,2020-03-25,0.04202859622694177,1.0,0.03523764868244772,-0.0661179005518564,0.24315192871492422,0.5020206555904805,outer_04,none,0.05,-1,row2375_entry2376_exit2377,True,5.0,0.000499875041651048,-0.04202859622694177,-0.04252847126859282,0.0,0.041528721185290725,-0.04252847126859282,0.041528721185290725,-0.04252847126859282
2376,2020-03-24,2377,2378,2020-03-25,2020-03-26,-0.011199761837372257,0.0,0.045915193234336904,-0.006090941025929553,0.17257555844880773,0.5020206555904805,outer_04,none,0.05,-1,row2376_entry2377_exit2378,True,5.0,0.000499875041651048,0.011199761837372257,0.01069988679572121,0.0,-0.011699636879023305,0.01069988679572121,-0.011699636879023305,0.01069988679572121
2377,2020-03-25,2378,2379,2020-03-26,2020-03-27,0.010978954417345754,1.0,-0.0055403512810947575,-0.014830552612663084,0.5306472319911683,0.5020206555904805,outer_04,none,0.05,0,,False,5.0,0.0,0.0,0.0,0.0,0.0,0.0,0.0,0.0
2378,2020-03-26,2379,2380,2020-03-27,2020-03-30,-0.006295076123915777,0.0,0.007752836742322522,-0.009348831976241812,0.35266765716939436,0.5020206555904805,outer_04,none,0.05,-1,row2378_entry2379_exit2380,True,5.0,0.000499875041651048,0.006295076123915777,0.00579520108226473,0.0,-0.006794951165566825,0.00579520108226473,-0.006794951165566825,0.00579520108226473
2379,2020-03-27,2380,2381,2020-03-30,2020-03-31,0.0010981825567242254,1.0,-0.003924371786407477,0.023603870795645854,0.5554900890220479,0.5020206555904805,outer_04,none,0.05,1,row2379_entry2380_exit2381,True,5.0,0.000499875041651048,0.0010981825567242254,0.0005983075150731774,0.0,0.0005983075150731774,-0.0015980575983752733,-0.0015980575983752733,0.0005983075150731774
2380,2020-03-30,2381,2382,2020-03-31,2020-04-01,-0.031532507619624006,0.0,-0.0013814967998984073,0.0190407177969929,0.6526373934795903,0.5020206555904805,outer_04,none,0.05,1,row2380_entry2381_exit2382,True,5.0,0.000499875041651048,-0.031532507619624006,-0.032032382661275054,0.0,-0.032032382661275054,0.03103263257797296,0.03103263257797296,-0.032032382661275054
2381,2020-03-31,2382,2383,2020-04-01,2020-04-02,0.01198710020704663,1.0,-0.02723269610323431,-0.038994325527911045,0.6896855136574697,0.5020206555904805,outer_04,none,0.05,1,row2381_entry2382_exit2383,True,5.0,0.000499875041651048,0.01198710020704663,0.011487225165395583,0.0,0.011487225165395583,-0.012486975248697678,-0.012486975248697678,-0.012486975248697678
2382,2020-04-01,2383,2384,2020-04-02,2020-04-03,0.014996770647837998,1.0,0.009141362378229267,-0.027563032648320274,0.4505816406622661,0.5020206555904805,outer_04,none,0.05,0,,False,5.0,0.0,0.0,0.0,0.0,0.0,0.0,0.0,0.0
2383,2020-04-02,2384,2385,2020-04-03,2020-04-06,0.00014245852467986708,1.0,0.01273854848657141,-0.03650458321127914,0.4017190470440698,0.5020206555904805,outer_04,none,0.05,-1,row2383_entry2384_exit2385,True,5.0,0.000499875041651048,-0.00014245852467986708,-0.000642333566330915,0.0,-0.00035741651697118086,-0.000642333566330915,-0.00035741651697118086,-0.000642333566330915
2384,2020-04-03,2385,2386,2020-04-06,2020-04-07,0.03061136793581376,1.0,0.0025035955767087614,-0.03548351441822284,0.3839567872646139,0.5020206555904805,outer_04,none,0.05,-1,row2384_entry2385_exit2386,True,5.0,0.000499875041651048,-0.03061136793581376,-0.031111242977464808,0.0,0.030111492894162713,-0.031111242977464808,0.030111492894162713,-0.031111242977464808
2385,2020-04-06,2386,2387,2020-04-07,2020-04-08,-0.010591630620829129,0.0,0.025958346745519556,-0.01196535013710065,0.1863683033070607,0.5020206555904805,outer_04,none,0.05,-1,row2385_entry2386_exit2387,True,5.0,0.000499875041651048,0.010591630620829129,0.010091755579178081,0.0,-0.011091505662480176,0.010091755579178081,-0.011091505662480176,0.010091755579178081
2386,2020-04-07,2387,2388,2020-04-08,2020-04-09,-0.0011297789021966764,0.0,-0.0062006229886568676,-0.0008673737620386035,0.20765549124338611,0.5020206555904805,outer_04,none,0.05,-1,row2386_entry2387_exit2388,True,5.0,0.000499875041651048,0.0011297789021966764,0.0006299038605456285,0.0,-0.0016296539438477244,0.0006299038605456285,0.0006299038605456285,0.0006299038605456285
2387,2020-04-08,2388,2389,2020-04-09,2020-04-13,0.019297112664438565,1.0,-0.0015425073048174198,0.0053442661239859746,0.23788829877484885,0.5020206555904805,outer_04,none,0.05,-1,row2387_entry2388_exit2389,True,5.0,0.000499875041651048,-0.019297112664438565,-0.019796987706089612,0.0,0.018797237622787517,-0.019796987706089612,-0.019796987706089612,0.018797237622787517
2388,2020-04-09,2389,2390,2020-04-13,2020-04-14,0.020521589147682207,1.0,0.02292708326684778,0.06435321672703331,0.23246781238419473,0.5020206555904805,outer_04,none,0.05,-1,row2388_entry2389_exit2390,True,5.0,0.000499875041651048,-0.020521589147682207,-0.021021464189333254,0.0,0.02002171410603116,-0.021021464189333254,0.02002171410603116,0.02002171410603116
2389,2020-04-13,2390,2391,2020-04-14,2020-04-15,0.008311110743137284,1.0,0.016739996388780654,0.11252666119254595,0.33366354436641366,0.5020206555904805,outer_04,none,0.05,-1,row2389_entry2390_exit2391,True,5.0,0.000499875041651048,-0.008311110743137284,-0.008810985784788332,0.0,0.007811235701486237,-0.008810985784788332,0.007811235701486237,0.007811235701486237
2390,2020-04-14,2391,2392,2020-04-15,2020-04-16,-0.005837897748706133,0.0,0.008468810430692919,0.13461258568470758,0.3655783139896936,0.5020206555904805,outer_04,none,0.05,-1,row2390_entry2391_exit2392,True,5.0,0.000499875041651048,0.005837897748706133,0.005338022707055086,0.0,-0.006337772790357181,0.005338022707055086,-0.006337772790357181,-0.006337772790357181
2391,2020-04-15,2392,2393,2020-04-16,2020-04-17,0.0011586710932753874,1.0,-0.005832071923404847,0.11645854179048776,0.35290560580668867,0.5020206555904805,outer_04,none,0.05,-1,row2391_entry2392_exit2393,True,5.0,0.000499875041651048,-0.0011586710932753874,-0.0016585461349264354,0.0,0.0006587960516243395,-0.0016585461349264354,-0.0016585461349264354,0.0006587960516243395
2392,2020-04-16,2393,2394,2020-04-17,2020-04-20,-0.020850380504228383,0.0,0.00109465261536279,0.14621640357054133,0.3330104290628854,0.5020206555904805,outer_04,none,0.05,-1,row2392_entry2393_exit2394,True,5.0,0.000499875041651048,0.020850380504228383,0.020350505462577335,0.0,-0.02135025554587943,0.020350505462577335,-0.02135025554587943,-0.02135025554587943
2393,2020-04-17,2394,2395,2020-04-20,2020-04-21,0.007328902512812263,1.0,-0.021315194199047482,0.13185636030629766,0.3945066793275765,0.5020206555904805,outer_04,none,0.05,-1,row2393_entry2394_exit2395,True,5.0,0.000499875041651048,-0.007328902512812263,-0.00782877755446331,0.0,0.006829027471161216,-0.00782877755446331,-0.00782877755446331,0.006829027471161216
2394,2020-04-20,2395,2396,2020-04-21,2020-04-22,-0.0068714962359957,0.0,0.007781126598247923,0.12328988875950664,0.3444878787172598,0.5020206555904805,outer_04,none,0.05,-1,row2394_entry2395_exit2396,True,5.0,0.000499875041651048,0.0068714962359957,0.006371621194344652,0.0,-0.007371371277646747,0.006371621194344652,-0.007371371277646747,-0.007371371277646747
2395,2020-04-21,2396,2397,2020-04-22,2020-04-23,0.0181676052785944,1.0,-0.00694919956968576,0.08110304050737316,0.31920903222724306,0.5020206555904805,outer_04,none,0.05,-1,row2395_entry2396_exit2397,True,5.0,0.000499875041651048,-0.0181676052785944,-0.01866748032024545,0.0,0.017667730236943353,-0.01866748032024545,-0.01866748032024545,0.017667730236943353
2396,2020-04-22,2397,2398,2020-04-23,2020-04-24,0.00923024531753125,1.0,0.01843855663504712,0.053626403908083375,0.18341083951359627,0.5020206555904805,outer_04,none,0.05,-1,row2396_entry2397_exit2398,True,5.0,0.000499875041651048,-0.00923024531753125,-0.009730120359182297,0.0,0.008730370275880202,-0.009730120359182297,0.008730370275880202,0.008730370275880202
2397,2020-04-23,2398,2399,2020-04-24,2020-04-27,-0.0047728363813615005,0.0,0.008963307212852989,0.06813006240203112,0.2319202260442355,0.5020206555904805,outer_04,none,0.05,-1,row2397_entry2398_exit2399,True,5.0,0.000499875041651048,0.0047728363813615005,0.004272961339710453,0.0,-0.005272711423012548,0.004272961339710453,-0.005272711423012548,-0.005272711423012548
2398,2020-04-24,2399,2400,2020-04-27,2020-04-28,-0.0043174492909718865,0.0,-0.002256475303059169,0.05812075035664943,0.19899143184861437,0.5020206555904805,outer_04,none,0.05,-1,row2398_entry2399_exit2400,True,5.0,0.000499875041651048,0.0043174492909718865,0.0038175742493208385,0.0,-0.004817324332622934,0.0038175742493208385,0.0038175742493208385,-0.004817324332622934
2399,2020-04-27,2400,2401,2020-04-28,2020-04-29,-0.004019964980269464,0.0,-0.006666013322169206,0.0553791088208877,0.20289399178509948,0.5020206555904805,outer_04,none,0.05,-1,row2399_entry2400_exit2401,True,5.0,0.000499875041651048,0.004019964980269464,0.0035200899386184157,0.0,-0.004519840021920511,0.0035200899386184157,0.0035200899386184157,-0.004519840021920511
2400,2020-04-28,2401,2402,2020-04-29,2020-04-30,0.002882225458208154,1.0,-0.004259938248136308,0.0525006673726498,0.21573407901893257,0.5020206555904805,outer_04,none,0.05,-1,row2400_entry2401_exit2402,True,5.0,0.000499875041651048,-0.002882225458208154,-0.003382100499859202,0.0,0.002382350416557106,-0.003382100499859202,-0.003382100499859202,0.002382350416557106
2401,2020-04-29,2402,2403,2020-04-30,2020-05-01,-0.01584630845239321,0.0,0.003063846117312252,0.08279720959319636,0.3081521984793708,0.5020206555904805,outer_04,none,0.05,-1,row2401_entry2402_exit2403,True,5.0,0.000499875041651048,0.01584630845239321,0.015346433410742162,0.0,-0.016346183494044257,0.015346433410742162,-0.016346183494044257,-0.016346183494044257
2402,2020-04-30,2403,2404,2020-05-01,2020-05-04,0.007098033672094495,1.0,-0.015835005339233987,0.05782084187573311,0.3524116397535016,0.5020206555904805,outer_04,none,0.05,-1,row2402_entry2403_exit2404,True,5.0,0.000499875041651048,-0.007098033672094495,-0.007597908713745542,0.0,0.006598158630443447,-0.007597908713745542,-0.007597908713745542,0.006598158630443447
2403,2020-05-01,2404,2405,2020-05-04,2020-05-05,0.0018239805478117432,1.0,0.00804593214541871,0.05312822553458041,0.25616747978958404,0.5020206555904805,outer_04,none,0.05,-1,row2403_entry2404_exit2405,True,5.0,0.000499875041651048,-0.0018239805478117432,-0.002323855589462791,0.0,0.0013241055061606953,-0.002323855589462791,0.0013241055061606953,0.0013241055061606953
2404,2020-05-04,2405,2406,2020-05-05,2020-05-06,0.0019849432763106023,1.0,0.0008233841552049981,0.051448014113076646,0.3060517374170022,0.5020206555904805,outer_04,none,0.05,-1,row2404_entry2405_exit2406,True,5.0,0.000499875041651048,-0.0019849432763106023,-0.0024848183179616502,0.0,0.0014850682346595544,-0.0024848183179616502,0.0014850682346595544,0.0014850682346595544
2405,2020-05-05,2406,2407,2020-05-06,2020-05-07,-0.011399362310375416,0.0,0.0021786948786157723,0.027668362246172862,0.2944600522109299,0.5020206555904805,outer_04,none,0.05,-1,row2405_entry2406_exit2407,True,5.0,0.000499875041651048,0.011399362310375416,0.010899487268724369,0.0,-0.011899237352026464,0.010899487268724369,-0.011899237352026464,-0.011899237352026464
2406,2020-05-06,2407,2408,2020-05-07,2020-05-08,0.01783792456568456,1.0,-0.011516691200989193,0.022352294033840536,0.3725065667052555,0.5020206555904805,outer_04,none,0.05,-1,row2406_entry2407_exit2408,True,5.0,0.000499875041651048,-0.01783792456568456,-0.018337799607335607,0.0,0.017338049524033512,-0.018337799607335607,-0.018337799607335607,0.017338049524033512
2407,2020-05-07,2408,2409,2020-05-08,2020-05-11,-0.007688969681158397,0.0,0.017680525497511645,0.0415753268361696,0.24324304236225344,0.5020206555904805,outer_04,none,0.05,-1,row2407_entry2408_exit2409,True,5.0,0.000499875041651048,0.007688969681158397,0.00718909463950735,0.0,-0.008188844722809445,0.00718909463950735,-0.008188844722809445,-0.008188844722809445
2408,2020-05-08,2409,2410,2020-05-11,2020-05-12,-0.002770549264162092,0.0,-0.007701934869801086,0.010946308699520735,0.333937651182989,0.5020206555904805,outer_04,none,0.05,-1,row2408_entry2409_exit2410,True,5.0,0.000499875041651048,0.002770549264162092,0.002270674222511044,0.0,-0.00327042430581314,0.002270674222511044,0.002270674222511044,-0.00327042430581314
2409,2020-05-11,2410,2411,2020-05-12,2020-05-13,0.0026001850073464894,1.0,-0.0026178564423551265,-0.008411544131615045,0.29434475765785956,0.5020206555904805,outer_04,none,0.05,-1,row2409_entry2410_exit2411,True,5.0,0.000499875041651048,-0.0026001850073464894,-0.0031000600489975373,0.0,0.0021003099656954414,-0.0031000600489975373,-0.0031000600489975373,-0.0031000600489975373
2410,2020-05-12,2411,2412,2020-05-13,2020-05-14,0.007736914581571774,1.0,0.0027177286647415144,-0.01416262589756645,0.30188576830180197,0.5020206555904805,outer_04,none,0.05,-1,row2410_entry2411_exit2412,True,5.0,0.000499875041651048,-0.007736914581571774,-0.008236789623222822,0.0,0.007237039539920727,-0.008236789623222822,0.007237039539920727,-0.008236789623222822
2411,2020-05-13,2412,2413,2020-05-14,2020-05-15,0.008562267688569491,1.0,0.00763121249219445,-0.0006993414819671528,0.2840272471157436,0.5020206555904805,outer_04,none,0.05,-1,row2411_entry2412_exit2413,True,5.0,0.000499875041651048,-0.008562267688569491,-0.009062142730220539,0.0,0.008062392646918444,-0.009062142730220539,0.008062392646918444,-0.009062142730220539
2412,2020-05-14,2413,2414,2020-05-15,2020-05-18,0.009949987478077738,1.0,0.008568097555560428,0.006774103458230485,0.3000350105199014,0.5020206555904805,outer_04,none,0.05,-1,row2412_entry2413_exit2414,True,5.0,0.000499875041651048,-0.009949987478077738,-0.010449862519728785,0.0,0.00945011243642669,-0.010449862519728785,0.00945011243642669,0.00945011243642669
2413,2020-05-15,2414,2415,2020-05-18,2020-05-19,-0.008800399383443569,0.0,0.006791676811679359,0.034880974468957326,0.29338497041890466,0.5020206555904805,outer_04,none,0.05,-1,row2413_entry2414_exit2415,True,5.0,0.000499875041651048,0.008800399383443569,0.008300524341792521,0.0,-0.009300274425094616,0.008300524341792521,-0.009300274425094616,-0.009300274425094616
2414,2020-05-18,2415,2416,2020-05-19,2020-05-20,0.006915784212137233,1.0,-0.005555489886075016,0.021544357984634388,0.29920740301093673,0.5020206555904805,outer_04,none,0.05,-1,row2414_entry2415_exit2416,True,5.0,0.000499875041651048,-0.006915784212137233,-0.00741565925378828,0.0,0.006415909170486185,-0.00741565925378828,-0.00741565925378828,0.006415909170486185
2415,2020-05-19,2416,2417,2020-05-20,2020-05-21,0.0018159377833093515,1.0,0.006926653782848291,0.03542021133716844,0.2716232773106794,0.5020206555904805,outer_04,none,0.05,-1,row2415_entry2416_exit2417,True,5.0,0.000499875041651048,-0.0018159377833093515,-0.0023158128249603995,0.0,0.0013160627416583036,-0.0023158128249603995,0.0013160627416583036,0.0013160627416583036
2416,2020-05-20,2417,2418,2020-05-21,2020-05-22,-0.011825327643036232,0.0,0.0017012992976379593,0.018682953999759278,0.34935142740327063,0.5020206555904805,outer_04,none,0.05,-1,row2416_entry2417_exit2418,True,5.0,0.000499875041651048,0.011825327643036232,0.011325452601385184,0.0,-0.01232520268468728,0.011325452601385184,-0.01232520268468728,-0.01232520268468728
2417,2020-05-21,2418,2419,2020-05-22,2020-05-25,0.0031282460799060274,1.0,-0.011773409798824908,-0.002053763011918619,0.35768612017810475,0.5020206555904805,outer_04,none,0.05,-1,row2417_entry2418_exit2419,True,5.0,0.000499875041651048,-0.0031282460799060274,-0.0036281211215570754,0.0,0.0026283710382549795,-0.0036281211215570754,-0.0036281211215570754,-0.0036281211215570754
2418,2020-05-22,2419,2420,2020-05-25,2020-05-26,-0.003498964002570659,0.0,0.005019925567045114,0.005222637858185664,0.29742884423898414,0.5020206555904805,outer_04,none,0.05,-1,row2418_entry2419_exit2420,True,5.0,0.000499875041651048,0.003498964002570659,0.0029990889609196113,0.0,-0.003998839044221707,0.0029990889609196113,-0.003998839044221707,-0.003998839044221707
2419,2020-05-25,2420,2421,2020-05-26,2020-05-27,-0.009108246656436059,0.0,-0.0041747686706781195,0.0077138825096767505,0.3771916241557865,0.5020206555904805,outer_04,none,0.05,-1,row2419_entry2420_exit2421,True,5.0,0.000499875041651048,0.009108246656436059,0.008608371614785011,0.0,-0.009608121698087106,0.008608371614785011,0.008608371614785011,-0.009608121698087106
2420,2020-05-26,2421,2422,2020-05-27,2020-05-28,-0.0006667290753696875,0.0,-0.010417336458980131,0.0015564842988329275,0.36019813522195443,0.5020206555904805,outer_04,none,0.05,-1,row2420_entry2421_exit2422,True,5.0,0.000499875041651048,0.0006667290753696875,0.00016685403371863956,0.0,-0.0011666041170207355,0.00016685403371863956,0.00016685403371863956,-0.0011666041170207355
2421,2020-05-27,2422,2423,2020-05-28,2020-05-29,0.005990434414167467,1.0,-0.00043276372945832975,-0.0019401255479376545,0.3186876021981093,0.5020206555904805,outer_04,none,0.05,-1,row2421_entry2422_exit2423,True,5.0,0.000499875041651048,-0.005990434414167467,-0.0064903094558185145,0.0,0.0054905593725164195,-0.0064903094558185145,-0.0064903094558185145,-0.0064903094558185145
2422,2020-05-28,2423,2424,2020-05-29,2020-06-01,0.009181121181307539,1.0,0.0053146774262415875,0.01920955721753792,0.3392115933606018,0.5020206555904805,outer_04,none,0.05,-1,row2422_entry2423_exit2424,True,5.0,0.000499875041651048,-0.009181121181307539,-0.009680996222958586,0.0,0.008681246139656491,-0.009680996222958586,0.008681246139656491,0.008681246139656491
2423,2020-05-29,2424,2425,2020-06-01,2020-06-02,0.001387765431277721,1.0,0.0068018203200077565,0.017965445392126966,0.3318532430942482,0.5020206555904805,outer_04,none,0.05,-1,row2423_entry2424_exit2425,True,5.0,0.000499875041651048,-0.001387765431277721,-0.001887640472928769,0.0,0.0008878903896266731,-0.001887640472928769,0.0008878903896266731,0.0008878903896266731
2424,2020-06-01,2425,2426,2020-06-02,2020-06-03,-0.006216739360389134,0.0,0.005227843336346183,0.02236990457326815,0.3029096963859117,0.5020206555904805,outer_04,none,0.05,-1,row2424_entry2425_exit2426,True,5.0,0.000499875041651048,0.006216739360389134,0.005716864318738087,0.0,-0.006716614402040182,0.005716864318738087,-0.006716614402040182,-0.006716614402040182
2425,2020-06-02,2426,2427,2020-06-03,2020-06-04,-0.01626906390574767,0.0,-0.00693988530623546,0.013251324388416919,0.3507724361397154,0.5020206555904805,outer_04,none,0.05,-1,row2425_entry2426_exit2427,True,5.0,0.000499875041651048,0.01626906390574767,0.015769188864096624,0.0,-0.01676893894739872,0.015769188864096624,0.015769188864096624,-0.01676893894739872
2426,2020-06-03,2427,2428,2020-06-04,2020-06-05,0.009127400854900714,1.0,-0.017042135194275332,0.00772588039513078,0.39511550960518593,0.5020206555904805,outer_04,none,0.05,-1,row2426_entry2427_exit2428,True,5.0,0.000499875041651048,-0.009127400854900714,-0.009627275896551761,0.0,0.008627525813249666,-0.009627275896551761,-0.009627275896551761,0.008627525813249666
2427,2020-06-04,2428,2429,2020-06-05,2020-06-08,-0.020164028065214445,0.0,0.008525260806854007,-0.0014293842955268588,0.2880053666538754,0.5020206555904805,outer_04,none,0.05,-1,row2427_entry2428_exit2429,True,5.0,0.000499875041651048,0.020164028065214445,0.019664153023563398,0.0,-0.020663903106865493,0.019664153023563398,-0.020663903106865493,0.019664153023563398
2428,2020-06-05,2429,2430,2020-06-08,2020-06-09,0.01157792150522674,1.0,-0.016779411071133232,-0.010506860496859005,0.41804123451514524,0.5020206555904805,outer_04,none,0.05,-1,row2428_entry2429_exit2430,True,5.0,0.000499875041651048,-0.01157792150522674,-0.012077796546877788,0.0,0.011078046463575693,-0.012077796546877788,-0.012077796546877788,-0.012077796546877788
2429,2020-06-08,2430,2431,2020-06-09,2020-06-10,0.00895343958065098,1.0,0.008330696272883742,0.0004416922183798633,0.2863024721714582,0.5020206555904805,outer_04,none,0.05,-1,row2429_entry2430_exit2431,True,5.0,0.000499875041651048,-0.00895343958065098,-0.009453314622302027,0.0,0.008453564538999932,-0.009453314622302027,0.008453564538999932,0.008453564538999932
2430,2020-06-09,2431,2432,2020-06-10,2020-06-11,0.013065873389744631,1.0,0.009242421215247099,0.0069663847688854474,0.32431045926403446,0.5020206555904805,outer_04,none,0.05,-1,row2430_entry2431_exit2432,True,5.0,0.000499875041651048,-0.013065873389744631,-0.013565748431395679,0.0,0.012565998348093584,-0.013565748431395679,0.012565998348093584,0.012565998348093584
2431,2020-06-10,2432,2433,2020-06-11,2020-06-12,-0.0050300640211480285,0.0,0.013714043769980755,0.013049216046671752,0.28469712971682276,0.5020206555904805,outer_04,none,0.05,-1,row2431_entry2432_exit2433,True,5.0,0.000499875041651048,0.0050300640211480285,0.004530188979496981,0.0,-0.005529939062799076,0.004530188979496981,-0.005529939062799076,-0.005529939062799076
2432,2020-06-11,2433,2434,2020-06-12,2020-06-15,0.0008901786147283985,1.0,-0.005348516525036651,-0.0008673980339253262,0.3641809414686018,0.5020206555904805,outer_04,none,0.05,-1,row2432_entry2433_exit2434,True,5.0,0.000499875041651048,-0.0008901786147283985,-0.0013900536563794465,0.0,0.0003903035730773506,-0.0013900536563794465,-0.0013900536563794465,-0.0013900536563794465
2433,2020-06-12,2434,2435,2020-06-15,2020-06-16,-0.003177058427078272,0.0,0.0011621420566561014,-0.006496932788948584,0.31686050852784026,0.5020206555904805,outer_04,none,0.05,-1,row2433_entry2434_exit2435,True,5.0,0.000499875041651048,0.003177058427078272,0.002677183385427224,0.0,-0.00367693346872932,0.002677183385427224,-0.00367693346872932,0.002677183385427224
2434,2020-06-15,2435,2436,2020-06-16,2020-06-17,-0.0001565094908810849,0.0,-0.0030846627715694908,-0.004026105674443059,0.34317103451132264,0.5020206555904805,outer_04,none,0.05,-1,row2434_entry2435_exit2436,True,5.0,0.000499875041651048,0.0001565094908810849,-0.00034336555076996305,0.0,-0.0006563845325321328,-0.00034336555076996305,-0.00034336555076996305,-0.00034336555076996305
2435,2020-06-16,2436,2437,2020-06-17,2020-06-18,0.00045786617777476835,1.0,0.0006779366649638519,-0.010274822792327498,0.3617157756562971,0.5020206555904805,outer_04,none,0.05,-1,row2435_entry2436_exit2437,True,5.0,0.000499875041651048,-0.00045786617777476835,-0.0009577412194258163,0.0,-4.20088638762796e-05,-0.0009577412194258163,-4.20088638762796e-05,-0.0009577412194258163
2436,2020-06-17,2437,2438,2020-06-18,2020-06-19,-0.0017282379758301047,0.0,-0.00012744019017407737,-0.012103562280139535,0.43886423599063923,0.5020206555904805,outer_04,none,0.05,-1,row2436_entry2437_exit2438,True,5.0,0.000499875041651048,0.0017282379758301047,0.0012283629341790568,0.0,-0.0022281130174811527,0.0012283629341790568,0.0012283629341790568,0.0012283629341790568
2437,2020-06-18,2438,2439,2020-06-19,2020-06-22,0.014332515427828874,1.0,-0.002151554907364961,-0.002481707388679588,0.4127388491563213,0.5020206555904805,outer_04,none,0.05,-1,row2437_entry2438_exit2439,True,5.0,0.000499875041651048,-0.014332515427828874,-0.014832390469479921,0.0,0.013832640386177826,-0.014832390469479921,-0.014832390469479921,-0.014832390469479921
2438,2020-06-19,2439,2440,2020-06-22,2020-06-23,0.0035925959277962605,1.0,0.0114180082166353,0.003916375260910598,0.3376855750614407,0.5020206555904805,outer_04,none,0.05,-1,row2438_entry2439_exit2440,True,5.0,0.000499875041651048,-0.0035925959277962605,-0.004092470969447308,0.0,0.0030927208861452125,-0.004092470969447308,0.0030927208861452125,0.0030927208861452125
2439,2020-06-22,2440,2441,2020-06-23,2020-06-24,0.008577847404207972,1.0,0.0070292927582640274,0.015120436689852745,0.32657059654318893,0.5020206555904805,outer_04,none,0.05,-1,row2439_entry2440_exit2441,True,5.0,0.000499875041651048,-0.008577847404207972,-0.00907772244585902,0.0,0.008077972362556925,-0.00907772244585902,0.008077972362556925,0.008077972362556925
2440,2020-06-23,2441,2442,2020-06-24,2020-06-25,-0.00539585965024969,0.0,0.007042482606695266,0.03258025575552814,0.35301895872094835,0.5020206555904805,outer_04,none,0.05,-1,row2440_entry2441_exit2442,True,5.0,0.000499875041651048,0.00539585965024969,0.004895984608598643,0.0,-0.005895734691900738,0.004895984608598643,-0.005895734691900738,-0.005895734691900738
2441,2020-06-24,2442,2443,2020-06-25,2020-06-26,0.002605210188167284,1.0,-0.0032140789467058895,0.029798940538280583,0.3726772278149024,0.5020206555904805,outer_04,none,0.05,-1,row2441_entry2442_exit2443,True,5.0,0.000499875041651048,-0.002605210188167284,-0.003105085229818332,0.0,0.002105335146516236,-0.003105085229818332,-0.003105085229818332,0.002105335146516236
2442,2020-06-25,2443,2444,2020-06-26,2020-06-29,0.0034913332224553173,1.0,0.0013333675743014695,0.025817630686340465,0.3745950919044485,0.5020206555904805,outer_04,none,0.05,-1,row2442_entry2443_exit2444,True,5.0,0.000499875041651048,-0.0034913332224553173,-0.003991208264106365,0.0,0.0029914581808042694,-0.003991208264106365,0.0029914581808042694,0.0029914581808042694
2443,2020-06-26,2444,2445,2020-06-29,2020-06-30,0.0008920959764129321,1.0,0.0033623942014706643,0.022378204567803373,0.3602552158219959,0.5020206555904805,outer_04,none,0.05,-1,row2443_entry2444_exit2445,True,5.0,0.000499875041651048,-0.0008920959764129321,-0.00139197101806398,0.0,0.0003922209347618842,-0.00139197101806398,0.0003922209347618842,0.0003922209347618842
2444,2020-06-29,2445,2446,2020-06-30,2020-07-01,0.005465032695577854,1.0,0.0017108161037109326,0.018861177335168122,0.4133580105948711,0.5020206555904805,outer_04,none,0.05,-1,row2444_entry2445_exit2446,True,5.0,0.000499875041651048,-0.005465032695577854,-0.005964907737228901,0.0,0.004965157653926806,-0.005964907737228901,0.004965157653926806,0.004965157653926806
2445,2020-06-30,2446,2447,2020-07-01,2020-07-02,-0.005747255484118696,0.0,0.004469293760736903,0.030270356402140486,0.4097560836146543,0.5020206555904805,outer_04,none,0.05,-1,row2445_entry2446_exit2447,True,5.0,0.000499875041651048,0.005747255484118696,0.005247380442467649,0.0,-0.006247130525769744,0.005247380442467649,-0.006247130525769744,-0.006247130525769744
2446,2020-07-01,2447,2448,2020-07-02,2020-07-03,0.002869313023879272,1.0,-0.0060275420633040255,0.04128494953311179,0.44281827704695204,0.5020206555904805,outer_04,none,0.05,-1,row2446_entry2447_exit2448,True,5.0,0.000499875041651048,-0.002869313023879272,-0.00336918806553032,0.0,0.002369437982228224,-0.00336918806553032,-0.00336918806553032,0.002369437982228224
2447,2020-07-02,2448,2449,2020-07-03,2020-07-06,-0.0017578162538116615,0.0,0.0028943743565044144,0.0356540630827622,0.418392068978073,0.5020206555904805,outer_04,none,0.05,-1,row2447_entry2448_exit2449,True,5.0,0.000499875041651048,0.0017578162538116615,0.0012579412121606136,0.0,-0.0022576912954627095,0.0012579412121606136,-0.0022576912954627095,-0.0022576912954627095
2448,2020-07-03,2449,2450,2020-07-06,2020-07-07,0.006659965773338605,1.0,-3.94380639345826e-05,0.05239403608996085,0.4852040327595372,0.5020206555904805,outer_04,none,0.05,0,,False,5.0,0.0,0.0,0.0,0.0,0.0,0.0,0.0,0.0
2449,2020-07-06,2450,2451,2020-07-07,2020-07-08,0.005535785779371416,1.0,0.005254075556876181,0.04931741537395329,0.47846586822221054,0.5020206555904805,outer_04,none,0.05,0,,False,5.0,0.0,0.0,0.0,0.0,0.0,0.0,0.0,0.0
2450,2020-07-07,2451,2452,2020-07-08,2020-07-09,0.007901275674134567,1.0,0.0057839970127799845,0.045858991171486174,0.4328174598261595,0.5020206555904805,outer_04,none,0.05,-1,row2450_entry2451_exit2452,True,5.0,0.000499875041651048,-0.007901275674134567,-0.008401150715785614,0.0,0.007401400632483519,-0.008401150715785614,0.007401400632483519,0.007401400632483519
2451,2020-07-08,2452,2453,2020-07-09,2020-07-10,-0.004048263421019271,0.0,0.007687968924550148,0.03983291632605557,0.3847847289774324,0.5020206555904805,outer_04,none,0.05,-1,row2451_entry2452_exit2453,True,5.0,0.000499875041651048,0.004048263421019271,0.0035483883793682234,0.0,-0.004548138462670319,0.0035483883793682234,-0.004548138462670319,-0.004548138462670319
2452,2020-07-09,2453,2454,2020-07-10,2020-07-13,-0.0016383567895266182,0.0,-0.00339540091961954,0.04178603193147268,0.4401873850259048,0.5020206555904805,outer_04,none,0.05,-1,row2452_entry2453_exit2454,True,5.0,0.000499875041651048,0.0016383567895266182,0.0011384817478755703,0.0,-0.002138231831177666,0.0011384817478755703,0.0011384817478755703,-0.002138231831177666
2453,2020-07-10,2454,2455,2020-07-13,2020-07-14,0.0016772004686940178,1.0,-0.0020828191672990215,0.038541070707517555,0.4295302077820973,0.5020206555904805,outer_04,none,0.05,-1,row2453_entry2454_exit2455,True,5.0,0.000499875041651048,-0.0016772004686940178,-0.002177075510345066,0.0,0.00117732542704297,-0.002177075510345066,-0.002177075510345066,0.00117732542704297
2454,2020-07-13,2455,2456,2020-07-14,2020-07-15,0.0032353702635612436,1.0,0.0020550767610876264,0.04368081024017467,0.3884470434207301,0.5020206555904805,outer_04,none,0.05,-1,row2454_entry2455_exit2456,True,5.0,0.000499875041651048,-0.0032353702635612436,-0.0037352453052122915,0.0,0.0027354952219101956,-0.0037352453052122915,0.0027354952219101956,0.0027354952219101956
2455,2020-07-14,2456,2457,2020-07-15,2020-07-16,0.0014149511825953809,1.0,0.00372169700136471,0.04672457057657553,0.3967634314488532,0.5020206555904805,outer_04,none,0.05,-1,row2455_entry2456_exit2457,True,5.0,0.000499875041651048,-0.0014149511825953809,-0.0019148262242464288,0.0,0.0009150761409443329,-0.0019148262242464288,0.0009150761409443329,0.0009150761409443329
2456,2020-07-15,2457,2458,2020-07-16,2020-07-17,-0.006894629680521902,0.0,0.0005415920728353285,0.047393602839584936,0.41428458367438975,0.5020206555904805,outer_04,none,0.05,-1,row2456_entry2457_exit2458,True,5.0,0.000499875041651048,0.006894629680521902,0.0063947546388708545,0.0,-0.00739450472217295,0.0063947546388708545,-0.00739450472217295,-0.00739450472217295
2457,2020-07-16,2458,2459,2020-07-17,2020-07-20,0.005518395205020177,1.0,-0.007280704001733973,0.042264453745215924,0.40550658868248435,0.5020206555904805,outer_04,none,0.05,-1,row2457_entry2458_exit2459,True,5.0,0.000499875041651048,-0.005518395205020177,-0.006018270246671224,0.0,0.005018520163369129,-0.006018270246671224,-0.006018270246671224,0.005018520163369129
2458,2020-07-17,2459,2460,2020-07-20,2020-07-21,0.005449604767564509,1.0,0.007120467514438289,0.03796691304301891,0.31790176428593375,0.5020206555904805,outer_04,none,0.05,-1,row2458_entry2459_exit2460,True,5.0,0.000499875041651048,-0.005449604767564509,-0.005949479809215556,0.0,0.004949729725913461,-0.005949479809215556,0.004949729725913461,0.004949729725913461
2459,2020-07-20,2460,2461,2020-07-21,2020-07-22,0.012588752342864495,1.0,0.004152323792131263,0.03508994407688615,0.3569864218275809,0.5020206555904805,outer_04,none,0.05,-1,row2459_entry2460_exit2461,True,5.0,0.000499875041651048,-0.012588752342864495,-0.013088627384515543,0.0,0.012088877301213448,-0.013088627384515543,0.012088877301213448,0.012088877301213448
2460,2020-07-21,2461,2462,2020-07-22,2020-07-23,0.017777432420715833,1.0,0.01326723827305365,0.04131469974324453,0.3285218058958442,0.5020206555904805,outer_04,none,0.05,-1,row2460_entry2461_exit2462,True,5.0,0.000499875041651048,-0.017777432420715833,-0.01827730746236688,0.0,0.017277557379064785,-0.01827730746236688,0.017277557379064785,0.017277557379064785
2461,2020-07-22,2462,2463,2020-07-23,2020-07-24,0.008332451587266476,1.0,0.016021028426429496,0.06054980711637992,0.33293288659983733,0.5020206555904805,outer_04,none,0.05,-1,row2461_entry2462_exit2463,True,5.0,0.000499875041651048,-0.008332451587266476,-0.008832326628917524,0.0,0.007832576545615429,-0.008832326628917524,0.007832576545615429,0.007832576545615429
2462,2020-07-23,2463,2464,2020-07-24,2020-07-27,0.006850768693833054,1.0,0.007851652844889756,0.0670680923869682,0.33938376112147844,0.5020206555904805,outer_04,none,0.05,-1,row2462_entry2463_exit2464,True,5.0,0.000499875041651048,-0.006850768693833054,-0.007350643735484101,0.0,0.006350893652182006,-0.007350643735484101,0.006350893652182006,0.006350893652182006
2463,2020-07-24,2464,2465,2020-07-27,2020-07-28,0.021134871632526142,1.0,0.008269135723930177,0.07197483390942772,0.2993712133896093,0.5020206555904805,outer_04,none,0.05,-1,row2463_entry2464_exit2465,True,5.0,0.000499875041651048,-0.021134871632526142,-0.02163474667417719,0.0,0.020634996590875095,-0.02163474667417719,0.020634996590875095,0.020634996590875095
2464,2020-07-27,2465,2466,2020-07-28,2020-07-29,0.009668640193712719,1.0,0.02047128291259437,0.09073530071831115,0.27586332323694845,0.5020206555904805,outer_04,none,0.05,-1,row2464_entry2465_exit2466,True,5.0,0.000499875041651048,-0.009668640193712719,-0.010168515235363766,0.0,0.009168765152061671,-0.010168515235363766,0.009168765152061671,0.009168765152061671
2465,2020-07-28,2466,2467,2020-07-29,2020-07-30,0.004515414973982779,1.0,0.00873063351108172,0.09499664046865597,0.330774272387474,0.5020206555904805,outer_04,none,0.05,-1,row2465_entry2466_exit2467,True,5.0,0.000499875041651048,-0.004515414973982779,-0.005015290015633826,0.0,0.004015539932331731,-0.005015290015633826,0.004015539932331731,0.004015539932331731
2466,2020-07-29,2467,2468,2020-07-30,2020-07-31,-0.007915407018095344,0.0,0.006536370247807177,0.10756055277976717,0.27900907400014985,0.5020206555904805,outer_04,none,0.05,-1,row2466_entry2467_exit2468,True,5.0,0.000499875041651048,0.007915407018095344,0.0074155319764442965,0.0,-0.008415282059746391,0.0074155319764442965,-0.008415282059746391,-0.008415282059746391
2467,2020-07-30,2468,2469,2020-07-31,2020-08-03,0.014232170423868595,1.0,-0.0067611168979846425,0.09790506152527811,0.37453602165725863,0.5020206555904805,outer_04,none,0.05,-1,row2467_entry2468_exit2469,True,5.0,0.000499875041651048,-0.014232170423868595,-0.014732045465519643,0.0,0.013732295382217548,-0.014732045465519643,-0.014732045465519643,0.013732295382217548
2468,2020-07-31,2469,2470,2020-08-03,2020-08-04,-0.003115463943992758,0.0,0.008889941982713978,0.10683444157192667,0.2706538985629443,0.5020206555904805,outer_04,none,0.05,-1,row2468_entry2469_exit2470,True,5.0,0.000499875041651048,0.003115463943992758,0.00261558890234171,0.0,-0.0036153389856438058,0.00261558890234171,-0.0036153389856438058,-0.0036153389856438058
2469,2020-08-03,2470,2471,2020-08-04,2020-08-05,0.021923825174162914,1.0,0.00048595293287334584,0.10206631894792384,0.2958194362270591,0.5020206555904805,outer_04,none,0.05,-1,row2469_entry2470_exit2471,True,5.0,0.000499875041651048,-0.021923825174162914,-0.02242370021581396,0.0,0.021423950132511867,-0.02242370021581396,0.021423950132511867,0.021423950132511867
2470,2020-08-04,2471,2472,2020-08-05,2020-08-06,0.00940060647202312,1.0,0.021305045905123166,0.11758736784026702,0.22034379009601168,0.5020206555904805,outer_04,none,0.05,-1,row2470_entry2471_exit2472,True,5.0,0.000499875041651048,-0.00940060647202312,-0.009900481513674168,0.0,0.008900731430372073,-0.009900481513674168,0.008900731430372073,0.008900731430372073
2471,2020-08-05,2472,2473,2020-08-06,2020-08-07,0.012793496837087304,1.0,0.01007035021826752,0.1199697491339844,0.2303248292163523,0.5020206555904805,outer_04,none,0.05,-1,row2471_entry2472_exit2473,True,5.0,0.000499875041651048,-0.012793496837087304,-0.013293371878738351,0.0,0.012293621795436256,-0.013293371878738351,0.012293621795436256,0.012293621795436256
2472,2020-08-06,2473,2474,2020-08-07,2020-08-10,-0.01966414519622095,0.0,0.011842535550302458,0.1352076856039064,0.14732936451624656,0.5020206555904805,outer_04,none,0.05,-1,row2472_entry2473_exit2474,True,5.0,0.000499875041651048,0.01966414519622095,0.019164270154569903,0.0,-0.020164020237871998,0.019164270154569903,-0.020164020237871998,-0.020164020237871998
2473,2020-08-07,2474,2475,2020-08-10,2020-08-11,0.00016284434830371453,1.0,-0.0146960949789392,0.12259440979226621,0.17755744780817098,0.5020206555904805,outer_04,none,0.05,-1,row2473_entry2474_exit2475,True,5.0,0.000499875041651048,-0.00016284434830371453,-0.0006627193899547625,0.0,-0.0003370306933473334,-0.0006627193899547625,-0.0006627193899547625,-0.0003370306933473334
2474,2020-08-10,2475,2476,2020-08-11,2020-08-12,-0.056473654807740914,0.0,-0.0027285549685842625,0.11781077806259432,0.17960879911758162,0.5020206555904805,outer_04,none,0.05,-1,row2474_entry2475_exit2476,True,5.0,0.000499875041651048,0.056473654807740914,0.055973779766089866,0.0,-0.05697352984939196,0.055973779766089866,0.055973779766089866,-0.05697352984939196
2475,2020-08-11,2476,2477,2020-08-12,2020-08-13,0.0022737475507197402,1.0,-0.05840987218720173,0.055679208874027886,0.3259003853788576,0.5020206555904805,outer_04,none,0.05,-1,row2475_entry2476_exit2477,True,5.0,0.000499875041651048,-0.0022737475507197402,-0.002773622592370788,0.0,0.0017738725090686923,-0.002773622592370788,-0.002773622592370788,0.0017738725090686923
2476,2020-08-12,2477,2478,2020-08-13,2020-08-14,0.016357472515585947,1.0,0.003345907520479585,0.05848352432167214,0.23139833415875818,0.5020206555904805,outer_04,none,0.05,-1,row2476_entry2477_exit2478,True,5.0,0.000499875041651048,-0.016357472515585947,-0.016857347557236994,0.0,0.0158575974739349,-0.016857347557236994,0.0158575974739349,0.0158575974739349
2477,2020-08-13,2478,2479,2020-08-14,2020-08-17,-0.0033211110809965305,0.0,0.01790050430875656,0.08366473263216267,0.22132265256686895,0.5020206555904805,outer_04,none,0.05,-1,row2477_entry2478_exit2479,True,5.0,0.000499875041651048,0.0033211110809965305,0.0028212360393454826,0.0,-0.0038209861226475785,0.0028212360393454826,-0.0038209861226475785,-0.0038209861226475785
2478,2020-08-14,2479,2480,2020-08-17,2020-08-18,0.019480871050831183,1.0,-0.0051678110294295365,0.07137645408829485,0.276109485325378,0.5020206555904805,outer_04,none,0.05,-1,row2478_entry2479_exit2480,True,5.0,0.000499875041651048,-0.019480871050831183,-0.01998074609248223,0.0,0.018980996009180136,-0.01998074609248223,-0.01998074609248223,0.018980996009180136
2479,2020-08-17,2480,2481,2020-08-18,2020-08-19,0.010997360269458412,1.0,0.02080523109451793,0.08802936139068152,0.13854927670298464,0.5020206555904805,outer_04,none,0.05,-1,row2479_entry2480_exit2481,True,5.0,0.000499875041651048,-0.010997360269458412,-0.011497235311109459,0.0,0.010497485227807364,-0.011497235311109459,0.010497485227807364,0.010497485227807364
2480,2020-08-18,2481,2482,2020-08-19,2020-08-20,-0.037386677109283895,0.0,0.008924845715187146,0.08368696883281501,0.10859683217923728,0.5020206555904805,outer_04,none,0.05,-1,row2480_entry2481_exit2482,True,5.0,0.000499875041651048,0.037386677109283895,0.03688680206763285,0.0,-0.03788655215093494,0.03688680206763285,-0.03788655215093494,-0.03788655215093494
2481,2020-08-19,2482,2483,2020-08-20,2020-08-21,0.008537014421655442,1.0,-0.037949732876040976,0.02971620753034454,0.3443084734022545,0.5020206555904805,outer_04,none,0.05,-1,row2481_entry2482_exit2483,True,5.0,0.000499875041651048,-0.008537014421655442,-0.00903688946330649,0.0,0.008037139380004395,-0.00903688946330649,-0.00903688946330649,0.008037139380004395
2482,2020-08-20,2483,2484,2020-08-21,2020-08-24,-0.005863941822989993,0.0,0.009556506543344057,0.03142106122879884,0.19397863191504863,0.5020206555904805,outer_04,none,0.05,-1,row2482_entry2483_exit2484,True,5.0,0.000499875041651048,0.005863941822989993,0.005364066781338946,0.0,-0.006363816864641041,0.005364066781338946,-0.006363816864641041,-0.006363816864641041
2483,2020-08-21,2484,2485,2020-08-24,2020-08-25,-0.0032841771113725216,0.0,-0.003701277020579319,0.019450648484289346,0.4162500443103909,0.5020206555904805,outer_04,none,0.05,-1,row2483_entry2484_exit2485,True,5.0,0.000499875041651048,0.0032841771113725216,0.0027843020697214736,0.0,-0.0037840521530235695,0.0027843020697214736,0.0027843020697214736,-0.0037840521530235695
2484,2020-08-24,2485,2486,2020-08-25,2020-08-26,-0.0010677393450055916,0.0,-0.0054817894088818875,-0.00650242383718691,0.405521883016954,0.5020206555904805,outer_04,none,0.05,-1,row2484_entry2485_exit2486,True,5.0,0.000499875041651048,0.0010677393450055916,0.0005678643033545437,0.0,-0.0015676143866566396,0.0005678643033545437,0.0005678643033545437,0.0005678643033545437
2485,2020-08-25,2486,2487,2020-08-26,2020-08-27,0.012185089684967565,1.0,-0.0007833474234955062,-0.016016404771764137,0.33886555396679285,0.5020206555904805,outer_04,none,0.05,-1,row2485_entry2486_exit2487,True,5.0,0.000499875041651048,-0.012185089684967565,-0.012684964726618612,0.0,0.011685214643316517,-0.012684964726618612,-0.012684964726618612,-0.012684964726618612
2486,2020-08-26,2487,2488,2020-08-27,2020-08-28,-0.01130386337569167,0.0,0.013541409133348559,-0.009011365886222755,0.2656719874412661,0.5020206555904805,outer_04,none,0.05,-1,row2486_entry2487_exit2488,True,5.0,0.000499875041651048,0.01130386337569167,0.010803988334040622,0.0,-0.011803738417342717,0.010803988334040622,-0.011803738417342717,0.010803988334040622
2487,2020-08-27,2488,2489,2020-08-28,2020-08-31,0.02005170989740268,1.0,-0.01278917639339383,-0.015039425381631943,0.33117142800712507,0.5020206555904805,outer_04,none,0.05,-1,row2487_entry2488_exit2489,True,5.0,0.000499875041651048,-0.02005170989740268,-0.02055158493905373,0.0,0.019551834855751633,-0.02055158493905373,-0.02055158493905373,-0.02055158493905373
2488,2020-08-28,2489,2490,2020-08-31,2020-09-01,-0.0003657217203274499,0.0,0.01850715351928134,-0.005422213845064583,0.20666706203948365,0.5020206555904805,outer_04,none,0.05,-1,row2488_entry2489_exit2490,True,5.0,0.000499875041651048,0.0003657217203274499,-0.00013415332132359807,0.0,-0.0008655967619784978,-0.00013415332132359807,-0.0008655967619784978,-0.00013415332132359807
2489,2020-08-31,2490,2491,2020-09-01,2020-09-02,-7.112809156151201e-05,0.0,0.0019732699610406357,-0.003934896816897293,0.33851845934452807,0.5020206555904805,outer_04,none,0.05,-1,row2489_entry2490_exit2491,True,5.0,0.000499875041651048,7.112809156151201e-05,-0.00042874695008953594,0.0,-0.00057100313321256,-0.00042874695008953594,-0.00057100313321256,-0.00042874695008953594
2490,2020-09-01,2491,2492,2020-09-02,2020-09-03,-0.013400981067851703,0.0,0.0012237075799985675,-0.02401623514202189,0.34456570091783956,0.5020206555904805,outer_04,none,0.05,-1,row2490_entry2491_exit2492,True,5.0,0.000499875041651048,0.013400981067851703,0.012901106026200655,0.0,-0.01390085610950275,0.012901106026200655,-0.01390085610950275,0.012901106026200655
2491,2020-09-02,2492,2493,2020-09-03,2020-09-04,-0.005540523662612706,0.0,-0.014078945589235836,-0.04816553094952525,0.4187009243290208,0.5020206555904805,outer_04,none,0.05,-1,row2491_entry2492_exit2493,True,5.0,0.000499875041651048,0.005540523662612706,0.005040648620961659,0.0,-0.006040398704263754,0.005040648620961659,0.005040648620961659,0.005040648620961659
2492,2020-09-03,2493,2494,2020-09-04,2020-09-07,0.00040897149417506995,1.0,-0.0065212066299862315,-0.06652927312981394,0.3709973983691743,0.5020206555904805,outer_04,none,0.05,-1,row2492_entry2493_exit2494,True,5.0,0.000499875041651048,-0.00040897149417506995,-0.0009088465358261179,0.0,-9.0903547475978e-05,-0.0009088465358261179,-0.0009088465358261179,-0.0009088465358261179
2493,2020-09-04,2494,2495,2020-09-07,2020-09-08,-0.001310334478104025,0.0,0.0013666225331609994,-0.05046655561771374,0.3232620930107816,0.5020206555904805,outer_04,none,0.05,-1,row2493_entry2494_exit2495,True,5.0,0.000499875041651048,0.001310334478104025,0.000810459436452977,0.0,-0.0018102095197550729,0.000810459436452977,-0.0018102095197550729,0.000810459436452977
2494,2020-09-07,2495,2496,2020-09-08,2020-09-09,0.0010618654086371748,1.0,-0.00248615907908345,-0.050224159728212925,0.3371017642138662,0.5020206555904805,outer_04,none,0.05,-1,row2494_entry2495_exit2496,True,5.0,0.000499875041651048,-0.0010618654086371748,-0.0015617404502882228,0.0,0.0005619903669861269,-0.0015617404502882228,-0.0015617404502882228,-0.0015617404502882228
2495,2020-09-08,2496,2497,2020-09-09,2020-09-10,0.00758663631783385,1.0,0.0016684806191999968,0.0098541930781888,0.340502976392715,0.5020206555904805,outer_04,none,0.05,-1,row2495_entry2496_exit2497,True,5.0,0.000499875041651048,-0.00758663631783385,-0.008086511359484898,0.0,0.007086761276182803,-0.008086511359484898,0.007086761276182803,0.007086761276182803
2496,2020-09-09,2497,2498,2020-09-10,2020-09-11,1.0275855337305018e-05,1.0,0.008177663854145756,0.01468594941185497,0.31015556540363426,0.5020206555904805,outer_04,none,0.05,-1,row2496_entry2497_exit2498,True,5.0,0.000499875041651048,-1.0275855337305018e-05,-0.000510150896988353,0.0,-0.0004895991863137429,-0.000510150896988353,-0.0004895991863137429,-0.0004895991863137429
2497,2020-09-10,2498,2499,2020-09-11,2020-09-14,-0.004418064579996717,0.0,-0.0006986217915105897,-0.003913176688412179,0.342501325452704,0.5020206555904805,outer_04,none,0.05,-1,row2497_entry2498_exit2499,True,5.0,0.000499875041651048,0.004418064579996717,0.003918189538345669,0.0,-0.004917939621647764,0.003918189538345669,0.003918189538345669,0.003918189538345669
2498,2020-09-11,2499,2500,2020-09-14,2020-09-15,0.01023775313656472,1.0,-0.002845757345049549,-0.001591123004032191,0.29820836355193187,0.5020206555904805,outer_04,none,0.05,-1,row2498_entry2499_exit2500,True,5.0,0.000499875041651048,-0.01023775313656472,-0.010737628178215768,0.0,0.009737878094913673,-0.010737628178215768,-0.010737628178215768,-0.010737628178215768
2499,2020-09-14,2500,2501,2020-09-15,2020-09-16,-0.0016154596836681634,0.0,0.008232019800179735,-0.014164334298370385,0.2992422706200825,0.5020206555904805,outer_04,none,0.05,-1,row2499_entry2500_exit2501,True,5.0,0.000499875041651048,0.0016154596836681634,0.0011155846420171154,0.0,-0.0021153347253192113,0.0011155846420171154,-0.0021153347253192113,0.0011155846420171154
2500,2020-09-15,2501,2502,2020-09-16,2020-09-17,0.0025293895176519143,1.0,-0.0016266570676153336,-0.024715837081172864,0.3882799013929251,0.5020206555904805,outer_04,none,0.05,-1,row2500_entry2501_exit2502,True,5.0,0.000499875041651048,-0.0025293895176519143,-0.0030292645593029623,0.0,0.0020295144760008664,-0.0030292645593029623,-0.0030292645593029623,-0.0030292645593029623
2501,2020-09-16,2502,2503,2020-09-17,2020-09-18,-0.007705153518052121,0.0,0.0029699778252325615,0.016203873620100673,0.4117123449998489,0.5020206555904805,outer_04,none,0.05,-1,row2501_entry2502_exit2503,True,5.0,0.000499875041651048,0.007705153518052121,0.007205278476401074,0.0,-0.008205028559703169,0.007205278476401074,-0.008205028559703169,-0.008205028559703169
2502,2020-09-17,2503,2504,2020-09-18,2020-09-21,0.0027322842342414333,1.0,-0.007660124304671001,-0.0010127572279143848,0.37091100927164183,0.5020206555904805,outer_04,none,0.05,-1,row2502_entry2503_exit2504,True,5.0,0.000499875041651048,-0.0027322842342414333,-0.0032321592758924812,0.0,0.0022324091925903853,-0.0032321592758924812,-0.0032321592758924812,-0.0032321592758924812
2503,2020-09-18,2504,2505,2020-09-21,2020-09-22,-0.018328243520048915,0.0,0.003194152594272026,0.00588267238693696,0.363207207819187,0.5020206555904805,outer_04,none,0.05,-1,row2503_entry2504_exit2505,True,5.0,0.000499875041651048,0.018328243520048915,0.017828368478397867,0.0,-0.018828118561699962,0.017828368478397867,-0.018828118561699962,-0.018828118561699962
2504,2020-09-21,2505,2506,2020-09-22,2020-09-23,-0.007192766975970599,0.0,-0.019936761249438106,-0.008572299453619259,0.4032103816131553,0.5020206555904805,outer_04,none,0.05,-1,row2504_entry2505_exit2506,True,5.0,0.000499875041651048,0.007192766975970599,0.006692891934319552,0.0,-0.007692642017621647,0.006692891934319552,0.006692891934319552,0.006692891934319552
2505,2020-09-22,2506,2507,2020-09-23,2020-09-24,-0.0194768919267716,0.0,-0.006075155218020711,-0.013864107248144464,0.4179983404877368,0.5020206555904805,outer_04,none,0.05,-1,row2505_entry2506_exit2507,True,5.0,0.000499875041651048,0.0194768919267716,0.018977016885120553,0.0,-0.019976766968422648,0.018977016885120553,0.018977016885120553,0.018977016885120553
2506,2020-09-23,2507,2508,2020-09-24,2020-09-25,0.0031121718439468538,1.0,-0.019984295501280336,-0.04738981188277336,0.4541769049545342,0.5020206555904805,outer_04,none,0.05,0,,False,5.0,0.0,0.0,0.0,0.0,0.0,0.0,0.0,0.0
2507,2020-09-24,2508,2509,2020-09-25,2020-09-28,-0.003681015336099769,0.0,0.0031730744316220694,-0.03142756105775746,0.4043491592253642,0.5020206555904805,outer_04,none,0.05,-1,row2507_entry2508_exit2509,True,5.0,0.000499875041651048,0.003681015336099769,0.003181140294448721,0.0,-0.004180890377750816,0.003181140294448721,-0.004180890377750816,0.003181140294448721
2508,2020-09-25,2509,2510,2020-09-28,2020-09-29,0.00979672057277714,1.0,-0.004569842752228048,-0.054504557329266845,0.49869428289973017,0.5020206555904805,outer_04,none,0.05,0,,False,5.0,0.0,0.0,0.0,0.0,0.0,0.0,0.0,0.0
2509,2020-09-28,2510,2511,2020-09-29,2020-09-30,0.00870622314080105,1.0,0.011598267898880188,-0.04487955939142729,0.35519736603271207,0.5020206555904805,outer_04,none,0.05,-1,row2509_entry2510_exit2511,True,5.0,0.000499875041651048,-0.00870622314080105,-0.009206098182452098,0.0,0.008206348099150003,-0.009206098182452098,0.008206348099150003,-0.009206098182452098
2510,2020-09-29,2511,2512,2020-09-30,2020-10-01,-0.005479523671930053,0.0,0.00827666843900765,-0.03782659853241821,0.35736771268144407,0.5020206555904805,outer_04,none,0.05,-1,row2510_entry2511_exit2512,True,5.0,0.000499875041651048,0.005479523671930053,0.004979648630279006,0.0,-0.005979398713581101,0.004979648630279006,-0.005979398713581101,0.004979648630279006
2511,2020-09-30,2512,2513,2020-10-01,2020-10-02,0.009177182793335348,1.0,-0.006476860675889817,-0.03022451361907219,0.43606733852630636,0.5020206555904805,outer_04,none,0.05,-1,row2511_entry2512_exit2513,True,5.0,0.000499875041651048,-0.009177182793335348,-0.009677057834986395,0.0,0.0086773077516843,-0.009677057834986395,-0.009677057834986395,-0.009677057834986395
2512,2020-10-01,2513,2514,2020-10-02,2020-10-05,-0.0006564798735837485,0.0,0.010925495826461962,-0.012777811162623998,0.43019457755385115,0.5020206555904805,outer_04,none,0.05,-1,row2512_entry2513_exit2514,True,5.0,0.000499875041651048,0.0006564798735837485,0.00015660483193270054,0.0,-0.0011563549152347964,0.00015660483193270054,-0.0011563549152347964,0.00015660483193270054
2513,2020-10-02,2514,2515,2020-10-05,2020-10-06,0.0044503576333552175,1.0,-0.002816222451246908,-0.016960656147031905,0.5174582805961356,0.5020206555904805,outer_04,none,0.05,0,,False,5.0,0.0,0.0,0.0,0.0,0.0,0.0,0.0,0.0
2514,2020-10-05,2515,2516,2020-10-06,2020-10-07,-0.01798541292733713,0.0,0.006853310448395433,-0.007621186619553022,0.4826935051190216,0.5020206555904805,outer_04,none,0.05,0,,False,5.0,0.0,-0.0,-0.0,0.0,-0.0,-0.0,-0.0,-0.0
2515,2020-10-06,2516,2517,2020-10-07,2020-10-08,0.004987859430624297,1.0,-0.019039351659694503,-0.028329018898447522,0.6205187674806167,0.5020206555904805,outer_04,none,0.05,1,row2515_entry2516_exit2517,True,5.0,0.000499875041651048,0.004987859430624297,0.00448798438897325,0.0,0.00448798438897325,-0.005487734472275345,-0.005487734472275345,-0.005487734472275345
2516,2020-10-07,2517,2518,2020-10-08,2020-10-09,0.0035226948520064028,1.0,0.005454959760696987,-0.03105172299189629,0.5384675103742189,0.5020206555904805,outer_04,none,0.05,0,,False,5.0,0.0,0.0,0.0,0.0,0.0,0.0,0.0,0.0
2517,2020-10-08,2518,2519,2020-10-09,2020-10-12,0.017253268989767534,1.0,0.00299894706334225,-0.02735415413704345,0.5648460602123683,0.5020206555904805,outer_04,none,0.05,1,row2517_entry2518_exit2519,True,5.0,0.000499875041651048,0.017253268989767534,0.016753393948116486,0.0,0.016753393948116486,-0.01775314403141858,0.016753393948116486,-0.01775314403141858
2518,2020-10-09,2519,2520,2020-10-12,2020-10-13,-0.001563324017291201,0.0,0.019025674775509316,-0.005482722016484587,0.40767954895224306,0.5020206555904805,outer_04,none,0.05,-1,row2518_entry2519_exit2520,True,5.0,0.000499875041651048,0.001563324017291201,0.0010634489756401531,0.0,-0.002063199058942249,0.0010634489756401531,-0.002063199058942249,0.0010634489756401531
2519,2020-10-12,2520,2521,2020-10-13,2020-10-14,-0.016207521458595053,0.0,-0.0037586027376219633,-0.017473344554286285,0.5386131455147938,0.5020206555904805,outer_04,none,0.05,0,,False,5.0,0.0,-0.0,-0.0,0.0,-0.0,-0.0,-0.0,-0.0
2520,2020-10-13,2521,2522,2020-10-14,2020-10-15,0.004527625411658853,1.0,-0.016551233955324207,-0.03239792144199516,0.5348633389971393,0.5020206555904805,outer_04,none,0.05,0,,False,5.0,0.0,0.0,0.0,0.0,0.0,0.0,0.0,0.0
2521,2020-10-14,2522,2523,2020-10-15,2020-10-16,0.003779254317087144,1.0,0.004968941217830647,-0.030398958049397073,0.4523107739288934,0.5020206555904805,outer_04,none,0.05,0,,False,5.0,0.0,0.0,0.0,0.0,0.0,0.0,0.0,0.0
2522,2020-10-15,2523,2524,2020-10-16,2020-10-19,-0.004742095562139781,0.0,0.0039018957657814823,-0.01883693797894459,0.5008293836938135,0.5020206555904805,outer_04,none,0.05,0,,False,5.0,0.0,-0.0,-0.0,0.0,-0.0,-0.0,-0.0,-0.0
2523,2020-10-16,2524,2525,2020-10-19,2020-10-20,0.0019930538963528477,1.0,-0.004812601889132573,-0.02684369246234919,0.5491395181924718,0.5020206555904805,outer_04,none,0.05,0,,False,5.0,0.0,0.0,0.0,0.0,0.0,0.0,0.0,0.0
2524,2020-10-19,2525,2526,2020-10-20,2020-10-21,0.003482240961243832,1.0,0.002461733924281617,-0.0044451972886294655,0.45361304325532914,0.5020206555904805,outer_04,none,0.05,0,,False,5.0,0.0,0.0,0.0,0.0,0.0,0.0,0.0,0.0
2525,2020-10-20,2526,2527,2020-10-21,2020-10-22,0.007567595225340895,1.0,0.002146435983638284,0.00377639391302953,0.41946958874480367,0.5020206555904805,outer_04,none,0.05,-1,row2525_entry2526_exit2527,True,5.0,0.000499875041651048,-0.007567595225340895,-0.008067470266991943,0.0,0.007067720183689848,-0.008067470266991943,0.007067720183689848,0.007067720183689848
2526,2020-10-21,2527,2528,2020-10-22,2020-10-23,-0.010361866955262755,0.0,0.008908942495488681,0.03266963190979855,0.40866710612946816,0.5020206555904805,outer_04,none,0.05,-1,row2526_entry2527_exit2528,True,5.0,0.000499875041651048,0.010361866955262755,0.009861991913611708,0.0,-0.010861741996913803,0.009861991913611708,-0.010861741996913803,-0.010861741996913803
2527,2020-10-22,2528,2529,2020-10-23,2020-10-26,-0.0018075871013172318,0.0,-0.0109345519202515,0.018562005557924977,0.559446227649739,0.5020206555904805,outer_04,none,0.05,1,row2527_entry2528_exit2529,True,5.0,0.000499875041651048,-0.0018075871013172318,-0.0023074621429682797,0.0,-0.0023074621429682797,0.0013077120596661838,0.0013077120596661838,-0.0023074621429682797
2528,2020-10-23,2529,2530,2020-10-26,2020-10-27,0.0003628303965470536,1.0,-0.0011878858083154142,0.02194396250183761,0.4858841731100534,0.5020206555904805,outer_04,none,0.05,0,,False,5.0,0.0,0.0,0.0,0.0,0.0,0.0,0.0,0.0
2529,2020-10-26,2530,2531,2020-10-27,2020-10-28,0.0029870278206383105,1.0,0.00014198980326796118,0.010487684406225384,0.4364799898597445,0.5020206555904805,outer_04,none,0.05,-1,row2529_entry2530_exit2531,True,5.0,0.000499875041651048,-0.0029870278206383105,-0.0034869028622893585,0.0,0.0024871527789872626,-0.0034869028622893585,0.0024871527789872626,0.0024871527789872626
2530,2020-10-27,2531,2532,2020-10-28,2020-10-29,-0.015876913570976647,0.0,0.002977138110192179,0.005188154077409912,0.4536447523920394,0.5020206555904805,outer_04,none,0.05,0,,False,5.0,0.0,-0.0,-0.0,0.0,-0.0,-0.0,-0.0,-0.0
2531,2020-10-28,2532,2533,2020-10-29,2020-10-30,-0.004590592026633367,0.0,-0.01614131700393351,-0.004476302250633779,0.4575213798814437,0.5020206555904805,outer_04,none,0.05,0,,False,5.0,0.0,-0.0,-0.0,0.0,-0.0,-0.0,-0.0,-0.0
2532,2020-10-29,2533,2534,2020-10-30,2020-11-02,0.005426371972382604,1.0,-0.00518174624679002,-0.02058354432388576,0.40829493710172454,0.5020206555904805,outer_04,none,0.05,-1,row2532_entry2533_exit2534,True,5.0,0.000499875041651048,-0.005426371972382604,-0.005926247014033652,0.0,0.004926496930731557,-0.005926247014033652,-0.005926247014033652,-0.005926247014033652
2533,2020-10-30,2534,2535,2020-11-02,2020-11-03,0.008309049399641388,1.0,0.006012598610586117,-0.011754723262052735,0.3708510164591954,0.5020206555904805,outer_04,none,0.05,-1,row2533_entry2534_exit2535,True,5.0,0.000499875041651048,-0.008309049399641388,-0.008808924441292436,0.0,0.007809174357990341,-0.008808924441292436,0.007809174357990341,-0.008808924441292436
2534,2020-11-02,2535,2536,2020-11-03,2020-11-04,0.007476139676322546,1.0,0.008846120817360692,-0.009761912893087477,0.39844661785186686,0.5020206555904805,outer_04,none,0.05,-1,row2534_entry2535_exit2536,True,5.0,0.000499875041651048,-0.007476139676322546,-0.007976014717973594,0.0,0.006976264634671499,-0.007976014717973594,0.006976264634671499,-0.007976014717973594
2535,2020-11-03,2536,2537,2020-11-04,2020-11-05,-0.0031214040698799295,0.0,0.00729761387929706,0.016575052645904087,0.46301570975414863,0.5020206555904805,outer_04,none,0.05,0,,False,5.0,0.0,-0.0,-0.0,0.0,-0.0,-0.0,-0.0,-0.0
2536,2020-11-04,2537,2538,2020-11-05,2020-11-06,0.022377807730664223,1.0,-0.0029746546916085137,0.008145438193598586,0.37173437196336706,0.5020206555904805,outer_04,none,0.05,-1,row2536_entry2537_exit2538,True,5.0,0.000499875041651048,-0.022377807730664223,-0.02287768277231527,0.0,0.021877932689013176,-0.02287768277231527,-0.02287768277231527,0.021877932689013176
2537,2020-11-05,2538,2539,2020-11-06,2020-11-09,0.005579665401747924,1.0,0.02383018144919191,0.028976672579448248,0.4073929359202085,0.5020206555904805,outer_04,none,0.05,-1,row2537_entry2538_exit2539,True,5.0,0.000499875041651048,-0.005579665401747924,-0.006079540443398972,0.0,0.005079790360096877,-0.006079540443398972,0.005079790360096877,0.005079790360096877
2538,2020-11-06,2539,2540,2020-11-09,2020-11-10,-0.05040680453608992,0.0,0.0013535062487042282,0.01130450405264316,0.488087111223555,0.5020206555904805,outer_04,none,0.05,0,,False,5.0,0.0,-0.0,-0.0,0.0,-0.0,-0.0,-0.0,-0.0
2539,2020-11-09,2540,2541,2020-11-10,2020-11-11,0.0077934289815617674,1.0,-0.0464992780780662,-0.031436171287801074,0.4507491325567124,0.5020206555904805,outer_04,none,0.05,0,,False,5.0,0.0,0.0,0.0,0.0,0.0,0.0,0.0,0.0
2540,2020-11-10,2541,2542,2020-11-11,2020-11-12,-0.004686978323309887,0.0,0.00762464528137663,-0.007260292051100237,0.372246952712044,0.5020206555904805,outer_04,none,0.05,-1,row2540_entry2541_exit2542,True,5.0,0.000499875041651048,0.004686978323309887,0.00418710328165884,0.0,-0.005186853364960935,0.00418710328165884,-0.005186853364960935,0.00418710328165884
2541,2020-11-11,2542,2543,2020-11-12,2020-11-13,0.005534379543858492,1.0,-0.006353400712099777,-0.01858263398103066,0.5649168419137229,0.5020206555904805,outer_04,none,0.05,1,row2541_entry2542_exit2543,True,5.0,0.000499875041651048,0.005534379543858492,0.0050345045022074444,0.0,0.0050345045022074444,-0.0060342545855095395,-0.0060342545855095395,-0.0060342545855095395
2542,2020-11-12,2543,2544,2020-11-13,2020-11-16,0.005721115947212141,1.0,0.00599113012397634,-0.016493399622835803,0.538551720498991,0.5020206555904805,outer_04,none,0.05,0,,False,5.0,0.0,0.0,0.0,0.0,0.0,0.0,0.0,0.0
2543,2020-11-13,2544,2545,2020-11-16,2020-11-17,0.0008524404932996887,1.0,0.006675560306755202,-0.005005237426948028,0.4783662390966139,0.5020206555904805,outer_04,none,0.05,0,,False,5.0,0.0,0.0,0.0,0.0,0.0,0.0,0.0,0.0
2544,2020-11-16,2545,2546,2020-11-17,2020-11-18,-0.004211023814602477,0.0,-0.000328221202860135,-0.00779519255408978,0.42798392411835107,0.5020206555904805,outer_04,none,0.05,-1,row2544_entry2545_exit2546,True,5.0,0.000499875041651048,0.004211023814602477,0.003711148772951429,0.0,-0.0047108988562535245,0.003711148772951429,0.003711148772951429,0.003711148772951429
2545,2020-11-17,2546,2547,2020-11-18,2020-11-19,-0.004116755339457434,0.0,-0.004494747341905914,-0.014436375879633978,0.4477952208977432,0.5020206555904805,outer_04,none,0.05,-1,row2545_entry2546_exit2547,True,5.0,0.000499875041651048,0.004116755339457434,0.003616880297806386,0.0,-0.004616630381108482,0.003616880297806386,0.003616880297806386,0.003616880297806386
2546,2020-11-18,2547,2548,2020-11-19,2020-11-20,-0.00669317869393371,0.0,-0.004381483279077614,-0.027726801654200273,0.524837940013934,0.5020206555904805,outer_04,none,0.05,0,,False,5.0,0.0,-0.0,-0.0,0.0,-0.0,-0.0,-0.0,-0.0
2547,2020-11-19,2548,2549,2020-11-20,2020-11-23,0.005106932236814465,1.0,-0.0027441903810698776,-0.01953644011501865,0.574889135811282,0.5020206555904805,outer_04,none,0.05,1,row2547_entry2548_exit2549,True,5.0,0.000499875041651048,0.005106932236814465,0.004607057195163418,0.0,0.004607057195163418,-0.005606807278465513,-0.005606807278465513,-0.005606807278465513
2548,2020-11-20,2549,2550,2020-11-23,2020-11-24,-0.017350295327957177,0.0,0.0021724366043427423,-0.016176117702360493,0.5023416905660348,0.5020206555904805,outer_04,none,0.05,0,,False,5.0,0.0,-0.0,-0.0,0.0,-0.0,-0.0,-0.0,-0.0
2549,2020-11-23,2550,2551,2020-11-24,2020-11-25,-0.01701473167983103,0.0,-0.01801908859606094,-0.03433719610168939,0.5580259347995169,0.5020206555904805,outer_04,none,0.05,1,row2549_entry2550_exit2551,True,5.0,0.000499875041651048,-0.01701473167983103,-0.017514606721482077,0.0,-0.017514606721482077,0.016514856638179982,0.016514856638179982,0.016514856638179982
2550,2020-11-24,2551,2552,2020-11-25,2020-11-26,0.0007465431254161103,1.0,-0.016339659038450804,-0.05365399325033238,0.518207795141681,0.5020206555904805,outer_04,none,0.05,0,,False,5.0,0.0,0.0,0.0,0.0,0.0,0.0,0.0,0.0
2551,2020-11-25,2552,2553,2020-11-26,2020-11-27,0.0006796988587991493,1.0,-0.0003541017747616948,-0.03786677802116056,0.508336029547862,0.5020206555904805,outer_04,none,0.05,0,,False,5.0,0.0,0.0,0.0,0.0,0.0,0.0,0.0,0.0
2552,2020-11-26,2553,2554,2020-11-27,2020-11-30,-0.011629362494858242,0.0,0.0017305873109707548,-0.03095444446339979,0.6004653205130956,0.5020206555904805,outer_04,none,0.05,1,row2552_entry2553_exit2554,True,5.0,0.000499875041651048,-0.011629362494858242,-0.01212923753650929,0.0,-0.01212923753650929,0.011129487453207194,-0.01212923753650929,0.011129487453207194
2553,2020-11-27,2554,2555,2020-11-30,2020-12-01,-0.0069204040338348705,0.0,-0.013033412554761092,-0.050000455628747,0.6866861612688622,0.5020206555904805,outer_04,none,0.05,1,row2553_entry2554_exit2555,True,5.0,0.000499875041651048,-0.0069204040338348705,-0.007420279075485918,0.0,-0.007420279075485918,0.006420528992183823,0.006420528992183823,0.006420528992183823
2554,2020-11-30,2555,2556,2020-12-01,2020-12-02,0.020056717832442672,1.0,-0.0051172819558908955,-0.06396385840199859,0.5894511918158177,0.5020206555904805,outer_04,none,0.05,1,row2554_entry2555_exit2556,True,5.0,0.000499875041651048,0.020056717832442672,0.019556842790791625,0.0,0.019556842790791625,-0.02055659287409372,-0.02055659287409372,-0.02055659287409372
2555,2020-12-01,2556,2557,2020-12-02,2020-12-03,0.008999794432298813,1.0,0.021030204005212383,-0.05023126827608326,0.46172268163286195,0.5020206555904805,outer_04,none,0.05,0,,False,5.0,0.0,0.0,0.0,0.0,0.0,0.0,0.0,0.0
2556,2020-12-02,2557,2558,2020-12-03,2020-12-04,0.006494803032288665,1.0,0.008392486192533077,-0.03886412739194167,0.6299637354898021,0.5020206555904805,outer_04,none,0.05,1,row2556_entry2557_exit2558,True,5.0,0.000499875041651048,0.006494803032288665,0.005994927990637618,0.0,0.005994927990637618,-0.006994678073939713,0.005994927990637618,-0.006994678073939713
2557,2020-12-03,2558,2559,2020-12-04,2020-12-07,-0.00240338982616084,0.0,0.0055887064328503655,-0.05710560240828322,0.6072853313498048,0.5020206555904805,outer_04,none,0.05,1,row2557_entry2558_exit2559,True,5.0,0.000499875041651048,-0.00240338982616084,-0.002903264867811888,0.0,-0.002903264867811888,0.001903514784509792,-0.002903264867811888,0.001903514784509792
2558,2020-12-04,2559,2560,2020-12-07,2020-12-08,0.014082189158950875,1.0,-0.0012936260833598112,-0.05975273474034726,0.5602745800175629,0.5020206555904805,outer_04,none,0.05,1,row2558_entry2559_exit2560,True,5.0,0.000499875041651048,0.014082189158950875,0.013582314117299828,0.0,0.013582314117299828,-0.014582064200601923,-0.014582064200601923,-0.014582064200601923
2559,2020-12-07,2560,2561,2020-12-08,2020-12-09,0.0034509955851742546,1.0,0.013237354596653539,-1.6102065627521256e-05,0.47514114229992516,0.5020206555904805,outer_04,none,0.05,0,,False,5.0,0.0,0.0,0.0,0.0,0.0,0.0,0.0,0.0
2560,2020-12-08,2561,2562,2020-12-09,2020-12-10,-0.01664619433131076,0.0,0.004140415617310822,-0.003500331729693329,0.5497035849446268,0.5020206555904805,outer_04,none,0.05,0,,False,5.0,0.0,-0.0,-0.0,0.0,-0.0,-0.0,-0.0,-0.0
2561,2020-12-09,2562,2563,2020-12-10,2020-12-11,-0.00079444545359042,0.0,-0.016937314634400735,-0.014084245651994287,0.636385422615368,0.5020206555904805,outer_04,none,0.05,1,row2561_entry2562_exit2563,True,5.0,0.000499875041651048,-0.00079444545359042,-0.001294320495241468,0.0,-0.001294320495241468,0.000294570411939372,0.000294570411939372,0.000294570411939372
2562,2020-12-10,2563,2564,2020-12-11,2020-12-14,2.1774039901778508e-05,1.0,-0.0018773625584858067,-0.021952738334456434,0.5592677659584326,0.5020206555904805,outer_04,none,0.05,1,row2562_entry2563_exit2564,True,5.0,0.000499875041651048,2.1774039901778508e-05,-0.00047810100174926944,0.0,-0.00047810100174926944,-0.0005216490815528265,-0.0005216490815528265,-0.0005216490815528265
2563,2020-12-11,2564,2565,2020-12-14,2020-12-15,-0.004730643638503729,0.0,0.002149151912538727,-0.02647914672867291,0.5633521694408707,0.5020206555904805,outer_04,none,0.05,1,row2563_entry2564_exit2565,True,5.0,0.000499875041651048,-0.004730643638503729,-0.005230518680154776,0.0,-0.005230518680154776,0.004230768596852681,-0.005230518680154776,0.004230768596852681
2564,2020-12-14,2565,2566,2020-12-15,2020-12-16,0.013839472654368912,1.0,-0.006592657468829088,-0.03274358299464186,0.6004964863934446,0.5020206555904805,outer_04,none,0.05,1,row2564_entry2565_exit2566,True,5.0,0.000499875041651048,0.013839472654368912,0.013339597612717864,0.0,0.013339597612717864,-0.01433934769601996,-0.01433934769601996,-0.01433934769601996
2565,2020-12-15,2566,2567,2020-12-16,2020-12-17,0.005154234591735474,1.0,0.014043457861122377,-0.014205377791613572,0.45162461996123954,0.5020206555904805,outer_04,none,0.05,0,,False,5.0,0.0,0.0,0.0,0.0,0.0,0.0,0.0,0.0
2566,2020-12-16,2567,2568,2020-12-17,2020-12-18,0.011338988189037558,1.0,0.0055894468131238995,-0.004234447699412058,0.46441272603308376,0.5020206555904805,outer_04,none,0.05,0,,False,5.0,0.0,0.0,0.0,0.0,0.0,0.0,0.0,0.0
2567,2020-12-17,2568,2569,2020-12-18,2020-12-21,-0.0011679701477982363,0.0,0.011722488307550627,0.010232230989208446,0.4275802457320979,0.5020206555904805,outer_04,none,0.05,-1,row2567_entry2568_exit2569,True,5.0,0.000499875041651048,0.0011679701477982363,0.0006680951061471883,0.0,-0.0016678451894492842,0.0006680951061471883,-0.0016678451894492842,-0.0016678451894492842
2568,2020-12-18,2569,2570,2020-12-21,2020-12-22,-0.001701304566327444,0.0,-0.0029151056460952063,0.005144688738770498,0.5091161596456554,0.5020206555904805,outer_04,none,0.05,0,,False,5.0,0.0,-0.0,-0.0,0.0,-0.0,-0.0,-0.0,-0.0
2569,2020-12-21,2570,2571,2020-12-22,2020-12-23,-0.009785337095659763,0.0,-0.0022891832824720737,0.020874594052359363,0.4675119154147982,0.5020206555904805,outer_04,none,0.05,0,,False,5.0,0.0,-0.0,-0.0,0.0,-0.0,-0.0,-0.0,-0.0
2570,2020-12-22,2571,2572,2020-12-23,2020-12-24,0.006630272789506009,1.0,-0.008747004507892342,0.028467248582917826,0.5321366875623942,0.5020206555904805,outer_04,none,0.05,0,,False,5.0,0.0,0.0,0.0,0.0,0.0,0.0,0.0,0.0
2571,2020-12-23,2572,2573,2020-12-24,2020-12-28,0.007980285799679798,1.0,0.006815760442930419,0.03563711080060994,0.551243105602284,0.5020206555904805,outer_04,none,0.05,1,row2571_entry2572_exit2573,True,5.0,0.000499875041651048,0.007980285799679798,0.007480410758028751,0.0,0.007480410758028751,-0.008480160841330846,0.007480410758028751,0.007480410758028751
2572,2020-12-24,2573,2574,2020-12-28,2020-12-29,-0.006998591123894116,0.0,0.0035555071798452076,0.03746203066948439,0.6285857520173183,0.5020206555904805,outer_04,none,0.05,1,row2572_entry2573_exit2574,True,5.0,0.000499875041651048,-0.006998591123894116,-0.007498466165545163,0.0,-0.007498466165545163,0.006498716082243068,-0.007498466165545163,-0.007498466165545163
2573,2020-12-28,2574,2575,2020-12-29,2020-12-30,0.0011085825670180682,1.0,-0.003331248833291056,0.04716419439095443,0.5622772356324428,0.5020206555904805,outer_04,none,0.05,1,row2573_entry2574_exit2575,True,5.0,0.000499875041651048,0.0011085825670180682,0.0006087075253670203,0.0,0.0006087075253670203,-0.0016084576086691162,-0.0016084576086691162,0.0006087075253670203
2574,2020-12-29,2575,2576,2020-12-30,2020-12-31,0.008571223425348329,1.0,0.002729780273826421,0.055011256620671745,0.5541188162387436,0.5020206555904805,outer_04,none,0.05,1,row2574_entry2575_exit2576,True,5.0,0.000499875041651048,0.008571223425348329,0.008071348383697281,0.0,0.008071348383697281,-0.009071098466999376,0.008071348383697281,0.008071348383697281
2575,2020-12-30,2576,2577,2020-12-31,2021-01-04,0.008205087925655441,1.0,0.008292774421004623,0.042273827036463985,0.5209648191853061,0.5020206555904805,outer_04,none,0.05,0,,False,5.0,0.0,0.0,0.0,0.0,0.0,0.0,0.0,0.0
2576,2020-12-31,2577,2578,2021-01-04,2021-01-05,0.0168395070354892,1.0,-6.864704595965776e-05,0.03381269379797125,0.5851327681491669,0.5020206555904805,outer_04,none,0.05,1,row2576_entry2577_exit2578,True,5.0,0.000499875041651048,0.0168395070354892,0.01633963199383815,0.0,0.01633963199383815,-0.017339382077140246,-0.017339382077140246,0.01633963199383815
2577,2021-01-04,2578,2579,2021-01-05,2021-01-06,0.004317241208515732,1.0,0.025829511142694273,0.054053498507815156,0.4715399633186702,0.5020206555904805,outer_04,none,0.05,0,,False,5.0,0.0,0.0,0.0,0.0,0.0,0.0,0.0,0.0
2578,2021-01-05,2579,2580,2021-01-06,2021-01-07,-0.014958311161922033,0.0,0.0034932200340058728,0.05884034462518084,0.5627513474480941,0.5020206555904805,outer_04,none,0.05,1,row2578_entry2579_exit2580,True,5.0,0.000499875041651048,-0.014958311161922033,-0.01545818620357308,0.0,-0.01545818620357308,0.014458436120270986,-0.01545818620357308,-0.01545818620357308
2579,2021-01-06,2580,2581,2021-01-07,2021-01-08,-0.002481028709908628,0.0,-0.01614997803108409,0.029453011997443213,0.5897370951021482,0.5020206555904805,outer_04,none,0.05,1,row2579_entry2580_exit2581,True,5.0,0.000499875041651048,-0.002481028709908628,-0.002980903751559676,0.0,-0.002980903751559676,0.00198115366825758,0.00198115366825758,-0.002980903751559676
2580,2021-01-07,2581,2582,2021-01-08,2021-01-11,-0.032589096345538415,0.0,-0.0027555271460419917,0.0225570692340904,0.5574803607841196,0.5020206555904805,outer_04,none,0.05,1,row2580_entry2581_exit2582,True,5.0,0.000499875041651048,-0.032589096345538415,-0.03308897138718946,0.0,-0.03308897138718946,0.03208922130388737,0.03208922130388737,-0.03308897138718946
2581,2021-01-08,2582,2583,2021-01-11,2021-01-12,-0.003905737965295586,0.0,-0.03427266640927584,0.0052217174592152915,0.5643834115876384,0.5020206555904805,outer_04,none,0.05,1,row2581_entry2582_exit2583,True,5.0,0.000499875041651048,-0.003905737965295586,-0.0044056130069466334,0.0,-0.0044056130069466334,0.003405862923644538,0.003405862923644538,-0.0044056130069466334
2582,2021-01-11,2583,2584,2021-01-12,2021-01-13,0.004067472623768609,1.0,-0.0024854554163615816,0.004613624601339517,0.5228242979701077,0.5020206555904805,outer_04,none,0.05,0,,False,5.0,0.0,0.0,0.0,0.0,0.0,0.0,0.0,0.0
2583,2021-01-12,2584,2585,2021-01-13,2021-01-14,-0.004067472623768609,0.0,0.005870667930121698,0.008335140618922487,0.5195216304684959,0.5020206555904805,outer_04,none,0.05,0,,False,5.0,0.0,-0.0,-0.0,0.0,-0.0,-0.0,-0.0,-0.0
2584,2021-01-13,2585,2586,2021-01-14,2021-01-15,0.00015154385329285702,1.0,-0.005745977284740356,0.00918182080301122,0.5955061545534922,0.5020206555904805,outer_04,none,0.05,1,row2584_entry2585_exit2586,True,5.0,0.000499875041651048,0.00015154385329285702,-0.0003483311883581909,0.0,-0.0003483311883581909,-0.000651418894943905,-0.000651418894943905,-0.0003483311883581909
2585,2021-01-14,2586,2587,2021-01-15,2021-01-18,-0.01055453220100322,0.0,0.0009644717555987725,-0.0038971653025123842,0.47937698339592977,0.5020206555904805,outer_04,none,0.05,0,,False,5.0,0.0,-0.0,-0.0,0.0,-0.0,-0.0,-0.0,-0.0
2586,2021-01-15,2587,2588,2021-01-18,2021-01-19,0.005465269412427531,1.0,-0.01023930385407823,-0.019725915969714514,0.5021134237104664,0.5020206555904805,outer_04,none,0.05,0,,False,5.0,0.0,0.0,0.0,0.0,0.0,0.0,0.0,0.0
2587,2021-01-18,2588,2589,2021-01-19,2021-01-20,0.0011416395181651495,1.0,0.005385847782525488,-0.026062556494739653,0.4359237378781178,0.5020206555904805,outer_04,none,0.05,-1,row2587_entry2588_exit2589,True,5.0,0.000499875041651048,-0.0011416395181651495,-0.0016415145598161975,0.0,0.0006417644765141016,-0.0016415145598161975,0.0006417644765141016,-0.0016415145598161975
2588,2021-01-19,2589,2590,2021-01-20,2021-01-21,0.016740286780456692,1.0,0.0011476280443174502,-0.021999822804326996,0.49779243373587234,0.5020206555904805,outer_04,none,0.05,0,,False,5.0,0.0,0.0,0.0,0.0,0.0,0.0,0.0,0.0
2589,2021-01-20,2590,2591,2021-01-21,2021-01-22,-0.0009729135248663923,0.0,0.01713303654495224,-0.002577602976902682,0.4599202885226952,0.5020206555904805,outer_04,none,0.05,0,,False,5.0,0.0,-0.0,-0.0,0.0,-0.0,-0.0,-0.0,-0.0
2590,2021-01-21,2591,2592,2021-01-22,2021-01-25,-0.006298675787574481,0.0,-0.0008660277135534855,0.005303373817436174,0.5722120026904541,0.5020206555904805,outer_04,none,0.05,1,row2590_entry2591_exit2592,True,5.0,0.000499875041651048,-0.006298675787574481,-0.006798550829225529,0.0,-0.006798550829225529,0.005798800745923434,0.005798800745923434,-0.006798550829225529
2591,2021-01-22,2592,2593,2021-01-25,2021-01-26,-0.0014865566336315084,0.0,-0.008124690615454178,-0.009637077240948422,0.5256905203082453,0.5020206555904805,outer_04,none,0.05,0,,False,5.0,0.0,-0.0,-0.0,0.0,-0.0,-0.0,-0.0,-0.0
2592,2021-01-25,2593,2594,2021-01-26,2021-01-27,-0.0019855193150872807,0.0,0.0006845235956305373,-0.012508060825163092,0.46191575379307515,0.5020206555904805,outer_04,none,0.05,0,,False,5.0,0.0,-0.0,-0.0,0.0,-0.0,-0.0,-0.0,-0.0
2593,2021-01-26,2594,2595,2021-01-27,2021-01-28,-0.00482914880193519,0.0,-0.0024329927817987596,-0.011609804773670795,0.5259018812993278,0.5020206555904805,outer_04,none,0.05,0,,False,5.0,0.0,-0.0,-0.0,0.0,-0.0,-0.0,-0.0,-0.0
2594,2021-01-27,2595,2596,2021-01-28,2021-01-29,0.00024960795402240166,1.0,-0.004113383478266286,-0.018452968525763502,0.6014103988769551,0.5020206555904805,outer_04,none,0.05,1,row2594_entry2595_exit2596,True,5.0,0.000499875041651048,0.00024960795402240166,-0.0002502670876286463,0.0,-0.0002502670876286463,-0.0007494829956734496,-0.0007494829956734496,-0.0007494829956734496
2595,2021-01-28,2596,2597,2021-01-29,2021-02-01,0.006732138687599587,1.0,-0.000661885203361301,-0.027407628150129426,0.5525428849287078,0.5020206555904805,outer_04,none,0.05,1,row2595_entry2596_exit2597,True,5.0,0.000499875041651048,0.006732138687599587,0.0062322636459485395,0.0,0.0062322636459485395,-0.0072320137292506345,-0.0072320137292506345,-0.0072320137292506345
2596,2021-01-29,2597,2598,2021-02-01,2021-02-02,0.0020457941852827233,1.0,0.0026990423409056774,-0.02463993876326409,0.5226389395199206,0.5020206555904805,outer_04,none,0.05,0,,False,5.0,0.0,0.0,0.0,0.0,0.0,0.0,0.0,0.0
2597,2021-02-01,2598,2599,2021-02-02,2021-02-03,-0.011897076822743102,0.0,0.006990055806796569,-0.043479394099161794,0.48490767383151756,0.5020206555904805,outer_04,none,0.05,0,,False,5.0,0.0,-0.0,-0.0,0.0,-0.0,-0.0,-0.0,-0.0
2598,2021-02-02,2599,2600,2021-02-03,2021-02-04,-0.001775841403640399,0.0,-0.012384561513377967,-0.059357175646545635,0.4656923407897816,0.5020206555904805,outer_04,none,0.05,0,,False,5.0,0.0,-0.0,-0.0,0.0,-0.0,-0.0,-0.0,-0.0
2599,2021-02-03,2600,2601,2021-02-04,2021-02-05,-0.021465077469568605,0.0,-0.0018737103301473823,-0.04508090794560893,0.41681525744576053,0.5020206555904805,outer_04,none,0.05,-1,row2599_entry2600_exit2601,True,5.0,0.000499875041651048,0.021465077469568605,0.020965202427917558,0.0,-0.021964952511219653,0.020965202427917558,0.020965202427917558,0.020965202427917558
2600,2021-02-04,2601,2602,2021-02-05,2021-02-08,0.012279671093906153,1.0,-0.0226567517744245,-0.06498213257399144,0.40056017656207077,0.5020206555904805,outer_04,none,0.05,-1,row2600_entry2601_exit2602,True,5.0,0.000499875041651048,-0.012279671093906153,-0.0127795461355572,0.0,0.011779796052255105,-0.0127795461355572,-0.0127795461355572,-0.0127795461355572
2601,2021-02-05,2602,2603,2021-02-08,2021-02-09,0.007411867647377335,1.0,0.011246416908238466,-0.019463049256477127,0.32728669067491284,0.5020206555904805,outer_04,none,0.05,-1,row2601_entry2602_exit2603,True,5.0,0.000499875041651048,-0.007411867647377335,-0.007911742689028382,0.0,0.006911992605726287,-0.007911742689028382,0.006911992605726287,-0.007911742689028382
2602,2021-02-08,2603,2604,2021-02-09,2021-02-10,0.004207709793865533,1.0,0.009183466351779579,-0.007794127488335967,0.4481362020111316,0.5020206555904805,outer_04,none,0.05,-1,row2602_entry2603_exit2604,True,5.0,0.000499875041651048,-0.004207709793865533,-0.00470758483551658,0.0,0.003707834752214485,-0.00470758483551658,0.003707834752214485,-0.00470758483551658
2603,2021-02-09,2604,2605,2021-02-10,2021-02-11,0.002889343490064533,1.0,0.0040951370970994105,-0.009569658321358254,0.43976601332780635,0.5020206555904805,outer_04,none,0.05,-1,row2603_entry2604_exit2605,True,5.0,0.000499875041651048,-0.002889343490064533,-0.003389218531715581,0.0,0.0023894684484134852,-0.003389218531715581,0.0023894684484134852,-0.003389218531715581
2604,2021-02-10,2605,2606,2021-02-11,2021-02-12,-0.00970029567965458,0.0,0.002559790962403774,-0.0012638900742141246,0.4191397297522085,0.5020206555904805,outer_04,none,0.05,-1,row2604_entry2605_exit2606,True,5.0,0.000499875041651048,0.00970029567965458,0.009200420638003533,0.0,-0.010200170721305628,0.009200420638003533,-0.010200170721305628,0.009200420638003533
2605,2021-02-11,2606,2607,2021-02-12,2021-02-15,-0.000673789874272579,0.0,-0.009204442516323574,-0.011432804346136471,0.48240341797236036,0.5020206555904805,outer_04,none,0.05,0,,False,5.0,0.0,-0.0,-0.0,0.0,-0.0,-0.0,-0.0,-0.0
2606,2021-02-12,2607,2608,2021-02-15,2021-02-16,-0.0028865433679516883,0.0,-0.0007123990612667441,-0.0019058995533249856,0.4551910224126872,0.5020206555904805,outer_04,none,0.05,0,,False,5.0,0.0,-0.0,-0.0,0.0,-0.0,-0.0,-0.0,-0.0
2607,2021-02-15,2608,2609,2021-02-16,2021-02-17,-0.014932716081131225,0.0,-0.0029921321072485796,-0.010283879443099053,0.49155691164149534,0.5020206555904805,outer_04,none,0.05,0,,False,5.0,0.0,-0.0,-0.0,0.0,-0.0,-0.0,-0.0,-0.0
2608,2021-02-16,2609,2610,2021-02-17,2021-02-18,-0.00879656053228306,0.0,-0.013373090412338584,-0.024804597899755088,0.48289749668563203,0.5020206555904805,outer_04,none,0.05,0,,False,5.0,0.0,-0.0,-0.0,0.0,-0.0,-0.0,-0.0,-0.0
2609,2021-02-17,2610,2611,2021-02-18,2021-02-19,-0.0002757914246354076,0.0,-0.010002155484200692,-0.05193978992890802,0.4172027210327301,0.5020206555904805,outer_04,none,0.05,-1,row2609_entry2610_exit2611,True,5.0,0.000499875041651048,0.0002757914246354076,-0.00022408361701564032,0.0,-0.0007756664662864556,-0.00022408361701564032,-0.00022408361701564032,-0.00022408361701564032
2610,2021-02-18,2611,2612,2021-02-19,2021-02-22,0.005792497196700275,1.0,-0.0007094315273867835,-0.05178319374274132,0.43433204425899263,0.5020206555904805,outer_04,none,0.05,-1,row2610_entry2611_exit2612,True,5.0,0.000499875041651048,-0.005792497196700275,-0.006292372238351322,0.0,0.005292622155049227,-0.006292372238351322,-0.006292372238351322,-0.006292372238351322
2611,2021-02-19,2612,2613,2021-02-22,2021-02-23,0.012580181370859478,1.0,0.004277101580268727,-0.03938140154701841,0.44727243958882873,0.5020206555904805,outer_04,none,0.05,-1,row2611_entry2612_exit2613,True,5.0,0.000499875041651048,-0.012580181370859478,-0.013080056412510525,0.0,0.01208030632920843,-0.013080056412510525,0.01208030632920843,-0.013080056412510525
2612,2021-02-22,2613,2614,2021-02-23,2021-02-24,-0.001548672875897772,0.0,0.014470936719995997,-0.025594988422652953,0.37611523220342546,0.5020206555904805,outer_04,none,0.05,-1,row2612_entry2613_exit2614,True,5.0,0.000499875041651048,0.001548672875897772,0.001048797834246724,0.0,-0.00204854791754882,0.001048797834246724,-0.00204854791754882,0.001048797834246724
2613,2021-02-23,2614,2615,2021-02-24,2021-02-25,-0.0016342362199592841,0.0,-0.002196945636292469,-0.025358941277146663,0.4669938205529733,0.5020206555904805,outer_04,none,0.05,0,,False,5.0,0.0,-0.0,-0.0,0.0,-0.0,-0.0,-0.0,-0.0
2614,2021-02-24,2615,2616,2021-02-25,2021-02-26,-0.017562463760657288,0.0,0.0001440283627571759,-0.0211015294361232,0.46075116288399987,0.5020206555904805,outer_04,none,0.05,0,,False,5.0,0.0,-0.0,-0.0,0.0,-0.0,-0.0,-0.0,-0.0
2615,2021-02-25,2616,2617,2021-02-26,2021-03-01,-0.019635734748695732,0.0,-0.01962262100932044,-0.04006226524208234,0.4622980698786877,0.5020206555904805,outer_04,none,0.05,0,,False,5.0,0.0,-0.0,-0.0,0.0,-0.0,-0.0,-0.0,-0.0
2616,2021-02-26,2617,2618,2021-03-01,2021-03-02,-0.00852982211849529,0.0,-0.02078217765173651,-0.06354348523472453,0.44527358627123587,0.5020206555904805,outer_04,none,0.05,-1,row2616_entry2617_exit2618,True,5.0,0.000499875041651048,0.00852982211849529,0.008029947076844242,0.0,-0.009029697160146337,0.008029947076844242,0.008029947076844242,0.008029947076844242
2617,2021-03-01,2618,2619,2021-03-02,2021-03-03,0.008736960332209165,1.0,-0.005233297955930638,-0.07576683899745174,0.44456375476032295,0.5020206555904805,outer_04,none,0.05,-1,row2617_entry2618_exit2619,True,5.0,0.000499875041651048,-0.008736960332209165,-0.009236835373860212,0.0,0.008237085290558117,-0.009236835373860212,-0.009236835373860212,-0.009236835373860212
2618,2021-03-02,2619,2620,2021-03-03,2021-03-04,-0.0158134711917981,0.0,0.008072662763458638,-0.05530961472061513,0.47102160384279446,0.5020206555904805,outer_04,none,0.05,0,,False,5.0,0.0,-0.0,-0.0,0.0,-0.0,-0.0,-0.0,-0.0
2619,2021-03-03,2620,2621,2021-03-04,2021-03-05,-0.007656892934804205,0.0,-0.015685095857885578,-0.06912100024835333,0.5517427549330586,0.5020206555904805,outer_04,none,0.05,1,row2619_entry2620_exit2621,True,5.0,0.000499875041651048,-0.007656892934804205,-0.008156767976455252,0.0,-0.008156767976455252,0.007157017893153157,0.007157017893153157,0.007157017893153157
2620,2021-03-04,2621,2622,2021-03-05,2021-03-08,0.004941154036691486,1.0,-0.0076884884838799294,-0.054152736957808756,0.4683135885214109,0.5020206555904805,outer_04,none,0.05,0,,False,5.0,0.0,0.0,0.0,0.0,0.0,0.0,0.0,0.0
2621,2021-03-05,2622,2623,2021-03-08,2021-03-09,-0.012811462374774152,0.0,0.001270827620905024,-0.0641283262451422,0.4934342648930961,0.5020206555904805,outer_04,none,0.05,0,,False,5.0,0.0,-0.0,-0.0,0.0,-0.0,-0.0,-0.0,-0.0
2622,2021-03-08,2623,2624,2021-03-09,2021-03-10,0.018124825179333115,1.0,-0.010776596997682297,-0.08408838959460407,0.6112254537794355,0.5020206555904805,outer_04,none,0.05,1,row2622_entry2623_exit2624,True,5.0,0.000499875041651048,0.018124825179333115,0.017624950137682067,0.0,0.017624950137682067,-0.018624700220984163,-0.018624700220984163,-0.018624700220984163
2623,2021-03-09,2624,2625,2021-03-10,2021-03-11,0.006525507700629873,1.0,0.019458431792068964,-0.06872509489963452,0.4415107409631497,0.5020206555904805,outer_04,none,0.05,-1,row2623_entry2624_exit2625,True,5.0,0.000499875041651048,-0.006525507700629873,-0.007025382742280921,0.0,0.006025632658978826,-0.007025382742280921,0.006025632658978826,-0.007025382742280921
2624,2021-03-10,2625,2626,2021-03-11,2021-03-12,-0.002859473149224634,0.0,0.006240723118030367,-0.06504416274400793,0.4897119314833715,0.5020206555904805,outer_04,none,0.05,0,,False,5.0,0.0,-0.0,-0.0,0.0,-0.0,-0.0,-0.0,-0.0
2625,2021-03-11,2626,2627,2021-03-12,2021-03-15,0.004017175471216383,1.0,-0.0022907126010922596,-0.05813043282877661,0.5845642926116358,0.5020206555904805,outer_04,none,0.05,1,row2625_entry2626_exit2627,True,5.0,0.000499875041651048,0.004017175471216383,0.0035173004295653352,0.0,0.0035173004295653352,-0.004517050512867431,-0.004517050512867431,-0.004517050512867431
2626,2021-03-12,2627,2628,2021-03-15,2021-03-16,0.0019072835091549223,1.0,0.0026324196919436105,-0.05478561407556626,0.5710938748562708,0.5020206555904805,outer_04,none,0.05,1,row2626_entry2627_exit2628,True,5.0,0.000499875041651048,0.0019072835091549223,0.0014074084675038743,0.0,0.0014074084675038743,-0.0024071585508059702,0.0014074084675038743,-0.0024071585508059702
2627,2021-03-15,2628,2629,2021-03-16,2021-03-17,0.0002828927826366012,1.0,0.0030008435282082857,-0.04879263844010939,0.616871131045269,0.5020206555904805,outer_04,none,0.05,1,row2627_entry2628_exit2629,True,5.0,0.000499875041651048,0.0002828927826366012,-0.00021698225901444672,0.0,-0.00021698225901444672,-0.0007827678242876492,-0.00021698225901444672,-0.0007827678242876492
2628,2021-03-16,2629,2630,2021-03-17,2021-03-18,0.009416660363870122,1.0,-0.0001501172071778356,-0.035569665234948644,0.6344901581738394,0.5020206555904805,outer_04,none,0.05,1,row2628_entry2629_exit2630,True,5.0,0.000499875041651048,0.009416660363870122,0.008916785322219074,0.0,0.008916785322219074,-0.00991653540552117,-0.00991653540552117,-0.00991653540552117
2629,2021-03-17,2630,2631,2021-03-18,2021-03-19,-0.007444409629417059,0.0,0.00730070927892168,-0.018266800471826272,0.588679935874357,0.5020206555904805,outer_04,none,0.05,1,row2629_entry2630_exit2631,True,5.0,0.000499875041651048,-0.007444409629417059,-0.007944284671068107,0.0,-0.007944284671068107,0.006944534587766012,-0.007944284671068107,0.006944534587766012
2630,2021-03-18,2631,2632,2021-03-19,2021-03-22,0.004615521030054914,1.0,-0.004625076112536597,-0.022182445056976086,0.6655448150327494,0.5020206555904805,outer_04,none,0.05,1,row2630_entry2631_exit2632,True,5.0,0.000499875041651048,0.004615521030054914,0.004115645988403867,0.0,0.004115645988403867,-0.005115396071705962,-0.005115396071705962,-0.005115396071705962
2631,2021-03-19,2632,2633,2021-03-22,2021-03-23,-0.0024229352321585296,0.0,0.004968947187198758,-0.021490599450046055,0.5467426115160245,0.5020206555904805,outer_04,none,0.05,0,,False,5.0,0.0,-0.0,-0.0,0.0,-0.0,-0.0,-0.0,-0.0
2632,2021-03-22,2633,2634,2021-03-23,2021-03-24,-0.007171053567285313,0.0,-0.0037085770240654625,-0.039670113194107515,0.566677105417759,0.5020206555904805,outer_04,none,0.05,1,row2632_entry2633_exit2634,True,5.0,0.000499875041651048,-0.007171053567285313,-0.00767092860893636,0.0,-0.00767092860893636,0.006671178525634265,0.006671178525634265,0.006671178525634265
2633,2021-03-23,2634,2635,2021-03-24,2021-03-25,0.00448288764238125,1.0,-0.006804101770034876,-0.04427726932784992,0.5835255419768296,0.5020206555904805,outer_04,none,0.05,1,row2633_entry2634_exit2635,True,5.0,0.000499875041651048,0.00448288764238125,0.003983012600730203,0.0,0.003983012600730203,-0.004982762684032298,-0.004982762684032298,-0.004982762684032298
2634,2021-03-24,2635,2636,2021-03-25,2021-03-26,-0.0040255912977036346,0.0,0.0040107314680462025,-0.040410566222560895,0.5346967876586397,0.5020206555904805,outer_04,none,0.05,0,,False,5.0,0.0,-0.0,-0.0,0.0,-0.0,-0.0,-0.0,-0.0
2635,2021-03-25,2636,2637,2021-03-26,2021-03-29,0.0018675329427324527,1.0,-0.003958616014933192,-0.024746561228173647,0.531804896128818,0.5020206555904805,outer_04,none,0.05,0,,False,5.0,0.0,0.0,0.0,0.0,0.0,0.0,0.0,0.0
2636,2021-03-26,2637,2638,2021-03-29,2021-03-30,-0.010738085379863982,0.0,0.0033066672130921404,-0.0006577163633449956,0.4569621144629278,0.5020206555904805,outer_04,none,0.05,0,,False,5.0,0.0,-0.0,-0.0,0.0,-0.0,-0.0,-0.0,-0.0
2637,2021-03-29,2638,2639,2021-03-30,2021-03-31,-0.016394726612828592,0.0,-0.012129595282406314,-0.007554013689820671,0.5149017585961219,0.5020206555904805,outer_04,none,0.05,0,,False,5.0,0.0,-0.0,-0.0,0.0,-0.0,-0.0,-0.0,-0.0
2638,2021-03-30,2639,2640,2021-03-31,2021-04-01,0.013307077087218566,1.0,-0.01575011877328869,-0.031376795226568,0.5582835283960647,0.5020206555904805,outer_04,none,0.05,1,row2638_entry2639_exit2640,True,5.0,0.000499875041651048,0.013307077087218566,0.012807202045567519,0.0,0.012807202045567519,-0.013806952128869614,-0.013806952128869614,-0.013806952128869614
2639,2021-03-31,2640,2641,2021-04-01,2021-04-05,0.012374796310027136,1.0,0.013346264432087196,-0.0023454349365952254,0.3497926146247828,0.5020206555904805,outer_04,none,0.05,-1,row2639_entry2640_exit2641,True,5.0,0.000499875041651048,-0.012374796310027136,-0.012874671351678184,0.0,0.011874921268376089,-0.012874671351678184,0.011874921268376089,-0.012874671351678184
2640,2021-04-01,2641,2642,2021-04-05,2021-04-06,2.8923719476381393e-05,1.0,0.01267913144938948,0.018022184996674184,0.3833836781864329,0.5020206555904805,outer_04,none,0.05,-1,row2640_entry2641_exit2642,True,5.0,0.000499875041651048,-2.8923719476381393e-05,-0.0005287987611274293,0.0,-0.00047095132217466655,-0.0005287987611274293,-0.00047095132217466655,-0.00047095132217466655
2641,2021-04-05,2642,2643,2021-04-06,2021-04-07,0.008392930582956204,1.0,-0.0006535853436240302,0.01609777203214513,0.5186570257623118,0.5020206555904805,outer_04,none,0.05,0,,False,5.0,0.0,0.0,0.0,0.0,0.0,0.0,0.0,0.0
2642,2021-04-06,2643,2644,2021-04-07,2021-04-08,-0.0032865659718472884,0.0,0.008469207336506912,0.03534357636633434,0.4222486472337684,0.5020206555904805,outer_04,none,0.05,-1,row2642_entry2643_exit2644,True,5.0,0.000499875041651048,0.0032865659718472884,0.0027866909301962404,0.0,-0.0037864410134983363,0.0027866909301962404,-0.0037864410134983363,-0.0037864410134983363
2643,2021-04-07,2644,2645,2021-04-08,2021-04-09,0.010357328483342698,1.0,-0.003154603938265055,0.01273054063600032,0.4795544966071992,0.5020206555904805,outer_04,none,0.05,0,,False,5.0,0.0,0.0,0.0,0.0,0.0,0.0,0.0,0.0
2644,2021-04-08,2645,2646,2021-04-09,2021-04-12,-0.007397785827730097,0.0,0.010630633271341061,0.017120450789311015,0.4386839477565396,0.5020206555904805,outer_04,none,0.05,-1,row2644_entry2645_exit2646,True,5.0,0.000499875041651048,0.007397785827730097,0.006897910786079049,0.0,-0.007897660869381144,0.006897910786079049,-0.007897660869381144,-0.007897660869381144
2645,2021-04-09,2646,2647,2021-04-12,2021-04-13,-0.005454653132705545,0.0,-0.007246574173342957,0.012164589217060318,0.562355319853229,0.5020206555904805,outer_04,none,0.05,1,row2645_entry2646_exit2647,True,5.0,0.000499875041651048,-0.005454653132705545,-0.005954528174356592,0.0,-0.005954528174356592,0.004954778091054497,0.004954778091054497,-0.005954528174356592
2646,2021-04-12,2647,2648,2021-04-13,2021-04-14,0.007145987884027427,1.0,-0.006398548788210334,0.003133620736906373,0.5493451314200757,0.5020206555904805,outer_04,none,0.05,0,,False,5.0,0.0,0.0,0.0,0.0,0.0,0.0,0.0,0.0
2647,2021-04-13,2648,2649,2021-04-14,2021-04-15,-0.005399333032548803,0.0,0.007504930660100939,0.007637707868799026,0.44774857366279724,0.5020206555904805,outer_04,none,0.05,-1,row2647_entry2648_exit2649,True,5.0,0.000499875041651048,0.005399333032548803,0.004899457990897756,0.0,-0.005899208074199851,0.004899457990897756,-0.005899208074199851,-0.005899208074199851
2648,2021-04-14,2649,2650,2021-04-15,2021-04-16,0.015833576028193797,1.0,-0.005250411298535873,0.002537413777440989,0.5407715400978315,0.5020206555904805,outer_04,none,0.05,0,,False,5.0,0.0,0.0,0.0,0.0,0.0,0.0,0.0,0.0
2649,2021-04-15,2650,2651,2021-04-16,2021-04-19,0.006610865856938375,1.0,0.015572855607552505,0.010809560106071814,0.46696104787456366,0.5020206555904805,outer_04,none,0.05,0,,False,5.0,0.0,0.0,0.0,0.0,0.0,0.0,0.0,0.0
2650,2021-04-16,2651,2652,2021-04-19,2021-04-20,-0.0026899245615830125,0.0,0.007440354986521847,0.022874991205130257,0.4820594040049418,0.5020206555904805,outer_04,none,0.05,0,,False,5.0,0.0,-0.0,-0.0,0.0,-0.0,-0.0,-0.0,-0.0
2651,2021-04-19,2652,2653,2021-04-20,2021-04-21,0.004091229861757029,1.0,-0.00332069819866998,0.01458534581926152,0.46382719900849867,0.5020206555904805,outer_04,none,0.05,0,,False,5.0,0.0,0.0,0.0,0.0,0.0,0.0,0.0,0.0
2652,2021-04-20,2653,2654,2021-04-21,2021-04-22,0.00884077077379164,1.0,0.0043782981082314265,0.02267222095155841,0.4001487173931011,0.5020206555904805,outer_04,none,0.05,-1,row2652_entry2653_exit2654,True,5.0,0.000499875041651048,-0.00884077077379164,-0.009340645815442687,0.0,0.008340895732140592,-0.009340645815442687,0.008340895732140592,0.008340895732140592
2653,2021-04-21,2654,2655,2021-04-22,2021-04-23,-0.005472176333250367,0.0,0.008604743964179207,0.03808106668577249,0.5066071046209332,0.5020206555904805,outer_04,none,0.05,0,,False,5.0,0.0,-0.0,-0.0,0.0,-0.0,-0.0,-0.0,-0.0
2654,2021-04-22,2655,2656,2021-04-23,2021-04-26,-0.004876907329907532,0.0,-0.005343362032055765,0.028726973185670523,0.5817041739174864,0.5020206555904805,outer_04,none,0.05,1,row2654_entry2655_exit2656,True,5.0,0.000499875041651048,-0.004876907329907532,-0.005376782371558579,0.0,-0.005376782371558579,0.004377032288256484,0.004377032288256484,-0.005376782371558579
2655,2021-04-23,2656,2657,2021-04-26,2021-04-27,0.0032557841369573737,1.0,-0.004425929198357714,0.028259660002246,0.5059506216830891,0.5020206555904805,outer_04,none,0.05,0,,False,5.0,0.0,0.0,0.0,0.0,0.0,0.0,0.0,0.0
2656,2021-04-26,2657,2658,2021-04-27,2021-04-28,-0.0024056713472990765,0.0,0.00276008011369111,0.02771307290284497,0.4645136322360816,0.5020206555904805,outer_04,none,0.05,0,,False,5.0,0.0,-0.0,-0.0,0.0,-0.0,-0.0,-0.0,-0.0
2657,2021-04-27,2658,2659,2021-04-28,2021-04-29,0.0027929604129077745,1.0,-0.002636247377785672,0.03720642080746561,0.5286232186684539,0.5020206555904805,outer_04,none,0.05,0,,False,5.0,0.0,0.0,0.0,0.0,0.0,0.0,0.0,0.0
2658,2021-04-28,2659,2660,2021-04-29,2021-04-30,-0.005260845370659517,0.0,0.002681155120449752,0.055637694701204055,0.5327024704685868,0.5020206555904805,outer_04,none,0.05,0,,False,5.0,0.0,-0.0,-0.0,0.0,-0.0,-0.0,-0.0,-0.0
2659,2021-04-29,2660,2661,2021-04-30,2021-05-03,-0.0032773760625044446,0.0,-0.005172012936091264,0.037119417333025595,0.4132800109448593,0.5020206555904805,outer_04,none,0.05,-1,row2659_entry2660_exit2661,True,5.0,0.000499875041651048,0.0032773760625044446,0.0027775010208533966,0.0,-0.0037772511041554925,0.0027775010208533966,0.0027775010208533966,-0.0037772511041554925
2660,2021-04-30,2661,2662,2021-05-03,2021-05-04,0.014480262225784912,1.0,-0.001869396943982693,0.022570888939653422,0.3855904838228749,0.5020206555904805,outer_04,none,0.05,-1,row2660_entry2661_exit2662,True,5.0,0.000499875041651048,-0.014480262225784912,-0.01498013726743596,0.0,0.013980387184133865,-0.01498013726743596,-0.01498013726743596,0.013980387184133865
2661,2021-05-03,2662,2663,2021-05-04,2021-05-05,-0.00797557799312365,0.0,0.013515047053418883,0.036739521336696335,0.38239550122949734,0.5020206555904805,outer_04,none,0.05,-1,row2661_entry2662_exit2663,True,5.0,0.000499875041651048,0.00797557799312365,0.007475702951472603,0.0,-0.008475453034774698,0.007475702951472603,-0.008475453034774698,-0.008475453034774698
2662,2021-05-04,2663,2664,2021-05-05,2021-05-06,0.004745965588755396,1.0,-0.007703715261467181,0.02056659873872224,0.4353401461166632,0.5020206555904805,outer_04,none,0.05,-1,row2662_entry2663_exit2664,True,5.0,0.000499875041651048,-0.004745965588755396,-0.005245840630406444,0.0,0.004246090547104349,-0.005245840630406444,-0.005245840630406444,0.004246090547104349
2663,2021-05-05,2664,2665,2021-05-06,2021-05-07,0.015460790440160466,1.0,0.004698713977660418,0.028419916654647714,0.5156534482023666,0.5020206555904805,outer_04,none,0.05,0,,False,5.0,0.0,0.0,0.0,0.0,0.0,0.0,0.0,0.0
2664,2021-05-06,2665,2666,2021-05-07,2021-05-10,0.010088689832963738,1.0,0.015299170422719222,0.033088453806025875,0.4041270421130635,0.5020206555904805,outer_04,none,0.05,-1,row2664_entry2665_exit2666,True,5.0,0.000499875041651048,-0.010088689832963738,-0.010588564874614785,0.0,0.00958881479131269,-0.010588564874614785,0.00958881479131269,0.00958881479131269
2665,2021-05-07,2666,2667,2021-05-10,2021-05-11,0.001651627064212846,1.0,0.008573667397365092,0.048908695376733924,0.4581874811445032,0.5020206555904805,outer_04,none,0.05,0,,False,5.0,0.0,0.0,0.0,0.0,0.0,0.0,0.0,0.0
2666,2021-05-10,2667,2668,2021-05-11,2021-05-12,0.00041384192918236806,1.0,0.0025583762546359523,0.05786562041958021,0.4728178339426065,0.5020206555904805,outer_04,none,0.05,0,,False,5.0,0.0,0.0,0.0,0.0,0.0,0.0,0.0,0.0
2667,2021-05-11,2668,2669,2021-05-12,2021-05-13,-0.012027419955101593,0.0,0.0006862109986780496,0.05104690075815732,0.43447663819350957,0.5020206555904805,outer_04,none,0.05,-1,row2667_entry2668_exit2669,True,5.0,0.000499875041651048,0.012027419955101593,0.011527544913450545,0.0,-0.01252729499675264,0.011527544913450545,-0.01252729499675264,-0.01252729499675264
2668,2021-05-12,2669,2670,2021-05-13,2021-05-14,0.0067271168766858125,1.0,-0.011328076111235319,0.044969235945457875,0.45551863061107156,0.5020206555904805,outer_04,none,0.05,0,,False,5.0,0.0,0.0,0.0,0.0,0.0,0.0,0.0,0.0
2669,2021-05-13,2670,2671,2021-05-14,2021-05-17,0.008935830877951467,1.0,0.005940111453742958,0.03533649179164833,0.4570664775754125,0.5020206555904805,outer_04,none,0.05,0,,False,5.0,0.0,0.0,0.0,0.0,0.0,0.0,0.0,0.0
2670,2021-05-14,2671,2672,2021-05-17,2021-05-18,0.012490021432988385,1.0,0.008518946516002046,0.03641508332112853,0.5229624578625998,0.5020206555904805,outer_04,none,0.05,0,,False,5.0,0.0,0.0,0.0,0.0,0.0,0.0,0.0,0.0
2671,2021-05-17,2672,2673,2021-05-18,2021-05-19,0.001300922874937882,1.0,0.012989471460085333,0.05272525297988384,0.44492340562803967,0.5020206555904805,outer_04,none,0.05,-1,row2671_entry2672_exit2673,True,5.0,0.000499875041651048,-0.001300922874937882,-0.00180079791658893,0.0,0.0008010478332868341,-0.00180079791658893,0.0008010478332868341,0.0008010478332868341
2672,2021-05-18,2673,2674,2021-05-19,2021-05-20,0.0005027840434541631,1.0,0.0016005185027294644,0.04994747337438188,0.48361950962482464,0.5020206555904805,outer_04,none,0.05,0,,False,5.0,0.0,0.0,0.0,0.0,0.0,0.0,0.0,0.0
2673,2021-05-19,2674,2675,2021-05-20,2021-05-21,0.004125037534103981,1.0,0.00027274258884091296,0.041615471999043585,0.3513187510236997,0.5020206555904805,outer_04,none,0.05,-1,row2673_entry2674_exit2675,True,5.0,0.000499875041651048,-0.004125037534103981,-0.004624912575755029,0.0,0.0036251624924529334,-0.004624912575755029,0.0036251624924529334,0.0036251624924529334
2674,2021-05-20,2675,2676,2021-05-21,2021-05-24,0.0019259422850383956,1.0,0.003805279139901252,0.0507641131710006,0.3291468468836628,0.5020206555904805,outer_04,none,0.05,-1,row2674_entry2675_exit2676,True,5.0,0.000499875041651048,-0.0019259422850383956,-0.0024258173266894435,0.0,0.0014260672433873476,-0.0024258173266894435,0.0014260672433873476,0.0014260672433873476
2675,2021-05-21,2676,2677,2021-05-24,2021-05-25,-0.00033491131808283114,0.0,0.002372960023001802,0.05756300239236012,0.33199157626632,0.5020206555904805,outer_04,none,0.05,-1,row2675_entry2676_exit2677,True,5.0,0.000499875041651048,0.00033491131808283114,-0.0001649637235682168,0.0,-0.0008347863597338791,-0.0001649637235682168,-0.0008347863597338791,-0.0008347863597338791
2676,2021-05-24,2677,2678,2021-05-25,2021-05-26,0.00951972370360643,1.0,-0.0002072764676883665,0.05459564581098064,0.36660858218687103,0.5020206555904805,outer_04,none,0.05,-1,row2676_entry2677_exit2678,True,5.0,0.000499875041651048,-0.00951972370360643,-0.010019598745257478,0.0,0.009019848661955383,-0.010019598745257478,-0.010019598745257478,0.009019848661955383
2677,2021-05-25,2678,2679,2021-05-26,2021-05-27,-0.001222590674048618,0.0,0.009432609819538307,0.06666450300830462,0.299412662276396,0.5020206555904805,outer_04,none,0.05,-1,row2677_entry2678_exit2679,True,5.0,0.000499875041651048,0.001222590674048618,0.0007227156323975702,0.0,-0.001722465715699666,0.0007227156323975702,-0.001722465715699666,-0.001722465715699666
2678,2021-05-26,2679,2680,2021-05-27,2021-05-28,0.0005008105327606316,1.0,-0.0014121319212119232,0.06257121596664295,0.4022384210124457,0.5020206555904805,outer_04,none,0.05,-1,row2678_entry2679_exit2680,True,5.0,0.000499875041651048,-0.0005008105327606316,-0.0010006855744116795,0.0,9.354911095836409e-07,-0.0010006855744116795,-0.0010006855744116795,9.354911095836409e-07
2679,2021-05-27,2680,2681,2021-05-28,2021-05-31,0.0033358444462541215,1.0,-3.6910778741905403e-05,0.0677063181239923,0.4216811966366498,0.5020206555904805,outer_04,none,0.05,-1,row2679_entry2680_exit2681,True,5.0,0.000499875041651048,-0.0033358444462541215,-0.0038357194879051694,0.0,0.0028359694046030735,-0.0038357194879051694,-0.0038357194879051694,0.0028359694046030735
2680,2021-05-28,2681,2682,2021-05-31,2021-06-01,0.0018472847026966832,1.0,0.0035529999662546885,0.07312871503422969,0.37928267755272044,0.5020206555904805,outer_04,none,0.05,-1,row2680_entry2681_exit2682,True,5.0,0.000499875041651048,-0.0018472847026966832,-0.002347159744347731,0.0,0.0013474096610456353,-0.002347159744347731,0.0013474096610456353,0.0013474096610456353
2681,2021-05-31,2682,2683,2021-06-01,2021-06-02,-0.003997998448354245,0.0,0.0018058695652616308,0.061419537546072434,0.36512015592472513,0.5020206555904805,outer_04,none,0.05,-1,row2681_entry2682_exit2683,True,5.0,0.000499875041651048,0.003997998448354245,0.0034981234067031973,0.0,-0.004497873490005293,0.0034981234067031973,-0.004497873490005293,-0.004497873490005293
2682,2021-06-01,2683,2684,2021-06-02,2021-06-03,0.004621735597445387,1.0,-0.003546578120654509,0.0655766746868851,0.3610278242506491,0.5020206555904805,outer_04,none,0.05,-1,row2682_entry2683_exit2684,True,5.0,0.000499875041651048,-0.004621735597445387,-0.005121610639096434,0.0,0.004121860555794339,-0.005121610639096434,-0.005121610639096434,0.004121860555794339
2683,2021-06-02,2684,2685,2021-06-03,2021-06-04,-0.019641986265820144,0.0,0.004615962383098804,0.06549392309232349,0.369396257105637,0.5020206555904805,outer_04,none,0.05,-1,row2683_entry2684_exit2685,True,5.0,0.000499875041651048,0.019641986265820144,0.019142111224169096,0.0,-0.02014186130747119,0.019142111224169096,-0.02014186130747119,-0.02014186130747119
2684,2021-06-03,2685,2686,2021-06-04,2021-06-07,0.010027945110507197,1.0,-0.020088732789313113,0.030106019880291157,0.3420555878677425,0.5020206555904805,outer_04,none,0.05,-1,row2684_entry2685_exit2686,True,5.0,0.000499875041651048,-0.010027945110507197,-0.010527820152158245,0.0,0.00952807006885615,-0.010527820152158245,-0.010527820152158245,0.00952807006885615
2685,2021-06-04,2686,2687,2021-06-07,2021-06-08,0.004702736618693137,1.0,0.01106275951365987,0.032595111996585935,0.2593947634612627,0.5020206555904805,outer_04,none,0.05,-1,row2685_entry2686_exit2687,True,5.0,0.000499875041651048,-0.004702736618693137,-0.005202611660344185,0.0,0.00420286157704209,-0.005202611660344185,0.00420286157704209,0.00420286157704209
2686,2021-06-07,2687,2688,2021-06-08,2021-06-09,-0.0038936216035443394,0.0,0.00383612278498191,0.03387285852693189,0.30854149770924366,0.5020206555904805,outer_04,none,0.05,-1,row2686_entry2687_exit2688,True,5.0,0.000499875041651048,0.0038936216035443394,0.0033937465618932914,0.0,-0.004393496645195387,0.0033937465618932914,-0.004393496645195387,-0.004393496645195387
2687,2021-06-08,2688,2689,2021-06-09,2021-06-10,-0.0014971131793997117,0.0,-0.003017007225398771,0.030169640302855072,0.36404848781962873,0.5020206555904805,outer_04,none,0.05,-1,row2687_entry2688_exit2689,True,5.0,0.000499875041651048,0.0014971131793997117,0.0009972381377486637,0.0,-0.0019969882210507596,0.0009972381377486637,0.0009972381377486637,-0.0019969882210507596
2688,2021-06-09,2689,2690,2021-06-10,2021-06-11,0.004890372668350906,1.0,-0.0022052124908471527,0.03929250392324324,0.38276036655915235,0.5020206555904805,outer_04,none,0.05,-1,row2688_entry2689_exit2690,True,5.0,0.000499875041651048,-0.004890372668350906,-0.005390247710001954,0.0,0.004390497626699859,-0.005390247710001954,-0.005390247710001954,0.004390497626699859
2689,2021-06-10,2690,2691,2021-06-11,2021-06-14,-0.011700564302729255,0.0,0.0056750395806606235,0.039027432050160904,0.3530927094239829,0.5020206555904805,outer_04,none,0.05,-1,row2689_entry2690_exit2691,True,5.0,0.000499875041651048,0.011700564302729255,0.011200689261078207,0.0,-0.012200439344380302,0.011200689261078207,-0.012200439344380302,-0.012200439344380302
2690,2021-06-11,2691,2692,2021-06-14,2021-06-15,-0.004562461167904708,0.0,-0.012437259742065443,0.018071225792093415,0.3954240217258328,0.5020206555904805,outer_04,none,0.05,-1,row2690_entry2691_exit2692,True,5.0,0.000499875041651048,0.004562461167904708,0.00406258612625366,0.0,-0.005062336209555755,0.00406258612625366,0.00406258612625366,-0.005062336209555755
2691,2021-06-14,2692,2693,2021-06-15,2021-06-16,-0.004508065788590976,0.0,-0.00526391540576121,-0.00018216107375312873,0.33773524447309594,0.5020206555904805,outer_04,none,0.05,-1,row2691_entry2692_exit2693,True,5.0,0.000499875041651048,0.004508065788590976,0.004008190746939928,0.0,-0.005007940830242023,0.004008190746939928,0.004008190746939928,0.004008190746939928
2692,2021-06-15,2693,2694,2021-06-16,2021-06-17,-0.024827900070421016,0.0,-0.003983683996986009,-0.0057663635734686025,0.3825610759413939,0.5020206555904805,outer_04,none,0.05,-1,row2692_entry2693_exit2694,True,5.0,0.000499875041651048,0.024827900070421016,0.02432802502876997,0.0,-0.025327775112072064,0.02432802502876997,0.02432802502876997,0.02432802502876997
2693,2021-06-16,2694,2695,2021-06-17,2021-06-18,-0.021204295124955586,0.0,-0.02653667474382715,-0.032575780906136664,0.5353692182431339,0.5020206555904805,outer_04,none,0.05,0,,False,5.0,0.0,-0.0,-0.0,0.0,-0.0,-0.0,-0.0,-0.0
2694,2021-06-17,2695,2696,2021-06-18,2021-06-21,-0.003865551506105902,0.0,-0.02089392472839613,-0.057274984774434046,0.457865488262609,0.5020206555904805,outer_04,none,0.05,0,,False,5.0,0.0,-0.0,-0.0,0.0,-0.0,-0.0,-0.0,-0.0
2695,2021-06-18,2696,2697,2021-06-21,2021-06-22,0.008675171008139415,1.0,-0.004670237194082105,-0.06431818199151795,0.44228241514142574,0.5020206555904805,outer_04,none,0.05,-1,row2695_entry2696_exit2697,True,5.0,0.000499875041651048,-0.008675171008139415,-0.009175046049790463,0.0,0.008175295966488368,-0.009175046049790463,-0.009175046049790463,-0.009175046049790463
2696,2021-06-21,2697,2698,2021-06-22,2021-06-23,-0.0024075369181595363,0.0,0.010558843451350164,-0.05355206207247942,0.4174433110188094,0.5020206555904805,outer_04,none,0.05,-1,row2696_entry2697_exit2698,True,5.0,0.000499875041651048,0.0024075369181595363,0.0019076618765084884,0.0,-0.0029074119598105842,0.0019076618765084884,-0.0029074119598105842,0.0019076618765084884
2697,2021-06-22,2698,2699,2021-06-23,2021-06-24,-0.0006463633855045003,0.0,-0.0025941371359365917,-0.06557880902795432,0.4891267897502861,0.5020206555904805,outer_04,none,0.05,0,,False,5.0,0.0,-0.0,-0.0,0.0,-0.0,-0.0,-0.0,-0.0
2698,2021-06-23,2699,2700,2021-06-24,2021-06-25,-0.0013221301157688714,0.0,-0.00012932137222421147,-0.06429599847896661,0.4970788875833494,0.5020206555904805,outer_04,none,0.05,0,,False,5.0,0.0,-0.0,-0.0,0.0,-0.0,-0.0,-0.0,-0.0
2699,2021-06-24,2700,2701,2021-06-25,2021-06-28,0.0027997207325096696,1.0,-0.0019361962056603232,-0.06619528390588503,0.4798371380928284,0.5020206555904805,outer_04,none,0.05,0,,False,5.0,0.0,0.0,0.0,0.0,0.0,0.0,0.0,0.0
2700,2021-06-25,2701,2702,2021-06-28,2021-06-29,-0.0014832130005748567,0.0,0.003458877992540188,-0.06628940587959953,0.49328600824100094,0.5020206555904805,outer_04,none,0.05,0,,False,5.0,0.0,-0.0,-0.0,0.0,-0.0,-0.0,-0.0,-0.0
2701,2021-06-28,2702,2703,2021-06-29,2021-06-30,-0.009325933453776969,0.0,-0.001168493506809476,-0.06926376895167063,0.5893265304464098,0.5020206555904805,outer_04,none,0.05,1,row2701_entry2702_exit2703,True,5.0,0.000499875041651048,-0.009325933453776969,-0.009825808495428016,0.0,-0.009825808495428016,0.008826058412125921,0.008826058412125921,0.008826058412125921
2702,2021-06-29,2703,2704,2021-06-30,2021-07-01,0.004495891065019464,1.0,-0.010141014732030662,-0.07585820556304679,0.6362639382604355,0.5020206555904805,outer_04,none,0.05,1,row2702_entry2703_exit2704,True,5.0,0.000499875041651048,0.004495891065019464,0.003996016023368416,0.0,0.003996016023368416,-0.004995766106670511,-0.004995766106670511,-0.004995766106670511
2703,2021-06-30,2704,2705,2021-07-01,2021-07-02,0.003524794206328785,1.0,0.004854529703700372,-0.07561963824244522,0.4830905403286445,0.5020206555904805,outer_04,none,0.05,0,,False,5.0,0.0,0.0,0.0,0.0,0.0,0.0,0.0,0.0
2704,2021-07-01,2705,2706,2021-07-02,2021-07-05,0.006078500161754263,1.0,0.0038746075877362784,-0.05165629786539583,0.49404219684259704,0.5020206555904805,outer_04,none,0.05,0,,False,5.0,0.0,0.0,0.0,0.0,0.0,0.0,0.0,0.0
2705,2021-07-02,2706,2707,2021-07-05,2021-07-06,0.0023250755224832886,1.0,0.006066491660837059,-0.05665256571821864,0.48392382839983117,0.5020206555904805,outer_04,none,0.05,0,,False,5.0,0.0,0.0,0.0,0.0,0.0,0.0,0.0,0.0
2706,2021-07-05,2707,2708,2021-07-06,2021-07-07,0.0028096952907770145,1.0,0.0024587473899071455,-0.058029941113293404,0.411192010092904,0.5020206555904805,outer_04,none,0.05,-1,row2706_entry2707_exit2708,True,5.0,0.000499875041651048,-0.0028096952907770145,-0.0033095703324280625,0.0,0.0023098202491259666,-0.0033095703324280625,0.0023098202491259666,-0.0033095703324280625
2707,2021-07-06,2708,2709,2021-07-07,2021-07-08,0.004094461538096006,1.0,0.002964798007630165,-0.05204813588026447,0.425401941269079,0.5020206555904805,outer_04,none,0.05,-1,row2707_entry2708_exit2709,True,5.0,0.000499875041651048,-0.004094461538096006,-0.004594336579747053,0.0,0.003594586496444958,-0.004594336579747053,0.003594586496444958,-0.004594336579747053
2708,2021-07-07,2709,2710,2021-07-08,2021-07-09,-0.0004103565168414036,0.0,0.00363269151709833,-0.046210231872318985,0.4243605773950906,0.5020206555904805,outer_04,none,0.05,-1,row2708_entry2709_exit2710,True,5.0,0.000499875041651048,0.0004103565168414036,-8.951852480964433e-05,0.0,-0.0009102315584924516,-8.951852480964433e-05,-0.0009102315584924516,-8.951852480964433e-05
2709,2021-07-08,2710,2711,2021-07-09,2021-07-12,0.0027860031147239894,1.0,-0.0006877541217420458,-0.052573025574721655,0.4773157249409737,0.5020206555904805,outer_04,none,0.05,0,,False,5.0,0.0,0.0,0.0,0.0,0.0,0.0,0.0,0.0
2710,2021-07-09,2711,2712,2021-07-12,2021-07-13,-0.0009462597165077469,0.0,0.003152016658003909,-0.0369837491746523,0.3834557119476488,0.5020206555904805,outer_04,none,0.05,-1,row2710_entry2711_exit2712,True,5.0,0.000499875041651048,0.0009462597165077469,0.0004463846748566989,0.0,-0.0014461347581587948,0.0004463846748566989,-0.0014461347581587948,0.0004463846748566989
2711,2021-07-12,2712,2713,2021-07-13,2021-07-14,0.0009351975248659272,1.0,-0.0010348043787553607,-0.03275463814764645,0.381217472916066,0.5020206555904805,outer_04,none,0.05,-1,row2711_entry2712_exit2713,True,5.0,0.000499875041651048,-0.0009351975248659272,-0.0014350725665169752,0.0,0.0004353224832148793,-0.0014350725665169752,-0.0014350725665169752,-0.0014350725665169752
2712,2021-07-13,2713,2714,2021-07-14,2021-07-15,0.010722473645151887,1.0,0.0005369038489924094,-0.028234050301668034,0.3573827929156628,0.5020206555904805,outer_04,none,0.05,-1,row2712_entry2713_exit2714,True,5.0,0.000499875041651048,-0.010722473645151887,-0.011222348686802934,0.0,0.010222598603500839,-0.011222348686802934,0.010222598603500839,-0.011222348686802934
2713,2021-07-14,2714,2715,2021-07-15,2021-07-16,0.001328845713150173,1.0,0.01147151746817876,0.009774141910337875,0.3017794445725664,0.5020206555904805,outer_04,none,0.05,-1,row2713_entry2714_exit2715,True,5.0,0.000499875041651048,-0.001328845713150173,-0.001828720754801221,0.0,0.000828970671499125,-0.001828720754801221,0.000828970671499125,0.000828970671499125
2714,2021-07-15,2715,2716,2021-07-16,2021-07-19,-0.010205627473727219,0.0,0.0007983726746303432,0.03146643931336435,0.4034634029832398,0.5020206555904805,outer_04,none,0.05,-1,row2714_entry2715_exit2716,True,5.0,0.000499875041651048,0.010205627473727219,0.009705752432076171,0.0,-0.010705502515378267,0.009705752432076171,-0.010705502515378267,-0.010705502515378267
2715,2021-07-16,2716,2717,2021-07-19,2021-07-20,0.0007505643381771065,1.0,-0.009854623607293611,0.02628205290015284,0.3885223458013733,0.5020206555904805,outer_04,none,0.05,-1,row2715_entry2716_exit2717,True,5.0,0.000499875041651048,-0.0007505643381771065,-0.0012504393798281545,0.0,0.0002506892965260586,-0.0012504393798281545,-0.0012504393798281545,0.0002506892965260586
2716,2021-07-19,2717,2718,2021-07-20,2021-07-21,-0.0012420476058867536,0.0,0.0006070439355090329,0.01633025338431171,0.2835979623691159,0.5020206555904805,outer_04,none,0.05,-1,row2716_entry2717_exit2718,True,5.0,0.000499875041651048,0.0012420476058867536,0.0007421725642357056,0.0,-0.0017419226475378015,0.0007421725642357056,-0.0017419226475378015,-0.0017419226475378015
2717,2021-07-20,2718,2719,2021-07-21,2021-07-22,-0.003635633170417485,0.0,-0.0013083623876681827,0.01761602813258012,0.3216542102921847,0.5020206555904805,outer_04,none,0.05,-1,row2717_entry2718_exit2719,True,5.0,0.000499875041651048,0.003635633170417485,0.003135758128766437,0.0,-0.004135508212068532,0.003135758128766437,0.003135758128766437,-0.004135508212068532
2718,2021-07-21,2719,2720,2021-07-22,2021-07-23,0.0017447613134446982,1.0,-0.003774570987454595,0.013970778517349736,0.3381017478651265,0.5020206555904805,outer_04,none,0.05,-1,row2718_entry2719_exit2720,True,5.0,0.000499875041651048,-0.0017447613134446982,-0.002244636355095746,0.0,0.0012448862717936503,-0.002244636355095746,-0.002244636355095746,0.0012448862717936503
2719,2021-07-22,2720,2721,2021-07-23,2021-07-26,-0.002615510573279245,0.0,0.0016621239116769715,0.01756909863468703,0.317288418284798,0.5020206555904805,outer_04,none,0.05,-1,row2719_entry2720_exit2721,True,5.0,0.000499875041651048,0.002615510573279245,0.002115635531628197,0.0,-0.003115385614930293,0.002115635531628197,-0.003115385614930293,-0.003115385614930293
2720,2021-07-23,2721,2722,2021-07-26,2021-07-27,-0.002372058608237637,0.0,-0.002488673392215368,0.011621547249931474,0.3056902043438718,0.5020206555904805,outer_04,none,0.05,-1,row2720_entry2721_exit2722,True,5.0,0.000499875041651048,0.002372058608237637,0.0018721835665865892,0.0,-0.002871933649888685,0.0018721835665865892,0.0018721835665865892,-0.002871933649888685
2721,2021-07-26,2722,2723,2021-07-27,2021-07-28,0.0014061377719469803,1.0,-0.0023780563382418407,0.01041198441849911,0.2756445934576926,0.5020206555904805,outer_04,none,0.05,-1,row2721_entry2722_exit2723,True,5.0,0.000499875041651048,-0.0014061377719469803,-0.0019060128135980283,0.0,0.0009062627302959324,-0.0019060128135980283,-0.0019060128135980283,0.0009062627302959324
2722,2021-07-27,2723,2724,2021-07-28,2021-07-29,0.0037806390066785767,1.0,0.0004560470808607775,0.02100904623139055,0.33210496493520375,0.5020206555904805,outer_04,none,0.05,-1,row2722_entry2723_exit2724,True,5.0,0.000499875041651048,-0.0037806390066785767,-0.004280514048329624,0.0,0.0032807639650275287,-0.004280514048329624,0.0032807639650275287,0.0032807639650275287
2723,2021-07-28,2724,2725,2021-07-29,2021-07-30,0.01179839489964074,1.0,0.004792580687462689,0.020947097215152866,0.3938860972742225,0.5020206555904805,outer_04,none,0.05,-1,row2723_entry2724_exit2725,True,5.0,0.000499875041651048,-0.01179839489964074,-0.012298269941291788,0.0,0.011298519857989693,-0.012298269941291788,0.011298519857989693,0.011298519857989693
2724,2021-07-29,2725,2726,2021-07-30,2021-08-02,-0.007789488223576058,0.0,0.011378702648152661,0.028451192275569248,0.38379676715123057,0.5020206555904805,outer_04,none,0.05,-1,row2724_entry2725_exit2726,True,5.0,0.000499875041651048,0.007789488223576058,0.00728961318192501,0.0,-0.008289363265227105,0.00728961318192501,-0.008289363265227105,-0.008289363265227105
2725,2021-07-30,2726,2727,2021-08-02,2021-08-03,-0.0006118922268365523,0.0,-0.0074188919849227375,0.014965808629809452,0.42301813138218003,0.5020206555904805,outer_04,none,0.05,-1,row2725_entry2726_exit2727,True,5.0,0.000499875041651048,0.0006118922268365523,0.00011201718518550436,0.0,-0.0011117672684876003,0.00011201718518550436,0.00011201718518550436,-0.0011117672684876003
2726,2021-08-02,2727,2728,2021-08-03,2021-08-04,-0.0017826841561374707,0.0,-0.0006450919479696893,0.011861969291932617,0.3769906464737127,0.5020206555904805,outer_04,none,0.05,-1,row2726_entry2727_exit2728,True,5.0,0.000499875041651048,0.0017826841561374707,0.0012828091144864227,0.0,-0.0022825591977885186,0.0012828091144864227,0.0012828091144864227,-0.0022825591977885186
2727,2021-08-03,2728,2729,2021-08-04,2021-08-05,0.0009772824047074025,1.0,-0.0016504614273653573,0.007246709856937095,0.42214599455134344,0.5020206555904805,outer_04,none,0.05,-1,row2727_entry2728_exit2729,True,5.0,0.000499875041651048,-0.0009772824047074025,-0.0014771574463584504,0.0,0.0004774073630563545,-0.0014771574463584504,-0.0014771574463584504,0.0004774073630563545
2728,2021-08-04,2729,2730,2021-08-05,2021-08-06,-0.0040810966096183066,0.0,0.0008172912772836938,0.004431309617122459,0.4402511868277473,0.5020206555904805,outer_04,none,0.05,-1,row2728_entry2729_exit2730,True,5.0,0.000499875041651048,0.0040810966096183066,0.0035812215679672586,0.0,-0.004580971651269354,0.0035812215679672586,-0.004580971651269354,-0.004580971651269354
2729,2021-08-05,2730,2731,2021-08-06,2021-08-09,-0.024439409949616575,0.0,-0.004353689666538152,0.0007653740723263525,0.450390150657269,0.5020206555904805,outer_04,none,0.05,0,,False,5.0,0.0,-0.0,-0.0,0.0,-0.0,-0.0,-0.0,-0.0
2730,2021-08-06,2731,2732,2021-08-09,2021-08-10,-0.01843610507949922,0.0,-0.022737746133961068,-0.025124388719638624,0.4152510657280242,0.5020206555904805,outer_04,none,0.05,-1,row2730_entry2731_exit2732,True,5.0,0.000499875041651048,0.01843610507949922,0.017936230037848173,0.0,-0.01893598012115027,0.017936230037848173,0.017936230037848173,0.017936230037848173
2731,2021-08-09,2732,2733,2021-08-10,2021-08-11,0.0004626122640054575,1.0,-0.019240392430724285,-0.04332997677160755,0.3278098362535022,0.5020206555904805,outer_04,none,0.05,-1,row2731_entry2732_exit2733,True,5.0,0.000499875041651048,-0.0004626122640054575,-0.0009624873056565055,0.0,-3.726277764559043e-05,-0.0009624873056565055,-0.0009624873056565055,-0.0009624873056565055
2732,2021-08-10,2733,2734,2021-08-11,2021-08-12,0.012416024918811885,1.0,-0.00048578501498930393,-0.04435266563558926,0.41443792284688863,0.5020206555904805,outer_04,none,0.05,-1,row2732_entry2733_exit2734,True,5.0,0.000499875041651048,-0.012416024918811885,-0.012915899960462933,0.0,0.011916149877160838,-0.012915899960462933,-0.012915899960462933,-0.012915899960462933
2733,2021-08-11,2734,2735,2021-08-12,2021-08-13,0.001055788529485291,1.0,0.013079744201696109,-0.04274443890207191,0.3767959157793953,0.5020206555904805,outer_04,none,0.05,-1,row2733_entry2734_exit2735,True,5.0,0.000499875041651048,-0.001055788529485291,-0.0015556635711363388,0.0,0.000555913487834243,-0.0015556635711363388,0.000555913487834243,-0.0015556635711363388
2734,2021-08-12,2735,2736,2021-08-13,2021-08-16,0.014670798907681082,1.0,0.0007761760026232523,-0.042766635574079004,0.4555318502945881,0.5020206555904805,outer_04,none,0.05,0,,False,5.0,0.0,0.0,0.0,0.0,0.0,0.0,0.0,0.0
2735,2021-08-13,2736,2737,2021-08-16,2021-08-17,0.00456496320315658,1.0,0.015196071115775034,-0.01771594085101036,0.2599371724085391,0.5020206555904805,outer_04,none,0.05,-1,row2735_entry2736_exit2737,True,5.0,0.000499875041651048,-0.00456496320315658,-0.005064838244807628,0.0,0.004065088161505533,-0.005064838244807628,0.004065088161505533,-0.005064838244807628
2736,2021-08-16,2737,2738,2021-08-17,2021-08-18,-0.0005148984868288409,0.0,0.004227719687230014,-0.014095265099289378,0.2693544794032547,0.5020206555904805,outer_04,none,0.05,-1,row2736_entry2737_exit2738,True,5.0,0.000499875041651048,0.0005148984868288409,1.5023445177792926e-05,0.0,-0.0010147735284798888,1.5023445177792926e-05,-0.0010147735284798888,1.5023445177792926e-05
2737,2021-08-17,2738,2739,2021-08-18,2021-08-19,0.0005988241958405638,1.0,-0.0008060363600543852,-0.01359293907167558,0.3511656299650206,0.5020206555904805,outer_04,none,0.05,-1,row2737_entry2738_exit2739,True,5.0,0.000499875041651048,-0.0005988241958405638,-0.0010986992374916117,0.0,9.894915418951584e-05,-0.0010986992374916117,-0.0010986992374916117,-0.0010986992374916117
2738,2021-08-18,2739,2740,2021-08-19,2021-08-20,-0.0040532527720369416,0.0,0.0010521957159124184,-0.008766172368308567,0.40097362989978114,0.5020206555904805,outer_04,none,0.05,-1,row2738_entry2739_exit2740,True,5.0,0.000499875041651048,0.0040532527720369416,0.0035533777303858936,0.0,-0.004553127813687989,0.0035533777303858936,-0.004553127813687989,0.0035533777303858936
2739,2021-08-19,2740,2741,2021-08-20,2021-08-23,0.0007749195987587498,1.0,-0.004305325512897085,-0.014733621792882623,0.43837308148047366,0.5020206555904805,outer_04,none,0.05,-1,row2739_entry2740_exit2741,True,5.0,0.000499875041651048,-0.0007749195987587498,-0.0012747946404097978,0.0,0.0002750445571077019,-0.0012747946404097978,-0.0012747946404097978,-0.0012747946404097978
2740,2021-08-20,2741,2742,2021-08-23,2021-08-24,0.013320780310053237,1.0,0.0005279504972470761,-0.011716997903420179,0.4656131847229536,0.5020206555904805,outer_04,none,0.05,0,,False,5.0,0.0,0.0,0.0,0.0,0.0,0.0,0.0,0.0
2741,2021-08-23,2742,2743,2021-08-24,2021-08-25,-0.0016575064149604302,0.0,0.01351899500328635,0.004180053438108011,0.3535218468818009,0.5020206555904805,outer_04,none,0.05,-1,row2741_entry2742_exit2743,True,5.0,0.000499875041651048,0.0016575064149604302,0.0011576313733093822,0.0,-0.002157381456611478,0.0011576313733093822,-0.002157381456611478,-0.002157381456611478
2742,2021-08-24,2743,2744,2021-08-25,2021-08-26,-0.006339333033308137,0.0,-0.001302657327619805,0.0024213490296274287,0.4750154905965946,0.5020206555904805,outer_04,none,0.05,0,,False,5.0,0.0,-0.0,-0.0,0.0,-0.0,-0.0,-0.0,-0.0
2743,2021-08-25,2744,2745,2021-08-26,2021-08-27,0.0007757887341606207,1.0,-0.006957692074108124,-0.009328923731943384,0.4598121187597248,0.5020206555904805,outer_04,none,0.05,0,,False,5.0,0.0,0.0,0.0,0.0,0.0,0.0,0.0,0.0
2744,2021-08-26,2745,2746,2021-08-27,2021-08-30,0.01426933866391078,1.0,0.0007593481138297165,-0.01994827826626633,0.440250876057154,0.5125832716506291,outer_05,none,0.05,-1,row2744_entry2745_exit2746,True,5.0,0.000499875041651048,-0.01426933866391078,-0.014769213705561827,0.0,0.013769463622259732,-0.014769213705561827,0.013769463622259732,-0.014769213705561827
2745,2021-08-27,2746,2747,2021-08-30,2021-08-31,-0.004509155477386173,0.0,0.014495175583840059,0.001965789302496468,0.3829670072059617,0.5125832716506291,outer_05,none,0.05,-1,row2745_entry2746_exit2747,True,5.0,0.000499875041651048,0.004509155477386173,0.0040092804357351255,0.0,-0.005009030519037221,0.0040092804357351255,-0.005009030519037221,-0.005009030519037221
2746,2021-08-30,2747,2748,2021-08-31,2021-09-01,0.002466568776276823,1.0,-0.004255818197477446,-0.0016449369470112885,0.4839030806731787,0.5125832716506291,outer_05,none,0.05,0,,False,5.0,0.0,0.0,0.0,0.0,0.0,0.0,0.0,0.0
2747,2021-08-31,2748,2749,2021-09-01,2021-09-02,-0.0002756005353070634,0.0,0.002279005177452831,0.0022845296578068996,0.44655603685498296,0.5125832716506291,outer_05,none,0.05,-1,row2747_entry2748_exit2749,True,5.0,0.000499875041651048,0.0002756005353070634,-0.00022427450634398454,0.0,-0.0007754755769581114,-0.00022427450634398454,-0.0007754755769581114,-0.0007754755769581114
2748,2021-09-01,2749,2750,2021-09-02,2021-09-03,-0.0024727759008191796,0.0,-0.000270119046964723,0.0011971193335584829,0.4434874076209852,0.5125832716506291,outer_05,none,0.05,-1,row2748_entry2749_exit2750,True,5.0,0.000499875041651048,0.0024727759008191796,0.0019729008591681317,0.0,-0.0029726509424702276,0.0019729008591681317,0.0019729008591681317,-0.0029726509424702276
2749,2021-09-02,2750,2751,2021-09-03,2021-09-06,0.010336066157591084,1.0,-0.002329356451049591,0.0032214525490470436,0.49538421169913666,0.5125832716506291,outer_05,none,0.05,0,,False,5.0,0.0,0.0,0.0,0.0,0.0,0.0,0.0,0.0
2750,2021-09-03,2751,2752,2021-09-06,2021-09-07,-0.0026069207659524807,0.0,0.009919963452762026,0.03587916213577014,0.47758140259922005,0.5125832716506291,outer_05,none,0.05,0,,False,5.0,0.0,-0.0,-0.0,0.0,-0.0,-0.0,-0.0,-0.0
2751,2021-09-06,2752,2753,2021-09-07,2021-09-08,-0.015702310936113406,0.0,-0.0024378697980624864,0.052681684768431936,0.5725448651715216,0.5125832716506291,outer_05,none,0.05,1,row2751_entry2752_exit2753,True,5.0,0.000499875041651048,-0.015702310936113406,-0.016202185977764454,0.0,-0.016202185977764454,0.015202435894462359,0.015202435894462359,-0.016202185977764454
2752,2021-09-07,2753,2754,2021-09-08,2021-09-09,-0.0031132684868211413,0.0,-0.016157119682898013,0.037010350100523226,0.509660356899246,0.5125832716506291,outer_05,none,0.05,0,,False,5.0,0.0,-0.0,-0.0,0.0,-0.0,-0.0,-0.0,-0.0
2753,2021-09-08,2754,2755,2021-09-09,2021-09-10,0.0024166936562739494,1.0,-0.0025842764319046196,0.021346329466922498,0.4175093395194042,0.5125832716506291,outer_05,none,0.05,-1,row2753_entry2754_exit2755,True,5.0,0.000499875041651048,-0.0024166936562739494,-0.0029165686979249973,0.0,0.0019168186146229014,-0.0029165686979249973,-0.0029165686979249973,0.0019168186146229014
2754,2021-09-09,2755,2756,2021-09-10,2021-09-13,-0.0036412212619048034,0.0,0.0028295192792882062,0.023399672743587452,0.44390077832462244,0.5125832716506291,outer_05,none,0.05,-1,row2754_entry2755_exit2756,True,5.0,0.000499875041651048,0.0036412212619048034,0.0031413462202537555,0.0,-0.004141096303555851,0.0031413462202537555,-0.004141096303555851,-0.004141096303555851
2755,2021-09-10,2756,2757,2021-09-13,2021-09-14,0.003368031490883716,1.0,-0.0036570052788125196,0.004546596348999898,0.40696933824171727,0.5125832716506291,outer_05,none,0.05,-1,row2755_entry2756_exit2757,True,5.0,0.000499875041651048,-0.003368031490883716,-0.003867906532534764,0.0,0.002868156449232668,-0.003867906532534764,-0.003867906532534764,0.002868156449232668
2756,2021-09-13,2757,2758,2021-09-14,2021-09-15,0.005826705835633383,1.0,0.003105124270415871,0.0034240009321857556,0.4206390901199983,0.5125832716506291,outer_05,none,0.05,-1,row2756_entry2757_exit2758,True,5.0,0.000499875041651048,-0.005826705835633383,-0.006326580877284431,0.0,0.005326830793982336,-0.006326580877284431,0.005326830793982336,0.005326830793982336
2757,2021-09-14,2758,2759,2021-09-15,2021-09-16,-0.00541416227577507,0.0,0.006292300489383784,0.010522337781623925,0.41670116051518136,0.5125832716506291,outer_05,none,0.05,-1,row2757_entry2758_exit2759,True,5.0,0.000499875041651048,0.00541416227577507,0.004914287234124022,0.0,-0.005914037317426117,0.004914287234124022,-0.005914037317426117,-0.005914037317426117
2758,2021-09-15,2759,2760,2021-09-16,2021-09-17,-0.022860941070711682,0.0,-0.006091581244752398,0.003378560820959109,0.4451917358678545,0.5125832716506291,outer_05,none,0.05,-1,row2758_entry2759_exit2760,True,5.0,0.000499875041651048,0.022860941070711682,0.022361066029060635,0.0,-0.02336081611236273,0.022361066029060635,0.022361066029060635,-0.02336081611236273
2759,2021-09-16,2760,2761,2021-09-17,2021-09-20,0.00037060371769115363,1.0,-0.023128383640022676,-0.015444497306166483,0.3725506920475503,0.5125832716506291,outer_05,none,0.05,-1,row2759_entry2760_exit2761,True,5.0,0.000499875041651048,-0.00037060371769115363,-0.0008704787593422016,0.0,-0.00012927132395989431,-0.0008704787593422016,-0.0008704787593422016,-0.0008704787593422016
2760,2021-09-17,2761,2762,2021-09-20,2021-09-21,0.005820380886135901,1.0,0.0006844158777870035,-0.015288031925626555,0.35329833004134703,0.5125832716506291,outer_05,none,0.05,-1,row2760_entry2761_exit2762,True,5.0,0.000499875041651048,-0.005820380886135901,-0.006320255927786948,0.0,0.005320505844484853,-0.006320255927786948,0.005320505844484853,-0.006320255927786948
2761,2021-09-20,2762,2763,2021-09-21,2021-09-22,0.005876852012470124,1.0,0.006195419306192385,-0.02261160762272052,0.38932794434006057,0.5125832716506291,outer_05,none,0.05,-1,row2761_entry2762_exit2763,True,5.0,0.000499875041651048,-0.005876852012470124,-0.0063767270541211715,0.0,0.0053769769708190765,-0.0063767270541211715,0.0053769769708190765,-0.0063767270541211715
2762,2021-09-21,2763,2764,2021-09-22,2021-09-23,-0.0035219651022178056,0.0,0.005126173018707547,-0.016182777276393168,0.4222374154068456,0.5125832716506291,outer_05,none,0.05,-1,row2762_entry2763_exit2764,True,5.0,0.000499875041651048,0.0035219651022178056,0.0030220900605667576,0.0,-0.004021840143868853,0.0030220900605667576,-0.004021840143868853,0.0030220900605667576
2763,2021-09-22,2764,2765,2021-09-23,2021-09-24,-0.01365135082914648,0.0,-0.003331567109655431,-0.012556652311940475,0.4552851546632895,0.5125832716506291,outer_05,none,0.05,0,,False,5.0,0.0,-0.0,-0.0,0.0,-0.0,-0.0,-0.0,-0.0
2764,2021-09-23,2765,2766,2021-09-24,2021-09-27,0.002958979966625641,1.0,-0.01453392226602368,-0.02784992269179387,0.3860808184393704,0.5125832716506291,outer_05,none,0.05,-1,row2764_entry2765_exit2766,True,5.0,0.000499875041651048,-0.002958979966625641,-0.003458855008276689,0.0,0.002459104924974593,-0.003458855008276689,-0.003458855008276689,-0.003458855008276689
2765,2021-09-24,2766,2767,2021-09-27,2021-09-28,0.0004913611946379959,1.0,0.004146389309221732,-0.0381987089664122,0.37816327465656024,0.5125832716506291,outer_05,none,0.05,-1,row2765_entry2766_exit2767,True,5.0,0.000499875041651048,-0.0004913611946379959,-0.0009912362362890438,0.0,-8.513847013052068e-06,-0.0009912362362890438,-8.513847013052068e-06,-0.0009912362362890438
2766,2021-09-27,2767,2768,2021-09-28,2021-09-29,-0.009452359846261693,0.0,0.00024572341382089746,-0.033697167355113855,0.4255025479249921,0.5125832716506291,outer_05,none,0.05,-1,row2766_entry2767_exit2768,True,5.0,0.000499875041651048,0.009452359846261693,0.008952484804610646,0.0,-0.00995223488791274,0.008952484804610646,-0.00995223488791274,0.008952484804610646
2767,2021-09-28,2768,2769,2021-09-29,2021-09-30,-0.004368888492344958,0.0,-0.009541706526418281,-0.04551787905898497,0.45107599569826795,0.5125832716506291,outer_05,none,0.05,0,,False,5.0,0.0,-0.0,-0.0,0.0,-0.0,-0.0,-0.0,-0.0
2768,2021-09-29,2769,2770,2021-09-30,2021-10-01,0.016758660795518132,1.0,-0.004086722701422296,-0.04933448271344254,0.44076419588760724,0.5125832716506291,outer_05,none,0.05,-1,row2768_entry2769_exit2770,True,5.0,0.000499875041651048,-0.016758660795518132,-0.01725853583716918,0.0,0.016258785753867085,-0.01725853583716918,-0.01725853583716918,-0.01725853583716918
2769,2021-09-30,2770,2771,2021-10-01,2021-10-04,0.0028265877131810058,1.0,0.017625800052991636,-0.029379326209401313,0.3628692492588791,0.5125832716506291,outer_05,none,0.05,-1,row2769_entry2770_exit2771,True,5.0,0.000499875041651048,-0.0028265877131810058,-0.0033264627548320537,0.0,0.002326712671529958,-0.0033264627548320537,0.002326712671529958,-0.0033264627548320537
2770,2021-10-01,2771,2772,2021-10-04,2021-10-05,0.004431355355990263,1.0,0.0017001633181212839,-0.037599126344042055,0.448152245710202,0.5125832716506291,outer_05,none,0.05,-1,row2770_entry2771_exit2772,True,5.0,0.000499875041651048,-0.004431355355990263,-0.0049312303976413105,0.0,0.0039314803143392155,-0.0049312303976413105,0.0039314803143392155,-0.0049312303976413105
2771,2021-10-04,2772,2773,2021-10-05,2021-10-06,-0.004868754711409018,0.0,0.005213214810118494,-0.029948041735861075,0.40689904620198514,0.5125832716506291,outer_05,none,0.05,-1,row2771_entry2772_exit2773,True,5.0,0.000499875041651048,0.004868754711409018,0.00436887966975797,0.0,-0.0053686297530600655,0.00436887966975797,-0.0053686297530600655,0.00436887966975797
2772,2021-10-05,2773,2774,2021-10-06,2021-10-07,0.0016633696429773082,1.0,-0.005372304815624673,-0.019163226868587735,0.39507875957403316,0.5125832716506291,outer_05,none,0.05,-1,row2772_entry2773_exit2774,True,5.0,0.000499875041651048,-0.0016633696429773082,-0.002163244684628356,0.0,0.0011634946013262602,-0.002163244684628356,-0.002163244684628356,-0.002163244684628356
2773,2021-10-06,2774,2775,2021-10-07,2021-10-08,-0.003984216200589863,0.0,0.0017032200646314166,-0.014875730372051699,0.40927279662731997,0.5125832716506291,outer_05,none,0.05,-1,row2773_entry2774_exit2775,True,5.0,0.000499875041651048,0.003984216200589863,0.003484341158938815,0.0,-0.0044840912422409104,0.003484341158938815,-0.0044840912422409104,0.003484341158938815
2774,2021-10-07,2775,2776,2021-10-08,2021-10-11,0.0005864084360354127,1.0,-0.0045255891986979435,-0.02223083885003785,0.47656421221694917,0.5125832716506291,outer_05,none,0.05,0,,False,5.0,0.0,0.0,0.0,0.0,0.0,0.0,0.0,0.0
2775,2021-10-08,2776,2777,2021-10-11,2021-10-12,-0.0018115740578554806,0.0,0.0012471492301315834,-0.017326684341093745,0.43581222332057734,0.5125832716506291,outer_05,none,0.05,-1,row2775_entry2776_exit2777,True,5.0,0.000499875041651048,0.0018115740578554806,0.0013116990162044327,0.0,-0.0023114490995065286,0.0013116990162044327,-0.0023114490995065286,0.0013116990162044327
2776,2021-10-11,2777,2778,2021-10-12,2021-10-13,0.003932296807835911,1.0,-0.0017031170011101437,-0.02213492561261976,0.45309515710631526,0.5125832716506291,outer_05,none,0.05,0,,False,5.0,0.0,0.0,0.0,0.0,0.0,0.0,0.0,0.0
2777,2021-10-12,2778,2779,2021-10-13,2021-10-14,0.01819546896728319,1.0,0.003460151988243787,-0.024967074113759757,0.4690651519708231,0.5125832716506291,outer_05,none,0.05,0,,False,5.0,0.0,0.0,0.0,0.0,0.0,0.0,0.0,0.0
2778,2021-10-13,2779,2780,2021-10-14,2021-10-15,0.0016661794579206912,1.0,0.018328996011704568,-0.0005464968573027917,0.36623856801494337,0.5125832716506291,outer_05,none,0.05,-1,row2778_entry2779_exit2780,True,5.0,0.000499875041651048,-0.0016661794579206912,-0.002166054499571739,0.0,0.0011663044162696433,-0.002166054499571739,0.0011663044162696433,-0.002166054499571739
2779,2021-10-14,2780,2781,2021-10-15,2021-10-18,-0.016188049953898442,0.0,0.0017666716775286417,0.024348558460248526,0.45680583513626655,0.5125832716506291,outer_05,none,0.05,0,,False,5.0,0.0,-0.0,-0.0,0.0,-0.0,-0.0,-0.0,-0.0
2780,2021-10-15,2781,2782,2021-10-18,2021-10-19,-0.0012740261794448315,0.0,-0.015996569362849655,0.007667573219611867,0.41306607882421864,0.5125832716506291,outer_05,none,0.05,-1,row2780_entry2781_exit2782,True,5.0,0.000499875041651048,0.0012740261794448315,0.0007741511377937836,0.0,-0.0017739012210958795,0.0007741511377937836,0.0007741511377937836,-0.0017739012210958795
2781,2021-10-18,2782,2783,2021-10-19,2021-10-20,0.0025464312812593093,1.0,-0.0016364901230057072,-0.0001643362095862244,0.3376028941898231,0.5125832716506291,outer_05,none,0.05,-1,row2781_entry2782_exit2783,True,5.0,0.000499875041651048,-0.0025464312812593093,-0.0030463063229103572,0.0,0.0020465562396082613,-0.0030463063229103572,-0.0030463063229103572,-0.0030463063229103572
2782,2021-10-19,2783,2784,2021-10-20,2021-10-21,0.007443560415046235,1.0,0.002524396278200669,-0.0027661129500931025,0.41422568156472106,0.5125832716506291,outer_05,none,0.05,-1,row2782_entry2783_exit2784,True,5.0,0.000499875041651048,-0.007443560415046235,-0.007943435456697283,0.0,0.006943685373395188,-0.007943435456697283,0.006943685373395188,-0.007943435456697283
2783,2021-10-20,2784,2785,2021-10-21,2021-10-22,0.0004038115376721052,1.0,0.00736123626504348,0.007926690424605809,0.46537147752273583,0.5125832716506291,outer_05,none,0.05,0,,False,5.0,0.0,0.0,0.0,0.0,0.0,0.0,0.0,0.0
2784,2021-10-21,2785,2786,2021-10-22,2021-10-25,0.005346320370899882,1.0,0.0007067970608769514,0.02316740975150644,0.48057383909351664,0.5125832716506291,outer_05,none,0.05,0,,False,5.0,0.0,0.0,0.0,0.0,0.0,0.0,0.0,0.0
2785,2021-10-22,2786,2787,2021-10-25,2021-10-26,0.008065859003878906,1.0,0.0052293330277892736,0.024250353470073982,0.3825909471243744,0.5125832716506291,outer_05,none,0.05,-1,row2785_entry2786_exit2787,True,5.0,0.000499875041651048,-0.008065859003878906,-0.008565734045529953,0.0,0.007565983962227858,-0.008565734045529953,0.007565983962227858,0.007565983962227858
2786,2021-10-25,2787,2788,2021-10-26,2021-10-27,-0.007982200564506492,0.0,0.008199818172517581,0.032204448228770666,0.3545483047381684,0.5125832716506291,outer_05,none,0.05,-1,row2786_entry2787_exit2788,True,5.0,0.000499875041651048,0.007982200564506492,0.0074823255228554444,0.0,-0.00848207560615754,0.0074823255228554444,-0.00848207560615754,-0.00848207560615754
2787,2021-10-26,2788,2789,2021-10-27,2021-10-28,0.002044665780042365,1.0,-0.008015752153652578,0.03373040260153637,0.444792719419652,0.5125832716506291,outer_05,none,0.05,-1,row2787_entry2788_exit2789,True,5.0,0.000499875041651048,-0.002044665780042365,-0.002544540821693413,0.0,0.0015447907383913172,-0.002544540821693413,-0.002544540821693413,0.0015447907383913172
2788,2021-10-27,2789,2790,2021-10-28,2021-10-29,0.0015238140558988533,1.0,0.0021671981718265343,0.0399843234747852,0.44593285272303024,0.5125832716506291,outer_05,none,0.05,-1,row2788_entry2789_exit2790,True,5.0,0.000499875041651048,-0.0015238140558988533,-0.0020236890975499013,0.0,0.0010239390142478054,-0.0020236890975499013,0.0010239390142478054,0.0010239390142478054
2789,2021-10-28,2790,2791,2021-10-29,2021-11-01,-0.0090040660232793,0.0,0.0010679423658706,0.023426465787664164,0.4218330878880629,0.5125832716506291,outer_05,none,0.05,-1,row2789_entry2790_exit2791,True,5.0,0.000499875041651048,0.0090040660232793,0.008504190981628253,0.0,-0.009503941064930348,0.008504190981628253,-0.009503941064930348,-0.009503941064930348
2790,2021-10-29,2791,2792,2021-11-01,2021-11-02,0.0052905737773683015,1.0,-0.008839213392517031,0.012887089077025848,0.4141010033163972,0.5125832716506291,outer_05,none,0.05,-1,row2790_entry2791_exit2792,True,5.0,0.000499875041651048,-0.0052905737773683015,-0.005790448819019349,0.0,0.004790698735717254,-0.005790448819019349,-0.005790448819019349,0.004790698735717254
2791,2021-11-01,2792,2793,2021-11-02,2021-11-03,-0.0028990789621490265,0.0,0.00571561153097111,0.013389485797878464,0.4219710170378138,0.5125832716506291,outer_05,none,0.05,-1,row2791_entry2792_exit2793,True,5.0,0.000499875041651048,0.0028990789621490265,0.0023992039204979785,0.0,-0.0033989540038000744,0.0023992039204979785,-0.0033989540038000744,-0.0033989540038000744
2792,2021-11-02,2793,2794,2021-11-03,2021-11-04,-0.009148752480990119,0.0,-0.002993546010499948,0.01576824460300319,0.4596112789032308,0.5125832716506291,outer_05,none,0.05,0,,False,5.0,0.0,-0.0,-0.0,0.0,-0.0,-0.0,-0.0,-0.0
2793,2021-11-03,2794,2795,2021-11-04,2021-11-05,0.011093571661412227,1.0,-0.010090789526763011,0.003974235011608762,0.432975817066885,0.5125832716506291,outer_05,none,0.05,-1,row2793_entry2794_exit2795,True,5.0,0.000499875041651048,-0.011093571661412227,-0.011593446703063275,0.0,0.01059369661976118,-0.011593446703063275,-0.011593446703063275,0.01059369661976118
2794,2021-11-04,2795,2796,2021-11-05,2021-11-08,0.01363002136688074,1.0,0.012253073337766374,0.02075289754807308,0.4326905516960171,0.5125832716506291,outer_05,none,0.05,-1,row2794_entry2795_exit2796,True,5.0,0.000499875041651048,-0.01363002136688074,-0.014129896408531788,0.0,0.013130146325229693,-0.014129896408531788,0.013130146325229693,0.013130146325229693
2795,2021-11-05,2796,2797,2021-11-08,2021-11-09,0.004719827881247696,1.0,0.014478511981754316,0.03398426029969581,0.45551848724540966,0.5125832716506291,outer_05,none,0.05,0,,False,5.0,0.0,0.0,0.0,0.0,0.0,0.0,0.0,0.0
2796,2021-11-08,2797,2798,2021-11-09,2021-11-10,0.004004513157998879,1.0,0.003459660011232657,0.03914703731203861,0.5121966933160842,0.5125832716506291,outer_05,none,0.05,0,,False,5.0,0.0,0.0,0.0,0.0,0.0,0.0,0.0,0.0
2797,2021-11-09,2798,2799,2021-11-10,2021-11-11,0.009444233888031839,1.0,0.004124935413202024,0.03981182073699685,0.4857726216057392,0.5125832716506291,outer_05,none,0.05,0,,False,5.0,0.0,0.0,0.0,0.0,0.0,0.0,0.0,0.0
2798,2021-11-10,2799,2800,2021-11-11,2021-11-12,0.006882769919783094,1.0,0.009395148781042195,0.030877973506334477,0.3964670713057398,0.5125832716506291,outer_05,none,0.05,-1,row2798_entry2799_exit2800,True,5.0,0.000499875041651048,-0.006882769919783094,-0.007382644961434141,0.0,0.006382894878132046,-0.007382644961434141,0.006382894878132046,0.006382894878132046
2799,2021-11-11,2800,2801,2021-11-12,2021-11-15,0.002703472710326338,1.0,0.0068989208449403705,0.036010222673746206,0.48794315399010646,0.5125832716506291,outer_05,none,0.05,0,,False,5.0,0.0,0.0,0.0,0.0,0.0,0.0,0.0,0.0
2800,2021-11-12,2801,2802,2021-11-15,2021-11-16,-0.0019947135996805088,0.0,0.0013848187456710903,0.05339161078226695,0.4954754469880508,0.5125832716506291,outer_05,none,0.05,0,,False,5.0,0.0,-0.0,-0.0,0.0,-0.0,-0.0,-0.0,-0.0
2801,2021-11-15,2802,2803,2021-11-16,2021-11-17,-0.006910304313474391,0.0,-0.000880050284055578,0.05414805062121708,0.52428738777911,0.5125832716506291,outer_05,none,0.05,0,,False,5.0,0.0,-0.0,-0.0,0.0,-0.0,-0.0,-0.0,-0.0
2802,2021-11-16,2803,2804,2021-11-17,2021-11-18,0.008610351112203318,1.0,-0.006857588372452206,0.044766065970564206,0.5155396251408794,0.5125832716506291,outer_05,none,0.05,0,,False,5.0,0.0,0.0,0.0,0.0,0.0,0.0,0.0,0.0
2803,2021-11-17,2804,2805,2021-11-18,2021-11-19,-0.003784802514489982,0.0,0.009366905793273261,0.04677173549879399,0.5324178607786845,0.5125832716506291,outer_05,none,0.05,0,,False,5.0,0.0,-0.0,-0.0,0.0,-0.0,-0.0,-0.0,-0.0
2804,2021-11-18,2805,2806,2021-11-19,2021-11-22,-0.009185827738496855,0.0,-0.004605235985109424,0.04145970245280761,0.5733731715709737,0.5125832716506291,outer_05,none,0.05,1,row2804_entry2805_exit2806,True,5.0,0.000499875041651048,-0.009185827738496855,-0.009685702780147902,0.0,-0.009685702780147902,0.008685952696845807,0.008685952696845807,-0.009685702780147902
2805,2021-11-19,2806,2807,2021-11-22,2021-11-23,-0.01873381929502127,0.0,-0.007077888698041157,0.02915248072697718,0.47092472924020756,0.5125832716506291,outer_05,none,0.05,0,,False,5.0,0.0,-0.0,-0.0,0.0,-0.0,-0.0,-0.0,-0.0
2806,2021-11-22,2807,2808,2021-11-23,2021-11-24,-0.0105085618563443,0.0,-0.022425449488083338,-0.0014727869336237376,0.3117616382240176,0.5125832716506291,outer_05,none,0.05,-1,row2806_entry2807_exit2808,True,5.0,0.000499875041651048,0.0105085618563443,0.010008686814693253,0.0,-0.011008436897995348,0.010008686814693253,0.010008686814693253,0.010008686814693253
2807,2021-11-23,2808,2809,2021-11-24,2021-11-25,-0.0006541740168382049,0.0,-0.008619855545283883,-0.002076890325255043,0.3189791539319097,0.5125832716506291,outer_05,none,0.05,-1,row2807_entry2808_exit2809,True,5.0,0.000499875041651048,0.0006541740168382049,0.00015429897518715692,0.0,-0.0011540490584892528,0.00015429897518715692,0.00015429897518715692,0.00015429897518715692
2808,2021-11-24,2809,2810,2021-11-25,2021-11-26,0.0014196291228385505,1.0,-0.0003577497578621802,-0.0046018382549437575,0.3203619747192698,0.5125832716506291,outer_05,none,0.05,-1,row2808_entry2809_exit2810,True,5.0,0.000499875041651048,-0.0014196291228385505,-0.0019195041644895984,0.0,0.0009197540811875025,-0.0019195041644895984,-0.0019195041644895984,-0.0019195041644895984
2809,2021-11-25,2810,2811,2021-11-26,2021-11-29,-0.0010841018105631761,0.0,-0.00012300604422499362,-0.005792786665039351,0.4082058692864138,0.5125832716506291,outer_05,none,0.05,-1,row2809_entry2810_exit2811,True,5.0,0.000499875041651048,0.0010841018105631761,0.0005842267689121282,0.0,-0.001583976852214224,0.0005842267689121282,0.0005842267689121282,0.0005842267689121282
2810,2021-11-26,2811,2812,2021-11-29,2021-11-30,-0.001908413546344967,0.0,0.001363402906712885,0.004409829634190565,0.4280005116804363,0.5125832716506291,outer_05,none,0.05,-1,row2810_entry2811_exit2812,True,5.0,0.000499875041651048,0.001908413546344967,0.001408538504693919,0.0,-0.002408288587996015,0.001408538504693919,-0.002408288587996015,-0.002408288587996015
2811,2021-11-29,2812,2813,2021-11-30,2021-12-01,-0.005172672252484745,0.0,-0.0032999453854341,-0.0046057272822146444,0.37297199759893473,0.5125832716506291,outer_05,none,0.05,-1,row2811_entry2812_exit2813,True,5.0,0.000499875041651048,0.005172672252484745,0.004672797210833697,0.0,-0.005672547294135792,0.004672797210833697,0.004672797210833697,0.004672797210833697
2812,2021-11-30,2813,2814,2021-12-01,2021-12-02,0.003131511895961836,1.0,-0.005916761422356309,-0.007528942694071006,0.380562072956299,0.5125832716506291,outer_05,none,0.05,-1,row2812_entry2813_exit2814,True,5.0,0.000499875041651048,-0.003131511895961836,-0.003631386937612884,0.0,0.002631636854310788,-0.003631386937612884,-0.003631386937612884,-0.003631386937612884
2813,2021-12-01,2814,2815,2021-12-02,2021-12-03,-0.006651390980661809,0.0,0.004189742119256934,0.006751588951948939,0.40667647624509534,0.5125832716506291,outer_05,none,0.05,-1,row2813_entry2814_exit2815,True,5.0,0.000499875041651048,0.006651390980661809,0.006151515939010761,0.0,-0.007151266022312856,0.006151515939010761,-0.007151266022312856,-0.007151266022312856
2814,2021-12-02,2815,2816,2021-12-03,2021-12-06,0.006943240523069605,1.0,-0.007593803743882077,-0.013095288129699512,0.44399852304668297,0.5125832716506291,outer_05,none,0.05,-1,row2814_entry2815_exit2816,True,5.0,0.000499875041651048,-0.006943240523069605,-0.007443115564720652,0.0,0.006443365481418557,-0.007443115564720652,-0.007443115564720652,-0.007443115564720652
2815,2021-12-03,2816,2817,2021-12-06,2021-12-07,-0.0017242690873553457,0.0,0.00871558435151254,-0.018858215759941288,0.39260017023587224,0.5125832716506291,outer_05,none,0.05,-1,row2815_entry2816_exit2817,True,5.0,0.000499875041651048,0.0017242690873553457,0.0012243940457042977,0.0,-0.0022241441290063936,0.0012243940457042977,-0.0022241441290063936,0.0012243940457042977
2816,2021-12-06,2817,2818,2021-12-07,2021-12-08,0.0031822405226522577,1.0,-0.003093552891715312,-0.025411428662889257,0.4147551900091305,0.5125832716506291,outer_05,none,0.05,-1,row2816_entry2817_exit2818,True,5.0,0.000499875041651048,-0.0031822405226522577,-0.0036821155643033056,0.0,0.0026823654810012097,-0.0036821155643033056,-0.0036821155643033056,-0.0036821155643033056
2817,2021-12-07,2818,2819,2021-12-08,2021-12-09,-0.0008520944097947236,0.0,0.003250501805166728,-0.026285862270924554,0.41412988335475454,0.5125832716506291,outer_05,none,0.05,-1,row2817_entry2818_exit2819,True,5.0,0.000499875041651048,0.0008520944097947236,0.00035221936814367567,0.0,-0.0013519694514457716,0.00035221936814367567,-0.0013519694514457716,0.00035221936814367567
2818,2021-12-08,2819,2820,2021-12-09,2021-12-10,-0.0039841921506234,0.0,-0.0009364530425148843,-0.03661746409448163,0.44673366669248016,0.5125832716506291,outer_05,none,0.05,-1,row2818_entry2819_exit2820,True,5.0,0.000499875041651048,0.0039841921506234,0.003484317108972352,0.0,-0.004484067192274448,0.003484317108972352,0.003484317108972352,0.003484317108972352
2819,2021-12-09,2820,2821,2021-12-10,2021-12-13,0.0038103205627653125,1.0,-0.004137603510278254,-0.04765398844970026,0.4869946967122159,0.5125832716506291,outer_05,none,0.05,0,,False,5.0,0.0,0.0,0.0,0.0,0.0,0.0,0.0,0.0
2820,2021-12-10,2821,2822,2021-12-13,2021-12-14,0.0017821520554477388,1.0,0.004322720653496148,-0.0447160865418752,0.4727130997037902,0.5125832716506291,outer_05,none,0.05,0,,False,5.0,0.0,0.0,0.0,0.0,0.0,0.0,0.0,0.0
2821,2021-12-13,2822,2823,2021-12-14,2021-12-15,-0.008157711393939948,0.0,0.002336259855114875,-0.04149977640270475,0.49193584893036163,0.5125832716506291,outer_05,none,0.05,0,,False,5.0,0.0,-0.0,-0.0,0.0,-0.0,-0.0,-0.0,-0.0
2822,2021-12-14,2823,2824,2021-12-15,2021-12-16,0.0038875697593017122,1.0,-0.009225463665726075,-0.043867651695978616,0.4625296789175389,0.5125832716506291,outer_05,none,0.05,0,,False,5.0,0.0,0.0,0.0,0.0,0.0,0.0,0.0,0.0
2823,2021-12-15,2824,2825,2021-12-16,2021-12-17,0.011211475296484252,1.0,0.003670018523115104,-0.04956453896613677,0.446878086208532,0.5125832716506291,outer_05,none,0.05,-1,row2823_entry2824_exit2825,True,5.0,0.000499875041651048,-0.011211475296484252,-0.0117113503381353,0.0,0.010711600254833205,-0.0117113503381353,0.010711600254833205,-0.0117113503381353
2824,2021-12-16,2825,2826,2021-12-17,2021-12-20,0.0010670520922415605,1.0,0.01226487714585911,-0.03269442583516824,0.41412479448803263,0.5125832716506291,outer_05,none,0.05,-1,row2824_entry2825_exit2826,True,5.0,0.000499875041651048,-0.0010670520922415605,-0.0015669271338926084,0.0,0.0005671770505905126,-0.0015669271338926084,0.0005671770505905126,-0.0015669271338926084
2825,2021-12-17,2826,2827,2021-12-20,2021-12-21,-0.005296424911123587,0.0,-0.0005782596769412507,-0.026194796814068333,0.4628621816193591,0.5125832716506291,outer_05,none,0.05,0,,False,5.0,0.0,-0.0,-0.0,0.0,-0.0,-0.0,-0.0,-0.0
2826,2021-12-20,2827,2828,2021-12-21,2021-12-22,-0.0010783117924333396,0.0,-0.004280608941949815,-0.00804995626793481,0.39728634656983397,0.5125832716506291,outer_05,none,0.05,-1,row2826_entry2827_exit2828,True,5.0,0.000499875041651048,0.0010783117924333396,0.0005784367507822917,0.0,-0.0015781868340843876,0.0005784367507822917,0.0005784367507822917,0.0005784367507822917
2827,2021-12-21,2828,2829,2021-12-22,2021-12-23,0.007939908081847413,1.0,-0.0009332398908084016,-0.00036334061345932867,0.39617688120648037,0.5125832716506291,outer_05,none,0.05,-1,row2827_entry2828_exit2829,True,5.0,0.000499875041651048,-0.007939908081847413,-0.00843978312349846,0.0,0.007440033040196366,-0.00843978312349846,-0.00843978312349846,-0.00843978312349846
2828,2021-12-22,2829,2830,2021-12-23,2021-12-27,0.0015737998870566372,1.0,0.008301436527424322,0.008295845671827173,0.4684407787820453,0.5125832716506291,outer_05,none,0.05,0,,False,5.0,0.0,0.0,0.0,0.0,0.0,0.0,0.0,0.0
2829,2021-12-23,2830,2831,2021-12-27,2021-12-28,0.0030849888462132213,1.0,0.0023371095842668055,0.010755961300318972,0.542833334026344,0.5125832716506291,outer_05,none,0.05,0,,False,5.0,0.0,0.0,0.0,0.0,0.0,0.0,0.0,0.0
2830,2021-12-27,2831,2832,2021-12-28,2021-12-29,-0.0027583479572816927,0.0,0.0022433551421494613,0.011635913535755549,0.5036411034275504,0.5125832716506291,outer_05,none,0.05,0,,False,5.0,0.0,-0.0,-0.0,0.0,-0.0,-0.0,-0.0,-0.0
2831,2021-12-28,2832,2833,2021-12-29,2021-12-30,-0.0015788296121996837,0.0,-0.0031454302526441325,0.011790428668545516,0.5018160330939965,0.5125832716506291,outer_05,none,0.05,0,,False,5.0,0.0,-0.0,-0.0,0.0,-0.0,-0.0,-0.0,-0.0
2832,2021-12-29,2833,2834,2021-12-30,2021-12-31,0.006041446098111081,1.0,-0.0012354469539825885,0.016471743136919237,0.4805763424421623,0.5125832716506291,outer_05,none,0.05,0,,False,5.0,0.0,0.0,0.0,0.0,0.0,0.0,0.0,0.0
2833,2021-12-30,2834,2835,2021-12-31,2022-01-03,0.008773068967757425,1.0,0.006178556148936032,0.018460557166598335,0.4765653466192329,0.5125832716506291,outer_05,none,0.05,0,,False,5.0,0.0,0.0,0.0,0.0,0.0,0.0,0.0,0.0
2834,2021-12-31,2835,2836,2022-01-03,2022-01-04,-0.015507771373841628,0.0,0.00724062065160247,0.03329498156208288,0.5083074853327907,0.5125832716506291,outer_05,none,0.05,0,,False,5.0,0.0,-0.0,-0.0,0.0,-0.0,-0.0,-0.0,-0.0
2835,2022-01-03,2836,2837,2022-01-04,2022-01-05,0.006293746406347722,1.0,-0.014917055086754338,0.009662342123816003,0.46587483152505804,0.5125832716506291,outer_05,none,0.05,0,,False,5.0,0.0,0.0,0.0,0.0,0.0,0.0,0.0,0.0
2836,2022-01-04,2837,2838,2022-01-05,2022-01-06,-0.0020861510366669833,0.0,0.00727967900762394,0.020035574023155256,0.42922075924172765,0.5125832716506291,outer_05,none,0.05,-1,row2836_entry2837_exit2838,True,5.0,0.000499875041651048,0.0020861510366669833,0.0015862759950159354,0.0,-0.0025860260783180313,0.0015862759950159354,-0.0025860260783180313,-0.0025860260783180313
2837,2022-01-05,2838,2839,2022-01-06,2022-01-07,-0.010485373358484651,0.0,-0.0021131683583410776,0.01467190385964745,0.4466854436077209,0.5125832716506291,outer_05,none,0.05,-1,row2837_entry2838_exit2839,True,5.0,0.000499875041651048,0.010485373358484651,0.009985498316833603,0.0,-0.010985248400135698,0.009985498316833603,0.009985498316833603,-0.010985248400135698
2838,2022-01-06,2839,2840,2022-01-07,2022-01-10,0.0021025458579781997,1.0,-0.01156043705850518,0.004047919843657155,0.363045295169187,0.5125832716506291,outer_05,none,0.05,-1,row2838_entry2839_exit2840,True,5.0,0.000499875041651048,-0.0021025458579781997,-0.0026024208996292477,0.0,0.0016026708163271518,-0.0026024208996292477,-0.0026024208996292477,0.0016026708163271518
2839,2022-01-07,2840,2841,2022-01-10,2022-01-11,0.0030372503434001885,1.0,0.0036698107565955596,0.011855334110530968,0.3519639035590864,0.5125832716506291,outer_05,none,0.05,-1,row2839_entry2840_exit2841,True,5.0,0.000499875041651048,-0.0030372503434001885,-0.0035371253850512365,0.0,0.0025373753017491406,-0.0035371253850512365,0.0025373753017491406,0.0025373753017491406
2840,2022-01-10,2841,2842,2022-01-11,2022-01-12,0.01089900446472214,1.0,0.0029961195178689337,0.010528732974903754,0.3575322226311545,0.5125832716506291,outer_05,none,0.05,-1,row2840_entry2841_exit2842,True,5.0,0.000499875041651048,-0.01089900446472214,-0.011398879506373187,0.0,0.010399129423071092,-0.011398879506373187,0.010399129423071092,0.010399129423071092
2841,2022-01-11,2842,2843,2022-01-12,2022-01-13,0.00309387177933651,1.0,0.01089679355201767,0.01908926667180655,0.4143069466214899,0.5125832716506291,outer_05,none,0.05,-1,row2841_entry2842_exit2843,True,5.0,0.000499875041651048,-0.00309387177933651,-0.003593746820987558,0.0,0.002593996737685462,-0.003593746820987558,0.002593996737685462,0.002593996737685462
2842,2022-01-12,2843,2844,2022-01-13,2022-01-14,-0.002352445515909629,0.0,0.002582542688853273,0.030897273026385896,0.4617342415688935,0.5125832716506291,outer_05,none,0.05,0,,False,5.0,0.0,-0.0,-0.0,0.0,-0.0,-0.0,-0.0,-0.0
2843,2022-01-13,2844,2845,2022-01-14,2022-01-17,-0.0022754514000604686,0.0,-0.001880044951312776,0.025347209551958017,0.47274606934821334,0.5125832716506291,outer_05,none,0.05,0,,False,5.0,0.0,-0.0,-0.0,0.0,-0.0,-0.0,-0.0,-0.0
2844,2022-01-14,2845,2846,2022-01-17,2022-01-18,0.0005061035089681809,1.0,-0.0028404661636258766,0.01024186624247303,0.43357938669710727,0.5125832716506291,outer_05,none,0.05,-1,row2844_entry2845_exit2846,True,5.0,0.000499875041651048,-0.0005061035089681809,-0.0010059785506192289,0.0,6.228467317132957e-06,-0.0010059785506192289,-0.0010059785506192289,6.228467317132957e-06
2845,2022-01-17,2846,2847,2022-01-18,2022-01-19,-0.002307047425731845,0.0,0.0008634320583711386,0.01168355797778542,0.4880091346207557,0.5125832716506291,outer_05,none,0.05,0,,False,5.0,0.0,-0.0,-0.0,0.0,-0.0,-0.0,-0.0,-0.0
2846,2022-01-18,2847,2848,2022-01-19,2022-01-20,0.014295809212321764,1.0,-0.0029784128535848,0.012985754066150434,0.47318378936820504,0.5125832716506291,outer_05,none,0.05,0,,False,5.0,0.0,0.0,0.0,0.0,0.0,0.0,0.0,0.0
2847,2022-01-19,2848,2849,2022-01-20,2022-01-21,-0.0005109445518902689,0.0,0.014738946681475795,0.02865794063843463,0.48367119913582923,0.5125832716506291,outer_05,none,0.05,0,,False,5.0,0.0,-0.0,-0.0,0.0,-0.0,-0.0,-0.0,-0.0
2848,2022-01-20,2849,2850,2022-01-21,2022-01-24,-0.0034639048185685084,0.0,-0.000597800113451008,0.0197587039975593,0.5349957538300134,0.5125832716506291,outer_05,none,0.05,0,,False,5.0,0.0,-0.0,-0.0,0.0,-0.0,-0.0,-0.0,-0.0
2849,2022-01-21,2850,2851,2022-01-24,2022-01-25,0.005413874340144176,1.0,-0.002667277911160504,0.014754316502131992,0.4586252866976379,0.5125832716506291,outer_05,none,0.05,0,,False,5.0,0.0,0.0,0.0,0.0,0.0,0.0,0.0,0.0
2850,2022-01-24,2851,2852,2022-01-25,2022-01-26,0.0025146747698698846,1.0,0.004638663596963077,0.01714962495694561,0.4484496523567557,0.5125832716506291,outer_05,none,0.05,-1,row2850_entry2851_exit2852,True,5.0,0.000499875041651048,-0.0025146747698698846,-0.0030145498115209325,0.0,0.0020147997282188366,-0.0030145498115209325,0.0020147997282188366,0.0020147997282188366
2851,2022-01-25,2852,2853,2022-01-26,2022-01-27,-0.01505190140395829,0.0,0.0024547203352520697,0.02274977554484181,0.5133474445745835,0.5125832716506291,outer_05,none,0.05,0,,False,5.0,0.0,-0.0,-0.0,0.0,-0.0,-0.0,-0.0,-0.0
2852,2022-01-26,2853,2854,2022-01-27,2022-01-28,-0.01249052092586922,0.0,-0.01573727498089106,0.00824794751793334,0.4597693264630553,0.5125832716506291,outer_05,none,0.05,0,,False,5.0,0.0,-0.0,-0.0,0.0,-0.0,-0.0,-0.0,-0.0
2853,2022-01-27,2854,2855,2022-01-28,2022-01-31,-0.004651093358930325,0.0,-0.012247286293039394,-0.010177894924042086,0.4265505524368931,0.5125832716506291,outer_05,none,0.05,-1,row2853_entry2854_exit2855,True,5.0,0.000499875041651048,0.004651093358930325,0.004151218317279277,0.0,-0.0051509684005813725,0.004151218317279277,0.004151218317279277,0.004151218317279277
2854,2022-01-28,2855,2856,2022-01-31,2022-02-01,0.004767928463005333,1.0,-0.002853736873762891,-0.020272252449407446,0.4023852946020321,0.5125832716506291,outer_05,none,0.05,-1,row2854_entry2855_exit2856,True,5.0,0.000499875041651048,-0.004767928463005333,-0.005267803504656381,0.0,0.004268053421354286,-0.005267803504656381,-0.005267803504656381,-0.005267803504656381
2855,2022-01-31,2856,2857,2022-02-01,2022-02-02,0.0019507971939320967,1.0,0.002953915525775841,-0.002401281836877267,0.3775355054659206,0.5125832716506291,outer_05,none,0.05,-1,row2855_entry2856_exit2857,True,5.0,0.000499875041651048,-0.0019507971939320967,-0.0024506722355831447,0.0,0.0014509221522810488,-0.0024506722355831447,0.0014509221522810488,-0.0024506722355831447
2856,2022-02-01,2857,2858,2022-02-02,2022-02-03,0.0032816357790954598,1.0,0.002234712335368094,-0.007446248509133113,0.47517544508330395,0.5125832716506291,outer_05,none,0.05,0,,False,5.0,0.0,0.0,0.0,0.0,0.0,0.0,0.0,0.0
2857,2022-02-02,2858,2859,2022-02-03,2022-02-04,-0.0011850245313516083,0.0,0.0033039921845094966,-0.002029087966282539,0.44335356558302047,0.5125832716506291,outer_05,none,0.05,-1,row2857_entry2858_exit2859,True,5.0,0.000499875041651048,0.0011850245313516083,0.0006851494897005604,0.0,-0.0016848995730026563,0.0006851494897005604,-0.0016848995730026563,0.0006851494897005604
2858,2022-02-03,2859,2860,2022-02-04,2022-02-07,0.0020645782837007687,1.0,-0.0010964245479208046,0.008434924544301836,0.45949734048239027,0.5125832716506291,outer_05,none,0.05,0,,False,5.0,0.0,0.0,0.0,0.0,0.0,0.0,0.0,0.0
2859,2022-02-04,2860,2861,2022-02-07,2022-02-08,0.0069812638731869825,1.0,0.0016386548984401728,0.006403768686146449,0.4399408354039511,0.5125832716506291,outer_05,none,0.05,-1,row2859_entry2860_exit2861,True,5.0,0.000499875041651048,-0.0069812638731869825,-0.00748113891483803,0.0,0.006481388831535935,-0.00748113891483803,0.006481388831535935,0.006481388831535935
2860,2022-02-07,2861,2862,2022-02-08,2022-02-09,0.002495237039592091,1.0,0.006967440101345979,0.010375089269623494,0.4432720005584077,0.5125832716506291,outer_05,none,0.05,-1,row2860_entry2861_exit2862,True,5.0,0.000499875041651048,-0.002495237039592091,-0.002995112081243139,0.0,0.001995361997941043,-0.002995112081243139,0.001995361997941043,0.001995361997941043
2861,2022-02-08,2862,2863,2022-02-09,2022-02-10,0.003821253307046746,1.0,0.0030440088114493946,0.0025223045290552193,0.49752283387598045,0.5125832716506291,outer_05,none,0.05,0,,False,5.0,0.0,0.0,0.0,0.0,0.0,0.0,0.0,0.0
2862,2022-02-09,2863,2864,2022-02-10,2022-02-11,-0.002983592466887508,0.0,0.003738832965074934,0.00367859480527688,0.5242029145583378,0.5125832716506291,outer_05,none,0.05,0,,False,5.0,0.0,-0.0,-0.0,0.0,-0.0,-0.0,-0.0,-0.0
2863,2022-02-10,2864,2865,2022-02-11,2022-02-14,0.015519678126221237,1.0,-0.0033446126674796517,0.0022140270891100045,0.5459737244468044,0.5125832716506291,outer_05,none,0.05,0,,False,5.0,0.0,0.0,0.0,0.0,0.0,0.0,0.0,0.0
2864,2022-02-11,2865,2866,2022-02-14,2022-02-15,0.007894996770263063,1.0,0.01748951851994729,0.02254401177268317,0.5140104855442361,0.5125832716506291,outer_05,none,0.05,0,,False,5.0,0.0,0.0,0.0,0.0,0.0,0.0,0.0,0.0
2865,2022-02-14,2866,2867,2022-02-15,2022-02-16,-0.008989427950563567,0.0,0.006840529311419097,0.02852110902573113,0.5264923141936976,0.5125832716506291,outer_05,none,0.05,0,,False,5.0,0.0,-0.0,-0.0,0.0,-0.0,-0.0,-0.0,-0.0
2866,2022-02-15,2867,2868,2022-02-16,2022-02-17,0.008604444441282055,1.0,-0.009868271540479867,0.02163125033883606,0.615287762575673,0.5125832716506291,outer_05,none,0.05,1,row2866_entry2867_exit2868,True,5.0,0.000499875041651048,0.008604444441282055,0.008104569399631008,0.0,0.008104569399631008,-0.009104319482933103,-0.009104319482933103,0.008104569399631008
2867,2022-02-16,2868,2869,2022-02-17,2022-02-18,0.015305960946450092,1.0,0.008403320493349575,0.015295624150709841,0.5505682860595839,0.5125832716506291,outer_05,none,0.05,1,row2867_entry2868_exit2869,True,5.0,0.000499875041651048,0.015305960946450092,0.014806085904799045,0.0,0.014806085904799045,-0.01580583598810114,0.014806085904799045,0.014806085904799045
2868,2022-02-17,2869,2870,2022-02-18,2022-02-21,0.0020256608079360916,1.0,0.01552888063778024,0.03142230490194109,0.5735137473072041,0.5125832716506291,outer_05,none,0.05,1,row2868_entry2869_exit2870,True,5.0,0.000499875041651048,0.0020256608079360916,0.0015257857662850437,0.0,0.0015257857662850437,-0.0025255358495871395,0.0015257857662850437,0.0015257857662850437
2869,2022-02-18,2870,2871,2022-02-21,2022-02-22,0.004959979129378844,1.0,-0.00047950385443940036,0.03361007895866219,0.6464421550312786,0.5125832716506291,outer_05,none,0.05,1,row2869_entry2870_exit2871,True,5.0,0.000499875041651048,0.004959979129378844,0.004460104087727797,0.0,0.004460104087727797,-0.005459854171029892,-0.005459854171029892,0.004460104087727797
2870,2022-02-21,2871,2872,2022-02-22,2022-02-23,-0.006869777287090706,0.0,0.003220377441129685,0.0321917928028288,0.617651214121663,0.5125832716506291,outer_05,none,0.05,1,row2870_entry2871_exit2872,True,5.0,0.000499875041651048,-0.006869777287090706,-0.007369652328741753,0.0,-0.007369652328741753,0.006369902245439658,-0.007369652328741753,-0.007369652328741753
2871,2022-02-22,2872,2873,2022-02-23,2022-02-24,0.0057132510277559945,1.0,-0.0026091820081761696,0.02712789045940056,0.5535369163828331,0.5125832716506291,outer_05,none,0.05,1,row2871_entry2872_exit2873,True,5.0,0.000499875041651048,0.0057132510277559945,0.005213375986104947,0.0,0.005213375986104947,-0.006213126069407042,-0.006213126069407042,0.005213375986104947
2872,2022-02-23,2873,2874,2022-02-24,2022-02-25,-0.0017241880543927834,0.0,0.005033400178564129,0.04789856561885575,0.6020521893477413,0.5125832716506291,outer_05,none,0.05,1,row2872_entry2873_exit2874,True,5.0,0.000499875041651048,-0.0017241880543927834,-0.0022240630960438314,0.0,-0.0022240630960438314,0.0012243130127417355,-0.0022240630960438314,-0.0022240630960438314
2873,2022-02-24,2874,2875,2022-02-25,2022-02-28,0.006946704742326837,1.0,-0.0022613701151437127,0.05788448179675143,0.5654584040870355,0.5125832716506291,outer_05,none,0.05,1,row2873_entry2874_exit2875,True,5.0,0.000499875041651048,0.006946704742326837,0.006446829700675789,0.0,0.006446829700675789,-0.007446579783977884,-0.007446579783977884,0.006446829700675789
2874,2022-02-25,2875,2876,2022-02-28,2022-03-01,-0.006003011687077731,0.0,-0.008185656541720654,0.05255256212879367,0.49501299117734976,0.5125832716506291,outer_05,none,0.05,0,,False,5.0,0.0,-0.0,-0.0,0.0,-0.0,-0.0,-0.0,-0.0
2875,2022-02-28,2876,2877,2022-03-01,2022-03-02,0.0180100836108128,1.0,0.010541357874802593,0.06014000447782042,0.505846407625386,0.5125832716506291,outer_05,none,0.05,0,,False,5.0,0.0,0.0,0.0,0.0,0.0,0.0,0.0,0.0
2876,2022-03-01,2877,2878,2022-03-02,2022-03-03,-0.007081183956882953,0.0,0.019157544763686474,0.0770628369061388,0.5214561056912905,0.5125832716506291,outer_05,none,0.05,0,,False,5.0,0.0,-0.0,-0.0,0.0,-0.0,-0.0,-0.0,-0.0
2877,2022-03-02,2878,2879,2022-03-03,2022-03-04,0.0038541275182000234,1.0,-0.009068483281026829,0.06469036144060247,0.6062460476427182,0.5125832716506291,outer_05,none,0.05,1,row2877_entry2878_exit2879,True,5.0,0.000499875041651048,0.0038541275182000234,0.0033542524765489755,0.0,0.0033542524765489755,-0.004354002559851071,-0.004354002559851071,0.0033542524765489755
2878,2022-03-03,2879,2880,2022-03-04,2022-03-07,0.0224393507630678,1.0,0.004663291950962822,0.0704500779394861,0.5539003145076704,0.5125832716506291,outer_05,none,0.05,1,row2878_entry2879_exit2880,True,5.0,0.000499875041651048,0.0224393507630678,0.021939475721416753,0.0,0.021939475721416753,-0.022939225804718848,0.021939475721416753,0.021939475721416753
2879,2022-03-04,2880,2881,2022-03-07,2022-03-08,0.008326049255015455,1.0,0.016957368824534136,0.08576879186558006,0.5169997728717703,0.5125832716506291,outer_05,none,0.05,0,,False,5.0,0.0,0.0,0.0,0.0,0.0,0.0,0.0,0.0
2880,2022-03-07,2881,2882,2022-03-08,2022-03-09,0.026083450626256166,1.0,0.013864673138634487,0.09266602490286857,0.5629762658177268,0.5125832716506291,outer_05,none,0.05,1,row2880_entry2881_exit2882,True,5.0,0.000499875041651048,0.026083450626256166,0.02558357558460512,0.0,0.02558357558460512,-0.026583325667907214,0.02558357558460512,0.02558357558460512
2881,2022-03-08,2882,2883,2022-03-09,2022-03-10,-0.028770775198564635,0.0,0.026146733722162807,0.11576874981358198,0.49207825682088197,0.5125832716506291,outer_05,none,0.05,0,,False,5.0,0.0,-0.0,-0.0,0.0,-0.0,-0.0,-0.0,-0.0
2882,2022-03-09,2883,2884,2022-03-10,2022-03-11,0.002747405982637119,1.0,-0.028578038073256096,0.08345187877525095,0.6470022853675516,0.5125832716506291,outer_05,none,0.05,1,row2882_entry2883_exit2884,True,5.0,0.000499875041651048,0.002747405982637119,0.002247530940986071,0.0,0.002247530940986071,-0.003247281024288167,-0.003247281024288167,0.002247530940986071
2883,2022-03-10,2884,2885,2022-03-11,2022-03-14,-0.0088608301995583,0.0,0.0018152647648417286,0.08861175620757233,0.640423163263102,0.5125832716506291,outer_05,none,0.05,1,row2883_entry2884_exit2885,True,5.0,0.000499875041651048,-0.0088608301995583,-0.009360705241209348,0.0,-0.009360705241209348,0.008360955157907253,-0.009360705241209348,-0.009360705241209348
2884,2022-03-11,2885,2886,2022-03-14,2022-03-15,-0.013450460977923129,0.0,-0.005420448664678723,0.06570178902294632,0.705284314412352,0.5125832716506291,outer_05,none,0.05,1,row2884_entry2885_exit2886,True,5.0,0.000499875041651048,-0.013450460977923129,-0.013950336019574176,0.0,-0.013950336019574176,0.012950585936272081,0.012950585936272081,-0.013950336019574176
2885,2022-03-14,2886,2887,2022-03-15,2022-03-16,-0.017127534728539118,0.0,-0.017162177646528498,0.04169908206499873,0.7790908195384498,0.5125832716506291,outer_05,none,0.05,1,row2885_entry2886_exit2887,True,5.0,0.000499875041651048,-0.017127534728539118,-0.017627409770190165,0.0,-0.017627409770190165,0.01662765968688807,0.01662765968688807,-0.017627409770190165
2886,2022-03-15,2887,2888,2022-03-16,2022-03-17,0.0029278333901707754,1.0,-0.01751401707267064,0.034053336532807954,0.7419601619046002,0.5125832716506291,outer_05,none,0.05,1,row2886_entry2887_exit2888,True,5.0,0.000499875041651048,0.0029278333901707754,0.0024279583485197274,0.0,0.0024279583485197274,-0.0034277084318218233,-0.0034277084318218233,0.0024279583485197274
2887,2022-03-16,2888,2889,2022-03-17,2022-03-18,0.008495595202408168,1.0,0.003784107638844958,0.029434123678303337,0.6258223549547339,0.5125832716506291,outer_05,none,0.05,1,row2887_entry2888_exit2889,True,5.0,0.000499875041651048,0.008495595202408168,0.00799572016075712,0.0,0.00799572016075712,-0.008995470244059216,0.00799572016075712,0.00799572016075712
2888,2022-03-17,2889,2890,2022-03-18,2022-03-21,-0.008822795693531837,0.0,0.009169038661799078,0.023074281702322175,0.5670994221160511,0.5125832716506291,outer_05,none,0.05,1,row2888_entry2889_exit2890,True,5.0,0.000499875041651048,-0.008822795693531837,-0.009322670735182885,0.0,-0.009322670735182885,0.00832292065188079,-0.009322670735182885,-0.009322670735182885
2889,2022-03-18,2890,2891,2022-03-21,2022-03-22,0.005708026396039401,1.0,-0.011296162361096762,0.012257623195664813,0.6640472071445392,0.5125832716506291,outer_05,none,0.05,1,row2889_entry2890_exit2891,True,5.0,0.000499875041651048,0.005708026396039401,0.005208151354388353,0.0,0.005208151354388353,-0.006207901437690448,-0.006207901437690448,0.005208151354388353
2890,2022-03-21,2891,2892,2022-03-22,2022-03-23,-0.007715119489669853,0.0,0.007350285319707162,0.01638753107424229,0.563530287220848,0.5125832716506291,outer_05,none,0.05,1,row2890_entry2891_exit2892,True,5.0,0.000499875041651048,-0.007715119489669853,-0.0082149945313209,0.0,-0.0082149945313209,0.007215244448018805,-0.0082149945313209,-0.0082149945313209
2891,2022-03-22,2892,2893,2022-03-23,2022-03-24,0.01196200127537761,1.0,-0.006939070068757935,0.012057643013660524,0.5663770879468076,0.5125832716506291,outer_05,none,0.05,1,row2891_entry2892_exit2893,True,5.0,0.000499875041651048,0.01196200127537761,0.011462126233726562,0.0,0.011462126233726562,-0.012461876317028657,-0.012461876317028657,0.011462126233726562
2892,2022-03-23,2893,2894,2022-03-24,2022-03-25,0.00743996914232703,1.0,0.012068251341937675,0.01909249417703407,0.5432058649096876,0.5125832716506291,outer_05,none,0.05,0,,False,5.0,0.0,0.0,0.0,0.0,0.0,0.0,0.0,0.0
2893,2022-03-24,2894,2895,2022-03-25,2022-03-28,-0.0016655941232430749,0.0,0.006197143732062926,0.02755100802424071,0.6204288505556755,0.5125832716506291,outer_05,none,0.05,1,row2893_entry2894_exit2895,True,5.0,0.000499875041651048,-0.0016655941232430749,-0.002165469164894123,0.0,-0.002165469164894123,0.001165719081592027,-0.002165469164894123,-0.002165469164894123
2894,2022-03-25,2895,2896,2022-03-28,2022-03-29,-0.017163996218474864,0.0,0.00014817880610351608,0.03588484337206488,0.5956107882641893,0.5125832716506291,outer_05,none,0.05,1,row2894_entry2895_exit2896,True,5.0,0.000499875041651048,-0.017163996218474864,-0.01766387126012591,0.0,-0.01766387126012591,0.016664121176823816,-0.01766387126012591,-0.01766387126012591
2895,2022-03-28,2896,2897,2022-03-29,2022-03-30,-0.0011555038657373728,0.0,-0.01826266386641784,0.007080821630844447,0.6070758732328118,0.5125832716506291,outer_05,none,0.05,1,row2895_entry2896_exit2897,True,5.0,0.000499875041651048,-0.0011555038657373728,-0.0016553789073884208,0.0,-0.0016553789073884208,0.0006556288240863249,0.0006556288240863249,-0.0016553789073884208
2896,2022-03-29,2897,2898,2022-03-30,2022-03-31,0.006757904720719132,1.0,-0.00130690726804783,-0.013383630400889857,0.5410762481857417,0.5125832716506291,outer_05,none,0.05,0,,False,5.0,0.0,0.0,0.0,0.0,0.0,0.0,0.0,0.0
2897,2022-03-30,2898,2899,2022-03-31,2022-04-01,0.0020670239641349397,1.0,0.007174704490445549,0.0028595573705825217,0.5703499483394114,0.5125832716506291,outer_05,none,0.05,1,row2897_entry2898_exit2899,True,5.0,0.000499875041651048,0.0020670239641349397,0.0015671489224838918,0.0,0.0015671489224838918,-0.0025668990057859877,0.0015671489224838918,0.0015671489224838918
2898,2022-03-31,2899,2900,2022-04-01,2022-04-04,-0.006775086647703432,0.0,0.0019379800949748116,0.00013424551459451095,0.6392587573989865,0.5125832716506291,outer_05,none,0.05,1,row2898_entry2899_exit2900,True,5.0,0.000499875041651048,-0.006775086647703432,-0.00727496168935448,0.0,-0.00727496168935448,0.006275211606052385,-0.00727496168935448,-0.00727496168935448
2899,2022-04-01,2900,2901,2022-04-04,2022-04-05,0.004361418019330543,1.0,-0.006625302338182593,-0.023448425648122218,0.6299029416249141,0.5125832716506291,outer_05,none,0.05,1,row2899_entry2900_exit2901,True,5.0,0.000499875041651048,0.004361418019330543,0.003861542977679495,0.0,0.003861542977679495,-0.0048612930609815905,-0.0048612930609815905,-0.0048612930609815905
2900,2022-04-04,2901,2902,2022-04-05,2022-04-06,-0.004907285168823883,0.0,0.004475208477004777,-0.03283789030975193,0.5396782194209911,0.5125832716506291,outer_05,none,0.05,0,,False,5.0,0.0,-0.0,-0.0,0.0,-0.0,-0.0,-0.0,-0.0
2901,2022-04-05,2902,2903,2022-04-06,2022-04-07,0.0005510644520931862,1.0,-0.004719509633972052,-0.06370413366588679,0.5811900862718022,0.5125832716506291,outer_05,none,0.05,1,row2901_entry2902_exit2903,True,5.0,0.000499875041651048,0.0005510644520931862,5.118941044213827e-05,0.0,5.118941044213827e-05,-0.0010509394937442342,-0.0010509394937442342,-0.0010509394937442342
2902,2022-04-06,2903,2904,2022-04-07,2022-04-08,0.003962866330415871,1.0,0.0010339731204895841,-0.034092122472141106,0.5457387624076621,0.5125832716506291,outer_05,none,0.05,0,,False,5.0,0.0,0.0,0.0,0.0,0.0,0.0,0.0,0.0
2903,2022-04-07,2904,2905,2022-04-08,2022-04-11,0.008187047575324513,1.0,0.0029246610041386845,-0.03298272623284415,0.5287840492646323,0.5125832716506291,outer_05,none,0.05,0,,False,5.0,0.0,0.0,0.0,0.0,0.0,0.0,0.0,0.0
2904,2022-04-08,2905,2906,2022-04-11,2022-04-12,0.002394952771338943,1.0,0.007814050823257368,-0.01974822674490806,0.4906030652980628,0.5125832716506291,outer_05,none,0.05,0,,False,5.0,0.0,0.0,0.0,0.0,0.0,0.0,0.0,0.0
2905,2022-04-11,2906,2907,2022-04-12,2022-04-13,0.007415058457898915,1.0,0.004311489526452661,0.0017254404280730995,0.43302273087252874,0.5125832716506291,outer_05,none,0.05,-1,row2905_entry2906_exit2907,True,5.0,0.000499875041651048,-0.007415058457898915,-0.007914933499549963,0.0,0.006915183416247868,-0.007914933499549963,0.006915183416247868,0.006915183416247868
2906,2022-04-12,2907,2908,2022-04-13,2022-04-14,0.005238441667246185,1.0,0.005901286893655211,0.02514074439439895,0.4150573521388919,0.5125832716506291,outer_05,none,0.05,-1,row2906_entry2907_exit2908,True,5.0,0.000499875041651048,-0.005238441667246185,-0.005738316708897233,0.0,0.004738566625595138,-0.005738316708897233,0.004738566625595138,0.004738566625595138
2907,2022-04-13,2908,2909,2022-04-14,2022-04-18,-0.002400292833435458,0.0,0.005770602250092516,0.02712723900564651,0.4391643104721332,0.5125832716506291,outer_05,none,0.05,-1,row2907_entry2908_exit2909,True,5.0,0.000499875041651048,0.002400292833435458,0.00190041779178441,0.0,-0.002900167875086506,0.00190041779178441,-0.002900167875086506,-0.002900167875086506
2908,2022-04-14,2909,2910,2022-04-18,2022-04-19,0.002607642625690687,1.0,-0.0023133687027652172,0.015644831641082213,0.4978633301448195,0.5125832716506291,outer_05,none,0.05,0,,False,5.0,0.0,0.0,0.0,0.0,0.0,0.0,0.0,0.0
2909,2022-04-18,2910,2911,2022-04-19,2022-04-20,-0.014121716084114055,0.0,0.0027935947720933996,0.029734588774272375,0.4746140877068764,0.5125832716506291,outer_05,none,0.05,0,,False,5.0,0.0,-0.0,-0.0,0.0,-0.0,-0.0,-0.0,-0.0
2910,2022-04-19,2911,2912,2022-04-20,2022-04-21,0.003184976987287591,1.0,-0.015031215562521183,0.00735308789204403,0.5297298885486276,0.5125832716506291,outer_05,none,0.05,0,,False,5.0,0.0,0.0,0.0,0.0,0.0,0.0,0.0,0.0
2911,2022-04-20,2912,2913,2022-04-21,2022-04-22,-0.002943956907096812,0.0,0.00432065625233502,0.018612814213136986,0.4959246934728851,0.5125832716506291,outer_05,none,0.05,0,,False,5.0,0.0,-0.0,-0.0,0.0,-0.0,-0.0,-0.0,-0.0
2912,2022-04-21,2913,2914,2022-04-22,2022-04-25,-0.009044614837963039,0.0,-0.003013275518399361,0.00353128735279995,0.46014658249362667,0.5125832716506291,outer_05,none,0.05,0,,False,5.0,0.0,-0.0,-0.0,0.0,-0.0,-0.0,-0.0,-0.0
2913,2022-04-22,2914,2915,2022-04-25,2022-04-26,-0.017837900248832028,0.0,-0.010212131543784864,-0.01287798792304784,0.49261861988914196,0.5125832716506291,outer_05,none,0.05,0,,False,5.0,0.0,-0.0,-0.0,0.0,-0.0,-0.0,-0.0,-0.0
2914,2022-04-25,2915,2916,2022-04-26,2022-04-27,0.003932107952861585,1.0,-0.017882333011917773,-0.03090849974106913,0.4804489387113749,0.5125832716506291,outer_05,none,0.05,0,,False,5.0,0.0,0.0,0.0,0.0,0.0,0.0,0.0,0.0
2915,2022-04-26,2916,2917,2022-04-27,2022-04-28,-0.010840114483251284,0.0,0.004453436948143263,-0.008192398926508027,0.4410345286260033,0.5125832716506291,outer_05,none,0.05,-1,row2915_entry2916_exit2917,True,5.0,0.000499875041651048,0.010840114483251284,0.010340239441600237,0.0,-0.011339989524902332,0.010340239441600237,-0.011339989524902332,0.010340239441600237
2916,2022-04-27,2917,2918,2022-04-28,2022-04-29,0.005094453949062938,1.0,-0.0108713063018957,-0.017756797960355897,0.5173587722703288,0.5125832716506291,outer_05,none,0.05,0,,False,5.0,0.0,0.0,0.0,0.0,0.0,0.0,0.0,0.0
2917,2022-04-28,2918,2919,2022-04-29,2022-05-02,0.00220324778142178,1.0,0.004598195812603123,-0.020333306638198323,0.5191161078872475,0.5125832716506291,outer_05,none,0.05,0,,False,5.0,0.0,0.0,0.0,0.0,0.0,0.0,0.0,0.0
2918,2022-04-29,2919,2920,2022-05-02,2022-05-03,-0.01905589018356313,0.0,0.0011607539871967276,-0.021110532745976407,0.5372338990830715,0.5125832716506291,outer_05,none,0.05,0,,False,5.0,0.0,-0.0,-0.0,0.0,-0.0,-0.0,-0.0,-0.0
2919,2022-05-02,2920,2921,2022-05-03,2022-05-04,0.002449451170417838,1.0,-0.017667091604524288,-0.0321523220123181,0.5527468016455956,0.5125832716506291,outer_05,none,0.05,1,row2919_entry2920_exit2921,True,5.0,0.000499875041651048,0.002449451170417838,0.00194957612876679,0.0,0.00194957612876679,-0.002949326212068886,-0.002949326212068886,-0.002949326212068886
2920,2022-05-03,2921,2922,2022-05-04,2022-05-05,0.007408211677290666,1.0,0.0025728864274405794,-0.0340546440618823,0.5460154078754393,0.5125832716506291,outer_05,none,0.05,0,,False,5.0,0.0,0.0,0.0,0.0,0.0,0.0,0.0,0.0
2921,2022-05-04,2922,2923,2022-05-05,2022-05-06,-0.0029801522774786093,0.0,0.0073285018211244335,-0.022006632606785814,0.5134350333946431,0.5125832716506291,outer_05,none,0.05,0,,False,5.0,0.0,-0.0,-0.0,0.0,-0.0,-0.0,-0.0,-0.0
2922,2022-05-05,2923,2924,2022-05-06,2022-05-09,0.003808758354590047,1.0,-0.0024208899943785056,-0.025461495721653904,0.5900896001629216,0.5125832716506291,outer_05,none,0.05,1,row2922_entry2923_exit2924,True,5.0,0.000499875041651048,0.003808758354590047,0.0033088833129389992,0.0,0.0033088833129389992,-0.004308633396241095,-0.004308633396241095,-0.004308633396241095
2923,2022-05-06,2924,2925,2022-05-09,2022-05-10,-0.01618584422034086,0.0,0.0027503162643203183,-0.02563584046147227,0.5387331011428115,0.5125832716506291,outer_05,none,0.05,0,,False,5.0,0.0,-0.0,-0.0,0.0,-0.0,-0.0,-0.0,-0.0
2924,2022-05-09,2925,2926,2022-05-10,2022-05-11,-0.0077135965581973664,0.0,-0.01511603785462956,-0.0485659291393592,0.5130023535967322,0.5125832716506291,outer_05,none,0.05,0,,False,5.0,0.0,-0.0,-0.0,0.0,-0.0,-0.0,-0.0,-0.0
2925,2022-05-10,2926,2927,2022-05-11,2022-05-12,0.006725638231221964,1.0,-0.008606991224898941,-0.0614844098907108,0.5717480358010579,0.5125832716506291,outer_05,none,0.05,1,row2925_entry2926_exit2927,True,5.0,0.000499875041651048,0.006725638231221964,0.006225763189570917,0.0,0.006225763189570917,-0.007225513272873012,-0.007225513272873012,-0.007225513272873012
2926,2022-05-11,2927,2928,2022-05-12,2022-05-13,-0.015656195371845705,0.0,0.007619518023623151,-0.05976617876074286,0.5699829117820352,0.5125832716506291,outer_05,none,0.05,1,row2926_entry2927_exit2928,True,5.0,0.000499875041651048,-0.015656195371845705,-0.016156070413496752,0.0,-0.016156070413496752,0.015156320330194657,-0.016156070413496752,0.015156320330194657
2927,2022-05-12,2928,2929,2022-05-13,2022-05-16,-0.004564259386474312,0.0,-0.01652624269623093,-0.08206302370706631,0.6634609192203149,0.5125832716506291,outer_05,none,0.05,1,row2927_entry2928_exit2929,True,5.0,0.000499875041651048,-0.004564259386474312,-0.0050641344281253595,0.0,-0.0050641344281253595,0.0040643843448232644,0.0040643843448232644,0.0040643843448232644
2928,2022-05-13,2929,2930,2022-05-16,2022-05-17,0.00583633583872345,1.0,-0.005658315404822645,-0.08540797040912373,0.6689862801645329,0.5125832716506291,outer_05,none,0.05,1,row2928_entry2929_exit2930,True,5.0,0.000499875041651048,0.00583633583872345,0.005336460797072402,0.0,0.005336460797072402,-0.006336210880374497,-0.006336210880374497,-0.006336210880374497
2929,2022-05-16,2930,2931,2022-05-17,2022-05-18,-0.005825312546506645,0.0,0.007221359874930222,-0.08098020530628691,0.5849562509823418,0.5125832716506291,outer_05,none,0.05,1,row2929_entry2930_exit2931,True,5.0,0.000499875041651048,-0.005825312546506645,-0.006325187588157692,0.0,-0.006325187588157692,0.005325437504855597,-0.006325187588157692,0.005325437504855597
2930,2022-05-17,2931,2932,2022-05-18,2022-05-19,0.001079693604140175,1.0,-0.005643941989975865,-0.0715929317337416,0.6964056290919363,0.5125832716506291,outer_05,none,0.05,1,row2930_entry2931_exit2932,True,5.0,0.000499875041651048,0.001079693604140175,0.0005798185624891271,0.0,0.0005798185624891271,-0.001579568645791223,-0.001579568645791223,-0.001579568645791223
2931,2022-05-18,2932,2933,2022-05-19,2022-05-20,0.013996106248074014,1.0,0.0015584261401242472,-0.07435516184595237,0.7104942394002658,0.5125832716506291,outer_05,none,0.05,1,row2931_entry2932_exit2933,True,5.0,0.000499875041651048,0.013996106248074014,0.013496231206422966,0.0,0.013496231206422966,-0.014495981289725061,0.013496231206422966,-0.014495981289725061
2932,2022-05-19,2933,2934,2022-05-20,2022-05-23,0.0032738398718317185,1.0,0.013021843036153946,-0.05832004329139906,0.5640059922311378,0.5125832716506291,outer_05,none,0.05,1,row2932_entry2933_exit2934,True,5.0,0.000499875041651048,0.0032738398718317185,0.0027739648301806706,0.0,0.0027739648301806706,-0.0037737149134827665,0.0027739648301806706,-0.0037737149134827665
2933,2022-05-20,2934,2935,2022-05-23,2022-05-24,0.0028909172447191267,1.0,0.002462788208303479,-0.04564512353931072,0.6021744036530707,0.5125832716506291,outer_05,none,0.05,1,row2933_entry2934_exit2935,True,5.0,0.000499875041651048,0.0028909172447191267,0.0023910422030680788,0.0,0.0023910422030680788,-0.0033907922863701746,0.0023910422030680788,-0.0033907922863701746
2934,2022-05-23,2935,2936,2022-05-24,2022-05-25,0.006421897322354653,1.0,0.004265666821006597,-0.023497123706386347,0.5537505499036735,0.5125832716506291,outer_05,none,0.05,1,row2934_entry2935_exit2936,True,5.0,0.000499875041651048,0.006421897322354653,0.005922022280703605,0.0,0.005922022280703605,-0.0069217723640057,0.005922022280703605,-0.0069217723640057
2935,2022-05-24,2936,2937,2022-05-25,2022-05-26,-0.006734901572054142,0.0,0.006742432270037568,-0.021208128384492042,0.5078312138873043,0.5125832716506291,outer_05,none,0.05,0,,False,5.0,0.0,-0.0,-0.0,0.0,-0.0,-0.0,-0.0,-0.0
2936,2022-05-25,2937,2938,2022-05-26,2022-05-27,-0.0011287079114232768,0.0,-0.006639934286191362,-0.016976756368787704,0.6216060456973421,0.5125832716506291,outer_05,none,0.05,1,row2936_entry2937_exit2938,True,5.0,0.000499875041651048,-0.0011287079114232768,-0.0016285829530743247,0.0,-0.0016285829530743247,0.0006288328697722288,0.0006288328697722288,0.0006288328697722288
2937,2022-05-26,2938,2939,2022-05-27,2022-05-30,0.0008695958008013704,1.0,-0.0015871990893607801,-0.023162151270751608,0.6496343306831297,0.5125832716506291,outer_05,none,0.05,1,row2937_entry2938_exit2939,True,5.0,0.000499875041651048,0.0008695958008013704,0.0003697207591503225,0.0,0.0003697207591503225,-0.0013694708424524184,-0.0013694708424524184,-0.0013694708424524184
2938,2022-05-27,2939,2940,2022-05-30,2022-05-31,0.0020440805656738448,1.0,0.0011501609063104823,-0.023172744351637853,0.6594868177607103,0.5125832716506291,outer_05,none,0.05,1,row2938_entry2939_exit2940,True,5.0,0.000499875041651048,0.0020440805656738448,0.0015442055240227968,0.0,0.0015442055240227968,-0.0025439556073248927,0.0015442055240227968,-0.0025439556073248927
2939,2022-05-30,2940,2941,2022-05-31,2022-06-01,-0.010447536922125522,0.0,0.0011434490253652285,-0.004362203721748337,0.6343406200402888,0.5125832716506291,outer_05,none,0.05,1,row2939_entry2940_exit2941,True,5.0,0.000499875041651048,-0.010447536922125522,-0.01094741196377657,0.0,-0.01094741196377657,0.009947661880474475,-0.01094741196377657,0.009947661880474475
2940,2022-05-31,2941,2942,2022-06-01,2022-06-02,0.005640822043029736,1.0,-0.009119130926312558,-0.016054221075501474,0.6493368350629399,0.5125832716506291,outer_05,none,0.05,1,row2940_entry2941_exit2942,True,5.0,0.000499875041651048,0.005640822043029736,0.005140947001378689,0.0,0.005140947001378689,-0.006140697084680784,-0.006140697084680784,-0.006140697084680784
2941,2022-06-01,2942,2943,2022-06-02,2022-06-03,0.011663430504387229,1.0,0.0045482995177277274,-0.01883442337889818,0.5737513922448627,0.5125832716506291,outer_05,none,0.05,1,row2941_entry2942_exit2943,True,5.0,0.000499875041651048,0.011663430504387229,0.011163555462736181,0.0,0.011163555462736181,-0.012163305546038276,0.011163555462736181,-0.012163305546038276
2942,2022-06-02,2943,2944,2022-06-03,2022-06-06,-0.009808217664055263,0.0,0.011693269171111353,-0.004720264213408321,0.5145535881667931,0.5125832716506291,outer_05,none,0.05,0,,False,5.0,0.0,-0.0,-0.0,0.0,-0.0,-0.0,-0.0,-0.0
2943,2022-06-03,2944,2945,2022-06-06,2022-06-07,-0.005293468684139491,0.0,-0.00924857110676669,-0.01671915158449533,0.6099719351014375,0.5125832716506291,outer_05,none,0.05,1,row2943_entry2944_exit2945,True,5.0,0.000499875041651048,-0.005293468684139491,-0.005793343725790538,0.0,-0.005793343725790538,0.004793593642488443,0.004793593642488443,0.004793593642488443
2944,2022-06-06,2945,2946,2022-06-07,2022-06-08,0.006373639023994571,1.0,-0.004884530329913872,-0.00648764405977964,0.558840135192301,0.5125832716506291,outer_05,none,0.05,1,row2944_entry2945_exit2946,True,5.0,0.000499875041651048,0.006373639023994571,0.005873763982343523,0.0,0.005873763982343523,-0.006873514065645618,-0.006873514065645618,-0.006873514065645618
2945,2022-06-07,2946,2947,2022-06-08,2022-06-09,9.715812492494535e-05,1.0,0.005343596489407965,0.007462943654527265,0.5491303293148987,0.5125832716506291,outer_05,none,0.05,0,,False,5.0,0.0,0.0,0.0,0.0,0.0,0.0,0.0,0.0
2946,2022-06-08,2947,2948,2022-06-09,2022-06-10,-0.002707765803321216,0.0,0.0004426641978545476,0.0002860898287586622,0.6238743693425018,0.5125832716506291,outer_05,none,0.05,1,row2946_entry2947_exit2948,True,5.0,0.000499875041651048,-0.002707765803321216,-0.003207640844972264,0.0,-0.003207640844972264,0.002207890761670168,-0.003207640844972264,-0.003207640844972264
2947,2022-06-09,2948,2949,2022-06-10,2022-06-13,0.01635601273920173,1.0,-0.0026426948153561725,0.01416963770963342,0.6389476093092996,0.5125832716506291,outer_05,none,0.05,1,row2947_entry2948_exit2949,True,5.0,0.000499875041651048,0.01635601273920173,0.015856137697550683,0.0,0.015856137697550683,-0.016855887780852778,-0.016855887780852778,0.015856137697550683
2948,2022-06-10,2949,2950,2022-06-13,2022-06-14,-0.03420085584164134,0.0,0.012706145655474899,0.032534098769930964,0.5627051768738721,0.5125832716506291,outer_05,none,0.05,1,row2948_entry2949_exit2950,True,5.0,0.000499875041651048,-0.03420085584164134,-0.03470073088329239,0.0,-0.03470073088329239,0.033700980799990295,-0.03470073088329239,-0.03470073088329239
2949,2022-06-13,2950,2951,2022-06-14,2022-06-15,-0.004273463586889292,0.0,-0.028430280320592693,-0.003117541425591952,0.4754533774926567,0.5125832716506291,outer_05,none,0.05,0,,False,5.0,0.0,-0.0,-0.0,0.0,-0.0,-0.0,-0.0,-0.0
2950,2022-06-14,2951,2952,2022-06-15,2022-06-16,0.014152604930142587,1.0,-0.005401813367793551,-0.0028754128034096382,0.46789306102102524,0.5125832716506291,outer_05,none,0.05,0,,False,5.0,0.0,0.0,0.0,0.0,0.0,0.0,0.0,0.0
2951,2022-06-15,2952,2953,2022-06-16,2022-06-17,0.011126747373415569,1.0,0.0134283999006799,0.008994560957146014,0.505597116984194,0.5125832716506291,outer_05,none,0.05,0,,False,5.0,0.0,0.0,0.0,0.0,0.0,0.0,0.0,0.0
2952,2022-06-16,2953,2954,2022-06-17,2022-06-20,-0.009578632874448267,0.0,0.01230287803691521,0.008275595957907278,0.5488203377926552,0.5125832716506291,outer_05,none,0.05,0,,False,5.0,0.0,-0.0,-0.0,0.0,-0.0,-0.0,-0.0,-0.0
2953,2022-06-17,2954,2955,2022-06-20,2022-06-21,0.0010126086969650672,1.0,-0.008699329381602894,-0.002886521631999095,0.6021627047948716,0.5125832716506291,outer_05,none,0.05,1,row2953_entry2954_exit2955,True,5.0,0.000499875041651048,0.0010126086969650672,0.0005127336553140192,0.0,0.0005127336553140192,-0.0015124837386161151,-0.0015124837386161151,-0.0015124837386161151
2954,2022-06-20,2955,2956,2022-06-21,2022-06-22,-0.002937211762493064,0.0,-0.001076438072844077,-0.00822862652584977,0.5025651160944569,0.5125832716506291,outer_05,none,0.05,0,,False,5.0,0.0,-0.0,-0.0,0.0,-0.0,-0.0,-0.0,-0.0
2955,2022-06-21,2956,2957,2022-06-22,2022-06-23,0.0026106758161477117,1.0,-0.0027234467324017686,-0.017694505528289106,0.5607003564214177,0.5125832716506291,outer_05,none,0.05,1,row2955_entry2956_exit2957,True,5.0,0.000499875041651048,0.0026106758161477117,0.0021108007744966638,0.0,0.0021108007744966638,-0.0031105508577987597,-0.0031105508577987597,-0.0031105508577987597
2956,2022-06-22,2957,2958,2022-06-23,2022-06-24,-0.0072876585853753895,0.0,0.002674490186765688,-0.008380081055332056,0.5673716147849993,0.5125832716506291,outer_05,none,0.05,1,row2956_entry2957_exit2958,True,5.0,0.000499875041651048,-0.0072876585853753895,-0.007787533627026437,0.0,-0.007787533627026437,0.006787783543724342,-0.007787533627026437,0.006787783543724342
2957,2022-06-23,2958,2959,2022-06-24,2022-06-27,0.006552562622254676,1.0,-0.008231488182338431,-0.015024370148309707,0.5863008788283904,0.5125832716506291,outer_05,none,0.05,1,row2957_entry2958_exit2959,True,5.0,0.000499875041651048,0.006552562622254676,0.006052687580603629,0.0,0.006052687580603629,-0.007052437663905724,-0.007052437663905724,-0.007052437663905724
2958,2022-06-24,2959,2960,2022-06-27,2022-06-28,-0.007199762135861043,0.0,0.002284513151614931,-0.013890017903005258,0.5561642449397076,0.5125832716506291,outer_05,none,0.05,1,row2958_entry2959_exit2960,True,5.0,0.000499875041651048,-0.007199762135861043,-0.007699637177512091,0.0,-0.007699637177512091,0.0066998870942099956,-0.007699637177512091,0.0066998870942099956
2959,2022-06-27,2960,2961,2022-06-28,2022-06-29,-0.0019276241007046835,0.0,-0.0025587863294171953,-0.017592253257787682,0.5609070925922847,0.5125832716506291,outer_05,none,0.05,1,row2959_entry2960_exit2961,True,5.0,0.000499875041651048,-0.0019276241007046835,-0.0024274991423557314,0.0,-0.0024274991423557314,0.0014277490590536355,0.0014277490590536355,0.0014277490590536355
2960,2022-06-28,2961,2962,2022-06-29,2022-06-30,-0.000643367970920572,0.0,-0.0011692472862590009,-0.009642369617734126,0.5424314384298957,0.5125832716506291,outer_05,none,0.05,0,,False,5.0,0.0,-0.0,-0.0,0.0,-0.0,-0.0,-0.0,-0.0
2961,2022-06-29,2962,2963,2022-06-30,2022-07-01,-0.006246192320325861,0.0,-0.001302602365631067,-0.01549327150109292,0.5622078284344418,0.5125832716506291,outer_05,none,0.05,1,row2961_entry2962_exit2963,True,5.0,0.000499875041651048,-0.006246192320325861,-0.006746067361976908,0.0,-0.006746067361976908,0.005746317278674813,0.005746317278674813,0.005746317278674813
2962,2022-06-30,2963,2964,2022-07-01,2022-07-04,0.0026312458866373234,1.0,-0.006117947813282676,-0.03330448848548695,0.5591389444073954,0.5125832716506291,outer_05,none,0.05,1,row2962_entry2963_exit2964,True,5.0,0.000499875041651048,0.0026312458866373234,0.0021313708449862754,0.0,0.0021313708449862754,-0.0031311209282883713,-0.0031311209282883713,-0.0031311209282883713
2963,2022-07-01,2964,2965,2022-07-04,2022-07-05,-0.0019119408149546047,0.0,0.0009844861280203787,-0.02307143125069988,0.5164956670105322,0.5125832716506291,outer_05,none,0.05,0,,False,5.0,0.0,-0.0,-0.0,0.0,-0.0,-0.0,-0.0,-0.0
2964,2022-07-04,2965,2966,2022-07-05,2022-07-06,-0.02340855667718955,0.0,-0.0005750876614190048,-0.018761988582205014,0.5418450485820671,0.5125832716506291,outer_05,none,0.05,0,,False,5.0,0.0,-0.0,-0.0,0.0,-0.0,-0.0,-0.0,-0.0
2965,2022-07-05,2966,2967,2022-07-06,2022-07-07,-0.014876948575182958,0.0,-0.024253248977569086,-0.048358834049182065,0.6313611069190608,0.5125832716506291,outer_05,none,0.05,1,row2965_entry2966_exit2967,True,5.0,0.000499875041651048,-0.014876948575182958,-0.015376823616834005,0.0,-0.015376823616834005,0.01437707353353191,0.01437707353353191,0.01437707353353191
2966,2022-07-06,2967,2968,2022-07-07,2022-07-08,0.0003160347434683075,1.0,-0.014556463963984356,-0.06335796221102097,0.6091888705787091,0.5125832716506291,outer_05,none,0.05,1,row2966_entry2967_exit2968,True,5.0,0.000499875041651048,0.0003160347434683075,-0.00018384029818274044,0.0,-0.00018384029818274044,-0.0008159097851193555,-0.0008159097851193555,-0.0008159097851193555
2967,2022-07-07,2968,2969,2022-07-08,2022-07-11,0.00028721766700900986,1.0,0.0005805982624433881,-0.06013466913322141,0.6286729115598461,0.5125832716506291,outer_05,none,0.05,1,row2967_entry2968_exit2969,True,5.0,0.000499875041651048,0.00028721766700900986,-0.0002126573746420381,0.0,-0.0002126573746420381,-0.0007870927086600578,-0.0002126573746420381,-0.0007870927086600578
2968,2022-07-08,2969,2970,2022-07-11,2022-07-12,-0.0043284878181468756,0.0,0.0013553328095365913,-0.07148548197915972,0.6653625699225878,0.5125832716506291,outer_05,none,0.05,1,row2968_entry2969_exit2970,True,5.0,0.000499875041651048,-0.0043284878181468756,-0.004828362859797923,0.0,-0.004828362859797923,0.0038286127764958276,-0.004828362859797923,0.0038286127764958276
2969,2022-07-11,2970,2971,2022-07-12,2022-07-13,-0.004468977580072142,0.0,-0.004849756519049286,-0.04790495817761631,0.6955512983462971,0.5125832716506291,outer_05,none,0.05,1,row2969_entry2970_exit2971,True,5.0,0.000499875041651048,-0.004468977580072142,-0.00496885262172319,0.0,-0.00496885262172319,0.0039691025384210946,0.0039691025384210946,0.0039691025384210946
2970,2022-07-12,2971,2972,2022-07-13,2022-07-14,0.005685378969518595,1.0,-0.004583677330587399,-0.047086822140410156,0.6528949164009351,0.5125832716506291,outer_05,none,0.05,1,row2970_entry2971_exit2972,True,5.0,0.000499875041651048,0.005685378969518595,0.005185503927867548,0.0,0.005185503927867548,-0.006185254011169643,-0.006185254011169643,-0.006185254011169643
2971,2022-07-13,2972,2973,2022-07-14,2022-07-15,-0.01710128749859674,0.0,0.00543105928824783,-0.055084162752842225,0.5916497945610939,0.5125832716506291,outer_05,none,0.05,1,row2971_entry2972_exit2973,True,5.0,0.000499875041651048,-0.01710128749859674,-0.017601162540247788,0.0,-0.017601162540247788,0.016601412456945693,-0.017601162540247788,0.016601412456945693
2972,2022-07-14,2973,2974,2022-07-15,2022-07-18,0.0002695607348375262,1.0,-0.014960179857657074,-0.08234722064741451,0.6761789878723993,0.5125832716506291,outer_05,none,0.05,1,row2972_entry2973_exit2974,True,5.0,0.000499875041651048,0.0002695607348375262,-0.00023031430681352176,0.0,-0.00023031430681352176,-0.0007694357764885741,-0.0007694357764885741,-0.0007694357764885741
2973,2022-07-15,2974,2975,2022-07-18,2022-07-19,0.0019258298285977915,1.0,-0.0014047247879158675,-0.07505261605372748,0.6518829734515501,0.5125832716506291,outer_05,none,0.05,1,row2973_entry2974_exit2975,True,5.0,0.000499875041651048,0.0019258298285977915,0.0014259547869467436,0.0,0.0014259547869467436,-0.0024257048702488395,-0.0024257048702488395,-0.0024257048702488395
2974,2022-07-18,2975,2976,2022-07-19,2022-07-20,0.00085343688870676,1.0,0.0009776631119651213,-0.07299851486891829,0.6534587293324752,0.5125832716506291,outer_05,none,0.05,1,row2974_entry2975_exit2976,True,5.0,0.000499875041651048,0.00085343688870676,0.0003535618470557121,0.0,0.0003535618470557121,-0.001353311930357808,0.0003535618470557121,-0.001353311930357808
2975,2022-07-19,2976,2977,2022-07-20,2022-07-21,-0.008714664887924606,0.0,0.00150268259993247,-0.06877238553658405,0.7060694222692274,0.5125832716506291,outer_05,none,0.05,1,row2975_entry2976_exit2977,True,5.0,0.000499875041651048,-0.008714664887924606,-0.009214539929575653,0.0,-0.009214539929575653,0.008214789846273558,-0.009214539929575653,0.008214789846273558
2976,2022-07-20,2977,2978,2022-07-21,2022-07-22,0.012522860308003203,1.0,-0.008820246789437824,-0.08026712251278756,0.7651387941393356,0.5125832716506291,outer_05,none,0.05,1,row2976_entry2977_exit2978,True,5.0,0.000499875041651048,0.012522860308003203,0.012022985266352156,0.0,0.012022985266352156,-0.01302273534965425,-0.01302273534965425,-0.01302273534965425
2977,2022-07-21,2978,2979,2022-07-22,2022-07-25,0.005022320645224454,1.0,0.01269224267006308,-0.05934339166038605,0.6282303859372055,0.5125832716506291,outer_05,none,0.05,1,row2977_entry2978_exit2979,True,5.0,0.000499875041651048,0.005022320645224454,0.0045224456035734065,0.0,0.0045224456035734065,-0.0055221956868755015,0.0045224456035734065,-0.0055221956868755015
2978,2022-07-22,2979,2980,2022-07-25,2022-07-26,-0.004370608422919808,0.0,0.005328578480956914,-0.056299326331044064,0.6417041638222721,0.5125832716506291,outer_05,none,0.05,1,row2978_entry2979_exit2980,True,5.0,0.000499875041651048,-0.004370608422919808,-0.004870483464570856,0.0,-0.004870483464570856,0.0038707333812687604,-0.004870483464570856,0.0038707333812687604
2979,2022-07-25,2980,2981,2022-07-26,2022-07-27,-0.001006841367876099,0.0,-0.004490843109784315,-0.058231383111411184,0.6950798475562416,0.5125832716506291,outer_05,none,0.05,1,row2979_entry2980_exit2981,True,5.0,0.000499875041651048,-0.001006841367876099,-0.001506716409527147,0.0,-0.001506716409527147,0.0005069663262250511,0.0005069663262250511,0.0005069663262250511
2980,2022-07-26,2981,2982,2022-07-27,2022-07-28,0.009861658585408328,1.0,-0.001419909224723348,-0.05848204504987553,0.6849540762152203,0.5125832716506291,outer_05,none,0.05,1,row2980_entry2981_exit2982,True,5.0,0.000499875041651048,0.009861658585408328,0.00936178354375728,0.0,0.00936178354375728,-0.010361533627059376,-0.010361533627059376,-0.010361533627059376
2981,2022-07-27,2982,2983,2022-07-28,2022-07-29,0.011972553168898337,1.0,0.009926114301846312,-0.04725332838239815,0.6637531684032393,0.5125832716506291,outer_05,none,0.05,1,row2981_entry2982_exit2983,True,5.0,0.000499875041651048,0.011972553168898337,0.01147267812724729,0.0,0.01147267812724729,-0.012472428210549384,0.01147267812724729,-0.012472428210549384
2982,2022-07-28,2983,2984,2022-07-29,2022-08-01,0.005374951861355726,1.0,0.01232050792238848,-0.028814872646726997,0.6458228680932314,0.5125832716506291,outer_05,none,0.05,1,row2982_entry2983_exit2984,True,5.0,0.000499875041651048,0.005374951861355726,0.004875076819704678,0.0,0.004875076819704678,-0.005874826903006773,0.004875076819704678,-0.005874826903006773
2983,2022-07-29,2984,2985,2022-08-01,2022-08-02,0.003936144611319747,1.0,0.005775422589264778,-0.024023936185482597,0.6090135736159549,0.5125832716506291,outer_05,none,0.05,1,row2983_entry2984_exit2985,True,5.0,0.000499875041651048,0.003936144611319747,0.0034362695696686994,0.0,0.0034362695696686994,-0.004436019652970795,0.0034362695696686994,-0.004436019652970795
2984,2022-08-01,2985,2986,2022-08-02,2022-08-03,-0.00590436446208642,0.0,0.0034594677985131383,-0.019989380725550454,0.5440860553608108,0.5125832716506291,outer_05,none,0.05,0,,False,5.0,0.0,-0.0,-0.0,0.0,-0.0,-0.0,-0.0,-0.0
2985,2022-08-02,2986,2987,2022-08-03,2022-08-04,0.0022854949139086145,1.0,-0.006272026357342142,-0.00200815810532351,0.5607825232122979,0.5125832716506291,outer_05,none,0.05,1,row2985_entry2986_exit2987,True,5.0,0.000499875041651048,0.0022854949139086145,0.0017856198722575665,0.0,0.0017856198722575665,-0.0027853699555596624,-0.0027853699555596624,-0.0027853699555596624
2986,2022-08-03,2987,2988,2022-08-04,2022-08-05,0.014419892967690195,1.0,0.00251240026555255,0.015060706124213397,0.6166696083890315,0.5125832716506291,outer_05,none,0.05,1,row2986_entry2987_exit2988,True,5.0,0.000499875041651048,0.014419892967690195,0.013920017926039148,0.0,0.013920017926039148,-0.014919768009341243,0.013920017926039148,0.013920017926039148
2987,2022-08-04,2988,2989,2022-08-05,2022-08-08,-0.01100988301864092,0.0,0.014429761703870447,0.028909869565640456,0.5896605865643798,0.5125832716506291,outer_05,none,0.05,1,row2987_entry2988_exit2989,True,5.0,0.000499875041651048,-0.01100988301864092,-0.011509758060291968,0.0,-0.011509758060291968,0.010510007976989873,-0.011509758060291968,-0.011509758060291968
2988,2022-08-05,2989,2990,2022-08-08,2022-08-09,0.009797500930717185,1.0,-0.008809690936703696,0.01874484581940017,0.635029915814667,0.5125832716506291,outer_05,none,0.05,1,row2988_entry2989_exit2990,True,5.0,0.000499875041651048,0.009797500930717185,0.009297625889066137,0.0,0.009297625889066137,-0.010297375972368232,-0.010297375972368232,0.009297625889066137
2989,2022-08-08,2990,2991,2022-08-09,2022-08-10,0.003203753472849513,1.0,0.007608610378584402,0.031203212717033857,0.564471176287279,0.5125832716506291,outer_05,none,0.05,1,row2989_entry2990_exit2991,True,5.0,0.000499875041651048,0.003203753472849513,0.0027038784311984652,0.0,0.0027038784311984652,-0.003703628514500561,0.0027038784311984652,0.0027038784311984652
2990,2022-08-09,2991,2992,2022-08-10,2022-08-11,-0.0013773607599967264,0.0,0.0029749218907459962,0.03876181193836725,0.5817438286570246,0.5125832716506291,outer_05,none,0.05,1,row2990_entry2991_exit2992,True,5.0,0.000499875041651048,-0.0013773607599967264,-0.0018772358016477743,0.0,-0.0018772358016477743,0.0008774857183456784,-0.0018772358016477743,-0.0018772358016477743
2991,2022-08-10,2992,2993,2022-08-11,2022-08-12,-0.0012507469817446548,0.0,-0.0011822112069781454,0.032148541443141276,0.6274185239189057,0.5125832716506291,outer_05,none,0.05,1,row2991_entry2992_exit2993,True,5.0,0.000499875041651048,-0.0012507469817446548,-0.0017506220233957028,0.0,-0.0017506220233957028,0.0007508719400936069,0.0007508719400936069,-0.0017506220233957028
2992,2022-08-11,2993,2994,2022-08-12,2022-08-15,0.006732194783170442,1.0,-0.0015356139748661235,0.04557310732593223,0.6158926582526757,0.5125832716506291,outer_05,none,0.05,1,row2992_entry2993_exit2994,True,5.0,0.000499875041651048,0.006732194783170442,0.0062323197415193946,0.0,0.0062323197415193946,-0.00723206982482149,-0.00723206982482149,0.0062323197415193946
2993,2022-08-12,2994,2995,2022-08-15,2022-08-16,-0.012430567092369671,0.0,0.006783538401810674,0.05376137051565877,0.5590051649739204,0.5125832716506291,outer_05,none,0.05,1,row2993_entry2994_exit2995,True,5.0,0.000499875041651048,-0.012430567092369671,-0.012930442134020718,0.0,-0.012930442134020718,0.011930692050718623,-0.012930442134020718,-0.012930442134020718
2994,2022-08-15,2995,2996,2022-08-16,2022-08-17,-0.002193859201677917,0.0,-0.012398791635856554,0.04038491576783709,0.5844091147721642,0.5125832716506291,outer_05,none,0.05,1,row2994_entry2995_exit2996,True,5.0,0.000499875041651048,-0.002193859201677917,-0.0026937342433289648,0.0,-0.0026937342433289648,0.0016939841600268689,0.0016939841600268689,-0.0026937342433289648
2995,2022-08-16,2996,2997,2022-08-17,2022-08-18,-0.00750667704529473,0.0,-0.002227924226979816,0.03665430894092481,0.5839625445853992,0.5125832716506291,outer_05,none,0.05,1,row2995_entry2996_exit2997,True,5.0,0.000499875041651048,-0.00750667704529473,-0.008006552086945777,0.0,-0.008006552086945777,0.007006802003643682,0.007006802003643682,-0.008006552086945777
2996,2022-08-17,2997,2998,2022-08-18,2022-08-19,-0.001999205527575043,0.0,-0.0076100167681314446,0.03786453896223119,0.5530625357170912,0.5125832716506291,outer_05,none,0.05,1,row2996_entry2997_exit2998,True,5.0,0.000499875041651048,-0.001999205527575043,-0.002499080569226091,0.0,-0.002499080569226091,0.0014993304859239952,0.0014993304859239952,-0.002499080569226091
2997,2022-08-18,2998,2999,2022-08-19,2022-08-22,-0.0070861182101547016,0.0,-0.0020565968877939156,0.02311569940437419,0.5641616846123572,0.5125832716506291,outer_05,none,0.05,1,row2997_entry2998_exit2999,True,5.0,0.000499875041651048,-0.0070861182101547016,-0.007585993251805749,0.0,-0.007585993251805749,0.006586243168503654,0.006586243168503654,-0.007585993251805749
2998,2022-08-19,2999,3000,2022-08-22,2022-08-23,-0.006174117692037129,0.0,-0.006332637560174881,0.011454483363242396,0.51816671374141,0.5125832716506291,outer_05,none,0.05,0,,False,5.0,0.0,-0.0,-0.0,0.0,-0.0,-0.0,-0.0,-0.0
2999,2022-08-22,3000,3001,2022-08-23,2022-08-24,0.006820909370400585,1.0,-0.006390275030648596,0.009555051442378115,0.4820081703931582,0.5125832716506291,outer_05,none,0.05,0,,False,5.0,0.0,0.0,0.0,0.0,0.0,0.0,0.0,0.0
3000,2022-08-23,3001,3002,2022-08-24,2022-08-25,0.0021491494557039914,1.0,0.006682114681138884,0.017657075348240348,0.5223608481165664,0.5125832716506291,outer_05,none,0.05,0,,False,5.0,0.0,0.0,0.0,0.0,0.0,0.0,0.0,0.0
3001,2022-08-24,3002,3003,2022-08-25,2022-08-26,0.004068428043909833,1.0,0.002000526519703172,0.009731487566097208,0.5818907176706051,0.5125832716506291,outer_05,none,0.05,1,row3001_entry3002_exit3003,True,5.0,0.000499875041651048,0.004068428043909833,0.003568553002258785,0.0,0.003568553002258785,-0.0045683030855608805,0.003568553002258785,0.003568553002258785
3002,2022-08-25,3003,3004,2022-08-26,2022-08-29,-0.01293479187147728,0.0,0.004176751344700413,0.0015877309884091417,0.5502409384859835,0.5125832716506291,outer_05,none,0.05,1,row3002_entry3003_exit3004,True,5.0,0.000499875041651048,-0.01293479187147728,-0.013434666913128328,0.0,-0.013434666913128328,0.012434916829826233,-0.013434666913128328,-0.013434666913128328
3003,2022-08-26,3004,3005,2022-08-29,2022-08-30,0.0010939030395906713,1.0,-0.011748354877608946,-0.015936046478464583,0.5216700793826219,0.5125832716506291,outer_05,none,0.05,0,,False,5.0,0.0,0.0,0.0,0.0,0.0,0.0,0.0,0.0
3004,2022-08-29,3005,3006,2022-08-30,2022-08-31,-0.008361238230384593,0.0,-0.00036253463897573113,-0.019758048915953452,0.5080076104625398,0.5125832716506291,outer_05,none,0.05,0,,False,5.0,0.0,-0.0,-0.0,0.0,-0.0,-0.0,-0.0,-0.0
3005,2022-08-30,3006,3007,2022-08-31,2022-09-01,-0.007180261629385676,0.0,-0.007637947048385385,-0.021123969606996695,0.5290137276495948,0.5125832716506291,outer_05,none,0.05,0,,False,5.0,0.0,-0.0,-0.0,0.0,-0.0,-0.0,-0.0,-0.0
3006,2022-08-31,3007,3008,2022-09-01,2022-09-02,-0.007903509690058819,0.0,-0.00770842365832447,-0.031344793530873716,0.5488362987288689,0.5125832716506291,outer_05,none,0.05,0,,False,5.0,0.0,-0.0,-0.0,0.0,-0.0,-0.0,-0.0,-0.0
3007,2022-09-01,3008,3009,2022-09-02,2022-09-05,0.00820152787137296,1.0,-0.007886115259694293,-0.053660670494438456,0.49607239006083315,0.5125832716506291,outer_05,none,0.05,0,,False,5.0,0.0,0.0,0.0,0.0,0.0,0.0,0.0,0.0
3008,2022-09-02,3009,3010,2022-09-05,2022-09-06,-0.0005435116243655003,0.0,0.008931746340690161,-0.0359192332170446,0.4657524868242064,0.5125832716506291,outer_05,none,0.05,0,,False,5.0,0.0,-0.0,-0.0,0.0,-0.0,-0.0,-0.0,-0.0
3009,2022-09-05,3010,3011,2022-09-06,2022-09-07,-0.005075320042966069,0.0,-0.001583476089372482,-0.04511131968500148,0.5883081952752368,0.5125832716506291,outer_05,none,0.05,1,row3009_entry3010_exit3011,True,5.0,0.000499875041651048,-0.005075320042966069,-0.005575195084617117,0.0,-0.005575195084617117,0.004575445001315022,0.004575445001315022,0.004575445001315022
3010,2022-09-06,3011,3012,2022-09-07,2022-09-08,0.009711964776146331,1.0,-0.004789031330747484,-0.05287527290649496,0.5175668734119041,0.5125832716506291,outer_05,none,0.05,0,,False,5.0,0.0,0.0,0.0,0.0,0.0,0.0,0.0,0.0
3011,2022-09-07,3012,3013,2022-09-08,2022-09-09,-0.005777225851241852,0.0,0.009572696683087578,-0.04212036501642924,0.44721914682659003,0.5125832716506291,outer_05,none,0.05,-1,row3011_entry3012_exit3013,True,5.0,0.000499875041651048,0.005777225851241852,0.005277350809590804,0.0,-0.006277100892892899,0.005277350809590804,-0.006277100892892899,0.005277350809590804
3012,2022-09-08,3013,3014,2022-09-09,2022-09-12,0.005777225851241852,1.0,-0.005749003924711893,-0.04633375496627501,0.5243896989129118,0.5125832716506291,outer_05,none,0.05,0,,False,5.0,0.0,0.0,0.0,0.0,0.0,0.0,0.0,0.0
3013,2022-09-09,3014,3015,2022-09-12,2022-09-13,0.003456181140202297,1.0,0.004922249644871535,-0.04819504372321415,0.5044297524202416,0.5125832716506291,outer_05,none,0.05,0,,False,5.0,0.0,0.0,0.0,0.0,0.0,0.0,0.0,0.0
3014,2022-09-12,3015,3016,2022-09-13,2022-09-14,-0.013585396593088106,0.0,0.004556107766851447,-0.031240144320506147,0.46661807545839606,0.5125832716506291,outer_05,none,0.05,0,,False,5.0,0.0,-0.0,-0.0,0.0,-0.0,-0.0,-0.0,-0.0
3015,2022-09-13,3016,3017,2022-09-14,2022-09-15,-0.002177227073866028,0.0,-0.013055297608788763,-0.042067517702315094,0.5183311236666587,0.5125832716506291,outer_05,none,0.05,0,,False,5.0,0.0,-0.0,-0.0,0.0,-0.0,-0.0,-0.0,-0.0
3016,2022-09-14,3017,3018,2022-09-15,2022-09-16,-0.019540991835106603,0.0,-0.0029179237570797767,-0.037375424691263426,0.4928242111021239,0.5125832716506291,outer_05,none,0.05,0,,False,5.0,0.0,-0.0,-0.0,0.0,-0.0,-0.0,-0.0,-0.0
3017,2022-09-15,3018,3019,2022-09-16,2022-09-19,0.006174171416102325,1.0,-0.019513278578534354,-0.054832106382003865,0.5295186471180888,0.5125832716506291,outer_05,none,0.05,0,,False,5.0,0.0,0.0,0.0,0.0,0.0,0.0,0.0,0.0
3018,2022-09-16,3019,3020,2022-09-19,2022-09-20,0.0005252289044381797,1.0,0.0062583111642728895,-0.042241157657556094,0.4976445444051776,0.5125832716506291,outer_05,none,0.05,0,,False,5.0,0.0,0.0,0.0,0.0,0.0,0.0,0.0,0.0
3019,2022-09-19,3020,3021,2022-09-20,2022-09-21,-0.00667537240009608,0.0,0.00041782065358120235,-0.035433061973326296,0.5333981554083068,0.5125832716506291,outer_05,none,0.05,0,,False,5.0,0.0,-0.0,-0.0,0.0,-0.0,-0.0,-0.0,-0.0
3020,2022-09-20,3021,3022,2022-09-21,2022-09-22,0.0038909038622687575,1.0,-0.0065559871635461064,-0.04867116381801129,0.5668760086358033,0.5125832716506291,outer_05,none,0.05,1,row3020_entry3021_exit3022,True,5.0,0.000499875041651048,0.0038909038622687575,0.0033910288206177096,0.0,0.0033910288206177096,-0.004390778903919805,-0.004390778903919805,-0.004390778903919805
3021,2022-09-21,3022,3023,2022-09-22,2022-09-23,0.0001316301195553038,1.0,0.005373699837522672,-0.04529799050019179,0.5343652279649507,0.5125832716506291,outer_05,none,0.05,0,,False,5.0,0.0,0.0,0.0,0.0,0.0,0.0,0.0,0.0
3022,2022-09-22,3023,3024,2022-09-23,2022-09-26,-0.01662602845709138,0.0,-0.0015366726593253333,-0.051011414504217534,0.5021355174053361,0.5125832716506291,outer_05,none,0.05,0,,False,5.0,0.0,-0.0,-0.0,0.0,-0.0,-0.0,-0.0,-0.0
3023,2022-09-23,3024,3025,2022-09-26,2022-09-27,-0.012524112846751478,0.0,-0.015856642337809035,-0.05511970196441762,0.5213467875835984,0.5125832716506291,outer_05,none,0.05,0,,False,5.0,0.0,-0.0,-0.0,0.0,-0.0,-0.0,-0.0,-0.0
3024,2022-09-26,3025,3026,2022-09-27,2022-09-28,0.003959037790135511,1.0,-0.013754819324159229,-0.06851198664960112,0.4764604184996328,0.5125832716506291,outer_05,none,0.05,0,,False,5.0,0.0,0.0,0.0,0.0,0.0,0.0,0.0,0.0
3025,2022-09-27,3026,3027,2022-09-28,2022-09-29,0.018142520965768405,1.0,0.004158010148664459,-0.056716029452551275,0.5141846377797028,0.5125832716506291,outer_05,none,0.05,0,,False,5.0,0.0,0.0,0.0,0.0,0.0,0.0,0.0,0.0
3026,2022-09-28,3027,3028,2022-09-29,2022-09-30,0.0007227522719936985,1.0,0.018680766035447327,-0.030326839758779478,0.4871783929778443,0.5125832716506291,outer_05,none,0.05,0,,False,5.0,0.0,0.0,0.0,0.0,0.0,0.0,0.0,0.0
3027,2022-09-29,3028,3029,2022-09-30,2022-10-03,0.0013838167869177909,1.0,0.0003854957281808069,-0.022055228770904378,0.5711246386041349,0.5125832716506291,outer_05,none,0.05,1,row3027_entry3028_exit3029,True,5.0,0.000499875041651048,0.0013838167869177909,0.0008839417452667429,0.0,0.0008839417452667429,-0.0018836918285688388,0.0008839417452667429,-0.0018836918285688388
3028,2022-09-30,3029,3030,2022-10-03,2022-10-04,0.021107770141736815,1.0,0.00016258644968036862,-0.03082438866191417,0.5074213060644548,0.5125832716506291,outer_05,none,0.05,0,,False,5.0,0.0,0.0,0.0,0.0,0.0,0.0,0.0,0.0
3029,2022-10-03,3030,3031,2022-10-04,2022-10-05,0.015352203570083489,1.0,0.02311130388728344,-0.006129608685258248,0.27377946285435206,0.5125832716506291,outer_05,none,0.05,-1,row3029_entry3030_exit3031,True,5.0,0.000499875041651048,-0.015352203570083489,-0.015852078611734537,0.0,0.014852328528432442,-0.015852078611734537,0.014852328528432442,-0.015852078611734537
3030,2022-10-04,3031,3032,2022-10-05,2022-10-06,-0.005126219400787946,0.0,0.015598863851577605,0.014258286497066841,0.3478267248025729,0.5125832716506291,outer_05,none,0.05,-1,row3030_entry3031_exit3032,True,5.0,0.000499875041651048,0.005126219400787946,0.004626344359136898,0.0,-0.005626094442438993,0.004626344359136898,-0.005626094442438993,-0.005626094442438993
3031,2022-10-05,3032,3033,2022-10-06,2022-10-07,-0.0025496301680636435,0.0,-0.005861882415516995,-0.0011762926015377317,0.514040590235299,0.5125832716506291,outer_05,none,0.05,0,,False,5.0,0.0,-0.0,-0.0,0.0,-0.0,-0.0,-0.0,-0.0
3032,2022-10-06,3033,3034,2022-10-07,2022-10-10,-0.008942829393250307,0.0,-0.0021932263789086193,0.002379484944265542,0.5183542106296745,0.5125832716506291,outer_05,none,0.05,0,,False,5.0,0.0,-0.0,-0.0,0.0,-0.0,-0.0,-0.0,-0.0
3033,2022-10-07,3034,3035,2022-10-10,2022-10-11,-0.016899533456244953,0.0,-0.010383711950868069,-0.012926476651474061,0.5767550951181095,0.5125832716506291,outer_05,none,0.05,1,row3033_entry3034_exit3035,True,5.0,0.000499875041651048,-0.016899533456244953,-0.017399408497896,0.0,-0.017399408497896,0.016399658414593905,0.016399658414593905,0.016399658414593905
3034,2022-10-10,3035,3036,2022-10-11,2022-10-12,-0.0011036469450376174,0.0,-0.01592145038394044,-0.03340403480226595,0.6386204091072035,0.5125832716506291,outer_05,none,0.05,1,row3034_entry3035_exit3036,True,5.0,0.000499875041651048,-0.0011036469450376174,-0.0016035219866886653,0.0,-0.0016035219866886653,0.0006037719033865695,0.0006037719033865695,0.0006037719033865695
3035,2022-10-11,3036,3037,2022-10-12,2022-10-13,0.004670163800772897,1.0,-0.0011577234334403386,-0.021506460626917523,0.491810231611475,0.5125832716506291,outer_05,none,0.05,0,,False,5.0,0.0,0.0,0.0,0.0,0.0,0.0,0.0,0.0
3036,2022-10-12,3037,3038,2022-10-13,2022-10-14,-0.004742183101976494,0.0,0.004204580915255107,-0.014383955954582639,0.4884820725813606,0.5125832716506291,outer_05,none,0.05,0,,False,5.0,0.0,-0.0,-0.0,0.0,-0.0,-0.0,-0.0,-0.0
3037,2022-10-13,3038,3039,2022-10-14,2022-10-17,-0.012270685364785372,0.0,-0.004150564007949775,0.0009787586160019401,0.5160566007369511,0.5125832716506291,outer_05,none,0.05,0,,False,5.0,0.0,-0.0,-0.0,0.0,-0.0,-0.0,-0.0,-0.0
3038,2022-10-14,3039,3040,2022-10-17,2022-10-18,0.0028092036518723162,1.0,-0.013230902755918095,-0.018510455304189044,0.4680313670740242,0.5125832716506291,outer_05,none,0.05,0,,False,5.0,0.0,0.0,0.0,0.0,0.0,0.0,0.0,0.0
3039,2022-10-17,3040,3041,2022-10-18,2022-10-19,0.0008720983601318011,1.0,0.0038120026979875377,-0.015116273259782709,0.3616819486263943,0.5125832716506291,outer_05,none,0.05,-1,row3039_entry3040_exit3041,True,5.0,0.000499875041651048,-0.0008720983601318011,-0.001371973401782849,0.0,0.00037222331848075314,-0.001371973401782849,0.00037222331848075314,-0.001371973401782849
3040,2022-10-18,3041,3042,2022-10-19,2022-10-20,-0.013818545777788849,0.0,0.0008175649738202395,-0.007742721122416363,0.4121071254635261,0.5125832716506291,outer_05,none,0.05,-1,row3040_entry3041_exit3042,True,5.0,0.000499875041651048,0.013818545777788849,0.013318670736137801,0.0,-0.014318420819439896,0.013318670736137801,-0.014318420819439896,0.013318670736137801
3041,2022-10-19,3042,3043,2022-10-20,2022-10-21,-0.0005709812744347786,0.0,-0.013965779439594428,-0.027082200399533463,0.5570255970813416,0.5125832716506291,outer_05,none,0.05,1,row3041_entry3042_exit3043,True,5.0,0.000499875041651048,-0.0005709812744347786,-0.0010708563160858266,0.0,-0.0010708563160858266,7.11062327837307e-05,7.11062327837307e-05,7.11062327837307e-05
3042,2022-10-20,3043,3044,2022-10-21,2022-10-24,0.019154446038592177,1.0,-0.0006017734074950098,-0.02614730114770314,0.5063668634718056,0.5125832716506291,outer_05,none,0.05,0,,False,5.0,0.0,0.0,0.0,0.0,0.0,0.0,0.0,0.0
3043,2022-10-21,3044,3045,2022-10-24,2022-10-25,-0.006043044737716663,0.0,0.01783717878626767,0.007546519976373567,0.3956458641420008,0.5125832716506291,outer_05,none,0.05,-1,row3043_entry3044_exit3045,True,5.0,0.000499875041651048,0.006043044737716663,0.0055431696960656154,0.0,-0.0065429197793677105,0.0055431696960656154,-0.0065429197793677105,-0.0065429197793677105
3044,2022-10-24,3045,3046,2022-10-25,2022-10-26,0.0014415595564818418,1.0,-0.0048205398350837925,0.016480799465449003,0.4606237559127022,0.5125832716506291,outer_05,none,0.05,0,,False,5.0,0.0,0.0,0.0,0.0,0.0,0.0,0.0,0.0
3045,2022-10-25,3046,3047,2022-10-26,2022-10-27,0.007321003601594711,1.0,0.0022528806418256053,0.014575669958610149,0.4322708339201443,0.5125832716506291,outer_05,none,0.05,-1,row3045_entry3046_exit3047,True,5.0,0.000499875041651048,-0.007321003601594711,-0.007820878643245759,0.0,0.006821128559943664,-0.007820878643245759,0.006821128559943664,0.006821128559943664
3046,2022-10-26,3047,3048,2022-10-27,2022-10-28,-0.001033989487719822,0.0,0.00695665463415196,0.0028515585573147817,0.3799295735636154,0.5125832716506291,outer_05,none,0.05,-1,row3046_entry3047_exit3048,True,5.0,0.000499875041651048,0.001033989487719822,0.000534114446068774,0.0,-0.0015338645293708699,0.000534114446068774,-0.0015338645293708699,-0.0015338645293708699
3047,2022-10-27,3048,3049,2022-10-28,2022-10-31,-0.011870975988344412,0.0,-0.0008173372091002662,0.0016487256200337086,0.44793413009428124,0.5125832716506291,outer_05,none,0.05,-1,row3047_entry3048_exit3049,True,5.0,0.000499875041651048,0.011870975988344412,0.011371100946693365,0.0,-0.01237085102999546,0.011371100946693365,0.011371100946693365,-0.01237085102999546
3048,2022-10-28,3049,3050,2022-10-31,2022-11-01,-0.006178587595353946,0.0,-0.011282338392394564,-0.009796199222041224,0.44425170976595696,0.5125832716506291,outer_05,none,0.05,-1,row3048_entry3049_exit3050,True,5.0,0.000499875041651048,0.006178587595353946,0.0056787125537028985,0.0,-0.0066784626370049935,0.0056787125537028985,0.0056787125537028985,0.0056787125537028985
3049,2022-10-31,3050,3051,2022-11-01,2022-11-02,0.008731656310161817,1.0,-0.006735511224413848,-0.03964301433373851,0.4714676890686691,0.5125832716506291,outer_05,none,0.05,0,,False,5.0,0.0,0.0,0.0,0.0,0.0,0.0,0.0,0.0
3050,2022-11-01,3051,3052,2022-11-02,2022-11-03,-0.007727787659185914,0.0,0.008594417192448134,-0.046647460992867984,0.43990807887086447,0.5125832716506291,outer_05,none,0.05,-1,row3050_entry3051_exit3052,True,5.0,0.000499875041651048,0.007727787659185914,0.0072279126175348665,0.0,-0.008227662700836962,0.0072279126175348665,-0.008227662700836962,0.0072279126175348665
3051,2022-11-02,3052,3053,2022-11-03,2022-11-04,-0.0034135896334497318,0.0,-0.007670482634288156,-0.048456061211639145,0.5088945852143069,0.5125832716506291,outer_05,none,0.05,0,,False,5.0,0.0,-0.0,-0.0,0.0,-0.0,-0.0,-0.0,-0.0
3052,2022-11-03,3053,3054,2022-11-04,2022-11-07,0.027531534600973906,1.0,-0.0033817138047025352,-0.04964454863743306,0.47075828620709503,0.5125832716506291,outer_05,none,0.05,0,,False,5.0,0.0,0.0,0.0,0.0,0.0,0.0,0.0,0.0
3053,2022-11-04,3054,3055,2022-11-07,2022-11-08,0.00029856985263521096,1.0,0.03096001789941827,-0.008300818787146724,0.25307183894652785,0.5125832716506291,outer_05,none,0.05,-1,row3053_entry3054_exit3055,True,5.0,0.000499875041651048,-0.00029856985263521096,-0.0007984448942862589,0.0,-0.00020130518901583698,-0.0007984448942862589,-0.00020130518901583698,-0.0007984448942862589
3054,2022-11-07,3055,3056,2022-11-08,2022-11-09,0.022043152488066653,1.0,-0.0032656982034211524,0.004354933393372562,0.4015151164421114,0.5125832716506291,outer_05,none,0.05,-1,row3054_entry3055_exit3056,True,5.0,0.000499875041651048,-0.022043152488066653,-0.0225430275297177,0.0,0.021543277446415605,-0.0225430275297177,-0.0225430275297177,0.021543277446415605
3055,2022-11-08,3056,3057,2022-11-09,2022-11-10,-0.0035162171113762852,0.0,0.021856793373951966,0.027369450200764867,0.36023775254026663,0.5125832716506291,outer_05,none,0.05,-1,row3055_entry3056_exit3057,True,5.0,0.000499875041651048,0.0035162171113762852,0.0030163420697252373,0.0,-0.004016092153027333,0.0030163420697252373,-0.004016092153027333,-0.004016092153027333
3056,2022-11-09,3057,3058,2022-11-10,2022-11-11,0.02738471782157692,1.0,-0.003164439286099885,0.020000429999409874,0.4562842996086912,0.5125832716506291,outer_05,none,0.05,0,,False,5.0,0.0,0.0,0.0,0.0,0.0,0.0,0.0,0.0
3057,2022-11-10,3058,3059,2022-11-11,2022-11-14,0.005544622712732483,1.0,0.028051746928307253,0.0522027409356669,0.4129814036796809,0.5125832716506291,outer_05,none,0.05,-1,row3057_entry3058_exit3059,True,5.0,0.000499875041651048,-0.005544622712732483,-0.006044497754383531,0.0,0.005044747671081436,-0.006044497754383531,0.005044747671081436,0.005044747671081436
3058,2022-11-11,3059,3060,2022-11-14,2022-11-15,0.0041313252383652355,1.0,0.008321964961871764,0.07375560865345676,0.5407028862885951,0.5125832716506291,outer_05,none,0.05,0,,False,5.0,0.0,0.0,0.0,0.0,0.0,0.0,0.0,0.0
3059,2022-11-14,3060,3061,2022-11-15,2022-11-16,0.004007456629837591,1.0,0.0005308874982086209,0.07047449345367784,0.5588057894247224,0.5125832716506291,outer_05,none,0.05,1,row3059_entry3060_exit3061,True,5.0,0.000499875041651048,0.004007456629837591,0.0035075815881865434,0.0,0.0035075815881865434,-0.004507331671488639,0.0035075815881865434,0.0035075815881865434
3060,2022-11-15,3061,3062,2022-11-16,2022-11-17,-0.0022976734911459573,0.0,0.00429882824722938,0.07395575672708699,0.46602393802097114,0.5125832716506291,outer_05,none,0.05,0,,False,5.0,0.0,-0.0,-0.0,0.0,-0.0,-0.0,-0.0,-0.0
3061,2022-11-16,3062,3063,2022-11-17,2022-11-18,-0.007441626332928664,0.0,-0.0027755041730062047,0.08514603199367521,0.5456551275526741,0.5125832716506291,outer_05,none,0.05,0,,False,5.0,0.0,-0.0,-0.0,0.0,-0.0,-0.0,-0.0,-0.0
3062,2022-11-17,3063,3064,2022-11-18,2022-11-21,-0.005336504988671109,0.0,-0.007708105035612256,0.07803970036555796,0.5783508650411319,0.5125832716506291,outer_05,none,0.05,1,row3062_entry3063_exit3064,True,5.0,0.000499875041651048,-0.005336504988671109,-0.005836380030322157,0.0,-0.005836380030322157,0.004836629947020062,0.004836629947020062,-0.005836380030322157
3063,2022-11-18,3064,3065,2022-11-21,2022-11-22,-0.0070487397861374035,0.0,-0.005240475204426609,0.05496204637486368,0.5215479063805412,0.5125832716506291,outer_05,none,0.05,0,,False,5.0,0.0,-0.0,-0.0,0.0,-0.0,-0.0,-0.0,-0.0
3064,2022-11-21,3065,3066,2022-11-22,2022-11-23,0.0006438965158857002,1.0,-0.007578747091664617,0.05220383911828286,0.4750037174856172,0.5125832716506291,outer_05,none,0.05,0,,False,5.0,0.0,0.0,0.0,0.0,0.0,0.0,0.0,0.0
3065,2022-11-22,3066,3067,2022-11-23,2022-11-24,0.00557075768813764,1.0,0.0012766987000345509,0.0512276571764918,0.4293449964082344,0.5125832716506291,outer_05,none,0.05,-1,row3065_entry3066_exit3067,True,5.0,0.000499875041651048,-0.00557075768813764,-0.006070632729788687,0.0,0.005070882646486592,-0.006070632729788687,0.005070882646486592,0.005070882646486592
3066,2022-11-23,3067,3068,2022-11-24,2022-11-25,0.002950452269464776,1.0,0.005405000305124474,0.04967600284746432,0.43400608389383766,0.5125832716506291,outer_05,none,0.05,-1,row3066_entry3067_exit3068,True,5.0,0.000499875041651048,-0.002950452269464776,-0.003450327311115824,0.0,0.002450577227813728,-0.003450327311115824,0.002450577227813728,0.002450577227813728
3067,2022-11-24,3068,3069,2022-11-25,2022-11-28,-0.0003305653267080544,0.0,0.0034124856927508773,0.05390582574931546,0.46806290505230325,0.5125832716506291,outer_05,none,0.05,0,,False,5.0,0.0,-0.0,-0.0,0.0,-0.0,-0.0,-0.0,-0.0
3068,2022-11-25,3069,3070,2022-11-28,2022-11-29,-0.008138920938845828,0.0,-0.0004159508668157841,0.06477221327489424,0.4750311746476105,0.5125832716506291,outer_05,none,0.05,0,,False,5.0,0.0,-0.0,-0.0,0.0,-0.0,-0.0,-0.0,-0.0
3069,2022-11-28,3070,3071,2022-11-29,2022-11-30,0.005330411369388166,1.0,-0.007522596005633986,0.0639851284936741,0.4535851494897404,0.5125832716506291,outer_05,none,0.05,0,,False,5.0,0.0,0.0,0.0,0.0,0.0,0.0,0.0,0.0
3070,2022-11-29,3071,3072,2022-11-30,2022-12-01,0.01120963068517078,1.0,0.004680387901105476,0.060071099202331446,0.4355673141082815,0.5125832716506291,outer_05,none,0.05,-1,row3070_entry3071_exit3072,True,5.0,0.000499875041651048,-0.01120963068517078,-0.011709505726821827,0.0,0.010709755643519732,-0.011709505726821827,0.010709755643519732,0.010709755643519732
3071,2022-11-30,3072,3073,2022-12-01,2022-12-02,0.018504112198657552,1.0,0.010642329399714434,0.07838391123633404,0.4938228395281552,0.5125832716506291,outer_05,none,0.05,0,,False,5.0,0.0,0.0,0.0,0.0,0.0,0.0,0.0,0.0
3072,2022-12-01,3073,3074,2022-12-02,2022-12-05,-0.0034073477079816783,0.0,0.019304764717813505,0.10107038975885008,0.48926877546175024,0.5125832716506291,outer_05,none,0.05,0,,False,5.0,0.0,-0.0,-0.0,0.0,-0.0,-0.0,-0.0,-0.0
3073,2022-12-02,3074,3075,2022-12-05,2022-12-06,-0.015605632947854886,0.0,-0.0027104803255122434,0.06739989153391956,0.4979739301324453,0.5125832716506291,outer_05,none,0.05,0,,False,5.0,0.0,-0.0,-0.0,0.0,-0.0,-0.0,-0.0,-0.0
3074,2022-12-05,3075,3076,2022-12-06,2022-12-07,0.001565356777298632,1.0,-0.016447268808384763,0.054218320928955954,0.4627720318059268,0.5125832716506291,outer_05,none,0.05,0,,False,5.0,0.0,0.0,0.0,0.0,0.0,0.0,0.0,0.0
3075,2022-12-06,3076,3077,2022-12-07,2022-12-08,0.008367167388292351,1.0,0.001322168548713698,0.033683696103717686,0.44198492481117735,0.5125832716506291,outer_05,none,0.05,-1,row3075_entry3076_exit3077,True,5.0,0.000499875041651048,-0.008367167388292351,-0.008867042429943399,0.0,0.007867292346641304,-0.008867042429943399,0.007867292346641304,0.007867292346641304
3076,2022-12-07,3077,3078,2022-12-08,2022-12-09,0.0021479521613114727,1.0,0.008428571925951367,0.04527670731576894,0.48692073661179186,0.5125832716506291,outer_05,none,0.05,0,,False,5.0,0.0,0.0,0.0,0.0,0.0,0.0,0.0,0.0
3077,2022-12-08,3078,3079,2022-12-09,2022-12-12,0.00405397294753751,1.0,0.001678340850922666,0.01890330123838435,0.47184955254546057,0.5125832716506291,outer_05,none,0.05,0,,False,5.0,0.0,0.0,0.0,0.0,0.0,0.0,0.0,0.0
3078,2022-12-09,3079,3080,2022-12-12,2022-12-13,-0.008753011264101218,0.0,0.0047289322018713165,0.015310268478383904,0.37722934582330664,0.5125832716506291,outer_05,none,0.05,-1,row3078_entry3079_exit3080,True,5.0,0.000499875041651048,0.008753011264101218,0.00825313622245017,0.0,-0.009252886305752266,0.00825313622245017,-0.009252886305752266,-0.009252886305752266
3079,2022-12-12,3080,3081,2022-12-13,2022-12-14,0.016359212698121794,1.0,-0.009047964194149216,0.005731416786026067,0.360874755824725,0.5125832716506291,outer_05,none,0.05,-1,row3079_entry3080_exit3081,True,5.0,0.000499875041651048,-0.016359212698121794,-0.016859087739772842,0.0,0.015859337656470747,-0.016859087739772842,-0.016859087739772842,0.015859337656470747
3080,2022-12-13,3081,3082,2022-12-14,2022-12-15,-0.001984670596419491,0.0,0.01628198050243501,0.017714569041231698,0.29759053911922717,0.5125832716506291,outer_05,none,0.05,-1,row3080_entry3081_exit3082,True,5.0,0.000499875041651048,0.001984670596419491,0.0014847955547684431,0.0,-0.002484545638070539,0.0014847955547684431,-0.002484545638070539,-0.002484545638070539
3081,2022-12-14,3082,3083,2022-12-15,2022-12-16,-0.016982809083823547,0.0,-0.0018298873727431442,0.01866018584149476,0.36063645718105647,0.5125832716506291,outer_05,none,0.05,-1,row3081_entry3082_exit3083,True,5.0,0.000499875041651048,0.016982809083823547,0.0164829340421725,0.0,-0.017482684125474594,0.0164829340421725,0.0164829340421725,-0.017482684125474594
3082,2022-12-15,3083,3084,2022-12-16,2022-12-19,0.008954296841436893,1.0,-0.016964692573576023,0.009403598303530991,0.36246298356562756,0.5125832716506291,outer_05,none,0.05,-1,row3082_entry3083_exit3084,True,5.0,0.000499875041651048,-0.008954296841436893,-0.00945417188308794,0.0,0.008454421799785845,-0.00945417188308794,-0.00945417188308794,0.008454421799785845
3083,2022-12-16,3084,3085,2022-12-19,2022-12-20,-0.002860241271550379,0.0,0.009131971918100668,0.023776045426058268,0.32470307670109555,0.5125832716506291,outer_05,none,0.05,-1,row3083_entry3084_exit3085,True,5.0,0.000499875041651048,0.002860241271550379,0.002360366229899331,0.0,-0.003360116313201427,0.002360366229899331,-0.003360116313201427,-0.003360116313201427
3084,2022-12-19,3085,3086,2022-12-20,2022-12-21,0.01681448425661891,1.0,-0.0030440573669974214,0.028310735150725463,0.3969613939192353,0.5125832716506291,outer_05,none,0.05,-1,row3084_entry3085_exit3086,True,5.0,0.000499875041651048,-0.01681448425661891,-0.01731435929826996,0.0,0.016314609214967864,-0.01731435929826996,-0.01731435929826996,0.016314609214967864
3085,2022-12-20,3086,3087,2022-12-21,2022-12-22,-0.0021422305554930077,0.0,0.016653552977873964,0.04368758942856488,0.3746886827307326,0.5125832716506291,outer_05,none,0.05,-1,row3085_entry3086_exit3087,True,5.0,0.000499875041651048,0.0021422305554930077,0.0016423555138419597,0.0,-0.0026421055971440556,0.0016423555138419597,-0.0026421055971440556,-0.0026421055971440556
3086,2022-12-21,3087,3088,2022-12-22,2022-12-23,-0.011354685996503022,0.0,-0.0019384226653267334,0.03634416645811367,0.41426613259687367,0.5125832716506291,outer_05,none,0.05,-1,row3086_entry3087_exit3088,True,5.0,0.000499875041651048,0.011354685996503022,0.010854810954851975,0.0,-0.01185456103815407,0.010854810954851975,0.010854810954851975,-0.01185456103815407
3087,2022-12-22,3088,3089,2022-12-23,2022-12-27,0.0036955450682896185,1.0,-0.012061534531880191,0.0208701462334826,0.4323996512486054,0.5125832716506291,outer_05,none,0.05,-1,row3087_entry3088_exit3089,True,5.0,0.000499875041651048,-0.0036955450682896185,-0.004195420109940666,0.0,0.0031956700266385705,-0.004195420109940666,-0.004195420109940666,0.0031956700266385705
3088,2022-12-23,3089,3090,2022-12-27,2022-12-28,0.0077693932959945755,1.0,0.0034030403972789003,0.024689137497577285,0.3628653359728381,0.5125832716506291,outer_05,none,0.05,-1,row3088_entry3089_exit3090,True,5.0,0.000499875041651048,-0.0077693932959945755,-0.008269268337645623,0.0,0.007269518254343528,-0.008269268337645623,0.007269518254343528,0.007269518254343528
3089,2022-12-27,3090,3091,2022-12-28,2022-12-29,-0.005433339053754871,0.0,0.008283592679672047,0.04049532618288332,0.39109625524309055,0.5125832716506291,outer_05,none,0.05,-1,row3089_entry3090_exit3091,True,5.0,0.000499875041651048,0.005433339053754871,0.004933464012103823,0.0,-0.005933214095405918,0.004933464012103823,-0.005933214095405918,-0.005933214095405918
3090,2022-12-28,3091,3092,2022-12-29,2022-12-30,0.005730959743896591,1.0,-0.005119314158991806,0.030695624122786036,0.47041713638330673,0.5125832716506291,outer_05,none,0.05,0,,False,5.0,0.0,0.0,0.0,0.0,0.0,0.0,0.0,0.0
3091,2022-12-29,3092,3093,2022-12-30,2023-01-03,0.006541768838413731,1.0,0.005846935695617006,0.025900230418688608,0.41206482875906103,0.5125832716506291,outer_05,none,0.05,-1,row3091_entry3092_exit3093,True,5.0,0.000499875041651048,-0.006541768838413731,-0.007041643880064778,0.0,0.006041893796762683,-0.007041643880064778,0.006041893796762683,0.006041893796762683
3092,2022-12-30,3093,3094,2023-01-03,2023-01-04,0.006651540212460283,1.0,0.004815392144348785,0.011410857845223887,0.3524691298145403,0.5125832716506291,outer_05,none,0.05,-1,row3092_entry3093_exit3094,True,5.0,0.000499875041651048,-0.006651540212460283,-0.0071514152541113304,0.0,0.006151665170809235,-0.0071514152541113304,0.006151665170809235,0.006151665170809235
3093,2023-01-03,3094,3095,2023-01-04,2023-01-05,0.0085129019153527,1.0,0.008692335962367181,0.022813674133103312,0.34394731037940873,0.5125832716506291,outer_05,none,0.05,-1,row3093_entry3094_exit3095,True,5.0,0.000499875041651048,-0.0085129019153527,-0.009012776957003747,0.0,0.008013026873701652,-0.009012776957003747,0.008013026873701652,0.008013026873701652
3094,2023-01-04,3095,3096,2023-01-05,2023-01-06,-0.012032325007308664,0.0,0.008234687789712147,0.04749563073120022,0.3782531358117611,0.5125832716506291,outer_05,none,0.05,-1,row3094_entry3095_exit3096,True,5.0,0.000499875041651048,0.012032325007308664,0.011532449965657617,0.0,-0.012532200048959712,0.011532449965657617,-0.012532200048959712,-0.012532200048959712
3095,2023-01-05,3096,3097,2023-01-06,2023-01-09,0.019146427333970983,1.0,-0.011801850833690786,0.03437161134879574,0.40745946859117205,0.5125832716506291,outer_05,none,0.05,-1,row3095_entry3096_exit3097,True,5.0,0.000499875041651048,-0.019146427333970983,-0.01964630237562203,0.0,0.018646552292319936,-0.01964630237562203,-0.01964630237562203,0.018646552292319936
3096,2023-01-06,3097,3098,2023-01-09,2023-01-10,0.0017492669042704634,1.0,0.01790285586016971,0.04384589528301408,0.34437869076384103,0.5125832716506291,outer_05,none,0.05,-1,row3096_entry3097_exit3098,True,5.0,0.000499875041651048,-0.0017492669042704634,-0.0022491419459215113,0.0,0.0012493918626194154,-0.0022491419459215113,0.0012493918626194154,0.0012493918626194154
3097,2023-01-09,3098,3099,2023-01-10,2023-01-11,0.0032017273974398464,1.0,0.0030179009982767013,0.045185455430368116,0.4183539740914678,0.5125832716506291,outer_05,none,0.05,-1,row3097_entry3098_exit3099,True,5.0,0.000499875041651048,-0.0032017273974398464,-0.0037016024390908943,0.0,0.0027018523557887984,-0.0037016024390908943,0.0027018523557887984,0.0027018523557887984
3098,2023-01-10,3099,3100,2023-01-11,2023-01-12,-0.001076770645300762,0.0,0.0027957271356227054,0.043252250364119504,0.44339249951452425,0.5125832716506291,outer_05,none,0.05,-1,row3098_entry3099_exit3100,True,5.0,0.000499875041651048,0.001076770645300762,0.000576895603649714,0.0,-0.0015766456869518099,0.000576895603649714,-0.0015766456869518099,-0.0015766456869518099
3099,2023-01-11,3100,3101,2023-01-12,2023-01-13,0.011016604333481617,1.0,-0.0006715415861977547,0.051628672972070966,0.4540765327385529,0.5125832716506291,outer_05,none,0.05,0,,False,5.0,0.0,0.0,0.0,0.0,0.0,0.0,0.0,0.0
3100,2023-01-12,3101,3102,2023-01-13,2023-01-16,0.012194953397708375,1.0,0.011186629222011746,0.0465333216916477,0.3795620802940895,0.5125832716506291,outer_05,none,0.05,-1,row3100_entry3101_exit3102,True,5.0,0.000499875041651048,-0.012194953397708375,-0.012694828439359422,0.0,0.011695078356057327,-0.012694828439359422,0.011695078356057327,0.011695078356057327
3101,2023-01-13,3102,3103,2023-01-16,2023-01-17,-0.0020657068826395175,0.0,0.012334321064665588,0.06069753012905643,0.36121659586119154,0.5125832716506291,outer_05,none,0.05,-1,row3101_entry3102_exit3103,True,5.0,0.000499875041651048,0.0020657068826395175,0.0015658318409884696,0.0,-0.0025655819242905655,0.0015658318409884696,-0.0025655819242905655,-0.0025655819242905655
3102,2023-01-16,3103,3104,2023-01-17,2023-01-18,-0.0035623993084268335,0.0,-0.0025236343280417017,0.07513858837459075,0.4780762525105917,0.5125832716506291,outer_05,none,0.05,0,,False,5.0,0.0,-0.0,-0.0,0.0,-0.0,-0.0,-0.0,-0.0
3103,2023-01-17,3104,3105,2023-01-18,2023-01-19,-0.0022191744653232703,0.0,-0.0035878324279039475,0.06241878402858614,0.44286199926929914,0.5125832716506291,outer_05,none,0.05,-1,row3103_entry3104_exit3105,True,5.0,0.000499875041651048,0.0022191744653232703,0.0017192994236722224,0.0,-0.0027190495069743183,0.0017192994236722224,0.0017192994236722224,-0.0027190495069743183
3104,2023-01-18,3105,3106,2023-01-19,2023-01-20,0.014417623589513262,1.0,-0.0023237830927751446,0.06313905830280842,0.4407626863402068,0.5125832716506291,outer_05,none,0.05,-1,row3104_entry3105_exit3106,True,5.0,0.000499875041651048,-0.014417623589513262,-0.01491749863116431,0.0,0.013917748547862215,-0.01491749863116431,-0.01491749863116431,0.013917748547862215
3105,2023-01-19,3106,3107,2023-01-20,2023-01-23,-0.0029967462647508825,0.0,0.014576879210718374,0.061062384535652825,0.39948844131559824,0.5125832716506291,outer_05,none,0.05,-1,row3105_entry3106_exit3107,True,5.0,0.000499875041651048,0.0029967462647508825,0.0024968712230998345,0.0,-0.0034966213064019304,0.0024968712230998345,-0.0034966213064019304,-0.0034966213064019304
3106,2023-01-20,3107,3108,2023-01-23,2023-01-24,0.002608401772420166,1.0,-0.0032140700134233313,0.05978673718755623,0.44079759081606823,0.5125832716506291,outer_05,none,0.05,-1,row3106_entry3107_exit3108,True,5.0,0.000499875041651048,-0.002608401772420166,-0.0031082768140712137,0.0,0.002108526730769118,-0.0031082768140712137,-0.0031082768140712137,0.002108526730769118
3107,2023-01-23,3108,3109,2023-01-24,2023-01-25,0.0031851442144388287,1.0,0.0025565448212754305,0.07440481654071185,0.41406951892629684,0.5125832716506291,outer_05,none,0.05,-1,row3107_entry3108_exit3109,True,5.0,0.000499875041651048,-0.0031851442144388287,-0.0036850192560898766,0.0,0.0026852691727877807,-0.0036850192560898766,0.0026852691727877807,0.0026852691727877807
3108,2023-01-24,3109,3110,2023-01-25,2023-01-26,0.004851253482493156,1.0,0.0033142831344186163,0.07431605927785156,0.3823249208168891,0.5125832716506291,outer_05,none,0.05,-1,row3108_entry3109_exit3110,True,5.0,0.000499875041651048,-0.004851253482493156,-0.005351128524144204,0.0,0.004351378440842109,-0.005351128524144204,0.004351378440842109,0.004351378440842109
3109,2023-01-25,3110,3111,2023-01-26,2023-01-27,-0.009378641518257957,0.0,0.004542489283007711,0.07057495588118723,0.4143717706730687,0.5125832716506291,outer_05,none,0.05,-1,row3109_entry3110_exit3111,True,5.0,0.000499875041651048,0.009378641518257957,0.00887876647660691,0.0,-0.009878516559909005,0.00887876647660691,-0.009878516559909005,-0.009878516559909005
3110,2023-01-26,3111,3112,2023-01-27,2023-01-30,-0.0005809882150193957,0.0,-0.008846463647209646,0.06684780639296939,0.4413514495700959,0.5125832716506291,outer_05,none,0.05,-1,row3110_entry3111_exit3112,True,5.0,0.000499875041651048,0.0005809882150193957,8.111317336834773e-05,0.0,-0.0010808632566704436,8.111317336834773e-05,8.111317336834773e-05,-0.0010808632566704436
3111,2023-01-27,3112,3113,2023-01-30,2023-01-31,-0.0021765168233676135,0.0,-0.00033184349735737584,0.06066902719999501,0.43266171042879303,0.5125832716506291,outer_05,none,0.05,-1,row3111_entry3112_exit3113,True,5.0,0.000499875041651048,0.0021765168233676135,0.0016766417817165656,0.0,-0.0026763918650186615,0.0016766417817165656,0.0016766417817165656,-0.0026763918650186615
3112,2023-01-30,3113,3114,2023-01-31,2023-02-01,0.002601916290251971,1.0,-0.002632721504670421,0.0532209135509758,0.44271390783961684,0.5125832716506291,outer_05,none,0.05,-1,row3112_entry3113_exit3114,True,5.0,0.000499875041651048,-0.002601916290251971,-0.003101791331903019,0.0,0.002102041248600923,-0.003101791331903019,-0.003101791331903019,0.002102041248600923
3113,2023-01-31,3114,3115,2023-02-01,2023-02-02,0.012094551833313538,1.0,0.0025289978244611433,0.04705757541306976,0.4200862966368191,0.5125832716506291,outer_05,none,0.05,-1,row3113_entry3114_exit3115,True,5.0,0.000499875041651048,-0.012094551833313538,-0.012594426874964586,0.0,0.01159467679166249,-0.012594426874964586,0.01159467679166249,0.01159467679166249
3114,2023-02-01,3115,3116,2023-02-02,2023-02-03,-0.020464501346523,0.0,0.011325079269848715,0.05014796689320633,0.42714809651967345,0.5125832716506291,outer_05,none,0.05,-1,row3114_entry3115_exit3116,True,5.0,0.000499875041651048,0.020464501346523,0.019964626304871953,0.0,-0.02096437638817405,0.019964626304871953,-0.02096437638817405,-0.02096437638817405
3115,2023-02-02,3116,3117,2023-02-03,2023-02-06,-0.026456513447935315,0.0,-0.01939656839975612,0.042553249327140996,0.40707799202832934,0.5125832716506291,outer_05,none,0.05,-1,row3115_entry3116_exit3117,True,5.0,0.000499875041651048,0.026456513447935315,0.025956638406284267,0.0,-0.026956388489586362,0.025956638406284267,0.025956638406284267,-0.026956388489586362
3116,2023-02-03,3117,3118,2023-02-06,2023-02-07,0.0029547822170847837,1.0,-0.02476829777168721,-0.00011790430471592117,0.3878021691105031,0.5125832716506291,outer_05,none,0.05,-1,row3116_entry3117_exit3118,True,5.0,0.000499875041651048,-0.0029547822170847837,-0.0034546572587358317,0.0,0.0024549071754337358,-0.0034546572587358317,-0.0034546572587358317,-0.0034546572587358317
3117,2023-02-06,3118,3119,2023-02-07,2023-02-08,0.003415791317810779,1.0,0.0009856809227759555,-0.002150124380216667,0.4063325081136271,0.5125832716506291,outer_05,none,0.05,-1,row3117_entry3118_exit3119,True,5.0,0.000499875041651048,-0.003415791317810779,-0.0039156663594618266,0.0,0.002915916276159731,-0.0039156663594618266,0.002915916276159731,-0.0039156663594618266
3118,2023-02-07,3119,3120,2023-02-08,2023-02-09,0.0006561627518992807,1.0,0.0031967696043251337,-0.0017490819115142386,0.4609934629892857,0.5125832716506291,outer_05,none,0.05,0,,False,5.0,0.0,0.0,0.0,0.0,0.0,0.0,0.0,0.0
3119,2023-02-08,3120,3121,2023-02-09,2023-02-10,-0.006575715038196428,0.0,0.0010242240531770364,-5.331627213944756e-05,0.5421996018262463,0.5125832716506291,outer_05,none,0.05,0,,False,5.0,0.0,-0.0,-0.0,0.0,-0.0,-0.0,-0.0,-0.0
3120,2023-02-09,3121,3122,2023-02-10,2023-02-13,0.0009765154201577531,1.0,-0.007470988473627926,-0.01871093396777912,0.6067862639980921,0.5125832716506291,outer_05,none,0.05,1,row3120_entry3121_exit3122,True,5.0,0.000499875041651048,0.0009765154201577531,0.0004766403785067051,0.0,0.0004766403785067051,-0.001476390461808801,-0.001476390461808801,-0.001476390461808801
3121,2023-02-10,3122,3123,2023-02-13,2023-02-14,-0.005921998831079023,0.0,0.0020177417804783104,-0.029027513251966397,0.4787351844405642,0.5125832716506291,outer_05,none,0.05,0,,False,5.0,0.0,-0.0,-0.0,0.0,-0.0,-0.0,-0.0,-0.0
3122,2023-02-13,3123,3124,2023-02-14,2023-02-15,0.00016182800954567256,1.0,-0.00642151740347785,-0.032925396327402545,0.585838308710361,0.5125832716506291,outer_05,none,0.05,1,row3122_entry3123_exit3124,True,5.0,0.000499875041651048,0.00016182800954567256,-0.0003380470321053754,0.0,-0.0003380470321053754,-0.0006617030511967205,-0.0006617030511967205,-0.0006617030511967205
3123,2023-02-14,3124,3125,2023-02-15,2023-02-16,-0.009565716832751647,0.0,0.0005124374061979964,-0.0288251264933006,0.565864094821729,0.5125832716506291,outer_05,none,0.05,1,row3123_entry3124_exit3125,True,5.0,0.000499875041651048,-0.009565716832751647,-0.010065591874402695,0.0,-0.010065591874402695,0.0090658417911006,-0.010065591874402695,0.0090658417911006
3124,2023-02-15,3125,3126,2023-02-16,2023-02-17,5.990061944505243e-05,1.0,-0.0100320335371471,-0.03653337693767256,0.6259195898956417,0.5125832716506291,outer_05,none,0.05,1,row3124_entry3125_exit3126,True,5.0,0.000499875041651048,5.990061944505243e-05,-0.0004399744222059955,0.0,-0.0004399744222059955,-0.0005597756610961004,-0.0005597756610961004,-0.0005597756610961004
3125,2023-02-16,3126,3127,2023-02-17,2023-02-20,0.0024256807603686426,1.0,0.00031588005534644026,-0.05079437609304449,0.6070678027403528,0.5125832716506291,outer_05,none,0.05,1,row3125_entry3126_exit3127,True,5.0,0.000499875041651048,0.0024256807603686426,0.0019258057187175946,0.0,0.0019258057187175946,-0.0029255558020196905,0.0019258057187175946,-0.0029255558020196905
3126,2023-02-17,3127,3128,2023-02-20,2023-02-21,0.00029872390800900206,1.0,0.0033215849096874805,-0.04425872116993368,0.5780202262711737,0.5125832716506291,outer_05,none,0.05,1,row3126_entry3127_exit3128,True,5.0,0.000499875041651048,0.00029872390800900206,-0.0002011511336420459,0.0,-0.0002011511336420459,-0.00079859894966005,-0.0002011511336420459,-0.00079859894966005
3127,2023-02-20,3128,3129,2023-02-21,2023-02-22,-0.0036450921436950168,0.0,-0.000694934606391584,-0.047510200597600694,0.6328082341187777,0.5125832716506291,outer_05,none,0.05,1,row3127_entry3128_exit3129,True,5.0,0.000499875041651048,-0.0036450921436950168,-0.004144967185346064,0.0,-0.004144967185346064,0.003145217102043969,0.003145217102043969,0.003145217102043969
3128,2023-02-21,3129,3130,2023-02-22,2023-02-23,-0.004906443390116699,0.0,-0.0034764855626807645,-0.054300969294700074,0.6591088779863579,0.5125832716506291,outer_05,none,0.05,1,row3128_entry3129_exit3130,True,5.0,0.000499875041651048,-0.004906443390116699,-0.005406318431767747,0.0,-0.005406318431767747,0.004406568348465652,0.004406568348465652,0.004406568348465652
3129,2023-02-22,3130,3131,2023-02-23,2023-02-24,-0.0018036148443876243,0.0,-0.005284064239170938,-0.06412752281687872,0.6465690231454488,0.5125832716506291,outer_05,none,0.05,1,row3129_entry3130_exit3131,True,5.0,0.000499875041651048,-0.0018036148443876243,-0.0023034898860386723,0.0,-0.0023034898860386723,0.0013037398027365764,0.0013037398027365764,0.0013037398027365764
3130,2023-02-23,3131,3132,2023-02-24,2023-02-27,-0.0054194114081802525,0.0,-0.0016065934087077238,-0.0568876525783768,0.6321827683609061,0.5125832716506291,outer_05,none,0.05,1,row3130_entry3131_exit3132,True,5.0,0.000499875041651048,-0.0054194114081802525,-0.0059192864498313,0.0,-0.0059192864498313,0.004919536366529205,0.004919536366529205,0.004919536366529205
3131,2023-02-24,3132,3133,2023-02-27,2023-02-28,0.0025015303227631236,1.0,-0.006303195301671671,-0.0628590043826911,0.6300339971244334,0.5125832716506291,outer_05,none,0.05,1,row3131_entry3132_exit3133,True,5.0,0.000499875041651048,0.0025015303227631236,0.0020016552811120756,0.0,0.0020016552811120756,-0.0030014053644141715,-0.0030014053644141715,-0.0030014053644141715
3132,2023-02-27,3133,3134,2023-02-28,2023-03-01,0.00518694713838741,1.0,0.0035445880218762937,-0.05668169485614438,0.6146085683544935,0.5125832716506291,outer_05,none,0.05,1,row3132_entry3133_exit3134,True,5.0,0.000499875041651048,0.00518694713838741,0.0046870720967363624,0.0,0.0046870720967363624,-0.0056868221800384575,0.0046870720967363624,-0.0056868221800384575
3133,2023-02-28,3134,3135,2023-03-01,2023-03-02,0.005759111057529687,1.0,0.005077197870592798,-0.05413349481001273,0.6558033900035495,0.5125832716506291,outer_05,none,0.05,1,row3133_entry3134_exit3135,True,5.0,0.000499875041651048,0.005759111057529687,0.005259236015878639,0.0,0.005259236015878639,-0.006258986099180734,0.005259236015878639,-0.006258986099180734
3134,2023-03-01,3135,3136,2023-03-02,2023-03-03,-0.0005117902425118004,0.0,0.00549268933197844,-0.059965884747883,0.6589911958815706,0.5125832716506291,outer_05,none,0.05,1,row3134_entry3135_exit3136,True,5.0,0.000499875041651048,-0.0005117902425118004,-0.0010116652841628483,0.0,-0.0010116652841628483,1.1915200860752439e-05,-0.0010116652841628483,1.1915200860752439e-05
3135,2023-03-02,3136,3137,2023-03-03,2023-03-06,0.00974422546291187,1.0,-0.0005228530466370174,-0.0410921693947639,0.6298175563994269,0.5125832716506291,outer_05,none,0.05,1,row3135_entry3136_exit3137,True,5.0,0.000499875041651048,0.00974422546291187,0.009244350421260823,0.0,0.009244350421260823,-0.010244100504562918,-0.010244100504562918,-0.010244100504562918
3136,2023-03-03,3137,3138,2023-03-06,2023-03-07,-0.004215538859100754,0.0,0.010675004512153308,-0.0056488671109233834,0.4821846357844836,0.5125832716506291,outer_05,none,0.05,0,,False,5.0,0.0,-0.0,-0.0,0.0,-0.0,-0.0,-0.0,-0.0
3137,2023-03-06,3138,3139,2023-03-07,2023-03-08,-0.017736522260697107,0.0,-0.004694882351012453,-0.011329430384711792,0.5895844907249946,0.5125832716506291,outer_05,none,0.05,1,row3137_entry3138_exit3139,True,5.0,0.000499875041651048,-0.017736522260697107,-0.018236397302348155,0.0,-0.018236397302348155,0.01723664721904606,0.01723664721904606,0.01723664721904606
3138,2023-03-07,3139,3140,2023-03-08,2023-03-09,0.00011025115223617377,1.0,-0.01834101570824398,-0.032867215697280905,0.6028869320534563,0.5125832716506291,outer_05,none,0.05,1,row3138_entry3139_exit3140,True,5.0,0.000499875041651048,0.00011025115223617377,-0.0003896238894148742,0.0,-0.0003896238894148742,-0.0006101261938872217,-0.0006101261938872217,-0.0006101261938872217
3139,2023-03-08,3140,3141,2023-03-09,2023-03-10,0.009458254801495869,1.0,0.00036947477100657267,-0.03352196497945137,0.5997265500124841,0.5125832716506291,outer_05,none,0.05,1,row3139_entry3140_exit3141,True,5.0,0.000499875041651048,0.009458254801495869,0.008958379759844821,0.0,0.008958379759844821,-0.009958129843146916,0.008958379759844821,-0.009958129843146916
3140,2023-03-09,3141,3142,2023-03-10,2023-03-13,0.0294732352192133,1.0,0.009356658621426206,-0.016694317884397236,0.5699073196202114,0.5125832716506291,outer_05,none,0.05,1,row3140_entry3141_exit3142,True,5.0,0.000499875041651048,0.0294732352192133,0.028973360177562253,0.0,0.028973360177562253,-0.029973110260864348,0.028973360177562253,-0.029973110260864348
3141,2023-03-10,3142,3143,2023-03-13,2023-03-14,0.013774148398259634,1.0,0.019676560744334104,0.0009645010794585573,0.5042498987347999,0.5125832716506291,outer_05,none,0.05,0,,False,5.0,0.0,0.0,0.0,0.0,0.0,0.0,0.0,0.0
3142,2023-03-13,3143,3144,2023-03-14,2023-03-15,-0.0040766550382906885,0.0,0.024552177417465515,0.03193819590040192,0.45217309421181867,0.5125832716506291,outer_05,none,0.05,0,,False,5.0,0.0,-0.0,-0.0,0.0,-0.0,-0.0,-0.0,-0.0
3143,2023-03-14,3144,3145,2023-03-15,2023-03-16,0.007720026625833931,1.0,-0.005081977291681916,0.02634378120252201,0.4645909808354806,0.5125832716506291,outer_05,none,0.05,0,,False,5.0,0.0,0.0,0.0,0.0,0.0,0.0,0.0,0.0
3144,2023-03-15,3145,3146,2023-03-16,2023-03-17,8.336025179644935e-05,1.0,0.007404785958003757,0.04378060069767287,0.4784819168781941,0.5125832716506291,outer_05,none,0.05,0,,False,5.0,0.0,0.0,0.0,0.0,0.0,0.0,0.0,0.0
3145,2023-03-16,3146,3147,2023-03-17,2023-03-20,0.0344310743103895,1.0,0.0006931867321231522,0.04415790737444958,0.5407351772539384,0.5125832716506291,outer_05,none,0.05,0,,False,5.0,0.0,0.0,0.0,0.0,0.0,0.0,0.0,0.0
3146,2023-03-17,3147,3148,2023-03-20,2023-03-21,-0.003928782719481383,0.0,0.03523324071270206,0.07606956317746416,0.5162891801030562,0.5125832716506291,outer_05,none,0.05,0,,False,5.0,0.0,-0.0,-0.0,0.0,-0.0,-0.0,-0.0,-0.0
3147,2023-03-20,3148,3149,2023-03-21,2023-03-22,-0.01998193399024828,0.0,-0.0048048776396134585,0.07195962014424229,0.6601205314780304,0.5125832716506291,outer_05,none,0.05,1,row3147_entry3148_exit3149,True,5.0,0.000499875041651048,-0.01998193399024828,-0.020481809031899327,0.0,-0.020481809031899327,0.019482058948597232,0.019482058948597232,-0.020481809031899327
3148,2023-03-21,3149,3150,2023-03-22,2023-03-23,0.01530683892527751,1.0,-0.019448608376877452,0.0559874973300456,0.6917900971801614,0.5125832716506291,outer_05,none,0.05,1,row3148_entry3149_exit3150,True,5.0,0.000499875041651048,0.01530683892527751,0.014806963883626463,0.0,0.014806963883626463,-0.015806713966928558,-0.015806713966928558,0.014806963883626463
3149,2023-03-22,3150,3151,2023-03-23,2023-03-24,0.012171272599037941,1.0,0.014965806442723384,0.07623736801193992,0.6159789551191057,0.5125832716506291,outer_05,none,0.05,1,row3149_entry3150_exit3151,True,5.0,0.000499875041651048,0.012171272599037941,0.011671397557386894,0.0,0.011671397557386894,-0.012671147640688989,0.011671397557386894,0.011671397557386894
3150,2023-03-23,3151,3152,2023-03-24,2023-03-27,-0.00798646653639512,0.0,0.012200688208010568,0.09004464962865821,0.6685739158898786,0.5125832716506291,outer_05,none,0.05,1,row3150_entry3151_exit3152,True,5.0,0.000499875041651048,-0.00798646653639512,-0.008486341578046168,0.0,-0.008486341578046168,0.007486591494744073,-0.008486341578046168,-0.008486341578046168
3151,2023-03-24,3152,3153,2023-03-27,2023-03-28,-0.010827182611149233,0.0,-0.007631972364595008,0.08871587256573488,0.6654004818687808,0.5125832716506291,outer_05,none,0.05,1,row3151_entry3152_exit3153,True,5.0,0.000499875041651048,-0.010827182611149233,-0.01132705765280028,0.0,-0.01132705765280028,0.010327307569498186,0.010327307569498186,-0.01132705765280028
3152,2023-03-27,3153,3154,2023-03-28,2023-03-29,0.00865083710011838,1.0,-0.011415161715768285,0.0737561228280903,0.6044167641834722,0.5125832716506291,outer_05,none,0.05,1,row3152_entry3153_exit3154,True,5.0,0.000499875041651048,0.00865083710011838,0.008150962058467333,0.0,0.008150962058467333,-0.009150712141769428,-0.009150712141769428,0.008150962058467333
3153,2023-03-28,3154,3155,2023-03-29,2023-03-30,-0.005222262312940096,0.0,0.008738258137914734,0.07741718309541223,0.5131063272586641,0.5125832716506291,outer_05,none,0.05,0,,False,5.0,0.0,-0.0,-0.0,0.0,-0.0,-0.0,-0.0,-0.0
3154,2023-03-29,3155,3156,2023-03-30,2023-03-31,0.008611255890354386,1.0,-0.0046471671210053245,0.06727732664242847,0.6079673351870759,0.5125832716506291,outer_05,none,0.05,1,row3154_entry3155_exit3156,True,5.0,0.000499875041651048,0.008611255890354386,0.008111380848703338,0.0,0.008111380848703338,-0.009111130932005433,-0.009111130932005433,0.008111380848703338
3155,2023-03-30,3156,3157,2023-03-31,2023-04-03,-0.006728504890224585,0.0,0.008031316460868965,0.07583149614993445,0.5686320611427467,0.5125832716506291,outer_05,none,0.05,1,row3155_entry3156_exit3157,True,5.0,0.000499875041651048,-0.006728504890224585,-0.007228379931875632,0.0,-0.007228379931875632,0.006228629848573537,-0.007228379931875632,-0.007228379931875632
3156,2023-03-31,3157,3158,2023-04-03,2023-04-04,0.008695927042379203,1.0,-0.005468894181166917,0.05968759745661423,0.5477936504377827,0.5125832716506291,outer_05,none,0.05,0,,False,5.0,0.0,0.0,0.0,0.0,0.0,0.0,0.0,0.0
3157,2023-04-03,3158,3159,2023-04-04,2023-04-05,0.018401000551033775,1.0,0.007557399087052552,0.07193987889467923,0.4871805805144871,0.5125832716506291,outer_05,none,0.05,0,,False,5.0,0.0,0.0,0.0,0.0,0.0,0.0,0.0,0.0
3158,2023-04-04,3159,3160,2023-04-05,2023-04-06,-0.00016824020782646443,0.0,0.018068448641749946,0.10834934324467316,0.47791067087559813,0.5125832716506291,outer_05,none,0.05,0,,False,5.0,0.0,-0.0,-0.0,0.0,-0.0,-0.0,-0.0,-0.0
3159,2023-04-05,3160,3161,2023-04-06,2023-04-10,-0.011672461142827828,0.0,6.433748477352452e-05,0.10804420595844011,0.5955063578926824,0.5125832716506291,outer_05,none,0.05,1,row3159_entry3160_exit3161,True,5.0,0.000499875041651048,-0.011672461142827828,-0.012172336184478875,0.0,-0.012172336184478875,0.01117258610117678,-0.012172336184478875,-0.012172336184478875
3160,2023-04-06,3161,3162,2023-04-10,2023-04-11,-0.00312408581301149,0.0,-0.006623691663037334,0.09206385567397657,0.6373687616252791,0.5125832716506291,outer_05,none,0.05,1,row3160_entry3161_exit3162,True,5.0,0.000499875041651048,-0.00312408581301149,-0.003623960854662538,0.0,-0.003623960854662538,0.002624210771360442,0.002624210771360442,-0.003623960854662538
3161,2023-04-10,3162,3163,2023-04-11,2023-04-12,0.006043766722415356,1.0,-0.008073071231501139,0.06431422369814133,0.5822489549439966,0.5125832716506291,outer_05,none,0.05,1,row3161_entry3162_exit3163,True,5.0,0.000499875041651048,0.006043766722415356,0.005543891680764308,0.0,0.005543891680764308,-0.006543641764066403,-0.006543641764066403,0.005543891680764308
3162,2023-04-11,3163,3164,2023-04-12,2023-04-13,0.005625291741792715,1.0,0.006178205748462062,0.045940252029137874,0.5918449194167712,0.5125832716506291,outer_05,none,0.05,1,row3162_entry3163_exit3164,True,5.0,0.000499875041651048,0.005625291741792715,0.0051254167001416676,0.0,0.0051254167001416676,-0.006125166783443763,0.0051254167001416676,0.0051254167001416676
3163,2023-04-12,3164,3165,2023-04-13,2023-04-14,0.012691896577243789,1.0,0.005599411388328868,0.05662164070914866,0.5991971800890922,0.5125832716506291,outer_05,none,0.05,1,row3163_entry3164_exit3165,True,5.0,0.000499875041651048,0.012691896577243789,0.012192021535592741,0.0,0.012192021535592741,-0.013191771618894836,0.012192021535592741,0.012192021535592741
3164,2023-04-13,3165,3166,2023-04-14,2023-04-17,-0.02024102018490126,0.0,0.012493781299409257,0.06171063605055416,0.5904299226313199,0.5125832716506291,outer_05,none,0.05,1,row3164_entry3165_exit3166,True,5.0,0.000499875041651048,-0.02024102018490126,-0.020740895226552307,0.0,-0.020740895226552307,0.019741145143250212,-0.020740895226552307,-0.020740895226552307
3165,2023-04-14,3166,3167,2023-04-17,2023-04-18,-0.002268375179297344,0.0,-0.017644084160600926,0.04337336515783008,0.5383364792005819,0.5125832716506291,outer_05,none,0.05,0,,False,5.0,0.0,-0.0,-0.0,0.0,-0.0,-0.0,-0.0,-0.0
3166,2023-04-17,3167,3168,2023-04-18,2023-04-19,0.005170192473290314,1.0,-0.00467059231348621,0.003469532131641806,0.46829153967861586,0.5125832716506291,outer_05,none,0.05,0,,False,5.0,0.0,0.0,0.0,0.0,0.0,0.0,0.0,0.0
3167,2023-04-18,3168,3169,2023-04-19,2023-04-20,-0.005375752110123422,0.0,0.0050646436400283434,0.013339053411283608,0.4922376765489769,0.5125832716506291,outer_05,none,0.05,0,,False,5.0,0.0,-0.0,-0.0,0.0,-0.0,-0.0,-0.0,-0.0
3168,2023-04-19,3169,3170,2023-04-20,2023-04-21,0.004926795925693561,1.0,-0.005270170302822841,0.02751749148533822,0.5868543028495545,0.5125832716506291,outer_05,none,0.05,1,row3168_entry3169_exit3170,True,5.0,0.000499875041651048,0.004926795925693561,0.004426920884042514,0.0,0.004426920884042514,-0.005426670967344609,-0.005426670967344609,0.004426920884042514
3169,2023-04-20,3170,3171,2023-04-21,2023-04-24,-0.010946835581517433,0.0,0.005015800502627954,0.01756748554524279,0.525354815862152,0.5125832716506291,outer_05,none,0.05,0,,False,5.0,0.0,-0.0,-0.0,0.0,-0.0,-0.0,-0.0,-0.0
3170,2023-04-21,3171,3172,2023-04-24,2023-04-25,0.0034243504541446868,1.0,-0.010964263175462285,-0.005597465838230065,0.4820803429575963,0.5125832716506291,outer_05,none,0.05,0,,False,5.0,0.0,0.0,0.0,0.0,0.0,0.0,0.0,0.0
3171,2023-04-24,3172,3173,2023-04-25,2023-04-26,0.0038534533037415386,1.0,0.003126977363475447,0.00516148388984039,0.47381431771524996,0.5125832716506291,outer_05,none,0.05,0,,False,5.0,0.0,0.0,0.0,0.0,0.0,0.0,0.0,0.0
3172,2023-04-25,3173,3174,2023-04-26,2023-04-27,-0.0035217133245240007,0.0,0.004018961233628993,0.020595606839237668,0.4637491694246768,0.5125832716506291,outer_05,none,0.05,0,,False,5.0,0.0,-0.0,-0.0,0.0,-0.0,-0.0,-0.0,-0.0
3173,2023-04-26,3174,3175,2023-04-27,2023-04-28,-0.0011867288912990048,0.0,-0.0038983078956578154,0.007959040805665119,0.5037147973116405,0.5125832716506291,outer_05,none,0.05,0,,False,5.0,0.0,-0.0,-0.0,0.0,-0.0,-0.0,-0.0,-0.0
3174,2023-04-27,3175,3176,2023-04-28,2023-05-01,0.0010359516342548503,1.0,-0.0007794761812105477,0.011826731745459895,0.48457716992135547,0.5125832716506291,outer_05,none,0.05,0,,False,5.0,0.0,0.0,0.0,0.0,0.0,0.0,0.0,0.0
3175,2023-04-28,3176,3177,2023-05-01,2023-05-02,-0.003736477257727522,0.0,0.0009101675386764541,0.004705582823267385,0.4402272747410021,0.5125832716506291,outer_05,none,0.05,-1,row3175_entry3176_exit3177,True,5.0,0.000499875041651048,0.003736477257727522,0.003236602216076474,0.0,-0.004236352299378569,0.003236602216076474,-0.004236352299378569,-0.004236352299378569
3176,2023-05-01,3177,3178,2023-05-02,2023-05-03,0.016963252071618307,1.0,-0.003580073260016192,0.006594403744418109,0.4615533622132022,0.5125832716506291,outer_05,none,0.05,0,,False,5.0,0.0,0.0,0.0,0.0,0.0,0.0,0.0,0.0
3177,2023-05-02,3178,3179,2023-05-03,2023-05-04,0.023694864068631638,1.0,0.01704980323147698,0.016086807888842536,0.42686894444855533,0.5125832716506291,outer_05,none,0.05,-1,row3177_entry3178_exit3179,True,5.0,0.000499875041651048,-0.023694864068631638,-0.024194739110282686,0.0,0.02319498902698059,-0.024194739110282686,0.02319498902698059,0.02319498902698059
3178,2023-05-03,3179,3180,2023-05-04,2023-05-05,-0.0074683454450834574,0.0,0.010845841881477192,0.008864201128569782,0.4492691514720879,0.5125832716506291,outer_05,none,0.05,-1,row3178_entry3179_exit3180,True,5.0,0.000499875041651048,0.0074683454450834574,0.00696847040343241,0.0,-0.007968220486734505,0.00696847040343241,-0.007968220486734505,-0.007968220486734505
3179,2023-05-04,3180,3181,2023-05-05,2023-05-08,-0.015685998173508686,0.0,0.005688906840495278,0.014488770484291535,0.45272501844988305,0.5125832716506291,outer_05,none,0.05,0,,False,5.0,0.0,-0.0,-0.0,0.0,-0.0,-0.0,-0.0,-0.0
3180,2023-05-05,3181,3182,2023-05-08,2023-05-09,0.00200580015691898,1.0,-0.016529789720516774,0.0045826724268120955,0.4695573598479427,0.5125832716506291,outer_05,none,0.05,0,,False,5.0,0.0,0.0,0.0,0.0,0.0,0.0,0.0,0.0
3181,2023-05-08,3182,3183,2023-05-09,2023-05-10,0.006524383468031303,1.0,0.002387380712415954,0.015043124370729188,0.433928761396343,0.5125832716506291,outer_05,none,0.05,-1,row3181_entry3182_exit3183,True,5.0,0.000499875041651048,-0.006524383468031303,-0.00702425850968235,0.0,0.006024508426380255,-0.00702425850968235,0.006024508426380255,0.006024508426380255
3182,2023-05-09,3183,3184,2023-05-10,2023-05-11,-0.00223410996754847,0.0,0.006440213788749816,0.015305132411016942,0.49515139430035077,0.5125832716506291,outer_05,none,0.05,0,,False,5.0,0.0,-0.0,-0.0,0.0,-0.0,-0.0,-0.0,-0.0
3183,2023-05-10,3184,3185,2023-05-11,2023-05-12,-0.0072880781829320895,0.0,-0.0021257130616731956,0.0075800079610148785,0.5420423873061528,0.5125832716506291,outer_05,none,0.05,0,,False,5.0,0.0,-0.0,-0.0,0.0,-0.0,-0.0,-0.0,-0.0
3184,2023-05-11,3185,3186,2023-05-12,2023-05-15,-0.003519625025490747,0.0,-0.007490671729157405,-0.012404445067551784,0.5187646663631464,0.5125832716506291,outer_05,none,0.05,0,,False,5.0,0.0,-0.0,-0.0,0.0,-0.0,-0.0,-0.0,-0.0
3185,2023-05-12,3186,3187,2023-05-15,2023-05-16,0.004224049534858665,1.0,-0.002007025259767481,0.003232613833281661,0.4122272744239267,0.5125832716506291,outer_05,none,0.05,-1,row3185_entry3186_exit3187,True,5.0,0.000499875041651048,-0.004224049534858665,-0.004723924576509712,0.0,0.003724174493207617,-0.004723924576509712,-0.004723924576509712,0.003724174493207617
3186,2023-05-15,3187,3188,2023-05-16,2023-05-17,-0.01380647731510809,0.0,0.002686711836325628,0.0105899179830935,0.40266258812640066,0.5125832716506291,outer_05,none,0.05,-1,row3186_entry3187_exit3188,True,5.0,0.000499875041651048,0.01380647731510809,0.013306602273457042,0.0,-0.014306352356759137,0.013306602273457042,-0.014306352356759137,-0.014306352356759137
3187,2023-05-16,3188,3189,2023-05-17,2023-05-18,-0.0036720949765394195,0.0,-0.01373759785220141,-0.008212323509136255,0.47133507759571186,0.5125832716506291,outer_05,none,0.05,0,,False,5.0,0.0,-0.0,-0.0,0.0,-0.0,-0.0,-0.0,-0.0
3188,2023-05-17,3189,3190,2023-05-18,2023-05-19,-0.01192487688743693,0.0,-0.003727757438785062,-0.006669910645098476,0.5002228285650637,0.5125832716506291,outer_05,none,0.05,0,,False,5.0,0.0,-0.0,-0.0,0.0,-0.0,-0.0,-0.0,-0.0
3189,2023-05-18,3190,3191,2023-05-19,2023-05-22,0.010101455270436155,1.0,-0.012196759301854598,-0.023882470449581028,0.5497933512893534,0.5125832716506291,outer_05,none,0.05,0,,False,5.0,0.0,0.0,0.0,0.0,0.0,0.0,0.0,0.0
3190,2023-05-19,3191,3192,2023-05-22,2023-05-23,-0.0030937751740989228,0.0,0.0102214674809602,-0.0026967397931585424,0.46147170131070525,0.5125832716506291,outer_05,none,0.05,0,,False,5.0,0.0,-0.0,-0.0,0.0,-0.0,-0.0,-0.0,-0.0
3191,2023-05-22,3192,3193,2023-05-23,2023-05-24,0.0016873194125572866,1.0,-0.002922090688893597,-0.008745807845527587,0.5226671880362473,0.5125832716506291,outer_05,none,0.05,0,,False,5.0,0.0,0.0,0.0,0.0,0.0,0.0,0.0,0.0
3192,2023-05-23,3193,3194,2023-05-24,2023-05-25,-0.008531589968478137,0.0,0.0015963070427025272,-0.011168462036454052,0.5104161046080592,0.5125832716506291,outer_05,none,0.05,0,,False,5.0,0.0,-0.0,-0.0,0.0,-0.0,-0.0,-0.0,-0.0
3193,2023-05-24,3194,3195,2023-05-25,2023-05-26,-0.008687412326380262,0.0,-0.008972319429996212,-0.01624247357079245,0.5609015199873741,0.5125832716506291,outer_05,none,0.05,1,row3193_entry3194_exit3195,True,5.0,0.000499875041651048,-0.008687412326380262,-0.009187287368031309,0.0,-0.009187287368031309,0.008187537284729214,0.008187537284729214,0.008187537284729214
3194,2023-05-25,3195,3196,2023-05-26,2023-05-29,0.0006951005987421155,1.0,-0.008491737640772712,-0.023954735030354612,0.5969708996889923,0.5125832716506291,outer_05,none,0.05,1,row3194_entry3195_exit3196,True,5.0,0.000499875041651048,0.0006951005987421155,0.00019522555709106755,0.0,0.00019522555709106755,-0.0011949756403931634,-0.0011949756403931634,-0.0011949756403931634
3195,2023-05-26,3196,3197,2023-05-29,2023-05-30,0.0004322633168385437,1.0,0.003102325114289428,-0.02176257745474164,0.5491016719671359,0.5125832716506291,outer_05,none,0.05,0,,False,5.0,0.0,0.0,0.0,0.0,0.0,0.0,0.0,0.0
3196,2023-05-29,3197,3198,2023-05-30,2023-05-31,0.007789797908276164,1.0,-0.001835537435614043,-0.02001804163033949,0.5843016867454736,0.5125832716506291,outer_05,none,0.05,1,row3196_entry3197_exit3198,True,5.0,0.000499875041651048,0.007789797908276164,0.007289922866625116,0.0,0.007289922866625116,-0.008289672949927211,-0.008289672949927211,-0.008289672949927211
3197,2023-05-30,3198,3199,2023-05-31,2023-06-01,0.0021825385253446683,1.0,0.008210546544800579,-0.02885729831701589,0.5747775044796488,0.5125832716506291,outer_05,none,0.05,1,row3197_entry3198_exit3199,True,5.0,0.000499875041651048,0.0021825385253446683,0.0016826634836936204,0.0,0.0016826634836936204,-0.0026824135669957162,0.0016826634836936204,-0.0026824135669957162
3198,2023-05-31,3199,3200,2023-06-01,2023-06-02,0.007004891439212457,1.0,0.001749210624067743,-0.03795392957442534,0.5558386701526323,0.5125832716506291,outer_05,none,0.05,1,row3198_entry3199_exit3200,True,5.0,0.000499875041651048,0.007004891439212457,0.00650501639756141,0.0,0.00650501639756141,-0.007504766480863505,0.00650501639756141,-0.007504766480863505
3199,2023-06-01,3200,3201,2023-06-02,2023-06-05,-0.014921390628876097,0.0,0.007512725690639321,-0.036130110724281295,0.47310861800671355,0.5125832716506291,outer_05,none,0.05,0,,False,5.0,0.0,-0.0,-0.0,0.0,-0.0,-0.0,-0.0,-0.0
3200,2023-06-02,3201,3202,2023-06-05,2023-06-06,0.007101154355567019,1.0,-0.015174736158126478,-0.034775057161891,0.539676847354997,0.5125832716506291,outer_05,none,0.05,0,,False,5.0,0.0,0.0,0.0,0.0,0.0,0.0,0.0,0.0
3201,2023-06-05,3202,3203,2023-06-06,2023-06-07,0.0009936129345113898,1.0,0.007203329930433711,-0.029959107943873242,0.45164106874547955,0.5125832716506291,outer_05,none,0.05,0,,False,5.0,0.0,0.0,0.0,0.0,0.0,0.0,0.0,0.0
3202,2023-06-06,3203,3204,2023-06-07,2023-06-08,-0.011885933845229957,0.0,0.0007796317781458839,-0.035619689954477174,0.5474208443323457,0.5125832716506291,outer_05,none,0.05,0,,False,5.0,0.0,-0.0,-0.0,0.0,-0.0,-0.0,-0.0,-0.0
3203,2023-06-07,3204,3205,2023-06-08,2023-06-09,0.012990487313309984,1.0,-0.011970115510680834,-0.04546409240348481,0.6025207229214736,0.5125832716506291,outer_05,none,0.05,1,row3203_entry3204_exit3205,True,5.0,0.000499875041651048,0.012990487313309984,0.012490612271658937,0.0,0.012490612271658937,-0.013490362354961032,-0.013490362354961032,-0.013490362354961032
3204,2023-06-08,3205,3206,2023-06-09,2023-06-12,-0.002786631077125179,0.0,0.013095178309598055,-0.024878242364729353,0.49653377234398055,0.5125832716506291,outer_05,none,0.05,0,,False,5.0,0.0,-0.0,-0.0,0.0,-0.0,-0.0,-0.0,-0.0
3205,2023-06-09,3206,3207,2023-06-12,2023-06-13,-0.0016389219462435989,0.0,-0.002536999246588678,-0.02540821635155055,0.5398116499146177,0.5125832716506291,outer_05,none,0.05,0,,False,5.0,0.0,-0.0,-0.0,0.0,-0.0,-0.0,-0.0,-0.0
3206,2023-06-12,3207,3208,2023-06-13,2023-06-14,-0.007071443570675129,0.0,-0.00159273095082213,-0.029687659138698308,0.5004446704125705,0.5125832716506291,outer_05,none,0.05,0,,False,5.0,0.0,-0.0,-0.0,0.0,-0.0,-0.0,-0.0,-0.0
3207,2023-06-13,3208,3209,2023-06-14,2023-06-15,-0.00033970188912757493,0.0,-0.007126809937163969,-0.023076871223660866,0.4049296787322618,0.5125832716506291,outer_05,none,0.05,-1,row3207_entry3208_exit3209,True,5.0,0.000499875041651048,0.00033970188912757493,-0.00016017315252347302,0.0,-0.0008395769307786229,-0.00016017315252347302,-0.00016017315252347302,-0.00016017315252347302
3208,2023-06-14,3209,3210,2023-06-15,2023-06-16,0.007472461924314722,1.0,-0.0008751203848946787,-0.020224234169770483,0.41311602024651645,0.5125832716506291,outer_05,none,0.05,-1,row3208_entry3209_exit3210,True,5.0,0.000499875041651048,-0.007472461924314722,-0.00797233696596577,0.0,0.006972586882663674,-0.00797233696596577,-0.00797233696596577,-0.00797233696596577
3209,2023-06-15,3210,3211,2023-06-16,2023-06-19,0.00025544480743011633,1.0,0.008318636579653926,0.0002911617117380416,0.39241082069302546,0.5125832716506291,outer_05,none,0.05,-1,row3209_entry3210_exit3211,True,5.0,0.000499875041651048,-0.00025544480743011633,-0.0007553198490811643,0.0,-0.0002444302342209316,-0.0007553198490811643,-0.0002444302342209316,-0.0002444302342209316
3210,2023-06-16,3211,3212,2023-06-19,2023-06-20,-0.003592432130103518,0.0,-0.0002298574638448514,-0.01016016323306701,0.4507755980151544,0.5125832716506291,outer_05,none,0.05,0,,False,5.0,0.0,-0.0,-0.0,0.0,-0.0,-0.0,-0.0,-0.0
3211,2023-06-19,3212,3213,2023-06-20,2023-06-21,-0.007802326742382348,0.0,-0.003597761295683455,-0.010835833839856868,0.4334461125517849,0.5125832716506291,outer_05,none,0.05,-1,row3211_entry3212_exit3213,True,5.0,0.000499875041651048,0.007802326742382348,0.007302451700731301,0.0,-0.008302201784033396,0.007302451700731301,0.007302451700731301,0.007302451700731301
3212,2023-06-20,3213,3214,2023-06-21,2023-06-22,-0.0019497770657395108,0.0,-0.007410185816230097,-0.019842326698789492,0.43924486940526997,0.5125832716506291,outer_05,none,0.05,-1,row3212_entry3213_exit3214,True,5.0,0.000499875041651048,0.0019497770657395108,0.0014499020240884629,0.0,-0.0024496521073905588,0.0014499020240884629,0.0014499020240884629,0.0014499020240884629
3213,2023-06-21,3214,3215,2023-06-22,2023-06-23,-0.009367274949972249,0.0,-0.0018870320010053732,-0.012757039269798653,0.4324196520725571,0.5125832716506291,outer_05,none,0.05,-1,row3213_entry3214_exit3215,True,5.0,0.000499875041651048,0.009367274949972249,0.008867399908321201,0.0,-0.009867149991623296,0.008867399908321201,0.008867399908321201,0.008867399908321201
3214,2023-06-22,3215,3216,2023-06-23,2023-06-26,0.005986247984218984,1.0,-0.009771090747942246,-0.014036392376968188,0.39798242629837816,0.5125832716506291,outer_05,none,0.05,-1,row3214_entry3215_exit3216,True,5.0,0.000499875041651048,-0.005986247984218984,-0.006486123025870032,0.0,0.005486372942567937,-0.006486123025870032,-0.006486123025870032,-0.006486123025870032
3215,2023-06-23,3216,3217,2023-06-26,2023-06-27,-0.0009146326257205573,0.0,0.0035940020481213253,-0.01354471544313629,0.4028499596663584,0.5125832716506291,outer_05,none,0.05,-1,row3215_entry3216_exit3217,True,5.0,0.000499875041651048,0.0009146326257205573,0.0004147575840695093,0.0,-0.0014145076673716052,0.0004147575840695093,-0.0014145076673716052,0.0004147575840695093
3216,2023-06-26,3217,3218,2023-06-27,2023-06-28,-0.0046954437362112245,0.0,0.0013580772548902331,-0.010351100752632014,0.4262551298836571,0.5125832716506291,outer_05,none,0.05,-1,row3216_entry3217_exit3218,True,5.0,0.000499875041651048,0.0046954437362112245,0.004195568694560177,0.0,-0.005195318777862272,0.004195568694560177,-0.005195318777862272,0.004195568694560177
3217,2023-06-27,3218,3219,2023-06-28,2023-06-29,-0.003605568721195773,0.0,-0.004962530644180063,-0.023524177941612656,0.4332257698710033,0.5125832716506291,outer_05,none,0.05,-1,row3217_entry3218_exit3219,True,5.0,0.000499875041651048,0.003605568721195773,0.0031056936795447253,0.0,-0.004105443762846821,0.0031056936795447253,0.0031056936795447253,0.0031056936795447253
3218,2023-06-28,3219,3220,2023-06-29,2023-06-30,0.0005503101529598098,1.0,-0.003318592906679463,-0.028591981472359862,0.44735204034588083,0.5125832716506291,outer_05,none,0.05,-1,row3218_entry3219_exit3220,True,5.0,0.000499875041651048,-0.0005503101529598098,-0.0010501851946108577,0.0,5.043511130876184e-05,-0.0010501851946108577,-0.0010501851946108577,-0.0010501851946108577
