row_id,date,entry_row_index,exit_row_index,entry_timestamp,exit_timestamp,executable_forward_log_return,executable_direction_binary,return_lag_1,momentum_20,probability_up,baseline_probability_up,outer_fold,selected_calibration,selected_margin,signal,signal_id,active,cost_bps,transaction_cost_log_return,candidate_gross_log_return,candidate_net_log_return,cash_net_log_return,always_long_net_log_return,always_short_net_log_return,momentum_net_log_return,trend_net_log_return
851,2014-04-25,852,862,2014-04-28,2014-05-12,-0.011925657004891121,0.0,0.007374249858534299,0.00880607769563202,0.513180826725254,0.51625,outer_01,sigmoid,0.05,0,,False,5.0,0.0,-0.0,-0.0,0.0,-0.0,-0.0,-0.0,-0.0
852,2014-04-28,853,863,2014-04-29,2014-05-13,-0.0005093378717919705,0.0,-0.004663268731349923,0.0012812004901521235,0.5195926326702944,0.51625,outer_01,sigmoid,0.05,0,,False,5.0,0.0,-0.0,-0.0,0.0,-0.0,-0.0,-0.0,-0.0
853,2014-04-29,854,864,2014-04-30,2014-05-14,-0.0008804449132240322,0.0,-0.0005632172971719029,0.009257387071226475,0.5214875903338382,0.51625,outer_01,sigmoid,0.05,0,,False,5.0,0.0,-0.0,-0.0,0.0,-0.0,-0.0,-0.0,-0.0
854,2014-04-30,855,865,2014-05-01,2014-05-15,0.01056124071007769,1.0,-0.0036183181843236767,0.00926764730667795,0.5170654745253401,0.51625,outer_01,sigmoid,0.05,0,,False,5.0,0.0,0.0,0.0,0.0,0.0,0.0,0.0,0.0
855,2014-05-01,856,866,2014-05-02,2014-05-16,0.008642024309389207,1.0,-0.0055222369028467,-0.004507067394736275,0.5227627590459447,0.51625,outer_01,sigmoid,0.05,0,,False,5.0,0.0,0.0,0.0,0.0,0.0,0.0,0.0,0.0
856,2014-05-02,857,867,2014-05-05,2014-05-19,-0.007847050570221725,0.0,0.012445884757492642,0.010485145584469002,0.5223991982514797,0.51625,outer_01,sigmoid,0.05,0,,False,5.0,0.0,-0.0,-0.0,0.0,-0.0,-0.0,-0.0,-0.0
857,2014-05-05,858,868,2014-05-06,2014-05-20,-0.012974318271906427,0.0,0.007670212424593537,0.004713164243630885,0.5126154108612629,0.51625,outer_01,sigmoid,0.05,0,,False,5.0,0.0,-0.0,-0.0,0.0,-0.0,-0.0,-0.0,-0.0
858,2014-05-06,859,869,2014-05-07,2014-05-21,-0.010753081049774238,0.0,-0.001520169268315108,0.008375509093013989,0.5184901334814234,0.51625,outer_01,sigmoid,0.05,0,,False,5.0,0.0,-0.0,-0.0,0.0,-0.0,-0.0,-0.0,-0.0
859,2014-05-07,860,870,2014-05-08,2014-05-22,0.0016187186228968642,1.0,-0.013933806133398008,-0.014193697286331464,0.5202607239465261,0.51625,outer_01,sigmoid,0.05,0,,False,5.0,0.0,0.0,0.0,0.0,0.0,0.0,0.0,0.0
860,2014-05-08,861,871,2014-05-09,2014-05-23,0.002414955312762146,1.0,-0.0007134493249560947,-0.01724313252781151,0.5244316289321974,0.51625,outer_01,sigmoid,0.05,0,,False,5.0,0.0,0.0,0.0,0.0,0.0,0.0,0.0,0.0
861,2014-05-09,862,872,2014-05-12,2014-05-26,0.002518844214080218,1.0,-0.0003336346421294323,-0.023218595422863864,0.5296850912881962,0.51625,outer_01,sigmoid,0.05,0,,False,5.0,0.0,0.0,0.0,0.0,0.0,0.0,0.0,0.0
862,2014-05-12,863,873,2014-05-13,2014-05-27,-0.00250415557685546,0.0,0.0055563867115981935,-0.017108559733319595,0.5208914997945637,0.51625,outer_01,sigmoid,0.05,0,,False,5.0,0.0,-0.0,-0.0,0.0,-0.0,-0.0,-0.0,-0.0
863,2014-05-13,864,874,2014-05-14,2014-05-28,-0.023183780270792376,0.0,-0.0019157093981387874,-0.025753413462490826,0.5294988694216736,0.51625,outer_01,sigmoid,0.05,0,,False,5.0,0.0,-0.0,-0.0,0.0,-0.0,-0.0,-0.0,-0.0
864,2014-05-14,865,875,2014-05-15,2014-05-29,-0.03561498874129754,0.0,0.009679902608644042,0.0027374903512509263,0.5205882658634662,0.51625,outer_01,sigmoid,0.05,0,,False,5.0,0.0,-0.0,-0.0,0.0,-0.0,-0.0,-0.0,-0.0
865,2014-05-15,866,876,2014-05-16,2014-05-30,-0.031403470979451065,0.0,-0.007663874118540193,-0.005087620220897371,0.5326955991268328,0.51625,outer_01,sigmoid,0.05,0,,False,5.0,0.0,-0.0,-0.0,0.0,-0.0,-0.0,-0.0,-0.0
866,2014-05-16,867,877,2014-05-19,2014-06-02,-0.032586892099899956,0.0,-0.0020469571222871963,-0.0011282757898953832,0.5370629198683575,0.51625,outer_01,sigmoid,0.05,0,,False,5.0,0.0,-0.0,-0.0,0.0,-0.0,-0.0,-0.0,-0.0
867,2014-05-19,868,878,2014-05-20,2014-06-03,-0.038443982371144436,0.0,-0.0002938697250272071,0.00240058968423007,0.5377310091629823,0.51625,outer_01,sigmoid,0.05,0,,False,5.0,0.0,-0.0,-0.0,0.0,-0.0,-0.0,-0.0,-0.0
868,2014-05-20,869,879,2014-05-21,2014-06-04,-0.03872996777291071,0.0,0.0008658946314374916,0.007804599775266929,0.5178458652339203,0.51625,outer_01,sigmoid,0.05,0,,False,5.0,0.0,-0.0,-0.0,0.0,-0.0,-0.0,-0.0,-0.0
869,2014-05-21,870,880,2014-05-22,2014-06-05,-0.037821588684635365,0.0,-0.0016938341540351232,0.006453514156222084,0.5197998924274246,0.51625,outer_01,sigmoid,0.05,0,,False,5.0,0.0,-0.0,-0.0,0.0,-0.0,-0.0,-0.0,-0.0
870,2014-05-22,871,881,2014-05-23,2014-06-06,-0.03149161650093024,0.0,0.0013537506757224094,0.00046393666550326174,0.5276058505279353,0.51625,outer_01,sigmoid,0.05,0,,False,5.0,0.0,-0.0,-0.0,0.0,-0.0,-0.0,-0.0,-0.0
871,2014-05-23,872,882,2014-05-26,2014-06-09,-0.03140367969837765,0.0,-0.0011215489378102461,-0.008031862130841283,0.5299443175585516,0.51625,outer_01,sigmoid,0.05,0,,False,5.0,0.0,-0.0,-0.0,0.0,-0.0,-0.0,-0.0,-0.0
872,2014-05-26,873,883,2014-05-27,2014-06-10,-0.03145143200183664,0.0,-0.0006115805677042729,-0.003980173967195633,0.5155112256482748,0.51625,outer_01,sigmoid,0.05,0,,False,5.0,0.0,-0.0,-0.0,0.0,-0.0,-0.0,-0.0,-0.0
873,2014-05-27,874,884,2014-05-28,2014-06-11,-0.004104666692691161,0.0,-0.02079015145924501,-0.02420710812926874,0.5401762452738449,0.51625,outer_01,sigmoid,0.05,0,,False,5.0,0.0,-0.0,-0.0,0.0,-0.0,-0.0,-0.0,-0.0
874,2014-05-28,875,885,2014-05-29,2014-06-12,0.0013331325028875796,1.0,-0.005184316011122014,-0.025773105956067077,0.537632940754438,0.51625,outer_01,sigmoid,0.05,0,,False,5.0,0.0,0.0,0.0,0.0,0.0,0.0,0.0,0.0
875,2014-05-29,876,886,2014-05-30,2014-06-13,0.013910585907186857,1.0,-0.0021003898215150585,-0.022351258874735436,0.5412330384491498,0.51625,outer_01,sigmoid,0.05,0,,False,5.0,0.0,0.0,0.0,0.0,0.0,0.0,0.0,0.0
876,2014-05-30,877,887,2014-06-02,2014-06-16,0.02237966315189599,1.0,-0.005078220125839472,-0.03987536375806755,0.5374005991891017,0.51625,outer_01,sigmoid,0.05,0,,False,5.0,0.0,0.0,0.0,0.0,0.0,0.0,0.0,0.0
877,2014-06-02,878,888,2014-06-03,2014-06-17,0.021734021835732698,1.0,-0.0043320324780991015,-0.05187760866076019,0.5201983107537739,0.51625,outer_01,sigmoid,0.05,0,,False,5.0,0.0,0.0,0.0,0.0,0.0,0.0,0.0,0.0
878,2014-06-03,879,889,2014-06-04,2014-06-18,0.020922196511252267,1.0,0.0007393775099950872,-0.04961806188244999,0.49430755999715376,0.51625,outer_01,sigmoid,0.05,0,,False,5.0,0.0,0.0,0.0,0.0,0.0,0.0,0.0,0.0
879,2014-06-04,880,890,2014-06-05,2014-06-19,0.0270063825842497,1.0,-0.0009805971174943195,-0.036664852866546305,0.49074274404830476,0.51625,outer_01,sigmoid,0.05,0,,False,5.0,0.0,0.0,0.0,0.0,0.0,0.0,0.0,0.0
880,2014-06-05,881,891,2014-06-06,2014-06-20,0.052876916253290496,1.0,0.008113163648644672,-0.027838239892945538,0.5049267964522083,0.51625,outer_01,sigmoid,0.05,0,,False,5.0,0.0,0.0,0.0,0.0,0.0,0.0,0.0,0.0
881,2014-06-06,882,892,2014-06-09,2014-06-23,0.04865474827124672,1.0,-0.0004946742830354012,-0.027999279533851507,0.5033486695287249,0.51625,outer_01,sigmoid,0.05,0,,False,5.0,0.0,0.0,0.0,0.0,0.0,0.0,0.0,0.0
882,2014-06-09,883,893,2014-06-10,2014-06-24,0.050969816478071195,1.0,-0.00048693459674531425,-0.034042600842195014,0.507145955500497,0.51625,outer_01,sigmoid,0.05,0,,False,5.0,0.0,0.0,0.0,0.0,0.0,0.0,0.0,0.0
883,2014-06-10,884,894,2014-06-11,2014-06-25,0.04558658875870414,1.0,0.006026056771862187,-0.02610083467219404,0.5197965639949699,0.51625,outer_01,sigmoid,0.05,0,,False,5.0,0.0,0.0,0.0,0.0,0.0,0.0,0.0,0.0
884,2014-06-11,885,895,2014-06-12,2014-06-26,0.04452795686909017,1.0,0.000785405773835457,-0.034995331507002625,0.5084709546111774,0.51625,outer_01,sigmoid,0.05,0,,False,5.0,0.0,0.0,0.0,0.0,0.0,0.0,0.0,0.0
885,2014-06-12,886,896,2014-06-13,2014-06-27,0.03325028571029609,1.0,0.009188498587425542,-0.01814295880103689,0.5195403747870174,0.51625,outer_01,sigmoid,0.05,0,,False,5.0,0.0,0.0,0.0,0.0,0.0,0.0,0.0,0.0
886,2014-06-13,887,897,2014-06-16,2014-06-30,0.02936488828220174,1.0,0.0031381681607198786,-0.012957833518029815,0.5168252066669774,0.51625,outer_01,sigmoid,0.05,0,,False,5.0,0.0,0.0,0.0,0.0,0.0,0.0,0.0,0.0
887,2014-06-16,888,898,2014-06-17,2014-07-01,0.04269596029703493,1.0,-0.0035782986350705315,-0.01624226242807314,0.5134986359508812,0.51625,outer_01,sigmoid,0.05,0,,False,5.0,0.0,0.0,0.0,0.0,0.0,0.0,0.0,0.0
888,2014-06-17,889,899,2014-06-18,2014-07-02,0.042265885528447455,1.0,-0.0012664552356840275,-0.01837461229519466,0.49668886425553704,0.51625,outer_01,sigmoid,0.05,0,,False,5.0,0.0,0.0,0.0,0.0,0.0,0.0,0.0,0.0
889,2014-06-18,890,900,2014-06-19,2014-07-03,0.037487933530417905,1.0,0.0054946918363061314,-0.011186086304853404,0.49665962954696646,0.51625,outer_01,sigmoid,0.05,0,,False,5.0,0.0,0.0,0.0,0.0,0.0,0.0,0.0,0.0
890,2014-06-19,891,901,2014-06-20,2014-07-04,-0.0011660484398356985,0.0,0.032507973892150765,0.019968136911574952,0.4706827547047135,0.51625,outer_01,sigmoid,0.05,0,,False,5.0,0.0,-0.0,-0.0,0.0,-0.0,-0.0,-0.0,-0.0
891,2014-06-20,892,902,2014-06-23,2014-07-07,0.0040393664836591014,1.0,-0.003621088232334202,0.017468597617050996,0.47567657174648026,0.51625,outer_01,sigmoid,0.05,0,,False,5.0,0.0,0.0,0.0,0.0,0.0,0.0,0.0,0.0
892,2014-06-23,893,903,2014-06-24,2014-07-08,0.0014787573551799937,1.0,0.0018767077275141375,0.019956885912269406,0.47703339775005266,0.51625,outer_01,sigmoid,0.05,0,,False,5.0,0.0,0.0,0.0,0.0,0.0,0.0,0.0,0.0
893,2014-06-24,894,904,2014-06-25,2014-07-09,0.0008493277929817467,1.0,0.0003339430354580841,0.0410809804069725,0.47275331096028583,0.51625,outer_01,sigmoid,0.05,0,,False,5.0,0.0,0.0,0.0,0.0,0.0,0.0,0.0,0.0
894,2014-06-25,895,905,2014-06-26,2014-07-10,0.00690093176043316,1.0,0.0009632560313086458,0.04722855244940316,0.4792207846310538,0.51625,outer_01,sigmoid,0.05,0,,False,5.0,0.0,0.0,0.0,0.0,0.0,0.0,0.0,0.0
895,2014-06-26,896,906,2014-06-27,2014-07-11,0.014457756046778236,1.0,-0.0017603500964460395,0.04756859217447218,0.4662788161341014,0.51625,outer_01,sigmoid,0.05,0,,False,5.0,0.0,0.0,0.0,0.0,0.0,0.0,0.0,0.0
896,2014-06-27,897,907,2014-06-30,2014-07-14,0.01736462089659252,1.0,-0.0006685304734217468,0.051978281826889905,0.46353965399056635,0.51625,outer_01,sigmoid,0.05,0,,False,5.0,0.0,0.0,0.0,0.0,0.0,0.0,0.0,0.0
897,2014-06-30,898,908,2014-07-01,2014-07-15,-0.014731385513066186,0.0,0.008543212325174743,0.06485352663016375,0.4670004990452566,0.51625,outer_01,sigmoid,0.05,0,,False,5.0,0.0,-0.0,-0.0,0.0,-0.0,-0.0,-0.0,-0.0
898,2014-07-01,899,909,2014-07-02,2014-07-16,-0.023778304587311894,0.0,-0.0011006906813735284,0.06301345843879513,0.4658023033172182,0.51625,outer_01,sigmoid,0.05,0,,False,5.0,0.0,-0.0,-0.0,0.0,-0.0,-0.0,-0.0,-0.0
899,2014-07-02,900,910,2014-07-03,2014-07-17,-0.021585818503581322,0.0,0.0005278795953840287,0.06452193515167348,0.46956656652349793,0.51625,outer_01,sigmoid,0.05,0,,False,5.0,0.0,-0.0,-0.0,0.0,-0.0,-0.0,-0.0,-0.0
900,2014-07-03,901,911,2014-07-04,2014-07-18,-0.0005759539396068547,0.0,-0.005139806176802431,0.05126896532622638,0.472542831358896,0.51625,outer_01,sigmoid,0.05,0,,False,5.0,0.0,-0.0,-0.0,0.0,-0.0,-0.0,-0.0,-0.0
901,2014-07-04,902,912,2014-07-07,2014-07-21,-0.007484176767624362,0.0,-7.578025242871433e-06,0.05175606158401891,0.4699815235687192,0.51625,outer_01,sigmoid,0.05,0,,False,5.0,0.0,-0.0,-0.0,0.0,-0.0,-0.0,-0.0,-0.0
902,2014-07-07,903,913,2014-07-08,2014-07-22,-0.0057833720622184615,0.0,-2.2734420292103152e-05,0.05222026176047212,0.47832935884733796,0.51625,outer_01,sigmoid,0.05,0,,False,5.0,0.0,-0.0,-0.0,0.0,-0.0,-0.0,-0.0,-0.0
903,2014-07-08,904,914,2014-07-09,2014-07-23,-0.009084153127727923,0.0,-0.00023495261265438216,0.04595925237595555,0.47844190956247357,0.51625,outer_01,sigmoid,0.05,0,,False,5.0,0.0,-0.0,-0.0,0.0,-0.0,-0.0,-0.0,-0.0
904,2014-07-09,905,915,2014-07-10,2014-07-24,-0.017721905838977925,0.0,0.006414806981029031,0.051588653583149124,0.4876172567429507,0.51625,outer_01,sigmoid,0.05,0,,False,5.0,0.0,-0.0,-0.0,0.0,-0.0,-0.0,-0.0,-0.0
905,2014-07-10,906,916,2014-07-11,2014-07-25,-0.03166706256599916,0.0,0.005475473629790173,0.047875628625513755,0.4782109075659974,0.51625,outer_01,sigmoid,0.05,0,,False,5.0,0.0,-0.0,-0.0,0.0,-0.0,-0.0,-0.0,-0.0
906,2014-07-11,907,917,2014-07-14,2014-07-28,-0.025245615793711096,0.0,0.0020876443772381847,0.04682510484203206,0.4783946361267293,0.51625,outer_01,sigmoid,0.05,0,,False,5.0,0.0,-0.0,-0.0,0.0,-0.0,-0.0,-0.0,-0.0
907,2014-07-14,908,918,2014-07-15,2014-07-29,-0.002504587305793393,0.0,-0.023475149892280278,0.026928253584822315,0.4824391114684508,0.51625,outer_01,sigmoid,0.05,0,,False,5.0,0.0,-0.0,-0.0,0.0,-0.0,-0.0,-0.0,-0.0
908,2014-07-15,909,919,2014-07-16,2014-07-30,0.003353651102678157,1.0,-0.009441503265158246,0.018753205555348096,0.4971239027055581,0.51625,outer_01,sigmoid,0.05,0,,False,5.0,0.0,0.0,0.0,0.0,0.0,0.0,0.0,0.0
909,2014-07-16,910,920,2014-07-17,2014-07-31,-0.0020193151982574875,0.0,0.0030312987210106,0.016289812440052565,0.49425512802672417,0.51625,outer_01,sigmoid,0.05,0,,False,5.0,0.0,-0.0,-0.0,0.0,-0.0,-0.0,-0.0,-0.0
910,2014-07-17,911,921,2014-07-18,2014-08-01,-0.02770813890250068,0.0,0.01565725792795636,-0.0005609035241418425,0.4947630511037354,0.51625,outer_01,sigmoid,0.05,0,,False,5.0,0.0,-0.0,-0.0,0.0,-0.0,-0.0,-0.0,-0.0
911,2014-07-18,912,922,2014-07-21,2014-08-04,-0.012854625160604094,0.0,-0.006534156296329918,-0.003473971588137559,0.4947266860160961,0.51625,outer_01,sigmoid,0.05,0,,False,5.0,0.0,-0.0,-0.0,0.0,-0.0,-0.0,-0.0,-0.0
912,2014-07-21,913,923,2014-07-22,2014-08-05,-0.01837609733343637,0.0,0.001403230710860015,-0.003947448604791681,0.49524059083802363,0.51625,outer_01,sigmoid,0.05,0,,False,5.0,0.0,-0.0,-0.0,0.0,-0.0,-0.0,-0.0,-0.0
913,2014-07-22,914,924,2014-07-23,2014-08-06,-0.014717819626266504,0.0,-0.003848331796080018,-0.008129723436329783,0.4945096699396224,0.51625,outer_01,sigmoid,0.05,0,,False,5.0,0.0,-0.0,-0.0,0.0,-0.0,-0.0,-0.0,-0.0
914,2014-07-23,915,925,2014-07-24,2014-08-07,0.0013178866686160973,1.0,-0.001853086070853216,-0.010946065538491645,0.48752641591284623,0.51625,outer_01,sigmoid,0.05,0,,False,5.0,0.0,0.0,0.0,0.0,0.0,0.0,0.0,0.0
915,2014-07-24,916,926,2014-07-25,2014-08-08,0.014127921339119887,1.0,-0.008683122573460267,-0.017868838015505872,0.48699861852008675,0.51625,outer_01,sigmoid,0.05,0,,False,5.0,0.0,0.0,0.0,0.0,0.0,0.0,0.0,0.0
916,2014-07-25,917,927,2014-07-28,2014-08-11,0.0026237197652037025,1.0,0.010452051913828697,-0.0067482556282554285,0.4877646604795937,0.51625,outer_01,sigmoid,0.05,0,,False,5.0,0.0,0.0,0.0,0.0,0.0,0.0,0.0,0.0
917,2014-07-28,918,928,2014-07-29,2014-08-12,0.003024631980172998,1.0,-0.002389944989220183,-0.017681412942650354,0.49956344788651885,0.51625,outer_01,sigmoid,0.05,0,,False,5.0,0.0,0.0,0.0,0.0,0.0,0.0,0.0,0.0
918,2014-07-29,919,929,2014-07-30,2014-08-13,0.006872510271204391,1.0,-0.004026778873675418,-0.020607501134952244,0.49222965291662246,0.51625,outer_01,sigmoid,0.05,0,,False,5.0,0.0,0.0,0.0,0.0,0.0,0.0,0.0,0.0
919,2014-07-30,920,930,2014-07-31,2014-08-14,0.012321932935797975,1.0,-0.0021352293847662907,-0.023270610115102563,0.4990686762067096,0.51625,outer_01,sigmoid,0.05,0,,False,5.0,0.0,0.0,0.0,0.0,0.0,0.0,0.0,0.0
920,2014-07-31,921,931,2014-08-01,2014-08-15,0.022189478561016607,1.0,-0.010035526240815607,-0.02816633017911574,0.5046820716746094,0.51625,outer_01,sigmoid,0.05,0,,False,5.0,0.0,0.0,0.0,0.0,0.0,0.0,0.0,0.0
921,2014-08-01,922,932,2014-08-04,2014-08-18,0.006636194952363006,1.0,0.007717849059954318,-0.02044090309391855,0.4967543600763508,0.51625,outer_01,sigmoid,0.05,0,,False,5.0,0.0,0.0,0.0,0.0,0.0,0.0,0.0,0.0
922,2014-08-04,923,933,2014-08-05,2014-08-19,0.007948761783168834,1.0,-0.0037738379419955947,-0.02419200661562204,0.49649234534541414,0.51625,outer_01,sigmoid,0.05,0,,False,5.0,0.0,0.0,0.0,0.0,0.0,0.0,0.0,0.0
923,2014-08-05,924,934,2014-08-06,2014-08-20,0.005588985233432986,1.0,0.00035707078143243365,-0.023599983221535226,0.4912730694874658,0.51625,outer_01,sigmoid,0.05,0,,False,5.0,0.0,0.0,0.0,0.0,0.0,0.0,0.0,0.0
924,2014-08-06,925,935,2014-08-07,2014-08-21,-0.011730272023676491,0.0,0.01328362265097649,-0.016731167551587767,0.49059653769795264,0.51625,outer_01,sigmoid,0.05,0,,False,5.0,0.0,-0.0,-0.0,0.0,-0.0,-0.0,-0.0,-0.0
925,2014-08-07,926,936,2014-08-08,2014-08-22,-0.02737696082939145,0.0,0.004798077753113361,-0.01740856342826458,0.493180369348357,0.51625,outer_01,sigmoid,0.05,0,,False,5.0,0.0,-0.0,-0.0,0.0,-0.0,-0.0,-0.0,-0.0
926,2014-08-08,927,937,2014-08-11,2014-08-25,-0.023849398196641225,0.0,-0.0012584134213549092,-0.020754621226857672,0.4973586097545542,0.51625,outer_01,sigmoid,0.05,0,,False,5.0,0.0,-0.0,-0.0,0.0,-0.0,-0.0,-0.0,-0.0
927,2014-08-11,928,938,2014-08-12,2014-08-26,-0.024668719977153586,0.0,-0.001817960108380312,0.0009025685570422937,0.498195229081627,0.51625,outer_01,sigmoid,0.05,0,,False,5.0,0.0,-0.0,-0.0,0.0,-0.0,-0.0,-0.0,-0.0
928,2014-08-12,929,939,2014-08-13,2014-08-27,-0.021158965861731716,0.0,0.0009323083711869629,0.011276380193387503,0.4933094311028154,0.51625,outer_01,sigmoid,0.05,0,,False,5.0,0.0,-0.0,-0.0,0.0,-0.0,-0.0,-0.0,-0.0
929,2014-08-13,930,940,2014-08-14,2014-08-28,-0.023025849725009095,0.0,0.002182174188487984,0.010427255660864887,0.49572078867965585,0.51625,outer_01,sigmoid,0.05,0,,False,5.0,0.0,-0.0,-0.0,0.0,-0.0,-0.0,-0.0,-0.0
930,2014-08-14,931,941,2014-08-15,2014-08-29,-0.017058950057672995,0.0,0.0008151853474274162,-0.004414816919664055,0.5096873834268233,0.51625,outer_01,sigmoid,0.05,0,,False,5.0,0.0,-0.0,-0.0,0.0,-0.0,-0.0,-0.0,-0.0
931,2014-08-15,932,942,2014-08-18,2014-09-01,-0.011022778751373252,0.0,-0.006662819966236633,-0.00454348058957077,0.49521527594562925,0.51625,outer_01,sigmoid,0.05,0,,False,5.0,0.0,-0.0,-0.0,0.0,-0.0,-0.0,-0.0,-0.0
932,2014-08-18,933,943,2014-08-19,2014-09-02,-0.009354865748005814,0.0,-0.004633533342159879,-0.010580244642590664,0.4981434293663523,0.51625,outer_01,sigmoid,0.05,0,,False,5.0,0.0,-0.0,-0.0,0.0,-0.0,-0.0,-0.0,-0.0
933,2014-08-19,934,944,2014-08-20,2014-09-03,-0.023082873283497563,0.0,-0.002282384230701595,-0.009014297077212241,0.5048409076207016,0.51625,outer_01,sigmoid,0.05,0,,False,5.0,0.0,-0.0,-0.0,0.0,-0.0,-0.0,-0.0,-0.0
934,2014-08-20,935,945,2014-08-21,2014-09-04,-0.016679096887388667,0.0,-0.0030693724930292987,-0.010230583499388324,0.5136334682129373,0.51625,outer_01,sigmoid,0.05,0,,False,5.0,0.0,-0.0,-0.0,0.0,-0.0,-0.0,-0.0,-0.0
935,2014-08-21,936,946,2014-08-22,2014-09-05,-0.012205314875558315,0.0,-0.011706424941246851,-0.013253885867174908,0.5233681739218193,0.51625,outer_01,sigmoid,0.05,0,,False,5.0,0.0,-0.0,-0.0,0.0,-0.0,-0.0,-0.0,-0.0
936,2014-08-22,937,947,2014-08-25,2014-09-08,-0.007034707778460714,0.0,0.0026523657973331893,-0.021053571983670416,0.5012170985208394,0.51625,outer_01,sigmoid,0.05,0,,False,5.0,0.0,-0.0,-0.0,0.0,-0.0,-0.0,-0.0,-0.0
937,2014-08-25,938,948,2014-08-26,2014-09-09,-0.015184647844273869,0.0,-0.0024800222378553727,-0.021143649232305606,0.4981918486698692,0.51625,outer_01,sigmoid,0.05,0,,False,5.0,0.0,-0.0,-0.0,0.0,-0.0,-0.0,-0.0,-0.0
938,2014-08-26,939,949,2014-08-27,2014-09-10,-0.020763083389781833,0.0,0.003729436737416769,-0.013387433621213418,0.4997339653500738,0.51625,outer_01,sigmoid,0.05,0,,False,5.0,0.0,-0.0,-0.0,0.0,-0.0,-0.0,-0.0,-0.0
939,2014-08-27,940,950,2014-08-28,2014-09-11,-0.026286844117302977,0.0,0.0007099087168338514,-0.010542295519613276,0.4983544848052107,0.51625,outer_01,sigmoid,0.05,0,,False,5.0,0.0,-0.0,-0.0,0.0,-0.0,-0.0,-0.0,-0.0
940,2014-08-28,941,951,2014-08-29,2014-09-12,-0.03912829426242226,0.0,0.005094967792184768,0.004588198513387098,0.5145468609345603,0.51625,outer_01,sigmoid,0.05,0,,False,5.0,0.0,-0.0,-0.0,0.0,-0.0,-0.0,-0.0,-0.0
941,2014-08-29,942,952,2014-09-01,2014-09-15,-0.046527043100261345,0.0,-0.001708393283746723,-0.004838043830313943,0.5029367255781798,0.51625,outer_01,sigmoid,0.05,0,,False,5.0,0.0,-0.0,-0.0,0.0,-0.0,-0.0,-0.0,-0.0
942,2014-09-01,943,953,2014-09-02,2014-09-16,-0.0427644632522286,0.0,-0.0006919527726783059,-0.001756158660996654,0.49240192596692683,0.51625,outer_01,sigmoid,0.05,0,,False,5.0,0.0,-0.0,-0.0,0.0,-0.0,-0.0,-0.0,-0.0
943,2014-09-02,944,954,2014-09-03,2014-09-17,-0.02544988253124547,0.0,-0.016135452145970675,-0.018248681588399762,0.5247935856250521,0.51625,outer_01,sigmoid,0.05,0,,False,5.0,0.0,-0.0,-0.0,0.0,-0.0,-0.0,-0.0,-0.0
944,2014-09-03,945,955,2014-09-04,2014-09-18,-0.038243720894970856,0.0,0.0030620402260241875,-0.028470264013352065,0.5015103900169953,0.51625,outer_01,sigmoid,0.05,0,,False,5.0,0.0,-0.0,-0.0,0.0,-0.0,-0.0,-0.0,-0.0
945,2014-09-04,946,956,2014-09-05,2014-09-19,-0.028865363530576893,0.0,-0.006426874189369158,-0.039695215955834584,0.5051442645092054,0.51625,outer_01,sigmoid,0.05,0,,False,5.0,0.0,-0.0,-0.0,0.0,-0.0,-0.0,-0.0,-0.0
946,2014-09-05,947,957,2014-09-08,2014-09-22,-0.04296768853565158,0.0,0.006095868401627236,-0.03234093413285244,0.5055307278447256,0.51625,outer_01,sigmoid,0.05,0,,False,5.0,0.0,-0.0,-0.0,0.0,-0.0,-0.0,-0.0,-0.0
947,2014-09-08,948,958,2014-09-09,2014-09-23,-0.03395587744759343,0.0,-0.010921361406677654,-0.04144433543114978,0.4946563078328915,0.51625,outer_01,sigmoid,0.05,0,,False,5.0,0.0,-0.0,-0.0,0.0,-0.0,-0.0,-0.0,-0.0
948,2014-09-09,949,959,2014-09-10,2014-09-24,-0.02592052875105466,0.0,0.0001992039815510438,-0.0421774398207857,0.49900273413013074,0.51625,outer_01,sigmoid,0.05,0,,False,5.0,0.0,-0.0,-0.0,0.0,-0.0,-0.0,-0.0,-0.0
949,2014-09-10,950,960,2014-09-11,2014-09-25,-0.026297667544964654,0.0,-0.004559745655416947,-0.04891935966469063,0.49407922045254227,0.51625,outer_01,sigmoid,0.05,0,,False,5.0,0.0,-0.0,-0.0,0.0,-0.0,-0.0,-0.0,-0.0
950,2014-09-11,951,961,2014-09-12,2014-09-26,-0.015790464739851018,0.0,-0.0071649770355382,-0.05689952204765625,0.5059485206098054,0.51625,outer_01,sigmoid,0.05,0,,False,5.0,0.0,-0.0,-0.0,0.0,-0.0,-0.0,-0.0,-0.0
951,2014-09-12,952,962,2014-09-15,2014-09-29,-0.009032155990678525,0.0,-0.009207996676204644,-0.05944469875762426,0.4976180215721336,0.51625,outer_01,sigmoid,0.05,0,,False,5.0,0.0,-0.0,-0.0,0.0,-0.0,-0.0,-0.0,-0.0
952,2014-09-15,953,963,2014-09-16,2014-09-30,-0.014382975596979541,0.0,0.0031355372750860866,-0.051675628140378294,0.4893372059583359,0.51625,outer_01,sigmoid,0.05,0,,False,5.0,0.0,-0.0,-0.0,0.0,-0.0,-0.0,-0.0,-0.0
953,2014-09-16,954,964,2014-09-17,2014-10-01,-0.021177724504715556,0.0,0.0018312797332429298,-0.04756196417643377,0.49197376440609497,0.51625,outer_01,sigmoid,0.05,0,,False,5.0,0.0,-0.0,-0.0,0.0,-0.0,-0.0,-0.0,-0.0
954,2014-09-17,955,965,2014-09-18,2014-10-02,-0.007129803578002303,0.0,-0.010473685939587085,-0.054966277622991555,0.47624569825513974,0.51625,outer_01,sigmoid,0.05,0,,False,5.0,0.0,-0.0,-0.0,0.0,-0.0,-0.0,-0.0,-0.0
955,2014-09-18,956,966,2014-09-19,2014-10-03,-0.009815456228229102,0.0,0.001757333229778446,-0.04150251945196626,0.4849931857187802,0.51625,outer_01,sigmoid,0.05,0,,False,5.0,0.0,-0.0,-0.0,0.0,-0.0,-0.0,-0.0,-0.0
956,2014-09-19,957,967,2014-09-22,2014-10-06,-0.023770417182173098,0.0,-0.007533285621084573,-0.05168817087038402,0.47517427797615047,0.51625,outer_01,sigmoid,0.05,0,,False,5.0,0.0,-0.0,-0.0,0.0,-0.0,-0.0,-0.0,-0.0
957,2014-09-22,958,968,2014-09-23,2014-10-07,-0.007087599987883664,0.0,-0.0007243454456578036,-0.04993249407818645,0.4704535020230685,0.51625,outer_01,sigmoid,0.05,0,,False,5.0,0.0,-0.0,-0.0,0.0,-0.0,-0.0,-0.0,-0.0
958,2014-09-23,959,969,2014-09-24,2014-10-08,-0.01100584427309137,0.0,0.0076041003438769295,-0.04605783047172629,0.47791290200313974,0.51625,outer_01,sigmoid,0.05,0,,False,5.0,0.0,-0.0,-0.0,0.0,-0.0,-0.0,-0.0,-0.0
959,2014-09-24,960,970,2014-09-25,2014-10-09,0.0025774902633060037,1.0,-0.0058435365088440605,-0.0526112756974042,0.4699611063690791,0.51625,outer_01,sigmoid,0.05,0,,False,5.0,0.0,0.0,0.0,0.0,0.0,0.0,0.0,0.0
960,2014-09-25,961,971,2014-09-26,2014-10-10,0.0024707329043405224,1.0,0.004027748473443893,-0.05367849501614508,0.4779099455948125,0.51625,outer_01,sigmoid,0.05,0,,False,5.0,0.0,0.0,0.0,0.0,0.0,0.0,0.0,0.0
961,2014-09-26,962,972,2014-09-29,2014-10-13,0.0075745544232113104,1.0,-0.0032882493271433333,-0.05525835105954169,0.4711205648155374,0.51625,outer_01,sigmoid,0.05,0,,False,5.0,0.0,0.0,0.0,0.0,0.0,0.0,0.0,0.0
962,2014-09-29,963,973,2014-09-30,2014-10-14,0.01720254918172337,1.0,-0.001405516265358564,-0.055971914552221946,0.4776241725020624,0.51625,outer_01,sigmoid,0.05,0,,False,5.0,0.0,0.0,0.0,0.0,0.0,0.0,0.0,0.0
963,2014-09-30,964,974,2014-10-01,2014-10-15,0.019774875599854802,1.0,-0.006560484990535187,-0.04639694739678646,0.4709479717470074,0.51625,outer_01,sigmoid,0.05,0,,False,5.0,0.0,0.0,0.0,0.0,0.0,0.0,0.0,0.0
964,2014-10-01,965,975,2014-10-02,2014-10-16,0.021795384372443216,1.0,0.004650422003471988,-0.04480856561933866,0.47896460585641787,0.51625,outer_01,sigmoid,0.05,0,,False,5.0,0.0,0.0,0.0,0.0,0.0,0.0,0.0,0.0
965,2014-10-02,966,976,2014-10-03,2014-10-17,0.020044478686707556,1.0,0.00037077166246213267,-0.03801091976750737,0.4779596760623199,0.51625,outer_01,sigmoid,0.05,0,,False,5.0,0.0,0.0,0.0,0.0,0.0,0.0,0.0,0.0
966,2014-10-03,967,977,2014-10-06,2014-10-20,0.04120229060672731,1.0,-0.01840695779335988,-0.06251374596249448,0.4787996463684029,0.51625,outer_01,sigmoid,0.05,0,,False,5.0,0.0,0.0,0.0,0.0,0.0,0.0,0.0,0.0
967,2014-10-06,968,978,2014-10-07,2014-10-21,0.03297485876380879,1.0,0.0124663380826604,-0.03912604647315643,0.4901526735541371,0.51625,outer_01,sigmoid,0.05,0,,False,5.0,0.0,0.0,0.0,0.0,0.0,0.0,0.0,0.0
968,2014-10-07,969,979,2014-10-08,2014-10-22,0.03237244918587212,1.0,0.0015567298574650223,-0.03776852059724245,0.502510277046826,0.51625,outer_01,sigmoid,0.05,0,,False,5.0,0.0,0.0,0.0,0.0,0.0,0.0,0.0,0.0
969,2014-10-08,970,980,2014-10-09,2014-10-23,0.017625217054213493,1.0,0.010289426911518795,-0.022919348030306708,0.5115997824094345,0.51625,outer_01,sigmoid,0.05,0,,False,5.0,0.0,0.0,0.0,0.0,0.0,0.0,0.0,0.0
970,2014-10-09,971,981,2014-10-10,2014-10-24,0.006669867509106808,1.0,0.0026008242420694216,-0.013153546752699086,0.5042302150619454,0.51625,outer_01,sigmoid,0.05,0,,False,5.0,0.0,0.0,0.0,0.0,0.0,0.0,0.0,0.0
971,2014-10-10,972,982,2014-10-13,2014-10-27,0.0010018204647259665,1.0,-0.0012504956615790874,-0.005196045738073529,0.5097758213870517,0.51625,outer_01,sigmoid,0.05,0,,False,5.0,0.0,0.0,0.0,0.0,0.0,0.0,0.0,0.0
972,2014-10-13,973,983,2014-10-14,2014-10-28,-0.007960596678507237,0.0,0.010340949928643539,0.0020093669154839233,0.49757620170426153,0.51625,outer_01,sigmoid,0.05,0,,False,5.0,0.0,-0.0,-0.0,0.0,-0.0,-0.0,-0.0,-0.0
973,2014-10-14,974,984,2014-10-15,2014-10-29,-0.0033895444378853057,0.0,-0.0030155664875390897,-0.0028374793052980962,0.4954753454376713,0.51625,outer_01,sigmoid,0.05,0,,False,5.0,0.0,-0.0,-0.0,0.0,-0.0,-0.0,-0.0,-0.0
974,2014-10-15,975,985,2014-10-16,2014-10-30,-0.023717946179227845,0.0,0.008174399392353315,0.015810606026642304,0.4813748975919758,0.51625,outer_01,sigmoid,0.05,0,,False,5.0,0.0,-0.0,-0.0,0.0,-0.0,-0.0,-0.0,-0.0
975,2014-10-16,976,986,2014-10-17,2014-10-31,-0.03117305978925078,0.0,-0.002886959087841312,0.011166313709022546,0.47630560331292454,0.51625,outer_01,sigmoid,0.05,0,,False,5.0,0.0,-0.0,-0.0,0.0,-0.0,-0.0,-0.0,-0.0
976,2014-10-17,977,987,2014-10-20,2014-11-03,-0.058156888145830976,0.0,3.230261086084596e-05,0.018731901940967965,0.4918034054398483,0.51625,outer_01,sigmoid,0.05,0,,False,5.0,0.0,-0.0,-0.0,0.0,-0.0,-0.0,-0.0,-0.0
977,2014-10-20,978,988,2014-10-21,2014-11-04,-0.06763193874325424,0.0,0.006840742617637119,0.026296990004262888,0.49267654344959866,0.51625,outer_01,sigmoid,0.05,0,,False,5.0,0.0,-0.0,-0.0,0.0,-0.0,-0.0,-0.0,-0.0
978,2014-10-21,979,989,2014-10-22,2014-11-05,-0.06626430384484028,0.0,0.0012103579247106921,0.01990324758509665,0.5033119545713305,0.51625,outer_01,sigmoid,0.05,0,,False,5.0,0.0,-0.0,-0.0,0.0,-0.0,-0.0,-0.0,-0.0
979,2014-10-22,980,990,2014-10-23,2014-11-06,-0.08349543285357885,0.0,-0.005599150256376362,0.02014763383756435,0.49008542014339695,0.51625,outer_01,sigmoid,0.05,0,,False,5.0,0.0,-0.0,-0.0,0.0,-0.0,-0.0,-0.0,-0.0
980,2014-10-23,981,991,2014-10-24,2014-11-07,-0.07709254222120165,0.0,-0.008193949354693864,0.007925936009426593,0.49097178462684227,0.51625,outer_01,sigmoid,0.05,0,,False,5.0,0.0,-0.0,-0.0,0.0,-0.0,-0.0,-0.0,-0.0
981,2014-10-24,982,992,2014-10-27,2014-11-10,-0.04489627520669792,0.0,-0.0009182102858984464,0.01029597505067148,0.49118712558402994,0.51625,outer_01,sigmoid,0.05,0,,False,5.0,0.0,-0.0,-0.0,0.0,-0.0,-0.0,-0.0,-0.0
982,2014-10-27,983,993,2014-10-28,2014-11-11,-0.06309930025238142,0.0,-0.004334266172732804,0.00736722514329724,0.49314197840887924,0.51625,outer_01,sigmoid,0.05,0,,False,5.0,0.0,-0.0,-0.0,0.0,-0.0,-0.0,-0.0,-0.0
983,2014-10-28,984,994,2014-10-29,2014-11-12,-0.05362854364561276,0.0,0.0019168891912633157,0.015844599325095743,0.49079309533131626,0.51625,outer_01,sigmoid,0.05,0,,False,5.0,0.0,-0.0,-0.0,0.0,-0.0,-0.0,-0.0,-0.0
984,2014-10-29,985,995,2014-10-30,2014-11-13,-0.04138102837012969,0.0,-0.013413439606182465,-0.0022192622845587096,0.4874837103702866,0.51625,outer_01,sigmoid,0.05,0,,False,5.0,0.0,-0.0,-0.0,0.0,-0.0,-0.0,-0.0,-0.0
985,2014-10-30,986,996,2014-10-31,2014-11-14,-0.031952465535698416,0.0,-0.01062806320805354,-0.013218097155074382,0.48586810915008305,0.51625,outer_01,sigmoid,0.05,0,,False,5.0,0.0,-0.0,-0.0,0.0,-0.0,-0.0,-0.0,-0.0
986,2014-10-31,987,997,2014-11-03,2014-11-17,0.01478762156075586,1.0,-0.022326406693746748,-0.01713754605546125,0.4787289944195559,0.51625,outer_01,sigmoid,0.05,0,,False,5.0,0.0,0.0,0.0,0.0,0.0,0.0,0.0,0.0
987,2014-11-03,988,998,2014-11-04,2014-11-18,0.01819948351848133,1.0,-0.004980286006084356,-0.034584170144206006,0.4771850807514991,0.51625,outer_01,sigmoid,0.05,0,,False,5.0,0.0,0.0,0.0,0.0,0.0,0.0,0.0,0.0
988,2014-11-04,989,999,2014-11-05,2014-11-19,0.022872253206497994,1.0,0.0022364952060325294,-0.0339044047956385,0.47573328326148817,0.51625,outer_01,sigmoid,0.05,0,,False,5.0,0.0,0.0,0.0,0.0,0.0,0.0,0.0,0.0
989,2014-11-05,990,1000,2014-11-06,2014-11-20,0.03461988445101838,1.0,-0.0234341072226405,-0.06762793892979779,0.4658601939871055,0.51625,outer_01,sigmoid,0.05,0,,False,5.0,0.0,0.0,0.0,0.0,0.0,0.0,0.0,0.0
990,2014-11-06,991,1001,2014-11-07,2014-11-21,0.04487479134881589,1.0,6.133437311550693e-05,-0.07016742879875171,0.4613798479895421,0.51625,outer_01,sigmoid,0.05,0,,False,5.0,0.0,0.0,0.0,0.0,0.0,0.0,0.0,0.0
991,2014-11-07,992,1002,2014-11-10,2014-11-24,0.022804114455206914,1.0,0.03013742298710742,-0.0387795101500652,0.4877569834737894,0.51625,outer_01,sigmoid,0.05,0,,False,5.0,0.0,0.0,0.0,0.0,0.0,0.0,0.0,0.0
992,2014-11-10,993,1003,2014-11-11,2014-11-25,0.03985730972787316,1.0,-0.021413800073856848,-0.07053426015256559,0.48592749460440815,0.51625,outer_01,sigmoid,0.05,0,,False,5.0,0.0,0.0,0.0,0.0,0.0,0.0,0.0,0.0
993,2014-11-11,994,1004,2014-11-12,2014-11-26,0.03159083045394695,1.0,0.01103914605865075,-0.056479547606375746,0.5027309038490457,0.51625,outer_01,sigmoid,0.05,0,,False,5.0,0.0,0.0,0.0,0.0,0.0,0.0,0.0,0.0
994,2014-11-12,995,1005,2014-11-13,2014-11-27,0.029992963557505803,1.0,-0.001538852010812164,-0.06619279900954123,0.49680725534833087,0.51625,outer_01,sigmoid,0.05,0,,False,5.0,0.0,0.0,0.0,0.0,0.0,0.0,0.0,0.0
995,2014-11-13,996,1006,2014-11-14,2014-11-28,0.022592910893997953,1.0,-0.00024953427568785713,-0.06355537419738777,0.5057924500194343,0.51625,outer_01,sigmoid,0.05,0,,False,5.0,0.0,0.0,0.0,0.0,0.0,0.0,0.0,0.0
996,2014-11-14,997,1007,2014-11-17,2014-12-01,-0.022372144977069297,0.0,0.022389090159568248,-0.04119858664868037,0.5180916491954419,0.51625,outer_01,sigmoid,0.05,0,,False,5.0,0.0,-0.0,-0.0,0.0,-0.0,-0.0,-0.0,-0.0
997,2014-11-17,998,1008,2014-11-18,2014-12-02,0.020395847211569063,1.0,-0.0018530534349121552,-0.04989238270122964,0.5201185854337108,0.51625,outer_01,sigmoid,0.05,0,,False,5.0,0.0,0.0,0.0,0.0,0.0,0.0,0.0,0.0
998,2014-11-18,999,1009,2014-11-19,2014-12-03,0.0010698495708805211,1.0,0.009214412051091081,-0.041888328574849254,0.5069372672232187,0.51625,outer_01,sigmoid,0.05,0,,False,5.0,0.0,0.0,0.0,0.0,0.0,0.0,0.0,0.0
999,2014-11-19,1000,1010,2014-11-20,2014-12-04,0.021976516345653785,1.0,-0.01204271893750164,-0.04833189725597453,0.512375182956634,0.51625,outer_01,sigmoid,0.05,0,,False,5.0,0.0,0.0,0.0,0.0,0.0,0.0,0.0,0.0
1000,2014-11-20,1001,1011,2014-11-21,2014-12-05,0.009867746570984437,1.0,0.008947155667077489,-0.03119079223420318,0.5215529886482383,0.51625,outer_01,sigmoid,0.05,0,,False,5.0,0.0,0.0,0.0,0.0,0.0,0.0,0.0,0.0
1001,2014-11-21,1002,1012,2014-11-24,2014-12-08,-0.011888556352184665,0.0,0.00644802487982421,-0.023824557068480523,0.5122881973813358,0.51625,outer_01,sigmoid,0.05,0,,False,5.0,0.0,-0.0,-0.0,0.0,-0.0,-0.0,-0.0,-0.0
1002,2014-11-24,1003,1013,2014-11-25,2014-12-09,0.004189874644206171,1.0,-0.003603096552564189,-0.02309338744831191,0.5192181806745851,0.51625,outer_01,sigmoid,0.05,0,,False,5.0,0.0,0.0,0.0,0.0,0.0,0.0,0.0,0.0
1003,2014-11-25,1004,1014,2014-11-26,2014-12-10,0.02806913862836602,1.0,0.0032616930477811223,-0.0217485835917941,0.525081918983517,0.51625,outer_01,sigmoid,0.05,0,,False,5.0,0.0,0.0,0.0,0.0,0.0,0.0,0.0,0.0
1004,2014-11-26,1005,1015,2014-11-27,2014-12-11,0.02398635936669713,1.0,-0.002635223434038103,-0.01097036741964974,0.5201397630983969,0.51625,outer_01,sigmoid,0.05,0,,False,5.0,0.0,0.0,0.0,0.0,0.0,0.0,0.0,0.0
1005,2014-11-27,1006,1016,2014-11-28,2014-12-12,0.03169796821512705,1.0,-0.005811973582839691,-0.006154277794435892,0.5195402966611947,0.51625,outer_01,sigmoid,0.05,0,,False,5.0,0.0,0.0,0.0,0.0,0.0,0.0,0.0,0.0
1006,2014-11-28,1007,1017,2014-12-01,2014-12-15,0.052970365336391545,1.0,-0.02099801316892691,-0.004825884269616054,0.5274378039816222,0.51625,outer_01,sigmoid,0.05,0,,False,5.0,0.0,0.0,0.0,0.0,0.0,0.0,0.0,0.0
1007,2014-12-01,1008,1018,2014-12-02,2014-12-16,-0.014941295873832416,0.0,0.03780513148530851,0.03795953322177681,0.5362870466834144,0.51625,outer_01,sigmoid,0.05,0,,False,5.0,0.0,-0.0,-0.0,0.0,-0.0,-0.0,-0.0,-0.0
1008,2014-12-02,1009,1019,2014-12-03,2014-12-17,-0.0012873026938624577,0.0,-0.010210523273124217,0.025512514742620063,0.532889460050689,0.51625,outer_01,sigmoid,0.05,0,,False,5.0,0.0,-0.0,-0.0,0.0,-0.0,-0.0,-0.0,-0.0
1009,2014-12-03,1010,1020,2014-12-04,2014-12-18,-0.016476898927820116,0.0,0.009111472230160622,0.058058094195421184,0.5298096342931768,0.51625,outer_01,sigmoid,0.05,0,,False,5.0,0.0,-0.0,-0.0,0.0,-0.0,-0.0,-0.0,-0.0
1010,2014-12-04,1011,1021,2014-12-05,2014-12-19,-0.005743649928795058,0.0,-0.003329305909290703,0.054667453913014974,0.5351609675903745,0.51625,outer_01,sigmoid,0.05,0,,False,5.0,0.0,-0.0,-0.0,0.0,-0.0,-0.0,-0.0,-0.0
1011,2014-12-05,1012,1022,2014-12-08,2014-12-22,0.005610254242154333,1.0,-0.011329438920216539,0.013200592005691014,0.5412550044539656,0.51625,outer_01,sigmoid,0.05,0,,False,5.0,0.0,0.0,0.0,0.0,0.0,0.0,0.0,0.0
1012,2014-12-08,1013,1023,2014-12-09,2014-12-23,-0.022231449163920836,0.0,0.009477794122759065,0.04409218620230693,0.522988769710601,0.51625,outer_01,sigmoid,0.05,0,,False,5.0,0.0,-0.0,-0.0,0.0,-0.0,-0.0,-0.0,-0.0
1013,2014-12-09,1014,1024,2014-12-10,2014-12-24,-0.04897875430494647,0.0,0.022516811011154658,0.055569851154810834,0.5122636722231962,0.51625,outer_01,sigmoid,0.05,0,,False,5.0,0.0,-0.0,-0.0,0.0,-0.0,-0.0,-0.0,-0.0
1014,2014-12-10,1015,1025,2014-12-11,2014-12-26,-0.03293147321890455,0.0,-0.003174166598421735,0.05393453656720126,0.5152496388551325,0.51625,outer_01,sigmoid,0.05,0,,False,5.0,0.0,-0.0,-0.0,0.0,-0.0,-0.0,-0.0,-0.0
1015,2014-12-11,1016,1026,2014-12-12,2014-12-29,-0.025660315285248814,0.0,0.0006926647087217574,0.05487673555161088,0.5134354938379985,0.51625,outer_01,sigmoid,0.05,0,,False,5.0,0.0,-0.0,-0.0,0.0,-0.0,-0.0,-0.0,-0.0
1016,2014-12-12,1017,1027,2014-12-15,2014-12-30,-0.032296293328269776,0.0,-0.004253189155532411,0.02823445623651022,0.5352502087176843,0.51625,outer_01,sigmoid,0.05,0,,False,5.0,0.0,-0.0,-0.0,0.0,-0.0,-0.0,-0.0,-0.0
1017,2014-12-15,1018,1028,2014-12-16,2014-12-31,0.005650015866054403,1.0,-0.025033404970721485,0.00505410470070089,0.5369717068775739,0.51625,outer_01,sigmoid,0.05,0,,False,5.0,0.0,0.0,0.0,0.0,0.0,0.0,0.0,0.0
1018,2014-12-16,1019,1029,2014-12-17,2015-01-02,-0.007211034953306772,0.0,0.003483448783805798,-0.0006768585665843929,0.5398830502201627,0.51625,outer_01,sigmoid,0.05,0,,False,5.0,0.0,-0.0,-0.0,0.0,-0.0,-0.0,-0.0,-0.0
1019,2014-12-17,1020,1030,2014-12-18,2015-01-05,-0.0009004725985377604,0.0,-0.0062638300001456315,0.005102030370771615,0.5338701974554242,0.51625,outer_01,sigmoid,0.05,0,,False,5.0,0.0,-0.0,-0.0,0.0,-0.0,-0.0,-0.0,-0.0
1020,2014-12-18,1021,1031,2014-12-19,2015-01-06,0.00415704024659469,1.0,0.0076170893056621836,0.00377196400935631,0.5302945136062597,0.51625,outer_01,sigmoid,0.05,0,,False,5.0,0.0,0.0,0.0,0.0,0.0,0.0,0.0,0.0
1021,2014-12-19,1022,1032,2014-12-22,2015-01-07,0.019605218929069856,1.0,-0.0022815509393590006,-0.004957611809826901,0.5378390173323527,0.51625,outer_01,sigmoid,0.05,0,,False,5.0,0.0,0.0,0.0,0.0,0.0,0.0,0.0,0.0
1022,2014-12-22,1023,1033,2014-12-23,2015-01-08,0.028809766175612594,1.0,-0.016611579562891166,-0.017966094820153877,0.5350400628175898,0.51625,outer_01,sigmoid,0.05,0,,False,5.0,0.0,0.0,0.0,0.0,0.0,0.0,0.0,0.0
1023,2014-12-23,1024,1034,2014-12-24,2015-01-09,0.02597417878724695,1.0,0.0002126528450325793,-0.02101513502290242,0.5347347884526344,0.51625,outer_01,sigmoid,0.05,0,,False,5.0,0.0,0.0,0.0,0.0,0.0,0.0,0.0,0.0
1024,2014-12-24,1025,1035,2014-12-26,2015-01-12,0.031127398460512268,1.0,-0.0011658930826694558,-0.019545804671533773,0.5215256255470235,0.51625,outer_01,sigmoid,0.05,0,,False,5.0,0.0,0.0,0.0,0.0,0.0,0.0,0.0,0.0
1025,2014-12-26,1026,1036,2014-12-29,2015-01-13,0.0294341195086103,1.0,0.017514617317167414,0.003780786228473332,0.5155173235941115,0.51625,outer_01,sigmoid,0.05,0,,False,5.0,0.0,0.0,0.0,0.0,0.0,0.0,0.0,0.0
1026,2014-12-29,1027,1037,2014-12-30,2015-01-14,0.0404739137559158,1.0,-0.010252100879752923,0.014526698517647318,0.5460298317455194,0.51625,outer_01,sigmoid,0.05,0,,False,5.0,0.0,0.0,0.0,0.0,0.0,0.0,0.0,0.0
1027,2014-12-30,1028,1038,2014-12-31,2015-01-15,0.024240417566245398,1.0,0.014477012396123534,-0.008801420571537655,0.5436767764026196,0.51625,outer_01,sigmoid,0.05,0,,False,5.0,0.0,0.0,0.0,0.0,0.0,0.0,0.0,0.0
1028,2014-12-31,1029,1039,2015-01-02,2015-01-16,0.06208752336615753,1.0,-0.009897257331789255,-0.008488154630202693,0.5362300231346175,0.51625,outer_01,sigmoid,0.05,0,,False,5.0,0.0,0.0,0.0,0.0,0.0,0.0,0.0,0.0
1029,2015-01-02,1030,1040,2015-01-05,2015-01-19,0.07372962799136307,1.0,0.00037859826549357933,-0.017221028594869736,0.5442286877295527,0.51625,outer_01,sigmoid,0.05,0,,False,5.0,0.0,0.0,0.0,0.0,0.0,0.0,0.0,0.0
1030,2015-01-05,1031,1041,2015-01-06,2015-01-21,0.07359953481539172,1.0,0.012953873776491598,-0.0009378489090874353,0.5412420747975132,0.51625,outer_01,sigmoid,0.05,0,,False,5.0,0.0,0.0,0.0,0.0,0.0,0.0,0.0,0.0
1031,2015-01-06,1032,1042,2015-01-07,2015-01-22,0.05923720109863062,1.0,0.011582392026539878,0.021973982037668982,0.5280912159510867,0.51625,outer_01,sigmoid,0.05,0,,False,5.0,0.0,0.0,0.0,0.0,0.0,0.0,0.0,0.0
1032,2015-01-07,1033,1043,2015-01-08,2015-01-23,0.07142707111483926,1.0,-0.006447464972830552,0.006048722942079365,0.5399958012879543,0.51625,outer_01,sigmoid,0.05,0,,False,5.0,0.0,0.0,0.0,0.0,0.0,0.0,0.0,0.0
1033,2015-01-08,1034,1044,2015-01-09,2015-01-26,0.0696651092526217,1.0,-0.0015128908602788371,-0.01798097892935413,0.5365986916711796,0.51625,outer_01,sigmoid,0.05,0,,False,5.0,0.0,0.0,0.0,0.0,0.0,0.0,0.0,0.0
1034,2015-01-09,1035,1045,2015-01-12,2015-01-27,0.045247191736131676,1.0,0.011246287884121742,-0.0035605244468106534,0.5401093161222597,0.51625,outer_01,sigmoid,0.05,0,,False,5.0,0.0,0.0,0.0,0.0,0.0,0.0,0.0,0.0
1035,2015-01-12,1036,1046,2015-01-13,2015-01-28,0.04789873392572375,1.0,0.008869544750073288,0.004616355594540877,0.5324057182476283,0.51625,outer_01,sigmoid,0.05,0,,False,5.0,0.0,0.0,0.0,0.0,0.0,0.0,0.0,0.0
1036,2015-01-13,1037,1047,2015-01-14,2015-01-29,0.04222867313145873,1.0,-0.002012971353661186,0.006856573396412102,0.5373147608018177,0.51625,outer_01,sigmoid,0.05,0,,False,5.0,0.0,0.0,0.0,0.0,0.0,0.0,0.0,0.0
1037,2015-01-14,1038,1048,2015-01-15,2015-01-30,0.023277339318426016,1.0,-0.0015286668613558874,0.0303613115057777,0.5273540016117205,0.51625,outer_01,sigmoid,0.05,0,,False,5.0,0.0,0.0,0.0,0.0,0.0,0.0,0.0,0.0
1038,2015-01-15,1039,1049,2015-01-16,2015-02-02,0.013722058993164588,1.0,0.026832052875663592,0.053709915597635494,0.5074850577384276,0.51625,outer_01,sigmoid,0.05,0,,False,5.0,0.0,0.0,0.0,0.0,0.0,0.0,0.0,0.0
1039,2015-01-16,1040,1050,2015-01-19,2015-02-03,-0.0030156247763981625,0.0,0.01394795165089846,0.07392169724867959,0.49868751008761364,0.51625,outer_01,sigmoid,0.05,0,,False,5.0,0.0,-0.0,-0.0,0.0,-0.0,-0.0,-0.0,-0.0
1040,2015-01-19,1041,1051,2015-01-21,2015-02-04,-0.025818182086762675,0.0,-0.0026440348645593303,0.06366057307845807,0.5145765916959655,0.51625,outer_01,sigmoid,0.05,0,,False,5.0,0.0,-0.0,-0.0,0.0,-0.0,-0.0,-0.0,-0.0
1041,2015-01-21,1042,1052,2015-01-22,2015-02-05,-0.017143410821336857,0.0,0.013081236908777605,0.07902336092659468,0.5170987729605667,0.51625,outer_01,sigmoid,0.05,0,,False,5.0,0.0,-0.0,-0.0,0.0,-0.0,-0.0,-0.0,-0.0
1042,2015-01-22,1043,1053,2015-01-23,2015-02-06,-0.026299470966945293,0.0,0.00609671040802251,0.10173165089750835,0.5224609723009765,0.51625,outer_01,sigmoid,0.05,0,,False,5.0,0.0,-0.0,-0.0,0.0,-0.0,-0.0,-0.0,-0.0
1043,2015-01-23,1044,1054,2015-01-26,2015-02-09,-0.045439201522330386,0.0,-0.005872532425226673,0.0956464656272491,0.5215344853308117,0.51625,outer_01,sigmoid,0.05,0,,False,5.0,0.0,-0.0,-0.0,0.0,-0.0,-0.0,-0.0,-0.0
1044,2015-01-26,1045,1055,2015-01-27,2015-02-10,-0.033307963620464065,0.0,-0.009739958473961252,0.0870724002359573,0.5220314811717556,0.51625,outer_01,sigmoid,0.05,0,,False,5.0,0.0,-0.0,-0.0,0.0,-0.0,-0.0,-0.0,-0.0
1045,2015-01-27,1046,1056,2015-01-28,2015-02-11,-0.046122498509067356,0.0,0.008572136097703797,0.07812991901649369,0.5239453374108676,0.51625,outer_01,sigmoid,0.05,0,,False,5.0,0.0,-0.0,-0.0,0.0,-0.0,-0.0,-0.0,-0.0
1046,2015-01-28,1047,1057,2015-01-29,2015-02-12,-0.05303764751877882,0.0,-0.0058440893229132485,0.08253793057333336,0.5228546345308724,0.51625,outer_01,sigmoid,0.05,0,,False,5.0,0.0,-0.0,-0.0,0.0,-0.0,-0.0,-0.0,-0.0
1047,2015-01-29,1048,1058,2015-01-30,2015-02-13,-0.028031234757056822,0.0,-0.02157423115410051,0.04648668702310932,0.5300297467078589,0.51625,outer_01,sigmoid,0.05,0,,False,5.0,0.0,-0.0,-0.0,0.0,-0.0,-0.0,-0.0,-0.0
1048,2015-01-30,1049,1059,2015-02-02,2015-02-16,-0.041524484743416856,0.0,0.020670902795136392,0.07705484715003497,0.5333664016533701,0.51625,outer_01,sigmoid,0.05,0,,False,5.0,0.0,-0.0,-0.0,0.0,-0.0,-0.0,-0.0,-0.0
1049,2015-02-02,1050,1060,2015-02-03,2015-02-17,-0.03423270330719408,0.0,-0.006706975199285203,0.06996927368525618,0.5372048498464166,0.51625,outer_01,sigmoid,0.05,0,,False,5.0,0.0,-0.0,-0.0,0.0,-0.0,-0.0,-0.0,-0.0
1050,2015-02-03,1051,1061,2015-02-04,2015-02-18,-0.04278086548072135,0.0,-0.011921951175502876,0.04509344873326171,0.539243710779251,0.51625,outer_01,sigmoid,0.05,0,,False,5.0,0.0,-0.0,-0.0,0.0,-0.0,-0.0,-0.0,-0.0
1051,2015-02-04,1052,1062,2015-02-05,2015-02-19,-0.04636517319988265,0.0,0.007464904701763864,0.040975961408485695,0.5392399990130787,0.51625,outer_01,sigmoid,0.05,0,,False,5.0,0.0,-0.0,-0.0,0.0,-0.0,-0.0,-0.0,-0.0
1052,2015-02-05,1053,1063,2015-02-06,2015-02-20,-0.04815454722973289,0.0,-0.0037808422080356507,0.043642584173280596,0.5370767822972514,0.51625,outer_01,sigmoid,0.05,0,,False,5.0,0.0,-0.0,-0.0,0.0,-0.0,-0.0,-0.0,-0.0
1053,2015-02-06,1054,1064,2015-02-09,2015-02-23,-0.028067646296980442,0.0,-0.025145060483528603,0.02001041455003083,0.5366767719955301,0.51625,outer_01,sigmoid,0.05,0,,False,5.0,0.0,-0.0,-0.0,0.0,-0.0,-0.0,-0.0,-0.0
1054,2015-02-09,1055,1065,2015-02-10,2015-02-24,-0.029861770786489217,0.0,0.004974953534396143,0.013739080200305231,0.539883700511674,0.51625,outer_01,sigmoid,0.05,0,,False,5.0,0.0,-0.0,-0.0,0.0,-0.0,-0.0,-0.0,-0.0
1055,2015-02-10,1056,1066,2015-02-11,2015-02-25,-0.027005583329422933,0.0,-0.004893861714083236,-2.4326263851293106e-05,0.5432952589250895,0.51625,outer_01,sigmoid,0.05,0,,False,5.0,0.0,-0.0,-0.0,0.0,-0.0,-0.0,-0.0,-0.0
1056,2015-02-11,1057,1067,2015-02-12,2015-02-26,-0.011250773862969687,0.0,-0.013091927115639557,-0.011103282025829664,0.5397547900858115,0.51625,outer_01,sigmoid,0.05,0,,False,5.0,0.0,-0.0,-0.0,0.0,-0.0,-0.0,-0.0,-0.0
1057,2015-02-12,1058,1068,2015-02-13,2015-02-27,-0.01141807958527874,0.0,0.004091259524368951,-0.005483355640104826,0.5374788704778398,0.51625,outer_01,sigmoid,0.05,0,,False,5.0,0.0,-0.0,-0.0,0.0,-0.0,-0.0,-0.0,-0.0
1058,2015-02-13,1059,1069,2015-02-16,2015-03-02,-0.011866537847895486,0.0,0.005564726577705237,-0.02675068193806318,0.5363404020597247,0.51625,outer_01,sigmoid,0.05,0,,False,5.0,0.0,-0.0,-0.0,0.0,-0.0,-0.0,-0.0,-0.0
1059,2015-02-16,1060,1070,2015-02-17,2015-03-03,-0.021307338759136485,0.0,0.0014635457815694863,-0.039235087807392155,0.5356999840864225,0.51625,outer_01,sigmoid,0.05,0,,False,5.0,0.0,-0.0,-0.0,0.0,-0.0,-0.0,-0.0,-0.0
1060,2015-02-17,1061,1071,2015-02-18,2015-03-04,-0.0034719811478094442,0.0,-0.017713795710546876,-0.0543048486533797,0.5357669046798222,0.51625,outer_01,sigmoid,0.05,0,,False,5.0,0.0,-0.0,-0.0,0.0,-0.0,-0.0,-0.0,-0.0
1061,2015-02-18,1062,1072,2015-02-19,2015-03-05,-0.010129732826452909,0.0,0.0021891698574849627,-0.06519691570467234,0.5286831819786634,0.51625,outer_01,sigmoid,0.05,0,,False,5.0,0.0,-0.0,-0.0,0.0,-0.0,-0.0,-0.0,-0.0
1062,2015-02-19,1063,1073,2015-02-20,2015-03-06,-0.006840148179214189,0.0,-0.004184244920613089,-0.07547787103330794,0.5311963843696661,0.51625,outer_01,sigmoid,0.05,0,,False,5.0,0.0,-0.0,-0.0,0.0,-0.0,-0.0,-0.0,-0.0
1063,2015-02-20,1064,1074,2015-02-23,2015-03-09,-0.02897237716696832,0.0,-0.004243434658982359,-0.07384877326706363,0.5346927014613192,0.51625,outer_01,sigmoid,0.05,0,,False,5.0,0.0,-0.0,-0.0,0.0,-0.0,-0.0,-0.0,-0.0
1064,2015-02-23,1065,1075,2015-02-24,2015-03-10,-0.03435600950155493,0.0,-0.0005244122333207812,-0.06463322702642316,0.5307892147326558,0.51625,outer_01,sigmoid,0.05,0,,False,5.0,0.0,-0.0,-0.0,0.0,-0.0,-0.0,-0.0,-0.0
1065,2015-02-24,1066,1076,2015-02-25,2015-03-11,-0.03280092326534412,0.0,-0.0010163110453094149,-0.07422167416943637,0.5276001196898465,0.51625,outer_01,sigmoid,0.05,0,,False,5.0,0.0,-0.0,-0.0,0.0,-0.0,-0.0,-0.0,-0.0
1066,2015-02-25,1067,1077,2015-02-26,2015-03-12,-0.0421486175218293,0.0,0.003909634313833621,-0.0644679505326895,0.5301686628348161,0.51625,outer_01,sigmoid,0.05,0,,False,5.0,0.0,-0.0,-0.0,0.0,-0.0,-0.0,-0.0,-0.0
1067,2015-02-26,1068,1078,2015-02-27,2015-03-13,-0.046901179227988976,0.0,0.0038199770518634324,-0.03907374232672556,0.534562099182272,0.51625,outer_01,sigmoid,0.05,0,,False,5.0,0.0,-0.0,-0.0,0.0,-0.0,-0.0,-0.0,-0.0
1068,2015-02-27,1069,1079,2015-03-02,2015-03-16,-0.04824329391723925,0.0,0.0030224227145518867,-0.05672222240731006,0.5294371390402525,0.51625,outer_01,sigmoid,0.05,0,,False,5.0,0.0,-0.0,-0.0,0.0,-0.0,-0.0,-0.0,-0.0
1069,2015-03-02,1070,1080,2015-03-03,2015-03-17,-0.04342927645428318,0.0,-0.004951303113583272,-0.05496655032160813,0.5235659858809408,0.51625,outer_01,sigmoid,0.05,0,,False,5.0,0.0,-0.0,-0.0,0.0,-0.0,-0.0,-0.0,-0.0
1070,2015-03-03,1071,1081,2015-03-04,2015-03-18,-0.04702490790133407,0.0,-0.0028130580871268407,-0.045857657233232096,0.5202479929621209,0.51625,outer_01,sigmoid,0.05,0,,False,5.0,0.0,-0.0,-0.0,0.0,-0.0,-0.0,-0.0,-0.0
1071,2015-03-04,1072,1082,2015-03-05,2015-03-19,-0.027493866329380445,0.0,-0.002720999544457925,-0.056043561479453885,0.5087137391195787,0.51625,outer_01,sigmoid,0.05,0,,False,5.0,0.0,-0.0,-0.0,0.0,-0.0,-0.0,-0.0,-0.0
1072,2015-03-05,1073,1083,2015-03-06,2015-03-20,-0.023986903760377487,0.0,-0.001384140969753922,-0.053646860241172156,0.5258582179874479,0.51625,outer_01,sigmoid,0.05,0,,False,5.0,0.0,-0.0,-0.0,0.0,-0.0,-0.0,-0.0,-0.0
1073,2015-03-06,1074,1084,2015-03-09,2015-03-23,0.014679661480196948,1.0,-0.026497999445852294,-0.05499979920349585,0.5230245878888343,0.51625,outer_01,sigmoid,0.05,0,,False,5.0,0.0,0.0,0.0,0.0,0.0,0.0,0.0,0.0
1074,2015-03-09,1075,1085,2015-03-10,2015-03-24,0.02382796805117504,1.0,-0.00045420850664967816,-0.06042896124454167,0.5300219068945548,0.51625,outer_01,sigmoid,0.05,0,,False,5.0,0.0,0.0,0.0,0.0,0.0,0.0,0.0,0.0
1075,2015-03-10,1076,1086,2015-03-11,2015-03-25,0.02529673068026561,1.0,-0.004269344136221598,-0.05980444366668003,0.5265071626766133,0.51625,outer_01,sigmoid,0.05,0,,False,5.0,0.0,0.0,0.0,0.0,0.0,0.0,0.0,0.0
1076,2015-03-11,1077,1087,2015-03-12,2015-03-26,0.03419791308409259,1.0,-0.006217475535336803,-0.052929992086377275,0.516904796884449,0.51625,outer_01,sigmoid,0.05,0,,False,5.0,0.0,0.0,0.0,0.0,0.0,0.0,0.0,0.0
1077,2015-03-12,1078,1088,2015-03-13,2015-03-27,0.04255961441879563,1.0,-0.0007885786495878122,-0.05780983026033404,0.5053923086564851,0.51625,outer_01,sigmoid,0.05,0,,False,5.0,0.0,0.0,0.0,0.0,0.0,0.0,0.0,0.0
1078,2015-03-13,1079,1089,2015-03-16,2015-03-30,0.03459035544440692,1.0,0.004031670469447413,-0.05934288636859186,0.49534550171825126,0.51625,outer_01,sigmoid,0.05,0,,False,5.0,0.0,0.0,0.0,0.0,0.0,0.0,0.0,0.0
1079,2015-03-16,1080,1090,2015-03-17,2015-03-31,0.026831419742442186,1.0,-0.003165134306665429,-0.06397156645682678,0.5077857520281639,0.51625,outer_01,sigmoid,0.05,0,,False,5.0,0.0,0.0,0.0,0.0,0.0,0.0,0.0,0.0
1080,2015-03-17,1081,1091,2015-03-18,2015-04-01,0.029481847035476072,1.0,-0.004583818839645204,-0.05084158958592511,0.4849318054598393,0.51625,outer_01,sigmoid,0.05,0,,False,5.0,0.0,0.0,0.0,0.0,0.0,0.0,0.0,0.0
1081,2015-03-18,1082,1092,2015-03-19,2015-04-02,0.03047213880471311,1.0,0.01570389725057364,-0.03732686219283643,0.5133298713901765,0.51625,outer_01,sigmoid,0.05,0,,False,5.0,0.0,0.0,0.0,0.0,0.0,0.0,0.0,0.0
1082,2015-03-19,1083,1093,2015-03-20,2015-04-03,0.02592817469399833,1.0,0.0028910653775851003,-0.03025155189463824,0.5143174747980345,0.51625,outer_01,sigmoid,0.05,0,,False,5.0,0.0,0.0,0.0,0.0,0.0,0.0,0.0,0.0
1083,2015-03-20,1084,1094,2015-03-23,2015-04-06,0.024853034789035,1.0,0.009698209908714617,-0.016309907326941264,0.5240919821895941,0.51625,outer_01,sigmoid,0.05,0,,False,5.0,0.0,0.0,0.0,0.0,0.0,0.0,0.0,0.0
1084,2015-03-23,1085,1095,2015-03-24,2015-04-07,0.020789974001366396,1.0,0.005987688348215947,-0.009797806745404536,0.5242224607817312,0.51625,outer_01,sigmoid,0.05,0,,False,5.0,0.0,0.0,0.0,0.0,0.0,0.0,0.0,0.0
1085,2015-03-24,1086,1096,2015-03-25,2015-04-08,0.01358808245223564,1.0,0.00317324667513752,-0.005608249024957601,0.5299961884921085,0.51625,outer_01,sigmoid,0.05,0,,False,5.0,0.0,0.0,0.0,0.0,0.0,0.0,0.0,0.0
1086,2015-03-25,1087,1097,2015-03-26,2015-04-09,0.006388892086004461,1.0,0.001733472780171219,-0.007784410558620003,0.5317212422626653,0.51625,outer_01,sigmoid,0.05,0,,False,5.0,0.0,0.0,0.0,0.0,0.0,0.0,0.0,0.0
1087,2015-03-26,1088,1098,2015-03-27,2015-04-10,-0.008112062025899647,0.0,0.007809316641932185,-0.0037950709685512507,0.5348719731927203,0.51625,outer_01,sigmoid,0.05,0,,False,5.0,0.0,-0.0,-0.0,0.0,-0.0,-0.0,-0.0,-0.0
1088,2015-03-27,1089,1099,2015-03-30,2015-04-13,0.008118021409879717,1.0,-0.005369129241540094,-0.012186622924643231,0.5236285081384541,0.51625,outer_01,sigmoid,0.05,0,,False,5.0,0.0,0.0,0.0,0.0,0.0,0.0,0.0,0.0
1089,2015-03-30,1090,1100,2015-03-31,2015-04-14,0.010809465536482321,1.0,-0.010471212008158481,-0.01770653181921844,0.5061394535312524,0.51625,outer_01,sigmoid,0.05,0,,False,5.0,0.0,0.0,0.0,0.0,0.0,0.0,0.0,0.0
1090,2015-03-31,1091,1101,2015-04-01,2015-04-15,0.007582520034528528,1.0,-0.0017221152501418757,-0.016615588982233476,0.5070463435562994,0.51625,outer_01,sigmoid,0.05,0,,False,5.0,0.0,0.0,0.0,0.0,0.0,0.0,0.0,0.0
1091,2015-04-01,1092,1102,2015-04-02,2015-04-16,-0.0012135318586770083,0.0,0.017230324374629014,0.003335734936853463,0.5107093701088501,0.51625,outer_01,sigmoid,0.05,0,,False,5.0,0.0,-0.0,-0.0,0.0,-0.0,-0.0,-0.0,-0.0
1092,2015-04-02,1093,1103,2015-04-03,2015-04-17,-0.002074715470932631,0.0,-0.0017205485062810055,0.0029993274003263792,0.5192748849405587,0.51625,outer_01,sigmoid,0.05,0,,False,5.0,0.0,-0.0,-0.0,0.0,-0.0,-0.0,-0.0,-0.0
1093,2015-04-03,1094,1104,2015-04-06,2015-04-20,-0.0085504851920426,0.0,-0.0020235589052761682,0.027473767940902505,0.45891361884475385,0.51625,outer_01,sigmoid,0.05,0,,False,5.0,0.0,-0.0,-0.0,0.0,-0.0,-0.0,-0.0,-0.0
1094,2015-04-06,1095,1105,2015-04-07,2015-04-21,-0.0148642418251006,0.0,0.012220381321268015,0.0401483577688202,0.5473289185753998,0.51625,outer_01,sigmoid,0.05,0,,False,5.0,0.0,-0.0,-0.0,0.0,-0.0,-0.0,-0.0,-0.0
1095,2015-04-07,1096,1106,2015-04-08,2015-04-22,-0.005010504314711284,0.0,-0.004522765931829653,0.03989493597321214,0.4974260180258959,0.51625,outer_01,sigmoid,0.05,0,,False,5.0,0.0,-0.0,-0.0,0.0,-0.0,-0.0,-0.0,-0.0
1096,2015-04-08,1097,1107,2015-04-09,2015-04-23,-0.012768338398077006,0.0,-0.005707332970168899,0.040405078538380046,0.4972753473835139,0.51625,outer_01,sigmoid,0.05,0,,False,5.0,0.0,-0.0,-0.0,0.0,-0.0,-0.0,-0.0,-0.0
1097,2015-04-09,1098,1108,2015-04-10,2015-04-24,-0.00046888999527716635,0.0,-0.006577158983661846,0.03461649820430601,0.4940147965075151,0.51625,outer_01,sigmoid,0.05,0,,False,5.0,0.0,-0.0,-0.0,0.0,-0.0,-0.0,-0.0,-0.0
1098,2015-04-10,1099,1109,2015-04-13,2015-04-27,-0.02313767749059359,0.0,0.010902127228181513,0.04148695496304011,0.5020354469149034,0.51625,outer_01,sigmoid,0.05,0,,False,5.0,0.0,-0.0,-0.0,0.0,-0.0,-0.0,-0.0,-0.0
1099,2015-04-13,1100,1110,2015-04-14,2015-04-28,0.002365977693859378,1.0,-0.0073577731620178,0.03729431610768774,0.504118173611191,0.51625,outer_01,sigmoid,0.05,0,,False,5.0,0.0,0.0,0.0,0.0,0.0,0.0,0.0,0.0
1100,2015-04-14,1101,1111,2015-04-15,2015-04-29,0.01613380859077651,1.0,-0.005094774456774864,0.03678336049055808,0.5074295263181299,0.51625,outer_01,sigmoid,0.05,0,,False,5.0,0.0,0.0,0.0,0.0,0.0,0.0,0.0,0.0
1101,2015-04-15,1102,1112,2015-04-16,2015-04-30,0.0024919647075449802,1.0,0.008393760262393357,0.0294732235023778,0.5079655817193091,0.51625,outer_01,sigmoid,0.05,0,,False,5.0,0.0,0.0,0.0,0.0,0.0,0.0,0.0,0.0
1102,2015-04-16,1103,1113,2015-04-17,2015-05-01,-0.012058195921228254,0.0,-0.003432507181754474,0.023149650943038225,0.516859937316967,0.51625,outer_01,sigmoid,0.05,0,,False,5.0,0.0,-0.0,-0.0,0.0,-0.0,-0.0,-0.0,-0.0
1103,2015-04-17,1104,1114,2015-04-20,2015-05-04,-0.02129898809481734,0.0,0.0050281063269039805,0.01847954736122759,0.5231942031767912,0.51625,outer_01,sigmoid,0.05,0,,False,5.0,0.0,-0.0,-0.0,0.0,-0.0,-0.0,-0.0,-0.0
1104,2015-04-20,1105,1115,2015-04-21,2015-05-05,-0.006993915147377017,0.0,-0.007150149630898994,0.005341709382112647,0.5276701460178763,0.51625,outer_01,sigmoid,0.05,0,,False,5.0,0.0,-0.0,-0.0,0.0,-0.0,-0.0,-0.0,-0.0
1105,2015-04-21,1106,1116,2015-04-22,2015-05-06,-0.0075799045622853,0.0,0.005305007979047538,0.007473470686022665,0.5256337711323583,0.51625,outer_01,sigmoid,0.05,0,,False,5.0,0.0,-0.0,-0.0,0.0,-0.0,-0.0,-0.0,-0.0
1106,2015-04-22,1107,1117,2015-04-23,2015-05-07,0.003345890538202667,1.0,-0.012700417266551689,-0.006960419360700243,0.5317578973773982,0.51625,outer_01,sigmoid,0.05,0,,False,5.0,0.0,0.0,0.0,0.0,0.0,0.0,0.0,0.0
1107,2015-04-23,1108,1118,2015-04-24,2015-05-08,-0.008308922656302009,0.0,0.005813481433323275,-0.008956254569309152,0.535016018806937,0.51625,outer_01,sigmoid,0.05,0,,False,5.0,0.0,-0.0,-0.0,0.0,-0.0,-0.0,-0.0,-0.0
1108,2015-04-24,1109,1119,2015-04-27,2015-05-11,0.007685264455925989,1.0,-0.01227133357221355,-0.015858458899982608,0.5336573922220205,0.51625,outer_01,sigmoid,0.05,0,,False,5.0,0.0,0.0,0.0,0.0,0.0,0.0,0.0,0.0
1109,2015-04-27,1110,1120,2015-04-28,2015-05-12,-0.015048972172448494,0.0,0.018941948850818235,0.013554701958994109,0.53086783809157,0.51625,outer_01,sigmoid,0.05,0,,False,5.0,0.0,-0.0,-0.0,0.0,-0.0,-0.0,-0.0,-0.0
1110,2015-04-28,1111,1121,2015-04-29,2015-05-13,-0.015647663710030457,0.0,0.008509279341271103,0.023786096550407088,0.5169495951731161,0.51625,outer_01,sigmoid,0.05,0,,False,5.0,0.0,-0.0,-0.0,0.0,-0.0,-0.0,-0.0,-0.0
1111,2015-04-29,1112,1122,2015-04-30,2015-05-14,0.008072722738803328,1.0,-0.0059082166750794585,0.0006475555006986156,0.5287219521822195,0.51625,outer_01,sigmoid,0.05,0,,False,5.0,0.0,0.0,0.0,0.0,0.0,0.0,0.0,0.0
1112,2015-04-30,1113,1123,2015-05-01,2015-05-15,0.030471026249023758,1.0,-0.01753997639424032,-0.015171872387260699,0.5338407536741938,0.51625,outer_01,sigmoid,0.05,0,,False,5.0,0.0,0.0,0.0,0.0,0.0,0.0,0.0,0.0
1113,2015-05-01,1114,1124,2015-05-04,2015-05-18,0.036490529432213314,1.0,-0.004715612136684477,-0.017863925618669008,0.5268925967154293,0.51625,outer_01,sigmoid,0.05,0,,False,5.0,0.0,0.0,0.0,0.0,0.0,0.0,0.0,0.0
1114,2015-05-04,1115,1125,2015-05-05,2015-05-19,0.030653836359488373,1.0,0.008349297239279352,-0.02173500970065767,0.5221249611284612,0.51625,outer_01,sigmoid,0.05,0,,False,5.0,0.0,0.0,0.0,0.0,0.0,0.0,0.0,0.0
1115,2015-05-05,1116,1126,2015-05-06,2015-05-20,0.012623507486030583,1.0,0.00382175165198273,-0.013390492116845287,0.5125837656081049,0.51625,outer_01,sigmoid,0.05,0,,False,5.0,0.0,0.0,0.0,0.0,0.0,0.0,0.0,0.0
1116,2015-05-06,1117,1127,2015-05-07,2015-05-21,0.014853345945099683,1.0,-0.0006876771878321364,-0.008370836334508525,0.5110909663375374,0.51625,outer_01,sigmoid,0.05,0,,False,5.0,0.0,0.0,0.0,0.0,0.0,0.0,0.0,0.0
1117,2015-05-07,1118,1128,2015-05-08,2015-05-22,0.01850773621788182,1.0,-0.006556627857779773,-0.008350305208626452,0.51354221534934,0.51625,outer_01,sigmoid,0.05,0,,False,5.0,0.0,0.0,0.0,0.0,0.0,0.0,0.0,0.0
1118,2015-05-08,1119,1129,2015-05-11,2015-05-25,0.013570180500097173,1.0,0.0035067051023798257,-0.01574572733442814,0.502282614976273,0.51625,outer_01,sigmoid,0.05,0,,False,5.0,0.0,0.0,0.0,0.0,0.0,0.0,0.0,0.0
1119,2015-05-11,1120,1130,2015-05-12,2015-05-26,0.018960531192785623,1.0,-0.00397970205361009,-0.01236765622602043,0.504472032789919,0.51625,outer_01,sigmoid,0.05,0,,False,5.0,0.0,0.0,0.0,0.0,0.0,0.0,0.0,0.0
1120,2015-05-12,1121,1131,2015-05-13,2015-05-27,-0.005200577986421706,0.0,0.00840450660972003,0.0011316248404744655,0.5054878762002732,0.51625,outer_01,sigmoid,0.05,0,,False,5.0,0.0,-0.0,-0.0,0.0,-0.0,-0.0,-0.0,-0.0
1121,2015-05-13,1122,1132,2015-05-14,2015-05-28,-0.023084831911108772,0.0,0.018295977161775667,0.011033841739856776,0.47302367347505225,0.51625,outer_01,sigmoid,0.05,0,,False,5.0,0.0,-0.0,-0.0,0.0,-0.0,-0.0,-0.0,-0.0
1122,2015-05-14,1123,1133,2015-05-15,2015-05-29,-0.02770586882067505,0.0,0.004243711607735179,0.01871006052934643,0.4784771175846576,0.51625,outer_01,sigmoid,0.05,0,,False,5.0,0.0,-0.0,-0.0,0.0,-0.0,-0.0,-0.0,-0.0
1123,2015-05-15,1124,1134,2015-05-18,2015-06-01,-0.0275635560942602,0.0,0.0023889009331972133,0.01607085513563966,0.4810382481073204,0.51625,outer_01,sigmoid,0.05,0,,False,5.0,0.0,-0.0,-0.0,0.0,-0.0,-0.0,-0.0,-0.0
1124,2015-05-18,1125,1135,2015-05-19,2015-06-02,-0.029964012910104643,0.0,0.0012820881007193918,0.024503092867258047,0.4954126506828224,0.51625,outer_01,sigmoid,0.05,0,,False,5.0,0.0,-0.0,-0.0,0.0,-0.0,-0.0,-0.0,-0.0
1125,2015-05-19,1126,1136,2015-05-20,2015-06-03,-0.012682166621997837,0.0,-0.014566756268744818,0.004631328619465691,0.488607408991192,0.51625,outer_01,sigmoid,0.05,0,,False,5.0,0.0,-0.0,-0.0,0.0,-0.0,-0.0,-0.0,-0.0
1126,2015-05-20,1127,1137,2015-05-21,2015-06-04,-0.02014634488478695,0.0,0.0017456992813231764,0.019077445167340557,0.4886452913825736,0.51625,outer_01,sigmoid,0.05,0,,False,5.0,0.0,-0.0,-0.0,0.0,-0.0,-0.0,-0.0,-0.0
1127,2015-05-21,1128,1138,2015-05-22,2015-06-05,-0.024445186165832133,0.0,-0.0030714868689383223,0.010192476865078959,0.4921017914529959,0.51625,outer_01,sigmoid,0.05,0,,False,5.0,0.0,-0.0,-0.0,0.0,-0.0,-0.0,-0.0,-0.0
1128,2015-05-22,1129,1139,2015-05-25,2015-06-08,-0.029393322274989586,0.0,0.00019069017464445892,0.022654500611936967,0.4915702321284467,0.51625,outer_01,sigmoid,0.05,0,,False,5.0,0.0,-0.0,-0.0,0.0,-0.0,-0.0,-0.0,-0.0
1129,2015-05-25,1130,1140,2015-05-26,2015-06-09,-0.02721364961461603,0.0,0.0002403836202580223,0.003952935381376754,0.5063979529052111,0.51625,outer_01,sigmoid,0.05,0,,False,5.0,0.0,-0.0,-0.0,0.0,-0.0,-0.0,-0.0,-0.0
1130,2015-05-26,1131,1141,2015-05-27,2015-06-10,-0.008782005221656952,0.0,-0.016184300484502145,-0.020740644444396494,0.5125894633961636,0.51625,outer_01,sigmoid,0.05,0,,False,5.0,0.0,-0.0,-0.0,0.0,-0.0,-0.0,-0.0,-0.0
1131,2015-05-27,1132,1142,2015-05-28,2015-06-11,-0.000766667687126521,0.0,0.0006736388540167226,-0.014158788915300313,0.5039074343093686,0.51625,outer_01,sigmoid,0.05,0,,False,5.0,0.0,-0.0,-0.0,0.0,-0.0,-0.0,-0.0,-0.0
1132,2015-05-28,1133,1143,2015-05-29,2015-06-12,-0.005165571046183537,0.0,0.00012625678120858908,0.0035074442601485956,0.5105547127924835,0.51625,outer_01,sigmoid,0.05,0,,False,5.0,0.0,-0.0,-0.0,0.0,-0.0,-0.0,-0.0,-0.0
1133,2015-05-29,1134,1144,2015-06-01,2015-06-15,-0.006996454461962287,0.0,0.0019255434677063477,0.01014859986453942,0.5228068061347408,0.51625,outer_01,sigmoid,0.05,0,,False,5.0,0.0,-0.0,-0.0,0.0,-0.0,-0.0,-0.0,-0.0
1134,2015-06-01,1135,1145,2015-06-02,2015-06-16,-0.0028886541534562937,0.0,-0.0010674198452536032,0.0007318827800064653,0.5173895197050979,0.51625,outer_01,sigmoid,0.05,0,,False,5.0,0.0,-0.0,-0.0,0.0,-0.0,-0.0,-0.0,-0.0
1135,2015-06-02,1136,1146,2015-06-03,2015-06-17,-0.009692340168476754,0.0,0.0030395670611005343,-5.030181087573027e-05,0.5248481837463621,0.51625,outer_01,sigmoid,0.05,0,,False,5.0,0.0,-0.0,-0.0,0.0,-0.0,-0.0,-0.0,-0.0
1136,2015-06-03,1137,1147,2015-06-04,2015-06-18,-0.0008440813520271817,0.0,-0.006695909067757633,-0.006058533690801227,0.4973923530519768,0.51625,outer_01,sigmoid,0.05,0,,False,5.0,0.0,-0.0,-0.0,0.0,-0.0,-0.0,-0.0,-0.0
1137,2015-06-04,1138,1148,2015-06-05,2015-06-19,0.02095730301157328,1.0,-0.007097995276276414,-0.006599901109297868,0.5050527705936843,0.51625,outer_01,sigmoid,0.05,0,,False,5.0,0.0,0.0,0.0,0.0,0.0,0.0,0.0,0.0
1138,2015-06-05,1139,1149,2015-06-08,2015-06-22,0.025909736898330316,1.0,-0.004182377952901994,-0.014288984164579688,0.5068418190862902,0.51625,outer_01,sigmoid,0.05,0,,False,5.0,0.0,0.0,0.0,0.0,0.0,0.0,0.0,0.0
1139,2015-06-08,1140,1150,2015-06-09,2015-06-23,0.009806202110953066,1.0,0.0019272593694044104,-0.008382022741565187,0.5172461323434572,0.51625,outer_01,sigmoid,0.05,0,,False,5.0,0.0,0.0,0.0,0.0,0.0,0.0,0.0,0.0
1140,2015-06-09,1141,1151,2015-06-10,2015-06-24,0.001469033801460462,1.0,0.0025610823291808416,-0.014225447022104376,0.5174197540312933,0.51625,outer_01,sigmoid,0.05,0,,False,5.0,0.0,0.0,0.0,0.0,0.0,0.0,0.0,0.0
1141,2015-06-10,1142,1152,2015-06-11,2015-06-25,-0.009841782172517632,0.0,0.007669424380447154,-0.02485199980343289,0.5097294754619838,0.51625,outer_01,sigmoid,0.05,0,,False,5.0,0.0,-0.0,-0.0,0.0,-0.0,-0.0,-0.0,-0.0
1142,2015-06-11,1143,1153,2015-06-12,2015-06-26,-0.006792869859329365,0.0,-0.003218057669905683,-0.03231376908107375,0.5041721158350678,0.51625,outer_01,sigmoid,0.05,0,,False,5.0,0.0,-0.0,-0.0,0.0,-0.0,-0.0,-0.0,-0.0
1143,2015-06-12,1144,1154,2015-06-15,2015-06-29,0.0034453382727051007,1.0,-0.0004823334879482388,-0.0351850035022192,0.49309465041657913,0.51625,outer_01,sigmoid,0.05,0,,False,5.0,0.0,0.0,0.0,0.0,0.0,0.0,0.0,0.0
1144,2015-06-15,1145,1155,2015-06-16,2015-06-30,-0.004776547401647235,0.0,0.003919619138967434,-0.03254747246397116,0.5006441315348152,0.51625,outer_01,sigmoid,0.05,0,,False,5.0,0.0,-0.0,-0.0,0.0,-0.0,-0.0,-0.0,-0.0
1145,2015-06-16,1146,1156,2015-06-17,2015-07-01,-0.006494273502964276,0.0,-0.003437285651019195,-0.021418001846245538,0.502248016380757,0.51625,outer_01,sigmoid,0.05,0,,False,5.0,0.0,-0.0,-0.0,0.0,-0.0,-0.0,-0.0,-0.0
1146,2015-06-17,1147,1157,2015-06-18,2015-07-02,-0.013491832960003336,0.0,0.002349104956275383,-0.02081459617129333,0.5068266528099858,0.51625,outer_01,sigmoid,0.05,0,,False,5.0,0.0,-0.0,-0.0,0.0,-0.0,-0.0,-0.0,-0.0
1147,2015-06-18,1148,1158,2015-06-19,2015-07-03,-0.030740462966766913,0.0,0.01435437359491587,-0.003388735707439139,0.4870478692523276,0.51625,outer_01,sigmoid,0.05,0,,False,5.0,0.0,-0.0,-0.0,0.0,-0.0,-0.0,-0.0,-0.0
1148,2015-06-19,1149,1159,2015-06-22,2015-07-06,-0.02418470038997622,0.0,-0.0014653603161631779,-0.005044786198246776,0.48908455760920533,0.51625,outer_01,sigmoid,0.05,0,,False,5.0,0.0,-0.0,-0.0,0.0,-0.0,-0.0,-0.0,-0.0
1149,2015-06-22,1150,1160,2015-06-23,2015-07-07,-0.013013821243898605,0.0,-0.01207909169562793,-0.01736426151413273,0.5141963332246137,0.51625,outer_01,sigmoid,0.05,0,,False,5.0,0.0,-0.0,-0.0,0.0,-0.0,-0.0,-0.0,-0.0
1150,2015-06-23,1151,1161,2015-06-24,2015-07-08,-0.021666885265005043,0.0,-0.006226227710354415,-0.007406188739984998,0.5287130232009706,0.51625,outer_01,sigmoid,0.05,0,,False,5.0,0.0,-0.0,-0.0,0.0,-0.0,-0.0,-0.0,-0.0
1151,2015-06-24,1152,1162,2015-06-25,2015-07-09,-0.013539427724095887,0.0,-0.0028468378981871822,-0.010926665492188903,0.5344015948443408,0.51625,outer_01,sigmoid,0.05,0,,False,5.0,0.0,-0.0,-0.0,0.0,-0.0,-0.0,-0.0,-0.0
1152,2015-06-25,1153,1163,2015-06-26,2015-07-10,-0.012068683431686544,0.0,-0.001984829066175031,-0.013037751339572523,0.5362813262615571,0.51625,outer_01,sigmoid,0.05,0,,False,5.0,0.0,-0.0,-0.0,0.0,-0.0,-0.0,-0.0,-0.0
1153,2015-06-26,1154,1164,2015-06-29,2015-07-13,-0.02002638256988476,0.0,0.0020784361293220144,-0.012884858677956856,0.5184306068544204,0.51625,outer_01,sigmoid,0.05,0,,False,5.0,0.0,-0.0,-0.0,0.0,-0.0,-0.0,-0.0,-0.0
1154,2015-06-29,1155,1165,2015-06-30,2015-07-14,-0.018793509834203803,0.0,0.003516673830207928,-0.008300765002495325,0.4960946247706029,0.51625,outer_01,sigmoid,0.05,0,,False,5.0,0.0,-0.0,-0.0,0.0,-0.0,-0.0,-0.0,-0.0
1155,2015-06-30,1156,1166,2015-07-01,2015-07-15,-0.015873008481470663,0.0,-0.006371371743734144,-0.017711703807330004,0.4865728145238806,0.51625,outer_01,sigmoid,0.05,0,,False,5.0,0.0,-0.0,-0.0,0.0,-0.0,-0.0,-0.0,-0.0
1156,2015-07-01,1157,1167,2015-07-02,2015-07-16,-0.016683091896418922,0.0,-0.0028628705496771545,-0.013878665289249525,0.4991392519731468,0.51625,outer_01,sigmoid,0.05,0,,False,5.0,0.0,-0.0,-0.0,0.0,-0.0,-0.0,-0.0,-0.0
1157,2015-07-02,1158,1168,2015-07-03,2015-07-17,-0.017830104162350757,0.0,-0.00244204550458349,-0.009222715517556601,0.5161818191101752,0.51625,outer_01,sigmoid,0.05,0,,False,5.0,0.0,-0.0,-0.0,0.0,-0.0,-0.0,-0.0,-0.0
1158,2015-07-03,1159,1169,2015-07-06,2015-07-20,-0.03423113405071554,0.0,0.002527623110687216,-0.0025127144539673907,0.513797703935154,0.51625,outer_01,sigmoid,0.05,0,,False,5.0,0.0,-0.0,-0.0,0.0,-0.0,-0.0,-0.0,-0.0
1159,2015-07-06,1160,1170,2015-07-07,2015-07-21,-0.06355865109548642,0.0,0.0012571464435175983,-0.003182827379854203,0.5254822940171131,0.51625,outer_01,sigmoid,0.05,0,,False,5.0,0.0,-0.0,-0.0,0.0,-0.0,-0.0,-0.0,-0.0
1160,2015-07-07,1161,1171,2015-07-08,2015-07-22,-0.04485860092994809,0.0,-0.011440779081988595,-0.01718468879102364,0.5135102868366057,0.51625,outer_01,sigmoid,0.05,0,,False,5.0,0.0,-0.0,-0.0,0.0,-0.0,-0.0,-0.0,-0.0
1161,2015-07-08,1162,1172,2015-07-09,2015-07-23,-0.05739290720592649,0.0,0.0005704063003060256,-0.024283706871164767,0.5135139689037758,0.51625,outer_01,sigmoid,0.05,0,,False,5.0,0.0,-0.0,-0.0,0.0,-0.0,-0.0,-0.0,-0.0
1162,2015-07-09,1163,1173,2015-07-10,2015-07-24,-0.060795488322946234,0.0,0.0020111092474905945,-0.01905453995376849,0.5082897100377216,0.51625,outer_01,sigmoid,0.05,0,,False,5.0,0.0,-0.0,-0.0,0.0,-0.0,-0.0,-0.0,-0.0
1163,2015-07-10,1164,1174,2015-07-13,2015-07-27,-0.059486784969483786,0.0,0.0033228341783253512,-0.0152493722874949,0.511038581537826,0.51625,outer_01,sigmoid,0.05,0,,False,5.0,0.0,-0.0,-0.0,0.0,-0.0,-0.0,-0.0,-0.0
1164,2015-07-13,1165,1175,2015-07-14,2015-07-28,-0.05629274325806044,0.0,-0.005005675210461469,-0.024174666636923803,0.5144061538073441,0.51625,outer_01,sigmoid,0.05,0,,False,5.0,0.0,-0.0,-0.0,0.0,-0.0,-0.0,-0.0,-0.0
1165,2015-07-14,1166,1176,2015-07-15,2015-07-29,-0.05382640456883525,0.0,-0.0021010500005775867,-0.022838430986482194,0.5079953007822151,0.51625,outer_01,sigmoid,0.05,0,,False,5.0,0.0,-0.0,-0.0,0.0,-0.0,-0.0,-0.0,-0.0
1166,2015-07-15,1167,1177,2015-07-16,2015-07-30,-0.04714185670241022,0.0,-0.005215463791826913,-0.03040299973458449,0.5099768036309852,0.51625,outer_01,sigmoid,0.05,0,,False,5.0,0.0,-0.0,-0.0,0.0,-0.0,-0.0,-0.0,-0.0
1167,2015-07-16,1168,1178,2015-07-17,2015-07-31,-0.05053610704491973,0.0,-0.003582374384255793,-0.048339747713756154,0.5035950248776526,0.51625,outer_01,sigmoid,0.05,0,,False,5.0,0.0,-0.0,-0.0,0.0,-0.0,-0.0,-0.0,-0.0
1168,2015-07-17,1169,1179,2015-07-20,2015-08-03,-0.033068875669992615,0.0,-0.009651483586821108,-0.056525870984414084,0.5184326347859319,0.51625,outer_01,sigmoid,0.05,0,,False,5.0,0.0,-0.0,-0.0,0.0,-0.0,-0.0,-0.0,-0.0
1169,2015-07-20,1170,1180,2015-07-21,2015-08-04,-0.01185223484280673,0.0,-0.03364833582544868,-0.07809511511423484,0.5189785103242165,0.51625,outer_01,sigmoid,0.05,0,,False,5.0,0.0,-0.0,-0.0,0.0,-0.0,-0.0,-0.0,-0.0
1170,2015-07-21,1171,1181,2015-07-22,2015-08-05,-0.014018686452852869,0.0,0.0038405230994875694,-0.06802836430439285,0.4964481909905669,0.51625,outer_01,sigmoid,0.05,0,,False,5.0,0.0,-0.0,-0.0,0.0,-0.0,-0.0,-0.0,-0.0
1171,2015-07-22,1172,1182,2015-07-23,2015-08-06,-0.008819605178927326,0.0,-0.006296349157675962,-0.07147787556388163,0.4847267561686615,0.51625,outer_01,sigmoid,0.05,0,,False,5.0,0.0,-0.0,-0.0,0.0,-0.0,-0.0,-0.0,-0.0
1172,2015-07-23,1173,1183,2015-07-24,2015-08-07,-0.001338835596593313,0.0,-0.00309433380047075,-0.07258738029817735,0.47676986890418194,0.51625,outer_01,sigmoid,0.05,0,,False,5.0,0.0,-0.0,-0.0,0.0,-0.0,-0.0,-0.0,-0.0
1173,2015-07-24,1174,1184,2015-07-27,2015-08-10,-0.002321098354537199,0.0,0.007717955295392542,-0.06694786113210682,0.4747197558520504,0.51625,outer_01,sigmoid,0.05,0,,False,5.0,0.0,-0.0,-0.0,0.0,-0.0,-0.0,-0.0,-0.0
1174,2015-07-27,1175,1185,2015-07-28,2015-08-11,0.008767677811642116,1.0,-0.0045139392989739235,-0.07497847426128867,0.46680361830269135,0.51625,outer_01,sigmoid,0.05,0,,False,5.0,0.0,0.0,0.0,0.0,0.0,0.0,0.0,0.0
1175,2015-07-28,1176,1186,2015-07-29,2015-08-12,0.012468853692817028,1.0,0.0010048599522773927,-0.06760224256527714,0.46244870582342695,0.51625,outer_01,sigmoid,0.05,0,,False,5.0,0.0,0.0,0.0,0.0,0.0,0.0,0.0,0.0
1176,2015-07-29,1177,1187,2015-07-30,2015-08-13,0.02624657161233479,1.0,0.0014142273605859401,-0.06332514465501404,0.4623289124918761,0.51625,outer_01,sigmoid,0.05,0,,False,5.0,0.0,0.0,0.0,0.0,0.0,0.0,0.0,0.0
1177,2015-07-30,1178,1188,2015-07-31,2015-08-14,0.0240774303442457,1.0,-0.007550452058403323,-0.06843355120883388,0.45999352354934986,0.51625,outer_01,sigmoid,0.05,0,,False,5.0,0.0,0.0,0.0,0.0,0.0,0.0,0.0,0.0
1178,2015-07-31,1179,1189,2015-08-03,2015-08-17,0.017173628979328726,1.0,0.006364461206607608,-0.06459671311291348,0.47055141043830445,0.51625,outer_01,sigmoid,0.05,0,,False,5.0,0.0,0.0,0.0,0.0,0.0,0.0,0.0,0.0
1179,2015-08-03,1180,1190,2015-08-04,2015-08-18,0.029129683658474015,1.0,-0.008083851660490637,-0.07393771121692172,0.4694318797169233,0.51625,outer_01,sigmoid,0.05,0,,False,5.0,0.0,0.0,0.0,0.0,0.0,0.0,0.0,0.0
1180,2015-08-04,1181,1191,2015-08-05,2015-08-19,0.027834618659915655,1.0,0.0008738565683685806,-0.061623075566564545,0.46774677743945076,0.51625,outer_01,sigmoid,0.05,0,,False,5.0,0.0,0.0,0.0,0.0,0.0,0.0,0.0,0.0
1181,2015-08-05,1182,1192,2015-08-06,2015-08-20,0.04386082680246517,1.0,-0.002614645336396215,-0.06480812720326679,0.46468650888680474,0.51625,outer_01,sigmoid,0.05,0,,False,5.0,0.0,0.0,0.0,0.0,0.0,0.0,0.0,0.0
1182,2015-08-06,1183,1193,2015-08-07,2015-08-21,0.05709417803948025,1.0,0.0041948453951103915,-0.06262439105564699,0.4677313381778729,0.51625,outer_01,sigmoid,0.05,0,,False,5.0,0.0,0.0,0.0,0.0,0.0,0.0,0.0,0.0
1183,2015-08-07,1184,1194,2015-08-10,2015-08-24,0.0631744205685445,1.0,0.004433256631110716,-0.061513968602861624,0.47506419387315674,0.51625,outer_01,sigmoid,0.05,0,,False,5.0,0.0,0.0,0.0,0.0,0.0,0.0,0.0,0.0
1184,2015-08-10,1185,1195,2015-08-11,2015-08-25,0.04354502956362083,1.0,0.009333279795358251,-0.047175013597041904,0.48205646676950153,0.51625,outer_01,sigmoid,0.05,0,,False,5.0,0.0,0.0,0.0,0.0,0.0,0.0,0.0,0.0
1185,2015-08-11,1186,1196,2015-08-12,2015-08-26,0.028003519406880173,1.0,0.003903889865737753,-0.041170073730726564,0.483696952633718,0.51625,outer_01,sigmoid,0.05,0,,False,5.0,0.0,0.0,0.0,0.0,0.0,0.0,0.0,0.0
1186,2015-08-12,1187,1197,2015-08-13,2015-08-27,0.000559713938605988,1.0,0.013580422449602558,-0.022374187489297093,0.4907754688071296,0.51625,outer_01,sigmoid,0.05,0,,False,5.0,0.0,0.0,0.0,0.0,0.0,0.0,0.0,0.0
1187,2015-08-13,1188,1198,2015-08-14,2015-08-28,0.009167128817272996,1.0,-0.007878557947864628,-0.026670371052905928,0.49296005393186926,0.51625,outer_01,sigmoid,0.05,0,,False,5.0,0.0,0.0,0.0,0.0,0.0,0.0,0.0,0.0
1188,2015-08-14,1189,1199,2015-08-17,2015-08-31,0.016963052451493432,1.0,-0.00024216224091500038,-0.01726104970699982,0.4929340746891632,0.51625,outer_01,sigmoid,0.05,0,,False,5.0,0.0,0.0,0.0,0.0,0.0,0.0,0.0,0.0
1189,2015-08-17,1190,1200,2015-08-18,2015-09-01,0.01527560786741855,1.0,0.00225790361856415,0.018645189737013013,0.494605106529461,0.51625,outer_01,sigmoid,0.05,0,,False,5.0,0.0,0.0,0.0,0.0,0.0,0.0,0.0,0.0
1190,2015-08-18,1191,1201,2015-08-19,2015-09-02,0.019232469346986747,1.0,0.00013423839864845633,0.0149389050361739,0.49375577496066886,0.51625,outer_01,sigmoid,0.05,0,,False,5.0,0.0,0.0,0.0,0.0,0.0,0.0,0.0,0.0
1191,2015-08-19,1192,1202,2015-08-20,2015-09-03,0.00019407711979901876,1.0,0.014833640852072172,0.036068895045922034,0.4902410192984383,0.51625,outer_01,sigmoid,0.05,0,,False,5.0,0.0,0.0,0.0,0.0,0.0,0.0,0.0,0.0
1192,2015-08-20,1193,1203,2015-08-21,2015-09-04,-0.025197810384097963,0.0,0.015650264535230107,0.05481349338162289,0.4939865318644216,0.51625,outer_01,sigmoid,0.05,0,,False,5.0,0.0,-0.0,-0.0,0.0,-0.0,-0.0,-0.0,-0.0
1193,2015-08-21,1194,1204,2015-08-24,2015-09-07,-0.0361424546194824,0.0,0.007316409733126861,0.05441194781935721,0.5029231723943033,0.51625,outer_01,sigmoid,0.05,0,,False,5.0,0.0,-0.0,-0.0,0.0,-0.0,-0.0,-0.0,-0.0
1194,2015-08-24,1195,1205,2015-08-25,2015-09-08,-0.029294330988119732,0.0,-0.004811044429664513,0.05411484268866662,0.49058110215045736,0.51625,outer_01,sigmoid,0.05,0,,False,5.0,0.0,-0.0,-0.0,0.0,-0.0,-0.0,-0.0,-0.0
1195,2015-08-25,1196,1206,2015-08-26,2015-09-09,-0.0165170247710682,0.0,-0.012607606868145993,0.040502375868243234,0.4760203418530113,0.51625,outer_01,sigmoid,0.05,0,,False,5.0,0.0,-0.0,-0.0,0.0,-0.0,-0.0,-0.0,-0.0
1196,2015-08-26,1197,1207,2015-08-27,2015-09-10,-0.016938247288084796,0.0,-0.013888192431981139,0.025199956075676155,0.47370893304949896,0.51625,outer_01,sigmoid,0.05,0,,False,5.0,0.0,-0.0,-0.0,0.0,-0.0,-0.0,-0.0,-0.0
1197,2015-08-27,1198,1208,2015-08-28,2015-09-11,-0.01289544268451337,0.0,-0.00018672226895155575,0.03256368586512792,0.47790878900604233,0.51625,outer_01,sigmoid,0.05,0,,False,5.0,0.0,-0.0,-0.0,0.0,-0.0,-0.0,-0.0,-0.0
1198,2015-08-28,1199,1209,2015-08-31,2015-09-14,-0.02349731746759165,0.0,0.008376993792965415,0.03457621845148573,0.48196590116518184,0.51625,outer_01,sigmoid,0.05,0,,False,5.0,0.0,-0.0,-0.0,0.0,-0.0,-0.0,-0.0,-0.0
1199,2015-08-31,1200,1210,2015-09-01,2015-09-15,-0.023299479801785594,0.0,0.000608269843723086,0.04326833995569945,0.4772386612214812,0.51625,outer_01,sigmoid,0.05,0,,False,5.0,0.0,-0.0,-0.0,0.0,-0.0,-0.0,-0.0,-0.0
1200,2015-09-01,1201,1211,2015-09-02,2015-09-16,-0.03069324266985074,0.0,0.004624834592601879,0.04701931797993275,0.4824435587740885,0.51625,outer_01,sigmoid,0.05,0,,False,5.0,0.0,-0.0,-0.0,0.0,-0.0,-0.0,-0.0,-0.0
1201,2015-09-02,1202,1212,2015-09-03,2015-09-17,-0.012845899251721526,0.0,-0.005444763313558809,0.04418920000277016,0.4768325774483466,0.51625,outer_01,sigmoid,0.05,0,,False,5.0,0.0,-0.0,-0.0,0.0,-0.0,-0.0,-0.0,-0.0
1202,2015-09-03,1203,1213,2015-09-04,2015-09-18,0.005133058252585698,1.0,-0.007676374302879374,0.03231798030478039,0.47623584366867633,0.51625,outer_01,sigmoid,0.05,0,,False,5.0,0.0,0.0,0.0,0.0,0.0,0.0,0.0,0.0
1203,2015-09-04,1204,1214,2015-09-07,2015-09-21,0.014252484748541683,1.0,-0.002473927150778543,0.025410796522891133,0.48038275643830514,0.51625,outer_01,sigmoid,0.05,0,,False,5.0,0.0,0.0,0.0,0.0,0.0,0.0,0.0,0.0
1204,2015-09-07,1205,1215,2015-09-08,2015-09-22,0.011344390942427118,1.0,-0.0030250729141743093,0.013052443813358572,0.4940519990890643,0.51625,outer_01,sigmoid,0.05,0,,False,5.0,0.0,0.0,0.0,0.0,0.0,0.0,0.0,0.0
1205,2015-09-08,1206,1216,2015-09-09,2015-09-23,0.002813342073908487,1.0,0.0020801628777427084,0.011228716825363527,0.4949758645860239,0.51625,outer_01,sigmoid,0.05,0,,False,5.0,0.0,0.0,0.0,0.0,0.0,0.0,0.0,0.0
1206,2015-09-09,1207,1217,2015-09-10,2015-09-24,0.021219011244450137,1.0,-0.01249219788329814,-0.01484390350753717,0.48768903233607214,0.51625,outer_01,sigmoid,0.05,0,,False,5.0,0.0,0.0,0.0,0.0,0.0,0.0,0.0,0.0
1207,2015-09-10,1208,1218,2015-09-11,2015-09-25,0.03408304845461174,1.0,0.002723519530645646,-0.004241826029026896,0.49366052067474986,0.51625,outer_01,sigmoid,0.05,0,,False,5.0,0.0,0.0,0.0,0.0,0.0,0.0,0.0,0.0
1208,2015-09-11,1209,1219,2015-09-14,2015-09-28,0.033641759691436235,1.0,-0.0024255551667842212,-0.006425218954896117,0.49055300465229495,0.51625,outer_01,sigmoid,0.05,0,,False,5.0,0.0,0.0,0.0,0.0,0.0,0.0,0.0,0.0
1209,2015-09-14,1210,1220,2015-09-15,2015-09-29,0.021014127555689655,1.0,0.0009835548628389645,-0.007699567710621302,0.49538716670575034,0.51625,outer_01,sigmoid,0.05,0,,False,5.0,0.0,0.0,0.0,0.0,0.0,0.0,0.0,0.0
1210,2015-09-15,1211,1221,2015-09-16,2015-09-30,0.01970043690901324,1.0,-0.0031887868538920117,-0.01102259296316177,0.4902743953885527,0.51625,outer_01,sigmoid,0.05,0,,False,5.0,0.0,0.0,0.0,0.0,0.0,0.0,0.0,0.0
1211,2015-09-16,1212,1222,2015-09-17,2015-10-01,-0.0032665582995843323,0.0,0.012506962646970265,-0.013349271168263677,0.5139414630460368,0.51625,outer_01,sigmoid,0.05,0,,False,5.0,0.0,-0.0,-0.0,0.0,-0.0,-0.0,-0.0,-0.0
1212,2015-09-17,1213,1223,2015-09-18,2015-10-02,-0.015505844538188818,0.0,0.01171681943734626,-0.017282716266147524,0.5019397287019567,0.51625,outer_01,sigmoid,0.05,0,,False,5.0,0.0,-0.0,-0.0,0.0,-0.0,-0.0,-0.0,-0.0
1213,2015-09-18,1214,1224,2015-09-21,2015-10-05,-0.002047551343902221,0.0,0.005899514332583955,-0.01869961166669043,0.5080748038968308,0.51625,outer_01,sigmoid,0.05,0,,False,5.0,0.0,-0.0,-0.0,0.0,-0.0,-0.0,-0.0,-0.0
1214,2015-09-21,1215,1225,2015-09-22,2015-10-06,0.0023627125750369515,1.0,-0.005052071616660214,-0.01894063885368613,0.504138772829113,0.51625,outer_01,sigmoid,0.05,0,,False,5.0,0.0,0.0,0.0,0.0,0.0,0.0,0.0,0.0
1215,2015-09-22,1216,1226,2015-09-23,2015-10-07,0.01948356543993235,1.0,-0.007973110983188647,-0.014306142968728786,0.5012626722494548,0.51625,outer_01,sigmoid,0.05,0,,False,5.0,0.0,0.0,0.0,0.0,0.0,0.0,0.0,0.0
1216,2015-09-23,1217,1227,2015-09-24,2015-10-08,0.012628638576858364,1.0,0.005039313678996571,0.004621363142248924,0.49640422274754664,0.51625,outer_01,sigmoid,0.05,0,,False,5.0,0.0,0.0,0.0,0.0,0.0,0.0,0.0,0.0
1217,2015-09-24,1218,1228,2015-09-25,2015-10-09,-0.00925499612445524,0.0,0.021016903460619574,0.025824988871820054,0.4926474270001527,0.51625,outer_01,sigmoid,0.05,0,,False,5.0,0.0,-0.0,-0.0,0.0,-0.0,-0.0,-0.0,-0.0
1218,2015-09-25,1219,1229,2015-09-28,2015-10-12,0.009125895523667715,1.0,-0.0073232364996513866,0.010124758579203252,0.49984364730508596,0.51625,outer_01,sigmoid,0.05,0,,False,5.0,0.0,0.0,0.0,0.0,0.0,0.0,0.0,0.0
1219,2015-09-28,1220,1230,2015-09-29,2015-10-13,0.02745507946263359,1.0,-0.01175745522949434,-0.002240966494014174,0.5015428346419172,0.51625,outer_01,sigmoid,0.05,0,,False,5.0,0.0,0.0,0.0,0.0,0.0,0.0,0.0,0.0
1220,2015-09-29,1221,1231,2015-09-30,2015-10-14,0.035580336892114595,1.0,-0.00447931063029916,-0.011345111716915213,0.5039777783988176,0.51625,outer_01,sigmoid,0.05,0,,False,5.0,0.0,0.0,0.0,0.0,0.0,0.0,0.0,0.0
1221,2015-09-30,1222,1232,2015-10-01,2015-10-15,0.05999799258635896,1.0,-0.011277878972658861,-0.017178227376015265,0.5104746132122626,0.51625,outer_01,sigmoid,0.05,0,,False,5.0,0.0,0.0,0.0,0.0,0.0,0.0,0.0,0.0
1222,2015-10-01,1223,1233,2015-10-02,2015-10-16,0.05976843294595735,1.0,-0.0008527866440815046,-0.010354639717217395,0.5142832978046264,0.51625,outer_01,sigmoid,0.05,0,,False,5.0,0.0,0.0,0.0,0.0,0.0,0.0,0.0,0.0
1223,2015-10-02,1224,1234,2015-10-05,2015-10-19,0.034378223355546744,1.0,0.02237865563181618,0.014497943065377328,0.5019520236139404,0.51625,outer_01,sigmoid,0.05,0,,False,5.0,0.0,0.0,0.0,0.0,0.0,0.0,0.0,0.0
1224,2015-10-05,1225,1235,2015-10-06,2015-10-20,0.02982473276121933,1.0,-0.0028933907572010753,0.014629625222350562,0.5070011392309913,0.51625,outer_01,sigmoid,0.05,0,,False,5.0,0.0,0.0,0.0,0.0,0.0,0.0,0.0,0.0
1225,2015-10-06,1226,1236,2015-10-07,2015-10-21,0.02519159353793121,1.0,0.010112248806112056,0.02266171115071991,0.4944773865624293,0.51625,outer_01,sigmoid,0.05,0,,False,5.0,0.0,0.0,0.0,0.0,0.0,0.0,0.0,0.0
1226,2015-10-07,1227,1237,2015-10-08,2015-10-22,0.0194842524676746,1.0,-0.0014396086751373716,0.03371430035888068,0.4983053608870667,0.51625,outer_01,sigmoid,0.05,0,,False,5.0,0.0,0.0,0.0,0.0,0.0,0.0,0.0,0.0
1227,2015-10-08,1228,1238,2015-10-09,2015-10-23,0.02346352260494733,1.0,-0.005471933947194252,0.02551884688104078,0.5114979382662816,0.51625,outer_01,sigmoid,0.05,0,,False,5.0,0.0,0.0,0.0,0.0,0.0,0.0,0.0,0.0
1228,2015-10-09,1229,1239,2015-10-12,2015-10-26,0.006098184704414145,1.0,0.01521200269473244,0.04315640474255744,0.4897996805374225,0.51625,outer_01,sigmoid,0.05,0,,False,5.0,0.0,0.0,0.0,0.0,0.0,0.0,0.0,0.0
1229,2015-10-12,1230,1240,2015-10-13,2015-10-27,0.0002320275349747547,1.0,0.0062491853192838676,0.048422035199002345,0.48235944520055035,0.51625,outer_01,sigmoid,0.05,0,,False,5.0,0.0,0.0,0.0,0.0,0.0,0.0,0.0,0.0
1230,2015-10-13,1231,1241,2015-10-14,2015-10-28,-0.0008307675656276103,0.0,0.0036966082225680097,0.055307430275462366,0.47988311548478774,0.51625,outer_01,sigmoid,0.05,0,,False,5.0,0.0,-0.0,-0.0,0.0,-0.0,-0.0,-0.0,-0.0
1231,2015-10-14,1232,1242,2015-10-15,2015-10-29,-0.0232043239137516,0.0,0.014018345150067724,0.056818812778559824,0.47136663983901345,0.51625,outer_01,sigmoid,0.05,0,,False,5.0,0.0,-0.0,-0.0,0.0,-0.0,-0.0,-0.0,-0.0
1232,2015-10-15,1233,1243,2015-10-16,2015-10-30,-0.03129524630110314,0.0,-0.00158832110712126,0.043513672234092304,0.476484532664169,0.51625,outer_01,sigmoid,0.05,0,,False,5.0,0.0,-0.0,-0.0,0.0,-0.0,-0.0,-0.0,-0.0
1233,2015-10-16,1234,1244,2015-10-19,2015-11-02,-0.030278543743858854,0.0,-0.004712192596278975,0.032901965305229375,0.4823349166252231,0.51625,outer_01,sigmoid,0.05,0,,False,5.0,0.0,-0.0,-0.0,0.0,-0.0,-0.0,-0.0,-0.0
1234,2015-10-19,1235,1245,2015-10-20,2015-11-03,-0.03150803454454909,0.0,-0.0059130933066571245,0.032040943615232464,0.4815830132135319,0.51625,outer_01,sigmoid,0.05,0,,False,5.0,0.0,-0.0,-0.0,0.0,-0.0,-0.0,-0.0,-0.0
1235,2015-10-20,1236,1246,2015-10-21,2015-11-04,-0.05064064117708611,0.0,0.00524174987229209,0.0452558044707132,0.4783852568671163,0.51625,outer_01,sigmoid,0.05,0,,False,5.0,0.0,-0.0,-0.0,0.0,-0.0,-0.0,-0.0,-0.0
1236,2015-10-21,1237,1247,2015-10-22,2015-11-05,-0.05246505377064903,0.0,-0.008022916759196974,0.032193574032519656,0.48434955510364186,0.51625,outer_01,sigmoid,0.05,0,,False,5.0,0.0,-0.0,-0.0,0.0,-0.0,-0.0,-0.0,-0.0
1237,2015-10-22,1238,1248,2015-10-23,2015-11-06,-0.054141075722244025,0.0,-0.0013033898551562118,0.00987328071674387,0.4989127580355724,0.51625,outer_01,sigmoid,0.05,0,,False,5.0,0.0,-0.0,-0.0,0.0,-0.0,-0.0,-0.0,-0.0
1238,2015-10-23,1239,1249,2015-10-26,2015-11-09,-0.06443648260245816,0.0,-0.0009099494146633802,0.016286567801731877,0.48976064307572126,0.51625,outer_01,sigmoid,0.05,0,,False,5.0,0.0,-0.0,-0.0,0.0,-0.0,-0.0,-0.0,-0.0
1239,2015-10-26,1240,1250,2015-10-27,2015-11-10,-0.06342382115379941,0.0,-0.0011772946787464988,0.02686672835247972,0.4913615928127105,0.51625,outer_01,sigmoid,0.05,0,,False,5.0,0.0,-0.0,-0.0,0.0,-0.0,-0.0,-0.0,-0.0
1240,2015-10-27,1241,1251,2015-10-28,2015-11-11,-0.06846300920815107,0.0,0.003004938942820168,0.03435097792559905,0.49270143049420934,0.51625,outer_01,sigmoid,0.05,0,,False,5.0,0.0,-0.0,-0.0,0.0,-0.0,-0.0,-0.0,-0.0
1241,2015-10-28,1242,1252,2015-10-29,2015-11-12,-0.06318866894143227,0.0,-0.009241023962430539,0.03638783293582737,0.4771477012079543,0.51625,outer_01,sigmoid,0.05,0,,False,5.0,0.0,-0.0,-0.0,0.0,-0.0,-0.0,-0.0,-0.0
1242,2015-10-29,1243,1253,2015-10-30,2015-11-13,-0.05438344582338228,0.0,-0.008681160730155568,0.028559458849753305,0.48711057208019043,0.51625,outer_01,sigmoid,0.05,0,,False,5.0,0.0,-0.0,-0.0,0.0,-0.0,-0.0,-0.0,-0.0
1243,2015-10-30,1244,1254,2015-11-02,2015-11-16,-0.04785713774911482,0.0,-0.0035322132269284268,0.0026485899910086985,0.5058492167232833,0.51625,outer_01,sigmoid,0.05,0,,False,5.0,0.0,-0.0,-0.0,0.0,-0.0,-0.0,-0.0,-0.0
1244,2015-11-02,1245,1255,2015-11-03,2015-11-17,-0.04498474417834153,0.0,-0.007278513145154264,-0.0017365323969444901,0.5180363424600005,0.51625,outer_01,sigmoid,0.05,0,,False,5.0,0.0,-0.0,-0.0,0.0,-0.0,-0.0,-0.0,-0.0
1245,2015-11-03,1246,1256,2015-11-04,2015-11-18,-0.042514897099323434,0.0,-0.014082424748926847,-0.025931205951983394,0.5273810114010864,0.51625,outer_01,sigmoid,0.05,0,,False,5.0,0.0,-0.0,-0.0,0.0,-0.0,-0.0,-0.0,-0.0
1246,2015-11-04,1247,1257,2015-11-05,2015-11-19,-0.033377572458573646,0.0,-0.0090782244239902,-0.03356982170083622,0.5253973549685532,0.51625,outer_01,sigmoid,0.05,0,,False,5.0,0.0,-0.0,-0.0,0.0,-0.0,-0.0,-0.0,-0.0
1247,2015-11-05,1248,1258,2015-11-06,2015-11-20,-0.020719257494666188,0.0,-0.003563873012486063,-0.03166176076612803,0.5301617709037197,0.51625,outer_01,sigmoid,0.05,0,,False,5.0,0.0,-0.0,-0.0,0.0,-0.0,-0.0,-0.0,-0.0
1248,2015-11-06,1249,1259,2015-11-09,2015-11-23,-0.013090545486351246,0.0,-0.013639540158878916,-0.06051330361973939,0.5248629865049692,0.51625,outer_01,sigmoid,0.05,0,,False,5.0,0.0,-0.0,-0.0,0.0,-0.0,-0.0,-0.0,-0.0
1249,2015-11-09,1250,1260,2015-11-10,2015-11-24,-0.021468987850318477,0.0,0.003054249658247521,-0.06370823928077574,0.5055649734638067,0.51625,outer_01,sigmoid,0.05,0,,False,5.0,0.0,-0.0,-0.0,0.0,-0.0,-0.0,-0.0,-0.0
1250,2015-11-10,1251,1261,2015-11-11,2015-11-25,-0.013105282296975496,0.0,-0.002154432315533583,-0.06955927981887733,0.5169466737664798,0.51625,outer_01,sigmoid,0.05,0,,False,5.0,0.0,-0.0,-0.0,0.0,-0.0,-0.0,-0.0,-0.0
1251,2015-11-11,1252,1262,2015-11-12,2015-11-26,-0.014200676143558688,0.0,-0.003456775405537904,-0.08703440037448296,0.5170394727780181,0.51625,outer_01,sigmoid,0.05,0,,False,5.0,0.0,-0.0,-0.0,0.0,-0.0,-0.0,-0.0,-0.0
1252,2015-11-12,1253,1263,2015-11-13,2015-11-27,-0.012277830005829493,0.0,-0.0008660641613049691,-0.08631214342866667,0.5065904377069474,0.51625,outer_01,sigmoid,0.05,0,,False,5.0,0.0,-0.0,-0.0,0.0,-0.0,-0.0,-0.0,-0.0
1253,2015-11-13,1254,1264,2015-11-16,2015-11-30,-0.027787848307978535,0.0,-0.0012543581360979772,-0.08285430896848567,0.5008741708114945,0.51625,outer_01,sigmoid,0.05,0,,False,5.0,0.0,-0.0,-0.0,0.0,-0.0,-0.0,-0.0,-0.0
1254,2015-11-16,1255,1265,2015-11-17,2015-12-01,-0.01772313756911892,0.0,-0.0007940098837444509,-0.077735225545573,0.507415020197805,0.51625,outer_01,sigmoid,0.05,0,,False,5.0,0.0,-0.0,-0.0,0.0,-0.0,-0.0,-0.0,-0.0
1255,2015-11-17,1256,1266,2015-11-18,2015-12-02,-0.002522847108136439,0.0,-0.011724727158386017,-0.0947017025762511,0.5234259623855123,0.51625,outer_01,sigmoid,0.05,0,,False,5.0,0.0,-0.0,-0.0,0.0,-0.0,-0.0,-0.0,-0.0
1256,2015-11-18,1257,1267,2015-11-19,2015-12-03,-0.01668422683628279,0.0,0.0007566805441072688,-0.08592210527294686,0.49909049560978136,0.51625,outer_01,sigmoid,0.05,0,,False,5.0,0.0,-0.0,-0.0,0.0,-0.0,-0.0,-0.0,-0.0
1257,2015-11-19,1258,1268,2015-11-20,2015-12-04,-0.017294452724391007,0.0,0.010376746105531964,-0.07424196931225868,0.5005122975717091,0.51625,outer_01,sigmoid,0.05,0,,False,5.0,0.0,-0.0,-0.0,0.0,-0.0,-0.0,-0.0,-0.0
1258,2015-11-20,1259,1269,2015-11-23,2015-12-07,0.008024217384162036,1.0,-0.0037592288786756356,-0.07709124877627094,0.5022581141121457,0.51625,outer_01,sigmoid,0.05,0,,False,5.0,0.0,0.0,0.0,0.0,0.0,0.0,0.0,0.0
1259,2015-11-23,1260,1270,2015-11-24,2015-12-08,0.0017663308377811049,1.0,-0.008440126492073041,-0.08435408058959748,0.4899282480894556,0.51625,outer_01,sigmoid,0.05,0,,False,5.0,0.0,0.0,0.0,0.0,0.0,0.0,0.0,0.0
1260,2015-11-24,1261,1271,2015-11-25,2015-12-09,-0.0010789594669704528,0.0,0.00596019915447954,-0.08139882037793811,0.4948117068647002,0.51625,outer_01,sigmoid,0.05,0,,False,5.0,0.0,-0.0,-0.0,0.0,-0.0,-0.0,-0.0,-0.0
1261,2015-11-25,1262,1272,2015-11-26,2015-12-10,0.0009517678405117636,1.0,-0.0039228343129629195,-0.07608063072847049,0.49889359054219434,0.51625,outer_01,sigmoid,0.05,0,,False,5.0,0.0,0.0,0.0,0.0,0.0,0.0,0.0,0.0
1262,2015-11-26,1263,1273,2015-11-27,2015-12-11,-9.330490644110512e-06,0.0,0.0005133590125581122,-0.06688611098575681,0.4842158694013912,0.51625,outer_01,sigmoid,0.05,0,,False,5.0,0.0,-0.0,-0.0,0.0,-0.0,-0.0,-0.0,-0.0
1263,2015-11-27,1264,1274,2015-11-30,2015-12-14,0.014474856505128919,1.0,-0.012781376896206176,-0.07613527465503456,0.48947751758625446,0.51625,outer_01,sigmoid,0.05,0,,False,5.0,0.0,0.0,0.0,0.0,0.0,0.0,0.0,0.0
1264,2015-11-30,1265,1275,2015-12-01,2015-12-15,-0.0034337300961695405,0.0,0.00596493492649941,-0.06289182658338088,0.4825835686232481,0.51625,outer_01,sigmoid,0.05,0,,False,5.0,0.0,-0.0,-0.0,0.0,-0.0,-0.0,-0.0,-0.0
1265,2015-12-01,1266,1276,2015-12-02,2015-12-16,-0.007192249136148909,0.0,0.00456504090007126,-0.044244360934382776,0.4941479219821153,0.51625,outer_01,sigmoid,0.05,0,,False,5.0,0.0,-0.0,-0.0,0.0,-0.0,-0.0,-0.0,-0.0
1266,2015-12-02,1267,1277,2015-12-03,2015-12-17,0.017057441242958937,1.0,-0.014839653683274001,-0.05000579019366658,0.48879637704631046,0.51625,outer_01,sigmoid,0.05,0,,False,5.0,0.0,0.0,0.0,0.0,0.0,0.0,0.0,0.0
1267,2015-12-03,1268,1278,2015-12-04,2015-12-18,-0.011758330972178932,0.0,0.008139618297261286,-0.03830229888391923,0.5045644216431825,0.51625,outer_01,sigmoid,0.05,0,,False,5.0,0.0,-0.0,-0.0,0.0,-0.0,-0.0,-0.0,-0.0
1268,2015-12-04,1269,1279,2015-12-07,2015-12-21,-0.01735066632287907,0.0,0.02295271224740425,-0.0017100464776360624,0.520744610917972,0.51625,outer_01,sigmoid,0.05,0,,False,5.0,0.0,-0.0,-0.0,0.0,-0.0,-0.0,-0.0,-0.0
1269,2015-12-07,1270,1280,2015-12-08,2015-12-22,0.006607687069503321,1.0,-0.014832115874837015,-0.0195964120107206,0.5213250316321321,0.51625,outer_01,sigmoid,0.05,0,,False,5.0,0.0,0.0,0.0,0.0,0.0,0.0,0.0,0.0
1270,2015-12-08,1271,1281,2015-12-09,2015-12-23,-0.0015460560032192205,0.0,0.003505373517794119,-0.013936606177392896,0.522240720890395,0.51625,outer_01,sigmoid,0.05,0,,False,5.0,0.0,-0.0,-0.0,0.0,-0.0,-0.0,-0.0,-0.0
1271,2015-12-09,1272,1282,2015-12-10,2015-12-24,-0.0017175719254920452,0.0,-0.0017231828182655562,-0.012203013590120548,0.5158543218619274,0.51625,outer_01,sigmoid,0.05,0,,False,5.0,0.0,-0.0,-0.0,0.0,-0.0,-0.0,-0.0,-0.0
1272,2015-12-10,1273,1283,2015-12-11,2015-12-28,0.00382751525424041,1.0,-0.0013620167413312956,-0.012698966170146875,0.5106541629687498,0.51625,outer_01,sigmoid,0.05,0,,False,5.0,0.0,0.0,0.0,0.0,0.0,0.0,0.0,0.0
1273,2015-12-11,1274,1284,2015-12-14,2015-12-29,-0.004592730661276079,0.0,0.003215481806964071,-0.008229126227084826,0.5183248014351315,0.51625,outer_01,sigmoid,0.05,0,,False,5.0,0.0,-0.0,-0.0,0.0,-0.0,-0.0,-0.0,-0.0
1274,2015-12-14,1275,1285,2015-12-15,2015-12-30,0.00737033714259816,1.0,-0.013622223219430296,-0.02105733956277067,0.5031049220661059,0.51625,outer_01,sigmoid,0.05,0,,False,5.0,0.0,0.0,0.0,0.0,0.0,0.0,0.0,0.0
1275,2015-12-15,1276,1286,2015-12-16,2015-12-31,0.00015075992452828757,1.0,0.0006412311858063902,-0.008691381218578265,0.5034018055891692,0.51625,outer_01,sigmoid,0.05,0,,False,5.0,0.0,0.0,0.0,0.0,0.0,0.0,0.0,0.0
1276,2015-12-16,1277,1287,2015-12-17,2016-01-04,-0.0066359604257666405,0.0,0.010670618551529287,0.0012225567888437538,0.5145332398500041,0.51625,outer_01,sigmoid,0.05,0,,False,5.0,0.0,-0.0,-0.0,0.0,-0.0,-0.0,-0.0,-0.0
1277,2015-12-17,1278,1288,2015-12-18,2016-01-05,0.020932277830716828,1.0,-0.019428692853439955,-0.028582882170128165,0.5168991754356436,0.51625,outer_01,sigmoid,0.05,0,,False,5.0,0.0,0.0,0.0,0.0,0.0,0.0,0.0,0.0
1278,2015-12-18,1279,1289,2015-12-21,2016-01-06,0.010812126355772556,1.0,0.013507336749515986,-0.011316316541936544,0.5255951300725866,0.51625,outer_01,sigmoid,0.05,0,,False,5.0,0.0,0.0,0.0,0.0,0.0,0.0,0.0,0.0
1279,2015-12-21,1280,1290,2015-12-22,2016-01-07,0.014302732709593258,1.0,0.011594576122817557,0.008718386072954054,0.5332711596241556,0.51625,outer_01,sigmoid,0.05,0,,False,5.0,0.0,0.0,0.0,0.0,0.0,0.0,0.0,0.0
1280,2015-12-22,1281,1291,2015-12-23,2016-01-08,0.03277869794275201,1.0,-0.005281571453195966,-0.002523384534721451,0.533208766704515,0.51625,outer_01,sigmoid,0.05,0,,False,5.0,0.0,0.0,0.0,0.0,0.0,0.0,0.0,0.0
1281,2015-12-23,1282,1292,2015-12-24,2016-01-11,0.03401988492092212,1.0,-0.0022400606716210802,-0.0008406108933796119,0.528136863233445,0.51625,outer_01,sigmoid,0.05,0,,False,5.0,0.0,0.0,0.0,0.0,0.0,0.0,0.0,0.0
1282,2015-12-24,1283,1293,2015-12-28,2016-01-12,0.017807522447852442,1.0,0.005451382166389962,0.004097412260452238,0.5224991462264447,0.51625,outer_01,sigmoid,0.05,0,,False,5.0,0.0,0.0,0.0,0.0,0.0,0.0,0.0,0.0
1283,2015-12-28,1284,1294,2015-12-29,2016-01-13,0.017326569206747244,1.0,-0.00666684676369389,0.010211942392964524,0.5207903479547863,0.51625,outer_01,sigmoid,0.05,0,,False,5.0,0.0,0.0,0.0,0.0,0.0,0.0,0.0,0.0
1284,2015-12-29,1285,1295,2015-12-30,2016-01-14,0.022412777694307273,1.0,-0.00026198585426229215,0.0039850216122028215,0.5149725371569243,0.51625,outer_01,sigmoid,0.05,0,,False,5.0,0.0,0.0,0.0,0.0,0.0,0.0,0.0,0.0
1285,2015-12-30,1286,1296,2015-12-31,2016-01-15,0.01575100684167463,1.0,-0.007080839088629887,-0.007660858376498325,0.5088890248109088,0.51625,outer_01,sigmoid,0.05,0,,False,5.0,0.0,0.0,0.0,0.0,0.0,0.0,0.0,0.0
1286,2015-12-31,1287,1297,2016-01-04,2016-01-18,0.02344401160364029,1.0,-0.00016022695711459534,0.007018568349661081,0.5088096710597019,0.51625,outer_01,sigmoid,0.05,0,,False,5.0,0.0,0.0,0.0,0.0,0.0,0.0,0.0,0.0
1287,2016-01-04,1288,1298,2016-01-05,2016-01-19,0.015056374837097763,1.0,0.012663258000737088,0.011542208053136882,0.5337132391022108,0.51625,outer_01,sigmoid,0.05,0,,False,5.0,0.0,0.0,0.0,0.0,0.0,0.0,0.0,0.0
1288,2016-01-05,1289,1299,2016-01-06,2016-01-20,0.009254194382312342,1.0,0.00338211704505742,-0.008028387149209948,0.5279217063940199,0.51625,outer_01,sigmoid,0.05,0,,False,5.0,0.0,0.0,0.0,0.0,0.0,0.0,0.0,0.0
1289,2016-01-06,1290,1300,2016-01-07,2016-01-21,0.006689414879796907,1.0,0.013762952839829978,0.020566681565457046,0.5088899780546897,0.51625,outer_01,sigmoid,0.05,0,,False,5.0,0.0,0.0,0.0,0.0,0.0,0.0,0.0,0.0
1290,2016-01-07,1291,1301,2016-01-08,2016-01-22,-0.00678815498600116,0.0,0.014460228164839606,0.03152153621250253,0.5086599354842372,0.51625,outer_01,sigmoid,0.05,0,,False,5.0,0.0,-0.0,-0.0,0.0,-0.0,-0.0,-0.0,-0.0
1291,2016-01-08,1292,1302,2016-01-11,2016-01-25,-0.008770514197500745,0.0,-0.004591517389640032,0.028653201641128057,0.513956172788971,0.51625,outer_01,sigmoid,0.05,0,,False,5.0,0.0,-0.0,-0.0,0.0,-0.0,-0.0,-0.0,-0.0
1292,2016-01-11,1293,1303,2016-01-12,2016-01-26,0.011863353639103735,1.0,-0.007684475691096537,0.022330742691362815,0.5088476942754852,0.51625,outer_01,sigmoid,0.05,0,,False,5.0,0.0,0.0,0.0,0.0,0.0,0.0,0.0,0.0
1293,2016-01-12,1294,1304,2016-01-13,2016-01-27,0.029349514134630716,1.0,-0.005419075177954369,0.013696185706444375,0.5090715051399224,0.51625,outer_01,sigmoid,0.05,0,,False,5.0,0.0,0.0,0.0,0.0,0.0,0.0,0.0,0.0
1294,2016-01-13,1295,1305,2016-01-14,2016-01-28,0.029143809780421748,1.0,0.003820207748882254,0.031138616674756925,0.5009359122126125,0.51625,outer_01,sigmoid,0.05,0,,False,5.0,0.0,0.0,0.0,0.0,0.0,0.0,0.0,0.0
1295,2016-01-14,1296,1306,2016-01-15,2016-01-29,0.033838791951264824,1.0,-0.015174210809756339,0.015323174679194196,0.499034230342961,0.51625,outer_01,sigmoid,0.05,0,,False,5.0,0.0,0.0,0.0,0.0,0.0,0.0,0.0,0.0
1296,2016-01-15,1297,1307,2016-01-18,2016-02-01,0.02331927970091563,1.0,0.010656179141269817,0.015308735268934726,0.513366438821974,0.51625,outer_01,sigmoid,0.05,0,,False,5.0,0.0,0.0,0.0,0.0,0.0,0.0,0.0,0.0
1297,2016-01-18,1298,1308,2016-01-19,2016-02-02,0.0348624488642022,1.0,0.00014695077175641558,0.034884378894131096,0.49635606171058494,0.51625,outer_01,sigmoid,0.05,0,,False,5.0,0.0,0.0,0.0,0.0,0.0,0.0,0.0,0.0
1298,2016-01-19,1299,1309,2016-01-20,2016-02-03,0.036422801368903635,1.0,-0.0015624572354138166,0.019814584909201294,0.5171944449611776,0.51625,outer_01,sigmoid,0.05,0,,False,5.0,0.0,0.0,0.0,0.0,0.0,0.0,0.0,0.0
1299,2016-01-20,1300,1310,2016-01-21,2016-02-04,0.03624047086982962,1.0,0.01247725292629731,0.020697261712681048,0.5197568567662326,0.51625,outer_01,sigmoid,0.05,0,,False,5.0,0.0,0.0,0.0,0.0,0.0,0.0,0.0,0.0
1300,2016-01-21,1301,1311,2016-01-22,2016-02-05,0.04820530710532012,1.0,0.00029972888384666163,0.026278562049723675,0.5209090143391358,0.51625,outer_01,sigmoid,0.05,0,,False,5.0,0.0,0.0,0.0,0.0,0.0,0.0,0.0,0.0
1301,2016-01-22,1302,1312,2016-01-25,2016-02-08,0.062442231280353866,1.0,-0.0030742109034056497,0.025444411817939105,0.5134829391372434,0.51625,outer_01,sigmoid,0.05,0,,False,5.0,0.0,0.0,0.0,0.0,0.0,0.0,0.0,0.0
1302,2016-01-25,1303,1313,2016-01-26,2016-02-09,0.07173335465458397,1.0,0.008968751315733492,0.028961780967282635,0.5088310448841596,0.51625,outer_01,sigmoid,0.05,0,,False,5.0,0.0,0.0,0.0,0.0,0.0,0.0,0.0,0.0
1303,2016-01-26,1304,1314,2016-01-27,2016-02-10,0.06024477871386136,1.0,0.011150329192658681,0.046778956923635207,0.49793452122155735,0.51625,outer_01,sigmoid,0.05,0,,False,5.0,0.0,0.0,0.0,0.0,0.0,0.0,0.0,0.0
1304,2016-01-27,1305,1315,2016-01-28,2016-02-11,0.061294907073234484,1.0,0.004160640342859345,0.051201583120756844,0.4868061995955336,0.51625,outer_01,sigmoid,0.05,0,,False,5.0,0.0,0.0,0.0,0.0,0.0,0.0,0.0,0.0
1305,2016-01-28,1306,1316,2016-01-29,2016-02-12,0.11232784007957619,1.0,-0.009361223142302144,0.048921199067084586,0.49421224689320997,0.51625,outer_01,sigmoid,0.05,0,,False,5.0,0.0,0.0,0.0,0.0,0.0,0.0,0.0,0.0
1306,2016-01-29,1307,1317,2016-02-01,2016-02-15,0.09901345705014464,1.0,0.003323973727121121,0.0524053997513203,0.5001326074885716,0.51625,outer_01,sigmoid,0.05,0,,False,5.0,0.0,0.0,0.0,0.0,0.0,0.0,0.0,0.0
1307,2016-02-01,1308,1318,2016-02-02,2016-02-16,0.06932612564596319,1.0,0.009241683326296268,0.048983825076879484,0.4950149509856495,0.51625,outer_01,sigmoid,0.05,0,,False,5.0,0.0,0.0,0.0,0.0,0.0,0.0,0.0,0.0
1308,2016-02-02,1309,1319,2016-02-03,2016-02-17,0.06388345608148427,1.0,0.00022153399086644043,0.045823242022688504,0.5028807034695274,0.51625,outer_01,sigmoid,0.05,0,,False,5.0,0.0,0.0,0.0,0.0,0.0,0.0,0.0,0.0
1309,2016-02-03,1310,1320,2016-02-04,2016-02-18,0.05657862959982651,1.0,0.012083142749263587,0.04414343193212211,0.4866244206329054,0.51625,outer_01,sigmoid,0.05,0,,False,5.0,0.0,0.0,0.0,0.0,0.0,0.0,0.0,0.0
1310,2016-02-04,1311,1321,2016-02-05,2016-02-19,0.06334243614330948,1.0,0.011333193505231876,0.04101639727251438,0.4886301160106716,0.51625,outer_01,sigmoid,0.05,0,,False,5.0,0.0,0.0,0.0,0.0,0.0,0.0,0.0,0.0
1311,2016-02-05,1312,1322,2016-02-08,2016-02-22,0.0471888932521205,1.0,0.015203735537581586,0.060811650199736,0.48829046408772425,0.51625,outer_01,sigmoid,0.05,0,,False,5.0,0.0,0.0,0.0,0.0,0.0,0.0,0.0,0.0
1312,2016-02-08,1313,1323,2016-02-09,2016-02-23,0.01532689655499464,1.0,0.014354394446579377,0.08285052033741191,0.5016513416574477,0.51625,outer_01,sigmoid,0.05,0,,False,5.0,0.0,0.0,0.0,0.0,0.0,0.0,0.0,0.0
1313,2016-02-09,1314,1324,2016-02-10,2016-02-24,0.03113922945214842,1.0,-0.0010593666651281808,0.0872102288502381,0.5000107420754781,0.51625,outer_01,sigmoid,0.05,0,,False,5.0,0.0,0.0,0.0,0.0,0.0,0.0,0.0,0.0
1314,2016-02-10,1315,1325,2016-02-11,2016-02-25,0.024816520852765755,1.0,0.007250143862568059,0.09064016496392391,0.5038880911501208,0.51625,outer_01,sigmoid,0.05,0,,False,5.0,0.0,0.0,0.0,0.0,0.0,0.0,0.0,0.0
1315,2016-02-11,1316,1326,2016-02-12,2016-02-26,-0.012563364265001375,0.0,0.041942119236626496,0.14775649501030674,0.49822662340380997,0.51625,outer_01,sigmoid,0.05,0,,False,5.0,0.0,-0.0,-0.0,0.0,-0.0,-0.0,-0.0,-0.0
1316,2016-02-12,1317,1327,2016-02-15,2016-02-29,-0.010624421637682069,0.0,-0.008500833311975597,0.12859948255706133,0.5339046221472931,0.51625,outer_01,sigmoid,0.05,0,,False,5.0,0.0,-0.0,-0.0,0.0,-0.0,-0.0,-0.0,-0.0
1317,2016-02-15,1318,1328,2016-02-16,2016-03-01,0.024501758765059556,1.0,-0.02375070778026167,0.10470182400504324,0.5425611713453907,0.51625,outer_01,sigmoid,0.05,0,,False,5.0,0.0,0.0,0.0,0.0,0.0,0.0,0.0,0.0
1318,2016-02-16,1319,1329,2016-02-17,2016-03-02,0.023675142002440808,1.0,-0.007921655640859449,0.09834262559959761,0.5388721305421867,0.51625,outer_01,sigmoid,0.05,0,,False,5.0,0.0,0.0,0.0,0.0,0.0,0.0,0.0,0.0
1319,2016-02-17,1320,1330,2016-02-18,2016-03-03,0.02730567366875203,1.0,0.007292875701388368,0.09315824837468867,0.5379618749754432,0.51625,outer_01,sigmoid,0.05,0,,False,5.0,0.0,0.0,0.0,0.0,0.0,0.0,0.0,0.0
1320,2016-02-18,1321,1331,2016-02-19,2016-03-04,0.025123241269328744,1.0,0.018319795978304576,0.11117831546914658,0.5404646312098493,0.51625,outer_01,sigmoid,0.05,0,,False,5.0,0.0,0.0,0.0,0.0,0.0,0.0,0.0,0.0
1321,2016-02-19,1322,1332,2016-02-22,2016-03-07,0.028069504664584244,1.0,-0.002733998464510279,0.11151852790804195,0.5442053453606126,0.51625,outer_01,sigmoid,0.05,0,,False,5.0,0.0,0.0,0.0,0.0,0.0,0.0,0.0,0.0
1322,2016-02-22,1323,1333,2016-02-23,2016-03-08,0.046342553211719206,1.0,-0.01549476541664152,0.08705501117566694,0.5365786493599966,0.51625,outer_01,sigmoid,0.05,0,,False,5.0,0.0,0.0,0.0,0.0,0.0,0.0,0.0,0.0
1323,2016-02-23,1324,1334,2016-02-24,2016-03-09,0.027792067770258555,1.0,0.014801942625218167,0.09070662460822643,0.3193515342057255,0.4937106918238994,outer_02,none,0.05,-1,row1323_entry1324_exit1334,True,5.0,0.000499875041651048,-0.027792067770258555,-0.028291942811909603,0.0,0.027292192728607508,-0.028291942811909603,0.027292192728607508,0.027292192728607508
1324,2016-02-24,1325,1335,2016-02-25,2016-03-10,0.020900219931174746,1.0,0.0022234810289338824,0.08876946529430096,0.2221784061045727,0.4937106918238994,outer_02,none,0.05,0,,False,5.0,0.0,0.0,0.0,0.0,0.0,0.0,0.0,0.0
1325,2016-02-25,1326,1336,2016-02-26,2016-03-11,0.030031230754168803,1.0,0.0032732721712998014,0.10140396060790291,0.11060779459747454,0.4937106918238994,outer_02,none,0.05,0,,False,5.0,0.0,0.0,0.0,0.0,0.0,0.0,0.0,0.0
1326,2016-02-26,1327,1337,2016-02-29,2016-03-14,0.02628044479773184,1.0,-0.008043942873446674,0.09003604400733511,0.1649198477288214,0.4937106918238994,outer_02,none,0.05,0,,False,5.0,0.0,0.0,0.0,0.0,0.0,0.0,0.0,0.0
1327,2016-02-29,1328,1338,2016-03-01,2016-03-15,-0.003128248510416931,0.0,0.01217099708250391,0.09296535776354276,0.12226919305287139,0.4937106918238994,outer_02,none,0.05,0,,False,5.0,0.0,-0.0,-0.0,0.0,-0.0,-0.0,-0.0,-0.0
1328,2016-03-01,1329,1339,2016-03-02,2016-03-16,0.0011606531802552666,1.0,-0.005449693025354918,0.0872941307473214,0.12245043955325396,0.4937106918238994,outer_02,none,0.05,0,,False,5.0,0.0,0.0,0.0,0.0,0.0,0.0,0.0,0.0
1329,2016-03-02,1330,1340,2016-03-03,2016-03-17,0.014403006379025918,1.0,0.006894179414698165,0.08210516741275597,0.10828050773019451,0.4937106918238994,outer_02,none,0.05,0,,False,5.0,0.0,0.0,0.0,0.0,0.0,0.0,0.0,0.0
1330,2016-03-03,1331,1341,2016-03-04,2016-03-18,-0.0029352753655604857,0.0,0.020291245358575516,0.09106321926609962,0.0856125113186645,0.4937106918238994,outer_02,none,0.05,0,,False,5.0,0.0,-0.0,-0.0,0.0,-0.0,-0.0,-0.0,-0.0
1331,2016-03-04,1332,1342,2016-03-07,2016-03-21,-0.004168097859657216,0.0,-0.005332205052379635,0.0705272786761384,0.10198812704203955,0.4937106918238994,outer_02,none,0.05,0,,False,5.0,0.0,-0.0,-0.0,0.0,-0.0,-0.0,-0.0,-0.0
1332,2016-03-07,1333,1343,2016-03-08,2016-03-22,-0.018207746859342677,0.0,0.00668252684730497,0.06285541107686399,0.09208349055720162,0.4937106918238994,outer_02,none,0.05,0,,False,5.0,0.0,-0.0,-0.0,0.0,-0.0,-0.0,-0.0,-0.0
1333,2016-03-08,1334,1344,2016-03-09,2016-03-23,-0.011070797277253241,0.0,-0.0045240356827846995,0.05939074205920747,0.08513099323962607,0.4937106918238994,outer_02,none,0.05,-1,row1333_entry1334_exit1344,True,5.0,0.000499875041651048,0.011070797277253241,0.010570922235602194,0.0,-0.011570672318904289,0.010570922235602194,0.010570922235602194,-0.011570672318904289
1334,2016-03-09,1335,1345,2016-03-10,2016-03-24,-0.024313303998933833,0.0,-0.0068565879229334215,0.04528401027370599,0.12408492457132361,0.4937106918238994,outer_02,none,0.05,0,,False,5.0,0.0,-0.0,-0.0,0.0,-0.0,-0.0,-0.0,-0.0
1335,2016-03-10,1336,1346,2016-03-11,2016-03-28,-0.044778252740007574,0.0,0.015129840347836598,0.01847173138491609,0.06898700373686445,0.4937106918238994,outer_02,none,0.05,0,,False,5.0,0.0,-0.0,-0.0,0.0,-0.0,-0.0,-0.0,-0.0
1336,2016-03-11,1337,1347,2016-03-14,2016-03-29,-0.024788506723322,0.0,-0.01804738001561912,0.008925184681272569,0.11787074502817468,0.4937106918238994,outer_02,none,0.05,0,,False,5.0,0.0,-0.0,-0.0,0.0,-0.0,-0.0,-0.0,-0.0
1337,2016-03-14,1338,1348,2016-03-15,2016-03-30,0.005031121938825933,1.0,-0.011456391428318113,0.021219501033216126,0.17350164845388918,0.4937106918238994,outer_02,none,0.05,0,,False,5.0,0.0,0.0,0.0,0.0,0.0,0.0,0.0,0.0
1338,2016-03-15,1339,1349,2016-03-16,2016-03-31,-0.0056373007345191795,0.0,-0.0020750258717994186,0.027066130802276156,0.16129283810693512,0.4937106918238994,outer_02,none,0.05,0,,False,5.0,0.0,-0.0,-0.0,0.0,-0.0,-0.0,-0.0,-0.0
1339,2016-03-16,1340,1350,2016-03-17,2016-04-01,-0.022401399208346717,0.0,0.023733515129658933,0.04350677023054672,0.06657052466346883,0.4937106918238994,outer_02,none,0.05,0,,False,5.0,0.0,-0.0,-0.0,0.0,-0.0,-0.0,-0.0,-0.0
1340,2016-03-17,1341,1351,2016-03-18,2016-04-04,-0.030966822623719636,0.0,-0.0034289013498511878,0.021758072902390957,0.05849030149460078,0.4937106918238994,outer_02,none,0.05,0,,False,5.0,0.0,-0.0,-0.0,0.0,-0.0,-0.0,-0.0,-0.0
1341,2016-03-18,1342,1352,2016-03-21,2016-04-05,-0.0314568999670195,0.0,-0.002133113402159381,0.022358957964741855,0.07342047867791926,0.4937106918238994,outer_02,none,0.05,0,,False,5.0,0.0,-0.0,-0.0,0.0,-0.0,-0.0,-0.0,-0.0
1342,2016-03-21,1343,1353,2016-03-22,2016-04-06,-0.01063882822465434,0.0,-0.009285712393284129,0.028568010988099246,0.0982009082004196,0.4937106918238994,outer_02,none,0.05,0,,False,5.0,0.0,-0.0,-0.0,0.0,-0.0,-0.0,-0.0,-0.0
1343,2016-03-22,1344,1354,2016-03-23,2016-04-07,-0.020051913005744382,0.0,0.0036605377547305196,0.0174266061176116,0.10967440940332637,0.4937106918238994,outer_02,none,0.05,-1,row1343_entry1344_exit1354,True,5.0,0.000499875041651048,0.020051913005744382,0.019552037964093334,0.0,-0.02055178804739543,0.019552037964093334,-0.02055178804739543,-0.02055178804739543
1344,2016-03-23,1345,1355,2016-03-24,2016-04-08,0.01361526812323266,1.0,-0.022584859501855625,-0.0073817344131779095,0.11939232446259095,0.4937106918238994,outer_02,none,0.05,0,,False,5.0,0.0,0.0,0.0,0.0,0.0,0.0,0.0,0.0
1345,2016-03-24,1346,1356,2016-03-28,2016-04-11,0.02479102839723435,1.0,-0.0024699981785269998,-0.01312500476300471,0.1418411722375025,0.4937106918238994,outer_02,none,0.05,0,,False,5.0,0.0,0.0,0.0,0.0,0.0,0.0,0.0,0.0
1346,2016-03-28,1347,1357,2016-03-29,2016-04-12,0.028545106118737174,1.0,0.0034612043773067924,-0.0016198575122512437,0.19358386868627536,0.4937106918238994,outer_02,none,0.05,0,,False,5.0,0.0,0.0,0.0,0.0,0.0,0.0,0.0,0.0
1347,2016-03-29,1348,1358,2016-03-30,2016-04-13,0.011381644112226752,1.0,0.015743239624899985,0.001952385030144832,0.12514650134901179,0.4937106918238994,outer_02,none,0.05,0,,False,5.0,0.0,0.0,0.0,0.0,0.0,0.0,0.0,0.0
1348,2016-03-30,1349,1359,2016-03-31,2016-04-14,0.013434658447446957,1.0,-0.013191925786980363,-0.005789847731480613,0.15240652847074337,0.4937106918238994,outer_02,none,0.05,0,,False,5.0,0.0,0.0,0.0,0.0,0.0,0.0,0.0,0.0
1349,2016-03-31,1350,1360,2016-04-01,2016-04-15,-0.0034161372346375174,0.0,0.006496013726061456,-0.006188013420117322,0.12696546112030999,0.4937106918238994,outer_02,none,0.05,0,,False,5.0,0.0,-0.0,-0.0,0.0,-0.0,-0.0,-0.0,-0.0
1350,2016-04-01,1351,1361,2016-04-04,2016-04-18,0.011698898377554556,1.0,-0.00837615913281109,-0.03485541791150393,0.1472585084055396,0.4937106918238994,outer_02,none,0.05,0,,False,5.0,0.0,0.0,0.0,0.0,0.0,0.0,0.0,0.0
1351,2016-04-04,1352,1362,2016-04-05,2016-04-19,0.013132116791596538,1.0,-0.0054231358120713224,-0.034946348671195615,0.16915951828641382,0.4937106918238994,outer_02,none,0.05,0,,False,5.0,0.0,0.0,0.0,0.0,0.0,0.0,0.0,0.0
1352,2016-04-05,1353,1363,2016-04-06,2016-04-20,0.015548073382677607,1.0,0.012199560955311384,-0.0294293145631892,0.08750639440657139,0.4937106918238994,outer_02,none,0.05,0,,False,5.0,0.0,0.0,0.0,0.0,0.0,0.0,0.0,0.0
1353,2016-04-06,1354,1364,2016-04-07,2016-04-21,0.016881116968494148,1.0,-0.006882799852344412,-0.031788078732748914,0.1287355698532101,0.4937106918238994,outer_02,none,0.05,-1,row1353_entry1354_exit1364,True,5.0,0.000499875041651048,-0.016881116968494148,-0.017380992010145195,0.0,0.0163812419268431,-0.017380992010145195,-0.017380992010145195,-0.017380992010145195
1354,2016-04-07,1355,1365,2016-04-08,2016-04-22,0.006666610940091466,1.0,0.015081723190654373,-0.00984976761916112,0.048954991088646996,0.4937106918238994,outer_02,none,0.05,0,,False,5.0,0.0,0.0,0.0,0.0,0.0,0.0,0.0,0.0
1355,2016-04-08,1356,1366,2016-04-11,2016-04-25,-0.010141386876950875,0.0,-8.867070527251997e-05,-0.02506827867227024,0.04731227896954691,0.4937106918238994,outer_02,none,0.05,0,,False,5.0,0.0,-0.0,-0.0,0.0,-0.0,-0.0,-0.0,-0.0
1356,2016-04-11,1357,1367,2016-04-12,2016-04-26,-0.014691641088653284,0.0,0.01362711239481218,0.00660621373816106,0.042518340397205485,0.4937106918238994,outer_02,none,0.05,0,,False,5.0,0.0,-0.0,-0.0,0.0,-0.0,-0.0,-0.0,-0.0
1357,2016-04-12,1358,1368,2016-04-13,2016-04-27,-0.010254529647153454,0.0,-0.0016713627881941306,0.016391242378285042,0.042482089419674955,0.4937106918238994,outer_02,none,0.05,0,,False,5.0,0.0,-0.0,-0.0,0.0,-0.0,-0.0,-0.0,-0.0
1358,2016-04-13,1359,1369,2016-04-14,2016-04-28,0.0023876240827833684,1.0,-0.009805687376782224,0.008660580873302237,0.05855341348460035,0.4937106918238994,outer_02,none,0.05,0,,False,5.0,0.0,0.0,0.0,0.0,0.0,0.0,0.0,0.0
1359,2016-04-14,1360,1370,2016-04-15,2016-04-29,0.030949408005105816,1.0,-0.013630555760537177,-0.028703490016893873,0.07769403510773155,0.4937106918238994,outer_02,none,0.05,0,,False,5.0,0.0,0.0,0.0,0.0,0.0,0.0,0.0,0.0
1360,2016-04-15,1361,1371,2016-04-18,2016-05-02,0.045898746292080794,1.0,0.006016131573637118,-0.019258457093405568,0.08211546225060654,0.4937106918238994,outer_02,none,0.05,0,,False,5.0,0.0,0.0,0.0,0.0,0.0,0.0,0.0,0.0
1361,2016-04-18,1362,1372,2016-04-19,2016-05-03,0.04780890300582019,1.0,-0.0009406804407721125,-0.0180660241320183,0.06357546190496163,0.4937106918238994,outer_02,none,0.05,0,,False,5.0,0.0,0.0,0.0,0.0,0.0,0.0,0.0,0.0
1362,2016-04-19,1363,1373,2016-04-20,2016-05-04,0.028283342979741555,1.0,0.01421011675001882,0.00542980501128465,0.04235165053033219,0.4937106918238994,outer_02,none,0.05,0,,False,5.0,0.0,0.0,0.0,0.0,0.0,0.0,0.0,0.0
1363,2016-04-20,1364,1374,2016-04-21,2016-05-05,0.028416069092032537,1.0,-0.005220729526231871,-0.003451462269677741,0.045975321989983484,0.4937106918238994,outer_02,none,0.05,-1,row1363_entry1364_exit1374,True,5.0,0.000499875041651048,-0.028416069092032537,-0.028915944133683584,0.0,0.02791619405038149,-0.028915944133683584,-0.028915944133683584,-0.028915944133683584
1364,2016-04-21,1365,1375,2016-04-22,2016-05-06,0.023627418344036144,1.0,0.004068259190828982,0.023201656423006867,0.061582577557444416,0.4937106918238994,outer_02,none,0.05,0,,False,5.0,0.0,0.0,0.0,0.0,0.0,0.0,0.0,0.0
1365,2016-04-22,1366,1376,2016-04-25,2016-05-09,0.04131074880050001,1.0,-0.012927844767575358,0.012743809833958508,0.10301086160404624,0.4937106918238994,outer_02,none,0.05,0,,False,5.0,0.0,0.0,0.0,0.0,0.0,0.0,0.0,0.0
1366,2016-04-25,1367,1377,2016-04-26,2016-05-10,0.020945183042090143,1.0,0.003861993359896232,0.013144598816547948,0.0964614577733031,0.4937106918238994,outer_02,none,0.05,0,,False,5.0,0.0,0.0,0.0,0.0,0.0,0.0,0.0,0.0
1367,2016-04-26,1368,1378,2016-04-27,2016-05-11,0.01853477111254076,1.0,0.004981511039064301,0.002382870230712264,0.07172385297773437,0.4937106918238994,outer_02,none,0.05,0,,False,5.0,0.0,0.0,0.0,0.0,0.0,0.0,0.0,0.0
1368,2016-04-27,1369,1379,2016-04-28,2016-05-12,0.025440451820220922,1.0,0.001847642372298175,0.017422438389990802,0.08684607207935574,0.4937106918238994,outer_02,none,0.05,0,,False,5.0,0.0,0.0,0.0,0.0,0.0,0.0,0.0,0.0
1369,2016-04-28,1370,1380,2016-04-29,2016-05-13,-0.0014624335124233667,0.0,0.01616899654835091,0.027095421212280257,0.07147794315162137,0.4937106918238994,outer_02,none,0.05,0,,False,5.0,0.0,-0.0,-0.0,0.0,-0.0,-0.0,-0.0,-0.0
1370,2016-04-29,1371,1381,2016-05-02,2016-05-16,-0.015538032310444372,0.0,0.021399504867130048,0.056871085212221395,0.22874467215961347,0.4937106918238994,outer_02,none,0.05,0,,False,5.0,0.0,-0.0,-0.0,0.0,-0.0,-0.0,-0.0,-0.0
1371,2016-05-02,1372,1382,2016-05-03,2016-05-17,-0.014036712850030497,0.0,-0.0018878732995171177,0.0604063477247756,0.31077315683723666,0.4937106918238994,outer_02,none,0.05,0,,False,5.0,0.0,-0.0,-0.0,0.0,-0.0,-0.0,-0.0,-0.0
1372,2016-05-03,1373,1383,2016-05-04,2016-05-18,-0.0041000595276328156,0.0,-0.003809794448928372,0.044396992320535844,0.35624286460253546,0.4937106918238994,outer_02,none,0.05,0,,False,5.0,0.0,-0.0,-0.0,0.0,-0.0,-0.0,-0.0,-0.0
1373,2016-05-04,1374,1384,2016-05-05,2016-05-19,-0.01653933102053351,0.0,-0.005159712776740655,0.0461200793961396,0.38746783217132785,0.4937106918238994,outer_02,none,0.05,-1,row1373_entry1374_exit1384,True,5.0,0.000499875041651048,0.01653933102053351,0.016039455978882462,0.0,-0.017039206062184557,0.016039455978882462,0.016039455978882462,-0.017039206062184557
1374,2016-05-05,1375,1385,2016-05-06,2016-05-20,-0.017227920605830782,0.0,-0.001266713751361337,0.029771642454123892,0.45372106042101973,0.4937106918238994,outer_02,none,0.05,0,,False,5.0,0.0,-0.0,-0.0,0.0,-0.0,-0.0,-0.0,-0.0
1375,2016-05-06,1376,1386,2016-05-09,2016-05-23,-0.026712655069503377,0.0,0.008344776869622983,0.038205090029019395,0.31253505714593566,0.4937106918238994,outer_02,none,0.05,0,,False,5.0,0.0,-0.0,-0.0,0.0,-0.0,-0.0,-0.0,-0.0
1376,2016-05-09,1377,1387,2016-05-10,2016-05-24,-0.012169986679675837,0.0,-0.020150453143704894,0.0044275244905023214,0.3058535487859924,0.4937106918238994,outer_02,none,0.05,0,,False,5.0,0.0,-0.0,-0.0,0.0,-0.0,-0.0,-0.0,-0.0
1377,2016-05-10,1378,1388,2016-05-11,2016-05-25,-0.03095457549453773,0.0,0.002419700378779588,0.00851858765747604,0.31828886838967807,0.4937106918238994,outer_02,none,0.05,0,,False,5.0,0.0,-0.0,-0.0,0.0,-0.0,-0.0,-0.0,-0.0
1378,2016-05-11,1379,1389,2016-05-12,2016-05-26,-0.0432796954666852,0.0,0.00862674276253017,0.026951017796788435,0.36056259257858214,0.4937106918238994,outer_02,none,0.05,0,,False,5.0,0.0,-0.0,-0.0,0.0,-0.0,-0.0,-0.0,-0.0
1379,2016-05-12,1380,1390,2016-05-13,2016-05-27,-0.03539508527615087,0.0,-0.010785213221874201,0.02979636033545141,0.2935779245723268,0.4937106918238994,outer_02,none,0.05,0,,False,5.0,0.0,-0.0,-0.0,0.0,-0.0,-0.0,-0.0,-0.0
1380,2016-05-13,1381,1391,2016-05-16,2016-05-30,-0.04811742237969696,0.0,0.007789625940894496,0.03156985470270879,0.27741190885059286,0.4937106918238994,outer_02,none,0.05,0,,False,5.0,0.0,-0.0,-0.0,0.0,-0.0,-0.0,-0.0,-0.0
1381,2016-05-16,1382,1392,2016-05-17,2016-05-31,-0.05402012957488722,0.0,0.00025128390501816256,0.03276181904849906,0.3468973030630919,0.4937106918238994,outer_02,none,0.05,0,,False,5.0,0.0,-0.0,-0.0,0.0,-0.0,-0.0,-0.0,-0.0
1382,2016-05-17,1383,1393,2016-05-18,2016-06-01,-0.05149557323209386,0.0,0.0044185462505605955,0.02297024854904084,0.3678197784716483,0.4937106918238994,outer_02,none,0.05,0,,False,5.0,0.0,-0.0,-0.0,0.0,-0.0,-0.0,-0.0,-0.0
1383,2016-05-18,1384,1394,2016-05-19,2016-06-02,-0.037059110942451845,0.0,-0.016854021531605312,0.011336956543667398,0.2904029019386993,0.4937106918238994,outer_02,none,0.05,-1,row1383_entry1384_exit1394,True,5.0,0.000499875041651048,0.037059110942451845,0.0365592359008008,0.0,-0.03755898598410289,0.0365592359008008,0.0365592359008008,-0.03755898598410289
1384,2016-05-19,1385,1395,2016-05-20,2016-06-03,-0.03678450721616233,0.0,-0.002929845094442385,0.004338852258396031,0.3045241357318332,0.4937106918238994,outer_02,none,0.05,0,,False,5.0,0.0,-0.0,-0.0,0.0,-0.0,-0.0,-0.0,-0.0
1385,2016-05-20,1386,1396,2016-05-23,2016-06-06,-0.005083520011928577,0.0,-0.0018275340167512866,0.015439163009220103,0.31849631671358214,0.4937106918238994,outer_02,none,0.05,0,,False,5.0,0.0,-0.0,-0.0,0.0,-0.0,-0.0,-0.0,-0.0
1386,2016-05-23,1387,1397,2016-05-24,2016-06-07,-0.0030477069562762082,0.0,-0.0023271539665916663,0.009250015682732204,0.27524271320414917,0.4937106918238994,outer_02,none,0.05,0,,False,5.0,0.0,-0.0,-0.0,0.0,-0.0,-0.0,-0.0,-0.0
1387,2016-05-24,1388,1398,2016-05-25,2016-06-08,0.01388315652297667,1.0,-0.018015594086871367,-0.013747089443203464,0.1900374946228865,0.4937106918238994,outer_02,none,0.05,0,,False,5.0,0.0,0.0,0.0,0.0,0.0,0.0,0.0,0.0
1388,2016-05-25,1389,1399,2016-05-26,2016-06-09,0.03076323685694149,1.0,-0.0019338814609612953,-0.017528613276462934,0.22738235633189852,0.4937106918238994,outer_02,none,0.05,0,,False,5.0,0.0,0.0,0.0,0.0,0.0,0.0,0.0,0.0
1389,2016-05-26,1390,1400,2016-05-27,2016-06-10,0.03949240012617494,1.0,-0.0038544207788193674,-0.03755203060363321,0.20388231292134024,0.4937106918238994,outer_02,none,0.05,0,,False,5.0,0.0,0.0,0.0,0.0,0.0,0.0,0.0,0.0
1390,2016-05-27,1391,1401,2016-05-30,2016-06-13,0.04966409165768226,1.0,-0.0065645209946954,-0.06551605646545866,0.24207466058185861,0.4937106918238994,outer_02,none,0.05,0,,False,5.0,0.0,0.0,0.0,0.0,0.0,0.0,0.0,0.0
1391,2016-05-30,1392,1402,2016-05-31,2016-06-14,0.06119949518961487,1.0,-0.003505526441903939,-0.06713370960784548,0.27868230409502004,0.4937106918238994,outer_02,none,0.05,0,,False,5.0,0.0,0.0,0.0,0.0,0.0,0.0,0.0,0.0
1392,2016-05-31,1393,1403,2016-06-01,2016-06-15,0.055043183098348436,1.0,0.006340630866125352,-0.05698328429279176,0.3133557093998245,0.4937106918238994,outer_02,none,0.05,0,,False,5.0,0.0,0.0,0.0,0.0,0.0,0.0,0.0,0.0
1393,2016-06-01,1394,1404,2016-06-02,2016-06-16,0.06413185143976019,1.0,-0.002067844124475471,-0.053891415640526574,0.33114253109791725,0.4937106918238994,outer_02,none,0.05,-1,row1393_entry1394_exit1404,True,5.0,0.000499875041651048,-0.06413185143976019,-0.06463172648141124,0.0,0.06363197639810914,-0.06463172648141124,-0.06463172648141124,-0.06463172648141124
1394,2016-06-02,1395,1405,2016-06-03,2016-06-17,0.05517809780342553,1.0,-0.0012708369427807398,-0.05389553883194598,0.2761906572521983,0.4937106918238994,outer_02,none,0.05,0,,False,5.0,0.0,0.0,0.0,0.0,0.0,0.0,0.0,0.0
1395,2016-06-03,1396,1406,2016-06-06,2016-06-20,0.033274613497543015,1.0,0.027270640969732085,-0.034969674731836875,0.2454784070117417,0.4937106918238994,outer_02,none,0.05,0,,False,5.0,0.0,0.0,0.0,0.0,0.0,0.0,0.0,0.0
1396,2016-06-06,1397,1407,2016-06-07,2016-06-21,0.03534555815693352,1.0,0.00030529445083349316,-0.014513927137298488,0.3519164552739229,0.4937106918238994,outer_02,none,0.05,0,,False,5.0,0.0,0.0,0.0,0.0,0.0,0.0,0.0,0.0
1397,2016-06-07,1398,1408,2016-06-08,2016-06-22,0.019863593237740673,1.0,-0.00048208647958070117,-0.017415713995658777,0.29705673751607925,0.4937106918238994,outer_02,none,0.05,0,,False,5.0,0.0,0.0,0.0,0.0,0.0,0.0,0.0,0.0
1398,2016-06-08,1399,1409,2016-06-09,2016-06-23,0.0015365487709129155,1.0,0.014005887077038537,-0.01203656968115041,0.37641595349639656,0.4937106918238994,outer_02,none,0.05,0,,False,5.0,0.0,0.0,0.0,0.0,0.0,0.0,0.0,0.0
1399,2016-06-09,1400,1410,2016-06-10,2016-06-24,-0.012869231223928246,0.0,0.005910350807076803,0.0046589943478005935,0.42064011306900506,0.4937106918238994,outer_02,none,0.05,0,,False,5.0,0.0,-0.0,-0.0,0.0,-0.0,-0.0,-0.0,-0.0
1400,2016-06-10,1401,1411,2016-06-13,2016-06-27,0.039546832789584485,1.0,0.003735176691333386,0.000604545098239484,0.39188948414840036,0.4937106918238994,outer_02,none,0.05,0,,False,5.0,0.0,0.0,0.0,0.0,0.0,0.0,0.0,0.0
1401,2016-06-13,1402,1412,2016-06-14,2016-06-28,0.03128395339709655,1.0,0.007662453340625319,0.00801571453384664,0.3971643543538306,0.4937106918238994,outer_02,none,0.05,0,,False,5.0,0.0,0.0,0.0,0.0,0.0,0.0,0.0,0.0
1402,2016-06-14,1403,1413,2016-06-15,2016-06-29,0.020796695080349537,1.0,0.0015565780225417214,0.005153746305827767,0.4134044690975262,0.4937106918238994,outer_02,none,0.05,0,,False,5.0,0.0,0.0,0.0,0.0,0.0,0.0,0.0,0.0
1403,2016-06-15,1404,1414,2016-06-16,2016-06-30,0.018730510547437795,1.0,0.004376544399694815,0.026384312237127894,0.45335311161173664,0.4937106918238994,outer_02,none,0.05,0,,False,5.0,0.0,0.0,0.0,0.0,0.0,0.0,0.0,0.0
1404,2016-06-16,1405,1415,2016-06-17,2016-07-01,0.03352148915629627,1.0,-0.009929038174654181,0.019385119156916097,0.43390361532051125,0.4937106918238994,outer_02,none,0.05,-1,row1404_entry1405_exit1415,True,5.0,0.000499875041651048,-0.03352148915629627,-0.03402136419794732,0.0,0.03302161411464522,-0.03402136419794732,-0.03402136419794732,0.03302161411464522
1405,2016-06-17,1406,1416,2016-06-20,2016-07-04,0.04077191901041921,1.0,0.015365219064055857,0.03657787223772324,0.3921305503084804,0.4937106918238994,outer_02,none,0.05,0,,False,5.0,0.0,0.0,0.0,0.0,0.0,0.0,0.0,0.0
1406,2016-06-20,1407,1417,2016-06-21,2016-07-05,0.04508634183626459,1.0,-0.006799856205133459,0.03210516999918145,0.4491355198007675,0.4937106918238994,outer_02,none,0.05,0,,False,5.0,0.0,0.0,0.0,0.0,0.0,0.0,0.0,0.0
1407,2016-06-21,1408,1418,2016-06-22,2016-07-06,0.06652290491484703,1.0,-0.017654442017430938,0.03246632206862188,0.45980536584270504,0.4937106918238994,outer_02,none,0.05,0,,False,5.0,0.0,0.0,0.0,0.0,0.0,0.0,0.0,0.0
1408,2016-06-22,1409,1419,2016-06-23,2016-07-07,0.07546265599029489,1.0,-0.0008842431613080848,0.03351596036827509,0.41400079376349497,0.4937106918238994,outer_02,none,0.05,0,,False,5.0,0.0,0.0,0.0,0.0,0.0,0.0,0.0,0.0
1409,2016-06-23,1410,1420,2016-06-24,2016-07-08,0.08132306926987543,1.0,-0.008009495558765067,0.02936088558832939,0.3801168009067547,0.4937106918238994,outer_02,none,0.05,0,,False,5.0,0.0,0.0,0.0,0.0,0.0,0.0,0.0,0.0
1410,2016-06-24,1411,1421,2016-06-27,2016-07-11,0.031414252712787416,1.0,0.04644582117407303,0.08237122775709782,0.2045576809442788,0.4937106918238994,outer_02,none,0.05,0,,False,5.0,0.0,0.0,0.0,0.0,0.0,0.0,0.0,0.0
1411,2016-06-27,1412,1422,2016-06-28,2016-07-12,0.023253997364954593,1.0,0.006975847719907335,0.0928526019189091,0.5846300691939436,0.4937106918238994,outer_02,none,0.05,0,,False,5.0,0.0,0.0,0.0,0.0,0.0,0.0,0.0,0.0
1412,2016-06-28,1413,1423,2016-06-29,2016-07-13,0.01666887946891027,1.0,-0.009761576855028764,0.07675039419775498,0.6492230717504703,0.4937106918238994,outer_02,none,0.05,0,,False,5.0,0.0,0.0,0.0,0.0,0.0,0.0,0.0,0.0
1413,2016-06-29,1414,1424,2016-06-30,2016-07-14,0.019026715188394938,1.0,0.005010255252992479,0.08382849357522293,0.5797066276391556,0.4937106918238994,outer_02,none,0.05,0,,False,5.0,0.0,0.0,0.0,0.0,0.0,0.0,0.0,0.0
1414,2016-06-30,1415,1425,2016-07-01,2016-07-15,0.009631521129332299,1.0,0.002257422801093867,0.08735675331909754,0.47044261823849326,0.4937106918238994,outer_02,none,0.05,0,,False,5.0,0.0,0.0,0.0,0.0,0.0,0.0,0.0,0.0
1415,2016-07-01,1416,1426,2016-07-04,2016-07-18,-0.00411412396044053,0.0,0.015541670103441874,0.07562778245280732,0.46965518466016565,0.4937106918238994,outer_02,none,0.05,0,,False,5.0,0.0,-0.0,-0.0,0.0,-0.0,-0.0,-0.0,-0.0
1416,2016-07-04,1417,1427,2016-07-05,2016-07-19,-0.01573223949457958,0.0,0.006349557742357348,0.08167204574433118,0.5373583489490091,0.4937106918238994,outer_02,none,0.05,0,,False,5.0,0.0,-0.0,-0.0,0.0,-0.0,-0.0,-0.0,-0.0
1417,2016-07-05,1418,1428,2016-07-06,2016-07-20,-0.018415603542797143,0.0,0.0038420948233239827,0.08599622704723586,0.41926227812929845,0.4937106918238994,outer_02,none,0.05,-1,row1417_entry1418_exit1428,True,5.0,0.000499875041651048,0.018415603542797143,0.017915728501146096,0.0,-0.01891547858444819,0.017915728501146096,-0.01891547858444819,-0.01891547858444819
1418,2016-07-06,1419,1429,2016-07-07,2016-07-21,-0.0364029808108155,0.0,0.005625614624571007,0.07761595459476833,0.4458519534445434,0.4937106918238994,outer_02,none,0.05,0,,False,5.0,0.0,-0.0,-0.0,0.0,-0.0,-0.0,-0.0,-0.0
1419,2016-07-07,1420,1430,2016-07-08,2016-07-22,-0.02109332679851761,0.0,-0.002496366881810985,0.06920923690588054,0.3581017566219255,0.4937106918238994,outer_02,none,0.05,0,,False,5.0,0.0,-0.0,-0.0,0.0,-0.0,-0.0,-0.0,-0.0
1420,2016-07-08,1421,1431,2016-07-11,2016-07-25,-0.034692349821750845,0.0,0.003412584360632742,0.0688866445751799,0.24969726790887167,0.4937106918238994,outer_02,none,0.05,0,,False,5.0,0.0,-0.0,-0.0,0.0,-0.0,-0.0,-0.0,-0.0
1421,2016-07-11,1422,1432,2016-07-12,2016-07-26,-0.02993771388696853,0.0,-0.00761908447643922,0.05360510675811536,0.4188312859362856,0.4937106918238994,outer_02,none,0.05,0,,False,5.0,0.0,-0.0,-0.0,0.0,-0.0,-0.0,-0.0,-0.0
1422,2016-07-12,1423,1433,2016-07-13,2016-07-27,-0.011013435107160241,0.0,-0.016292108431682273,0.03575642030389137,0.41951556353782693,0.4937106918238994,outer_02,none,0.05,0,,False,5.0,0.0,-0.0,-0.0,0.0,-0.0,-0.0,-0.0,-0.0
1423,2016-07-13,1424,1434,2016-07-14,2016-07-28,-0.0033714517975722558,0.0,0.007326697348219113,0.038706573252415666,0.33326636151348704,0.4937106918238994,outer_02,none,0.05,0,,False,5.0,0.0,-0.0,-0.0,0.0,-0.0,-0.0,-0.0,-0.0
1424,2016-07-14,1425,1435,2016-07-15,2016-07-29,-7.488533183774848e-06,0.0,-0.005939479771295275,0.04269613165577457,0.32033689855868225,0.4937106918238994,outer_02,none,0.05,0,,False,5.0,0.0,-0.0,-0.0,0.0,-0.0,-0.0,-0.0,-0.0
1425,2016-07-15,1426,1436,2016-07-18,2016-08-01,0.012291939383374029,1.0,0.002813509686619753,0.030144422278338467,0.262229018098848,0.4937106918238994,outer_02,none,0.05,0,,False,5.0,0.0,0.0,0.0,0.0,0.0,0.0,0.0,0.0
1426,2016-07-18,1427,1437,2016-07-19,2016-08-02,0.018559525408941013,1.0,-0.007440052919821305,0.02950422556365062,0.34763793608951304,0.4937106918238994,outer_02,none,0.05,0,,False,5.0,0.0,0.0,0.0,0.0,0.0,0.0,0.0,0.0
1427,2016-07-19,1428,1438,2016-07-20,2016-08-03,0.02300367820638982,1.0,0.0026763914784382337,0.04983505905951979,0.35212379907861735,0.4937106918238994,outer_02,none,0.05,-1,row1427_entry1428_exit1438,True,5.0,0.000499875041651048,-0.02300367820638982,-0.02350355324804087,0.0,0.022503803164738774,-0.02350355324804087,0.022503803164738774,0.022503803164738774
1428,2016-07-20,1429,1439,2016-07-21,2016-08-04,0.03277828334206845,1.0,-0.012533830841521265,0.03818547137930661,0.39287314937324924,0.4937106918238994,outer_02,none,0.05,0,,False,5.0,0.0,0.0,0.0,0.0,0.0,0.0,0.0,0.0
1429,2016-07-21,1430,1440,2016-07-22,2016-08-05,0.02238735899167832,1.0,0.011925505781925416,0.058120472719997096,0.2964047976681173,0.4937106918238994,outer_02,none,0.05,0,,False,5.0,0.0,0.0,0.0,0.0,0.0,0.0,0.0,0.0
1430,2016-07-22,1431,1441,2016-07-25,2016-08-08,0.00837776968794568,1.0,-0.0065799876374992294,0.005094663908424835,0.3708704969507333,0.4937106918238994,outer_02,none,0.05,0,,False,5.0,0.0,0.0,0.0,0.0,0.0,0.0,0.0,0.0
1431,2016-07-25,1432,1442,2016-07-26,2016-08-09,0.014882395005176186,1.0,-0.0050262600367396715,-0.006907443848222172,0.4384214180741772,0.4937106918238994,outer_02,none,0.05,0,,False,5.0,0.0,0.0,0.0,0.0,0.0,0.0,0.0,0.0
1432,2016-07-26,1433,1443,2016-07-27,2016-08-10,0.015561209453421654,1.0,0.003368794821657417,0.006222927828464009,0.38034372011770284,0.4937106918238994,outer_02,none,0.05,0,,False,5.0,0.0,0.0,0.0,0.0,0.0,0.0,0.0,0.0
1433,2016-07-27,1434,1444,2016-07-28,2016-08-11,0.006375283194832271,1.0,0.014483307395352973,0.015695979970824503,0.3158538505378102,0.4937106918238994,outer_02,none,0.05,0,,False,5.0,0.0,0.0,0.0,0.0,0.0,0.0,0.0,0.0
1434,2016-07-28,1435,1445,2016-07-29,2016-08-12,0.001982502267117603,1.0,-0.0030955841646864712,0.010342973005044165,0.2876124635225219,0.4937106918238994,outer_02,none,0.05,0,,False,5.0,0.0,0.0,0.0,0.0,0.0,0.0,0.0,0.0
1435,2016-07-29,1436,1446,2016-08-01,2016-08-15,-0.010030816244539054,0.0,0.011755513329842593,0.006556816231444884,0.2675628796759224,0.4937106918238994,outer_02,none,0.05,0,,False,5.0,0.0,-0.0,-0.0,0.0,-0.0,-0.0,-0.0,-0.0
1436,2016-08-01,1437,1447,2016-08-02,2016-08-16,-0.00997545995392457,0.0,0.0011982959005321092,0.0014055543896196454,0.2764380344056885,0.4937106918238994,outer_02,none,0.05,0,,False,5.0,0.0,-0.0,-0.0,0.0,-0.0,-0.0,-0.0,-0.0
1437,2016-08-02,1438,1448,2016-08-03,2016-08-17,-0.013032314371462128,0.0,0.00805482193271434,0.005618281499010003,0.23800735027271147,0.4937106918238994,outer_02,none,0.05,-1,row1437_entry1438_exit1448,True,5.0,0.000499875041651048,0.013032314371462128,0.01253243932981108,0.0,-0.013532189413113176,0.01253243932981108,-0.013532189413113176,-0.013532189413113176
1438,2016-08-03,1439,1449,2016-08-04,2016-08-18,-0.005954421339827931,0.0,-0.004056115075904643,-0.004063448201465647,0.1512170013675237,0.4937106918238994,outer_02,none,0.05,0,,False,5.0,0.0,-0.0,-0.0,0.0,-0.0,-0.0,-0.0,-0.0
1439,2016-08-04,1440,1450,2016-08-05,2016-08-19,-0.006531345552767576,0.0,0.002066853492746823,0.0004997721730921612,0.16231233727246003,0.4937106918238994,outer_02,none,0.05,0,,False,5.0,0.0,-0.0,-0.0,0.0,-0.0,-0.0,-0.0,-0.0
1440,2016-08-05,1441,1451,2016-08-08,2016-08-22,0.004080522876858339,1.0,-0.01785927230104356,-0.02077208448858414,0.2326248486417126,0.4937106918238994,outer_02,none,0.05,0,,False,5.0,0.0,0.0,0.0,0.0,0.0,0.0,0.0,0.0
1441,2016-08-08,1442,1452,2016-08-09,2016-08-23,0.0029172203889675785,1.0,-0.0014222410924844553,-0.014575241104629377,0.17253218245025434,0.4937106918238994,outer_02,none,0.05,0,,False,5.0,0.0,0.0,0.0,0.0,0.0,0.0,0.0,0.0
1442,2016-08-09,1443,1453,2016-08-10,2016-08-24,-0.0016506645617324622,0.0,0.0040965587935231085,0.005813426120576004,0.15298576584799342,0.4937106918238994,outer_02,none,0.05,0,,False,5.0,0.0,-0.0,-0.0,0.0,-0.0,-0.0,-0.0,-0.0
1443,2016-08-10,1444,1454,2016-08-11,2016-08-25,-0.016203685751848163,0.0,0.004131852739409858,0.002618581511766749,0.13714982068925752,0.4937106918238994,outer_02,none,0.05,0,,False,5.0,0.0,-0.0,-0.0,0.0,-0.0,-0.0,-0.0,-0.0
1444,2016-08-11,1445,1455,2016-08-12,2016-08-26,-0.012151073607038931,0.0,-0.00561753188953773,0.0029405293935242938,0.13883274079089883,0.4937106918238994,outer_02,none,0.05,0,,False,5.0,0.0,-0.0,-0.0,0.0,-0.0,-0.0,-0.0,-0.0
1445,2016-08-12,1446,1456,2016-08-15,2016-08-29,-0.013249913415753767,0.0,-0.0014055866899349567,-0.0012785669830304158,0.18047077809947204,0.4937106918238994,outer_02,none,0.05,0,,False,5.0,0.0,-0.0,-0.0,0.0,-0.0,-0.0,-0.0,-0.0
1446,2016-08-15,1447,1457,2016-08-16,2016-08-30,-0.012234888304186953,0.0,0.0019583081100105204,0.00811979404680141,0.1733029637825763,0.4937106918238994,outer_02,none,0.05,0,,False,5.0,0.0,-0.0,-0.0,0.0,-0.0,-0.0,-0.0,-0.0
1447,2016-08-16,1448,1458,2016-08-17,2016-08-31,-0.025723414508831866,0.0,0.005339661253216832,0.010783063821580008,0.13001860527289918,0.4937106918238994,outer_02,none,0.05,-1,row1447_entry1448_exit1458,True,5.0,0.000499875041651048,0.025723414508831866,0.025223539467180818,0.0,-0.026223289550482913,0.025223539467180818,-0.026223289550482913,-0.026223289550482913
1448,2016-08-17,1449,1459,2016-08-18,2016-09-01,-0.029934023600050708,0.0,0.0015362867193831065,0.02485318138248438,0.14762776415957335,0.4937106918238994,outer_02,none,0.05,0,,False,5.0,0.0,-0.0,-0.0,0.0,-0.0,-0.0,-0.0,-0.0
1449,2016-08-18,1450,1460,2016-08-19,2016-09-02,-0.0287654685681753,0.0,0.0027623406355026248,0.015690016236061588,0.13778411587813685,0.4937106918238994,outer_02,none,0.05,0,,False,5.0,0.0,-0.0,-0.0,0.0,-0.0,-0.0,-0.0,-0.0
1450,2016-08-19,1451,1461,2016-08-22,2016-09-05,-0.010221374949636264,0.0,-0.008354763813591681,0.013915240059969136,0.1813324479649147,0.4937106918238994,outer_02,none,0.05,0,,False,5.0,0.0,-0.0,-0.0,0.0,-0.0,-0.0,-0.0,-0.0
1451,2016-08-22,1452,1462,2016-08-23,2016-09-06,-0.009485857458320979,0.0,-0.00170924263963812,0.017232257457070688,0.23013588530527226,0.4937106918238994,outer_02,none,0.05,0,,False,5.0,0.0,-0.0,-0.0,0.0,-0.0,-0.0,-0.0,-0.0
1452,2016-08-23,1453,1463,2016-08-24,2016-09-07,0.007766436523617415,1.0,-0.00042589915800217426,0.013437563477411096,0.233466926220143,0.4937106918238994,outer_02,none,0.05,0,,False,5.0,0.0,0.0,0.0,0.0,0.0,0.0,0.0,0.0
1453,2016-08-24,1454,1464,2016-08-25,2016-09-08,0.01476981267509725,1.0,-0.010638877788470502,-0.01168462170641238,0.24257393883854492,0.4937106918238994,outer_02,none,0.05,0,,False,5.0,0.0,0.0,0.0,0.0,0.0,0.0,0.0,0.0
1454,2016-08-25,1455,1465,2016-08-26,2016-09-09,0.012315482147685408,1.0,-0.0018447399914993667,-0.010433777533225275,0.2633298832136708,0.4937106918238994,outer_02,none,0.05,0,,False,5.0,0.0,0.0,0.0,0.0,0.0,0.0,0.0,0.0
1455,2016-08-26,1456,1466,2016-08-29,2016-09-12,0.006767346315396772,1.0,0.00029508457413562894,-0.02189420628893224,0.31231726537121357,0.4937106918238994,outer_02,none,0.05,0,,False,5.0,0.0,0.0,0.0,0.0,0.0,0.0,0.0,0.0
1456,2016-08-29,1457,1467,2016-08-30,2016-09-13,0.003093501591767911,1.0,0.0010585612118498844,-0.022033940977614463,0.29093911820104,0.4937106918238994,outer_02,none,0.05,0,,False,5.0,0.0,0.0,0.0,0.0,0.0,0.0,0.0,0.0
1457,2016-08-30,1458,1468,2016-08-31,2016-09-14,0.005695421430846004,1.0,-0.009788923135715777,-0.03987768604604458,0.41905907783592167,0.4937106918238994,outer_02,none,0.05,-1,row1457_entry1458_exit1468,True,5.0,0.000499875041651048,-0.005695421430846004,-0.006195296472497051,0.0,0.005195546389194956,-0.006195296472497051,-0.006195296472497051,-0.006195296472497051
1458,2016-08-31,1459,1469,2016-09-01,2016-09-15,0.00978560189335731,1.0,-0.0011835811962912501,-0.03700515216643119,0.3521268020234082,0.4937106918238994,outer_02,none,0.05,0,,False,5.0,0.0,0.0,0.0,0.0,0.0,0.0,0.0,0.0
1459,2016-09-01,1460,1470,2016-09-02,2016-09-16,0.0011182917928769243,1.0,0.003150569975192141,-0.03592143568398587,0.3176177070988882,0.4937106918238994,outer_02,none,0.05,0,,False,5.0,0.0,0.0,0.0,0.0,0.0,0.0,0.0,0.0
1460,2016-09-02,1461,1471,2016-09-05,2016-09-19,-0.01131130728891172,0.0,0.008992607249712847,-0.009069556133229462,0.2593426824031819,0.4937106918238994,outer_02,none,0.05,0,,False,5.0,0.0,-0.0,-0.0,0.0,-0.0,-0.0,-0.0,-0.0
1461,2016-09-05,1462,1472,2016-09-06,2016-09-20,-0.00986603339589287,0.0,0.0015160603444615006,-0.006131254696283506,0.2480699921038497,0.4937106918238994,outer_02,none,0.05,0,,False,5.0,0.0,-0.0,-0.0,0.0,-0.0,-0.0,-0.0,-0.0
1462,2016-09-06,1463,1473,2016-09-07,2016-09-21,-0.025063366234388873,0.0,0.017519601506038818,0.0072917880162322035,0.2876459226886196,0.4937106918238994,outer_02,none,0.05,0,,False,5.0,0.0,-0.0,-0.0,0.0,-0.0,-0.0,-0.0,-0.0
1463,2016-09-07,1464,1474,2016-09-08,2016-09-22,-0.008324267065630053,0.0,-0.004096480682248327,-0.0009365454054259814,0.2759090243343648,0.4937106918238994,outer_02,none,0.05,0,,False,5.0,0.0,-0.0,-0.0,0.0,-0.0,-0.0,-0.0,-0.0
1464,2016-09-08,1465,1475,2016-09-09,2016-09-23,-0.0006054558482500028,0.0,-0.005286342784663667,-0.000605356300551918,0.2536921979622594,0.4937106918238994,outer_02,none,0.05,0,,False,5.0,0.0,-0.0,-0.0,0.0,-0.0,-0.0,-0.0,-0.0
1465,2016-09-09,1466,1476,2016-09-12,2016-09-26,0.006078635493948603,1.0,-0.007368312220639162,-0.006568081831256123,0.20314109920461063,0.4937106918238994,outer_02,none,0.05,0,,False,5.0,0.0,0.0,0.0,0.0,0.0,0.0,0.0,0.0
1466,2016-09-12,1467,1477,2016-09-13,2016-09-27,0.00810322483772108,1.0,-0.0003389562439943816,-0.008865346185261025,0.22723217562566542,0.4937106918238994,outer_02,none,0.05,0,,False,5.0,0.0,0.0,0.0,0.0,0.0,0.0,0.0,0.0
1467,2016-09-13,1468,1478,2016-09-14,2016-09-28,0.0060023917561711215,1.0,-0.007213041911223073,-0.02141804934970093,0.19600736396123825,0.4937106918238994,outer_02,none,0.05,-1,row1467_entry1468_exit1478,True,5.0,0.000499875041651048,-0.0060023917561711215,-0.006502266797822169,0.0,0.005502516714520074,-0.006502266797822169,-0.006502266797822169,-0.006502266797822169
1468,2016-09-14,1469,1479,2016-09-15,2016-09-29,-0.0007412001730973117,0.0,0.0031365800654254983,-0.019817756003658538,0.18810349632331522,0.4937106918238994,outer_02,none,0.05,0,,False,5.0,0.0,-0.0,-0.0,0.0,-0.0,-0.0,-0.0,-0.0
1469,2016-09-15,1470,1480,2016-09-16,2016-09-30,0.004574236785846786,1.0,-0.00574271697595119,-0.028322813615112352,0.15926313695224176,0.4937106918238994,outer_02,none,0.05,0,,False,5.0,0.0,0.0,0.0,0.0,0.0,0.0,0.0,0.0
1470,2016-09-16,1471,1481,2016-09-19,2016-10-03,0.0056033218300193255,1.0,-0.003620334204586406,-0.023588384006107077,0.17631173318968654,0.4937106918238994,outer_02,none,0.05,0,,False,5.0,0.0,0.0,0.0,0.0,0.0,0.0,0.0,0.0
1471,2016-09-19,1472,1482,2016-09-20,2016-10-04,-0.0010819295972614995,0.0,0.0027069600611220324,-0.019172181305346925,0.16838151399885723,0.4937106918238994,outer_02,none,0.05,0,,False,5.0,0.0,-0.0,-0.0,0.0,-0.0,-0.0,-0.0,-0.0
1472,2016-09-20,1473,1483,2016-09-21,2016-10-05,-0.03597532533483516,0.0,0.0012556744811202947,-0.017490607666224456,0.12639148466195274,0.4937106918238994,outer_02,none,0.05,0,,False,5.0,0.0,-0.0,-0.0,0.0,-0.0,-0.0,-0.0,-0.0
1473,2016-09-21,1474,1484,2016-09-22,2016-10-06,-0.050895250360362354,0.0,0.015889996998319944,0.00903826712056599,0.21054639893121146,0.4937106918238994,outer_02,none,0.05,0,,False,5.0,0.0,-0.0,-0.0,0.0,-0.0,-0.0,-0.0,-0.0
1474,2016-09-22,1475,1485,2016-09-23,2016-10-07,-0.06345493953314119,0.0,0.0013464791609569815,0.012229486273022339,0.34516842916790075,0.4937106918238994,outer_02,none,0.05,0,,False,5.0,0.0,-0.0,-0.0,0.0,-0.0,-0.0,-0.0,-0.0
1475,2016-09-23,1476,1486,2016-09-26,2016-10-10,-0.06107549743011198,0.0,0.0007472613221546354,0.012681663021041345,0.3647327942888147,0.4937106918238994,outer_02,none,0.05,0,,False,5.0,0.0,-0.0,-0.0,0.0,-0.0,-0.0,-0.0,-0.0
1476,2016-09-26,1477,1487,2016-09-27,2016-10-11,-0.0607848299846383,0.0,-0.0006426111153752245,0.010980490693816236,0.34932855973425203,0.4937106918238994,outer_02,none,0.05,0,,False,5.0,0.0,-0.0,-0.0,0.0,-0.0,-0.0,-0.0,-0.0
1477,2016-09-27,1478,1488,2016-09-28,2016-10-12,-0.057094572676740896,0.0,-0.008248537233965791,0.012520876595566222,0.3792201384608433,0.4937106918238994,outer_02,none,0.05,-1,row1477_entry1478_exit1488,True,5.0,0.000499875041651048,0.057094572676740896,0.05659469763508985,0.0,-0.05759444771839194,0.05659469763508985,0.05659469763508985,-0.05759444771839194
1478,2016-09-28,1479,1489,2016-09-29,2016-10-13,-0.0513056391054354,0.0,-0.004078031886882272,0.0096264259049752,0.2638937392229625,0.4937106918238994,outer_02,none,0.05,0,,False,5.0,0.0,-0.0,-0.0,0.0,-0.0,-0.0,-0.0,-0.0
1479,2016-09-29,1480,1490,2016-09-30,2016-10-14,-0.04904638989775112,0.0,-0.0008100323320272551,0.005665823597755804,0.19801020199873,0.4937106918238994,outer_02,none,0.05,0,,False,5.0,0.0,-0.0,-0.0,0.0,-0.0,-0.0,-0.0,-0.0
1480,2016-09-30,1481,1491,2016-10-03,2016-10-17,-0.05142156609036963,0.0,-0.003421478213471829,-0.006748261865428873,0.1391306286200057,0.4937106918238994,outer_02,none,0.05,0,,False,5.0,0.0,-0.0,-0.0,0.0,-0.0,-0.0,-0.0,-0.0
1481,2016-10-03,1482,1492,2016-10-04,2016-10-18,-0.0440509242347904,0.0,-0.003166366122679065,-0.011430688332569439,0.14834003783443303,0.4937106918238994,outer_02,none,0.05,0,,False,5.0,0.0,-0.0,-0.0,0.0,-0.0,-0.0,-0.0,-0.0
1482,2016-10-04,1483,1493,2016-10-05,2016-10-19,-0.004464557701172822,0.0,-0.03355119401422613,-0.06250148385283438,0.05263793436855865,0.4937106918238994,outer_02,none,0.05,0,,False,5.0,0.0,-0.0,-0.0,0.0,-0.0,-0.0,-0.0,-0.0
1483,2016-10-05,1484,1494,2016-10-06,2016-10-20,0.001237697095687551,1.0,-0.0013884836993280913,-0.05979348686991415,0.09087669735402686,0.4937106918238994,outer_02,none,0.05,0,,False,5.0,0.0,0.0,0.0,0.0,0.0,0.0,0.0,0.0
1484,2016-10-06,1485,1495,2016-10-07,2016-10-21,0.008330406379579713,1.0,-0.009757800303741071,-0.06426494438899155,0.10781203061867838,0.4937106918238994,outer_02,none,0.05,0,,False,5.0,0.0,0.0,0.0,0.0,0.0,0.0,0.0,0.0
1485,2016-10-07,1486,1496,2016-10-10,2016-10-24,0.006729335144490811,1.0,0.0017125133121531633,-0.05518411885619923,0.2651312637602558,0.4937106918238994,outer_02,none,0.05,0,,False,5.0,0.0,0.0,0.0,0.0,0.0,0.0,0.0,0.0
1486,2016-10-10,1487,1497,2016-10-11,2016-10-25,0.004120808753899752,1.0,0.0023290855954591905,-0.052516077016745655,0.43630097960846526,0.4937106918238994,outer_02,none,0.05,0,,False,5.0,0.0,0.0,0.0,0.0,0.0,0.0,0.0,0.0
1487,2016-10-11,1488,1498,2016-10-12,2016-10-26,0.016289222324738617,1.0,-0.005477589868299049,-0.05078062497382163,0.5565672296643785,0.4937106918238994,outer_02,none,0.05,1,row1487_entry1488_exit1498,True,5.0,0.000499875041651048,0.016289222324738617,0.01578934728308757,0.0,0.01578934728308757,-0.016789097366389664,-0.016789097366389664,-0.016789097366389664
1488,2016-10-12,1489,1499,2016-10-13,2016-10-27,0.008659504570083243,1.0,0.0021133816776464087,-0.05180382336160072,0.5749192367148648,0.4937106918238994,outer_02,none,0.05,0,,False,5.0,0.0,0.0,0.0,0.0,0.0,0.0,0.0,0.0
1489,2016-10-13,1490,1500,2016-10-14,2016-10-28,0.007878077649285942,1.0,0.0019419645407063868,-0.044119141844943144,0.5728107889332824,0.4937106918238994,outer_02,none,0.05,0,,False,5.0,0.0,0.0,0.0,0.0,0.0,0.0,0.0,0.0
1490,2016-10-14,1491,1501,2016-10-17,2016-10-31,0.020598897915788505,1.0,-0.0057812617413457446,-0.04628006938170248,0.7074157413311616,0.4937106918238994,outer_02,none,0.05,0,,False,5.0,0.0,0.0,0.0,0.0,0.0,0.0,0.0,0.0
1491,2016-10-17,1492,1502,2016-10-18,2016-11-01,0.01690497076068187,1.0,0.0035843333722516135,-0.0454026960705729,0.6176030436011092,0.4937106918238994,outer_02,none,0.05,0,,False,5.0,0.0,0.0,0.0,0.0,0.0,0.0,0.0,0.0
1492,2016-10-18,1493,1503,2016-10-19,2016-11-02,0.02007899648991618,1.0,0.00603789809403299,-0.040620472457660206,0.5060082230402851,0.4937106918238994,outer_02,none,0.05,0,,False,5.0,0.0,0.0,0.0,0.0,0.0,0.0,0.0,0.0
1493,2016-10-19,1494,1504,2016-10-20,2016-11-03,0.022590676918759378,1.0,0.005576413486854115,-0.050934055969126035,0.6754065493822357,0.4937106918238994,outer_02,none,0.05,0,,False,5.0,0.0,0.0,0.0,0.0,0.0,0.0,0.0,0.0
1494,2016-10-20,1495,1505,2016-10-21,2016-11-04,0.02979579714726377,1.0,-0.003092411861532973,-0.05537294699161599,0.6244945575619121,0.4937106918238994,outer_02,none,0.05,0,,False,5.0,0.0,0.0,0.0,0.0,0.0,0.0,0.0,0.0
1495,2016-10-21,1496,1506,2016-10-24,2016-11-07,0.020624929744339937,1.0,0.0008924164939045909,-0.055227791819866034,0.6224271099025006,0.4937106918238994,outer_02,none,0.05,0,,False,5.0,0.0,0.0,0.0,0.0,0.0,0.0,0.0,0.0
1496,2016-10-24,1497,1507,2016-10-25,2016-11-08,0.01411902714385338,1.0,-0.002078271752999683,-0.05666345245749049,0.647951356697028,0.4937106918238994,outer_02,none,0.05,0,,False,5.0,0.0,0.0,0.0,0.0,0.0,0.0,0.0,0.0
1497,2016-10-25,1498,1508,2016-10-26,2016-11-09,-0.0004947326777609007,0.0,0.007651641134840403,-0.0407632740886843,0.48981663345912896,0.4937106918238994,outer_02,none,0.05,0,,False,5.0,0.0,-0.0,-0.0,0.0,-0.0,-0.0,-0.0,-0.0
1498,2016-10-26,1499,1509,2016-10-27,2016-11-10,0.009375498447586672,1.0,-0.0058181123437410776,-0.042503354545543104,0.61016858804949,0.4937106918238994,outer_02,none,0.05,1,row1498_entry1499_exit1509,True,5.0,0.000499875041651048,0.009375498447586672,0.008875623405935625,0.0,0.008875623405935625,-0.00987537348923772,-0.00987537348923772,-0.00987537348923772
1499,2016-10-27,1500,1510,2016-10-28,2016-11-11,-0.006996134775384633,0.0,0.0016094678030498244,-0.040083854410466024,0.5289094180415987,0.4937106918238994,outer_02,none,0.05,0,,False,5.0,0.0,-0.0,-0.0,0.0,-0.0,-0.0,-0.0,-0.0
1500,2016-10-28,1501,1511,2016-10-31,2016-11-14,-0.0385015912586848,0.0,0.005652019778530359,-0.031010356418463836,0.45792969757956303,0.4937106918238994,outer_02,none,0.05,0,,False,5.0,0.0,-0.0,-0.0,0.0,-0.0,-0.0,-0.0,-0.0
1501,2016-10-31,1502,1512,2016-11-01,2016-11-15,-0.04425061395817842,0.0,0.0009088844070337387,-0.026935105888751032,0.4076062749811933,0.4937106918238994,outer_02,none,0.05,0,,False,5.0,0.0,-0.0,-0.0,0.0,-0.0,-0.0,-0.0,-0.0
1502,2016-11-01,1503,1513,2016-11-02,2016-11-16,-0.047903736443983824,0.0,0.008709912328559,0.015326000454034094,0.3013133165460216,0.4937106918238994,outer_02,none,0.05,0,,False,5.0,0.0,-0.0,-0.0,0.0,-0.0,-0.0,-0.0,-0.0
1503,2016-11-02,1504,1514,2016-11-03,2016-11-17,-0.05782241350356454,0.0,0.006693180558393408,0.023407664711755594,0.3511129389164214,0.4937106918238994,outer_02,none,0.05,0,,False,5.0,0.0,-0.0,-0.0,0.0,-0.0,-0.0,-0.0,-0.0
1504,2016-11-03,1505,1515,2016-11-04,2016-11-18,-0.06941036204605933,0.0,0.003963784711269902,0.03712924972676657,0.309904685780714,0.4937106918238994,outer_02,none,0.05,0,,False,5.0,0.0,-0.0,-0.0,0.0,-0.0,-0.0,-0.0,-0.0
1505,2016-11-04,1506,1516,2016-11-07,2016-11-21,-0.06789794598661913,0.0,0.0018648489159911463,0.03728158533060455,0.3516529253739792,0.4937106918238994,outer_02,none,0.05,0,,False,5.0,0.0,-0.0,-0.0,0.0,-0.0,-0.0,-0.0,-0.0
1506,2016-11-07,1507,1517,2016-11-08,2016-11-22,-0.05541926025231092,0.0,-0.01770587511406152,0.01724662462108384,0.5528726502754803,0.4937106918238994,outer_02,none,0.05,0,,False,5.0,0.0,-0.0,-0.0,0.0,-0.0,-0.0,-0.0,-0.0
1507,2016-11-08,1508,1518,2016-11-09,2016-11-23,-0.048267560981201996,0.0,-0.0045680038132625,0.018156210676120388,0.5947334272465156,0.4937106918238994,outer_02,none,0.05,0,,False,5.0,0.0,-0.0,-0.0,0.0,-0.0,-0.0,-0.0,-0.0
1508,2016-11-09,1509,1519,2016-11-10,2016-11-24,-0.073066379312694,0.0,0.0012300943709231404,0.01727292336939712,0.5318957215266779,0.4937106918238994,outer_02,none,0.05,0,,False,5.0,0.0,-0.0,-0.0,0.0,-0.0,-0.0,-0.0,-0.0
1509,2016-11-10,1510,1520,2016-11-11,2016-11-25,-0.060770565404037136,0.0,-0.014051642651235596,0.0012793161774551365,0.6988743718288991,0.4937106918238994,outer_02,none,0.05,1,row1509_entry1510_exit1520,True,5.0,0.000499875041651048,-0.060770565404037136,-0.06127044044568818,0.0,-0.06127044044568818,0.06027069036238609,0.06027069036238609,-0.06127044044568818
1510,2016-11-11,1511,1521,2016-11-14,2016-11-28,-0.03582623518372863,0.0,-0.02578032445479117,-0.01871974653599029,0.7445679593674397,0.4937106918238994,outer_02,none,0.05,0,,False,5.0,0.0,-0.0,-0.0,0.0,-0.0,-0.0,-0.0,-0.0
1511,2016-11-14,1512,1522,2016-11-15,2016-11-29,-0.023267361518870544,0.0,-0.005843119107725947,-0.02814719901596785,0.8138542072556183,0.4937106918238994,outer_02,none,0.05,0,,False,5.0,0.0,-0.0,-0.0,0.0,-0.0,-0.0,-0.0,-0.0
1512,2016-11-15,1513,1523,2016-11-16,2016-11-30,-0.0329964046959077,0.0,0.006747178886111094,-0.027437918223889746,0.8293500733182408,0.4937106918238994,outer_02,none,0.05,0,,False,5.0,0.0,-0.0,-0.0,0.0,-0.0,-0.0,-0.0,-0.0
1513,2016-11-16,1514,1524,2016-11-17,2016-12-01,-0.04302348348188367,0.0,-0.0028860754758612828,-0.03590040718660514,0.8722901675193803,0.4937106918238994,outer_02,none,0.05,0,,False,5.0,0.0,-0.0,-0.0,0.0,-0.0,-0.0,-0.0,-0.0
1514,2016-11-17,1515,1525,2016-11-18,2016-12-02,-0.0369322458539143,0.0,-0.0066187975603018145,-0.039426792885373985,0.9109726559748547,0.4937106918238994,outer_02,none,0.05,0,,False,5.0,0.0,-0.0,-0.0,0.0,-0.0,-0.0,-0.0,-0.0
1515,2016-11-18,1516,1526,2016-11-21,2016-12-05,-0.01841370956203736,0.0,-0.0067787365181137815,-0.04709794589739236,0.9225427863173438,0.4937106918238994,outer_02,none,0.05,0,,False,5.0,0.0,-0.0,-0.0,0.0,-0.0,-0.0,-0.0,-0.0
1516,2016-11-21,1517,1527,2016-11-22,2016-12-06,-0.036493110261538675,0.0,0.00448307217429722,-0.040536601970095454,0.9290900750672287,0.4937106918238994,outer_02,none,0.05,0,,False,5.0,0.0,-0.0,-0.0,0.0,-0.0,-0.0,-0.0,-0.0
1517,2016-11-22,1518,1528,2016-11-23,2016-12-07,-0.03671361627883574,0.0,-0.001723150410500196,-0.04991139351543605,0.9415293168360073,0.4937106918238994,outer_02,none,0.05,0,,False,5.0,0.0,-0.0,-0.0,0.0,-0.0,-0.0,-0.0,-0.0
1518,2016-11-23,1519,1529,2016-11-24,2016-12-08,-0.012004173709632582,0.0,-0.02082852777969979,-0.06492180895139477,0.9341384852308748,0.4937106918238994,outer_02,none,0.05,0,,False,5.0,0.0,-0.0,-0.0,0.0,-0.0,-0.0,-0.0,-0.0
1519,2016-11-24,1520,1530,2016-11-25,2016-12-09,-0.012594806760750643,0.0,-0.002395715853336533,-0.06892699260778112,0.946055098908801,0.4937106918238994,outer_02,none,0.05,1,row1519_entry1520_exit1530,True,5.0,0.000499875041651048,-0.012594806760750643,-0.01309468180240169,0.0,-0.01309468180240169,0.012094931719099596,0.012094931719099596,0.012094931719099596
1520,2016-11-25,1521,1531,2016-11-28,2016-12-12,-0.023258648124653725,0.0,-0.00027029995011940144,-0.07484931233643088,0.9450733957912122,0.4937106918238994,outer_02,none,0.05,0,,False,5.0,0.0,-0.0,-0.0,0.0,-0.0,-0.0,-0.0,-0.0
1521,2016-11-28,1522,1532,2016-11-29,2016-12-13,-0.025634159219322328,0.0,0.00768344441816371,-0.06807475232530091,0.9197764880430004,0.4937106918238994,outer_02,none,0.05,0,,False,5.0,0.0,-0.0,-0.0,0.0,-0.0,-0.0,-0.0,-0.0
1522,2016-11-29,1523,1533,2016-11-30,2016-12-14,-0.025330971812119962,0.0,-0.003939542850436517,-0.08072420750429643,0.9297041329751367,0.4937106918238994,outer_02,none,0.05,0,,False,5.0,0.0,-0.0,-0.0,0.0,-0.0,-0.0,-0.0,-0.0
1523,2016-11-30,1524,1534,2016-12-01,2016-12-15,-0.027265505492714226,0.0,-0.013156914079121229,-0.10057430214181107,0.9591031962335799,0.4937106918238994,outer_02,none,0.05,0,,False,5.0,0.0,-0.0,-0.0,0.0,-0.0,-0.0,-0.0,-0.0
1524,2016-12-01,1525,1535,2016-12-02,2016-12-16,-0.038339854581539434,0.0,-0.001134855982304117,-0.10567294283538509,0.9509233506394386,0.4937106918238994,outer_02,none,0.05,0,,False,5.0,0.0,-0.0,-0.0,0.0,-0.0,-0.0,-0.0,-0.0
1525,2016-12-02,1526,1536,2016-12-05,2016-12-19,-0.042760262251527514,0.0,0.0047526663458539176,-0.10278512540552232,0.9418198892960231,0.4937106918238994,outer_02,none,0.05,0,,False,5.0,0.0,-0.0,-0.0,0.0,-0.0,-0.0,-0.0,-0.0
1526,2016-12-05,1527,1537,2016-12-06,2016-12-20,-0.027199063506211374,0.0,-0.005828982374110225,-0.09090823266557102,0.9503760251394318,0.4937106918238994,outer_02,none,0.05,0,,False,5.0,0.0,-0.0,-0.0,0.0,-0.0,-0.0,-0.0,-0.0
1527,2016-12-06,1528,1538,2016-12-07,2016-12-21,-0.03199313672131954,0.0,-0.0005043877566359711,-0.08684461660894449,0.9556980736480215,0.4937106918238994,outer_02,none,0.05,0,,False,5.0,0.0,-0.0,-0.0,0.0,-0.0,-0.0,-0.0,-0.0
1528,2016-12-07,1529,1539,2016-12-08,2016-12-22,-0.037167260750964104,0.0,0.0034657345589970134,-0.08460897642087062,0.9179936138071733,0.4937106918238994,outer_02,none,0.05,0,,False,5.0,0.0,-0.0,-0.0,0.0,-0.0,-0.0,-0.0,-0.0
1529,2016-12-08,1530,1540,2016-12-09,2016-12-23,-0.03635150091754369,0.0,-0.0026878869351651957,-0.07324522070480022,0.9248623327054485,0.4937106918238994,outer_02,none,0.05,1,row1529_entry1530_exit1540,True,5.0,0.000499875041651048,-0.03635150091754369,-0.036851375959194736,0.0,-0.036851375959194736,0.03585162587589264,0.03585162587589264,0.03585162587589264
1530,2016-12-09,1531,1541,2016-12-12,2016-12-27,-0.020996475363931566,0.0,-0.010306270639435233,-0.05777116688944428,0.9489178395136308,0.4937106918238994,outer_02,none,0.05,0,,False,5.0,0.0,-0.0,-0.0,0.0,-0.0,-0.0,-0.0,-0.0
1531,2016-12-12,1532,1542,2016-12-13,2016-12-28,-0.02082440304329758,0.0,0.002999769508916117,-0.04892827827280222,0.9401818434035861,0.4937106918238994,outer_02,none,0.05,0,,False,5.0,0.0,-0.0,-0.0,0.0,-0.0,-0.0,-0.0,-0.0
1532,2016-12-13,1533,1543,2016-12-14,2016-12-29,-0.01399511724623359,0.0,-0.0032501569632223948,-0.058925614122135705,0.9439792260646817,0.4937106918238994,outer_02,none,0.05,0,,False,5.0,0.0,-0.0,-0.0,0.0,-0.0,-0.0,-0.0,-0.0
1533,2016-12-14,1534,1544,2016-12-15,2016-12-30,0.013660903828477622,1.0,-0.013142301283509461,-0.06918183992978388,0.9630668575065212,0.4937106918238994,outer_02,none,0.05,0,,False,5.0,0.0,0.0,0.0,0.0,0.0,0.0,0.0,0.0
1534,2016-12-15,1535,1545,2016-12-16,2017-01-03,0.020474399421324563,1.0,-0.013193198542321483,-0.07575624091180355,0.9765106151149321,0.4937106918238994,outer_02,none,0.05,0,,False,5.0,0.0,0.0,0.0,0.0,0.0,0.0,0.0,0.0
1535,2016-12-16,1536,1546,2016-12-19,2017-01-04,0.020013393842456928,1.0,0.005913541879291273,-0.0630639625143985,0.984383300196145,0.4937106918238994,outer_02,none,0.05,0,,False,5.0,0.0,0.0,0.0,0.0,0.0,0.0,0.0,0.0
1536,2016-12-19,1537,1547,2016-12-20,2017-01-05,0.021412382406587938,1.0,0.0033610223798499206,-0.0641860123088458,0.9658620687462828,0.4937106918238994,outer_02,none,0.05,0,,False,5.0,0.0,0.0,0.0,0.0,0.0,0.0,0.0,0.0
1537,2016-12-20,1538,1548,2016-12-21,2017-01-06,0.040728750079886744,1.0,-0.005937820282855277,-0.06840068218120088,0.9719667529922552,0.4937106918238994,outer_02,none,0.05,0,,False,5.0,0.0,0.0,0.0,0.0,0.0,0.0,0.0,0.0
1538,2016-12-21,1539,1549,2016-12-22,2017-01-09,0.036050965711630134,1.0,-0.00012371206915329225,-0.04769586647065438,0.9763732020079029,0.4937106918238994,outer_02,none,0.05,0,,False,5.0,0.0,0.0,0.0,0.0,0.0,0.0,0.0,0.0
1539,2016-12-22,1540,1550,2016-12-23,2017-01-10,0.04638585469353451,1.0,-0.0030002810375977518,-0.0483004316549156,0.9780873756034262,0.4937106918238994,outer_02,none,0.05,1,row1539_entry1540_exit1550,True,5.0,0.000499875041651048,0.04638585469353451,0.045885979651883464,0.0,0.045885979651883464,-0.04688572973518556,-0.04688572973518556,-0.04688572973518556
1540,2016-12-23,1541,1551,2016-12-27,2017-01-11,0.045780458241296174,1.0,0.004589699380309398,-0.0434404323244868,0.9681075114513682,0.4937106918238994,outer_02,none,0.05,0,,False,5.0,0.0,0.0,0.0,0.0,0.0,0.0,0.0,0.0
1541,2016-12-27,1542,1552,2016-12-28,2017-01-12,0.04559502245049796,1.0,0.004814620368772893,-0.046309256373877616,0.9268827370155104,0.4937106918238994,outer_02,none,0.05,0,,False,5.0,0.0,0.0,0.0,0.0,0.0,0.0,0.0,0.0
1542,2016-12-28,1543,1553,2016-12-29,2017-01-13,0.0445054253096675,1.0,0.0023592259705047525,-0.04001048755293635,0.913463263907989,0.4937106918238994,outer_02,none,0.05,0,,False,5.0,0.0,0.0,0.0,0.0,0.0,0.0,0.0,0.0
1543,2016-12-29,1544,1554,2016-12-30,2017-01-16,0.03468889483047022,1.0,0.014160575494669203,-0.012692997979145915,0.8600045569427536,0.4937106918238994,outer_02,none,0.05,0,,False,5.0,0.0,0.0,0.0,0.0,0.0,0.0,0.0,0.0
1544,2016-12-30,1545,1555,2017-01-03,2017-01-17,0.043563810465678365,1.0,-0.004943840022598955,-0.016501982019440753,0.8434402512865686,0.4937106918238994,outer_02,none,0.05,0,,False,5.0,0.0,0.0,0.0,0.0,0.0,0.0,0.0,0.0
1545,2017-01-03,1546,1556,2017-01-04,2017-01-18,0.04861960460006198,1.0,0.006031490976635467,-0.015223157388659203,0.8416348196042629,0.4937106918238994,outer_02,none,0.05,0,,False,5.0,0.0,0.0,0.0,0.0,0.0,0.0,0.0,0.0
1546,2017-01-04,1547,1557,2017-01-05,2017-01-19,0.03503380242187948,1.0,0.003058066843746765,-0.006336108170802213,0.8304826747413481,0.4937106918238994,outer_02,none,0.05,0,,False,5.0,0.0,0.0,0.0,0.0,0.0,0.0,0.0,0.0
1547,2017-01-05,1548,1558,2017-01-06,2017-01-20,0.020938254443492177,1.0,0.015075362117108249,0.009243641702942007,0.73393040823213,0.4937106918238994,outer_02,none,0.05,0,,False,5.0,0.0,0.0,0.0,0.0,0.0,0.0,0.0,0.0
1548,2017-01-06,1549,1559,2017-01-09,2017-01-23,0.031976212567838225,1.0,-0.006553665998580982,-0.0007757588546359884,0.8151749079585782,0.4937106918238994,outer_02,none,0.05,0,,False,5.0,0.0,0.0,0.0,0.0,0.0,0.0,0.0,0.0
1549,2017-01-09,1550,1560,2017-01-10,2017-01-24,0.030932920643336637,1.0,0.007155027125580027,0.009067155206109234,0.7638017058022032,0.4937106918238994,outer_02,none,0.05,1,row1549_entry1550_exit1560,True,5.0,0.000499875041651048,0.030932920643336637,0.03043304560168559,0.0,0.03043304560168559,-0.031432795684987684,0.03043304560168559,0.03043304560168559
1550,2017-01-10,1551,1561,2017-01-11,2017-01-25,0.018174429256128555,1.0,0.005404460000922207,0.024777885846466674,0.7738127857308807,0.4937106918238994,outer_02,none,0.05,0,,False,5.0,0.0,0.0,0.0,0.0,0.0,0.0,0.0,0.0
1551,2017-01-11,1552,1562,2017-01-12,2017-01-26,0.007037456121029351,1.0,0.0033881950146676942,0.02516631135221825,0.737764164430105,0.4937106918238994,outer_02,none,0.05,0,,False,5.0,0.0,0.0,0.0,0.0,0.0,0.0,0.0,0.0
1552,2017-01-12,1553,1563,2017-01-13,2017-01-27,-0.004481038638796342,0.0,0.0033014668711750517,0.0317179351866157,0.7182299173799089,0.4937106918238994,outer_02,none,0.05,0,,False,5.0,0.0,-0.0,-0.0,0.0,-0.0,-0.0,-0.0,-0.0
1553,2017-01-13,1554,1564,2017-01-16,2017-01-30,-0.004908836965298313,0.0,0.0016299513369526508,0.04649018780707781,0.7340642741388073,0.4937106918238994,outer_02,none,0.05,0,,False,5.0,0.0,-0.0,-0.0,0.0,-0.0,-0.0,-0.0,-0.0
1554,2017-01-16,1555,1565,2017-01-17,2017-01-31,-0.00639640580832701,0.0,0.004308645194176286,0.06399203154357558,0.6700031700029857,0.4937106918238994,outer_02,none,0.05,0,,False,5.0,0.0,-0.0,-0.0,0.0,-0.0,-0.0,-0.0,-0.0
1555,2017-01-17,1556,1566,2017-01-18,2017-02-01,-0.004944467336811087,0.0,0.011624480852287178,0.06970297051657148,0.5493462197287465,0.4937106918238994,outer_02,none,0.05,0,,False,5.0,0.0,-0.0,-0.0,0.0,-0.0,-0.0,-0.0,-0.0
1556,2017-01-18,1557,1567,2017-01-19,2017-02-02,0.0035964703896551597,1.0,-0.010718446518937164,0.0556235016177844,0.7281619314219094,0.4937106918238994,outer_02,none,0.05,0,,False,5.0,0.0,0.0,0.0,0.0,0.0,0.0,0.0,0.0
1557,2017-01-19,1558,1568,2017-01-20,2017-02-03,0.008530669375842237,1.0,0.0009467181148234971,0.06250804001546317,0.6791767510857868,0.4937106918238994,outer_02,none,0.05,0,,False,5.0,0.0,0.0,0.0,0.0,0.0,0.0,0.0,0.0
1558,2017-01-20,1559,1569,2017-01-23,2017-02-06,0.009271654917437644,1.0,0.0043152961563723835,0.06694704824098885,0.5576170315971534,0.4937106918238994,outer_02,none,0.05,0,,False,5.0,0.0,0.0,0.0,0.0,0.0,0.0,0.0,0.0
1559,2017-01-23,1560,1570,2017-01-24,2017-02-07,0.012497462247488045,1.0,0.006475180590011398,0.076422509868598,0.415680061472268,0.4937106918238994,outer_02,none,0.05,-1,row1559_entry1560_exit1570,True,5.0,0.000499875041651048,-0.012497462247488045,-0.012997337289139092,0.0,0.011997587205836997,-0.012997337289139092,0.011997587205836997,0.011997587205836997
1560,2017-01-24,1561,1571,2017-01-25,2017-02-08,0.020016468080939376,1.0,-0.0075253706716891244,0.06430743981659948,0.5364859859840669,0.4937106918238994,outer_02,none,0.05,0,,False,5.0,0.0,0.0,0.0,0.0,0.0,0.0,0.0,0.0
1561,2017-01-25,1562,1572,2017-01-26,2017-02-09,0.03291689433392975,1.0,-0.0075324136279304454,0.05196040581989614,0.6560664298425121,0.4937106918238994,outer_02,none,0.05,0,,False,5.0,0.0,0.0,0.0,0.0,0.0,0.0,0.0,0.0
1562,2017-01-26,1563,1573,2017-01-27,2017-02-10,0.03264819440525635,1.0,-0.009397132778403261,0.040204047070988125,0.6795926870443784,0.4937106918238994,outer_02,none,0.05,0,,False,5.0,0.0,0.0,0.0,0.0,0.0,0.0,0.0,0.0
1563,2017-01-27,1564,1574,2017-01-30,2017-02-13,0.03126969655764178,1.0,0.002613589624918866,0.028657061201237788,0.6376485063260284,0.4937106918238994,outer_02,none,0.05,0,,False,5.0,0.0,0.0,0.0,0.0,0.0,0.0,0.0,0.0
1564,2017-01-30,1565,1575,2017-01-31,2017-02-14,0.024748113914255576,1.0,0.00310891065718355,0.03670981188102029,0.580616194317239,0.4937106918238994,outer_02,none,0.05,0,,False,5.0,0.0,0.0,0.0,0.0,0.0,0.0,0.0,0.0
1565,2017-01-31,1566,1576,2017-02-01,2017-02-15,0.014687393719425401,1.0,0.012604300622895082,0.04328262152727991,0.4382984202276665,0.4937106918238994,outer_02,none,0.05,0,,False,5.0,0.0,0.0,0.0,0.0,0.0,0.0,0.0,0.0
1566,2017-02-01,1567,1577,2017-02-02,2017-02-16,0.020079779114632323,1.0,-0.0005454410356451334,0.03967911364788801,0.519947933610759,0.4937106918238994,outer_02,none,0.05,0,,False,5.0,0.0,0.0,0.0,0.0,0.0,0.0,0.0,0.0
1567,2017-02-02,1568,1578,2017-02-03,2017-02-17,0.019351919134348528,1.0,0.004980549908981224,0.029584301439760985,0.5161605578080646,0.4937106918238994,outer_02,none,0.05,0,,False,5.0,0.0,0.0,0.0,0.0,0.0,0.0,0.0,0.0
1568,2017-02-03,1569,1579,2017-02-06,2017-02-20,0.01090363621227386,1.0,0.0034569294061093103,0.03959489684445128,0.46030535433095343,0.4937106918238994,outer_02,none,0.05,0,,False,5.0,0.0,0.0,0.0,0.0,0.0,0.0,0.0,0.0
1569,2017-02-06,1570,1580,2017-02-07,2017-02-21,0.0022173675832730666,1.0,0.012625401883292753,0.045065271602164,0.4867809699620261,0.4937106918238994,outer_02,none,0.05,0,,False,5.0,0.0,0.0,0.0,0.0,0.0,0.0,0.0,0.0
1570,2017-02-07,1571,1581,2017-02-08,2017-02-22,0.0016683002597908114,1.0,-0.0015877262402028691,0.03807308536103893,0.561084449893293,0.4937106918238994,outer_02,none,0.05,1,row1570_entry1571_exit1581,True,5.0,0.000499875041651048,0.0016683002597908114,0.0011684252181397635,0.0,0.0011684252181397635,-0.0021681753014418594,-0.0021681753014418594,0.0011684252181397635
1571,2017-02-08,1572,1582,2017-02-09,2017-02-23,-0.003244973949421137,0.0,0.00661775141894605,0.04130264176531728,0.527735257031267,0.4937106918238994,outer_02,none,0.05,0,,False,5.0,0.0,-0.0,-0.0,0.0,-0.0,-0.0,-0.0,-0.0
1572,2017-02-09,1573,1583,2017-02-10,2017-02-24,0.016845783237026346,1.0,-0.011461281054370609,0.026539893839771622,0.573680910707062,0.4937106918238994,outer_02,none,0.05,0,,False,5.0,0.0,0.0,0.0,0.0,0.0,0.0,0.0,0.0
1573,2017-02-10,1574,1584,2017-02-13,2017-02-27,0.02047534719296884,1.0,0.004997552260841864,0.029907494763660836,0.6330289959354747,0.4937106918238994,outer_02,none,0.05,0,,False,5.0,0.0,0.0,0.0,0.0,0.0,0.0,0.0,0.0
1574,2017-02-13,1575,1585,2017-02-14,2017-02-28,0.022060875546182857,1.0,-0.006897476590780549,0.018701372978704,0.63208414434308,0.4937106918238994,outer_02,none,0.05,0,,False,5.0,0.0,0.0,0.0,0.0,0.0,0.0,0.0,0.0
1575,2017-02-14,1576,1586,2017-02-15,2017-03-01,0.016238461857087216,1.0,0.002746795436292082,0.009823687562708905,0.5998335080622558,0.4937106918238994,outer_02,none,0.05,0,,False,5.0,0.0,0.0,0.0,0.0,0.0,0.0,0.0,0.0
1576,2017-02-15,1577,1587,2017-02-16,2017-03-02,0.01213591480505638,1.0,0.003445225193928536,0.023987359275574605,0.520415193232003,0.4937106918238994,outer_02,none,0.05,0,,False,5.0,0.0,0.0,0.0,0.0,0.0,0.0,0.0,0.0
1577,2017-02-16,1578,1588,2017-02-17,2017-03-03,-0.0036071632328456005,0.0,0.005016557032750946,0.028057198193502053,0.5074508746739742,0.4937106918238994,outer_02,none,0.05,0,,False,5.0,0.0,-0.0,-0.0,0.0,-0.0,-0.0,-0.0,-0.0
1578,2017-02-17,1579,1589,2017-02-20,2017-03-06,-0.0020171505079700225,0.0,-0.0033793648562578937,0.020362537180871776,0.49552553794598236,0.4937106918238994,outer_02,none,0.05,0,,False,5.0,0.0,-0.0,-0.0,0.0,-0.0,-0.0,-0.0,-0.0
1579,2017-02-20,1580,1590,2017-02-21,2017-03-07,-0.009331478996712939,0.0,0.002095258123192778,0.015982614714053156,0.5640472161567569,0.4937106918238994,outer_02,none,0.05,0,,False,5.0,0.0,-0.0,-0.0,0.0,-0.0,-0.0,-0.0,-0.0
1580,2017-02-21,1581,1591,2017-02-22,2017-03-08,-0.016291296690373436,0.0,-0.0013504937014579,0.02215749168428438,0.5492233040852678,0.4937106918238994,outer_02,none,0.05,0,,False,5.0,0.0,-0.0,-0.0,0.0,-0.0,-0.0,-0.0,-0.0
1581,2017-02-22,1582,1592,2017-02-23,2017-03-09,-0.02337034656007031,0.0,0.0013747373991073175,0.031064642711322143,0.5959552318322833,0.4937106918238994,outer_02,none,0.05,1,row1581_entry1582_exit1592,True,5.0,0.000499875041651048,-0.02337034656007031,-0.023870221601721357,0.0,-0.023870221601721357,0.022870471518419262,-0.023870221601721357,-0.023870221601721357
1582,2017-02-23,1583,1593,2017-02-24,2017-03-10,-0.03963541473020715,0.0,0.009442530667427285,0.04990430615715269,0.4983212053888319,0.4937106918238994,outer_02,none,0.05,0,,False,5.0,0.0,-0.0,-0.0,0.0,-0.0,-0.0,-0.0,-0.0
1583,2017-02-24,1584,1594,2017-02-27,2017-03-13,-0.040706907183930774,0.0,0.006216677311098984,0.05350739384333281,0.6068852661806212,0.4937106918238994,outer_02,none,0.05,0,,False,5.0,0.0,-0.0,-0.0,0.0,-0.0,-0.0,-0.0,-0.0
1584,2017-02-27,1585,1595,2017-02-28,2017-03-14,-0.04114438633090156,0.0,-0.0034107967145562412,0.046987686471593015,0.5544464148239773,0.4937106918238994,outer_02,none,0.05,0,,False,5.0,0.0,-0.0,-0.0,0.0,-0.0,-0.0,-0.0,-0.0
1585,2017-02-28,1586,1596,2017-03-01,2017-03-15,-0.0403632157811904,0.0,-0.0037589519207728017,0.030624433927925132,0.6424939611391716,0.4937106918238994,outer_02,none,0.05,0,,False,5.0,0.0,-0.0,-0.0,0.0,-0.0,-0.0,-0.0,-0.0
1586,2017-03-01,1587,1597,2017-03-02,2017-03-16,-0.024002416785977587,0.0,0.0009850915610227773,0.03215496652459304,0.6021121866686637,0.4937106918238994,outer_02,none,0.05,0,,False,5.0,0.0,-0.0,-0.0,0.0,-0.0,-0.0,-0.0,-0.0
1587,2017-03-02,1588,1598,2017-03-03,2017-03-17,-0.006315476789017005,0.0,-0.012128682142414249,0.01504573447319757,0.6671979126741379,0.4937106918238994,outer_02,none,0.05,0,,False,5.0,0.0,-0.0,-0.0,0.0,-0.0,-0.0,-0.0,-0.0
1588,2017-03-03,1589,1599,2017-03-06,2017-03-20,-0.0021431188947120816,0.0,0.0002025447732147967,0.011791349840303056,0.5622191758820283,0.4937106918238994,outer_02,none,0.05,0,,False,5.0,0.0,-0.0,-0.0,0.0,-0.0,-0.0,-0.0,-0.0
1589,2017-03-06,1590,1600,2017-03-07,2017-03-21,0.007187022805877241,1.0,-0.007513452161303391,-0.008347504204293088,0.61936342166474,0.4937106918238994,outer_02,none,0.05,0,,False,5.0,0.0,0.0,0.0,0.0,0.0,0.0,0.0,0.0
1590,2017-03-07,1591,1601,2017-03-08,2017-03-22,0.023981224073525986,1.0,-0.007751278106306714,-0.014511056070396933,0.6582006999922676,0.4937106918238994,outer_02,none,0.05,0,,False,5.0,0.0,0.0,0.0,0.0,0.0,0.0,0.0,0.0
1591,2017-03-08,1592,1602,2017-03-09,2017-03-23,0.03190412670307374,1.0,-0.0065773694190705,-0.027706176908413482,0.6637442554098912,0.4937106918238994,outer_02,none,0.05,1,row1591_entry1592_exit1602,True,5.0,0.000499875041651048,0.03190412670307374,0.031404251661422695,0.0,0.031404251661422695,-0.03240400174472479,-0.03240400174472479,-0.03240400174472479
1592,2017-03-09,1593,1603,2017-03-10,2017-03-24,0.035970806137755496,1.0,-0.006237587655758325,-0.0224824835098012,0.6486922809612216,0.4937106918238994,outer_02,none,0.05,0,,False,5.0,0.0,0.0,0.0,0.0,0.0,0.0,0.0,0.0
1593,2017-03-10,1594,1604,2017-03-13,2017-03-27,0.03421407797250442,1.0,0.0034848891868222154,-0.023995146583820848,0.6945517305675257,0.4937106918238994,outer_02,none,0.05,0,,False,5.0,0.0,0.0,0.0,0.0,0.0,0.0,0.0,0.0
1594,2017-03-13,1595,1605,2017-03-14,2017-03-28,0.04198231836379307,1.0,-0.0006062795798911225,-0.01770394957293142,0.6905160279801352,0.4937106918238994,outer_02,none,0.05,0,,False,5.0,0.0,0.0,0.0,0.0,0.0,0.0,0.0,0.0
1595,2017-03-14,1596,1606,2017-03-15,2017-03-29,0.04231565374738189,1.0,-0.004354403113649319,-0.024805148122872822,0.739735296650979,0.4937106918238994,outer_02,none,0.05,0,,False,5.0,0.0,0.0,0.0,0.0,0.0,0.0,0.0,0.0
1596,2017-03-15,1597,1607,2017-03-16,2017-03-30,0.02740074807910009,1.0,0.01664870937049301,-0.01160166394630835,0.5460581632386754,0.4937106918238994,outer_02,none,0.05,0,,False,5.0,0.0,0.0,0.0,0.0,0.0,0.0,0.0,0.0
1597,2017-03-16,1598,1608,2017-03-17,2017-03-31,0.01387876528328924,1.0,0.006070541427210863,-0.010547679551848432,0.6467215159306481,0.4937106918238994,outer_02,none,0.05,0,,False,5.0,0.0,0.0,0.0,0.0,0.0,0.0,0.0,0.0
1598,2017-03-17,1599,1609,2017-03-20,2017-04-03,0.014049220983451072,1.0,0.002639233222305748,-0.004529081473284791,0.6570656302494112,0.4937106918238994,outer_02,none,0.05,0,,False,5.0,0.0,0.0,0.0,0.0,0.0,0.0,0.0,0.0
1599,2017-03-20,1600,1610,2017-03-21,2017-04-04,0.015856828142980284,1.0,0.003953938177898131,-0.002670401418579438,0.6214820748692967,0.4937106918238994,outer_02,none,0.05,0,,False,5.0,0.0,0.0,0.0,0.0,0.0,0.0,0.0,0.0
1600,2017-03-21,1601,1611,2017-03-22,2017-04-05,0.008292432038718545,1.0,0.008656875242619044,0.007336967525497506,0.667585576376039,0.4937106918238994,outer_02,none,0.05,0,,False,5.0,0.0,0.0,0.0,0.0,0.0,0.0,0.0,0.0
1601,2017-03-22,1602,1612,2017-03-23,2017-04-06,0.0066555321400763034,1.0,0.0031520339856490054,0.009114264112039194,0.6870528345732284,0.4937106918238994,outer_02,none,0.05,1,row1601_entry1602_exit1612,True,5.0,0.000499875041651048,0.0066555321400763034,0.006155657098425256,0.0,0.006155657098425256,-0.007155407181727351,0.006155657098425256,0.006155657098425256
1602,2017-03-23,1603,1613,2017-03-24,2017-04-07,0.005551808979833872,1.0,-0.0027344001962177344,-0.003062666751605825,0.6229644787546005,0.4937106918238994,outer_02,none,0.05,0,,False,5.0,0.0,0.0,0.0,0.0,0.0,0.0,0.0,0.0
1603,2017-03-24,1604,1614,2017-03-27,2017-04-10,0.005202413948843798,1.0,0.00016058194932799807,-0.00911876211337681,0.623929286604933,0.4937106918238994,outer_02,none,0.05,0,,False,5.0,0.0,0.0,0.0,0.0,0.0,0.0,0.0,0.0
1604,2017-03-27,1605,1615,2017-03-28,2017-04-11,0.0011719265180181182,1.0,0.006816953501101786,0.0011089881022812165,0.5697108989150613,0.4937106918238994,outer_02,none,0.05,0,,False,5.0,0.0,0.0,0.0,0.0,0.0,0.0,0.0,0.0
1605,2017-03-28,1606,1616,2017-03-29,2017-04-12,0.018062185985946222,1.0,-0.0020913496024315137,0.0027765904206225045,0.5395655789670671,0.4937106918238994,outer_02,none,0.05,0,,False,5.0,0.0,0.0,0.0,0.0,0.0,0.0,0.0,0.0
1606,2017-03-29,1607,1617,2017-03-30,2017-04-13,0.025503383943756397,1.0,0.0012776799074174505,0.0030691787670171777,0.48277935586748016,0.4937106918238994,outer_02,none,0.05,0,,False,5.0,0.0,0.0,0.0,0.0,0.0,0.0,0.0,0.0
1607,2017-03-30,1608,1618,2017-03-31,2017-04-17,0.03764769908378618,1.0,-0.0077228503206034915,0.007475010588827935,0.5252099724943704,0.4937106918238994,outer_02,none,0.05,0,,False,5.0,0.0,0.0,0.0,0.0,0.0,0.0,0.0,0.0
1608,2017-03-31,1609,1619,2017-04-03,2017-04-18,0.02885199003543093,1.0,0.004437515055440322,0.01170998087105346,0.5907176804480558,0.4937106918238994,outer_02,none,0.05,0,,False,5.0,0.0,0.0,0.0,0.0,0.0,0.0,0.0,0.0
1609,2017-04-03,1610,1620,2017-04-04,2017-04-19,0.02778873908337598,1.0,0.0030698412442884404,0.022293274276645292,0.5353171309051196,0.4937106918238994,outer_02,none,0.05,0,,False,5.0,0.0,0.0,0.0,0.0,0.0,0.0,0.0,0.0
1610,2017-04-04,1611,1621,2017-04-05,2017-04-20,0.018705405416302945,1.0,0.0025350980979448323,0.03257965048089684,0.5540175801175721,0.4937106918238994,outer_02,none,0.05,0,,False,5.0,0.0,0.0,0.0,0.0,0.0,0.0,0.0,0.0
1611,2017-04-05,1612,1622,2017-04-06,2017-04-21,0.02026688949682587,1.0,-0.0006132550895241451,0.03854376481044319,0.5692210733972507,0.4937106918238994,outer_02,none,0.05,1,row1611_entry1612_exit1622,True,5.0,0.000499875041651048,0.02026688949682587,0.01976701445517482,0.0,0.01976701445517482,-0.020766764538476916,-0.020766764538476916,0.01976701445517482
1612,2017-04-06,1613,1623,2017-04-07,2017-04-24,0.013237763247991197,1.0,-0.002744339531229656,0.04203701293497186,0.5272340424727726,0.4937106918238994,outer_02,none,0.05,0,,False,5.0,0.0,0.0,0.0,0.0,0.0,0.0,0.0,0.0
1613,2017-04-07,1614,1624,2017-04-10,2017-04-25,0.01651362182576932,1.0,0.0020190983168992815,0.04057122206504893,0.505693896043254,0.4937106918238994,outer_02,none,0.05,0,,False,5.0,0.0,0.0,0.0,0.0,0.0,0.0,0.0,0.0
1614,2017-04-10,1615,1625,2017-04-11,2017-04-26,0.006599268729502228,1.0,0.00026306034995293714,0.04144056199489299,0.5133622596015234,0.4937106918238994,outer_02,none,0.05,0,,False,5.0,0.0,0.0,0.0,0.0,0.0,0.0,0.0,0.0
1615,2017-04-11,1616,1626,2017-04-12,2017-04-27,-0.0038622386825082344,0.0,0.015265902187047153,0.06106086729558946,0.5562635140281412,0.4937106918238994,outer_02,none,0.05,0,,False,5.0,0.0,-0.0,-0.0,0.0,-0.0,-0.0,-0.0,-0.0
1616,2017-04-12,1617,1627,2017-04-13,2017-04-28,-0.016571063516284568,0.0,0.00985760653691159,0.05426976446200804,0.6840645555559149,0.4937106918238994,outer_02,none,0.05,0,,False,5.0,0.0,-0.0,-0.0,0.0,-0.0,-0.0,-0.0,-0.0
1617,2017-04-13,1618,1628,2017-04-17,2017-05-01,-0.017751575583712764,0.0,0.0006915334056989408,0.04889075644049612,0.6042115910403512,0.4937106918238994,outer_02,none,0.05,0,,False,5.0,0.0,-0.0,-0.0,0.0,-0.0,-0.0,-0.0,-0.0
1618,2017-04-17,1619,1629,2017-04-18,2017-05-02,-0.022589288435689525,0.0,-0.00202155355206024,0.04422996966613013,0.565543725707331,0.4937106918238994,outer_02,none,0.05,0,,False,5.0,0.0,-0.0,-0.0,0.0,-0.0,-0.0,-0.0,-0.0
1619,2017-04-18,1620,1630,2017-04-19,2017-05-03,-0.02613161906490813,0.0,0.003852970618098084,0.044129002106330084,0.583340291976349,0.4937106918238994,outer_02,none,0.05,0,,False,5.0,0.0,-0.0,-0.0,0.0,-0.0,-0.0,-0.0,-0.0
1620,2017-04-19,1621,1631,2017-04-20,2017-05-04,-0.03303032152935259,0.0,-0.008299190471771745,0.027172936391939295,0.6814856657149606,0.4937106918238994,outer_02,none,0.05,0,,False,5.0,0.0,-0.0,-0.0,0.0,-0.0,-0.0,-0.0,-0.0
1621,2017-04-20,1622,1632,2017-04-21,2017-05-05,-0.04212440742147816,0.0,0.0017886647196032612,0.02580956712589355,0.5764800866187871,0.4937106918238994,outer_02,none,0.05,1,row1621_entry1622_exit1632,True,5.0,0.000499875041651048,-0.04212440742147816,-0.04262428246312921,0.0,-0.04262428246312921,0.04162453237982711,-0.04262428246312921,-0.04262428246312921
1622,2017-04-21,1623,1633,2017-04-24,2017-05-08,-0.03482386236989665,0.0,0.002229394621832803,0.03077336194394409,0.44748764457763496,0.4937106918238994,outer_02,none,0.05,0,,False,5.0,0.0,-0.0,-0.0,0.0,-0.0,-0.0,-0.0,-0.0
1623,2017-04-24,1624,1634,2017-04-25,2017-05-09,-0.03924736993080735,0.0,-0.00695402227294295,0.02365875772167314,0.5603627335505339,0.4937106918238994,outer_02,none,0.05,0,,False,5.0,0.0,-0.0,-0.0,0.0,-0.0,-0.0,-0.0,-0.0
1624,2017-04-25,1625,1635,2017-04-26,2017-05-10,-0.03420210196340534,0.0,-0.009508837910041201,0.0073329663105301535,0.49502667852735427,0.4937106918238994,outer_02,none,0.05,0,,False,5.0,0.0,-0.0,-0.0,0.0,-0.0,-0.0,-0.0,-0.0
1625,2017-04-26,1626,1636,2017-04-27,2017-05-11,-0.03998233441835719,0.0,0.004643604446083138,0.014067920359044805,0.5102475021953609,0.4937106918238994,outer_02,none,0.05,0,,False,5.0,0.0,-0.0,-0.0,0.0,-0.0,-0.0,-0.0,-0.0
1626,2017-04-27,1627,1637,2017-04-28,2017-05-12,-0.031047116307734157,0.0,-0.003923539530002351,0.008866700921625004,0.4355432334585613,0.4937106918238994,outer_02,none,0.05,0,,False,5.0,0.0,-0.0,-0.0,0.0,-0.0,-0.0,-0.0,-0.0
1627,2017-04-28,1628,1638,2017-05-01,2017-05-15,-0.0309251417034222,0.0,0.0029697283517036155,0.01955927959393211,0.4251601460487557,0.4937106918238994,outer_02,none,0.05,0,,False,5.0,0.0,-0.0,-0.0,0.0,-0.0,-0.0,-0.0,-0.0
1628,2017-05-01,1629,1639,2017-05-02,2017-05-16,-0.019856937646719253,0.0,-0.008808466132076198,0.006313298406415591,0.3863721689657362,0.4937106918238994,outer_02,none,0.05,0,,False,5.0,0.0,-0.0,-0.0,0.0,-0.0,-0.0,-0.0,-0.0
1629,2017-05-02,1630,1640,2017-05-03,2017-05-17,-0.015773754520385097,0.0,-9.547982598068216e-05,0.003147977336146468,0.4043435384501694,0.4937106918238994,outer_02,none,0.05,0,,False,5.0,0.0,-0.0,-0.0,0.0,-0.0,-0.0,-0.0,-0.0
1630,2017-05-03,1631,1641,2017-05-04,2017-05-18,0.01760050558648274,1.0,-0.014587683041138,-0.013974803802936364,0.2820532006893137,0.4937106918238994,outer_02,none,0.05,0,,False,5.0,0.0,0.0,0.0,0.0,0.0,0.0,0.0,0.0
1631,2017-05-04,1632,1642,2017-05-05,2017-05-19,0.014400016104163527,1.0,-0.008994346951869403,-0.022355895665281622,0.19282262886724919,0.4937106918238994,outer_02,none,0.05,-1,row1631_entry1632_exit1642,True,5.0,0.000499875041651048,-0.014400016104163527,-0.014899891145814574,0.0,0.013900141062512479,-0.014899891145814574,-0.014899891145814574,-0.014899891145814574
1632,2017-05-05,1633,1643,2017-05-08,2017-05-22,0.02424292725299093,1.0,8.146573148515301e-05,-0.019530090402566813,0.21079083356247083,0.4937106918238994,outer_02,none,0.05,0,,False,5.0,0.0,0.0,0.0,0.0,0.0,0.0,0.0,0.0
1633,2017-05-08,1634,1644,2017-05-09,2017-05-23,0.02728260839740937,1.0,-0.0011003477393654038,-0.0226495364588315,0.2425118607641568,0.4937106918238994,outer_02,none,0.05,0,,False,5.0,0.0,0.0,0.0,0.0,0.0,0.0,0.0,0.0
1634,2017-05-09,1635,1645,2017-05-10,2017-05-24,0.024738359108125607,1.0,-0.004044998916701736,-0.026957595725486172,0.23016256592819465,0.4937106918238994,outer_02,none,0.05,0,,False,5.0,0.0,0.0,0.0,0.0,0.0,0.0,0.0,0.0
1635,2017-05-10,1636,1646,2017-05-11,2017-05-25,0.03141822578328757,1.0,-0.0018604656529195296,-0.044083963565452855,0.3588794817321536,0.4937106918238994,outer_02,none,0.05,0,,False,5.0,0.0,0.0,0.0,0.0,0.0,0.0,0.0,0.0
1636,2017-05-11,1637,1647,2017-05-12,2017-05-26,0.02436333169187943,1.0,0.004779411836235425,-0.04916215826612902,0.3838890314537197,0.4937106918238994,outer_02,none,0.05,0,,False,5.0,0.0,0.0,0.0,0.0,0.0,0.0,0.0,0.0
1637,2017-05-12,1638,1648,2017-05-15,2017-05-29,0.029923505087549707,1.0,0.0029755739740213727,-0.04687811769780659,0.35628008845769843,0.4937106918238994,outer_02,none,0.05,0,,False,5.0,0.0,0.0,0.0,0.0,0.0,0.0,0.0,0.0
1638,2017-05-15,1639,1649,2017-05-16,2017-05-30,0.028554609552433163,1.0,0.0013015750893856648,-0.04355498905636068,0.3748698553858396,0.4937106918238994,outer_02,none,0.05,0,,False,5.0,0.0,0.0,0.0,0.0,0.0,0.0,0.0,0.0
1639,2017-05-16,1640,1650,2017-05-17,2017-05-31,0.020768305845937363,1.0,0.005569464301876437,-0.04183849537258233,0.3642148385229627,0.4937106918238994,outer_02,none,0.05,0,,False,5.0,0.0,0.0,0.0,0.0,0.0,0.0,0.0,0.0
1640,2017-05-17,1641,1651,2017-05-18,2017-06-01,0.00697644137516118,1.0,0.01878839263716081,-0.014750912263649774,0.3222642286752503,0.4937106918238994,outer_02,none,0.05,0,,False,5.0,0.0,0.0,0.0,0.0,0.0,0.0,0.0,0.0
1641,2017-05-18,1642,1652,2017-05-19,2017-06-02,0.015326061994345608,1.0,-0.01104930725830755,-0.027588884241560585,0.3636894564026839,0.4937106918238994,outer_02,none,0.05,-1,row1641_entry1642_exit1652,True,5.0,0.000499875041651048,-0.015326061994345608,-0.015825937035996655,0.0,0.01482618695269456,-0.015825937035996655,-0.015825937035996655,-0.015825937035996655
1642,2017-05-19,1643,1653,2017-05-22,2017-06-05,0.019325378415898875,1.0,0.007010728625686191,-0.022807550237707197,0.3587739857545124,0.4937106918238994,outer_02,none,0.05,0,,False,5.0,0.0,0.0,0.0,0.0,0.0,0.0,0.0,0.0
1643,2017-05-22,1644,1654,2017-05-23,2017-06-06,0.015549106963342219,1.0,0.003784660757818692,-0.012068867206945555,0.38105754717497664,0.4937106918238994,outer_02,none,0.05,0,,False,5.0,0.0,0.0,0.0,0.0,0.0,0.0,0.0,0.0
1644,2017-05-23,1645,1655,2017-05-24,2017-06-07,0.03354244851331245,1.0,-0.006976161316509355,-0.009536190613413709,0.3962781848082457,0.4937106918238994,outer_02,none,0.05,0,,False,5.0,0.0,0.0,0.0,0.0,0.0,0.0,0.0,0.0
1645,2017-05-24,1646,1656,2017-05-25,2017-06-08,0.022464200168864856,1.0,0.005578459355340293,-0.008601335704156554,0.2904564090024288,0.4937106918238994,outer_02,none,0.05,0,,False,5.0,0.0,0.0,0.0,0.0,0.0,0.0,0.0,0.0
1646,2017-05-25,1647,1657,2017-05-26,2017-06-09,0.019223700737290628,1.0,-0.0021002227272699514,-0.006778018901424154,0.29790114427716724,0.4937106918238994,outer_02,none,0.05,0,,False,5.0,0.0,0.0,0.0,0.0,0.0,0.0,0.0,0.0
1647,2017-05-26,1648,1658,2017-05-29,2017-06-12,-0.0006235718237093124,0.0,0.00891932196323797,-0.0008284252898898004,0.2519320481699844,0.4937106918238994,outer_02,none,0.05,0,,False,5.0,0.0,-0.0,-0.0,0.0,-0.0,-0.0,-0.0,-0.0
1648,2017-05-29,1649,1659,2017-05-30,2017-06-13,-0.0008529391376432827,0.0,-0.0003473537991220965,0.007632687043064301,0.3382806560004298,0.4937106918238994,outer_02,none,0.05,0,,False,5.0,0.0,-0.0,-0.0,0.0,-0.0,-0.0,-0.0,-0.0
1649,2017-05-30,1650,1660,2017-05-31,2017-06-14,0.0031000910567584583,1.0,-0.002688173661800519,0.005039993207244464,0.2715724073107261,0.4937106918238994,outer_02,none,0.05,0,,False,5.0,0.0,0.0,0.0,0.0,0.0,0.0,0.0,0.0
1650,2017-05-31,1651,1661,2017-06-01,2017-06-15,-0.006841513779485275,0.0,0.004423737366622937,0.0240514136150054,0.3274817260100434,0.4937106918238994,outer_02,none,0.05,0,,False,5.0,0.0,-0.0,-0.0,0.0,-0.0,-0.0,-0.0,-0.0
1651,2017-06-01,1652,1662,2017-06-02,2017-06-16,-0.009015934088613342,0.0,-0.0024306334767363325,0.030615127090138472,0.31806081049543355,0.4937106918238994,outer_02,none,0.05,-1,row1651_entry1652_exit1662,True,5.0,0.000499875041651048,0.009015934088613342,0.008516059046962295,0.0,-0.00951580913026439,0.008516059046962295,0.008516059046962295,-0.00951580913026439
1652,2017-06-02,1653,1663,2017-06-05,2017-06-19,-0.020680835133205733,0.0,0.010172323956336271,0.04070598531498959,0.33498326872321976,0.4937106918238994,outer_02,none,0.05,0,,False,5.0,0.0,-0.0,-0.0,0.0,-0.0,-0.0,-0.0,-0.0
1653,2017-06-05,1654,1664,2017-06-06,2017-06-20,-0.028695316145280536,0.0,0.00068022160645409,0.042486554660809084,0.4243671201325508,0.4937106918238994,outer_02,none,0.05,0,,False,5.0,0.0,-0.0,-0.0,0.0,-0.0,-0.0,-0.0,-0.0
1654,2017-06-06,1655,1665,2017-06-07,2017-06-21,-0.03978648228201642,0.0,0.011261704114905235,0.057793257692416056,0.4870859311202929,0.4937106918238994,outer_02,none,0.05,0,,False,5.0,0.0,-0.0,-0.0,0.0,-0.0,-0.0,-0.0,-0.0
1655,2017-06-07,1656,1666,2017-06-08,2017-06-22,-0.031800098319079595,0.0,-0.0054945406081445824,0.054159182737191,0.481150582052588,0.4937106918238994,outer_02,none,0.05,0,,False,5.0,0.0,-0.0,-0.0,0.0,-0.0,-0.0,-0.0,-0.0
1656,2017-06-08,1657,1667,2017-06-09,2017-06-23,-0.022870151088400625,0.0,-0.0063457133954614164,0.04303405750549416,0.5302506053006586,0.4937106918238994,outer_02,none,0.05,0,,False,5.0,0.0,-0.0,-0.0,0.0,-0.0,-0.0,-0.0,-0.0
1657,2017-06-09,1658,1668,2017-06-12,2017-06-26,-0.0072429056736558195,0.0,-0.009499971261575979,0.03055851226989681,0.4771926792809265,0.4937106918238994,outer_02,none,0.05,0,,False,5.0,0.0,-0.0,-0.0,0.0,-0.0,-0.0,-0.0,-0.0
1658,2017-06-12,1659,1669,2017-06-13,2017-06-27,-0.017036540116195376,0.0,-0.0007424198488115152,0.02851451733169963,0.5021675456693273,0.4937106918238994,outer_02,none,0.05,0,,False,5.0,0.0,-0.0,-0.0,0.0,-0.0,-0.0,-0.0,-0.0
1659,2017-06-13,1660,1670,2017-06-14,2017-06-28,-0.01541301483707791,0.0,0.00047394863284111466,0.023419001662664307,0.5094254205585005,0.4937106918238994,outer_02,none,0.05,0,,False,5.0,0.0,-0.0,-0.0,0.0,-0.0,-0.0,-0.0,-0.0
1660,2017-06-14,1661,1671,2017-06-15,2017-06-29,-0.00855220391218392,0.0,-0.0035046256535586906,0.0011259833719448054,0.46552753168782374,0.4937106918238994,outer_02,none,0.05,0,,False,5.0,0.0,-0.0,-0.0,0.0,-0.0,-0.0,-0.0,-0.0
1661,2017-06-15,1662,1672,2017-06-16,2017-06-30,-0.006767538568166032,0.0,-0.0062963789304761875,0.005878911699776168,0.4763309005910148,0.4937106918238994,outer_02,none,0.05,0,,False,5.0,0.0,-0.0,-0.0,0.0,-0.0,-0.0,-0.0,-0.0
1662,2017-06-16,1663,1673,2017-06-19,2017-07-03,-0.008992390666961114,0.0,-0.00042276721711065335,-0.0015545841430206764,0.412590064418365,0.4937106918238994,outer_02,none,0.05,-1,row1662_entry1663_exit1673,True,5.0,0.000499875041651048,0.008992390666961114,0.008492515625310067,0.0,-0.009492265708612162,0.008492515625310067,0.008492515625310067,0.008492515625310067
1663,2017-06-19,1664,1674,2017-06-20,2017-07-04,-0.01813983607528069,0.0,-0.008114983470365544,-0.013454228371204913,0.31949150807216387,0.4937106918238994,outer_02,none,0.05,0,,False,5.0,0.0,-0.0,-0.0,0.0,-0.0,-0.0,-0.0,-0.0
1664,2017-06-20,1665,1675,2017-06-21,2017-07-05,-0.015950283851637437,0.0,-0.0003459275115247351,-0.006823994566220293,0.2843955681992585,0.4937106918238994,outer_02,none,0.05,0,,False,5.0,0.0,-0.0,-0.0,0.0,-0.0,-0.0,-0.0,-0.0
1665,2017-06-21,1666,1676,2017-06-22,2017-07-06,-0.01569639581672977,0.0,0.0026196326604566167,-0.009782821261103969,0.26506724460720577,0.4937106918238994,outer_02,none,0.05,0,,False,5.0,0.0,-0.0,-0.0,0.0,-0.0,-0.0,-0.0,-0.0
1666,2017-06-22,1667,1677,2017-06-23,2017-07-07,-0.021165837118005015,0.0,0.003460876363487131,-0.004221722170346887,0.2314310442188564,0.4937106918238994,outer_02,none,0.05,0,,False,5.0,0.0,-0.0,-0.0,0.0,-0.0,-0.0,-0.0,-0.0
1667,2017-06-23,1668,1678,2017-06-26,2017-07-10,-0.03552201998981097,0.0,0.004954118811770769,-0.008186925321814087,0.25406524467425323,0.4937106918238994,outer_02,none,0.05,0,,False,5.0,0.0,-0.0,-0.0,0.0,-0.0,-0.0,-0.0,-0.0
1668,2017-06-26,1669,1679,2017-06-27,2017-07-11,-0.024314958460815106,0.0,-0.009844496137452197,-0.017684067660144187,0.285250393275362,0.4937106918238994,outer_02,none,0.05,0,,False,5.0,0.0,-0.0,-0.0,0.0,-0.0,-0.0,-0.0,-0.0
1669,2017-06-27,1670,1680,2017-06-28,2017-07-12,-0.024654524034474434,0.0,0.0020071461115964695,-0.012988747886747198,0.321880847383458,0.4937106918238994,outer_02,none,0.05,0,,False,5.0,0.0,-0.0,-0.0,0.0,-0.0,-0.0,-0.0,-0.0
1670,2017-06-28,1671,1681,2017-06-29,2017-07-13,-0.024995830758165027,0.0,0.0016428589434225316,-0.015769626309947604,0.31752047746265905,0.4937106918238994,outer_02,none,0.05,0,,False,5.0,0.0,-0.0,-0.0,0.0,-0.0,-0.0,-0.0,-0.0
1671,2017-06-29,1672,1682,2017-06-30,2017-07-14,-0.02311683168498302,0.0,-0.0030072798782381227,-0.016346272711449394,0.2836474936868888,0.4937106918238994,outer_02,none,0.05,0,,False,5.0,0.0,-0.0,-0.0,0.0,-0.0,-0.0,-0.0,-0.0
1672,2017-06-30,1673,1683,2017-07-03,2017-07-17,-0.010171348416509574,0.0,-0.002951907006917942,-0.029470503674703608,0.30240316742416146,0.4937106918238994,outer_02,none,0.05,-1,row1672_entry1673_exit1683,True,5.0,0.000499875041651048,0.010171348416509574,0.009671473374858526,0.0,-0.010671223458160621,0.009671473374858526,0.009671473374858526,0.009671473374858526
1673,2017-07-03,1674,1684,2017-07-04,2017-07-18,0.010132690219143647,1.0,-0.017855803161419104,-0.0480065284425768,0.21365444801168681,0.4937106918238994,outer_02,none,0.05,0,,False,5.0,0.0,0.0,0.0,0.0,0.0,0.0,0.0,0.0
1674,2017-07-04,1675,1685,2017-07-05,2017-07-19,0.015218328331503272,1.0,0.003209382001857719,-0.05605885055562432,0.34586600532014766,0.4937106918238994,outer_02,none,0.05,0,,False,5.0,0.0,0.0,0.0,0.0,0.0,0.0,0.0,0.0
1675,2017-07-05,1676,1686,2017-07-06,2017-07-20,0.011458982094177728,1.0,0.0028160870129285698,-0.047748222934551166,0.3139302092496572,0.4937106918238994,outer_02,none,0.05,0,,False,5.0,0.0,0.0,0.0,0.0,0.0,0.0,0.0,0.0
1676,2017-07-06,1677,1687,2017-07-07,2017-07-21,0.015739426825962965,1.0,-0.0018193467609615155,-0.043221856300051265,0.3014342329326391,0.4937106918238994,outer_02,none,0.05,0,,False,5.0,0.0,0.0,0.0,0.0,0.0,0.0,0.0,0.0
1677,2017-07-07,1678,1688,2017-07-10,2017-07-24,0.033882323045899554,1.0,-0.010177369526669366,-0.04389925456514465,0.3219379873492271,0.4937106918238994,outer_02,none,0.05,0,,False,5.0,0.0,0.0,0.0,0.0,0.0,0.0,0.0,0.0
1678,2017-07-10,1679,1689,2017-07-11,2017-07-25,0.032582610230099895,1.0,0.0016897117086696056,-0.04146712300766353,0.4109068506146721,0.4937106918238994,outer_02,none,0.05,0,,False,5.0,0.0,0.0,0.0,0.0,0.0,0.0,0.0,0.0
1679,2017-07-11,1680,1690,2017-07-12,2017-07-26,0.026769248586780314,1.0,0.002434752339946833,-0.03950631930055781,0.3632773038505287,0.4937106918238994,outer_02,none,0.05,0,,False,5.0,0.0,0.0,0.0,0.0,0.0,0.0,0.0,0.0
1680,2017-07-12,1681,1691,2017-07-13,2017-07-27,0.033611523710574964,1.0,0.002404251676114022,-0.0335974419708851,0.30970623420399757,0.4937106918238994,outer_02,none,0.05,0,,False,5.0,0.0,0.0,0.0,0.0,0.0,0.0,0.0,0.0
1681,2017-07-13,1682,1692,2017-07-14,2017-07-28,0.03373560915877416,1.0,-0.002166030285170706,-0.02946709332557962,0.26914595407053804,0.4937106918238994,outer_02,none,0.05,0,,False,5.0,0.0,0.0,0.0,0.0,0.0,0.0,0.0,0.0
1682,2017-07-14,1683,1693,2017-07-17,2017-07-31,0.032793758165316156,1.0,0.009246645424382471,-0.019797680684086494,0.278938693238319,0.4937106918238994,outer_02,none,0.05,-1,row1682_entry1683_exit1693,True,5.0,0.000499875041651048,-0.032793758165316156,-0.0332936332069672,0.0,0.03229388312366511,-0.0332936332069672,0.03229388312366511,-0.0332936332069672
1683,2017-07-17,1684,1694,2017-07-18,2017-08-01,0.028387188597643664,1.0,0.0038986087504637723,-0.007784088463257177,0.3068120948674181,0.4937106918238994,outer_02,none,0.05,0,,False,5.0,0.0,0.0,0.0,0.0,0.0,0.0,0.0,0.0
1684,2017-07-18,1685,1695,2017-07-19,2017-08-02,0.02056296073451147,1.0,0.006802307659487639,-0.0006358532922448035,0.29635628952106574,0.4937106918238994,outer_02,none,0.05,0,,False,5.0,0.0,0.0,0.0,0.0,0.0,0.0,0.0,0.0
1685,2017-07-19,1686,1696,2017-07-20,2017-08-03,0.020007208574704727,1.0,-0.0007248828423529474,-0.003980368795054368,0.31483879682699106,0.4937106918238994,outer_02,none,0.05,0,,False,5.0,0.0,0.0,0.0,0.0,0.0,0.0,0.0,0.0
1686,2017-07-20,1687,1697,2017-07-21,2017-08-04,0.019255320043590984,1.0,0.002808007477174357,-0.004633237681367142,0.310149597276757,0.4937106918238994,outer_02,none,0.05,0,,False,5.0,0.0,0.0,0.0,0.0,0.0,0.0,0.0,0.0
1687,2017-07-21,1688,1698,2017-07-24,2017-08-07,0.0014647118569666162,1.0,0.008066237739754456,-0.0015211187533834547,0.3217366996153833,0.4937106918238994,outer_02,none,0.05,0,,False,5.0,0.0,0.0,0.0,0.0,0.0,0.0,0.0,0.0
1688,2017-07-24,1689,1699,2017-07-25,2017-08-08,0.0019508783146351405,1.0,0.0004860538499915634,0.008809431234060305,0.36950813282335865,0.4937106918238994,outer_02,none,0.05,0,,False,5.0,0.0,0.0,0.0,0.0,0.0,0.0,0.0,0.0
1689,2017-07-25,1690,1700,2017-07-26,2017-08-09,0.008922158110596712,1.0,-0.004471029635462642,0.0023312554870011937,0.3747672092213367,0.4937106918238994,outer_02,none,0.05,0,,False,5.0,0.0,0.0,0.0,0.0,0.0,0.0,0.0,0.0
1690,2017-07-26,1691,1701,2017-07-27,2017-08-10,0.013573050079152438,1.0,0.008866641108500772,0.009555037652079434,0.3728249656936265,0.4937106918238994,outer_02,none,0.05,0,,False,5.0,0.0,0.0,0.0,0.0,0.0,0.0,0.0,0.0
1691,2017-07-27,1692,1702,2017-07-28,2017-08-11,0.021192877377599117,1.0,-0.0019211996732000358,0.010641117857117521,0.38202910476697294,0.4937106918238994,outer_02,none,0.05,0,,False,5.0,0.0,0.0,0.0,0.0,0.0,0.0,0.0,0.0
1692,2017-07-28,1693,1703,2017-07-31,2017-08-14,0.014665184600993975,1.0,0.008301298398005308,0.02189432326204077,0.42427110566179693,0.4937106918238994,outer_02,none,0.05,-1,row1692_entry1693_exit1703,True,5.0,0.000499875041651048,-0.014665184600993975,-0.015165059642645022,0.0,0.014165309559342927,-0.015165059642645022,0.014165309559342927,0.014165309559342927
1693,2017-07-31,1694,1704,2017-08-01,2017-08-15,0.00901811290417065,1.0,0.0003624501670698166,0.04011257659052969,0.41791887790777016,0.4937106918238994,outer_02,none,0.05,0,,False,5.0,0.0,0.0,0.0,0.0,0.0,0.0,0.0,0.0
1694,2017-08-01,1695,1705,2017-08-02,2017-08-16,0.002157515128476284,1.0,-0.00035456941855649404,0.03654862517011548,0.48313550622809526,0.4937106918238994,outer_02,none,0.05,0,,False,5.0,0.0,0.0,0.0,0.0,0.0,0.0,0.0,0.0
1695,2017-08-02,1696,1706,2017-08-03,2017-08-17,0.013742578365572022,1.0,-0.002161651269726228,0.03157088688746068,0.47580632176837967,0.4937106918238994,outer_02,none,0.05,0,,False,5.0,0.0,0.0,0.0,0.0,0.0,0.0,0.0,0.0
1696,2017-08-03,1697,1707,2017-08-04,2017-08-18,0.01578444973295401,1.0,0.0021064847258562835,0.03549671837427848,0.4528951788355208,0.4937106918238994,outer_02,none,0.05,0,,False,5.0,0.0,0.0,0.0,0.0,0.0,0.0,0.0,0.0
1697,2017-08-04,1698,1708,2017-08-07,2017-08-21,0.020353991671863803,1.0,-0.00800770229013903,0.03766638561080882,0.4263799026953945,0.4937106918238994,outer_02,none,0.05,0,,False,5.0,0.0,0.0,0.0,0.0,0.0,0.0,0.0,0.0
1698,2017-08-07,1699,1709,2017-08-08,2017-08-22,0.026439828573658453,1.0,-0.0008424734244920629,0.03513420047764715,0.44856209359734667,0.4937106918238994,outer_02,none,0.05,0,,False,5.0,0.0,0.0,0.0,0.0,0.0,0.0,0.0,0.0
1699,2017-08-08,1700,1710,2017-08-09,2017-08-23,0.018574779953579146,1.0,0.0024380474352412307,0.035137495572941546,0.3776746972806711,0.4937106918238994,outer_02,none,0.05,0,,False,5.0,0.0,0.0,0.0,0.0,0.0,0.0,0.0,0.0
1700,2017-08-09,1701,1711,2017-08-10,2017-08-24,0.010157116235634867,1.0,0.013120083556663609,0.04585332745349113,0.4619855188306014,0.4937106918238994,outer_02,none,0.05,0,,False,5.0,0.0,0.0,0.0,0.0,0.0,0.0,0.0,0.0
1701,2017-08-10,1702,1712,2017-08-11,2017-08-25,-5.4428327625366535e-05,0.0,0.006912074452852579,0.05493143219151442,0.5532144142331334,0.4937106918238994,outer_02,none,0.05,0,,False,5.0,0.0,-0.0,-0.0,0.0,-0.0,-0.0,-0.0,-0.0
1702,2017-08-11,1703,1713,2017-08-14,2017-08-28,0.002455661841588963,1.0,0.0032289891677406146,0.04891377593487256,0.5740805066362638,0.4937106918238994,outer_02,none,0.05,1,row1702_entry1703_exit1713,True,5.0,0.000499875041651048,0.002455661841588963,0.001955786799937915,0.0,0.001955786799937915,-0.002955536883240011,0.001955786799937915,0.001955786799937915
1703,2017-08-14,1704,1714,2017-08-15,2017-08-29,0.02555724628309264,1.0,-0.007084809800469216,0.03793035738393957,0.5766311257688008,0.4937106918238994,outer_02,none,0.05,0,,False,5.0,0.0,0.0,0.0,0.0,0.0,0.0,0.0,0.0
1704,2017-08-15,1705,1715,2017-08-16,2017-08-30,0.03013099851932921,1.0,-0.007662152323661076,0.02346589740079086,0.615611937563568,0.4937106918238994,outer_02,none,0.05,0,,False,5.0,0.0,0.0,0.0,0.0,0.0,0.0,0.0,0.0
1705,2017-08-16,1706,1716,2017-08-17,2017-08-31,0.019097434242330458,1.0,0.009050402337990704,0.03324118258113451,0.5947703130111331,0.4937106918238994,outer_02,none,0.05,0,,False,5.0,0.0,0.0,0.0,0.0,0.0,0.0,0.0,0.0
1706,2017-08-17,1707,1717,2017-08-18,2017-09-01,0.02548367321189815,1.0,0.0036253064032525373,0.03405848150721269,0.5250672707581048,0.4937106918238994,outer_02,none,0.05,0,,False,5.0,0.0,0.0,0.0,0.0,0.0,0.0,0.0,0.0
1707,2017-08-18,1708,1718,2017-08-21,2017-09-04,0.03987282285308691,1.0,-0.0024257891818857402,0.023566454585572494,0.4948583701923536,0.4937106918238994,outer_02,none,0.05,0,,False,5.0,0.0,0.0,0.0,0.0,0.0,0.0,0.0,0.0
1708,2017-08-21,1709,1719,2017-08-22,2017-09-05,0.03257612077157468,1.0,0.005411062767833208,0.02849146350341414,0.5175421813427907,0.4937106918238994,outer_02,none,0.05,0,,False,5.0,0.0,0.0,0.0,0.0,0.0,0.0,0.0,0.0
1709,2017-08-22,1710,1720,2017-08-23,2017-09-06,0.041970064362727655,1.0,-0.005146428078908194,0.027816065059968587,0.5149400293674957,0.4937106918238994,outer_02,none,0.05,0,,False,5.0,0.0,0.0,0.0,0.0,0.0,0.0,0.0,0.0
1710,2017-08-23,1711,1721,2017-08-24,2017-09-07,0.033298178842099624,1.0,0.004255656030526467,0.02320507998199428,0.4428243747397721,0.4937106918238994,outer_02,none,0.05,0,,False,5.0,0.0,0.0,0.0,0.0,0.0,0.0,0.0,0.0
1711,2017-08-24,1712,1722,2017-08-25,2017-09-08,0.047468905988443666,1.0,-0.0033299857286159806,0.021796293926578336,0.4226530592283691,0.4937106918238994,outer_02,none,0.05,0,,False,5.0,0.0,0.0,0.0,0.0,0.0,0.0,0.0,0.0
1712,2017-08-25,1713,1723,2017-08-28,2017-09-11,0.03530793413032285,1.0,0.004127844720323459,0.017622840248896487,0.40174043608826576,0.4937106918238994,outer_02,none,0.05,-1,row1712_entry1713_exit1723,True,5.0,0.000499875041651048,-0.03530793413032285,-0.035807809171973896,0.0,0.0348080590886718,-0.035807809171973896,0.0348080590886718,0.0348080590886718
1713,2017-08-28,1714,1724,2017-08-29,2017-09-12,0.01008495892148531,1.0,0.013948278484749999,0.03120866856657667,0.635470142217827,0.4937106918238994,outer_02,none,0.05,0,,False,5.0,0.0,0.0,0.0,0.0,0.0,0.0,0.0,0.0
1714,2017-08-29,1715,1725,2017-08-30,2017-09-13,0.0173792416336509,1.0,-9.92711209661934e-05,0.03146396686416697,0.6061397727099027,0.4937106918238994,outer_02,none,0.05,0,,False,5.0,0.0,0.0,0.0,0.0,0.0,0.0,0.0,0.0
1715,2017-08-30,1716,1726,2017-08-31,2017-09-14,0.01114977710394971,1.0,-0.0010161864850655178,0.03260943164882768,0.6164477870183984,0.4937106918238994,outer_02,none,0.05,0,,False,5.0,0.0,0.0,0.0,0.0,0.0,0.0,0.0,0.0
1716,2017-08-31,1717,1727,2017-09-01,2017-09-15,0.006582666855408981,1.0,0.01008542295724002,0.04058836988021142,0.6906678389226144,0.4937106918238994,outer_02,none,0.05,0,,False,5.0,0.0,0.0,0.0,0.0,0.0,0.0,0.0,0.0
1717,2017-09-01,1718,1728,2017-09-04,2017-09-18,-0.012700330120638093,0.0,0.0024036292751477006,0.05099970144549815,0.7017212790875377,0.4937106918238994,outer_02,none,0.05,0,,False,5.0,0.0,-0.0,-0.0,0.0,-0.0,-0.0,-0.0,-0.0
1718,2017-09-04,1719,1729,2017-09-05,2017-09-19,-0.019552637923549554,0.0,0.0070489844450216665,0.058891159315011876,0.7894392428721767,0.4937106918238994,outer_02,none,0.05,0,,False,5.0,0.0,-0.0,-0.0,0.0,-0.0,-0.0,-0.0,-0.0
1719,2017-09-05,1720,1730,2017-09-06,2017-09-20,-0.021870589184407763,0.0,0.004480337797444278,0.060933449677214924,0.730704249923123,0.4937106918238994,outer_02,none,0.05,0,,False,5.0,0.0,-0.0,-0.0,0.0,-0.0,-0.0,-0.0,-0.0
1720,2017-09-06,1721,1731,2017-09-07,2017-09-21,-0.02477113596859226,0.0,-0.004442856116611438,0.04337051000393988,0.7915448864231769,0.4937106918238994,outer_02,none,0.05,0,,False,5.0,0.0,-0.0,-0.0,0.0,-0.0,-0.0,-0.0,-0.0
1721,2017-09-07,1722,1732,2017-09-08,2017-09-22,-0.043147200376595585,0.0,0.011403906960209653,0.04786234251129695,0.7404776317988164,0.4937106918238994,outer_02,none,0.05,0,,False,5.0,0.0,-0.0,-0.0,0.0,-0.0,-0.0,-0.0,-0.0
1722,2017-09-08,1723,1733,2017-09-11,2017-09-25,-0.03261133800922167,0.0,-0.0020995708416453596,0.04253378250191098,0.6951091873803414,0.4937106918238994,outer_02,none,0.05,1,row1722_entry1723_exit1733,True,5.0,0.000499875041651048,-0.03261133800922167,-0.033111213050872716,0.0,-0.033111213050872716,0.03211146296757062,0.03211146296757062,-0.033111213050872716
1723,2017-09-11,1724,1734,2017-09-12,2017-09-26,-0.013576241892089058,0.0,-0.014384647354130031,0.03523394494825016,0.7788683873764334,0.4937106918238994,outer_02,none,0.05,0,,False,5.0,0.0,-0.0,-0.0,0.0,-0.0,-0.0,-0.0,-0.0
1724,2017-09-12,1725,1735,2017-09-13,2017-09-27,-0.030423405844811846,0.0,0.003016729702831178,0.045912826974742416,0.7499951187733066,0.4937106918238994,outer_02,none,0.05,0,,False,5.0,0.0,-0.0,-0.0,0.0,-0.0,-0.0,-0.0,-0.0
1725,2017-09-13,1726,1736,2017-09-14,2017-09-28,-0.030582249742476364,0.0,-0.006223977051655893,0.030638447585095818,0.7307352456383386,0.4937106918238994,outer_02,none,0.05,0,,False,5.0,0.0,-0.0,-0.0,0.0,-0.0,-0.0,-0.0,-0.0
1726,2017-09-14,1727,1737,2017-09-15,2017-09-29,-0.03358854040627435,0.0,0.00494617529782726,0.03195931647967054,0.6832510783868164,0.4937106918238994,outer_02,none,0.05,0,,False,5.0,0.0,-0.0,-0.0,0.0,-0.0,-0.0,-0.0,-0.0
1727,2017-09-15,1728,1738,2017-09-18,2017-10-02,-0.030326355312190856,0.0,-0.006996650992515008,0.027388454669041273,0.6937710778123368,0.4937106918238994,outer_02,none,0.05,0,,False,5.0,0.0,-0.0,-0.0,0.0,-0.0,-0.0,-0.0,-0.0
1728,2017-09-18,1729,1739,2017-09-19,2017-10-03,-0.028702607210383313,0.0,-0.00997161428259119,0.012005777618616875,0.684010595366264,0.4937106918238994,outer_02,none,0.05,0,,False,5.0,0.0,-0.0,-0.0,0.0,-0.0,-0.0,-0.0,-0.0
1729,2017-09-19,1730,1740,2017-09-20,2017-10-04,-0.0303578212341149,0.0,0.0028341290660867102,0.01998633476361178,0.6968215965566245,0.4937106918238994,outer_02,none,0.05,0,,False,5.0,0.0,-0.0,-0.0,0.0,-0.0,-0.0,-0.0,-0.0
1730,2017-09-20,1731,1741,2017-09-21,2017-10-05,-0.02052564316000094,0.0,-0.00828812318601102,0.007442555547074292,0.6295373810461388,0.4937106918238994,outer_02,none,0.05,0,,False,5.0,0.0,-0.0,-0.0,0.0,-0.0,-0.0,-0.0,-0.0
1731,2017-09-21,1732,1742,2017-09-22,2017-10-06,-0.017896468429296597,0.0,-0.006838293154866726,0.003934248120823547,0.6414426538687277,0.4937106918238994,outer_02,none,0.05,0,,False,5.0,0.0,-0.0,-0.0,0.0,-0.0,-0.0,-0.0,-0.0
1732,2017-09-22,1733,1743,2017-09-25,2017-10-09,-0.015599799994338248,0.0,0.004381582754348301,0.004187986154848389,0.6137122768860062,0.4937106918238994,outer_02,none,0.05,1,row1732_entry1733_exit1743,True,5.0,0.000499875041651048,-0.015599799994338248,-0.016099675035989296,0.0,-0.016099675035989296,0.0150999249526872,-0.016099675035989296,-0.016099675035989296
1733,2017-09-25,1734,1744,2017-09-26,2017-10-10,-0.01991366396718508,0.0,0.010271764196740918,0.0005114718668393081,0.5341823925128905,0.4937106918238994,outer_02,none,0.05,0,,False,5.0,0.0,-0.0,-0.0,0.0,-0.0,-0.0,-0.0,-0.0
1734,2017-09-26,1735,1745,2017-09-27,2017-10-11,-0.004192001055696615,0.0,-0.012657230204090375,-0.012046487216284874,0.6362016126989615,0.4937106918238994,outer_02,none,0.05,0,,False,5.0,0.0,-0.0,-0.0,0.0,-0.0,-0.0,-0.0,-0.0
1735,2017-09-27,1736,1746,2017-09-28,2017-10-12,0.0064550180441251825,1.0,-0.00903746892456514,-0.020067769655784495,0.6549149744419291,0.4937106918238994,outer_02,none,0.05,0,,False,5.0,0.0,0.0,0.0,0.0,0.0,0.0,0.0,0.0
1736,2017-09-28,1737,1747,2017-09-29,2017-10-13,0.0054490134011340174,1.0,0.003752232774519193,-0.026400959838505322,0.6887301021306642,0.4937106918238994,outer_02,none,0.05,0,,False,5.0,0.0,0.0,0.0,0.0,0.0,0.0,0.0,0.0
1737,2017-09-29,1738,1748,2017-10-02,2017-10-16,0.01888309899002305,1.0,-0.005930619210202437,-0.03473520832385546,0.6276308586119819,0.4937106918238994,outer_02,none,0.05,0,,False,5.0,0.0,0.0,0.0,0.0,0.0,0.0,0.0,0.0
1738,2017-10-02,1739,1749,2017-10-03,2017-10-17,0.019645680635268725,1.0,-0.006603116937053954,-0.04838730970593108,0.6366081548691357,0.4937106918238994,outer_02,none,0.05,0,,False,5.0,0.0,0.0,0.0,0.0,0.0,0.0,0.0,0.0
1739,2017-10-03,1740,1750,2017-10-04,2017-10-18,0.010554125748783783,1.0,0.00046411196157336576,-0.05240353554180199,0.6925335527856394,0.4937106918238994,outer_02,none,0.05,0,,False,5.0,0.0,0.0,0.0,0.0,0.0,0.0,0.0,0.0
1740,2017-10-04,1741,1751,2017-10-05,2017-10-19,0.005007169133675937,1.0,0.0024350215080977122,-0.04552565791709284,0.7160157837374563,0.4937106918238994,outer_02,none,0.05,0,,False,5.0,0.0,0.0,0.0,0.0,0.0,0.0,0.0,0.0
1741,2017-10-05,1742,1752,2017-10-06,2017-10-20,0.016199497385855466,1.0,-0.00556210401740298,-0.06249166889470548,0.6929334224748132,0.4937106918238994,outer_02,none,0.05,0,,False,5.0,0.0,0.0,0.0,0.0,0.0,0.0,0.0,0.0
1742,2017-10-06,1743,1753,2017-10-09,2017-10-23,0.001034020944885583,1.0,0.006761723105836559,-0.05363037494722356,0.4984241276132301,0.4937106918238994,outer_02,none,0.05,0,,False,5.0,0.0,0.0,0.0,0.0,0.0,0.0,0.0,0.0
1743,2017-10-09,1744,1754,2017-10-10,2017-10-24,-0.0017074230252882572,0.0,0.006070070315423948,-0.03317565727766958,0.525873059378053,0.4937106918238994,outer_02,none,0.05,0,,False,5.0,0.0,-0.0,-0.0,0.0,-0.0,-0.0,-0.0,-0.0
1744,2017-10-10,1745,1755,2017-10-11,2017-10-25,-0.008993224092201046,0.0,0.003095038747927603,-0.033097348232573154,0.5441187944289406,0.4937106918238994,outer_02,none,0.05,0,,False,5.0,0.0,-0.0,-0.0,0.0,-0.0,-0.0,-0.0,-0.0
1745,2017-10-11,1746,1756,2017-10-12,2017-10-26,-0.010554680586273513,0.0,0.002636437066262154,-0.024236934114655106,0.5039155453528407,0.4937106918238994,outer_02,none,0.05,0,,False,5.0,0.0,-0.0,-0.0,0.0,-0.0,-0.0,-0.0,-0.0
1746,2017-10-12,1747,1757,2017-10-13,2017-10-27,-0.02035795051481859,0.0,0.0015089436777193654,-0.027674165734763,0.47078565467381817,0.4937106918238994,outer_02,none,0.05,0,,False,5.0,0.0,-0.0,-0.0,0.0,-0.0,-0.0,-0.0,-0.0
1747,2017-10-13,1748,1758,2017-10-16,2017-10-30,-0.023326279524710003,0.0,0.007725614858653529,-0.012951899883594464,0.3612921382487901,0.4937106918238994,outer_02,none,0.05,-1,row1747_entry1748_exit1758,True,5.0,0.000499875041651048,0.023326279524710003,0.022826404483058955,0.0,-0.02382615456636105,0.022826404483058955,-0.02382615456636105,0.022826404483058955
1748,2017-10-16,1749,1759,2017-10-17,2017-10-31,-0.015467653149238814,0.0,-0.006720915874671718,-0.009701201475674992,0.46974600029377195,0.4937106918238994,outer_02,none,0.05,0,,False,5.0,0.0,-0.0,-0.0,0.0,-0.0,-0.0,-0.0,-0.0
1749,2017-10-17,1750,1760,2017-10-18,2017-11-01,-0.011435404919506453,0.0,-0.007310931850896374,-0.019846262392658076,0.5193407310276592,0.4937106918238994,outer_02,none,0.05,0,,False,5.0,0.0,-0.0,-0.0,0.0,-0.0,-0.0,-0.0,-0.0
1750,2017-10-18,1751,1761,2017-10-19,2017-11-02,-0.004709167312091367,0.0,-0.003374971538843141,-0.014933110745490197,0.493825936510702,0.4937106918238994,outer_02,none,0.05,0,,False,5.0,0.0,-0.0,-0.0,0.0,-0.0,-0.0,-0.0,-0.0
1751,2017-10-19,1752,1762,2017-10-20,2017-11-03,-0.009498686365293274,0.0,0.00665328094220019,-0.0014415366484232806,0.3364132270344858,0.4937106918238994,outer_02,none,0.05,0,,False,5.0,0.0,-0.0,-0.0,0.0,-0.0,-0.0,-0.0,-0.0
1752,2017-10-20,1753,1763,2017-10-23,2017-11-06,-0.006133567223415959,0.0,-0.007199959493215502,-0.013023078895987084,0.38722972128956845,0.4937106918238994,outer_02,none,0.05,0,,False,5.0,0.0,-0.0,-0.0,0.0,-0.0,-0.0,-0.0,-0.0
1753,2017-10-23,1754,1764,2017-10-24,2017-11-07,-0.00035120169874325313,0.0,0.0014207430845276647,-0.021874100008200337,0.3877400322864727,0.4937106918238994,outer_02,none,0.05,0,,False,5.0,0.0,-0.0,-0.0,0.0,-0.0,-0.0,-0.0,-0.0
1754,2017-10-24,1755,1765,2017-10-25,2017-11-08,0.0002820211534553252,1.0,-0.004268299163038947,-0.013485168967148908,0.41369411288566277,0.4937106918238994,outer_02,none,0.05,0,,False,5.0,0.0,0.0,0.0,0.0,0.0,0.0,0.0,0.0
1755,2017-10-25,1756,1766,2017-10-26,2017-11-09,0.002742778487900388,1.0,0.0006969923887094609,-0.003750707653874308,0.3583871701316048,0.4937106918238994,outer_02,none,0.05,0,,False,5.0,0.0,0.0,0.0,0.0,0.0,0.0,0.0,0.0
1756,2017-10-26,1757,1767,2017-10-27,2017-11-10,0.013843572631082601,1.0,-0.008222476423437541,-0.015725416851831042,0.3993129118793578,0.4937106918238994,outer_02,none,0.05,0,,False,5.0,0.0,0.0,0.0,0.0,0.0,0.0,0.0,0.0
1757,2017-10-27,1758,1768,2017-10-30,2017-11-13,0.0013107138987331624,1.0,0.005141075673378737,-0.004653721968249869,0.3515998663870723,0.4937106918238994,outer_02,none,0.05,-1,row1757_entry1758_exit1768,True,5.0,0.000499875041651048,-0.0013107138987331624,-0.0018105889403842103,0.0,0.0008108388570821144,-0.0018105889403842103,0.0008108388570821144,-0.0018105889403842103
1758,2017-10-30,1759,1769,2017-10-31,2017-11-14,0.001487932362163491,1.0,0.0020239745832348888,0.0039733695520389745,0.3537218982584169,0.4937106918238994,outer_02,none,0.05,0,,False,5.0,0.0,0.0,0.0,0.0,0.0,0.0,0.0,0.0
1759,2017-10-31,1760,1770,2017-11-01,2017-11-15,0.007466232882670454,1.0,-0.0039340296751673165,-0.0004247720847017078,0.3813421171291871,0.4937106918238994,outer_02,none,0.05,0,,False,5.0,0.0,0.0,0.0,0.0,0.0,0.0,0.0,0.0
1760,2017-11-01,1761,1771,2017-11-02,2017-11-16,0.0023651781775919645,1.0,0.00276564493199416,-9.414866080525996e-05,0.34170492583316675,0.4937106918238994,outer_02,none,0.05,0,,False,5.0,0.0,0.0,0.0,0.0,0.0,0.0,0.0,0.0
1761,2017-11-02,1762,1772,2017-11-03,2017-11-17,0.0009938297300076115,1.0,0.0012780957331903764,0.0067460510897880965,0.35190295574132097,0.4937106918238994,outer_02,none,0.05,0,,False,5.0,0.0,0.0,0.0,0.0,0.0,0.0,0.0,0.0
1762,2017-11-03,1763,1773,2017-11-06,2017-11-20,0.018513266015919072,1.0,-0.004807210633753556,-0.004822882649802018,0.4182275179454402,0.4937106918238994,outer_02,none,0.05,0,,False,5.0,0.0,0.0,0.0,0.0,0.0,0.0,0.0,0.0
1763,2017-11-06,1764,1774,2017-11-07,2017-11-21,-0.0026183856793542404,0.0,0.008982941197351657,-0.001910011767874309,0.36656831947594976,0.4937106918238994,outer_02,none,0.05,0,,False,5.0,0.0,-0.0,-0.0,0.0,-0.0,-0.0,-0.0,-0.0
1764,2017-11-07,1765,1775,2017-11-08,2017-11-22,0.003128228534063915,1.0,-0.004896908937555899,-0.009901959453357811,0.41782816093568836,0.4937106918238994,outer_02,none,0.05,0,,False,5.0,0.0,0.0,0.0,0.0,0.0,0.0,0.0,0.0
1765,2017-11-08,1766,1776,2017-11-09,2017-11-23,0.007850615122601212,1.0,0.0046393630363796845,-0.007899033483240281,0.3979189016240274,0.4937106918238994,outer_02,none,0.05,0,,False,5.0,0.0,0.0,0.0,0.0,0.0,0.0,0.0,0.0
1766,2017-11-09,1767,1777,2017-11-10,2017-11-24,0.004386363523305903,1.0,0.0027048216070379993,-0.006703155553921647,0.3291181209679731,0.4937106918238994,outer_02,none,0.05,0,,False,5.0,0.0,0.0,0.0,0.0,0.0,0.0,0.0,0.0
1767,2017-11-10,1768,1778,2017-11-13,2017-11-27,0.010261302264744643,1.0,-0.0070540829881959866,-0.021482853400771162,0.43399932067689584,0.4937106918238994,outer_02,none,0.05,-1,row1767_entry1768_exit1778,True,5.0,0.000499875041651048,-0.010261302264744643,-0.01076117730639569,0.0,0.009761427223093595,-0.01076117730639569,-0.01076117730639569,-0.01076117730639569
1768,2017-11-13,1769,1779,2017-11-14,2017-11-28,0.012952864151793086,1.0,0.0018327503426611713,-0.012929187183438273,0.3697423335634595,0.4937106918238994,outer_02,none,0.05,0,,False,5.0,0.0,0.0,0.0,0.0,0.0,0.0,0.0,0.0
1769,2017-11-14,1770,1780,2017-11-15,2017-11-29,0.010554802912885464,1.0,0.0018606401903067393,-0.00375761514223516,0.33556301579785414,0.4937106918238994,outer_02,none,0.05,0,,False,5.0,0.0,0.0,0.0,0.0,0.0,0.0,0.0,0.0
1770,2017-11-15,1771,1781,2017-11-16,2017-11-30,0.0045890614442596345,1.0,-0.001547685425363099,-0.0019303290287551178,0.3695673664496663,0.4937106918238994,outer_02,none,0.05,0,,False,5.0,0.0,0.0,0.0,0.0,0.0,0.0,0.0,0.0
1771,2017-11-16,1772,1782,2017-11-17,2017-12-01,-0.0027412941969071625,0.0,-3.129106953103644e-05,-0.008614901040486345,0.3019458396226195,0.4937106918238994,outer_02,none,0.05,0,,False,5.0,0.0,-0.0,-0.0,0.0,-0.0,-0.0,-0.0,-0.0
1772,2017-11-17,1773,1783,2017-11-20,2017-12-04,-0.014951059345071904,0.0,0.012292130001892332,0.01087718845462149,0.30396047390189923,0.4937106918238994,outer_02,none,0.05,0,,False,5.0,0.0,-0.0,-0.0,0.0,-0.0,-0.0,-0.0,-0.0
1773,2017-11-20,1774,1784,2017-11-21,2017-12-05,-0.0010649461486007539,0.0,-0.013583740584788728,-0.004127295214694904,0.4104688617799531,0.4937106918238994,outer_02,none,0.05,0,,False,5.0,0.0,-0.0,-0.0,0.0,-0.0,-0.0,-0.0,-0.0
1774,2017-11-21,1775,1785,2017-11-22,2017-12-06,-0.011536762071568951,0.0,0.0029096390520679805,0.0030506430004120233,0.4355229854906521,0.4937106918238994,outer_02,none,0.05,0,,False,5.0,0.0,-0.0,-0.0,0.0,-0.0,-0.0,-0.0,-0.0
1775,2017-11-22,1776,1786,2017-11-23,2017-12-07,-0.021854002912608195,0.0,0.008995865992563523,0.011349516604266086,0.43464524240901736,0.4937106918238994,outer_02,none,0.05,0,,False,5.0,0.0,-0.0,-0.0,0.0,-0.0,-0.0,-0.0,-0.0
1776,2017-11-23,1777,1787,2017-11-24,2017-12-08,-0.034141721190027674,0.0,-0.0007820757928040933,0.018789917234899534,0.46048704717067784,0.4937106918238994,outer_02,none,0.05,0,,False,5.0,0.0,-0.0,-0.0,0.0,-0.0,-0.0,-0.0,-0.0
1777,2017-11-24,1778,1788,2017-11-27,2017-12-11,-0.03184236403272056,0.0,-0.0020626558181540133,0.011586185743366784,0.36876431388847714,0.4937106918238994,outer_02,none,0.05,-1,row1777_entry1778_exit1788,True,5.0,0.000499875041651048,0.03184236403272056,0.03134248899106951,0.0,-0.03234223907437161,0.03134248899106951,0.03134248899106951,-0.03234223907437161
1778,2017-11-27,1779,1789,2017-11-28,2017-12-12,-0.04135964884723897,0.0,0.004638870209927148,0.014201081370059043,0.4267940196093669,0.4937106918238994,outer_02,none,0.05,0,,False,5.0,0.0,-0.0,-0.0,0.0,-0.0,-0.0,-0.0,-0.0
1779,2017-11-28,1780,1790,2017-11-29,2017-12-13,-0.039118663343608695,0.0,-0.0003941252210015733,0.017740985824224786,0.4425206950660558,0.4937106918238994,outer_02,none,0.05,0,,False,5.0,0.0,-0.0,-0.0,0.0,-0.0,-0.0,-0.0,-0.0
1780,2017-11-29,1781,1791,2017-11-30,2017-12-14,-0.0238284737046488,0.0,-0.008156848317442567,0.00681849257478806,0.4414537483906762,0.4937106918238994,outer_02,none,0.05,0,,False,5.0,0.0,-0.0,-0.0,0.0,-0.0,-0.0,-0.0,-0.0
1781,2017-11-30,1782,1792,2017-12-01,2017-12-15,-0.017461093873983202,0.0,-0.006677272907360532,-0.0011368760657628485,0.35592486006163504,0.4937106918238994,outer_02,none,0.05,0,,False,5.0,0.0,-0.0,-0.0,0.0,-0.0,-0.0,-0.0,-0.0
1782,2017-12-01,1783,1793,2017-12-04,2017-12-18,-0.015672231189627794,0.0,0.004055466729981028,0.007725801297971735,0.40225981200670763,0.4937106918238994,outer_02,none,0.05,0,,False,5.0,0.0,-0.0,-0.0,0.0,-0.0,-0.0,-0.0,-0.0
1783,2017-12-04,1784,1794,2017-12-05,2017-12-19,-0.011599632038443275,0.0,-0.0030831616632616132,-0.004340301562641535,0.379371975513871,0.4937106918238994,outer_02,none,0.05,0,,False,5.0,0.0,-0.0,-0.0,0.0,-0.0,-0.0,-0.0,-0.0
1784,2017-12-05,1785,1795,2017-12-06,2017-12-20,-0.0036004992544693692,0.0,-0.008089436622077173,-0.007532829247162809,0.34052915287886704,0.4937106918238994,outer_02,none,0.05,0,,False,5.0,0.0,-0.0,-0.0,0.0,-0.0,-0.0,-0.0,-0.0
1785,2017-12-06,1786,1796,2017-12-07,2017-12-21,0.0016604600916396706,1.0,-0.0020088745198849622,-0.014181066803427456,0.2455876221533208,0.4937106918238994,outer_02,none,0.05,0,,False,5.0,0.0,0.0,0.0,0.0,0.0,0.0,0.0,0.0
1786,2017-12-07,1787,1797,2017-12-08,2017-12-22,0.014822511899282631,1.0,-0.0131329185762743,-0.030018806986739754,0.14408769176637617,0.4937106918238994,outer_02,none,0.05,0,,False,5.0,0.0,0.0,0.0,0.0,0.0,0.0,0.0,0.0
1787,2017-12-08,1788,1798,2017-12-11,2017-12-26,0.024079995734299864,1.0,0.0011223885604341177,-0.02184233543810965,0.18609200513849572,0.4937106918238994,outer_02,none,0.05,-1,row1787_entry1788_exit1798,True,5.0,0.000499875041651048,-0.024079995734299864,-0.02457987077595091,0.0,0.023580120692648816,-0.02457987077595091,0.023580120692648816,-0.02457987077595091
1788,2017-12-11,1789,1799,2017-12-12,2017-12-27,0.031828449179963414,1.0,-0.005221776178784943,-0.028896861959555764,0.13999430550146275,0.4937106918238994,outer_02,none,0.05,0,,False,5.0,0.0,0.0,0.0,0.0,0.0,0.0,0.0,0.0
1789,2017-12-12,1790,1800,2017-12-13,2017-12-28,0.034391328269114396,1.0,0.0017945452265157869,-0.028962956923346717,0.15220294647802193,0.4937106918238994,outer_02,none,0.05,0,,False,5.0,0.0,0.0,0.0,0.0,0.0,0.0,0.0,0.0
1790,2017-12-13,1791,1801,2017-12-14,2017-12-29,0.0314381461947848,1.0,0.009394774774597714,-0.018020496723385904,0.16759804795033106,0.4937106918238994,outer_02,none,0.05,0,,False,5.0,0.0,0.0,0.0,0.0,0.0,0.0,0.0,0.0
1791,2017-12-14,1792,1802,2017-12-15,2018-01-02,0.044381317638181095,1.0,-0.0024003105611019038,-0.02038951621495677,0.19806175458082934,0.4937106918238994,outer_02,none,0.05,0,,False,5.0,0.0,0.0,0.0,0.0,0.0,0.0,0.0,0.0
1792,2017-12-15,1793,1803,2017-12-18,2018-01-03,0.04911133441633897,1.0,0.0022569322492147492,-0.030424713967634354,0.2420680890984306,0.4937106918238994,outer_02,none,0.05,0,,False,5.0,0.0,0.0,0.0,0.0,0.0,0.0,0.0,0.0
1793,2017-12-18,1794,1804,2017-12-19,2018-01-04,0.039688241718679684,1.0,0.004998123200163462,-0.011842850182682163,0.32072524796633795,0.4937106918238994,outer_02,none,0.05,0,,False,5.0,0.0,0.0,0.0,0.0,0.0,0.0,0.0,0.0
1794,2017-12-19,1795,1805,2017-12-20,2018-01-05,0.04686155824349125,1.0,1.5852508263414222e-05,-0.01473663672648673,0.3458579671804215,0.4937106918238994,outer_02,none,0.05,0,,False,5.0,0.0,0.0,0.0,0.0,0.0,0.0,0.0,0.0
1795,2017-12-20,1796,1806,2017-12-21,2018-01-08,0.04248159500574822,1.0,0.002952107596640552,-0.0207803951224097,0.4994609960211158,0.5057339449541285,outer_03,none,0.05,0,,False,5.0,0.0,0.0,0.0,0.0,0.0,0.0,0.0,0.0
1796,2017-12-21,1797,1807,2017-12-22,2018-01-09,0.04121711156105157,1.0,0.0009084123552627332,-0.019089906974342874,0.37496352219587203,0.5057339449541285,outer_03,none,0.05,0,,False,5.0,0.0,0.0,0.0,0.0,0.0,0.0,0.0,0.0
1797,2017-12-22,1798,1808,2017-12-26,2018-01-10,0.026009589866350602,1.0,0.006892780456826841,-0.01013447069936202,0.40892200126492667,0.5057339449541285,outer_03,none,0.05,-1,row1797_entry1798_exit1808,True,5.0,0.000499875041651048,-0.026009589866350602,-0.02650946490800165,0.0,0.025509714824699554,-0.02650946490800165,0.025509714824699554,-0.02650946490800165
1798,2017-12-26,1799,1809,2017-12-27,2018-01-11,0.026823182329286155,1.0,0.0060976752044688,-0.008675665704820368,0.5732780068131117,0.5057339449541285,outer_03,none,0.05,0,,False,5.0,0.0,0.0,0.0,0.0,0.0,0.0,0.0,0.0
1799,2017-12-27,1800,1810,2017-12-28,2018-01-12,0.026847918810745774,1.0,0.0030582610438498747,-0.00522327943996892,0.5427946590516872,0.5057339449541285,outer_03,none,0.05,0,,False,5.0,0.0,0.0,0.0,0.0,0.0,0.0,0.0,0.0
1800,2017-12-28,1801,1811,2017-12-29,2018-01-15,0.031932936708474635,1.0,0.006080882607717442,0.009014451485191088,0.5767609344666319,0.5057339449541285,outer_03,none,0.05,0,,False,5.0,0.0,0.0,0.0,0.0,0.0,0.0,0.0,0.0
1801,2017-12-29,1802,1812,2018-01-02,2018-01-16,0.022354595915392572,1.0,0.005913623147291602,0.021605347539843223,0.6706266273451307,0.5057339449541285,outer_03,none,0.05,0,,False,5.0,0.0,0.0,0.0,0.0,0.0,0.0,0.0,0.0
1802,2018-01-02,1803,1813,2018-01-03,2018-01-17,0.016511007614371742,1.0,0.011662651845668393,0.029212532655530588,0.7677303423242887,0.5057339449541285,outer_03,none,0.05,0,,False,5.0,0.0,0.0,0.0,0.0,0.0,0.0,0.0,0.0
1803,2018-01-03,1804,1814,2018-01-04,2018-01-18,0.01118845115210032,1.0,-0.003831830127595026,0.028463864191197175,0.7877638089050949,0.5057339449541285,outer_03,none,0.05,0,,False,5.0,0.0,0.0,0.0,0.0,0.0,0.0,0.0,0.0
1804,2018-01-04,1805,1815,2018-01-05,2018-01-19,0.004212121721089979,1.0,0.0075205156632902614,0.04407381647656461,0.81166656231402,0.5057339449541285,outer_03,none,0.05,0,,False,5.0,0.0,0.0,0.0,0.0,0.0,0.0,0.0,0.0
1805,2018-01-05,1806,1816,2018-01-08,2018-01-22,0.010814417037682489,1.0,-0.0021115655751735574,0.043971125421276014,0.7690515653319895,0.5057339449541285,outer_03,none,0.05,0,,False,5.0,0.0,0.0,0.0,0.0,0.0,0.0,0.0,0.0
1806,2018-01-08,1807,1817,2018-01-09,2018-01-23,0.010486772897567498,1.0,0.0002802849834830923,0.057384328981033406,0.7521633898784276,0.5057339449541285,outer_03,none,0.05,0,,False,5.0,0.0,0.0,0.0,0.0,0.0,0.0,0.0,0.0
1807,2018-01-09,1808,1818,2018-01-10,2018-01-24,0.021940459559750103,1.0,-0.005818739640625736,0.05044320077997355,0.6964797969495009,0.5057339449541285,outer_03,none,0.05,1,row1807_entry1808_exit1818,True,5.0,0.000499875041651048,0.021940459559750103,0.021440584518099055,0.0,0.021440584518099055,-0.02244033460140115,-0.02244033460140115,0.021440584518099055
1808,2018-01-10,1809,1819,2018-01-11,2018-01-25,0.030005466726162666,1.0,0.0030275392058829453,0.05869251616464144,0.6732233215227497,0.5057339449541285,outer_03,none,0.05,0,,False,5.0,0.0,0.0,0.0,0.0,0.0,0.0,0.0,0.0
1809,2018-01-11,1810,1820,2018-01-12,2018-01-26,0.018469440660714653,1.0,0.004357833743005912,0.061255804681131565,0.5964114841731278,0.5057339449541285,outer_03,none,0.05,0,,False,5.0,0.0,0.0,0.0,0.0,0.0,0.0,0.0,0.0
1810,2018-01-12,1811,1821,2018-01-15,2018-01-29,0.011149764941167817,1.0,0.011900114497104042,0.06376114440363789,0.6634933006969288,0.5057339449541285,outer_03,none,0.05,0,,False,5.0,0.0,0.0,0.0,0.0,0.0,0.0,0.0,0.0
1811,2018-01-15,1812,1822,2018-01-16,2018-01-30,0.0014026084844465103,1.0,0.0013143648507334404,0.06747581981547324,0.7220908177612502,0.5057339449541285,outer_03,none,0.05,0,,False,5.0,0.0,0.0,0.0,0.0,0.0,0.0,0.0,0.0
1812,2018-01-16,1813,1823,2018-01-17,2018-01-31,-0.0013300358380350374,0.0,-0.0011649181767650063,0.06405396938949348,0.654975908946484,0.5057339449541285,outer_03,none,0.05,0,,False,5.0,0.0,-0.0,-0.0,0.0,-0.0,-0.0,-0.0,-0.0
1813,2018-01-17,1814,1824,2018-01-18,2018-02-01,0.01189126296133658,1.0,-0.00882563946744419,0.05023020672188583,0.5916659291678948,0.5057339449541285,outer_03,none,0.05,0,,False,5.0,0.0,0.0,0.0,0.0,0.0,0.0,0.0,0.0
1814,2018-01-18,1815,1825,2018-01-19,2018-02-02,0.015153447494152594,1.0,0.0003240819277330331,0.05053843614135545,0.6598941349577189,0.5057339449541285,outer_03,none,0.05,0,,False,5.0,0.0,0.0,0.0,0.0,0.0,0.0,0.0,0.0
1815,2018-01-19,1816,1826,2018-01-22,2018-02-05,-0.0025574790160449723,0.0,0.0033026545271042096,0.050888983071819105,0.629573426825131,0.5057339449541285,outer_03,none,0.05,0,,False,5.0,0.0,-0.0,-0.0,0.0,-0.0,-0.0,-0.0,-0.0
1816,2018-01-22,1817,1827,2018-01-23,2018-02-06,0.00412377890916904,1.0,0.0018309388674015992,0.05181150958395797,0.5865019482597533,0.5057339449541285,outer_03,none,0.05,0,,False,5.0,0.0,0.0,0.0,0.0,0.0,0.0,0.0,0.0
1817,2018-01-23,1818,1828,2018-01-24,2018-02-07,-0.012215221139226351,0.0,0.005413137802078083,0.05033186692920921,0.5325951466103603,0.5057339449541285,outer_03,none,0.05,0,,False,5.0,0.0,-0.0,-0.0,0.0,-0.0,-0.0,-0.0,-0.0
1818,2018-01-24,1819,1829,2018-01-25,2018-02-08,-0.029846041869972417,0.0,0.01249330830927331,0.05672750003401372,0.5757950008389556,0.5057339449541285,outer_03,none,0.05,1,row1818_entry1819_exit1829,True,5.0,0.000499875041651048,-0.029846041869972417,-0.030345916911623465,0.0,-0.030345916911623465,0.02934616682832137,-0.030345916911623465,-0.030345916911623465
1819,2018-01-25,1820,1830,2018-01-26,2018-02-09,-0.02092263065783584,0.0,-0.007205733660293312,0.046463505329870536,0.6688130325712006,0.5057339449541285,outer_03,none,0.05,0,,False,5.0,0.0,-0.0,-0.0,0.0,-0.0,-0.0,-0.0,-0.0
1820,2018-01-26,1821,1831,2018-01-29,2018-02-12,-0.026741667236026778,0.0,0.0013193885288949048,0.041702011251048,0.6642454161024723,0.5057339449541285,outer_03,none,0.05,0,,False,5.0,0.0,-0.0,-0.0,0.0,-0.0,-0.0,-0.0,-0.0
1821,2018-01-29,1822,1832,2018-01-30,2018-02-13,-0.013261330659602777,0.0,-0.007196201026975935,0.028592187076780462,0.6512183128335827,0.5057339449541285,outer_03,none,0.05,0,,False,5.0,0.0,-0.0,-0.0,0.0,-0.0,-0.0,-0.0,-0.0
1822,2018-01-30,1823,1833,2018-01-31,2018-02-14,-0.00577399116094135,0.0,-0.0012915702584201938,0.015637964972691876,0.6946656173675136,0.5057339449541285,outer_03,none,0.05,0,,False,5.0,0.0,-0.0,-0.0,0.0,-0.0,-0.0,-0.0,-0.0
1823,2018-01-31,1824,1834,2018-02-01,2018-02-15,0.005382284163194306,1.0,0.004732581228392263,0.024202376328679165,0.6132297921726075,0.5057339449541285,outer_03,none,0.05,0,,False,5.0,0.0,0.0,0.0,0.0,0.0,0.0,0.0,0.0
1824,2018-02-01,1825,1835,2018-02-02,2018-02-16,0.004427013448738748,1.0,0.0025618857599596367,0.01924374642534854,0.5191717804319019,0.5057339449541285,outer_03,none,0.05,0,,False,5.0,0.0,0.0,0.0,0.0,0.0,0.0,0.0,0.0
1825,2018-02-02,1826,1836,2018-02-05,2018-02-19,0.013463671133452593,1.0,-0.011801879642211688,0.00955343235831041,0.4848307195108196,0.5057339449541285,outer_03,none,0.05,0,,False,5.0,0.0,0.0,0.0,0.0,0.0,0.0,0.0,0.0
1826,2018-02-05,1827,1837,2018-02-06,2018-02-20,0.006691975651095028,1.0,0.0052317933214212076,0.014504940696248525,0.5608403089216779,0.5057339449541285,outer_03,none,0.05,0,,False,5.0,0.0,0.0,0.0,0.0,0.0,0.0,0.0,0.0
1827,2018-02-06,1828,1838,2018-02-07,2018-02-21,0.0036546856396206806,1.0,-0.011381675141549863,0.008942005195324398,0.5959000290206322,0.5057339449541285,outer_03,none,0.05,0,,False,5.0,0.0,0.0,0.0,0.0,0.0,0.0,0.0,0.0
1828,2018-02-07,1829,1839,2018-02-08,2018-02-22,0.005337424140051894,1.0,-0.004624084464752265,0.001290381524689188,0.6878067282048683,0.5057339449541285,outer_03,none,0.05,1,row1828_entry1829_exit1839,True,5.0,0.000499875041651048,0.005337424140051894,0.0048375490984008465,0.0,0.0048375490984008465,-0.0058372991817029415,-0.0058372991817029415,0.0048375490984008465
1829,2018-02-08,1830,1840,2018-02-09,2018-02-23,0.009559126541373253,1.0,3.792720253237292e-05,-0.003029525015784351,0.6262110620018937,0.5057339449541285,outer_03,none,0.05,0,,False,5.0,0.0,0.0,0.0,0.0,0.0,0.0,0.0,0.0
1830,2018-02-09,1831,1841,2018-02-12,2018-02-26,0.01092551724618307,1.0,-0.0020501301799420446,-0.016979769692830438,0.6442166938862701,0.5057339449541285,outer_03,none,0.05,0,,False,5.0,0.0,0.0,0.0,0.0,0.0,0.0,0.0,0.0
1831,2018-02-12,1832,1842,2018-02-13,2018-02-27,0.007279109872970757,1.0,0.0054728201788636355,-0.012821314364700243,0.6117453930066525,0.5057339449541285,outer_03,none,0.05,0,,False,5.0,0.0,0.0,0.0,0.0,0.0,0.0,0.0,0.0
1832,2018-02-13,1833,1843,2018-02-14,2018-02-28,-0.008557098561249532,0.0,0.004623195820666837,-0.0070332003672684,0.5532642591557312,0.5057339449541285,outer_03,none,0.05,0,,False,5.0,0.0,-0.0,-0.0,0.0,-0.0,-0.0,-0.0,-0.0
1833,2018-02-14,1834,1844,2018-02-15,2018-03-01,-0.02368951756430615,0.0,0.01578903552886235,0.01758147462903814,0.5381207371496773,0.5057339449541285,outer_03,none,0.05,0,,False,5.0,0.0,-0.0,-0.0,0.0,-0.0,-0.0,-0.0,-0.0
1834,2018-02-15,1835,1845,2018-02-16,2018-03-02,-0.027954154449697732,0.0,0.002167793954164665,0.019425186655469773,0.6923231783222947,0.5057339449541285,outer_03,none,0.05,0,,False,5.0,0.0,-0.0,-0.0,0.0,-0.0,-0.0,-0.0,-0.0
1835,2018-02-16,1836,1846,2018-02-19,2018-03-05,-0.0194365361608817,0.0,-0.004177010331629205,0.011945521796736358,0.6470144312586207,0.5057339449541285,outer_03,none,0.05,0,,False,5.0,0.0,-0.0,-0.0,0.0,-0.0,-0.0,-0.0,-0.0
1836,2018-02-19,1837,1847,2018-02-20,2018-03-06,-0.020499509278591788,0.0,-0.0006161772706771984,0.00949840565865756,0.7351029721134241,0.5057339449541285,outer_03,none,0.05,0,,False,5.0,0.0,-0.0,-0.0,0.0,-0.0,-0.0,-0.0,-0.0
1837,2018-02-20,1838,1848,2018-02-21,2018-03-07,0.007538326618854008,1.0,-0.012907841223272598,-0.00882257336669312,0.7328270858626765,0.5057339449541285,outer_03,none,0.05,0,,False,5.0,0.0,0.0,0.0,0.0,0.0,0.0,0.0,0.0
1838,2018-02-21,1839,1849,2018-02-22,2018-03-08,0.0009433856165443899,1.0,-0.0037381812382095703,-0.025054062914176,0.7515842415014764,0.5057339449541285,outer_03,none,0.05,1,row1838_entry1839_exit1849,True,5.0,0.000499875041651048,0.0009433856165443899,0.00044351057489334196,0.0,0.00044351057489334196,-0.0014432606581954379,-0.0014432606581954379,-0.0014432606581954379
1839,2018-02-22,1840,1850,2018-02-23,2018-03-09,-0.007885156380400993,0.0,0.005632078496747184,-0.012216250757135505,0.6448539908039306,0.5057339449541285,outer_03,none,0.05,0,,False,5.0,0.0,-0.0,-0.0,0.0,-0.0,-0.0,-0.0,-0.0
1840,2018-02-23,1841,1851,2018-02-26,2018-03-12,-0.005255055087519445,0.0,-0.002307725134621741,-0.01584336442065215,0.6325423628260503,0.5057339449541285,outer_03,none,0.05,0,,False,5.0,0.0,-0.0,-0.0,0.0,-0.0,-0.0,-0.0,-0.0
1841,2018-02-26,1842,1852,2018-02-27,2018-03-13,-0.00734710701711716,0.0,0.0031182986597411144,-0.005528864733935102,0.5199807907330591,0.5057339449541285,outer_03,none,0.05,0,,False,5.0,0.0,-0.0,-0.0,0.0,-0.0,-0.0,-0.0,-0.0
1842,2018-02-27,1843,1853,2018-02-28,2018-03-14,0.00564246800008128,1.0,-0.0110440844632258,-0.015281378938740708,0.638889246147828,0.5057339449541285,outer_03,none,0.05,0,,False,5.0,0.0,0.0,0.0,0.0,0.0,0.0,0.0,0.0
1843,2018-02-28,1844,1854,2018-03-01,2018-03-15,0.003617352080190983,1.0,-0.00015930996062252234,-0.020173270127755494,0.6682840958872465,0.5057339449541285,outer_03,none,0.05,0,,False,5.0,0.0,0.0,0.0,0.0,0.0,0.0,0.0,0.0
1844,2018-03-01,1845,1855,2018-03-02,2018-03-16,-0.00041787121817282724,0.0,-0.0006982286527046355,-0.023433384540419766,0.560870728337443,0.5057339449541285,outer_03,none,0.05,0,,False,5.0,0.0,-0.0,-0.0,0.0,-0.0,-0.0,-0.0,-0.0
1845,2018-03-02,1846,1856,2018-03-05,2018-03-19,-0.008017184607179928,0.0,0.0037586052553768567,-0.007872899642831221,0.49207800930328044,0.5057339449541285,outer_03,none,0.05,0,,False,5.0,0.0,-0.0,-0.0,0.0,-0.0,-0.0,-0.0,-0.0
1846,2018-03-05,1847,1857,2018-03-06,2018-03-20,-0.00246412922985062,0.0,-0.0016956854933622978,-0.014800378457614727,0.4162914837652423,0.5057339449541285,outer_03,none,0.05,0,,False,5.0,0.0,-0.0,-0.0,0.0,-0.0,-0.0,-0.0,-0.0
1847,2018-03-06,1848,1858,2018-03-07,2018-03-21,-0.021131717379004655,0.0,0.010865986391348947,0.0074472830752840835,0.4528594340466153,0.5057339449541285,outer_03,none,0.05,0,,False,5.0,0.0,-0.0,-0.0,0.0,-0.0,-0.0,-0.0,-0.0
1848,2018-03-07,1849,1859,2018-03-08,2018-03-22,0.004658574655423742,1.0,-0.006730234266374424,0.005341133273661924,0.5317632108098542,0.5057339449541285,outer_03,none,0.05,0,,False,5.0,0.0,0.0,0.0,0.0,0.0,0.0,0.0,0.0
1849,2018-03-08,1850,1860,2018-03-09,2018-03-23,0.00700624677262951,1.0,-0.0024249395261080053,0.002878266545021546,0.5948449894603913,0.5057339449541285,outer_03,none,0.05,1,row1849_entry1850_exit1860,True,5.0,0.000499875041651048,0.00700624677262951,0.006506371730978462,0.0,0.006506371730978462,-0.007506121814280557,-0.007506121814280557,0.006506371730978462
1850,2018-03-09,1851,1861,2018-03-12,2018-03-26,0.018937222836140855,1.0,0.0009223209877031735,0.005850717712666764,0.5811793518475536,0.5057339449541285,outer_03,none,0.05,0,,False,5.0,0.0,0.0,0.0,0.0,0.0,0.0,0.0,0.0
1851,2018-03-12,1852,1862,2018-03-13,2018-03-27,0.021940471505018877,1.0,-0.0004988549115942931,-0.00012095737779116433,0.619828320252407,0.5057339449541285,outer_03,none,0.05,0,,False,5.0,0.0,0.0,0.0,0.0,0.0,0.0,0.0,0.0
1852,2018-03-13,1853,1863,2018-03-14,2018-03-28,0.014793678645015795,1.0,0.0027255482121804064,-0.0020186049862775945,0.48778029948087614,0.5057339449541285,outer_03,none,0.05,0,,False,5.0,0.0,0.0,0.0,0.0,0.0,0.0,0.0,0.0
1853,2018-03-14,1854,1864,2018-03-15,2018-03-29,0.0004229351763846978,1.0,-0.0011844364938751184,-0.018992077009015063,0.5012374914688636,0.5057339449541285,outer_03,none,0.05,0,,False,5.0,0.0,0.0,0.0,0.0,0.0,0.0,0.0,0.0
1854,2018-03-15,1855,1865,2018-03-16,2018-04-02,0.007480010043388496,1.0,-0.006285090241822111,-0.02744496120500184,0.4795714069562551,0.5057339449541285,outer_03,none,0.05,0,,False,5.0,0.0,0.0,0.0,0.0,0.0,0.0,0.0,0.0
1855,2018-03-16,1856,1866,2018-03-19,2018-04-03,0.02070351857673458,1.0,-0.002258633384870201,-0.025526584258242835,0.43650498991585457,0.5057339449541285,outer_03,none,0.05,0,,False,5.0,0.0,0.0,0.0,0.0,0.0,0.0,0.0,0.0
1856,2018-03-19,1857,1867,2018-03-20,2018-04-04,0.011532725525490228,1.0,0.0026991185332132517,-0.022211288454352385,0.4449388695616623,0.5057339449541285,outer_03,none,0.05,0,,False,5.0,0.0,0.0,0.0,0.0,0.0,0.0,0.0,0.0
1857,2018-03-20,1858,1868,2018-03-21,2018-04-05,0.016305037849665638,1.0,-0.004535638349997484,-0.01383908558107727,0.3608135855902108,0.5057339449541285,outer_03,none,0.05,0,,False,5.0,0.0,0.0,0.0,0.0,0.0,0.0,0.0,0.0
1858,2018-03-21,1859,1869,2018-03-22,2018-04-06,-0.0034448038638270617,0.0,0.015695440369691838,0.005594536026824137,0.3048590419192377,0.5057339449541285,outer_03,none,0.05,0,,False,5.0,0.0,-0.0,-0.0,0.0,-0.0,-0.0,-0.0,-0.0
1859,2018-03-22,1860,1870,2018-03-23,2018-04-09,0.0021620818452037227,1.0,-0.002398127753851398,-0.0024356702237744443,0.4002582842564939,0.5057339449541285,outer_03,none,0.05,-1,row1859_entry1860_exit1870,True,5.0,0.000499875041651048,-0.0021620818452037227,-0.0026619568868547707,0.0,0.0016622068035526748,-0.0026619568868547707,-0.0026619568868547707,-0.0026619568868547707
1860,2018-03-23,1861,1871,2018-03-26,2018-04-10,-0.008596724527042632,0.0,0.014125161983223222,0.013997216894070519,0.48818841425655707,0.5057339449541285,outer_03,none,0.05,0,,False,5.0,0.0,-0.0,-0.0,0.0,-0.0,-0.0,-0.0,-0.0
1861,2018-03-26,1862,1872,2018-03-27,2018-04-11,-0.009924165181744549,0.0,0.004391054649810933,0.015269972884140337,0.6631920925325753,0.5057339449541285,outer_03,none,0.05,0,,False,5.0,0.0,-0.0,-0.0,0.0,-0.0,-0.0,-0.0,-0.0
1862,2018-03-27,1863,1873,2018-03-28,2018-04-12,0.005159044568651794,1.0,-0.006560365704455506,0.01975369164291063,0.6737782364850868,0.5057339449541285,outer_03,none,0.05,0,,False,5.0,0.0,0.0,0.0,0.0,0.0,0.0,0.0,0.0
1863,2018-03-28,1864,1874,2018-03-29,2018-04-13,0.008406380569366156,1.0,-0.0148049845491105,0.005108017054422653,0.5492402128013905,0.5057339449541285,outer_03,none,0.05,0,,False,5.0,0.0,0.0,0.0,0.0,0.0,0.0,0.0,0.0
1864,2018-03-29,1865,1875,2018-04-02,2018-04-16,0.01265901356358956,1.0,0.00015849834175973854,0.005964744048887027,0.6517889182231874,0.5057339449541285,outer_03,none,0.05,0,,False,5.0,0.0,0.0,0.0,0.0,0.0,0.0,0.0,0.0
1865,2018-04-02,1866,1876,2018-04-03,2018-04-17,0.003930769996960848,1.0,0.01200278467912419,0.01420892347263436,0.6888143296916519,0.5057339449541285,outer_03,none,0.05,0,,False,5.0,0.0,0.0,0.0,0.0,0.0,0.0,0.0,0.0
1866,2018-04-03,1867,1877,2018-04-04,2018-04-18,0.010852067540781718,1.0,-0.006358536971851514,0.009546071994145144,0.6691396337035271,0.5057339449541285,outer_03,none,0.05,0,,False,5.0,0.0,0.0,0.0,0.0,0.0,0.0,0.0,0.0
1867,2018-04-04,1868,1878,2018-04-05,2018-04-19,0.01198253142189909,1.0,0.0005251746326324636,-0.0007947397645713394,0.59323479510226,0.5057339449541285,outer_03,none,0.05,0,,False,5.0,0.0,0.0,0.0,0.0,0.0,0.0,0.0,0.0
1868,2018-04-05,1869,1879,2018-04-06,2018-04-20,0.013790329019745862,1.0,-0.005166182470135894,0.0007693120316671909,0.5031149097659109,0.5057339449541285,outer_03,none,0.05,0,,False,5.0,0.0,0.0,0.0,0.0,0.0,0.0,0.0,0.0
1869,2018-04-06,1870,1880,2018-04-09,2018-04-23,0.0008994896003331476,1.0,0.0047535684796686795,0.007947820037443876,0.531300857223932,0.5057339449541285,outer_03,none,0.05,0,,False,5.0,0.0,0.0,0.0,0.0,0.0,0.0,0.0,0.0
1870,2018-04-09,1871,1881,2018-04-10,2018-04-24,-0.00889014982020786,0.0,0.0025255282744636176,0.00955102732420432,0.5165029323236912,0.5057339449541285,outer_03,none,0.05,0,,False,5.0,0.0,-0.0,-0.0,0.0,-0.0,-0.0,-0.0,-0.0
1871,2018-04-10,1872,1882,2018-04-11,2018-04-25,-0.007102217447366499,0.0,0.002257826717809941,0.012307708953608554,0.5259922171667215,0.5057339449541285,outer_03,none,0.05,0,,False,5.0,0.0,-0.0,-0.0,0.0,-0.0,-0.0,-0.0,-0.0
1872,2018-04-11,1873,1883,2018-04-12,2018-04-26,-0.02279266862566587,0.0,0.010400664301200457,0.019982825042628605,0.7057614549018092,0.5057339449541285,outer_03,none,0.05,1,row1872_entry1873_exit1883,True,5.0,0.000499875041651048,-0.02279266862566587,-0.023292543667316916,0.0,-0.023292543667316916,0.02229279358401482,-0.023292543667316916,-0.023292543667316916
1873,2018-04-12,1874,1884,2018-04-13,2018-04-27,-0.013705970520830668,0.0,-0.013549566471186658,0.007617695065317065,0.464378427427937,0.5057339449541285,outer_03,none,0.05,0,,False,5.0,0.0,-0.0,-0.0,0.0,-0.0,-0.0,-0.0,-0.0
1874,2018-04-13,1875,1885,2018-04-16,2018-04-30,-0.01493948182114746,0.0,0.007612147475707154,0.02151493278284633,0.6775442707254907,0.5057339449541285,outer_03,none,0.05,0,,False,5.0,0.0,-0.0,-0.0,0.0,-0.0,-0.0,-0.0,-0.0
1875,2018-04-16,1876,1886,2018-04-17,2018-05-01,-0.022375088221323836,0.0,0.00038652227072510925,0.02416008843844164,0.6724992625674129,0.5057339449541285,outer_03,none,0.05,0,,False,5.0,0.0,-0.0,-0.0,0.0,-0.0,-0.0,-0.0,-0.0
1876,2018-04-17,1877,1887,2018-04-18,2018-05-02,-0.032064834784704566,0.0,0.0011735172695104268,0.022634487174738815,0.6817091697504403,0.5057339449541285,outer_03,none,0.05,0,,False,5.0,0.0,-0.0,-0.0,0.0,-0.0,-0.0,-0.0,-0.0
1877,2018-04-18,1878,1888,2018-04-19,2018-05-03,-0.032819224047294426,0.0,0.0015131401280461532,0.028683265652782453,0.5765276606310008,0.5057339449541285,outer_03,none,0.05,0,,False,5.0,0.0,-0.0,-0.0,0.0,-0.0,-0.0,-0.0,-0.0
1878,2018-04-19,1879,1889,2018-04-20,2018-05-04,-0.025087658210641628,0.0,-0.0026049122121172275,0.010382913070973387,0.5499888571103554,0.5057339449541285,outer_03,none,0.05,0,,False,5.0,0.0,-0.0,-0.0,0.0,-0.0,-0.0,-0.0,-0.0
1879,2018-04-20,1880,1890,2018-04-23,2018-05-07,-0.014946043208787785,0.0,-0.007653498200363096,0.0051275426244616895,0.4106247362011123,0.5057339449541285,outer_03,none,0.05,0,,False,5.0,0.0,-0.0,-0.0,0.0,-0.0,-0.0,-0.0,-0.0
1880,2018-04-23,1881,1891,2018-04-24,2018-05-08,-0.007942203410720161,0.0,-0.008029514608677069,-0.0170271339674386,0.36613491729237396,0.5057339449541285,outer_03,none,0.05,0,,False,5.0,0.0,-0.0,-0.0,0.0,-0.0,-0.0,-0.0,-0.0
1881,2018-04-24,1882,1892,2018-04-25,2018-05-09,-0.011394992959990802,0.0,0.004526411120393092,-0.01689177749685644,0.4043006731794293,0.5057339449541285,outer_03,none,0.05,0,,False,5.0,0.0,-0.0,-0.0,0.0,-0.0,-0.0,-0.0,-0.0
1882,2018-04-25,1883,1893,2018-04-26,2018-05-10,-0.007516320670843513,0.0,-0.005946544005499987,-0.016277955797900923,0.36093945722235643,0.5057339449541285,outer_03,none,0.05,-1,row1882_entry1883_exit1893,True,5.0,0.000499875041651048,0.007516320670843513,0.007016445629192465,0.0,-0.00801619571249456,0.007016445629192465,0.007016445629192465,0.007016445629192465
1883,2018-04-26,1884,1894,2018-04-27,2018-05-11,0.0029712297879820326,1.0,-0.004447162324467513,-0.005920133573257935,0.2891050107100319,0.5057339449541285,outer_03,none,0.05,0,,False,5.0,0.0,0.0,0.0,0.0,0.0,0.0,0.0,0.0
1884,2018-04-27,1885,1895,2018-04-30,2018-05-14,-0.0035366901822984076,0.0,0.004469839861235059,-0.001608792053782615,0.28052306802911825,0.5057339449541285,outer_03,none,0.05,0,,False,5.0,0.0,-0.0,-0.0,0.0,-0.0,-0.0,-0.0,-0.0
1885,2018-04-30,1886,1896,2018-05-01,2018-05-15,-0.0014979567481185896,0.0,-0.006012399219386566,-0.01962397595229337,0.34747273826310027,0.5057339449541285,outer_03,none,0.05,0,,False,5.0,0.0,-0.0,-0.0,0.0,-0.0,-0.0,-0.0,-0.0
1886,2018-05-01,1887,1897,2018-05-02,2018-05-16,-0.010727186440008474,0.0,-0.00838499288413086,-0.021650431864572717,0.2868109415795285,0.5057339449541285,outer_03,none,0.05,0,,False,5.0,0.0,-0.0,-0.0,0.0,-0.0,-0.0,-0.0,-0.0
1887,2018-05-02,1888,1898,2018-05-03,2018-05-17,-0.01128423686113944,0.0,0.0007052727091165778,-0.021470333788088602,0.25269405149573243,0.5057339449541285,outer_03,none,0.05,0,,False,5.0,0.0,-0.0,-0.0,0.0,-0.0,-0.0,-0.0,-0.0
1888,2018-05-03,1889,1899,2018-05-04,2018-05-18,-0.016789812078760846,0.0,0.005555760896509554,-0.010748390421443155,0.25451084464015894,0.5057339449541285,outer_03,none,0.05,0,,False,5.0,0.0,-0.0,-0.0,0.0,-0.0,-0.0,-0.0,-0.0
1889,2018-05-04,1890,1900,2018-05-07,2018-05-21,-0.017933192637744177,0.0,0.00183493973725124,-0.013667019163860594,0.24944943256654276,0.5057339449541285,outer_03,none,0.05,0,,False,5.0,0.0,-0.0,-0.0,0.0,-0.0,-0.0,-0.0,-0.0
1890,2018-05-07,1891,1901,2018-05-08,2018-05-22,-0.01663303808816785,0.0,-0.00030432136570812673,-0.01649686880403234,0.2796015220095483,0.5057339449541285,outer_03,none,0.05,0,,False,5.0,0.0,-0.0,-0.0,0.0,-0.0,-0.0,-0.0,-0.0
1891,2018-05-08,1892,1902,2018-05-09,2018-05-23,-0.01823380857369461,0.0,0.00035756808439124654,-0.018397127437451033,0.2505834969895714,0.5057339449541285,outer_03,none,0.05,0,,False,5.0,0.0,-0.0,-0.0,0.0,-0.0,-0.0,-0.0,-0.0
1892,2018-05-09,1893,1903,2018-05-10,2018-05-24,-0.014036583770317357,0.0,-0.0017586404383402865,-0.030556432176991777,0.3437756473623024,0.5057339449541285,outer_03,none,0.05,-1,row1892_entry1893_exit1903,True,5.0,0.000499875041651048,0.014036583770317357,0.01353670872866631,0.0,-0.014536458811968404,0.01353670872866631,0.01353670872866631,0.01353670872866631
1893,2018-05-10,1894,1904,2018-05-11,2018-05-25,-0.012520535821567869,0.0,0.006599831809759316,-0.010407033896045803,0.28728236905783566,0.5057339449541285,outer_03,none,0.05,0,,False,5.0,0.0,-0.0,-0.0,0.0,-0.0,-0.0,-0.0,-0.0
1894,2018-05-11,1895,1905,2018-05-14,2018-05-28,-0.01428857709098974,0.0,-0.0023645510414525006,-0.020383732413205458,0.3443987412610196,0.5057339449541285,outer_03,none,0.05,0,,False,5.0,0.0,-0.0,-0.0,0.0,-0.0,-0.0,-0.0,-0.0
1895,2018-05-14,1896,1906,2018-05-15,2018-05-29,-0.012635229243516122,0.0,-0.003648723575495616,-0.024418978259426183,0.3095988821363306,0.5057339449541285,outer_03,none,0.05,0,,False,5.0,0.0,-0.0,-0.0,0.0,-0.0,-0.0,-0.0,-0.0
1896,2018-05-15,1897,1907,2018-05-16,2018-05-30,0.006941121225302993,1.0,-0.01717466079559049,-0.0427671563245271,0.1616792400849241,0.5057339449541285,outer_03,none,0.05,0,,False,5.0,0.0,0.0,0.0,0.0,0.0,0.0,0.0,0.0
1897,2018-05-16,1898,1908,2018-05-17,2018-05-31,0.008284974839318338,1.0,-0.00022469733750707377,-0.04450499379008033,0.33536099504350403,0.5057339449541285,outer_03,none,0.05,0,,False,5.0,0.0,0.0,0.0,0.0,0.0,0.0,0.0,0.0
1898,2018-05-17,1899,1909,2018-05-18,2018-06-01,0.006488062367397518,1.0,0.00022469733750707377,-0.041675384240456026,0.3253206729377065,0.5057339449541285,outer_03,none,0.05,0,,False,5.0,0.0,0.0,0.0,0.0,0.0,0.0,0.0,0.0
1899,2018-05-18,1900,1910,2018-05-21,2018-06-04,0.001176215816419024,1.0,0.001323913868009008,-0.03269797217208392,0.33139966232781964,0.5057339449541285,outer_03,none,0.05,0,,False,5.0,0.0,0.0,0.0,0.0,0.0,0.0,0.0,0.0
1900,2018-05-21,1901,1911,2018-05-22,2018-06-05,-0.0003404518757736952,0.0,0.0,-0.024668457563406854,0.3223873498438969,0.5057339449541285,outer_03,none,0.05,0,,False,5.0,0.0,-0.0,-0.0,0.0,-0.0,-0.0,-0.0,-0.0
1901,2018-05-22,1902,1912,2018-05-23,2018-06-06,0.004335283656556221,1.0,-0.0011302497816334522,-0.0303251184654334,0.40678991491239463,0.5057339449541285,outer_03,none,0.05,0,,False,5.0,0.0,0.0,0.0,0.0,0.0,0.0,0.0,0.0
1902,2018-05-23,1903,1913,2018-05-24,2018-06-07,0.002092252868037825,1.0,0.0016716976263619898,-0.02270687683357142,0.29808244514982796,0.5057339449541285,outer_03,none,0.05,-1,row1902_entry1903_exit1913,True,5.0,0.000499875041651048,-0.002092252868037825,-0.002592127909688873,0.0,0.001592377826386777,-0.002592127909688873,0.001592377826386777,-0.002592127909688873
1903,2018-05-24,1904,1914,2018-05-25,2018-06-08,-0.005795246299190815,0.0,0.008523861682725453,-0.009735852826378455,0.3007504489376914,0.5057339449541285,outer_03,none,0.05,0,,False,5.0,0.0,-0.0,-0.0,0.0,-0.0,-0.0,-0.0,-0.0
1904,2018-05-25,1905,1915,2018-05-28,2018-06-11,-0.00023859827475813944,0.0,-0.0028639784315478423,-0.017069671119161356,0.3724270268529918,0.5057339449541285,outer_03,none,0.05,0,,False,5.0,0.0,-0.0,-0.0,0.0,-0.0,-0.0,-0.0,-0.0
1905,2018-05-28,1906,1916,2018-05-29,2018-06-12,0.0017554940679209707,1.0,-0.0019241580051332363,-0.012981429904908026,0.4865169457321089,0.5057339449541285,outer_03,none,0.05,0,,False,5.0,0.0,0.0,0.0,0.0,0.0,0.0,0.0,0.0
1906,2018-05-29,1907,1917,2018-05-30,2018-06-13,-0.0032676745374278227,0.0,0.00047753653676796404,-0.0041189004840092025,0.29739544141508056,0.5057339449541285,outer_03,none,0.05,0,,False,5.0,0.0,-0.0,-0.0,0.0,-0.0,-0.0,-0.0,-0.0
1907,2018-05-30,1908,1918,2018-05-31,2018-06-14,-0.0014222292954881866,0.0,0.0022382989050191426,-0.0025858742881066377,0.3002965675083441,0.5057339449541285,outer_03,none,0.05,0,,False,5.0,0.0,-0.0,-0.0,0.0,-0.0,-0.0,-0.0,-0.0
1908,2018-05-31,1909,1919,2018-06-01,2018-06-15,0.002514370521721432,1.0,-0.002546360889525978,-0.01068799607414217,0.2857880059842628,0.5057339449541285,outer_03,none,0.05,0,,False,5.0,0.0,0.0,0.0,0.0,0.0,0.0,0.0,0.0
1909,2018-06-01,1910,1920,2018-06-04,2018-06-18,-0.010815875780158635,0.0,-0.003835606340062192,-0.016358542151455602,0.26333914563860783,0.5057339449541285,outer_03,none,0.05,0,,False,5.0,0.0,-0.0,-0.0,0.0,-0.0,-0.0,-0.0,-0.0
1910,2018-06-04,1911,1921,2018-06-05,2018-06-19,-0.010346019646312321,0.0,-0.0011295589732114308,-0.017183779758958906,0.303960045418657,0.5057339449541285,outer_03,none,0.05,0,,False,5.0,0.0,-0.0,-0.0,0.0,-0.0,-0.0,-0.0,-0.0
1911,2018-06-05,1912,1922,2018-06-06,2018-06-20,-0.017031417441378593,0.0,0.0036162771705043895,-0.013925070672845763,0.3056569514415126,0.5057339449541285,outer_03,none,0.05,0,,False,5.0,0.0,-0.0,-0.0,0.0,-0.0,-0.0,-0.0,-0.0
1912,2018-06-06,1913,1923,2018-06-07,2018-06-21,-0.02227287879354556,0.0,-0.00041659595424370366,-0.01258302618874918,0.2655996034756179,0.5057339449541285,outer_03,none,0.05,-1,row1912_entry1913_exit1923,True,5.0,0.000499875041651048,0.02227287879354556,0.02177300375189451,0.0,-0.022772753835196606,0.02177300375189451,0.02177300375189451,0.02177300375189451
1913,2018-06-07,1914,1924,2018-06-08,2018-06-22,-0.02333340414975993,0.0,0.0005862704880454928,-0.018596587510463003,0.2360621258578961,0.5057339449541285,outer_03,none,0.05,0,,False,5.0,0.0,-0.0,-0.0,0.0,-0.0,-0.0,-0.0,-0.0
1914,2018-06-08,1915,1925,2018-06-11,2018-06-25,-0.02157665781363516,0.0,0.0014564736652715737,-0.014775562803738929,0.25103027228745345,0.5057339449541285,outer_03,none,0.05,0,,False,5.0,0.0,-0.0,-0.0,0.0,-0.0,-0.0,-0.0,-0.0
1915,2018-06-11,1916,1926,2018-06-12,2018-06-26,-0.026408805312909678,0.0,0.0013466979083727182,-0.009780141319870594,0.23924450073772124,0.5057339449541285,outer_03,none,0.05,0,,False,5.0,0.0,-0.0,-0.0,0.0,-0.0,-0.0,-0.0,-0.0
1916,2018-06-12,1917,1927,2018-06-13,2018-06-27,-0.028977547130901726,0.0,-0.003721300044954745,0.003673219430765151,0.1971277248458697,0.5057339449541285,outer_03,none,0.05,0,,False,5.0,0.0,-0.0,-0.0,0.0,-0.0,-0.0,-0.0,-0.0
1917,2018-06-13,1918,1928,2018-06-14,2018-06-28,-0.03725902733178721,0.0,0.00303663460035164,0.006934551368623865,0.21046472933690236,0.5057339449541285,outer_03,none,0.05,0,,False,5.0,0.0,-0.0,-0.0,0.0,-0.0,-0.0,-0.0,-0.0
1918,2018-06-14,1919,1929,2018-06-15,2018-06-29,-0.04247414136546013,0.0,0.002144744087144268,0.008854598118261059,0.17635612281694163,0.5057339449541285,outer_03,none,0.05,0,,False,5.0,0.0,-0.0,-0.0,0.0,-0.0,-0.0,-0.0,-0.0
1919,2018-06-15,1920,1930,2018-06-18,2018-07-02,-0.020854989486270625,0.0,-0.017085033227393076,-0.009554348977141025,0.38810633088297947,0.5057339449541285,outer_03,none,0.05,0,,False,5.0,0.0,-0.0,-0.0,0.0,-0.0,-0.0,-0.0,-0.0
1920,2018-06-18,1921,1931,2018-06-19,2018-07-03,-0.0293502821342555,0.0,-0.0015556661817264228,-0.011110015158867448,0.6571661704361541,0.5057339449541285,outer_03,none,0.05,0,,False,5.0,0.0,-0.0,-0.0,0.0,-0.0,-0.0,-0.0,-0.0
1921,2018-06-19,1922,1932,2018-06-20,2018-07-04,-0.01778151708534015,0.0,-0.0029302787493321603,-0.012910044126566156,0.5809658486469683,0.5057339449541285,outer_03,none,0.05,0,,False,5.0,0.0,-0.0,-0.0,0.0,-0.0,-0.0,-0.0,-0.0
1922,2018-06-20,1923,1933,2018-06-21,2018-07-05,-0.009357154819701563,0.0,-0.005428766843778021,-0.020010508596706167,0.5747802585123283,0.5057339449541285,outer_03,none,0.05,1,row1922_entry1923_exit1933,True,5.0,0.000499875041651048,-0.009357154819701563,-0.00985702986135261,0.0,-0.00985702986135261,0.008857279778050516,0.008857279778050516,0.008857279778050516
1923,2018-06-21,1924,1934,2018-06-22,2018-07-06,-0.008064751503793488,0.0,-0.0002524854045287128,-0.028786855683960333,0.6186962156196882,0.5057339449541285,outer_03,none,0.05,0,,False,5.0,0.0,-0.0,-0.0,0.0,-0.0,-0.0,-0.0,-0.0
1924,2018-06-22,1925,1935,2018-06-25,2018-07-09,-0.01276030327323685,0.0,0.001553352438343758,-0.024369524814068733,0.5506985870716277,0.5057339449541285,outer_03,none,0.05,0,,False,5.0,0.0,-0.0,-0.0,0.0,-0.0,-0.0,-0.0,-0.0
1925,2018-06-25,1926,1936,2018-06-26,2018-07-10,-0.006656969996712725,0.0,-0.0030696050584939627,-0.02551497186742946,0.5976635311333066,0.5057339449541285,outer_03,none,0.05,0,,False,5.0,0.0,-0.0,-0.0,0.0,-0.0,-0.0,-0.0,-0.0
1926,2018-06-26,1927,1937,2018-06-27,2018-07-11,-0.002179672639395669,0.0,-0.005444249649380062,-0.031436758053577485,0.6732383705571955,0.5057339449541285,outer_03,none,0.05,0,,False,5.0,0.0,-0.0,-0.0,0.0,-0.0,-0.0,-0.0,-0.0
1927,2018-06-27,1928,1938,2018-06-28,2018-07-12,-0.007896560551520437,0.0,-0.005306277986884211,-0.03898133494548084,0.6042326389153229,0.5057339449541285,outer_03,none,0.05,0,,False,5.0,0.0,-0.0,-0.0,0.0,-0.0,-0.0,-0.0,-0.0
1928,2018-06-28,1929,1939,2018-06-29,2018-07-13,-0.0009459525163864058,0.0,-0.0029200838372229754,-0.039355057893177836,0.48874723560013633,0.5057339449541285,outer_03,none,0.05,0,,False,5.0,0.0,-0.0,-0.0,0.0,-0.0,-0.0,-0.0,-0.0
1929,2018-06-29,1930,1940,2018-07-02,2018-07-16,-0.009190120816024994,0.0,0.003678709244434586,-0.03184074230868106,0.4565512857910571,0.5057339449541285,outer_03,none,0.05,0,,False,5.0,0.0,-0.0,-0.0,0.0,-0.0,-0.0,-0.0,-0.0
1930,2018-07-02,1931,1941,2018-07-03,2018-07-17,-0.0009344966885125316,0.0,-0.009020881226010857,-0.039732064561480485,0.5169135570975285,0.5057339449541285,outer_03,none,0.05,0,,False,5.0,0.0,-0.0,-0.0,0.0,-0.0,-0.0,-0.0,-0.0
1931,2018-07-03,1932,1942,2018-07-04,2018-07-18,-0.019999537625242425,0.0,0.009052810725678206,-0.03429553100630667,0.4899179089847772,0.5057339449541285,outer_03,none,0.05,0,,False,5.0,0.0,-0.0,-0.0,0.0,-0.0,-0.0,-0.0,-0.0
1932,2018-07-04,1933,1943,2018-07-05,2018-07-19,-0.023567266917131846,0.0,0.002941119984004814,-0.03093781506805815,0.6146015735120132,0.5057339449541285,outer_03,none,0.05,1,row1932_entry1933_exit1943,True,5.0,0.000499875041651048,-0.023567266917131846,-0.024067141958782894,0.0,-0.024067141958782894,0.0230673918754808,-0.024067141958782894,0.0230673918754808
1933,2018-07-05,1934,1944,2018-07-06,2018-07-20,-0.026967111078692874,0.0,0.0005569612339835217,-0.03096712432212012,0.5916646592954445,0.5057339449541285,outer_03,none,0.05,0,,False,5.0,0.0,-0.0,-0.0,0.0,-0.0,-0.0,-0.0,-0.0
1934,2018-07-06,1935,1945,2018-07-09,2018-07-23,-0.020003563634694466,0.0,-0.0020782496043834087,-0.0345018475917751,0.5748269941824555,0.5057339449541285,outer_03,none,0.05,0,,False,5.0,0.0,-0.0,-0.0,0.0,-0.0,-0.0,-0.0,-0.0
1935,2018-07-09,1936,1946,2018-07-10,2018-07-24,-0.02650020726621438,0.0,0.002269136353445944,-0.03357940914670188,0.5625405253843978,0.5057339449541285,outer_03,none,0.05,0,,False,5.0,0.0,-0.0,-0.0,0.0,-0.0,-0.0,-0.0,-0.0
1936,2018-07-10,1937,1947,2018-07-11,2018-07-25,-0.025225923525868943,0.0,-0.0011777158451025116,-0.031035824946849644,0.6040589522040839,0.5057339449541285,outer_03,none,0.05,0,,False,5.0,0.0,-0.0,-0.0,0.0,-0.0,-0.0,-0.0,-0.0
1937,2018-07-11,1938,1948,2018-07-12,2018-07-26,-0.008892827975111928,0.0,-0.011008433462279754,-0.04508089300948104,0.5482630364642729,0.5057339449541285,outer_03,none,0.05,0,,False,5.0,0.0,-0.0,-0.0,0.0,-0.0,-0.0,-0.0,-0.0
1938,2018-07-12,1939,1949,2018-07-13,2018-07-27,-0.018831515041494384,0.0,0.0038246495166296413,-0.043400987579995665,0.6164187824297739,0.5057339449541285,outer_03,none,0.05,0,,False,5.0,0.0,-0.0,-0.0,0.0,-0.0,-0.0,-0.0,-0.0
1939,2018-07-13,1940,1950,2018-07-16,2018-07-30,-0.01455022606216172,0.0,-0.004726696903063932,-0.03104265125566652,0.5839141959248054,0.5057339449541285,outer_03,none,0.05,0,,False,5.0,0.0,-0.0,-0.0,0.0,-0.0,-0.0,-0.0,-0.0
1940,2018-07-16,1941,1951,2018-07-17,2018-07-31,-0.015587558270300228,0.0,-0.00020952027991150146,-0.0296965053538516,0.5409895682080407,0.5057339449541285,outer_03,none,0.05,0,,False,5.0,0.0,-0.0,-0.0,0.0,-0.0,-0.0,-0.0,-0.0
1941,2018-07-17,1942,1952,2018-07-18,2018-08-01,-0.002887676368307446,0.0,-0.01095599432581107,-0.03772222093033051,0.6056168187473147,0.5057339449541285,outer_03,none,0.05,0,,False,5.0,0.0,-0.0,-0.0,0.0,-0.0,-0.0,-0.0,-0.0
1942,2018-07-18,1943,1953,2018-07-19,2018-08-02,-0.00856154196283132,0.0,0.00017924213215714246,-0.032114211954395344,0.6493787879990796,0.5057339449541285,outer_03,none,0.05,1,row1942_entry1943_exit1953,True,5.0,0.000499875041651048,-0.00856154196283132,-0.009061417004482368,0.0,-0.009061417004482368,0.008061666921180273,-0.009061417004482368,0.008061666921180273
1943,2018-07-19,1944,1954,2018-07-20,2018-08-03,-0.012391059819276684,0.0,-0.003787203142332274,-0.035648929692198905,0.6110207192900139,0.5057339449541285,outer_03,none,0.05,0,,False,5.0,0.0,-0.0,-0.0,0.0,-0.0,-0.0,-0.0,-0.0
1944,2018-07-20,1945,1955,2018-07-23,2018-08-06,-0.01373180333248225,0.0,0.007113639971714214,-0.03008864215882845,0.5087707534534082,0.5057339449541285,outer_03,none,0.05,0,,False,5.0,0.0,-0.0,-0.0,0.0,-0.0,-0.0,-0.0,-0.0
1945,2018-07-23,1946,1956,2018-07-24,2018-08-07,-0.013696141487899993,0.0,-0.0058387550290079915,-0.03285779212934248,0.6436575292194876,0.5057339449541285,outer_03,none,0.05,0,,False,5.0,0.0,-0.0,-0.0,0.0,-0.0,-0.0,-0.0,-0.0
1946,2018-07-24,1947,1957,2018-07-25,2018-08-08,-0.011012540311735819,0.0,2.450109642548881e-05,-0.027389041383536927,0.6196623140179518,0.5057339449541285,outer_03,none,0.05,0,,False,5.0,0.0,-0.0,-0.0,0.0,-0.0,-0.0,-0.0,-0.0
1947,2018-07-25,1948,1958,2018-07-26,2018-08-09,-0.014592828525447743,0.0,0.005798014630222781,-0.016284748766429935,0.5629125623308677,0.5057339449541285,outer_03,none,0.05,0,,False,5.0,0.0,-0.0,-0.0,0.0,-0.0,-0.0,-0.0,-0.0
1948,2018-07-26,1949,1959,2018-07-27,2018-08-10,-0.00904723508508809,0.0,-0.007113755905074903,-0.020478420834281863,0.6449281560605259,0.5057339449541285,outer_03,none,0.05,0,,False,5.0,0.0,-0.0,-0.0,0.0,-0.0,-0.0,-0.0,-0.0
1949,2018-07-27,1950,1960,2018-07-30,2018-08-13,-0.008892231756628455,0.0,-2.4533355142075663e-05,-0.024181663433858525,0.6169470584539468,0.5057339449541285,outer_03,none,0.05,0,,False,5.0,0.0,-0.0,-0.0,0.0,-0.0,-0.0,-0.0,-0.0
1950,2018-07-30,1951,1961,2018-07-31,2018-08-14,-0.022794967657785214,0.0,-0.0012519998853202097,-0.016412782093167877,0.5859079474041726,0.5057339449541285,outer_03,none,0.05,0,,False,5.0,0.0,-0.0,-0.0,0.0,-0.0,-0.0,-0.0,-0.0
1951,2018-07-31,1952,1962,2018-08-01,2018-08-15,-0.024703640891647893,0.0,0.002175674212767653,-0.02328991860607843,0.6262394420996423,0.5057339449541285,outer_03,none,0.05,0,,False,5.0,0.0,-0.0,-0.0,0.0,-0.0,-0.0,-0.0,-0.0
1952,2018-08-01,1953,1963,2018-08-02,2018-08-16,-0.03425820052975137,0.0,-0.006467262161102383,-0.03269830075118563,0.6198870604794672,0.5057339449541285,outer_03,none,0.05,1,row1952_entry1953_exit1963,True,5.0,0.000499875041651048,-0.03425820052975137,-0.03475807557140242,0.0,-0.03475807557140242,0.03375832548810032,0.03375832548810032,0.03375832548810032
1953,2018-08-02,1954,1964,2018-08-03,2018-08-17,-0.02937622302041376,0.0,-0.006873616553543904,-0.04012887853871305,0.6716548985097982,0.5057339449541285,outer_03,none,0.05,0,,False,5.0,0.0,-0.0,-0.0,0.0,-0.0,-0.0,-0.0,-0.0
1954,2018-08-03,1955,1965,2018-08-06,2018-08-20,-0.02515703762137811,0.0,0.004477755058982957,-0.03357287387534669,0.6416251839049221,0.5057339449541285,outer_03,none,0.05,0,,False,5.0,0.0,-0.0,-0.0,0.0,-0.0,-0.0,-0.0,-0.0
1955,2018-08-06,1956,1966,2018-08-07,2018-08-21,-0.014776416882425814,0.0,-0.004991250900183708,-0.04083326112897634,0.7450963070888869,0.5057339449541285,outer_03,none,0.05,0,,False,5.0,0.0,-0.0,-0.0,0.0,-0.0,-0.0,-0.0,-0.0
1956,2018-08-07,1957,1967,2018-08-08,2018-08-22,-0.012430261500517403,0.0,0.0028787948805160113,-0.036776750403357816,0.7217435532626366,0.5057339449541285,outer_03,none,0.05,0,,False,5.0,0.0,-0.0,-0.0,0.0,-0.0,-0.0,-0.0,-0.0
1957,2018-08-08,1958,1968,2018-08-09,2018-08-23,-0.014716950756427316,0.0,0.00231027017391483,-0.023458046767163232,0.6287747727647699,0.5057339449541285,outer_03,none,0.05,0,,False,5.0,0.0,-0.0,-0.0,0.0,-0.0,-0.0,-0.0,-0.0
1958,2018-08-09,1959,1969,2018-08-10,2018-08-24,-0.02272967298935935,0.0,-0.00100596164390776,-0.028288657927700633,0.6131769934078937,0.5057339449541285,outer_03,none,0.05,0,,False,5.0,0.0,-0.0,-0.0,0.0,-0.0,-0.0,-0.0,-0.0
1959,2018-08-10,1960,1970,2018-08-13,2018-08-27,-0.004388962746669556,0.0,-0.00064368653039093,-0.024205647555027632,0.5530308747881555,0.5057339449541285,outer_03,none,0.05,0,,False,5.0,0.0,-0.0,-0.0,0.0,-0.0,-0.0,-0.0,-0.0
1960,2018-08-13,1961,1971,2018-08-14,2018-08-28,0.013972166988915014,1.0,-0.014752743634890209,-0.03874887091000634,0.7270611203175007,0.5057339449541285,outer_03,none,0.05,0,,False,5.0,0.0,0.0,0.0,0.0,0.0,0.0,0.0,0.0
1961,2018-08-14,1962,1972,2018-08-15,2018-08-29,0.006019060384626407,1.0,0.00024292481596432935,-0.02754995176823094,0.8101267861865304,0.5057339449541285,outer_03,none,0.05,0,,False,5.0,0.0,0.0,0.0,0.0,0.0,0.0,0.0,0.0
1962,2018-08-15,1963,1973,2018-08-16,2018-08-30,0.02632725111315537,1.0,-0.016280155903230842,-0.044009349803618925,0.8565956754946921,0.5057339449541285,outer_03,none,0.05,1,row1962_entry1963_exit1973,True,5.0,0.000499875041651048,0.02632725111315537,0.025827376071504322,0.0,0.025827376071504322,-0.026827126154806417,-0.026827126154806417,-0.026827126154806417
1963,2018-08-16,1964,1974,2018-08-17,2018-08-31,0.022168924771062137,1.0,-0.000613136467615405,-0.040835283128902056,0.8663105974146855,0.5057339449541285,outer_03,none,0.05,0,,False,5.0,0.0,0.0,0.0,0.0,0.0,0.0,0.0,0.0
1964,2018-08-17,1965,1975,2018-08-20,2018-09-03,0.014445711621570823,1.0,0.008685012820814464,-0.039263910279801806,0.8575144278970923,0.5057339449541285,outer_03,none,0.05,0,,False,5.0,0.0,0.0,0.0,0.0,0.0,0.0,0.0,0.0
1965,2018-08-20,1966,1976,2018-08-21,2018-09-04,0.008615551151004652,1.0,0.005213675145468777,-0.028211480105325037,0.8824952219140668,0.5057339449541285,outer_03,none,0.05,0,,False,5.0,0.0,0.0,0.0,0.0,0.0,0.0,0.0,0.0
1966,2018-08-21,1967,1977,2018-08-22,2018-09-05,-0.0036268189535286766,0.0,0.004827202561848765,-0.02340877863990176,0.8585856302247012,0.5057339449541285,outer_03,none,0.05,0,,False,5.0,0.0,-0.0,-0.0,0.0,-0.0,-0.0,-0.0,-0.0
1967,2018-08-22,1968,1978,2018-08-23,2018-09-06,0.0010363474697090425,1.0,-0.0005853968739719662,-0.02979219014409651,0.8808636185167306,0.5057339449541285,outer_03,none,0.05,0,,False,5.0,0.0,0.0,0.0,0.0,0.0,0.0,0.0,0.0
1968,2018-08-23,1969,1979,2018-08-24,2018-09-07,0.012600611885067892,1.0,-0.00852699133454049,-0.031205425573562096,0.9129471101150948,0.5057339449541285,outer_03,none,0.05,0,,False,5.0,0.0,0.0,0.0,0.0,0.0,0.0,0.0,0.0
1969,2018-08-24,1970,1980,2018-08-27,2018-09-10,-0.00902837361395381,0.0,0.01723899413180696,-0.013941898086613058,0.8364341204625124,0.5057339449541285,outer_03,none,0.05,0,,False,5.0,0.0,-0.0,-0.0,0.0,-0.0,-0.0,-0.0,-0.0
1970,2018-08-27,1971,1981,2018-08-28,2018-09-11,-0.012758508580996697,0.0,0.004294675501876455,-0.008395222699416394,0.9020646890496191,0.5057339449541285,outer_03,none,0.05,0,,False,5.0,0.0,-0.0,-0.0,0.0,-0.0,-0.0,-0.0,-0.0
1971,2018-08-28,1972,1982,2018-08-29,2018-09-12,-0.0029006546806371603,0.0,-0.008383029404088305,-0.01895392631627235,0.9044797581830114,0.5057339449541285,outer_03,none,0.05,0,,False,5.0,0.0,-0.0,-0.0,0.0,-0.0,-0.0,-0.0,-0.0
1972,2018-08-29,1973,1983,2018-08-30,2018-09-13,-0.0003646338370879576,0.0,0.004627234122182244,-0.007859430032987724,0.8686053068353384,0.5057339449541285,outer_03,none,0.05,1,row1972_entry1973_exit1983,True,5.0,0.000499875041651048,-0.0003646338370879576,-0.0008645088787390055,0.0,-0.0008645088787390055,-0.00013524120456309035,-0.0008645088787390055,-0.00013524120456309035
1973,2018-08-30,1974,1984,2018-08-31,2018-09-14,0.0013574116331671604,1.0,-0.005751967116691681,-0.006737780596135501,0.8764482575988957,0.5057339449541285,outer_03,none,0.05,0,,False,5.0,0.0,0.0,0.0,0.0,0.0,0.0,0.0,0.0
1974,2018-08-31,1975,1985,2018-09-03,2018-09-17,-0.005855468105350425,0.0,0.000974841665442483,-0.010240693989675975,0.8256822409647158,0.5057339449541285,outer_03,none,0.05,0,,False,5.0,0.0,-0.0,-0.0,0.0,-0.0,-0.0,-0.0,-0.0
1975,2018-09-03,1976,1986,2018-09-04,2018-09-18,0.000591161733249912,1.0,0.00039133566691340604,-0.004858107422578861,0.8018164139003264,0.5057339449541285,outer_03,none,0.05,0,,False,5.0,0.0,0.0,0.0,0.0,0.0,0.0,0.0,0.0
1976,2018-09-04,1977,1987,2018-09-05,2018-09-19,0.005214120874101447,1.0,-0.008544202329560768,-0.01628110463265564,0.8049614738165467,0.5057339449541285,outer_03,none,0.05,0,,False,5.0,0.0,0.0,0.0,0.0,0.0,0.0,0.0,0.0
1977,2018-09-05,1978,1988,2018-09-06,2018-09-20,0.005564501600571425,1.0,0.004565433833807475,-0.014025940972762996,0.7948299332116073,0.5057339449541285,outer_03,none,0.05,0,,False,5.0,0.0,0.0,0.0,0.0,0.0,0.0,0.0,0.0
1978,2018-09-06,1979,1989,2018-09-07,2018-09-21,0.005334276570079233,1.0,0.002912643674837234,-0.010107335654018001,0.6736758521498135,0.5057339449541285,outer_03,none,0.05,0,,False,5.0,0.0,0.0,0.0,0.0,0.0,0.0,0.0,0.0
1979,2018-09-07,1980,1990,2018-09-10,2018-09-24,0.002112532776314957,1.0,-0.0034560515241501832,-0.012919700647777255,0.6660718656005725,0.5057339449541285,outer_03,none,0.05,0,,False,5.0,0.0,0.0,0.0,0.0,0.0,0.0,0.0,0.0
1980,2018-09-10,1981,1991,2018-09-11,2018-09-25,0.002898443803458939,1.0,-0.00021744584847738224,0.0016155971386355716,0.6560554808269469,0.5057339449541285,outer_03,none,0.05,0,,False,5.0,0.0,0.0,0.0,0.0,0.0,0.0,0.0,0.0
1981,2018-09-11,1982,1992,2018-09-12,2018-09-26,0.0027841239663386474,1.0,0.0023392409808193904,0.0037119133034906326,0.6434227777441368,0.5057339449541285,outer_03,none,0.05,0,,False,5.0,0.0,0.0,0.0,0.0,0.0,0.0,0.0,0.0
1982,2018-09-12,1983,1993,2018-09-13,2018-09-27,-0.009694824611496067,0.0,0.006396548221581533,0.026388617428303007,0.6991015838756115,0.5057339449541285,outer_03,none,0.05,1,row1982_entry1983_exit1993,True,5.0,0.000499875041651048,-0.009694824611496067,-0.010194699653147114,0.0,-0.010194699653147114,0.00919494956984502,-0.010194699653147114,-0.010194699653147114
1983,2018-09-13,1984,1994,2018-09-14,2018-09-28,-0.015338019820959836,0.0,-0.00398784238169636,0.023013911514222052,0.6598421659427935,0.5057339449541285,outer_03,none,0.05,0,,False,5.0,0.0,-0.0,-0.0,0.0,-0.0,-0.0,-0.0,-0.0
1984,2018-09-14,1985,1995,2018-09-17,2018-10-01,-0.0014923123546148886,0.0,-0.006539491879210324,0.007789406814197264,0.630979734457286,0.5057339449541285,outer_03,none,0.05,0,,False,5.0,0.0,-0.0,-0.0,0.0,-0.0,-0.0,-0.0,-0.0
1985,2018-09-17,1986,1996,2018-09-18,2018-10-02,-0.010518089260621366,0.0,0.006264742586210126,0.008840474254938613,0.6475578629062582,0.5057339449541285,outer_03,none,0.05,0,,False,5.0,0.0,-0.0,-0.0,0.0,-0.0,-0.0,-0.0,-0.0
1986,2018-09-18,1987,1997,2018-09-19,2018-10-03,0.0050209728577472745,1.0,-0.0024093685190322844,0.0016039031740575638,0.5879154320943146,0.5057339449541285,outer_03,none,0.05,0,,False,5.0,0.0,0.0,0.0,0.0,0.0,0.0,0.0,0.0
1987,2018-09-19,1988,1998,2018-09-20,2018-10-04,-0.0048630694812947795,0.0,0.004696642712280763,0.006885942760310293,0.5528434962627953,0.5057339449541285,outer_03,none,0.05,0,,False,5.0,0.0,-0.0,-0.0,0.0,-0.0,-0.0,-0.0,-0.0
1988,2018-09-20,1989,1999,2018-09-21,2018-10-05,-0.005900947974171622,0.0,0.002812404632971166,0.01822533872782195,0.4914797111415841,0.5057339449541285,outer_03,none,0.05,0,,False,5.0,0.0,-0.0,-0.0,0.0,-0.0,-0.0,-0.0,-0.0
1989,2018-09-21,1990,2000,2018-09-24,2018-10-08,0.003580264100996544,1.0,-0.0066246600594954685,-0.005638315463480481,0.6348846095608732,0.5057339449541285,outer_03,none,0.05,0,,False,5.0,0.0,0.0,0.0,0.0,0.0,0.0,0.0,0.0
1990,2018-09-24,1991,2001,2018-09-25,2018-10-09,-0.008989935416591877,0.0,-0.0003670092127139313,-0.010300000178070867,0.648790924165706,0.5057339449541285,outer_03,none,0.05,0,,False,5.0,0.0,-0.0,-0.0,0.0,-0.0,-0.0,-0.0,-0.0
1991,2018-09-25,1992,2002,2018-09-26,2018-10-10,-0.009929853758504414,0.0,0.0020002340274594133,8.326325347685071e-05,0.5540387186777314,0.5057339449541285,outer_03,none,0.05,0,,False,5.0,0.0,-0.0,-0.0,0.0,-0.0,-0.0,-0.0,-0.0
1992,2018-09-26,1993,2003,2018-09-27,2018-10-11,-0.0005441584723708814,0.0,-0.0057112476140153134,-0.010255218482720707,0.6131520705791073,0.5057339449541285,outer_03,none,0.05,1,row1992_entry1993_exit2003,True,5.0,0.000499875041651048,-0.0005441584723708814,-0.0010440335140219294,0.0,-0.0010440335140219294,4.4283430719833494e-05,4.4283430719833494e-05,4.4283430719833494e-05
1993,2018-09-27,1994,2004,2018-09-28,2018-10-12,0.03313760227109519,1.0,-0.009845498043818957,-0.014348749409847983,0.7333594250262851,0.5057339449541285,outer_03,none,0.05,0,,False,5.0,0.0,0.0,0.0,0.0,0.0,0.0,0.0,0.0
1994,2018-09-28,1995,2005,2018-10-01,2018-10-15,0.021489246493774594,1.0,0.007573655743486896,-0.00774993533180357,0.6496110920195559,0.5057339449541285,outer_03,none,0.05,0,,False,5.0,0.0,0.0,0.0,0.0,0.0,0.0,0.0,0.0
1995,2018-10-01,1996,2006,2018-10-02,2018-10-16,0.031774196176769465,1.0,-0.0023947880714949576,-0.010536059070211934,0.7077318812715019,0.5057339449541285,outer_03,none,0.05,0,,False,5.0,0.0,0.0,0.0,0.0,0.0,0.0,0.0,0.0
1996,2018-10-02,1997,2007,2018-10-03,2018-10-17,0.01720198046334609,1.0,0.011775665050933526,0.00978380831028236,0.5780606600399008,0.5057339449541285,outer_03,none,0.05,0,,False,5.0,0.0,0.0,0.0,0.0,0.0,0.0,0.0,0.0
1997,2018-10-03,1998,2008,2018-10-04,2018-10-18,0.0198276693459567,1.0,-0.004909181842823962,0.0003091926336509232,0.6647202818612431,0.5057339449541285,outer_03,none,0.05,0,,False,5.0,0.0,0.0,0.0,0.0,0.0,0.0,0.0,0.0
1998,2018-10-04,1999,2009,2018-10-05,2018-10-19,0.02129459629794006,1.0,0.002395090793901211,-0.00020836024728509983,0.6075477231538212,0.5057339449541285,outer_03,none,0.05,0,,False,5.0,0.0,0.0,0.0,0.0,0.0,0.0,0.0,0.0
1999,2018-10-05,2000,2010,2018-10-08,2018-10-22,0.020418777990090398,1.0,0.0025224053632619814,0.005770096640127065,0.5898087545725836,0.5057339449541285,outer_03,none,0.05,0,,False,5.0,0.0,0.0,0.0,0.0,0.0,0.0,0.0,0.0
2000,2018-10-08,2001,2011,2018-10-09,2018-10-23,0.028090219503119407,1.0,-0.012373051257490886,-0.006385508768886439,0.7659204375479788,0.5057339449541285,outer_03,none,0.05,0,,False,5.0,0.0,0.0,0.0,0.0,0.0,0.0,0.0,0.0
2001,2018-10-09,2002,2012,2018-10-10,2018-10-24,0.03422181380582501,1.0,0.0012786864922809116,-0.0074460632574249175,0.6940572394363614,0.5057339449541285,outer_03,none,0.05,0,,False,5.0,0.0,0.0,0.0,0.0,0.0,0.0,0.0,0.0
2002,2018-10-10,2003,2013,2018-10-11,2018-10-25,0.032736336182887626,1.0,0.003817903450691773,-0.010024708028314677,0.6668318774552298,0.5057339449541285,outer_03,none,0.05,1,row2002_entry2003_exit2013,True,5.0,0.000499875041651048,0.032736336182887626,0.03223646114123658,0.0,0.03223646114123658,-0.033236211224538674,0.03223646114123658,-0.033236211224538674
2003,2018-10-11,2004,2014,2018-10-12,2018-10-26,0.007225247190815409,1.0,0.02545975414171231,0.019422888495093993,0.5946277453916196,0.5057339449541285,outer_03,none,0.05,0,,False,5.0,0.0,0.0,0.0,0.0,0.0,0.0,0.0,0.0
2004,2018-10-12,2005,2015,2018-10-15,2018-10-29,0.012388253456152576,1.0,-0.005780788887675747,0.02018159148662857,0.7882989676294218,0.5057339449541285,outer_03,none,0.05,0,,False,5.0,0.0,0.0,0.0,0.0,0.0,0.0,0.0,0.0
2005,2018-10-15,2006,2016,2018-10-16,2018-10-30,0.001921245818388151,1.0,0.007404198975696552,0.021321047876114996,0.8323886700363611,0.5057339449541285,outer_03,none,0.05,0,,False,5.0,0.0,0.0,0.0,0.0,0.0,0.0,0.0,0.0
2006,2018-10-16,2007,2017,2018-10-17,2018-10-31,-0.0020185764862059585,0.0,-0.001950042025728571,0.02178037436941871,0.8448830844307885,0.5057339449541285,outer_03,none,0.05,0,,False,5.0,0.0,-0.0,-0.0,0.0,-0.0,-0.0,-0.0,-0.0
2007,2018-10-17,2008,2018,2018-10-18,2018-11-01,-0.005465167094819812,0.0,-0.001806567074761567,0.015277164582376379,0.8329275350387637,0.5057339449541285,outer_03,none,0.05,0,,False,5.0,0.0,-0.0,-0.0,0.0,-0.0,-0.0,-0.0,-0.0
2008,2018-10-18,2009,2019,2018-10-19,2018-11-02,0.007171462094611947,1.0,0.0028922061370550978,0.01535696608646031,0.772565019908723,0.5057339449541285,outer_03,none,0.05,0,,False,5.0,0.0,0.0,0.0,0.0,0.0,0.0,0.0,0.0
2009,2018-10-19,2010,2020,2018-10-22,2018-11-05,0.004176932212737405,1.0,0.0005138390002663584,0.022495465146222138,0.772472684117309,0.5057339449541285,outer_03,none,0.05,0,,False,5.0,0.0,0.0,0.0,0.0,0.0,0.0,0.0,0.0
2010,2018-10-22,2011,2021,2018-10-23,2018-11-06,0.007548866838690493,1.0,-0.003692452648065725,0.019170021710870344,0.759950767104547,0.5057339449541285,outer_03,none,0.05,0,,False,5.0,0.0,0.0,0.0,0.0,0.0,0.0,0.0,0.0
2011,2018-10-23,2012,2022,2018-10-24,2018-11-07,-0.002994233460045237,0.0,0.006916266049413977,0.024086053732824908,0.7659542476068684,0.5057339449541285,outer_03,none,0.05,0,,False,5.0,0.0,-0.0,-0.0,0.0,-0.0,-0.0,-0.0,-0.0
2012,2018-10-24,2013,2023,2018-10-25,2018-11-08,-0.006121198964220476,0.0,0.0024272743248934248,0.032224575671733646,0.8332446861865299,0.5057339449541285,outer_03,none,0.05,1,row2012_entry2013_exit2023,True,5.0,0.000499875041651048,-0.006121198964220476,-0.006621074005871523,0.0,-0.006621074005871523,0.005621323922569428,-0.006621074005871523,-0.006621074005871523
2013,2018-10-25,2014,2024,2018-10-26,2018-11-09,-0.007192546880976813,0.0,-0.001192605985123052,0.04087746773042955,0.7572380927229093,0.5057339449541285,outer_03,none,0.05,0,,False,5.0,0.0,-0.0,-0.0,0.0,-0.0,-0.0,-0.0,-0.0
2014,2018-10-26,2015,2025,2018-10-29,2018-11-12,-0.019285145069940945,0.0,0.0013547554386290628,0.03465856742557172,0.6656585425505457,0.5057339449541285,outer_03,none,0.05,0,,False,5.0,0.0,-0.0,-0.0,0.0,-0.0,-0.0,-0.0,-0.0
2015,2018-10-29,2016,2026,2018-10-30,2018-11-13,-0.023410445206704544,0.0,-0.0032967955154665773,0.0337565599816001,0.6637640608905075,0.5057339449541285,outer_03,none,0.05,0,,False,5.0,0.0,-0.0,-0.0,0.0,-0.0,-0.0,-0.0,-0.0
2016,2018-10-30,2017,2027,2018-10-31,2018-11-14,-0.016305314167492035,0.0,-0.0053008556542240015,0.01668003927644257,0.5582972945843819,0.5057339449541285,outer_03,none,0.05,0,,False,5.0,0.0,-0.0,-0.0,0.0,-0.0,-0.0,-0.0,-0.0
2017,2018-10-31,2018,2028,2018-11-01,2018-11-15,-0.0035527529960726056,0.0,-0.006966324917206279,0.014622896202060254,0.38272676175006826,0.5057339449541285,outer_03,none,0.05,0,,False,5.0,0.0,-0.0,-0.0,0.0,-0.0,-0.0,-0.0,-0.0
2018,2018-11-01,2019,2029,2018-11-02,2018-11-16,-0.017193196673656708,0.0,0.015166663214004394,0.027394468622163437,0.6344107512669572,0.5057339449541285,outer_03,none,0.05,0,,False,5.0,0.0,-0.0,-0.0,0.0,-0.0,-0.0,-0.0,-0.0
2019,2018-11-02,2020,2030,2018-11-05,2018-11-19,-0.009124002230054273,0.0,-0.0002352187342289369,0.02463684452467252,0.6207244776497383,0.5057339449541285,outer_03,none,0.05,0,,False,5.0,0.0,-0.0,-0.0,0.0,-0.0,-0.0,-0.0,-0.0
2020,2018-11-05,2021,2031,2018-11-06,2018-11-20,-0.00609335772602293,0.0,-0.001128196507003132,0.03588169927516027,0.6252076710578356,0.5057339449541285,outer_03,none,0.05,0,,False,5.0,0.0,-0.0,-0.0,0.0,-0.0,-0.0,-0.0,-0.0
2021,2018-11-06,2022,2032,2018-11-07,2018-11-21,-0.004360899342403357,0.0,-0.00352263430746369,0.03108037847541567,0.5432341190639235,0.5057339449541285,outer_03,none,0.05,0,,False,5.0,0.0,-0.0,-0.0,0.0,-0.0,-0.0,-0.0,-0.0
2022,2018-11-07,2023,2033,2018-11-08,2018-11-22,-0.0007912522182458304,0.0,-0.0005461830501110043,0.026716291974612894,0.5575712082473262,0.5057339449541285,outer_03,none,0.05,1,row2022_entry2023_exit2033,True,5.0,0.000499875041651048,-0.0007912522182458304,-0.0012911272598968783,0.0,-0.0012911272598968783,0.0002913771765947824,0.0002913771765947824,-0.0012911272598968783
2023,2018-11-08,2024,2034,2018-11-09,2018-11-23,0.0030446144903333305,1.0,-0.0024410865562822792,-0.0011845487233816954,0.532445196202545,0.5057339449541285,outer_03,none,0.05,0,,False,5.0,0.0,0.0,0.0,0.0,0.0,0.0,0.0,0.0
2024,2018-11-09,2025,2035,2018-11-12,2018-11-26,0.011484882424035447,1.0,-0.011551127535561534,-0.006954887371267482,0.5693044269675818,0.5057339449541285,outer_03,none,0.05,0,,False,5.0,0.0,0.0,0.0,0.0,0.0,0.0,0.0,0.0
2025,2018-11-12,2026,2036,2018-11-13,2018-11-27,0.017561974461419716,1.0,-0.007603336926488069,-0.021962423273452103,0.5814977554873627,0.5057339449541285,outer_03,none,0.05,0,,False,5.0,0.0,0.0,0.0,0.0,0.0,0.0,0.0,0.0
2026,2018-11-13,2027,2037,2018-11-14,2018-11-28,0.010167405740698854,1.0,0.00152363537166611,-0.018488745876057422,0.5696302751315993,0.5057339449541285,outer_03,none,0.05,0,,False,5.0,0.0,0.0,0.0,0.0,0.0,0.0,0.0,0.0
2027,2018-11-14,2028,2038,2018-11-15,2018-11-29,0.007830597282143081,1.0,0.0070880244357862665,-0.009594154365509588,0.5461165915741565,0.5057339449541285,outer_03,none,0.05,0,,False,5.0,0.0,0.0,0.0,0.0,0.0,0.0,0.0,0.0
2028,2018-11-15,2029,2039,2018-11-16,2018-11-30,0.008886832128232491,1.0,0.001774491537464229,-0.010711868965100457,0.5048054249328973,0.5057339449541285,outer_03,none,0.05,0,,False,5.0,0.0,0.0,0.0,0.0,0.0,0.0,0.0,0.0
2029,2018-11-16,2030,2040,2018-11-19,2018-12-03,0.0007935047556264507,1.0,0.006992949294480688,-0.0042327586708861276,0.4891664787151791,0.5057339449541285,outer_03,none,0.05,0,,False,5.0,0.0,0.0,0.0,0.0,0.0,0.0,0.0,0.0
2030,2018-11-19,2031,2041,2018-11-20,2018-12-04,0.005573450972583771,1.0,0.00216764568219574,0.0016273396593753375,0.5475045366892887,0.5057339449541285,outer_03,none,0.05,0,,False,5.0,0.0,0.0,0.0,0.0,0.0,0.0,0.0,0.0
2031,2018-11-20,2032,2042,2018-11-21,2018-12-05,0.013567162935144594,1.0,-0.0019056426676629101,-0.00719456905770155,0.5511178051624742,0.5057339449541285,outer_03,none,0.05,0,,False,5.0,0.0,0.0,0.0,0.0,0.0,0.0,0.0,0.0
2032,2018-11-21,2033,2043,2018-11-22,2018-12-06,0.00961561488062479,1.0,0.003514022918619908,-0.006107820463975067,0.5897670917692553,0.5057339449541285,outer_03,none,0.05,1,row2032_entry2033_exit2043,True,5.0,0.000499875041651048,0.00961561488062479,0.009115739838973742,0.0,0.009115739838973742,-0.010115489922275837,0.009115739838973742,-0.010115489922275837
2033,2018-11-22,2034,2044,2018-11-23,2018-12-07,0.008715111760460914,1.0,0.0009295575486483187,-0.003985656930203696,0.6265143530163254,0.5057339449541285,outer_03,none,0.05,0,,False,5.0,0.0,0.0,0.0,0.0,0.0,0.0,0.0,0.0
2034,2018-11-23,2035,2045,2018-11-26,2018-12-10,0.021845980315379876,1.0,-0.0036334430678524043,-0.008973855436685163,0.5754837473318833,0.5057339449541285,outer_03,none,0.05,0,,False,5.0,0.0,0.0,0.0,0.0,0.0,0.0,0.0,0.0
2035,2018-11-26,2036,2046,2018-11-27,2018-12-11,0.018159029435143026,1.0,-0.00029451948541137085,-0.0059715794066299566,0.5149066463900817,0.5057339449541285,outer_03,none,0.05,0,,False,5.0,0.0,0.0,0.0,0.0,0.0,0.0,0.0,0.0
2036,2018-11-27,2037,2047,2018-11-28,2018-12-12,0.022970250028904182,1.0,-0.006303835175381245,-0.0069745589277872,0.4684670205088675,0.5057339449541285,outer_03,none,0.05,0,,False,5.0,0.0,0.0,0.0,0.0,0.0,0.0,0.0,0.0
2037,2018-11-28,2038,2048,2018-11-29,2018-12-13,0.020452899284221893,1.0,0.00541156633863249,0.005403332328051569,0.48039400939153937,0.5057339449541285,outer_03,none,0.05,0,,False,5.0,0.0,0.0,0.0,0.0,0.0,0.0,0.0,0.0
2038,2018-11-29,2039,2049,2018-11-30,2018-12-14,0.014299920451883885,1.0,0.0024293596233206927,-0.007333971262632133,0.4736555988401517,0.5057339449541285,outer_03,none,0.05,0,,False,5.0,0.0,0.0,0.0,0.0,0.0,0.0,0.0,0.0
2039,2018-11-30,2040,2050,2018-12-03,2018-12-17,0.011722567823437835,1.0,-0.0016925666042579834,-0.00879131913266118,0.44071122847129074,0.5057339449541285,outer_03,none,0.05,0,,False,5.0,0.0,0.0,0.0,0.0,0.0,0.0,0.0,0.0
2040,2018-12-03,2041,2051,2018-12-04,2018-12-18,0.012130856734818174,1.0,0.007240736135745607,-0.00042238648991244077,0.46914949950980894,0.5057339449541285,outer_03,none,0.05,0,,False,5.0,0.0,0.0,0.0,0.0,0.0,0.0,0.0,0.0
2041,2018-12-04,2042,2052,2018-12-05,2018-12-19,0.009034269265026929,1.0,0.006236403434182414,0.009336651251733663,0.5428236978002674,0.5057339449541285,outer_03,none,0.05,0,,False,5.0,0.0,0.0,0.0,0.0,0.0,0.0,0.0,0.0
2042,2018-12-05,2043,2053,2018-12-06,2018-12-20,0.005617607429122096,1.0,-0.0011956698790767106,0.008687164422767957,0.6859699316825392,0.5057339449541285,outer_03,none,0.05,1,row2042_entry2043_exit2053,True,5.0,0.000499875041651048,0.005617607429122096,0.005117732387471048,0.0,0.005117732387471048,-0.006117482470773143,-0.006117482470773143,0.005117732387471048
2043,2018-12-06,2044,2054,2018-12-07,2018-12-21,0.018245423536256133,1.0,0.0005656977223944537,0.01169394870144469,0.4676962771493892,0.5057339449541285,outer_03,none,0.05,0,,False,5.0,0.0,0.0,0.0,0.0,0.0,0.0,0.0,0.0
2044,2018-12-07,2045,2055,2018-12-10,2018-12-24,0.006441143406981986,1.0,0.008567447232846526,0.03181252346985275,0.5035809934057025,0.5057339449541285,outer_03,none,0.05,0,,False,5.0,0.0,0.0,0.0,0.0,0.0,0.0,0.0,0.0
2045,2018-12-10,2046,2056,2018-12-11,2018-12-26,0.021930354966877452,1.0,-0.003466402668598434,0.035949457727742384,0.4585231566657344,0.5057339449541285,outer_03,none,0.05,0,,False,5.0,0.0,0.0,0.0,0.0,0.0,0.0,0.0,0.0
2046,2018-12-11,2047,2057,2018-12-12,2018-12-27,0.01872713905069734,1.0,-0.0010133016806426198,0.033412520675433655,0.44467760165586045,0.5057339449541285,outer_03,none,0.05,0,,False,5.0,0.0,0.0,0.0,0.0,0.0,0.0,0.0,0.0
2047,2018-12-12,2048,2058,2018-12-13,2018-12-28,0.023498947278478788,1.0,0.002057696588949831,0.02838219282859722,0.5160668457890869,0.5057339449541285,outer_03,none,0.05,0,,False,5.0,0.0,0.0,0.0,0.0,0.0,0.0,0.0,0.0
2048,2018-12-13,2049,2059,2018-12-14,2018-12-31,0.030308114095014993,1.0,-0.0027257503639512848,0.023881950927181705,0.5006623578954797,0.5057339449541285,outer_03,none,0.05,0,,False,5.0,0.0,0.0,0.0,0.0,0.0,0.0,0.0,0.0
2049,2018-12-14,2050,2060,2018-12-17,2019-01-02,0.03562931934921387,1.0,-0.003225809248882605,0.013663192383818412,0.385258843574899,0.5057339449541285,outer_03,none,0.05,0,,False,5.0,0.0,0.0,0.0,0.0,0.0,0.0,0.0,0.0
2050,2018-12-17,2051,2061,2018-12-18,2019-01-03,0.03315255634638081,1.0,0.006280719575503468,0.01777626627712614,0.4687199004551677,0.5057339449541285,outer_03,none,0.05,0,,False,5.0,0.0,0.0,0.0,0.0,0.0,0.0,0.0,0.0
2051,2018-12-18,2052,2062,2018-12-19,2019-01-04,0.03450787456998672,1.0,0.002861530425611214,0.022543439370400264,0.4565390438492913,0.5057339449541285,outer_03,none,0.05,0,,False,5.0,0.0,0.0,0.0,0.0,0.0,0.0,0.0,0.0
2052,2018-12-19,2053,2063,2018-12-20,2019-01-07,0.032506410101515115,1.0,-0.005127701968977938,0.013901714482802419,0.33027976214190186,0.5057339449541285,outer_03,none,0.05,-1,row2052_entry2053_exit2063,True,5.0,0.000499875041651048,-0.032506410101515115,-0.03300628514316616,0.0,0.03200653505986407,-0.03300628514316616,-0.03300628514316616,0.03200653505986407
2053,2018-12-20,2054,2064,2018-12-21,2019-01-08,0.022474442510167947,1.0,0.013353936652038101,0.0263260935861922,0.5812956875921554,0.5057339449541285,outer_03,none,0.05,0,,False,5.0,0.0,0.0,0.0,0.0,0.0,0.0,0.0,0.0
2054,2018-12-21,2055,2065,2018-12-24,2019-01-09,0.020558311236977822,1.0,-0.003427343349501122,0.026532193304543483,0.6303445641756731,0.5057339449541285,outer_03,none,0.05,0,,False,5.0,0.0,0.0,0.0,0.0,0.0,0.0,0.0,0.0
2055,2018-12-24,2056,2066,2018-12-26,2019-01-10,0.016060469324243876,1.0,0.010239105494168399,0.03706581828412325,0.7571122668458,0.5057339449541285,outer_03,none,0.05,0,,False,5.0,0.0,0.0,0.0,0.0,0.0,0.0,0.0,0.0
2056,2018-12-26,2057,2067,2018-12-27,2019-01-11,0.015744039467799453,1.0,-0.0011991733453369235,0.042170480114167574,0.7376571554248367,0.5057339449541285,outer_03,none,0.05,0,,False,5.0,0.0,0.0,0.0,0.0,0.0,0.0,0.0,0.0
2057,2018-12-27,2058,2068,2018-12-28,2019-01-14,0.009901032357169548,1.0,0.006860010853819709,0.043618924629354794,0.7072302300478384,0.5057339449541285,outer_03,none,0.05,0,,False,5.0,0.0,0.0,0.0,0.0,0.0,0.0,0.0,0.0
2058,2018-12-28,2059,2069,2018-12-31,2019-01-15,0.009703378989886602,1.0,0.003982650632739393,0.045172215638773494,0.7216472476011414,0.5057339449541285,outer_03,none,0.05,0,,False,5.0,0.0,0.0,0.0,0.0,0.0,0.0,0.0,0.0
2059,2018-12-31,2060,2070,2019-01-02,2019-01-16,0.005731432329190156,1.0,-0.00028115994280852874,0.04658362230022295,0.7495268909761138,0.5057339449541285,outer_03,none,0.05,0,,False,5.0,0.0,0.0,0.0,0.0,0.0,0.0,0.0,0.0
2060,2019-01-02,2061,2071,2019-01-03,2019-01-17,0.0046641803326457065,1.0,0.0034076365518949103,0.04275052271637225,0.6982773725807349,0.5057339449541285,outer_03,none,0.05,0,,False,5.0,0.0,0.0,0.0,0.0,0.0,0.0,0.0,0.0
2061,2019-01-03,2062,2072,2019-01-04,2019-01-18,-0.001098263771013741,0.0,0.007267626042590791,0.04378174532478063,0.6375342501730994,0.5057339449541285,outer_03,none,0.05,0,,False,5.0,0.0,-0.0,-0.0,0.0,-0.0,-0.0,-0.0,-0.0
2062,2019-01-04,2063,2073,2019-01-07,2019-01-21,-0.002188585186661207,0.0,-0.0073221191978749545,0.037655296005982386,0.6902895408677341,0.5057339449541285,outer_03,none,0.05,1,row2062_entry2063_exit2073,True,5.0,0.000499875041651048,-0.002188585186661207,-0.002688460228312255,0.0,-0.002688460228312255,0.0016887101450101592,0.0016887101450101592,-0.002688460228312255
2063,2019-01-07,2064,2074,2019-01-08,2019-01-22,-0.007021396533797741,0.0,0.0032565850213019942,0.04034618330488993,0.7687658373055464,0.5057339449541285,outer_03,none,0.05,0,,False,5.0,0.0,-0.0,-0.0,0.0,-0.0,-0.0,-0.0,-0.0
2064,2019-01-08,2065,2075,2019-01-09,2019-01-23,0.00021793953820825607,1.0,-0.002859631440199628,0.028919104631843773,0.7446405407146249,0.5057339449541285,outer_03,none,0.05,0,,False,5.0,0.0,0.0,0.0,0.0,0.0,0.0,0.0,0.0
2065,2019-01-09,2066,2076,2019-01-10,2019-01-24,-0.00792003394558538,0.0,0.006121114392504623,0.03850662169294683,0.7347096900565414,0.5057339449541285,outer_03,none,0.05,0,,False,5.0,0.0,-0.0,-0.0,0.0,-0.0,-0.0,-0.0,-0.0
2066,2019-01-10,2067,2077,2019-01-11,2019-01-25,-0.005001802347132767,0.0,-0.0052965773699744645,0.034223346003614985,0.6775407489537835,0.5057339449541285,outer_03,none,0.05,0,,False,5.0,0.0,-0.0,-0.0,0.0,-0.0,-0.0,-0.0,-0.0
2067,2019-01-11,2068,2078,2019-01-14,2019-01-28,0.010987212458843487,1.0,0.0010025297227072016,0.033168179137372356,0.6933496171921216,0.5057339449541285,outer_03,none,0.05,0,,False,5.0,0.0,0.0,0.0,0.0,0.0,0.0,0.0,0.0
2068,2019-01-14,2069,2079,2019-01-15,2019-01-29,0.008260434099006453,1.0,0.0030867573253372527,0.03898068682666089,0.6708018314717178,0.5057339449541285,outer_03,none,0.05,0,,False,5.0,0.0,0.0,0.0,0.0,0.0,0.0,0.0,0.0
2069,2019-01-15,2070,2080,2019-01-16,2019-01-30,0.01686256118765428,1.0,-0.0018990119221289348,0.04030748415341456,0.651913558288967,0.5057339449541285,outer_03,none,0.05,0,,False,5.0,0.0,0.0,0.0,0.0,0.0,0.0,0.0,0.0
2070,2019-01-16,2071,2081,2019-01-17,2019-01-31,0.020352653561299228,1.0,0.003639831475171107,0.0376665960530822,0.6315290424883946,0.5057339449541285,outer_03,none,0.05,0,,False,5.0,0.0,0.0,0.0,0.0,0.0,0.0,0.0,0.0
2071,2019-01-17,2072,2082,2019-01-18,2019-02-01,0.021974028086939157,1.0,-0.0014233776674039689,0.03338168796006702,0.6039216494096561,0.5057339449541285,outer_03,none,0.05,0,,False,5.0,0.0,0.0,0.0,0.0,0.0,0.0,0.0,0.0
2072,2019-01-18,2073,2083,2019-01-21,2019-02-04,0.026977210279224728,1.0,-0.008239583957845298,0.03026980597119966,0.49267298295683176,0.5057339449541285,outer_03,none,0.05,0,,False,5.0,0.0,0.0,0.0,0.0,0.0,0.0,0.0,0.0
2073,2019-01-21,2074,2084,2019-01-22,2019-02-05,0.024400300008959874,1.0,-0.0008980131088689447,0.016017856210292614,0.5686060765470726,0.5057339449541285,outer_03,none,0.05,1,row2073_entry2074_exit2084,True,5.0,0.000499875041651048,0.024400300008959874,0.023900424967308827,0.0,0.023900424967308827,-0.024900175050610922,-0.024900175050610922,0.023900424967308827
2074,2019-01-22,2075,2085,2019-01-23,2019-02-06,0.022851542540040626,1.0,0.0038518566142800026,0.023297056174073738,0.5716566909704306,0.5057339449541285,outer_03,none,0.05,0,,False,5.0,0.0,0.0,0.0,0.0,0.0,0.0,0.0,0.0
2075,2019-01-23,2076,2086,2019-01-24,2019-02-07,0.019018483115382345,1.0,-0.0019864538216047833,0.011071496858300556,0.5829977764457807,0.5057339449541285,outer_03,none,0.05,0,,False,5.0,0.0,0.0,0.0,0.0,0.0,0.0,0.0,0.0
2076,2019-01-24,2077,2087,2019-01-25,2019-02-08,0.02287874519213773,1.0,-0.0013030741123722933,0.010967596091265186,0.5862244929515306,0.5057339449541285,outer_03,none,0.05,0,,False,5.0,0.0,0.0,0.0,0.0,0.0,0.0,0.0,0.0
2077,2019-01-25,2078,2088,2019-01-28,2019-02-11,0.00831232012432448,1.0,0.017062274778053776,0.021169860015499253,0.3863260335943671,0.5057339449541285,outer_03,none,0.05,0,,False,5.0,0.0,0.0,0.0,0.0,0.0,0.0,0.0,0.0
2078,2019-01-28,2079,2089,2019-01-29,2019-02-12,0.0032713943314792715,1.0,0.00032233308030438224,0.017509542463064243,0.5923178136342159,0.5057339449541285,outer_03,none,0.05,0,,False,5.0,0.0,0.0,0.0,0.0,0.0,0.0,0.0,0.0
2079,2019-01-29,2080,2090,2019-01-30,2019-02-13,-0.0002974113793214883,0.0,0.006463058900685326,0.024253761306558097,0.609723764803565,0.5057339449541285,outer_03,none,0.05,0,,False,5.0,0.0,-0.0,-0.0,0.0,-0.0,-0.0,-0.0,-0.0
2080,2019-01-30,2081,2091,2019-01-31,2019-02-14,-0.010537794143191448,0.0,0.006027571693401512,0.0268736964480647,0.6311222878637119,0.5057339449541285,outer_03,none,0.05,0,,False,5.0,0.0,-0.0,-0.0,0.0,-0.0,-0.0,-0.0,-0.0
2081,2019-01-31,2082,2092,2019-02-01,2019-02-15,-0.006333653214674939,0.0,0.001105792647821069,0.020711863053294977,0.5857216596448981,0.5057339449541285,outer_03,none,0.05,0,,False,5.0,0.0,-0.0,-0.0,0.0,-0.0,-0.0,-0.0,-0.0
2082,2019-02-01,2083,2093,2019-02-04,2019-02-18,-0.0001821659536878073,0.0,-0.002531493416367603,0.025502488834802328,0.5913654011558942,0.5057339449541285,outer_03,none,0.05,0,,False,5.0,0.0,-0.0,-0.0,0.0,-0.0,-0.0,-0.0,-0.0
2083,2019-02-04,2084,2094,2019-02-05,2019-02-19,0.010970583759772445,1.0,-0.0043731792688168625,0.01787272454468347,0.6668408857387732,0.5057339449541285,outer_03,none,0.05,1,row2083_entry2084_exit2094,True,5.0,0.000499875041651048,0.010970583759772445,0.010470708718121398,0.0,0.010470708718121398,-0.011470458801423493,-0.011470458801423493,0.010470708718121398
2084,2019-02-05,2085,2095,2019-02-06,2019-02-20,0.019070010680762195,1.0,0.0022155991749777115,0.02294795515986081,0.6648566045487133,0.5057339449541285,outer_03,none,0.05,0,,False,5.0,0.0,0.0,0.0,0.0,0.0,0.0,0.0,0.0
2085,2019-02-06,2086,2096,2019-02-07,2019-02-21,0.023897390301949706,1.0,-0.006516122552449488,0.0103107182149067,0.6441460983734373,0.5057339449541285,outer_03,none,0.05,0,,False,5.0,0.0,0.0,0.0,0.0,0.0,0.0,0.0,0.0
2086,2019-02-07,2087,2097,2019-02-08,2019-02-22,0.010827004457512501,1.0,0.0027672896709294292,0.018374585255810594,0.6061441201253682,0.5057339449541285,outer_03,none,0.05,0,,False,5.0,0.0,0.0,0.0,0.0,0.0,0.0,0.0,0.0
2087,2019-02-08,2088,2098,2019-02-11,2019-02-25,0.010853659324816078,1.0,0.0030488990423380713,0.020420954575441463,0.5607056684967158,0.5057339449541285,outer_03,none,0.05,0,,False,5.0,0.0,0.0,0.0,0.0,0.0,0.0,0.0,0.0
2088,2019-02-11,2089,2099,2019-02-12,2019-02-26,0.015053745700731369,1.0,-0.004462164876008146,0.012872032374096065,0.5706202014766865,0.5057339449541285,outer_03,none,0.05,0,,False,5.0,0.0,0.0,0.0,0.0,0.0,0.0,0.0,0.0
2089,2019-02-12,2090,2100,2019-02-13,2019-02-27,0.013567619066329861,1.0,0.001886454369967261,0.01665749866619226,0.56579026167886,0.5057339449541285,outer_03,none,0.05,0,,False,5.0,0.0,0.0,0.0,0.0,0.0,0.0,0.0,0.0
2090,2019-02-13,2091,2101,2019-02-14,2019-02-28,0.010302971452180287,1.0,-0.0035850140634190453,0.009432653127602109,0.5331428844439892,0.5057339449541285,outer_03,none,0.05,0,,False,5.0,0.0,0.0,0.0,0.0,0.0,0.0,0.0,0.0
2091,2019-02-14,2092,2102,2019-02-15,2019-03-01,0.0011725473027164313,1.0,0.004835595670523496,0.015691626465529573,0.5398442162923333,0.5057339449541285,outer_03,none,0.05,0,,False,5.0,0.0,0.0,0.0,0.0,0.0,0.0,0.0,0.0
2092,2019-02-15,2093,2103,2019-02-18,2019-03-04,-0.017072707803069243,0.0,0.006873088074902611,0.030804298498277483,0.6121760557918731,0.5057339449541285,outer_03,none,0.05,0,,False,5.0,0.0,-0.0,-0.0,0.0,-0.0,-0.0,-0.0,-0.0
2093,2019-02-18,2094,2104,2019-02-19,2019-03-05,-0.03011964654562682,0.0,0.003626312844731139,0.035328624451877566,0.6348495874169569,0.5057339449541285,outer_03,none,0.05,1,row2093_entry2094_exit2104,True,5.0,0.000499875041651048,-0.03011964654562682,-0.03061952158727787,0.0,-0.03061952158727787,0.029619771503975774,-0.03061952158727787,-0.03061952158727787
2094,2019-02-19,2095,2105,2019-02-20,2019-03-06,-0.04010982470216273,0.0,0.011322771518266883,0.04279953935586445,0.627610417330928,0.5057339449541285,outer_03,none,0.05,0,,False,5.0,0.0,-0.0,-0.0,0.0,-0.0,-0.0,-0.0,-0.0
2095,2019-02-20,2096,2106,2019-02-21,2019-03-07,-0.040004572563726803,0.0,-0.0022094837604367257,0.042576509417032504,0.5962178731306172,0.5057339449541285,outer_03,none,0.05,0,,False,5.0,0.0,-0.0,-0.0,0.0,-0.0,-0.0,-0.0,-0.0
2096,2019-02-21,2097,2107,2019-02-22,2019-03-08,-0.03043849914585639,0.0,-0.011196810569712667,0.03268277295969213,0.6799896524744419,0.5057339449541285,outer_03,none,0.05,0,,False,5.0,0.0,-0.0,-0.0,0.0,-0.0,-0.0,-0.0,-0.0
2097,2019-02-22,2098,2108,2019-02-25,2019-03-11,-0.023336627865855775,0.0,0.0032140540558156516,0.018834552237454005,0.7393056598379338,0.5057339449541285,outer_03,none,0.05,0,,False,5.0,0.0,-0.0,-0.0,0.0,-0.0,-0.0,-0.0,-0.0
2098,2019-02-25,2099,2109,2019-02-26,2019-03-12,-0.026090493980007068,0.0,-0.00024107277501084212,0.01827114638213878,0.7411915723574073,0.5057339449541285,outer_03,none,0.05,0,,False,5.0,0.0,-0.0,-0.0,0.0,-0.0,-0.0,-0.0,-0.0
2099,2019-02-26,2100,2110,2019-02-27,2019-03-13,-0.021385333258000294,0.0,0.0010918963557484673,0.012899983837201923,0.7229104841548406,0.5057339449541285,outer_03,none,0.05,0,,False,5.0,0.0,-0.0,-0.0,0.0,-0.0,-0.0,-0.0,-0.0
2100,2019-02-27,2101,2111,2019-02-28,2019-03-14,-0.007757341792733463,0.0,-0.006849678068072684,2.2734075727726122e-05,0.7314715841585433,0.5057339449541285,outer_03,none,0.05,0,,False,5.0,0.0,-0.0,-0.0,0.0,-0.0,-0.0,-0.0,-0.0
2101,2019-02-28,2102,2112,2019-03-01,2019-03-15,-0.013838028834972427,0.0,-0.004968293730954976,-0.0060513523030483185,0.6896724609432444,0.5057339449541285,outer_03,none,0.05,0,,False,5.0,0.0,-0.0,-0.0,0.0,-0.0,-0.0,-0.0,-0.0
2102,2019-03-01,2103,2113,2019-03-04,2019-03-18,0.005528832472057488,1.0,-0.01508564960313219,-0.018605508489812905,0.7682485028147039,0.5057339449541285,outer_03,none,0.05,0,,False,5.0,0.0,0.0,0.0,0.0,0.0,0.0,0.0,0.0
2103,2019-03-04,2104,2114,2019-03-05,2019-03-19,0.012717188797565449,1.0,-0.00539561288534518,-0.019627942106341223,0.8221983097369546,0.5057339449541285,outer_03,none,0.05,1,row2103_entry2104_exit2114,True,5.0,0.000499875041651048,0.012717188797565449,0.012217313755914401,0.0,0.012217313755914401,-0.013217063839216496,-0.013217063839216496,-0.013217063839216496
2104,2019-03-05,2105,2115,2019-03-06,2019-03-20,0.014958680690109638,1.0,0.0007148851825915514,-0.021128656098727383,0.7860569377543425,0.5057339449541285,outer_03,none,0.05,0,,False,5.0,0.0,0.0,0.0,0.0,0.0,0.0,0.0,0.0
2105,2019-03-06,2106,2116,2019-03-07,2019-03-21,0.02124917012433425,1.0,-0.0009558855685813938,-0.015568419114859289,0.7644774726181974,0.5057339449541285,outer_03,none,0.05,0,,False,5.0,0.0,0.0,0.0,0.0,0.0,0.0,0.0,0.0
2106,2019-03-07,2107,2117,2019-03-08,2019-03-22,0.01899296394635641,1.0,-0.0006377650440949623,-0.01897347382988368,0.7464285618778451,0.5057339449541285,outer_03,none,0.05,0,,False,5.0,0.0,0.0,0.0,0.0,0.0,0.0,0.0,0.0
2107,2019-03-08,2108,2118,2019-03-11,2019-03-25,0.011759249967401075,1.0,0.009986303554437193,-0.012036069317784559,0.6480163991948049,0.5057339449541285,outer_03,none,0.05,0,,False,5.0,0.0,0.0,0.0,0.0,0.0,0.0,0.0,0.0
2108,2019-03-11,2109,2119,2019-03-12,2019-03-26,0.022066495586437362,1.0,-0.0038279035743844503,-0.011401808016160864,0.7543657206362548,0.5057339449541285,outer_03,none,0.05,0,,False,5.0,0.0,0.0,0.0,0.0,0.0,0.0,0.0,0.0
2109,2019-03-12,2110,2120,2019-03-13,2019-03-27,0.011958254723225537,1.0,0.006074594114631182,-0.0072136682714969425,0.7514234233597343,0.5057339449541285,outer_03,none,0.05,0,,False,5.0,0.0,0.0,0.0,0.0,0.0,0.0,0.0,0.0
2110,2019-03-13,2111,2121,2019-03-14,2019-03-28,-0.0003665381278867841,0.0,0.006091389393401592,0.0024627351853236945,0.7855171763650423,0.5057339449541285,outer_03,none,0.05,0,,False,5.0,0.0,-0.0,-0.0,0.0,-0.0,-0.0,-0.0,-0.0
2111,2019-03-14,2112,2122,2019-03-15,2019-03-29,-0.0039116905687066605,0.0,-0.00999555378389072,-0.012368414269090522,0.7907183176428174,0.5057339449541285,outer_03,none,0.05,0,,False,5.0,0.0,-0.0,-0.0,0.0,-0.0,-0.0,-0.0,-0.0
2112,2019-03-15,2113,2123,2019-03-18,2019-04-01,-0.0077783609039521195,0.0,0.0044957735461848,-0.014745728797808333,0.7846739166642847,0.5057339449541285,outer_03,none,0.05,0,,False,5.0,0.0,-0.0,-0.0,0.0,-0.0,-0.0,-0.0,-0.0
2113,2019-03-18,2114,2124,2019-03-19,2019-04-02,-0.012352031057019985,0.0,0.001143809162330811,-0.01722823248020866,0.7663558591707439,0.5057339449541285,outer_03,none,0.05,1,row2113_entry2114_exit2124,True,5.0,0.000499875041651048,-0.012352031057019985,-0.012851906098671033,0.0,-0.012851906098671033,0.011852156015368938,-0.012851906098671033,0.011852156015368938
2114,2019-03-19,2115,2125,2019-03-20,2019-04-03,-0.011112850144197495,0.0,0.0022990101396738183,-0.026251993858801725,0.769392981089033,0.5057339449541285,outer_03,none,0.05,0,,False,5.0,0.0,-0.0,-0.0,0.0,-0.0,-0.0,-0.0,-0.0
2115,2019-03-20,2116,2126,2019-03-21,2019-04-04,-0.0182455705345399,0.0,0.004528886022533207,-0.019513624075831792,0.764103178250559,0.5057339449541285,outer_03,none,0.05,0,,False,5.0,0.0,-0.0,-0.0,0.0,-0.0,-0.0,-0.0,-0.0
2116,2019-03-21,2117,2127,2019-03-22,2019-04-05,-0.012614074837158817,0.0,-0.0023344354938137357,-0.01065124899993286,0.7122420071416918,0.5057339449541285,outer_03,none,0.05,0,,False,5.0,0.0,-0.0,-0.0,0.0,-0.0,-0.0,-0.0,-0.0
2117,2019-03-22,2118,2128,2019-03-25,2019-04-08,-0.015374521458059398,0.0,0.002890539126246594,-0.010974763929501918,0.6691671914618745,0.5057339449541285,outer_03,none,0.05,0,,False,5.0,0.0,-0.0,-0.0,0.0,-0.0,-0.0,-0.0,-0.0
2118,2019-03-25,2119,2129,2019-03-26,2019-04-09,-0.01840741831469117,0.0,0.0067853987742250155,-0.003948292380266061,0.6990615651039125,0.5057339449541285,outer_03,none,0.05,0,,False,5.0,0.0,-0.0,-0.0,0.0,-0.0,-0.0,-0.0,-0.0
2119,2019-03-26,2120,2130,2019-03-27,2019-04-10,-0.009309775282206445,0.0,-0.005240597331623853,-0.010280786067638381,0.7186375926346064,0.5057339449541285,outer_03,none,0.05,0,,False,5.0,0.0,-0.0,-0.0,0.0,-0.0,-0.0,-0.0,-0.0
2120,2019-03-27,2121,2131,2019-03-28,2019-04-11,-0.0009628022872920639,0.0,-0.004168053795278404,-0.0075991617948441,0.6017148075663911,0.5057339449541285,outer_03,none,0.05,0,,False,5.0,0.0,-0.0,-0.0,0.0,-0.0,-0.0,-0.0,-0.0
2121,2019-03-28,2122,2132,2019-03-29,2019-04-12,0.0010760805389145034,1.0,-0.015203216468882452,-0.017834084532771577,0.5025964713509848,0.5057339449541285,outer_03,none,0.05,0,,False,5.0,0.0,0.0,0.0,0.0,0.0,0.0,0.0,0.0
2122,2019-03-29,2123,2133,2019-04-01,2019-04-15,-0.0007199898118930292,0.0,0.0017737986006602924,-0.0009746363289790949,0.5693423649643702,0.5057339449541285,outer_03,none,0.05,0,,False,5.0,0.0,-0.0,-0.0,0.0,-0.0,-0.0,-0.0,-0.0
2123,2019-04-01,2124,2134,2019-04-02,2019-04-16,0.00036502444904140674,1.0,-0.0037682350188301683,0.0006527415375359169,0.5433780584584023,0.5057339449541285,outer_03,none,0.05,0,,False,5.0,0.0,0.0,0.0,0.0,0.0,0.0,0.0,0.0
2124,2019-04-02,2125,2135,2019-04-03,2019-04-17,-0.012044164263056878,0.0,0.003907526951730134,0.003845383306674499,0.6325938574087154,0.5057339449541285,outer_03,none,0.05,1,row2124_entry2125_exit2135,True,5.0,0.000499875041651048,-0.012044164263056878,-0.012544039304707925,0.0,-0.012544039304707925,0.01154428922140583,-0.012544039304707925,-0.012544039304707925
2125,2019-04-03,2126,2136,2019-04-04,2019-04-18,-0.012578880303005135,0.0,-0.002075910892667565,0.002725357982588328,0.6574684404788155,0.5057339449541285,outer_03,none,0.05,0,,False,5.0,0.0,-0.0,-0.0,0.0,-0.0,-0.0,-0.0,-0.0
2126,2019-04-04,2127,2137,2019-04-05,2019-04-22,-0.013253271710208736,0.0,0.0021068620208390954,0.0054699850475223855,0.6428808958251059,0.5057339449541285,outer_03,none,0.05,0,,False,5.0,0.0,-0.0,-0.0,0.0,-0.0,-0.0,-0.0,-0.0
2127,2019-04-05,2128,2138,2019-04-08,2019-04-23,-0.013180737831129719,0.0,-0.0006888891741434477,-0.005205207681058255,0.6508376694447284,0.5057339449541285,outer_03,none,0.05,0,,False,5.0,0.0,-0.0,-0.0,0.0,-0.0,-0.0,-0.0,-0.0
2128,2019-04-08,2129,2139,2019-04-09,2019-04-24,-0.01995459063662608,0.0,0.004635038309902306,0.0032577342032285017,0.632233729885964,0.5057339449541285,outer_03,none,0.05,0,,False,5.0,0.0,-0.0,-0.0,0.0,-0.0,-0.0,-0.0,-0.0
2129,2019-04-09,2130,2140,2019-04-10,2019-04-25,-0.022280164095724864,0.0,0.004928144548177471,0.0021112846367747906,0.6008794132925344,0.5057339449541285,outer_03,none,0.05,0,,False,5.0,0.0,-0.0,-0.0,0.0,-0.0,-0.0,-0.0,-0.0
2130,2019-04-10,2131,2141,2019-04-11,2019-04-26,-0.023765516770335893,0.0,0.003093606975952845,-0.000886497780673956,0.6638944439983595,0.5057339449541285,outer_03,none,0.05,0,,False,5.0,0.0,-0.0,-0.0,0.0,-0.0,-0.0,-0.0,-0.0
2131,2019-04-11,2132,2142,2019-04-12,2019-04-29,-0.005042014451309917,0.0,-0.012060756918467419,-0.0029517009152506546,0.48393769025926875,0.5057339449541285,outer_03,none,0.05,0,,False,5.0,0.0,-0.0,-0.0,0.0,-0.0,-0.0,-0.0,-0.0
2132,2019-04-12,2133,2143,2019-04-15,2019-04-30,-0.00879774492126284,0.0,-0.0013938795467067777,-0.008841354008142233,0.5795422276904761,0.5057339449541285,outer_03,none,0.05,0,,False,5.0,0.0,-0.0,-0.0,0.0,-0.0,-0.0,-0.0,-0.0
2133,2019-04-15,2134,2144,2019-04-16,2019-05-01,-0.0036484608432569843,0.0,-0.0022420229482120746,-0.012227186118685118,0.547406968045916,0.5057339449541285,outer_03,none,0.05,0,,False,5.0,0.0,-0.0,-0.0,0.0,-0.0,-0.0,-0.0,-0.0
2134,2019-04-16,2135,2145,2019-04-17,2019-05-02,0.0002662719592203544,1.0,-0.008485929890026611,-0.023012126148385548,0.4243951882998638,0.5057339449541285,outer_03,none,0.05,-1,row2134_entry2135_exit2145,True,5.0,0.000499875041651048,-0.0002662719592203544,-0.0007661470008714024,0.0,-0.00023360308243069354,-0.0007661470008714024,-0.0007661470008714024,-0.0007661470008714024
2135,2019-04-17,2136,2146,2019-04-18,2019-05-03,-0.0029393524726968323,0.0,-0.0022976347616978643,-0.02983864693261662,0.44519197738680366,0.5057339449541285,outer_03,none,0.05,0,,False,5.0,0.0,-0.0,-0.0,0.0,-0.0,-0.0,-0.0,-0.0
2136,2019-04-18,2137,2147,2019-04-22,2019-05-06,0.0053473554878218366,1.0,0.0013415817768320792,-0.026162629661970804,0.4745561289499717,0.5057339449541285,outer_03,none,0.05,0,,False,5.0,0.0,0.0,0.0,0.0,0.0,0.0,0.0,0.0
2137,2019-04-22,2138,2148,2019-04-23,2019-05-07,0.004756363158838539,1.0,-0.0006038813282245314,-0.02965705011644193,0.5187815637275568,0.5057339449541285,outer_03,none,0.05,0,,False,5.0,0.0,0.0,0.0,0.0,0.0,0.0,0.0,0.0
2138,2019-04-23,2139,2149,2019-04-24,2019-05-08,0.009209587598627778,1.0,-0.002041778626710844,-0.03848422751737779,0.5824637021025663,0.5057339449541285,outer_03,none,0.05,0,,False,5.0,0.0,0.0,0.0,0.0,0.0,0.0,0.0,0.0
2139,2019-04-24,2140,2150,2019-04-25,2019-05-09,0.004388219099591417,1.0,0.0026691804197014335,-0.030574449766052503,0.4753863783510435,0.5057339449541285,outer_03,none,0.05,0,,False,5.0,0.0,0.0,0.0,0.0,0.0,0.0,0.0,0.0
2140,2019-04-25,2141,2151,2019-04-26,2019-05-10,0.005543078336279095,1.0,0.001316263881533608,-0.02509013208924049,0.4234487871423779,0.5057339449541285,outer_03,none,0.05,0,,False,5.0,0.0,0.0,0.0,0.0,0.0,0.0,0.0,0.0
2141,2019-04-26,2142,2152,2019-04-29,2019-05-13,0.0009405181315518263,1.0,0.006843222329474763,-0.003043693290883276,0.3842260484646069,0.5057339449541285,outer_03,none,0.05,0,,False,5.0,0.0,0.0,0.0,0.0,0.0,0.0,0.0,0.0
2142,2019-04-29,2143,2153,2019-04-30,2019-05-14,0.016028244704835437,1.0,-0.005036183776523373,-0.009853675668066941,0.47816112847015396,0.5057339449541285,outer_03,none,0.05,0,,False,5.0,0.0,0.0,0.0,0.0,0.0,0.0,0.0,0.0
2143,2019-04-30,2144,2154,2019-05-01,2019-05-15,0.010782339739725089,1.0,0.0029655317935102232,-0.0031199088557265497,0.5118520061818005,0.5057339449541285,outer_03,none,0.05,0,,False,5.0,0.0,0.0,0.0,0.0,0.0,0.0,0.0,0.0
2144,2019-05-01,2145,2155,2019-05-02,2019-05-16,0.015069198816606288,1.0,-0.0053208030928200145,-0.012348238900276698,0.42934101950511944,0.5057339449541285,outer_03,none,0.05,-1,row2144_entry2145_exit2155,True,5.0,0.000499875041651048,-0.015069198816606288,-0.015569073858257336,0.0,0.014569323774955241,-0.015569073858257336,-0.015569073858257336,-0.015569073858257336
2145,2019-05-02,2146,2156,2019-05-03,2019-05-17,0.012530178878584763,1.0,-0.004711507914650248,-0.014983835922259381,0.3801526463907001,0.5057339449541285,outer_03,none,0.05,0,,False,5.0,0.0,0.0,0.0,0.0,0.0,0.0,0.0,0.0
2146,2019-05-03,2147,2157,2019-05-06,2019-05-20,-0.0033348333227340987,0.0,0.00666028467649582,-0.010430413266602656,0.40190973520128387,0.5057339449541285,outer_03,none,0.05,0,,False,5.0,0.0,-0.0,-0.0,0.0,-0.0,-0.0,-0.0,-0.0
2147,2019-05-06,2148,2158,2019-05-07,2019-05-21,-0.0029622472195995897,0.0,0.0009612492290154151,-0.008780274863443793,0.43064171173208826,0.5057339449541285,outer_03,none,0.05,0,,False,5.0,0.0,-0.0,-0.0,0.0,-0.0,-0.0,-0.0,-0.0
2148,2019-05-07,2149,2159,2019-05-08,2019-05-22,-0.007356164519131347,0.0,0.0031819343043419934,-0.010233378869004106,0.447791365899115,0.5057339449541285,outer_03,none,0.05,0,,False,5.0,0.0,-0.0,-0.0,0.0,-0.0,-0.0,-0.0,-0.0
2149,2019-05-08,2150,2160,2019-05-09,2019-05-23,-0.0059416113766834755,0.0,-0.0029554328525920326,-0.01811695626977361,0.4042797989493032,0.5057339449541285,outer_03,none,0.05,0,,False,5.0,0.0,-0.0,-0.0,0.0,-0.0,-0.0,-0.0,-0.0
2150,2019-05-09,2151,2161,2019-05-10,2019-05-24,-0.0007321100672799119,0.0,0.0022699891567627972,-0.018940574088963658,0.35762648490634175,0.5057339449541285,outer_03,none,0.05,0,,False,5.0,0.0,-0.0,-0.0,0.0,-0.0,-0.0,-0.0,-0.0
2151,2019-05-10,2152,2162,2019-05-13,2019-05-27,-0.0014928044943935959,0.0,0.001759398833022452,-0.005120418337473787,0.2768743161627829,0.5057339449541285,outer_03,none,0.05,0,,False,5.0,0.0,-0.0,-0.0,0.0,-0.0,-0.0,-0.0,-0.0
2152,2019-05-13,2153,2163,2019-05-14,2019-05-28,-0.011903659404755018,0.0,0.010930507789908894,0.007203968999141885,0.28981222383682465,0.5057339449541285,outer_03,none,0.05,0,,False,5.0,0.0,-0.0,-0.0,0.0,-0.0,-0.0,-0.0,-0.0
2153,2019-05-14,2154,2164,2019-05-15,2019-05-29,-0.013701343420149392,0.0,-0.0023338671509121056,0.007112124796441854,0.4481695616625781,0.5057339449541285,outer_03,none,0.05,0,,False,5.0,0.0,-0.0,-0.0,0.0,-0.0,-0.0,-0.0,-0.0
2154,2019-05-15,2155,2165,2019-05-16,2019-05-30,-0.01276968195309447,0.0,-0.00031622260792385504,0.01528183207854461,0.4336184978074297,0.5057339449541285,outer_03,none,0.05,-1,row2154_entry2155_exit2165,True,5.0,0.000499875041651048,0.01276968195309447,0.012269806911443422,0.0,-0.013269556994745517,0.012269806911443422,0.012269806911443422,-0.013269556994745517
2155,2019-05-16,2156,2166,2019-05-17,2019-05-31,0.0013593132513305406,1.0,-0.0077749688898789415,0.009804497950363533,0.4307749064847007,0.5057339449541285,outer_03,none,0.05,0,,False,5.0,0.0,0.0,0.0,0.0,0.0,0.0,0.0,0.0
2156,2019-05-17,2157,2167,2019-05-20,2019-06-03,0.021897442672053735,1.0,-0.006888266912621788,0.0015746492609096663,0.3974598654280287,0.5057339449541285,outer_03,none,0.05,0,,False,5.0,0.0,0.0,0.0,0.0,0.0,0.0,0.0,0.0
2157,2019-05-20,2158,2168,2019-05-21,2019-06-04,0.036393083363866374,1.0,0.00011741177497093247,0.00229594236410513,0.3946683087898907,0.5057339449541285,outer_03,none,0.05,0,,False,5.0,0.0,0.0,0.0,0.0,0.0,0.0,0.0,0.0
2158,2019-05-21,2159,2169,2019-05-22,2019-06-05,0.03903963027719026,1.0,-0.0023037873780111795,0.0020339336128047947,0.39324706890160604,0.5057339449541285,outer_03,none,0.05,0,,False,5.0,0.0,0.0,0.0,0.0,0.0,0.0,0.0,0.0
2159,2019-05-22,2160,2170,2019-05-23,2019-06-06,0.044930248952145924,1.0,-0.0010046702308894595,-0.0016399170377860983,0.40748956542765596,0.5057339449541285,outer_03,none,0.05,0,,False,5.0,0.0,0.0,0.0,0.0,0.0,0.0,0.0,0.0
2160,2019-05-23,2161,2171,2019-05-24,2019-06-07,0.04002229191087103,1.0,0.007939125850191076,0.004982944930871369,0.3025942265928439,0.5057339449541285,outer_03,none,0.05,0,,False,5.0,0.0,0.0,0.0,0.0,0.0,0.0,0.0,0.0
2161,2019-05-24,2162,2172,2019-05-27,2019-06-10,0.037724478019178775,1.0,0.0009655967982258318,-0.000894680600377562,0.36806215931381997,0.5057339449541285,outer_03,none,0.05,0,,False,5.0,0.0,0.0,0.0,0.0,0.0,0.0,0.0,0.0
2162,2019-05-27,2163,2173,2019-05-28,2019-06-11,0.032804882496948906,1.0,0.00011674287395280203,0.004258246050098613,0.5092628036954443,0.5057339449541285,outer_03,none,0.05,0,,False,5.0,0.0,0.0,0.0,0.0,0.0,0.0,0.0,0.0
2163,2019-05-28,2164,2174,2019-05-29,2019-06-12,0.036439383376283274,1.0,-0.004328589050413001,-0.003035874793824611,0.3487436777150175,0.5057339449541285,outer_03,none,0.05,0,,False,5.0,0.0,0.0,0.0,0.0,0.0,0.0,0.0,0.0
2164,2019-05-29,2165,2175,2019-05-30,2019-06-13,0.041066964512656234,1.0,0.0006250976918655837,0.002910025990860987,0.36147296314772104,0.5057339449541285,outer_03,none,0.05,-1,row2164_entry2165_exit2175,True,5.0,0.000499875041651048,-0.041066964512656234,-0.04156683955430728,0.0,0.04056708947100519,-0.04156683955430728,0.04056708947100519,0.04056708947100519
2165,2019-05-30,2166,2176,2019-05-31,2019-06-14,0.04104645294539644,1.0,0.006392584283752001,0.014014118189263236,0.47525589403026725,0.5057339449541285,outer_03,none,0.05,0,,False,5.0,0.0,0.0,0.0,0.0,0.0,0.0,0.0,0.0
2166,2019-05-31,2167,2177,2019-06-03,2019-06-17,0.026561495056742324,1.0,0.012893752661947033,0.02024758617471445,0.5396952266986378,0.5057339449541285,outer_03,none,0.05,0,,False,5.0,0.0,0.0,0.0,0.0,0.0,0.0,0.0,0.0
2167,2019-06-03,2168,2178,2019-06-04,2019-06-18,0.011370027139560257,1.0,0.014717276906766052,0.03400361385246509,0.7628460404054084,0.5057339449541285,outer_03,none,0.05,0,,False,5.0,0.0,0.0,0.0,0.0,0.0,0.0,0.0,0.0
2168,2019-06-04,2169,2179,2019-06-05,2019-06-19,0.015647662589524103,1.0,0.0008377137697594961,0.03165939331788259,0.8177376902052473,0.5057339449541285,outer_03,none,0.05,0,,False,5.0,0.0,0.0,0.0,0.0,0.0,0.0,0.0,0.0
2169,2019-06-05,2170,2180,2019-06-06,2019-06-20,0.020285726308423513,1.0,0.003388965769149266,0.03800379193962389,0.8288422868797406,0.5057339449541285,outer_03,none,0.05,0,,False,5.0,0.0,0.0,0.0,0.0,0.0,0.0,0.0,0.0
2170,2019-06-06,2171,2181,2019-06-07,2019-06-21,0.03782626995543481,1.0,0.004074120003149773,0.03980792278601086,0.8209195471414668,0.5057339449541285,outer_03,none,0.05,0,,False,5.0,0.0,0.0,0.0,0.0,0.0,0.0,0.0,0.0
2171,2019-06-07,2172,2182,2019-06-10,2019-06-24,0.04773276802825599,1.0,0.003527973282850816,0.04157649723583923,0.7841645987088075,0.5057339449541285,outer_03,none,0.05,0,,False,5.0,0.0,0.0,0.0,0.0,0.0,0.0,0.0,0.0
2172,2019-06-10,2173,2183,2019-06-11,2019-06-25,0.0655281973534203,1.0,-0.009295140535138913,0.02135084891079142,0.7777073445756555,0.5057339449541285,outer_03,none,0.05,0,,False,5.0,0.0,0.0,0.0,0.0,0.0,0.0,0.0,0.0
2173,2019-06-11,2174,2184,2019-06-12,2019-06-26,0.06761575270513731,1.0,-0.0008965941327474525,0.022788121928956073,0.8152598396052531,0.5057339449541285,outer_03,none,0.05,0,,False,5.0,0.0,0.0,0.0,0.0,0.0,0.0,0.0,0.0
2174,2019-06-12,2175,2185,2019-06-13,2019-06-27,0.05420060074731836,1.0,0.004947601713246819,0.028051946250126747,0.7977215533662997,0.5057339449541285,outer_03,none,0.05,1,row2174_entry2175_exit2185,True,5.0,0.000499875041651048,0.05420060074731836,0.053700725705667314,0.0,0.053700725705667314,-0.05470047578896941,0.053700725705667314,0.053700725705667314
2175,2019-06-13,2176,2186,2019-06-14,2019-06-28,0.04830508272070855,1.0,0.006414879345889801,0.04224179448589549,0.7677867738790989,0.5057339449541285,outer_03,none,0.05,0,,False,5.0,0.0,0.0,0.0,0.0,0.0,0.0,0.0,0.0
2176,2019-06-14,2177,2187,2019-06-17,2019-07-01,0.03652227984116063,1.0,-0.0007380816921775946,0.04839197970633968,0.6755129083572037,0.5057339449541285,outer_03,none,0.05,0,,False,5.0,0.0,0.0,0.0,0.0,0.0,0.0,0.0,0.0
2177,2019-06-17,2178,2188,2019-06-18,2019-07-02,0.032235039391006914,1.0,-0.0009998881555359773,0.04727467977583277,0.6614985669697546,0.5057339449541285,outer_03,none,0.05,0,,False,5.0,0.0,0.0,0.0,0.0,0.0,0.0,0.0,0.0
2178,2019-06-18,2179,2189,2019-06-19,2019-07-03,0.05523791620900376,1.0,0.005234580956978263,0.054813048110822216,0.6651140601302323,0.5057339449541285,outer_03,none,0.05,0,,False,5.0,0.0,0.0,0.0,0.0,0.0,0.0,0.0,0.0
2179,2019-06-19,2180,2190,2019-06-20,2019-07-04,0.043660540392101765,1.0,0.009703898921166854,0.06552161726287853,0.7400049671085348,0.5057339449541285,outer_03,none,0.05,0,,False,5.0,0.0,0.0,0.0,0.0,0.0,0.0,0.0,0.0
2180,2019-06-20,2181,2191,2019-06-21,2019-07-05,0.020679889109125327,1.0,0.020896032855738156,0.07847852426842561,0.8125278840890396,0.5057339449541285,outer_03,none,0.05,0,,False,5.0,0.0,0.0,0.0,0.0,0.0,0.0,0.0,0.0
2181,2019-06-21,2182,2192,2019-06-24,2019-07-08,-0.0005573498872379901,0.0,0.0074129430284086695,0.08492587049860845,0.8618653463304019,0.5057339449541285,outer_03,none,0.05,0,,False,5.0,0.0,-0.0,-0.0,0.0,-0.0,-0.0,-0.0,-0.0
2182,2019-06-24,2183,2193,2019-06-25,2019-07-09,-0.01657525975384555,0.0,0.014500979844309647,0.09931010746896529,0.8769362242280071,0.5057339449541285,outer_03,none,0.05,0,,False,5.0,0.0,-0.0,-0.0,0.0,-0.0,-0.0,-0.0,-0.0
2183,2019-06-25,2184,2194,2019-06-26,2019-07-10,-0.017056786218176967,0.0,0.002870916372187615,0.10650961289156591,0.8332495419721205,0.5057339449541285,outer_03,none,0.05,0,,False,5.0,0.0,-0.0,-0.0,0.0,-0.0,-0.0,-0.0,-0.0
2184,2019-06-26,2185,2195,2019-06-27,2019-07-11,0.00787408428414249,1.0,-0.010254834098677001,0.09562968110102332,0.8564932647722692,0.5057339449541285,outer_03,none,0.05,1,row2184_entry2185_exit2195,True,5.0,0.000499875041651048,0.00787408428414249,0.007374209242491443,0.0,0.007374209242491443,-0.008373959325793538,-0.008373959325793538,0.007374209242491443
2185,2019-06-27,2186,2196,2019-06-28,2019-07-12,-0.0029788057757897946,0.0,0.0003052058921326761,0.089542302709404,0.8618107255339444,0.5057339449541285,outer_03,none,0.05,0,,False,5.0,0.0,-0.0,-0.0,0.0,-0.0,-0.0,-0.0,-0.0
2186,2019-06-28,2187,2197,2019-07-01,2019-07-15,0.01769869465548979,1.0,0.0005746698467135047,0.07722321989417047,0.8310808959520466,0.5057339449541285,outer_03,none,0.05,0,,False,5.0,0.0,0.0,0.0,0.0,0.0,0.0,0.0,0.0
2187,2019-07-01,2188,2198,2019-07-02,2019-07-16,0.021799189389770213,1.0,-0.018728667524925413,0.043777275462479004,0.8010915934954865,0.5057339449541285,outer_03,none,0.05,0,,False,5.0,0.0,0.0,0.0,0.0,0.0,0.0,0.0,0.0
2188,2019-07-02,2189,2199,2019-07-03,2019-07-17,-0.011389024757353816,0.0,0.024450223069226062,0.06738978476194557,0.8161201114382888,0.5057339449541285,outer_03,none,0.05,0,,False,5.0,0.0,-0.0,-0.0,0.0,-0.0,-0.0,-0.0,-0.0
2189,2019-07-03,2190,2200,2019-07-04,2019-07-18,0.004328220244601333,1.0,0.0002890978404783695,0.06428991683327467,0.8691264763026834,0.5057339449541285,outer_03,none,0.05,0,,False,5.0,0.0,0.0,0.0,0.0,0.0,0.0,0.0,0.0
2190,2019-07-04,2191,2201,2019-07-05,2019-07-19,0.02216168786096606,1.0,-0.002202068857513062,0.05801372797261184,0.8624150986740693,0.5057339449541285,outer_03,none,0.05,0,,False,5.0,0.0,0.0,0.0,0.0,0.0,0.0,0.0,0.0
2191,2019-07-05,2192,2202,2019-07-08,2019-07-22,0.019359804518769508,1.0,-0.012227437671032959,0.042258317018728064,0.7036347190315315,0.5057339449541285,outer_03,none,0.05,0,,False,5.0,0.0,0.0,0.0,0.0,0.0,0.0,0.0,0.0
2192,2019-07-08,2193,2203,2019-07-09,2019-07-23,0.021296115881873412,1.0,-0.0020119074435918094,0.04954155011027517,0.7749630525625131,0.5057339449541285,outer_03,none,0.05,0,,False,5.0,0.0,0.0,0.0,0.0,0.0,0.0,0.0,0.0
2193,2019-07-09,2194,2204,2019-07-10,2019-07-24,0.015294286114423628,1.0,0.0015969696783022513,0.05203511392132487,0.7139566113546961,0.5057339449541285,outer_03,none,0.05,0,,False,5.0,0.0,0.0,0.0,0.0,0.0,0.0,0.0,0.0
2194,2019-07-10,2195,2205,2019-07-11,2019-07-25,0.0043384931163696905,1.0,0.01446366383032327,0.06155117603840132,0.7004398078390187,0.5057339449541285,outer_03,none,0.05,1,row2194_entry2195_exit2205,True,5.0,0.000499875041651048,0.0043384931163696905,0.0038386180747186425,0.0,0.0038386180747186425,-0.004838368158020738,0.0038386180747186425,0.0038386180747186425
2195,2019-07-11,2196,2206,2019-07-12,2019-07-26,0.00732796298854943,1.0,-0.010022766069085698,0.045113530623425824,0.6869200292330971,0.5057339449541285,outer_03,none,0.05,0,,False,5.0,0.0,0.0,0.0,0.0,0.0,0.0,0.0,0.0
2196,2019-07-12,2197,2207,2019-07-15,2019-07-29,0.0029817416981829936,1.0,0.007876403117079711,0.05372801543268313,0.6939710616093557,0.5057339449541285,outer_03,none,0.05,0,,False,5.0,0.0,0.0,0.0,0.0,0.0,0.0,0.0,0.0
2197,2019-07-15,2198,2208,2019-07-16,2019-07-30,0.007950270207063959,1.0,-0.0007990016440464487,0.05392890194417266,0.6803807674040303,0.5057339449541285,outer_03,none,0.05,0,,False,5.0,0.0,0.0,0.0,0.0,0.0,0.0,0.0,0.0
2198,2019-07-16,2199,2209,2019-07-17,2019-07-31,0.016982837097586412,1.0,-0.005589618457591428,0.04310470252960297,0.718694070643578,0.5057339449541285,outer_03,none,0.05,0,,False,5.0,0.0,0.0,0.0,0.0,0.0,0.0,0.0,0.0
2199,2019-07-17,2200,2210,2019-07-18,2019-08-01,-0.007353621090312679,0.0,0.014399813793548155,0.04780061740198427,0.5830832191399633,0.5057339449541285,outer_03,none,0.05,0,,False,5.0,0.0,-0.0,-0.0,0.0,-0.0,-0.0,-0.0,-0.0
2200,2019-07-18,2201,2211,2019-07-19,2019-08-02,-0.001755526210089009,0.0,0.01353847118537832,0.04044305573162443,0.600465530539096,0.5057339449541285,outer_03,none,0.05,0,,False,5.0,0.0,-0.0,-0.0,0.0,-0.0,-0.0,-0.0,-0.0
2201,2019-07-19,2202,2212,2019-07-22,2019-08-05,0.009662652402382399,1.0,-0.01441530426098403,0.018614808442231734,0.6604910952113435,0.5057339449541285,outer_03,none,0.05,0,,False,5.0,0.0,0.0,0.0,0.0,0.0,0.0,0.0,0.0
2202,2019-07-22,2203,2213,2019-07-23,2019-08-06,0.029639687514891655,1.0,-0.0002035351964995158,0.003910293401422571,0.6554312790904195,0.5057339449541285,outer_03,none,0.05,0,,False,5.0,0.0,0.0,0.0,0.0,0.0,0.0,0.0,0.0
2203,2019-07-23,2204,2214,2019-07-24,2019-08-07,0.039697165664104084,1.0,-0.0049749070860212186,-0.003935530056786263,0.6566220048209634,0.5057339449541285,outer_03,none,0.05,0,,False,5.0,0.0,0.0,0.0,0.0,0.0,0.0,0.0,0.0
2204,2019-07-24,2205,2215,2019-07-25,2019-08-08,0.050351255006344076,1.0,0.005283702855165551,0.01160300689705629,0.6078091302789489,0.5057339449541285,outer_03,none,0.05,1,row2204_entry2205_exit2215,True,5.0,0.000499875041651048,0.050351255006344076,0.04985137996469303,0.0,0.04985137996469303,-0.05085113004799512,0.04985137996469303,0.04985137996469303
2205,2019-07-25,2206,2216,2019-07-26,2019-08-09,0.0626664170122666,1.0,-0.00774864578158585,0.0035491552233377632,0.595579296693563,0.5057339449541285,outer_03,none,0.05,0,,False,5.0,0.0,0.0,0.0,0.0,0.0,0.0,0.0,0.0
2206,2019-07-26,2207,2217,2019-07-29,2019-08-12,0.051643400258566174,1.0,0.002965664045802896,0.0059401494224271545,0.5558522125370312,0.5057339449541285,outer_03,none,0.05,0,,False,5.0,0.0,0.0,0.0,0.0,0.0,0.0,0.0,0.0
2207,2019-07-29,2208,2218,2019-07-30,2019-08-13,0.057763378895666406,1.0,0.005841988122166519,0.030510805069519087,0.5243655980725366,0.5057339449541285,outer_03,none,0.05,0,,False,5.0,0.0,0.0,0.0,0.0,0.0,0.0,0.0,0.0
2208,2019-07-30,2209,2219,2019-07-31,2019-08-14,0.04847155907774514,1.0,0.0027929166315816545,0.008853498631874679,0.5262753787895434,0.5057339449541285,outer_03,none,0.05,0,,False,5.0,0.0,0.0,0.0,0.0,0.0,0.0,0.0,0.0
2209,2019-07-31,2210,2220,2019-08-01,2019-08-15,0.07005221530587669,1.0,-0.012930911417403657,-0.004366510626007347,0.5416687381428438,0.5057339449541285,outer_03,none,0.05,0,,False,5.0,0.0,0.0,0.0,0.0,0.0,0.0,0.0,0.0
2210,2019-08-01,2211,2221,2019-08-02,2019-08-16,0.05140915732010143,1.0,0.022863178774892745,0.02069873700639846,0.4730936082079171,0.5057339449541285,outer_03,none,0.05,0,,False,5.0,0.0,0.0,0.0,0.0,0.0,0.0,0.0,0.0
2211,2019-08-02,2212,2222,2019-08-05,2019-08-19,0.046887613917536264,1.0,-0.0031678829768688743,0.029758291700562545,0.4993142308326054,0.5057339449541285,outer_03,none,0.05,0,,False,5.0,0.0,0.0,0.0,0.0,0.0,0.0,0.0,0.0
2212,2019-08-05,2213,2223,2019-08-06,2019-08-20,0.01954780523496069,1.0,0.01611582929416766,0.047886028438322015,0.559853622275908,0.5057339449541285,outer_03,none,0.05,0,,False,5.0,0.0,0.0,0.0,0.0,0.0,0.0,0.0,0.0
2213,2019-08-06,2214,2224,2019-08-07,2019-08-21,0.02142915182364291,1.0,0.007181811609969557,0.05347087036998932,0.5585174699633807,0.5057339449541285,outer_03,none,0.05,0,,False,5.0,0.0,0.0,0.0,0.0,0.0,0.0,0.0,0.0
2214,2019-08-07,2215,2225,2019-08-08,2019-08-22,0.0020128643447590022,1.0,0.0181351423854883,0.05714234892515435,0.6183564838208071,0.5057339449541285,outer_03,none,0.05,1,row2214_entry2215_exit2225,True,5.0,0.000499875041651048,0.0020128643447590022,0.0015129893031079543,0.0,0.0015129893031079543,-0.00251273938641005,0.0015129893031079543,0.0015129893031079543
2215,2019-08-08,2216,2226,2019-08-09,2019-08-23,-0.005191566730804453,0.0,-0.00024649165883783297,0.06691862333540222,0.6039036271916939,0.5057339449541285,outer_03,none,0.05,0,,False,5.0,0.0,-0.0,-0.0,0.0,-0.0,-0.0,-0.0,-0.0
2216,2019-08-09,2217,2227,2019-08-12,2019-08-26,0.032674458630507,1.0,-0.0025751373515312537,0.05646708286679125,0.5933977902063563,0.5057339449541285,outer_03,none,0.05,0,,False,5.0,0.0,0.0,0.0,0.0,0.0,0.0,0.0,0.0
2217,2019-08-12,2218,2228,2019-08-13,2019-08-27,0.011034485747891232,1.0,0.009771610021575228,0.06703769453241293,0.6448337859451928,0.5057339449541285,outer_03,none,0.05,0,,False,5.0,0.0,0.0,0.0,0.0,0.0,0.0,0.0,0.0
2218,2019-08-13,2219,2229,2019-08-14,2019-08-28,0.025861073502688292,1.0,-0.006883372072262084,0.06574394091774227,0.7227782389348061,0.5057339449541285,outer_03,none,0.05,0,,False,5.0,0.0,0.0,0.0,0.0,0.0,0.0,0.0,0.0
2219,2019-08-14,2220,2230,2019-08-15,2019-08-29,0.013363577461090514,1.0,0.009829310330149,0.061173437454343116,0.6194037080880264,0.5057339449541285,outer_03,none,0.05,0,,False,5.0,0.0,0.0,0.0,0.0,0.0,0.0,0.0,0.0
2220,2019-08-15,2221,2231,2019-08-16,2019-08-30,0.0037253517561177674,1.0,0.004763793717515341,0.05239875998648014,0.5229282272014885,0.5057339449541285,outer_03,none,0.05,0,,False,5.0,0.0,0.0,0.0,0.0,0.0,0.0,0.0,0.0
2221,2019-08-16,2222,2232,2019-08-19,2019-09-02,0.013136866976462436,1.0,-0.007458394262178203,0.059355669985285964,0.6200216506646872,0.5057339449541285,outer_03,none,0.05,0,,False,5.0,0.0,0.0,0.0,0.0,0.0,0.0,0.0,0.0
2222,2019-08-19,2223,2233,2019-08-20,2019-09-03,0.020090308415435132,1.0,-0.010844917769150086,0.04871428741263539,0.6051344296293457,0.5057339449541285,outer_03,none,0.05,0,,False,5.0,0.0,0.0,0.0,0.0,0.0,0.0,0.0,0.0
2223,2019-08-20,2224,2234,2019-08-21,2019-09-04,0.026211356291989674,1.0,0.007705280950884408,0.06139447544954102,0.6200938048475568,0.5057339449541285,outer_03,none,0.05,0,,False,5.0,0.0,0.0,0.0,0.0,0.0,0.0,0.0,0.0
2224,2019-08-21,2225,2235,2019-08-22,2019-09-05,0.0324791919627323,1.0,-0.0033558527940398264,0.05275491980033564,0.5336222430790319,0.5057339449541285,outer_03,none,0.05,0,,False,5.0,0.0,0.0,0.0,0.0,0.0,0.0,0.0,0.0
2225,2019-08-22,2226,2236,2019-08-23,2019-09-06,0.013198776952386915,1.0,-0.002766235054065369,0.05773733052785612,0.4796486780501647,0.5057339449541285,outer_03,none,0.05,0,,False,5.0,0.0,0.0,0.0,0.0,0.0,0.0,0.0,0.0
2226,2019-08-23,2227,2237,2019-08-26,2019-09-09,-0.027700385512516412,0.0,0.018576057972661708,0.07334772445471494,0.49543497996690855,0.5057339449541285,outer_03,none,0.05,0,,False,5.0,0.0,-0.0,-0.0,0.0,-0.0,-0.0,-0.0,-0.0
2227,2019-08-26,2228,2238,2019-08-27,2019-09-10,-0.01913734745550144,0.0,0.0007401027967244289,0.06824583912927285,0.5404801619402622,0.5057339449541285,outer_03,none,0.05,0,,False,5.0,0.0,-0.0,-0.0,0.0,-0.0,-0.0,-0.0,-0.0
2228,2019-08-27,2229,2239,2019-08-28,2019-09-11,-0.03612924498184089,0.0,0.009934902774881849,0.07538782527257304,0.6471967642846906,0.5057339449541285,outer_03,none,0.05,1,row2228_entry2229_exit2239,True,5.0,0.000499875041651048,-0.03612924498184089,-0.03662912002349194,0.0,-0.03662912002349194,0.035629369940189844,-0.03662912002349194,-0.03662912002349194
2229,2019-08-28,2230,2240,2019-08-29,2019-09-12,-0.027856440565363627,0.0,-0.0010507064047926562,0.08726803028518404,0.5253686001487174,0.5057339449541285,outer_03,none,0.05,0,,False,5.0,0.0,-0.0,-0.0,0.0,-0.0,-0.0,-0.0,-0.0
2230,2019-08-29,2231,2241,2019-08-30,2019-09-13,-0.019774870452414106,0.0,-0.009218157247385506,0.05518669426290579,0.6061380778514012,0.5057339449541285,outer_03,none,0.05,0,,False,5.0,0.0,-0.0,-0.0,0.0,-0.0,-0.0,-0.0,-0.0
2231,2019-08-30,2232,2242,2019-09-02,2019-09-16,-0.01893063364016445,0.0,-0.00414777684782397,0.054206800391950694,0.578047028741051,0.5057339449541285,outer_03,none,0.05,0,,False,5.0,0.0,-0.0,-0.0,0.0,-0.0,-0.0,-0.0,-0.0
2232,2019-09-02,2233,2243,2019-09-03,2019-09-17,-0.018788150990943997,0.0,0.0055156542008711895,0.04360662529865422,0.5178953143530189,0.5057339449541285,outer_03,none,0.05,0,,False,5.0,0.0,-0.0,-0.0,0.0,-0.0,-0.0,-0.0,-0.0
2233,2019-09-03,2234,2244,2019-09-04,2019-09-18,-0.02956908337526709,0.0,0.012828103624738851,0.04925291731342352,0.3497617139871177,0.5057339449541285,outer_03,none,0.05,0,,False,5.0,0.0,-0.0,-0.0,0.0,-0.0,-0.0,-0.0,-0.0
2234,2019-09-04,2235,2245,2019-09-05,2019-09-19,-0.03846969322317051,0.0,0.002515075649451859,0.033632850577387075,0.3756955891938024,0.5057339449541285,outer_03,none,0.05,0,,False,5.0,0.0,-0.0,-0.0,0.0,-0.0,-0.0,-0.0,-0.0
2235,2019-09-05,2236,2246,2019-09-06,2019-09-20,-0.012765115475078304,0.0,-0.02195114006117649,0.011928202175048419,0.4525360805115688,0.5057339449541285,outer_03,none,0.05,0,,False,5.0,0.0,-0.0,-0.0,0.0,-0.0,-0.0,-0.0,-0.0
2236,2019-09-06,2237,2247,2019-09-09,2019-09-23,0.006047483070906523,1.0,-0.008270383341736576,0.006232956184843097,0.5576289467444719,0.5057339449541285,outer_03,none,0.05,0,,False,5.0,0.0,0.0,0.0,0.0,0.0,0.0,0.0,0.0
2237,2019-09-09,2238,2248,2019-09-10,2019-09-24,0.016396685621218765,1.0,-0.005037961667122559,-0.00857661550385469,0.6360454604202121,0.5057339449541285,outer_03,none,0.05,0,,False,5.0,0.0,0.0,0.0,0.0,0.0,0.0,0.0,0.0
2238,2019-09-10,2239,2249,2019-09-11,2019-09-25,0.031139399709451787,1.0,-0.008738303530501312,-0.010431546962093918,0.6512709919926204,0.5057339449541285,outer_03,none,0.05,1,row2238_entry2239_exit2249,True,5.0,0.000499875041651048,0.031139399709451787,0.03063952466780074,0.0,0.03063952466780074,-0.031639274751102835,-0.031639274751102835,-0.031639274751102835
2239,2019-09-11,2240,2250,2019-09-12,2019-09-26,0.004612726483051333,1.0,0.007209256349612225,-0.013051600942630692,0.6605732275564786,0.5057339449541285,outer_03,none,0.05,0,,False,5.0,0.0,0.0,0.0,0.0,0.0,0.0,0.0,0.0
2240,2019-09-12,2241,2251,2019-09-13,2019-09-27,0.004217798941308359,1.0,0.00163579283944415,-0.016179601820701883,0.686254739080248,0.5057339449541285,outer_03,none,0.05,0,,False,5.0,0.0,0.0,0.0,0.0,0.0,0.0,0.0,0.0
2241,2019-09-13,2242,2252,2019-09-16,2019-09-30,-0.0029763515645671035,0.0,-0.006975713805143613,-0.015696921363667293,0.757069435537055,0.5057339449541285,outer_03,none,0.05,0,,False,5.0,0.0,-0.0,-0.0,0.0,-0.0,-0.0,-0.0,-0.0
2242,2019-09-16,2243,2253,2019-09-17,2019-10-01,-0.01720432012483819,0.0,0.006595380374922577,0.0017433767804053701,0.634308477921376,0.5057339449541285,outer_03,none,0.05,0,,False,5.0,0.0,-0.0,-0.0,0.0,-0.0,-0.0,-0.0,-0.0
2243,2019-09-17,2244,2254,2019-09-18,2019-10-02,-0.014362000726845459,0.0,0.0019468489874299166,-0.004015055183049121,0.6648264594438026,0.5057339449541285,outer_03,none,0.05,0,,False,5.0,0.0,-0.0,-0.0,0.0,-0.0,-0.0,-0.0,-0.0
2244,2019-09-18,2245,2255,2019-09-19,2019-10-03,0.004057695625443003,1.0,-0.005396465329593703,-0.006055667718602997,0.6677673594365711,0.5057339449541285,outer_03,none,0.05,0,,False,5.0,0.0,0.0,0.0,0.0,0.0,0.0,0.0,0.0
2245,2019-09-19,2246,2256,2019-09-20,2019-10-04,0.004558727194291734,1.0,0.003496331748579884,0.00020689908404225577,0.5122066525482444,0.5057339449541285,outer_03,none,0.05,0,,False,5.0,0.0,0.0,0.0,0.0,0.0,0.0,0.0,0.0
2246,2019-09-20,2247,2257,2019-09-23,2019-10-07,-0.0027141909180583568,0.0,0.011808784071905443,-0.00656037481671401,0.5537795271038987,0.5057339449541285,outer_03,none,0.05,0,,False,5.0,0.0,-0.0,-0.0,0.0,-0.0,-0.0,-0.0,-0.0
2247,2019-09-23,2248,2258,2019-09-24,2019-10-08,-0.019705855031901365,0.0,0.0038507283322424257,-0.003449749281196013,0.5786824835346247,0.5057339449541285,outer_03,none,0.05,0,,False,5.0,0.0,-0.0,-0.0,0.0,-0.0,-0.0,-0.0,-0.0
2248,2019-09-24,2249,2259,2019-09-25,2019-10-09,-0.017659864032707695,0.0,0.005928049089822807,-0.007456602966255055,0.5342029597402721,0.5057339449541285,outer_03,none,0.05,0,,False,5.0,0.0,-0.0,-0.0,0.0,-0.0,-0.0,-0.0,-0.0
2249,2019-09-25,2250,2260,2019-09-26,2019-10-10,0.0013557702052793275,1.0,-0.018143313874192657,-0.024549210435655056,0.6189258803923954,0.5057339449541285,outer_03,none,0.05,1,row2249_entry2250_exit2260,True,5.0,0.000499875041651048,0.0013557702052793275,0.0008558951636282795,0.0,0.0008558951636282795,-0.0018556452469303754,-0.0018556452469303754,-0.0018556452469303754
2250,2019-09-26,2251,2261,2019-09-27,2019-10-11,-0.006330042714790984,0.0,0.0006116614777500473,-0.014719391710519503,0.6760306488474273,0.5057339449541285,outer_03,none,0.05,0,,False,5.0,0.0,-0.0,-0.0,0.0,-0.0,-0.0,-0.0,-0.0
2251,2019-09-27,2252,2262,2019-09-30,2019-10-14,-0.006584706023817333,0.0,-0.0052979461977802345,-0.015869561060475768,0.6119714078232128,0.5057339449541285,outer_03,none,0.05,0,,False,5.0,0.0,-0.0,-0.0,0.0,-0.0,-0.0,-0.0,-0.0
2252,2019-09-30,2253,2263,2019-10-01,2019-10-15,0.013111846025982032,1.0,-0.016383538681748355,-0.03776875394309531,0.6790570389777412,0.5057339449541285,outer_03,none,0.05,0,,False,5.0,0.0,0.0,0.0,0.0,0.0,0.0,0.0,0.0
2253,2019-10-01,2254,2264,2019-10-02,2019-10-16,0.000695675694605491,1.0,0.00480406931390398,-0.04579278825393018,0.736985443499095,0.5057339449541285,outer_03,none,0.05,0,,False,5.0,0.0,0.0,0.0,0.0,0.0,0.0,0.0,0.0
2254,2019-10-02,2255,2265,2019-10-03,2019-10-17,-0.00600212578267012,0.0,0.013788692266497371,-0.03451917163688467,0.670740759984657,0.5057339449541285,outer_03,none,0.05,0,,False,5.0,0.0,-0.0,-0.0,0.0,-0.0,-0.0,-0.0,-0.0
2255,2019-10-03,2256,2266,2019-10-04,2019-10-18,-0.009379592583959706,0.0,0.003268161657548063,-0.00929986991816012,0.6129117466927211,0.5057339449541285,outer_03,none,0.05,0,,False,5.0,0.0,-0.0,-0.0,0.0,-0.0,-0.0,-0.0,-0.0
2256,2019-10-04,2257,2267,2019-10-07,2019-10-21,-0.011252776912567874,0.0,-0.00021931792214413548,-0.0012488044985676794,0.5731743496613725,0.5057339449541285,outer_03,none,0.05,0,,False,5.0,0.0,-0.0,-0.0,0.0,-0.0,-0.0,-0.0,-0.0
2257,2019-10-07,2258,2268,2019-10-08,2019-10-22,-0.005937087186777212,0.0,-0.007492270942823787,-0.003703113774268907,0.6717389330820474,0.5057339449541285,outer_03,none,0.05,0,,False,5.0,0.0,-0.0,-0.0,0.0,-0.0,-0.0,-0.0,-0.0
2258,2019-10-08,2259,2269,2019-10-09,2019-10-23,-0.012369997231729712,0.0,0.008143438083222598,0.013178627839455004,0.6258770859476455,0.5057339449541285,outer_03,none,0.05,0,,False,5.0,0.0,-0.0,-0.0,0.0,-0.0,-0.0,-0.0,-0.0
2259,2019-10-09,2260,2270,2019-10-10,2019-10-24,-0.00958956708587344,0.0,-3.9855192804694184e-05,0.005929516297038084,0.5958319093515179,0.5057339449541285,outer_03,none,0.05,1,row2259_entry2260_exit2270,True,5.0,0.000499875041651048,-0.00958956708587344,-0.010089442127524488,0.0,-0.010089442127524488,0.009089692044222393,0.009089692044222393,-0.010089442127524488
2260,2019-10-10,2261,2271,2019-10-11,2019-10-25,0.005718133072089238,1.0,-0.008023225568148717,-0.003729502110554783,0.6431679992388316,0.5057339449541285,outer_03,none,0.05,0,,False,5.0,0.0,0.0,0.0,0.0,0.0,0.0,0.0,0.0
2261,2019-10-11,2262,2272,2019-10-14,2019-10-28,0.01127876773110259,1.0,-0.003662811173817282,-0.0004165994792284522,0.6538693557975535,0.5057339449541285,outer_03,none,0.05,0,,False,5.0,0.0,0.0,0.0,0.0,0.0,0.0,0.0,0.0
2262,2019-10-14,2263,2273,2019-10-15,2019-10-29,-0.00037531248555655594,0.0,0.003421719832516601,-0.0035902600216344283,0.6110708276897551,0.5057339449541285,outer_03,none,0.05,0,,False,5.0,0.0,-0.0,-0.0,0.0,-0.0,-0.0,-0.0,-0.0
2263,2019-10-15,2264,2274,2019-10-16,2019-10-30,0.004244602933986208,1.0,-0.00809007684044527,-0.013627185849509615,0.569739988220141,0.5057339449541285,outer_03,none,0.05,0,,False,5.0,0.0,0.0,0.0,0.0,0.0,0.0,0.0,0.0
2264,2019-10-16,2265,2275,2019-10-17,2019-10-31,0.0038717158916119487,1.0,0.0057363851199978555,-0.0024943353999180573,0.5386090937718536,0.5057339449541285,outer_03,none,0.05,0,,False,5.0,0.0,0.0,0.0,0.0,0.0,0.0,0.0,0.0
2265,2019-10-17,2266,2276,2019-10-18,2019-11-01,0.0136532024647682,1.0,0.0018177249911506266,-0.004172942157347315,0.5223650140156582,0.5057339449541285,outer_03,none,0.05,0,,False,5.0,0.0,0.0,0.0,0.0,0.0,0.0,0.0,0.0
2266,2019-10-18,2267,2277,2019-10-21,2019-11-04,0.014006633056128592,1.0,-0.001542506408802602,-0.01752423263805536,0.5732512325150851,0.5057339449541285,outer_03,none,0.05,0,,False,5.0,0.0,0.0,0.0,0.0,0.0,0.0,0.0,0.0
2267,2019-10-21,2268,2278,2019-10-22,2019-11-05,0.016236292208390957,1.0,-0.0039475637932948615,-0.025322524763592646,0.5681915601161508,0.5148916967509025,outer_04,none,0.0,0,,False,5.0,0.0,0.0,0.0,0.0,0.0,0.0,0.0,0.0
2268,2019-10-22,2269,2279,2019-10-23,2019-11-06,-0.0028401844347039074,0.0,0.0024967793765569013,-0.028753794476858552,0.5973122639912296,0.5148916967509025,outer_04,none,0.0,0,,False,5.0,0.0,-0.0,-0.0,0.0,-0.0,-0.0,-0.0,-0.0
2269,2019-10-23,2270,2280,2019-10-24,2019-11-07,-0.001033168833853182,0.0,0.00267157284878472,-0.007938907753881175,0.5224518844976906,0.5148916967509025,outer_04,none,0.0,1,row2269_entry2270_exit2280,True,5.0,0.000499875041651048,-0.001033168833853182,-0.0015330438755042299,0.0,-0.0015330438755042299,0.000533293792202134,-0.0015330438755042299,0.000533293792202134
2270,2019-10-24,2271,2281,2019-10-25,2019-11-08,-0.023507211386298188,0.0,0.007446647537856954,-0.001103921693774268,0.4433430995084757,0.5148916967509025,outer_04,none,0.0,0,,False,5.0,0.0,-0.0,-0.0,0.0,-0.0,-0.0,-0.0,-0.0
2271,2019-10-25,2272,2282,2019-10-28,2019-11-11,-0.029068930297412976,0.0,0.0008380278901922722,0.005032052394198239,0.4246056729443143,0.5148916967509025,outer_04,none,0.0,0,,False,5.0,0.0,-0.0,-0.0,0.0,-0.0,-0.0,-0.0,-0.0
2272,2019-10-28,2273,2283,2019-10-29,2019-11-12,-0.024991120080290585,0.0,-0.00775523625259833,0.013660354823348264,0.5012559718179729,0.5148916967509025,outer_04,none,0.0,0,,False,5.0,0.0,-0.0,-0.0,0.0,-0.0,-0.0,-0.0,-0.0
2273,2019-10-29,2274,2284,2019-10-30,2019-11-13,-0.02044435959451807,0.0,-0.0031136367439907886,0.005742648765453495,0.5453218791348086,0.5148916967509025,outer_04,none,0.0,0,,False,5.0,0.0,-0.0,-0.0,0.0,-0.0,-0.0,-0.0,-0.0
2274,2019-10-30,2275,2285,2019-10-31,2019-11-14,-0.02147553950236425,0.0,0.0051617342693068835,-0.0028843092317369923,0.5168223497926115,0.5148916967509025,outer_04,none,0.0,0,,False,5.0,0.0,-0.0,-0.0,0.0,-0.0,-0.0,-0.0,-0.0
2275,2019-10-31,2276,2286,2019-11-01,2019-11-15,-0.02766531077043055,0.0,0.010991788776530065,0.004839317887245009,0.40413530099751566,0.5148916967509025,outer_04,none,0.0,0,,False,5.0,0.0,-0.0,-0.0,0.0,-0.0,-0.0,-0.0,-0.0
2276,2019-11-01,2277,2287,2019-11-04,2019-11-18,-0.030090777732963758,0.0,0.0011698497383445527,0.0062284855477336976,0.4380196566718712,0.5148916967509025,outer_04,none,0.0,0,,False,5.0,0.0,-0.0,-0.0,0.0,-0.0,-0.0,-0.0,-0.0
2277,2019-11-04,2278,2288,2019-11-05,2019-11-19,-0.025630036120382726,0.0,-0.002923881979051579,0.010796874511505905,0.4976137198461401,0.5148916967509025,outer_04,none,0.0,0,,False,5.0,0.0,-0.0,-0.0,0.0,-0.0,-0.0,-0.0,-0.0
2278,2019-11-05,2279,2289,2019-11-06,2019-11-20,-0.006789819753758586,0.0,-0.01717233487971015,-0.014518898451426843,0.5435349223414674,0.5148916967509025,outer_04,none,0.0,0,,False,5.0,0.0,-0.0,-0.0,0.0,-0.0,-0.0,-0.0,-0.0
2279,2019-11-06,2280,2290,2019-11-07,2019-11-21,-0.01004497954381467,0.0,0.004277189498037792,-0.010201853760584356,0.5985776877353641,0.5148916967509025,outer_04,none,0.0,1,row2279_entry2280_exit2290,True,5.0,0.000499875041651048,-0.01004497954381467,-0.010544854585465717,0.0,-0.010544854585465717,0.009545104502163622,-0.010544854585465717,0.009545104502163622
2280,2019-11-07,2281,2291,2019-11-08,2019-11-22,-0.0025507434170357612,0.0,-0.014614984371714712,-0.01679361256415035,0.5323987298468088,0.5148916967509025,outer_04,none,0.0,0,,False,5.0,0.0,-0.0,-0.0,0.0,-0.0,-0.0,-0.0,-0.0
2281,2019-11-08,2282,2292,2019-11-11,2019-11-25,0.00011641403692586039,1.0,-0.006695752048801573,-0.019826553439134642,0.5715053334809327,0.5148916967509025,outer_04,none,0.0,0,,False,5.0,0.0,0.0,0.0,0.0,0.0,0.0,0.0,0.0
2282,2019-11-11,2283,2293,2019-11-12,2019-11-26,-3.436508782339587e-05,0.0,-0.0021068025923591804,-0.025355075864010423,0.6082262885727922,0.5148916967509025,outer_04,none,0.0,0,,False,5.0,0.0,-0.0,-0.0,0.0,-0.0,-0.0,-0.0,-0.0
2283,2019-11-12,2284,2294,2019-11-13,2019-11-27,0.0026178743020990325,1.0,0.00044643624430040774,-0.016818562779264745,0.5962142533030779,0.5148916967509025,outer_04,none,0.0,0,,False,5.0,0.0,0.0,0.0,0.0,0.0,0.0,0.0,0.0
2284,2019-11-13,2285,2295,2019-11-14,2019-11-28,-0.0056443531796057655,0.0,0.004767850761613346,-0.017787097137649255,0.5994824128068115,0.5148916967509025,outer_04,none,0.0,0,,False,5.0,0.0,-0.0,-0.0,0.0,-0.0,-0.0,-0.0,-0.0
2285,2019-11-14,2286,2296,2019-11-15,2019-11-29,-0.010818082616389724,0.0,0.0052552238537249,-0.014349598275074982,0.573770394996373,0.5148916967509025,outer_04,none,0.0,0,,False,5.0,0.0,-0.0,-0.0,0.0,-0.0,-0.0,-0.0,-0.0
2286,2019-11-15,2287,2297,2019-11-18,2019-12-02,-0.003699309404566975,0.0,-0.002450364356259449,-0.015257456222531829,0.6094172605362278,0.5148916967509025,outer_04,none,0.0,0,,False,5.0,0.0,-0.0,-0.0,0.0,-0.0,-0.0,-0.0,-0.0
2287,2019-11-18,2288,2298,2019-11-19,2019-12-03,-0.006165912054568068,0.0,0.002321189545167357,-0.00898870288406961,0.5457062962593244,0.5148916967509025,outer_04,none,0.0,0,,False,5.0,0.0,-0.0,-0.0,0.0,-0.0,-0.0,-0.0,-0.0
2288,2019-11-19,2289,2299,2019-11-20,2019-12-04,0.001898215569940298,1.0,0.0010397236495185425,-0.01044575861110797,0.5687899043596151,0.5148916967509025,outer_04,none,0.0,0,,False,5.0,0.0,0.0,0.0,0.0,0.0,0.0,0.0,0.0
2289,2019-11-20,2290,2300,2019-11-21,2019-12-05,-0.00035941097675351585,0.0,-0.0008561644358602294,-0.013973495895752919,0.5607123342891773,0.5148916967509025,outer_04,none,0.0,1,row2289_entry2290_exit2300,True,5.0,0.000499875041651048,-0.00035941097675351585,-0.0008592860184045638,0.0,-0.0008592860184045638,-0.0001404640648975321,-0.0001404640648975321,-0.0001404640648975321
2290,2019-11-21,2291,2301,2019-11-22,2019-12-06,0.007937710233933082,1.0,-0.004585460635169625,-0.026005604068779498,0.5067382036314654,0.5148916967509025,outer_04,none,0.0,0,,False,5.0,0.0,0.0,0.0,0.0,0.0,0.0,0.0,0.0
2291,2019-11-22,2292,2302,2019-11-25,2019-12-09,-0.0012401636412731065,0.0,-0.001715576967271204,-0.028559208926242974,0.4929816566573036,0.5148916967509025,outer_04,none,0.0,0,,False,5.0,0.0,-0.0,-0.0,0.0,-0.0,-0.0,-0.0,-0.0
2292,2019-11-25,2293,2303,2019-11-26,2019-12-10,0.004437060445312113,1.0,-0.0047107312620804365,-0.02551470393572508,0.4503510759430381,0.5148916967509025,outer_04,none,0.0,0,,False,5.0,0.0,0.0,0.0,0.0,0.0,0.0,0.0,0.0
2293,2019-11-26,2294,2304,2019-11-27,2019-12-11,0.002085278353940012,1.0,0.004361787838688791,-0.0180392793530455,0.4458738423631518,0.5148916967509025,outer_04,none,0.0,0,,False,5.0,0.0,0.0,0.0,0.0,0.0,0.0,0.0,0.0
2294,2019-11-27,2295,2305,2019-11-28,2019-12-12,0.013062179004555752,1.0,-0.0050562155997004865,-0.02825722922205287,0.47564524127694874,0.5148916967509025,outer_04,none,0.0,0,,False,5.0,0.0,0.0,0.0,0.0,0.0,0.0,0.0,0.0
2295,2019-11-28,2296,2306,2019-11-29,2019-12-13,0.007652435049162243,1.0,0.001244127501378145,-0.03800489049720479,0.5510670826543312,0.5148916967509025,outer_04,none,0.0,0,,False,5.0,0.0,0.0,0.0,0.0,0.0,0.0,0.0,0.0
2296,2019-11-29,2297,2307,2019-12-02,2019-12-16,0.008456853974720957,1.0,0.005541926177919265,-0.03363281405763008,0.4477684001791321,0.5148916967509025,outer_04,none,0.0,0,,False,5.0,0.0,0.0,0.0,0.0,0.0,0.0,0.0,0.0
2297,2019-12-02,2298,2308,2019-12-03,2019-12-17,0.009722629780400283,1.0,-0.0009431770728038913,-0.03165210915138239,0.4844344207742284,0.5148916967509025,outer_04,none,0.0,0,,False,5.0,0.0,0.0,0.0,0.0,0.0,0.0,0.0,0.0
2298,2019-12-03,2299,2309,2019-12-04,2019-12-18,-0.0004809923438813257,0.0,0.01011652396012419,-0.00436325031154805,0.4715852231971664,0.5148916967509025,outer_04,none,0.0,0,,False,5.0,0.0,-0.0,-0.0,0.0,-0.0,-0.0,-0.0,-0.0
2299,2019-12-04,2300,2310,2019-12-05,2019-12-19,0.0006305790348184459,1.0,-0.002025986158748161,-0.010666425968334003,0.4764915219671377,0.5148916967509025,outer_04,none,0.0,-1,row2299_entry2300_exit2310,True,5.0,0.000499875041651048,-0.0006305790348184459,-0.0011304540764694939,0.0,0.00013070399316739796,-0.0011304540764694939,-0.0011304540764694939,-0.0011304540764694939
2300,2019-12-05,2301,2311,2019-12-06,2019-12-20,0.0019627888723654507,1.0,0.0009694620245488395,0.004918020427929548,0.45607261669670723,0.5148916967509025,outer_04,none,0.0,0,,False,5.0,0.0,0.0,0.0,0.0,0.0,0.0,0.0,0.0
2301,2019-12-06,2302,2312,2019-12-09,2019-12-23,0.013199398864754741,1.0,-0.011058645245821452,0.0005551272309096689,0.5549129411577564,0.5148916967509025,outer_04,none,0.0,0,,False,5.0,0.0,0.0,0.0,0.0,0.0,0.0,0.0,0.0
2302,2019-12-09,2303,2313,2019-12-10,2019-12-24,0.016147720215695216,1.0,0.0014925171534567738,0.004154446976725623,0.602236601614419,0.5148916967509025,outer_04,none,0.0,0,,False,5.0,0.0,0.0,0.0,0.0,0.0,0.0,0.0,0.0
2303,2019-12-10,2304,2314,2019-12-11,2019-12-26,0.026361036171007157,1.0,0.0018044747656222881,0.0055124854980475035,0.5355913532473241,0.5148916967509025,outer_04,none,0.0,0,,False,5.0,0.0,0.0,0.0,0.0,0.0,0.0,0.0,0.0
2304,2019-12-11,2305,2315,2019-12-12,2019-12-27,0.024036043889974934,1.0,0.0070566832587726225,0.00780131799520678,0.5061087223006848,0.5148916967509025,outer_04,none,0.0,0,,False,5.0,0.0,0.0,0.0,0.0,0.0,0.0,0.0,0.0
2305,2019-12-12,2306,2316,2019-12-13,2019-12-30,0.029951226830521094,1.0,-0.0036139870591771484,-0.0010678929176952678,0.4443970565389805,0.5148916967509025,outer_04,none,0.0,0,,False,5.0,0.0,0.0,0.0,0.0,0.0,0.0,0.0,0.0
2306,2019-12-13,2307,2317,2019-12-16,2019-12-31,0.02661489500599945,1.0,0.0041020961883733165,0.005484567626937498,0.3806276446928808,0.5148916967509025,outer_04,none,0.0,0,,False,5.0,0.0,0.0,0.0,0.0,0.0,0.0,0.0,0.0
2307,2019-12-16,2308,2318,2019-12-17,2020-01-02,0.029620175206088284,1.0,0.00031172281317992656,0.0034751008949500672,0.45635720820775255,0.5148916967509025,outer_04,none,0.0,0,,False,5.0,0.0,0.0,0.0,0.0,0.0,0.0,0.0,0.0
2308,2019-12-17,2309,2319,2019-12-18,2020-01-03,0.034950178595510195,1.0,6.097788198555776e-05,0.0024963551274170825,0.43426672097906704,0.5148916967509025,outer_04,none,0.0,0,,False,5.0,0.0,0.0,0.0,0.0,0.0,0.0,0.0,0.0
2309,2019-12-18,2310,2320,2019-12-19,2020-01-06,0.0659588331040677,1.0,-0.00036592307892124865,0.0029865964843560633,0.44645690326343695,0.5148916967509025,outer_04,none,0.0,-1,row2309_entry2310_exit2320,True,5.0,0.000499875041651048,-0.0659588331040677,-0.06645870814571875,0.0,0.06545895806241664,-0.06645870814571875,-0.06645870814571875,0.06545895806241664
2310,2019-12-19,2311,2321,2019-12-20,2020-01-07,0.056259844443927065,1.0,0.0022002953886470777,0.009772352508172766,0.40960016052674403,0.5148916967509025,outer_04,none,0.0,0,,False,5.0,0.0,0.0,0.0,0.0,0.0,0.0,0.0,0.0
2311,2019-12-20,2312,2322,2019-12-23,2020-01-08,0.06422088767756673,1.0,-0.0005208632919293521,0.010967066183514618,0.40062778764065915,0.5148916967509025,outer_04,none,0.0,0,,False,5.0,0.0,0.0,0.0,0.0,0.0,0.0,0.0,0.0
2312,2019-12-23,2313,2323,2019-12-24,2020-01-09,0.045765317681073725,1.0,0.00502817167034042,0.020705969115935474,0.4387778425775357,0.5148916967509025,outer_04,none,0.0,0,,False,5.0,0.0,0.0,0.0,0.0,0.0,0.0,0.0,0.0
2313,2019-12-24,2314,2324,2019-12-26,2020-01-10,0.03248785478101901,1.0,0.00912091620841693,0.025465097485663613,0.5747952041455153,0.5148916967509025,outer_04,none,0.0,0,,False,5.0,0.0,0.0,0.0,0.0,0.0,0.0,0.0,0.0
2314,2019-12-26,2315,2325,2019-12-27,2020-01-13,0.03177786348032896,1.0,0.008006607490823825,0.038527920576187924,0.507584886964195,0.5148916967509025,outer_04,none,0.0,0,,False,5.0,0.0,0.0,0.0,0.0,0.0,0.0,0.0,0.0
2315,2019-12-27,2316,2326,2019-12-30,2020-01-14,0.024170183146016377,1.0,-0.00027137311653291363,0.037012419958276865,0.5803814125133016,0.5148916967509025,outer_04,none,0.0,0,,False,5.0,0.0,0.0,0.0,0.0,0.0,0.0,0.0,0.0
2316,2019-12-30,2317,2327,2019-12-31,2020-01-15,0.02073906411601989,1.0,0.002862253614089205,0.034332747394446805,0.5974856957318802,0.5148916967509025,outer_04,none,0.0,0,,False,5.0,0.0,0.0,0.0,0.0,0.0,0.0,0.0,0.0
2317,2019-12-31,2318,2328,2020-01-02,2020-01-16,0.02270992169711139,1.0,0.003459447237485591,0.03873537170473629,0.6427276630712287,0.5148916967509025,outer_04,none,0.0,0,,False,5.0,0.0,0.0,0.0,0.0,0.0,0.0,0.0,0.0
2318,2020-01-02,2319,2329,2020-01-03,2020-01-17,0.01560797004908654,1.0,0.005615007307480546,0.03423385505209264,0.662568825399967,0.5148916967509025,outer_04,none,0.0,0,,False,5.0,0.0,0.0,0.0,0.0,0.0,0.0,0.0,0.0
2319,2020-01-03,2320,2330,2020-01-06,2020-01-20,-0.01077560196981242,0.0,0.014720041388368799,0.0509798825992096,0.7153157100765665,0.5148916967509025,outer_04,none,0.0,1,row2319_entry2320_exit2330,True,5.0,0.000499875041651048,-0.01077560196981242,-0.011275477011463468,0.0,-0.011275477011463468,0.010275726928161373,-0.011275477011463468,-0.011275477011463468
2320,2020-01-06,2321,2331,2020-01-07,2020-01-21,-0.002335694618863293,0.0,0.009104766992919622,0.059115187567580385,0.7357324904941795,0.5148916967509025,outer_04,none,0.0,0,,False,5.0,0.0,-0.0,-0.0,0.0,-0.0,-0.0,-0.0,-0.0
2321,2020-01-07,2322,2332,2020-01-08,2020-01-22,-0.01147428032469655,0.0,0.004848888237066973,0.07502272105046881,0.810853034444494,0.5148916967509025,outer_04,none,0.0,0,,False,5.0,0.0,-0.0,-0.0,0.0,-0.0,-0.0,-0.0,-0.0
2322,2020-01-08,2323,2333,2020-01-09,2020-01-23,0.0024411408390259126,1.0,-0.010787425671936468,0.06274277822507557,0.757602108776946,0.5148916967509025,outer_04,none,0.0,0,,False,5.0,0.0,0.0,0.0,0.0,0.0,0.0,0.0,0.0
2323,2020-01-09,2324,2334,2020-01-10,2020-01-24,0.005702009220496684,1.0,-0.0027537946395881363,0.058184508819865144,0.8303680353798812,0.5148916967509025,outer_04,none,0.0,0,,False,5.0,0.0,0.0,0.0,0.0,0.0,0.0,0.0,0.0
2324,2020-01-10,2325,2335,2020-01-13,2020-01-27,0.013476795082377535,1.0,0.006217423620207718,0.05734524918130024,0.814819248423534,0.5148916967509025,outer_04,none,0.0,0,,False,5.0,0.0,0.0,0.0,0.0,0.0,0.0,0.0,0.0
2325,2020-01-13,2326,2336,2020-01-14,2020-01-28,0.020952879641149558,1.0,-0.008630001151035849,0.05232923508944154,0.7467826894640641,0.5148916967509025,outer_04,none,0.0,0,,False,5.0,0.0,0.0,0.0,0.0,0.0,0.0,0.0,0.0
2326,2020-01-14,2327,2337,2020-01-15,2020-01-29,0.014305128018967217,1.0,-0.0013507445689215913,0.04687639433214663,0.7126407346929899,0.5148916967509025,outer_04,none,0.0,0,,False,5.0,0.0,0.0,0.0,0.0,0.0,0.0,0.0,0.0
2327,2020-01-15,2328,2338,2020-01-16,2020-01-30,0.012822695280986451,1.0,0.006427159212081257,0.05299183073104796,0.7369836927392925,0.5148916967509025,outer_04,none,0.0,0,,False,5.0,0.0,0.0,0.0,0.0,0.0,0.0,0.0,0.0
2328,2020-01-16,2329,2339,2020-01-17,2020-01-31,0.014562106814302922,1.0,-0.0024190343383949653,0.05051181851066744,0.7061435777829094,0.5148916967509025,outer_04,none,0.0,0,,False,5.0,0.0,0.0,0.0,0.0,0.0,0.0,0.0,0.0
2329,2020-01-17,2330,2340,2020-01-20,2020-02-03,0.018840008900011362,1.0,0.0028109329637349134,0.0536886745533236,0.6288902310548531,0.5148916967509025,outer_04,none,0.0,1,row2329_entry2330_exit2340,True,5.0,0.000499875041651048,0.018840008900011362,0.018340133858360315,0.0,0.018340133858360315,-0.01933988394166241,0.018340133858360315,0.018340133858360315
2330,2020-01-20,2331,2341,2020-01-21,2020-02-04,0.01126327428372953,1.0,0.0023545801667159694,0.05384295933139249,0.6942569589098155,0.5148916967509025,outer_04,none,0.0,0,,False,5.0,0.0,0.0,0.0,0.0,0.0,0.0,0.0,0.0
2331,2020-01-21,2332,2342,2020-01-22,2020-02-05,-0.00310492376249627,0.0,-0.0016611033158193678,0.05270271930750248,0.601688168774101,0.5148916967509025,outer_04,none,0.0,0,,False,5.0,0.0,-0.0,-0.0,0.0,-0.0,-0.0,-0.0,-0.0
2332,2020-01-22,2333,2343,2020-01-23,2020-02-06,-0.0024925973807716773,0.0,0.0004428030144456585,0.048117350651607715,0.590842189548488,0.5148916967509025,outer_04,none,0.0,0,,False,5.0,0.0,-0.0,-0.0,0.0,-0.0,-0.0,-0.0,-0.0
2333,2020-01-23,2334,2344,2020-01-24,2020-02-07,0.0025706626255157516,1.0,0.002691101771454818,0.041687536214645604,0.601939357519086,0.5148916967509025,outer_04,none,0.0,0,,False,5.0,0.0,0.0,0.0,0.0,0.0,0.0,0.0,0.0
2334,2020-01-24,2335,2345,2020-01-27,2020-02-10,-0.0072635701161898325,0.0,0.005169619324978392,0.03885054804880017,0.6021127691530311,0.5148916967509025,outer_04,none,0.0,0,,False,5.0,0.0,-0.0,-0.0,0.0,-0.0,-0.0,-0.0,-0.0
2335,2020-01-27,2336,2346,2020-01-28,2020-02-11,-0.0055946863342004605,0.0,0.006965309594504809,0.046087230759837894,0.5105943125601462,0.5148916967509025,outer_04,none,0.0,0,,False,5.0,0.0,-0.0,-0.0,0.0,-0.0,-0.0,-0.0,-0.0
2336,2020-01-28,2337,2347,2020-01-29,2020-02-12,-0.0007397629269743078,0.0,-0.008953407156319315,0.034271569989429373,0.6614792542368314,0.5148916967509025,outer_04,none,0.0,0,,False,5.0,0.0,-0.0,-0.0,0.0,-0.0,-0.0,-0.0,-0.0
2337,2020-01-29,2338,2348,2020-01-30,2020-02-13,-0.005806381668360672,0.0,0.005933452281343676,0.03674557503328746,0.6246273082788799,0.5148916967509025,outer_04,none,0.0,0,,False,5.0,0.0,-0.0,-0.0,0.0,-0.0,-0.0,-0.0,-0.0
2338,2020-01-30,2339,2349,2020-01-31,2020-02-14,0.0005395164159720522,1.0,-0.002069211391561687,0.029061356334245225,0.5764526520627311,0.5148916967509025,outer_04,none,0.0,0,,False,5.0,0.0,0.0,0.0,0.0,0.0,0.0,0.0,0.0
2339,2020-01-31,2340,2350,2020-02-03,2020-02-17,-0.004668925481957409,0.0,0.009473049454006954,0.02381436439988338,0.5321130409862549,0.5148916967509025,outer_04,none,0.0,1,row2339_entry2340_exit2350,True,5.0,0.000499875041651048,-0.004668925481957409,-0.005168800523608456,0.0,-0.005168800523608456,0.004169050440306361,-0.005168800523608456,-0.005168800523608456
2340,2020-02-03,2341,2351,2020-02-04,2020-02-18,0.0032445281051636243,1.0,-0.007917567655371549,0.00679202975159221,0.5359222300233422,0.5148916967509025,outer_04,none,0.0,0,,False,5.0,0.0,0.0,0.0,0.0,0.0,0.0,0.0,0.0
2341,2020-02-04,2342,2352,2020-02-05,2020-02-19,0.03043016986202307,1.0,-0.015059216400588049,-0.013116074886062812,0.6974188982706427,0.5148916967509025,outer_04,none,0.0,0,,False,5.0,0.0,0.0,0.0,0.0,0.0,0.0,0.0,0.0
2342,2020-02-05,2343,2353,2020-02-06,2020-02-20,0.035573177587401084,1.0,0.002360774941375432,3.212572724908824e-05,0.6646219023269867,0.5148916967509025,outer_04,none,0.0,0,,False,5.0,0.0,0.0,0.0,0.0,0.0,0.0,0.0,0.0
2343,2020-02-06,2344,2354,2020-02-07,2020-02-21,0.03383768492724393,1.0,0.006436409261604048,0.009222329628441273,0.659651683366799,0.5148916967509025,outer_04,none,0.0,0,,False,5.0,0.0,0.0,0.0,0.0,0.0,0.0,0.0,0.0
2344,2020-02-07,2345,2355,2020-02-10,2020-02-24,0.055827469184813516,1.0,0.0022573229074653867,0.005262228915698941,0.6232858656211938,0.5148916967509025,outer_04,none,0.0,0,,False,5.0,0.0,0.0,0.0,0.0,0.0,0.0,0.0,0.0
2345,2020-02-10,2346,2356,2020-02-11,2020-02-25,0.052886399089986824,1.0,0.0011903740261782758,0.015082604092913066,0.6347122415905767,0.5148916967509025,outer_04,none,0.0,0,,False,5.0,0.0,0.0,0.0,0.0,0.0,0.0,0.0,0.0
2346,2020-02-11,2347,2357,2020-02-12,2020-02-26,0.04407973344173932,1.0,-0.0027010686910902137,0.013732279970744443,0.6432552366459487,0.5148916967509025,outer_04,none,0.0,0,,False,5.0,0.0,0.0,0.0,0.0,0.0,0.0,0.0,0.0
2347,2020-02-12,2348,2358,2020-02-13,2020-02-27,0.046771327405296326,1.0,-0.0012127557847634307,0.006092364973899755,0.7031478297292617,0.5148916967509025,outer_04,none,0.0,0,,False,5.0,0.0,0.0,0.0,0.0,0.0,0.0,0.0,0.0
2348,2020-02-13,2349,2359,2020-02-14,2020-02-28,0.04102731511614177,1.0,0.006525132089293173,0.015036531401587894,0.5532397288386731,0.5148916967509025,outer_04,none,0.0,0,,False,5.0,0.0,0.0,0.0,0.0,0.0,0.0,0.0,0.0
2349,2020-02-14,2350,2360,2020-02-17,2020-03-02,0.0003414436777564589,1.0,0.004880266168565406,0.017105864606418386,0.5430115934457639,0.5148916967509025,outer_04,none,0.0,1,row2349_entry2350_exit2360,True,5.0,0.000499875041651048,0.0003414436777564589,-0.00015843136389458905,0.0,-0.00015843136389458905,-0.0008413187194075068,-0.00015843136389458905,-0.00015843136389458905
2350,2020-02-17,2351,2361,2020-02-18,2020-03-03,0.004259427889380163,1.0,-0.0017885644116368837,0.012962720028065533,0.6184669803443535,0.5148916967509025,outer_04,none,0.0,0,,False,5.0,0.0,0.0,0.0,0.0,0.0,0.0,0.0,0.0
2351,2020-02-18,2352,2362,2020-02-19,2020-03-04,0.025235208721281488,1.0,0.012878020732040696,0.027501844075925597,0.4226061647636202,0.5148916967509025,outer_04,none,0.0,0,,False,5.0,0.0,0.0,0.0,0.0,0.0,0.0,0.0,0.0
2352,2020-02-19,2353,2363,2020-02-20,2020-03-05,0.0157661062100507,1.0,0.006219107476183261,0.0332781485376632,0.532176215916177,0.5148916967509025,outer_04,none,0.0,0,,False,5.0,0.0,0.0,0.0,0.0,0.0,0.0,0.0,0.0
2353,2020-02-20,2354,2364,2020-02-21,2020-03-06,0.03154628695592976,1.0,0.004903123795458875,0.035490170561667256,0.5878299741916142,0.5148916967509025,outer_04,none,0.0,0,,False,5.0,0.0,0.0,0.0,0.0,0.0,0.0,0.0,0.0
2354,2020-02-21,2355,2365,2020-02-24,2020-03-09,0.02178735418490696,1.0,0.014998794809089944,0.04531934604577881,0.6755140292412966,0.5148916967509025,outer_04,none,0.0,0,,False,5.0,0.0,0.0,0.0,0.0,0.0,0.0,0.0,0.0
2355,2020-02-24,2356,2366,2020-02-25,2020-03-10,0.006171076963943811,1.0,0.00894552983543484,0.04729956628670884,0.7344819879078119,0.5148916967509025,outer_04,none,0.0,0,,False,5.0,0.0,0.0,0.0,0.0,0.0,0.0,0.0,0.0
2356,2020-02-25,2357,2367,2020-02-26,2020-03-11,0.008388953958673007,1.0,-0.014111766291589944,0.04214120715143821,0.7607068959701465,0.5148916967509025,outer_04,none,0.0,0,,False,5.0,0.0,0.0,0.0,0.0,0.0,0.0,0.0,0.0
2357,2020-02-26,2358,2368,2020-02-27,2020-03-12,-0.0006217199900380166,0.0,0.0031992603056387736,0.039407015175733306,0.8505634803571055,0.5148916967509025,outer_04,none,0.0,0,,False,5.0,0.0,-0.0,-0.0,0.0,-0.0,-0.0,-0.0,-0.0
2358,2020-02-27,2359,2369,2020-02-28,2020-03-13,-0.040779869671840885,0.0,0.0022711161059012497,0.04374734267319624,0.8189997538588341,0.5148916967509025,outer_04,none,0.0,0,,False,5.0,0.0,-0.0,-0.0,0.0,-0.0,-0.0,-0.0,-0.0
2359,2020-02-28,2360,2370,2020-03-02,2020-03-16,-0.024802620600835823,0.0,-0.03687707455829514,-0.002602781339105853,0.7110481813319567,0.5148916967509025,outer_04,none,0.0,1,row2359_entry2360_exit2370,True,5.0,0.000499875041651048,-0.024802620600835823,-0.02530249564248687,0.0,-0.02530249564248687,0.024302745559184775,0.024302745559184775,0.024302745559184775
2360,2020-03-02,2361,2371,2020-03-03,2020-03-17,-0.050749074886594414,0.0,0.0031816561987545455,0.008496442515020242,0.8384793965646639,0.5148916967509025,outer_04,none,0.0,0,,False,5.0,0.0,-0.0,-0.0,0.0,-0.0,-0.0,-0.0,-0.0
2361,2020-03-03,2362,2372,2020-03-04,2020-03-18,-0.06594869472995235,0.0,0.030802347221669635,0.054358006137277926,0.7568696111434114,0.5148916967509025,outer_04,none,0.0,0,,False,5.0,0.0,-0.0,-0.0,0.0,-0.0,-0.0,-0.0,-0.0
2362,2020-03-04,2363,2373,2020-03-05,2020-03-19,-0.0969858162042172,0.0,-0.0022899305013615034,0.04970730069454099,0.815328831958095,0.5148916967509025,outer_04,none,0.0,0,,False,5.0,0.0,-0.0,-0.0,0.0,-0.0,-0.0,-0.0,-0.0
2363,2020-03-05,2364,2374,2020-03-06,2020-03-20,-0.13024740428514203,0.0,0.021680099049530277,0.06495099048246722,0.7264894667708387,0.5148916967509025,outer_04,none,0.0,0,,False,5.0,0.0,-0.0,-0.0,0.0,-0.0,-0.0,-0.0,-0.0
2364,2020-03-06,2365,2375,2020-03-09,2020-03-23,-0.12931502730836986,0.0,0.0014825267836524603,0.06417619435865429,0.7793745557782664,0.5148916967509025,outer_04,none,0.0,0,,False,5.0,0.0,-0.0,-0.0,0.0,-0.0,-0.0,-0.0,-0.0
2365,2020-03-09,2366,2376,2020-03-10,2020-03-24,-0.06456850245920975,0.0,0.002440182464397367,0.06542600279687338,0.7911110356961493,0.5148916967509025,outer_04,none,0.0,0,,False,5.0,0.0,-0.0,-0.0,0.0,-0.0,-0.0,-0.0,-0.0
2366,2020-03-10,2367,2377,2020-03-11,2020-03-25,-0.01302078722142852,0.0,-0.017298599363718914,0.050828472124244684,0.7925893196104674,0.5148916967509025,outer_04,none,0.0,0,,False,5.0,0.0,-0.0,-0.0,0.0,-0.0,-0.0,-0.0,-0.0
2367,2020-03-11,2368,2378,2020-03-12,2020-03-26,-0.017033463326051823,0.0,-0.007754147190841998,0.044287080718166116,0.789266009477222,0.5148916967509025,outer_04,none,0.0,0,,False,5.0,0.0,-0.0,-0.0,0.0,-0.0,-0.0,-0.0,-0.0
2368,2020-03-12,2369,2379,2020-03-13,2020-03-27,0.033622378027859945,1.0,-0.03608186733619956,0.0016800812926733855,0.7745613026778384,0.5148916967509025,outer_04,none,0.0,0,,False,5.0,0.0,0.0,0.0,0.0,0.0,0.0,0.0,0.0
2369,2020-03-13,2370,2380,2020-03-16,2020-03-30,0.048653133983689756,1.0,-0.031433448076731985,-0.034633632952624005,0.7593889537728542,0.5148916967509025,outer_04,none,0.0,1,row2369_entry2370_exit2380,True,5.0,0.000499875041651048,0.048653133983689756,0.04815325894203871,0.0,0.04815325894203871,-0.0491530090253408,-0.0491530090253408,-0.0491530090253408
2370,2020-03-16,2371,2381,2020-03-17,2020-03-31,0.07023789293984262,1.0,-0.013617114061468705,-0.046462182602455826,0.6802330110209467,0.5148916967509025,outer_04,none,0.0,0,,False,5.0,0.0,0.0,0.0,0.0,0.0,0.0,0.0,0.0
2371,2020-03-17,2372,2382,2020-03-18,2020-04-01,0.02195217948735273,1.0,0.012321971970814971,-0.04701823136368155,0.7251878798843772,0.5148916967509025,outer_04,none,0.0,0,,False,5.0,0.0,0.0,0.0,0.0,0.0,0.0,0.0,0.0
2372,2020-03-18,2373,2383,2020-03-19,2020-04-02,0.06834363364510043,1.0,-0.028663209164690784,-0.0819005480045556,0.7163102962530629,0.5148916967509025,outer_04,none,0.0,0,,False,5.0,0.0,0.0,0.0,0.0,0.0,0.0,0.0,0.0
2373,2020-03-19,2374,2384,2020-03-20,2020-04-03,0.09541734676528701,1.0,-0.006955150934803811,-0.09375882273481828,0.7436654992205307,0.5148916967509025,outer_04,none,0.0,0,,False,5.0,0.0,0.0,0.0,0.0,0.0,0.0,0.0,0.0
2374,2020-03-20,2375,2385,2020-03-23,2020-04-06,0.08018929573347844,1.0,0.016347598145038944,-0.09241001939886928,0.7660733824592697,0.5148916967509025,outer_04,none,0.0,0,,False,5.0,0.0,0.0,0.0,0.0,0.0,0.0,0.0,0.0
2375,2020-03-23,2376,2386,2020-03-24,2020-04-07,0.06281608493547797,1.0,0.03523764868244772,-0.0661179005518564,0.7302733240110189,0.5148916967509025,outer_04,none,0.0,0,,False,5.0,0.0,0.0,0.0,0.0,0.0,0.0,0.0,0.0
2376,2020-03-24,2377,2387,2020-03-25,2020-04-08,0.010195858087707066,1.0,0.045915193234336904,-0.006090941025929553,0.4779745512486476,0.5148916967509025,outer_04,none,0.0,0,,False,5.0,0.0,0.0,0.0,0.0,0.0,0.0,0.0,0.0
2377,2020-03-25,2378,2388,2020-03-26,2020-04-09,0.020265841022882647,1.0,-0.0055403512810947575,-0.014830552612663084,0.7207075019573586,0.5148916967509025,outer_04,none,0.0,0,,False,5.0,0.0,0.0,0.0,0.0,0.0,0.0,0.0,0.0
2378,2020-03-26,2379,2389,2020-03-27,2020-04-13,0.028583999269975457,1.0,0.007752836742322522,-0.009348831976241812,0.7124319997059934,0.5148916967509025,outer_04,none,0.0,0,,False,5.0,0.0,0.0,0.0,0.0,0.0,0.0,0.0,0.0
2379,2020-03-27,2380,2390,2020-03-30,2020-04-14,0.05540066454157344,1.0,-0.003924371786407477,0.023603870795645854,0.6608893950817577,0.5148916967509025,outer_04,none,0.0,1,row2379_entry2380_exit2390,True,5.0,0.000499875041651048,0.05540066454157344,0.054900789499922394,0.0,0.054900789499922394,-0.05590053958322449,-0.05590053958322449,0.054900789499922394
2380,2020-03-30,2381,2391,2020-03-31,2020-04-15,0.0626135927279865,1.0,-0.0013814967998984073,0.0190407177969929,0.6381564557455854,0.5148916967509025,outer_04,none,0.0,0,,False,5.0,0.0,0.0,0.0,0.0,0.0,0.0,0.0,0.0
2381,2020-03-31,2382,2392,2020-04-01,2020-04-16,0.08830820259890437,1.0,-0.02723269610323431,-0.038994325527911045,0.584422615345018,0.5148916967509025,outer_04,none,0.0,0,,False,5.0,0.0,0.0,0.0,0.0,0.0,0.0,0.0,0.0
2382,2020-04-01,2383,2393,2020-04-02,2020-04-17,0.07747977348513313,1.0,0.009141362378229267,-0.027563032648320274,0.4859908247768254,0.5148916967509025,outer_04,none,0.0,0,,False,5.0,0.0,0.0,0.0,0.0,0.0,0.0,0.0,0.0
2383,2020-04-02,2384,2394,2020-04-03,2020-04-20,0.04163262233306675,1.0,0.01273854848657141,-0.03650458321127914,0.3989308469313573,0.5148916967509025,outer_04,none,0.0,0,,False,5.0,0.0,0.0,0.0,0.0,0.0,0.0,0.0,0.0
2384,2020-04-03,2385,2395,2020-04-06,2020-04-21,0.048819066321199145,1.0,0.0025035955767087614,-0.03548351441822284,0.38581380987459,0.5148916967509025,outer_04,none,0.0,0,,False,5.0,0.0,0.0,0.0,0.0,0.0,0.0,0.0,0.0
2385,2020-04-06,2386,2396,2020-04-07,2020-04-22,0.011336202149389685,1.0,0.025958346745519556,-0.01196535013710065,0.29067940487552124,0.5148916967509025,outer_04,none,0.0,0,,False,5.0,0.0,0.0,0.0,0.0,0.0,0.0,0.0,0.0
2386,2020-04-07,2387,2397,2020-04-08,2020-04-23,0.040095438048813214,1.0,-0.0062006229886568676,-0.0008673737620386035,0.24680017634327872,0.5148916967509025,outer_04,none,0.0,0,,False,5.0,0.0,0.0,0.0,0.0,0.0,0.0,0.0,0.0
2387,2020-04-08,2388,2398,2020-04-09,2020-04-24,0.05045546226854114,1.0,-0.0015425073048174198,0.0053442661239859746,0.29832133997933863,0.5148916967509025,outer_04,none,0.0,0,,False,5.0,0.0,0.0,0.0,0.0,0.0,0.0,0.0,0.0
2388,2020-04-09,2389,2399,2020-04-13,2020-04-27,0.026385513222741075,1.0,0.02292708326684778,0.06435321672703331,0.3024269610829224,0.5148916967509025,outer_04,none,0.0,0,,False,5.0,0.0,0.0,0.0,0.0,0.0,0.0,0.0,0.0
2389,2020-04-13,2390,2400,2020-04-14,2020-04-28,0.001546474784086982,1.0,0.016739996388780654,0.11252666119254595,0.4948617328657722,0.5148916967509025,outer_04,none,0.0,-1,row2389_entry2390_exit2400,True,5.0,0.000499875041651048,-0.001546474784086982,-0.00204634982573803,0.0,0.001046599742435934,-0.00204634982573803,0.001046599742435934,0.001046599742435934
2390,2020-04-14,2391,2401,2020-04-15,2020-04-29,-0.010784600939319766,0.0,0.008468810430692919,0.13461258568470758,0.3834485464663962,0.5148916967509025,outer_04,none,0.0,0,,False,5.0,0.0,-0.0,-0.0,0.0,-0.0,-0.0,-0.0,-0.0
2391,2020-04-15,2392,2402,2020-04-16,2020-04-30,-0.0020644777324054786,0.0,-0.005832071923404847,0.11645854179048776,0.40762528241692625,0.5148916967509025,outer_04,none,0.0,0,,False,5.0,0.0,-0.0,-0.0,0.0,-0.0,-0.0,-0.0,-0.0
2392,2020-04-16,2393,2403,2020-04-17,2020-05-01,-0.019069457278074076,0.0,0.00109465261536279,0.14621640357054133,0.2726005523557,0.5148916967509025,outer_04,none,0.0,0,,False,5.0,0.0,-0.0,-0.0,0.0,-0.0,-0.0,-0.0,-0.0
2393,2020-04-17,2394,2404,2020-04-20,2020-05-04,0.008878956898248802,1.0,-0.021315194199047482,0.13185636030629766,0.2197685851717039,0.5148916967509025,outer_04,none,0.0,0,,False,5.0,0.0,0.0,0.0,0.0,0.0,0.0,0.0,0.0
2394,2020-04-20,2395,2405,2020-04-21,2020-05-05,0.003374034933248282,1.0,0.007781126598247923,0.12328988875950664,0.20397137624670422,0.5148916967509025,outer_04,none,0.0,0,,False,5.0,0.0,0.0,0.0,0.0,0.0,0.0,0.0,0.0
2395,2020-04-21,2396,2406,2020-04-22,2020-05-06,0.012230474445554584,1.0,-0.00694919956968576,0.08110304050737316,0.20605181272926185,0.5148916967509025,outer_04,none,0.0,0,,False,5.0,0.0,0.0,0.0,0.0,0.0,0.0,0.0,0.0
2396,2020-04-22,2397,2407,2020-04-23,2020-05-07,-0.017336493143415233,0.0,0.01843855663504712,0.053626403908083375,0.23659031279286427,0.5148916967509025,outer_04,none,0.0,0,,False,5.0,0.0,-0.0,-0.0,0.0,-0.0,-0.0,-0.0,-0.0
2397,2020-04-23,2398,2408,2020-04-24,2020-05-08,-0.008728813895261922,0.0,0.008963307212852989,0.06813006240203112,0.17938799691140936,0.5148916967509025,outer_04,none,0.0,0,,False,5.0,0.0,-0.0,-0.0,0.0,-0.0,-0.0,-0.0,-0.0
2398,2020-04-24,2399,2409,2020-04-27,2020-05-11,-0.011644947195058819,0.0,-0.002256475303059169,0.05812075035664943,0.16056939540713056,0.5148916967509025,outer_04,none,0.0,0,,False,5.0,0.0,-0.0,-0.0,0.0,-0.0,-0.0,-0.0,-0.0
2399,2020-04-27,2400,2410,2020-04-28,2020-05-12,-0.010098047168249025,0.0,-0.006666013322169206,0.0553791088208877,0.14550240097928008,0.5148916967509025,outer_04,none,0.0,-1,row2399_entry2400_exit2410,True,5.0,0.000499875041651048,0.010098047168249025,0.009598172126597977,0.0,-0.010597922209900072,0.009598172126597977,0.009598172126597977,-0.010597922209900072
2400,2020-04-28,2401,2411,2020-04-29,2020-05-13,-0.0034778971806330716,0.0,-0.004259938248136308,0.0525006673726498,0.1857178404655216,0.5148916967509025,outer_04,none,0.0,0,,False,5.0,0.0,-0.0,-0.0,0.0,-0.0,-0.0,-0.0,-0.0
2401,2020-04-29,2402,2412,2020-04-30,2020-05-14,0.0013767919427305486,1.0,0.003063846117312252,0.08279720959319636,0.16448132114620564,0.5148916967509025,outer_04,none,0.0,0,,False,5.0,0.0,0.0,0.0,0.0,0.0,0.0,0.0,0.0
2402,2020-04-30,2403,2413,2020-05-01,2020-05-15,0.02578536808369325,1.0,-0.015835005339233987,0.05782084187573311,0.15103289279419885,0.5148916967509025,outer_04,none,0.0,0,,False,5.0,0.0,0.0,0.0,0.0,0.0,0.0,0.0,0.0
2403,2020-05-01,2404,2414,2020-05-04,2020-05-18,0.028637321889676493,1.0,0.00804593214541871,0.05312822553458041,0.12021674985909081,0.5148916967509025,outer_04,none,0.0,0,,False,5.0,0.0,0.0,0.0,0.0,0.0,0.0,0.0,0.0
2404,2020-05-04,2405,2415,2020-05-05,2020-05-19,0.01801294195842118,1.0,0.0008233841552049981,0.051448014113076646,0.15521146852313525,0.5148916967509025,outer_04,none,0.0,0,,False,5.0,0.0,0.0,0.0,0.0,0.0,0.0,0.0,0.0
2405,2020-05-05,2406,2416,2020-05-06,2020-05-20,0.02294378289424781,1.0,0.0021786948786157723,0.027668362246172862,0.1527441201363184,0.5148916967509025,outer_04,none,0.0,0,,False,5.0,0.0,0.0,0.0,0.0,0.0,0.0,0.0,0.0
2406,2020-05-06,2407,2417,2020-05-07,2020-05-21,0.03615908298793258,1.0,-0.011516691200989193,0.022352294033840536,0.1971134990203765,0.5148916967509025,outer_04,none,0.0,0,,False,5.0,0.0,0.0,0.0,0.0,0.0,0.0,0.0,0.0
2407,2020-05-07,2408,2418,2020-05-08,2020-05-22,0.006495830779211786,1.0,0.017680525497511645,0.0415753268361696,0.08987513484582557,0.5148916967509025,outer_04,none,0.0,0,,False,5.0,0.0,0.0,0.0,0.0,0.0,0.0,0.0,0.0
2408,2020-05-08,2409,2419,2020-05-11,2020-05-25,0.01731304654027621,1.0,-0.007701934869801086,0.010946308699520735,0.12850463443736285,0.5148916967509025,outer_04,none,0.0,0,,False,5.0,0.0,0.0,0.0,0.0,0.0,0.0,0.0,0.0
2409,2020-05-11,2410,2420,2020-05-12,2020-05-26,0.016584631801867644,1.0,-0.0026178564423551265,-0.008411544131615045,0.16968882935544988,0.5148916967509025,outer_04,none,0.0,-1,row2409_entry2410_exit2420,True,5.0,0.000499875041651048,-0.016584631801867644,-0.01708450684351869,0.0,0.016084756760216597,-0.01708450684351869,-0.01708450684351869,-0.01708450684351869
2410,2020-05-12,2411,2421,2020-05-13,2020-05-27,0.004876200138085096,1.0,0.0027177286647415144,-0.01416262589756645,0.17449604959351867,0.5148916967509025,outer_04,none,0.0,0,,False,5.0,0.0,0.0,0.0,0.0,0.0,0.0,0.0,0.0
2411,2020-05-13,2412,2422,2020-05-14,2020-05-28,-0.0035274435188563658,0.0,0.00763121249219445,-0.0006993414819671528,0.14519470973728177,0.5148916967509025,outer_04,none,0.0,0,,False,5.0,0.0,-0.0,-0.0,0.0,-0.0,-0.0,-0.0,-0.0
2412,2020-05-14,2413,2423,2020-05-15,2020-05-29,-0.00609927679325839,0.0,0.008568097555560428,0.006774103458230485,0.09714070279958034,0.5148916967509025,outer_04,none,0.0,0,,False,5.0,0.0,-0.0,-0.0,0.0,-0.0,-0.0,-0.0,-0.0
2413,2020-05-15,2414,2424,2020-05-18,2020-06-01,-0.006868143090028589,0.0,0.006791676811679359,0.034880974468957326,0.08921634429798873,0.5148916967509025,outer_04,none,0.0,0,,False,5.0,0.0,-0.0,-0.0,0.0,-0.0,-0.0,-0.0,-0.0
2414,2020-05-18,2415,2425,2020-05-19,2020-06-02,0.003320021724692701,1.0,-0.005555489886075016,0.021544357984634388,0.10669210395670702,0.5148916967509025,outer_04,none,0.0,0,,False,5.0,0.0,0.0,0.0,0.0,0.0,0.0,0.0,0.0
2415,2020-05-19,2416,2426,2020-05-20,2020-06-03,-0.009812501847833666,0.0,0.006926653782848291,0.03542021133716844,0.09494384682030502,0.5148916967509025,outer_04,none,0.0,0,,False,5.0,0.0,-0.0,-0.0,0.0,-0.0,-0.0,-0.0,-0.0
2416,2020-05-20,2417,2427,2020-05-21,2020-06-04,-0.02789750353689069,0.0,0.0017012992976379593,0.018682953999759278,0.10334367913050074,0.5148916967509025,outer_04,none,0.0,0,,False,5.0,0.0,-0.0,-0.0,0.0,-0.0,-0.0,-0.0,-0.0
2417,2020-05-21,2418,2428,2020-05-22,2020-06-05,-0.006944775038953743,0.0,-0.011773409798824908,-0.002053763011918619,0.12809453119548853,0.5148916967509025,outer_04,none,0.0,0,,False,5.0,0.0,-0.0,-0.0,0.0,-0.0,-0.0,-0.0,-0.0
2418,2020-05-22,2419,2429,2020-05-25,2020-06-08,-0.030237049184074216,0.0,0.005019925567045114,0.005222637858185664,0.08928025304259943,0.5148916967509025,outer_04,none,0.0,0,,False,5.0,0.0,-0.0,-0.0,0.0,-0.0,-0.0,-0.0,-0.0
2419,2020-05-25,2420,2430,2020-05-26,2020-06-09,-0.015160163676276817,0.0,-0.0041747686706781195,0.0077138825096767505,0.1475999386049407,0.5148916967509025,outer_04,none,0.0,-1,row2419_entry2420_exit2430,True,5.0,0.000499875041651048,0.015160163676276817,0.014660288634625769,0.0,-0.015660038717927864,0.014660288634625769,0.014660288634625769,-0.015660038717927864
2420,2020-05-26,2421,2431,2020-05-27,2020-06-10,0.0029015225608102213,1.0,-0.010417336458980131,0.0015564842988329275,0.13400769310551314,0.5148916967509025,outer_04,none,0.0,0,,False,5.0,0.0,0.0,0.0,0.0,0.0,0.0,0.0,0.0
2421,2020-05-27,2422,2432,2020-05-28,2020-06-11,0.01663412502592454,1.0,-0.00043276372945832975,-0.0019401255479376545,0.14301306709514486,0.5148916967509025,outer_04,none,0.0,0,,False,5.0,0.0,0.0,0.0,0.0,0.0,0.0,0.0,0.0
2422,2020-05-28,2423,2433,2020-05-29,2020-06-12,0.005613626590609044,1.0,0.0053146774262415875,0.01920955721753792,0.14281563718436774,0.5148916967509025,outer_04,none,0.0,0,,False,5.0,0.0,0.0,0.0,0.0,0.0,0.0,0.0,0.0
2423,2020-05-29,2424,2434,2020-06-01,2020-06-15,-0.002677315975970096,0.0,0.0068018203200077565,0.017965445392126966,0.1045779344006256,0.5148916967509025,outer_04,none,0.0,0,,False,5.0,0.0,-0.0,-0.0,0.0,-0.0,-0.0,-0.0,-0.0
2424,2020-06-01,2425,2435,2020-06-02,2020-06-16,-0.007242139834326089,0.0,0.005227843336346183,0.02236990457326815,0.08403919385545977,0.5148916967509025,outer_04,none,0.0,0,,False,5.0,0.0,-0.0,-0.0,0.0,-0.0,-0.0,-0.0,-0.0
2425,2020-06-02,2426,2436,2020-06-03,2020-06-17,-0.0011819099648180398,0.0,-0.00693988530623546,0.013251324388416919,0.1422207339910848,0.5148916967509025,outer_04,none,0.0,0,,False,5.0,0.0,-0.0,-0.0,0.0,-0.0,-0.0,-0.0,-0.0
2426,2020-06-03,2427,2437,2020-06-04,2020-06-18,0.0155450201187044,1.0,-0.017042135194275332,0.00772588039513078,0.24108466716794863,0.5148916967509025,outer_04,none,0.0,0,,False,5.0,0.0,0.0,0.0,0.0,0.0,0.0,0.0,0.0
2427,2020-06-04,2428,2438,2020-06-05,2020-06-19,0.004689381287973582,1.0,0.008525260806854007,-0.0014293842955268588,0.1846721248458776,0.5148916967509025,outer_04,none,0.0,0,,False,5.0,0.0,0.0,0.0,0.0,0.0,0.0,0.0,0.0
2428,2020-06-05,2429,2439,2020-06-08,2020-06-22,0.0391859247810169,1.0,-0.016779411071133232,-0.010506860496859005,0.29367485890979644,0.5148916967509025,outer_04,none,0.0,0,,False,5.0,0.0,0.0,0.0,0.0,0.0,0.0,0.0,0.0
2429,2020-06-08,2430,2440,2020-06-09,2020-06-23,0.03120059920358642,1.0,0.008330696272883742,0.0004416922183798633,0.25398132750976965,0.5148916967509025,outer_04,none,0.0,-1,row2429_entry2430_exit2440,True,5.0,0.000499875041651048,-0.03120059920358642,-0.03170047424523747,0.0,0.030700724161935374,-0.03170047424523747,0.030700724161935374,0.030700724161935374
2430,2020-06-09,2431,2441,2020-06-10,2020-06-24,0.030825007027143414,1.0,0.009242421215247099,0.0069663847688854474,0.19672662103444175,0.5148916967509025,outer_04,none,0.0,0,,False,5.0,0.0,0.0,0.0,0.0,0.0,0.0,0.0,0.0
2431,2020-06-10,2432,2442,2020-06-11,2020-06-25,0.012363273987149093,1.0,0.013714043769980755,0.013049216046671752,0.1722320997711962,0.5148916967509025,outer_04,none,0.0,0,,False,5.0,0.0,0.0,0.0,0.0,0.0,0.0,0.0,0.0
2432,2020-06-11,2433,2443,2020-06-12,2020-06-26,0.019998548196464405,1.0,-0.005348516525036651,-0.0008673980339253262,0.2109896369139,0.5148916967509025,outer_04,none,0.0,0,,False,5.0,0.0,0.0,0.0,0.0,0.0,0.0,0.0,0.0
2433,2020-06-12,2434,2444,2020-06-15,2020-06-29,0.022599702804191324,1.0,0.0011621420566561014,-0.006496932788948584,0.2446620936071454,0.5148916967509025,outer_04,none,0.0,0,,False,5.0,0.0,0.0,0.0,0.0,0.0,0.0,0.0,0.0
2434,2020-06-15,2435,2445,2020-06-16,2020-06-30,0.026668857207682528,1.0,-0.0030846627715694908,-0.004026105674443059,0.27867197371311164,0.5148916967509025,outer_04,none,0.0,0,,False,5.0,0.0,0.0,0.0,0.0,0.0,0.0,0.0,0.0
2435,2020-06-16,2436,2446,2020-06-17,2020-07-01,0.03229039939414147,1.0,0.0006779366649638519,-0.010274822792327498,0.3718528515530271,0.5148916967509025,outer_04,none,0.0,0,,False,5.0,0.0,0.0,0.0,0.0,0.0,0.0,0.0,0.0
2436,2020-06-17,2437,2447,2020-06-18,2020-07-02,0.026085277732248002,1.0,-0.00012744019017407737,-0.012103562280139535,0.3812476802967782,0.5148916967509025,outer_04,none,0.0,0,,False,5.0,0.0,0.0,0.0,0.0,0.0,0.0,0.0,0.0
2437,2020-06-18,2438,2448,2020-06-19,2020-07-03,0.03068282873195738,1.0,-0.002151554907364961,-0.002481707388679588,0.3574471034966822,0.5148916967509025,outer_04,none,0.0,0,,False,5.0,0.0,0.0,0.0,0.0,0.0,0.0,0.0,0.0
2438,2020-06-19,2439,2449,2020-06-22,2020-07-06,0.014592497050316844,1.0,0.0114180082166353,0.003916375260910598,0.18827535038980198,0.5148916967509025,outer_04,none,0.0,0,,False,5.0,0.0,0.0,0.0,0.0,0.0,0.0,0.0,0.0
2439,2020-06-22,2440,2450,2020-06-23,2020-07-07,0.01765986689585919,1.0,0.0070292927582640274,0.015120436689852745,0.21822037267732702,0.5148916967509025,outer_04,none,0.0,-1,row2439_entry2440_exit2450,True,5.0,0.000499875041651048,-0.01765986689585919,-0.018159741937510236,0.0,0.01715999185420814,-0.018159741937510236,0.01715999185420814,0.01715999185420814
2440,2020-06-23,2441,2451,2020-06-24,2020-07-08,0.014617805271022632,1.0,0.007042482606695266,0.03258025575552814,0.2945294982866286,0.5148916967509025,outer_04,none,0.0,0,,False,5.0,0.0,0.0,0.0,0.0,0.0,0.0,0.0,0.0
2441,2020-06-24,2442,2452,2020-06-25,2020-07-09,0.02791494059540689,1.0,-0.0032140789467058895,0.029798940538280583,0.2648483304933245,0.5148916967509025,outer_04,none,0.0,0,,False,5.0,0.0,0.0,0.0,0.0,0.0,0.0,0.0,0.0
2442,2020-06-25,2443,2453,2020-06-26,2020-07-10,0.021261466986220334,1.0,0.0013333675743014695,0.025817630686340465,0.2909756171534197,0.5148916967509025,outer_04,none,0.0,0,,False,5.0,0.0,0.0,0.0,0.0,0.0,0.0,0.0,0.0
2443,2020-06-26,2444,2454,2020-06-29,2020-07-13,0.0161317769742384,1.0,0.0033623942014706643,0.022378204567803373,0.2876744575500377,0.5148916967509025,outer_04,none,0.0,0,,False,5.0,0.0,0.0,0.0,0.0,0.0,0.0,0.0,0.0
2444,2020-06-29,2445,2455,2020-06-30,2020-07-14,0.016916881466519484,1.0,0.0017108161037109326,0.018861177335168122,0.3917082458500146,0.5148916967509025,outer_04,none,0.0,0,,False,5.0,0.0,0.0,0.0,0.0,0.0,0.0,0.0,0.0
2445,2020-06-30,2446,2456,2020-07-01,2020-07-15,0.014687219034502874,1.0,0.004469293760736903,0.030270356402140486,0.4144468390818818,0.5148916967509025,outer_04,none,0.0,0,,False,5.0,0.0,0.0,0.0,0.0,0.0,0.0,0.0,0.0
2446,2020-07-01,2447,2457,2020-07-02,2020-07-16,0.02184942570121695,1.0,-0.0060275420633040255,0.04128494953311179,0.43365103388092896,0.5148916967509025,outer_04,none,0.0,0,,False,5.0,0.0,0.0,0.0,0.0,0.0,0.0,0.0,0.0
2447,2020-07-02,2448,2458,2020-07-03,2020-07-17,0.012085482996815777,1.0,0.0028943743565044144,0.0356540630827622,0.4709604397765209,0.5148916967509025,outer_04,none,0.0,0,,False,5.0,0.0,0.0,0.0,0.0,0.0,0.0,0.0,0.0
2448,2020-07-03,2449,2459,2020-07-06,2020-07-20,0.019361694455647616,1.0,-3.94380639345826e-05,0.05239403608996085,0.3866500337296226,0.5148916967509025,outer_04,none,0.0,0,,False,5.0,0.0,0.0,0.0,0.0,0.0,0.0,0.0,0.0
2449,2020-07-06,2450,2460,2020-07-07,2020-07-21,0.01815133344987352,1.0,0.005254075556876181,0.04931741537395329,0.3373590824792699,0.5148916967509025,outer_04,none,0.0,-1,row2449_entry2450_exit2460,True,5.0,0.000499875041651048,-0.01815133344987352,-0.018651208491524567,0.0,0.01765145840822247,-0.018651208491524567,0.01765145840822247,0.01765145840822247
2450,2020-07-07,2451,2461,2020-07-08,2020-07-22,0.0252043000133666,1.0,0.0057839970127799845,0.045858991171486174,0.40626334332483716,0.5148916967509025,outer_04,none,0.0,0,,False,5.0,0.0,0.0,0.0,0.0,0.0,0.0,0.0,0.0
2451,2020-07-08,2452,2462,2020-07-09,2020-07-23,0.035080456759947864,1.0,0.007687968924550148,0.03983291632605557,0.5154313349350641,0.5148916967509025,outer_04,none,0.0,0,,False,5.0,0.0,0.0,0.0,0.0,0.0,0.0,0.0,0.0
2452,2020-07-09,2453,2463,2020-07-10,2020-07-24,0.04746117176823361,1.0,-0.00339540091961954,0.04178603193147268,0.4293492875802789,0.5148916967509025,outer_04,none,0.0,0,,False,5.0,0.0,0.0,0.0,0.0,0.0,0.0,0.0,0.0
2453,2020-07-10,2454,2464,2020-07-13,2020-07-27,0.055950297251593284,1.0,-0.0020828191672990215,0.038541070707517555,0.40966443137658126,0.5148916967509025,outer_04,none,0.0,0,,False,5.0,0.0,0.0,0.0,0.0,0.0,0.0,0.0,0.0
2454,2020-07-13,2455,2465,2020-07-14,2020-07-28,0.07540796841542541,1.0,0.0020550767610876264,0.04368081024017467,0.37944005489352706,0.5148916967509025,outer_04,none,0.0,0,,False,5.0,0.0,0.0,0.0,0.0,0.0,0.0,0.0,0.0
2455,2020-07-14,2456,2466,2020-07-15,2020-07-29,0.08184123834557688,1.0,0.00372169700136471,0.04672457057657553,0.3690079237727428,0.5148916967509025,outer_04,none,0.0,0,,False,5.0,0.0,0.0,0.0,0.0,0.0,0.0,0.0,0.0
2456,2020-07-15,2457,2467,2020-07-16,2020-07-30,0.08494170213696428,1.0,0.0005415920728353285,0.047393602839584936,0.3842393900469728,0.5148916967509025,outer_04,none,0.0,0,,False,5.0,0.0,0.0,0.0,0.0,0.0,0.0,0.0,0.0
2457,2020-07-16,2458,2468,2020-07-17,2020-07-31,0.08392092479939084,1.0,-0.007280704001733973,0.042264453745215924,0.3285944359227308,0.5148916967509025,outer_04,none,0.0,0,,False,5.0,0.0,0.0,0.0,0.0,0.0,0.0,0.0,0.0
2458,2020-07-17,2459,2469,2020-07-20,2020-08-03,0.09263470001823926,1.0,0.007120467514438289,0.03796691304301891,0.32579088360536673,0.5148916967509025,outer_04,none,0.0,0,,False,5.0,0.0,0.0,0.0,0.0,0.0,0.0,0.0,0.0
2459,2020-07-20,2460,2470,2020-07-21,2020-08-04,0.08406963130668199,1.0,0.004152323792131263,0.03508994407688615,0.40709603845665443,0.5148916967509025,outer_04,none,0.0,-1,row2459_entry2460_exit2470,True,5.0,0.000499875041651048,-0.08406963130668199,-0.08456950634833305,0.0,0.08356975626503094,-0.08456950634833305,0.08356975626503094,0.08356975626503094
2460,2020-07-21,2461,2471,2020-07-22,2020-08-05,0.09340470413798041,1.0,0.01326723827305365,0.04131469974324453,0.3731339091079617,0.5148916967509025,outer_04,none,0.0,0,,False,5.0,0.0,0.0,0.0,0.0,0.0,0.0,0.0,0.0
2461,2020-07-22,2462,2472,2020-07-23,2020-08-06,0.0850278781892877,1.0,0.016021028426429496,0.06054980711637992,0.409795118596751,0.5148916967509025,outer_04,none,0.0,0,,False,5.0,0.0,0.0,0.0,0.0,0.0,0.0,0.0,0.0
2462,2020-07-23,2463,2473,2020-07-24,2020-08-07,0.08948892343910853,1.0,0.007851652844889756,0.0670680923869682,0.4683325652834507,0.5148916967509025,outer_04,none,0.0,0,,False,5.0,0.0,0.0,0.0,0.0,0.0,0.0,0.0,0.0
2463,2020-07-24,2464,2474,2020-07-27,2020-08-10,0.06297400954905452,1.0,0.008269135723930177,0.07197483390942772,0.5868003252645164,0.5148916967509025,outer_04,none,0.0,0,,False,5.0,0.0,0.0,0.0,0.0,0.0,0.0,0.0,0.0
2464,2020-07-27,2465,2475,2020-07-28,2020-08-11,0.042001982264832094,1.0,0.02047128291259437,0.09073530071831115,0.62571125714105,0.5148916967509025,outer_04,none,0.0,0,,False,5.0,0.0,0.0,0.0,0.0,0.0,0.0,0.0,0.0
2465,2020-07-28,2466,2476,2020-07-29,2020-08-12,-0.02414031273662154,0.0,0.00873063351108172,0.09499664046865597,0.7346372145058576,0.5148916967509025,outer_04,none,0.0,0,,False,5.0,0.0,-0.0,-0.0,0.0,-0.0,-0.0,-0.0,-0.0
2466,2020-07-29,2467,2477,2020-07-30,2020-08-13,-0.026381980159884577,0.0,0.006536370247807177,0.10756055277976717,0.6799342202151526,0.5148916967509025,outer_04,none,0.0,0,,False,5.0,0.0,-0.0,-0.0,0.0,-0.0,-0.0,-0.0,-0.0
2467,2020-07-30,2468,2478,2020-07-31,2020-08-14,-0.0021091006262032863,0.0,-0.0067611168979846425,0.09790506152527811,0.6649766800709015,0.5148916967509025,outer_04,none,0.0,0,,False,5.0,0.0,-0.0,-0.0,0.0,-0.0,-0.0,-0.0,-0.0
2468,2020-07-31,2469,2479,2020-08-03,2020-08-17,-0.019662382131068412,0.0,0.008889941982713978,0.10683444157192667,0.5768590000451193,0.5148916967509025,outer_04,none,0.0,0,,False,5.0,0.0,-0.0,-0.0,0.0,-0.0,-0.0,-0.0,-0.0
2469,2020-08-03,2470,2480,2020-08-04,2020-08-18,0.002933952863755529,1.0,0.00048595293287334584,0.10206631894792384,0.6044656337770766,0.5148916967509025,outer_04,none,0.0,1,row2469_entry2470_exit2480,True,5.0,0.000499875041651048,0.002933952863755529,0.002434077822104481,0.0,0.002434077822104481,-0.003433827905406577,0.002434077822104481,0.002434077822104481
2470,2020-08-04,2471,2481,2020-08-05,2020-08-19,-0.007992512040948974,0.0,0.021305045905123166,0.11758736784026702,0.6337471187715145,0.5148916967509025,outer_04,none,0.0,0,,False,5.0,0.0,-0.0,-0.0,0.0,-0.0,-0.0,-0.0,-0.0
2471,2020-08-05,2472,2482,2020-08-06,2020-08-20,-0.05477979562225599,0.0,0.01007035021826752,0.1199697491339844,0.68026498896507,0.5148916967509025,outer_04,none,0.0,0,,False,5.0,0.0,-0.0,-0.0,0.0,-0.0,-0.0,-0.0,-0.0
2472,2020-08-06,2473,2483,2020-08-07,2020-08-21,-0.05903627803768785,0.0,0.011842535550302458,0.1352076856039064,0.6418309633245308,0.5148916967509025,outer_04,none,0.0,0,,False,5.0,0.0,-0.0,-0.0,0.0,-0.0,-0.0,-0.0,-0.0
2473,2020-08-07,2474,2484,2020-08-10,2020-08-24,-0.04523607466445689,0.0,-0.0146960949789392,0.12259440979226621,0.4787959910124174,0.5148916967509025,outer_04,none,0.0,0,,False,5.0,0.0,-0.0,-0.0,0.0,-0.0,-0.0,-0.0,-0.0
2474,2020-08-10,2475,2485,2020-08-11,2020-08-25,-0.04868309612413313,0.0,-0.0027285549685842625,0.11781077806259432,0.5672779663279955,0.5148916967509025,outer_04,none,0.0,0,,False,5.0,0.0,-0.0,-0.0,0.0,-0.0,-0.0,-0.0,-0.0
2475,2020-08-11,2476,2486,2020-08-12,2020-08-26,0.006722819338602193,1.0,-0.05840987218720173,0.055679208874027886,0.45141100348929575,0.5148916967509025,outer_04,none,0.0,0,,False,5.0,0.0,0.0,0.0,0.0,0.0,0.0,0.0,0.0
2476,2020-08-12,2477,2487,2020-08-13,2020-08-27,0.016634161472850018,1.0,0.003345907520479585,0.05848352432167214,0.6338101334777533,0.5148916967509025,outer_04,none,0.0,0,,False,5.0,0.0,0.0,0.0,0.0,0.0,0.0,0.0,0.0
2477,2020-08-13,2478,2488,2020-08-14,2020-08-28,-0.011027174418427599,0.0,0.01790050430875656,0.08366473263216267,0.5486928229670994,0.5148916967509025,outer_04,none,0.0,0,,False,5.0,0.0,-0.0,-0.0,0.0,-0.0,-0.0,-0.0,-0.0
2478,2020-08-14,2479,2489,2020-08-17,2020-08-31,0.012345646559971613,1.0,-0.0051678110294295365,0.07137645408829485,0.5792189618055832,0.5148916967509025,outer_04,none,0.0,0,,False,5.0,0.0,0.0,0.0,0.0,0.0,0.0,0.0,0.0
2479,2020-08-17,2480,2490,2020-08-18,2020-09-01,-0.007500946211187021,0.0,0.02080523109451793,0.08802936139068152,0.39364812314825254,0.5148916967509025,outer_04,none,0.0,-1,row2479_entry2480_exit2490,True,5.0,0.000499875041651048,0.007500946211187021,0.007001071169535973,0.0,-0.008000821252838068,0.007001071169535973,-0.008000821252838068,-0.008000821252838068
2480,2020-08-18,2481,2491,2020-08-19,2020-09-02,-0.018569434572206944,0.0,0.008924845715187146,0.08368696883281501,0.437647990598977,0.5148916967509025,outer_04,none,0.0,0,,False,5.0,0.0,-0.0,-0.0,0.0,-0.0,-0.0,-0.0,-0.0
2481,2020-08-19,2482,2492,2020-08-20,2020-09-03,0.0054162614692252475,1.0,-0.037949732876040976,0.02971620753034454,0.5994540924325401,0.5148916967509025,outer_04,none,0.0,0,,False,5.0,0.0,0.0,0.0,0.0,0.0,0.0,0.0,0.0
2482,2020-08-20,2483,2493,2020-08-21,2020-09-04,-0.008661276615042901,0.0,0.009556506543344057,0.03142106122879884,0.5459658293420603,0.5148916967509025,outer_04,none,0.0,0,,False,5.0,0.0,-0.0,-0.0,0.0,-0.0,-0.0,-0.0,-0.0
2483,2020-08-21,2484,2494,2020-08-24,2020-09-07,-0.002388363297877838,0.0,-0.003701277020579319,0.019450648484289346,0.673241392353573,0.5148916967509025,outer_04,none,0.0,0,,False,5.0,0.0,-0.0,-0.0,0.0,-0.0,-0.0,-0.0,-0.0
2484,2020-08-24,2485,2495,2020-08-25,2020-09-08,-0.00041452066460934134,0.0,-0.0054817894088818875,-0.00650242383718691,0.7300104719351396,0.5148916967509025,outer_04,none,0.0,0,,False,5.0,0.0,-0.0,-0.0,0.0,-0.0,-0.0,-0.0,-0.0
2485,2020-08-25,2486,2496,2020-08-26,2020-09-09,0.0017150840890334251,1.0,-0.0007833474234955062,-0.016016404771764137,0.5785486707719202,0.5148916967509025,outer_04,none,0.0,0,,False,5.0,0.0,0.0,0.0,0.0,0.0,0.0,0.0,0.0
2486,2020-08-26,2487,2497,2020-08-27,2020-09-10,-0.0028833692781002895,0.0,0.013541409133348559,-0.009011365886222755,0.5505109392168456,0.5148916967509025,outer_04,none,0.0,0,,False,5.0,0.0,-0.0,-0.0,0.0,-0.0,-0.0,-0.0,-0.0
2487,2020-08-27,2488,2498,2020-08-28,2020-09-11,0.008430769952928685,1.0,-0.01278917639339383,-0.015039425381631943,0.5352968655516372,0.5148916967509025,outer_04,none,0.0,0,,False,5.0,0.0,0.0,0.0,0.0,0.0,0.0,0.0,0.0
2488,2020-08-28,2489,2499,2020-08-31,2020-09-14,-0.016039004524470712,0.0,0.01850715351928134,-0.005422213845064583,0.4405632652491072,0.5148916967509025,outer_04,none,0.0,0,,False,5.0,0.0,-0.0,-0.0,0.0,-0.0,-0.0,-0.0,-0.0
2489,2020-08-31,2490,2500,2020-09-01,2020-09-15,-0.0054355296675785425,0.0,0.0019732699610406357,-0.003934896816897293,0.4999600301937296,0.5148916967509025,outer_04,none,0.0,-1,row2489_entry2490_exit2500,True,5.0,0.000499875041651048,0.0054355296675785425,0.004935654625927495,0.0,-0.00593540470922959,0.004935654625927495,-0.00593540470922959,0.004935654625927495
2490,2020-09-01,2491,2501,2020-09-02,2020-09-16,-0.006979861259685194,0.0,0.0012237075799985675,-0.02401623514202189,0.5338890508704897,0.5148916967509025,outer_04,none,0.0,0,,False,5.0,0.0,-0.0,-0.0,0.0,-0.0,-0.0,-0.0,-0.0
2491,2020-09-02,2492,2502,2020-09-03,2020-09-17,0.008950509325818423,1.0,-0.014078945589235836,-0.04816553094952525,0.5528265780725675,0.5148916967509025,outer_04,none,0.0,0,,False,5.0,0.0,0.0,0.0,0.0,0.0,0.0,0.0,0.0
2492,2020-09-03,2493,2503,2020-09-04,2020-09-18,0.006785879470379008,1.0,-0.0065212066299862315,-0.06652927312981394,0.599811071283143,0.5148916967509025,outer_04,none,0.0,0,,False,5.0,0.0,0.0,0.0,0.0,0.0,0.0,0.0,0.0
2493,2020-09-04,2494,2504,2020-09-07,2020-09-21,0.009109192210445372,1.0,0.0013666225331609994,-0.05046655561771374,0.5322273966218181,0.5148916967509025,outer_04,none,0.0,0,,False,5.0,0.0,0.0,0.0,0.0,0.0,0.0,0.0,0.0
2494,2020-09-07,2495,2505,2020-09-08,2020-09-22,-0.007908716831499518,0.0,-0.00248615907908345,-0.050224159728212925,0.6568376287704984,0.5148916967509025,outer_04,none,0.0,0,,False,5.0,0.0,-0.0,-0.0,0.0,-0.0,-0.0,-0.0,-0.0
2495,2020-09-08,2496,2506,2020-09-09,2020-09-23,-0.016163349216107292,0.0,0.0016684806191999968,0.0098541930781888,0.6386108025892577,0.5148916967509025,outer_04,none,0.0,0,,False,5.0,0.0,-0.0,-0.0,0.0,-0.0,-0.0,-0.0,-0.0
2496,2020-09-09,2497,2507,2020-09-10,2020-09-24,-0.04322687746071274,0.0,0.008177663854145756,0.01468594941185497,0.5794592981453954,0.5148916967509025,outer_04,none,0.0,0,,False,5.0,0.0,-0.0,-0.0,0.0,-0.0,-0.0,-0.0,-0.0
2497,2020-09-10,2498,2508,2020-09-11,2020-09-25,-0.040124981472103194,0.0,-0.0006986217915105897,-0.003913176688412179,0.6056516554815106,0.5148916967509025,outer_04,none,0.0,0,,False,5.0,0.0,-0.0,-0.0,0.0,-0.0,-0.0,-0.0,-0.0
2498,2020-09-11,2499,2509,2020-09-14,2020-09-28,-0.039387932228206246,0.0,-0.002845757345049549,-0.001591123004032191,0.574813996861272,0.5148916967509025,outer_04,none,0.0,0,,False,5.0,0.0,-0.0,-0.0,0.0,-0.0,-0.0,-0.0,-0.0
2499,2020-09-14,2500,2510,2020-09-15,2020-09-29,-0.039828964791993826,0.0,0.008232019800179735,-0.014164334298370385,0.5986966226677866,0.5148916967509025,outer_04,none,0.0,1,row2499_entry2500_exit2510,True,5.0,0.000499875041651048,-0.039828964791993826,-0.040328839833644874,0.0,-0.040328839833644874,0.03932908975034278,-0.040328839833644874,0.03932908975034278
2500,2020-09-15,2501,2511,2020-09-16,2020-09-30,-0.029507281967524612,0.0,-0.0016266570676153336,-0.024715837081172864,0.6548760169245658,0.5148916967509025,outer_04,none,0.0,0,,False,5.0,0.0,-0.0,-0.0,0.0,-0.0,-0.0,-0.0,-0.0
2501,2020-09-16,2502,2512,2020-09-17,2020-10-01,-0.03751619515710658,0.0,0.0029699778252325615,0.016203873620100673,0.5019969153063866,0.5148916967509025,outer_04,none,0.0,0,,False,5.0,0.0,-0.0,-0.0,0.0,-0.0,-0.0,-0.0,-0.0
2502,2020-09-17,2503,2513,2020-09-18,2020-10-02,-0.02063385884571911,0.0,-0.007660124304671001,-0.0010127572279143848,0.49621354332987494,0.5148916967509025,outer_04,none,0.0,0,,False,5.0,0.0,-0.0,-0.0,0.0,-0.0,-0.0,-0.0,-0.0
2503,2020-09-18,2504,2514,2020-09-21,2020-10-05,-0.024022622953544293,0.0,0.003194152594272026,0.00588267238693696,0.4651162509458193,0.5148916967509025,outer_04,none,0.0,0,,False,5.0,0.0,-0.0,-0.0,0.0,-0.0,-0.0,-0.0,-0.0
2504,2020-09-21,2505,2515,2020-09-22,2020-10-06,-0.0012440218001401604,0.0,-0.019936761249438106,-0.008572299453619259,0.6815014075475587,0.5148916967509025,outer_04,none,0.0,0,,False,5.0,0.0,-0.0,-0.0,0.0,-0.0,-0.0,-0.0,-0.0
2505,2020-09-22,2506,2516,2020-09-23,2020-10-07,-0.012036667751506691,0.0,-0.006075155218020711,-0.013864107248144464,0.7197546573630774,0.5148916967509025,outer_04,none,0.0,0,,False,5.0,0.0,-0.0,-0.0,0.0,-0.0,-0.0,-0.0,-0.0
2506,2020-09-23,2507,2517,2020-09-24,2020-10-08,0.012428083605889206,1.0,-0.019984295501280336,-0.04738981188277336,0.752464158991183,0.5148916967509025,outer_04,none,0.0,0,,False,5.0,0.0,0.0,0.0,0.0,0.0,0.0,0.0,0.0
2507,2020-09-24,2508,2518,2020-09-25,2020-10-09,0.012838606613948755,1.0,0.0031730744316220694,-0.03142756105775746,0.7431638538172621,0.5148916967509025,outer_04,none,0.0,0,,False,5.0,0.0,0.0,0.0,0.0,0.0,0.0,0.0,0.0
2508,2020-09-25,2509,2519,2020-09-28,2020-10-12,0.03377289093981606,1.0,-0.004569842752228048,-0.054504557329266845,0.8144664048294739,0.5148916967509025,outer_04,none,0.0,0,,False,5.0,0.0,0.0,0.0,0.0,0.0,0.0,0.0,0.0
2509,2020-09-28,2510,2520,2020-09-29,2020-10-13,0.022412846349747717,1.0,0.011598267898880188,-0.04487955939142729,0.7414831356001521,0.5148916967509025,outer_04,none,0.0,1,row2509_entry2510_exit2520,True,5.0,0.000499875041651048,0.022412846349747717,0.02191297130809667,0.0,0.02191297130809667,-0.022912721391398765,0.02191297130809667,-0.022912721391398765
2510,2020-09-29,2511,2521,2020-09-30,2020-10-14,-0.0025008982496483867,0.0,0.00827666843900765,-0.03782659853241821,0.7109670279358133,0.5148916967509025,outer_04,none,0.0,0,,False,5.0,0.0,-0.0,-0.0,0.0,-0.0,-0.0,-0.0,-0.0
2511,2020-09-30,2512,2522,2020-10-01,2020-10-15,0.00750625083394052,1.0,-0.006476860675889817,-0.03022451361907219,0.7594759842918773,0.5148916967509025,outer_04,none,0.0,0,,False,5.0,0.0,0.0,0.0,0.0,0.0,0.0,0.0,0.0
2512,2020-10-01,2513,2523,2020-10-02,2020-10-16,0.002108322357692316,1.0,0.010925495826461962,-0.012777811162623998,0.6955609694850926,0.5148916967509025,outer_04,none,0.0,0,,False,5.0,0.0,0.0,0.0,0.0,0.0,0.0,0.0,0.0
2513,2020-10-02,2514,2524,2020-10-05,2020-10-19,-0.0019772933308637164,0.0,-0.002816222451246908,-0.016960656147031905,0.6756789920367594,0.5148916967509025,outer_04,none,0.0,0,,False,5.0,0.0,-0.0,-0.0,0.0,-0.0,-0.0,-0.0,-0.0
2514,2020-10-05,2515,2525,2020-10-06,2020-10-20,-0.004434597067866086,0.0,0.006853310448395433,-0.007621186619553022,0.5821269855191805,0.5148916967509025,outer_04,none,0.0,0,,False,5.0,0.0,-0.0,-0.0,0.0,-0.0,-0.0,-0.0,-0.0
2515,2020-10-06,2516,2526,2020-10-07,2020-10-21,0.017033056820714876,1.0,-0.019039351659694503,-0.028329018898447522,0.694770451596328,0.5148916967509025,outer_04,none,0.0,0,,False,5.0,0.0,0.0,0.0,0.0,0.0,0.0,0.0,0.0
2516,2020-10-07,2517,2527,2020-10-08,2020-10-22,0.019612792615431474,1.0,0.005454959760696987,-0.03105172299189629,0.6694890692422123,0.5148916967509025,outer_04,none,0.0,0,,False,5.0,0.0,0.0,0.0,0.0,0.0,0.0,0.0,0.0
2517,2020-10-08,2518,2528,2020-10-09,2020-10-23,0.005728230808162316,1.0,0.00299894706334225,-0.02735415413704345,0.6186383756203028,0.5148916967509025,outer_04,none,0.0,0,,False,5.0,0.0,0.0,0.0,0.0,0.0,0.0,0.0,0.0
2518,2020-10-09,2519,2529,2020-10-12,2020-10-26,-0.01333262528292245,0.0,0.019025674775509316,-0.005482722016484587,0.5052479588358564,0.5148916967509025,outer_04,none,0.0,0,,False,5.0,0.0,-0.0,-0.0,0.0,-0.0,-0.0,-0.0,-0.0
2519,2020-10-12,2520,2530,2020-10-13,2020-10-27,-0.011406470869084195,0.0,-0.0037586027376219633,-0.017473344554286285,0.5379602074049933,0.5148916967509025,outer_04,none,0.0,1,row2519_entry2520_exit2530,True,5.0,0.000499875041651048,-0.011406470869084195,-0.011906345910735243,0.0,-0.011906345910735243,0.010906595827433148,0.010906595827433148,0.010906595827433148
2520,2020-10-13,2521,2531,2020-10-14,2020-10-28,0.0077880784101491685,1.0,-0.016551233955324207,-0.03239792144199516,0.6290545193411115,0.5148916967509025,outer_04,none,0.0,0,,False,5.0,0.0,0.0,0.0,0.0,0.0,0.0,0.0,0.0
2521,2020-10-14,2522,2532,2020-10-15,2020-10-29,-0.012616460572486332,0.0,0.004968941217830647,-0.030398958049397073,0.5929437844259128,0.5148916967509025,outer_04,none,0.0,0,,False,5.0,0.0,-0.0,-0.0,0.0,-0.0,-0.0,-0.0,-0.0
2522,2020-10-15,2523,2533,2020-10-16,2020-10-30,-0.020986306916206843,0.0,0.0039018957657814823,-0.01883693797894459,0.5238109249103915,0.5148916967509025,outer_04,none,0.0,0,,False,5.0,0.0,-0.0,-0.0,0.0,-0.0,-0.0,-0.0,-0.0
2523,2020-10-16,2524,2534,2020-10-19,2020-11-02,-0.010817839381684458,0.0,-0.004812601889132573,-0.02684369246234919,0.5164442146765853,0.5148916967509025,outer_04,none,0.0,0,,False,5.0,0.0,-0.0,-0.0,0.0,-0.0,-0.0,-0.0,-0.0
2524,2020-10-19,2525,2535,2020-10-20,2020-11-03,-0.004501843878395917,0.0,0.002461733924281617,-0.0044451972886294655,0.4207715798461672,0.5148916967509025,outer_04,none,0.0,0,,False,5.0,0.0,-0.0,-0.0,0.0,-0.0,-0.0,-0.0,-0.0
2525,2020-10-20,2526,2536,2020-10-21,2020-11-04,-0.0005079451633172027,0.0,0.002146435983638284,0.00377639391302953,0.39511653067691344,0.5148916967509025,outer_04,none,0.0,0,,False,5.0,0.0,-0.0,-0.0,0.0,-0.0,-0.0,-0.0,-0.0
2526,2020-10-21,2527,2537,2020-10-22,2020-11-05,-0.011196944458538027,0.0,0.008908942495488681,0.03266963190979855,0.3152958334044877,0.5148916967509025,outer_04,none,0.0,0,,False,5.0,0.0,-0.0,-0.0,0.0,-0.0,-0.0,-0.0,-0.0
2527,2020-10-22,2528,2538,2020-10-23,2020-11-06,0.02154273022738895,1.0,-0.0109345519202515,0.018562005557924977,0.40717849819052593,0.5148916967509025,outer_04,none,0.0,0,,False,5.0,0.0,0.0,0.0,0.0,0.0,0.0,0.0,0.0
2528,2020-10-23,2529,2539,2020-10-26,2020-11-09,0.028929982730454107,1.0,-0.0011878858083154142,0.02194396250183761,0.3641078917397136,0.5148916967509025,outer_04,none,0.0,0,,False,5.0,0.0,0.0,0.0,0.0,0.0,0.0,0.0,0.0
2529,2020-10-26,2530,2540,2020-10-27,2020-11-10,-0.02183965220218287,0.0,0.00014198980326796118,0.010487684406225384,0.3546516108713466,0.5148916967509025,outer_04,none,0.0,-1,row2529_entry2530_exit2540,True,5.0,0.000499875041651048,0.02183965220218287,0.02133977716053182,0.0,-0.022339527243833916,0.02133977716053182,-0.022339527243833916,-0.022339527243833916
2530,2020-10-27,2531,2541,2020-10-28,2020-11-11,-0.017033251041259412,0.0,0.002977138110192179,0.005188154077409912,0.37463339858287054,0.5148916967509025,outer_04,none,0.0,0,,False,5.0,0.0,-0.0,-0.0,0.0,-0.0,-0.0,-0.0,-0.0
2531,2020-10-28,2532,2542,2020-10-29,2020-11-12,-0.005843315793592652,0.0,-0.01614131700393351,-0.004476302250633779,0.43151717447518667,0.5148916967509025,outer_04,none,0.0,0,,False,5.0,0.0,-0.0,-0.0,0.0,-0.0,-0.0,-0.0,-0.0
2532,2020-10-29,2533,2543,2020-10-30,2020-11-13,0.004281655776899207,1.0,-0.00518174624679002,-0.02058354432388576,0.5057998147719246,0.5148916967509025,outer_04,none,0.0,0,,False,5.0,0.0,0.0,0.0,0.0,0.0,0.0,0.0,0.0
2533,2020-10-30,2534,2544,2020-11-02,2020-11-16,0.004576399751728744,1.0,0.006012598610586117,-0.011754723262052735,0.4028200785954936,0.5148916967509025,outer_04,none,0.0,0,,False,5.0,0.0,0.0,0.0,0.0,0.0,0.0,0.0,0.0
2534,2020-11-02,2535,2545,2020-11-03,2020-11-17,-0.002880209154612956,0.0,0.008846120817360692,-0.009761912893087477,0.38108442639035855,0.5148916967509025,outer_04,none,0.0,0,,False,5.0,0.0,-0.0,-0.0,0.0,-0.0,-0.0,-0.0,-0.0
2535,2020-11-03,2536,2546,2020-11-04,2020-11-18,-0.01456737264553798,0.0,0.00729761387929706,0.016575052645904087,0.3054868682714759,0.5148916967509025,outer_04,none,0.0,0,,False,5.0,0.0,-0.0,-0.0,0.0,-0.0,-0.0,-0.0,-0.0
2536,2020-11-04,2537,2547,2020-11-05,2020-11-19,-0.015562723915115484,0.0,-0.0029746546916085137,0.008145438193598586,0.30640449446613405,0.5148916967509025,outer_04,none,0.0,0,,False,5.0,0.0,-0.0,-0.0,0.0,-0.0,-0.0,-0.0,-0.0
2537,2020-11-05,2538,2548,2020-11-06,2020-11-20,-0.04463371033971342,0.0,0.02383018144919191,0.028976672579448248,0.3161395354434577,0.5148916967509025,outer_04,none,0.0,0,,False,5.0,0.0,-0.0,-0.0,0.0,-0.0,-0.0,-0.0,-0.0
2538,2020-11-06,2539,2549,2020-11-09,2020-11-23,-0.045106443504646876,0.0,0.0013535062487042282,0.01130450405264316,0.4246063489710313,0.5148916967509025,outer_04,none,0.0,0,,False,5.0,0.0,-0.0,-0.0,0.0,-0.0,-0.0,-0.0,-0.0
2539,2020-11-09,2540,2550,2020-11-10,2020-11-24,-0.012049934296514131,0.0,-0.0464992780780662,-0.031436171287801074,0.3943237495078101,0.5148916967509025,outer_04,none,0.0,-1,row2539_entry2540_exit2550,True,5.0,0.000499875041651048,0.012049934296514131,0.011550059254863083,0.0,-0.012549809338165178,0.011550059254863083,0.011550059254863083,0.011550059254863083
2540,2020-11-10,2541,2551,2020-11-11,2020-11-25,-0.03685809495790693,0.0,0.00762464528137663,-0.007260292051100237,0.5258979570534936,0.5148916967509025,outer_04,none,0.0,0,,False,5.0,0.0,-0.0,-0.0,0.0,-0.0,-0.0,-0.0,-0.0
2541,2020-11-11,2542,2552,2020-11-12,2020-11-26,-0.03142457350918093,0.0,-0.006353400712099777,-0.01858263398103066,0.6300275259540822,0.5148916967509025,outer_04,none,0.0,0,,False,5.0,0.0,-0.0,-0.0,0.0,-0.0,-0.0,-0.0,-0.0
2542,2020-11-12,2543,2553,2020-11-13,2020-11-27,-0.036279254194240274,0.0,0.00599113012397634,-0.016493399622835803,0.5720482093496896,0.5148916967509025,outer_04,none,0.0,0,,False,5.0,0.0,-0.0,-0.0,0.0,-0.0,-0.0,-0.0,-0.0
2543,2020-11-13,2544,2554,2020-11-16,2020-11-30,-0.053629732636310656,0.0,0.006675560306755202,-0.005005237426948028,0.45884954583333787,0.5148916967509025,outer_04,none,0.0,0,,False,5.0,0.0,-0.0,-0.0,0.0,-0.0,-0.0,-0.0,-0.0
2544,2020-11-16,2545,2555,2020-11-17,2020-12-01,-0.061402577163445216,0.0,-0.000328221202860135,-0.00779519255408978,0.5850753627058068,0.5148916967509025,outer_04,none,0.0,0,,False,5.0,0.0,-0.0,-0.0,0.0,-0.0,-0.0,-0.0,-0.0
2545,2020-11-17,2546,2556,2020-11-18,2020-12-02,-0.037134835516400067,0.0,-0.004494747341905914,-0.014436375879633978,0.641501255730369,0.5148916967509025,outer_04,none,0.0,0,,False,5.0,0.0,-0.0,-0.0,0.0,-0.0,-0.0,-0.0,-0.0
2546,2020-11-18,2547,2557,2020-11-19,2020-12-03,-0.02401828574464382,0.0,-0.004381483279077614,-0.027726801654200273,0.7284910959552422,0.5148916967509025,outer_04,none,0.0,0,,False,5.0,0.0,-0.0,-0.0,0.0,-0.0,-0.0,-0.0,-0.0
2547,2020-11-19,2548,2558,2020-11-20,2020-12-04,-0.010830304018421444,0.0,-0.0027441903810698776,-0.01953644011501865,0.671606387772943,0.5148916967509025,outer_04,none,0.0,0,,False,5.0,0.0,-0.0,-0.0,0.0,-0.0,-0.0,-0.0,-0.0
2548,2020-11-20,2549,2559,2020-11-23,2020-12-07,-0.01834062608139675,0.0,0.0021724366043427423,-0.016176117702360493,0.5402390738376026,0.5148916967509025,outer_04,none,0.0,0,,False,5.0,0.0,-0.0,-0.0,0.0,-0.0,-0.0,-0.0,-0.0
2549,2020-11-23,2550,2560,2020-11-24,2020-12-08,0.013091858405511303,1.0,-0.01801908859606094,-0.03433719610168939,0.34996480483793835,0.5148916967509025,outer_04,none,0.0,-1,row2549_entry2550_exit2560,True,5.0,0.000499875041651048,-0.013091858405511303,-0.01359173344716235,0.0,0.012591983363860255,-0.01359173344716235,-0.01359173344716235,-0.01359173344716235
2550,2020-11-24,2551,2561,2020-11-25,2020-12-09,0.03355758567051659,1.0,-0.016339659038450804,-0.05365399325033238,0.39227891245625385,0.5148916967509025,outer_04,none,0.0,0,,False,5.0,0.0,0.0,0.0,0.0,0.0,0.0,0.0,0.0
2551,2020-11-25,2552,2562,2020-11-26,2020-12-10,0.016164848213789718,1.0,-0.0003541017747616948,-0.03786677802116056,0.4449440903668073,0.5148916967509025,outer_04,none,0.0,0,,False,5.0,0.0,0.0,0.0,0.0,0.0,0.0,0.0,0.0
2552,2020-11-26,2553,2563,2020-11-27,2020-12-11,0.014690703901400148,1.0,0.0017305873109707548,-0.03095444446339979,0.4879302848950966,0.5148916967509025,outer_04,none,0.0,0,,False,5.0,0.0,0.0,0.0,0.0,0.0,0.0,0.0,0.0
2553,2020-11-27,2554,2564,2020-11-30,2020-12-14,0.02634184043616017,1.0,-0.013033412554761092,-0.050000455628747,0.47218482719472443,0.5148916967509025,outer_04,none,0.0,0,,False,5.0,0.0,0.0,0.0,0.0,0.0,0.0,0.0,0.0
2554,2020-11-30,2555,2565,2020-12-01,2020-12-15,0.02853160083149131,1.0,-0.0051172819558908955,-0.06396385840199859,0.5003351310396162,0.5148916967509025,outer_04,none,0.0,0,,False,5.0,0.0,0.0,0.0,0.0,0.0,0.0,0.0,0.0
2555,2020-12-01,2556,2566,2020-12-02,2020-12-16,0.02231435565341755,1.0,0.021030204005212383,-0.05023126827608326,0.531045520174069,0.5148916967509025,outer_04,none,0.0,0,,False,5.0,0.0,0.0,0.0,0.0,0.0,0.0,0.0,0.0
2556,2020-12-02,2557,2567,2020-12-03,2020-12-17,0.01846879581285421,1.0,0.008392486192533077,-0.03886412739194167,0.5792384687997356,0.5148916967509025,outer_04,none,0.0,0,,False,5.0,0.0,0.0,0.0,0.0,0.0,0.0,0.0,0.0
2557,2020-12-03,2558,2568,2020-12-04,2020-12-18,0.023312980969603103,1.0,0.0055887064328503655,-0.05710560240828322,0.5993214198408294,0.5148916967509025,outer_04,none,0.0,0,,False,5.0,0.0,0.0,0.0,0.0,0.0,0.0,0.0,0.0
2558,2020-12-04,2559,2569,2020-12-07,2020-12-21,0.024548400647965707,1.0,-0.0012936260833598112,-0.05975273474034726,0.5854242222191907,0.5148916967509025,outer_04,none,0.0,0,,False,5.0,0.0,0.0,0.0,0.0,0.0,0.0,0.0,0.0
2559,2020-12-07,2560,2570,2020-12-08,2020-12-22,0.008764906922687388,1.0,0.013237354596653539,-1.6102065627521256e-05,0.5368809224804152,0.5148916967509025,outer_04,none,0.0,1,row2559_entry2560_exit2570,True,5.0,0.000499875041651048,0.008764906922687388,0.00826503188103634,0.0,0.00826503188103634,-0.009264781964338435,0.00826503188103634,-0.009264781964338435
2560,2020-12-08,2561,2571,2020-12-09,2020-12-23,-0.00447142575814663,0.0,0.004140415617310822,-0.003500331729693329,0.5340406473832904,0.5148916967509025,outer_04,none,0.0,0,,False,5.0,0.0,-0.0,-0.0,0.0,-0.0,-0.0,-0.0,-0.0
2561,2020-12-09,2562,2572,2020-12-10,2020-12-24,0.01880504136267014,1.0,-0.016937314634400735,-0.014084245651994287,0.5940015411587709,0.5148916967509025,outer_04,none,0.0,0,,False,5.0,0.0,0.0,0.0,0.0,0.0,0.0,0.0,0.0
2562,2020-12-10,2563,2573,2020-12-11,2020-12-28,0.027579772615940357,1.0,-0.0018773625584858067,-0.021952738334456434,0.5607982916597612,0.5148916967509025,outer_04,none,0.0,0,,False,5.0,0.0,0.0,0.0,0.0,0.0,0.0,0.0,0.0
2563,2020-12-11,2564,2574,2020-12-14,2020-12-29,0.020559407452144463,1.0,0.002149151912538727,-0.02647914672867291,0.5476961107036163,0.5148916967509025,outer_04,none,0.0,0,,False,5.0,0.0,0.0,0.0,0.0,0.0,0.0,0.0,0.0
2564,2020-12-14,2565,2575,2020-12-15,2020-12-30,0.02639863365766626,1.0,-0.006592657468829088,-0.03274358299464186,0.5186069926392317,0.5148916967509025,outer_04,none,0.0,0,,False,5.0,0.0,0.0,0.0,0.0,0.0,0.0,0.0,0.0
2565,2020-12-15,2566,2576,2020-12-16,2020-12-31,0.021130384428645677,1.0,0.014043457861122377,-0.014205377791613572,0.4185047695544712,0.5148916967509025,outer_04,none,0.0,0,,False,5.0,0.0,0.0,0.0,0.0,0.0,0.0,0.0,0.0
2566,2020-12-16,2567,2577,2020-12-17,2021-01-04,0.024181237762565644,1.0,0.0055894468131238995,-0.004234447699412058,0.4190039380703081,0.5148916967509025,outer_04,none,0.0,0,,False,5.0,0.0,0.0,0.0,0.0,0.0,0.0,0.0,0.0
2567,2020-12-17,2568,2578,2020-12-18,2021-01-05,0.029681756609017285,1.0,0.011722488307550627,0.010232230989208446,0.46037890449712365,0.5148916967509025,outer_04,none,0.0,0,,False,5.0,0.0,0.0,0.0,0.0,0.0,0.0,0.0,0.0
2568,2020-12-18,2569,2579,2020-12-21,2021-01-06,0.03516696796533125,1.0,-0.0029151056460952063,0.005144688738770498,0.48312954795506324,0.5148916967509025,outer_04,none,0.0,0,,False,5.0,0.0,0.0,0.0,0.0,0.0,0.0,0.0,0.0
2569,2020-12-21,2570,2580,2020-12-22,2021-01-07,0.021909961369736664,1.0,-0.0022891832824720737,0.020874594052359363,0.4893094735009456,0.5148916967509025,outer_04,none,0.0,-1,row2569_entry2570_exit2580,True,5.0,0.000499875041651048,-0.021909961369736664,-0.02240983641138771,0.0,0.021410086328085616,-0.02240983641138771,-0.02240983641138771,0.021410086328085616
2570,2020-12-22,2571,2581,2020-12-23,2021-01-08,0.0292142697554878,1.0,-0.008747004507892342,0.028467248582917826,0.5470591149837409,0.5148916967509025,outer_04,none,0.0,0,,False,5.0,0.0,0.0,0.0,0.0,0.0,0.0,0.0,0.0
2571,2020-12-23,2572,2582,2020-12-24,2021-01-11,-0.010005099379556626,0.0,0.006815760442930419,0.03563711080060994,0.5310999539509962,0.5148916967509025,outer_04,none,0.0,0,,False,5.0,0.0,-0.0,-0.0,0.0,-0.0,-0.0,-0.0,-0.0
2572,2020-12-24,2573,2583,2020-12-28,2021-01-12,-0.02189112314453201,0.0,0.0035555071798452076,0.03746203066948439,0.5337767711849367,0.5148916967509025,outer_04,none,0.0,0,,False,5.0,0.0,-0.0,-0.0,0.0,-0.0,-0.0,-0.0,-0.0
2573,2020-12-28,2574,2584,2020-12-29,2021-01-13,-0.010825059396869285,0.0,-0.003331248833291056,0.04716419439095443,0.4576519161928588,0.5148916967509025,outer_04,none,0.0,0,,False,5.0,0.0,-0.0,-0.0,0.0,-0.0,-0.0,-0.0,-0.0
2574,2020-12-29,2575,2585,2020-12-30,2021-01-14,-0.016001114587655962,0.0,0.002729780273826421,0.055011256620671745,0.4491916924182047,0.5148916967509025,outer_04,none,0.0,0,,False,5.0,0.0,-0.0,-0.0,0.0,-0.0,-0.0,-0.0,-0.0
2575,2020-12-30,2576,2586,2020-12-31,2021-01-15,-0.024420794159711434,0.0,0.008292774421004623,0.042273827036463985,0.46045595888537894,0.5148916967509025,outer_04,none,0.0,0,,False,5.0,0.0,-0.0,-0.0,0.0,-0.0,-0.0,-0.0,-0.0
2576,2020-12-31,2577,2587,2021-01-04,2021-01-18,-0.043180414286370095,0.0,-6.864704595965776e-05,0.03381269379797125,0.4890942648661795,0.5148916967509025,outer_04,none,0.0,0,,False,5.0,0.0,-0.0,-0.0,0.0,-0.0,-0.0,-0.0,-0.0
2577,2021-01-04,2578,2588,2021-01-05,2021-01-19,-0.05455465190943176,0.0,0.025829511142694273,0.054053498507815156,0.44782303398489387,0.5148916967509025,outer_04,none,0.0,0,,False,5.0,0.0,-0.0,-0.0,0.0,-0.0,-0.0,-0.0,-0.0
2578,2021-01-05,2579,2589,2021-01-06,2021-01-20,-0.057730253599782344,0.0,0.0034932200340058728,0.05884034462518084,0.5785515243285545,0.5148916967509025,outer_04,none,0.0,0,,False,5.0,0.0,-0.0,-0.0,0.0,-0.0,-0.0,-0.0,-0.0
2579,2021-01-06,2580,2590,2021-01-07,2021-01-21,-0.02603165565740362,0.0,-0.01614997803108409,0.029453011997443213,0.5277659655311606,0.5148916967509025,outer_04,none,0.0,1,row2579_entry2580_exit2590,True,5.0,0.000499875041651048,-0.02603165565740362,-0.026531530699054666,0.0,-0.026531530699054666,0.02553178061575257,0.02553178061575257,-0.026531530699054666
2580,2021-01-07,2581,2591,2021-01-08,2021-01-22,-0.024523540472361383,0.0,-0.0027555271460419917,0.0225570692340904,0.5584596596735981,0.5148916967509025,outer_04,none,0.0,0,,False,5.0,0.0,-0.0,-0.0,0.0,-0.0,-0.0,-0.0,-0.0
2581,2021-01-08,2582,2592,2021-01-11,2021-01-25,0.0017668800856025513,1.0,-0.03427266640927584,0.0052217174592152915,0.4152843636017255,0.5148916967509025,outer_04,none,0.0,0,,False,5.0,0.0,0.0,0.0,0.0,0.0,0.0,0.0,0.0
2582,2021-01-11,2583,2593,2021-01-12,2021-01-26,0.004186061417266629,1.0,-0.0024854554163615816,0.004613624601339517,0.5040996662925925,0.5148916967509025,outer_04,none,0.0,0,,False,5.0,0.0,0.0,0.0,0.0,0.0,0.0,0.0,0.0
2583,2021-01-12,2584,2594,2021-01-13,2021-01-27,-0.0018669305215892606,0.0,0.005870667930121698,0.008335140618922487,0.5572731090382415,0.5148916967509025,outer_04,none,0.0,0,,False,5.0,0.0,-0.0,-0.0,0.0,-0.0,-0.0,-0.0,-0.0
2584,2021-01-13,2585,2595,2021-01-14,2021-01-28,-0.002628606699755842,0.0,-0.005745977284740356,0.00918182080301122,0.6176174764284094,0.5148916967509025,outer_04,none,0.0,0,,False,5.0,0.0,-0.0,-0.0,0.0,-0.0,-0.0,-0.0,-0.0
2585,2021-01-14,2586,2596,2021-01-15,2021-01-29,-0.0025305425990262975,0.0,0.0009644717555987725,-0.0038971653025123842,0.59114094059987,0.5148916967509025,outer_04,none,0.0,0,,False,5.0,0.0,-0.0,-0.0,0.0,-0.0,-0.0,-0.0,-0.0
2586,2021-01-15,2587,2597,2021-01-18,2021-02-01,0.014756128289576509,1.0,-0.01023930385407823,-0.019725915969714514,0.6005176770343682,0.5148916967509025,outer_04,none,0.0,0,,False,5.0,0.0,0.0,0.0,0.0,0.0,0.0,0.0,0.0
2587,2021-01-18,2588,2598,2021-01-19,2021-02-02,0.0113366530624317,1.0,0.005385847782525488,-0.026062556494739653,0.5831611654189524,0.5148916967509025,outer_04,none,0.0,0,,False,5.0,0.0,0.0,0.0,0.0,0.0,0.0,0.0,0.0
2588,2021-01-19,2589,2599,2021-01-20,2021-02-03,-0.001702063278476551,0.0,0.0011476280443174502,-0.021999822804326996,0.4972870462530602,0.5148916967509025,outer_04,none,0.0,0,,False,5.0,0.0,-0.0,-0.0,0.0,-0.0,-0.0,-0.0,-0.0
2589,2021-01-20,2590,2600,2021-01-21,2021-02-04,-0.020218191462573643,0.0,0.01713303654495224,-0.002577602976902682,0.4750245143799199,0.5148916967509025,outer_04,none,0.0,-1,row2589_entry2590_exit2600,True,5.0,0.000499875041651048,0.020218191462573643,0.019718316420922595,0.0,-0.02071806650422469,0.019718316420922595,-0.02071806650422469,0.019718316420922595
2590,2021-01-21,2591,2601,2021-01-22,2021-02-05,-0.040710355407275856,0.0,-0.0008660277135534855,0.005303373817436174,0.4267519245257054,0.5148916967509025,outer_04,none,0.0,0,,False,5.0,0.0,-0.0,-0.0,0.0,-0.0,-0.0,-0.0,-0.0
2591,2021-01-22,2592,2602,2021-01-25,2021-02-08,-0.02213200852579522,0.0,-0.008124690615454178,-0.009637077240948422,0.3037409586755122,0.5148916967509025,outer_04,none,0.0,0,,False,5.0,0.0,-0.0,-0.0,0.0,-0.0,-0.0,-0.0,-0.0
2592,2021-01-25,2593,2603,2021-01-26,2021-02-09,-0.013233584244786378,0.0,0.0006845235956305373,-0.012508060825163092,0.3120272557288072,0.5148916967509025,outer_04,none,0.0,0,,False,5.0,0.0,-0.0,-0.0,0.0,-0.0,-0.0,-0.0,-0.0
2593,2021-01-26,2594,2604,2021-01-27,2021-02-10,-0.007040355135833565,0.0,-0.0024329927817987596,-0.011609804773670795,0.3879218500249043,0.5148916967509025,outer_04,none,0.0,0,,False,5.0,0.0,-0.0,-0.0,0.0,-0.0,-0.0,-0.0,-0.0
2594,2021-01-27,2595,2605,2021-01-28,2021-02-11,0.0006781371561661587,1.0,-0.004113383478266286,-0.018452968525763502,0.30740765494862965,0.5148916967509025,outer_04,none,0.0,0,,False,5.0,0.0,0.0,0.0,0.0,0.0,0.0,0.0,0.0
2595,2021-01-28,2596,2606,2021-01-29,2021-02-12,-0.009271766477510823,0.0,-0.000661885203361301,-0.027407628150129426,0.3000875913418633,0.5148916967509025,outer_04,none,0.0,0,,False,5.0,0.0,-0.0,-0.0,0.0,-0.0,-0.0,-0.0,-0.0
2596,2021-01-29,2597,2607,2021-02-01,2021-02-15,-0.01667769503938299,0.0,0.0026990423409056774,-0.02463993876326409,0.2610573314545586,0.5148916967509025,outer_04,none,0.0,0,,False,5.0,0.0,-0.0,-0.0,0.0,-0.0,-0.0,-0.0,-0.0
2597,2021-02-01,2598,2608,2021-02-02,2021-02-16,-0.0216100325926174,0.0,0.006990055806796569,-0.043479394099161794,0.2857414866518768,0.5148916967509025,outer_04,none,0.0,0,,False,5.0,0.0,-0.0,-0.0,0.0,-0.0,-0.0,-0.0,-0.0
2598,2021-02-02,2599,2609,2021-02-03,2021-02-17,-0.024645671851005524,0.0,-0.012384561513377967,-0.059357175646545635,0.2550568110305921,0.5148916967509025,outer_04,none,0.0,0,,False,5.0,0.0,-0.0,-0.0,0.0,-0.0,-0.0,-0.0,-0.0
2599,2021-02-03,2600,2610,2021-02-04,2021-02-18,-0.031666390979648185,0.0,-0.0018737103301473823,-0.04508090794560893,0.27436642460172755,0.5148916967509025,outer_04,none,0.0,-1,row2599_entry2600_exit2610,True,5.0,0.000499875041651048,0.031666390979648185,0.031166515937997137,0.0,-0.03216626602129923,0.031166515937997137,0.031166515937997137,0.031166515937997137
2600,2021-02-04,2601,2611,2021-02-05,2021-02-19,-0.010477104934714987,0.0,-0.0226567517744245,-0.06498213257399144,0.26400951287728047,0.5148916967509025,outer_04,none,0.0,0,,False,5.0,0.0,-0.0,-0.0,0.0,-0.0,-0.0,-0.0,-0.0
2601,2021-02-05,2602,2612,2021-02-08,2021-02-22,-0.016964278831920865,0.0,0.011246416908238466,-0.019463049256477127,0.2797946384113015,0.5148916967509025,outer_04,none,0.0,0,,False,5.0,0.0,-0.0,-0.0,0.0,-0.0,-0.0,-0.0,-0.0
2602,2021-02-08,2603,2613,2021-02-09,2021-02-23,-0.011795965108438722,0.0,0.009183466351779579,-0.007794127488335967,0.3102697548615954,0.5148916967509025,outer_04,none,0.0,0,,False,5.0,0.0,-0.0,-0.0,0.0,-0.0,-0.0,-0.0,-0.0
2603,2021-02-09,2604,2614,2021-02-10,2021-02-24,-0.017552347778202027,0.0,0.0040951370970994105,-0.009569658321358254,0.34191105248243,0.5148916967509025,outer_04,none,0.0,0,,False,5.0,0.0,-0.0,-0.0,0.0,-0.0,-0.0,-0.0,-0.0
2604,2021-02-10,2605,2615,2021-02-11,2021-02-25,-0.022075927488225844,0.0,0.002559790962403774,-0.0012638900742141246,0.30552231596805485,0.5148916967509025,outer_04,none,0.0,0,,False,5.0,0.0,-0.0,-0.0,0.0,-0.0,-0.0,-0.0,-0.0
2605,2021-02-11,2606,2616,2021-02-12,2021-02-26,-0.02993809556922855,0.0,-0.009204442516323574,-0.011432804346136471,0.373650827225063,0.5148916967509025,outer_04,none,0.0,0,,False,5.0,0.0,-0.0,-0.0,0.0,-0.0,-0.0,-0.0,-0.0
2606,2021-02-12,2607,2617,2021-02-15,2021-03-01,-0.048900040443651704,0.0,-0.0007123990612667441,-0.0019058995533249856,0.2950836501504041,0.5148916967509025,outer_04,none,0.0,0,,False,5.0,0.0,-0.0,-0.0,0.0,-0.0,-0.0,-0.0,-0.0
2607,2021-02-15,2608,2618,2021-02-16,2021-03-02,-0.054543319194195305,0.0,-0.0029921321072485796,-0.010283879443099053,0.34936892579975715,0.5148916967509025,outer_04,none,0.0,0,,False,5.0,0.0,-0.0,-0.0,0.0,-0.0,-0.0,-0.0,-0.0
2608,2021-02-16,2609,2619,2021-02-17,2021-03-03,-0.030873642780854915,0.0,-0.013373090412338584,-0.024804597899755088,0.23830831575820233,0.5148916967509025,outer_04,none,0.0,0,,False,5.0,0.0,-0.0,-0.0,0.0,-0.0,-0.0,-0.0,-0.0
2609,2021-02-17,2610,2620,2021-02-18,2021-03-04,-0.037890553440369956,0.0,-0.010002155484200692,-0.05193978992890802,0.23837311598777083,0.5148916967509025,outer_04,none,0.0,-1,row2609_entry2610_exit2620,True,5.0,0.000499875041651048,0.037890553440369956,0.03739067839871891,0.0,-0.038390428482021004,0.03739067839871891,0.03739067839871891,0.03739067839871891
2610,2021-02-18,2611,2621,2021-02-19,2021-03-05,-0.04527165495053875,0.0,-0.0007094315273867835,-0.05178319374274132,0.20653659807529218,0.5148916967509025,outer_04,none,0.0,0,,False,5.0,0.0,-0.0,-0.0,0.0,-0.0,-0.0,-0.0,-0.0
2611,2021-02-19,2612,2622,2021-02-22,2021-03-08,-0.04612299811054754,0.0,0.004277101580268727,-0.03938140154701841,0.23137170762180337,0.5148916967509025,outer_04,none,0.0,0,,False,5.0,0.0,-0.0,-0.0,0.0,-0.0,-0.0,-0.0,-0.0
2612,2021-02-22,2613,2623,2021-02-23,2021-03-09,-0.07151464185618117,0.0,0.014470936719995997,-0.025594988422652953,0.21178763074739948,0.5148916967509025,outer_04,none,0.0,0,,False,5.0,0.0,-0.0,-0.0,0.0,-0.0,-0.0,-0.0,-0.0
2613,2021-02-23,2614,2624,2021-02-24,2021-03-10,-0.051841143800950285,0.0,-0.002196945636292469,-0.025358941277146663,0.2993966531931865,0.5148916967509025,outer_04,none,0.0,0,,False,5.0,0.0,-0.0,-0.0,0.0,-0.0,-0.0,-0.0,-0.0
2614,2021-02-24,2615,2625,2021-02-25,2021-03-11,-0.04368139988036113,0.0,0.0001440283627571759,-0.0211015294361232,0.2810769795354481,0.5148916967509025,outer_04,none,0.0,0,,False,5.0,0.0,-0.0,-0.0,0.0,-0.0,-0.0,-0.0,-0.0
2615,2021-02-25,2616,2626,2021-02-26,2021-03-12,-0.028978409268928473,0.0,-0.01962262100932044,-0.04006226524208234,0.24035348749429666,0.5148916967509025,outer_04,none,0.0,0,,False,5.0,0.0,-0.0,-0.0,0.0,-0.0,-0.0,-0.0,-0.0
2616,2021-02-26,2617,2627,2021-03-01,2021-03-15,-0.005325499049016358,0.0,-0.02078217765173651,-0.06354348523472453,0.20424233312181891,0.5148916967509025,outer_04,none,0.0,0,,False,5.0,0.0,-0.0,-0.0,0.0,-0.0,-0.0,-0.0,-0.0
2617,2021-03-01,2618,2628,2021-03-02,2021-03-16,0.005111606578633854,1.0,-0.005233297955930638,-0.07576683899745174,0.26970610379199284,0.5148916967509025,outer_04,none,0.0,0,,False,5.0,0.0,0.0,0.0,0.0,0.0,0.0,0.0,0.0
2618,2021-03-02,2619,2629,2021-03-03,2021-03-17,-0.00334246097093871,0.0,0.008072662763458638,-0.05530961472061513,0.27970212926686905,0.5148916967509025,outer_04,none,0.0,0,,False,5.0,0.0,-0.0,-0.0,0.0,-0.0,-0.0,-0.0,-0.0
2619,2021-03-03,2620,2630,2021-03-04,2021-03-18,0.021887670584729513,1.0,-0.015685095857885578,-0.06912100024835333,0.31119497665680257,0.5148916967509025,outer_04,none,0.0,-1,row2619_entry2620_exit2630,True,5.0,0.000499875041651048,-0.021887670584729513,-0.02238754562638056,0.0,0.021387795543078465,-0.02238754562638056,-0.02238754562638056,-0.02238754562638056
2620,2021-03-04,2621,2631,2021-03-05,2021-03-19,0.02210015389011666,1.0,-0.0076884884838799294,-0.054152736957808756,0.33086936059329136,0.5148916967509025,outer_04,none,0.0,0,,False,5.0,0.0,0.0,0.0,0.0,0.0,0.0,0.0,0.0
2621,2021-03-05,2622,2632,2021-03-08,2021-03-22,0.021774520883480086,1.0,0.001270827620905024,-0.0641283262451422,0.38363418861802145,0.5148916967509025,outer_04,none,0.0,0,,False,5.0,0.0,0.0,0.0,0.0,0.0,0.0,0.0,0.0
2622,2021-03-08,2623,2633,2021-03-09,2021-03-23,0.03216304802609571,1.0,-0.010776596997682297,-0.08408838959460407,0.4918411736570636,0.5148916967509025,outer_04,none,0.0,0,,False,5.0,0.0,0.0,0.0,0.0,0.0,0.0,0.0,0.0
2623,2021-03-09,2624,2634,2021-03-10,2021-03-24,0.006867169279477281,1.0,0.019458431792068964,-0.06872509489963452,0.40625470158954313,0.5148916967509025,outer_04,none,0.0,0,,False,5.0,0.0,0.0,0.0,0.0,0.0,0.0,0.0,0.0
2624,2021-03-10,2625,2635,2021-03-11,2021-03-25,0.004824549221228658,1.0,0.006240723118030367,-0.06504416274400793,0.41891903940846265,0.5148916967509025,outer_04,none,0.0,0,,False,5.0,0.0,0.0,0.0,0.0,0.0,0.0,0.0,0.0
2625,2021-03-11,2626,2636,2021-03-12,2021-03-26,0.003658431072749657,1.0,-0.0022907126010922596,-0.05813043282877661,0.374484951647205,0.5148916967509025,outer_04,none,0.0,0,,False,5.0,0.0,0.0,0.0,0.0,0.0,0.0,0.0,0.0
2626,2021-03-12,2627,2637,2021-03-15,2021-03-29,0.0015087885442657267,1.0,0.0026324196919436105,-0.05478561407556626,0.35334347036943825,0.5148916967509025,outer_04,none,0.0,0,,False,5.0,0.0,0.0,0.0,0.0,0.0,0.0,0.0,0.0
2627,2021-03-15,2628,2638,2021-03-16,2021-03-30,-0.011136580344753177,0.0,0.0030008435282082857,-0.04879263844010939,0.37522787884703085,0.5148916967509025,outer_04,none,0.0,0,,False,5.0,0.0,-0.0,-0.0,0.0,-0.0,-0.0,-0.0,-0.0
2628,2021-03-16,2629,2639,2021-03-17,2021-03-31,-0.02781419974021837,0.0,-0.0001501172071778356,-0.035569665234948644,0.4147024419605561,0.5148916967509025,outer_04,none,0.0,0,,False,5.0,0.0,-0.0,-0.0,0.0,-0.0,-0.0,-0.0,-0.0
2629,2021-03-17,2630,2640,2021-03-18,2021-04-01,-0.023923783016869926,0.0,0.00730070927892168,-0.018266800471826272,0.3615311871307866,0.5148916967509025,outer_04,none,0.0,-1,row2629_entry2630_exit2640,True,5.0,0.000499875041651048,0.023923783016869926,0.02342390797521888,0.0,-0.024423658058520974,0.02342390797521888,-0.024423658058520974,0.02342390797521888
2630,2021-03-18,2631,2641,2021-03-19,2021-04-05,-0.004104577077425731,0.0,-0.004625076112536597,-0.022182445056976086,0.40855908900895044,0.5148916967509025,outer_04,none,0.0,0,,False,5.0,0.0,-0.0,-0.0,0.0,-0.0,-0.0,-0.0,-0.0
2631,2021-03-19,2632,2642,2021-03-22,2021-04-06,-0.008691174388004264,0.0,0.004968947187198758,-0.021490599450046055,0.3735030747728555,0.5148916967509025,outer_04,none,0.0,0,,False,5.0,0.0,-0.0,-0.0,0.0,-0.0,-0.0,-0.0,-0.0
2632,2021-03-22,2633,2643,2021-03-23,2021-04-07,0.00212469142711047,1.0,-0.0037085770240654625,-0.039670113194107515,0.44619520543289437,0.5148916967509025,outer_04,none,0.0,0,,False,5.0,0.0,0.0,0.0,0.0,0.0,0.0,0.0,0.0
2633,2021-03-23,2634,2644,2021-03-24,2021-04-08,0.006009179022548494,1.0,-0.006804101770034876,-0.04427726932784992,0.42359077211820384,0.5148916967509025,outer_04,none,0.0,0,,False,5.0,0.0,0.0,0.0,0.0,0.0,0.0,0.0,0.0
2634,2021-03-24,2635,2645,2021-03-25,2021-04-09,0.011883619863509942,1.0,0.0040107314680462025,-0.040410566222560895,0.3702444911119376,0.5148916967509025,outer_04,none,0.0,0,,False,5.0,0.0,0.0,0.0,0.0,0.0,0.0,0.0,0.0
2635,2021-03-25,2636,2646,2021-03-26,2021-04-12,0.00851142533348348,1.0,-0.003958616014933192,-0.024746561228173647,0.35140844611096034,0.5148916967509025,outer_04,none,0.0,0,,False,5.0,0.0,0.0,0.0,0.0,0.0,0.0,0.0,0.0
2636,2021-03-26,2637,2647,2021-03-29,2021-04-13,0.0011892392580454825,1.0,0.0033066672130921404,-0.0006577163633449956,0.2738440066644714,0.5148916967509025,outer_04,none,0.0,0,,False,5.0,0.0,0.0,0.0,0.0,0.0,0.0,0.0,0.0
2637,2021-03-29,2638,2648,2021-03-30,2021-04-14,0.01907331252193689,1.0,-0.012129595282406314,-0.007554013689820671,0.42119355456495783,0.5148916967509025,outer_04,none,0.0,0,,False,5.0,0.0,0.0,0.0,0.0,0.0,0.0,0.0,0.0
2638,2021-03-30,2639,2649,2021-03-31,2021-04-15,0.03006870610221668,1.0,-0.01575011877328869,-0.031376795226568,0.5718268482930416,0.5148916967509025,outer_04,none,0.0,0,,False,5.0,0.0,0.0,0.0,0.0,0.0,0.0,0.0,0.0
2639,2021-03-31,2640,2650,2021-04-01,2021-04-16,0.03259520504319191,1.0,0.013346264432087196,-0.0023454349365952254,0.4499741343619942,0.5148916967509025,outer_04,none,0.0,-1,row2639_entry2640_exit2650,True,5.0,0.000499875041651048,-0.03259520504319191,-0.03309508008484296,0.0,0.03209533000154086,-0.03309508008484296,0.03209533000154086,-0.03309508008484296
2640,2021-04-01,2641,2651,2021-04-05,2021-04-19,0.02683127459010315,1.0,0.01267913144938948,0.018022184996674184,0.36438271652078014,0.5148916967509025,outer_04,none,0.0,0,,False,5.0,0.0,0.0,0.0,0.0,0.0,0.0,0.0,0.0
2641,2021-04-05,2642,2652,2021-04-06,2021-04-20,0.024112426309043755,1.0,-0.0006535853436240302,0.01609777203214513,0.4428706673641753,0.5148916967509025,outer_04,none,0.0,0,,False,5.0,0.0,0.0,0.0,0.0,0.0,0.0,0.0,0.0
2642,2021-04-06,2643,2653,2021-04-07,2021-04-21,0.01981072558784458,1.0,0.008469207336506912,0.03534357636633434,0.3314757217443982,0.5148916967509025,outer_04,none,0.0,0,,False,5.0,0.0,0.0,0.0,0.0,0.0,0.0,0.0,0.0
2643,2021-04-07,2644,2654,2021-04-08,2021-04-22,0.03193806233348351,1.0,-0.003154603938265055,0.01273054063600032,0.4433013411619444,0.5148916967509025,outer_04,none,0.0,0,,False,5.0,0.0,0.0,0.0,0.0,0.0,0.0,0.0,0.0
2644,2021-04-08,2645,2655,2021-04-09,2021-04-23,0.016108557516890443,1.0,0.010630633271341061,0.017120450789311015,0.3467667098026053,0.5148916967509025,outer_04,none,0.0,0,,False,5.0,0.0,0.0,0.0,0.0,0.0,0.0,0.0,0.0
2645,2021-04-09,2646,2656,2021-04-12,2021-04-26,0.018629436014713008,1.0,-0.007246574173342957,0.012164589217060318,0.4158756129089681,0.5148916967509025,outer_04,none,0.0,0,,False,5.0,0.0,0.0,0.0,0.0,0.0,0.0,0.0,0.0
2646,2021-04-12,2647,2657,2021-04-13,2021-04-27,0.027339873284375926,1.0,-0.006398548788210334,0.003133620736906373,0.5357085115721618,0.5148916967509025,outer_04,none,0.0,0,,False,5.0,0.0,0.0,0.0,0.0,0.0,0.0,0.0,0.0
2647,2021-04-13,2648,2658,2021-04-14,2021-04-28,0.017788214053049423,1.0,0.007504930660100939,0.007637707868799026,0.39920121923363566,0.5148916967509025,outer_04,none,0.0,0,,False,5.0,0.0,0.0,0.0,0.0,0.0,0.0,0.0,0.0
2648,2021-04-14,2649,2659,2021-04-15,2021-04-29,0.025980507498506,1.0,-0.005250411298535873,0.002537413777440989,0.4641640135042781,0.5148916967509025,outer_04,none,0.0,0,,False,5.0,0.0,0.0,0.0,0.0,0.0,0.0,0.0,0.0
2649,2021-04-15,2650,2660,2021-04-16,2021-04-30,0.004886086099652687,1.0,0.015572855607552505,0.010809560106071814,0.29392949959007647,0.5148916967509025,outer_04,none,0.0,-1,row2649_entry2650_exit2660,True,5.0,0.000499875041651048,-0.004886086099652687,-0.005385961141303734,0.0,0.004386211058001639,-0.005385961141303734,0.004386211058001639,0.004386211058001639
2650,2021-04-16,2651,2661,2021-04-19,2021-05-03,-0.005002155819790133,0.0,0.007440354986521847,0.022874991205130257,0.30049165378334386,0.5148916967509025,outer_04,none,0.0,0,,False,5.0,0.0,-0.0,-0.0,0.0,-0.0,-0.0,-0.0,-0.0
2651,2021-04-19,2652,2662,2021-04-20,2021-05-04,0.012168030967577792,1.0,-0.00332069819866998,0.01458534581926152,0.3514949810225149,0.5148916967509025,outer_04,none,0.0,0,,False,5.0,0.0,0.0,0.0,0.0,0.0,0.0,0.0,0.0
2652,2021-04-20,2653,2663,2021-04-21,2021-05-05,0.00010122311269711304,1.0,0.0043782981082314265,0.02267222095155841,0.34613321609320286,0.5148916967509025,outer_04,none,0.0,0,,False,5.0,0.0,0.0,0.0,0.0,0.0,0.0,0.0,0.0
2653,2021-04-21,2654,2664,2021-04-22,2021-05-06,-0.00399358207233913,0.0,0.008604743964179207,0.03808106668577249,0.37842245608573566,0.5148916967509025,outer_04,none,0.0,0,,False,5.0,0.0,-0.0,-0.0,0.0,-0.0,-0.0,-0.0,-0.0
2654,2021-04-22,2655,2665,2021-04-23,2021-05-07,0.016939384701071702,1.0,-0.005343362032055765,0.028726973185670523,0.4113893358267415,0.5148916967509025,outer_04,none,0.0,0,,False,5.0,0.0,0.0,0.0,0.0,0.0,0.0,0.0,0.0
2655,2021-04-23,2656,2666,2021-04-26,2021-05-10,0.03190498186394297,1.0,-0.004425929198357714,0.028259660002246,0.4057242080282435,0.5148916967509025,outer_04,none,0.0,0,,False,5.0,0.0,0.0,0.0,0.0,0.0,0.0,0.0,0.0
2656,2021-04-26,2657,2667,2021-04-27,2021-05-11,0.030300824791198444,1.0,0.00276008011369111,0.02771307290284497,0.39310798331865165,0.5148916967509025,outer_04,none,0.0,0,,False,5.0,0.0,0.0,0.0,0.0,0.0,0.0,0.0,0.0
2657,2021-04-27,2658,2668,2021-04-28,2021-05-12,0.03312033806767989,1.0,-0.002636247377785672,0.03720642080746561,0.46756294375429475,0.5148916967509025,outer_04,none,0.0,0,,False,5.0,0.0,0.0,0.0,0.0,0.0,0.0,0.0,0.0
2658,2021-04-28,2659,2669,2021-04-29,2021-05-13,0.01829995769967052,1.0,0.002681155120449752,0.055637694701204055,0.4002343021342728,0.5148916967509025,outer_04,none,0.0,0,,False,5.0,0.0,0.0,0.0,0.0,0.0,0.0,0.0,0.0
2659,2021-04-29,2660,2670,2021-04-30,2021-05-14,0.03028791994701585,1.0,-0.005172012936091264,0.037119417333025595,0.34851738083517875,0.5148916967509025,outer_04,none,0.0,-1,row2659_entry2660_exit2670,True,5.0,0.000499875041651048,-0.03028791994701585,-0.0307877949886669,0.0,0.029788044905364804,-0.0307877949886669,-0.0307877949886669,0.029788044905364804
2660,2021-04-30,2661,2671,2021-05-03,2021-05-17,0.04250112688747176,1.0,-0.001869396943982693,0.022570888939653422,0.3270383110385695,0.5148916967509025,outer_04,none,0.0,0,,False,5.0,0.0,0.0,0.0,0.0,0.0,0.0,0.0,0.0
2661,2021-05-03,2662,2672,2021-05-04,2021-05-18,0.040510886094675236,1.0,0.013515047053418883,0.036739521336696335,0.2765173252721365,0.5148916967509025,outer_04,none,0.0,0,,False,5.0,0.0,0.0,0.0,0.0,0.0,0.0,0.0,0.0
2662,2021-05-04,2663,2673,2021-05-05,2021-05-19,0.04978738696273677,1.0,-0.007703715261467181,0.02056659873872224,0.3277943416668878,0.5148916967509025,outer_04,none,0.0,0,,False,5.0,0.0,0.0,0.0,0.0,0.0,0.0,0.0,0.0
2663,2021-05-05,2664,2674,2021-05-06,2021-05-20,0.045544205417435535,1.0,0.004698713977660418,0.028419916654647714,0.3357838384901737,0.5148916967509025,outer_04,none,0.0,0,,False,5.0,0.0,0.0,0.0,0.0,0.0,0.0,0.0,0.0
2664,2021-05-06,2665,2675,2021-05-07,2021-05-21,0.03420845251137905,1.0,0.015299170422719222,0.033088453806025875,0.3219103999049364,0.5148916967509025,outer_04,none,0.0,0,,False,5.0,0.0,0.0,0.0,0.0,0.0,0.0,0.0,0.0
2665,2021-05-07,2666,2676,2021-05-10,2021-05-24,0.02604570496345371,1.0,0.008573667397365092,0.048908695376733924,0.42666158044478336,0.5148916967509025,outer_04,none,0.0,0,,False,5.0,0.0,0.0,0.0,0.0,0.0,0.0,0.0,0.0
2666,2021-05-10,2667,2677,2021-05-11,2021-05-25,0.02405916658115803,1.0,0.0025583762546359523,0.05786562041958021,0.382235730339259,0.5148916967509025,outer_04,none,0.0,0,,False,5.0,0.0,0.0,0.0,0.0,0.0,0.0,0.0,0.0
2667,2021-05-11,2668,2678,2021-05-12,2021-05-26,0.033165048355582094,1.0,0.0006862109986780496,0.05104690075815732,0.411686300256442,0.5148916967509025,outer_04,none,0.0,0,,False,5.0,0.0,0.0,0.0,0.0,0.0,0.0,0.0,0.0
2668,2021-05-12,2669,2679,2021-05-13,2021-05-27,0.04396987763663507,1.0,-0.011328076111235319,0.044969235945457875,0.4435448696658757,0.5148916967509025,outer_04,none,0.0,0,,False,5.0,0.0,0.0,0.0,0.0,0.0,0.0,0.0,0.0
2669,2021-05-13,2670,2680,2021-05-14,2021-05-28,0.03774357129270989,1.0,0.005940111453742958,0.03533649179164833,0.45976546266133306,0.5148916967509025,outer_04,none,0.0,-1,row2669_entry2670_exit2680,True,5.0,0.000499875041651048,-0.03774357129270989,-0.038243446334360935,0.0,0.03724369625105884,-0.038243446334360935,0.03724369625105884,0.03724369625105884
2670,2021-05-14,2671,2681,2021-05-17,2021-05-31,0.03214358486101254,1.0,0.008518946516002046,0.03641508332112853,0.4561116732664555,0.5148916967509025,outer_04,none,0.0,0,,False,5.0,0.0,0.0,0.0,0.0,0.0,0.0,0.0,0.0
2671,2021-05-17,2672,2682,2021-05-18,2021-06-01,0.02150084813072084,1.0,0.012989471460085333,0.05272525297988384,0.466141938049782,0.5148916967509025,outer_04,none,0.0,0,,False,5.0,0.0,0.0,0.0,0.0,0.0,0.0,0.0,0.0
2672,2021-05-18,2673,2683,2021-05-19,2021-06-02,0.016201926807428713,1.0,0.0016005185027294644,0.04994747337438188,0.5620752120213924,0.5148916967509025,outer_04,none,0.0,0,,False,5.0,0.0,0.0,0.0,0.0,0.0,0.0,0.0,0.0
2673,2021-05-19,2674,2684,2021-05-20,2021-06-03,0.020320878361419936,1.0,0.00027274258884091296,0.041615471999043585,0.521067018330003,0.5148916967509025,outer_04,none,0.0,0,,False,5.0,0.0,0.0,0.0,0.0,0.0,0.0,0.0,0.0
2674,2021-05-20,2675,2685,2021-05-21,2021-06-04,-0.003446145438504189,0.0,0.003805279139901252,0.0507641131710006,0.4740707484100503,0.5148916967509025,outer_04,none,0.0,0,,False,5.0,0.0,-0.0,-0.0,0.0,-0.0,-0.0,-0.0,-0.0
2675,2021-05-21,2676,2686,2021-05-24,2021-06-07,0.0046558573869646125,1.0,0.002372960023001802,0.05756300239236012,0.34553161244760816,0.5148916967509025,outer_04,none,0.0,0,,False,5.0,0.0,0.0,0.0,0.0,0.0,0.0,0.0,0.0
2676,2021-05-24,2677,2687,2021-05-25,2021-06-08,0.009693505323740581,1.0,-0.0002072764676883665,0.05459564581098064,0.38900567124135077,0.5148916967509025,outer_04,none,0.0,0,,False,5.0,0.0,0.0,0.0,0.0,0.0,0.0,0.0,0.0
2677,2021-05-25,2678,2688,2021-05-26,2021-06-09,-0.003719839983410189,0.0,0.009432609819538307,0.06666450300830462,0.37014776736367055,0.5148916967509025,outer_04,none,0.0,0,,False,5.0,0.0,-0.0,-0.0,0.0,-0.0,-0.0,-0.0,-0.0
2678,2021-05-26,2679,2689,2021-05-27,2021-06-10,-0.003994362488761283,0.0,-0.0014121319212119232,0.06257121596664295,0.417058431820271,0.5148916967509025,outer_04,none,0.0,0,,False,5.0,0.0,-0.0,-0.0,0.0,-0.0,-0.0,-0.0,-0.0
2679,2021-05-27,2680,2690,2021-05-28,2021-06-11,0.000395199646828992,1.0,-3.6910778741905403e-05,0.0677063181239923,0.39910712437256163,0.5148916967509025,outer_04,none,0.0,-1,row2679_entry2680_exit2690,True,5.0,0.000499875041651048,-0.000395199646828992,-0.00089507468848004,0.0,-0.00010467539482205595,-0.00089507468848004,-0.00089507468848004,-0.00010467539482205595
2680,2021-05-28,2681,2691,2021-05-31,2021-06-14,-0.014641209102154384,0.0,0.0035529999662546885,0.07312871503422969,0.3367692001332391,0.5148916967509025,outer_04,none,0.0,0,,False,5.0,0.0,-0.0,-0.0,0.0,-0.0,-0.0,-0.0,-0.0
2681,2021-05-31,2682,2692,2021-06-01,2021-06-15,-0.021050954972755775,0.0,0.0018058695652616308,0.061419537546072434,0.3381708112445227,0.5148916967509025,outer_04,none,0.0,0,,False,5.0,0.0,-0.0,-0.0,0.0,-0.0,-0.0,-0.0,-0.0
2682,2021-06-01,2683,2693,2021-06-02,2021-06-16,-0.021561022312992506,0.0,-0.003546578120654509,0.0655766746868851,0.26884010651635115,0.5148916967509025,outer_04,none,0.0,0,,False,5.0,0.0,-0.0,-0.0,0.0,-0.0,-0.0,-0.0,-0.0
2683,2021-06-02,2684,2694,2021-06-03,2021-06-17,-0.05101065798085891,0.0,0.004615962383098804,0.06549392309232349,0.28282118348957425,0.5148916967509025,outer_04,none,0.0,0,,False,5.0,0.0,-0.0,-0.0,0.0,-0.0,-0.0,-0.0,-0.0
2684,2021-06-03,2685,2695,2021-06-04,2021-06-18,-0.05257296683999435,0.0,-0.020088732789313113,0.030106019880291157,0.3342289694488475,0.5148916967509025,outer_04,none,0.0,0,,False,5.0,0.0,-0.0,-0.0,0.0,-0.0,-0.0,-0.0,-0.0
2685,2021-06-04,2686,2696,2021-06-07,2021-06-21,-0.06646646345660745,0.0,0.01106275951365987,0.032595111996585935,0.36957417741458365,0.5148916967509025,outer_04,none,0.0,0,,False,5.0,0.0,-0.0,-0.0,0.0,-0.0,-0.0,-0.0,-0.0
2686,2021-06-07,2687,2697,2021-06-08,2021-06-22,-0.06249402906716117,0.0,0.00383612278498191,0.03387285852693189,0.38359620757237317,0.5148916967509025,outer_04,none,0.0,0,,False,5.0,0.0,-0.0,-0.0,0.0,-0.0,-0.0,-0.0,-0.0
2687,2021-06-08,2688,2698,2021-06-09,2021-06-23,-0.06100794438177637,0.0,-0.003017007225398771,0.030169640302855072,0.4333976293751788,0.5148916967509025,outer_04,none,0.0,0,,False,5.0,0.0,-0.0,-0.0,0.0,-0.0,-0.0,-0.0,-0.0
2688,2021-06-09,2689,2699,2021-06-10,2021-06-24,-0.06015719458788116,0.0,-0.0022052124908471527,0.03929250392324324,0.43411523403169344,0.5148916967509025,outer_04,none,0.0,0,,False,5.0,0.0,-0.0,-0.0,0.0,-0.0,-0.0,-0.0,-0.0
2689,2021-06-10,2690,2700,2021-06-11,2021-06-25,-0.06636969737200094,0.0,0.0056750395806606235,0.039027432050160904,0.38503692196537787,0.5148916967509025,outer_04,none,0.0,-1,row2689_entry2690_exit2700,True,5.0,0.000499875041651048,0.06636969737200094,0.06586982233034988,0.0,-0.06686957241365199,0.06586982233034988,-0.06686957241365199,-0.06686957241365199
2690,2021-06-11,2691,2701,2021-06-14,2021-06-28,-0.05186941233676201,0.0,-0.012437259742065443,0.018071225792093415,0.5009705071449279,0.5148916967509025,outer_04,none,0.0,0,,False,5.0,0.0,-0.0,-0.0,0.0,-0.0,-0.0,-0.0,-0.0
2691,2021-06-14,2692,2702,2021-06-15,2021-06-29,-0.04879016416943216,0.0,-0.00526391540576121,-0.00018216107375312873,0.5465721551648807,0.5148916967509025,outer_04,none,0.0,0,,False,5.0,0.0,-0.0,-0.0,0.0,-0.0,-0.0,-0.0,-0.0
2692,2021-06-15,2693,2703,2021-06-16,2021-06-30,-0.05360803183461815,0.0,-0.003983683996986009,-0.0057663635734686025,0.6086124063882378,0.5148916967509025,outer_04,none,0.0,0,,False,5.0,0.0,-0.0,-0.0,0.0,-0.0,-0.0,-0.0,-0.0
2693,2021-06-16,2694,2704,2021-06-17,2021-07-01,-0.024284240699177673,0.0,-0.02653667474382715,-0.032575780906136664,0.6619286648310644,0.5148916967509025,outer_04,none,0.0,0,,False,5.0,0.0,-0.0,-0.0,0.0,-0.0,-0.0,-0.0,-0.0
2694,2021-06-17,2695,2705,2021-06-18,2021-07-02,0.000444848632106698,1.0,-0.02089392472839613,-0.057274984774434046,0.4179001573725011,0.5148916967509025,outer_04,none,0.0,0,,False,5.0,0.0,0.0,0.0,0.0,0.0,0.0,0.0,0.0
2695,2021-06-18,2696,2706,2021-06-21,2021-07-05,0.010388900299966863,1.0,-0.004670237194082105,-0.06431818199151795,0.471519654676948,0.5148916967509025,outer_04,none,0.0,0,,False,5.0,0.0,0.0,0.0,0.0,0.0,0.0,0.0,0.0
2696,2021-06-21,2697,2707,2021-06-22,2021-07-06,0.004038804814310737,1.0,0.010558843451350164,-0.05355206207247942,0.5293042841579082,0.5148916967509025,outer_04,none,0.0,0,,False,5.0,0.0,0.0,0.0,0.0,0.0,0.0,0.0,0.0
2697,2021-06-22,2698,2708,2021-06-23,2021-07-07,0.009256037023247288,1.0,-0.0025941371359365917,-0.06557880902795432,0.5787218063428089,0.5148916967509025,outer_04,none,0.0,0,,False,5.0,0.0,0.0,0.0,0.0,0.0,0.0,0.0,0.0
2698,2021-06-23,2699,2709,2021-06-24,2021-07-08,0.013996861946847794,1.0,-0.00012932137222421147,-0.06429599847896661,0.6200534215868931,0.5148916967509025,outer_04,none,0.0,0,,False,5.0,0.0,0.0,0.0,0.0,0.0,0.0,0.0,0.0
2699,2021-06-24,2700,2710,2021-06-25,2021-07-09,0.014908635545775262,1.0,-0.0019361962056603232,-0.06619528390588503,0.6229419851579651,0.5148916967509025,outer_04,none,0.0,1,row2699_entry2700_exit2710,True,5.0,0.000499875041651048,0.014908635545775262,0.014408760504124214,0.0,0.014408760504124214,-0.01540851058742631,-0.01540851058742631,-0.01540851058742631
2700,2021-06-25,2701,2711,2021-06-28,2021-07-12,0.014894917927989582,1.0,0.003458877992540188,-0.06628940587959953,0.6080420248087988,0.5148916967509025,outer_04,none,0.0,0,,False,5.0,0.0,0.0,0.0,0.0,0.0,0.0,0.0,0.0
2701,2021-06-28,2702,2712,2021-06-29,2021-07-13,0.015431871212056691,1.0,-0.001168493506809476,-0.06926376895167063,0.6595916530313892,0.5148916967509025,outer_04,none,0.0,0,,False,5.0,0.0,0.0,0.0,0.0,0.0,0.0,0.0,0.0
2702,2021-06-29,2703,2713,2021-06-30,2021-07-14,0.025693002190699588,1.0,-0.010141014732030662,-0.07585820556304679,0.6260238703113226,0.5148916967509025,outer_04,none,0.0,0,,False,5.0,0.0,0.0,0.0,0.0,0.0,0.0,0.0,0.0
2703,2021-06-30,2704,2714,2021-07-01,2021-07-15,0.03191958477083201,1.0,0.004854529703700372,-0.07561963824244522,0.44348876359691225,0.5148916967509025,outer_04,none,0.0,0,,False,5.0,0.0,0.0,0.0,0.0,0.0,0.0,0.0,0.0
2704,2021-07-01,2705,2715,2021-07-02,2021-07-16,0.029723636277653398,1.0,0.0038746075877362784,-0.05165629786539583,0.28635651455405037,0.5148916967509025,outer_04,none,0.0,0,,False,5.0,0.0,0.0,0.0,0.0,0.0,0.0,0.0,0.0
2705,2021-07-02,2706,2716,2021-07-05,2021-07-19,0.013439508642171916,1.0,0.006066491660837059,-0.05665256571821864,0.3104958200884993,0.5148916967509025,outer_04,none,0.0,0,,False,5.0,0.0,0.0,0.0,0.0,0.0,0.0,0.0,0.0
2706,2021-07-05,2707,2717,2021-07-06,2021-07-20,0.011864997457865734,1.0,0.0024587473899071455,-0.058029941113293404,0.359919914921346,0.5148916967509025,outer_04,none,0.0,0,,False,5.0,0.0,0.0,0.0,0.0,0.0,0.0,0.0,0.0
2707,2021-07-06,2708,2718,2021-07-07,2021-07-21,0.007813254561201965,1.0,0.002964798007630165,-0.05204813588026447,0.3479103770594905,0.5148916967509025,outer_04,none,0.0,0,,False,5.0,0.0,0.0,0.0,0.0,0.0,0.0,0.0,0.0
2708,2021-07-07,2709,2719,2021-07-08,2021-07-22,8.31598526884747e-05,1.0,0.00363269151709833,-0.046210231872318985,0.42707314302082694,0.5148916967509025,outer_04,none,0.0,0,,False,5.0,0.0,0.0,0.0,0.0,0.0,0.0,0.0,0.0
2709,2021-07-08,2710,2720,2021-07-09,2021-07-23,0.0022382776829745765,1.0,-0.0006877541217420458,-0.052573025574721655,0.4272310433103121,0.5148916967509025,outer_04,none,0.0,-1,row2709_entry2710_exit2720,True,5.0,0.000499875041651048,-0.0022382776829745765,-0.0027381527246256245,0.0,0.0017384026413235286,-0.0027381527246256245,-0.0027381527246256245,-0.0027381527246256245
2710,2021-07-09,2711,2721,2021-07-12,2021-07-26,-0.003163236005028658,0.0,0.003152016658003909,-0.0369837491746523,0.41908862095552424,0.5148916967509025,outer_04,none,0.0,0,,False,5.0,0.0,-0.0,-0.0,0.0,-0.0,-0.0,-0.0,-0.0
2711,2021-07-12,2712,2722,2021-07-13,2021-07-27,-0.004589034896758548,0.0,-0.0010348043787553607,-0.03275463814764645,0.4336164181118795,0.5148916967509025,outer_04,none,0.0,0,,False,5.0,0.0,-0.0,-0.0,0.0,-0.0,-0.0,-0.0,-0.0
2712,2021-07-13,2713,2723,2021-07-14,2021-07-28,-0.004118094649677495,0.0,0.0005369038489924094,-0.028234050301668034,0.3829163965438502,0.5148916967509025,outer_04,none,0.0,0,,False,5.0,0.0,-0.0,-0.0,0.0,-0.0,-0.0,-0.0,-0.0
2713,2021-07-14,2714,2724,2021-07-15,2021-07-29,-0.011059929288150805,0.0,0.01147151746817876,0.009774141910337875,0.33347440850263327,0.5148916967509025,outer_04,none,0.0,0,,False,5.0,0.0,-0.0,-0.0,0.0,-0.0,-0.0,-0.0,-0.0
2714,2021-07-15,2715,2725,2021-07-16,2021-07-30,-0.0005903801016602372,0.0,0.0007983726746303432,0.03146643931336435,0.38222241589505,0.5148916967509025,outer_04,none,0.0,0,,False,5.0,0.0,-0.0,-0.0,0.0,-0.0,-0.0,-0.0,-0.0
2715,2021-07-16,2716,2726,2021-07-19,2021-08-02,0.0018257591484909241,1.0,-0.009854623607293611,0.02628205290015284,0.3224237213129797,0.5148916967509025,outer_04,none,0.0,0,,False,5.0,0.0,0.0,0.0,0.0,0.0,0.0,0.0,0.0
2716,2021-07-19,2717,2727,2021-07-20,2021-08-03,0.0004633025834772653,1.0,0.0006070439355090329,0.01633025338431171,0.304947798287498,0.5148916967509025,outer_04,none,0.0,0,,False,5.0,0.0,0.0,0.0,0.0,0.0,0.0,0.0,0.0
2717,2021-07-20,2718,2728,2021-07-21,2021-08-04,-7.733396677345183e-05,0.0,-0.0013083623876681827,0.01761602813258012,0.36875789025488037,0.5148916967509025,outer_04,none,0.0,0,,False,5.0,0.0,-0.0,-0.0,0.0,-0.0,-0.0,-0.0,-0.0
2718,2021-07-21,2719,2729,2021-07-22,2021-08-05,0.0045355816083514355,1.0,-0.003774570987454595,0.013970778517349736,0.3483231656841131,0.5148916967509025,outer_04,none,0.0,0,,False,5.0,0.0,0.0,0.0,0.0,0.0,0.0,0.0,0.0
2719,2021-07-22,2720,2730,2021-07-23,2021-08-06,-0.0012902763147115692,0.0,0.0016621239116769715,0.01756909863468703,0.31269978406362897,0.5148916967509025,outer_04,none,0.0,-1,row2719_entry2720_exit2730,True,5.0,0.000499875041651048,0.0012902763147115692,0.0007904012730605213,0.0,-0.0017901513563626172,0.0007904012730605213,-0.0017901513563626172,-0.0017901513563626172
2720,2021-07-23,2721,2731,2021-07-26,2021-08-09,-0.0231141756910489,0.0,-0.002488673392215368,0.011621547249931474,0.33923343650697646,0.5148916967509025,outer_04,none,0.0,0,,False,5.0,0.0,-0.0,-0.0,0.0,-0.0,-0.0,-0.0,-0.0
2721,2021-07-26,2722,2732,2021-07-27,2021-08-10,-0.03917822216231048,0.0,-0.0023780563382418407,0.01041198441849911,0.31596648075567274,0.5148916967509025,outer_04,none,0.0,0,,False,5.0,0.0,-0.0,-0.0,0.0,-0.0,-0.0,-0.0,-0.0
2722,2021-07-27,2723,2733,2021-07-28,2021-08-11,-0.040121747670252006,0.0,0.0004560470808607775,0.02100904623139055,0.3564015512588325,0.5148916967509025,outer_04,none,0.0,0,,False,5.0,0.0,-0.0,-0.0,0.0,-0.0,-0.0,-0.0,-0.0
2723,2021-07-28,2724,2734,2021-07-29,2021-08-12,-0.0314863617581187,0.0,0.004792580687462689,0.020947097215152866,0.3100573984771414,0.5148916967509025,outer_04,none,0.0,0,,False,5.0,0.0,-0.0,-0.0,0.0,-0.0,-0.0,-0.0,-0.0
2724,2021-07-29,2725,2735,2021-07-30,2021-08-13,-0.04222896812827415,0.0,0.011378702648152661,0.028451192275569248,0.268574534658387,0.5148916967509025,outer_04,none,0.0,0,,False,5.0,0.0,-0.0,-0.0,0.0,-0.0,-0.0,-0.0,-0.0
2725,2021-07-30,2726,2736,2021-08-02,2021-08-16,-0.019768680997017007,0.0,-0.0074188919849227375,0.014965808629809452,0.3259798276442386,0.5148916967509025,outer_04,none,0.0,0,,False,5.0,0.0,-0.0,-0.0,0.0,-0.0,-0.0,-0.0,-0.0
2726,2021-08-02,2727,2737,2021-08-03,2021-08-17,-0.014591825567023875,0.0,-0.0006450919479696893,0.011861969291932617,0.3767536654605509,0.5148916967509025,outer_04,none,0.0,0,,False,5.0,0.0,-0.0,-0.0,0.0,-0.0,-0.0,-0.0,-0.0
2727,2021-08-03,2728,2738,2021-08-04,2021-08-18,-0.013324039897715245,0.0,-0.0016504614273653573,0.007246709856937095,0.4267327691719663,0.5148916967509025,outer_04,none,0.0,0,,False,5.0,0.0,-0.0,-0.0,0.0,-0.0,-0.0,-0.0,-0.0
2728,2021-08-04,2729,2739,2021-08-05,2021-08-19,-0.013702498106582084,0.0,0.0008172912772836938,0.004431309617122459,0.39630171150438387,0.5148916967509025,outer_04,none,0.0,0,,False,5.0,0.0,-0.0,-0.0,0.0,-0.0,-0.0,-0.0,-0.0
2729,2021-08-05,2730,2740,2021-08-06,2021-08-20,-0.013674654269000719,0.0,-0.004353689666538152,0.0007653740723263525,0.4058495015954371,0.5148916967509025,outer_04,none,0.0,-1,row2729_entry2730_exit2740,True,5.0,0.000499875041651048,0.013674654269000719,0.013174779227349671,0.0,-0.014174529310651766,0.013174779227349671,0.013174779227349671,-0.014174529310651766
2730,2021-08-06,2731,2741,2021-08-09,2021-08-23,0.011539675279374606,1.0,-0.022737746133961068,-0.025124388719638624,0.5200294805188399,0.5148916967509025,outer_04,none,0.0,0,,False,5.0,0.0,0.0,0.0,0.0,0.0,0.0,0.0,0.0
2731,2021-08-09,2732,2742,2021-08-10,2021-08-24,0.043296560668927064,1.0,-0.019240392430724285,-0.04332997677160755,0.49275580280909437,0.5148916967509025,outer_04,none,0.0,0,,False,5.0,0.0,0.0,0.0,0.0,0.0,0.0,0.0,0.0
2732,2021-08-10,2733,2743,2021-08-11,2021-08-25,0.04117644198996118,1.0,-0.00048578501498930393,-0.04435266563558926,0.5465270121633763,0.5148916967509025,outer_04,none,0.0,0,,False,5.0,0.0,0.0,0.0,0.0,0.0,0.0,0.0,0.0
2733,2021-08-11,2734,2744,2021-08-12,2021-08-26,0.022421084037841155,1.0,0.013079744201696109,-0.04274443890207191,0.5228491608542999,0.5148916967509025,outer_04,none,0.0,0,,False,5.0,0.0,0.0,0.0,0.0,0.0,0.0,0.0,0.0
2734,2021-08-12,2735,2745,2021-08-13,2021-08-27,0.022141084242516484,1.0,0.0007761760026232523,-0.042766635574079004,0.541338308916971,0.5148916967509025,outer_04,none,0.0,0,,False,5.0,0.0,0.0,0.0,0.0,0.0,0.0,0.0,0.0
2735,2021-08-13,2736,2746,2021-08-16,2021-08-30,0.021739623998746183,1.0,0.015196071115775034,-0.01771594085101036,0.42471833939506715,0.5148916967509025,outer_04,none,0.0,0,,False,5.0,0.0,0.0,0.0,0.0,0.0,0.0,0.0,0.0
2736,2021-08-16,2737,2747,2021-08-17,2021-08-31,0.01266550531820343,1.0,0.004227719687230014,-0.014095265099289378,0.4666125124204913,0.5148916967509025,outer_04,none,0.0,0,,False,5.0,0.0,0.0,0.0,0.0,0.0,0.0,0.0,0.0
2737,2021-08-17,2738,2748,2021-08-18,2021-09-01,0.015646972581309093,1.0,-0.0008060363600543852,-0.01359293907167558,0.5419793608874128,0.5148916967509025,outer_04,none,0.0,0,,False,5.0,0.0,0.0,0.0,0.0,0.0,0.0,0.0,0.0
2738,2021-08-18,2739,2749,2021-08-19,2021-09-02,0.014772547850161466,1.0,0.0010521957159124184,-0.008766172368308567,0.5045759200293042,0.5148916967509025,outer_04,none,0.0,0,,False,5.0,0.0,0.0,0.0,0.0,0.0,0.0,0.0,0.0
2739,2021-08-19,2740,2750,2021-08-20,2021-09-03,0.016353024721379228,1.0,-0.004305325512897085,-0.014733621792882623,0.5119897091787928,0.5226934523809523,outer_05,sigmoid,0.05,0,,False,5.0,0.0,0.0,0.0,0.0,0.0,0.0,0.0,0.0
2740,2021-08-20,2741,2751,2021-08-23,2021-09-06,0.025914171280211562,1.0,0.0005279504972470761,-0.011716997903420179,0.5102309356082921,0.5226934523809523,outer_05,sigmoid,0.05,0,,False,5.0,0.0,0.0,0.0,0.0,0.0,0.0,0.0,0.0
2741,2021-08-23,2742,2752,2021-08-24,2021-09-07,0.009986470204205844,1.0,0.01351899500328635,0.004180053438108011,0.5042041207323392,0.5226934523809523,outer_05,sigmoid,0.05,0,,False,5.0,0.0,0.0,0.0,0.0,0.0,0.0,0.0,0.0
2742,2021-08-24,2743,2753,2021-08-25,2021-09-08,-0.004058334316947132,0.0,-0.001302657327619805,0.0024213490296274287,0.510033026156911,0.5226934523809523,outer_05,sigmoid,0.05,0,,False,5.0,0.0,-0.0,-0.0,0.0,-0.0,-0.0,-0.0,-0.0
2743,2021-08-25,2744,2754,2021-08-26,2021-09-09,-0.0008322697704601367,0.0,-0.006957692074108124,-0.009328923731943384,0.5129568538121,0.5226934523809523,outer_05,sigmoid,0.05,0,,False,5.0,0.0,-0.0,-0.0,0.0,-0.0,-0.0,-0.0,-0.0
2744,2021-08-26,2745,2755,2021-08-27,2021-09-10,0.000808635151653192,1.0,0.0007593481138297165,-0.01994827826626633,0.5134319439442329,0.5226934523809523,outer_05,sigmoid,0.05,0,,False,5.0,0.0,0.0,0.0,0.0,0.0,0.0,0.0,0.0
2745,2021-08-27,2746,2756,2021-08-30,2021-09-13,-0.01710192477416239,0.0,0.014495175583840059,0.001965789302496468,0.5102748581952815,0.5226934523809523,outer_05,sigmoid,0.05,0,,False,5.0,0.0,-0.0,-0.0,0.0,-0.0,-0.0,-0.0,-0.0
2746,2021-08-30,2747,2757,2021-08-31,2021-09-14,-0.009224737805892502,0.0,-0.004255818197477446,-0.0016449369470112885,0.5136418882197932,0.5226934523809523,outer_05,sigmoid,0.05,0,,False,5.0,0.0,-0.0,-0.0,0.0,-0.0,-0.0,-0.0,-0.0
2747,2021-08-31,2748,2758,2021-09-01,2021-09-15,-0.005864600746535942,0.0,0.002279005177452831,0.0022845296578068996,0.5116185516052651,0.5226934523809523,outer_05,sigmoid,0.05,0,,False,5.0,0.0,-0.0,-0.0,0.0,-0.0,-0.0,-0.0,-0.0
2748,2021-09-01,2749,2759,2021-09-02,2021-09-16,-0.011003162487003948,0.0,-0.000270119046964723,0.0011971193335584829,0.5126057299590057,0.5226934523809523,outer_05,sigmoid,0.05,0,,False,5.0,0.0,-0.0,-0.0,0.0,-0.0,-0.0,-0.0,-0.0
2749,2021-09-02,2750,2760,2021-09-03,2021-09-17,-0.03139132765689645,0.0,-0.002329356451049591,0.0032214525490470436,0.5171342978094007,0.5226934523809523,outer_05,sigmoid,0.05,0,,False,5.0,0.0,-0.0,-0.0,0.0,-0.0,-0.0,-0.0,-0.0
2750,2021-09-03,2751,2761,2021-09-06,2021-09-20,-0.04135679009679638,0.0,0.009919963452762026,0.03587916213577014,0.5124477836404395,0.5226934523809523,outer_05,sigmoid,0.05,0,,False,5.0,0.0,-0.0,-0.0,0.0,-0.0,-0.0,-0.0,-0.0
2751,2021-09-06,2752,2762,2021-09-07,2021-09-21,-0.032929488444708,0.0,-0.0024378697980624864,0.052681684768431936,0.518307531366508,0.5226934523809523,outer_05,sigmoid,0.05,0,,False,5.0,0.0,-0.0,-0.0,0.0,-0.0,-0.0,-0.0,-0.0
2752,2021-09-07,2753,2763,2021-09-08,2021-09-22,-0.01135032549612447,0.0,-0.016157119682898013,0.037010350100523226,0.5126798675002923,0.5226934523809523,outer_05,sigmoid,0.05,0,,False,5.0,0.0,-0.0,-0.0,0.0,-0.0,-0.0,-0.0,-0.0
2753,2021-09-08,2754,2764,2021-09-09,2021-09-23,-0.011759022111521134,0.0,-0.0025842764319046196,0.021346329466922498,0.5104959843065491,0.5226934523809523,outer_05,sigmoid,0.05,0,,False,5.0,0.0,-0.0,-0.0,0.0,-0.0,-0.0,-0.0,-0.0
2754,2021-09-09,2755,2765,2021-09-10,2021-09-24,-0.027827066596941563,0.0,0.0028295192792882062,0.023399672743587452,0.5127051692814804,0.5226934523809523,outer_05,sigmoid,0.05,0,,False,5.0,0.0,-0.0,-0.0,0.0,-0.0,-0.0,-0.0,-0.0
2755,2021-09-10,2756,2766,2021-09-13,2021-09-27,-0.02122686536841112,0.0,-0.0036570052788125196,0.004546596348999898,0.507741865072691,0.5226934523809523,outer_05,sigmoid,0.05,0,,False,5.0,0.0,-0.0,-0.0,0.0,-0.0,-0.0,-0.0,-0.0
2756,2021-09-13,2757,2767,2021-09-14,2021-09-28,-0.02410353566465684,0.0,0.003105124270415871,0.0034240009321857556,0.508078184396278,0.5226934523809523,outer_05,sigmoid,0.05,0,,False,5.0,0.0,-0.0,-0.0,0.0,-0.0,-0.0,-0.0,-0.0
2757,2021-09-14,2758,2768,2021-09-15,2021-09-29,-0.039382601346551915,0.0,0.006292300489383784,0.010522337781623925,0.5098037455135948,0.5226934523809523,outer_05,sigmoid,0.05,0,,False,5.0,0.0,-0.0,-0.0,0.0,-0.0,-0.0,-0.0,-0.0
2758,2021-09-15,2759,2769,2021-09-16,2021-09-30,-0.038337327563121804,0.0,-0.006091581244752398,0.003378560820959109,0.5114174281125985,0.5226934523809523,outer_05,sigmoid,0.05,0,,False,5.0,0.0,-0.0,-0.0,0.0,-0.0,-0.0,-0.0,-0.0
2759,2021-09-16,2760,2770,2021-09-17,2021-10-01,0.0012822743031080108,1.0,-0.023128383640022676,-0.015444497306166483,0.5056600943117657,0.5226934523809523,outer_05,sigmoid,0.05,0,,False,5.0,0.0,0.0,0.0,0.0,0.0,0.0,0.0,0.0
2760,2021-09-17,2761,2771,2021-09-20,2021-10-04,0.003738258298597863,1.0,0.0006844158777870035,-0.015288031925626555,0.5052237965263077,0.5226934523809523,outer_05,sigmoid,0.05,0,,False,5.0,0.0,0.0,0.0,0.0,0.0,0.0,0.0,0.0
2761,2021-09-20,2762,2772,2021-09-21,2021-10-05,0.002349232768452225,1.0,0.006195419306192385,-0.02261160762272052,0.504849732288747,0.5226934523809523,outer_05,sigmoid,0.05,0,,False,5.0,0.0,0.0,0.0,0.0,0.0,0.0,0.0,0.0
2762,2021-09-21,2763,2773,2021-09-22,2021-10-06,-0.008396373955426917,0.0,0.005126173018707547,-0.016182777276393168,0.5080024052398394,0.5226934523809523,outer_05,sigmoid,0.05,0,,False,5.0,0.0,-0.0,-0.0,0.0,-0.0,-0.0,-0.0,-0.0
2763,2021-09-22,2764,2774,2021-09-23,2021-10-07,-0.003211039210231803,0.0,-0.003331567109655431,-0.012556652311940475,0.5047842476428057,0.5226934523809523,outer_05,sigmoid,0.05,0,,False,5.0,0.0,-0.0,-0.0,0.0,-0.0,-0.0,-0.0,-0.0
2764,2021-09-23,2765,2775,2021-09-24,2021-10-08,0.006456095418324814,1.0,-0.01453392226602368,-0.02784992269179387,0.5078131057671785,0.5226934523809523,outer_05,sigmoid,0.05,0,,False,5.0,0.0,0.0,0.0,0.0,0.0,0.0,0.0,0.0
2765,2021-09-24,2766,2776,2021-09-27,2021-10-11,0.004083523887734586,1.0,0.004146389309221732,-0.0381987089664122,0.5115683797265191,0.5226934523809523,outer_05,sigmoid,0.05,0,,False,5.0,0.0,0.0,0.0,0.0,0.0,0.0,0.0,0.0
2766,2021-09-27,2767,2777,2021-09-28,2021-10-12,0.0017805886352411093,1.0,0.00024572341382089746,-0.033697167355113855,0.5095782229935549,0.5226934523809523,outer_05,sigmoid,0.05,0,,False,5.0,0.0,0.0,0.0,0.0,0.0,0.0,0.0,0.0
2767,2021-09-28,2768,2778,2021-09-29,2021-10-13,0.015165245289338714,1.0,-0.009541706526418281,-0.04551787905898497,0.5061078125664282,0.5226934523809523,outer_05,sigmoid,0.05,0,,False,5.0,0.0,0.0,0.0,0.0,0.0,0.0,0.0,0.0
2768,2021-09-29,2769,2779,2021-09-30,2021-10-14,0.03772960274896686,1.0,-0.004086722701422296,-0.04933448271344254,0.5048561221155458,0.5226934523809523,outer_05,sigmoid,0.05,0,,False,5.0,0.0,0.0,0.0,0.0,0.0,0.0,0.0,0.0
2769,2021-09-30,2770,2780,2021-10-01,2021-10-15,0.02263712141136942,1.0,0.017625800052991636,-0.029379326209401313,0.5039213765262367,0.5226934523809523,outer_05,sigmoid,0.05,0,,False,5.0,0.0,0.0,0.0,0.0,0.0,0.0,0.0,0.0
2770,2021-10-01,2771,2781,2021-10-04,2021-10-18,0.0036224837442899727,1.0,0.0017001633181212839,-0.037599126344042055,0.5071569118204987,0.5226934523809523,outer_05,sigmoid,0.05,0,,False,5.0,0.0,0.0,0.0,0.0,0.0,0.0,0.0,0.0
2771,2021-10-04,2772,2782,2021-10-05,2021-10-19,-0.002082897791145122,0.0,0.005213214810118494,-0.029948041735861075,0.5069038925114911,0.5226934523809523,outer_05,sigmoid,0.05,0,,False,5.0,0.0,-0.0,-0.0,0.0,-0.0,-0.0,-0.0,-0.0
2772,2021-10-05,2773,2783,2021-10-06,2021-10-20,0.005332288201523205,1.0,-0.005372304815624673,-0.019163226868587735,0.505391365505164,0.5226934523809523,outer_05,sigmoid,0.05,0,,False,5.0,0.0,0.0,0.0,0.0,0.0,0.0,0.0,0.0
2773,2021-10-06,2774,2784,2021-10-07,2021-10-21,0.011112478973592133,1.0,0.0017032200646314166,-0.014875730372051699,0.5055199044930508,0.5226934523809523,outer_05,sigmoid,0.05,0,,False,5.0,0.0,0.0,0.0,0.0,0.0,0.0,0.0,0.0
2774,2021-10-07,2775,2785,2021-10-08,2021-10-22,0.0155005067118541,1.0,-0.0045255891986979435,-0.02223083885003785,0.5095511034266172,0.5226934523809523,outer_05,sigmoid,0.05,0,,False,5.0,0.0,0.0,0.0,0.0,0.0,0.0,0.0,0.0
2775,2021-10-08,2776,2786,2021-10-11,2021-10-25,0.02026041864671857,1.0,0.0012471492301315834,-0.017326684341093745,0.5048345569304925,0.5226934523809523,outer_05,sigmoid,0.05,0,,False,5.0,0.0,0.0,0.0,0.0,0.0,0.0,0.0,0.0
2776,2021-10-11,2777,2787,2021-10-12,2021-10-26,0.030137851708452956,1.0,-0.0017031170011101437,-0.02213492561261976,0.5061232660729461,0.5226934523809523,outer_05,sigmoid,0.05,0,,False,5.0,0.0,0.0,0.0,0.0,0.0,0.0,0.0,0.0
2777,2021-10-12,2778,2788,2021-10-13,2021-10-27,0.018223354336110553,1.0,0.003460151988243787,-0.024967074113759757,0.5037255007582315,0.5226934523809523,outer_05,sigmoid,0.05,0,,False,5.0,0.0,0.0,0.0,0.0,0.0,0.0,0.0,0.0
2778,2021-10-13,2779,2789,2021-10-14,2021-10-28,0.002072551148869728,1.0,0.018328996011704568,-0.0005464968573027917,0.503085507937908,0.5226934523809523,outer_05,sigmoid,0.05,0,,False,5.0,0.0,0.0,0.0,0.0,0.0,0.0,0.0,0.0
2779,2021-10-14,2780,2790,2021-10-15,2021-10-29,0.00193018574684789,1.0,0.0017666716775286417,0.024348558460248526,0.5044131870046794,0.5226934523809523,outer_05,sigmoid,0.05,0,,False,5.0,0.0,0.0,0.0,0.0,0.0,0.0,0.0,0.0
2780,2021-10-15,2781,2791,2021-10-18,2021-11-01,0.009114169677467032,1.0,-0.015996569362849655,0.007667573219611867,0.5024334713686656,0.5226934523809523,outer_05,sigmoid,0.05,0,,False,5.0,0.0,0.0,0.0,0.0,0.0,0.0,0.0,0.0
2781,2021-10-18,2782,2792,2021-10-19,2021-11-02,0.015678769634280165,1.0,-0.0016364901230057072,-0.0001643362095862244,0.5021818373336847,0.5226934523809523,outer_05,sigmoid,0.05,0,,False,5.0,0.0,0.0,0.0,0.0,0.0,0.0,0.0,0.0
2782,2021-10-19,2783,2793,2021-10-20,2021-11-03,0.01023325939087183,1.0,0.002524396278200669,-0.0027661129500931025,0.5049329718449679,0.5226934523809523,outer_05,sigmoid,0.05,0,,False,5.0,0.0,0.0,0.0,0.0,0.0,0.0,0.0,0.0
2783,2021-10-20,2784,2794,2021-10-21,2021-11-04,-0.006359053505164525,0.0,0.00736123626504348,0.007926690424605809,0.5043192879718595,0.5226934523809523,outer_05,sigmoid,0.05,0,,False,5.0,0.0,-0.0,-0.0,0.0,-0.0,-0.0,-0.0,-0.0
2784,2021-10-21,2785,2795,2021-10-22,2021-11-05,0.004330706618575597,1.0,0.0007067970608769514,0.02316740975150644,0.5013539706440769,0.5226934523809523,outer_05,sigmoid,0.05,0,,False,5.0,0.0,0.0,0.0,0.0,0.0,0.0,0.0,0.0
2785,2021-10-22,2786,2796,2021-10-25,2021-11-08,0.012614407614556455,1.0,0.0052293330277892736,0.024250353470073982,0.5020855932240046,0.5226934523809523,outer_05,sigmoid,0.05,0,,False,5.0,0.0,0.0,0.0,0.0,0.0,0.0,0.0,0.0
2786,2021-10-25,2787,2797,2021-10-26,2021-11-09,0.009268376491925245,1.0,0.008199818172517581,0.032204448228770666,0.505553270685897,0.5226934523809523,outer_05,sigmoid,0.05,0,,False,5.0,0.0,0.0,0.0,0.0,0.0,0.0,0.0,0.0
2787,2021-10-26,2788,2798,2021-10-27,2021-11-10,0.021255090214430616,1.0,-0.008015752153652578,0.03373040260153637,0.5071359134721115,0.5226934523809523,outer_05,sigmoid,0.05,0,,False,5.0,0.0,0.0,0.0,0.0,0.0,0.0,0.0,0.0
2788,2021-10-27,2789,2799,2021-10-28,2021-11-11,0.02865465832242009,1.0,0.0021671981718265343,0.0399843234747852,0.5044440037047776,0.5226934523809523,outer_05,sigmoid,0.05,0,,False,5.0,0.0,0.0,0.0,0.0,0.0,0.0,0.0,0.0
2789,2021-10-28,2790,2800,2021-10-29,2021-11-12,0.03401361418630433,1.0,0.0010679423658706,0.023426465787664164,0.5022921611377503,0.5226934523809523,outer_05,sigmoid,0.05,0,,False,5.0,0.0,0.0,0.0,0.0,0.0,0.0,0.0,0.0
2790,2021-10-29,2791,2801,2021-11-01,2021-11-15,0.04572115291990997,1.0,-0.008839213392517031,0.012887089077025848,0.5020714969208359,0.5226934523809523,outer_05,sigmoid,0.05,0,,False,5.0,0.0,0.0,0.0,0.0,0.0,0.0,0.0,0.0
2791,2021-11-01,2792,2802,2021-11-02,2021-11-16,0.03843586554286116,1.0,0.00571561153097111,0.013389485797878464,0.5027828729262251,0.5226934523809523,outer_05,sigmoid,0.05,0,,False,5.0,0.0,0.0,0.0,0.0,0.0,0.0,0.0,0.0
2792,2021-11-02,2793,2803,2021-11-03,2021-11-17,0.034424640191535794,1.0,-0.002993546010499948,0.01576824460300319,0.5029412370071105,0.5226934523809523,outer_05,sigmoid,0.05,0,,False,5.0,0.0,0.0,0.0,0.0,0.0,0.0,0.0,0.0
2793,2021-11-03,2794,2804,2021-11-04,2021-11-18,0.05218374378472923,1.0,-0.010090789526763011,0.003974235011608762,0.5022294419858697,0.5226934523809523,outer_05,sigmoid,0.05,0,,False,5.0,0.0,0.0,0.0,0.0,0.0,0.0,0.0,0.0
2794,2021-11-04,2795,2805,2021-11-05,2021-11-19,0.03730536960882702,1.0,0.012253073337766374,0.02075289754807308,0.5040874251883068,0.5226934523809523,outer_05,sigmoid,0.05,0,,False,5.0,0.0,0.0,0.0,0.0,0.0,0.0,0.0,0.0
2795,2021-11-05,2796,2806,2021-11-08,2021-11-22,0.014489520503449427,1.0,0.014478511981754316,0.03398426029969581,0.511360050192144,0.5226934523809523,outer_05,sigmoid,0.05,0,,False,5.0,0.0,0.0,0.0,0.0,0.0,0.0,0.0,0.0
2796,2021-11-08,2797,2807,2021-11-09,2021-11-23,-0.008964126672819539,0.0,0.003459660011232657,0.03914703731203861,0.5115538475564946,0.5226934523809523,outer_05,sigmoid,0.05,0,,False,5.0,0.0,-0.0,-0.0,0.0,-0.0,-0.0,-0.0,-0.0
2797,2021-11-09,2798,2808,2021-11-10,2021-11-24,-0.02347720168716272,0.0,0.004124935413202024,0.03981182073699685,0.5117341468789965,0.5226934523809523,outer_05,sigmoid,0.05,0,,False,5.0,0.0,-0.0,-0.0,0.0,-0.0,-0.0,-0.0,-0.0
2798,2021-11-10,2799,2809,2021-11-11,2021-11-25,-0.03357560959203276,0.0,0.009395148781042195,0.030877973506334477,0.5160499433929289,0.5226934523809523,outer_05,sigmoid,0.05,0,,False,5.0,0.0,-0.0,-0.0,0.0,-0.0,-0.0,-0.0,-0.0
2799,2021-11-11,2800,2810,2021-11-12,2021-11-26,-0.039038750388977306,0.0,0.0068989208449403705,0.036010222673746206,0.5184362909299312,0.5226934523809523,outer_05,sigmoid,0.05,0,,False,5.0,0.0,-0.0,-0.0,0.0,-0.0,-0.0,-0.0,-0.0
2800,2021-11-12,2801,2811,2021-11-15,2021-11-29,-0.04282632490986682,0.0,0.0013848187456710903,0.05339161078226695,0.5140809519760556,0.5226934523809523,outer_05,sigmoid,0.05,0,,False,5.0,0.0,-0.0,-0.0,0.0,-0.0,-0.0,-0.0,-0.0
2801,2021-11-15,2802,2812,2021-11-16,2021-11-30,-0.04274002485653128,0.0,-0.000880050284055578,0.05414805062121708,0.5106211485395595,0.5226934523809523,outer_05,sigmoid,0.05,0,,False,5.0,0.0,-0.0,-0.0,0.0,-0.0,-0.0,-0.0,-0.0
2802,2021-11-16,2803,2813,2021-11-17,2021-12-01,-0.04100239279554163,0.0,-0.006857588372452206,0.044766065970564206,0.516781305393263,0.5226934523809523,outer_05,sigmoid,0.05,0,,False,5.0,0.0,-0.0,-0.0,0.0,-0.0,-0.0,-0.0,-0.0
2803,2021-11-17,2804,2814,2021-11-18,2021-12-02,-0.046481232011783113,0.0,0.009366905793273261,0.04677173549879399,0.5150102927402789,0.5226934523809523,outer_05,sigmoid,0.05,0,,False,5.0,0.0,-0.0,-0.0,0.0,-0.0,-0.0,-0.0,-0.0
2804,2021-11-18,2805,2815,2021-11-19,2021-12-03,-0.04934782047795494,0.0,-0.004605235985109424,0.04145970245280761,0.5172124465127845,0.5226934523809523,outer_05,sigmoid,0.05,0,,False,5.0,0.0,-0.0,-0.0,0.0,-0.0,-0.0,-0.0,-0.0
2805,2021-11-19,2806,2816,2021-11-22,2021-12-06,-0.03321875221638848,0.0,-0.007077888698041157,0.02915248072697718,0.5132427781085307,0.5226934523809523,outer_05,sigmoid,0.05,0,,False,5.0,0.0,-0.0,-0.0,0.0,-0.0,-0.0,-0.0,-0.0
2806,2021-11-22,2807,2817,2021-11-23,2021-12-07,-0.016209202008722556,0.0,-0.022425449488083338,-0.0014727869336237376,0.5022587970285133,0.5226934523809523,outer_05,sigmoid,0.05,0,,False,5.0,0.0,-0.0,-0.0,0.0,-0.0,-0.0,-0.0,-0.0
2807,2021-11-23,2808,2818,2021-11-24,2021-12-08,-0.002518399629725998,0.0,-0.008619855545283883,-0.002076890325255043,0.5056606809985716,0.5226934523809523,outer_05,sigmoid,0.05,0,,False,5.0,0.0,-0.0,-0.0,0.0,-0.0,-0.0,-0.0,-0.0
2808,2021-11-24,2809,2819,2021-11-25,2021-12-09,-0.002716320022682517,0.0,-0.0003577497578621802,-0.0046018382549437575,0.5072197782141457,0.5226934523809523,outer_05,sigmoid,0.05,0,,False,5.0,0.0,-0.0,-0.0,0.0,-0.0,-0.0,-0.0,-0.0
2809,2021-11-25,2810,2820,2021-11-26,2021-12-10,-0.008120141296144467,0.0,-0.00012300604422499362,-0.005792786665039351,0.5136373662880797,0.5226934523809523,outer_05,sigmoid,0.05,0,,False,5.0,0.0,-0.0,-0.0,0.0,-0.0,-0.0,-0.0,-0.0
2810,2021-11-26,2811,2821,2021-11-29,2021-12-13,-0.003225718922815979,0.0,0.001363402906712885,0.004409829634190565,0.5095924779798815,0.5226934523809523,outer_05,sigmoid,0.05,0,,False,5.0,0.0,-0.0,-0.0,0.0,-0.0,-0.0,-0.0,-0.0
2811,2021-11-29,2812,2822,2021-11-30,2021-12-14,0.00046484667897672693,1.0,-0.0032999453854341,-0.0046057272822146444,0.5121595099081053,0.5226934523809523,outer_05,sigmoid,0.05,0,,False,5.0,0.0,0.0,0.0,0.0,0.0,0.0,0.0,0.0
2812,2021-11-30,2813,2823,2021-12-01,2021-12-15,-0.0025201924624784766,0.0,-0.005916761422356309,-0.007528942694071006,0.510787637862698,0.5226934523809523,outer_05,sigmoid,0.05,0,,False,5.0,0.0,-0.0,-0.0,0.0,-0.0,-0.0,-0.0,-0.0
2813,2021-12-01,2814,2824,2021-12-02,2021-12-16,-0.0017641345991386004,0.0,0.004189742119256934,0.006751588951948939,0.5086290196750634,0.5226934523809523,outer_05,sigmoid,0.05,0,,False,5.0,0.0,-0.0,-0.0,0.0,-0.0,-0.0,-0.0,-0.0
2814,2021-12-02,2815,2825,2021-12-03,2021-12-17,0.01609873167800746,1.0,-0.007593803743882077,-0.013095288129699512,0.5082184674008161,0.5226934523809523,outer_05,sigmoid,0.05,0,,False,5.0,0.0,0.0,0.0,0.0,0.0,0.0,0.0,0.0
2815,2021-12-03,2816,2826,2021-12-06,2021-12-20,0.010222543247179416,1.0,0.00871558435151254,-0.018858215759941288,0.5002031678027694,0.5226934523809523,outer_05,sigmoid,0.05,0,,False,5.0,0.0,0.0,0.0,0.0,0.0,0.0,0.0,0.0
2816,2021-12-06,2817,2827,2021-12-07,2021-12-21,0.006650387423411175,1.0,-0.003093552891715312,-0.025411428662889257,0.4995206711308532,0.5226934523809523,outer_05,sigmoid,0.05,0,,False,5.0,0.0,0.0,0.0,0.0,0.0,0.0,0.0,0.0
2817,2021-12-07,2818,2828,2021-12-08,2021-12-22,0.0023898351083255776,1.0,0.003250501805166728,-0.026285862270924554,0.5032068447696921,0.5226934523809523,outer_05,sigmoid,0.05,0,,False,5.0,0.0,0.0,0.0,0.0,0.0,0.0,0.0,0.0
2818,2021-12-08,2819,2829,2021-12-09,2021-12-23,0.011181837599967714,1.0,-0.0009364530425148843,-0.03661746409448163,0.5031495752876657,0.5226934523809523,outer_05,sigmoid,0.05,0,,False,5.0,0.0,0.0,0.0,0.0,0.0,0.0,0.0,0.0
2819,2021-12-09,2820,2830,2021-12-10,2021-12-27,0.016739829637647752,1.0,-0.004137603510278254,-0.04765398844970026,0.5074384049373369,0.5226934523809523,outer_05,sigmoid,0.05,0,,False,5.0,0.0,0.0,0.0,0.0,0.0,0.0,0.0,0.0
2820,2021-12-10,2821,2831,2021-12-13,2021-12-28,0.01601449792109566,1.0,0.004322720653496148,-0.0447160865418752,0.5049444476383735,0.5226934523809523,outer_05,sigmoid,0.05,0,,False,5.0,0.0,0.0,0.0,0.0,0.0,0.0,0.0,0.0
2821,2021-12-13,2822,2832,2021-12-14,2021-12-29,0.011473997908366229,1.0,0.002336259855114875,-0.04149977640270475,0.5094710818793451,0.5226934523809523,outer_05,sigmoid,0.05,0,,False,5.0,0.0,0.0,0.0,0.0,0.0,0.0,0.0,0.0
2822,2021-12-14,2823,2833,2021-12-15,2021-12-30,0.018052879690106494,1.0,-0.009225463665726075,-0.043867651695978616,0.5081960261267275,0.5226934523809523,outer_05,sigmoid,0.05,0,,False,5.0,0.0,0.0,0.0,0.0,0.0,0.0,0.0,0.0
2823,2021-12-15,2824,2834,2021-12-16,2021-12-31,0.020206756028915862,1.0,0.003670018523115104,-0.04956453896613677,0.5096664681070846,0.5226934523809523,outer_05,sigmoid,0.05,0,,False,5.0,0.0,0.0,0.0,0.0,0.0,0.0,0.0,0.0
2824,2021-12-16,2825,2835,2021-12-17,2022-01-03,0.017768349700189034,1.0,0.01226487714585911,-0.03269442583516824,0.5097618783475464,0.5226934523809523,outer_05,sigmoid,0.05,0,,False,5.0,0.0,0.0,0.0,0.0,0.0,0.0,0.0,0.0
2825,2021-12-17,2826,2836,2021-12-20,2022-01-04,0.0011935262341058461,1.0,-0.0005782596769412507,-0.026194796814068333,0.5080896043021808,0.5226934523809523,outer_05,sigmoid,0.05,0,,False,5.0,0.0,0.0,0.0,0.0,0.0,0.0,0.0,0.0
2826,2021-12-20,2827,2837,2021-12-21,2022-01-05,0.012783697551577156,1.0,-0.004280608941949815,-0.00804995626793481,0.503571600086767,0.5226934523809523,outer_05,sigmoid,0.05,0,,False,5.0,0.0,0.0,0.0,0.0,0.0,0.0,0.0,0.0
2827,2021-12-21,2828,2838,2021-12-22,2022-01-06,0.011775858307343512,1.0,-0.0009332398908084016,-0.00036334061345932867,0.5062136602959983,0.5226934523809523,outer_05,sigmoid,0.05,0,,False,5.0,0.0,0.0,0.0,0.0,0.0,0.0,0.0,0.0
2828,2021-12-22,2829,2839,2021-12-23,2022-01-07,-0.006649423132988552,0.0,0.008301436527424322,0.008295845671827173,0.5105791941737499,0.5226934523809523,outer_05,sigmoid,0.05,0,,False,5.0,0.0,-0.0,-0.0,0.0,-0.0,-0.0,-0.0,-0.0
2829,2021-12-23,2830,2840,2021-12-27,2022-01-10,-0.00612067716206699,0.0,0.0023371095842668055,0.010755961300318972,0.5130875452319362,0.5226934523809523,outer_05,sigmoid,0.05,0,,False,5.0,0.0,-0.0,-0.0,0.0,-0.0,-0.0,-0.0,-0.0
2830,2021-12-27,2831,2841,2021-12-28,2022-01-11,-0.006168415664880023,0.0,0.0022433551421494613,0.011635913535755549,0.512959380559465,0.5226934523809523,outer_05,sigmoid,0.05,0,,False,5.0,0.0,-0.0,-0.0,0.0,-0.0,-0.0,-0.0,-0.0
2831,2021-12-28,2832,2842,2021-12-29,2022-01-12,0.00748893675712381,1.0,-0.0031454302526441325,0.011790428668545516,0.5130346621821896,0.5226934523809523,outer_05,sigmoid,0.05,0,,False,5.0,0.0,0.0,0.0,0.0,0.0,0.0,0.0,0.0
2832,2021-12-29,2833,2843,2021-12-30,2022-01-13,0.012161638148660003,1.0,-0.0012354469539825885,0.016471743136919237,0.515160086869045,0.5226934523809523,outer_05,sigmoid,0.05,0,,False,5.0,0.0,0.0,0.0,0.0,0.0,0.0,0.0,0.0
2833,2021-12-30,2834,2844,2021-12-31,2022-01-14,0.0037677465346392935,1.0,0.006178556148936032,0.018460557166598335,0.513222453207542,0.5226934523809523,outer_05,sigmoid,0.05,0,,False,5.0,0.0,0.0,0.0,0.0,0.0,0.0,0.0,0.0
2834,2021-12-31,2835,2845,2022-01-03,2022-01-17,-0.0072807738331786,0.0,0.00724062065160247,0.03329498156208288,0.5172248402362417,0.5226934523809523,outer_05,sigmoid,0.05,0,,False,5.0,0.0,-0.0,-0.0,0.0,-0.0,-0.0,-0.0,-0.0
2835,2022-01-03,2836,2846,2022-01-04,2022-01-18,0.008733101049631209,1.0,-0.014917055086754338,0.009662342123816003,0.5072275981293952,0.5226934523809523,outer_05,sigmoid,0.05,0,,False,5.0,0.0,0.0,0.0,0.0,0.0,0.0,0.0,0.0
2836,2022-01-04,2837,2847,2022-01-05,2022-01-19,0.00013230721755164154,1.0,0.00727967900762394,0.020035574023155256,0.5103099269721673,0.5226934523809523,outer_05,sigmoid,0.05,0,,False,5.0,0.0,0.0,0.0,0.0,0.0,0.0,0.0,0.0
2837,2022-01-05,2838,2848,2022-01-06,2022-01-20,0.01651426746654039,1.0,-0.0021131683583410776,0.01467190385964745,0.5126099058306136,0.5226934523809523,outer_05,sigmoid,0.05,0,,False,5.0,0.0,0.0,0.0,0.0,0.0,0.0,0.0,0.0
2838,2022-01-06,2839,2849,2022-01-07,2022-01-21,0.02648869627313477,1.0,-0.01156043705850518,0.004047919843657155,0.5041810294138018,0.5226934523809523,outer_05,sigmoid,0.05,0,,False,5.0,0.0,0.0,0.0,0.0,0.0,0.0,0.0,0.0
2839,2022-01-07,2840,2850,2022-01-10,2022-01-24,0.020922245596588063,1.0,0.0036698107565955596,0.011855334110530968,0.5056795397135943,0.5226934523809523,outer_05,sigmoid,0.05,0,,False,5.0,0.0,0.0,0.0,0.0,0.0,0.0,0.0,0.0
2840,2022-01-10,2841,2851,2022-01-11,2022-01-25,0.02329886959333205,1.0,0.0029961195178689337,0.010528732974903754,0.5060744525291145,0.5226934523809523,outer_05,sigmoid,0.05,0,,False,5.0,0.0,0.0,0.0,0.0,0.0,0.0,0.0,0.0
2841,2022-01-11,2842,2852,2022-01-12,2022-01-26,0.014914539898479795,1.0,0.01089679355201767,0.01908926667180655,0.5106441431954829,0.5226934523809523,outer_05,sigmoid,0.05,0,,False,5.0,0.0,0.0,0.0,0.0,0.0,0.0,0.0,0.0
2842,2022-01-12,2843,2853,2022-01-13,2022-01-27,-0.003231233284815005,0.0,0.002582542688853273,0.030897273026385896,0.5128759595589861,0.5226934523809523,outer_05,sigmoid,0.05,0,,False,5.0,0.0,-0.0,-0.0,0.0,-0.0,-0.0,-0.0,-0.0
2843,2022-01-13,2844,2854,2022-01-14,2022-01-28,-0.013369308694774595,0.0,-0.001880044951312776,0.025347209551958017,0.5138190115262383,0.5226934523809523,outer_05,sigmoid,0.05,0,,False,5.0,0.0,-0.0,-0.0,0.0,-0.0,-0.0,-0.0,-0.0
2844,2022-01-14,2845,2855,2022-01-17,2022-01-31,-0.01574495065364445,0.0,-0.0028404661636258766,0.01024186624247303,0.5103750377243103,0.5226934523809523,outer_05,sigmoid,0.05,0,,False,5.0,0.0,-0.0,-0.0,0.0,-0.0,-0.0,-0.0,-0.0
2845,2022-01-17,2846,2856,2022-01-18,2022-02-01,-0.0114831256996073,0.0,0.0008634320583711386,0.01168355797778542,0.5181569605765672,0.5226934523809523,outer_05,sigmoid,0.05,0,,False,5.0,0.0,-0.0,-0.0,0.0,-0.0,-0.0,-0.0,-0.0
2846,2022-01-18,2847,2857,2022-01-19,2022-02-02,-0.0072252810799433576,0.0,-0.0029784128535848,0.012985754066150434,0.5091929602479811,0.5226934523809523,outer_05,sigmoid,0.05,0,,False,5.0,0.0,-0.0,-0.0,0.0,-0.0,-0.0,-0.0,-0.0
2847,2022-01-19,2848,2858,2022-01-20,2022-02-03,-0.01823945451316966,0.0,0.014738946681475795,0.02865794063843463,0.5085976206064498,0.5226934523809523,outer_05,sigmoid,0.05,0,,False,5.0,0.0,-0.0,-0.0,0.0,-0.0,-0.0,-0.0,-0.0
2848,2022-01-20,2849,2859,2022-01-21,2022-02-04,-0.018913534492631,0.0,-0.000597800113451008,0.0197587039975593,0.5108892347078638,0.5226934523809523,outer_05,sigmoid,0.05,0,,False,5.0,0.0,-0.0,-0.0,0.0,-0.0,-0.0,-0.0,-0.0
2849,2022-01-21,2850,2860,2022-01-24,2022-02-07,-0.013385051390361724,0.0,-0.002667277911160504,0.014754316502131992,0.5099850527789682,0.5226934523809523,outer_05,sigmoid,0.05,0,,False,5.0,0.0,-0.0,-0.0,0.0,-0.0,-0.0,-0.0,-0.0
2850,2022-01-24,2851,2861,2022-01-25,2022-02-08,-0.011817661857318917,0.0,0.004638663596963077,0.01714962495694561,0.5088164319423532,0.5226934523809523,outer_05,sigmoid,0.05,0,,False,5.0,0.0,-0.0,-0.0,0.0,-0.0,-0.0,-0.0,-0.0
2851,2022-01-25,2852,2862,2022-01-26,2022-02-09,-0.011837099587596711,0.0,0.0024547203352520697,0.02274977554484181,0.5109820910003795,0.5226934523809523,outer_05,sigmoid,0.05,0,,False,5.0,0.0,-0.0,-0.0,0.0,-0.0,-0.0,-0.0,-0.0
2852,2022-01-26,2853,2863,2022-01-27,2022-02-10,0.007036055123408325,1.0,-0.01573727498089106,0.00824794751793334,0.5079064073733024,0.5226934523809523,outer_05,sigmoid,0.05,0,,False,5.0,0.0,0.0,0.0,0.0,0.0,0.0,0.0,0.0
2853,2022-01-27,2854,2864,2022-01-28,2022-02-11,0.016542983582390036,1.0,-0.012247286293039394,-0.010177894924042086,0.5063697810019052,0.5226934523809523,outer_05,sigmoid,0.05,0,,False,5.0,0.0,0.0,0.0,0.0,0.0,0.0,0.0,0.0
2854,2022-01-28,2855,2865,2022-01-31,2022-02-14,0.0367137550675416,1.0,-0.002853736873762891,-0.020272252449407446,0.5079336581301828,0.5226934523809523,outer_05,sigmoid,0.05,0,,False,5.0,0.0,0.0,0.0,0.0,0.0,0.0,0.0,0.0
2855,2022-01-31,2856,2866,2022-02-01,2022-02-15,0.03984082337479933,1.0,0.002953915525775841,-0.002401281836877267,0.5081145693232751,0.5226934523809523,outer_05,sigmoid,0.05,0,,False,5.0,0.0,0.0,0.0,0.0,0.0,0.0,0.0,0.0
2856,2022-02-01,2857,2867,2022-02-02,2022-02-16,0.028900598230303665,1.0,0.002234712335368094,-0.007446248509133113,0.5101860979292648,0.5226934523809523,outer_05,sigmoid,0.05,0,,False,5.0,0.0,0.0,0.0,0.0,0.0,0.0,0.0,0.0
2857,2022-02-02,2858,2868,2022-02-03,2022-02-17,0.03422340689249026,1.0,0.0033039921845094966,-0.002029087966282539,0.5087129347830499,0.5226934523809523,outer_05,sigmoid,0.05,0,,False,5.0,0.0,0.0,0.0,0.0,0.0,0.0,0.0,0.0
2858,2022-02-03,2859,2869,2022-02-04,2022-02-18,0.05071439237029196,1.0,-0.0010964245479208046,0.008434924544301836,0.5094751675988985,0.5226934523809523,outer_05,sigmoid,0.05,0,,False,5.0,0.0,0.0,0.0,0.0,0.0,0.0,0.0,0.0
2859,2022-02-04,2860,2870,2022-02-07,2022-02-21,0.050675474894527284,1.0,0.0016386548984401728,0.006403768686146449,0.5088004877577077,0.5226934523809523,outer_05,sigmoid,0.05,0,,False,5.0,0.0,0.0,0.0,0.0,0.0,0.0,0.0,0.0
2860,2022-02-07,2861,2871,2022-02-08,2022-02-22,0.048654190150719145,1.0,0.006967440101345979,0.010375089269623494,0.5098549684038702,0.5226934523809523,outer_05,sigmoid,0.05,0,,False,5.0,0.0,0.0,0.0,0.0,0.0,0.0,0.0,0.0
2861,2022-02-08,2862,2872,2022-02-09,2022-02-23,0.03928917582403635,1.0,0.0030440088114493946,0.0025223045290552193,0.5104990128356544,0.5226934523809523,outer_05,sigmoid,0.05,0,,False,5.0,0.0,0.0,0.0,0.0,0.0,0.0,0.0,0.0
2862,2022-02-09,2863,2873,2022-02-10,2022-02-24,0.0411811735447456,1.0,0.003738832965074934,0.00367859480527688,0.5136297853172678,0.5226934523809523,outer_05,sigmoid,0.05,0,,False,5.0,0.0,0.0,0.0,0.0,0.0,0.0,0.0,0.0
2863,2022-02-10,2864,2874,2022-02-11,2022-02-25,0.04244057795724032,1.0,-0.0033446126674796517,0.0022140270891100045,0.5092011053353087,0.5226934523809523,outer_05,sigmoid,0.05,0,,False,5.0,0.0,0.0,0.0,0.0,0.0,0.0,0.0,0.0
2864,2022-02-11,2865,2875,2022-02-14,2022-02-28,0.03386760457334592,1.0,0.01748951851994729,0.02254401177268317,0.5165755548089762,0.5226934523809523,outer_05,sigmoid,0.05,0,,False,5.0,0.0,0.0,0.0,0.0,0.0,0.0,0.0,0.0
2865,2022-02-14,2866,2876,2022-02-15,2022-03-01,0.01996959611600513,1.0,0.006840529311419097,0.02852110902573113,0.5234257463253486,0.5226934523809523,outer_05,sigmoid,0.05,0,,False,5.0,0.0,0.0,0.0,0.0,0.0,0.0,0.0,0.0
2866,2022-02-15,2867,2877,2022-02-16,2022-03-02,0.046969107677381494,1.0,-0.009868271540479867,0.02163125033883606,0.5240860067547329,0.5226934523809523,outer_05,sigmoid,0.05,0,,False,5.0,0.0,0.0,0.0,0.0,0.0,0.0,0.0,0.0
2867,2022-02-16,2868,2878,2022-02-17,2022-03-03,0.031283479279216486,1.0,0.008403320493349575,0.015295624150709841,0.5248381599905942,0.5226934523809523,outer_05,sigmoid,0.05,0,,False,5.0,0.0,0.0,0.0,0.0,0.0,0.0,0.0,0.0
2868,2022-02-17,2869,2879,2022-02-18,2022-03-04,0.019831645850966417,1.0,0.01552888063778024,0.03142230490194109,0.5290283565802653,0.5226934523809523,outer_05,sigmoid,0.05,0,,False,5.0,0.0,0.0,0.0,0.0,0.0,0.0,0.0,0.0
2869,2022-02-18,2870,2880,2022-02-21,2022-03-07,0.040245335806098126,1.0,-0.00047950385443940036,0.03361007895866219,0.5292869919586096,0.5226934523809523,outer_05,sigmoid,0.05,0,,False,5.0,0.0,0.0,0.0,0.0,0.0,0.0,0.0,0.0
2870,2022-02-21,2871,2881,2022-02-22,2022-03-08,0.04361140593173474,1.0,0.003220377441129685,0.0321917928028288,0.5289039038208636,0.5226934523809523,outer_05,sigmoid,0.05,0,,False,5.0,0.0,0.0,0.0,0.0,0.0,0.0,0.0,0.0
2871,2022-02-22,2872,2882,2022-02-23,2022-03-09,0.07656463384508161,1.0,-0.0026091820081761696,0.02712789045940056,0.5229851509595067,0.5226934523809523,outer_05,sigmoid,0.05,0,,False,5.0,0.0,0.0,0.0,0.0,0.0,0.0,0.0,0.0
2872,2022-02-23,2873,2883,2022-02-24,2022-03-10,0.04208060761876098,1.0,0.005033400178564129,0.04789856561885575,0.5252438194750858,0.5226934523809523,outer_05,sigmoid,0.05,0,,False,5.0,0.0,0.0,0.0,0.0,0.0,0.0,0.0,0.0
2873,2022-02-24,2874,2884,2022-02-25,2022-03-11,0.04655220165579088,1.0,-0.0022613701151437127,0.05788448179675143,0.5236799593435247,0.5226934523809523,outer_05,sigmoid,0.05,0,,False,5.0,0.0,0.0,0.0,0.0,0.0,0.0,0.0,0.0
2874,2022-02-25,2875,2885,2022-02-28,2022-03-14,0.030744666713905744,1.0,-0.008185656541720654,0.05255256212879367,0.5198327349191381,0.5226934523809523,outer_05,sigmoid,0.05,0,,False,5.0,0.0,0.0,0.0,0.0,0.0,0.0,0.0,0.0
2875,2022-02-28,2876,2886,2022-03-01,2022-03-15,0.023297217423060346,1.0,0.010541357874802593,0.06014000447782042,0.5122611438381014,0.5226934523809523,outer_05,sigmoid,0.05,0,,False,5.0,0.0,0.0,0.0,0.0,0.0,0.0,0.0,0.0
2876,2022-03-01,2877,2887,2022-03-02,2022-03-16,-0.011840400916291571,0.0,0.019157544763686474,0.0770628369061388,0.5254501603074124,0.5226934523809523,outer_05,sigmoid,0.05,0,,False,5.0,0.0,-0.0,-0.0,0.0,-0.0,-0.0,-0.0,-0.0
2877,2022-03-02,2878,2888,2022-03-03,2022-03-17,-0.0018313835692378433,0.0,-0.009068483281026829,0.06469036144060247,0.5274050287302183,0.5226934523809523,outer_05,sigmoid,0.05,0,,False,5.0,0.0,-0.0,-0.0,0.0,-0.0,-0.0,-0.0,-0.0
2878,2022-03-03,2879,2889,2022-03-04,2022-03-18,0.0028100841149703015,1.0,0.004663291950962822,0.0704500779394861,0.5248239473649091,0.5226934523809523,outer_05,sigmoid,0.05,0,,False,5.0,0.0,0.0,0.0,0.0,0.0,0.0,0.0,0.0
2879,2022-03-04,2880,2890,2022-03-07,2022-03-21,-0.028452062341629336,0.0,0.016957368824534136,0.08576879186558006,0.5255748043930081,0.5226934523809523,outer_05,sigmoid,0.05,0,,False,5.0,0.0,-0.0,-0.0,0.0,-0.0,-0.0,-0.0,-0.0
2880,2022-03-07,2881,2891,2022-03-08,2022-03-22,-0.03107008520060539,0.0,0.013864673138634487,0.09266602490286857,0.525408792089613,0.5226934523809523,outer_05,sigmoid,0.05,0,,False,5.0,0.0,-0.0,-0.0,0.0,-0.0,-0.0,-0.0,-0.0
2881,2022-03-08,2882,2892,2022-03-09,2022-03-23,-0.06486865531653141,0.0,0.026146733722162807,0.11576874981358198,0.5304184552651509,0.5226934523809523,outer_05,sigmoid,0.05,0,,False,5.0,0.0,-0.0,-0.0,0.0,-0.0,-0.0,-0.0,-0.0
2882,2022-03-09,2883,2893,2022-03-10,2022-03-24,-0.024135878842589165,0.0,-0.028578038073256096,0.08345187877525095,0.5306833740756809,0.5226934523809523,outer_05,sigmoid,0.05,0,,False,5.0,0.0,-0.0,-0.0,0.0,-0.0,-0.0,-0.0,-0.0
2883,2022-03-10,2884,2894,2022-03-11,2022-03-25,-0.019443315682899254,0.0,0.0018152647648417286,0.08861175620757233,0.5341018363661789,0.5226934523809523,outer_05,sigmoid,0.05,0,,False,5.0,0.0,-0.0,-0.0,0.0,-0.0,-0.0,-0.0,-0.0
2884,2022-03-11,2885,2895,2022-03-14,2022-03-28,-0.012248079606584028,0.0,-0.005420448664678723,0.06570178902294632,0.5345583599082802,0.5226934523809523,outer_05,sigmoid,0.05,0,,False,5.0,0.0,-0.0,-0.0,0.0,-0.0,-0.0,-0.0,-0.0
2885,2022-03-14,2886,2896,2022-03-15,2022-03-29,-0.015961614847135763,0.0,-0.017162177646528498,0.04169908206499873,0.53574047800344,0.5226934523809523,outer_05,sigmoid,0.05,0,,False,5.0,0.0,-0.0,-0.0,0.0,-0.0,-0.0,-0.0,-0.0
2886,2022-03-15,2887,2897,2022-03-16,2022-03-30,1.0416015665981604e-05,1.0,-0.01751401707267064,0.034053336532807954,0.5338633607438311,0.5226934523809523,outer_05,sigmoid,0.05,0,,False,5.0,0.0,0.0,0.0,0.0,0.0,0.0,0.0,0.0
2887,2022-03-16,2888,2898,2022-03-17,2022-03-31,0.0038404873462143385,1.0,0.003784107638844958,0.029434123678303337,0.5341509710645718,0.5226934523809523,outer_05,sigmoid,0.05,0,,False,5.0,0.0,0.0,0.0,0.0,0.0,0.0,0.0,0.0
2888,2022-03-17,2889,2899,2022-03-18,2022-04-01,-0.00258808389205889,0.0,0.009169038661799078,0.023074281702322175,0.5333708596506458,0.5226934523809523,outer_05,sigmoid,0.05,0,,False,5.0,0.0,-0.0,-0.0,0.0,-0.0,-0.0,-0.0,-0.0
2889,2022-03-18,2890,2900,2022-03-21,2022-04-04,-0.0005403748462304847,0.0,-0.011296162361096762,0.012257623195664813,0.5340329078624108,0.5226934523809523,outer_05,sigmoid,0.05,0,,False,5.0,0.0,-0.0,-0.0,0.0,-0.0,-0.0,-0.0,-0.0
2890,2022-03-21,2891,2901,2022-03-22,2022-04-05,-0.0018869832229393424,0.0,0.007350285319707162,0.01638753107424229,0.5309650601426501,0.5226934523809523,outer_05,sigmoid,0.05,0,,False,5.0,0.0,-0.0,-0.0,0.0,-0.0,-0.0,-0.0,-0.0
2891,2022-03-22,2892,2902,2022-03-23,2022-04-06,0.0009208510979066276,1.0,-0.006939070068757935,0.012057643013660524,0.5275168474994988,0.5226934523809523,outer_05,sigmoid,0.05,0,,False,5.0,0.0,0.0,0.0,0.0,0.0,0.0,0.0,0.0
2892,2022-03-23,2893,2903,2022-03-24,2022-04-07,-0.010490085725377796,0.0,0.012068251341937675,0.01909249417703407,0.5254610320458587,0.5226934523809523,outer_05,sigmoid,0.05,0,,False,5.0,0.0,-0.0,-0.0,0.0,-0.0,-0.0,-0.0,-0.0
2893,2022-03-24,2894,2904,2022-03-25,2022-04-08,-0.013967188537288955,0.0,0.006197143732062926,0.02755100802424071,0.522423480214506,0.5226934523809523,outer_05,sigmoid,0.05,0,,False,5.0,0.0,-0.0,-0.0,0.0,-0.0,-0.0,-0.0,-0.0
2894,2022-03-25,2895,2905,2022-03-28,2022-04-11,-0.004114546838721367,0.0,0.00014817880610351608,0.03588484337206488,0.5201772154894544,0.5226934523809523,outer_05,sigmoid,0.05,0,,False,5.0,0.0,-0.0,-0.0,0.0,-0.0,-0.0,-0.0,-0.0
2895,2022-03-28,2896,2906,2022-03-29,2022-04-12,0.01544440215109244,1.0,-0.01826266386641784,0.007080821630844447,0.5196870884968482,0.5226934523809523,outer_05,sigmoid,0.05,0,,False,5.0,0.0,0.0,0.0,0.0,0.0,0.0,0.0,0.0
2896,2022-03-29,2897,2907,2022-03-30,2022-04-13,0.02401496447472873,1.0,-0.00130690726804783,-0.013383630400889857,0.5236991856891335,0.5226934523809523,outer_05,sigmoid,0.05,0,,False,5.0,0.0,0.0,0.0,0.0,0.0,0.0,0.0,0.0
2897,2022-03-30,2898,2908,2022-03-31,2022-04-14,0.02249550142125578,1.0,0.007174704490445549,0.0028595573705825217,0.52175266064399,0.5226934523809523,outer_05,sigmoid,0.05,0,,False,5.0,0.0,0.0,0.0,0.0,0.0,0.0,0.0,0.0
2898,2022-03-31,2899,2909,2022-04-01,2022-04-18,0.018028184623685384,1.0,0.0019379800949748116,0.00013424551459451095,0.523252322750624,0.5226934523809523,outer_05,sigmoid,0.05,0,,False,5.0,0.0,0.0,0.0,0.0,0.0,0.0,0.0,0.0
2899,2022-04-01,2900,2910,2022-04-04,2022-04-19,0.027410913897079503,1.0,-0.006625302338182593,-0.023448425648122218,0.5239126206380681,0.5226934523809523,outer_05,sigmoid,0.05,0,,False,5.0,0.0,0.0,0.0,0.0,0.0,0.0,0.0,0.0
2900,2022-04-04,2901,2911,2022-04-05,2022-04-20,0.008927779793634905,1.0,0.004475208477004777,-0.03283789030975193,0.5239737431406261,0.5226934523809523,outer_05,sigmoid,0.05,0,,False,5.0,0.0,0.0,0.0,0.0,0.0,0.0,0.0,0.0
2901,2022-04-05,2902,2912,2022-04-06,2022-04-21,0.01702004194974638,1.0,-0.004719509633972052,-0.06370413366588679,0.5306023596314585,0.5226934523809523,outer_05,sigmoid,0.05,0,,False,5.0,0.0,0.0,0.0,0.0,0.0,0.0,0.0,0.0
2902,2022-04-06,2903,2913,2022-04-07,2022-04-22,0.01352502059055638,1.0,0.0010339731204895841,-0.034092122472141106,0.5270015037426679,0.5226934523809523,outer_05,sigmoid,0.05,0,,False,5.0,0.0,0.0,0.0,0.0,0.0,0.0,0.0,0.0
2903,2022-04-07,2904,2914,2022-04-08,2022-04-25,0.000517539422177471,1.0,0.0029246610041386845,-0.03298272623284415,0.5242047085156428,0.5226934523809523,outer_05,sigmoid,0.05,0,,False,5.0,0.0,0.0,0.0,0.0,0.0,0.0,0.0,0.0
2904,2022-04-08,2905,2915,2022-04-11,2022-04-26,-0.02550740840197907,0.0,0.007814050823257368,-0.01974822674490806,0.5173096446493856,0.5226934523809523,outer_05,sigmoid,0.05,0,,False,5.0,0.0,-0.0,-0.0,0.0,-0.0,-0.0,-0.0,-0.0
2905,2022-04-11,2906,2916,2022-04-12,2022-04-27,-0.023970253220456428,0.0,0.004311489526452661,0.0017254404280730995,0.5093072430045564,0.5226934523809523,outer_05,sigmoid,0.05,0,,False,5.0,0.0,-0.0,-0.0,0.0,-0.0,-0.0,-0.0,-0.0
2906,2022-04-12,2907,2917,2022-04-13,2022-04-28,-0.04222542616160663,0.0,0.005901286893655211,0.02514074439439895,0.510365962079612,0.5226934523809523,outer_05,sigmoid,0.05,0,,False,5.0,0.0,-0.0,-0.0,0.0,-0.0,-0.0,-0.0,-0.0
2907,2022-04-13,2908,2918,2022-04-14,2022-04-29,-0.042369413879789874,0.0,0.005770602250092516,0.02712723900564651,0.5113414784033287,0.5226934523809523,outer_05,sigmoid,0.05,0,,False,5.0,0.0,-0.0,-0.0,0.0,-0.0,-0.0,-0.0,-0.0
2908,2022-04-14,2909,2919,2022-04-18,2022-05-02,-0.03776587326493264,0.0,-0.0023133687027652172,0.015644831641082213,0.5136470110546789,0.5226934523809523,outer_05,sigmoid,0.05,0,,False,5.0,0.0,-0.0,-0.0,0.0,-0.0,-0.0,-0.0,-0.0
2909,2022-04-18,2910,2920,2022-04-19,2022-05-03,-0.05942940607418645,0.0,0.0027935947720933996,0.029734588774272375,0.5092920743699397,0.5226934523809523,outer_05,sigmoid,0.05,0,,False,5.0,0.0,-0.0,-0.0,0.0,-0.0,-0.0,-0.0,-0.0
2910,2022-04-19,2911,2921,2022-04-20,2022-05-04,-0.04285823881965456,0.0,-0.015031215562521183,0.00735308789204403,0.5164290437962189,0.5226934523809523,outer_05,sigmoid,0.05,0,,False,5.0,0.0,-0.0,-0.0,0.0,-0.0,-0.0,-0.0,-0.0
2911,2022-04-20,2912,2922,2022-04-21,2022-05-05,-0.038635004129651485,0.0,0.00432065625233502,0.018612814213136986,0.5152619803873955,0.5226934523809523,outer_05,sigmoid,0.05,0,,False,5.0,0.0,-0.0,-0.0,0.0,-0.0,-0.0,-0.0,-0.0
2912,2022-04-21,2913,2923,2022-04-22,2022-05-06,-0.03867119950003328,0.0,-0.003013275518399361,0.00353128735279995,0.5149801083997431,0.5226934523809523,outer_05,sigmoid,0.05,0,,False,5.0,0.0,-0.0,-0.0,0.0,-0.0,-0.0,-0.0,-0.0
2913,2022-04-22,2914,2924,2022-04-25,2022-05-09,-0.025817826307480196,0.0,-0.010212131543784864,-0.01287798792304784,0.5186430998868703,0.5226934523809523,outer_05,sigmoid,0.05,0,,False,5.0,0.0,-0.0,-0.0,0.0,-0.0,-0.0,-0.0,-0.0
2914,2022-04-25,2915,2925,2022-04-26,2022-05-10,-0.02416577027898903,0.0,-0.017882333011917773,-0.03090849974106913,0.5203097918677307,0.5226934523809523,outer_05,sigmoid,0.05,0,,False,5.0,0.0,-0.0,-0.0,0.0,-0.0,-0.0,-0.0,-0.0
2915,2022-04-26,2916,2926,2022-04-27,2022-05-11,-0.03581147479004798,0.0,0.004453436948143263,-0.008192398926508027,0.5199830364187561,0.5226934523809523,outer_05,sigmoid,0.05,0,,False,5.0,0.0,-0.0,-0.0,0.0,-0.0,-0.0,-0.0,-0.0
2916,2022-04-27,2917,2927,2022-04-28,2022-05-12,-0.018245722075574733,0.0,-0.0108713063018957,-0.017756797960355897,0.5248565906450605,0.5226934523809523,outer_05,sigmoid,0.05,0,,False,5.0,0.0,-0.0,-0.0,0.0,-0.0,-0.0,-0.0,-0.0
2917,2022-04-28,2918,2928,2022-04-29,2022-05-13,-0.038996371396483376,0.0,0.004598195812603123,-0.020333306638198323,0.5244008332109892,0.5226934523809523,outer_05,sigmoid,0.05,0,,False,5.0,0.0,-0.0,-0.0,0.0,-0.0,-0.0,-0.0,-0.0
2918,2022-04-29,2919,2929,2022-05-02,2022-05-16,-0.04576387856437947,0.0,0.0011607539871967276,-0.021110532745976407,0.5228273966811916,0.5226934523809523,outer_05,sigmoid,0.05,0,,False,5.0,0.0,-0.0,-0.0,0.0,-0.0,-0.0,-0.0,-0.0
2919,2022-05-02,2920,2930,2022-05-03,2022-05-17,-0.02087165254209289,0.0,-0.017667091604524288,-0.0321523220123181,0.5251588888950555,0.5226934523809523,outer_05,sigmoid,0.05,0,,False,5.0,0.0,-0.0,-0.0,0.0,-0.0,-0.0,-0.0,-0.0
2920,2022-05-03,2921,2931,2022-05-04,2022-05-18,-0.02914641625901737,0.0,0.0025728864274405794,-0.0340546440618823,0.5252765640176003,0.5226934523809523,outer_05,sigmoid,0.05,0,,False,5.0,0.0,-0.0,-0.0,0.0,-0.0,-0.0,-0.0,-0.0
2921,2022-05-04,2922,2932,2022-05-05,2022-05-19,-0.03547493433216786,0.0,0.0073285018211244335,-0.022006632606785814,0.5202084356871335,0.5226934523809523,outer_05,sigmoid,0.05,0,,False,5.0,0.0,-0.0,-0.0,0.0,-0.0,-0.0,-0.0,-0.0
2922,2022-05-05,2923,2933,2022-05-06,2022-05-20,-0.01849867580661524,0.0,-0.0024208899943785056,-0.025461495721653904,0.5192458534157369,0.5226934523809523,outer_05,sigmoid,0.05,0,,False,5.0,0.0,-0.0,-0.0,0.0,-0.0,-0.0,-0.0,-0.0
2923,2022-05-06,2924,2934,2022-05-09,2022-05-23,-0.019033594289373568,0.0,0.0027503162643203183,-0.02563584046147227,0.5133087753626427,0.5226934523809523,outer_05,sigmoid,0.05,0,,False,5.0,0.0,-0.0,-0.0,0.0,-0.0,-0.0,-0.0,-0.0
2924,2022-05-09,2925,2935,2022-05-10,2022-05-24,4.316717568642048e-05,1.0,-0.01511603785462956,-0.0485659291393592,0.5162727168031707,0.5226934523809523,outer_05,sigmoid,0.05,0,,False,5.0,0.0,0.0,0.0,0.0,0.0,0.0,0.0,0.0
2925,2022-05-10,2926,2936,2022-05-11,2022-05-25,0.01417866105623844,1.0,-0.008606991224898941,-0.0614844098907108,0.5180516229373647,0.5226934523809523,outer_05,sigmoid,0.05,0,,False,5.0,0.0,0.0,0.0,0.0,0.0,0.0,0.0,0.0
2926,2022-05-11,2927,2937,2022-05-12,2022-05-26,0.0007181212529623338,1.0,0.007619518023623151,-0.05976617876074286,0.518316843221898,0.5226934523809523,outer_05,sigmoid,0.05,0,,False,5.0,0.0,0.0,0.0,0.0,0.0,0.0,0.0,0.0
2927,2022-05-12,2928,2938,2022-05-13,2022-05-27,0.015245608713384762,1.0,-0.01652624269623093,-0.08206302370706631,0.5221300138481926,0.5226934523809523,outer_05,sigmoid,0.05,0,,False,5.0,0.0,0.0,0.0,0.0,0.0,0.0,0.0,0.0
2928,2022-05-13,2929,2939,2022-05-16,2022-05-30,0.020679463900660444,1.0,-0.005658315404822645,-0.08540797040912373,0.5238922763143516,0.5226934523809523,outer_05,sigmoid,0.05,0,,False,5.0,0.0,0.0,0.0,0.0,0.0,0.0,0.0,0.0
2929,2022-05-16,2930,2940,2022-05-17,2022-05-31,0.01688720862761084,1.0,0.007221359874930222,-0.08098020530628691,0.5223695559753992,0.5226934523809523,outer_05,sigmoid,0.05,0,,False,5.0,0.0,0.0,0.0,0.0,0.0,0.0,0.0,0.0
2930,2022-05-17,2931,2941,2022-05-18,2022-06-01,0.012264984251991962,1.0,-0.005643941989975865,-0.0715929317337416,0.5263253988957817,0.5226934523809523,outer_05,sigmoid,0.05,0,,False,5.0,0.0,0.0,0.0,0.0,0.0,0.0,0.0,0.0
2931,2022-05-18,2932,2942,2022-05-19,2022-06-02,0.016826112690881523,1.0,0.0015584261401242472,-0.07435516184595237,0.5268871389896882,0.5226934523809523,outer_05,sigmoid,0.05,0,,False,5.0,0.0,0.0,0.0,0.0,0.0,0.0,0.0,0.0
2932,2022-05-19,2933,2943,2022-05-20,2022-06-03,0.014493436947194738,1.0,0.013021843036153946,-0.05832004329139906,0.5221781688570847,0.5226934523809523,outer_05,sigmoid,0.05,0,,False,5.0,0.0,0.0,0.0,0.0,0.0,0.0,0.0,0.0
2933,2022-05-20,2934,2944,2022-05-23,2022-06-06,0.001411379411307756,1.0,0.002462788208303479,-0.04564512353931072,0.521214086477202,0.5226934523809523,outer_05,sigmoid,0.05,0,,False,5.0,0.0,0.0,0.0,0.0,0.0,0.0,0.0,0.0
2934,2022-05-23,2935,2945,2022-05-24,2022-06-07,-0.006773006517550861,0.0,0.004265666821006597,-0.023497123706386347,0.5181141216985268,0.5226934523809523,outer_05,sigmoid,0.05,0,,False,5.0,0.0,-0.0,-0.0,0.0,-0.0,-0.0,-0.0,-0.0
2935,2022-05-24,2936,2946,2022-05-25,2022-06-08,-0.0068212648159109435,0.0,0.006742432270037568,-0.021208128384492042,0.5197853893539538,0.5226934523809523,outer_05,sigmoid,0.05,0,,False,5.0,0.0,-0.0,-0.0,0.0,-0.0,-0.0,-0.0,-0.0
2936,2022-05-25,2937,2947,2022-05-26,2022-06-09,1.0794881068143525e-05,1.0,-0.006639934286191362,-0.016976756368787704,0.5235510537420329,0.5226934523809523,outer_05,sigmoid,0.05,0,,False,5.0,0.0,0.0,0.0,0.0,0.0,0.0,0.0,0.0
2937,2022-05-26,2938,2948,2022-05-27,2022-06-10,-0.0015682630108297957,0.0,-0.0015871990893607801,-0.023162151270751608,0.5233991850488195,0.5226934523809523,outer_05,sigmoid,0.05,0,,False,5.0,0.0,-0.0,-0.0,0.0,-0.0,-0.0,-0.0,-0.0
2938,2022-05-27,2939,2949,2022-05-30,2022-06-13,0.013918153927570565,1.0,0.0011501609063104823,-0.023172744351637853,0.5236001786433813,0.5226934523809523,outer_05,sigmoid,0.05,0,,False,5.0,0.0,0.0,0.0,0.0,0.0,0.0,0.0,0.0
2939,2022-05-30,2940,2950,2022-05-31,2022-06-14,-0.022326782479744622,0.0,0.0011434490253652285,-0.004362203721748337,0.5223985888666489,0.5226934523809523,outer_05,sigmoid,0.05,0,,False,5.0,0.0,-0.0,-0.0,0.0,-0.0,-0.0,-0.0,-0.0
2940,2022-05-31,2941,2951,2022-06-01,2022-06-15,-0.016152709144508393,0.0,-0.009119130926312558,-0.016054221075501474,0.5237874078937632,0.5226934523809523,outer_05,sigmoid,0.05,0,,False,5.0,0.0,-0.0,-0.0,0.0,-0.0,-0.0,-0.0,-0.0
2941,2022-06-01,2942,2952,2022-06-02,2022-06-16,-0.007640926257395542,0.0,0.0045482995177277274,-0.01883442337889818,0.52006481007331,0.5226934523809523,outer_05,sigmoid,0.05,0,,False,5.0,0.0,-0.0,-0.0,0.0,-0.0,-0.0,-0.0,-0.0
2942,2022-06-02,2943,2953,2022-06-03,2022-06-17,-0.008177609388367202,0.0,0.011693269171111353,-0.004720264213408321,0.5150084747838367,0.5226934523809523,outer_05,sigmoid,0.05,0,,False,5.0,0.0,-0.0,-0.0,0.0,-0.0,-0.0,-0.0,-0.0
2943,2022-06-03,2944,2954,2022-06-06,2022-06-20,-0.007948024598760206,0.0,-0.00924857110676669,-0.01671915158449533,0.5196499757653122,0.5226934523809523,outer_05,sigmoid,0.05,0,,False,5.0,0.0,-0.0,-0.0,0.0,-0.0,-0.0,-0.0,-0.0
2944,2022-06-06,2945,2955,2022-06-07,2022-06-21,-0.0016419472176556482,0.0,-0.004884530329913872,-0.00648764405977964,0.5177654890340098,0.5226934523809523,outer_05,sigmoid,0.05,0,,False,5.0,0.0,-0.0,-0.0,0.0,-0.0,-0.0,-0.0,-0.0
2945,2022-06-07,2946,2956,2022-06-08,2022-06-22,-0.010952798004143283,0.0,0.005343596489407965,0.007462943654527265,0.5178294115762403,0.5226934523809523,outer_05,sigmoid,0.05,0,,False,5.0,0.0,-0.0,-0.0,0.0,-0.0,-0.0,-0.0,-0.0
2946,2022-06-08,2947,2957,2022-06-09,2022-06-23,-0.008439280312920516,0.0,0.0004426641978545476,0.0002860898287586622,0.5182545491190653,0.5226934523809523,outer_05,sigmoid,0.05,0,,False,5.0,0.0,-0.0,-0.0,0.0,-0.0,-0.0,-0.0,-0.0
2947,2022-06-09,2948,2958,2022-06-10,2022-06-24,-0.01301917309497469,0.0,-0.0026426948153561725,0.01416963770963342,0.5175745386678582,0.5226934523809523,outer_05,sigmoid,0.05,0,,False,5.0,0.0,-0.0,-0.0,0.0,-0.0,-0.0,-0.0,-0.0
2948,2022-06-10,2949,2959,2022-06-13,2022-06-27,-0.022822623211921744,0.0,0.012706145655474899,0.032534098769930964,0.51397534011683,0.5226934523809523,outer_05,sigmoid,0.05,0,,False,5.0,0.0,-0.0,-0.0,0.0,-0.0,-0.0,-0.0,-0.0
2949,2022-06-13,2950,2960,2022-06-14,2022-06-28,0.004178470493858555,1.0,-0.028430280320592693,-0.003117541425591952,0.5085330233746138,0.5226934523809523,outer_05,sigmoid,0.05,0,,False,5.0,0.0,0.0,0.0,0.0,0.0,0.0,0.0,0.0
2950,2022-06-14,2951,2961,2022-06-15,2022-06-29,0.006524309980043164,1.0,-0.005401813367793551,-0.0028754128034096382,0.5184870913967646,0.5226934523809523,outer_05,sigmoid,0.05,0,,False,5.0,0.0,0.0,0.0,0.0,0.0,0.0,0.0,0.0
2951,2022-06-15,2952,2962,2022-06-16,2022-06-30,-0.008271662921019995,0.0,0.0134283999006799,0.008994560957146014,0.515371548140075,0.5226934523809523,outer_05,sigmoid,0.05,0,,False,5.0,0.0,-0.0,-0.0,0.0,-0.0,-0.0,-0.0,-0.0
2952,2022-06-16,2953,2963,2022-06-17,2022-07-01,-0.025644602614761425,0.0,0.01230287803691521,0.008275595957907278,0.5170076753899158,0.5226934523809523,outer_05,sigmoid,0.05,0,,False,5.0,0.0,-0.0,-0.0,0.0,-0.0,-0.0,-0.0,-0.0
2953,2022-06-17,2954,2964,2022-06-20,2022-07-04,-0.013434723853675834,0.0,-0.008699329381602894,-0.002886521631999095,0.5180549078103449,0.5226934523809523,outer_05,sigmoid,0.05,0,,False,5.0,0.0,-0.0,-0.0,0.0,-0.0,-0.0,-0.0,-0.0
2954,2022-06-20,2955,2965,2022-06-21,2022-07-05,-0.016359273365595506,0.0,-0.001076438072844077,-0.00822862652584977,0.5233033377785964,0.5226934523809523,outer_05,sigmoid,0.05,0,,False,5.0,0.0,-0.0,-0.0,0.0,-0.0,-0.0,-0.0,-0.0
2955,2022-06-21,2956,2966,2022-06-22,2022-07-06,-0.036830618280291993,0.0,-0.0027234467324017686,-0.017694505528289106,0.5239097352620691,0.5226934523809523,outer_05,sigmoid,0.05,0,,False,5.0,0.0,-0.0,-0.0,0.0,-0.0,-0.0,-0.0,-0.0
2956,2022-06-22,2957,2967,2022-06-23,2022-07-07,-0.05431824267162266,0.0,0.002674490186765688,-0.008380081055332056,0.5221634049633204,0.5226934523809523,outer_05,sigmoid,0.05,0,,False,5.0,0.0,-0.0,-0.0,0.0,-0.0,-0.0,-0.0,-0.0
2957,2022-06-23,2958,2968,2022-06-24,2022-07-08,-0.046714549342778966,0.0,-0.008231488182338431,-0.015024370148309707,0.5246561184081066,0.5226934523809523,outer_05,sigmoid,0.05,0,,False,5.0,0.0,-0.0,-0.0,0.0,-0.0,-0.0,-0.0,-0.0
2958,2022-06-24,2959,2969,2022-06-27,2022-07-11,-0.05297989429802463,0.0,0.002284513151614931,-0.013890017903005258,0.5201530205921023,0.5226934523809523,outer_05,sigmoid,0.05,0,,False,5.0,0.0,-0.0,-0.0,0.0,-0.0,-0.0,-0.0,-0.0
2959,2022-06-27,2960,2970,2022-06-28,2022-07-12,-0.050108619980310465,0.0,-0.0025587863294171953,-0.017592253257787682,0.5157006673442723,0.5226934523809523,outer_05,sigmoid,0.05,0,,False,5.0,0.0,-0.0,-0.0,0.0,-0.0,-0.0,-0.0,-0.0
2960,2022-06-28,2961,2971,2022-06-29,2022-07-13,-0.05264997345967792,0.0,-0.0011692472862590009,-0.009642369617734126,0.5170207588294273,0.5226934523809523,outer_05,sigmoid,0.05,0,,False,5.0,0.0,-0.0,-0.0,0.0,-0.0,-0.0,-0.0,-0.0
2961,2022-06-29,2962,2972,2022-06-30,2022-07-14,-0.046321226519238756,0.0,-0.001302602365631067,-0.01549327150109292,0.5189736791259225,0.5226934523809523,outer_05,sigmoid,0.05,0,,False,5.0,0.0,-0.0,-0.0,0.0,-0.0,-0.0,-0.0,-0.0
2962,2022-06-30,2963,2973,2022-07-01,2022-07-15,-0.057176321697509636,0.0,-0.006117947813282676,-0.03330448848548695,0.5149327392045715,0.5226934523809523,outer_05,sigmoid,0.05,0,,False,5.0,0.0,-0.0,-0.0,0.0,-0.0,-0.0,-0.0,-0.0
2963,2022-07-01,2964,2974,2022-07-04,2022-07-18,-0.05953800684930943,0.0,0.0009844861280203787,-0.02307143125069988,0.5097093866491146,0.5226934523809523,outer_05,sigmoid,0.05,0,,False,5.0,0.0,-0.0,-0.0,0.0,-0.0,-0.0,-0.0,-0.0
2964,2022-07-04,2965,2975,2022-07-05,2022-07-19,-0.05570023620575704,0.0,-0.0005750876614190048,-0.018761988582205014,0.5135556423460311,0.5226934523809523,outer_05,sigmoid,0.05,0,,False,5.0,0.0,-0.0,-0.0,0.0,-0.0,-0.0,-0.0,-0.0
2965,2022-07-05,2966,2976,2022-07-06,2022-07-20,-0.031438242639860725,0.0,-0.024253248977569086,-0.048358834049182065,0.5165334485668891,0.5226934523809523,outer_05,sigmoid,0.05,0,,False,5.0,0.0,-0.0,-0.0,0.0,-0.0,-0.0,-0.0,-0.0
2966,2022-07-06,2967,2977,2022-07-07,2022-07-21,-0.025275958952602373,0.0,-0.014556463963984356,-0.06335796221102097,0.5187969490986455,0.5226934523809523,outer_05,sigmoid,0.05,0,,False,5.0,0.0,-0.0,-0.0,0.0,-0.0,-0.0,-0.0,-0.0
2967,2022-07-07,2968,2978,2022-07-08,2022-07-22,-0.013069133388067478,0.0,0.0005805982624433881,-0.06013466913322141,0.5221029872719969,0.5226934523809523,outer_05,sigmoid,0.05,0,,False,5.0,0.0,-0.0,-0.0,0.0,-0.0,-0.0,-0.0,-0.0
2968,2022-07-08,2969,2979,2022-07-11,2022-07-25,-0.008334030409852033,0.0,0.0013553328095365913,-0.07148548197915972,0.5248101121707511,0.5226934523809523,outer_05,sigmoid,0.05,0,,False,5.0,0.0,-0.0,-0.0,0.0,-0.0,-0.0,-0.0,-0.0
2969,2022-07-11,2970,2980,2022-07-12,2022-07-26,-0.008376151014624966,0.0,-0.004849756519049286,-0.04790495817761631,0.5219495331670245,0.5226934523809523,outer_05,sigmoid,0.05,0,,False,5.0,0.0,-0.0,-0.0,0.0,-0.0,-0.0,-0.0,-0.0
2970,2022-07-12,2971,2981,2022-07-13,2022-07-27,-0.004914014802428923,0.0,-0.004583677330587399,-0.047086822140410156,0.5241806199235963,0.5226934523809523,outer_05,sigmoid,0.05,0,,False,5.0,0.0,-0.0,-0.0,0.0,-0.0,-0.0,-0.0,-0.0
2971,2022-07-13,2972,2982,2022-07-14,2022-07-28,-0.0007377351865391901,0.0,0.00543105928824783,-0.055084162752842225,0.5233375846100942,0.5226934523809523,outer_05,sigmoid,0.05,0,,False,5.0,0.0,-0.0,-0.0,0.0,-0.0,-0.0,-0.0,-0.0
2972,2022-07-14,2973,2983,2022-07-15,2022-07-29,0.028336105480955887,1.0,-0.014960179857657074,-0.08234722064741451,0.5282083833188471,0.5226934523809523,outer_05,sigmoid,0.05,0,,False,5.0,0.0,0.0,0.0,0.0,0.0,0.0,0.0,0.0
2973,2022-07-15,2974,2984,2022-07-18,2022-08-01,0.033441496607474086,1.0,-0.0014047247879158675,-0.07505261605372748,0.5287607454070132,0.5226934523809523,outer_05,sigmoid,0.05,0,,False,5.0,0.0,0.0,0.0,0.0,0.0,0.0,0.0,0.0
2974,2022-07-18,2975,2985,2022-07-19,2022-08-02,0.03545181139019604,1.0,0.0009776631119651213,-0.07299851486891829,0.5247401394548101,0.5226934523809523,outer_05,sigmoid,0.05,0,,False,5.0,0.0,0.0,0.0,0.0,0.0,0.0,0.0,0.0
2975,2022-07-19,2976,2986,2022-07-20,2022-08-03,0.028694010039402862,1.0,0.00150268259993247,-0.06877238553658405,0.5237259947784322,0.5226934523809523,outer_05,sigmoid,0.05,0,,False,5.0,0.0,0.0,0.0,0.0,0.0,0.0,0.0,0.0
2976,2022-07-20,2977,2987,2022-07-21,2022-08-04,0.03969416984123608,1.0,-0.008820246789437824,-0.08026712251278756,0.5276868617698285,0.5226934523809523,outer_05,sigmoid,0.05,0,,False,5.0,0.0,0.0,0.0,0.0,0.0,0.0,0.0,0.0
2977,2022-07-21,2978,2988,2022-07-22,2022-08-05,0.041591202500923075,1.0,0.01269224267006308,-0.05934339166038605,0.5220244224732624,0.5226934523809523,outer_05,sigmoid,0.05,0,,False,5.0,0.0,0.0,0.0,0.0,0.0,0.0,0.0,0.0
2978,2022-07-22,2979,2989,2022-07-25,2022-08-08,0.0255589988370577,1.0,0.005328578480956914,-0.056299326331044064,0.5234352282017531,0.5226934523809523,outer_05,sigmoid,0.05,0,,False,5.0,0.0,0.0,0.0,0.0,0.0,0.0,0.0,0.0
2979,2022-07-25,2980,2990,2022-07-26,2022-08-09,0.03972710819069469,1.0,-0.004490843109784315,-0.058231383111411184,0.5270222971432188,0.5226934523809523,outer_05,sigmoid,0.05,0,,False,5.0,0.0,0.0,0.0,0.0,0.0,0.0,0.0,0.0
2980,2022-07-26,2981,2991,2022-07-27,2022-08-10,0.043937703031420305,1.0,-0.001419909224723348,-0.05848204504987553,0.5283307442097365,0.5226934523809523,outer_05,sigmoid,0.05,0,,False,5.0,0.0,0.0,0.0,0.0,0.0,0.0,0.0,0.0
2981,2022-07-27,2982,2992,2022-07-28,2022-08-11,0.03269868368601525,1.0,0.009926114301846312,-0.04725332838239815,0.5256718102579315,0.5226934523809523,outer_05,sigmoid,0.05,0,,False,5.0,0.0,0.0,0.0,0.0,0.0,0.0,0.0,0.0
2982,2022-07-28,2983,2993,2022-07-29,2022-08-12,0.01947538353537226,1.0,0.01232050792238848,-0.028814872646726997,0.5227800796648204,0.5226934523809523,outer_05,sigmoid,0.05,0,,False,5.0,0.0,0.0,0.0,0.0,0.0,0.0,0.0,0.0
2983,2022-07-29,2984,2994,2022-08-01,2022-08-15,0.020832626457186976,1.0,0.005775422589264778,-0.024023936185482597,0.5218679243892126,0.5226934523809523,outer_05,sigmoid,0.05,0,,False,5.0,0.0,0.0,0.0,0.0,0.0,0.0,0.0,0.0
2984,2022-08-01,2985,2995,2022-08-02,2022-08-16,0.004465914753497557,1.0,0.0034594677985131383,-0.019989380725550454,0.5181910005713775,0.5226934523809523,outer_05,sigmoid,0.05,0,,False,5.0,0.0,0.0,0.0,0.0,0.0,0.0,0.0,0.0
2985,2022-08-02,2986,2996,2022-08-03,2022-08-17,0.00817642001390606,1.0,-0.006272026357342142,-0.00200815810532351,0.5178183983307441,0.5226934523809523,outer_05,sigmoid,0.05,0,,False,5.0,0.0,0.0,0.0,0.0,0.0,0.0,0.0,0.0
2986,2022-08-03,2987,2997,2022-08-04,2022-08-18,-0.0016157519452972835,0.0,0.00251240026555255,0.015060706124213397,0.5193827988805394,0.5226934523809523,outer_05,sigmoid,0.05,0,,False,5.0,0.0,-0.0,-0.0,0.0,-0.0,-0.0,-0.0,-0.0
2987,2022-08-04,2988,2998,2022-08-05,2022-08-19,-0.018034850440562522,0.0,0.014429761703870447,0.028909869565640456,0.516939729191668,0.5226934523809523,outer_05,sigmoid,0.05,0,,False,5.0,0.0,-0.0,-0.0,0.0,-0.0,-0.0,-0.0,-0.0
2988,2022-08-05,2989,2999,2022-08-08,2022-08-22,-0.014111085632076303,0.0,-0.008809690936703696,0.01874484581940017,0.5194402718412006,0.5226934523809523,outer_05,sigmoid,0.05,0,,False,5.0,0.0,-0.0,-0.0,0.0,-0.0,-0.0,-0.0,-0.0
2989,2022-08-08,2990,3000,2022-08-09,2022-08-23,-0.030082704254830617,0.0,0.007608610378584402,0.031203212717033857,0.5187333680939271,0.5226934523809523,outer_05,sigmoid,0.05,0,,False,5.0,0.0,-0.0,-0.0,0.0,-0.0,-0.0,-0.0,-0.0
2990,2022-08-09,2991,3001,2022-08-10,2022-08-24,-0.026465548357279545,0.0,0.0029749218907459962,0.03876181193836725,0.5184090302021553,0.5226934523809523,outer_05,sigmoid,0.05,0,,False,5.0,0.0,-0.0,-0.0,0.0,-0.0,-0.0,-0.0,-0.0
2991,2022-08-10,2992,3002,2022-08-11,2022-08-25,-0.022939038141578827,0.0,-0.0011822112069781454,0.032148541443141276,0.5189886309747505,0.5226934523809523,outer_05,sigmoid,0.05,0,,False,5.0,0.0,-0.0,-0.0,0.0,-0.0,-0.0,-0.0,-0.0
2992,2022-08-11,2993,3003,2022-08-12,2022-08-26,-0.01761986311592434,0.0,-0.0015356139748661235,0.04557310732593223,0.5179176862623052,0.5226934523809523,outer_05,sigmoid,0.05,0,,False,5.0,0.0,-0.0,-0.0,0.0,-0.0,-0.0,-0.0,-0.0
2993,2022-08-12,2994,3004,2022-08-15,2022-08-29,-0.03728684977057206,0.0,0.006783538401810674,0.05376137051565877,0.511543480890168,0.5226934523809523,outer_05,sigmoid,0.05,0,,False,5.0,0.0,-0.0,-0.0,0.0,-0.0,-0.0,-0.0,-0.0
2994,2022-08-15,2995,3005,2022-08-16,2022-08-30,-0.02376237963861172,0.0,-0.012398791635856554,0.04038491576783709,0.5162086347203486,0.5226934523809523,outer_05,sigmoid,0.05,0,,False,5.0,0.0,-0.0,-0.0,0.0,-0.0,-0.0,-0.0,-0.0
2995,2022-08-16,2996,3006,2022-08-17,2022-08-31,-0.029929758667318396,0.0,-0.002227924226979816,0.03665430894092481,0.517622380906963,0.5226934523809523,outer_05,sigmoid,0.05,0,,False,5.0,0.0,-0.0,-0.0,0.0,-0.0,-0.0,-0.0,-0.0
2996,2022-08-17,2997,3007,2022-08-18,2022-09-01,-0.029603343251409342,0.0,-0.0076100167681314446,0.03786453896223119,0.516351686027176,0.5226934523809523,outer_05,sigmoid,0.05,0,,False,5.0,0.0,-0.0,-0.0,0.0,-0.0,-0.0,-0.0,-0.0
2997,2022-08-18,2998,3008,2022-08-19,2022-09-02,-0.03550764741389312,0.0,-0.0020565968877939156,0.02311569940437419,0.5174130949094478,0.5226934523809523,outer_05,sigmoid,0.05,0,,False,5.0,0.0,-0.0,-0.0,0.0,-0.0,-0.0,-0.0,-0.0
2998,2022-08-19,2999,3009,2022-08-22,2022-09-05,-0.020220001332365456,0.0,-0.006332637560174881,0.011454483363242396,0.5150613228429567,0.5226934523809523,outer_05,sigmoid,0.05,0,,False,5.0,0.0,-0.0,-0.0,0.0,-0.0,-0.0,-0.0,-0.0
2999,2022-08-22,3000,3010,2022-08-23,2022-09-06,-0.014589395264693827,0.0,-0.006390275030648596,0.009555051442378115,0.5183383087664397,0.5226934523809523,outer_05,sigmoid,0.05,0,,False,5.0,0.0,-0.0,-0.0,0.0,-0.0,-0.0,-0.0,-0.0
3000,2022-08-23,3001,3011,2022-08-24,2022-09-07,-0.026485624678060482,0.0,0.006682114681138884,0.017657075348240348,0.5195460069125826,0.5226934523809523,outer_05,sigmoid,0.05,0,,False,5.0,0.0,-0.0,-0.0,0.0,-0.0,-0.0,-0.0,-0.0
3001,2022-08-24,3002,3012,2022-08-25,2022-09-08,-0.018922809357618142,0.0,0.002000526519703172,0.009731487566097208,0.5187145801400378,0.5226934523809523,outer_05,sigmoid,0.05,0,,False,5.0,0.0,-0.0,-0.0,0.0,-0.0,-0.0,-0.0,-0.0
3002,2022-08-25,3003,3013,2022-08-26,2022-09-09,-0.028768463252769827,0.0,0.004176751344700413,0.0015877309884091417,0.5144852275509104,0.5226934523809523,outer_05,sigmoid,0.05,0,,False,5.0,0.0,-0.0,-0.0,0.0,-0.0,-0.0,-0.0,-0.0
3003,2022-08-26,3004,3014,2022-08-29,2022-09-12,-0.010056445530050695,0.0,-0.011748354877608946,-0.015936046478464583,0.5156081916944363,0.5226934523809523,outer_05,sigmoid,0.05,0,,False,5.0,0.0,-0.0,-0.0,0.0,-0.0,-0.0,-0.0,-0.0
3004,2022-08-29,3005,3015,2022-08-30,2022-09-13,-0.007694167429439069,0.0,-0.00036253463897573113,-0.019758048915953452,0.5181597548498047,0.5226934523809523,outer_05,sigmoid,0.05,0,,False,5.0,0.0,-0.0,-0.0,0.0,-0.0,-0.0,-0.0,-0.0
3005,2022-08-30,3006,3016,2022-08-31,2022-09-14,-0.012918325792142582,0.0,-0.007637947048385385,-0.021123969606996695,0.516029502432398,0.5226934523809523,outer_05,sigmoid,0.05,0,,False,5.0,0.0,-0.0,-0.0,0.0,-0.0,-0.0,-0.0,-0.0
3006,2022-08-31,3007,3017,2022-09-01,2022-09-15,-0.007915291236622934,0.0,-0.00770842365832447,-0.031344793530873716,0.5154268851063336,0.5226934523809523,outer_05,sigmoid,0.05,0,,False,5.0,0.0,-0.0,-0.0,0.0,-0.0,-0.0,-0.0,-0.0
3007,2022-09-01,3008,3018,2022-09-02,2022-09-16,-0.01955277338167072,0.0,-0.007886115259694293,-0.053660670494438456,0.5119447435543867,0.5226934523809523,outer_05,sigmoid,0.05,0,,False,5.0,0.0,-0.0,-0.0,0.0,-0.0,-0.0,-0.0,-0.0
3008,2022-09-02,3009,3019,2022-09-05,2022-09-19,-0.021580129836941353,0.0,0.008931746340690161,-0.0359192332170446,0.5120019725076037,0.5226934523809523,outer_05,sigmoid,0.05,0,,False,5.0,0.0,-0.0,-0.0,0.0,-0.0,-0.0,-0.0,-0.0
3009,2022-09-05,3010,3020,2022-09-06,2022-09-20,-0.020511389308137673,0.0,-0.001583476089372482,-0.04511131968500148,0.5186083343058887,0.5226934523809523,outer_05,sigmoid,0.05,0,,False,5.0,0.0,-0.0,-0.0,0.0,-0.0,-0.0,-0.0,-0.0
3010,2022-09-06,3011,3021,2022-09-07,2022-09-21,-0.022111441665267684,0.0,-0.004789031330747484,-0.05287527290649496,0.5138980206896189,0.5226934523809523,outer_05,sigmoid,0.05,0,,False,5.0,0.0,-0.0,-0.0,0.0,-0.0,-0.0,-0.0,-0.0
3011,2022-09-07,3012,3022,2022-09-08,2022-09-22,-0.027932502579145257,0.0,0.009572696683087578,-0.04212036501642924,0.5106266056153443,0.5226934523809523,outer_05,sigmoid,0.05,0,,False,5.0,0.0,-0.0,-0.0,0.0,-0.0,-0.0,-0.0,-0.0
3012,2022-09-08,3013,3023,2022-09-09,2022-09-23,-0.022023646608348102,0.0,-0.005749003924711893,-0.04633375496627501,0.5165558485836883,0.5226934523809523,outer_05,sigmoid,0.05,0,,False,5.0,0.0,-0.0,-0.0,0.0,-0.0,-0.0,-0.0,-0.0
3013,2022-09-09,3014,3024,2022-09-12,2022-09-26,-0.04442690091668133,0.0,0.004922249644871535,-0.04819504372321415,0.5142286094320351,0.5226934523809523,outer_05,sigmoid,0.05,0,,False,5.0,0.0,-0.0,-0.0,0.0,-0.0,-0.0,-0.0,-0.0
3014,2022-09-12,3015,3025,2022-09-13,2022-09-27,-0.06040719490363511,0.0,0.004556107766851447,-0.031240144320506147,0.512894422148464,0.5226934523809523,outer_05,sigmoid,0.05,0,,False,5.0,0.0,-0.0,-0.0,0.0,-0.0,-0.0,-0.0,-0.0
3015,2022-09-13,3016,3026,2022-09-14,2022-09-28,-0.04286276052041149,0.0,-0.013055297608788763,-0.042067517702315094,0.5181285557413613,0.5226934523809523,outer_05,sigmoid,0.05,0,,False,5.0,0.0,-0.0,-0.0,0.0,-0.0,-0.0,-0.0,-0.0
3016,2022-09-14,3017,3027,2022-09-15,2022-09-29,-0.022543012480777058,0.0,-0.0029179237570797767,-0.037375424691263426,0.5169950416957478,0.5226934523809523,outer_05,sigmoid,0.05,0,,False,5.0,0.0,-0.0,-0.0,0.0,-0.0,-0.0,-0.0,-0.0
3017,2022-09-15,3018,3028,2022-09-16,2022-09-30,-0.002279268373676757,0.0,-0.019513278578534354,-0.054832106382003865,0.5195782579287171,0.5226934523809523,outer_05,sigmoid,0.05,0,,False,5.0,0.0,-0.0,-0.0,0.0,-0.0,-0.0,-0.0,-0.0
3018,2022-09-16,3019,3029,2022-09-19,2022-10-03,-0.007069623002861292,0.0,0.0062583111642728895,-0.042241157657556094,0.5194212716891372,0.5226934523809523,outer_05,sigmoid,0.05,0,,False,5.0,0.0,-0.0,-0.0,0.0,-0.0,-0.0,-0.0,-0.0
3019,2022-09-19,3020,3030,2022-09-20,2022-10-04,0.013512918234437343,1.0,0.00041782065358120235,-0.035433061973326296,0.5210037014361888,0.5226934523809523,outer_05,sigmoid,0.05,0,,False,5.0,0.0,0.0,0.0,0.0,0.0,0.0,0.0,0.0
3020,2022-09-20,3021,3031,2022-09-21,2022-10-05,0.03554049420461691,1.0,-0.0065559871635461064,-0.04867116381801129,0.5236867344753645,0.5226934523809523,outer_05,sigmoid,0.05,0,,False,5.0,0.0,0.0,0.0,0.0,0.0,0.0,0.0,0.0
3021,2022-09-21,3022,3032,2022-09-22,2022-10-06,0.02652337094156021,1.0,0.005373699837522672,-0.04529799050019179,0.5193245200845465,0.5226934523809523,outer_05,sigmoid,0.05,0,,False,5.0,0.0,0.0,0.0,0.0,0.0,0.0,0.0,0.0
3022,2022-09-22,3023,3033,2022-09-23,2022-10-07,0.023842110653941262,1.0,-0.0015366726593253333,-0.051011414504217534,0.5199869426505687,0.5226934523809523,outer_05,sigmoid,0.05,0,,False,5.0,0.0,0.0,0.0,0.0,0.0,0.0,0.0,0.0
3023,2022-09-23,3024,3034,2022-09-26,2022-10-10,0.031525309717782335,1.0,-0.015856642337809035,-0.05511970196441762,0.521581391439468,0.5226934523809523,outer_05,sigmoid,0.05,0,,False,5.0,0.0,0.0,0.0,0.0,0.0,0.0,0.0,0.0
3024,2022-09-26,3025,3035,2022-09-27,2022-10-11,0.02714988910828886,1.0,-0.013754819324159229,-0.06851198664960112,0.5191130338637233,0.5226934523809523,outer_05,sigmoid,0.05,0,,False,5.0,0.0,0.0,0.0,0.0,0.0,0.0,0.0,0.0
3025,2022-09-27,3026,3036,2022-09-28,2022-10-12,0.022087204373115732,1.0,0.004158010148664459,-0.056716029452551275,0.5207605666745667,0.5226934523809523,outer_05,sigmoid,0.05,0,,False,5.0,0.0,0.0,0.0,0.0,0.0,0.0,0.0,0.0
3026,2022-09-28,3027,3037,2022-09-29,2022-10-13,0.008614847208120224,1.0,0.018680766035447327,-0.030326839758779478,0.5119442835412321,0.5226934523809523,outer_05,sigmoid,0.05,0,,False,5.0,0.0,0.0,0.0,0.0,0.0,0.0,0.0,0.0
3027,2022-09-29,3028,3038,2022-09-30,2022-10-14,0.003149911834150032,1.0,0.0003854957281808069,-0.022055228770904378,0.5137538943877314,0.5226934523809523,outer_05,sigmoid,0.05,0,,False,5.0,0.0,0.0,0.0,0.0,0.0,0.0,0.0,0.0
3028,2022-09-30,3029,3039,2022-10-03,2022-10-17,-0.01050459031755313,0.0,0.00016258644968036862,-0.03082438866191417,0.5149881353765765,0.5226934523809523,outer_05,sigmoid,0.05,0,,False,5.0,0.0,-0.0,-0.0,0.0,-0.0,-0.0,-0.0,-0.0
3029,2022-10-03,3030,3040,2022-10-04,2022-10-18,-0.02880315680741763,0.0,0.02311130388728344,-0.006129608685258248,0.509239570613308,0.5226934523809523,outer_05,sigmoid,0.05,0,,False,5.0,0.0,-0.0,-0.0,0.0,-0.0,-0.0,-0.0,-0.0
3030,2022-10-04,3031,3041,2022-10-05,2022-10-19,-0.04328326201736932,0.0,0.015598863851577605,0.014258286497066841,0.5164534303028321,0.5226934523809523,outer_05,sigmoid,0.05,0,,False,5.0,0.0,-0.0,-0.0,0.0,-0.0,-0.0,-0.0,-0.0
3031,2022-10-05,3032,3042,2022-10-06,2022-10-20,-0.05197558839437022,0.0,-0.005861882415516995,-0.0011762926015377317,0.5195480303114695,0.5226934523809523,outer_05,sigmoid,0.05,0,,False,5.0,0.0,-0.0,-0.0,0.0,-0.0,-0.0,-0.0,-0.0
3032,2022-10-06,3033,3043,2022-10-07,2022-10-21,-0.049996939500741355,0.0,-0.0021932263789086193,0.002379484944265542,0.5178542513534283,0.5226934523809523,outer_05,sigmoid,0.05,0,,False,5.0,0.0,-0.0,-0.0,0.0,-0.0,-0.0,-0.0,-0.0
3033,2022-10-07,3034,3044,2022-10-10,2022-10-24,-0.021899664068898872,0.0,-0.010383711950868069,-0.012926476651474061,0.5214140859231325,0.5226934523809523,outer_05,sigmoid,0.05,0,,False,5.0,0.0,-0.0,-0.0,0.0,-0.0,-0.0,-0.0,-0.0
3034,2022-10-10,3035,3045,2022-10-11,2022-10-25,-0.011043175350370582,0.0,-0.01592145038394044,-0.03340403480226595,0.5233425934541579,0.5226934523809523,outer_05,sigmoid,0.05,0,,False,5.0,0.0,-0.0,-0.0,0.0,-0.0,-0.0,-0.0,-0.0
3035,2022-10-11,3036,3046,2022-10-12,2022-10-26,-0.008497968848851123,0.0,-0.0011577234334403386,-0.021506460626917523,0.51708490749535,0.5226934523809523,outer_05,sigmoid,0.05,0,,False,5.0,0.0,-0.0,-0.0,0.0,-0.0,-0.0,-0.0,-0.0
3036,2022-10-12,3037,3047,2022-10-13,2022-10-27,-0.005847129048029309,0.0,0.004204580915255107,-0.014383955954582639,0.515695544180607,0.5226934523809523,outer_05,sigmoid,0.05,0,,False,5.0,0.0,-0.0,-0.0,0.0,-0.0,-0.0,-0.0,-0.0
3037,2022-10-13,3038,3048,2022-10-14,2022-10-28,-0.0021389354337726374,0.0,-0.004150564007949775,0.0009787586160019401,0.5154123226567322,0.5226934523809523,outer_05,sigmoid,0.05,0,,False,5.0,0.0,-0.0,-0.0,0.0,-0.0,-0.0,-0.0,-0.0
3038,2022-10-14,3039,3049,2022-10-17,2022-10-31,-0.0017392260573316776,0.0,-0.013230902755918095,-0.018510455304189044,0.517504943890965,0.5226934523809523,outer_05,sigmoid,0.05,0,,False,5.0,0.0,-0.0,-0.0,0.0,-0.0,-0.0,-0.0,-0.0
3039,2022-10-17,3040,3050,2022-10-18,2022-11-01,-0.01072701730455794,0.0,0.0038120026979875377,-0.015116273259782709,0.5138260360292046,0.5226934523809523,outer_05,sigmoid,0.05,0,,False,5.0,0.0,-0.0,-0.0,0.0,-0.0,-0.0,-0.0,-0.0
3040,2022-10-18,3041,3051,2022-10-19,2022-11-02,-0.0028674593545279237,0.0,0.0008175649738202395,-0.007742721122416363,0.5121615932389447,0.5226934523809523,outer_05,sigmoid,0.05,0,,False,5.0,0.0,-0.0,-0.0,0.0,-0.0,-0.0,-0.0,-0.0
3041,2022-10-19,3042,3052,2022-10-20,2022-11-03,0.003223298764075011,1.0,-0.013965779439594428,-0.027082200399533463,0.5172215379861508,0.5226934523809523,outer_05,sigmoid,0.05,0,,False,5.0,0.0,0.0,0.0,0.0,0.0,0.0,0.0,0.0
3042,2022-10-20,3043,3053,2022-10-21,2022-11-04,0.0003806904050600579,1.0,-0.0006017734074950098,-0.02614730114770314,0.5142185324593462,0.5226934523809523,outer_05,sigmoid,0.05,0,,False,5.0,0.0,0.0,0.0,0.0,0.0,0.0,0.0,0.0
3043,2022-10-21,3044,3054,2022-10-24,2022-11-07,0.008757778967441787,1.0,0.01783717878626767,0.007546519976373567,0.5023780032831283,0.5226934523809523,outer_05,sigmoid,0.05,0,,False,5.0,0.0,0.0,0.0,0.0,0.0,0.0,0.0,0.0
3044,2022-10-24,3045,3055,2022-10-25,2022-11-08,0.015099393557793661,1.0,-0.0048205398350837925,0.016480799465449003,0.5054624425265121,0.5226934523809523,outer_05,sigmoid,0.05,0,,False,5.0,0.0,0.0,0.0,0.0,0.0,0.0,0.0,0.0
3045,2022-10-25,3046,3056,2022-10-26,2022-11-09,0.03570098648937847,1.0,0.0022528806418256053,0.014575669958610149,0.509719618624116,0.5226934523809523,outer_05,sigmoid,0.05,0,,False,5.0,0.0,0.0,0.0,0.0,0.0,0.0,0.0,0.0
3046,2022-10-26,3047,3057,2022-10-27,2022-11-10,0.024863765776407476,1.0,0.00695665463415196,0.0028515585573147817,0.507759455834063,0.5226934523809523,outer_05,sigmoid,0.05,0,,False,5.0,0.0,0.0,0.0,0.0,0.0,0.0,0.0,0.0
3047,2022-10-27,3048,3058,2022-10-28,2022-11-11,0.05328247308570422,1.0,-0.0008173372091002662,0.0016487256200337086,0.5077445105608643,0.5226934523809523,outer_05,sigmoid,0.05,0,,False,5.0,0.0,0.0,0.0,0.0,0.0,0.0,0.0,0.0
3048,2022-10-28,3049,3059,2022-10-31,2022-11-14,0.07069807178678111,1.0,-0.011282338392394564,-0.009796199222041224,0.510700450735042,0.5226934523809523,outer_05,sigmoid,0.05,0,,False,5.0,0.0,0.0,0.0,0.0,0.0,0.0,0.0,0.0
3049,2022-10-31,3050,3060,2022-11-01,2022-11-15,0.0810079846205003,1.0,-0.006735511224413848,-0.03964301433373851,0.5147140160530905,0.5226934523809523,outer_05,sigmoid,0.05,0,,False,5.0,0.0,0.0,0.0,0.0,0.0,0.0,0.0,0.0
3050,2022-11-01,3051,3061,2022-11-02,2022-11-16,0.07628378494017607,1.0,0.008594417192448134,-0.046647460992867984,0.5152441999087866,0.5226934523809523,outer_05,sigmoid,0.05,0,,False,5.0,0.0,0.0,0.0,0.0,0.0,0.0,0.0,0.0
3051,2022-11-02,3052,3062,2022-11-03,2022-11-17,0.08171389910821603,1.0,-0.007670482634288156,-0.048456061211639145,0.5186183717303358,0.5226934523809523,outer_05,sigmoid,0.05,0,,False,5.0,0.0,0.0,0.0,0.0,0.0,0.0,0.0,0.0
3052,2022-11-03,3053,3063,2022-11-04,2022-11-18,0.0776858624087371,1.0,-0.0033817138047025352,-0.04964454863743306,0.5187618198974134,0.5226934523809523,outer_05,sigmoid,0.05,0,,False,5.0,0.0,0.0,0.0,0.0,0.0,0.0,0.0,0.0
3053,2022-11-04,3054,3064,2022-11-07,2022-11-21,0.04481782281909208,1.0,0.03096001789941827,-0.008300818787146724,0.5016127100850457,0.5226934523809523,outer_05,sigmoid,0.05,0,,False,5.0,0.0,0.0,0.0,0.0,0.0,0.0,0.0,0.0
3054,2022-11-07,3055,3065,2022-11-08,2022-11-22,0.037470513180319465,1.0,-0.0032656982034211524,0.004354933393372562,0.5088130659789523,0.5226934523809523,outer_05,sigmoid,0.05,0,,False,5.0,0.0,0.0,0.0,0.0,0.0,0.0,0.0,0.0
3055,2022-11-08,3056,3066,2022-11-09,2022-11-23,0.016071257208138512,1.0,0.021856793373951966,0.027369450200764867,0.5134868304319878,0.5226934523809523,outer_05,sigmoid,0.05,0,,False,5.0,0.0,0.0,0.0,0.0,0.0,0.0,0.0,0.0
3056,2022-11-09,3057,3067,2022-11-10,2022-11-24,0.025158232007652437,1.0,-0.003164439286099885,0.020000429999409874,0.5146095977989099,0.5226934523809523,outer_05,sigmoid,0.05,0,,False,5.0,0.0,0.0,0.0,0.0,0.0,0.0,0.0,0.0
3057,2022-11-10,3058,3068,2022-11-11,2022-11-25,0.0007239664555402925,1.0,0.028051746928307253,0.0522027409356669,0.5204217061957488,0.5226934523809523,outer_05,sigmoid,0.05,0,,False,5.0,0.0,0.0,0.0,0.0,0.0,0.0,0.0,0.0
3058,2022-11-11,3059,3069,2022-11-14,2022-11-28,-0.005151221583900245,0.0,0.008321964961871764,0.07375560865345676,0.5212194888941758,0.5226934523809523,outer_05,sigmoid,0.05,0,,False,5.0,0.0,-0.0,-0.0,0.0,-0.0,-0.0,-0.0,-0.0
3059,2022-11-14,3060,3070,2022-11-15,2022-11-29,-0.01742146776111131,0.0,0.0005308874982086209,0.07047449345367784,0.5220434255700891,0.5226934523809523,outer_05,sigmoid,0.05,0,,False,5.0,0.0,-0.0,-0.0,0.0,-0.0,-0.0,-0.0,-0.0
3060,2022-11-15,3061,3071,2022-11-16,2022-11-30,-0.016098513021560734,0.0,0.00429882824722938,0.07395575672708699,0.5144590910740637,0.5226934523809523,outer_05,sigmoid,0.05,0,,False,5.0,0.0,-0.0,-0.0,0.0,-0.0,-0.0,-0.0,-0.0
3061,2022-11-16,3062,3072,2022-11-17,2022-12-01,-0.0025912088452439974,0.0,-0.0027755041730062047,0.08514603199367521,0.5148472964387258,0.5226934523809523,outer_05,sigmoid,0.05,0,,False,5.0,0.0,-0.0,-0.0,0.0,-0.0,-0.0,-0.0,-0.0
3062,2022-11-17,3063,3073,2022-11-18,2022-12-02,0.023354529686342218,1.0,-0.007708105035612256,0.07803970036555796,0.5217940791229877,0.5226934523809523,outer_05,sigmoid,0.05,0,,False,5.0,0.0,0.0,0.0,0.0,0.0,0.0,0.0,0.0
3063,2022-11-18,3064,3074,2022-11-21,2022-12-05,0.02528368696703165,1.0,-0.005240475204426609,0.05496204637486368,0.5162618434201077,0.5226934523809523,outer_05,sigmoid,0.05,0,,False,5.0,0.0,0.0,0.0,0.0,0.0,0.0,0.0,0.0
3064,2022-11-21,3065,3075,2022-11-22,2022-12-06,0.016726793805314166,1.0,-0.007578747091664617,0.05220383911828286,0.5133971774315722,0.5226934523809523,outer_05,sigmoid,0.05,0,,False,5.0,0.0,0.0,0.0,0.0,0.0,0.0,0.0,0.0
3065,2022-11-22,3066,3076,2022-11-23,2022-12-07,0.017648254066727098,1.0,0.0012766987000345509,0.0512276571764918,0.5106219431436717,0.5226934523809523,outer_05,sigmoid,0.05,0,,False,5.0,0.0,0.0,0.0,0.0,0.0,0.0,0.0,0.0
3066,2022-11-23,3067,3077,2022-11-24,2022-12-08,0.02044466376688181,1.0,0.005405000305124474,0.04967600284746432,0.5098116959261275,0.5226934523809523,outer_05,sigmoid,0.05,0,,False,5.0,0.0,0.0,0.0,0.0,0.0,0.0,0.0,0.0
3067,2022-11-24,3068,3078,2022-11-25,2022-12-09,0.019642163658728506,1.0,0.0034124856927508773,0.05390582574931546,0.5073339623069258,0.5226934523809523,outer_05,sigmoid,0.05,0,,False,5.0,0.0,0.0,0.0,0.0,0.0,0.0,0.0,0.0
3068,2022-11-25,3069,3079,2022-11-28,2022-12-12,0.02402670193297407,1.0,-0.0004159508668157841,0.06477221327489424,0.503931804844315,0.5226934523809523,outer_05,sigmoid,0.05,0,,False,5.0,0.0,0.0,0.0,0.0,0.0,0.0,0.0,0.0
3069,2022-11-28,3070,3080,2022-11-29,2022-12-13,0.02341261160771868,1.0,-0.007522596005633986,0.0639851284936741,0.5046154919228018,0.5226934523809523,outer_05,sigmoid,0.05,0,,False,5.0,0.0,0.0,0.0,0.0,0.0,0.0,0.0,0.0
3070,2022-11-29,3071,3081,2022-11-30,2022-12-14,0.03444141293645231,1.0,0.004680387901105476,0.060071099202331446,0.5020153820278388,0.5226934523809523,outer_05,sigmoid,0.05,0,,False,5.0,0.0,0.0,0.0,0.0,0.0,0.0,0.0,0.0
3071,2022-11-30,3072,3082,2022-12-01,2022-12-15,0.02124711165486204,1.0,0.010642329399714434,0.07838391123633404,0.4999058442384174,0.5226934523809523,outer_05,sigmoid,0.05,0,,False,5.0,0.0,0.0,0.0,0.0,0.0,0.0,0.0,0.0
3072,2022-12-01,3073,3083,2022-12-02,2022-12-16,-0.01423980962761906,0.0,0.019304764717813505,0.10107038975885008,0.5023509847797141,0.5226934523809523,outer_05,sigmoid,0.05,0,,False,5.0,0.0,-0.0,-0.0,0.0,-0.0,-0.0,-0.0,-0.0
3073,2022-12-02,3074,3084,2022-12-05,2022-12-19,-0.0018781650782004888,0.0,-0.0027104803255122434,0.06739989153391956,0.5027862784552446,0.5226934523809523,outer_05,sigmoid,0.05,0,,False,5.0,0.0,-0.0,-0.0,0.0,-0.0,-0.0,-0.0,-0.0
3074,2022-12-05,3075,3085,2022-12-06,2022-12-20,0.010867226598104018,1.0,-0.016447268808384763,0.054218320928955954,0.5054856003766535,0.5226934523809523,outer_05,sigmoid,0.05,0,,False,5.0,0.0,0.0,0.0,0.0,0.0,0.0,0.0,0.0
3075,2022-12-06,3076,3086,2022-12-07,2022-12-21,0.026116354077424297,1.0,0.001322168548713698,0.033683696103717686,0.5073367512865312,0.5226934523809523,outer_05,sigmoid,0.05,0,,False,5.0,0.0,0.0,0.0,0.0,0.0,0.0,0.0,0.0
3076,2022-12-07,3077,3087,2022-12-08,2022-12-22,0.015606956133638938,1.0,0.008428571925951367,0.04527670731576894,0.5066300794261034,0.5226934523809523,outer_05,sigmoid,0.05,0,,False,5.0,0.0,0.0,0.0,0.0,0.0,0.0,0.0,0.0
3077,2022-12-08,3078,3088,2022-12-09,2022-12-23,0.0021043179758244435,1.0,0.001678340850922666,0.01890330123838435,0.5052903425157467,0.5226934523809523,outer_05,sigmoid,0.05,0,,False,5.0,0.0,0.0,0.0,0.0,0.0,0.0,0.0,0.0
3078,2022-12-09,3079,3089,2022-12-12,2022-12-27,0.0017458900965765523,1.0,0.0047289322018713165,0.015310268478383904,0.49927358764642643,0.5226934523809523,outer_05,sigmoid,0.05,0,,False,5.0,0.0,0.0,0.0,0.0,0.0,0.0,0.0,0.0
3079,2022-12-12,3080,3090,2022-12-13,2022-12-28,0.018268294656672346,1.0,-0.009047964194149216,0.005731416786026067,0.5042861938004549,0.5226934523809523,outer_05,sigmoid,0.05,0,,False,5.0,0.0,0.0,0.0,0.0,0.0,0.0,0.0,0.0
3080,2022-12-13,3081,3091,2022-12-14,2022-12-29,-0.0035242570952043195,0.0,0.01628198050243501,0.017714569041231698,0.5005743839284381,0.5226934523809523,outer_05,sigmoid,0.05,0,,False,5.0,0.0,-0.0,-0.0,0.0,-0.0,-0.0,-0.0,-0.0
3081,2022-12-14,3082,3092,2022-12-15,2022-12-30,0.0041913732451117625,1.0,-0.0018298873727431442,0.01866018584149476,0.5007077835301594,0.5226934523809523,outer_05,sigmoid,0.05,0,,False,5.0,0.0,0.0,0.0,0.0,0.0,0.0,0.0,0.0
3082,2022-12-15,3083,3093,2022-12-16,2023-01-03,0.02771595116734904,1.0,-0.016964692573576023,0.009403598303530991,0.4999678426070875,0.5226934523809523,outer_05,sigmoid,0.05,0,,False,5.0,0.0,0.0,0.0,0.0,0.0,0.0,0.0,0.0
3083,2022-12-16,3084,3094,2022-12-19,2023-01-04,0.02541319453837243,1.0,0.009131971918100668,0.023776045426058268,0.5004083931020589,0.5226934523809523,outer_05,sigmoid,0.05,0,,False,5.0,0.0,0.0,0.0,0.0,0.0,0.0,0.0,0.0
3084,2022-12-19,3085,3095,2022-12-20,2023-01-05,0.03678633772527551,1.0,-0.0030440573669974214,0.028310735150725463,0.5030578498974864,0.5226934523809523,outer_05,sigmoid,0.05,0,,False,5.0,0.0,0.0,0.0,0.0,0.0,0.0,0.0,0.0
3085,2022-12-20,3086,3096,2022-12-21,2023-01-06,0.007939528461347933,1.0,0.016653552977873964,0.04368758942856488,0.49749500915288103,0.5226934523809523,outer_05,sigmoid,0.05,0,,False,5.0,0.0,0.0,0.0,0.0,0.0,0.0,0.0,0.0
3086,2022-12-21,3087,3097,2022-12-22,2023-01-09,0.029228186350811924,1.0,-0.0019384226653267334,0.03634416645811367,0.5010375435145785,0.5226934523809523,outer_05,sigmoid,0.05,0,,False,5.0,0.0,0.0,0.0,0.0,0.0,0.0,0.0,0.0
3087,2022-12-22,3088,3098,2022-12-23,2023-01-10,0.04233213925158541,1.0,-0.012061534531880191,0.0208701462334826,0.505623630378549,0.5226934523809523,outer_05,sigmoid,0.05,0,,False,5.0,0.0,0.0,0.0,0.0,0.0,0.0,0.0,0.0
3088,2022-12-23,3089,3099,2022-12-27,2023-01-11,0.04183832158073564,1.0,0.0034030403972789003,0.024689137497577285,0.5054102869936836,0.5226934523809523,outer_05,sigmoid,0.05,0,,False,5.0,0.0,0.0,0.0,0.0,0.0,0.0,0.0,0.0
3089,2022-12-27,3090,3100,2022-12-28,2023-01-12,0.0329921576394403,1.0,0.008283592679672047,0.04049532618288332,0.5058691951251478,0.5226934523809523,outer_05,sigmoid,0.05,0,,False,5.0,0.0,0.0,0.0,0.0,0.0,0.0,0.0,0.0
3090,2022-12-28,3091,3101,2022-12-29,2023-01-13,0.04944210102667679,1.0,-0.005119314158991806,0.030695624122786036,0.5072844002677864,0.5226934523809523,outer_05,sigmoid,0.05,0,,False,5.0,0.0,0.0,0.0,0.0,0.0,0.0,0.0,0.0
3091,2022-12-29,3092,3102,2022-12-30,2023-01-16,0.05590609468048857,1.0,0.005846935695617006,0.025900230418688608,0.5047642834355636,0.5226934523809523,outer_05,sigmoid,0.05,0,,False,5.0,0.0,0.0,0.0,0.0,0.0,0.0,0.0,0.0
3092,2022-12-30,3093,3103,2023-01-03,2023-01-17,0.04729861895943532,1.0,0.004815392144348785,0.011410857845223887,0.5027240008684497,0.5226934523809523,outer_05,sigmoid,0.05,0,,False,5.0,0.0,0.0,0.0,0.0,0.0,0.0,0.0,0.0
3093,2023-01-03,3094,3104,2023-01-04,2023-01-18,0.03708467943854821,1.0,0.008692335962367181,0.022813674133103312,0.5006056056557808,0.5226934523809523,outer_05,sigmoid,0.05,0,,False,5.0,0.0,0.0,0.0,0.0,0.0,0.0,0.0,0.0
3094,2023-01-04,3095,3105,2023-01-05,2023-01-19,0.026352603057872237,1.0,0.008234687789712147,0.04749563073120022,0.5021583260269751,0.5226934523809523,outer_05,sigmoid,0.05,0,,False,5.0,0.0,0.0,0.0,0.0,0.0,0.0,0.0,0.0
3095,2023-01-05,3096,3106,2023-01-06,2023-01-20,0.05280255165469416,1.0,-0.011801850833690786,0.03437161134879574,0.5061693362573313,0.5226934523809523,outer_05,sigmoid,0.05,0,,False,5.0,0.0,0.0,0.0,0.0,0.0,0.0,0.0,0.0
3096,2023-01-06,3097,3107,2023-01-09,2023-01-23,0.030659378055972297,1.0,0.01790285586016971,0.04384589528301408,0.5047278684597404,0.5226934523809523,outer_05,sigmoid,0.05,0,,False,5.0,0.0,0.0,0.0,0.0,0.0,0.0,0.0,0.0
3097,2023-01-09,3098,3108,2023-01-10,2023-01-24,0.031518512924122,1.0,0.0030179009982767013,0.045185455430368116,0.505959503660129,0.5226934523809523,outer_05,sigmoid,0.05,0,,False,5.0,0.0,0.0,0.0,0.0,0.0,0.0,0.0,0.0
3098,2023-01-10,3099,3109,2023-01-11,2023-01-25,0.03150192974112098,1.0,0.0027957271356227054,0.043252250364119504,0.5086744096184956,0.5226934523809523,outer_05,sigmoid,0.05,0,,False,5.0,0.0,0.0,0.0,0.0,0.0,0.0,0.0,0.0
3099,2023-01-11,3100,3110,2023-01-12,2023-01-26,0.0374299538689149,1.0,-0.0006715415861977547,0.051628672972070966,0.5076357338184005,0.5226934523809523,outer_05,sigmoid,0.05,0,,False,5.0,0.0,0.0,0.0,0.0,0.0,0.0,0.0,0.0
3100,2023-01-12,3101,3111,2023-01-13,2023-01-27,0.017034708017175326,1.0,0.011186629222011746,0.0465333216916477,0.5050261827524537,0.5226934523809523,outer_05,sigmoid,0.05,0,,False,5.0,0.0,0.0,0.0,0.0,0.0,0.0,0.0,0.0
3101,2023-01-13,3102,3112,2023-01-16,2023-01-30,0.004258766404447556,1.0,0.012334321064665588,0.06069753012905643,0.5054354607670987,0.5226934523809523,outer_05,sigmoid,0.05,0,,False,5.0,0.0,0.0,0.0,0.0,0.0,0.0,0.0,0.0
3102,2023-01-16,3103,3113,2023-01-17,2023-01-31,0.00414795646371946,1.0,-0.0025236343280417017,0.07513858837459075,0.5117645083583956,0.5226934523809523,outer_05,sigmoid,0.05,0,,False,5.0,0.0,0.0,0.0,0.0,0.0,0.0,0.0,0.0
3103,2023-01-17,3104,3114,2023-01-18,2023-02-01,0.010312272062398264,1.0,-0.0035878324279039475,0.06241878402858614,0.5074806559494186,0.5226934523809523,outer_05,sigmoid,0.05,0,,False,5.0,0.0,0.0,0.0,0.0,0.0,0.0,0.0,0.0
3104,2023-01-18,3105,3115,2023-01-19,2023-02-02,0.024625998361035073,1.0,-0.0023237830927751446,0.06313905830280842,0.5071450038508775,0.5226934523809523,outer_05,sigmoid,0.05,0,,False,5.0,0.0,0.0,0.0,0.0,0.0,0.0,0.0,0.0
3105,2023-01-19,3106,3116,2023-01-20,2023-02-03,-0.01025612657500119,0.0,0.014576879210718374,0.061062384535652825,0.5051877139169879,0.5226934523809523,outer_05,sigmoid,0.05,0,,False,5.0,0.0,-0.0,-0.0,0.0,-0.0,-0.0,-0.0,-0.0
3106,2023-01-20,3107,3117,2023-01-23,2023-02-06,-0.03371589375818562,0.0,-0.0032140700134233313,0.05978673718755623,0.5040074741882223,0.5226934523809523,outer_05,sigmoid,0.05,0,,False,5.0,0.0,-0.0,-0.0,0.0,-0.0,-0.0,-0.0,-0.0
3107,2023-01-23,3108,3118,2023-01-24,2023-02-07,-0.033369513313521004,0.0,0.0025565448212754305,0.07440481654071185,0.5002569853952652,0.5226934523809523,outer_05,sigmoid,0.05,0,,False,5.0,0.0,-0.0,-0.0,0.0,-0.0,-0.0,-0.0,-0.0
3108,2023-01-24,3109,3119,2023-01-25,2023-02-08,-0.033138866210149054,0.0,0.0033142831344186163,0.07431605927785156,0.4994289086499539,0.5226934523809523,outer_05,sigmoid,0.05,0,,False,5.0,0.0,-0.0,-0.0,0.0,-0.0,-0.0,-0.0,-0.0
3109,2023-01-25,3110,3120,2023-01-26,2023-02-09,-0.03733395694074293,0.0,0.004542489283007711,0.07057495588118723,0.4999026241631318,0.5226934523809523,outer_05,sigmoid,0.05,0,,False,5.0,0.0,-0.0,-0.0,0.0,-0.0,-0.0,-0.0,-0.0
3110,2023-01-26,3111,3121,2023-01-27,2023-02-10,-0.0345310304606814,0.0,-0.008846463647209646,0.06684780639296939,0.5006529700897769,0.5226934523809523,outer_05,sigmoid,0.05,0,,False,5.0,0.0,-0.0,-0.0,0.0,-0.0,-0.0,-0.0,-0.0
3111,2023-01-27,3112,3122,2023-01-30,2023-02-13,-0.03297352682550425,0.0,-0.00033184349735737584,0.06066902719999501,0.5037424306428394,0.5226934523809523,outer_05,sigmoid,0.05,0,,False,5.0,0.0,-0.0,-0.0,0.0,-0.0,-0.0,-0.0,-0.0
3112,2023-01-30,3113,3123,2023-01-31,2023-02-14,-0.03671900883321566,0.0,-0.002632721504670421,0.0532209135509758,0.503134190517156,0.5226934523809523,outer_05,sigmoid,0.05,0,,False,5.0,0.0,-0.0,-0.0,0.0,-0.0,-0.0,-0.0,-0.0
3113,2023-01-31,3114,3124,2023-02-01,2023-02-15,-0.03915909711392196,0.0,0.0025289978244611433,0.04705757541306976,0.5007650668958601,0.5226934523809523,outer_05,sigmoid,0.05,0,,False,5.0,0.0,-0.0,-0.0,0.0,-0.0,-0.0,-0.0,-0.0
3114,2023-02-01,3115,3125,2023-02-02,2023-02-16,-0.060819365779987145,0.0,0.011325079269848715,0.05014796689320633,0.4999502204378844,0.5226934523809523,outer_05,sigmoid,0.05,0,,False,5.0,0.0,-0.0,-0.0,0.0,-0.0,-0.0,-0.0,-0.0
3115,2023-02-02,3116,3126,2023-02-03,2023-02-17,-0.04029496381401909,0.0,-0.01939656839975612,0.042553249327140996,0.49855989449058186,0.5226934523809523,outer_05,sigmoid,0.05,0,,False,5.0,0.0,-0.0,-0.0,0.0,-0.0,-0.0,-0.0,-0.0
3116,2023-02-03,3117,3127,2023-02-06,2023-02-20,-0.011412769605715134,0.0,-0.02476829777168721,-0.00011790430471592117,0.5056254593208618,0.5226934523809523,outer_05,sigmoid,0.05,0,,False,5.0,0.0,-0.0,-0.0,0.0,-0.0,-0.0,-0.0,-0.0
3117,2023-02-06,3118,3128,2023-02-07,2023-02-21,-0.014068827914790916,0.0,0.0009856809227759555,-0.002150124380216667,0.5118841951847212,0.5226934523809523,outer_05,sigmoid,0.05,0,,False,5.0,0.0,-0.0,-0.0,0.0,-0.0,-0.0,-0.0,-0.0
3118,2023-02-07,3119,3129,2023-02-08,2023-02-22,-0.02112971137629671,0.0,0.0031967696043251337,-0.0017490819115142386,0.5128443276272704,0.5226934523809523,outer_05,sigmoid,0.05,0,,False,5.0,0.0,-0.0,-0.0,0.0,-0.0,-0.0,-0.0,-0.0
3119,2023-02-08,3120,3130,2023-02-09,2023-02-23,-0.02669231751831269,0.0,0.0010242240531770364,-5.331627213944756e-05,0.5149377531368133,0.5226934523809523,outer_05,sigmoid,0.05,0,,False,5.0,0.0,-0.0,-0.0,0.0,-0.0,-0.0,-0.0,-0.0
3120,2023-02-09,3121,3131,2023-02-10,2023-02-24,-0.021920217324503888,0.0,-0.007470988473627926,-0.01871093396777912,0.5236375636019783,0.5226934523809523,outer_05,sigmoid,0.05,0,,False,5.0,0.0,-0.0,-0.0,0.0,-0.0,-0.0,-0.0,-0.0
3121,2023-02-10,3122,3132,2023-02-13,2023-02-27,-0.028316144152841893,0.0,0.0020177417804783104,-0.029027513251966397,0.5206891406995663,0.5226934523809523,outer_05,sigmoid,0.05,0,,False,5.0,0.0,-0.0,-0.0,0.0,-0.0,-0.0,-0.0,-0.0
3122,2023-02-13,3123,3133,2023-02-14,2023-02-28,-0.019892614998999747,0.0,-0.00642151740347785,-0.032925396327402545,0.5267251090459022,0.5226934523809523,outer_05,sigmoid,0.05,0,,False,5.0,0.0,-0.0,-0.0,0.0,-0.0,-0.0,-0.0,-0.0
3123,2023-02-14,3124,3134,2023-02-15,2023-03-01,-0.01486749587015801,0.0,0.0005124374061979964,-0.0288251264933006,0.5238588981587774,0.5226934523809523,outer_05,sigmoid,0.05,0,,False,5.0,0.0,-0.0,-0.0,0.0,-0.0,-0.0,-0.0,-0.0
3124,2023-02-15,3125,3135,2023-02-16,2023-03-02,0.0004573320201233244,1.0,-0.0100320335371471,-0.03653337693767256,0.5231076828053617,0.5226934523809523,outer_05,sigmoid,0.05,0,,False,5.0,0.0,0.0,0.0,0.0,0.0,0.0,0.0,0.0
3125,2023-02-16,3126,3136,2023-02-17,2023-03-03,-0.0001143588418335284,0.0,0.00031588005534644026,-0.05079437609304449,0.5194123248926921,0.5226934523809523,outer_05,sigmoid,0.05,0,,False,5.0,0.0,-0.0,-0.0,0.0,-0.0,-0.0,-0.0,-0.0
3126,2023-02-17,3127,3137,2023-02-20,2023-03-06,0.0072041858607097,1.0,0.0033215849096874805,-0.04425872116993368,0.5155069159420944,0.5226934523809523,outer_05,sigmoid,0.05,0,,False,5.0,0.0,0.0,0.0,0.0,0.0,0.0,0.0,0.0
3127,2023-02-20,3128,3138,2023-02-21,2023-03-07,0.002689923093599944,1.0,-0.000694934606391584,-0.047510200597600694,0.5234177508040156,0.5226934523809523,outer_05,sigmoid,0.05,0,,False,5.0,0.0,0.0,0.0,0.0,0.0,0.0,0.0,0.0
3128,2023-02-21,3129,3139,2023-02-22,2023-03-08,-0.011401507023402147,0.0,-0.0034764855626807645,-0.054300969294700074,0.5212150793781081,0.5226934523809523,outer_05,sigmoid,0.05,0,,False,5.0,0.0,-0.0,-0.0,0.0,-0.0,-0.0,-0.0,-0.0
3129,2023-02-22,3130,3140,2023-02-23,2023-03-09,-0.0063848124810492735,0.0,-0.005284064239170938,-0.06412752281687872,0.5226317311724666,0.5226934523809523,outer_05,sigmoid,0.05,0,,False,5.0,0.0,-0.0,-0.0,0.0,-0.0,-0.0,-0.0,-0.0
3130,2023-02-23,3131,3141,2023-02-24,2023-03-10,0.00487705716483422,1.0,-0.0016065934087077238,-0.0568876525783768,0.5221176206325514,0.5226934523809523,outer_05,sigmoid,0.05,0,,False,5.0,0.0,0.0,0.0,0.0,0.0,0.0,0.0,0.0
3131,2023-02-24,3132,3142,2023-02-27,2023-03-13,0.03976970379222777,1.0,-0.006303195301671671,-0.0628590043826911,0.5204168761500075,0.5226934523809523,outer_05,sigmoid,0.05,0,,False,5.0,0.0,0.0,0.0,0.0,0.0,0.0,0.0,0.0
3132,2023-02-27,3133,3143,2023-02-28,2023-03-14,0.05104232186772428,1.0,0.0035445880218762937,-0.05668169485614438,0.5212070899100948,0.5226934523809523,outer_05,sigmoid,0.05,0,,False,5.0,0.0,0.0,0.0,0.0,0.0,0.0,0.0,0.0
3133,2023-02-28,3134,3144,2023-03-01,2023-03-15,0.041778719691046184,1.0,0.005077197870592798,-0.05413349481001273,0.5203069609544586,0.5226934523809523,outer_05,sigmoid,0.05,0,,False,5.0,0.0,0.0,0.0,0.0,0.0,0.0,0.0,0.0
3134,2023-03-01,3135,3145,2023-03-02,2023-03-16,0.04373963525935043,1.0,0.00549268933197844,-0.059965884747883,0.519959170372849,0.5226934523809523,outer_05,sigmoid,0.05,0,,False,5.0,0.0,0.0,0.0,0.0,0.0,0.0,0.0,0.0
3135,2023-03-02,3136,3146,2023-03-03,2023-03-17,0.04433478575365868,1.0,-0.0005228530466370174,-0.0410921693947639,0.5150014792076641,0.5226934523809523,outer_05,sigmoid,0.05,0,,False,5.0,0.0,0.0,0.0,0.0,0.0,0.0,0.0,0.0
3136,2023-03-03,3137,3147,2023-03-06,2023-03-20,0.0690216346011363,1.0,0.010675004512153308,-0.0056488671109233834,0.5117177078955257,0.5226934523809523,outer_05,sigmoid,0.05,0,,False,5.0,0.0,0.0,0.0,0.0,0.0,0.0,0.0,0.0
3137,2023-03-06,3138,3148,2023-03-07,2023-03-21,0.06930839074075568,1.0,-0.004694882351012453,-0.011329430384711792,0.5170424630214211,0.5226934523809523,outer_05,sigmoid,0.05,0,,False,5.0,0.0,0.0,0.0,0.0,0.0,0.0,0.0,0.0
3138,2023-03-07,3139,3149,2023-03-08,2023-03-22,0.0670629790112045,1.0,-0.01834101570824398,-0.032867215697280905,0.5208842206953138,0.5226934523809523,outer_05,sigmoid,0.05,0,,False,5.0,0.0,0.0,0.0,0.0,0.0,0.0,0.0,0.0
3139,2023-03-08,3140,3150,2023-03-09,2023-03-23,0.08225956678424584,1.0,0.00036947477100657267,-0.03352196497945137,0.5222400249342859,0.5226934523809523,outer_05,sigmoid,0.05,0,,False,5.0,0.0,0.0,0.0,0.0,0.0,0.0,0.0,0.0
3140,2023-03-09,3141,3151,2023-03-10,2023-03-24,0.08497258458178791,1.0,0.009356658621426206,-0.016694317884397236,0.5171995055259383,0.5226934523809523,outer_05,sigmoid,0.05,0,,False,5.0,0.0,0.0,0.0,0.0,0.0,0.0,0.0,0.0
3141,2023-03-10,3142,3152,2023-03-13,2023-03-27,0.04751288282617949,1.0,0.019676560744334104,0.0009645010794585573,0.5053740523463318,0.5226934523809523,outer_05,sigmoid,0.05,0,,False,5.0,0.0,0.0,0.0,0.0,0.0,0.0,0.0,0.0
3142,2023-03-13,3143,3153,2023-03-14,2023-03-28,0.022911551816770626,1.0,0.024552177417465515,0.03193819590040192,0.5029705479693976,0.5226934523809523,outer_05,sigmoid,0.05,0,,False,5.0,0.0,0.0,0.0,0.0,0.0,0.0,0.0,0.0
3143,2023-03-14,3144,3154,2023-03-15,2023-03-29,0.035639043955179694,1.0,-0.005081977291681916,0.02634378120252201,0.512892106162391,0.5226934523809523,outer_05,sigmoid,0.05,0,,False,5.0,0.0,0.0,0.0,0.0,0.0,0.0,0.0,0.0
3144,2023-03-15,3145,3155,2023-03-16,2023-03-30,0.022696755016405668,1.0,0.007404785958003757,0.04378060069767287,0.5160263404312648,0.5226934523809523,outer_05,sigmoid,0.05,0,,False,5.0,0.0,0.0,0.0,0.0,0.0,0.0,0.0,0.0
3145,2023-03-16,3146,3156,2023-03-17,2023-03-31,0.031224650654963604,1.0,0.0006931867321231522,0.04415790737444958,0.5171080981040046,0.5226934523809523,outer_05,sigmoid,0.05,0,,False,5.0,0.0,0.0,0.0,0.0,0.0,0.0,0.0,0.0
3146,2023-03-17,3147,3157,2023-03-20,2023-04-03,-0.009934928545650479,0.0,0.03523324071270206,0.07606956317746416,0.5196866151020578,0.5226934523809523,outer_05,sigmoid,0.05,0,,False,5.0,0.0,-0.0,-0.0,0.0,-0.0,-0.0,-0.0,-0.0
3147,2023-03-20,3148,3158,2023-03-21,2023-04-04,0.0026897812162101076,1.0,-0.0048048776396134585,0.07195962014424229,0.5230022531028651,0.5226934523809523,outer_05,sigmoid,0.05,0,,False,5.0,0.0,0.0,0.0,0.0,0.0,0.0,0.0,0.0
3148,2023-03-21,3149,3159,2023-03-22,2023-04-05,0.04107271575749216,1.0,-0.019448608376877452,0.0559874973300456,0.5271359707386216,0.5226934523809523,outer_05,sigmoid,0.05,0,,False,5.0,0.0,0.0,0.0,0.0,0.0,0.0,0.0,0.0
3149,2023-03-22,3150,3160,2023-03-23,2023-04-06,0.025597636624388187,1.0,0.014965806442723384,0.07623736801193992,0.5284811573753954,0.5226934523809523,outer_05,sigmoid,0.05,0,,False,5.0,0.0,0.0,0.0,0.0,0.0,0.0,0.0,0.0
3150,2023-03-23,3151,3161,2023-03-24,2023-04-10,0.0017539028825224179,1.0,0.012200688208010568,0.09004464962865821,0.5270987883703458,0.5226934523809523,outer_05,sigmoid,0.05,0,,False,5.0,0.0,0.0,0.0,0.0,0.0,0.0,0.0,0.0
3151,2023-03-24,3152,3162,2023-03-27,2023-04-11,0.006616283605906048,1.0,-0.007631972364595008,0.08871587256573488,0.5224545762828334,0.5226934523809523,outer_05,sigmoid,0.05,0,,False,5.0,0.0,0.0,0.0,0.0,0.0,0.0,0.0,0.0
3152,2023-03-27,3153,3163,2023-03-28,2023-04-12,0.023487232939470637,1.0,-0.011415161715768285,0.0737561228280903,0.5220762899913589,0.5226934523809523,outer_05,sigmoid,0.05,0,,False,5.0,0.0,0.0,0.0,0.0,0.0,0.0,0.0,0.0
3153,2023-03-28,3154,3164,2023-03-29,2023-04-13,0.02046168758114497,1.0,0.008738258137914734,0.07741718309541223,0.52314779124233,0.5226934523809523,outer_05,sigmoid,0.05,0,,False,5.0,0.0,0.0,0.0,0.0,0.0,0.0,0.0,0.0
3154,2023-03-29,3155,3165,2023-03-30,2023-04-14,0.038375846471328856,1.0,-0.0046471671210053245,0.06727732664242847,0.5246028165240982,0.5226934523809523,outer_05,sigmoid,0.05,0,,False,5.0,0.0,0.0,0.0,0.0,0.0,0.0,0.0,0.0
3155,2023-03-30,3156,3166,2023-03-31,2023-04-17,0.009523570396073211,1.0,0.008031316460868965,0.07583149614993445,0.5193811262876754,0.5226934523809523,outer_05,sigmoid,0.05,0,,False,5.0,0.0,0.0,0.0,0.0,0.0,0.0,0.0,0.0
3156,2023-03-31,3157,3167,2023-04-03,2023-04-18,0.013983700107000452,1.0,-0.005468894181166917,0.05968759745661423,0.5109658374100663,0.5226934523809523,outer_05,sigmoid,0.05,0,,False,5.0,0.0,0.0,0.0,0.0,0.0,0.0,0.0,0.0
3157,2023-04-03,3158,3168,2023-04-04,2023-04-19,0.010457965537911562,1.0,0.007557399087052552,0.07193987889467923,0.5086170562267289,0.5226934523809523,outer_05,sigmoid,0.05,0,,False,5.0,0.0,0.0,0.0,0.0,0.0,0.0,0.0,0.0
3158,2023-04-04,3159,3169,2023-04-05,2023-04-20,-0.013318787123245635,0.0,0.018068448641749946,0.10834934324467316,0.508907772095435,0.5226934523809523,outer_05,sigmoid,0.05,0,,False,5.0,0.0,-0.0,-0.0,0.0,-0.0,-0.0,-0.0,-0.0
3159,2023-04-05,3160,3170,2023-04-06,2023-04-21,-0.008223750989725609,0.0,6.433748477352452e-05,0.10804420595844011,0.5082831828233161,0.5226934523809523,outer_05,sigmoid,0.05,0,,False,5.0,0.0,-0.0,-0.0,0.0,-0.0,-0.0,-0.0,-0.0
3160,2023-04-06,3161,3171,2023-04-10,2023-04-24,-0.007498125428415214,0.0,-0.006623691663037334,0.09206385567397657,0.5108756150233706,0.5226934523809523,outer_05,sigmoid,0.05,0,,False,5.0,0.0,-0.0,-0.0,0.0,-0.0,-0.0,-0.0,-0.0
3161,2023-04-10,3162,3172,2023-04-11,2023-04-25,-0.0009496891612590375,0.0,-0.008073071231501139,0.06431422369814133,0.5164087769004796,0.5226934523809523,outer_05,sigmoid,0.05,0,,False,5.0,0.0,-0.0,-0.0,0.0,-0.0,-0.0,-0.0,-0.0
3162,2023-04-11,3163,3173,2023-04-12,2023-04-26,-0.0031400025799328546,0.0,0.006178205748462062,0.045940252029137874,0.5109916803962998,0.5226934523809523,outer_05,sigmoid,0.05,0,,False,5.0,0.0,-0.0,-0.0,0.0,-0.0,-0.0,-0.0,-0.0
3163,2023-04-12,3164,3174,2023-04-13,2023-04-27,-0.01228700764624957,0.0,0.005599411388328868,0.05662164070914866,0.5050514584933681,0.5226934523809523,outer_05,sigmoid,0.05,0,,False,5.0,0.0,-0.0,-0.0,0.0,-0.0,-0.0,-0.0,-0.0
3164,2023-04-13,3165,3175,2023-04-14,2023-04-28,-0.026165633114792364,0.0,0.012493781299409257,0.06171063605055416,0.5065110652120729,0.5226934523809523,outer_05,sigmoid,0.05,0,,False,5.0,0.0,-0.0,-0.0,0.0,-0.0,-0.0,-0.0,-0.0
3165,2023-04-14,3166,3176,2023-04-17,2023-05-01,-0.004888661295636254,0.0,-0.017644084160600926,0.04337336515783008,0.5099439507817207,0.5226934523809523,outer_05,sigmoid,0.05,0,,False,5.0,0.0,-0.0,-0.0,0.0,-0.0,-0.0,-0.0,-0.0
3166,2023-04-17,3167,3177,2023-04-18,2023-05-02,-0.006356763374066432,0.0,-0.00467059231348621,0.003469532131641806,0.5169524480676758,0.5226934523809523,outer_05,sigmoid,0.05,0,,False,5.0,0.0,-0.0,-0.0,0.0,-0.0,-0.0,-0.0,-0.0
3167,2023-04-18,3168,3178,2023-04-19,2023-05-03,0.005436296224261561,1.0,0.0050646436400283434,0.013339053411283608,0.5156134846603453,0.5226934523809523,outer_05,sigmoid,0.05,0,,False,5.0,0.0,0.0,0.0,0.0,0.0,0.0,0.0,0.0
3168,2023-04-19,3169,3179,2023-04-20,2023-05-04,0.03450691240301662,1.0,-0.005270170302822841,0.02751749148533822,0.5175245049995196,0.5226934523809523,outer_05,sigmoid,0.05,0,,False,5.0,0.0,0.0,0.0,0.0,0.0,0.0,0.0,0.0
3169,2023-04-20,3170,3180,2023-04-21,2023-05-05,0.022111771032239602,1.0,0.005015800502627954,0.01756748554524279,0.5111805427499859,0.5226934523809523,outer_05,sigmoid,0.05,0,,False,5.0,0.0,0.0,0.0,0.0,0.0,0.0,0.0,0.0
3170,2023-04-21,3171,3181,2023-04-24,2023-05-08,0.01737260844024835,1.0,-0.010964263175462285,-0.005597465838230065,0.5157894597098014,0.5226934523809523,outer_05,sigmoid,0.05,0,,False,5.0,0.0,0.0,0.0,0.0,0.0,0.0,0.0,0.0
3171,2023-04-24,3172,3182,2023-04-25,2023-05-09,0.015954058143022642,1.0,0.003126977363475447,0.00516148388984039,0.5143259200287834,0.5226934523809523,outer_05,sigmoid,0.05,0,,False,5.0,0.0,0.0,0.0,0.0,0.0,0.0,0.0,0.0
3172,2023-04-25,3173,3183,2023-04-26,2023-05-10,0.018624988307312407,1.0,0.004018961233628993,0.020595606839237668,0.5103041278011837,0.5226934523809523,outer_05,sigmoid,0.05,0,,False,5.0,0.0,0.0,0.0,0.0,0.0,0.0,0.0,0.0
3173,2023-04-26,3174,3184,2023-04-27,2023-05-11,0.019912591664287937,1.0,-0.0038983078956578154,0.007959040805665119,0.5137875317480534,0.5226934523809523,outer_05,sigmoid,0.05,0,,False,5.0,0.0,0.0,0.0,0.0,0.0,0.0,0.0,0.0
3174,2023-04-27,3175,3185,2023-04-28,2023-05-12,0.013811242372654853,1.0,-0.0007794761812105477,0.011826731745459895,0.5094845741544283,0.5226934523809523,outer_05,sigmoid,0.05,0,,False,5.0,0.0,0.0,0.0,0.0,0.0,0.0,0.0,0.0
3175,2023-04-28,3176,3186,2023-05-01,2023-05-15,0.009255665712909256,1.0,0.0009101675386764541,0.004705582823267385,0.5065628034053238,0.5226934523809523,outer_05,sigmoid,0.05,0,,False,5.0,0.0,0.0,0.0,0.0,0.0,0.0,0.0,0.0
3176,2023-05-01,3177,3187,2023-05-02,2023-05-16,0.017216192505495442,1.0,-0.003580073260016192,0.006594403744418109,0.512572678674302,0.5226934523809523,outer_05,sigmoid,0.05,0,,False,5.0,0.0,0.0,0.0,0.0,0.0,0.0,0.0,0.0
3177,2023-05-02,3178,3188,2023-05-03,2023-05-17,-0.013553536881230954,0.0,0.01704980323147698,0.016086807888842536,0.5064749128230307,0.5226934523809523,outer_05,sigmoid,0.05,0,,False,5.0,0.0,-0.0,-0.0,0.0,-0.0,-0.0,-0.0,-0.0
3178,2023-05-03,3179,3189,2023-05-04,2023-05-18,-0.04092049592640201,0.0,0.010845841881477192,0.008864201128569782,0.5081296931553175,0.5226934523809523,outer_05,sigmoid,0.05,0,,False,5.0,0.0,-0.0,-0.0,0.0,-0.0,-0.0,-0.0,-0.0
3179,2023-05-04,3180,3190,2023-05-05,2023-05-19,-0.045377027368755485,0.0,0.005688906840495278,0.014488770484291535,0.5013145303664998,0.5226934523809523,outer_05,sigmoid,0.05,0,,False,5.0,0.0,-0.0,-0.0,0.0,-0.0,-0.0,-0.0,-0.0
3180,2023-05-05,3181,3191,2023-05-08,2023-05-22,-0.019589573924810644,0.0,-0.016529789720516774,0.0045826724268120955,0.5116961751169014,0.5226934523809523,outer_05,sigmoid,0.05,0,,False,5.0,0.0,-0.0,-0.0,0.0,-0.0,-0.0,-0.0,-0.0
3181,2023-05-08,3182,3192,2023-05-09,2023-05-23,-0.024689149255828546,0.0,0.002387380712415954,0.015043124370729188,0.512894551938388,0.5226934523809523,outer_05,sigmoid,0.05,0,,False,5.0,0.0,-0.0,-0.0,0.0,-0.0,-0.0,-0.0,-0.0
3182,2023-05-09,3183,3193,2023-05-10,2023-05-24,-0.029526213311302563,0.0,0.006440213788749816,0.015305132411016942,0.5101191142417263,0.5226934523809523,outer_05,sigmoid,0.05,0,,False,5.0,0.0,-0.0,-0.0,0.0,-0.0,-0.0,-0.0,-0.0
3183,2023-05-10,3184,3194,2023-05-11,2023-05-25,-0.03582369331223223,0.0,-0.0021257130616731956,0.0075800079610148785,0.5102371050754401,0.5226934523809523,outer_05,sigmoid,0.05,0,,False,5.0,0.0,-0.0,-0.0,0.0,-0.0,-0.0,-0.0,-0.0
3184,2023-05-11,3185,3195,2023-05-12,2023-05-26,-0.0372230274556804,0.0,-0.007490671729157405,-0.012404445067551784,0.5106350364135577,0.5226934523809523,outer_05,sigmoid,0.05,0,,False,5.0,0.0,-0.0,-0.0,0.0,-0.0,-0.0,-0.0,-0.0
3185,2023-05-12,3186,3196,2023-05-15,2023-05-29,-0.03300830183144754,0.0,-0.002007025259767481,0.003232613833281661,0.5099998540198488,0.5226934523809523,outer_05,sigmoid,0.05,0,,False,5.0,0.0,-0.0,-0.0,0.0,-0.0,-0.0,-0.0,-0.0
3186,2023-05-15,3187,3197,2023-05-16,2023-05-30,-0.03680008804946766,0.0,0.002686711836325628,0.0105899179830935,0.5093673950031236,0.5226934523809523,outer_05,sigmoid,0.05,0,,False,5.0,0.0,-0.0,-0.0,0.0,-0.0,-0.0,-0.0,-0.0
3187,2023-05-16,3188,3198,2023-05-17,2023-05-31,-0.015203812826083407,0.0,-0.01373759785220141,-0.008212323509136255,0.5129563522698162,0.5226934523809523,outer_05,sigmoid,0.05,0,,False,5.0,0.0,-0.0,-0.0,0.0,-0.0,-0.0,-0.0,-0.0
3188,2023-05-17,3189,3199,2023-05-18,2023-06-01,-0.00934917932419932,0.0,-0.003727757438785062,-0.006669910645098476,0.5154806834078707,0.5226934523809523,outer_05,sigmoid,0.05,0,,False,5.0,0.0,-0.0,-0.0,0.0,-0.0,-0.0,-0.0,-0.0
3189,2023-05-18,3190,3200,2023-05-19,2023-06-02,0.009580589002450068,1.0,-0.012196759301854598,-0.023882470449581028,0.5188580516662987,0.5226934523809523,outer_05,sigmoid,0.05,0,,False,5.0,0.0,0.0,0.0,0.0,0.0,0.0,0.0,0.0
3190,2023-05-19,3191,3201,2023-05-22,2023-06-05,-0.015442256896862183,0.0,0.0102214674809602,-0.0026967397931585424,0.5123672075797625,0.5226934523809523,outer_05,sigmoid,0.05,0,,False,5.0,0.0,-0.0,-0.0,0.0,-0.0,-0.0,-0.0,-0.0
3191,2023-05-22,3192,3202,2023-05-23,2023-06-06,-0.005247327367196242,0.0,-0.002922090688893597,-0.008745807845527587,0.515153023568896,0.5226934523809523,outer_05,sigmoid,0.05,0,,False,5.0,0.0,-0.0,-0.0,0.0,-0.0,-0.0,-0.0,-0.0
3192,2023-05-23,3193,3203,2023-05-24,2023-06-07,-0.0059410338452421385,0.0,0.0015963070427025272,-0.011168462036454052,0.5139116184592668,0.5226934523809523,outer_05,sigmoid,0.05,0,,False,5.0,0.0,-0.0,-0.0,0.0,-0.0,-0.0,-0.0,-0.0
3193,2023-05-24,3194,3204,2023-05-25,2023-06-08,-0.009295377721993958,0.0,-0.008972319429996212,-0.01624247357079245,0.5173217909095249,0.5226934523809523,outer_05,sigmoid,0.05,0,,False,5.0,0.0,-0.0,-0.0,0.0,-0.0,-0.0,-0.0,-0.0
3194,2023-05-25,3195,3205,2023-05-26,2023-06-09,0.012382521917696288,1.0,-0.008491737640772712,-0.023954735030354612,0.5216769808941853,0.5226934523809523,outer_05,sigmoid,0.05,0,,False,5.0,0.0,0.0,0.0,0.0,0.0,0.0,0.0,0.0
3195,2023-05-26,3196,3206,2023-05-29,2023-06-12,0.008900790241828993,1.0,0.003102325114289428,-0.02176257745474164,0.5193254755693469,0.5226934523809523,outer_05,sigmoid,0.05,0,,False,5.0,0.0,0.0,0.0,0.0,0.0,0.0,0.0,0.0
3196,2023-05-29,3197,3207,2023-05-30,2023-06-13,0.0068296049787468505,1.0,-0.001835537435614043,-0.02001804163033949,0.5235111769522305,0.5226934523809523,outer_05,sigmoid,0.05,0,,False,5.0,0.0,0.0,0.0,0.0,0.0,0.0,0.0,0.0
3197,2023-05-30,3198,3208,2023-05-31,2023-06-14,-0.008031636500204442,0.0,0.008210546544800579,-0.02885729831701589,0.5134846140250525,0.5226934523809523,outer_05,sigmoid,0.05,0,,False,5.0,0.0,-0.0,-0.0,0.0,-0.0,-0.0,-0.0,-0.0
3198,2023-05-31,3199,3209,2023-06-01,2023-06-15,-0.010553876914676685,0.0,0.001749210624067743,-0.03795392957442534,0.513017763039256,0.5226934523809523,outer_05,sigmoid,0.05,0,,False,5.0,0.0,-0.0,-0.0,0.0,-0.0,-0.0,-0.0,-0.0
3199,2023-06-01,3200,3210,2023-06-02,2023-06-16,-0.010086306429574421,0.0,0.007512725690639321,-0.036130110724281295,0.5121774155223988,0.5226934523809523,outer_05,sigmoid,0.05,0,,False,5.0,0.0,-0.0,-0.0,0.0,-0.0,-0.0,-0.0,-0.0
3200,2023-06-02,3201,3211,2023-06-05,2023-06-19,0.005090529006731792,1.0,-0.015174736158126478,-0.034775057161891,0.5153185424943432,0.5226934523809523,outer_05,sigmoid,0.05,0,,False,5.0,0.0,0.0,0.0,0.0,0.0,0.0,0.0,0.0
3201,2023-06-05,3202,3212,2023-06-06,2023-06-20,-0.005603057478938744,0.0,0.007203329930433711,-0.029959107943873242,0.5161475490870772,0.5226934523809523,outer_05,sigmoid,0.05,0,,False,5.0,0.0,-0.0,-0.0,0.0,-0.0,-0.0,-0.0,-0.0
3202,2023-06-06,3203,3213,2023-06-07,2023-06-21,-0.014398997155832483,0.0,0.0007796317781458839,-0.035619689954477174,0.5169538419663845,0.5226934523809523,outer_05,sigmoid,0.05,0,,False,5.0,0.0,-0.0,-0.0,0.0,-0.0,-0.0,-0.0,-0.0
3203,2023-06-07,3204,3214,2023-06-08,2023-06-22,-0.0044628403763420366,0.0,-0.011970115510680834,-0.04546409240348481,0.5181520310432375,0.5226934523809523,outer_05,sigmoid,0.05,0,,False,5.0,0.0,-0.0,-0.0,0.0,-0.0,-0.0,-0.0,-0.0
3204,2023-06-08,3205,3215,2023-06-09,2023-06-23,-0.02682060263962427,0.0,0.013095178309598055,-0.024878242364729353,0.5125653860557969,0.5226934523809523,outer_05,sigmoid,0.05,0,,False,5.0,0.0,-0.0,-0.0,0.0,-0.0,-0.0,-0.0,-0.0
3205,2023-06-09,3206,3216,2023-06-12,2023-06-26,-0.018047723578280106,0.0,-0.002536999246588678,-0.02540821635155055,0.5161857063594111,0.5226934523809523,outer_05,sigmoid,0.05,0,,False,5.0,0.0,-0.0,-0.0,0.0,-0.0,-0.0,-0.0,-0.0
3206,2023-06-12,3207,3217,2023-06-13,2023-06-27,-0.017323434257757064,0.0,-0.00159273095082213,-0.029687659138698308,0.5127081922855898,0.5226934523809523,outer_05,sigmoid,0.05,0,,False,5.0,0.0,-0.0,-0.0,0.0,-0.0,-0.0,-0.0,-0.0
3207,2023-06-13,3208,3218,2023-06-14,2023-06-28,-0.01494743442329316,0.0,-0.007126809937163969,-0.023076871223660866,0.5096662014817265,0.5226934523809523,outer_05,sigmoid,0.05,0,,False,5.0,0.0,-0.0,-0.0,0.0,-0.0,-0.0,-0.0,-0.0
3208,2023-06-14,3209,3219,2023-06-15,2023-06-29,-0.018213301255361358,0.0,-0.0008751203848946787,-0.020224234169770483,0.5126577180266361,0.5226934523809523,outer_05,sigmoid,0.05,0,,False,5.0,0.0,-0.0,-0.0,0.0,-0.0,-0.0,-0.0,-0.0
3209,2023-06-15,3210,3220,2023-06-16,2023-06-30,-0.02513545302671627,0.0,0.008318636579653926,0.0002911617117380416,0.5073623230646893,0.5226934523809523,outer_05,sigmoid,0.05,0,,False,5.0,0.0,-0.0,-0.0,0.0,-0.0,-0.0,-0.0,-0.0
